web_scraper_order,web_scraper_start_url,nama produk,harga,rating,jumlah terjual,lokasi penjual,nama toko
"1777364731-1","https://www.blibli.com/cari/hp%20huwawei?brand=HUAWEI&sort=0&category=HA-1000002&intent=false&firstLoad=false&page=3&start=80","【NEW | Hadiah s/d 9,2JT】HUAWEI Mate 80 Pro Smartphone 16+512G l True-to-Colour Camera 2.0 l 2nd Gen Kunlun Glass l Smart AI | 100W","16.799.000","5","Terjual 39","Kota Tangerang","HUAWEI Flagship Store"
"1777364731-2","https://www.blibli.com/cari/hp%20huwawei?brand=HUAWEI&sort=0&category=HA-1000002&intent=false&firstLoad=false&page=3&start=80","HUAWEI Mate X6 Smartphone 12G/512GB | Ultra Slim and Durable | Ultra Chroma Camera | Ultra-long Battery Life","24.899.000","","","Kota Surabaya","TECHNO COM Flagship Store"
"1777364731-3","https://www.blibli.com/cari/hp%20huwawei?brand=HUAWEI&sort=0&category=HA-1000002&intent=false&firstLoad=false&page=3&start=80","HUAWEI nova 14 Pro Smartphone l True-to-Life Color Camera | 50 MP Front Dual Camera l Smart AI | 100W | Garansi Resmi","8.499.000","","Terjual 4","Kota Surabaya","Tokolasvegas Flagship Store"
"1777364731-4","https://www.blibli.com/cari/hp%20huwawei?brand=HUAWEI&sort=0&category=HA-1000002&intent=false&firstLoad=false&page=3&start=80","Hp Huawei Nova 13 Pro Ram 12GB Internal 512GB Garansi Resmi","8.199.000","","Terjual 1","Kota Pekanbaru","wwponsel_hangtuah Flagship Store"
"1777364731-5","https://www.blibli.com/cari/hp%20huwawei?brand=HUAWEI&sort=0&category=HA-1000002&intent=false&firstLoad=false&page=3&start=80","HUAWEI Mate X7 Fold 16GB/512GB Smartphone | Ultra Thin and Durable | True-to-Color Camera | Smart AI | Garansi Resmi","27.999.000","","","Kota Surabaya","Tokolasvegas Flagship Store"
"1777364731-6","https://www.blibli.com/cari/hp%20huwawei?brand=HUAWEI&sort=0&category=HA-1000002&intent=false&firstLoad=false&page=3&start=80","HUAWEI Pura 70 Ultra Smartphone Garansi Resmi","17.999.000","","Terjual 12","","Kota Surabaya & kota lainnya"
"1777364731-7","https://www.blibli.com/cari/hp%20huwawei?brand=HUAWEI&sort=0&category=HA-1000002&intent=false&firstLoad=false&page=3&start=80","Huawei P40 Pro Plus Smartphone [8 GB-512 GB]","15.499.000","","","","Kota Surabaya"
"1777364731-8","https://www.blibli.com/cari/hp%20huwawei?brand=HUAWEI&sort=0&category=HA-1000002&intent=false&firstLoad=false&page=3&start=80","【PAYDAY | Voucher s/d 10%】HUAWEI Pura 80 Pro Smartphone | 1-inch Sensor | Macro Telephoto | Kunlun Glass | 100W | Smart AI","13.500.000","4,9","Terjual 277","Kota Tangerang","HUAWEI Flagship Store"
"1777364731-9","https://www.blibli.com/cari/hp%20huwawei?brand=HUAWEI&sort=0&category=HA-1000002&intent=false&firstLoad=false&page=3&start=80","【PAYDAY | Voucher s/d 10%】HUAWEI Mate X6 Smartphone | Ultra Slim and Durable | Ultra Chroma Camera | Ultra-long Battery Life","25.000.000","4,9","Terjual 151","Kota Tangerang","HUAWEI Flagship Store"
"1777364731-10","https://www.blibli.com/cari/hp%20huwawei?brand=HUAWEI&sort=0&category=HA-1000002&intent=false&firstLoad=false&page=3&start=80","HUAWEI Mate 80 Pro Smartphone 16+512G l True-to-Colour Camera 2.0 l 2nd Gen Kunlun Glass l Smart AI | 100W","15.999.000","","","Kab. Tangerang","IT Galeri Flagship Store"
"1777364731-11","https://www.blibli.com/cari/hp%20huwawei?brand=HUAWEI&sort=0&category=HA-1000002&intent=false&firstLoad=false&page=3&start=80","【PAYDAY | Bank Cashback s/d 5JT】HUAWEI Mate X7 Smartphone | Ultra Thin and Durable | True-to-Color Camera | Ultra-long Battery Life | Smart AI","28.000.000","4,9","Terjual 146","Kota Tangerang","HUAWEI Flagship Store"
"1777364731-12","https://www.blibli.com/cari/hp%20huwawei?brand=HUAWEI&sort=0&category=HA-1000002&intent=false&firstLoad=false&page=3&start=80","HUAWEI nova 14 Pro Smartphone l True-to-Life Color Camera | 50 MP Front Dual Camera l Smart AI | 100W","8.499.000","5","Terjual 20","Kota Semarang","Alyosha Semarang Flagship Store"
"1777364731-13","https://www.blibli.com/cari/hp%20huwawei?brand=HUAWEI&sort=0&category=HA-1000002&intent=false&firstLoad=false&page=3&start=80","HUAWEI nova 14 Pro Smartphone l True-to-Life Color Camera | 50 MP Front Dual Camera l Smart AI | 100W","8.319.000","","Terjual 1","Kota Bandung","Beli Beli Indonesia Flagship Store"
"1777364731-14","https://www.blibli.com/cari/hp%20huwawei?brand=HUAWEI&sort=0&category=HA-1000002&intent=false&firstLoad=false&page=3&start=80","HUAWEI Mate X7 Smartphone | Ultra Thin and Durable | True-to-Color Camera | Ultra-long Battery Life | Smart AI","26.699.000","","","Kota Bandung","Beli Beli Indonesia Flagship Store"
"1777364731-15","https://www.blibli.com/cari/hp%20huwawei?brand=HUAWEI&sort=0&category=HA-1000002&intent=false&firstLoad=false&page=3&start=80","HUAWEI Nova 14 Pro Smartphone l True-to-Life Color Camera | 50 MP Front Dual Camera l Smart AI | 100W","8.499.000","","","Kota Bandung","Up To Shop Flagship Store"
"1777364731-16","https://www.blibli.com/cari/hp%20huwawei?brand=HUAWEI&sort=0&category=HA-1000002&intent=false&firstLoad=false&page=3&start=80","HUAWEI Pura 80 Ultra Smartphone | 10x Optical Zoom | 1-inch Sensor | Kunlun Glass | 100W | Smart AI","19.982.000","","","Kota Bandung","Beli Beli Indonesia Flagship Store"
"1777364731-17","https://www.blibli.com/cari/hp%20huwawei?brand=HUAWEI&sort=0&category=HA-1000002&intent=false&firstLoad=false&page=3&start=80","【PAYDAY | Voucher s/d 10%】HUAWEI Pura 80 Ultra Smartphone | 10x Optical Zoom | 1-inch Sensor | Kunlun Glass | 100W | Smart AI","21.000.000","4,8","Terjual 71","Kota Tangerang","HUAWEI Flagship Store"
"1777364731-18","https://www.blibli.com/cari/hp%20huwawei?brand=HUAWEI&sort=0&category=HA-1000002&intent=false&firstLoad=false&page=3&start=80","【PAYDAY | Voucher s/d 10%】HUAWEI nova 14 Pro Smartphone l True-to-Life Color Camera | 50 MP Front Dual Camera l Smart AI | 100W","8.500.000","5","Terjual 68","Kota Tangerang","HUAWEI Flagship Store"
"1777364731-19","https://www.blibli.com/cari/hp%20huwawei?brand=HUAWEI&sort=0&category=HA-1000002&intent=false&firstLoad=false&page=3&start=80","HUAWEI nova 13 Pro Smartphone 12GB + 512GB | 60 MP Front Ultra Portrait Dual Camera | 100W HUAWEI SuperCharge Turbo | 6.76"" Handphone nova13 Pro","7.399.000","","","Kota Jakarta Barat & kota lainnya","HangOn Flagship Store"
"1777364731-20","https://www.blibli.com/cari/hp%20huwawei?brand=HUAWEI&sort=0&category=HA-1000002&intent=false&firstLoad=false&page=3&start=80","Huawei Pura 80 12/256GB Kirin 9010S 6.6"" Smartphone - Garansi Resmi","10.499.000","","","Kota Bandung","Up To Date Computer Flagship Store"
"1777364731-21","https://www.blibli.com/cari/hp%20huwawei?brand=HUAWEI&sort=0&category=HA-1000002&intent=false&firstLoad=false&page=3&start=80","Huawei Pura 80 12/256GB Kirin 9010S 6.6"" Smartphone - Garansi Resmi","10.499.000","","","Kota Bandung","Up To Shop Flagship Store"
"1777364731-22","https://www.blibli.com/cari/hp%20huwawei?brand=HUAWEI&sort=0&category=HA-1000002&intent=false&firstLoad=false&page=3&start=80","HUAWEI Pura 80 Pro Smartphone | 1-inch Sensor | Macro Telephoto | Kunlun Glass | 100W | Smart AI","13.499.000","5","Terjual 15","Kota Yogyakarta","Huawei Jogja Flagship Store"
"1777364731-23","https://www.blibli.com/cari/hp%20huwawei?brand=HUAWEI&sort=0&category=HA-1000002&intent=false&firstLoad=false&page=3&start=80","HUAWEI nova 14 Pro Smartphone l True-to-Life Color Camera | 50 MP Front Dual Camera l Smart AI | 100W","8.499.000","5","Terjual 12","Kota Yogyakarta","Huawei Jogja Flagship Store"
"1777364731-24","https://www.blibli.com/cari/hp%20huwawei?brand=HUAWEI&sort=0&category=HA-1000002&intent=false&firstLoad=false&page=3&start=80","HUAWEI Mate X7 Smartphone | Ultra Thin and Durable | True-to-Color Camera | Ultra-long Battery Life | Smart AI","27.999.000","","","Kota Yogyakarta","Huawei Jogja Flagship Store"
"1777364731-25","https://www.blibli.com/cari/hp%20huwawei?brand=HUAWEI&sort=0&category=HA-1000002&intent=false&firstLoad=false&page=3&start=80","(DCG) HUAWEI MATE X7 16/512 GB GARANSI RESMI FOLDABLE SMARTPHONE","27.500.000","","","Kota Medan","DigitalCellularGroup Flagship Store"
"1777364731-26","https://www.blibli.com/cari/hp%20huwawei?brand=HUAWEI&sort=0&category=HA-1000002&intent=false&firstLoad=false&page=3&start=80","HUAWEI Pura 80 Ultra Smartphone | 10x Optical Zoom | 1-inch Sensor | Kunlun Glass | 100W | Smart AI - Prestige Gold","20.999.000","5","Terjual 5","Kota Yogyakarta","Huawei Jogja Flagship Store"
"1777364731-27","https://www.blibli.com/cari/hp%20huwawei?brand=HUAWEI&sort=0&category=HA-1000002&intent=false&firstLoad=false&page=3&start=80","HUAWEI Pura 80 Pro Smartphone 12GB + 512GB | 1-inch Sensor | Macro Telephoto | Kunlun Glass | 100W SuperCharge | Smart AI | Handphone Pura80 Pro","13.499.000","","Terjual 1","Kota Jakarta Timur & kota lainnya","HangOn Flagship Store"
"1777364731-28","https://www.blibli.com/cari/hp%20huwawei?brand=HUAWEI&sort=0&category=HA-1000002&intent=false&firstLoad=false&page=3&start=80","Era 2000 - HUAWEI nova 14 Pro Smartphone l True-to-Life Color Camera | 50 MP Front Dual Camera l Smart AI | 100W","8.299.000","","Terjual 1","Kota Bandung","Era 2000 Flagship Store"
"1777364731-29","https://www.blibli.com/cari/hp%20huwawei?brand=HUAWEI&sort=0&category=HA-1000002&intent=false&firstLoad=false&page=3&start=80","Era 2000 - HUAWEI Pura 80 Pro Smartphone | 1-inch Sensor | Macro Telephoto | Kunlun Glass | 100W | Smart AI | Garansi Resmi","12.999.000","","Terjual 1","Kota Bandung","Era 2000 Flagship Store"
"1777364731-30","https://www.blibli.com/cari/hp%20huwawei?brand=HUAWEI&sort=0&category=HA-1000002&intent=false&firstLoad=false&page=3&start=80","HUAWEI Pura 80 Ultra Smartphone 16GB + 512GB | 10x Optical Zoom | 1-inch Sensor | Kunlun Glass | 100W SuperCharge | Smart AI | Handphone Pura80 Ultra","20.999.000","","","Kota Jakarta Timur & kota lainnya","HangOn Flagship Store"
"1777364731-31","https://www.blibli.com/cari/hp%20huwawei?brand=HUAWEI&sort=0&category=HA-1000002&intent=false&firstLoad=false&page=3&start=80","Huawei Pura 80 12/256 GB Garansi Resmi","10.558.000","","","Kota Jakarta Pusat","Gudang-hp.com Flagship Store"
"1777364731-32","https://www.blibli.com/cari/hp%20huwawei?brand=HUAWEI&sort=0&category=HA-1000002&intent=false&firstLoad=false&page=3&start=80","Huawei GR3 Smartphone - Silver [4G]","959.200","","","","Kota Medan"
"1777364731-33","https://www.blibli.com/cari/hp%20huwawei?brand=HUAWEI&sort=0&category=HA-1000002&intent=false&firstLoad=false&page=3&start=80","Huawei Mate Xs Smartphone [512 GB/ 8 GB]","41.000.000","","","","Kota Jakarta Selatan"
"1777364731-34","https://www.blibli.com/cari/hp%20huwawei?brand=HUAWEI&sort=0&category=HA-1000002&intent=false&firstLoad=false&page=3&start=80","Huawei P40 Smartphone [8 GB-128 GB]","8.999.000","","","","Kota Jakarta Selatan"
"1777364731-35","https://www.blibli.com/cari/hp%20huwawei?brand=HUAWEI&sort=0&category=HA-1000002&intent=false&firstLoad=false&page=3&start=80","HUAWEI P40 Pro Smartphone [256 GB/ 8 GB]","11.500.000","","","","Kota Jakarta Timur"
"1777364731-36","https://www.blibli.com/cari/hp%20huwawei?brand=HUAWEI&sort=0&category=HA-1000002&intent=false&firstLoad=false&page=3&start=80","Huawei P40 Pro Smartphone [256GB/ 8GB/ 5G]","11.500.000","","","","Kota Jakarta Timur"
"1777364731-37","https://www.blibli.com/cari/hp%20huwawei?brand=HUAWEI&sort=0&category=HA-1000002&intent=false&firstLoad=false&page=3&start=80","HUAWEI Mate X7 Smartphone | Ultra Thin and Durable | True-to-Color Camera | Ultra-long Battery Life","27.999.000","","","","Kota Jakarta Utara"
"1777364731-38","https://www.blibli.com/cari/hp%20huwawei?brand=HUAWEI&sort=0&category=HA-1000002&intent=false&firstLoad=false&page=3&start=80","HUAWEI Pura 80 Pro Smartphone | 1-inch Sensor | Macro Telephoto | Kunlun Glass | 100W | Smart AI","14.999.000","","","","Kota Jakarta Utara"
"1777364731-39","https://www.blibli.com/cari/hp%20huwawei?brand=HUAWEI&sort=0&category=HA-1000002&intent=false&firstLoad=false&page=3&start=80","HUAWEI nova 14 Pro Smartphone l True-to-Life Color Camera | 50 MP Front Dual Camera l Smart AI | 100W","8.499.000","","","","Kota Jakarta Utara"
"1777364731-40","https://www.blibli.com/cari/hp%20huwawei?brand=HUAWEI&sort=0&category=HA-1000002&intent=false&firstLoad=false&page=3&start=80","HUAWEI nova 14 Pro Smartphone l True-to-Life Color Camera | 50 MP Front Dual Camera l Smart AI | 100W","8.499.000","","","","Kota Medan"
"1777364731-41","https://www.blibli.com/cari/hp%20huwawei?brand=HUAWEI&sort=0&category=HA-1000002&intent=false&firstLoad=false&page=3&start=80","HUAWEI Nova 14 Pro Smartphone l True-to-Life Color Camera | 50 MP Front Dual Camera l Smart AI | 100W","8.999.000","","","","Kota Bandung"
"1777364731-42","https://www.blibli.com/cari/hp%20huwawei?brand=HUAWEI&sort=0&category=HA-1000002&intent=false&firstLoad=false&page=3&start=80","Huawei Pura 80 12/256GB Kirin 9010S 6.6"" Smartphone - Garansi Resmi","10.499.000","","","","Kota Bandung"
"1777364731-43","https://www.blibli.com/cari/hp%20huwawei?brand=HUAWEI&sort=0&category=HA-1000002&intent=false&firstLoad=false&page=3&start=80","Huawei Mate X7 Smartphone 16/512GB | Ultra Lighting HDR Camera | Telephoto Macro Camera | Ultra-Wide Angle Camera | EMUI 15.0 - Garansi Resmi","27.199.000","","","","Kota Bandung"
"1777364731-44","https://www.blibli.com/cari/hp%20huwawei?brand=HUAWEI&sort=0&category=HA-1000002&intent=false&firstLoad=false&page=3&start=80","HUAWEI Pura 80 Pro Smartphone | 1-inch Sensor | Macro Telephoto | Kunlun Glass | 100W | Smart AI","12.877.000","","","Kota Bandung","Beli Beli Indonesia Flagship Store"
"1777364731-45","https://www.blibli.com/cari/hp%20huwawei?brand=HUAWEI&sort=0&category=HA-1000002&intent=false&firstLoad=false&page=3&start=80","HUAWEI Nova 14 Pro Smartphone l True-to-Life Color Camera | 50 MP Front Dual Camera l Smart AI | 100W","8.499.000","","","Kota Bandung","Up To Date Computer Flagship Store"
"1777364731-46","https://www.blibli.com/cari/hp%20huwawei?brand=HUAWEI&sort=0&category=HA-1000002&intent=false&firstLoad=false&page=3&start=80","HUAWEI Mate X7 Smartphone | Ultra Thin and Durable | True-to-Color Camera | Ultra-long Battery Life | Smart AI","27.999.000","","","Kota Semarang","Alyosha Semarang Flagship Store"
"1777364731-47","https://www.blibli.com/cari/hp%20huwawei?brand=HUAWEI&sort=0&category=HA-1000002&intent=false&firstLoad=false&page=3&start=80","HUAWEI nova 14 Pro Smartphone l True-to-Life Color Camera | 50 MP Front Dual Camera l Smart AI | 100W","8.499.000","4,9","Terjual 41","Kab. Sleman & kota lainnya","Alyosha Flagship Store"
"1777364731-48","https://www.blibli.com/cari/hp%20huwawei?brand=HUAWEI&sort=0&category=HA-1000002&intent=false&firstLoad=false&page=3&start=80","Huawei Mate X7 Smartphone 16/512GB | Ultra Lighting HDR Camera | Telephoto Macro Camera | Ultra-Wide Angle Camera | EMUI 15.0 - Garansi Resmi","27.400.000","","","Kota Bandung","Up To Date Computer Flagship Store"
"1777364731-49","https://www.blibli.com/cari/hp%20huwawei?brand=HUAWEI&sort=0&category=HA-1000002&intent=false&firstLoad=false&page=3&start=80","Huawei Mate X7 Smartphone 16/512GB | Ultra Lighting HDR Camera | Telephoto Macro Camera | Ultra-Wide Angle Camera | EMUI 15.0 - Garansi Resmi","27.400.000","","","Kota Bandung","Up To Shop Flagship Store"
"1777364731-50","https://www.blibli.com/cari/hp%20huwawei?brand=HUAWEI&sort=0&category=HA-1000002&intent=false&firstLoad=false&page=3&start=80","HUAWEI Pura 80 Ultra Smartphone | 10x Optical Zoom | 1-inch Sensor | Kunlun Glass | 100W | Smart AI","20.950.000","","","","Kab. Deli Serdang"
"1777364731-51","https://www.blibli.com/cari/hp%20huwawei?brand=HUAWEI&sort=0&category=HA-1000002&intent=false&firstLoad=false&page=3&start=80","Huawei P30 Lite Smartphone [128GB/ 6GB]","4.005.000","5","Terjual 11","Kota Medan","SINERGY SELLULAR Flagship Store"
"1777364731-52","https://www.blibli.com/cari/hp%20huwawei?brand=HUAWEI&sort=0&category=HA-1000002&intent=false&firstLoad=false&page=3&start=80","Huawei P40 Pro Smartphone + Free Buds 3 [8GB/256GB/Support 5G]","13.485.000","","","Kota Medan","SINERGY SELLULAR Flagship Store"
"1777364731-53","https://www.blibli.com/cari/hp%20huwawei?brand=HUAWEI&sort=0&category=HA-1000002&intent=false&firstLoad=false&page=3&start=80","Huawei Y7 Pro 2019 Smartphone [64 GB/4 GB]","2.610.000","5","Terjual 6","Kota Medan","SINERGY SELLULAR Flagship Store"
"1777364731-54","https://www.blibli.com/cari/hp%20huwawei?brand=HUAWEI&sort=0&category=HA-1000002&intent=false&firstLoad=false&page=3&start=80","HUAWEI Pura 80 Series - Basic/Pro/Ultra Smartphone | 10x Optical Zoom | 1-inch Sensor | Macro Telephoto | Kunlun Glass | 100W | Smart AI","22.999.000","","","Kota Jakarta Selatan","IT Galeri #1 Flagship Store"
"1777364731-55","https://www.blibli.com/cari/hp%20huwawei?brand=HUAWEI&sort=0&category=HA-1000002&intent=false&firstLoad=false&page=3&start=80","Huawei Nova 7 Smartphone [256 GB/ 8 GB]","6.899.000","","Terjual 1","","Kota Malang"
"1777364731-56","https://www.blibli.com/cari/hp%20huwawei?brand=HUAWEI&sort=0&category=HA-1000002&intent=false&firstLoad=false&page=3&start=80","Huawei Mate 30 Pro Smartphone - Silver Space","15.000.000","","","","Kota Malang"
"1777364731-57","https://www.blibli.com/cari/hp%20huwawei?brand=HUAWEI&sort=0&category=HA-1000002&intent=false&firstLoad=false&page=3&start=80","Pre-order","4.999.000","5","Terjual 9","","Kota Malang"
"1777364731-58","https://www.blibli.com/cari/hp%20huwawei?brand=HUAWEI&sort=0&category=HA-1000002&intent=false&firstLoad=false&page=3&start=80","Huawei Mate 40 Pro Smartphone [8 GB-256 GB]","15.999.000","","","","Kota Malang"
"1777364731-59","https://www.blibli.com/cari/hp%20huwawei?brand=HUAWEI&sort=0&category=HA-1000002&intent=false&firstLoad=false&page=3&start=80","Huawei P30 Lite Smartphone [128GB/ 6GB]","3.499.000","","Terjual 1","","Kota Malang"
"1777364731-60","https://www.blibli.com/cari/hp%20huwawei?brand=HUAWEI&sort=0&category=HA-1000002&intent=false&firstLoad=false&page=3&start=80","Huawei P30 Pro Smartphone [256 GB/ 8 GB]","10.499.000","","","","Kota Malang"
"1777364731-61","https://www.blibli.com/cari/hp%20huwawei?brand=HUAWEI&sort=0&category=HA-1000002&intent=false&firstLoad=false&page=3&start=80","Huawei P40 Pro Smartphone [8 GB/ 256 GB]","10.499.000","","Terjual 11","","Kota Malang"
"1777364731-62","https://www.blibli.com/cari/hp%20huwawei?brand=HUAWEI&sort=0&category=HA-1000002&intent=false&firstLoad=false&page=3&start=80","[NEW ARRIVAL] HUAWEI nova 13 Pro | 12GB + 512GB | 60 MP Front Ultra Portrait Dual Camera | 100W HUAWEI SuperCharge Turbo - Garansi Resmi","7.099.000","","Terjual 1","Kota Surabaya","Sentraponsel"
"1777364731-63","https://www.blibli.com/cari/hp%20huwawei?brand=HUAWEI&sort=0&category=HA-1000002&intent=false&firstLoad=false&page=3&start=80","Huawei P30 Pro Smartphone [256GB/ 8GB/ Garansi Resmi]","12.999.000","","","","Kota Surabaya"
"1777364731-64","https://www.blibli.com/cari/hp%20huwawei?brand=HUAWEI&sort=0&category=HA-1000002&intent=false&firstLoad=false&page=3&start=80","Huawei Nova 14 Pro 12/512GB HP Smartphone","8.091.525","5","Terjual 2","Kota Jakarta Pusat","Super Gadget Flagship Store"
"1777364731-65","https://www.blibli.com/cari/hp%20huwawei?brand=HUAWEI&sort=0&category=HA-1000002&intent=false&firstLoad=false&page=3&start=80","Huawei Nova 13 Pro 12/512GB HP Smartphone","7.749.000","","","Kota Jakarta Pusat","Super Gadget Flagship Store"
"1777364731-66","https://www.blibli.com/cari/hp%20huwawei?brand=HUAWEI&sort=0&category=HA-1000002&intent=false&firstLoad=false&page=3&start=80","Huawei Pura 80 12/256 GB 12GB 256GB HP AI Smartphone","12.674.025","","","Kota Jakarta Pusat","Super Gadget Flagship Store"
"1777364731-67","https://www.blibli.com/cari/hp%20huwawei?brand=HUAWEI&sort=0&category=HA-1000002&intent=false&firstLoad=false&page=3&start=80","HUAWEI Pura 70 Ultra Smartphone | Ultra Lighting Pop-out Camera | Ultra Speed Snapshot Garansi Resmi Huawei Indonesia","17.999.000","","","Kota Jakarta Pusat","Global Teleshop Flagship Store"
"1777364731-68","https://www.blibli.com/cari/hp%20huwawei?brand=HUAWEI&sort=0&category=HA-1000002&intent=false&firstLoad=false&page=3&start=80","HUAWEI Nova 13 Pro Smartphone | 12/512GB | 60 MP Front Ultra Portrait Dual CameraI SuperCharge Turbo","7.399.000","","","Kota Jakarta Pusat","Okeshop O2O Flagship Store"
"1777364731-69","https://www.blibli.com/cari/hp%20huwawei?brand=HUAWEI&sort=0&category=HA-1000002&intent=false&firstLoad=false&page=3&start=80","HUAWEI MATE X6 Smartphone | 12+512GB | Ultra Slim and Durable | Ultra Chroma Camera | Live-Multitask Inovatif","23.299.000","","Terjual 1","Kota Bandung","Beli Beli Indonesia Flagship Store"
"1777364731-70","https://www.blibli.com/cari/hp%20huwawei?brand=HUAWEI&sort=0&category=HA-1000002&intent=false&firstLoad=false&page=3&start=80","HUAWEI Mate X6 12/512GB Smartphone | Ultra Slim and Durable | Ultra Chroma Camera | Ultra-long Battery Life Garansi Resmi","30.999.000","","","Kota Jakarta Pusat","Global Teleshop Flagship Store"
"1777364731-71","https://www.blibli.com/cari/hp%20huwawei?brand=HUAWEI&sort=0&category=HA-1000002&intent=false&firstLoad=false&page=3&start=80","HUAWEI Pura 70 Ultra RAM 16GB Smartphone | Ultra Lighting Pop-out Camera | Ultra Speed Snapshot | Crystal Armour Kunlun Glass","15.988.975","","","Kota Bandung","Beli Beli Indonesia Flagship Store"
"1777364731-72","https://www.blibli.com/cari/hp%20huwawei?brand=HUAWEI&sort=0&category=HA-1000002&intent=false&firstLoad=false&page=3&start=80","Huawei Pura 80 12/256 GB RAM 12GB ROM 256GB Smart AI Smartphone","11.999.000","5","Terjual 1","Kota Jakarta Pusat","Gallery Gadget Flagship Store"
"1777364731-73","https://www.blibli.com/cari/hp%20huwawei?brand=HUAWEI&sort=0&category=HA-1000002&intent=false&firstLoad=false&page=3&start=80","Huawei Nova 3i Smartphone","3.499.000","","Terjual 4","","Kab. Bekasi"
"1777364731-74","https://www.blibli.com/cari/hp%20huwawei?brand=HUAWEI&sort=0&category=HA-1000002&intent=false&firstLoad=false&page=3&start=80","HUAWEI Pura 70 Ultra Smartphone","17.999.000","","Terjual 33","","Kota Depok"
"1777364731-75","https://www.blibli.com/cari/hp%20huwawei?brand=HUAWEI&sort=0&category=HA-1000002&intent=false&firstLoad=false&page=3&start=80","Huawei Honor 10 Lite Smartphone [64GB/3GB]","1.899.000","4","Terjual 1","","Kota Padang"
"1777364731-76","https://www.blibli.com/cari/hp%20huwawei?brand=HUAWEI&sort=0&category=HA-1000002&intent=false&firstLoad=false&page=3&start=80","Huawei Y7 Pro Smartphone [32 GB/ 3GB]","1.860.000","","","","Kota Jakarta Timur"
"1777364731-77","https://www.blibli.com/cari/hp%20huwawei?brand=HUAWEI&sort=0&category=HA-1000002&intent=false&firstLoad=false&page=3&start=80","Huawei P30 Lite Smartphone [128GB/ 6GB]","2.920.000","4","Terjual 10","","Kota Jakarta Timur"
"1777364731-78","https://www.blibli.com/cari/hp%20huwawei?brand=HUAWEI&sort=0&category=HA-1000002&intent=false&firstLoad=false&page=3&start=80","Huawei Y7 Prime Smartphone - Gold [32 GB/ 3 GB]","2.599.000","","","","Kota Jakarta Pusat"
"1777364731-79","https://www.blibli.com/cari/hp%20huwawei?brand=HUAWEI&sort=0&category=HA-1000002&intent=false&firstLoad=false&page=3&start=80","Huawei Nova 2i Smartphone - Black [64 GB/ 4 GB]","3.999.000","","","","Kota Jakarta Pusat"
"1777364731-80","https://www.blibli.com/cari/hp%20huwawei?brand=HUAWEI&sort=0&category=HA-1000002&intent=false&firstLoad=false&page=3&start=80","Huawei Y3 2017 Smartphone - Grey [8GB/ 1GB]","1.299.000","","","","Kota Jakarta Pusat"
"1777364795-81","https://www.blibli.com/cari/hp%20huwawei?brand=HUAWEI&sort=0&category=HA-1000002&intent=false&firstLoad=false&page=2&start=40","【NEW | Hadiah s/d 9,2JT】HUAWEI Mate 80 Pro Smartphone 16+512G l True-to-Colour Camera 2.0 l 2nd Gen Kunlun Glass l Smart AI | 100W","16.799.000","5","Terjual 39","Kota Tangerang","HUAWEI Flagship Store"
"1777364795-82","https://www.blibli.com/cari/hp%20huwawei?brand=HUAWEI&sort=0&category=HA-1000002&intent=false&firstLoad=false&page=2&start=40","HUAWEI Mate X6 Smartphone 12G/512GB | Ultra Slim and Durable | Ultra Chroma Camera | Ultra-long Battery Life","24.899.000","","","Kota Surabaya","TECHNO COM Flagship Store"
"1777364795-83","https://www.blibli.com/cari/hp%20huwawei?brand=HUAWEI&sort=0&category=HA-1000002&intent=false&firstLoad=false&page=2&start=40","HUAWEI nova 14 Pro Smartphone l True-to-Life Color Camera | 50 MP Front Dual Camera l Smart AI | 100W | Garansi Resmi","8.499.000","","Terjual 4","Kota Surabaya","Tokolasvegas Flagship Store"
"1777364795-84","https://www.blibli.com/cari/hp%20huwawei?brand=HUAWEI&sort=0&category=HA-1000002&intent=false&firstLoad=false&page=2&start=40","Hp Huawei Nova 13 Pro Ram 12GB Internal 512GB Garansi Resmi","8.199.000","","Terjual 1","Kota Pekanbaru","wwponsel_hangtuah Flagship Store"
"1777364795-85","https://www.blibli.com/cari/hp%20huwawei?brand=HUAWEI&sort=0&category=HA-1000002&intent=false&firstLoad=false&page=2&start=40","HUAWEI Mate X7 Fold 16GB/512GB Smartphone | Ultra Thin and Durable | True-to-Color Camera | Smart AI | Garansi Resmi","27.999.000","","","Kota Surabaya","Tokolasvegas Flagship Store"
"1777364795-86","https://www.blibli.com/cari/hp%20huwawei?brand=HUAWEI&sort=0&category=HA-1000002&intent=false&firstLoad=false&page=2&start=40","HUAWEI Pura 70 Ultra Smartphone Garansi Resmi","17.999.000","","Terjual 12","","Kota Surabaya & kota lainnya"
"1777364795-87","https://www.blibli.com/cari/hp%20huwawei?brand=HUAWEI&sort=0&category=HA-1000002&intent=false&firstLoad=false&page=2&start=40","Huawei P40 Pro Plus Smartphone [8 GB-512 GB]","15.499.000","","","","Kota Surabaya"
"1777364795-88","https://www.blibli.com/cari/hp%20huwawei?brand=HUAWEI&sort=0&category=HA-1000002&intent=false&firstLoad=false&page=2&start=40","【PAYDAY | Voucher s/d 10%】HUAWEI Pura 80 Pro Smartphone | 1-inch Sensor | Macro Telephoto | Kunlun Glass | 100W | Smart AI","13.500.000","4,9","Terjual 277","Kota Tangerang","HUAWEI Flagship Store"
"1777364795-89","https://www.blibli.com/cari/hp%20huwawei?brand=HUAWEI&sort=0&category=HA-1000002&intent=false&firstLoad=false&page=2&start=40","【PAYDAY | Voucher s/d 10%】HUAWEI Mate X6 Smartphone | Ultra Slim and Durable | Ultra Chroma Camera | Ultra-long Battery Life","25.000.000","4,9","Terjual 151","Kota Tangerang","HUAWEI Flagship Store"
"1777364795-90","https://www.blibli.com/cari/hp%20huwawei?brand=HUAWEI&sort=0&category=HA-1000002&intent=false&firstLoad=false&page=2&start=40","HUAWEI Mate 80 Pro Smartphone 16+512G l True-to-Colour Camera 2.0 l 2nd Gen Kunlun Glass l Smart AI | 100W","15.999.000","","","Kab. Tangerang","IT Galeri Flagship Store"
"1777364795-91","https://www.blibli.com/cari/hp%20huwawei?brand=HUAWEI&sort=0&category=HA-1000002&intent=false&firstLoad=false&page=2&start=40","【PAYDAY | Bank Cashback s/d 5JT】HUAWEI Mate X7 Smartphone | Ultra Thin and Durable | True-to-Color Camera | Ultra-long Battery Life | Smart AI","28.000.000","4,9","Terjual 146","Kota Tangerang","HUAWEI Flagship Store"
"1777364795-92","https://www.blibli.com/cari/hp%20huwawei?brand=HUAWEI&sort=0&category=HA-1000002&intent=false&firstLoad=false&page=2&start=40","HUAWEI nova 14 Pro Smartphone l True-to-Life Color Camera | 50 MP Front Dual Camera l Smart AI | 100W","8.499.000","5","Terjual 20","Kota Semarang","Alyosha Semarang Flagship Store"
"1777364795-93","https://www.blibli.com/cari/hp%20huwawei?brand=HUAWEI&sort=0&category=HA-1000002&intent=false&firstLoad=false&page=2&start=40","HUAWEI nova 14 Pro Smartphone l True-to-Life Color Camera | 50 MP Front Dual Camera l Smart AI | 100W","8.319.000","","Terjual 1","Kota Bandung","Beli Beli Indonesia Flagship Store"
"1777364795-94","https://www.blibli.com/cari/hp%20huwawei?brand=HUAWEI&sort=0&category=HA-1000002&intent=false&firstLoad=false&page=2&start=40","HUAWEI Mate X7 Smartphone | Ultra Thin and Durable | True-to-Color Camera | Ultra-long Battery Life | Smart AI","26.699.000","","","Kota Bandung","Beli Beli Indonesia Flagship Store"
"1777364795-95","https://www.blibli.com/cari/hp%20huwawei?brand=HUAWEI&sort=0&category=HA-1000002&intent=false&firstLoad=false&page=2&start=40","HUAWEI Nova 14 Pro Smartphone l True-to-Life Color Camera | 50 MP Front Dual Camera l Smart AI | 100W","8.499.000","","","Kota Bandung","Up To Shop Flagship Store"
"1777364795-96","https://www.blibli.com/cari/hp%20huwawei?brand=HUAWEI&sort=0&category=HA-1000002&intent=false&firstLoad=false&page=2&start=40","HUAWEI Pura 80 Ultra Smartphone | 10x Optical Zoom | 1-inch Sensor | Kunlun Glass | 100W | Smart AI","19.982.000","","","Kota Bandung","Beli Beli Indonesia Flagship Store"
"1777364795-97","https://www.blibli.com/cari/hp%20huwawei?brand=HUAWEI&sort=0&category=HA-1000002&intent=false&firstLoad=false&page=2&start=40","【PAYDAY | Voucher s/d 10%】HUAWEI Pura 80 Ultra Smartphone | 10x Optical Zoom | 1-inch Sensor | Kunlun Glass | 100W | Smart AI","21.000.000","4,8","Terjual 71","Kota Tangerang","HUAWEI Flagship Store"
"1777364795-98","https://www.blibli.com/cari/hp%20huwawei?brand=HUAWEI&sort=0&category=HA-1000002&intent=false&firstLoad=false&page=2&start=40","【PAYDAY | Voucher s/d 10%】HUAWEI nova 14 Pro Smartphone l True-to-Life Color Camera | 50 MP Front Dual Camera l Smart AI | 100W","8.500.000","5","Terjual 68","Kota Tangerang","HUAWEI Flagship Store"
"1777364795-99","https://www.blibli.com/cari/hp%20huwawei?brand=HUAWEI&sort=0&category=HA-1000002&intent=false&firstLoad=false&page=2&start=40","HUAWEI nova 13 Pro Smartphone 12GB + 512GB | 60 MP Front Ultra Portrait Dual Camera | 100W HUAWEI SuperCharge Turbo | 6.76"" Handphone nova13 Pro","7.399.000","","","Kota Jakarta Barat & kota lainnya","HangOn Flagship Store"
"1777364795-100","https://www.blibli.com/cari/hp%20huwawei?brand=HUAWEI&sort=0&category=HA-1000002&intent=false&firstLoad=false&page=2&start=40","Huawei Pura 80 12/256GB Kirin 9010S 6.6"" Smartphone - Garansi Resmi","10.499.000","","","Kota Bandung","Up To Date Computer Flagship Store"
"1777364795-101","https://www.blibli.com/cari/hp%20huwawei?brand=HUAWEI&sort=0&category=HA-1000002&intent=false&firstLoad=false&page=2&start=40","Huawei Pura 80 12/256GB Kirin 9010S 6.6"" Smartphone - Garansi Resmi","10.499.000","","","Kota Bandung","Up To Shop Flagship Store"
"1777364795-102","https://www.blibli.com/cari/hp%20huwawei?brand=HUAWEI&sort=0&category=HA-1000002&intent=false&firstLoad=false&page=2&start=40","HUAWEI Pura 80 Pro Smartphone | 1-inch Sensor | Macro Telephoto | Kunlun Glass | 100W | Smart AI","13.499.000","5","Terjual 15","Kota Yogyakarta","Huawei Jogja Flagship Store"
"1777364795-103","https://www.blibli.com/cari/hp%20huwawei?brand=HUAWEI&sort=0&category=HA-1000002&intent=false&firstLoad=false&page=2&start=40","HUAWEI nova 14 Pro Smartphone l True-to-Life Color Camera | 50 MP Front Dual Camera l Smart AI | 100W","8.499.000","5","Terjual 12","Kota Yogyakarta","Huawei Jogja Flagship Store"
"1777364795-104","https://www.blibli.com/cari/hp%20huwawei?brand=HUAWEI&sort=0&category=HA-1000002&intent=false&firstLoad=false&page=2&start=40","HUAWEI Mate X7 Smartphone | Ultra Thin and Durable | True-to-Color Camera | Ultra-long Battery Life | Smart AI","27.999.000","","","Kota Yogyakarta","Huawei Jogja Flagship Store"
"1777364795-105","https://www.blibli.com/cari/hp%20huwawei?brand=HUAWEI&sort=0&category=HA-1000002&intent=false&firstLoad=false&page=2&start=40","(DCG) HUAWEI MATE X7 16/512 GB GARANSI RESMI FOLDABLE SMARTPHONE","27.500.000","","","Kota Medan","DigitalCellularGroup Flagship Store"
"1777364795-106","https://www.blibli.com/cari/hp%20huwawei?brand=HUAWEI&sort=0&category=HA-1000002&intent=false&firstLoad=false&page=2&start=40","HUAWEI Pura 80 Ultra Smartphone | 10x Optical Zoom | 1-inch Sensor | Kunlun Glass | 100W | Smart AI - Prestige Gold","20.999.000","5","Terjual 5","Kota Yogyakarta","Huawei Jogja Flagship Store"
"1777364795-107","https://www.blibli.com/cari/hp%20huwawei?brand=HUAWEI&sort=0&category=HA-1000002&intent=false&firstLoad=false&page=2&start=40","HUAWEI Pura 80 Pro Smartphone 12GB + 512GB | 1-inch Sensor | Macro Telephoto | Kunlun Glass | 100W SuperCharge | Smart AI | Handphone Pura80 Pro","13.499.000","","Terjual 1","Kota Jakarta Timur & kota lainnya","HangOn Flagship Store"
"1777364795-108","https://www.blibli.com/cari/hp%20huwawei?brand=HUAWEI&sort=0&category=HA-1000002&intent=false&firstLoad=false&page=2&start=40","Era 2000 - HUAWEI nova 14 Pro Smartphone l True-to-Life Color Camera | 50 MP Front Dual Camera l Smart AI | 100W","8.299.000","","Terjual 1","Kota Bandung","Era 2000 Flagship Store"
"1777364795-109","https://www.blibli.com/cari/hp%20huwawei?brand=HUAWEI&sort=0&category=HA-1000002&intent=false&firstLoad=false&page=2&start=40","Era 2000 - HUAWEI Pura 80 Pro Smartphone | 1-inch Sensor | Macro Telephoto | Kunlun Glass | 100W | Smart AI | Garansi Resmi","12.999.000","","Terjual 1","Kota Bandung","Era 2000 Flagship Store"
"1777364795-110","https://www.blibli.com/cari/hp%20huwawei?brand=HUAWEI&sort=0&category=HA-1000002&intent=false&firstLoad=false&page=2&start=40","HUAWEI Pura 80 Ultra Smartphone 16GB + 512GB | 10x Optical Zoom | 1-inch Sensor | Kunlun Glass | 100W SuperCharge | Smart AI | Handphone Pura80 Ultra","20.999.000","","","Kota Jakarta Timur & kota lainnya","HangOn Flagship Store"
"1777364795-111","https://www.blibli.com/cari/hp%20huwawei?brand=HUAWEI&sort=0&category=HA-1000002&intent=false&firstLoad=false&page=2&start=40","Huawei Pura 80 12/256 GB Garansi Resmi","10.558.000","","","Kota Jakarta Pusat","Gudang-hp.com Flagship Store"
"1777364795-112","https://www.blibli.com/cari/hp%20huwawei?brand=HUAWEI&sort=0&category=HA-1000002&intent=false&firstLoad=false&page=2&start=40","Huawei GR3 Smartphone - Silver [4G]","959.200","","","","Kota Medan"
"1777364795-113","https://www.blibli.com/cari/hp%20huwawei?brand=HUAWEI&sort=0&category=HA-1000002&intent=false&firstLoad=false&page=2&start=40","Huawei Mate Xs Smartphone [512 GB/ 8 GB]","41.000.000","","","","Kota Jakarta Selatan"
"1777364795-114","https://www.blibli.com/cari/hp%20huwawei?brand=HUAWEI&sort=0&category=HA-1000002&intent=false&firstLoad=false&page=2&start=40","Huawei P40 Smartphone [8 GB-128 GB]","8.999.000","","","","Kota Jakarta Selatan"
"1777364795-115","https://www.blibli.com/cari/hp%20huwawei?brand=HUAWEI&sort=0&category=HA-1000002&intent=false&firstLoad=false&page=2&start=40","HUAWEI P40 Pro Smartphone [256 GB/ 8 GB]","11.500.000","","","","Kota Jakarta Timur"
"1777364795-116","https://www.blibli.com/cari/hp%20huwawei?brand=HUAWEI&sort=0&category=HA-1000002&intent=false&firstLoad=false&page=2&start=40","Huawei P40 Pro Smartphone [256GB/ 8GB/ 5G]","11.500.000","","","","Kota Jakarta Timur"
"1777364795-117","https://www.blibli.com/cari/hp%20huwawei?brand=HUAWEI&sort=0&category=HA-1000002&intent=false&firstLoad=false&page=2&start=40","HUAWEI Mate X7 Smartphone | Ultra Thin and Durable | True-to-Color Camera | Ultra-long Battery Life","27.999.000","","","","Kota Jakarta Utara"
"1777364795-118","https://www.blibli.com/cari/hp%20huwawei?brand=HUAWEI&sort=0&category=HA-1000002&intent=false&firstLoad=false&page=2&start=40","HUAWEI Pura 80 Pro Smartphone | 1-inch Sensor | Macro Telephoto | Kunlun Glass | 100W | Smart AI","14.999.000","","","","Kota Jakarta Utara"
"1777364795-119","https://www.blibli.com/cari/hp%20huwawei?brand=HUAWEI&sort=0&category=HA-1000002&intent=false&firstLoad=false&page=2&start=40","HUAWEI nova 14 Pro Smartphone l True-to-Life Color Camera | 50 MP Front Dual Camera l Smart AI | 100W","8.499.000","","","","Kota Jakarta Utara"
"1777364795-120","https://www.blibli.com/cari/hp%20huwawei?brand=HUAWEI&sort=0&category=HA-1000002&intent=false&firstLoad=false&page=2&start=40","HUAWEI nova 14 Pro Smartphone l True-to-Life Color Camera | 50 MP Front Dual Camera l Smart AI | 100W","8.499.000","","","","Kota Medan"
"1777364795-121","https://www.blibli.com/cari/hp%20huwawei?brand=HUAWEI&sort=0&category=HA-1000002&intent=false&firstLoad=false&page=2&start=40","HUAWEI Nova 14 Pro Smartphone l True-to-Life Color Camera | 50 MP Front Dual Camera l Smart AI | 100W","8.999.000","","","","Kota Bandung"
"1777364795-122","https://www.blibli.com/cari/hp%20huwawei?brand=HUAWEI&sort=0&category=HA-1000002&intent=false&firstLoad=false&page=2&start=40","Huawei Pura 80 12/256GB Kirin 9010S 6.6"" Smartphone - Garansi Resmi","10.499.000","","","","Kota Bandung"
"1777364795-123","https://www.blibli.com/cari/hp%20huwawei?brand=HUAWEI&sort=0&category=HA-1000002&intent=false&firstLoad=false&page=2&start=40","Huawei Mate X7 Smartphone 16/512GB | Ultra Lighting HDR Camera | Telephoto Macro Camera | Ultra-Wide Angle Camera | EMUI 15.0 - Garansi Resmi","27.199.000","","","","Kota Bandung"
"1777364795-124","https://www.blibli.com/cari/hp%20huwawei?brand=HUAWEI&sort=0&category=HA-1000002&intent=false&firstLoad=false&page=2&start=40","HUAWEI Pura 80 Pro Smartphone | 1-inch Sensor | Macro Telephoto | Kunlun Glass | 100W | Smart AI","12.877.000","","","Kota Bandung","Beli Beli Indonesia Flagship Store"
"1777364795-125","https://www.blibli.com/cari/hp%20huwawei?brand=HUAWEI&sort=0&category=HA-1000002&intent=false&firstLoad=false&page=2&start=40","HUAWEI Nova 14 Pro Smartphone l True-to-Life Color Camera | 50 MP Front Dual Camera l Smart AI | 100W","8.499.000","","","Kota Bandung","Up To Date Computer Flagship Store"
"1777364795-126","https://www.blibli.com/cari/hp%20huwawei?brand=HUAWEI&sort=0&category=HA-1000002&intent=false&firstLoad=false&page=2&start=40","HUAWEI Mate X7 Smartphone | Ultra Thin and Durable | True-to-Color Camera | Ultra-long Battery Life | Smart AI","27.999.000","","","Kota Semarang","Alyosha Semarang Flagship Store"
"1777364795-127","https://www.blibli.com/cari/hp%20huwawei?brand=HUAWEI&sort=0&category=HA-1000002&intent=false&firstLoad=false&page=2&start=40","HUAWEI nova 14 Pro Smartphone l True-to-Life Color Camera | 50 MP Front Dual Camera l Smart AI | 100W","8.499.000","4,9","Terjual 41","Kab. Sleman & kota lainnya","Alyosha Flagship Store"
"1777364795-128","https://www.blibli.com/cari/hp%20huwawei?brand=HUAWEI&sort=0&category=HA-1000002&intent=false&firstLoad=false&page=2&start=40","Huawei Mate X7 Smartphone 16/512GB | Ultra Lighting HDR Camera | Telephoto Macro Camera | Ultra-Wide Angle Camera | EMUI 15.0 - Garansi Resmi","27.400.000","","","Kota Bandung","Up To Date Computer Flagship Store"
"1777364795-129","https://www.blibli.com/cari/hp%20huwawei?brand=HUAWEI&sort=0&category=HA-1000002&intent=false&firstLoad=false&page=2&start=40","Huawei Mate X7 Smartphone 16/512GB | Ultra Lighting HDR Camera | Telephoto Macro Camera | Ultra-Wide Angle Camera | EMUI 15.0 - Garansi Resmi","27.400.000","","","Kota Bandung","Up To Shop Flagship Store"
"1777364795-130","https://www.blibli.com/cari/hp%20huwawei?brand=HUAWEI&sort=0&category=HA-1000002&intent=false&firstLoad=false&page=2&start=40","HUAWEI Pura 80 Ultra Smartphone | 10x Optical Zoom | 1-inch Sensor | Kunlun Glass | 100W | Smart AI","20.950.000","","","","Kab. Deli Serdang"
"1777364795-131","https://www.blibli.com/cari/hp%20huwawei?brand=HUAWEI&sort=0&category=HA-1000002&intent=false&firstLoad=false&page=2&start=40","Huawei P30 Lite Smartphone [128GB/ 6GB]","4.005.000","5","Terjual 11","Kota Medan","SINERGY SELLULAR Flagship Store"
"1777364795-132","https://www.blibli.com/cari/hp%20huwawei?brand=HUAWEI&sort=0&category=HA-1000002&intent=false&firstLoad=false&page=2&start=40","Huawei P40 Pro Smartphone + Free Buds 3 [8GB/256GB/Support 5G]","13.485.000","","","Kota Medan","SINERGY SELLULAR Flagship Store"
"1777364795-133","https://www.blibli.com/cari/hp%20huwawei?brand=HUAWEI&sort=0&category=HA-1000002&intent=false&firstLoad=false&page=2&start=40","Huawei Y7 Pro 2019 Smartphone [64 GB/4 GB]","2.610.000","5","Terjual 6","Kota Medan","SINERGY SELLULAR Flagship Store"
"1777364795-134","https://www.blibli.com/cari/hp%20huwawei?brand=HUAWEI&sort=0&category=HA-1000002&intent=false&firstLoad=false&page=2&start=40","HUAWEI Pura 80 Series - Basic/Pro/Ultra Smartphone | 10x Optical Zoom | 1-inch Sensor | Macro Telephoto | Kunlun Glass | 100W | Smart AI","22.999.000","","","Kota Jakarta Selatan","IT Galeri #1 Flagship Store"
"1777364795-135","https://www.blibli.com/cari/hp%20huwawei?brand=HUAWEI&sort=0&category=HA-1000002&intent=false&firstLoad=false&page=2&start=40","Huawei Nova 7 Smartphone [256 GB/ 8 GB]","6.899.000","","Terjual 1","","Kota Malang"
"1777364795-136","https://www.blibli.com/cari/hp%20huwawei?brand=HUAWEI&sort=0&category=HA-1000002&intent=false&firstLoad=false&page=2&start=40","Huawei Mate 30 Pro Smartphone - Silver Space","15.000.000","","","","Kota Malang"
"1777364795-137","https://www.blibli.com/cari/hp%20huwawei?brand=HUAWEI&sort=0&category=HA-1000002&intent=false&firstLoad=false&page=2&start=40","Pre-order","4.999.000","5","Terjual 9","","Kota Malang"
"1777364795-138","https://www.blibli.com/cari/hp%20huwawei?brand=HUAWEI&sort=0&category=HA-1000002&intent=false&firstLoad=false&page=2&start=40","Huawei Mate 40 Pro Smartphone [8 GB-256 GB]","15.999.000","","","","Kota Malang"
"1777364795-139","https://www.blibli.com/cari/hp%20huwawei?brand=HUAWEI&sort=0&category=HA-1000002&intent=false&firstLoad=false&page=2&start=40","Huawei P30 Lite Smartphone [128GB/ 6GB]","3.499.000","","Terjual 1","","Kota Malang"
"1777364795-140","https://www.blibli.com/cari/hp%20huwawei?brand=HUAWEI&sort=0&category=HA-1000002&intent=false&firstLoad=false&page=2&start=40","Huawei P30 Pro Smartphone [256 GB/ 8 GB]","10.499.000","","","","Kota Malang"
"1777364795-141","https://www.blibli.com/cari/hp%20huwawei?brand=HUAWEI&sort=0&category=HA-1000002&intent=false&firstLoad=false&page=2&start=40","Huawei P40 Pro Smartphone [8 GB/ 256 GB]","10.499.000","","Terjual 11","","Kota Malang"
"1777364795-142","https://www.blibli.com/cari/hp%20huwawei?brand=HUAWEI&sort=0&category=HA-1000002&intent=false&firstLoad=false&page=2&start=40","[NEW ARRIVAL] HUAWEI nova 13 Pro | 12GB + 512GB | 60 MP Front Ultra Portrait Dual Camera | 100W HUAWEI SuperCharge Turbo - Garansi Resmi","7.099.000","","Terjual 1","Kota Surabaya","Sentraponsel"
"1777364795-143","https://www.blibli.com/cari/hp%20huwawei?brand=HUAWEI&sort=0&category=HA-1000002&intent=false&firstLoad=false&page=2&start=40","Huawei P30 Pro Smartphone [256GB/ 8GB/ Garansi Resmi]","12.999.000","","","","Kota Surabaya"
"1777364795-144","https://www.blibli.com/cari/hp%20huwawei?brand=HUAWEI&sort=0&category=HA-1000002&intent=false&firstLoad=false&page=2&start=40","Huawei Nova 14 Pro 12/512GB HP Smartphone","8.091.525","5","Terjual 2","Kota Jakarta Pusat","Super Gadget Flagship Store"
"1777364795-145","https://www.blibli.com/cari/hp%20huwawei?brand=HUAWEI&sort=0&category=HA-1000002&intent=false&firstLoad=false&page=2&start=40","Huawei Nova 13 Pro 12/512GB HP Smartphone","7.749.000","","","Kota Jakarta Pusat","Super Gadget Flagship Store"
"1777364795-146","https://www.blibli.com/cari/hp%20huwawei?brand=HUAWEI&sort=0&category=HA-1000002&intent=false&firstLoad=false&page=2&start=40","Huawei Pura 80 12/256 GB 12GB 256GB HP AI Smartphone","12.674.025","","","Kota Jakarta Pusat","Super Gadget Flagship Store"
"1777364795-147","https://www.blibli.com/cari/hp%20huwawei?brand=HUAWEI&sort=0&category=HA-1000002&intent=false&firstLoad=false&page=2&start=40","HUAWEI Pura 70 Ultra Smartphone | Ultra Lighting Pop-out Camera | Ultra Speed Snapshot Garansi Resmi Huawei Indonesia","17.999.000","","","Kota Jakarta Pusat","Global Teleshop Flagship Store"
"1777364795-148","https://www.blibli.com/cari/hp%20huwawei?brand=HUAWEI&sort=0&category=HA-1000002&intent=false&firstLoad=false&page=2&start=40","HUAWEI Nova 13 Pro Smartphone | 12/512GB | 60 MP Front Ultra Portrait Dual CameraI SuperCharge Turbo","7.399.000","","","Kota Jakarta Pusat","Okeshop O2O Flagship Store"
"1777364795-149","https://www.blibli.com/cari/hp%20huwawei?brand=HUAWEI&sort=0&category=HA-1000002&intent=false&firstLoad=false&page=2&start=40","HUAWEI MATE X6 Smartphone | 12+512GB | Ultra Slim and Durable | Ultra Chroma Camera | Live-Multitask Inovatif","23.299.000","","Terjual 1","Kota Bandung","Beli Beli Indonesia Flagship Store"
"1777364795-150","https://www.blibli.com/cari/hp%20huwawei?brand=HUAWEI&sort=0&category=HA-1000002&intent=false&firstLoad=false&page=2&start=40","HUAWEI Mate X6 12/512GB Smartphone | Ultra Slim and Durable | Ultra Chroma Camera | Ultra-long Battery Life Garansi Resmi","30.999.000","","","Kota Jakarta Pusat","Global Teleshop Flagship Store"
"1777364795-151","https://www.blibli.com/cari/hp%20huwawei?brand=HUAWEI&sort=0&category=HA-1000002&intent=false&firstLoad=false&page=2&start=40","HUAWEI Pura 70 Ultra RAM 16GB Smartphone | Ultra Lighting Pop-out Camera | Ultra Speed Snapshot | Crystal Armour Kunlun Glass","15.988.975","","","Kota Bandung","Beli Beli Indonesia Flagship Store"
"1777364795-152","https://www.blibli.com/cari/hp%20huwawei?brand=HUAWEI&sort=0&category=HA-1000002&intent=false&firstLoad=false&page=2&start=40","Huawei Pura 80 12/256 GB RAM 12GB ROM 256GB Smart AI Smartphone","11.999.000","5","Terjual 1","Kota Jakarta Pusat","Gallery Gadget Flagship Store"
"1777364795-153","https://www.blibli.com/cari/hp%20huwawei?brand=HUAWEI&sort=0&category=HA-1000002&intent=false&firstLoad=false&page=2&start=40","Huawei Nova 3i Smartphone","3.499.000","","Terjual 4","","Kab. Bekasi"
"1777364795-154","https://www.blibli.com/cari/hp%20huwawei?brand=HUAWEI&sort=0&category=HA-1000002&intent=false&firstLoad=false&page=2&start=40","HUAWEI Pura 70 Ultra Smartphone","17.999.000","","Terjual 33","","Kota Depok"
"1777364795-155","https://www.blibli.com/cari/hp%20huwawei?brand=HUAWEI&sort=0&category=HA-1000002&intent=false&firstLoad=false&page=2&start=40","Huawei Honor 10 Lite Smartphone [64GB/3GB]","1.899.000","4","Terjual 1","","Kota Padang"
"1777364795-156","https://www.blibli.com/cari/hp%20huwawei?brand=HUAWEI&sort=0&category=HA-1000002&intent=false&firstLoad=false&page=2&start=40","Huawei Y7 Pro Smartphone [32 GB/ 3GB]","1.860.000","","","","Kota Jakarta Timur"
"1777364795-157","https://www.blibli.com/cari/hp%20huwawei?brand=HUAWEI&sort=0&category=HA-1000002&intent=false&firstLoad=false&page=2&start=40","Huawei P30 Lite Smartphone [128GB/ 6GB]","2.920.000","4","Terjual 10","","Kota Jakarta Timur"
"1777364795-158","https://www.blibli.com/cari/hp%20huwawei?brand=HUAWEI&sort=0&category=HA-1000002&intent=false&firstLoad=false&page=2&start=40","Huawei Y7 Prime Smartphone - Gold [32 GB/ 3 GB]","2.599.000","","","","Kota Jakarta Pusat"
"1777364795-159","https://www.blibli.com/cari/hp%20huwawei?brand=HUAWEI&sort=0&category=HA-1000002&intent=false&firstLoad=false&page=2&start=40","Huawei Nova 2i Smartphone - Black [64 GB/ 4 GB]","3.999.000","","","","Kota Jakarta Pusat"
"1777364795-160","https://www.blibli.com/cari/hp%20huwawei?brand=HUAWEI&sort=0&category=HA-1000002&intent=false&firstLoad=false&page=2&start=40","Huawei Y3 2017 Smartphone - Grey [8GB/ 1GB]","1.299.000","","","","Kota Jakarta Pusat"
"1777364845-161","https://www.blibli.com/cari/hp%20huwawei?brand=HUAWEI&sort=0&category=HA-1000002&intent=false&firstLoad=false","【NEW | Hadiah s/d 9,2JT】HUAWEI Mate 80 Pro Smartphone 16+512G l True-to-Colour Camera 2.0 l 2nd Gen Kunlun Glass l Smart AI | 100W","16.799.000","5","Terjual 39","Kota Tangerang","HUAWEI Flagship Store"
"1777364845-162","https://www.blibli.com/cari/hp%20huwawei?brand=HUAWEI&sort=0&category=HA-1000002&intent=false&firstLoad=false","HUAWEI Mate X6 Smartphone 12G/512GB | Ultra Slim and Durable | Ultra Chroma Camera | Ultra-long Battery Life","24.899.000","","","Kota Surabaya","TECHNO COM Flagship Store"
"1777364845-163","https://www.blibli.com/cari/hp%20huwawei?brand=HUAWEI&sort=0&category=HA-1000002&intent=false&firstLoad=false","HUAWEI nova 14 Pro Smartphone l True-to-Life Color Camera | 50 MP Front Dual Camera l Smart AI | 100W | Garansi Resmi","8.499.000","","Terjual 4","Kota Surabaya","Tokolasvegas Flagship Store"
"1777364845-164","https://www.blibli.com/cari/hp%20huwawei?brand=HUAWEI&sort=0&category=HA-1000002&intent=false&firstLoad=false","Hp Huawei Nova 13 Pro Ram 12GB Internal 512GB Garansi Resmi","8.199.000","","Terjual 1","Kota Pekanbaru","wwponsel_hangtuah Flagship Store"
"1777364845-165","https://www.blibli.com/cari/hp%20huwawei?brand=HUAWEI&sort=0&category=HA-1000002&intent=false&firstLoad=false","HUAWEI Mate X7 Fold 16GB/512GB Smartphone | Ultra Thin and Durable | True-to-Color Camera | Smart AI | Garansi Resmi","27.999.000","","","Kota Surabaya","Tokolasvegas Flagship Store"
"1777364845-166","https://www.blibli.com/cari/hp%20huwawei?brand=HUAWEI&sort=0&category=HA-1000002&intent=false&firstLoad=false","HUAWEI Pura 70 Ultra Smartphone Garansi Resmi","17.999.000","","Terjual 12","","Kota Surabaya & kota lainnya"
"1777364845-167","https://www.blibli.com/cari/hp%20huwawei?brand=HUAWEI&sort=0&category=HA-1000002&intent=false&firstLoad=false","Huawei P40 Pro Plus Smartphone [8 GB-512 GB]","15.499.000","","","","Kota Surabaya"
"1777364845-168","https://www.blibli.com/cari/hp%20huwawei?brand=HUAWEI&sort=0&category=HA-1000002&intent=false&firstLoad=false","【PAYDAY | Voucher s/d 10%】HUAWEI Pura 80 Pro Smartphone | 1-inch Sensor | Macro Telephoto | Kunlun Glass | 100W | Smart AI","13.500.000","4,9","Terjual 277","Kota Tangerang","HUAWEI Flagship Store"
"1777364845-169","https://www.blibli.com/cari/hp%20huwawei?brand=HUAWEI&sort=0&category=HA-1000002&intent=false&firstLoad=false","【PAYDAY | Voucher s/d 10%】HUAWEI Mate X6 Smartphone | Ultra Slim and Durable | Ultra Chroma Camera | Ultra-long Battery Life","25.000.000","4,9","Terjual 151","Kota Tangerang","HUAWEI Flagship Store"
"1777364845-170","https://www.blibli.com/cari/hp%20huwawei?brand=HUAWEI&sort=0&category=HA-1000002&intent=false&firstLoad=false","HUAWEI Mate 80 Pro Smartphone 16+512G l True-to-Colour Camera 2.0 l 2nd Gen Kunlun Glass l Smart AI | 100W","15.999.000","","","Kab. Tangerang","IT Galeri Flagship Store"
"1777364845-171","https://www.blibli.com/cari/hp%20huwawei?brand=HUAWEI&sort=0&category=HA-1000002&intent=false&firstLoad=false","【PAYDAY | Bank Cashback s/d 5JT】HUAWEI Mate X7 Smartphone | Ultra Thin and Durable | True-to-Color Camera | Ultra-long Battery Life | Smart AI","28.000.000","4,9","Terjual 146","Kota Tangerang","HUAWEI Flagship Store"
"1777364845-172","https://www.blibli.com/cari/hp%20huwawei?brand=HUAWEI&sort=0&category=HA-1000002&intent=false&firstLoad=false","HUAWEI nova 14 Pro Smartphone l True-to-Life Color Camera | 50 MP Front Dual Camera l Smart AI | 100W","8.499.000","5","Terjual 20","Kota Semarang","Alyosha Semarang Flagship Store"
"1777364845-173","https://www.blibli.com/cari/hp%20huwawei?brand=HUAWEI&sort=0&category=HA-1000002&intent=false&firstLoad=false","HUAWEI nova 14 Pro Smartphone l True-to-Life Color Camera | 50 MP Front Dual Camera l Smart AI | 100W","8.319.000","","Terjual 1","Kota Bandung","Beli Beli Indonesia Flagship Store"
"1777364845-174","https://www.blibli.com/cari/hp%20huwawei?brand=HUAWEI&sort=0&category=HA-1000002&intent=false&firstLoad=false","HUAWEI Mate X7 Smartphone | Ultra Thin and Durable | True-to-Color Camera | Ultra-long Battery Life | Smart AI","26.699.000","","","Kota Bandung","Beli Beli Indonesia Flagship Store"
"1777364845-175","https://www.blibli.com/cari/hp%20huwawei?brand=HUAWEI&sort=0&category=HA-1000002&intent=false&firstLoad=false","HUAWEI Nova 14 Pro Smartphone l True-to-Life Color Camera | 50 MP Front Dual Camera l Smart AI | 100W","8.499.000","","","Kota Bandung","Up To Shop Flagship Store"
"1777364845-176","https://www.blibli.com/cari/hp%20huwawei?brand=HUAWEI&sort=0&category=HA-1000002&intent=false&firstLoad=false","HUAWEI Pura 80 Ultra Smartphone | 10x Optical Zoom | 1-inch Sensor | Kunlun Glass | 100W | Smart AI","19.982.000","","","Kota Bandung","Beli Beli Indonesia Flagship Store"
"1777364845-177","https://www.blibli.com/cari/hp%20huwawei?brand=HUAWEI&sort=0&category=HA-1000002&intent=false&firstLoad=false","【PAYDAY | Voucher s/d 10%】HUAWEI Pura 80 Ultra Smartphone | 10x Optical Zoom | 1-inch Sensor | Kunlun Glass | 100W | Smart AI","21.000.000","4,8","Terjual 71","Kota Tangerang","HUAWEI Flagship Store"
"1777364845-178","https://www.blibli.com/cari/hp%20huwawei?brand=HUAWEI&sort=0&category=HA-1000002&intent=false&firstLoad=false","【PAYDAY | Voucher s/d 10%】HUAWEI nova 14 Pro Smartphone l True-to-Life Color Camera | 50 MP Front Dual Camera l Smart AI | 100W","8.500.000","5","Terjual 68","Kota Tangerang","HUAWEI Flagship Store"
"1777364845-179","https://www.blibli.com/cari/hp%20huwawei?brand=HUAWEI&sort=0&category=HA-1000002&intent=false&firstLoad=false","HUAWEI nova 13 Pro Smartphone 12GB + 512GB | 60 MP Front Ultra Portrait Dual Camera | 100W HUAWEI SuperCharge Turbo | 6.76"" Handphone nova13 Pro","7.399.000","","","Kota Jakarta Barat & kota lainnya","HangOn Flagship Store"
"1777364845-180","https://www.blibli.com/cari/hp%20huwawei?brand=HUAWEI&sort=0&category=HA-1000002&intent=false&firstLoad=false","Huawei Pura 80 12/256GB Kirin 9010S 6.6"" Smartphone - Garansi Resmi","10.499.000","","","Kota Bandung","Up To Date Computer Flagship Store"
"1777364845-181","https://www.blibli.com/cari/hp%20huwawei?brand=HUAWEI&sort=0&category=HA-1000002&intent=false&firstLoad=false","Huawei Pura 80 12/256GB Kirin 9010S 6.6"" Smartphone - Garansi Resmi","10.499.000","","","Kota Bandung","Up To Shop Flagship Store"
"1777364845-182","https://www.blibli.com/cari/hp%20huwawei?brand=HUAWEI&sort=0&category=HA-1000002&intent=false&firstLoad=false","HUAWEI Pura 80 Pro Smartphone | 1-inch Sensor | Macro Telephoto | Kunlun Glass | 100W | Smart AI","13.499.000","5","Terjual 15","Kota Yogyakarta","Huawei Jogja Flagship Store"
"1777364845-183","https://www.blibli.com/cari/hp%20huwawei?brand=HUAWEI&sort=0&category=HA-1000002&intent=false&firstLoad=false","HUAWEI nova 14 Pro Smartphone l True-to-Life Color Camera | 50 MP Front Dual Camera l Smart AI | 100W","8.499.000","5","Terjual 12","Kota Yogyakarta","Huawei Jogja Flagship Store"
"1777364845-184","https://www.blibli.com/cari/hp%20huwawei?brand=HUAWEI&sort=0&category=HA-1000002&intent=false&firstLoad=false","HUAWEI Mate X7 Smartphone | Ultra Thin and Durable | True-to-Color Camera | Ultra-long Battery Life | Smart AI","27.999.000","","","Kota Yogyakarta","Huawei Jogja Flagship Store"
"1777364845-185","https://www.blibli.com/cari/hp%20huwawei?brand=HUAWEI&sort=0&category=HA-1000002&intent=false&firstLoad=false","(DCG) HUAWEI MATE X7 16/512 GB GARANSI RESMI FOLDABLE SMARTPHONE","27.500.000","","","Kota Medan","DigitalCellularGroup Flagship Store"
"1777364845-186","https://www.blibli.com/cari/hp%20huwawei?brand=HUAWEI&sort=0&category=HA-1000002&intent=false&firstLoad=false","HUAWEI Pura 80 Ultra Smartphone | 10x Optical Zoom | 1-inch Sensor | Kunlun Glass | 100W | Smart AI - Prestige Gold","20.999.000","5","Terjual 5","Kota Yogyakarta","Huawei Jogja Flagship Store"
"1777364845-187","https://www.blibli.com/cari/hp%20huwawei?brand=HUAWEI&sort=0&category=HA-1000002&intent=false&firstLoad=false","HUAWEI Pura 80 Pro Smartphone 12GB + 512GB | 1-inch Sensor | Macro Telephoto | Kunlun Glass | 100W SuperCharge | Smart AI | Handphone Pura80 Pro","13.499.000","","Terjual 1","Kota Jakarta Timur & kota lainnya","HangOn Flagship Store"
"1777364845-188","https://www.blibli.com/cari/hp%20huwawei?brand=HUAWEI&sort=0&category=HA-1000002&intent=false&firstLoad=false","Era 2000 - HUAWEI nova 14 Pro Smartphone l True-to-Life Color Camera | 50 MP Front Dual Camera l Smart AI | 100W","8.299.000","","Terjual 1","Kota Bandung","Era 2000 Flagship Store"
"1777364845-189","https://www.blibli.com/cari/hp%20huwawei?brand=HUAWEI&sort=0&category=HA-1000002&intent=false&firstLoad=false","Era 2000 - HUAWEI Pura 80 Pro Smartphone | 1-inch Sensor | Macro Telephoto | Kunlun Glass | 100W | Smart AI | Garansi Resmi","12.999.000","","Terjual 1","Kota Bandung","Era 2000 Flagship Store"
"1777364845-190","https://www.blibli.com/cari/hp%20huwawei?brand=HUAWEI&sort=0&category=HA-1000002&intent=false&firstLoad=false","HUAWEI Pura 80 Ultra Smartphone 16GB + 512GB | 10x Optical Zoom | 1-inch Sensor | Kunlun Glass | 100W SuperCharge | Smart AI | Handphone Pura80 Ultra","20.999.000","","","Kota Jakarta Timur & kota lainnya","HangOn Flagship Store"
"1777364845-191","https://www.blibli.com/cari/hp%20huwawei?brand=HUAWEI&sort=0&category=HA-1000002&intent=false&firstLoad=false","Huawei Pura 80 12/256 GB Garansi Resmi","10.558.000","","","Kota Jakarta Pusat","Gudang-hp.com Flagship Store"
"1777364845-192","https://www.blibli.com/cari/hp%20huwawei?brand=HUAWEI&sort=0&category=HA-1000002&intent=false&firstLoad=false","Huawei GR3 Smartphone - Silver [4G]","959.200","","","","Kota Medan"
"1777364845-193","https://www.blibli.com/cari/hp%20huwawei?brand=HUAWEI&sort=0&category=HA-1000002&intent=false&firstLoad=false","Huawei Mate Xs Smartphone [512 GB/ 8 GB]","41.000.000","","","","Kota Jakarta Selatan"
"1777364845-194","https://www.blibli.com/cari/hp%20huwawei?brand=HUAWEI&sort=0&category=HA-1000002&intent=false&firstLoad=false","Huawei P40 Smartphone [8 GB-128 GB]","8.999.000","","","","Kota Jakarta Selatan"
"1777364845-195","https://www.blibli.com/cari/hp%20huwawei?brand=HUAWEI&sort=0&category=HA-1000002&intent=false&firstLoad=false","HUAWEI P40 Pro Smartphone [256 GB/ 8 GB]","11.500.000","","","","Kota Jakarta Timur"
"1777364845-196","https://www.blibli.com/cari/hp%20huwawei?brand=HUAWEI&sort=0&category=HA-1000002&intent=false&firstLoad=false","Huawei P40 Pro Smartphone [256GB/ 8GB/ 5G]","11.500.000","","","","Kota Jakarta Timur"
"1777364845-197","https://www.blibli.com/cari/hp%20huwawei?brand=HUAWEI&sort=0&category=HA-1000002&intent=false&firstLoad=false","HUAWEI Mate X7 Smartphone | Ultra Thin and Durable | True-to-Color Camera | Ultra-long Battery Life","27.999.000","","","","Kota Jakarta Utara"
"1777364845-198","https://www.blibli.com/cari/hp%20huwawei?brand=HUAWEI&sort=0&category=HA-1000002&intent=false&firstLoad=false","HUAWEI Pura 80 Pro Smartphone | 1-inch Sensor | Macro Telephoto | Kunlun Glass | 100W | Smart AI","14.999.000","","","","Kota Jakarta Utara"
"1777364845-199","https://www.blibli.com/cari/hp%20huwawei?brand=HUAWEI&sort=0&category=HA-1000002&intent=false&firstLoad=false","HUAWEI nova 14 Pro Smartphone l True-to-Life Color Camera | 50 MP Front Dual Camera l Smart AI | 100W","8.499.000","","","","Kota Jakarta Utara"
"1777364845-200","https://www.blibli.com/cari/hp%20huwawei?brand=HUAWEI&sort=0&category=HA-1000002&intent=false&firstLoad=false","HUAWEI nova 14 Pro Smartphone l True-to-Life Color Camera | 50 MP Front Dual Camera l Smart AI | 100W","8.499.000","","","","Kota Medan"
"1777364845-201","https://www.blibli.com/cari/hp%20huwawei?brand=HUAWEI&sort=0&category=HA-1000002&intent=false&firstLoad=false","HUAWEI Nova 14 Pro Smartphone l True-to-Life Color Camera | 50 MP Front Dual Camera l Smart AI | 100W","8.999.000","","","","Kota Bandung"
"1777364845-202","https://www.blibli.com/cari/hp%20huwawei?brand=HUAWEI&sort=0&category=HA-1000002&intent=false&firstLoad=false","Huawei Pura 80 12/256GB Kirin 9010S 6.6"" Smartphone - Garansi Resmi","10.499.000","","","","Kota Bandung"
"1777364845-203","https://www.blibli.com/cari/hp%20huwawei?brand=HUAWEI&sort=0&category=HA-1000002&intent=false&firstLoad=false","Huawei Mate X7 Smartphone 16/512GB | Ultra Lighting HDR Camera | Telephoto Macro Camera | Ultra-Wide Angle Camera | EMUI 15.0 - Garansi Resmi","27.199.000","","","","Kota Bandung"
"1777364845-204","https://www.blibli.com/cari/hp%20huwawei?brand=HUAWEI&sort=0&category=HA-1000002&intent=false&firstLoad=false","HUAWEI Pura 80 Pro Smartphone | 1-inch Sensor | Macro Telephoto | Kunlun Glass | 100W | Smart AI","12.877.000","","","Kota Bandung","Beli Beli Indonesia Flagship Store"
"1777364845-205","https://www.blibli.com/cari/hp%20huwawei?brand=HUAWEI&sort=0&category=HA-1000002&intent=false&firstLoad=false","HUAWEI Nova 14 Pro Smartphone l True-to-Life Color Camera | 50 MP Front Dual Camera l Smart AI | 100W","8.499.000","","","Kota Bandung","Up To Date Computer Flagship Store"
"1777364845-206","https://www.blibli.com/cari/hp%20huwawei?brand=HUAWEI&sort=0&category=HA-1000002&intent=false&firstLoad=false","HUAWEI Mate X7 Smartphone | Ultra Thin and Durable | True-to-Color Camera | Ultra-long Battery Life | Smart AI","27.999.000","","","Kota Semarang","Alyosha Semarang Flagship Store"
"1777364845-207","https://www.blibli.com/cari/hp%20huwawei?brand=HUAWEI&sort=0&category=HA-1000002&intent=false&firstLoad=false","HUAWEI nova 14 Pro Smartphone l True-to-Life Color Camera | 50 MP Front Dual Camera l Smart AI | 100W","8.499.000","4,9","Terjual 41","Kab. Sleman & kota lainnya","Alyosha Flagship Store"
"1777364845-208","https://www.blibli.com/cari/hp%20huwawei?brand=HUAWEI&sort=0&category=HA-1000002&intent=false&firstLoad=false","Huawei Mate X7 Smartphone 16/512GB | Ultra Lighting HDR Camera | Telephoto Macro Camera | Ultra-Wide Angle Camera | EMUI 15.0 - Garansi Resmi","27.400.000","","","Kota Bandung","Up To Date Computer Flagship Store"
"1777364845-209","https://www.blibli.com/cari/hp%20huwawei?brand=HUAWEI&sort=0&category=HA-1000002&intent=false&firstLoad=false","Huawei Mate X7 Smartphone 16/512GB | Ultra Lighting HDR Camera | Telephoto Macro Camera | Ultra-Wide Angle Camera | EMUI 15.0 - Garansi Resmi","27.400.000","","","Kota Bandung","Up To Shop Flagship Store"
"1777364845-210","https://www.blibli.com/cari/hp%20huwawei?brand=HUAWEI&sort=0&category=HA-1000002&intent=false&firstLoad=false","HUAWEI Pura 80 Ultra Smartphone | 10x Optical Zoom | 1-inch Sensor | Kunlun Glass | 100W | Smart AI","20.950.000","","","","Kab. Deli Serdang"
"1777364845-211","https://www.blibli.com/cari/hp%20huwawei?brand=HUAWEI&sort=0&category=HA-1000002&intent=false&firstLoad=false","Huawei P30 Lite Smartphone [128GB/ 6GB]","4.005.000","5","Terjual 11","Kota Medan","SINERGY SELLULAR Flagship Store"
"1777364845-212","https://www.blibli.com/cari/hp%20huwawei?brand=HUAWEI&sort=0&category=HA-1000002&intent=false&firstLoad=false","Huawei P40 Pro Smartphone + Free Buds 3 [8GB/256GB/Support 5G]","13.485.000","","","Kota Medan","SINERGY SELLULAR Flagship Store"
"1777364845-213","https://www.blibli.com/cari/hp%20huwawei?brand=HUAWEI&sort=0&category=HA-1000002&intent=false&firstLoad=false","Huawei Y7 Pro 2019 Smartphone [64 GB/4 GB]","2.610.000","5","Terjual 6","Kota Medan","SINERGY SELLULAR Flagship Store"
"1777364845-214","https://www.blibli.com/cari/hp%20huwawei?brand=HUAWEI&sort=0&category=HA-1000002&intent=false&firstLoad=false","HUAWEI Pura 80 Series - Basic/Pro/Ultra Smartphone | 10x Optical Zoom | 1-inch Sensor | Macro Telephoto | Kunlun Glass | 100W | Smart AI","22.999.000","","","Kota Jakarta Selatan","IT Galeri #1 Flagship Store"
"1777364845-215","https://www.blibli.com/cari/hp%20huwawei?brand=HUAWEI&sort=0&category=HA-1000002&intent=false&firstLoad=false","Huawei Nova 7 Smartphone [256 GB/ 8 GB]","6.899.000","","Terjual 1","","Kota Malang"
"1777364845-216","https://www.blibli.com/cari/hp%20huwawei?brand=HUAWEI&sort=0&category=HA-1000002&intent=false&firstLoad=false","Huawei Mate 30 Pro Smartphone - Silver Space","15.000.000","","","","Kota Malang"
"1777364845-217","https://www.blibli.com/cari/hp%20huwawei?brand=HUAWEI&sort=0&category=HA-1000002&intent=false&firstLoad=false","Pre-order","4.999.000","5","Terjual 9","","Kota Malang"
"1777364845-218","https://www.blibli.com/cari/hp%20huwawei?brand=HUAWEI&sort=0&category=HA-1000002&intent=false&firstLoad=false","Huawei Mate 40 Pro Smartphone [8 GB-256 GB]","15.999.000","","","","Kota Malang"
"1777364845-219","https://www.blibli.com/cari/hp%20huwawei?brand=HUAWEI&sort=0&category=HA-1000002&intent=false&firstLoad=false","Huawei P30 Lite Smartphone [128GB/ 6GB]","3.499.000","","Terjual 1","","Kota Malang"
"1777364845-220","https://www.blibli.com/cari/hp%20huwawei?brand=HUAWEI&sort=0&category=HA-1000002&intent=false&firstLoad=false","Huawei P30 Pro Smartphone [256 GB/ 8 GB]","10.499.000","","","","Kota Malang"
"1777364845-221","https://www.blibli.com/cari/hp%20huwawei?brand=HUAWEI&sort=0&category=HA-1000002&intent=false&firstLoad=false","Huawei P40 Pro Smartphone [8 GB/ 256 GB]","10.499.000","","Terjual 11","","Kota Malang"
"1777364845-222","https://www.blibli.com/cari/hp%20huwawei?brand=HUAWEI&sort=0&category=HA-1000002&intent=false&firstLoad=false","[NEW ARRIVAL] HUAWEI nova 13 Pro | 12GB + 512GB | 60 MP Front Ultra Portrait Dual Camera | 100W HUAWEI SuperCharge Turbo - Garansi Resmi","7.099.000","","Terjual 1","Kota Surabaya","Sentraponsel"
"1777364845-223","https://www.blibli.com/cari/hp%20huwawei?brand=HUAWEI&sort=0&category=HA-1000002&intent=false&firstLoad=false","Huawei P30 Pro Smartphone [256GB/ 8GB/ Garansi Resmi]","12.999.000","","","","Kota Surabaya"
"1777364845-224","https://www.blibli.com/cari/hp%20huwawei?brand=HUAWEI&sort=0&category=HA-1000002&intent=false&firstLoad=false","Huawei Nova 14 Pro 12/512GB HP Smartphone","8.091.525","5","Terjual 2","Kota Jakarta Pusat","Super Gadget Flagship Store"
"1777364845-225","https://www.blibli.com/cari/hp%20huwawei?brand=HUAWEI&sort=0&category=HA-1000002&intent=false&firstLoad=false","Huawei Nova 13 Pro 12/512GB HP Smartphone","7.749.000","","","Kota Jakarta Pusat","Super Gadget Flagship Store"
"1777364845-226","https://www.blibli.com/cari/hp%20huwawei?brand=HUAWEI&sort=0&category=HA-1000002&intent=false&firstLoad=false","Huawei Pura 80 12/256 GB 12GB 256GB HP AI Smartphone","12.674.025","","","Kota Jakarta Pusat","Super Gadget Flagship Store"
"1777364845-227","https://www.blibli.com/cari/hp%20huwawei?brand=HUAWEI&sort=0&category=HA-1000002&intent=false&firstLoad=false","HUAWEI Pura 70 Ultra Smartphone | Ultra Lighting Pop-out Camera | Ultra Speed Snapshot Garansi Resmi Huawei Indonesia","17.999.000","","","Kota Jakarta Pusat","Global Teleshop Flagship Store"
"1777364845-228","https://www.blibli.com/cari/hp%20huwawei?brand=HUAWEI&sort=0&category=HA-1000002&intent=false&firstLoad=false","HUAWEI Nova 13 Pro Smartphone | 12/512GB | 60 MP Front Ultra Portrait Dual CameraI SuperCharge Turbo","7.399.000","","","Kota Jakarta Pusat","Okeshop O2O Flagship Store"
"1777364845-229","https://www.blibli.com/cari/hp%20huwawei?brand=HUAWEI&sort=0&category=HA-1000002&intent=false&firstLoad=false","HUAWEI MATE X6 Smartphone | 12+512GB | Ultra Slim and Durable | Ultra Chroma Camera | Live-Multitask Inovatif","23.299.000","","Terjual 1","Kota Bandung","Beli Beli Indonesia Flagship Store"
"1777364845-230","https://www.blibli.com/cari/hp%20huwawei?brand=HUAWEI&sort=0&category=HA-1000002&intent=false&firstLoad=false","HUAWEI Mate X6 12/512GB Smartphone | Ultra Slim and Durable | Ultra Chroma Camera | Ultra-long Battery Life Garansi Resmi","30.999.000","","","Kota Jakarta Pusat","Global Teleshop Flagship Store"
"1777364845-231","https://www.blibli.com/cari/hp%20huwawei?brand=HUAWEI&sort=0&category=HA-1000002&intent=false&firstLoad=false","HUAWEI Pura 70 Ultra RAM 16GB Smartphone | Ultra Lighting Pop-out Camera | Ultra Speed Snapshot | Crystal Armour Kunlun Glass","15.988.975","","","Kota Bandung","Beli Beli Indonesia Flagship Store"
"1777364845-232","https://www.blibli.com/cari/hp%20huwawei?brand=HUAWEI&sort=0&category=HA-1000002&intent=false&firstLoad=false","Huawei Pura 80 12/256 GB RAM 12GB ROM 256GB Smart AI Smartphone","11.999.000","5","Terjual 1","Kota Jakarta Pusat","Gallery Gadget Flagship Store"
"1777364845-233","https://www.blibli.com/cari/hp%20huwawei?brand=HUAWEI&sort=0&category=HA-1000002&intent=false&firstLoad=false","Huawei Nova 3i Smartphone","3.499.000","","Terjual 4","","Kab. Bekasi"
"1777364845-234","https://www.blibli.com/cari/hp%20huwawei?brand=HUAWEI&sort=0&category=HA-1000002&intent=false&firstLoad=false","HUAWEI Pura 70 Ultra Smartphone","17.999.000","","Terjual 33","","Kota Depok"
"1777364845-235","https://www.blibli.com/cari/hp%20huwawei?brand=HUAWEI&sort=0&category=HA-1000002&intent=false&firstLoad=false","Huawei Honor 10 Lite Smartphone [64GB/3GB]","1.899.000","4","Terjual 1","","Kota Padang"
"1777364845-236","https://www.blibli.com/cari/hp%20huwawei?brand=HUAWEI&sort=0&category=HA-1000002&intent=false&firstLoad=false","Huawei Y7 Pro Smartphone [32 GB/ 3GB]","1.860.000","","","","Kota Jakarta Timur"
"1777364845-237","https://www.blibli.com/cari/hp%20huwawei?brand=HUAWEI&sort=0&category=HA-1000002&intent=false&firstLoad=false","Huawei P30 Lite Smartphone [128GB/ 6GB]","2.920.000","4","Terjual 10","","Kota Jakarta Timur"
"1777364845-238","https://www.blibli.com/cari/hp%20huwawei?brand=HUAWEI&sort=0&category=HA-1000002&intent=false&firstLoad=false","Huawei Y7 Prime Smartphone - Gold [32 GB/ 3 GB]","2.599.000","","","","Kota Jakarta Pusat"
"1777364845-239","https://www.blibli.com/cari/hp%20huwawei?brand=HUAWEI&sort=0&category=HA-1000002&intent=false&firstLoad=false","Huawei Nova 2i Smartphone - Black [64 GB/ 4 GB]","3.999.000","","","","Kota Jakarta Pusat"
"1777364845-240","https://www.blibli.com/cari/hp%20huwawei?brand=HUAWEI&sort=0&category=HA-1000002&intent=false&firstLoad=false","Huawei Y3 2017 Smartphone - Grey [8GB/ 1GB]","1.299.000","","","","Kota Jakarta Pusat"
"1777364909-241","https://www.blibli.com/cari/handphone%20huwawei?brand=HUAWEI&sort=0&intent=false&firstLoad=false&page=4&start=120","【NEW | Hadiah s/d 9,2JT】HUAWEI Mate 80 Pro Smartphone 16+512G l True-to-Colour Camera 2.0 l 2nd Gen Kunlun Glass l Smart AI | 100W","16.799.000","5","Terjual 39","Kota Tangerang","HUAWEI Flagship Store"
"1777364909-242","https://www.blibli.com/cari/handphone%20huwawei?brand=HUAWEI&sort=0&intent=false&firstLoad=false&page=4&start=120","Flip Cover Huawei MatePad T10s ORIGINAL","195.000","5","Terjual 3","","Kota Bekasi"
"1777364909-243","https://www.blibli.com/cari/handphone%20huwawei?brand=HUAWEI&sort=0&intent=false&firstLoad=false&page=4&start=120","HUAWEI Mate X6 Smartphone 12G/512GB | Ultra Slim and Durable | Ultra Chroma Camera | Ultra-long Battery Life","24.899.000","","","Kota Surabaya","TECHNO COM Flagship Store"
"1777364909-244","https://www.blibli.com/cari/handphone%20huwawei?brand=HUAWEI&sort=0&intent=false&firstLoad=false&page=4&start=120","HUAWEI PURA 80 PRO 12/512 GB GARANSI RESMI HUAWEI INDONESIA TERMURAH","13.015.500","","Terjual 1","Kota Surabaya","Hapemall Flagship Store"
"1777364909-245","https://www.blibli.com/cari/handphone%20huwawei?brand=HUAWEI&sort=0&intent=false&firstLoad=false&page=4&start=120","HUAWEI Mate X7 Fold 16GB/512GB Smartphone | Ultra Thin and Durable | True-to-Color Camera | Smart AI | Garansi Resmi","27.999.000","","","Kota Surabaya","Tokolasvegas Flagship Store"
"1777364909-246","https://www.blibli.com/cari/handphone%20huwawei?brand=HUAWEI&sort=0&intent=false&firstLoad=false&page=4&start=120","Hp Huawei Nova 13 Pro Ram 12GB Internal 512GB Garansi Resmi","8.199.000","","Terjual 1","Kota Pekanbaru","wwponsel_hangtuah Flagship Store"
"1777364909-247","https://www.blibli.com/cari/handphone%20huwawei?brand=HUAWEI&sort=0&intent=false&firstLoad=false&page=4&start=120","HUAWEI Pura 70 Ultra Smartphone Garansi Resmi","17.999.000","","Terjual 12","","Kota Surabaya & kota lainnya"
"1777364909-248","https://www.blibli.com/cari/handphone%20huwawei?brand=HUAWEI&sort=0&intent=false&firstLoad=false&page=4&start=120","HUAWEI nova 14 Pro Smartphone l True-to-Life Color Camera | 50 MP Front Dual Camera l Smart AI | 100W | Garansi Resmi","8.499.000","","Terjual 4","Kota Surabaya","Tokolasvegas Flagship Store"
"1777364909-249","https://www.blibli.com/cari/handphone%20huwawei?brand=HUAWEI&sort=0&intent=false&firstLoad=false&page=4&start=120","HUAWEI Pura 80 Pro Smartphone 12GB + 512GB | 1-inch Sensor | Macro Telephoto | Kunlun Glass | 100W SuperCharge | Smart AI | Handphone Pura80 Pro","13.499.000","","Terjual 1","Kota Jakarta Timur & kota lainnya","HangOn Flagship Store"
"1777364909-250","https://www.blibli.com/cari/handphone%20huwawei?brand=HUAWEI&sort=0&intent=false&firstLoad=false&page=4&start=120","Huawei Mate Pad 11.5-Inch Ram 6GB Rom 128GB","3.989.000","","","","Kota Surabaya"
"1777364909-251","https://www.blibli.com/cari/handphone%20huwawei?brand=HUAWEI&sort=0&intent=false&firstLoad=false&page=4&start=120","HUAWEI Pura 80 Ultra Smartphone 16GB + 512GB | 10x Optical Zoom | 1-inch Sensor | Kunlun Glass | 100W SuperCharge | Smart AI | Handphone Pura80 Ultra","20.999.000","","","Kota Jakarta Timur & kota lainnya","HangOn Flagship Store"
"1777364909-252","https://www.blibli.com/cari/handphone%20huwawei?brand=HUAWEI&sort=0&intent=false&firstLoad=false&page=4&start=120","HUAWEI nova 14 Pro Smartphone l True-to-Life Color Camera | 50 MP Front Dual Camera l Smart AI | 100W","8.499.000","4,9","Terjual 41","Kab. Sleman & kota lainnya","Alyosha Flagship Store"
"1777364909-253","https://www.blibli.com/cari/handphone%20huwawei?brand=HUAWEI&sort=0&intent=false&firstLoad=false&page=4&start=120","HUAWEI Pura 80 Ultra Smartphone | 10x Optical Zoom | 1-inch Sensor | Kunlun Glass | 100W | Smart AI","19.982.000","","","Kota Bandung","Beli Beli Indonesia Flagship Store"
"1777364909-254","https://www.blibli.com/cari/handphone%20huwawei?brand=HUAWEI&sort=0&intent=false&firstLoad=false&page=4&start=120","Modem Mobile WiFi Huawei Elite 6 TouchScreen Unlock","665.000","","","Kota Surakarta (Solo) & kota lainnya","ELS Computer Flagship Store"
"1777364909-255","https://www.blibli.com/cari/handphone%20huwawei?brand=HUAWEI&sort=0&intent=false&firstLoad=false&page=4&start=120","HUAWEI Mate 80 Pro Smartphone 16+512G l True-to-Colour Camera 2.0 l 2nd Gen Kunlun Glass l Smart AI | 100W","15.999.000","","","Kab. Tangerang","IT Galeri Flagship Store"
"1777364909-256","https://www.blibli.com/cari/handphone%20huwawei?brand=HUAWEI&sort=0&intent=false&firstLoad=false&page=4&start=120","HUAWEI nova 14 Pro Smartphone l True-to-Life Color Camera | 50 MP Front Dual Camera l Smart AI | 100W","8.499.000","5","Terjual 20","Kota Semarang","Alyosha Semarang Flagship Store"
"1777364909-257","https://www.blibli.com/cari/handphone%20huwawei?brand=HUAWEI&sort=0&intent=false&firstLoad=false&page=4&start=120","HUAWEI Nova 14 Pro Smartphone l True-to-Life Color Camera | 50 MP Front Dual Camera l Smart AI | 100W","8.499.000","","","Kota Bandung","Up To Date Computer Flagship Store"
"1777364909-258","https://www.blibli.com/cari/handphone%20huwawei?brand=HUAWEI&sort=0&intent=false&firstLoad=false&page=4&start=120","HUAWEI nova 14 Pro Smartphone l True-to-Life Color Camera | 50 MP Front Dual Camera l Smart AI | 100W","8.319.000","","Terjual 1","Kota Bandung","Beli Beli Indonesia Flagship Store"
"1777364909-259","https://www.blibli.com/cari/handphone%20huwawei?brand=HUAWEI&sort=0&intent=false&firstLoad=false&page=4&start=120","HUAWEI Mate X7 Smartphone | Ultra Thin and Durable | True-to-Color Camera | Ultra-long Battery Life | Smart AI","26.699.000","","","Kota Bandung","Beli Beli Indonesia Flagship Store"
"1777364909-260","https://www.blibli.com/cari/handphone%20huwawei?brand=HUAWEI&sort=0&intent=false&firstLoad=false&page=4&start=120","HUAWEI Pura 80 Pro Smartphone | 1-inch Sensor | Macro Telephoto | Kunlun Glass | 100W | Smart AI","12.877.000","","","Kota Bandung","Beli Beli Indonesia Flagship Store"
"1777364909-261","https://www.blibli.com/cari/handphone%20huwawei?brand=HUAWEI&sort=0&intent=false&firstLoad=false&page=4&start=120","Huawei Mate X7 Smartphone 16/512GB | Ultra Lighting HDR Camera | Telephoto Macro Camera | Ultra-Wide Angle Camera | EMUI 15.0 - Garansi Resmi","27.400.000","","","Kota Bandung","Up To Shop Flagship Store"
"1777364909-262","https://www.blibli.com/cari/handphone%20huwawei?brand=HUAWEI&sort=0&intent=false&firstLoad=false&page=4&start=120","HUAWEI Mate X7 Smartphone | Ultra Thin and Durable | True-to-Color Camera | Ultra-long Battery Life | Smart AI","27.999.000","","","Kota Semarang","Alyosha Semarang Flagship Store"
"1777364909-263","https://www.blibli.com/cari/handphone%20huwawei?brand=HUAWEI&sort=0&intent=false&firstLoad=false&page=4&start=120","HUAWEI Nova 14 Pro Smartphone l True-to-Life Color Camera | 50 MP Front Dual Camera l Smart AI | 100W","8.499.000","","","Kota Bandung","Up To Shop Flagship Store"
"1777364909-264","https://www.blibli.com/cari/handphone%20huwawei?brand=HUAWEI&sort=0&intent=false&firstLoad=false&page=4&start=120","HUAWEI Pura 80 Pro Smartphone | 1-inch Sensor | Macro Telephoto | Kunlun Glass | 100W | Smart AI","13.499.000","5","Terjual 15","Kota Yogyakarta","Huawei Jogja Flagship Store"
"1777364909-265","https://www.blibli.com/cari/handphone%20huwawei?brand=HUAWEI&sort=0&intent=false&firstLoad=false&page=4&start=120","HUAWEI nova 14 Pro Smartphone l True-to-Life Color Camera | 50 MP Front Dual Camera l Smart AI | 100W","8.499.000","5","Terjual 12","Kota Yogyakarta","Huawei Jogja Flagship Store"
"1777364909-266","https://www.blibli.com/cari/handphone%20huwawei?brand=HUAWEI&sort=0&intent=false&firstLoad=false&page=4&start=120","HUAWEI Mate X7 Smartphone | Ultra Thin and Durable | True-to-Color Camera | Ultra-long Battery Life | Smart AI","27.999.000","","","Kota Yogyakarta","Huawei Jogja Flagship Store"
"1777364909-267","https://www.blibli.com/cari/handphone%20huwawei?brand=HUAWEI&sort=0&intent=false&firstLoad=false&page=4&start=120","Huawei Mate X7 Smartphone 16/512GB | Ultra Lighting HDR Camera | Telephoto Macro Camera | Ultra-Wide Angle Camera | EMUI 15.0 - Garansi Resmi","27.400.000","","","Kota Bandung","Up To Date Computer Flagship Store"
"1777364909-268","https://www.blibli.com/cari/handphone%20huwawei?brand=HUAWEI&sort=0&intent=false&firstLoad=false&page=4&start=120","HUAWEI Pura 80 Ultra Smartphone | 10x Optical Zoom | 1-inch Sensor | Kunlun Glass | 100W | Smart AI - Prestige Gold","20.999.000","5","Terjual 5","Kota Yogyakarta","Huawei Jogja Flagship Store"
"1777364909-269","https://www.blibli.com/cari/handphone%20huwawei?brand=HUAWEI&sort=0&intent=false&firstLoad=false&page=4&start=120","Huawei P40 Pro Plus Smartphone [8 GB-512 GB]","15.499.000","","","","Kota Surabaya"
"1777364909-270","https://www.blibli.com/cari/handphone%20huwawei?brand=HUAWEI&sort=0&intent=false&firstLoad=false&page=4&start=120","【PAYDAY | Voucher s/d 10%】HUAWEI nova 14 Pro Smartphone l True-to-Life Color Camera | 50 MP Front Dual Camera l Smart AI | 100W","8.500.000","5","Terjual 68","Kota Tangerang","HUAWEI Flagship Store"
"1777364909-271","https://www.blibli.com/cari/handphone%20huwawei?brand=HUAWEI&sort=0&intent=false&firstLoad=false&page=4&start=120","Huawei Pura 80 12/256GB Kirin 9010S 6.6"" Smartphone - Garansi Resmi","10.499.000","","","Kota Bandung","Up To Date Computer Flagship Store"
"1777364909-272","https://www.blibli.com/cari/handphone%20huwawei?brand=HUAWEI&sort=0&intent=false&firstLoad=false&page=4&start=120","Huawei Pura 80 12/256GB Kirin 9010S 6.6"" Smartphone - Garansi Resmi","10.499.000","","","Kota Bandung","Up To Shop Flagship Store"
"1777364909-273","https://www.blibli.com/cari/handphone%20huwawei?brand=HUAWEI&sort=0&intent=false&firstLoad=false&page=4&start=120","【PAYDAY | Bank Cashback s/d 5JT】HUAWEI Mate X7 Smartphone | Ultra Thin and Durable | True-to-Color Camera | Ultra-long Battery Life | Smart AI","28.000.000","4,9","Terjual 146","Kota Tangerang","HUAWEI Flagship Store"
"1777364909-274","https://www.blibli.com/cari/handphone%20huwawei?brand=HUAWEI&sort=0&intent=false&firstLoad=false&page=4&start=120","MODEM HUAWEI MOBILE WIFI E5577C 150Mbps-ORIGINAL","1.050.000","","","Kota Banjarmasin","Hapeworld Flagship Store"
"1777364909-275","https://www.blibli.com/cari/handphone%20huwawei?brand=HUAWEI&sort=0&intent=false&firstLoad=false&page=4&start=120","Era 2000 - HUAWEI Pura 80 Pro Smartphone | 1-inch Sensor | Macro Telephoto | Kunlun Glass | 100W | Smart AI | Garansi Resmi","12.999.000","","Terjual 1","Kota Bandung","Era 2000 Flagship Store"
"1777364909-276","https://www.blibli.com/cari/handphone%20huwawei?brand=HUAWEI&sort=0&intent=false&firstLoad=false&page=4&start=120","(DCG) HUAWEI MATE X7 16/512 GB GARANSI RESMI FOLDABLE SMARTPHONE","27.500.000","","","Kota Medan","DigitalCellularGroup Flagship Store"
"1777364909-277","https://www.blibli.com/cari/handphone%20huwawei?brand=HUAWEI&sort=0&intent=false&firstLoad=false&page=4&start=120","HUAWEI nova 13 Pro Smartphone 12GB + 512GB | 60 MP Front Ultra Portrait Dual Camera | 100W HUAWEI SuperCharge Turbo | 6.76"" Handphone nova13 Pro","7.399.000","","","Kota Jakarta Barat & kota lainnya","HangOn Flagship Store"
"1777364909-278","https://www.blibli.com/cari/handphone%20huwawei?brand=HUAWEI&sort=0&intent=false&firstLoad=false&page=4&start=120","HUAWEI PURA 80 PRO","13.499.000","5","Terjual 3","Kab. Sleman & kota lainnya","Alyosha Flagship Store"
"1777364909-279","https://www.blibli.com/cari/handphone%20huwawei?brand=HUAWEI&sort=0&intent=false&firstLoad=false&page=4&start=120","HUAWEI Pura 80 Ultra","20.999.000","","","Kab. Sleman & kota lainnya","Alyosha Flagship Store"
"1777364909-280","https://www.blibli.com/cari/handphone%20huwawei?brand=HUAWEI&sort=0&intent=false&firstLoad=false&page=4&start=120","Huawei Pura 80 Ultra 16GB/512GB Kirin 9020 6.8"" EMUI 15.0 10x Optical Zoom | 1-inch Sensor - Garansi Resmi","13.299.000","5","Terjual 2","Kota Bandung","Up To Date Computer Flagship Store"
"1777364909-281","https://www.blibli.com/cari/handphone%20huwawei?brand=HUAWEI&sort=0&intent=false&firstLoad=false&page=4&start=120","Huawei Pura 80 Ultra 16GB/512GB Kirin 9020 6.8"" EMUI 15.0 10x Optical Zoom | 1-inch Sensor - Garansi Resmi","13.299.000","","","Kota Bandung","Up To Shop Flagship Store"
"1777364909-282","https://www.blibli.com/cari/handphone%20huwawei?brand=HUAWEI&sort=0&intent=false&firstLoad=false&page=4&start=120","Huawei GR3 Smartphone - Silver [4G]","959.200","","","","Kota Medan"
"1777364909-283","https://www.blibli.com/cari/handphone%20huwawei?brand=HUAWEI&sort=0&intent=false&firstLoad=false&page=4&start=120","Huawei Mate Xs Smartphone [512 GB/ 8 GB]","41.000.000","","","","Kota Jakarta Selatan"
"1777364909-284","https://www.blibli.com/cari/handphone%20huwawei?brand=HUAWEI&sort=0&intent=false&firstLoad=false&page=4&start=120","TABLET HUAWEI 11.5 INCH 6GB 128GB (SPACE GREY)","4.650.000","","","Kab. Pemalang","Irama Mas Cellular Flagship Store"
"1777364909-285","https://www.blibli.com/cari/handphone%20huwawei?brand=HUAWEI&sort=0&intent=false&firstLoad=false&page=4&start=120","【PAYDAY | Voucher s/d 10%】HUAWEI Mate X6 Smartphone | Ultra Slim and Durable | Ultra Chroma Camera | Ultra-long Battery Life","25.000.000","4,9","Terjual 151","Kota Tangerang","HUAWEI Flagship Store"
"1777364909-286","https://www.blibli.com/cari/handphone%20huwawei?brand=HUAWEI&sort=0&intent=false&firstLoad=false&page=4&start=120","【PAYDAY | Voucher s/d 10%】HUAWEI Pura 80 Pro Smartphone | 1-inch Sensor | Macro Telephoto | Kunlun Glass | 100W | Smart AI","13.500.000","4,9","Terjual 277","Kota Tangerang","HUAWEI Flagship Store"
"1777364909-287","https://www.blibli.com/cari/handphone%20huwawei?brand=HUAWEI&sort=0&intent=false&firstLoad=false&page=4&start=120","【PAYDAY | Voucher s/d 10%】HUAWEI Pura 80 Ultra Smartphone | 10x Optical Zoom | 1-inch Sensor | Kunlun Glass | 100W | Smart AI","21.000.000","4,8","Terjual 71","Kota Tangerang","HUAWEI Flagship Store"
"1777364909-288","https://www.blibli.com/cari/handphone%20huwawei?brand=HUAWEI&sort=0&intent=false&firstLoad=false&page=4&start=120","【NEW | Hadiah s/d 9,2JT】HUAWEI Mate 80 Pro Smartphone 16+512G l True-to-Colour Camera 2.0 l 2nd Gen Kunlun Glass l Smart AI | 100W","16.799.000","5","Terjual 39","Kota Tangerang","HUAWEI Flagship Store"
"1777364909-289","https://www.blibli.com/cari/handphone%20huwawei?brand=HUAWEI&sort=0&intent=false&firstLoad=false&page=4&start=120","HUAWEI P40 Pro Smartphone [256 GB/ 8 GB]","11.500.000","","","","Kota Jakarta Timur"
"1777364909-290","https://www.blibli.com/cari/handphone%20huwawei?brand=HUAWEI&sort=0&intent=false&firstLoad=false&page=4&start=120","Era 2000 - HUAWEI nova 14 Pro Smartphone l True-to-Life Color Camera | 50 MP Front Dual Camera l Smart AI | 100W","8.299.000","","Terjual 1","Kota Bandung","Era 2000 Flagship Store"
"1777364909-291","https://www.blibli.com/cari/handphone%20huwawei?brand=HUAWEI&sort=0&intent=false&firstLoad=false&page=4&start=120","Huawei P40 Pro Smartphone [256GB/ 8GB/ 5G]","11.500.000","","","","Kota Jakarta Timur"
"1777364909-292","https://www.blibli.com/cari/handphone%20huwawei?brand=HUAWEI&sort=0&intent=false&firstLoad=false&page=4&start=120","HUAWEI Mate X7 Smartphone | Ultra Thin and Durable | True-to-Color Camera | Ultra-long Battery Life","27.999.000","","","","Kota Jakarta Utara"
"1777364909-293","https://www.blibli.com/cari/handphone%20huwawei?brand=HUAWEI&sort=0&intent=false&firstLoad=false&page=4&start=120","HUAWEI Nova 14 Pro Smartphone l True-to-Life Color Camera | 50 MP Front Dual Camera l Smart AI | 100W","8.999.000","","","","Kota Bandung"
"1777364909-294","https://www.blibli.com/cari/handphone%20huwawei?brand=HUAWEI&sort=0&intent=false&firstLoad=false&page=4&start=120","HUAWEI Pura 80 Pro Smartphone | 1-inch Sensor | Macro Telephoto | Kunlun Glass | 100W | Smart AI","14.999.000","","","","Kota Jakarta Utara"
"1777364909-295","https://www.blibli.com/cari/handphone%20huwawei?brand=HUAWEI&sort=0&intent=false&firstLoad=false&page=4&start=120","Huawei Freebuds 3i","1.412.900","","","Kota Jakarta Pusat","Victorindo Flagship Store"
"1777364909-296","https://www.blibli.com/cari/handphone%20huwawei?brand=HUAWEI&sort=0&intent=false&firstLoad=false&page=4&start=120","HUAWEI nova 14 Pro Smartphone l True-to-Life Color Camera | 50 MP Front Dual Camera l Smart AI | 100W","8.499.000","","","","Kota Jakarta Utara"
"1777364909-297","https://www.blibli.com/cari/handphone%20huwawei?brand=HUAWEI&sort=0&intent=false&firstLoad=false&page=4&start=120","Huawei P40 Smartphone [8 GB-128 GB]","8.999.000","","","","Kota Jakarta Selatan"
"1777364909-298","https://www.blibli.com/cari/handphone%20huwawei?brand=HUAWEI&sort=0&intent=false&firstLoad=false&page=4&start=120","Huawei Tripod Selfie Stick AF14 Tongkat Selfi Kamera Stand","150.000","","","Kota Jakarta Pusat","Super Gadget Flagship Store"
"1777364909-299","https://www.blibli.com/cari/handphone%20huwawei?brand=HUAWEI&sort=0&intent=false&firstLoad=false&page=4&start=120","HUAWEI MATEPAD 12X 2026 12INCH 12GB 256GB PaperMatte Edition","9.999.000","","","Kab. Pemalang","Irama Mas Cellular Flagship Store"
"1777364909-300","https://www.blibli.com/cari/handphone%20huwawei?brand=HUAWEI&sort=0&intent=false&firstLoad=false&page=4&start=120","HUAWEI nova 14 Pro Smartphone l True-to-Life Color Camera | 50 MP Front Dual Camera l Smart AI | 100W","8.499.000","","","","Kota Medan"
"1777364909-301","https://www.blibli.com/cari/handphone%20huwawei?brand=HUAWEI&sort=0&intent=false&firstLoad=false&page=4&start=120","Huawei Mate X7 Smartphone 16/512GB | Ultra Lighting HDR Camera | Telephoto Macro Camera | Ultra-Wide Angle Camera | EMUI 15.0 - Garansi Resmi","27.199.000","","","","Kota Bandung"
"1777364909-302","https://www.blibli.com/cari/handphone%20huwawei?brand=HUAWEI&sort=0&intent=false&firstLoad=false&page=4&start=120","Huawei Pura 80 12/256GB Kirin 9010S 6.6"" Smartphone - Garansi Resmi","10.499.000","","","","Kota Bandung"
"1777364909-303","https://www.blibli.com/cari/handphone%20huwawei?brand=HUAWEI&sort=0&intent=false&firstLoad=false&page=4&start=120","HUAWEI Pura 80 Ultra Smartphone | 10x Optical Zoom | 1-inch Sensor | Kunlun Glass | 100W | Smart AI","20.999.000","","","","Kota Medan"
"1777364909-304","https://www.blibli.com/cari/handphone%20huwawei?brand=HUAWEI&sort=0&intent=false&firstLoad=false&page=4&start=120","Mifi Router Huawei E5573 Airtel Speed 4G LTE Mobile Wifi","550.000","","","","Kota Semarang"
"1777364909-305","https://www.blibli.com/cari/handphone%20huwawei?brand=HUAWEI&sort=0&intent=false&firstLoad=false&page=4&start=120","HUAWEI GT 4 46MM METAL GREY","5.499.000","","","","Kota Makassar"
"1777364909-306","https://www.blibli.com/cari/handphone%20huwawei?brand=HUAWEI&sort=0&intent=false&firstLoad=false&page=4&start=120","HUAWEI HONOR 4C WIFI ONLY [TYPE LAMA]","599.000","","","","Kab. Karawang"
"1777364909-307","https://www.blibli.com/cari/handphone%20huwawei?brand=HUAWEI&sort=0&intent=false&firstLoad=false&page=4&start=120","HUAWEI HONOR 6 PLUS WIFI ONLY [TYPE LAMA]","999.000","","","","Kab. Karawang"
"1777364909-308","https://www.blibli.com/cari/handphone%20huwawei?brand=HUAWEI&sort=0&intent=false&firstLoad=false&page=4&start=120","HUAWEI GT 4 46MM METAL SILVER","5.499.000","","","","Kota Makassar"
"1777364909-309","https://www.blibli.com/cari/handphone%20huwawei?brand=HUAWEI&sort=0&intent=false&firstLoad=false&page=4&start=120","HUAWEI GT 4 46MM BROWN","3.253.350","","","","Kota Makassar"
"1777364909-310","https://www.blibli.com/cari/handphone%20huwawei?brand=HUAWEI&sort=0&intent=false&firstLoad=false&page=4&start=120","Huawei matepad 11 [6/128GB] GARANSI RESMI","6.999.000","","","","Kota Makassar"
"1777364909-311","https://www.blibli.com/cari/handphone%20huwawei?brand=HUAWEI&sort=0&intent=false&firstLoad=false&page=4&start=120","HUAWEI WATCH BUDS GARANSI RESMI","8.250.000","","","","Kota Makassar"
"1777364909-312","https://www.blibli.com/cari/handphone%20huwawei?brand=HUAWEI&sort=0&intent=false&firstLoad=false&page=4&start=120","HUAWEI GT 4 46MM GREEN","3.174.000","","","","Kota Makassar"
"1777364909-313","https://www.blibli.com/cari/handphone%20huwawei?brand=HUAWEI&sort=0&intent=false&firstLoad=false&page=4&start=120","HUAWEI GT 4 46MM BLACK","3.196.960","","","","Kota Makassar"
"1777364909-314","https://www.blibli.com/cari/handphone%20huwawei?brand=HUAWEI&sort=0&intent=false&firstLoad=false&page=4&start=120","HUAWEI HONOR 3C WIFY ONLY [TYPE LAMA]","449.000","","","","Kab. Karawang"
"1777364909-315","https://www.blibli.com/cari/handphone%20huwawei?brand=HUAWEI&sort=0&intent=false&firstLoad=false&page=4&start=120","\HUAWEI MATEPAD PRO 13.2 [12/256 GB] GARANSI RESMI","31.500.000","","Terjual 2","","Kota Makassar"
"1777364909-316","https://www.blibli.com/cari/handphone%20huwawei?brand=HUAWEI&sort=0&intent=false&firstLoad=false&page=4&start=120","HUAWEI MATEPAD PRO 13.2 [12/512 GB] GARANSI RESMI","17.999.000","","","","Kota Makassar"
"1777364909-317","https://www.blibli.com/cari/handphone%20huwawei?brand=HUAWEI&sort=0&intent=false&firstLoad=false&page=4&start=120","HUAWEI FREEBUDS PRO 3 | GARANSI RESMI","2.999.000","","","","Kota Makassar"
"1777364909-318","https://www.blibli.com/cari/handphone%20huwawei?brand=HUAWEI&sort=0&intent=false&firstLoad=false&page=4&start=120","HUAWEI WATCH FIT 2 ACTIVE | GARANSI RESMI","1.599.000","","","","Kota Makassar"
"1777364909-319","https://www.blibli.com/cari/handphone%20huwawei?brand=HUAWEI&sort=0&intent=false&firstLoad=false&page=4&start=120","HUAWEI MATEPAD 11.5 [8/128GB] - [6/128GB] Garansi Resmi","4.484.000","","","","Kab. Jember"
"1777364909-320","https://www.blibli.com/cari/handphone%20huwawei?brand=HUAWEI&sort=0&intent=false&firstLoad=false&page=4&start=120","Tablet Huawei Matepad T10.4 - 4GB/128GB","3.100.000","","","","Kota Cirebon"
"1777364909-321","https://www.blibli.com/cari/handphone%20huwawei?brand=HUAWEI&sort=0&intent=false&firstLoad=false&page=4&start=120","HUAWEI WATCH GT 3 PRO | GARANSI RESMI","4.399.000","","","","Kota Makassar"
"1777364909-322","https://www.blibli.com/cari/handphone%20huwawei?brand=HUAWEI&sort=0&intent=false&firstLoad=false&page=4&start=120","Huawei E5576 Modem Mifi 4G LTE Unlock","737.000","","Terjual 1","","Kota Pekanbaru"
"1777364909-323","https://www.blibli.com/cari/handphone%20huwawei?brand=HUAWEI&sort=0&intent=false&firstLoad=false&page=4&start=120","HUAWEI MATEPAD 11.5 [8/128 GB] GARANSI RESMI","5.199.000","","Terjual 1","","Kota Makassar"
"1777364909-324","https://www.blibli.com/cari/handphone%20huwawei?brand=HUAWEI&sort=0&intent=false&firstLoad=false&page=4&start=120","HUAWEI MATEPAD 11 [6/128 GB] GARANSI RESMi","6.999.000","","","","Kota Makassar"
"1777364909-325","https://www.blibli.com/cari/handphone%20huwawei?brand=HUAWEI&sort=0&intent=false&firstLoad=false&page=4&start=120","HUAWEI WATCH ULTIMATE BLUE | FREE GIFT | GARANSI RESMI","12.999.000","","","","Kota Makassar"
"1777364909-326","https://www.blibli.com/cari/handphone%20huwawei?brand=HUAWEI&sort=0&intent=false&firstLoad=false&page=4&start=120","HUAWEI MATEPAD SE 11 [6/128GB] GARANSI RESMI","2.600.000","5","Terjual 3","","Kota Makassar"
"1777364909-327","https://www.blibli.com/cari/handphone%20huwawei?brand=HUAWEI&sort=0&intent=false&firstLoad=false&page=4&start=120","HUAWEI MATEPAD 11.5 PAPERMATTE [8/128 GB] GARANSI RESMI","6.499.000","","Terjual 1","","Kota Makassar"
"1777364909-328","https://www.blibli.com/cari/handphone%20huwawei?brand=HUAWEI&sort=0&intent=false&firstLoad=false&page=4&start=120","HUAWEI WATCH ULTIMATE GOLD | FREE GIFT | GARANSI RESMI","41.999.000","","","","Kota Makassar"
"1777364909-329","https://www.blibli.com/cari/handphone%20huwawei?brand=HUAWEI&sort=0&intent=false&firstLoad=false&page=4&start=120","HUAWEI WATCH FIT 3 [GREEN] - GARANSI RESMI","1.999.000","","","","Kota Makassar"
"1777364909-330","https://www.blibli.com/cari/handphone%20huwawei?brand=HUAWEI&sort=0&intent=false&firstLoad=false&page=4&start=120","HUAWEI WATCH FIT 3 [WHITE] - GARANSI RESMI","1.999.000","","","","Kota Makassar"
"1777364909-331","https://www.blibli.com/cari/handphone%20huwawei?brand=HUAWEI&sort=0&intent=false&firstLoad=false&page=4&start=120","HUAWEI WATCH FIT 3 [PINK] - GARANSI RESMI","1.999.000","","","","Kota Makassar"
"1777364909-332","https://www.blibli.com/cari/handphone%20huwawei?brand=HUAWEI&sort=0&intent=false&firstLoad=false&page=4&start=120","HUAWEI WATCH FIT 3 [BLACK] - GARANSI RESMI","1.999.000","5","Terjual 1","","Kota Makassar"
"1777364909-333","https://www.blibli.com/cari/handphone%20huwawei?brand=HUAWEI&sort=0&intent=false&firstLoad=false&page=4&start=120","HUAWEI GT 4 41MM GREEN - GARANSI RESMI","3.199.000","","","","Kota Makassar"
"1777364909-334","https://www.blibli.com/cari/handphone%20huwawei?brand=HUAWEI&sort=0&intent=false&firstLoad=false&page=4&start=120","HUAWEI MATE 80 PRO 16/512 RAM 16GB STORAGE 512GB Garansi resmi","16.999.000","","","","Kota Pontianak"
"1777364909-335","https://www.blibli.com/cari/handphone%20huwawei?brand=HUAWEI&sort=0&intent=false&firstLoad=false&page=4&start=120","HUAWEI MATEPAD 11.5""S PAPERMATTE [8/256 GB] - GARANSI RESMI","7.999.000","","Terjual 1","","Kota Makassar"
"1777364909-336","https://www.blibli.com/cari/handphone%20huwawei?brand=HUAWEI&sort=0&intent=false&firstLoad=false&page=4&start=120","HUAWEI MATEPAD AIR [8/128GB] GARANSI RESMI FREE GIFT","7.700.000","5","Terjual 1","","Kota Makassar"
"1777364909-337","https://www.blibli.com/cari/handphone%20huwawei?brand=HUAWEI&sort=0&intent=false&firstLoad=false&page=4&start=120","HUAWEI MATEBOOK D14 12TH GEN | I5 PROCESSOR | GARANSI RESMI","8.849.000","","","","Kota Makassar"
"1777364909-338","https://www.blibli.com/cari/handphone%20huwawei?brand=HUAWEI&sort=0&intent=false&firstLoad=false&page=4&start=120","HUAWEI MATEBOOK D14 13TH GEN | I5 PROCESSOR | GARANSI RESMI","10.599.000","","Terjual 1","","Kota Makassar"
"1777364909-339","https://www.blibli.com/cari/handphone%20huwawei?brand=HUAWEI&sort=0&intent=false&firstLoad=false&page=4&start=120","HUAWEI WATCH GT 4 GT4 46MM GRATIS FREEBUDS & STRAP - GARANSI RESMI","3.499.000","","","","Kab. Purwakarta"
"1777364909-340","https://www.blibli.com/cari/handphone%20huwawei?brand=HUAWEI&sort=0&intent=false&firstLoad=false&page=4&start=120","Modem Huawei B312 wifi home router 4G orbit star 2 bonus kartu perdana telkomsel","945.250","","","","Kota Jakarta Pusat"
"1777364909-341","https://www.blibli.com/cari/handphone%20huwawei?brand=HUAWEI&sort=0&intent=false&firstLoad=false&page=4&start=120","HUAWEI Pura 80 Ultra Smartphone | 10x Optical Zoom | 1-inch Sensor | Kunlun Glass | 100W | Smart AI","20.950.000","","","","Kab. Deli Serdang"
"1777364909-342","https://www.blibli.com/cari/handphone%20huwawei?brand=HUAWEI&sort=0&intent=false&firstLoad=false&page=4&start=120","Huawei P30 Lite Smartphone [128GB/ 6GB]","4.005.000","5","Terjual 11","Kota Medan","SINERGY SELLULAR Flagship Store"
"1777364909-343","https://www.blibli.com/cari/handphone%20huwawei?brand=HUAWEI&sort=0&intent=false&firstLoad=false&page=4&start=120","Huawei P40 Pro Smartphone + Free Buds 3 [8GB/256GB/Support 5G]","13.485.000","","","Kota Medan","SINERGY SELLULAR Flagship Store"
"1777364909-344","https://www.blibli.com/cari/handphone%20huwawei?brand=HUAWEI&sort=0&intent=false&firstLoad=false&page=4&start=120","Huawei Y7 Pro 2019 Smartphone [64 GB/4 GB]","2.610.000","5","Terjual 6","Kota Medan","SINERGY SELLULAR Flagship Store"
"1777364909-345","https://www.blibli.com/cari/handphone%20huwawei?brand=HUAWEI&sort=0&intent=false&firstLoad=false&page=4&start=120","Huawei Mate 30 Pro Smartphone - Silver Space","15.000.000","","","","Kota Malang"
"1777364909-346","https://www.blibli.com/cari/handphone%20huwawei?brand=HUAWEI&sort=0&intent=false&firstLoad=false&page=4&start=120","Huawei Nova 7 Smartphone [256 GB/ 8 GB]","6.899.000","","Terjual 1","","Kota Malang"
"1777364909-347","https://www.blibli.com/cari/handphone%20huwawei?brand=HUAWEI&sort=0&intent=false&firstLoad=false&page=4&start=120","Huawei Mate 40 Pro Smartphone [8 GB-256 GB]","15.999.000","","","","Kota Malang"
"1777364909-348","https://www.blibli.com/cari/handphone%20huwawei?brand=HUAWEI&sort=0&intent=false&firstLoad=false&page=4&start=120","Pre-order","4.999.000","5","Terjual 9","","Kota Malang"
"1777364909-349","https://www.blibli.com/cari/handphone%20huwawei?brand=HUAWEI&sort=0&intent=false&firstLoad=false&page=4&start=120","Huawei P30 Lite Smartphone [128GB/ 6GB]","3.499.000","","Terjual 1","","Kota Malang"
"1777364909-350","https://www.blibli.com/cari/handphone%20huwawei?brand=HUAWEI&sort=0&intent=false&firstLoad=false&page=4&start=120","Huawei P30 Pro Smartphone [256 GB/ 8 GB]","10.499.000","","","","Kota Malang"
"1777364909-351","https://www.blibli.com/cari/handphone%20huwawei?brand=HUAWEI&sort=0&intent=false&firstLoad=false&page=4&start=120","Huawei P40 Pro Smartphone [8 GB/ 256 GB]","10.499.000","","Terjual 11","","Kota Malang"
"1777364909-352","https://www.blibli.com/cari/handphone%20huwawei?brand=HUAWEI&sort=0&intent=false&firstLoad=false&page=4&start=120","HUAWEI Pura 80 Series - Basic/Pro/Ultra Smartphone | 10x Optical Zoom | 1-inch Sensor | Macro Telephoto | Kunlun Glass | 100W | Smart AI","22.999.000","","","Kota Jakarta Selatan","IT Galeri #1 Flagship Store"
"1777364909-353","https://www.blibli.com/cari/handphone%20huwawei?brand=HUAWEI&sort=0&intent=false&firstLoad=false&page=4&start=120","HUAWEI FREEBUDS 3I","1.399.000","","","","Kota Malang"
"1777364909-354","https://www.blibli.com/cari/handphone%20huwawei?brand=HUAWEI&sort=0&intent=false&firstLoad=false&page=4&start=120","Huawei P30 Pro Smartphone [256GB/ 8GB/ Garansi Resmi]","12.999.000","","","","Kota Surabaya"
"1777364909-355","https://www.blibli.com/cari/handphone%20huwawei?brand=HUAWEI&sort=0&intent=false&firstLoad=false&page=4&start=120","HUAWEI Pura 70 Ultra Smartphone | Ultra Lighting Pop-out Camera | Ultra Speed Snapshot Garansi Resmi Huawei Indonesia","17.999.000","","","Kota Jakarta Pusat","Global Teleshop Flagship Store"
"1777364909-356","https://www.blibli.com/cari/handphone%20huwawei?brand=HUAWEI&sort=0&intent=false&firstLoad=false&page=4&start=120","HUAWEI Nova 13 Pro Smartphone | 12/512GB | 60 MP Front Ultra Portrait Dual CameraI SuperCharge Turbo","7.399.000","","","Kota Jakarta Pusat","Okeshop O2O Flagship Store"
"1777364909-357","https://www.blibli.com/cari/handphone%20huwawei?brand=HUAWEI&sort=0&intent=false&firstLoad=false&page=4&start=120","HUAWEI MATE X6 Smartphone | 12+512GB | Ultra Slim and Durable | Ultra Chroma Camera | Live-Multitask Inovatif","23.299.000","","Terjual 1","Kota Bandung","Beli Beli Indonesia Flagship Store"
"1777364909-358","https://www.blibli.com/cari/handphone%20huwawei?brand=HUAWEI&sort=0&intent=false&firstLoad=false&page=4&start=120","Huawei Nova 13 Pro 12/512GB HP Smartphone","7.555.275","","","Kota Jakarta Pusat","Super Gadget Flagship Store"
"1777364909-359","https://www.blibli.com/cari/handphone%20huwawei?brand=HUAWEI&sort=0&intent=false&firstLoad=false&page=4&start=120","Huawei Nova 14 Pro 12/512GB HP Smartphone","8.091.525","5","Terjual 2","Kota Jakarta Pusat","Super Gadget Flagship Store"
"1777364909-360","https://www.blibli.com/cari/handphone%20huwawei?brand=HUAWEI&sort=0&intent=false&firstLoad=false&page=4&start=120","HUAWEI Pura 70 Ultra RAM 16GB Smartphone | Ultra Lighting Pop-out Camera | Ultra Speed Snapshot | Crystal Armour Kunlun Glass","15.988.975","","","Kota Bandung","Beli Beli Indonesia Flagship Store"
"1777364909-361","https://www.blibli.com/cari/handphone%20huwawei?brand=HUAWEI&sort=0&intent=false&firstLoad=false&page=4&start=120","HUAWEI Pura 70 Ultra Smartphone","17.999.000","","Terjual 33","","Kota Depok"
"1777364990-362","https://www.blibli.com/cari/handphone%20huwawei?brand=HUAWEI&sort=0&intent=false&firstLoad=false&page=3&start=80","【NEW | Hadiah s/d 9,2JT】HUAWEI Mate 80 Pro Smartphone 16+512G l True-to-Colour Camera 2.0 l 2nd Gen Kunlun Glass l Smart AI | 100W","16.799.000","5","Terjual 39","Kota Tangerang","HUAWEI Flagship Store"
"1777364990-363","https://www.blibli.com/cari/handphone%20huwawei?brand=HUAWEI&sort=0&intent=false&firstLoad=false&page=3&start=80","Flip Cover Huawei MatePad T10s ORIGINAL","195.000","5","Terjual 3","","Kota Bekasi"
"1777364990-364","https://www.blibli.com/cari/handphone%20huwawei?brand=HUAWEI&sort=0&intent=false&firstLoad=false&page=3&start=80","HUAWEI Mate X6 Smartphone 12G/512GB | Ultra Slim and Durable | Ultra Chroma Camera | Ultra-long Battery Life","24.899.000","","","Kota Surabaya","TECHNO COM Flagship Store"
"1777364990-365","https://www.blibli.com/cari/handphone%20huwawei?brand=HUAWEI&sort=0&intent=false&firstLoad=false&page=3&start=80","HUAWEI PURA 80 PRO 12/512 GB GARANSI RESMI HUAWEI INDONESIA TERMURAH","13.015.500","","Terjual 1","Kota Surabaya","Hapemall Flagship Store"
"1777364990-366","https://www.blibli.com/cari/handphone%20huwawei?brand=HUAWEI&sort=0&intent=false&firstLoad=false&page=3&start=80","HUAWEI Mate X7 Fold 16GB/512GB Smartphone | Ultra Thin and Durable | True-to-Color Camera | Smart AI | Garansi Resmi","27.999.000","","","Kota Surabaya","Tokolasvegas Flagship Store"
"1777364990-367","https://www.blibli.com/cari/handphone%20huwawei?brand=HUAWEI&sort=0&intent=false&firstLoad=false&page=3&start=80","Hp Huawei Nova 13 Pro Ram 12GB Internal 512GB Garansi Resmi","8.199.000","","Terjual 1","Kota Pekanbaru","wwponsel_hangtuah Flagship Store"
"1777364990-368","https://www.blibli.com/cari/handphone%20huwawei?brand=HUAWEI&sort=0&intent=false&firstLoad=false&page=3&start=80","HUAWEI Pura 70 Ultra Smartphone Garansi Resmi","17.999.000","","Terjual 12","","Kota Surabaya & kota lainnya"
"1777364990-369","https://www.blibli.com/cari/handphone%20huwawei?brand=HUAWEI&sort=0&intent=false&firstLoad=false&page=3&start=80","HUAWEI nova 14 Pro Smartphone l True-to-Life Color Camera | 50 MP Front Dual Camera l Smart AI | 100W | Garansi Resmi","8.499.000","","Terjual 4","Kota Surabaya","Tokolasvegas Flagship Store"
"1777364990-370","https://www.blibli.com/cari/handphone%20huwawei?brand=HUAWEI&sort=0&intent=false&firstLoad=false&page=3&start=80","HUAWEI Pura 80 Pro Smartphone 12GB + 512GB | 1-inch Sensor | Macro Telephoto | Kunlun Glass | 100W SuperCharge | Smart AI | Handphone Pura80 Pro","13.499.000","","Terjual 1","Kota Jakarta Timur & kota lainnya","HangOn Flagship Store"
"1777364990-371","https://www.blibli.com/cari/handphone%20huwawei?brand=HUAWEI&sort=0&intent=false&firstLoad=false&page=3&start=80","Huawei Mate Pad 11.5-Inch Ram 6GB Rom 128GB","3.989.000","","","","Kota Surabaya"
"1777364990-372","https://www.blibli.com/cari/handphone%20huwawei?brand=HUAWEI&sort=0&intent=false&firstLoad=false&page=3&start=80","HUAWEI Pura 80 Ultra Smartphone 16GB + 512GB | 10x Optical Zoom | 1-inch Sensor | Kunlun Glass | 100W SuperCharge | Smart AI | Handphone Pura80 Ultra","20.999.000","","","Kota Jakarta Timur & kota lainnya","HangOn Flagship Store"
"1777364990-373","https://www.blibli.com/cari/handphone%20huwawei?brand=HUAWEI&sort=0&intent=false&firstLoad=false&page=3&start=80","HUAWEI nova 14 Pro Smartphone l True-to-Life Color Camera | 50 MP Front Dual Camera l Smart AI | 100W","8.499.000","4,9","Terjual 41","Kab. Sleman & kota lainnya","Alyosha Flagship Store"
"1777364990-374","https://www.blibli.com/cari/handphone%20huwawei?brand=HUAWEI&sort=0&intent=false&firstLoad=false&page=3&start=80","HUAWEI Pura 80 Ultra Smartphone | 10x Optical Zoom | 1-inch Sensor | Kunlun Glass | 100W | Smart AI","19.982.000","","","Kota Bandung","Beli Beli Indonesia Flagship Store"
"1777364990-375","https://www.blibli.com/cari/handphone%20huwawei?brand=HUAWEI&sort=0&intent=false&firstLoad=false&page=3&start=80","Modem Mobile WiFi Huawei Elite 6 TouchScreen Unlock","665.000","","","Kota Surakarta (Solo) & kota lainnya","ELS Computer Flagship Store"
"1777364990-376","https://www.blibli.com/cari/handphone%20huwawei?brand=HUAWEI&sort=0&intent=false&firstLoad=false&page=3&start=80","HUAWEI Mate 80 Pro Smartphone 16+512G l True-to-Colour Camera 2.0 l 2nd Gen Kunlun Glass l Smart AI | 100W","15.999.000","","","Kab. Tangerang","IT Galeri Flagship Store"
"1777364990-377","https://www.blibli.com/cari/handphone%20huwawei?brand=HUAWEI&sort=0&intent=false&firstLoad=false&page=3&start=80","HUAWEI nova 14 Pro Smartphone l True-to-Life Color Camera | 50 MP Front Dual Camera l Smart AI | 100W","8.499.000","5","Terjual 20","Kota Semarang","Alyosha Semarang Flagship Store"
"1777364990-378","https://www.blibli.com/cari/handphone%20huwawei?brand=HUAWEI&sort=0&intent=false&firstLoad=false&page=3&start=80","HUAWEI Nova 14 Pro Smartphone l True-to-Life Color Camera | 50 MP Front Dual Camera l Smart AI | 100W","8.499.000","","","Kota Bandung","Up To Date Computer Flagship Store"
"1777364990-379","https://www.blibli.com/cari/handphone%20huwawei?brand=HUAWEI&sort=0&intent=false&firstLoad=false&page=3&start=80","HUAWEI nova 14 Pro Smartphone l True-to-Life Color Camera | 50 MP Front Dual Camera l Smart AI | 100W","8.319.000","","Terjual 1","Kota Bandung","Beli Beli Indonesia Flagship Store"
"1777364990-380","https://www.blibli.com/cari/handphone%20huwawei?brand=HUAWEI&sort=0&intent=false&firstLoad=false&page=3&start=80","HUAWEI Mate X7 Smartphone | Ultra Thin and Durable | True-to-Color Camera | Ultra-long Battery Life | Smart AI","26.699.000","","","Kota Bandung","Beli Beli Indonesia Flagship Store"
"1777364990-381","https://www.blibli.com/cari/handphone%20huwawei?brand=HUAWEI&sort=0&intent=false&firstLoad=false&page=3&start=80","HUAWEI Pura 80 Pro Smartphone | 1-inch Sensor | Macro Telephoto | Kunlun Glass | 100W | Smart AI","12.877.000","","","Kota Bandung","Beli Beli Indonesia Flagship Store"
"1777364990-382","https://www.blibli.com/cari/handphone%20huwawei?brand=HUAWEI&sort=0&intent=false&firstLoad=false&page=3&start=80","Huawei Mate X7 Smartphone 16/512GB | Ultra Lighting HDR Camera | Telephoto Macro Camera | Ultra-Wide Angle Camera | EMUI 15.0 - Garansi Resmi","27.400.000","","","Kota Bandung","Up To Shop Flagship Store"
"1777364990-383","https://www.blibli.com/cari/handphone%20huwawei?brand=HUAWEI&sort=0&intent=false&firstLoad=false&page=3&start=80","HUAWEI Mate X7 Smartphone | Ultra Thin and Durable | True-to-Color Camera | Ultra-long Battery Life | Smart AI","27.999.000","","","Kota Semarang","Alyosha Semarang Flagship Store"
"1777364990-384","https://www.blibli.com/cari/handphone%20huwawei?brand=HUAWEI&sort=0&intent=false&firstLoad=false&page=3&start=80","HUAWEI Nova 14 Pro Smartphone l True-to-Life Color Camera | 50 MP Front Dual Camera l Smart AI | 100W","8.499.000","","","Kota Bandung","Up To Shop Flagship Store"
"1777364990-385","https://www.blibli.com/cari/handphone%20huwawei?brand=HUAWEI&sort=0&intent=false&firstLoad=false&page=3&start=80","HUAWEI Pura 80 Pro Smartphone | 1-inch Sensor | Macro Telephoto | Kunlun Glass | 100W | Smart AI","13.499.000","5","Terjual 15","Kota Yogyakarta","Huawei Jogja Flagship Store"
"1777364990-386","https://www.blibli.com/cari/handphone%20huwawei?brand=HUAWEI&sort=0&intent=false&firstLoad=false&page=3&start=80","HUAWEI nova 14 Pro Smartphone l True-to-Life Color Camera | 50 MP Front Dual Camera l Smart AI | 100W","8.499.000","5","Terjual 12","Kota Yogyakarta","Huawei Jogja Flagship Store"
"1777364990-387","https://www.blibli.com/cari/handphone%20huwawei?brand=HUAWEI&sort=0&intent=false&firstLoad=false&page=3&start=80","HUAWEI Mate X7 Smartphone | Ultra Thin and Durable | True-to-Color Camera | Ultra-long Battery Life | Smart AI","27.999.000","","","Kota Yogyakarta","Huawei Jogja Flagship Store"
"1777364990-388","https://www.blibli.com/cari/handphone%20huwawei?brand=HUAWEI&sort=0&intent=false&firstLoad=false&page=3&start=80","Huawei Mate X7 Smartphone 16/512GB | Ultra Lighting HDR Camera | Telephoto Macro Camera | Ultra-Wide Angle Camera | EMUI 15.0 - Garansi Resmi","27.400.000","","","Kota Bandung","Up To Date Computer Flagship Store"
"1777364990-389","https://www.blibli.com/cari/handphone%20huwawei?brand=HUAWEI&sort=0&intent=false&firstLoad=false&page=3&start=80","HUAWEI Pura 80 Ultra Smartphone | 10x Optical Zoom | 1-inch Sensor | Kunlun Glass | 100W | Smart AI - Prestige Gold","20.999.000","5","Terjual 5","Kota Yogyakarta","Huawei Jogja Flagship Store"
"1777364990-390","https://www.blibli.com/cari/handphone%20huwawei?brand=HUAWEI&sort=0&intent=false&firstLoad=false&page=3&start=80","Huawei P40 Pro Plus Smartphone [8 GB-512 GB]","15.499.000","","","","Kota Surabaya"
"1777364990-391","https://www.blibli.com/cari/handphone%20huwawei?brand=HUAWEI&sort=0&intent=false&firstLoad=false&page=3&start=80","【PAYDAY | Voucher s/d 10%】HUAWEI nova 14 Pro Smartphone l True-to-Life Color Camera | 50 MP Front Dual Camera l Smart AI | 100W","8.500.000","5","Terjual 68","Kota Tangerang","HUAWEI Flagship Store"
"1777364990-392","https://www.blibli.com/cari/handphone%20huwawei?brand=HUAWEI&sort=0&intent=false&firstLoad=false&page=3&start=80","Huawei Pura 80 12/256GB Kirin 9010S 6.6"" Smartphone - Garansi Resmi","10.499.000","","","Kota Bandung","Up To Date Computer Flagship Store"
"1777364990-393","https://www.blibli.com/cari/handphone%20huwawei?brand=HUAWEI&sort=0&intent=false&firstLoad=false&page=3&start=80","Huawei Pura 80 12/256GB Kirin 9010S 6.6"" Smartphone - Garansi Resmi","10.499.000","","","Kota Bandung","Up To Shop Flagship Store"
"1777364990-394","https://www.blibli.com/cari/handphone%20huwawei?brand=HUAWEI&sort=0&intent=false&firstLoad=false&page=3&start=80","【PAYDAY | Bank Cashback s/d 5JT】HUAWEI Mate X7 Smartphone | Ultra Thin and Durable | True-to-Color Camera | Ultra-long Battery Life | Smart AI","28.000.000","4,9","Terjual 146","Kota Tangerang","HUAWEI Flagship Store"
"1777364990-395","https://www.blibli.com/cari/handphone%20huwawei?brand=HUAWEI&sort=0&intent=false&firstLoad=false&page=3&start=80","MODEM HUAWEI MOBILE WIFI E5577C 150Mbps-ORIGINAL","1.050.000","","","Kota Banjarmasin","Hapeworld Flagship Store"
"1777364990-396","https://www.blibli.com/cari/handphone%20huwawei?brand=HUAWEI&sort=0&intent=false&firstLoad=false&page=3&start=80","Era 2000 - HUAWEI Pura 80 Pro Smartphone | 1-inch Sensor | Macro Telephoto | Kunlun Glass | 100W | Smart AI | Garansi Resmi","12.999.000","","Terjual 1","Kota Bandung","Era 2000 Flagship Store"
"1777364990-397","https://www.blibli.com/cari/handphone%20huwawei?brand=HUAWEI&sort=0&intent=false&firstLoad=false&page=3&start=80","(DCG) HUAWEI MATE X7 16/512 GB GARANSI RESMI FOLDABLE SMARTPHONE","27.500.000","","","Kota Medan","DigitalCellularGroup Flagship Store"
"1777364990-398","https://www.blibli.com/cari/handphone%20huwawei?brand=HUAWEI&sort=0&intent=false&firstLoad=false&page=3&start=80","HUAWEI nova 13 Pro Smartphone 12GB + 512GB | 60 MP Front Ultra Portrait Dual Camera | 100W HUAWEI SuperCharge Turbo | 6.76"" Handphone nova13 Pro","7.399.000","","","Kota Jakarta Barat & kota lainnya","HangOn Flagship Store"
"1777364990-399","https://www.blibli.com/cari/handphone%20huwawei?brand=HUAWEI&sort=0&intent=false&firstLoad=false&page=3&start=80","HUAWEI PURA 80 PRO","13.499.000","5","Terjual 3","Kab. Sleman & kota lainnya","Alyosha Flagship Store"
"1777364990-400","https://www.blibli.com/cari/handphone%20huwawei?brand=HUAWEI&sort=0&intent=false&firstLoad=false&page=3&start=80","HUAWEI Pura 80 Ultra","20.999.000","","","Kab. Sleman & kota lainnya","Alyosha Flagship Store"
"1777364990-401","https://www.blibli.com/cari/handphone%20huwawei?brand=HUAWEI&sort=0&intent=false&firstLoad=false&page=3&start=80","Huawei Pura 80 Ultra 16GB/512GB Kirin 9020 6.8"" EMUI 15.0 10x Optical Zoom | 1-inch Sensor - Garansi Resmi","13.299.000","5","Terjual 2","Kota Bandung","Up To Date Computer Flagship Store"
"1777364990-402","https://www.blibli.com/cari/handphone%20huwawei?brand=HUAWEI&sort=0&intent=false&firstLoad=false&page=3&start=80","Huawei Pura 80 Ultra 16GB/512GB Kirin 9020 6.8"" EMUI 15.0 10x Optical Zoom | 1-inch Sensor - Garansi Resmi","13.299.000","","","Kota Bandung","Up To Shop Flagship Store"
"1777364990-403","https://www.blibli.com/cari/handphone%20huwawei?brand=HUAWEI&sort=0&intent=false&firstLoad=false&page=3&start=80","Huawei E5576 Modem Mifi 4G LTE Unlock","737.000","","Terjual 1","","Kota Pekanbaru"
"1777364990-404","https://www.blibli.com/cari/handphone%20huwawei?brand=HUAWEI&sort=0&intent=false&firstLoad=false&page=3&start=80","HUAWEI MATEPAD 11.5 [8/128 GB] GARANSI RESMI","5.199.000","","Terjual 1","","Kota Makassar"
"1777364990-405","https://www.blibli.com/cari/handphone%20huwawei?brand=HUAWEI&sort=0&intent=false&firstLoad=false&page=3&start=80","HUAWEI MATEPAD 11 [6/128 GB] GARANSI RESMi","6.999.000","","","","Kota Makassar"
"1777364990-406","https://www.blibli.com/cari/handphone%20huwawei?brand=HUAWEI&sort=0&intent=false&firstLoad=false&page=3&start=80","HUAWEI WATCH ULTIMATE BLUE | FREE GIFT | GARANSI RESMI","12.999.000","","","","Kota Makassar"
"1777364990-407","https://www.blibli.com/cari/handphone%20huwawei?brand=HUAWEI&sort=0&intent=false&firstLoad=false&page=3&start=80","HUAWEI MATEPAD SE 11 [6/128GB] GARANSI RESMI","2.600.000","5","Terjual 3","","Kota Makassar"
"1777364990-408","https://www.blibli.com/cari/handphone%20huwawei?brand=HUAWEI&sort=0&intent=false&firstLoad=false&page=3&start=80","HUAWEI MATEPAD 11.5 PAPERMATTE [8/128 GB] GARANSI RESMI","6.499.000","","Terjual 1","","Kota Makassar"
"1777364990-409","https://www.blibli.com/cari/handphone%20huwawei?brand=HUAWEI&sort=0&intent=false&firstLoad=false&page=3&start=80","HUAWEI WATCH ULTIMATE GOLD | FREE GIFT | GARANSI RESMI","41.999.000","","","","Kota Makassar"
"1777364990-410","https://www.blibli.com/cari/handphone%20huwawei?brand=HUAWEI&sort=0&intent=false&firstLoad=false&page=3&start=80","HUAWEI WATCH FIT 3 [GREEN] - GARANSI RESMI","1.999.000","","","","Kota Makassar"
"1777364990-411","https://www.blibli.com/cari/handphone%20huwawei?brand=HUAWEI&sort=0&intent=false&firstLoad=false&page=3&start=80","HUAWEI WATCH FIT 3 [WHITE] - GARANSI RESMI","1.999.000","","","","Kota Makassar"
"1777364990-412","https://www.blibli.com/cari/handphone%20huwawei?brand=HUAWEI&sort=0&intent=false&firstLoad=false&page=3&start=80","HUAWEI WATCH FIT 3 [PINK] - GARANSI RESMI","1.999.000","","","","Kota Makassar"
"1777364990-413","https://www.blibli.com/cari/handphone%20huwawei?brand=HUAWEI&sort=0&intent=false&firstLoad=false&page=3&start=80","HUAWEI WATCH FIT 3 [BLACK] - GARANSI RESMI","1.999.000","5","Terjual 1","","Kota Makassar"
"1777364990-414","https://www.blibli.com/cari/handphone%20huwawei?brand=HUAWEI&sort=0&intent=false&firstLoad=false&page=3&start=80","HUAWEI GT 4 41MM GREEN - GARANSI RESMI","3.199.000","","","","Kota Makassar"
"1777364990-415","https://www.blibli.com/cari/handphone%20huwawei?brand=HUAWEI&sort=0&intent=false&firstLoad=false&page=3&start=80","HUAWEI MATE 80 PRO 16/512 RAM 16GB STORAGE 512GB Garansi resmi","16.999.000","","","","Kota Pontianak"
"1777364990-416","https://www.blibli.com/cari/handphone%20huwawei?brand=HUAWEI&sort=0&intent=false&firstLoad=false&page=3&start=80","HUAWEI MATEPAD 11.5""S PAPERMATTE [8/256 GB] - GARANSI RESMI","7.999.000","","Terjual 1","","Kota Makassar"
"1777364990-417","https://www.blibli.com/cari/handphone%20huwawei?brand=HUAWEI&sort=0&intent=false&firstLoad=false&page=3&start=80","HUAWEI MATEPAD AIR [8/128GB] GARANSI RESMI FREE GIFT","7.700.000","5","Terjual 1","","Kota Makassar"
"1777364990-418","https://www.blibli.com/cari/handphone%20huwawei?brand=HUAWEI&sort=0&intent=false&firstLoad=false&page=3&start=80","HUAWEI MATEBOOK D14 12TH GEN | I5 PROCESSOR | GARANSI RESMI","8.849.000","","","","Kota Makassar"
"1777364990-419","https://www.blibli.com/cari/handphone%20huwawei?brand=HUAWEI&sort=0&intent=false&firstLoad=false&page=3&start=80","HUAWEI MATEBOOK D14 13TH GEN | I5 PROCESSOR | GARANSI RESMI","10.599.000","","Terjual 1","","Kota Makassar"
"1777364990-420","https://www.blibli.com/cari/handphone%20huwawei?brand=HUAWEI&sort=0&intent=false&firstLoad=false&page=3&start=80","HUAWEI WATCH GT 4 GT4 46MM GRATIS FREEBUDS & STRAP - GARANSI RESMI","3.499.000","","","","Kab. Purwakarta"
"1777364990-421","https://www.blibli.com/cari/handphone%20huwawei?brand=HUAWEI&sort=0&intent=false&firstLoad=false&page=3&start=80","Modem Huawei B312 wifi home router 4G orbit star 2 bonus kartu perdana telkomsel","995.000","","","","Kota Jakarta Pusat"
"1777364990-422","https://www.blibli.com/cari/handphone%20huwawei?brand=HUAWEI&sort=0&intent=false&firstLoad=false&page=3&start=80","HUAWEI Pura 80 Ultra Smartphone | 10x Optical Zoom | 1-inch Sensor | Kunlun Glass | 100W | Smart AI","20.950.000","","","","Kab. Deli Serdang"
"1777364990-423","https://www.blibli.com/cari/handphone%20huwawei?brand=HUAWEI&sort=0&intent=false&firstLoad=false&page=3&start=80","Huawei P30 Lite Smartphone [128GB/ 6GB]","4.005.000","5","Terjual 11","Kota Medan","SINERGY SELLULAR Flagship Store"
"1777364990-424","https://www.blibli.com/cari/handphone%20huwawei?brand=HUAWEI&sort=0&intent=false&firstLoad=false&page=3&start=80","Huawei P40 Pro Smartphone + Free Buds 3 [8GB/256GB/Support 5G]","13.485.000","","","Kota Medan","SINERGY SELLULAR Flagship Store"
"1777364990-425","https://www.blibli.com/cari/handphone%20huwawei?brand=HUAWEI&sort=0&intent=false&firstLoad=false&page=3&start=80","Huawei Y7 Pro 2019 Smartphone [64 GB/4 GB]","2.610.000","5","Terjual 6","Kota Medan","SINERGY SELLULAR Flagship Store"
"1777364990-426","https://www.blibli.com/cari/handphone%20huwawei?brand=HUAWEI&sort=0&intent=false&firstLoad=false&page=3&start=80","Huawei Mate 30 Pro Smartphone - Silver Space","15.000.000","","","","Kota Malang"
"1777364990-427","https://www.blibli.com/cari/handphone%20huwawei?brand=HUAWEI&sort=0&intent=false&firstLoad=false&page=3&start=80","Huawei Nova 7 Smartphone [256 GB/ 8 GB]","6.899.000","","Terjual 1","","Kota Malang"
"1777364990-428","https://www.blibli.com/cari/handphone%20huwawei?brand=HUAWEI&sort=0&intent=false&firstLoad=false&page=3&start=80","Huawei Mate 40 Pro Smartphone [8 GB-256 GB]","15.999.000","","","","Kota Malang"
"1777364990-429","https://www.blibli.com/cari/handphone%20huwawei?brand=HUAWEI&sort=0&intent=false&firstLoad=false&page=3&start=80","Pre-order","4.999.000","5","Terjual 9","","Kota Malang"
"1777364990-430","https://www.blibli.com/cari/handphone%20huwawei?brand=HUAWEI&sort=0&intent=false&firstLoad=false&page=3&start=80","Huawei P30 Lite Smartphone [128GB/ 6GB]","3.499.000","","Terjual 1","","Kota Malang"
"1777364990-431","https://www.blibli.com/cari/handphone%20huwawei?brand=HUAWEI&sort=0&intent=false&firstLoad=false&page=3&start=80","Huawei P30 Pro Smartphone [256 GB/ 8 GB]","10.499.000","","","","Kota Malang"
"1777364990-432","https://www.blibli.com/cari/handphone%20huwawei?brand=HUAWEI&sort=0&intent=false&firstLoad=false&page=3&start=80","Huawei P40 Pro Smartphone [8 GB/ 256 GB]","10.499.000","","Terjual 11","","Kota Malang"
"1777364990-433","https://www.blibli.com/cari/handphone%20huwawei?brand=HUAWEI&sort=0&intent=false&firstLoad=false&page=3&start=80","HUAWEI Pura 80 Series - Basic/Pro/Ultra Smartphone | 10x Optical Zoom | 1-inch Sensor | Macro Telephoto | Kunlun Glass | 100W | Smart AI","22.999.000","","","Kota Jakarta Selatan","IT Galeri #1 Flagship Store"
"1777364990-434","https://www.blibli.com/cari/handphone%20huwawei?brand=HUAWEI&sort=0&intent=false&firstLoad=false&page=3&start=80","HUAWEI FREEBUDS 3I","1.399.000","","","","Kota Malang"
"1777364990-435","https://www.blibli.com/cari/handphone%20huwawei?brand=HUAWEI&sort=0&intent=false&firstLoad=false&page=3&start=80","Huawei P30 Pro Smartphone [256GB/ 8GB/ Garansi Resmi]","12.999.000","","","","Kota Surabaya"
"1777364990-436","https://www.blibli.com/cari/handphone%20huwawei?brand=HUAWEI&sort=0&intent=false&firstLoad=false&page=3&start=80","HUAWEI Pura 70 Ultra Smartphone | Ultra Lighting Pop-out Camera | Ultra Speed Snapshot Garansi Resmi Huawei Indonesia","17.999.000","","","Kota Jakarta Pusat","Global Teleshop Flagship Store"
"1777364990-437","https://www.blibli.com/cari/handphone%20huwawei?brand=HUAWEI&sort=0&intent=false&firstLoad=false&page=3&start=80","HUAWEI Nova 13 Pro Smartphone | 12/512GB | 60 MP Front Ultra Portrait Dual CameraI SuperCharge Turbo","7.399.000","","","Kota Jakarta Pusat","Okeshop O2O Flagship Store"
"1777364990-438","https://www.blibli.com/cari/handphone%20huwawei?brand=HUAWEI&sort=0&intent=false&firstLoad=false&page=3&start=80","HUAWEI MATE X6 Smartphone | 12+512GB | Ultra Slim and Durable | Ultra Chroma Camera | Live-Multitask Inovatif","23.299.000","","Terjual 1","Kota Bandung","Beli Beli Indonesia Flagship Store"
"1777364990-439","https://www.blibli.com/cari/handphone%20huwawei?brand=HUAWEI&sort=0&intent=false&firstLoad=false&page=3&start=80","Huawei Nova 13 Pro 12/512GB HP Smartphone","7.749.000","","","Kota Jakarta Pusat","Super Gadget Flagship Store"
"1777364990-440","https://www.blibli.com/cari/handphone%20huwawei?brand=HUAWEI&sort=0&intent=false&firstLoad=false&page=3&start=80","Huawei Nova 14 Pro 12/512GB HP Smartphone","8.299.000","5","Terjual 2","Kota Jakarta Pusat","Super Gadget Flagship Store"
"1777364990-441","https://www.blibli.com/cari/handphone%20huwawei?brand=HUAWEI&sort=0&intent=false&firstLoad=false&page=3&start=80","HUAWEI Pura 70 Ultra RAM 16GB Smartphone | Ultra Lighting Pop-out Camera | Ultra Speed Snapshot | Crystal Armour Kunlun Glass","15.988.975","","","Kota Bandung","Beli Beli Indonesia Flagship Store"
"1777364990-442","https://www.blibli.com/cari/handphone%20huwawei?brand=HUAWEI&sort=0&intent=false&firstLoad=false&page=3&start=80","HUAWEI Pura 70 Ultra Smartphone","17.999.000","","Terjual 33","","Kota Depok"
"1777364990-443","https://www.blibli.com/cari/handphone%20huwawei?brand=HUAWEI&sort=0&intent=false&firstLoad=false&page=3&start=80","Huawei Pura 80 12/256 GB RAM 12GB ROM 256GB Smart AI Smartphone","11.999.000","5","Terjual 1","Kota Jakarta Pusat","Gallery Gadget Flagship Store"
"1777364990-444","https://www.blibli.com/cari/handphone%20huwawei?brand=HUAWEI&sort=0&intent=false&firstLoad=false&page=3&start=80","Huawei Nova 3i Smartphone","3.499.000","","Terjual 4","","Kab. Bekasi"
"1777364990-445","https://www.blibli.com/cari/handphone%20huwawei?brand=HUAWEI&sort=0&intent=false&firstLoad=false&page=3&start=80","Huawei P30 Lite Smartphone [128GB/ 6GB]","2.920.000","4","Terjual 10","","Kota Jakarta Timur"
"1777364990-446","https://www.blibli.com/cari/handphone%20huwawei?brand=HUAWEI&sort=0&intent=false&firstLoad=false&page=3&start=80","Huawei Honor 10 Lite Smartphone [64GB/3GB]","1.899.000","4","Terjual 1","","Kota Padang"
"1777364990-447","https://www.blibli.com/cari/handphone%20huwawei?brand=HUAWEI&sort=0&intent=false&firstLoad=false&page=3&start=80","Huawei Y3 2017 Smartphone - Gold [8GB/ 1GB]","1.299.000","","","","Kota Jakarta Pusat"
"1777364990-448","https://www.blibli.com/cari/handphone%20huwawei?brand=HUAWEI&sort=0&intent=false&firstLoad=false&page=3&start=80","HUAWEI Mate X6 12/512GB Smartphone | Ultra Slim and Durable | Ultra Chroma Camera | Ultra-long Battery Life Garansi Resmi","30.999.000","","","Kota Jakarta Pusat","Global Teleshop Flagship Store"
"1777364990-449","https://www.blibli.com/cari/handphone%20huwawei?brand=HUAWEI&sort=0&intent=false&firstLoad=false&page=3&start=80","Huawei Y7 Prime Smartphone - Gold [32 GB/ 3 GB]","2.599.000","","","","Kota Jakarta Pusat"
"1777364990-450","https://www.blibli.com/cari/handphone%20huwawei?brand=HUAWEI&sort=0&intent=false&firstLoad=false&page=3&start=80","Huawei Nova 2i Smartphone - Black [64 GB/ 4 GB]","3.999.000","","","","Kota Jakarta Pusat"
"1777364990-451","https://www.blibli.com/cari/handphone%20huwawei?brand=HUAWEI&sort=0&intent=false&firstLoad=false&page=3&start=80","Huawei Pura 80 12/256 GB 12GB 256GB HP AI Smartphone","12.999.000","","","Kota Jakarta Pusat","Super Gadget Flagship Store"
"1777364990-452","https://www.blibli.com/cari/handphone%20huwawei?brand=HUAWEI&sort=0&intent=false&firstLoad=false&page=3&start=80","Huawei Y5 2017 Smartphone - Grey [2GB/16GB]","1.599.000","","","","Kota Jakarta Pusat"
"1777364990-453","https://www.blibli.com/cari/handphone%20huwawei?brand=HUAWEI&sort=0&intent=false&firstLoad=false&page=3&start=80","Huawei Y7 Pro Smartphone [32 GB/ 3GB]","1.860.000","","","","Kota Jakarta Timur"
"1777364990-454","https://www.blibli.com/cari/handphone%20huwawei?brand=HUAWEI&sort=0&intent=false&firstLoad=false&page=3&start=80","Huawei Y3 2017 Smartphone - Grey [8GB/ 1GB]","1.299.000","","","","Kota Jakarta Pusat"
"1777364990-455","https://www.blibli.com/cari/handphone%20huwawei?brand=HUAWEI&sort=0&intent=false&firstLoad=false&page=3&start=80","Huawei Y5 2017 Smartphone - Gold [2GB/16GB]","1.599.000","","","","Kota Jakarta Pusat"
"1777364990-456","https://www.blibli.com/cari/handphone%20huwawei?brand=HUAWEI&sort=0&intent=false&firstLoad=false&page=3&start=80","Huawei Y7 Prime Smartphone - Grey [3GB/32GB]","2.599.000","","","","Kota Jakarta Pusat"
"1777364990-457","https://www.blibli.com/cari/handphone%20huwawei?brand=HUAWEI&sort=0&intent=false&firstLoad=false&page=3&start=80","HUAWEI BE3 PRO Wifi 7 DAYUA-BE-30 Wireless 3600mbps Fast Network Signal Ethernet Ports Vision","995.000","","","Kota Jakarta Barat","TOKUNIKU"
"1777364990-458","https://www.blibli.com/cari/handphone%20huwawei?brand=HUAWEI&sort=0&intent=false&firstLoad=false&page=3&start=80","HUAWEI Mate X6 Smartphone | Ultra Slim and Durable | Ultra Chroma Camera | Ultra-long Battery Life","24.999.000","","","","Kota Jakarta Utara"
"1777364990-459","https://www.blibli.com/cari/handphone%20huwawei?brand=HUAWEI&sort=0&intent=false&firstLoad=false&page=3&start=80","HUAWEI Pura 70 Ultra Smartphone | Ultra Lighting Pop-out Camera | Ultra Speed Snapshot | Crystal Armour Kunlun Glass - REAL GADGET","14.000.000","","","","Kab. Sleman"
"1777364990-460","https://www.blibli.com/cari/handphone%20huwawei?brand=HUAWEI&sort=0&intent=false&firstLoad=false&page=3&start=80","[BARU] HUAWEI Pura 70 Ultra Smartphone | Ultra Lighting Pop-out Camera | Ultra Speed Snapshot | Crystal Armour Kunlun Glass","15.999.000","","","","Kota Jakarta Utara"
"1777364990-461","https://www.blibli.com/cari/handphone%20huwawei?brand=HUAWEI&sort=0&intent=false&firstLoad=false&page=3&start=80","HUAWEI MATEPAD 11, 5 | SE 11 6/128GB - SMARTPHONE","2.568.000","","","","Kab. Bojonegoro"
"1777364990-462","https://www.blibli.com/cari/handphone%20huwawei?brand=HUAWEI&sort=0&intent=false&firstLoad=false&page=3&start=80","Modem Mifi HUAWEI Elite 6 Wimax 2+ Router Wifi 4G LTE Mobile Wifi Hotspot Unlock Gsm","556.000","5","Terjual 3","","Kota Jakarta Pusat"
"1777364990-463","https://www.blibli.com/cari/handphone%20huwawei?brand=HUAWEI&sort=0&intent=false&firstLoad=false&page=3&start=80","HUAWEI Mate X6 Smartphone | Ultra Slim and Durable | Ultra Chroma Camera | Ultra-long Battery Life","24.999.000","","Terjual 1","Kota Surabaya","Apollo Gadget Flagship Store"
"1777364990-464","https://www.blibli.com/cari/handphone%20huwawei?brand=HUAWEI&sort=0&intent=false&firstLoad=false&page=3&start=80","Huawei Mate 30 Pro Smartphone - Silver Space","9.999.000","","Terjual 5","","Kota Surabaya"
"1777364990-465","https://www.blibli.com/cari/handphone%20huwawei?brand=HUAWEI&sort=0&intent=false&firstLoad=false&page=3&start=80","HUAWEI Mate XT Smartphone","52.999.000","","Terjual 3","Kab. Gianyar","Blibli Store Flagship Store"
"1777364990-466","https://www.blibli.com/cari/handphone%20huwawei?brand=HUAWEI&sort=0&intent=false&firstLoad=false&page=3&start=80","DOSS Huawei Mate 40 Pro Smartphone 8GB RAM 256GB ROM Mystic Silver","15.999.000","","","Kota Jakarta Selatan","Doss Flagship Store"
"1777364990-467","https://www.blibli.com/cari/handphone%20huwawei?brand=HUAWEI&sort=0&intent=false&firstLoad=false&page=3&start=80","HUAWEI nova 14 Pro Smartphone l True-to-Life Color Camera | 50 MP Front Dual Camera l Smart AI | 100W | 12/512","8.499.000","","","Kota Jakarta Selatan","Okeshop O2O Flagship Store"
"1777364990-468","https://www.blibli.com/cari/handphone%20huwawei?brand=HUAWEI&sort=0&intent=false&firstLoad=false&page=3&start=80","DOSS HUAWEI Mate Xs Smartphone | 8 inches | 8GB RAM+512GB ROM | 40MP Leica","42.999.000","","","Kota Jakarta Selatan","Doss Flagship Store"
"1777364990-469","https://www.blibli.com/cari/handphone%20huwawei?brand=HUAWEI&sort=0&intent=false&firstLoad=false&page=3&start=80","HUAWEI Mate X6 Smartphone 12/512GB | Ultra Slim and Durable | Ultra Chroma Camera | Ultra-long Battery Life Black","24.999.000","5","Terjual 32","Kab. Kudus","Blibli Store Flagship Store"
"1777364990-470","https://www.blibli.com/cari/handphone%20huwawei?brand=HUAWEI&sort=0&intent=false&firstLoad=false&page=3&start=80","Huawei Y5 2017 Smartphone - Gold [2GB/16GB]","3.300.000","5","Terjual 18","","Kota Medan"
"1777364990-471","https://www.blibli.com/cari/handphone%20huwawei?brand=HUAWEI&sort=0&intent=false&firstLoad=false&page=3&start=80","Modem Mifi Huawei E5577 + TELKOMSEL","963.200","","","","Kab. Sleman"
"1777365066-472","https://www.blibli.com/cari/handphone%20huwawei?brand=HUAWEI&sort=0&intent=false&firstLoad=false&page=2&start=39","【NEW | Hadiah s/d 9,2JT】HUAWEI Mate 80 Pro Smartphone 16+512G l True-to-Colour Camera 2.0 l 2nd Gen Kunlun Glass l Smart AI | 100W","16.799.000","5","Terjual 39","Kota Tangerang","HUAWEI Flagship Store"
"1777365066-473","https://www.blibli.com/cari/handphone%20huwawei?brand=HUAWEI&sort=0&intent=false&firstLoad=false&page=2&start=39","Flip Cover Huawei MatePad T10s ORIGINAL","195.000","5","Terjual 3","","Kota Bekasi"
"1777365066-474","https://www.blibli.com/cari/handphone%20huwawei?brand=HUAWEI&sort=0&intent=false&firstLoad=false&page=2&start=39","HUAWEI Mate X6 Smartphone 12G/512GB | Ultra Slim and Durable | Ultra Chroma Camera | Ultra-long Battery Life","24.899.000","","","Kota Surabaya","TECHNO COM Flagship Store"
"1777365066-475","https://www.blibli.com/cari/handphone%20huwawei?brand=HUAWEI&sort=0&intent=false&firstLoad=false&page=2&start=39","HUAWEI PURA 80 PRO 12/512 GB GARANSI RESMI HUAWEI INDONESIA TERMURAH","13.015.500","","Terjual 1","Kota Surabaya","Hapemall Flagship Store"
"1777365066-476","https://www.blibli.com/cari/handphone%20huwawei?brand=HUAWEI&sort=0&intent=false&firstLoad=false&page=2&start=39","HUAWEI Mate X7 Fold 16GB/512GB Smartphone | Ultra Thin and Durable | True-to-Color Camera | Smart AI | Garansi Resmi","27.999.000","","","Kota Surabaya","Tokolasvegas Flagship Store"
"1777365066-477","https://www.blibli.com/cari/handphone%20huwawei?brand=HUAWEI&sort=0&intent=false&firstLoad=false&page=2&start=39","Hp Huawei Nova 13 Pro Ram 12GB Internal 512GB Garansi Resmi","8.199.000","","Terjual 1","Kota Pekanbaru","wwponsel_hangtuah Flagship Store"
"1777365066-478","https://www.blibli.com/cari/handphone%20huwawei?brand=HUAWEI&sort=0&intent=false&firstLoad=false&page=2&start=39","HUAWEI Pura 70 Ultra Smartphone Garansi Resmi","17.999.000","","Terjual 12","","Kota Surabaya & kota lainnya"
"1777365066-479","https://www.blibli.com/cari/handphone%20huwawei?brand=HUAWEI&sort=0&intent=false&firstLoad=false&page=2&start=39","HUAWEI nova 14 Pro Smartphone l True-to-Life Color Camera | 50 MP Front Dual Camera l Smart AI | 100W | Garansi Resmi","8.499.000","","Terjual 4","Kota Surabaya","Tokolasvegas Flagship Store"
"1777365066-480","https://www.blibli.com/cari/handphone%20huwawei?brand=HUAWEI&sort=0&intent=false&firstLoad=false&page=2&start=39","HUAWEI Pura 80 Pro Smartphone 12GB + 512GB | 1-inch Sensor | Macro Telephoto | Kunlun Glass | 100W SuperCharge | Smart AI | Handphone Pura80 Pro","13.499.000","","Terjual 1","Kota Jakarta Timur & kota lainnya","HangOn Flagship Store"
"1777365066-481","https://www.blibli.com/cari/handphone%20huwawei?brand=HUAWEI&sort=0&intent=false&firstLoad=false&page=2&start=39","Huawei Mate Pad 11.5-Inch Ram 6GB Rom 128GB","3.989.000","","","","Kota Surabaya"
"1777365066-482","https://www.blibli.com/cari/handphone%20huwawei?brand=HUAWEI&sort=0&intent=false&firstLoad=false&page=2&start=39","HUAWEI Pura 80 Ultra Smartphone 16GB + 512GB | 10x Optical Zoom | 1-inch Sensor | Kunlun Glass | 100W SuperCharge | Smart AI | Handphone Pura80 Ultra","20.999.000","","","Kota Jakarta Timur & kota lainnya","HangOn Flagship Store"
"1777365066-483","https://www.blibli.com/cari/handphone%20huwawei?brand=HUAWEI&sort=0&intent=false&firstLoad=false&page=2&start=39","HUAWEI nova 14 Pro Smartphone l True-to-Life Color Camera | 50 MP Front Dual Camera l Smart AI | 100W","8.499.000","4,9","Terjual 41","Kab. Sleman & kota lainnya","Alyosha Flagship Store"
"1777365066-484","https://www.blibli.com/cari/handphone%20huwawei?brand=HUAWEI&sort=0&intent=false&firstLoad=false&page=2&start=39","HUAWEI Pura 80 Ultra Smartphone | 10x Optical Zoom | 1-inch Sensor | Kunlun Glass | 100W | Smart AI","19.982.000","","","Kota Bandung","Beli Beli Indonesia Flagship Store"
"1777365066-485","https://www.blibli.com/cari/handphone%20huwawei?brand=HUAWEI&sort=0&intent=false&firstLoad=false&page=2&start=39","Modem Mobile WiFi Huawei Elite 6 TouchScreen Unlock","665.000","","","Kota Surakarta (Solo) & kota lainnya","ELS Computer Flagship Store"
"1777365066-486","https://www.blibli.com/cari/handphone%20huwawei?brand=HUAWEI&sort=0&intent=false&firstLoad=false&page=2&start=39","HUAWEI Mate 80 Pro Smartphone 16+512G l True-to-Colour Camera 2.0 l 2nd Gen Kunlun Glass l Smart AI | 100W","15.999.000","","","Kab. Tangerang","IT Galeri Flagship Store"
"1777365066-487","https://www.blibli.com/cari/handphone%20huwawei?brand=HUAWEI&sort=0&intent=false&firstLoad=false&page=2&start=39","HUAWEI nova 14 Pro Smartphone l True-to-Life Color Camera | 50 MP Front Dual Camera l Smart AI | 100W","8.499.000","5","Terjual 20","Kota Semarang","Alyosha Semarang Flagship Store"
"1777365066-488","https://www.blibli.com/cari/handphone%20huwawei?brand=HUAWEI&sort=0&intent=false&firstLoad=false&page=2&start=39","HUAWEI Nova 14 Pro Smartphone l True-to-Life Color Camera | 50 MP Front Dual Camera l Smart AI | 100W","8.499.000","","","Kota Bandung","Up To Date Computer Flagship Store"
"1777365066-489","https://www.blibli.com/cari/handphone%20huwawei?brand=HUAWEI&sort=0&intent=false&firstLoad=false&page=2&start=39","HUAWEI nova 14 Pro Smartphone l True-to-Life Color Camera | 50 MP Front Dual Camera l Smart AI | 100W","8.319.000","","Terjual 1","Kota Bandung","Beli Beli Indonesia Flagship Store"
"1777365066-490","https://www.blibli.com/cari/handphone%20huwawei?brand=HUAWEI&sort=0&intent=false&firstLoad=false&page=2&start=39","HUAWEI Mate X7 Smartphone | Ultra Thin and Durable | True-to-Color Camera | Ultra-long Battery Life | Smart AI","26.699.000","","","Kota Bandung","Beli Beli Indonesia Flagship Store"
"1777365066-491","https://www.blibli.com/cari/handphone%20huwawei?brand=HUAWEI&sort=0&intent=false&firstLoad=false&page=2&start=39","HUAWEI Pura 80 Pro Smartphone | 1-inch Sensor | Macro Telephoto | Kunlun Glass | 100W | Smart AI","12.877.000","","","Kota Bandung","Beli Beli Indonesia Flagship Store"
"1777365066-492","https://www.blibli.com/cari/handphone%20huwawei?brand=HUAWEI&sort=0&intent=false&firstLoad=false&page=2&start=39","Huawei Mate X7 Smartphone 16/512GB | Ultra Lighting HDR Camera | Telephoto Macro Camera | Ultra-Wide Angle Camera | EMUI 15.0 - Garansi Resmi","27.400.000","","","Kota Bandung","Up To Shop Flagship Store"
"1777365066-493","https://www.blibli.com/cari/handphone%20huwawei?brand=HUAWEI&sort=0&intent=false&firstLoad=false&page=2&start=39","HUAWEI Mate X7 Smartphone | Ultra Thin and Durable | True-to-Color Camera | Ultra-long Battery Life | Smart AI","27.999.000","","","Kota Semarang","Alyosha Semarang Flagship Store"
"1777365066-494","https://www.blibli.com/cari/handphone%20huwawei?brand=HUAWEI&sort=0&intent=false&firstLoad=false&page=2&start=39","HUAWEI Nova 14 Pro Smartphone l True-to-Life Color Camera | 50 MP Front Dual Camera l Smart AI | 100W","8.499.000","","","Kota Bandung","Up To Shop Flagship Store"
"1777365066-495","https://www.blibli.com/cari/handphone%20huwawei?brand=HUAWEI&sort=0&intent=false&firstLoad=false&page=2&start=39","HUAWEI Pura 80 Pro Smartphone | 1-inch Sensor | Macro Telephoto | Kunlun Glass | 100W | Smart AI","13.499.000","5","Terjual 15","Kota Yogyakarta","Huawei Jogja Flagship Store"
"1777365066-496","https://www.blibli.com/cari/handphone%20huwawei?brand=HUAWEI&sort=0&intent=false&firstLoad=false&page=2&start=39","HUAWEI nova 14 Pro Smartphone l True-to-Life Color Camera | 50 MP Front Dual Camera l Smart AI | 100W","8.499.000","5","Terjual 12","Kota Yogyakarta","Huawei Jogja Flagship Store"
"1777365066-497","https://www.blibli.com/cari/handphone%20huwawei?brand=HUAWEI&sort=0&intent=false&firstLoad=false&page=2&start=39","HUAWEI Mate X7 Smartphone | Ultra Thin and Durable | True-to-Color Camera | Ultra-long Battery Life | Smart AI","27.999.000","","","Kota Yogyakarta","Huawei Jogja Flagship Store"
"1777365066-498","https://www.blibli.com/cari/handphone%20huwawei?brand=HUAWEI&sort=0&intent=false&firstLoad=false&page=2&start=39","Huawei Mate X7 Smartphone 16/512GB | Ultra Lighting HDR Camera | Telephoto Macro Camera | Ultra-Wide Angle Camera | EMUI 15.0 - Garansi Resmi","27.400.000","","","Kota Bandung","Up To Date Computer Flagship Store"
"1777365066-499","https://www.blibli.com/cari/handphone%20huwawei?brand=HUAWEI&sort=0&intent=false&firstLoad=false&page=2&start=39","HUAWEI Pura 80 Ultra Smartphone | 10x Optical Zoom | 1-inch Sensor | Kunlun Glass | 100W | Smart AI - Prestige Gold","20.999.000","5","Terjual 5","Kota Yogyakarta","Huawei Jogja Flagship Store"
"1777365066-500","https://www.blibli.com/cari/handphone%20huwawei?brand=HUAWEI&sort=0&intent=false&firstLoad=false&page=2&start=39","Huawei P40 Pro Plus Smartphone [8 GB-512 GB]","15.499.000","","","","Kota Surabaya"
"1777365066-501","https://www.blibli.com/cari/handphone%20huwawei?brand=HUAWEI&sort=0&intent=false&firstLoad=false&page=2&start=39","【PAYDAY | Voucher s/d 10%】HUAWEI nova 14 Pro Smartphone l True-to-Life Color Camera | 50 MP Front Dual Camera l Smart AI | 100W","8.500.000","5","Terjual 68","Kota Tangerang","HUAWEI Flagship Store"
"1777365066-502","https://www.blibli.com/cari/handphone%20huwawei?brand=HUAWEI&sort=0&intent=false&firstLoad=false&page=2&start=39","Huawei Pura 80 12/256GB Kirin 9010S 6.6"" Smartphone - Garansi Resmi","10.499.000","","","Kota Bandung","Up To Date Computer Flagship Store"
"1777365066-503","https://www.blibli.com/cari/handphone%20huwawei?brand=HUAWEI&sort=0&intent=false&firstLoad=false&page=2&start=39","Huawei Pura 80 12/256GB Kirin 9010S 6.6"" Smartphone - Garansi Resmi","10.499.000","","","Kota Bandung","Up To Shop Flagship Store"
"1777365066-504","https://www.blibli.com/cari/handphone%20huwawei?brand=HUAWEI&sort=0&intent=false&firstLoad=false&page=2&start=39","【PAYDAY | Bank Cashback s/d 5JT】HUAWEI Mate X7 Smartphone | Ultra Thin and Durable | True-to-Color Camera | Ultra-long Battery Life | Smart AI","28.000.000","4,9","Terjual 146","Kota Tangerang","HUAWEI Flagship Store"
"1777365066-505","https://www.blibli.com/cari/handphone%20huwawei?brand=HUAWEI&sort=0&intent=false&firstLoad=false&page=2&start=39","MODEM HUAWEI MOBILE WIFI E5577C 150Mbps-ORIGINAL","1.050.000","","","Kota Banjarmasin","Hapeworld Flagship Store"
"1777365066-506","https://www.blibli.com/cari/handphone%20huwawei?brand=HUAWEI&sort=0&intent=false&firstLoad=false&page=2&start=39","Era 2000 - HUAWEI Pura 80 Pro Smartphone | 1-inch Sensor | Macro Telephoto | Kunlun Glass | 100W | Smart AI | Garansi Resmi","12.999.000","","Terjual 1","Kota Bandung","Era 2000 Flagship Store"
"1777365066-507","https://www.blibli.com/cari/handphone%20huwawei?brand=HUAWEI&sort=0&intent=false&firstLoad=false&page=2&start=39","(DCG) HUAWEI MATE X7 16/512 GB GARANSI RESMI FOLDABLE SMARTPHONE","27.500.000","","","Kota Medan","DigitalCellularGroup Flagship Store"
"1777365066-508","https://www.blibli.com/cari/handphone%20huwawei?brand=HUAWEI&sort=0&intent=false&firstLoad=false&page=2&start=39","HUAWEI nova 13 Pro Smartphone 12GB + 512GB | 60 MP Front Ultra Portrait Dual Camera | 100W HUAWEI SuperCharge Turbo | 6.76"" Handphone nova13 Pro","7.399.000","","","Kota Jakarta Barat & kota lainnya","HangOn Flagship Store"
"1777365066-509","https://www.blibli.com/cari/handphone%20huwawei?brand=HUAWEI&sort=0&intent=false&firstLoad=false&page=2&start=39","HUAWEI PURA 80 PRO","13.499.000","5","Terjual 3","Kab. Sleman & kota lainnya","Alyosha Flagship Store"
"1777365066-510","https://www.blibli.com/cari/handphone%20huwawei?brand=HUAWEI&sort=0&intent=false&firstLoad=false&page=2&start=39","HUAWEI Pura 80 Ultra","20.999.000","","","Kab. Sleman & kota lainnya","Alyosha Flagship Store"
"1777365066-511","https://www.blibli.com/cari/handphone%20huwawei?brand=HUAWEI&sort=0&intent=false&firstLoad=false&page=2&start=39","Huawei Pura 80 Ultra 16GB/512GB Kirin 9020 6.8"" EMUI 15.0 10x Optical Zoom | 1-inch Sensor - Garansi Resmi","13.299.000","5","Terjual 2","Kota Bandung","Up To Date Computer Flagship Store"
"1777365066-512","https://www.blibli.com/cari/handphone%20huwawei?brand=HUAWEI&sort=0&intent=false&firstLoad=false&page=2&start=39","Huawei Pura 80 Ultra 16GB/512GB Kirin 9020 6.8"" EMUI 15.0 10x Optical Zoom | 1-inch Sensor - Garansi Resmi","13.299.000","","","Kota Bandung","Up To Shop Flagship Store"
"1777365066-513","https://www.blibli.com/cari/handphone%20huwawei?brand=HUAWEI&sort=0&intent=false&firstLoad=false&page=2&start=39","Huawei Pura 80 Ultra 16GB/512GB Kirin 9020 6.8"" EMUI 15.0 10x Optical Zoom | 1-inch Sensor - Garansi Resmi","13.299.000","","","Kota Bandung","Up To Shop Flagship Store"
"1777365066-514","https://www.blibli.com/cari/handphone%20huwawei?brand=HUAWEI&sort=0&intent=false&firstLoad=false&page=2&start=39","Huawei GR3 Smartphone - Silver [4G]","959.200","","","","Kota Medan"
"1777365066-515","https://www.blibli.com/cari/handphone%20huwawei?brand=HUAWEI&sort=0&intent=false&firstLoad=false&page=2&start=39","Huawei Mate Xs Smartphone [512 GB/ 8 GB]","41.000.000","","","","Kota Jakarta Selatan"
"1777365066-516","https://www.blibli.com/cari/handphone%20huwawei?brand=HUAWEI&sort=0&intent=false&firstLoad=false&page=2&start=39","TABLET HUAWEI 11.5 INCH 6GB 128GB (SPACE GREY)","4.650.000","","","Kab. Pemalang","Irama Mas Cellular Flagship Store"
"1777365066-517","https://www.blibli.com/cari/handphone%20huwawei?brand=HUAWEI&sort=0&intent=false&firstLoad=false&page=2&start=39","【PAYDAY | Voucher s/d 10%】HUAWEI Mate X6 Smartphone | Ultra Slim and Durable | Ultra Chroma Camera | Ultra-long Battery Life","25.000.000","4,9","Terjual 151","Kota Tangerang","HUAWEI Flagship Store"
"1777365066-518","https://www.blibli.com/cari/handphone%20huwawei?brand=HUAWEI&sort=0&intent=false&firstLoad=false&page=2&start=39","【PAYDAY | Voucher s/d 10%】HUAWEI Pura 80 Pro Smartphone | 1-inch Sensor | Macro Telephoto | Kunlun Glass | 100W | Smart AI","13.500.000","4,9","Terjual 277","Kota Tangerang","HUAWEI Flagship Store"
"1777365066-519","https://www.blibli.com/cari/handphone%20huwawei?brand=HUAWEI&sort=0&intent=false&firstLoad=false&page=2&start=39","【PAYDAY | Voucher s/d 10%】HUAWEI Pura 80 Ultra Smartphone | 10x Optical Zoom | 1-inch Sensor | Kunlun Glass | 100W | Smart AI","21.000.000","4,8","Terjual 71","Kota Tangerang","HUAWEI Flagship Store"
"1777365066-520","https://www.blibli.com/cari/handphone%20huwawei?brand=HUAWEI&sort=0&intent=false&firstLoad=false&page=2&start=39","【NEW | Hadiah s/d 9,2JT】HUAWEI Mate 80 Pro Smartphone 16+512G l True-to-Colour Camera 2.0 l 2nd Gen Kunlun Glass l Smart AI | 100W","16.799.000","5","Terjual 39","Kota Tangerang","HUAWEI Flagship Store"
"1777365066-521","https://www.blibli.com/cari/handphone%20huwawei?brand=HUAWEI&sort=0&intent=false&firstLoad=false&page=2&start=39","HUAWEI P40 Pro Smartphone [256 GB/ 8 GB]","11.500.000","","","","Kota Jakarta Timur"
"1777365066-522","https://www.blibli.com/cari/handphone%20huwawei?brand=HUAWEI&sort=0&intent=false&firstLoad=false&page=2&start=39","Era 2000 - HUAWEI nova 14 Pro Smartphone l True-to-Life Color Camera | 50 MP Front Dual Camera l Smart AI | 100W","8.299.000","","Terjual 1","Kota Bandung","Era 2000 Flagship Store"
"1777365066-523","https://www.blibli.com/cari/handphone%20huwawei?brand=HUAWEI&sort=0&intent=false&firstLoad=false&page=2&start=39","Huawei P40 Pro Smartphone [256GB/ 8GB/ 5G]","11.500.000","","","","Kota Jakarta Timur"
"1777365066-524","https://www.blibli.com/cari/handphone%20huwawei?brand=HUAWEI&sort=0&intent=false&firstLoad=false&page=2&start=39","HUAWEI Mate X7 Smartphone | Ultra Thin and Durable | True-to-Color Camera | Ultra-long Battery Life","27.999.000","","","","Kota Jakarta Utara"
"1777365066-525","https://www.blibli.com/cari/handphone%20huwawei?brand=HUAWEI&sort=0&intent=false&firstLoad=false&page=2&start=39","HUAWEI Nova 14 Pro Smartphone l True-to-Life Color Camera | 50 MP Front Dual Camera l Smart AI | 100W","8.999.000","","","","Kota Bandung"
"1777365066-526","https://www.blibli.com/cari/handphone%20huwawei?brand=HUAWEI&sort=0&intent=false&firstLoad=false&page=2&start=39","HUAWEI Pura 80 Pro Smartphone | 1-inch Sensor | Macro Telephoto | Kunlun Glass | 100W | Smart AI","14.999.000","","","","Kota Jakarta Utara"
"1777365066-527","https://www.blibli.com/cari/handphone%20huwawei?brand=HUAWEI&sort=0&intent=false&firstLoad=false&page=2&start=39","Huawei Freebuds 3i","1.412.900","","","Kota Jakarta Pusat","Victorindo Flagship Store"
"1777365066-528","https://www.blibli.com/cari/handphone%20huwawei?brand=HUAWEI&sort=0&intent=false&firstLoad=false&page=2&start=39","HUAWEI nova 14 Pro Smartphone l True-to-Life Color Camera | 50 MP Front Dual Camera l Smart AI | 100W","8.499.000","","","","Kota Jakarta Utara"
"1777365066-529","https://www.blibli.com/cari/handphone%20huwawei?brand=HUAWEI&sort=0&intent=false&firstLoad=false&page=2&start=39","Huawei P40 Smartphone [8 GB-128 GB]","8.999.000","","","","Kota Jakarta Selatan"
"1777365066-530","https://www.blibli.com/cari/handphone%20huwawei?brand=HUAWEI&sort=0&intent=false&firstLoad=false&page=2&start=39","Huawei Tripod Selfie Stick AF14 Tongkat Selfi Kamera Stand","150.000","","","Kota Jakarta Pusat","Super Gadget Flagship Store"
"1777365066-531","https://www.blibli.com/cari/handphone%20huwawei?brand=HUAWEI&sort=0&intent=false&firstLoad=false&page=2&start=39","HUAWEI MATEPAD 12X 2026 12INCH 12GB 256GB PaperMatte Edition","9.999.000","","","Kab. Pemalang","Irama Mas Cellular Flagship Store"
"1777365066-532","https://www.blibli.com/cari/handphone%20huwawei?brand=HUAWEI&sort=0&intent=false&firstLoad=false&page=2&start=39","HUAWEI nova 14 Pro Smartphone l True-to-Life Color Camera | 50 MP Front Dual Camera l Smart AI | 100W","8.499.000","","","","Kota Medan"
"1777365066-533","https://www.blibli.com/cari/handphone%20huwawei?brand=HUAWEI&sort=0&intent=false&firstLoad=false&page=2&start=39","Huawei Mate X7 Smartphone 16/512GB | Ultra Lighting HDR Camera | Telephoto Macro Camera | Ultra-Wide Angle Camera | EMUI 15.0 - Garansi Resmi","27.199.000","","","","Kota Bandung"
"1777365066-534","https://www.blibli.com/cari/handphone%20huwawei?brand=HUAWEI&sort=0&intent=false&firstLoad=false&page=2&start=39","Huawei Pura 80 12/256GB Kirin 9010S 6.6"" Smartphone - Garansi Resmi","10.499.000","","","","Kota Bandung"
"1777365066-535","https://www.blibli.com/cari/handphone%20huwawei?brand=HUAWEI&sort=0&intent=false&firstLoad=false&page=2&start=39","HUAWEI Pura 80 Ultra Smartphone | 10x Optical Zoom | 1-inch Sensor | Kunlun Glass | 100W | Smart AI","20.999.000","","","","Kota Medan"
"1777365066-536","https://www.blibli.com/cari/handphone%20huwawei?brand=HUAWEI&sort=0&intent=false&firstLoad=false&page=2&start=39","Mifi Router Huawei E5573 Airtel Speed 4G LTE Mobile Wifi","550.000","","","","Kota Semarang"
"1777365066-537","https://www.blibli.com/cari/handphone%20huwawei?brand=HUAWEI&sort=0&intent=false&firstLoad=false&page=2&start=39","HUAWEI GT 4 46MM METAL GREY","5.499.000","","","","Kota Makassar"
"1777365066-538","https://www.blibli.com/cari/handphone%20huwawei?brand=HUAWEI&sort=0&intent=false&firstLoad=false&page=2&start=39","HUAWEI HONOR 4C WIFI ONLY [TYPE LAMA]","599.000","","","","Kab. Karawang"
"1777365066-539","https://www.blibli.com/cari/handphone%20huwawei?brand=HUAWEI&sort=0&intent=false&firstLoad=false&page=2&start=39","HUAWEI HONOR 6 PLUS WIFI ONLY [TYPE LAMA]","999.000","","","","Kab. Karawang"
"1777365066-540","https://www.blibli.com/cari/handphone%20huwawei?brand=HUAWEI&sort=0&intent=false&firstLoad=false&page=2&start=39","HUAWEI GT 4 46MM METAL SILVER","5.499.000","","","","Kota Makassar"
"1777365066-541","https://www.blibli.com/cari/handphone%20huwawei?brand=HUAWEI&sort=0&intent=false&firstLoad=false&page=2&start=39","HUAWEI GT 4 46MM BROWN","3.253.350","","","","Kota Makassar"
"1777365066-542","https://www.blibli.com/cari/handphone%20huwawei?brand=HUAWEI&sort=0&intent=false&firstLoad=false&page=2&start=39","Huawei matepad 11 [6/128GB] GARANSI RESMI","6.999.000","","","","Kota Makassar"
"1777365066-543","https://www.blibli.com/cari/handphone%20huwawei?brand=HUAWEI&sort=0&intent=false&firstLoad=false&page=2&start=39","HUAWEI WATCH BUDS GARANSI RESMI","8.250.000","","","","Kota Makassar"
"1777365066-544","https://www.blibli.com/cari/handphone%20huwawei?brand=HUAWEI&sort=0&intent=false&firstLoad=false&page=2&start=39","HUAWEI GT 4 46MM GREEN","3.174.000","","","","Kota Makassar"
"1777365066-545","https://www.blibli.com/cari/handphone%20huwawei?brand=HUAWEI&sort=0&intent=false&firstLoad=false&page=2&start=39","HUAWEI GT 4 46MM BLACK","3.196.960","","","","Kota Makassar"
"1777365066-546","https://www.blibli.com/cari/handphone%20huwawei?brand=HUAWEI&sort=0&intent=false&firstLoad=false&page=2&start=39","HUAWEI HONOR 3C WIFY ONLY [TYPE LAMA]","449.000","","","","Kab. Karawang"
"1777365066-547","https://www.blibli.com/cari/handphone%20huwawei?brand=HUAWEI&sort=0&intent=false&firstLoad=false&page=2&start=39","\HUAWEI MATEPAD PRO 13.2 [12/256 GB] GARANSI RESMI","31.500.000","","Terjual 2","","Kota Makassar"
"1777365066-548","https://www.blibli.com/cari/handphone%20huwawei?brand=HUAWEI&sort=0&intent=false&firstLoad=false&page=2&start=39","HUAWEI MATEPAD PRO 13.2 [12/512 GB] GARANSI RESMI","17.999.000","","","","Kota Makassar"
"1777365066-549","https://www.blibli.com/cari/handphone%20huwawei?brand=HUAWEI&sort=0&intent=false&firstLoad=false&page=2&start=39","HUAWEI FREEBUDS PRO 3 | GARANSI RESMI","2.999.000","","","","Kota Makassar"
"1777365066-550","https://www.blibli.com/cari/handphone%20huwawei?brand=HUAWEI&sort=0&intent=false&firstLoad=false&page=2&start=39","HUAWEI WATCH FIT 2 ACTIVE | GARANSI RESMI","1.599.000","","","","Kota Makassar"
"1777365066-551","https://www.blibli.com/cari/handphone%20huwawei?brand=HUAWEI&sort=0&intent=false&firstLoad=false&page=2&start=39","HUAWEI MATEPAD 11.5 [8/128GB] - [6/128GB] Garansi Resmi","4.484.000","","","","Kab. Jember"
"1777365066-552","https://www.blibli.com/cari/handphone%20huwawei?brand=HUAWEI&sort=0&intent=false&firstLoad=false&page=2&start=39","Tablet Huawei Matepad T10.4 - 4GB/128GB","3.100.000","","","","Kota Cirebon"
"1777365066-553","https://www.blibli.com/cari/handphone%20huwawei?brand=HUAWEI&sort=0&intent=false&firstLoad=false&page=2&start=39","Huawei E5576 Modem Mifi 4G LTE Unlock","737.000","","Terjual 1","","Kota Pekanbaru"
"1777365066-554","https://www.blibli.com/cari/handphone%20huwawei?brand=HUAWEI&sort=0&intent=false&firstLoad=false&page=2&start=39","HUAWEI MATEPAD 11.5 [8/128 GB] GARANSI RESMI","5.199.000","","Terjual 1","","Kota Makassar"
"1777365066-555","https://www.blibli.com/cari/handphone%20huwawei?brand=HUAWEI&sort=0&intent=false&firstLoad=false&page=2&start=39","HUAWEI MATEPAD 11 [6/128 GB] GARANSI RESMi","6.999.000","","","","Kota Makassar"
"1777365066-556","https://www.blibli.com/cari/handphone%20huwawei?brand=HUAWEI&sort=0&intent=false&firstLoad=false&page=2&start=39","HUAWEI WATCH ULTIMATE BLUE | FREE GIFT | GARANSI RESMI","12.999.000","","","","Kota Makassar"
"1777365066-557","https://www.blibli.com/cari/handphone%20huwawei?brand=HUAWEI&sort=0&intent=false&firstLoad=false&page=2&start=39","HUAWEI MATEPAD SE 11 [6/128GB] GARANSI RESMI","2.600.000","5","Terjual 3","","Kota Makassar"
"1777365066-558","https://www.blibli.com/cari/handphone%20huwawei?brand=HUAWEI&sort=0&intent=false&firstLoad=false&page=2&start=39","HUAWEI MATEPAD 11.5 PAPERMATTE [8/128 GB] GARANSI RESMI","6.499.000","","Terjual 1","","Kota Makassar"
"1777365066-559","https://www.blibli.com/cari/handphone%20huwawei?brand=HUAWEI&sort=0&intent=false&firstLoad=false&page=2&start=39","HUAWEI WATCH ULTIMATE GOLD | FREE GIFT | GARANSI RESMI","41.999.000","","","","Kota Makassar"
"1777365066-560","https://www.blibli.com/cari/handphone%20huwawei?brand=HUAWEI&sort=0&intent=false&firstLoad=false&page=2&start=39","HUAWEI WATCH FIT 3 [GREEN] - GARANSI RESMI","1.999.000","","","","Kota Makassar"
"1777365066-561","https://www.blibli.com/cari/handphone%20huwawei?brand=HUAWEI&sort=0&intent=false&firstLoad=false&page=2&start=39","HUAWEI WATCH FIT 3 [WHITE] - GARANSI RESMI","1.999.000","","","","Kota Makassar"
"1777365066-562","https://www.blibli.com/cari/handphone%20huwawei?brand=HUAWEI&sort=0&intent=false&firstLoad=false&page=2&start=39","HUAWEI WATCH FIT 3 [PINK] - GARANSI RESMI","1.999.000","","","","Kota Makassar"
"1777365066-563","https://www.blibli.com/cari/handphone%20huwawei?brand=HUAWEI&sort=0&intent=false&firstLoad=false&page=2&start=39","HUAWEI WATCH FIT 3 [BLACK] - GARANSI RESMI","1.999.000","5","Terjual 1","","Kota Makassar"
"1777365066-564","https://www.blibli.com/cari/handphone%20huwawei?brand=HUAWEI&sort=0&intent=false&firstLoad=false&page=2&start=39","HUAWEI GT 4 41MM GREEN - GARANSI RESMI","3.199.000","","","","Kota Makassar"
"1777365066-565","https://www.blibli.com/cari/handphone%20huwawei?brand=HUAWEI&sort=0&intent=false&firstLoad=false&page=2&start=39","HUAWEI MATE 80 PRO 16/512 RAM 16GB STORAGE 512GB Garansi resmi","16.999.000","","","","Kota Pontianak"
"1777365066-566","https://www.blibli.com/cari/handphone%20huwawei?brand=HUAWEI&sort=0&intent=false&firstLoad=false&page=2&start=39","HUAWEI MATEPAD 11.5""S PAPERMATTE [8/256 GB] - GARANSI RESMI","7.999.000","","Terjual 1","","Kota Makassar"
"1777365066-567","https://www.blibli.com/cari/handphone%20huwawei?brand=HUAWEI&sort=0&intent=false&firstLoad=false&page=2&start=39","HUAWEI MATEPAD AIR [8/128GB] GARANSI RESMI FREE GIFT","7.700.000","5","Terjual 1","","Kota Makassar"
"1777365066-568","https://www.blibli.com/cari/handphone%20huwawei?brand=HUAWEI&sort=0&intent=false&firstLoad=false&page=2&start=39","HUAWEI MATEBOOK D14 12TH GEN | I5 PROCESSOR | GARANSI RESMI","8.849.000","","","","Kota Makassar"
"1777365066-569","https://www.blibli.com/cari/handphone%20huwawei?brand=HUAWEI&sort=0&intent=false&firstLoad=false&page=2&start=39","HUAWEI MATEBOOK D14 13TH GEN | I5 PROCESSOR | GARANSI RESMI","10.599.000","","Terjual 1","","Kota Makassar"
"1777365066-570","https://www.blibli.com/cari/handphone%20huwawei?brand=HUAWEI&sort=0&intent=false&firstLoad=false&page=2&start=39","HUAWEI WATCH GT 4 GT4 46MM GRATIS FREEBUDS & STRAP - GARANSI RESMI","3.499.000","","","","Kab. Purwakarta"
"1777365066-571","https://www.blibli.com/cari/handphone%20huwawei?brand=HUAWEI&sort=0&intent=false&firstLoad=false&page=2&start=39","Modem Huawei B312 wifi home router 4G orbit star 2 bonus kartu perdana telkomsel","945.250","","","","Kota Jakarta Pusat"
"1777365066-572","https://www.blibli.com/cari/handphone%20huwawei?brand=HUAWEI&sort=0&intent=false&firstLoad=false&page=2&start=39","HUAWEI Pura 80 Ultra Smartphone | 10x Optical Zoom | 1-inch Sensor | Kunlun Glass | 100W | Smart AI","20.950.000","","","","Kab. Deli Serdang"
"1777365066-573","https://www.blibli.com/cari/handphone%20huwawei?brand=HUAWEI&sort=0&intent=false&firstLoad=false&page=2&start=39","Huawei P30 Lite Smartphone [128GB/ 6GB]","4.005.000","5","Terjual 11","Kota Medan","SINERGY SELLULAR Flagship Store"
"1777365066-574","https://www.blibli.com/cari/handphone%20huwawei?brand=HUAWEI&sort=0&intent=false&firstLoad=false&page=2&start=39","Huawei P40 Pro Smartphone + Free Buds 3 [8GB/256GB/Support 5G]","13.485.000","","","Kota Medan","SINERGY SELLULAR Flagship Store"
"1777365066-575","https://www.blibli.com/cari/handphone%20huwawei?brand=HUAWEI&sort=0&intent=false&firstLoad=false&page=2&start=39","Huawei Y7 Pro 2019 Smartphone [64 GB/4 GB]","2.610.000","5","Terjual 6","Kota Medan","SINERGY SELLULAR Flagship Store"
"1777365066-576","https://www.blibli.com/cari/handphone%20huwawei?brand=HUAWEI&sort=0&intent=false&firstLoad=false&page=2&start=39","Huawei Mate 30 Pro Smartphone - Silver Space","15.000.000","","","","Kota Malang"
"1777365066-577","https://www.blibli.com/cari/handphone%20huwawei?brand=HUAWEI&sort=0&intent=false&firstLoad=false&page=2&start=39","Huawei Nova 7 Smartphone [256 GB/ 8 GB]","6.899.000","","Terjual 1","","Kota Malang"
"1777365066-578","https://www.blibli.com/cari/handphone%20huwawei?brand=HUAWEI&sort=0&intent=false&firstLoad=false&page=2&start=39","Huawei Mate 40 Pro Smartphone [8 GB-256 GB]","15.999.000","","","","Kota Malang"
"1777365066-579","https://www.blibli.com/cari/handphone%20huwawei?brand=HUAWEI&sort=0&intent=false&firstLoad=false&page=2&start=39","Pre-order","4.999.000","5","Terjual 9","","Kota Malang"
"1777365066-580","https://www.blibli.com/cari/handphone%20huwawei?brand=HUAWEI&sort=0&intent=false&firstLoad=false&page=2&start=39","Huawei P30 Lite Smartphone [128GB/ 6GB]","3.499.000","","Terjual 1","","Kota Malang"
"1777365066-581","https://www.blibli.com/cari/handphone%20huwawei?brand=HUAWEI&sort=0&intent=false&firstLoad=false&page=2&start=39","Huawei P30 Pro Smartphone [256 GB/ 8 GB]","10.499.000","","","","Kota Malang"
"1777365066-582","https://www.blibli.com/cari/handphone%20huwawei?brand=HUAWEI&sort=0&intent=false&firstLoad=false&page=2&start=39","Huawei P40 Pro Smartphone [8 GB/ 256 GB]","10.499.000","","Terjual 11","","Kota Malang"
"1777365066-583","https://www.blibli.com/cari/handphone%20huwawei?brand=HUAWEI&sort=0&intent=false&firstLoad=false&page=2&start=39","HUAWEI Pura 80 Series - Basic/Pro/Ultra Smartphone | 10x Optical Zoom | 1-inch Sensor | Macro Telephoto | Kunlun Glass | 100W | Smart AI","22.999.000","","","Kota Jakarta Selatan","IT Galeri #1 Flagship Store"
"1777365066-584","https://www.blibli.com/cari/handphone%20huwawei?brand=HUAWEI&sort=0&intent=false&firstLoad=false&page=2&start=39","HUAWEI FREEBUDS 3I","1.399.000","","","","Kota Malang"
"1777365066-585","https://www.blibli.com/cari/handphone%20huwawei?brand=HUAWEI&sort=0&intent=false&firstLoad=false&page=2&start=39","Huawei P30 Pro Smartphone [256GB/ 8GB/ Garansi Resmi]","12.999.000","","","","Kota Surabaya"
"1777365066-586","https://www.blibli.com/cari/handphone%20huwawei?brand=HUAWEI&sort=0&intent=false&firstLoad=false&page=2&start=39","HUAWEI Pura 70 Ultra Smartphone | Ultra Lighting Pop-out Camera | Ultra Speed Snapshot Garansi Resmi Huawei Indonesia","17.999.000","","","Kota Jakarta Pusat","Global Teleshop Flagship Store"
"1777365066-587","https://www.blibli.com/cari/handphone%20huwawei?brand=HUAWEI&sort=0&intent=false&firstLoad=false&page=2&start=39","HUAWEI Nova 13 Pro Smartphone | 12/512GB | 60 MP Front Ultra Portrait Dual CameraI SuperCharge Turbo","7.399.000","","","Kota Jakarta Pusat","Okeshop O2O Flagship Store"
"1777365066-588","https://www.blibli.com/cari/handphone%20huwawei?brand=HUAWEI&sort=0&intent=false&firstLoad=false&page=2&start=39","HUAWEI MATE X6 Smartphone | 12+512GB | Ultra Slim and Durable | Ultra Chroma Camera | Live-Multitask Inovatif","23.299.000","","Terjual 1","Kota Bandung","Beli Beli Indonesia Flagship Store"
"1777365066-589","https://www.blibli.com/cari/handphone%20huwawei?brand=HUAWEI&sort=0&intent=false&firstLoad=false&page=2&start=39","Huawei Nova 13 Pro 12/512GB HP Smartphone","7.555.275","","","Kota Jakarta Pusat","Super Gadget Flagship Store"
"1777365066-590","https://www.blibli.com/cari/handphone%20huwawei?brand=HUAWEI&sort=0&intent=false&firstLoad=false&page=2&start=39","Huawei Nova 14 Pro 12/512GB HP Smartphone","8.091.525","5","Terjual 2","Kota Jakarta Pusat","Super Gadget Flagship Store"
"1777365066-591","https://www.blibli.com/cari/handphone%20huwawei?brand=HUAWEI&sort=0&intent=false&firstLoad=false&page=2&start=39","HUAWEI Pura 70 Ultra RAM 16GB Smartphone | Ultra Lighting Pop-out Camera | Ultra Speed Snapshot | Crystal Armour Kunlun Glass","15.988.975","","","Kota Bandung","Beli Beli Indonesia Flagship Store"
"1777365066-592","https://www.blibli.com/cari/handphone%20huwawei?brand=HUAWEI&sort=0&intent=false&firstLoad=false&page=2&start=39","HUAWEI Pura 70 Ultra Smartphone","17.999.000","","Terjual 33","","Kota Depok"
"1777365123-593","https://www.blibli.com/cari/handphone%20huwawei?brand=HUAWEI&sort=0&intent=false&firstLoad=false","【NEW | Hadiah s/d 9,2JT】HUAWEI Mate 80 Pro Smartphone 16+512G l True-to-Colour Camera 2.0 l 2nd Gen Kunlun Glass l Smart AI | 100W","16.799.000","5","Terjual 39","Kota Tangerang","HUAWEI Flagship Store"
"1777365123-594","https://www.blibli.com/cari/handphone%20huwawei?brand=HUAWEI&sort=0&intent=false&firstLoad=false","Flip Cover Huawei MatePad T10s ORIGINAL","195.000","5","Terjual 3","","Kota Bekasi"
"1777365123-595","https://www.blibli.com/cari/handphone%20huwawei?brand=HUAWEI&sort=0&intent=false&firstLoad=false","HUAWEI Mate X6 Smartphone 12G/512GB | Ultra Slim and Durable | Ultra Chroma Camera | Ultra-long Battery Life","24.899.000","","","Kota Surabaya","TECHNO COM Flagship Store"
"1777365123-596","https://www.blibli.com/cari/handphone%20huwawei?brand=HUAWEI&sort=0&intent=false&firstLoad=false","HUAWEI PURA 80 PRO 12/512 GB GARANSI RESMI HUAWEI INDONESIA TERMURAH","13.015.500","","Terjual 1","Kota Surabaya","Hapemall Flagship Store"
"1777365123-597","https://www.blibli.com/cari/handphone%20huwawei?brand=HUAWEI&sort=0&intent=false&firstLoad=false","HUAWEI Mate X7 Fold 16GB/512GB Smartphone | Ultra Thin and Durable | True-to-Color Camera | Smart AI | Garansi Resmi","27.999.000","","","Kota Surabaya","Tokolasvegas Flagship Store"
"1777365123-598","https://www.blibli.com/cari/handphone%20huwawei?brand=HUAWEI&sort=0&intent=false&firstLoad=false","Hp Huawei Nova 13 Pro Ram 12GB Internal 512GB Garansi Resmi","8.199.000","","Terjual 1","Kota Pekanbaru","wwponsel_hangtuah Flagship Store"
"1777365123-599","https://www.blibli.com/cari/handphone%20huwawei?brand=HUAWEI&sort=0&intent=false&firstLoad=false","HUAWEI Pura 70 Ultra Smartphone Garansi Resmi","17.999.000","","Terjual 12","","Kota Surabaya & kota lainnya"
"1777365123-600","https://www.blibli.com/cari/handphone%20huwawei?brand=HUAWEI&sort=0&intent=false&firstLoad=false","HUAWEI nova 14 Pro Smartphone l True-to-Life Color Camera | 50 MP Front Dual Camera l Smart AI | 100W | Garansi Resmi","8.499.000","","Terjual 4","Kota Surabaya","Tokolasvegas Flagship Store"
"1777365123-601","https://www.blibli.com/cari/handphone%20huwawei?brand=HUAWEI&sort=0&intent=false&firstLoad=false","HUAWEI Pura 80 Pro Smartphone 12GB + 512GB | 1-inch Sensor | Macro Telephoto | Kunlun Glass | 100W SuperCharge | Smart AI | Handphone Pura80 Pro","13.499.000","","Terjual 1","Kota Jakarta Timur & kota lainnya","HangOn Flagship Store"
"1777365123-602","https://www.blibli.com/cari/handphone%20huwawei?brand=HUAWEI&sort=0&intent=false&firstLoad=false","Huawei Mate Pad 11.5-Inch Ram 6GB Rom 128GB","3.989.000","","","","Kota Surabaya"
"1777365123-603","https://www.blibli.com/cari/handphone%20huwawei?brand=HUAWEI&sort=0&intent=false&firstLoad=false","HUAWEI Pura 80 Ultra Smartphone 16GB + 512GB | 10x Optical Zoom | 1-inch Sensor | Kunlun Glass | 100W SuperCharge | Smart AI | Handphone Pura80 Ultra","20.999.000","","","Kota Jakarta Timur & kota lainnya","HangOn Flagship Store"
"1777365123-604","https://www.blibli.com/cari/handphone%20huwawei?brand=HUAWEI&sort=0&intent=false&firstLoad=false","HUAWEI nova 14 Pro Smartphone l True-to-Life Color Camera | 50 MP Front Dual Camera l Smart AI | 100W","8.499.000","4,9","Terjual 41","Kab. Sleman & kota lainnya","Alyosha Flagship Store"
"1777365123-605","https://www.blibli.com/cari/handphone%20huwawei?brand=HUAWEI&sort=0&intent=false&firstLoad=false","HUAWEI Pura 80 Ultra Smartphone | 10x Optical Zoom | 1-inch Sensor | Kunlun Glass | 100W | Smart AI","19.982.000","","","Kota Bandung","Beli Beli Indonesia Flagship Store"
"1777365123-606","https://www.blibli.com/cari/handphone%20huwawei?brand=HUAWEI&sort=0&intent=false&firstLoad=false","Modem Mobile WiFi Huawei Elite 6 TouchScreen Unlock","665.000","","","Kota Surakarta (Solo) & kota lainnya","ELS Computer Flagship Store"
"1777365123-607","https://www.blibli.com/cari/handphone%20huwawei?brand=HUAWEI&sort=0&intent=false&firstLoad=false","HUAWEI Mate 80 Pro Smartphone 16+512G l True-to-Colour Camera 2.0 l 2nd Gen Kunlun Glass l Smart AI | 100W","15.999.000","","","Kab. Tangerang","IT Galeri Flagship Store"
"1777365123-608","https://www.blibli.com/cari/handphone%20huwawei?brand=HUAWEI&sort=0&intent=false&firstLoad=false","HUAWEI nova 14 Pro Smartphone l True-to-Life Color Camera | 50 MP Front Dual Camera l Smart AI | 100W","8.499.000","5","Terjual 20","Kota Semarang","Alyosha Semarang Flagship Store"
"1777365123-609","https://www.blibli.com/cari/handphone%20huwawei?brand=HUAWEI&sort=0&intent=false&firstLoad=false","HUAWEI Nova 14 Pro Smartphone l True-to-Life Color Camera | 50 MP Front Dual Camera l Smart AI | 100W","8.499.000","","","Kota Bandung","Up To Date Computer Flagship Store"
"1777365123-610","https://www.blibli.com/cari/handphone%20huwawei?brand=HUAWEI&sort=0&intent=false&firstLoad=false","HUAWEI nova 14 Pro Smartphone l True-to-Life Color Camera | 50 MP Front Dual Camera l Smart AI | 100W","8.319.000","","Terjual 1","Kota Bandung","Beli Beli Indonesia Flagship Store"
"1777365123-611","https://www.blibli.com/cari/handphone%20huwawei?brand=HUAWEI&sort=0&intent=false&firstLoad=false","HUAWEI Mate X7 Smartphone | Ultra Thin and Durable | True-to-Color Camera | Ultra-long Battery Life | Smart AI","26.699.000","","","Kota Bandung","Beli Beli Indonesia Flagship Store"
"1777365123-612","https://www.blibli.com/cari/handphone%20huwawei?brand=HUAWEI&sort=0&intent=false&firstLoad=false","HUAWEI Pura 80 Pro Smartphone | 1-inch Sensor | Macro Telephoto | Kunlun Glass | 100W | Smart AI","12.877.000","","","Kota Bandung","Beli Beli Indonesia Flagship Store"
"1777365123-613","https://www.blibli.com/cari/handphone%20huwawei?brand=HUAWEI&sort=0&intent=false&firstLoad=false","Huawei Mate X7 Smartphone 16/512GB | Ultra Lighting HDR Camera | Telephoto Macro Camera | Ultra-Wide Angle Camera | EMUI 15.0 - Garansi Resmi","27.400.000","","","Kota Bandung","Up To Shop Flagship Store"
"1777365123-614","https://www.blibli.com/cari/handphone%20huwawei?brand=HUAWEI&sort=0&intent=false&firstLoad=false","HUAWEI Mate X7 Smartphone | Ultra Thin and Durable | True-to-Color Camera | Ultra-long Battery Life | Smart AI","27.999.000","","","Kota Semarang","Alyosha Semarang Flagship Store"
"1777365123-615","https://www.blibli.com/cari/handphone%20huwawei?brand=HUAWEI&sort=0&intent=false&firstLoad=false","HUAWEI Nova 14 Pro Smartphone l True-to-Life Color Camera | 50 MP Front Dual Camera l Smart AI | 100W","8.499.000","","","Kota Bandung","Up To Shop Flagship Store"
"1777365123-616","https://www.blibli.com/cari/handphone%20huwawei?brand=HUAWEI&sort=0&intent=false&firstLoad=false","HUAWEI Pura 80 Pro Smartphone | 1-inch Sensor | Macro Telephoto | Kunlun Glass | 100W | Smart AI","13.499.000","5","Terjual 15","Kota Yogyakarta","Huawei Jogja Flagship Store"
"1777365123-617","https://www.blibli.com/cari/handphone%20huwawei?brand=HUAWEI&sort=0&intent=false&firstLoad=false","HUAWEI nova 14 Pro Smartphone l True-to-Life Color Camera | 50 MP Front Dual Camera l Smart AI | 100W","8.499.000","5","Terjual 12","Kota Yogyakarta","Huawei Jogja Flagship Store"
"1777365123-618","https://www.blibli.com/cari/handphone%20huwawei?brand=HUAWEI&sort=0&intent=false&firstLoad=false","HUAWEI Mate X7 Smartphone | Ultra Thin and Durable | True-to-Color Camera | Ultra-long Battery Life | Smart AI","27.999.000","","","Kota Yogyakarta","Huawei Jogja Flagship Store"
"1777365123-619","https://www.blibli.com/cari/handphone%20huwawei?brand=HUAWEI&sort=0&intent=false&firstLoad=false","Huawei Mate X7 Smartphone 16/512GB | Ultra Lighting HDR Camera | Telephoto Macro Camera | Ultra-Wide Angle Camera | EMUI 15.0 - Garansi Resmi","27.400.000","","","Kota Bandung","Up To Date Computer Flagship Store"
"1777365123-620","https://www.blibli.com/cari/handphone%20huwawei?brand=HUAWEI&sort=0&intent=false&firstLoad=false","HUAWEI Pura 80 Ultra Smartphone | 10x Optical Zoom | 1-inch Sensor | Kunlun Glass | 100W | Smart AI - Prestige Gold","20.999.000","5","Terjual 5","Kota Yogyakarta","Huawei Jogja Flagship Store"
"1777365123-621","https://www.blibli.com/cari/handphone%20huwawei?brand=HUAWEI&sort=0&intent=false&firstLoad=false","Huawei P40 Pro Plus Smartphone [8 GB-512 GB]","15.499.000","","","","Kota Surabaya"
"1777365123-622","https://www.blibli.com/cari/handphone%20huwawei?brand=HUAWEI&sort=0&intent=false&firstLoad=false","【PAYDAY | Voucher s/d 10%】HUAWEI nova 14 Pro Smartphone l True-to-Life Color Camera | 50 MP Front Dual Camera l Smart AI | 100W","8.500.000","5","Terjual 68","Kota Tangerang","HUAWEI Flagship Store"
"1777365123-623","https://www.blibli.com/cari/handphone%20huwawei?brand=HUAWEI&sort=0&intent=false&firstLoad=false","Huawei Pura 80 12/256GB Kirin 9010S 6.6"" Smartphone - Garansi Resmi","10.499.000","","","Kota Bandung","Up To Date Computer Flagship Store"
"1777365123-624","https://www.blibli.com/cari/handphone%20huwawei?brand=HUAWEI&sort=0&intent=false&firstLoad=false","Huawei Pura 80 12/256GB Kirin 9010S 6.6"" Smartphone - Garansi Resmi","10.499.000","","","Kota Bandung","Up To Shop Flagship Store"
"1777365123-625","https://www.blibli.com/cari/handphone%20huwawei?brand=HUAWEI&sort=0&intent=false&firstLoad=false","【PAYDAY | Bank Cashback s/d 5JT】HUAWEI Mate X7 Smartphone | Ultra Thin and Durable | True-to-Color Camera | Ultra-long Battery Life | Smart AI","28.000.000","4,9","Terjual 146","Kota Tangerang","HUAWEI Flagship Store"
"1777365123-626","https://www.blibli.com/cari/handphone%20huwawei?brand=HUAWEI&sort=0&intent=false&firstLoad=false","MODEM HUAWEI MOBILE WIFI E5577C 150Mbps-ORIGINAL","1.050.000","","","Kota Banjarmasin","Hapeworld Flagship Store"
"1777365123-627","https://www.blibli.com/cari/handphone%20huwawei?brand=HUAWEI&sort=0&intent=false&firstLoad=false","Era 2000 - HUAWEI Pura 80 Pro Smartphone | 1-inch Sensor | Macro Telephoto | Kunlun Glass | 100W | Smart AI | Garansi Resmi","12.999.000","","Terjual 1","Kota Bandung","Era 2000 Flagship Store"
"1777365123-628","https://www.blibli.com/cari/handphone%20huwawei?brand=HUAWEI&sort=0&intent=false&firstLoad=false","(DCG) HUAWEI MATE X7 16/512 GB GARANSI RESMI FOLDABLE SMARTPHONE","27.500.000","","","Kota Medan","DigitalCellularGroup Flagship Store"
"1777365123-629","https://www.blibli.com/cari/handphone%20huwawei?brand=HUAWEI&sort=0&intent=false&firstLoad=false","HUAWEI nova 13 Pro Smartphone 12GB + 512GB | 60 MP Front Ultra Portrait Dual Camera | 100W HUAWEI SuperCharge Turbo | 6.76"" Handphone nova13 Pro","7.399.000","","","Kota Jakarta Barat & kota lainnya","HangOn Flagship Store"
"1777365123-630","https://www.blibli.com/cari/handphone%20huwawei?brand=HUAWEI&sort=0&intent=false&firstLoad=false","HUAWEI PURA 80 PRO","13.499.000","5","Terjual 3","Kab. Sleman & kota lainnya","Alyosha Flagship Store"
"1777365123-631","https://www.blibli.com/cari/handphone%20huwawei?brand=HUAWEI&sort=0&intent=false&firstLoad=false","HUAWEI Pura 80 Ultra","20.999.000","","","Kab. Sleman & kota lainnya","Alyosha Flagship Store"
"1777365123-632","https://www.blibli.com/cari/handphone%20huwawei?brand=HUAWEI&sort=0&intent=false&firstLoad=false","Huawei Pura 80 Ultra 16GB/512GB Kirin 9020 6.8"" EMUI 15.0 10x Optical Zoom | 1-inch Sensor - Garansi Resmi","13.299.000","5","Terjual 2","Kota Bandung","Up To Date Computer Flagship Store"
"1777365123-633","https://www.blibli.com/cari/handphone%20huwawei?brand=HUAWEI&sort=0&intent=false&firstLoad=false","Huawei Pura 80 Ultra 16GB/512GB Kirin 9020 6.8"" EMUI 15.0 10x Optical Zoom | 1-inch Sensor - Garansi Resmi","13.299.000","","","Kota Bandung","Up To Shop Flagship Store"
"1777365123-634","https://www.blibli.com/cari/handphone%20huwawei?brand=HUAWEI&sort=0&intent=false&firstLoad=false","Huawei GR3 Smartphone - Silver [4G]","959.200","","","","Kota Medan"
"1777365123-635","https://www.blibli.com/cari/handphone%20huwawei?brand=HUAWEI&sort=0&intent=false&firstLoad=false","Huawei Mate Xs Smartphone [512 GB/ 8 GB]","41.000.000","","","","Kota Jakarta Selatan"
"1777365123-636","https://www.blibli.com/cari/handphone%20huwawei?brand=HUAWEI&sort=0&intent=false&firstLoad=false","TABLET HUAWEI 11.5 INCH 6GB 128GB (SPACE GREY)","4.650.000","","","Kab. Pemalang","Irama Mas Cellular Flagship Store"
"1777365123-637","https://www.blibli.com/cari/handphone%20huwawei?brand=HUAWEI&sort=0&intent=false&firstLoad=false","【PAYDAY | Voucher s/d 10%】HUAWEI Mate X6 Smartphone | Ultra Slim and Durable | Ultra Chroma Camera | Ultra-long Battery Life","25.000.000","4,9","Terjual 151","Kota Tangerang","HUAWEI Flagship Store"
"1777365123-638","https://www.blibli.com/cari/handphone%20huwawei?brand=HUAWEI&sort=0&intent=false&firstLoad=false","【PAYDAY | Voucher s/d 10%】HUAWEI Pura 80 Pro Smartphone | 1-inch Sensor | Macro Telephoto | Kunlun Glass | 100W | Smart AI","13.500.000","4,9","Terjual 277","Kota Tangerang","HUAWEI Flagship Store"
"1777365123-639","https://www.blibli.com/cari/handphone%20huwawei?brand=HUAWEI&sort=0&intent=false&firstLoad=false","【PAYDAY | Voucher s/d 10%】HUAWEI Pura 80 Ultra Smartphone | 10x Optical Zoom | 1-inch Sensor | Kunlun Glass | 100W | Smart AI","21.000.000","4,8","Terjual 71","Kota Tangerang","HUAWEI Flagship Store"
"1777365123-640","https://www.blibli.com/cari/handphone%20huwawei?brand=HUAWEI&sort=0&intent=false&firstLoad=false","【NEW | Hadiah s/d 9,2JT】HUAWEI Mate 80 Pro Smartphone 16+512G l True-to-Colour Camera 2.0 l 2nd Gen Kunlun Glass l Smart AI | 100W","16.799.000","5","Terjual 39","Kota Tangerang","HUAWEI Flagship Store"
"1777365123-641","https://www.blibli.com/cari/handphone%20huwawei?brand=HUAWEI&sort=0&intent=false&firstLoad=false","HUAWEI P40 Pro Smartphone [256 GB/ 8 GB]","11.500.000","","","","Kota Jakarta Timur"
"1777365123-642","https://www.blibli.com/cari/handphone%20huwawei?brand=HUAWEI&sort=0&intent=false&firstLoad=false","Era 2000 - HUAWEI nova 14 Pro Smartphone l True-to-Life Color Camera | 50 MP Front Dual Camera l Smart AI | 100W","8.299.000","","Terjual 1","Kota Bandung","Era 2000 Flagship Store"
"1777365123-643","https://www.blibli.com/cari/handphone%20huwawei?brand=HUAWEI&sort=0&intent=false&firstLoad=false","Huawei P40 Pro Smartphone [256GB/ 8GB/ 5G]","11.500.000","","","","Kota Jakarta Timur"
"1777365123-644","https://www.blibli.com/cari/handphone%20huwawei?brand=HUAWEI&sort=0&intent=false&firstLoad=false","HUAWEI Mate X7 Smartphone | Ultra Thin and Durable | True-to-Color Camera | Ultra-long Battery Life","27.999.000","","","","Kota Jakarta Utara"
"1777365123-645","https://www.blibli.com/cari/handphone%20huwawei?brand=HUAWEI&sort=0&intent=false&firstLoad=false","HUAWEI Nova 14 Pro Smartphone l True-to-Life Color Camera | 50 MP Front Dual Camera l Smart AI | 100W","8.999.000","","","","Kota Bandung"
"1777365123-646","https://www.blibli.com/cari/handphone%20huwawei?brand=HUAWEI&sort=0&intent=false&firstLoad=false","HUAWEI Pura 80 Pro Smartphone | 1-inch Sensor | Macro Telephoto | Kunlun Glass | 100W | Smart AI","14.999.000","","","","Kota Jakarta Utara"
"1777365123-647","https://www.blibli.com/cari/handphone%20huwawei?brand=HUAWEI&sort=0&intent=false&firstLoad=false","Huawei Freebuds 3i","1.412.900","","","Kota Jakarta Pusat","Victorindo Flagship Store"
"1777365123-648","https://www.blibli.com/cari/handphone%20huwawei?brand=HUAWEI&sort=0&intent=false&firstLoad=false","HUAWEI nova 14 Pro Smartphone l True-to-Life Color Camera | 50 MP Front Dual Camera l Smart AI | 100W","8.499.000","","","","Kota Jakarta Utara"
"1777365123-649","https://www.blibli.com/cari/handphone%20huwawei?brand=HUAWEI&sort=0&intent=false&firstLoad=false","Huawei P40 Smartphone [8 GB-128 GB]","8.999.000","","","","Kota Jakarta Selatan"
"1777365123-650","https://www.blibli.com/cari/handphone%20huwawei?brand=HUAWEI&sort=0&intent=false&firstLoad=false","Huawei Tripod Selfie Stick AF14 Tongkat Selfi Kamera Stand","150.000","","","Kota Jakarta Pusat","Super Gadget Flagship Store"
"1777365123-651","https://www.blibli.com/cari/handphone%20huwawei?brand=HUAWEI&sort=0&intent=false&firstLoad=false","HUAWEI MATEPAD 12X 2026 12INCH 12GB 256GB PaperMatte Edition","9.999.000","","","Kab. Pemalang","Irama Mas Cellular Flagship Store"
"1777365123-652","https://www.blibli.com/cari/handphone%20huwawei?brand=HUAWEI&sort=0&intent=false&firstLoad=false","HUAWEI nova 14 Pro Smartphone l True-to-Life Color Camera | 50 MP Front Dual Camera l Smart AI | 100W","8.499.000","","","","Kota Medan"
"1777365123-653","https://www.blibli.com/cari/handphone%20huwawei?brand=HUAWEI&sort=0&intent=false&firstLoad=false","Huawei Mate X7 Smartphone 16/512GB | Ultra Lighting HDR Camera | Telephoto Macro Camera | Ultra-Wide Angle Camera | EMUI 15.0 - Garansi Resmi","27.199.000","","","","Kota Bandung"
"1777365123-654","https://www.blibli.com/cari/handphone%20huwawei?brand=HUAWEI&sort=0&intent=false&firstLoad=false","Huawei Pura 80 12/256GB Kirin 9010S 6.6"" Smartphone - Garansi Resmi","10.499.000","","","","Kota Bandung"
"1777365123-655","https://www.blibli.com/cari/handphone%20huwawei?brand=HUAWEI&sort=0&intent=false&firstLoad=false","HUAWEI Pura 80 Ultra Smartphone | 10x Optical Zoom | 1-inch Sensor | Kunlun Glass | 100W | Smart AI","20.999.000","","","","Kota Medan"
"1777365123-656","https://www.blibli.com/cari/handphone%20huwawei?brand=HUAWEI&sort=0&intent=false&firstLoad=false","Mifi Router Huawei E5573 Airtel Speed 4G LTE Mobile Wifi","550.000","","","","Kota Semarang"
"1777365123-657","https://www.blibli.com/cari/handphone%20huwawei?brand=HUAWEI&sort=0&intent=false&firstLoad=false","HUAWEI GT 4 46MM METAL GREY","5.499.000","","","","Kota Makassar"
"1777365123-658","https://www.blibli.com/cari/handphone%20huwawei?brand=HUAWEI&sort=0&intent=false&firstLoad=false","HUAWEI HONOR 4C WIFI ONLY [TYPE LAMA]","599.000","","","","Kab. Karawang"
"1777365123-659","https://www.blibli.com/cari/handphone%20huwawei?brand=HUAWEI&sort=0&intent=false&firstLoad=false","HUAWEI HONOR 6 PLUS WIFI ONLY [TYPE LAMA]","999.000","","","","Kab. Karawang"
"1777365123-660","https://www.blibli.com/cari/handphone%20huwawei?brand=HUAWEI&sort=0&intent=false&firstLoad=false","HUAWEI GT 4 46MM METAL SILVER","5.499.000","","","","Kota Makassar"
"1777365123-661","https://www.blibli.com/cari/handphone%20huwawei?brand=HUAWEI&sort=0&intent=false&firstLoad=false","HUAWEI GT 4 46MM BROWN","3.253.350","","","","Kota Makassar"
"1777365123-662","https://www.blibli.com/cari/handphone%20huwawei?brand=HUAWEI&sort=0&intent=false&firstLoad=false","Huawei matepad 11 [6/128GB] GARANSI RESMI","6.999.000","","","","Kota Makassar"
"1777365123-663","https://www.blibli.com/cari/handphone%20huwawei?brand=HUAWEI&sort=0&intent=false&firstLoad=false","HUAWEI WATCH BUDS GARANSI RESMI","8.250.000","","","","Kota Makassar"
"1777365123-664","https://www.blibli.com/cari/handphone%20huwawei?brand=HUAWEI&sort=0&intent=false&firstLoad=false","HUAWEI GT 4 46MM GREEN","3.174.000","","","","Kota Makassar"
"1777365123-665","https://www.blibli.com/cari/handphone%20huwawei?brand=HUAWEI&sort=0&intent=false&firstLoad=false","HUAWEI GT 4 46MM BLACK","3.196.960","","","","Kota Makassar"
"1777365123-666","https://www.blibli.com/cari/handphone%20huwawei?brand=HUAWEI&sort=0&intent=false&firstLoad=false","HUAWEI HONOR 3C WIFY ONLY [TYPE LAMA]","449.000","","","","Kab. Karawang"
"1777365123-667","https://www.blibli.com/cari/handphone%20huwawei?brand=HUAWEI&sort=0&intent=false&firstLoad=false","\HUAWEI MATEPAD PRO 13.2 [12/256 GB] GARANSI RESMI","31.500.000","","Terjual 2","","Kota Makassar"
"1777365123-668","https://www.blibli.com/cari/handphone%20huwawei?brand=HUAWEI&sort=0&intent=false&firstLoad=false","HUAWEI MATEPAD PRO 13.2 [12/512 GB] GARANSI RESMI","17.999.000","","","","Kota Makassar"
"1777365123-669","https://www.blibli.com/cari/handphone%20huwawei?brand=HUAWEI&sort=0&intent=false&firstLoad=false","HUAWEI FREEBUDS PRO 3 | GARANSI RESMI","2.999.000","","","","Kota Makassar"
"1777365123-670","https://www.blibli.com/cari/handphone%20huwawei?brand=HUAWEI&sort=0&intent=false&firstLoad=false","HUAWEI WATCH FIT 2 ACTIVE | GARANSI RESMI","1.599.000","","","","Kota Makassar"
"1777365123-671","https://www.blibli.com/cari/handphone%20huwawei?brand=HUAWEI&sort=0&intent=false&firstLoad=false","HUAWEI MATEPAD 11.5 [8/128GB] - [6/128GB] Garansi Resmi","4.484.000","","","","Kab. Jember"
"1777365123-672","https://www.blibli.com/cari/handphone%20huwawei?brand=HUAWEI&sort=0&intent=false&firstLoad=false","Tablet Huawei Matepad T10.4 - 4GB/128GB","3.100.000","","","","Kota Cirebon"
"1777365123-673","https://www.blibli.com/cari/handphone%20huwawei?brand=HUAWEI&sort=0&intent=false&firstLoad=false","HUAWEI WATCH GT 3 PRO | GARANSI RESMI","4.399.000","","","","Kota Makassar"
"1777365123-674","https://www.blibli.com/cari/handphone%20huwawei?brand=HUAWEI&sort=0&intent=false&firstLoad=false","Huawei E5576 Modem Mifi 4G LTE Unlock","737.000","","Terjual 1","","Kota Pekanbaru"
"1777365123-675","https://www.blibli.com/cari/handphone%20huwawei?brand=HUAWEI&sort=0&intent=false&firstLoad=false","HUAWEI MATEPAD 11.5 [8/128 GB] GARANSI RESMI","5.199.000","","Terjual 1","","Kota Makassar"
"1777365123-676","https://www.blibli.com/cari/handphone%20huwawei?brand=HUAWEI&sort=0&intent=false&firstLoad=false","HUAWEI MATEPAD 11 [6/128 GB] GARANSI RESMi","6.999.000","","","","Kota Makassar"
"1777365123-677","https://www.blibli.com/cari/handphone%20huwawei?brand=HUAWEI&sort=0&intent=false&firstLoad=false","HUAWEI WATCH ULTIMATE BLUE | FREE GIFT | GARANSI RESMI","12.999.000","","","","Kota Makassar"
"1777365123-678","https://www.blibli.com/cari/handphone%20huwawei?brand=HUAWEI&sort=0&intent=false&firstLoad=false","HUAWEI MATEPAD SE 11 [6/128GB] GARANSI RESMI","2.600.000","5","Terjual 3","","Kota Makassar"
"1777365123-679","https://www.blibli.com/cari/handphone%20huwawei?brand=HUAWEI&sort=0&intent=false&firstLoad=false","HUAWEI MATEPAD 11.5 PAPERMATTE [8/128 GB] GARANSI RESMI","6.499.000","","Terjual 1","","Kota Makassar"
"1777365123-680","https://www.blibli.com/cari/handphone%20huwawei?brand=HUAWEI&sort=0&intent=false&firstLoad=false","HUAWEI WATCH ULTIMATE GOLD | FREE GIFT | GARANSI RESMI","41.999.000","","","","Kota Makassar"
"1777365123-681","https://www.blibli.com/cari/handphone%20huwawei?brand=HUAWEI&sort=0&intent=false&firstLoad=false","HUAWEI WATCH FIT 3 [GREEN] - GARANSI RESMI","1.999.000","","","","Kota Makassar"
"1777365123-682","https://www.blibli.com/cari/handphone%20huwawei?brand=HUAWEI&sort=0&intent=false&firstLoad=false","HUAWEI WATCH FIT 3 [WHITE] - GARANSI RESMI","1.999.000","","","","Kota Makassar"
"1777365123-683","https://www.blibli.com/cari/handphone%20huwawei?brand=HUAWEI&sort=0&intent=false&firstLoad=false","HUAWEI WATCH FIT 3 [PINK] - GARANSI RESMI","1.999.000","","","","Kota Makassar"
"1777365123-684","https://www.blibli.com/cari/handphone%20huwawei?brand=HUAWEI&sort=0&intent=false&firstLoad=false","HUAWEI WATCH FIT 3 [BLACK] - GARANSI RESMI","1.999.000","5","Terjual 1","","Kota Makassar"
"1777365123-685","https://www.blibli.com/cari/handphone%20huwawei?brand=HUAWEI&sort=0&intent=false&firstLoad=false","HUAWEI GT 4 41MM GREEN - GARANSI RESMI","3.199.000","","","","Kota Makassar"
"1777365123-686","https://www.blibli.com/cari/handphone%20huwawei?brand=HUAWEI&sort=0&intent=false&firstLoad=false","HUAWEI MATE 80 PRO 16/512 RAM 16GB STORAGE 512GB Garansi resmi","16.999.000","","","","Kota Pontianak"
"1777365123-687","https://www.blibli.com/cari/handphone%20huwawei?brand=HUAWEI&sort=0&intent=false&firstLoad=false","HUAWEI MATEPAD 11.5""S PAPERMATTE [8/256 GB] - GARANSI RESMI","7.999.000","","Terjual 1","","Kota Makassar"
"1777365123-688","https://www.blibli.com/cari/handphone%20huwawei?brand=HUAWEI&sort=0&intent=false&firstLoad=false","HUAWEI MATEPAD AIR [8/128GB] GARANSI RESMI FREE GIFT","7.700.000","5","Terjual 1","","Kota Makassar"
"1777365123-689","https://www.blibli.com/cari/handphone%20huwawei?brand=HUAWEI&sort=0&intent=false&firstLoad=false","HUAWEI MATEBOOK D14 12TH GEN | I5 PROCESSOR | GARANSI RESMI","8.849.000","","","","Kota Makassar"
"1777365123-690","https://www.blibli.com/cari/handphone%20huwawei?brand=HUAWEI&sort=0&intent=false&firstLoad=false","HUAWEI MATEBOOK D14 13TH GEN | I5 PROCESSOR | GARANSI RESMI","10.599.000","","Terjual 1","","Kota Makassar"
"1777365123-691","https://www.blibli.com/cari/handphone%20huwawei?brand=HUAWEI&sort=0&intent=false&firstLoad=false","HUAWEI WATCH GT 4 GT4 46MM GRATIS FREEBUDS & STRAP - GARANSI RESMI","3.499.000","","","","Kab. Purwakarta"
"1777365123-692","https://www.blibli.com/cari/handphone%20huwawei?brand=HUAWEI&sort=0&intent=false&firstLoad=false","Modem Huawei B312 wifi home router 4G orbit star 2 bonus kartu perdana telkomsel","995.000","","","","Kota Jakarta Pusat"
"1777365123-693","https://www.blibli.com/cari/handphone%20huwawei?brand=HUAWEI&sort=0&intent=false&firstLoad=false","HUAWEI Pura 80 Ultra Smartphone | 10x Optical Zoom | 1-inch Sensor | Kunlun Glass | 100W | Smart AI","20.950.000","","","","Kab. Deli Serdang"
"1777365123-694","https://www.blibli.com/cari/handphone%20huwawei?brand=HUAWEI&sort=0&intent=false&firstLoad=false","Huawei P30 Lite Smartphone [128GB/ 6GB]","4.005.000","5","Terjual 11","Kota Medan","SINERGY SELLULAR Flagship Store"
"1777365123-695","https://www.blibli.com/cari/handphone%20huwawei?brand=HUAWEI&sort=0&intent=false&firstLoad=false","Huawei P40 Pro Smartphone + Free Buds 3 [8GB/256GB/Support 5G]","13.485.000","","","Kota Medan","SINERGY SELLULAR Flagship Store"
"1777365123-696","https://www.blibli.com/cari/handphone%20huwawei?brand=HUAWEI&sort=0&intent=false&firstLoad=false","Huawei Y7 Pro 2019 Smartphone [64 GB/4 GB]","2.610.000","5","Terjual 6","Kota Medan","SINERGY SELLULAR Flagship Store"
"1777365123-697","https://www.blibli.com/cari/handphone%20huwawei?brand=HUAWEI&sort=0&intent=false&firstLoad=false","Huawei Mate 30 Pro Smartphone - Silver Space","15.000.000","","","","Kota Malang"
"1777365123-698","https://www.blibli.com/cari/handphone%20huwawei?brand=HUAWEI&sort=0&intent=false&firstLoad=false","Huawei Nova 7 Smartphone [256 GB/ 8 GB]","6.899.000","","Terjual 1","","Kota Malang"
"1777365123-699","https://www.blibli.com/cari/handphone%20huwawei?brand=HUAWEI&sort=0&intent=false&firstLoad=false","Huawei Mate 40 Pro Smartphone [8 GB-256 GB]","15.999.000","","","","Kota Malang"
"1777365123-700","https://www.blibli.com/cari/handphone%20huwawei?brand=HUAWEI&sort=0&intent=false&firstLoad=false","Pre-order","4.999.000","5","Terjual 9","","Kota Malang"
"1777365123-701","https://www.blibli.com/cari/handphone%20huwawei?brand=HUAWEI&sort=0&intent=false&firstLoad=false","Huawei P30 Lite Smartphone [128GB/ 6GB]","3.499.000","","Terjual 1","","Kota Malang"
"1777365123-702","https://www.blibli.com/cari/handphone%20huwawei?brand=HUAWEI&sort=0&intent=false&firstLoad=false","Huawei P30 Pro Smartphone [256 GB/ 8 GB]","10.499.000","","","","Kota Malang"
"1777365123-703","https://www.blibli.com/cari/handphone%20huwawei?brand=HUAWEI&sort=0&intent=false&firstLoad=false","Huawei P40 Pro Smartphone [8 GB/ 256 GB]","10.499.000","","Terjual 11","","Kota Malang"
"1777365123-704","https://www.blibli.com/cari/handphone%20huwawei?brand=HUAWEI&sort=0&intent=false&firstLoad=false","HUAWEI Pura 80 Series - Basic/Pro/Ultra Smartphone | 10x Optical Zoom | 1-inch Sensor | Macro Telephoto | Kunlun Glass | 100W | Smart AI","22.999.000","","","Kota Jakarta Selatan","IT Galeri #1 Flagship Store"
"1777365123-705","https://www.blibli.com/cari/handphone%20huwawei?brand=HUAWEI&sort=0&intent=false&firstLoad=false","HUAWEI FREEBUDS 3I","1.399.000","","","","Kota Malang"
"1777365123-706","https://www.blibli.com/cari/handphone%20huwawei?brand=HUAWEI&sort=0&intent=false&firstLoad=false","Huawei P30 Pro Smartphone [256GB/ 8GB/ Garansi Resmi]","12.999.000","","","","Kota Surabaya"
"1777365123-707","https://www.blibli.com/cari/handphone%20huwawei?brand=HUAWEI&sort=0&intent=false&firstLoad=false","HUAWEI Pura 70 Ultra Smartphone | Ultra Lighting Pop-out Camera | Ultra Speed Snapshot Garansi Resmi Huawei Indonesia","17.999.000","","","Kota Jakarta Pusat","Global Teleshop Flagship Store"
"1777365123-708","https://www.blibli.com/cari/handphone%20huwawei?brand=HUAWEI&sort=0&intent=false&firstLoad=false","HUAWEI Nova 13 Pro Smartphone | 12/512GB | 60 MP Front Ultra Portrait Dual CameraI SuperCharge Turbo","7.399.000","","","Kota Jakarta Pusat","Okeshop O2O Flagship Store"
"1777365123-709","https://www.blibli.com/cari/handphone%20huwawei?brand=HUAWEI&sort=0&intent=false&firstLoad=false","HUAWEI MATE X6 Smartphone | 12+512GB | Ultra Slim and Durable | Ultra Chroma Camera | Live-Multitask Inovatif","23.299.000","","Terjual 1","Kota Bandung","Beli Beli Indonesia Flagship Store"
"1777365123-710","https://www.blibli.com/cari/handphone%20huwawei?brand=HUAWEI&sort=0&intent=false&firstLoad=false","Huawei Nova 13 Pro 12/512GB HP Smartphone","7.555.275","","","Kota Jakarta Pusat","Super Gadget Flagship Store"
"1777365123-711","https://www.blibli.com/cari/handphone%20huwawei?brand=HUAWEI&sort=0&intent=false&firstLoad=false","Huawei Nova 14 Pro 12/512GB HP Smartphone","8.091.525","5","Terjual 2","Kota Jakarta Pusat","Super Gadget Flagship Store"
"1777365123-712","https://www.blibli.com/cari/handphone%20huwawei?brand=HUAWEI&sort=0&intent=false&firstLoad=false","HUAWEI Pura 70 Ultra RAM 16GB Smartphone | Ultra Lighting Pop-out Camera | Ultra Speed Snapshot | Crystal Armour Kunlun Glass","15.988.975","","","Kota Bandung","Beli Beli Indonesia Flagship Store"
"1777365123-713","https://www.blibli.com/cari/handphone%20huwawei?brand=HUAWEI&sort=0&intent=false&firstLoad=false","HUAWEI Pura 70 Ultra Smartphone","17.999.000","","Terjual 33","","Kota Depok"
