web_scraper_order,web_scraper_start_url,nama produk,harga,rating,jumlah terjual,lokasi penjual,nama toko
"1777986536-1","https://www.blibli.com/cari/hp%20realme?category=AN-1000001&category=HA-1000003&sort=0&intent=false&firstLoad=false&brand=Realme&page=10&start=360","HP Realme 16 Pro+ Ram 12GB Internal 512GB Garansi Resmi","8.954.005","","","Kota Pekanbaru","wwponsel_hangtuah Flagship Store"
"1777986536-2","https://www.blibli.com/cari/hp%20realme?category=AN-1000001&category=HA-1000003&sort=0&intent=false&firstLoad=false&brand=Realme&page=10&start=360","HP Realme 16 Pro Ram 12GB Internal 256GB Garansi Resmi","6.964.005","","","Kota Pekanbaru","wwponsel_hangtuah Flagship Store"
"1777986536-3","https://www.blibli.com/cari/hp%20realme?category=AN-1000001&category=HA-1000003&sort=0&intent=false&firstLoad=false&brand=Realme&page=10&start=360","REALME 15 8/256","4.999.000","","","","Kota Surabaya & kota lainnya"
"1777986536-4","https://www.blibli.com/cari/hp%20realme?category=AN-1000001&category=HA-1000003&sort=0&intent=false&firstLoad=false&brand=Realme&page=10&start=360","Hp Realme C71 Ram 8GB Internal 128GB Garansi Resmi","2.486.505","","","Kota Pekanbaru","wwponsel_hangtuah Flagship Store"
"1777986536-5","https://www.blibli.com/cari/hp%20realme?category=AN-1000001&category=HA-1000003&sort=0&intent=false&firstLoad=false&brand=Realme&page=10&start=360","Hp Realme Narzo 50A RAM 4GB Internal 128GB Garansi Resmi","2.586.005","","","Kota Pekanbaru","wwponsel_hangtuah Flagship Store"
"1777986536-6","https://www.blibli.com/cari/hp%20realme?category=AN-1000001&category=HA-1000003&sort=0&intent=false&firstLoad=false&brand=Realme&page=10&start=360","Hp Realme C30s Ram 3GB Internal 32GB Garansi Resmi","1.392.005","","","Kota Pekanbaru","wwponsel_hangtuah Flagship Store"
"1777986536-7","https://www.blibli.com/cari/hp%20realme?category=AN-1000001&category=HA-1000003&sort=0&intent=false&firstLoad=false&brand=Realme&page=10&start=360","Hp Realme 9 Pro 5G Ram 6GB Internal 128GB Garansi Resmi","3.780.005","","","Kota Pekanbaru","wwponsel_hangtuah Flagship Store"
"1777986536-8","https://www.blibli.com/cari/hp%20realme?category=AN-1000001&category=HA-1000003&sort=0&intent=false&firstLoad=false&brand=Realme&page=10&start=360","Hp Realme C33 Ram 4GB + Extended 4GB Internal 128GB Garansi Resmi","2.088.505","","","Kota Pekanbaru","wwponsel_hangtuah Flagship Store"
"1777986536-9","https://www.blibli.com/cari/hp%20realme?category=AN-1000001&category=HA-1000003&sort=0&intent=false&firstLoad=false&brand=Realme&page=10&start=360","Hp Realme 12 5G Ram 8GB + Extended 8GB Internal 256GB Garansi Resmi","3.680.505","","Terjual 1","Kota Pekanbaru","wwponsel_hangtuah Flagship Store"
"1777986536-10","https://www.blibli.com/cari/hp%20realme?category=AN-1000001&category=HA-1000003&sort=0&intent=false&firstLoad=false&brand=Realme&page=10&start=360","HP RERALME C25Y 4/64GB","1.899.000","","Terjual 3","","Kota Surabaya"
"1777986536-11","https://www.blibli.com/cari/hp%20realme?category=AN-1000001&category=HA-1000003&sort=0&intent=false&firstLoad=false&brand=Realme&page=10&start=360","Realme C15 Smartphone [ 4GB-64GB ]","2.099.000","","Terjual 31","","Kota Surabaya"
"1777986536-12","https://www.blibli.com/cari/hp%20realme?category=AN-1000001&category=HA-1000003&sort=0&intent=false&firstLoad=false&brand=Realme&page=10&start=360","REALME 8 HANDPHONE RAM 8/128","3.299.000","","","","Kota Surabaya"
"1777986536-13","https://www.blibli.com/cari/hp%20realme?category=AN-1000001&category=HA-1000003&sort=0&intent=false&firstLoad=false&brand=Realme&page=10&start=360","Realme X3 SuperZoom Smartphone [256 GB/12 GB]","6.999.000","","Terjual 3","","Kota Surabaya"
"1777986536-14","https://www.blibli.com/cari/hp%20realme?category=AN-1000001&category=HA-1000003&sort=0&intent=false&firstLoad=false&brand=Realme&page=10&start=360","hp realme","1.200.000","","","","Kota Makassar & kota lainnya"
"1777986536-15","https://www.blibli.com/cari/hp%20realme?category=AN-1000001&category=HA-1000003&sort=0&intent=false&firstLoad=false&brand=Realme&page=10&start=360","Realme C31 Handphone 3GB/32GB","1.549.000","","","","Kota Surabaya"
"1777986536-16","https://www.blibli.com/cari/hp%20realme?category=AN-1000001&category=HA-1000003&sort=0&intent=false&firstLoad=false&brand=Realme&page=10&start=360","Realme C15 Smartphone [ 4GB-64GB ]","2.199.000","","Terjual 43","","Kota Surabaya"
"1777986536-17","https://www.blibli.com/cari/hp%20realme?category=AN-1000001&category=HA-1000003&sort=0&intent=false&firstLoad=false&brand=Realme&page=10&start=360","REALME 10 8/128 GARANSI RESMI REALME","2.850.000","","","","Kota Surabaya"
"1777986536-18","https://www.blibli.com/cari/hp%20realme?category=AN-1000001&category=HA-1000003&sort=0&intent=false&firstLoad=false&brand=Realme&page=10&start=360","REALME C30S GARANSI RESMI REALME","1.300.000","","","","Kota Surabaya"
"1777986536-19","https://www.blibli.com/cari/hp%20realme?category=AN-1000001&category=HA-1000003&sort=0&intent=false&firstLoad=false&brand=Realme&page=10&start=360","REALME 11 NFC 8/256 GARANSI RESMI","3.125.000","","","","Kota Surabaya"
"1777986536-20","https://www.blibli.com/cari/hp%20realme?category=AN-1000001&category=HA-1000003&sort=0&intent=false&firstLoad=false&brand=Realme&page=10&start=360","REALME C85 PRO 8/128","2.999.000","","","","Kota Surabaya & kota lainnya"
"1777986536-21","https://www.blibli.com/cari/hp%20realme?category=AN-1000001&category=HA-1000003&sort=0&intent=false&firstLoad=false&brand=Realme&page=10&start=360","Realme Narzo 5A 4/128 - Garansi Resmi Realme Indonesia","2.299.000","","","","Kota Surabaya"
"1777986536-22","https://www.blibli.com/cari/hp%20realme?category=AN-1000001&category=HA-1000003&sort=0&intent=false&firstLoad=false&brand=Realme&page=10&start=360","Realme Note 50 Ram 4GB Rom 64GB","989.000","","Terjual 2","","Kota Surabaya"
"1777986536-23","https://www.blibli.com/cari/hp%20realme?category=AN-1000001&category=HA-1000003&sort=0&intent=false&firstLoad=false&brand=Realme&page=10&start=360","Realme C65 Ram 8GB Rom 128GB","1.689.000","","","","Kota Surabaya"
"1777986536-24","https://www.blibli.com/cari/hp%20realme?category=AN-1000001&category=HA-1000003&sort=0&intent=false&firstLoad=false&brand=Realme&page=10&start=360","Realme C67 Ram 8GB Rom 128GB","1.989.000","","","","Kota Surabaya"
"1777986536-25","https://www.blibli.com/cari/hp%20realme?category=AN-1000001&category=HA-1000003&sort=0&intent=false&firstLoad=false&brand=Realme&page=10&start=360","Realme 12 Plus 5G Ram 8GB Rom 256GB","2.989.000","","","","Kota Surabaya"
"1777986536-26","https://www.blibli.com/cari/hp%20realme?category=AN-1000001&category=HA-1000003&sort=0&intent=false&firstLoad=false&brand=Realme&page=10&start=360","Realme 13 Ram 8GB Rom 256GB","2.989.000","","","","Kota Surabaya"
"1777986536-27","https://www.blibli.com/cari/hp%20realme?category=AN-1000001&category=HA-1000003&sort=0&intent=false&firstLoad=false&brand=Realme&page=10&start=360","Realme GT 6 Ram 12G Rom 256GB","7.289.000","","","","Kota Surabaya"
"1777986536-28","https://www.blibli.com/cari/hp%20realme?category=AN-1000001&category=HA-1000003&sort=0&intent=false&firstLoad=false&brand=Realme&page=10&start=360","Realme 14T 5G Ram 8GB Rom 256GB","2.689.000","","","","Kota Surabaya"
"1777986536-29","https://www.blibli.com/cari/hp%20realme?category=AN-1000001&category=HA-1000003&sort=0&intent=false&firstLoad=false&brand=Realme&page=10&start=360","REALME C71 4/128","1.899.000","","","","Kota Surabaya & kota lainnya"
"1777986536-30","https://www.blibli.com/cari/hp%20realme?category=AN-1000001&category=HA-1000003&sort=0&intent=false&firstLoad=false&brand=Realme&page=10&start=360","INFINIX HOT 60 PRO+ 8/128","2.799.000","","Terjual 1","","Kota Surabaya & kota lainnya"
"1777986536-31","https://www.blibli.com/cari/hp%20realme?category=AN-1000001&category=HA-1000003&sort=0&intent=false&firstLoad=false&brand=Realme&page=10&start=360","Realme Narzo 50 5G Ram 6 Rom 128GB","3.089.000","","","","Kota Surabaya"
"1777986536-32","https://www.blibli.com/cari/hp%20realme?category=AN-1000001&category=HA-1000003&sort=0&intent=false&firstLoad=false&brand=Realme&page=10&start=360","REALME C71 6/128","2.099.000","","","","Kota Surabaya & kota lainnya"
"1777986536-33","https://www.blibli.com/cari/hp%20realme?category=AN-1000001&category=HA-1000003&sort=0&intent=false&firstLoad=false&brand=Realme&page=10&start=360","REALME C85 8/128","2.799.000","","","","Kota Surabaya & kota lainnya"
"1777986536-34","https://www.blibli.com/cari/hp%20realme?category=AN-1000001&category=HA-1000003&sort=0&intent=false&firstLoad=false&brand=Realme&page=10&start=360","Realme Narzo 50 5G Ram 6 Rom 128GB","3.089.000","","","","Kota Surabaya"
"1777986536-35","https://www.blibli.com/cari/hp%20realme?category=AN-1000001&category=HA-1000003&sort=0&intent=false&firstLoad=false&brand=Realme&page=10&start=360","REALME NOTE 70 4/128","1.599.000","","","","Kota Surabaya & kota lainnya"
"1777986536-36","https://www.blibli.com/cari/hp%20realme?category=AN-1000001&category=HA-1000003&sort=0&intent=false&firstLoad=false&brand=Realme&page=10&start=360","Realme C85 Pro Ram 8 Rom 256GB","3.190.000","","","","Kota Surabaya"
"1777986536-37","https://www.blibli.com/cari/hp%20realme?category=AN-1000001&category=HA-1000003&sort=0&intent=false&firstLoad=false&brand=Realme&page=10&start=360","Realme C51 Ram 4GB Rom 64GB","1.240.000","","","","Kota Surabaya"
"1777986536-38","https://www.blibli.com/cari/hp%20realme?category=AN-1000001&category=HA-1000003&sort=0&intent=false&firstLoad=false&brand=Realme&page=10&start=360","Realme C51 Ram 4GB Rom 128GB","1.515.000","5","Terjual 1","","Kota Surabaya"
"1777986536-39","https://www.blibli.com/cari/hp%20realme?category=AN-1000001&category=HA-1000003&sort=0&intent=false&firstLoad=false&brand=Realme&page=10&start=360","Realme C65 4G Ram 8 Rom 256GB","1.865.000","","","","Kota Surabaya"
"1777986536-40","https://www.blibli.com/cari/hp%20realme?category=AN-1000001&category=HA-1000003&sort=0&intent=false&firstLoad=false&brand=Realme&page=10&start=360","Realme 12 Plus 5G Ram 12GB Rom 512GB","3.540.000","","","","Kota Surabaya"
"1777986536-41","https://www.blibli.com/cari/hp%20realme?category=AN-1000001&category=HA-1000003&sort=0&intent=false&firstLoad=false&brand=Realme&page=10&start=360","Realme 13 Plus Ram 12GB Rom 256GB","3.589.000","","","","Kota Surabaya"
"1777986536-42","https://www.blibli.com/cari/hp%20realme?category=AN-1000001&category=HA-1000003&sort=0&intent=false&firstLoad=false&brand=Realme&page=10&start=360","Realme 10 Pro Plus Ram 8GB Rom 128GB","3.640.000","","","","Kota Surabaya"
"1777986536-43","https://www.blibli.com/cari/hp%20realme?category=AN-1000001&category=HA-1000003&sort=0&intent=false&firstLoad=false&brand=Realme&page=10&start=360","Realme 12 Pro Plus Ram 8GB Rom 256GB","4.689.000","","","","Kota Surabaya"
"1777986536-44","https://www.blibli.com/cari/hp%20realme?category=AN-1000001&category=HA-1000003&sort=0&intent=false&firstLoad=false&brand=Realme&page=10&start=360","Realme 13 Pro Plus Ram 12GB Rom 512GB","5.889.000","","","","Kota Surabaya"
"1777986536-45","https://www.blibli.com/cari/hp%20realme?category=AN-1000001&category=HA-1000003&sort=0&intent=false&firstLoad=false&brand=Realme&page=10&start=360","Realme Note 50 Ram 3GB Rom 64GB","1.040.000","","","","Kota Surabaya"
"1777986536-46","https://www.blibli.com/cari/hp%20realme?category=AN-1000001&category=HA-1000003&sort=0&intent=false&firstLoad=false&brand=Realme&page=10&start=360","Realme 10 Ram 4GB Rom 128GB","2.039.000","","","","Kota Surabaya"
"1777986536-47","https://www.blibli.com/cari/hp%20realme?category=AN-1000001&category=HA-1000003&sort=0&intent=false&firstLoad=false&brand=Realme&page=10&start=360","Realme 11 Pro 5G Ram 8GB Rom 256GB","3.389.000","","","","Kota Surabaya"
"1777986536-48","https://www.blibli.com/cari/hp%20realme?category=AN-1000001&category=HA-1000003&sort=0&intent=false&firstLoad=false&brand=Realme&page=10&start=360","Realme 13 Pro 5G Ram 12GB Rom 256GB","4.189.000","","","","Kota Surabaya"
"1777986536-49","https://www.blibli.com/cari/hp%20realme?category=AN-1000001&category=HA-1000003&sort=0&intent=false&firstLoad=false&brand=Realme&page=10&start=360","Realme C71 Ram 4GB Rom 128GB Segel Original","1.789.000","","","","Kota Surabaya"
"1777986536-50","https://www.blibli.com/cari/hp%20realme?category=AN-1000001&category=HA-1000003&sort=0&intent=false&firstLoad=false&brand=Realme&page=10&start=360","Realme C71 Ram 6B Rom 128GB","2.089.000","","","","Kota Surabaya"
"1777986536-51","https://www.blibli.com/cari/hp%20realme?category=AN-1000001&category=HA-1000003&sort=0&intent=false&firstLoad=false&brand=Realme&page=10&start=360","Realme 14T 5G Ram 8GB Rom 128GB","2.539.000","","","","Kota Surabaya"
"1777986536-52","https://www.blibli.com/cari/hp%20realme?category=AN-1000001&category=HA-1000003&sort=0&intent=false&firstLoad=false&brand=Realme&page=10&start=360","Realme 14T 5G Ram 8GB Rom 128GB","3.189.000","","","","Kota Surabaya"
"1777986536-53","https://www.blibli.com/cari/hp%20realme?category=AN-1000001&category=HA-1000003&sort=0&intent=false&firstLoad=false&brand=Realme&page=10&start=360","REALME C71 8/128","2.399.000","","","","Kota Surabaya & kota lainnya"
"1777986536-54","https://www.blibli.com/cari/hp%20realme?category=AN-1000001&category=HA-1000003&sort=0&intent=false&firstLoad=false&brand=Realme&page=10&start=360","REALME C85 PRO 8/256","3.299.000","","","","Kota Surabaya & kota lainnya"
"1777986536-55","https://www.blibli.com/cari/hp%20realme?category=AN-1000001&category=HA-1000003&sort=0&intent=false&firstLoad=false&brand=Realme&page=10&start=360","Realme GT Master 5G Ram 8 Rom 128GB","3.989.000","","","","Kota Surabaya"
"1777986536-56","https://www.blibli.com/cari/hp%20realme?category=AN-1000001&category=HA-1000003&sort=0&intent=false&firstLoad=false&brand=Realme&page=10&start=360","Realme C30S Ram 3GB Rom 32GB","1.089.000","","","","Kota Surabaya"
"1777986536-57","https://www.blibli.com/cari/hp%20realme?category=AN-1000001&category=HA-1000003&sort=0&intent=false&firstLoad=false&brand=Realme&page=10&start=360","Realme C63 Ram 6GB Rom 128GB","1.505.000","","","","Kota Surabaya"
"1777986536-58","https://www.blibli.com/cari/hp%20realme?category=AN-1000001&category=HA-1000003&sort=0&intent=false&firstLoad=false&brand=Realme&page=10&start=360","Realme Note 60 Ram 6GB Rom 128GB","1.575.000","","","","Kota Surabaya"
"1777986536-59","https://www.blibli.com/cari/hp%20realme?category=AN-1000001&category=HA-1000003&sort=0&intent=false&firstLoad=false&brand=Realme&page=10&start=360","Realme C75x Ram 8GB Rom 128GB","2.189.000","","","","Kota Surabaya"
"1777986536-60","https://www.blibli.com/cari/hp%20realme?category=AN-1000001&category=HA-1000003&sort=0&intent=false&firstLoad=false&brand=Realme&page=10&start=360","Realme C67 Ram 8GB Rom 256GB","2.239.000","","","","Kota Surabaya"
"1777986536-61","https://www.blibli.com/cari/hp%20realme?category=AN-1000001&category=HA-1000003&sort=0&intent=false&firstLoad=false&brand=Realme&page=10&start=360","Realme C75 Ram 8GB Rom 256GB","2.289.000","","","","Kota Surabaya"
"1777986536-62","https://www.blibli.com/cari/hp%20realme?category=AN-1000001&category=HA-1000003&sort=0&intent=false&firstLoad=false&brand=Realme&page=10&start=360","Realme 11 Ram 8GB Rom 256GB","2.540.000","","","","Kota Surabaya"
"1777986536-63","https://www.blibli.com/cari/hp%20realme?category=AN-1000001&category=HA-1000003&sort=0&intent=false&firstLoad=false&brand=Realme&page=10&start=360","Realme 12 Pro Plus 5G Ram 12GB Rom 512GB","5.989.000","","","","Kota Surabaya"
"1777986536-64","https://www.blibli.com/cari/hp%20realme?category=AN-1000001&category=HA-1000003&sort=0&intent=false&firstLoad=false&brand=Realme&page=10&start=360","realme 16 pro 5g 12/256","6.300.000","","","","Kota Surabaya"
"1777986536-65","https://www.blibli.com/cari/hp%20realme?category=AN-1000001&category=HA-1000003&sort=0&intent=false&firstLoad=false&brand=Realme&page=10&start=360","Realme C71 Ram 4 Rom 128GB","1.789.000","","","","Kota Surabaya"
"1777986536-66","https://www.blibli.com/cari/hp%20realme?category=AN-1000001&category=HA-1000003&sort=0&intent=false&firstLoad=false&brand=Realme&page=10&start=360","Realme C75 Ram 8GB Rom 128GB","2.189.000","","","","Kota Surabaya"
"1777986536-67","https://www.blibli.com/cari/hp%20realme?category=AN-1000001&category=HA-1000003&sort=0&intent=false&firstLoad=false&brand=Realme&page=10&start=360","Realme 12 5G Ram 8GB Rom 256GB","2.305.000","","","","Kota Surabaya"
"1777986536-68","https://www.blibli.com/cari/hp%20realme?category=AN-1000001&category=HA-1000003&sort=0&intent=false&firstLoad=false&brand=Realme&page=10&start=360","REALME NOTE 70 4/64","1.499.000","","","","Kota Surabaya & kota lainnya"
"1777986536-69","https://www.blibli.com/cari/hp%20realme?category=AN-1000001&category=HA-1000003&sort=0&intent=false&firstLoad=false&brand=Realme&page=10&start=360","Realme C65 Ram 8GB Rom 128GB","1.765.000","","","","Kota Surabaya"
"1777986536-70","https://www.blibli.com/cari/hp%20realme?category=AN-1000001&category=HA-1000003&sort=0&intent=false&firstLoad=false&brand=Realme&page=10&start=360","Realme GT 6 Ram 12G Rom 256GB","7.289.000","","","","Kota Surabaya"
"1777986536-71","https://www.blibli.com/cari/hp%20realme?category=AN-1000001&category=HA-1000003&sort=0&intent=false&firstLoad=false&brand=Realme&page=10&start=360","Infinix Note 10 Pro 8/128 - Garansi Resmi Infinix Indonesia","3.199.000","","","","Kota Surabaya"
"1777986536-72","https://www.blibli.com/cari/hp%20realme?category=AN-1000001&category=HA-1000003&sort=0&intent=false&firstLoad=false&brand=Realme&page=10&start=360","Realme Note 50 Ram 4GB Rom 128GB","1.339.000","","","","Kota Surabaya"
"1777986536-73","https://www.blibli.com/cari/hp%20realme?category=AN-1000001&category=HA-1000003&sort=0&intent=false&firstLoad=false&brand=Realme&page=10&start=360","realme 9i 4/64  Android Smartphone","2.699.000","","","","Kab. Sidoarjo"
"1777986536-74","https://www.blibli.com/cari/hp%20realme?category=AN-1000001&category=HA-1000003&sort=0&intent=false&firstLoad=false&brand=Realme&page=10&start=360","realme c35 4/64 Android Smartphone","2.299.000","","","","Kab. Sidoarjo"
"1777986536-75","https://www.blibli.com/cari/hp%20realme?category=AN-1000001&category=HA-1000003&sort=0&intent=false&firstLoad=false&brand=Realme&page=10&start=360","REALME C11 RAM 2/32GB GARANSI RESMI","1.349.000","","","","Kab. Sidoarjo"
"1777986536-76","https://www.blibli.com/cari/hp%20realme?category=AN-1000001&category=HA-1000003&sort=0&intent=false&firstLoad=false&brand=Realme&page=10&start=360","REALME C11","1.350.000","","Terjual 49","","Kab. Sidoarjo & kota lainnya"
"1777986536-77","https://www.blibli.com/cari/hp%20realme?category=AN-1000001&category=HA-1000003&sort=0&intent=false&firstLoad=false&brand=Realme&page=10&start=360","Realme C35 4/128","2.499.000","","","","Kab. Sidoarjo"
"1777986536-78","https://www.blibli.com/cari/hp%20realme?category=AN-1000001&category=HA-1000003&sort=0&intent=false&firstLoad=false&brand=Realme&page=10&start=360","Realme C15 Smartphone [ 64GB / 4GB ] [ QUALCOM EDITION ]","2.235.000","","Terjual 2","","Kab. Sidoarjo"
"1777986536-79","https://www.blibli.com/cari/hp%20realme?category=AN-1000001&category=HA-1000003&sort=0&intent=false&firstLoad=false&brand=Realme&page=10&start=360","realme 7 Pro 8/128GB smartphone","4.199.000","","Terjual 1","","Kab. Sidoarjo"
"1777986536-80","https://www.blibli.com/cari/hp%20realme?category=AN-1000001&category=HA-1000003&sort=0&intent=false&firstLoad=false&brand=Realme&page=10&start=360","Realme 11 8/256 GB Smartphone Android Original Garansi Resmi","3.299.000","","","","Kab. Bangkalan"
"1777986536-81","https://www.blibli.com/cari/hp%20realme?category=AN-1000001&category=HA-1000003&sort=0&intent=false&firstLoad=false&brand=Realme&page=10&start=360","Realme 8 8/128 GB Smartphone Android Original Garansi Resmi","3.299.000","","","","Kab. Bangkalan"
"1777986536-82","https://www.blibli.com/cari/hp%20realme?category=AN-1000001&category=HA-1000003&sort=0&intent=false&firstLoad=false&brand=Realme&page=10&start=360","Realme 11 Pro 8/256 GB Smartphone Android Original Garansi Resmi","4.999.000","","","","Kab. Bangkalan"
"1777986536-83","https://www.blibli.com/cari/hp%20realme?category=AN-1000001&category=HA-1000003&sort=0&intent=false&firstLoad=false&brand=Realme&page=10&start=360","REALME C35 RAM 4/128 GB GARANSI RESMI","2.550.000","","Terjual 5","","Kab. Sidoarjo"
"1777986536-84","https://www.blibli.com/cari/hp%20realme?category=AN-1000001&category=HA-1000003&sort=0&intent=false&firstLoad=false&brand=Realme&page=10&start=360","REALME C11 RAM 2/32 GB GARANSI RESMI","1.377.000","","Terjual 1","","Kab. Sidoarjo"
"1777986536-85","https://www.blibli.com/cari/hp%20realme?category=AN-1000001&category=HA-1000003&sort=0&intent=false&firstLoad=false&brand=Realme&page=10&start=360","Realme C55 Smartphone ( 8GB + 256GB ) Garansi Resmi","2.878.080","","Terjual 1","Kota Jakarta Pusat","Victorindo Flagship Store"
"1777986536-86","https://www.blibli.com/cari/hp%20realme?category=AN-1000001&category=HA-1000003&sort=0&intent=false&firstLoad=false&brand=Realme&page=10&start=360","Realme C71 4/128 GB Garansi Resmi","1.979.000","","","Kota Jakarta Pusat","Gudang-hp.com Flagship Store"
"1777986536-87","https://www.blibli.com/cari/hp%20realme?category=AN-1000001&category=HA-1000003&sort=0&intent=false&firstLoad=false&brand=Realme&page=10&start=360","Pre-order","3.353.000","","","Kota Jakarta Pusat","Gudang-hp.com Flagship Store"
"1777986536-88","https://www.blibli.com/cari/hp%20realme?category=AN-1000001&category=HA-1000003&sort=0&intent=false&firstLoad=false&brand=Realme&page=10&start=360","Pre-order","3.737.000","","","Kota Jakarta Pusat","Gudang-hp.com Flagship Store"
"1777986536-89","https://www.blibli.com/cari/hp%20realme?category=AN-1000001&category=HA-1000003&sort=0&intent=false&firstLoad=false&brand=Realme&page=10&start=360","Realme C85 Pro 8/256 GB Garansi Resmi","3.816.000","","Terjual 1","Kota Jakarta Pusat","Gudang-hp.com Flagship Store"
"1777986536-90","https://www.blibli.com/cari/hp%20realme?category=AN-1000001&category=HA-1000003&sort=0&intent=false&firstLoad=false&brand=Realme&page=10&start=360","realme 16 Pro 5G 12GB+14GB|256GB| Dimensity 7300-Max 5G Chipset | 7000mAh Titan Battery + 80W Ultra Charge","7.054.999","","","Kota Batam","ATM MOBILE BATAM Flagship Store"
"1777986536-91","https://www.blibli.com/cari/hp%20realme?category=AN-1000001&category=HA-1000003&sort=0&intent=false&firstLoad=false&brand=Realme&page=10&start=360","Hp Realme 10 Pro 5G 8/128 GB & 8/256 GB 108MP ProLight Camera 5000mAh","4.268.000","","","","Kota Madiun"
"1777986536-92","https://www.blibli.com/cari/hp%20realme?category=AN-1000001&category=HA-1000003&sort=0&intent=false&firstLoad=false&brand=Realme&page=10&start=360","HP realme C25Y 4/64 (5000mAh Mega Battery, 50MP AI Triple Camera Powerful, Octa-core Processor)","2.400.000","5","Terjual 2","","Kota Jakarta Timur"
"1777986536-93","https://www.blibli.com/cari/hp%20realme?category=AN-1000001&category=HA-1000003&sort=0&intent=false&firstLoad=false&brand=Realme&page=10&start=360","hp realme","4.500.000","","Terjual 5","","Kota Makassar"
"1777986536-94","https://www.blibli.com/cari/hp%20realme?category=AN-1000001&category=HA-1000003&sort=0&intent=false&firstLoad=false&brand=Realme&page=10&start=360","HP REALME NARZO","5.000.000","","","","Kota Makassar"
"1777986536-95","https://www.blibli.com/cari/hp%20realme?category=AN-1000001&category=HA-1000003&sort=0&intent=false&firstLoad=false&brand=Realme&page=10&start=360","Realme C71","1.899.000","","","","Kota Batam"
"1777986536-96","https://www.blibli.com/cari/hp%20realme?category=AN-1000001&category=HA-1000003&sort=0&intent=false&firstLoad=false&brand=Realme&page=10&start=360","Realme C75 8/256GB Garansi Resmi","2.685.000","","","","Kota Kediri"
"1777986536-97","https://www.blibli.com/cari/hp%20realme?category=AN-1000001&category=HA-1000003&sort=0&intent=false&firstLoad=false&brand=Realme&page=10&start=360","HP REALME NARZO 20","3.500.000","","Terjual 1","","Kota Makassar"
"1777986536-98","https://www.blibli.com/cari/hp%20realme?category=AN-1000001&category=HA-1000003&sort=0&intent=false&firstLoad=false&brand=Realme&page=10&start=360","HP REALME NARZO 20","5.000.000","","Terjual 16","","Kota Makassar"
"1777986536-99","https://www.blibli.com/cari/hp%20realme?category=AN-1000001&category=HA-1000003&sort=0&intent=false&firstLoad=false&brand=Realme&page=10&start=360","Realme C30s 4GB-64GB Smartphone Garansi resmi realme Indonesia","999.000","","Terjual 5","","Kota Jakarta Timur"
"1777986536-100","https://www.blibli.com/cari/hp%20realme?category=AN-1000001&category=HA-1000003&sort=0&intent=false&firstLoad=false&brand=Realme&page=10&start=360","Realme C35 4/64GB smartphone","2.159.000","4,8","Terjual 312","","Kota Medan"
"1777986536-101","https://www.blibli.com/cari/hp%20realme?category=AN-1000001&category=HA-1000003&sort=0&intent=false&firstLoad=false&brand=Realme&page=10&start=360","C11 2021 2/32GB Blue Hp Realme","1.349.000","","","","Kota Tasikmalaya"
"1777986536-102","https://www.blibli.com/cari/hp%20realme?category=AN-1000001&category=HA-1000003&sort=0&intent=false&firstLoad=false&brand=Realme&page=10&start=360","C21Y 3/32GB Cross Black Hp Realme","1.599.000","","","","Kota Tasikmalaya"
"1777986536-103","https://www.blibli.com/cari/hp%20realme?category=AN-1000001&category=HA-1000003&sort=0&intent=false&firstLoad=false&brand=Realme&page=10&start=360","REALME C35 Smartphone","2.299.000","5","Terjual 8","","Kota Medan"
"1777986536-104","https://www.blibli.com/cari/hp%20realme?category=AN-1000001&category=HA-1000003&sort=0&intent=false&firstLoad=false&brand=Realme&page=10&start=360","realme C61 8/128 Garasi resmi realme Indonesia","1.649.000","","Terjual 1","","Kota Jakarta Timur"
"1777986536-105","https://www.blibli.com/cari/hp%20realme?category=AN-1000001&category=HA-1000003&sort=0&intent=false&firstLoad=false&brand=Realme&page=10&start=360","Realme Note 60 6/128 Garasi resmi realme Indonesia","1.265.000","","Terjual 1","","Kota Jakarta Timur"
"1777986536-106","https://www.blibli.com/cari/hp%20realme?category=AN-1000001&category=HA-1000003&sort=0&intent=false&firstLoad=false&brand=Realme&page=10&start=360","Realme Note 50 4GB-128GB Garansi resmi 1 tahun","1.240.000","","","","Kota Jakarta Timur"
"1777986536-107","https://www.blibli.com/cari/hp%20realme?category=AN-1000001&category=HA-1000003&sort=0&intent=false&firstLoad=false&brand=Realme&page=10&start=360","Realme C65 NFC 8GB/256GB Garansi resmi realme Indonesia 1 tahun","2.200.000","","Terjual 4","","Kota Jakarta Timur"
"1777986536-108","https://www.blibli.com/cari/hp%20realme?category=AN-1000001&category=HA-1000003&sort=0&intent=false&firstLoad=false&brand=Realme&page=10&start=360","Realme 10 8GB-256GB Garansi resmi 1 tahun","2.999.000","","","","Kota Jakarta Timur"
"1777986536-109","https://www.blibli.com/cari/hp%20realme?category=AN-1000001&category=HA-1000003&sort=0&intent=false&firstLoad=false&brand=Realme&page=10&start=360","Realme 6 Smartphone [4GB/ 128GB]","3.499.000","","","","Kota Binjai"
"1777986536-110","https://www.blibli.com/cari/hp%20realme?category=AN-1000001&category=HA-1000003&sort=0&intent=false&firstLoad=false&brand=Realme&page=10&start=360","Realme 6 Smartphone [128GB/ 8GB]","3.899.000","","","","Kota Binjai"
"1777986536-111","https://www.blibli.com/cari/hp%20realme?category=AN-1000001&category=HA-1000003&sort=0&intent=false&firstLoad=false&brand=Realme&page=10&start=360","Realme C33 [3GB-32GB] Garansi resmi realme 1 Tahun","1.415.000","5","Terjual 1","","Kota Jakarta Timur"
"1777986536-112","https://www.blibli.com/cari/hp%20realme?category=AN-1000001&category=HA-1000003&sort=0&intent=false&firstLoad=false&brand=Realme&page=10&start=360","Realme 8 NFC 8GB-128GB Garansi resmi 1 tahun","2.799.000","","","","Kota Jakarta Timur"
"1777986536-113","https://www.blibli.com/cari/hp%20realme?category=AN-1000001&category=HA-1000003&sort=0&intent=false&firstLoad=false&brand=Realme&page=10&start=360","REALME NOTE 80 4GB/64GB 4GB/128GB - Garansi Resmi Nasional","2.045.000","","","","Kab. Deli Serdang"
"1777986536-114","https://www.blibli.com/cari/hp%20realme?category=AN-1000001&category=HA-1000003&sort=0&intent=false&firstLoad=false&brand=Realme&page=10&start=360","Realme 10 8GB-128GB Garansi resmi 1 tahun","2.499.000","","Terjual 1","","Kota Jakarta Timur"
"1777986536-115","https://www.blibli.com/cari/hp%20realme?category=AN-1000001&category=HA-1000003&sort=0&intent=false&firstLoad=false&brand=Realme&page=10&start=360","REALME C71 6300 mAh 4GB/128GB - 6GB/128GB - 8GB/128GB GARANSI RESMI","1.969.000","5","Terjual 3","","Kab. Deli Serdang"
"1777986536-116","https://www.blibli.com/cari/hp%20realme?category=AN-1000001&category=HA-1000003&sort=0&intent=false&firstLoad=false&brand=Realme&page=10&start=360","Realme 12 5G 8GB-256GB Garansi resmi realme Indonesia","3.200.000","","Terjual 18","","Kota Jakarta Timur"
"1777986536-117","https://www.blibli.com/cari/hp%20realme?category=AN-1000001&category=HA-1000003&sort=0&intent=false&firstLoad=false&brand=Realme&page=10&start=360","Realme 10 [8GB-256GB] Helio G99 AMOLED 90Hz Garansi resmi Realme Indonesia","2.999.000","","","","Kota Jakarta Timur"
"1777986536-118","https://www.blibli.com/cari/hp%20realme?category=AN-1000001&category=HA-1000003&sort=0&intent=false&firstLoad=false&brand=Realme&page=10&start=360","Realme 6 Smartphone [4GB/ 128GB]","3.300.000","","","","Kab. Bekasi"
"1777986536-119","https://www.blibli.com/cari/hp%20realme?category=AN-1000001&category=HA-1000003&sort=0&intent=false&firstLoad=false&brand=Realme&page=10&start=360","Realme XT Smartphone [8GB/ 128GB]","3.978.000","","","","Kota Tangerang Selatan"
"1777986536-120","https://www.blibli.com/cari/hp%20realme?category=AN-1000001&category=HA-1000003&sort=0&intent=false&firstLoad=false&brand=Realme&page=10&start=360","realme 8 Smartphone [8GB/128GB]","3.600.000","","Terjual 31","","Kab. Bekasi"
"1777986536-121","https://www.blibli.com/cari/hp%20realme?category=AN-1000001&category=HA-1000003&sort=0&intent=false&firstLoad=false&brand=Realme&page=10&start=360","Realme 6 Smartphone Android [8/ 128 GB]","3.800.000","","Terjual 3","","Kota Tangerang"
"1777986536-122","https://www.blibli.com/cari/hp%20realme?category=AN-1000001&category=HA-1000003&sort=0&intent=false&firstLoad=false&brand=Realme&page=10&start=360","REALME 9 PRO + 8/256 GB SMARTPHONE GARANSI RESMI REALME","5.100.000","","Terjual 42","","Kota Bogor"
"1777986536-123","https://www.blibli.com/cari/hp%20realme?category=AN-1000001&category=HA-1000003&sort=0&intent=false&firstLoad=false&brand=Realme&page=10&start=360","Hp Realme Narzo 50 Ram 4GB Internal 64GB Garansi Resmi","2.586.005","","","Kota Pekanbaru","wwponsel_hangtuah Flagship Store"
"1777986536-124","https://www.blibli.com/cari/hp%20realme?category=AN-1000001&category=HA-1000003&sort=0&intent=false&firstLoad=false&brand=Realme&page=10&start=360","Realme C15 Smartphone [4GB/ 128GB]","2.190.000","","Terjual 7","","Kota Medan"
"1777986536-125","https://www.blibli.com/cari/hp%20realme?category=AN-1000001&category=HA-1000003&sort=0&intent=false&firstLoad=false&brand=Realme&page=10&start=360","Realme C17 Smartphone [6GB/256GB]","2.799.000","5","Terjual 8","","Kota Medan"
"1777986536-126","https://www.blibli.com/cari/hp%20realme?category=AN-1000001&category=HA-1000003&sort=0&intent=false&firstLoad=false&brand=Realme&page=10&start=360","IKA 10 8/256","3.599.000","","","","Kab. Jombang"
"1777986536-127","https://www.blibli.com/cari/hp%20realme?category=AN-1000001&category=HA-1000003&sort=0&intent=false&firstLoad=false&brand=Realme&page=10&start=360","Hp Realme Narzo 50A Ram 4GB Internal 64GB Garansi Resmi","2.287.505","","","Kota Pekanbaru","wwponsel_hangtuah Flagship Store"
"1777986536-128","https://www.blibli.com/cari/hp%20realme?category=AN-1000001&category=HA-1000003&sort=0&intent=false&firstLoad=false&brand=Realme&page=10&start=360","Hp Realme C85 Pro Ram 8GB Internal 128GB Garansi Resmi","3.979.005","","","Kota Pekanbaru","wwponsel_hangtuah Flagship Store"
"1777986536-129","https://www.blibli.com/cari/hp%20realme?category=AN-1000001&category=HA-1000003&sort=0&intent=false&firstLoad=false&brand=Realme&page=10&start=360","Hp Realme 12+ 5G Ram 8GB Internal 256GB Garansi Resmi","4.178.005","","Terjual 1","Kota Pekanbaru","wwponsel_hangtuah Flagship Store"
"1777986536-130","https://www.blibli.com/cari/hp%20realme?category=AN-1000001&category=HA-1000003&sort=0&intent=false&firstLoad=false&brand=Realme&page=10&start=360","HP Realme 16 5G Ram 8GB Internal 256GB Garansi Resmi","5.471.505","","","Kota Pekanbaru","wwponsel_hangtuah Flagship Store"
"1777986536-131","https://www.blibli.com/cari/hp%20realme?category=AN-1000001&category=HA-1000003&sort=0&intent=false&firstLoad=false&brand=Realme&page=10&start=360","Realme C25 Smartphone [4GB-64GB]","2.299.000","","Terjual 1","","Kota Cimahi"
"1777986536-132","https://www.blibli.com/cari/hp%20realme?category=AN-1000001&category=HA-1000003&sort=0&intent=false&firstLoad=false&brand=Realme&page=10&start=360","Realme 6 Pro Smartphone [8GB/ 128GB]","4.599.000","","","","Kab. Buleleng"
"1777986536-133","https://www.blibli.com/cari/hp%20realme?category=AN-1000001&category=HA-1000003&sort=0&intent=false&firstLoad=false&brand=Realme&page=10&start=360","Realme C11 Smartphone [32GB/ 2GB]","1.300.000","","","","Kota Jakarta Pusat"
"1777986536-134","https://www.blibli.com/cari/hp%20realme?category=AN-1000001&category=HA-1000003&sort=0&intent=false&firstLoad=false&brand=Realme&page=10&start=360","Realme 7i Smartphone [8GB/ 128GB]","3.199.000","","","","Kota Padang"
"1777986536-135","https://www.blibli.com/cari/hp%20realme?category=AN-1000001&category=HA-1000003&sort=0&intent=false&firstLoad=false&brand=Realme&page=10&start=360","Realme C25 Smartphone [4GB-64GB]","2.300.000","","Terjual 17","","Kab. Bekasi"
"1777986536-136","https://www.blibli.com/cari/hp%20realme?category=AN-1000001&category=HA-1000003&sort=0&intent=false&firstLoad=false&brand=Realme&page=10&start=360","Realme 5 Pro Smartphone [128GB/ 4GB]","2.999.000","","","","Kota Makassar"
"1777986536-137","https://www.blibli.com/cari/hp%20realme?category=AN-1000001&category=HA-1000003&sort=0&intent=false&firstLoad=false&brand=Realme&page=10&start=360","Realme 6 Pro Smartphone [8GB/ 128GB]","4.599.000","","","","Kota Binjai"
"1777986536-138","https://www.blibli.com/cari/hp%20realme?category=AN-1000001&category=HA-1000003&sort=0&intent=false&firstLoad=false&brand=Realme&page=10&start=360","realme 8 Pro Smartphone [8GB/128GB]","4.299.000","","","","Kota Blitar"
"1777986536-139","https://www.blibli.com/cari/hp%20realme?category=AN-1000001&category=HA-1000003&sort=0&intent=false&firstLoad=false&brand=Realme&page=10&start=360","HP Realme 16 5G Ram 12GB Internal 256GB Garansi Resmi","5.969.005","","","Kota Pekanbaru","wwponsel_hangtuah Flagship Store"
"1777986536-140","https://www.blibli.com/cari/hp%20realme?category=AN-1000001&category=HA-1000003&sort=0&intent=false&firstLoad=false&brand=Realme&page=10&start=360","Realme 7 Pro 8/128GB Smartphone [ Garansi Resmi REALME ]","4.098.000","","Terjual 10","","Kota Medan"
"1777986536-141","https://www.blibli.com/cari/hp%20realme?category=AN-1000001&category=HA-1000003&sort=0&intent=false&firstLoad=false&brand=Realme&page=10&start=360","Hp Realme C30s Ram 4GB Internal 64GB Garansi Resmi","1.591.005","","","Kota Pekanbaru","wwponsel_hangtuah Flagship Store"
"1777986536-142","https://www.blibli.com/cari/hp%20realme?category=AN-1000001&category=HA-1000003&sort=0&intent=false&firstLoad=false&brand=Realme&page=10&start=360","Hp Realme 8 Pro RAM 8GB Internal 128GB NFC Garansi Resmi","3.083.505","","","Kota Pekanbaru","wwponsel_hangtuah Flagship Store"
"1777986536-143","https://www.blibli.com/cari/hp%20realme?category=AN-1000001&category=HA-1000003&sort=0&intent=false&firstLoad=false&brand=Realme&page=10&start=360","Hp Realme C85 4G Ram 8GB Internal 256GB Garansi Resmi","3.481.505","5","Terjual 1","Kota Pekanbaru","wwponsel_hangtuah Flagship Store"
"1777986536-144","https://www.blibli.com/cari/hp%20realme?category=AN-1000001&category=HA-1000003&sort=0&intent=false&firstLoad=false&brand=Realme&page=10&start=360","Hp realme 10 pro 5G ram 8GB internal 256GB garansi resmi","3.979.005","","","Kota Pekanbaru","wwponsel_hangtuah Flagship Store"
"1777986536-145","https://www.blibli.com/cari/hp%20realme?category=AN-1000001&category=HA-1000003&sort=0&intent=false&firstLoad=false&brand=Realme&page=10&start=360","Hp Realme C25Y Ram 4GB Internal 64GB Garansi resmi","1.999.900","","Terjual 1","Kota Pekanbaru","wwponsel_hangtuah Flagship Store"
"1777986536-146","https://www.blibli.com/cari/hp%20realme?category=AN-1000001&category=HA-1000003&sort=0&intent=false&firstLoad=false&brand=Realme&page=10&start=360","Hp Realme C85 Pro Ram 8GB Internal 256GB Garansi Resmi","4.377.005","","","Kota Pekanbaru","wwponsel_hangtuah Flagship Store"
"1777986536-147","https://www.blibli.com/cari/hp%20realme?category=AN-1000001&category=HA-1000003&sort=0&intent=false&firstLoad=false&brand=Realme&page=10&start=360","Realme C15 Smartphone [ 4GB-64GB ]","1.000.000","","Terjual 2","","Kota Jakarta Barat"
"1777986536-148","https://www.blibli.com/cari/hp%20realme?category=AN-1000001&category=HA-1000003&sort=0&intent=false&firstLoad=false&brand=Realme&page=10&start=360","Realme C15 Smartphone [ 4GB-64GB ]","1.999.000","","","","Kab. Bekasi"
"1777986536-149","https://www.blibli.com/cari/hp%20realme?category=AN-1000001&category=HA-1000003&sort=0&intent=false&firstLoad=false&brand=Realme&page=10&start=360","Realme C15 Smartphone [ 4GB-64GB ]","2.199.000","","","","Kota Jakarta Pusat"
"1777986536-150","https://www.blibli.com/cari/hp%20realme?category=AN-1000001&category=HA-1000003&sort=0&intent=false&firstLoad=false&brand=Realme&page=10&start=360","Realme 7i Smartphone 8/128 Garansi Resmi 1 Tahun","3.200.000","","Terjual 3","","Kota Medan"
"1777986536-151","https://www.blibli.com/cari/hp%20realme?category=AN-1000001&category=HA-1000003&sort=0&intent=false&firstLoad=false&brand=Realme&page=10&start=360","Realme C15 Smartphone [ 4GB-64GB ]","2.245.000","","Terjual 13","","Kota Tangerang"
"1777986536-152","https://www.blibli.com/cari/hp%20realme?category=AN-1000001&category=HA-1000003&sort=0&intent=false&firstLoad=false&brand=Realme&page=10&start=360","Hp Realme C85 4G Ram 6GB Internal 128GB Garansi Resmi","2.884.505","","","Kota Pekanbaru","wwponsel_hangtuah Flagship Store"
"1777986536-153","https://www.blibli.com/cari/hp%20realme?category=AN-1000001&category=HA-1000003&sort=0&intent=false&firstLoad=false&brand=Realme&page=10&start=360","Hp Realme C85 4G Ram 8GB Internal 128GB Garansi Resmi","3.083.505","","","Kota Pekanbaru","wwponsel_hangtuah Flagship Store"
"1777986536-154","https://www.blibli.com/cari/hp%20realme?category=AN-1000001&category=HA-1000003&sort=0&intent=false&firstLoad=false&brand=Realme&page=10&start=360","Hp Realme Narzo 50 5G Ram 6GB Internal 128GB Garansi Resmi","3.382.005","","","Kota Pekanbaru","wwponsel_hangtuah Flagship Store"
"1777986536-155","https://www.blibli.com/cari/hp%20realme?category=AN-1000001&category=HA-1000003&sort=0&intent=false&firstLoad=false&brand=Realme&page=10&start=360","Hp Realme 10 Pro 5G Ram 8GB Internal 128GB Garansi Resmi","3.581.005","","","Kota Pekanbaru","wwponsel_hangtuah Flagship Store"
"1777986536-156","https://www.blibli.com/cari/hp%20realme?category=AN-1000001&category=HA-1000003&sort=0&intent=false&firstLoad=false&brand=Realme&page=10&start=360","realme X2 Pro Smartphone [256 GB/ 12 GB/ Official Store]","7.999.000","","Terjual 115","","Kota Bandung"
"1777986536-157","https://www.blibli.com/cari/hp%20realme?category=AN-1000001&category=HA-1000003&sort=0&intent=false&firstLoad=false&brand=Realme&page=10&start=360","Realme C15 Smartphone Qualcomm Edition ( Ram 4GB / Rom 64GB )","2.099.000","","","","Kab. Purbalingga"
"1777986536-158","https://www.blibli.com/cari/hp%20realme?category=AN-1000001&category=HA-1000003&sort=0&intent=false&firstLoad=false&brand=Realme&page=10&start=360","Hp Realme 9 Pro+ 5G Ram 8GB Internal 256GB Garansi Resmi","5.471.505","","","Kota Pekanbaru","wwponsel_hangtuah Flagship Store"
"1777986536-159","https://www.blibli.com/cari/hp%20realme?category=AN-1000001&category=HA-1000003&sort=0&intent=false&firstLoad=false&brand=Realme&page=10&start=360","Hp realme 10 pro+ 5G ram 12GB internal 256GB garansi resmi","5.969.005","","","Kota Pekanbaru","wwponsel_hangtuah Flagship Store"
"1777986536-160","https://www.blibli.com/cari/hp%20realme?category=AN-1000001&category=HA-1000003&sort=0&intent=false&firstLoad=false&brand=Realme&page=10&start=360","Realme C12 Smartphone [ 3GB / 32 GB ] - Garansi Resmi","1.899.000","","Terjual 1","","Kab. Jember"
"1777986536-161","https://www.blibli.com/cari/hp%20realme?category=AN-1000001&category=HA-1000003&sort=0&intent=false&firstLoad=false&brand=Realme&page=10&start=360","Realme C12 Smartphone [ 3GB / 32 GB ] - Garansi Resmi","1.899.000","","Terjual 1","","Kota Jakarta Barat"
"1777986536-162","https://www.blibli.com/cari/hp%20realme?category=AN-1000001&category=HA-1000003&sort=0&intent=false&firstLoad=false&brand=Realme&page=10&start=360","Hp Realme 10 8/128 GB dan 8/256 GB 50MP Kamera Color Al","3.038.000","","","","Kota Madiun"
"1777986536-163","https://www.blibli.com/cari/hp%20realme?category=AN-1000001&category=HA-1000003&sort=0&intent=false&firstLoad=false&brand=Realme&page=10&start=360","Realme C15 Smartphone Qualcomm Edition ( Ram 4GB / Rom 64GB ) Marine Blue","2.099.000","","","","Kab. Purbalingga"
"1777986536-164","https://www.blibli.com/cari/hp%20realme?category=AN-1000001&category=HA-1000003&sort=0&intent=false&firstLoad=false&brand=Realme&page=10&start=360","Realme C35 4/128Gb smartphone","2.500.000","5","Terjual 5","","Kota Medan"
"1777986536-165","https://www.blibli.com/cari/hp%20realme?category=AN-1000001&category=HA-1000003&sort=0&intent=false&firstLoad=false&brand=Realme&page=10&start=360","Realme C35 4/64GB smartphone","2.249.000","","Terjual 3","","Kota Jayapura"
"1777986536-166","https://www.blibli.com/cari/hp%20realme?category=AN-1000001&category=HA-1000003&sort=0&intent=false&firstLoad=false&brand=Realme&page=10&start=360","Realme 8 Pro 8/128gb smartphone","4.499.000","","Terjual 4","","Kota Palembang"
"1777986536-167","https://www.blibli.com/cari/hp%20realme?category=AN-1000001&category=HA-1000003&sort=0&intent=false&firstLoad=false&brand=Realme&page=10&start=360","Realme C31 3/32GB smartphone","1.699.000","","","","Kab. Kepulauan Sangihe"
"1777986536-168","https://www.blibli.com/cari/hp%20realme?category=AN-1000001&category=HA-1000003&sort=0&intent=false&firstLoad=false&brand=Realme&page=10&start=360","Realme C35 4/64GB smartphone","2.300.000","","","","Kota Medan"
"1777986536-169","https://www.blibli.com/cari/hp%20realme?category=AN-1000001&category=HA-1000003&sort=0&intent=false&firstLoad=false&brand=Realme&page=10&start=360","Realme C35 4/64GB Smartphone Garansi Resmi","2.299.000","","","","Kota Cimahi"
"1777986536-170","https://www.blibli.com/cari/hp%20realme?category=AN-1000001&category=HA-1000003&sort=0&intent=false&firstLoad=false&brand=Realme&page=10&start=360","Realme C35 4/128GB Smartphone Garansi Resmi","2.599.000","","Terjual 1","","Kota Cimahi"
"1777986536-171","https://www.blibli.com/cari/hp%20realme?category=AN-1000001&category=HA-1000003&sort=0&intent=false&firstLoad=false&brand=Realme&page=10&start=360","Realme C35 4/64GB smartphone","2.699.000","","","","Kota Depok"
"1777986536-172","https://www.blibli.com/cari/hp%20realme?category=AN-1000001&category=HA-1000003&sort=0&intent=false&firstLoad=false&brand=Realme&page=10&start=360","Realme C17 6/256gb Smartphone","2.799.000","","","","Kab. Sleman"
"1777986536-173","https://www.blibli.com/cari/hp%20realme?category=AN-1000001&category=HA-1000003&sort=0&intent=false&firstLoad=false&brand=Realme&page=10&start=360","Realme 10 8/128GB Smartphone Garansi Resmi","3.199.000","","Terjual 1","","Kota Cimahi"
"1777986536-174","https://www.blibli.com/cari/hp%20realme?category=AN-1000001&category=HA-1000003&sort=0&intent=false&firstLoad=false&brand=Realme&page=10&start=360","Realme X3 SuperZoom Smartphone [256 GB/12 GB]","7.999.000","","","","Kota Jakarta Barat"
"1777986536-175","https://www.blibli.com/cari/hp%20realme?category=AN-1000001&category=HA-1000003&sort=0&intent=false&firstLoad=false&brand=Realme&page=10&start=360","Realme C33 3/32GB Smartphone Garansi Resmi","1.599.000","","","","Kota Cimahi"
"1777986536-176","https://www.blibli.com/cari/hp%20realme?category=AN-1000001&category=HA-1000003&sort=0&intent=false&firstLoad=false&brand=Realme&page=10&start=360","Realme 9 Pro+ [5G] Smartphone 8GB/256GB","5.499.000","5","Terjual 2","","Kota Medan"
"1777986536-177","https://www.blibli.com/cari/hp%20realme?category=AN-1000001&category=HA-1000003&sort=0&intent=false&firstLoad=false&brand=Realme&page=10&start=360","Realme X3 SuperZoom Smartphone [256 GB/12 GB]","7.999.000","","Terjual 14","","Kota Bogor"
"1777986536-178","https://www.blibli.com/cari/hp%20realme?category=AN-1000001&category=HA-1000003&sort=0&intent=false&firstLoad=false&brand=Realme&page=10&start=360","REALME C85 5G RAM 8/256GB SMARTPHONE GARANSI RESMI","3.799.000","","","","Kota Palembang"
"1777986536-179","https://www.blibli.com/cari/hp%20realme?category=AN-1000001&category=HA-1000003&sort=0&intent=false&firstLoad=false&brand=Realme&page=10&start=360","Hp Realme C30S ram 3/32 GB dan 4/64 GB 5000mAh Massive Battery","1.338.000","","","","Kota Madiun"
"1777986536-180","https://www.blibli.com/cari/hp%20realme?category=AN-1000001&category=HA-1000003&sort=0&intent=false&firstLoad=false&brand=Realme&page=10&start=360","REALME 8 PRO 8GB / 128GB SMARTPHONE GARANSI INDONESIA RESMI R8 PRO","3.899.000","","","","Kota Palembang"
"1777986536-181","https://www.blibli.com/cari/hp%20realme?category=AN-1000001&category=HA-1000003&sort=0&intent=false&firstLoad=false&brand=Realme&page=10&start=360","REALME C85 RAM 6/128GB - 8/128GB SMARTPHONE GARANSI RESMI","2.799.000","","","","Kota Palembang"
"1777986536-182","https://www.blibli.com/cari/hp%20realme?category=AN-1000001&category=HA-1000003&sort=0&intent=false&firstLoad=false&brand=Realme&page=10&start=360","NEW REALME NARZO 50I GARANSI RESMI","1.499.000","","Terjual 1","","Kota Palembang"
"1777986536-183","https://www.blibli.com/cari/hp%20realme?category=AN-1000001&category=HA-1000003&sort=0&intent=false&firstLoad=false&brand=Realme&page=10&start=360","c75x 8/128","2.200.000","","","","Kab. Semarang"
"1777986536-184","https://www.blibli.com/cari/hp%20realme?category=AN-1000001&category=HA-1000003&sort=0&intent=false&firstLoad=false&brand=Realme&page=10&start=360","Pre-order","2.000.000","","Terjual 15","","Kota Pekanbaru"
"1777986536-185","https://www.blibli.com/cari/hp%20realme?category=AN-1000001&category=HA-1000003&sort=0&intent=false&firstLoad=false&brand=Realme&page=10&start=360","REALME 11 PRO 8/256 WHITE","4.247.000","","Terjual 1","","Kab. Batang & kota lainnya"
"1777986536-186","https://www.blibli.com/cari/hp%20realme?category=AN-1000001&category=HA-1000003&sort=0&intent=false&firstLoad=false&brand=Realme&page=10&start=360","Realme C75 (RAM 8GB, ROM 128/256GB, IP69 Waterproof, 6000 mAh)","2.399.000","5","Terjual 1","","Kota Malang"
"1777986536-187","https://www.blibli.com/cari/hp%20realme?category=AN-1000001&category=HA-1000003&sort=0&intent=false&firstLoad=false&brand=Realme&page=10&start=360","Realme C85","2.599.000","","","","Kota Batam"
"1777986536-188","https://www.blibli.com/cari/hp%20realme?category=AN-1000001&category=HA-1000003&sort=0&intent=false&firstLoad=false&brand=Realme&page=10&start=360","Realme GT 7T 12/256 Garansi Resmi","6.999.000","","","","Kota Sukabumi"
"1777986536-189","https://www.blibli.com/cari/hp%20realme?category=AN-1000001&category=HA-1000003&sort=0&intent=false&firstLoad=false&brand=Realme&page=10&start=360","REALME 9 8/128GB","3.311.000","","","","Kab. Bandung"
"1777986536-190","https://www.blibli.com/cari/hp%20realme?category=AN-1000001&category=HA-1000003&sort=0&intent=false&firstLoad=false&brand=Realme&page=10&start=360","REALME C11 2021","1.450.000","","Terjual 2","","Kab. Gresik"
"1777986536-191","https://www.blibli.com/cari/hp%20realme?category=AN-1000001&category=HA-1000003&sort=0&intent=false&firstLoad=false&brand=Realme&page=10&start=360","REALME C55 NFC 6/128 GARANSI RESMI","2.320.000","","","","Kota Medan"
"1777986536-192","https://www.blibli.com/cari/hp%20realme?category=AN-1000001&category=HA-1000003&sort=0&intent=false&firstLoad=false&brand=Realme&page=10&start=360","Realme Note 70","1.499.000","","","","Kota Batam"
"1777986536-193","https://www.blibli.com/cari/hp%20realme?category=AN-1000001&category=HA-1000003&sort=0&intent=false&firstLoad=false&brand=Realme&page=10&start=360","REALME 11 NFC RAM 16GB (8+8)/256GB","3.599.000","","","","Kab. Bogor"
"1777986536-194","https://www.blibli.com/cari/hp%20realme?category=AN-1000001&category=HA-1000003&sort=0&intent=false&firstLoad=false&brand=Realme&page=10&start=360","Realme C63 (RAM 6/8GB, ROM 128GB, 45W Quick Charge)","1.899.000","","","","Kota Malang"
"1777986536-195","https://www.blibli.com/cari/hp%20realme?category=AN-1000001&category=HA-1000003&sort=0&intent=false&firstLoad=false&brand=Realme&page=10&start=360","Realme Note 80 4/64 - 4/128 BNIB Garansi Resmi Indonesia","1.860.515","","","","Kota Bandung"
"1777986536-196","https://www.blibli.com/cari/hp%20realme?category=AN-1000001&category=HA-1000003&sort=0&intent=false&firstLoad=false&brand=Realme&page=10&start=360","Realme 16 Pro 12GB+256GB BNIB Garansi Resmi Indonesia","6.612.990","","","","Kota Bandung"
"1777986536-197","https://www.blibli.com/cari/hp%20realme?category=AN-1000001&category=HA-1000003&sort=0&intent=false&firstLoad=false&brand=Realme&page=10&start=360","Realme 16 Pro Plus + Pro+ 12/512 BNIB Garansi Resmi Indonesia","8.754.215","","","","Kota Bandung"
"1777986536-198","https://www.blibli.com/cari/hp%20realme?category=AN-1000001&category=HA-1000003&sort=0&intent=false&firstLoad=false&brand=Realme&page=10&start=360","REALME C11","1.900.000","4","Terjual 1","","Kota Surabaya"
"1777986536-199","https://www.blibli.com/cari/hp%20realme?category=AN-1000001&category=HA-1000003&sort=0&intent=false&firstLoad=false&brand=Realme&page=10&start=360","REALME C11","1.350.000","","Terjual 3","","Kab. Indramayu"
"1777986536-200","https://www.blibli.com/cari/hp%20realme?category=AN-1000001&category=HA-1000003&sort=0&intent=false&firstLoad=false&brand=Realme&page=10&start=360","REALME C11","1.499.000","","","","Kab. Blora"
"1777986536-201","https://www.blibli.com/cari/hp%20realme?category=AN-1000001&category=HA-1000003&sort=0&intent=false&firstLoad=false&brand=Realme&page=10&start=360","realme narzo 50i prime","1.650.000","","","","Kab. Batang"
"1777986536-202","https://www.blibli.com/cari/hp%20realme?category=AN-1000001&category=HA-1000003&sort=0&intent=false&firstLoad=false&brand=Realme&page=10&start=360","Realme 10 8/256GB","3.564.000","","","","Kota Medan"
"1777986536-203","https://www.blibli.com/cari/hp%20realme?category=AN-1000001&category=HA-1000003&sort=0&intent=false&firstLoad=false&brand=Realme&page=10&start=360","REALME C55 RAM 8/256 INTERNAL 256 GB","2.647.000","","","","Kab. Batang"
"1777986536-204","https://www.blibli.com/cari/hp%20realme?category=AN-1000001&category=HA-1000003&sort=0&intent=false&firstLoad=false&brand=Realme&page=10&start=360","Realme Note 80 4/64 - 4/128 BNIB Garansi Resmi Indonesia","1.860.515","","","","Kota Bandung"
"1777986536-205","https://www.blibli.com/cari/hp%20realme?category=AN-1000001&category=HA-1000003&sort=0&intent=false&firstLoad=false&brand=Realme&page=10&start=360","Realme C71 8/128GB Garansi Resmi","2.295.000","","","","Kota Kediri"
"1777986536-206","https://www.blibli.com/cari/hp%20realme?category=AN-1000001&category=HA-1000003&sort=0&intent=false&firstLoad=false&brand=Realme&page=10&start=360","Realme C35 4/128GB","2.899.000","","","","Kota Depok"
"1777986536-207","https://www.blibli.com/cari/hp%20realme?category=AN-1000001&category=HA-1000003&sort=0&intent=false&firstLoad=false&brand=Realme&page=10&start=360","REALME C11","1.299.900","","","","Kab. Pemalang"
"1777986536-208","https://www.blibli.com/cari/hp%20realme?category=AN-1000001&category=HA-1000003&sort=0&intent=false&firstLoad=false&brand=Realme&page=10&start=360","realme c35 6/64 gb termurah","2.115.000","","Terjual 1","","Kab. Batang"
"1777986536-209","https://www.blibli.com/cari/hp%20realme?category=AN-1000001&category=HA-1000003&sort=0&intent=false&firstLoad=false&brand=Realme&page=10&start=360","REALME C11 4/64GB","2.099.000","","","","Kota Depok"
"1777986536-210","https://www.blibli.com/cari/hp%20realme?category=AN-1000001&category=HA-1000003&sort=0&intent=false&firstLoad=false&brand=Realme&page=10&start=360","Realme C35 4/128","2.499.000","","","","Kota Makassar"
"1777986536-211","https://www.blibli.com/cari/hp%20realme?category=AN-1000001&category=HA-1000003&sort=0&intent=false&firstLoad=false&brand=Realme&page=10&start=360","REALME C53 [6/128 GB] GARANSI RESMI","1.999.000","","","","Kota Makassar"
"1777986536-212","https://www.blibli.com/cari/hp%20realme?category=AN-1000001&category=HA-1000003&sort=0&intent=false&firstLoad=false&brand=Realme&page=10&start=360","Realme C53 6/128 GB Garansi Resmi","2.200.000","","","","Kota Jakarta Timur"
"1777986536-213","https://www.blibli.com/cari/hp%20realme?category=AN-1000001&category=HA-1000003&sort=0&intent=false&firstLoad=false&brand=Realme&page=10&start=360","REALME P3 Lite 4/128GB GARANSI RESMI REALME INDONESIA","2.299.000","","","","Kota Jakarta Utara"
"1777986536-214","https://www.blibli.com/cari/hp%20realme?category=AN-1000001&category=HA-1000003&sort=0&intent=false&firstLoad=false&brand=Realme&page=10&start=360","REALME C11 2021 4/64GB","1.699.000","","","","Kota Palembang"
"1777986536-215","https://www.blibli.com/cari/hp%20realme?category=AN-1000001&category=HA-1000003&sort=0&intent=false&firstLoad=false&brand=Realme&page=10&start=360","handphone realme","2.000.000","","Terjual 9","","Kab. Subang"
"1777986536-216","https://www.blibli.com/cari/hp%20realme?category=AN-1000001&category=HA-1000003&sort=0&intent=false&firstLoad=false&brand=Realme&page=10&start=360","SMARTPHONE REALME C17 6/256GB","2.799.000","","","","Kota Palembang"
"1777986536-217","https://www.blibli.com/cari/hp%20realme?category=AN-1000001&category=HA-1000003&sort=0&intent=false&firstLoad=false&brand=Realme&page=10&start=360","REALME Smartphone","3.000.000","","","","Kab. Banyuwangi"
"1777986536-218","https://www.blibli.com/cari/hp%20realme?category=AN-1000001&category=HA-1000003&sort=0&intent=false&firstLoad=false&brand=Realme&page=10&start=360","HANDPHONE REALME C12 3/32GB GARANSI RESMI","1.900.000","","","","Kota Palembang"
"1777986536-219","https://www.blibli.com/cari/hp%20realme?category=AN-1000001&category=HA-1000003&sort=0&intent=false&firstLoad=false&brand=Realme&page=10&start=360","REALME HANDPHONE R13","2.998.000","","","Kota Surabaya","UFO Elektronika dan Furniture Flagship Store"
"1777986536-220","https://www.blibli.com/cari/hp%20realme?category=AN-1000001&category=HA-1000003&sort=0&intent=false&firstLoad=false&brand=Realme&page=10&start=360","Realme 8 Smartphone","3.490.000","","","","Kota Tangerang"
"1777986536-221","https://www.blibli.com/cari/hp%20realme?category=AN-1000001&category=HA-1000003&sort=0&intent=false&firstLoad=false&brand=Realme&page=10&start=360","Realme 8 [8/128 GB] Smartphone Garansi Resmi Realme","3.599.000","","Terjual 1","","Kota Jakarta Selatan"
"1777986536-222","https://www.blibli.com/cari/hp%20realme?category=AN-1000001&category=HA-1000003&sort=0&intent=false&firstLoad=false&brand=Realme&page=10&start=360","Realme C33 Handphone Android","1.799.000","","","","Kota Madiun"
"1777986536-223","https://www.blibli.com/cari/hp%20realme?category=AN-1000001&category=HA-1000003&sort=0&intent=false&firstLoad=false&brand=Realme&page=10&start=360","REALME HANDPHONE NARZO 50 RAM 4/64 GB","2.648.000","","","Kota Surabaya","UFO Elektronika dan Furniture Flagship Store"
"1777986536-224","https://www.blibli.com/cari/hp%20realme?category=AN-1000001&category=HA-1000003&sort=0&intent=false&firstLoad=false&brand=Realme&page=10&start=360","REALME 8i 6/128 GB SMARTPHONE GARANSI RESMI REALME","2.750.000","","Terjual 11","","Kota Bogor"
"1777986536-225","https://www.blibli.com/cari/hp%20realme?category=AN-1000001&category=HA-1000003&sort=0&intent=false&firstLoad=false&brand=Realme&page=10&start=360","Realme Narzo 50A Prime [4GB-64GB] 5000mAh Battery 18W Quick Charge","1.399.000","5","Terjual 7","","Kota Jakarta Timur"
"1777986536-226","https://www.blibli.com/cari/hp%20realme?category=AN-1000001&category=HA-1000003&sort=0&intent=false&firstLoad=false&brand=Realme&page=10&start=360","Realme Narzo 50A Prime [4GB-128GB] 5000mAh Battery 18W Quick Charge","1.599.000","5","Terjual 2","","Kota Jakarta Timur"
"1777986536-227","https://www.blibli.com/cari/hp%20realme?category=AN-1000001&category=HA-1000003&sort=0&intent=false&firstLoad=false&brand=Realme&page=10&start=360","Realme C35 [4GB-64GB] 5000mAh Battery 50MP AI Triple Camera Garansi resmi","2.199.000","5","Terjual 7","","Kota Jakarta Timur"
"1777986536-228","https://www.blibli.com/cari/hp%20realme?category=AN-1000001&category=HA-1000003&sort=0&intent=false&firstLoad=false&brand=Realme&page=10&start=360","Realme 9i 4GB-64GB Garansi resmi 1 tahun","2.299.000","","","","Kota Jakarta Timur"
"1777986536-229","https://www.blibli.com/cari/hp%20realme?category=AN-1000001&category=HA-1000003&sort=0&intent=false&firstLoad=false&brand=Realme&page=10&start=360","Realme C85 4G 6GB/128GB 8GB/128 8GB/256GB - 7000mAh - IP69 - 144Hz - Garansi Resmi","2.861.000","","","","Kab. Deli Serdang"
"1777986536-230","https://www.blibli.com/cari/hp%20realme?category=AN-1000001&category=HA-1000003&sort=0&intent=false&firstLoad=false&brand=Realme&page=10&start=360","REALME 14T 5G RAM 8GB/128GB | 8GB/256GB GARANSI RESMI","3.102.000","","","","Kab. Deli Serdang"
"1777986536-231","https://www.blibli.com/cari/hp%20realme?category=AN-1000001&category=HA-1000003&sort=0&intent=false&firstLoad=false&brand=Realme&page=10&start=360","Realme C85 Pro 8GB/128GB 8GB/256GB - 7000mAh - Garansi Resmi","3.436.000","","","","Kab. Deli Serdang"
"1777986536-232","https://www.blibli.com/cari/hp%20realme?category=AN-1000001&category=HA-1000003&sort=0&intent=false&firstLoad=false&brand=Realme&page=10&start=360","Realme 12 plus 5G 8GB-256GB Garansi resmi 1 tahun","3.999.000","","Terjual 18","","Kota Jakarta Timur"
"1777986536-233","https://www.blibli.com/cari/hp%20realme?category=AN-1000001&category=HA-1000003&sort=0&intent=false&firstLoad=false&brand=Realme&page=10&start=360","Realme 12 Pro plus 12GB/512GB Garansi resmi realme Indonesia 1 tahun","5.150.000","","Terjual 97","","Kota Jakarta Timur"
"1777986536-234","https://www.blibli.com/cari/hp%20realme?category=AN-1000001&category=HA-1000003&sort=0&intent=false&firstLoad=false&brand=Realme&page=10&start=360","Realme XT Smartphone [8GB/ 128GB]","4.399.000","","Terjual 1","","Kota Surabaya"
"1777986536-235","https://www.blibli.com/cari/hp%20realme?category=AN-1000001&category=HA-1000003&sort=0&intent=false&firstLoad=false&brand=Realme&page=10&start=360","Realme C33 [4GB-64GB] 5000mAh Battery 50MP Camera Garansi resmi","1.410.000","","Terjual 1","","Kota Jakarta Timur"
"1777986536-236","https://www.blibli.com/cari/hp%20realme?category=AN-1000001&category=HA-1000003&sort=0&intent=false&firstLoad=false&brand=Realme&page=10&start=360","Realme C67 NFC 8GB-256GB Garansi resmi 1 tahun","2.399.000","","Terjual 18","","Kota Jakarta Timur"
"1777986536-237","https://www.blibli.com/cari/hp%20realme?category=AN-1000001&category=HA-1000003&sort=0&intent=false&firstLoad=false&brand=Realme&page=10&start=360","Realme C21Y [4GB-64GB] 6.5"" Display 5000mAh Battery","1.399.000","","Terjual 4","","Kota Jakarta Timur"
"1777986536-238","https://www.blibli.com/cari/hp%20realme?category=AN-1000001&category=HA-1000003&sort=0&intent=false&firstLoad=false&brand=Realme&page=10&start=360","Realme C21 [3/32 GB] Smartphone Garansi Resmi Realme","1.649.000","","Terjual 5","","Kota Jakarta Selatan"
"1777986536-239","https://www.blibli.com/cari/hp%20realme?category=AN-1000001&category=HA-1000003&sort=0&intent=false&firstLoad=false&brand=Realme&page=10&start=360","Realme C35 [4GB-128GB] 5000mAh Battery 50MP AI Triple Camera","2.499.000","5","Terjual 4","","Kota Jakarta Timur"
"1777986536-240","https://www.blibli.com/cari/hp%20realme?category=AN-1000001&category=HA-1000003&sort=0&intent=false&firstLoad=false&brand=Realme&page=10&start=360","Realme 3 Smartphone [64 GB/ 4 GB]","2.264.970","","Terjual 1","","Kota Depok"
"1777986536-241","https://www.blibli.com/cari/hp%20realme?category=AN-1000001&category=HA-1000003&sort=0&intent=false&firstLoad=false&brand=Realme&page=10&start=360","Realme 7 Smartphone [8GB/ 128GB]","3.699.000","","","","Kota Malang"
"1777986536-242","https://www.blibli.com/cari/hp%20realme?category=AN-1000001&category=HA-1000003&sort=0&intent=false&firstLoad=false&brand=Realme&page=10&start=360","Realme 6 Smartphone Android [8/ 128 GB]","3.799.000","","Terjual 3","","Kota Medan"
"1777986536-243","https://www.blibli.com/cari/hp%20realme?category=AN-1000001&category=HA-1000003&sort=0&intent=false&firstLoad=false&brand=Realme&page=10&start=360","Realme 5 Smartphone [128 GB/ 4 GB]","2.699.000","","Terjual 4","","Kota Jakarta Pusat"
"1777986536-244","https://www.blibli.com/cari/hp%20realme?category=AN-1000001&category=HA-1000003&sort=0&intent=false&firstLoad=false&brand=Realme&page=10&start=360","REALME C11 Smartphone 2/32","1.349.000","","Terjual 2","","Kota Surabaya"
"1777986536-245","https://www.blibli.com/cari/hp%20realme?category=AN-1000001&category=HA-1000003&sort=0&intent=false&firstLoad=false&brand=Realme&page=10&start=360","REALME C11 2021 2/32 GB SMARTPHONE GARANSI RESMI REALME","1.260.000","","Terjual 56","","Kota Bogor"
"1777986536-246","https://www.blibli.com/cari/hp%20realme?category=AN-1000001&category=HA-1000003&sort=0&intent=false&firstLoad=false&brand=Realme&page=10&start=360","REALME C25Y 4/64 GB SMARTPHONE GARANSI RESMI REALME","1.799.000","","Terjual 71","","Kota Bogor"
"1777986536-247","https://www.blibli.com/cari/hp%20realme?category=AN-1000001&category=HA-1000003&sort=0&intent=false&firstLoad=false&brand=Realme&page=10&start=360","Realme C21Y Smartphone","1.599.000","","","","Kota Surabaya"
"1777986536-248","https://www.blibli.com/cari/hp%20realme?category=AN-1000001&category=HA-1000003&sort=0&intent=false&firstLoad=false&brand=Realme&page=10&start=360","Realme C30 Handphone Smartphone 4/64GB","1.535.000","","","Kota Surabaya","UFO Elektronika dan Furniture Flagship Store"
"1777986536-249","https://www.blibli.com/cari/hp%20realme?category=AN-1000001&category=HA-1000003&sort=0&intent=false&firstLoad=false&brand=Realme&page=10&start=360","Realme 9","3.000.000","","","","Kota Medan"
"1777986536-250","https://www.blibli.com/cari/hp%20realme?category=AN-1000001&category=HA-1000003&sort=0&intent=false&firstLoad=false&brand=Realme&page=10&start=360","Realme C11 Smartphone [2+32GB]","1.400.000","","Terjual 2","","Kota Medan"
"1777986536-251","https://www.blibli.com/cari/hp%20realme?category=AN-1000001&category=HA-1000003&sort=0&intent=false&firstLoad=false&brand=Realme&page=10&start=360","Realme C11 Smartphone [2+32GB]","1.599.000","","Terjual 23","","Kota Surabaya"
"1777986536-252","https://www.blibli.com/cari/hp%20realme?category=AN-1000001&category=HA-1000003&sort=0&intent=false&firstLoad=false&brand=Realme&page=10&start=360","REALME C11 SMARTPHONE RAM 4/64","1.699.000","","","","Kota Surabaya"
"1777986536-253","https://www.blibli.com/cari/hp%20realme?category=AN-1000001&category=HA-1000003&sort=0&intent=false&firstLoad=false&brand=Realme&page=10&start=360","REALME 10 PRO+ SMARTPHONE 12+256GB","6.930.000","","","","Kota Medan"
"1777986536-254","https://www.blibli.com/cari/hp%20realme?category=AN-1000001&category=HA-1000003&sort=0&intent=false&firstLoad=false&brand=Realme&page=10&start=360","Realme C11 Smartphone [32GB/ 2GB]","1.499.000","5","Terjual 31","","Kota Surabaya"
"1777986536-255","https://www.blibli.com/cari/hp%20realme?category=AN-1000001&category=HA-1000003&sort=0&intent=false&firstLoad=false&brand=Realme&page=10&start=360","Realme C11 Smartphone [32GB/ 2GB]","1.599.000","","","","Kota Surabaya"
"1777986536-256","https://www.blibli.com/cari/hp%20realme?category=AN-1000001&category=HA-1000003&sort=0&intent=false&firstLoad=false&brand=Realme&page=10&start=360","Realme C11 Smartphone [32GB/ 2GB]","1.600.000","","Terjual 7","","Kota Tangerang"
"1777986536-257","https://www.blibli.com/cari/hp%20realme?category=AN-1000001&category=HA-1000003&sort=0&intent=false&firstLoad=false&brand=Realme&page=10&start=360","REALME C30 HANDPHONE RAM 4/64GB","1.658.000","","","","Kota Surabaya"
"1777986536-258","https://www.blibli.com/cari/hp%20realme?category=AN-1000001&category=HA-1000003&sort=0&intent=false&firstLoad=false&brand=Realme&page=10&start=360","Realme 2 Pro Smartphone [64 GB/ 4 GB]","2.099.000","4,7","Terjual 7","","Kota Jakarta Pusat"
"1777986536-259","https://www.blibli.com/cari/hp%20realme?category=AN-1000001&category=HA-1000003&sort=0&intent=false&firstLoad=false&brand=Realme&page=10&start=360","Realme C21 Smartphone [4GB-64GB]","2.099.000","","Terjual 7","","Kab. Tulungagung"
"1777986536-260","https://www.blibli.com/cari/hp%20realme?category=AN-1000001&category=HA-1000003&sort=0&intent=false&firstLoad=false&brand=Realme&page=10&start=360","Realme C25 Smartphone [4GB-128GB]","2.299.000","5","Terjual 52","","Kota Jakarta Pusat"
"1777986536-261","https://www.blibli.com/cari/hp%20realme?category=AN-1000001&category=HA-1000003&sort=0&intent=false&firstLoad=false&brand=Realme&page=10&start=360","Realme 3 Pro Smartphone [128GB/ 6GB]","2.999.000","","Terjual 9","","Kota Jakarta Pusat"
"1777986536-262","https://www.blibli.com/cari/hp%20realme?category=AN-1000001&category=HA-1000003&sort=0&intent=false&firstLoad=false&brand=Realme&page=10&start=360","Realme 5 Pro Smartphone [4 GB/ 128 GB]","2.999.000","5","Terjual 1","","Kota Makassar"
"1777986536-263","https://www.blibli.com/cari/hp%20realme?category=AN-1000001&category=HA-1000003&sort=0&intent=false&firstLoad=false&brand=Realme&page=10&start=360","Realme 2 Pro Smartphone [64 GB/ 6 GB]","3.399.000","","","","Kota Jakarta Pusat"
"1777986536-264","https://www.blibli.com/cari/hp%20realme?category=AN-1000001&category=HA-1000003&sort=0&intent=false&firstLoad=false&brand=Realme&page=10&start=360","Realme C11 Smartphone [2+32GB]","1.499.000","5","Terjual 3","","Kota Surabaya"
"1777986536-265","https://www.blibli.com/cari/hp%20realme?category=AN-1000001&category=HA-1000003&sort=0&intent=false&firstLoad=false&brand=Realme&page=10&start=360","Realme C11 Smartphone [2+32GB]","1.499.000","","","","Kota Jakarta Utara"
"1777986536-266","https://www.blibli.com/cari/hp%20realme?category=AN-1000001&category=HA-1000003&sort=0&intent=false&firstLoad=false&brand=Realme&page=10&start=360","Realme C11 Smartphone [2+32GB]","1.503.060","","Terjual 1","","Kab. Cilacap"
"1777986536-267","https://www.blibli.com/cari/hp%20realme?category=AN-1000001&category=HA-1000003&sort=0&intent=false&firstLoad=false&brand=Realme&page=10&start=360","Realme C30s 4/64","1.599.000","","","","Kab. Jombang"
"1777986536-268","https://www.blibli.com/cari/hp%20realme?category=AN-1000001&category=HA-1000003&sort=0&intent=false&firstLoad=false&brand=Realme&page=10&start=360","IKA C55 6/128","2.499.000","","","","Kab. Jombang"
"1777986536-269","https://www.blibli.com/cari/hp%20realme?category=AN-1000001&category=HA-1000003&sort=0&intent=false&firstLoad=false&brand=Realme&page=10&start=360","Realme C2 Smartphone [32 GB/2 GB]","1.599.000","","Terjual 4","","Kota Surabaya"
"1777986536-270","https://www.blibli.com/cari/hp%20realme?category=AN-1000001&category=HA-1000003&sort=0&intent=false&firstLoad=false&brand=Realme&page=10&start=360","Realme C11 Smartphone [2 GB/32 GB]","1.600.000","","Terjual 31","","Kab. Bekasi"
"1777986536-271","https://www.blibli.com/cari/hp%20realme?category=AN-1000001&category=HA-1000003&sort=0&intent=false&firstLoad=false&brand=Realme&page=10&start=360","Realme C2 Smartphone [32GB/ 3GB]","1.799.000","","Terjual 6","","Kota Surabaya"
"1777986536-272","https://www.blibli.com/cari/hp%20realme?category=AN-1000001&category=HA-1000003&sort=0&intent=false&firstLoad=false&brand=Realme&page=10&start=360","Realme C25 Smartphone [4GB-128GB]","2.499.000","","","","Kota Surabaya"
"1777986536-273","https://www.blibli.com/cari/hp%20realme?category=AN-1000001&category=HA-1000003&sort=0&intent=false&firstLoad=false&brand=Realme&page=10&start=360","Realme 2 Pro Smartphone [64 GB/ 6 GB]","3.000.000","","","","Kota Surabaya"
"1777986536-274","https://www.blibli.com/cari/hp%20realme?category=AN-1000001&category=HA-1000003&sort=0&intent=false&firstLoad=false&brand=Realme&page=10&start=360","Realme 7i Smartphone [8GB/ 128GB]","3.199.000","","Terjual 4","","Kab. Sidoarjo"
"1777986536-275","https://www.blibli.com/cari/hp%20realme?category=AN-1000001&category=HA-1000003&sort=0&intent=false&firstLoad=false&brand=Realme&page=10&start=360","Realme 6 Pro Smartphone [8GB/ 128GB]","4.800.000","","","","Kota Jakarta Timur"
"1777986536-276","https://www.blibli.com/cari/hp%20realme?category=AN-1000001&category=HA-1000003&sort=0&intent=false&firstLoad=false&brand=Realme&page=10&start=360","Realme C21 Smartphone [3GB-32GB]","1.699.000","5","Terjual 1","","Kota Tangerang Selatan"
"1777986536-277","https://www.blibli.com/cari/hp%20realme?category=AN-1000001&category=HA-1000003&sort=0&intent=false&firstLoad=false&brand=Realme&page=10&start=360","Realme C12 Smartphone [3GB- 32GB]","1.899.000","5","Terjual 26","","Kota Surabaya"
"1777986536-278","https://www.blibli.com/cari/hp%20realme?category=AN-1000001&category=HA-1000003&sort=0&intent=false&firstLoad=false&brand=Realme&page=10&start=360","Realme C25 Smartphone [4GB-64GB]","2.299.000","","","","Kota Surabaya"
"1777986536-279","https://www.blibli.com/cari/hp%20realme?category=AN-1000001&category=HA-1000003&sort=0&intent=false&firstLoad=false&brand=Realme&page=10&start=360","REALME 9i SMARTPHONE RAM 4/64 GB","2.585.000","","","","Kota Surabaya"
"1777986536-280","https://www.blibli.com/cari/hp%20realme?category=AN-1000001&category=HA-1000003&sort=0&intent=false&firstLoad=false&brand=Realme&page=10&start=360","Realme 7i Smartphone [8GB/ 128GB]","3.199.000","","Terjual 9","","Kota Surabaya"
"1777986536-281","https://www.blibli.com/cari/hp%20realme?category=AN-1000001&category=HA-1000003&sort=0&intent=false&firstLoad=false&brand=Realme&page=10&start=360","Realme 7i Smartphone [8GB/ 128GB]","3.199.000","","","","Kab. Sidoarjo"
"1777986536-282","https://www.blibli.com/cari/hp%20realme?category=AN-1000001&category=HA-1000003&sort=0&intent=false&firstLoad=false&brand=Realme&page=10&start=360","REALME R9 SMARTPHONE RAM 8/128 GB","3.288.000","","","","Kota Surabaya"
"1777986536-283","https://www.blibli.com/cari/hp%20realme?category=AN-1000001&category=HA-1000003&sort=0&intent=false&firstLoad=false&brand=Realme&page=10&start=360","Realme C3 Smartphone [3GB / 32GB]","1.899.000","","","","Kota Surabaya"
"1777986536-284","https://www.blibli.com/cari/hp%20realme?category=AN-1000001&category=HA-1000003&sort=0&intent=false&firstLoad=false&brand=Realme&page=10&start=360","Realme C35 Handphone 4GB/64GB","2.245.000","","","","Kota Surabaya"
"1777986536-285","https://www.blibli.com/cari/hp%20realme?category=AN-1000001&category=HA-1000003&sort=0&intent=false&firstLoad=false&brand=Realme&page=10&start=360","Realme C51 Smartphone Android Original Garansi Resmi","1.399.000","","","","Kab. Bangkalan"
"1777986536-286","https://www.blibli.com/cari/hp%20realme?category=AN-1000001&category=HA-1000003&sort=0&intent=false&firstLoad=false&brand=Realme&page=10&start=360","Realme C11 Smartphone [32GB/ 2GB]","1.583.010","","Terjual 5","Kota Medan","SINERGY SELLULAR Flagship Store"
"1777986536-287","https://www.blibli.com/cari/hp%20realme?category=AN-1000001&category=HA-1000003&sort=0&intent=false&firstLoad=false&brand=Realme&page=10&start=360","Realme C11 Smartphone [2 GB/32 GB]","1.599.000","","Terjual 32","","Kota Jakarta Pusat"
"1777986536-288","https://www.blibli.com/cari/hp%20realme?category=AN-1000001&category=HA-1000003&sort=0&intent=false&firstLoad=false&brand=Realme&page=10&start=360","Realme C11 Smartphone [2 GB/32 GB]","1.599.000","","Terjual 9","","Kota Jakarta Barat"
"1777986536-289","https://www.blibli.com/cari/hp%20realme?category=AN-1000001&category=HA-1000003&sort=0&intent=false&firstLoad=false&brand=Realme&page=10&start=360","Realme C25 Smartphone [4GB-64GB]","2.099.000","","","","Kab. Sidoarjo"
"1777986536-290","https://www.blibli.com/cari/hp%20realme?category=AN-1000001&category=HA-1000003&sort=0&intent=false&firstLoad=false&brand=Realme&page=10&start=360","Realme C25 Smartphone [4GB-64GB]","2.299.000","5","Terjual 1","","Kota Tangerang Selatan"
"1777986536-291","https://www.blibli.com/cari/hp%20realme?category=AN-1000001&category=HA-1000003&sort=0&intent=false&firstLoad=false&brand=Realme&page=10&start=360","Realme C17 Smartphone [6GB/256GB]","2.799.000","","Terjual 22","","Kota Surabaya"
"1777986536-292","https://www.blibli.com/cari/hp%20realme?category=AN-1000001&category=HA-1000003&sort=0&intent=false&firstLoad=false&brand=Realme&page=10&start=360","Realme C15 Smartphone [ 4GB-64GB ]","2.199.000","","Terjual 7","","Kota Jakarta Pusat"
"1777986536-293","https://www.blibli.com/cari/hp%20realme?category=AN-1000001&category=HA-1000003&sort=0&intent=false&firstLoad=false&brand=Realme&page=10&start=360","Realme C3 Smartphone [3GB / 32GB]","1.899.000","","Terjual 10","","Kota Jakarta Pusat"
"1777986536-294","https://www.blibli.com/cari/hp%20realme?category=AN-1000001&category=HA-1000003&sort=0&intent=false&firstLoad=false&brand=Realme&page=10&start=360","Realme C3 Smartphone [3GB / 32GB]","1.900.000","5","Terjual 7","Kota Medan","SINERGY SELLULAR Flagship Store"
"1777986536-295","https://www.blibli.com/cari/hp%20realme?category=AN-1000001&category=HA-1000003&sort=0&intent=false&firstLoad=false&brand=Realme&page=10&start=360","Realme C3 Smartphone [3GB / 32GB]","1.899.000","","","","Kota Binjai"
"1777986536-296","https://www.blibli.com/cari/hp%20realme?category=AN-1000001&category=HA-1000003&sort=0&intent=false&firstLoad=false&brand=Realme&page=10&start=360","REALME C25S HANDPHONE RAM 4/128","1.949.000","","","","Kota Surabaya"
"1777986536-297","https://www.blibli.com/cari/hp%20realme?category=AN-1000001&category=HA-1000003&sort=0&intent=false&firstLoad=false&brand=Realme&page=10&start=360","REALME C85 6/128 8/128 & 8/256 NEW GARANSI RESMI","2.599.000","5","Terjual 3","Kota Medan","TOKE HP Flagship Store"
"1777986536-298","https://www.blibli.com/cari/hp%20realme?category=AN-1000001&category=HA-1000003&sort=0&intent=false&firstLoad=false&brand=Realme&page=10&start=360","REALME C85 PRO 8/128 & 8/256 NEW GARANSI RESMI","3.349.000","","","Kota Medan","TOKE HP Flagship Store"
"1777986536-299","https://www.blibli.com/cari/hp%20realme?category=AN-1000001&category=HA-1000003&sort=0&intent=false&firstLoad=false&brand=Realme&page=10&start=360","Realme 6 Pro Smartphone [Original/128GB/8GB ]","4.599.000","","","","Kota Tangerang Selatan"
"1777986536-300","https://www.blibli.com/cari/hp%20realme?category=AN-1000001&category=HA-1000003&sort=0&intent=false&firstLoad=false&brand=Realme&page=10&start=360","Realme C11 Smartphone [2GB/32GB/ Garansi Resmi]","1.599.000","","Terjual 3","","Kota Bandung"
"1777986536-301","https://www.blibli.com/cari/hp%20realme?category=AN-1000001&category=HA-1000003&sort=0&intent=false&firstLoad=false&brand=Realme&page=10&start=360","REALME R9 PRO+ HANDPHONE RAM 8/256 5G","5.305.000","","","","Kota Surabaya"
"1777986536-302","https://www.blibli.com/cari/hp%20realme?category=AN-1000001&category=HA-1000003&sort=0&intent=false&firstLoad=false&brand=Realme&page=10&start=360","Realme C11 Smartphone [ 3 + 32 Gb / Garansi Resmi Realme ]","1.849.000","","","","Kab. Bekasi"
"1777986536-303","https://www.blibli.com/cari/hp%20realme?category=AN-1000001&category=HA-1000003&sort=0&intent=false&firstLoad=false&brand=Realme&page=10&start=360","Realme C55 Smartphone ( 6GB + 128GB ) Garansi Resmi","2.398.080","5","Terjual 1","Kota Jakarta Pusat","Victorindo Flagship Store"
"1777986536-304","https://www.blibli.com/cari/hp%20realme?category=AN-1000001&category=HA-1000003&sort=0&intent=false&firstLoad=false&brand=Realme&page=10&start=360","Realme C12 Smartphone [ 3GB / 32 GB ] - Garansi Resmi","1.899.000","","","","Kota Bandung"
"1777986536-305","https://www.blibli.com/cari/hp%20realme?category=AN-1000001&category=HA-1000003&sort=0&intent=false&firstLoad=false&brand=Realme&page=10&start=360","Realme C12 Smartphone [ 3GB / 32 GB ] - Garansi Resmi","1.899.000","","","","Kota Bekasi"
"1777986536-306","https://www.blibli.com/cari/hp%20realme?category=AN-1000001&category=HA-1000003&sort=0&intent=false&firstLoad=false&brand=Realme&page=10&start=360","REALME C85 8/256 - 8/128 GB SMARTPHONE GARANSI RESMI REALME INDONESIA C85 6/128 GB - REALME C85","2.533.050","","Terjual 1","Kota Tangerang","STR Flagship Store"
"1777986536-307","https://www.blibli.com/cari/hp%20realme?category=AN-1000001&category=HA-1000003&sort=0&intent=false&firstLoad=false&brand=Realme&page=10&start=360","Realme C12 Smartphone [ 3GB / 32GB ] - Garansi Resmi","1.862.000","5","Terjual 3","Kota Medan","SINERGY SELLULAR Flagship Store"
"1777986536-308","https://www.blibli.com/cari/hp%20realme?category=AN-1000001&category=HA-1000003&sort=0&intent=false&firstLoad=false&brand=Realme&page=10&start=360","Realme C25Y Smartphone ( Ram 4GB / Rom 64GB ) Garansi Resmi","1.816.992","","","Kota Jakarta Pusat","Victorindo Flagship Store"
"1777986536-309","https://www.blibli.com/cari/hp%20realme?category=AN-1000001&category=HA-1000003&sort=0&intent=false&firstLoad=false&brand=Realme&page=10&start=360","Realme 7 Pro 8/128GB  Smartphone","4.599.000","","","","Kota Tangerang Selatan"
"1777986536-310","https://www.blibli.com/cari/hp%20realme?category=AN-1000001&category=HA-1000003&sort=0&intent=false&firstLoad=false&brand=Realme&page=10&start=360","Realme C31 3/32GB smartphone","1.600.000","","Terjual 1","","Kota Medan"
"1777986536-311","https://www.blibli.com/cari/hp%20realme?category=AN-1000001&category=HA-1000003&sort=0&intent=false&firstLoad=false&brand=Realme&page=10&start=360","Realme X3 Superzoom 12-256 Smartphone","6.599.000","","","","Kota Tangerang Selatan"
"1777986536-312","https://www.blibli.com/cari/hp%20realme?category=AN-1000001&category=HA-1000003&sort=0&intent=false&firstLoad=false&brand=Realme&page=10&start=360","realme c35 4/128 Android Smartphone","2.499.000","","","","Kab. Sidoarjo"
"1777986536-313","https://www.blibli.com/cari/hp%20realme?category=AN-1000001&category=HA-1000003&sort=0&intent=false&firstLoad=false&brand=Realme&page=10&start=360","REALME C55 8/256 SMARTPHONE NEW GARANSI RESMI","2.999.000","","","","Kota Jakarta Pusat"
"1777986536-314","https://www.blibli.com/cari/hp%20realme?category=AN-1000001&category=HA-1000003&sort=0&intent=false&firstLoad=false&brand=Realme&page=10&start=360","Realme C33 4/64GB Smartphone Garansi Resmi","1.799.000","","Terjual 2","","Kota Cimahi"
"1777986536-315","https://www.blibli.com/cari/hp%20realme?category=AN-1000001&category=HA-1000003&sort=0&intent=false&firstLoad=false&brand=Realme&page=10&start=360","Realme X3 SuperZoom Smartphone [256 GB/12 GB]","7.300.000","","Terjual 49","","Kota Surabaya"
"1777986536-316","https://www.blibli.com/cari/hp%20realme?category=AN-1000001&category=HA-1000003&sort=0&intent=false&firstLoad=false&brand=Realme&page=10&start=360","REALME 11 PRO PLUS RAM 12/512GB R11 SMARTPHONE GARANSI RESMI","6.948.000","","","Kota Surabaya","UFO Elektronika dan Furniture Flagship Store"
"1777986536-317","https://www.blibli.com/cari/hp%20realme?category=AN-1000001&category=HA-1000003&sort=0&intent=false&firstLoad=false&brand=Realme&page=10&start=360","Realme C55 [ 6GB / 128GB ] Smartphone - Garansi Resmi","2.398.080","","","Kota Jakarta Pusat","Channel B Flagship Store"
"1777986536-318","https://www.blibli.com/cari/hp%20realme?category=AN-1000001&category=HA-1000003&sort=0&intent=false&firstLoad=false&brand=Realme&page=10&start=360","REALME 11 NFC RAM 8GB DAN ROM 256GB Smartphone GARANSI RESMI INDONESIA","2.624.000","","","Kota Jakarta Timur","07Phone Flagship Store"
"1777986536-319","https://www.blibli.com/cari/hp%20realme?category=AN-1000001&category=HA-1000003&sort=0&intent=false&firstLoad=false&brand=Realme&page=10&start=360","Realme C55 [ 8GB / 256GB ] Smartphone - Garansi Resmi","2.878.080","","","Kota Jakarta Pusat","Channel B Flagship Store"
"1777986536-320","https://www.blibli.com/cari/hp%20realme?category=AN-1000001&category=HA-1000003&sort=0&intent=false&firstLoad=false&brand=Realme&page=10&start=360","REALME C85 8/256","2.999.000","","","","Kota Surabaya & kota lainnya"
"1777986536-321","https://www.blibli.com/cari/hp%20realme?category=AN-1000001&category=HA-1000003&sort=0&intent=false&firstLoad=false&brand=Realme&page=10&start=360","Realme C71 8/128 GB Garansi Resmi","2.348.000","","Terjual 1","Kota Jakarta Pusat","Gudang-hp.com Flagship Store"
"1777986536-322","https://www.blibli.com/cari/hp%20realme?category=AN-1000001&category=HA-1000003&sort=0&intent=false&firstLoad=false&brand=Realme&page=10&start=360","Realme C85 8/256 GB Garansi Resmi","3.332.000","","","Kota Jakarta Pusat","Gudang-hp.com Flagship Store"
"1777986536-323","https://www.blibli.com/cari/hp%20realme?category=AN-1000001&category=HA-1000003&sort=0&intent=false&firstLoad=false&brand=Realme&page=10&start=360","Realme 16 Pro 5G 12/256 GB Garansi Resmi","6.674.000","","","Kota Jakarta Pusat","Gudang-hp.com Flagship Store"
"1777986536-324","https://www.blibli.com/cari/hp%20realme?category=AN-1000001&category=HA-1000003&sort=0&intent=false&firstLoad=false&brand=Realme&page=10&start=360","Realme 16 Pro+ 5G 12/512 GB Garansi Resmi","8.569.000","","","Kota Jakarta Pusat","Gudang-hp.com Flagship Store"
"1777986536-325","https://www.blibli.com/cari/hp%20realme?category=AN-1000001&category=HA-1000003&sort=0&intent=false&firstLoad=false&brand=Realme&page=10&start=360","Realme GT Master","4.999.000","","","","Kab. Karawang"
"1777986536-326","https://www.blibli.com/cari/hp%20realme?category=AN-1000001&category=HA-1000003&sort=0&intent=false&firstLoad=false&brand=Realme&page=10&start=360","REALME 9 PRO+ / REALME 9 PRO PLUS 8/256GB GARANSI RESMI","5.499.000","","Terjual 9","","Kota Jakarta Pusat"
"1777986536-327","https://www.blibli.com/cari/hp%20realme?category=AN-1000001&category=HA-1000003&sort=0&intent=false&firstLoad=false&brand=Realme&page=10&start=360","TECNO SPARK Go 3 4/64 GB - Garansi Resmi","1.446.900","","","Kota Jakarta Timur","Royal Makmur Flagship Store"
"1777986536-328","https://www.blibli.com/cari/hp%20realme?category=AN-1000001&category=HA-1000003&sort=0&intent=false&firstLoad=false&brand=Realme&page=10&start=360","REALME C85 PRO 8/128GB | 8/256GB GARANSI RESMI REALME","3.299.000","","","","Kota Jakarta Utara"
"1777986536-329","https://www.blibli.com/cari/hp%20realme?category=AN-1000001&category=HA-1000003&sort=0&intent=false&firstLoad=false&brand=Realme&page=10&start=360","Realme 7i 8/128 GB Garansi Resmi Realme","3.199.000","","","","Kota Jakarta Selatan"
"1777986536-330","https://www.blibli.com/cari/hp%20realme?category=AN-1000001&category=HA-1000003&sort=0&intent=false&firstLoad=false&brand=Realme&page=10&start=360","Realme 16 5G 8GB+256GB BNIB Garansi Resmi Indonesia","5.307.365","","","","Kota Bandung"
"1777986536-331","https://www.blibli.com/cari/hp%20realme?category=AN-1000001&category=HA-1000003&sort=0&intent=false&firstLoad=false&brand=Realme&page=10&start=360","Realme 16 5G 8/256 GB I 12/256 GB Garansi Resmi","5.248.000","","","Kota Jakarta Pusat","Gudang-hp.com Flagship Store"
"1777986536-332","https://www.blibli.com/cari/hp%20realme?category=AN-1000001&category=HA-1000003&sort=0&intent=false&firstLoad=false&brand=Realme&page=10&start=360","REALME C11","1.399.000","5","Terjual 7","","Kab. Karawang"
"1777986536-333","https://www.blibli.com/cari/hp%20realme?category=AN-1000001&category=HA-1000003&sort=0&intent=false&firstLoad=false&brand=Realme&page=10&start=360","Realme C85 6/128 GB Garansi Resmi","2.743.000","","","Kota Jakarta Pusat","Gudang-hp.com Flagship Store"
"1777986536-334","https://www.blibli.com/cari/hp%20realme?category=AN-1000001&category=HA-1000003&sort=0&intent=false&firstLoad=false&brand=Realme&page=10&start=360","Realme C85 8/128 GB Garansi Resmi","2.943.000","","","Kota Jakarta Pusat","Gudang-hp.com Flagship Store"
"1777986536-335","https://www.blibli.com/cari/hp%20realme?category=AN-1000001&category=HA-1000003&sort=0&intent=false&firstLoad=false&brand=Realme&page=10&start=360","REALME C11 RAM 4/64","1.700.000","","Terjual 26","","Kab. Bogor"
"1777986536-336","https://www.blibli.com/cari/hp%20realme?category=AN-1000001&category=HA-1000003&sort=0&intent=false&firstLoad=false&brand=Realme&page=10&start=360","Realme 15T 5G 8GB+256GB Blue BNIB Garansi Resmi Indonesia","3.999.000","","","","Kota Bandung"
"1777986536-337","https://www.blibli.com/cari/hp%20realme?category=AN-1000001&category=HA-1000003&sort=0&intent=false&firstLoad=false&brand=Realme&page=10&start=360","Realme Note 80 4/64 GB I 4/128 GB Garansi Resmi","1.846.000","","","Kota Jakarta Pusat","Gudang-hp.com Flagship Store"
"1777986536-338","https://www.blibli.com/cari/hp%20realme?category=AN-1000001&category=HA-1000003&sort=0&intent=false&firstLoad=false&brand=Realme&page=10&start=360","REALME C11 2021 RAM 4/64","1.699.000","","","","Kota Jakarta Barat"
"1777986536-339","https://www.blibli.com/cari/hp%20realme?category=AN-1000001&category=HA-1000003&sort=0&intent=false&firstLoad=false&brand=Realme&page=10&start=360","Realme C85 Pro 8/128 GB Garansi Resmi","3.522.000","","","Kota Jakarta Pusat","Gudang-hp.com Flagship Store"
"1777986536-340","https://www.blibli.com/cari/hp%20realme?category=AN-1000001&category=HA-1000003&sort=0&intent=false&firstLoad=false&brand=Realme&page=10&start=360","REALME C71 4/128GB | 6/128GB | 8/128GB GARANSI RESMI REALME INDONESIA","1.749.000","","","","Kota Jakarta Utara"
"1777986536-341","https://www.blibli.com/cari/hp%20realme?category=AN-1000001&category=HA-1000003&sort=0&intent=false&firstLoad=false&brand=Realme&page=10&start=360","REALME 14T 5G 8/128GB | 8/256GB GARANSI RESMI REALME INDONESIA","3.399.000","","","","Kota Jakarta Utara"
"1777986536-342","https://www.blibli.com/cari/hp%20realme?category=AN-1000001&category=HA-1000003&sort=0&intent=false&firstLoad=false&brand=Realme&page=10&start=360","HP REALME C31 3/32","1.699.000","","","","Kab. Banyuwangi"
"1777986536-343","https://www.blibli.com/cari/hp%20realme?category=AN-1000001&category=HA-1000003&sort=0&intent=false&firstLoad=false&brand=Realme&page=10&start=360","HP REALME NOTE50 4/64GB","1.335.000","","","","Kota Cirebon"
"1777986536-344","https://www.blibli.com/cari/hp%20realme?category=AN-1000001&category=HA-1000003&sort=0&intent=false&firstLoad=false&brand=Realme&page=10&start=360","HP REALME NOTE50 4/128GB","1.533.000","","","","Kota Cirebon"
"1777986536-345","https://www.blibli.com/cari/hp%20realme?category=AN-1000001&category=HA-1000003&sort=0&intent=false&firstLoad=false&brand=Realme&page=10&start=360","HP REALME C11 2/32 2021","1.315.000","","","","Kab. Banyuwangi"
"1777986536-346","https://www.blibli.com/cari/hp%20realme?category=AN-1000001&category=HA-1000003&sort=0&intent=false&firstLoad=false&brand=Realme&page=10&start=360","HP REALME NARZO 4/64","2.499.000","","","","Kab. Banyuwangi"
"1777986536-347","https://www.blibli.com/cari/hp%20realme?category=AN-1000001&category=HA-1000003&sort=0&intent=false&firstLoad=false&brand=Realme&page=10&start=360","HP REALME C35 4/128","2.399.000","","","","Kab. Banyuwangi"
"1777986536-348","https://www.blibli.com/cari/hp%20realme?category=AN-1000001&category=HA-1000003&sort=0&intent=false&firstLoad=false&brand=Realme&page=10&start=360","HP REALME C25 4/128","2.299.000","","","","Kab. Banyuwangi"
"1777986536-349","https://www.blibli.com/cari/hp%20realme?category=AN-1000001&category=HA-1000003&sort=0&intent=false&firstLoad=false&brand=Realme&page=10&start=360","HP REALME NARZO 50A 4/128","2.399.000","","","","Kab. Banyuwangi"
"1777986536-350","https://www.blibli.com/cari/hp%20realme?category=AN-1000001&category=HA-1000003&sort=0&intent=false&firstLoad=false&brand=Realme&page=10&start=360","Realme C35 4/128","2.499.000","","","","Kab. Cilacap & kota lainnya"
"1777986536-351","https://www.blibli.com/cari/hp%20realme?category=AN-1000001&category=HA-1000003&sort=0&intent=false&firstLoad=false&brand=Realme&page=10&start=360","Realme C11 Smartphone [2+32GB]","1.499.000","","","","Kab. Banyuwangi"
"1777986536-352","https://www.blibli.com/cari/hp%20realme?category=AN-1000001&category=HA-1000003&sort=0&intent=false&firstLoad=false&brand=Realme&page=10&start=360","Realme 8 Pro Smartphone rom 128GB ram 8GB Garansi Resmi realme 1 tahun","3.999.000","","","","Kota Bekasi"
"1777986536-353","https://www.blibli.com/cari/hp%20realme?category=AN-1000001&category=HA-1000003&sort=0&intent=false&firstLoad=false&brand=Realme&page=10&start=360","HP REALME C85 8/256GB","3.398.000","4","Terjual 4","Kab. Purworejo & kota lainnya","Telering Flagship Store"
"1777986536-354","https://www.blibli.com/cari/hp%20realme?category=AN-1000001&category=HA-1000003&sort=0&intent=false&firstLoad=false&brand=Realme&page=10&start=360","HP REALME C85 PRO 8/256GB","4.398.000","","Terjual 5","Kab. Purworejo & kota lainnya","Telering Flagship Store"
"1777986536-355","https://www.blibli.com/cari/hp%20realme?category=AN-1000001&category=HA-1000003&sort=0&intent=false&firstLoad=false&brand=Realme&page=10&start=360","HP REALME 14T 5G 8/128GB","3.398.000","5","Terjual 43","Kab. Kudus & kota lainnya","Telering Flagship Store"
"1777986536-356","https://www.blibli.com/cari/hp%20realme?category=AN-1000001&category=HA-1000003&sort=0&intent=false&firstLoad=false&brand=Realme&page=10&start=360","HP REALME 16 5G8/256GB","5.498.000","","Terjual 1","Kab. Purworejo & kota lainnya","Telering Flagship Store"
"1777986536-357","https://www.blibli.com/cari/hp%20realme?category=AN-1000001&category=HA-1000003&sort=0&intent=false&firstLoad=false&brand=Realme&page=10&start=360","HP REALME C85 PRO 8/128GB","3.998.000","5","Terjual 9","Kab. Purworejo & kota lainnya","Telering Flagship Store"
"1777986536-358","https://www.blibli.com/cari/hp%20realme?category=AN-1000001&category=HA-1000003&sort=0&intent=false&firstLoad=false&brand=Realme&page=10&start=360","HP REALME 16 5G 8/256GB","5.498.000","","Terjual 1","Kab. Purworejo & kota lainnya","Telering - Samsung Flagship Store"
"1777986536-359","https://www.blibli.com/cari/hp%20realme?category=AN-1000001&category=HA-1000003&sort=0&intent=false&firstLoad=false&brand=Realme&page=10&start=360","HP Realme 15 5G 8/256 PINK","4.998.000","","Terjual 5","Kab. Purworejo & kota lainnya","Telering Flagship Store"
"1777986536-360","https://www.blibli.com/cari/hp%20realme?category=AN-1000001&category=HA-1000003&sort=0&intent=false&firstLoad=false&brand=Realme&page=10&start=360","HP REALME 13PRO+ 5G 12/512GB","4.599.000","5","Terjual 3","Kab. Wonosobo & kota lainnya","Telering Flagship Store"
"1777986536-361","https://www.blibli.com/cari/hp%20realme?category=AN-1000001&category=HA-1000003&sort=0&intent=false&firstLoad=false&brand=Realme&page=10&start=360","HP REALME 15 5G 12/256GB SILK PINK","5.298.000","5","Terjual 4","Kab. Purworejo & kota lainnya","Telering Flagship Store"
"1777986536-362","https://www.blibli.com/cari/hp%20realme?category=AN-1000001&category=HA-1000003&sort=0&intent=false&firstLoad=false&brand=Realme&page=10&start=360","SMARTPHONE REALME 10 Garansi Resmi","3.399.000","","","","Kota Surabaya"
"1777986536-363","https://www.blibli.com/cari/hp%20realme?category=AN-1000001&category=HA-1000003&sort=0&intent=false&firstLoad=false&brand=Realme&page=10&start=360","SMARTPHONE REALME C55 Garansi Resmi","2.299.000","","","","Kota Surabaya"
"1777986536-364","https://www.blibli.com/cari/hp%20realme?category=AN-1000001&category=HA-1000003&sort=0&intent=false&firstLoad=false&brand=Realme&page=10&start=360","SMARTPHONE REALME C30s Garansi Resmi","1.599.000","","","","Kota Surabaya"
"1777986536-365","https://www.blibli.com/cari/hp%20realme?category=AN-1000001&category=HA-1000003&sort=0&intent=false&firstLoad=false&brand=Realme&page=10&start=360","REALME 13+ 5G 12/256GB ORIGINAL","4.880.000","","","","Kota Surabaya"
"1777986536-366","https://www.blibli.com/cari/hp%20realme?category=AN-1000001&category=HA-1000003&sort=0&intent=false&firstLoad=false&brand=Realme&page=10&start=360","REALME 13 PRO+ 12/512 ORIGINAL","7.426.000","","","","Kota Surabaya"
"1777986536-367","https://www.blibli.com/cari/hp%20realme?category=AN-1000001&category=HA-1000003&sort=0&intent=false&firstLoad=false&brand=Realme&page=10&start=360","Realme C21 Smartphone","1.700.000","5","Terjual 12","Kota Medan","SINERGY SELLULAR Flagship Store"
"1777986536-368","https://www.blibli.com/cari/hp%20realme?category=AN-1000001&category=HA-1000003&sort=0&intent=false&firstLoad=false&brand=Realme&page=10&start=360","Realme C1 Smartphone [16GB/ 2GB]","950.000","5","Terjual 45","Kota Batam","KHICI STOR Flagship Store"
"1777986536-369","https://www.blibli.com/cari/hp%20realme?category=AN-1000001&category=HA-1000003&sort=0&intent=false&firstLoad=false&brand=Realme&page=10&start=360","Realme C2 Smartphone [32 GB/3 GB]","1.800.000","5","Terjual 9","Kota Medan","SINERGY SELLULAR Flagship Store"
"1777986536-370","https://www.blibli.com/cari/hp%20realme?category=AN-1000001&category=HA-1000003&sort=0&intent=false&firstLoad=false&brand=Realme&page=10&start=360","Realme 7i Smartphone [8GB/ 128GB]","3.199.000","5","Terjual 9","Kota Medan","SINERGY SELLULAR Flagship Store"
"1777986536-371","https://www.blibli.com/cari/hp%20realme?category=AN-1000001&category=HA-1000003&sort=0&intent=false&firstLoad=false&brand=Realme&page=10&start=360","Realme U1 Smartphone [32GB/ 3GB]","2.489.000","5","Terjual 5","Kota Medan","SINERGY SELLULAR Flagship Store"
"1777986536-372","https://www.blibli.com/cari/hp%20realme?category=AN-1000001&category=HA-1000003&sort=0&intent=false&firstLoad=false&brand=Realme&page=10&start=360","Realme C25 Smartphone [4GB-64GB]","2.093.000","","Terjual 1","Kota Medan","SINERGY SELLULAR Flagship Store"
"1777986536-373","https://www.blibli.com/cari/hp%20realme?category=AN-1000001&category=HA-1000003&sort=0&intent=false&firstLoad=false&brand=Realme&page=10&start=360","Realme C21 Smartphone [3GB-32GB]","1.598.000","","Terjual 2","Kota Medan","SINERGY SELLULAR Flagship Store"
"1777986536-374","https://www.blibli.com/cari/hp%20realme?category=AN-1000001&category=HA-1000003&sort=0&intent=false&firstLoad=false&brand=Realme&page=10&start=360","Realme 5i Smartphone [3GB/32GB]","2.200.000","","Terjual 12","Kota Medan","SINERGY SELLULAR Flagship Store"
"1777986536-375","https://www.blibli.com/cari/hp%20realme?category=AN-1000001&category=HA-1000003&sort=0&intent=false&firstLoad=false&brand=Realme&page=10&start=360","Realme 5 Pro Smartphone [4 GB/ 128 GB]","3.100.000","","Terjual 12","Kota Medan","SINERGY SELLULAR Flagship Store"
"1777986536-376","https://www.blibli.com/cari/hp%20realme?category=AN-1000001&category=HA-1000003&sort=0&intent=false&firstLoad=false&brand=Realme&page=10&start=360","Realme C55 NFC 8GB/256GB Smartphone Garansi resmi realme 1 tahun","2.575.000","4","Terjual 167","","Kota Jakarta Timur"
"1777986536-377","https://www.blibli.com/cari/hp%20realme?category=AN-1000001&category=HA-1000003&sort=0&intent=false&firstLoad=false&brand=Realme&page=10&start=360","realme C65 HP 8*8+128GB Garansi Resmi","2.399.000","5","Terjual 1","","Kota Malang"
"1777986536-378","https://www.blibli.com/cari/hp%20realme?category=AN-1000001&category=HA-1000003&sort=0&intent=false&firstLoad=false&brand=Realme&page=10&start=360","Realme C55 NFC 6GB/128GB Smartphone Garansi resmi realme 1 tahun","2.115.000","5","Terjual 3","","Kota Jakarta Timur"
"1777986536-379","https://www.blibli.com/cari/hp%20realme?category=AN-1000001&category=HA-1000003&sort=0&intent=false&firstLoad=false&brand=Realme&page=10&start=360","Realme C11 Smartphone [2/32]","1.499.000","5","Terjual 75","","Kota Jakarta Pusat"
"1777986536-380","https://www.blibli.com/cari/hp%20realme?category=AN-1000001&category=HA-1000003&sort=0&intent=false&firstLoad=false&brand=Realme&page=10&start=360","Realme 5 Smartphone [32 GB/ 3 GB]","1.899.000","5","Terjual 53","","Kota Malang"
"1777986536-381","https://www.blibli.com/cari/hp%20realme?category=AN-1000001&category=HA-1000003&sort=0&intent=false&firstLoad=false&brand=Realme&page=10&start=360","Realme 11 NFC 8GB-256GB Garansi resmi 1 tahun","2.899.000","","Terjual 25","","Kota Jakarta Timur"
"1777986536-382","https://www.blibli.com/cari/hp%20realme?category=AN-1000001&category=HA-1000003&sort=0&intent=false&firstLoad=false&brand=Realme&page=10&start=360","Realme C21Y Smartphone","1.599.000","","","","Kota Malang"
"1777986536-383","https://www.blibli.com/cari/hp%20realme?category=AN-1000001&category=HA-1000003&sort=0&intent=false&firstLoad=false&brand=Realme&page=10&start=360","Realme 6 Smartphone [128GB/ 4GB]","3.499.000","","","","Kota Malang"
"1777986536-384","https://www.blibli.com/cari/hp%20realme?category=AN-1000001&category=HA-1000003&sort=0&intent=false&firstLoad=false&brand=Realme&page=10&start=360","Realme C21 Smartphone [3GB-32GB]","1.699.000","5","Terjual 32","","Kota Jakarta Pusat"
"1777986536-385","https://www.blibli.com/cari/hp%20realme?category=AN-1000001&category=HA-1000003&sort=0&intent=false&firstLoad=false&brand=Realme&page=10&start=360","Realme 5 Smartphone [64GB/ 3GB]","2.199.000","","Terjual 2","","Kota Malang"
"1777986536-386","https://www.blibli.com/cari/hp%20realme?category=AN-1000001&category=HA-1000003&sort=0&intent=false&firstLoad=false&brand=Realme&page=10&start=360","Realme XT Smartphone [8GB/ 128GB]","4.399.000","","","","Kota Malang"
"1777986536-387","https://www.blibli.com/cari/hp%20realme?category=AN-1000001&category=HA-1000003&sort=0&intent=false&firstLoad=false&brand=Realme&page=10&start=360","Realme 6 Smartphone [128GB/ 8GB]","3.899.000","","Terjual 2","","Kota Malang"
"1777986536-388","https://www.blibli.com/cari/hp%20realme?category=AN-1000001&category=HA-1000003&sort=0&intent=false&firstLoad=false&brand=Realme&page=10&start=360","Realme 7 8/128GB Smartphone - Garansi Resmi Realme","3.600.000","5","Terjual 2","","Kota Medan"
"1777986536-389","https://www.blibli.com/cari/hp%20realme?category=AN-1000001&category=HA-1000003&sort=0&intent=false&firstLoad=false&brand=Realme&page=10&start=360","Realme C12 Smartphone [3GB- 32GB]","1.899.000","","","","Kota Malang"
"1777986536-390","https://www.blibli.com/cari/hp%20realme?category=AN-1000001&category=HA-1000003&sort=0&intent=false&firstLoad=false&brand=Realme&page=10&start=360","Realme C2 Smartphone [32GB/ 3 GB]","1.599.000","","Terjual 1","","Kota Malang"
"1777986536-391","https://www.blibli.com/cari/hp%20realme?category=AN-1000001&category=HA-1000003&sort=0&intent=false&firstLoad=false&brand=Realme&page=10&start=360","Realme 7i Smartphone [8GB/ 128GB]","2.899.000","","Terjual 4","","Kota Medan"
"1777986536-392","https://www.blibli.com/cari/hp%20realme?category=AN-1000001&category=HA-1000003&sort=0&intent=false&firstLoad=false&brand=Realme&page=10&start=360","Realme C11 Smartphone [32GB/3GB]","1.749.000","","","","Kota Malang"
"1777986536-393","https://www.blibli.com/cari/hp%20realme?category=AN-1000001&category=HA-1000003&sort=0&intent=false&firstLoad=false&brand=Realme&page=10&start=360","Realme 7i Smartphone [8GB/ 128GB]","3.199.000","","","","Kota Malang"
"1777986536-394","https://www.blibli.com/cari/hp%20realme?category=AN-1000001&category=HA-1000003&sort=0&intent=false&firstLoad=false&brand=Realme&page=10&start=360","Realme 5 Pro Smartphone [8GB/ 128GB]","3.399.000","","Terjual 1","","Kota Malang"
"1777986536-395","https://www.blibli.com/cari/hp%20realme?category=AN-1000001&category=HA-1000003&sort=0&intent=false&firstLoad=false&brand=Realme&page=10&start=360","Realme 3 Pro Smartphone [128GB/ 6GB]","3.499.000","","Terjual 2","","Kota Malang"
"1777986536-396","https://www.blibli.com/cari/hp%20realme?category=AN-1000001&category=HA-1000003&sort=0&intent=false&firstLoad=false&brand=Realme&page=10&start=360","Realme C2 Smartphone [32 GB/2 GB]","1.599.000","","Terjual 1","","Kota Malang"
"1777986536-397","https://www.blibli.com/cari/hp%20realme?category=AN-1000001&category=HA-1000003&sort=0&intent=false&firstLoad=false&brand=Realme&page=10&start=360","Realme 5s Smartphone [128GB/ 4GB]","2.699.000","","","","Kota Malang"
"1777986536-398","https://www.blibli.com/cari/hp%20realme?category=AN-1000001&category=HA-1000003&sort=0&intent=false&firstLoad=false&brand=Realme&page=10&start=360","Realme C17 Smartphone [6GB/256GB]","2.699.000","","","","Kota Malang"
"1777986536-399","https://www.blibli.com/cari/hp%20realme?category=AN-1000001&category=HA-1000003&sort=0&intent=false&firstLoad=false&brand=Realme&page=10&start=360","Realme 5 Pro Smartphone [128 GB/ 4 GB]","3.099.000","","Terjual 3","","Kota Malang"
"1777986536-400","https://www.blibli.com/cari/hp%20realme?category=AN-1000001&category=HA-1000003&sort=0&intent=false&firstLoad=false&brand=Realme&page=10&start=360","Realme 6 Pro Smartphone [128GB/ 8GB]","4.599.000","","","","Kota Malang"
"1777986536-401","https://www.blibli.com/cari/hp%20realme?category=AN-1000001&category=HA-1000003&sort=0&intent=false&firstLoad=false&brand=Realme&page=10&start=360","Realme 5i Smartphone [4GB - 64GB]","2.199.000","","Terjual 1","","Kota Malang"
"1777986536-402","https://www.blibli.com/cari/hp%20realme?category=AN-1000001&category=HA-1000003&sort=0&intent=false&firstLoad=false&brand=Realme&page=10&start=360","Realme C3 Smartphone [3GB / 32GB]","1.899.000","","Terjual 2","","Kota Malang"
"1777986536-403","https://www.blibli.com/cari/hp%20realme?category=AN-1000001&category=HA-1000003&sort=0&intent=false&firstLoad=false&brand=Realme&page=10&start=360","realme X2 Pro Smartphone [256 GB/ 12 GB/ Official Store]","7.800.000","","Terjual 1","","Kota Pematang Siantar"
"1777986536-404","https://www.blibli.com/cari/hp%20realme?category=AN-1000001&category=HA-1000003&sort=0&intent=false&firstLoad=false&brand=Realme&page=10&start=360","realme narzo 20 4/64GB smartphone","2.069.000","","","","Kota Malang"
"1777986536-405","https://www.blibli.com/cari/hp%20realme?category=AN-1000001&category=HA-1000003&sort=0&intent=false&firstLoad=false&brand=Realme&page=10&start=360","realme 7 Pro 8/128GB smartphone","4.599.000","","","","Kota Malang"
"1777986536-406","https://www.blibli.com/cari/hp%20realme?category=AN-1000001&category=HA-1000003&sort=0&intent=false&firstLoad=false&brand=Realme&page=10&start=360","Realme X3 SuperZoom Smartphone [256 GB/12 GB]","6.599.000","","Terjual 1","","Kota Malang"
"1777986536-407","https://www.blibli.com/cari/hp%20realme?category=AN-1000001&category=HA-1000003&sort=0&intent=false&firstLoad=false&brand=Realme&page=10&start=360","Official Realme C30 2/32GB Smartphone Android","1.191.000","","","","Kota Malang"
"1777986536-408","https://www.blibli.com/cari/hp%20realme?category=AN-1000001&category=HA-1000003&sort=0&intent=false&firstLoad=false&brand=Realme&page=10&start=360","Official Realme C67 8/128 GB 8/256 GB Smartphone Android","2.550.000","","","","Kota Malang"
"1777986536-409","https://www.blibli.com/cari/hp%20realme?category=AN-1000001&category=HA-1000003&sort=0&intent=false&firstLoad=false&brand=Realme&page=10&start=360","Akan hadir","","","","","Kota Tangerang"
"1777986536-410","https://www.blibli.com/cari/hp%20realme?category=AN-1000001&category=HA-1000003&sort=0&intent=false&firstLoad=false&brand=Realme&page=10&start=360","Akan hadir","","","","","Kota Tangerang"
"1777986536-411","https://www.blibli.com/cari/hp%20realme?category=AN-1000001&category=HA-1000003&sort=0&intent=false&firstLoad=false&brand=Realme&page=10&start=360","Handphone Realme C67 NFC 8/128GB","2.399.000","","Terjual 2","Kota Surabaya","Sentraponsel"
"1777986536-412","https://www.blibli.com/cari/hp%20realme?category=AN-1000001&category=HA-1000003&sort=0&intent=false&firstLoad=false&brand=Realme&page=10&start=360","Realme handphone C63 NFC, Air Gesture","1.998.000","","","Kota Surabaya","UFO Elektronika dan Furniture Flagship Store"
"1777986536-413","https://www.blibli.com/cari/hp%20realme?category=AN-1000001&category=HA-1000003&sort=0&intent=false&firstLoad=false&brand=Realme&page=10&start=360","Realme C75 8/128GB Smartphone","2.399.000","","Terjual 9","Kota Surabaya","Apollo Gadget Flagship Store"
"1777986536-414","https://www.blibli.com/cari/hp%20realme?category=AN-1000001&category=HA-1000003&sort=0&intent=false&firstLoad=false&brand=Realme&page=10&start=360","HP REALME C75 8/128GB","2.399.000","5","Terjual 2","Kota Cirebon","Telering Flagship Store"
"1777986536-415","https://www.blibli.com/cari/hp%20realme?category=AN-1000001&category=HA-1000003&sort=0&intent=false&firstLoad=false&brand=Realme&page=10&start=360","HP REALME NOTE 60 4/64GB","1.199.000","5","Terjual 1","Kota Cirebon","Telering Flagship Store"
"1777986536-416","https://www.blibli.com/cari/hp%20realme?category=AN-1000001&category=HA-1000003&sort=0&intent=false&firstLoad=false&brand=Realme&page=10&start=360","HP REALME C75X 8/128GB","2.199.000","","","Kota Cirebon","Telering Flagship Store"
"1777986536-417","https://www.blibli.com/cari/hp%20realme?category=AN-1000001&category=HA-1000003&sort=0&intent=false&firstLoad=false&brand=Realme&page=10&start=360","Hp Realme 13 Ram 8GB Internal 256GB Garansi Resmi","3.199.000","","","Kota Pekanbaru","wwponsel_hangtuah Flagship Store"
"1777986536-418","https://www.blibli.com/cari/hp%20realme?category=AN-1000001&category=HA-1000003&sort=0&intent=false&firstLoad=false&brand=Realme&page=10&start=360","Hp Realme C61 Ram 8GB Internal 128GB Garansi Resmi","1.899.000","","","Kota Pekanbaru","wwponsel_hangtuah Flagship Store"
"1777986536-419","https://www.blibli.com/cari/hp%20realme?category=AN-1000001&category=HA-1000003&sort=0&intent=false&firstLoad=false&brand=Realme&page=10&start=360","Hp Realme C71 Ram 4GB Internal 128GB Garansi Resmi","1.999.000","","","Kota Pekanbaru","wwponsel_hangtuah Flagship Store"
"1777986536-420","https://www.blibli.com/cari/hp%20realme?category=AN-1000001&category=HA-1000003&sort=0&intent=false&firstLoad=false&brand=Realme&page=10&start=360","Hp Realme Note 60 Ram 4GB Internal 64GB Garansi Resmi","1.299.000","","Terjual 1","Kota Pekanbaru","wwponsel_hangtuah Flagship Store"
"1777986536-421","https://www.blibli.com/cari/hp%20realme?category=AN-1000001&category=HA-1000003&sort=0&intent=false&firstLoad=false&brand=Realme&page=10&start=360","Hp Realme 15T Ram 8GB Internal 256GB Garansi Resmi","4.099.000","","","Kota Pekanbaru","wwponsel_hangtuah Flagship Store"
"1777986536-422","https://www.blibli.com/cari/hp%20realme?category=AN-1000001&category=HA-1000003&sort=0&intent=false&firstLoad=false&brand=Realme&page=10&start=360","Hp Realme 15 5G Ram 12GB Internal 256GB Garansi Resmi","5.299.000","","Terjual 1","Kota Pekanbaru","wwponsel_hangtuah Flagship Store"
"1777986536-423","https://www.blibli.com/cari/hp%20realme?category=AN-1000001&category=HA-1000003&sort=0&intent=false&firstLoad=false&brand=Realme&page=10&start=360","Hp Realme C71 Ram 6GB Internal 128GB Garansi Resmi","2.199.000","","","Kota Pekanbaru","wwponsel_hangtuah Flagship Store"
"1777986536-424","https://www.blibli.com/cari/hp%20realme?category=AN-1000001&category=HA-1000003&sort=0&intent=false&firstLoad=false&brand=Realme&page=10&start=360","Hp Realme 15T Ram 8GB Internal 128GB Garansi Resmi","3.799.000","","","Kota Pekanbaru","wwponsel_hangtuah Flagship Store"
"1777986536-425","https://www.blibli.com/cari/hp%20realme?category=AN-1000001&category=HA-1000003&sort=0&intent=false&firstLoad=false&brand=Realme&page=10&start=360","Hp Realme Note 70 Ram 4GB Internal 128GB Garansi Resmi","1.699.000","","","Kota Pekanbaru","wwponsel_hangtuah Flagship Store"
"1777986536-426","https://www.blibli.com/cari/hp%20realme?category=AN-1000001&category=HA-1000003&sort=0&intent=false&firstLoad=false&brand=Realme&page=10&start=360","Smartphone Realme 7 Ram 8 Rom 128GB","2.569.000","4,8","Terjual 9","","Kota Surabaya"
"1777986536-427","https://www.blibli.com/cari/hp%20realme?category=AN-1000001&category=HA-1000003&sort=0&intent=false&firstLoad=false&brand=Realme&page=10&start=360","Hp Realme C63 NFC Ram 8GB Internal 128GB Garansi Resmi","2.099.000","","","Kota Pekanbaru","wwponsel_hangtuah Flagship Store"
"1777986536-428","https://www.blibli.com/cari/hp%20realme?category=AN-1000001&category=HA-1000003&sort=0&intent=false&firstLoad=false&brand=Realme&page=10&start=360","Hp Realme Note 60x Ram 4GB Internal 64GB Garansi Resmi","1.399.000","5","Terjual 1","Kota Pekanbaru","wwponsel_hangtuah Flagship Store"
"1777986536-429","https://www.blibli.com/cari/hp%20realme?category=AN-1000001&category=HA-1000003&sort=0&intent=false&firstLoad=false&brand=Realme&page=10&start=360","Hp Realme C63 NFC Ram 6GB Internal 128GB Garansi Resmi","1.999.000","","","Kota Pekanbaru","wwponsel_hangtuah Flagship Store"
"1777986536-430","https://www.blibli.com/cari/hp%20realme?category=AN-1000001&category=HA-1000003&sort=0&intent=false&firstLoad=false&brand=Realme&page=10&start=360","Smartphone Realme C15 Ram 4 Rom 64GB","1.719.000","4,8","Terjual 18","","Kota Surabaya"
"1777986536-431","https://www.blibli.com/cari/hp%20realme?category=AN-1000001&category=HA-1000003&sort=0&intent=false&firstLoad=false&brand=Realme&page=10&start=360","Smartphone Realme C11 Ram 2 Rom 32GB","1.020.000","4,7","Terjual 5","","Kota Surabaya"
"1777986536-432","https://www.blibli.com/cari/hp%20realme?category=AN-1000001&category=HA-1000003&sort=0&intent=false&firstLoad=false&brand=Realme&page=10&start=360","Hp Realme 13 5G Ram 12GB Internal 256GB Garansi Resmi","3.799.000","4","Terjual 1","Kota Pekanbaru","wwponsel_hangtuah Flagship Store"
"1777986536-433","https://www.blibli.com/cari/hp%20realme?category=AN-1000001&category=HA-1000003&sort=0&intent=false&firstLoad=false&brand=Realme&page=10&start=360","Smartphone Realme 7i Ram 8 Rom 128GB","2.570.000","4,5","Terjual 15","","Kota Surabaya"
"1777986536-434","https://www.blibli.com/cari/hp%20realme?category=AN-1000001&category=HA-1000003&sort=0&intent=false&firstLoad=false&brand=Realme&page=10&start=360","Smartphone Realme C12 Ram 3 Rom 32GB","1.520.000","","Terjual 2","","Kota Surabaya"
"1777986536-435","https://www.blibli.com/cari/hp%20realme?category=AN-1000001&category=HA-1000003&sort=0&intent=false&firstLoad=false&brand=Realme&page=10&start=360","Hp Realme 13 Pro+ 5G Ram 12GB Internal 512GB Garansi Resmi","6.999.000","","","Kota Pekanbaru","wwponsel_hangtuah Flagship Store"
"1777986536-436","https://www.blibli.com/cari/hp%20realme?category=AN-1000001&category=HA-1000003&sort=0&intent=false&firstLoad=false&brand=Realme&page=10&start=360","Smartphone Realme 7 Pro Ram 8 Rom 128 GB","3.569.000","5","Terjual 2","","Kota Surabaya"
"1777986536-437","https://www.blibli.com/cari/hp%20realme?category=AN-1000001&category=HA-1000003&sort=0&intent=false&firstLoad=false&brand=Realme&page=10&start=360","SmartPhone Realme C25 Ram 4 Rom 64GB","1.669.000","1","Terjual 1","","Kota Surabaya"
"1777986536-438","https://www.blibli.com/cari/hp%20realme?category=AN-1000001&category=HA-1000003&sort=0&intent=false&firstLoad=false&brand=Realme&page=10&start=360","Realme C21 Smartphone","1.599.000","","Terjual 25","","Kota Surabaya"
"1777986536-439","https://www.blibli.com/cari/hp%20realme?category=AN-1000001&category=HA-1000003&sort=0&intent=false&firstLoad=false&brand=Realme&page=10&start=360","Realme 6 Smartphone [4GB/ 128GB]","3.099.000","","","","Kota Surabaya"
"1777986536-440","https://www.blibli.com/cari/hp%20realme?category=AN-1000001&category=HA-1000003&sort=0&intent=false&firstLoad=false&brand=Realme&page=10&start=360","realme 8 Smartphone [8GB/128GB]","3.600.000","","Terjual 4","","Kota Surabaya"
"1777986536-441","https://www.blibli.com/cari/hp%20realme?category=AN-1000001&category=HA-1000003&sort=0&intent=false&firstLoad=false&brand=Realme&page=10&start=360","Realme 6 Smartphone Android [8/ 128 GB]","3.699.000","","","","Kota Surabaya"
"1777986536-442","https://www.blibli.com/cari/hp%20realme?category=AN-1000001&category=HA-1000003&sort=0&intent=false&firstLoad=false&brand=Realme&page=10&start=360","Realme C21 Smartphone [3GB-32GB]","1.700.000","","Terjual 5","","Kota Surabaya"
"1777986536-443","https://www.blibli.com/cari/hp%20realme?category=AN-1000001&category=HA-1000003&sort=0&intent=false&firstLoad=false&brand=Realme&page=10&start=360","Realme C21 Smartphone [4GB-64GB]","2.000.000","","Terjual 2","","Kota Surabaya"
"1777986536-444","https://www.blibli.com/cari/hp%20realme?category=AN-1000001&category=HA-1000003&sort=0&intent=false&firstLoad=false&brand=Realme&page=10&start=360","Realme C17 Smartphone [6GB/256GB]","2.799.000","","Terjual 1","","Kab. Sidoarjo"
"1777986536-445","https://www.blibli.com/cari/hp%20realme?category=AN-1000001&category=HA-1000003&sort=0&intent=false&firstLoad=false&brand=Realme&page=10&start=360","Realme C11 Smartphone [32GB/ 2GB]","1.503.060","","Terjual 2","","Kota Surabaya"
"1777986536-446","https://www.blibli.com/cari/hp%20realme?category=AN-1000001&category=HA-1000003&sort=0&intent=false&firstLoad=false&brand=Realme&page=10&start=360","Realme C15 Smartphone [4GB/ 128GB]","2.499.000","","Terjual 2","","Kab. Sidoarjo"
"1777986536-447","https://www.blibli.com/cari/hp%20realme?category=AN-1000001&category=HA-1000003&sort=0&intent=false&firstLoad=false&brand=Realme&page=10&start=360","Realme 5 Pro Smartphone [8GB/ 128GB]","3.699.000","","","","Kota Surabaya"
"1777986536-448","https://www.blibli.com/cari/hp%20realme?category=AN-1000001&category=HA-1000003&sort=0&intent=false&firstLoad=false&brand=Realme&page=10&start=360","Realme C11 Smartphone [32GB/ 2GB]","1.500.000","","Terjual 2","","Kota Surabaya"
"1777986536-449","https://www.blibli.com/cari/hp%20realme?category=AN-1000001&category=HA-1000003&sort=0&intent=false&firstLoad=false&brand=Realme&page=10&start=360","Realme C25 Smartphone [4GB-64GB]","2.300.000","","Terjual 1","","Kota Surabaya"
"1777986536-450","https://www.blibli.com/cari/hp%20realme?category=AN-1000001&category=HA-1000003&sort=0&intent=false&firstLoad=false&brand=Realme&page=10&start=360","Realme C25 Smartphone [4GB-128GB]","2.500.000","","Terjual 4","","Kota Surabaya"
"1777986536-451","https://www.blibli.com/cari/hp%20realme?category=AN-1000001&category=HA-1000003&sort=0&intent=false&firstLoad=false&brand=Realme&page=10&start=360","Realme C15 Smartphone [ 4GB-64GB ]","2.015.040","","","","Kota Surabaya"
"1777986536-452","https://www.blibli.com/cari/hp%20realme?category=AN-1000001&category=HA-1000003&sort=0&intent=false&firstLoad=false&brand=Realme&page=10&start=360","Realme C15 Smartphone [ 4GB-64GB ]","2.100.000","","Terjual 1","","Kota Surabaya"
"1777986536-453","https://www.blibli.com/cari/hp%20realme?category=AN-1000001&category=HA-1000003&sort=0&intent=false&firstLoad=false&brand=Realme&page=10&start=360","Realme C15 Smartphone [ 4GB-64GB ]","2.199.000","","Terjual 1","","Kab. Sidoarjo"
"1777986536-454","https://www.blibli.com/cari/hp%20realme?category=AN-1000001&category=HA-1000003&sort=0&intent=false&firstLoad=false&brand=Realme&page=10&start=360","Realme C12 Smartphone [ 3GB / 32 GB ] - Garansi Resmi","1.900.000","","Terjual 1","","Kota Surabaya"
"1777986536-455","https://www.blibli.com/cari/hp%20realme?category=AN-1000001&category=HA-1000003&sort=0&intent=false&firstLoad=false&brand=Realme&page=10&start=360","REALME 9i SMARTPHONE RAM 6/128 GB","2.890.000","","","","Kota Surabaya"
"1777986536-456","https://www.blibli.com/cari/hp%20realme?category=AN-1000001&category=HA-1000003&sort=0&intent=false&firstLoad=false&brand=Realme&page=10&start=360","REALME C31 SMARTPHONE RAM 4/64","1.749.000","","","","Kota Surabaya"
"1777986536-457","https://www.blibli.com/cari/hp%20realme?category=AN-1000001&category=HA-1000003&sort=0&intent=false&firstLoad=false&brand=Realme&page=10&start=360","Realme C35 Handphone 4GB/128GB","2.438.000","","","","Kota Surabaya"
"1777986536-458","https://www.blibli.com/cari/hp%20realme?category=AN-1000001&category=HA-1000003&sort=0&intent=false&firstLoad=false&brand=Realme&page=10&start=360","Realme 7i Smartphone [8GB/ 128GB]","2.800.000","5","Terjual 1","","Kab. Sidoarjo"
"1777986536-459","https://www.blibli.com/cari/hp%20realme?category=AN-1000001&category=HA-1000003&sort=0&intent=false&firstLoad=false&brand=Realme&page=10&start=360","REALME C20 2/32","1.299.000","","Terjual 12","","Kota Surabaya"
"1777986536-460","https://www.blibli.com/cari/hp%20realme?category=AN-1000001&category=HA-1000003&sort=0&intent=false&firstLoad=false&brand=Realme&page=10&start=360","Realme Narzo 50 5G Ram 6 Rom 128GB","3.069.000","","","","Kota Surabaya"
"1777986536-461","https://www.blibli.com/cari/hp%20realme?category=AN-1000001&category=HA-1000003&sort=0&intent=false&firstLoad=false&brand=Realme&page=10&start=360","REALME C61 8/128 GARANSI RESMI","1.781.010","","","","Kota Surabaya"
"1777986536-462","https://www.blibli.com/cari/hp%20realme?category=AN-1000001&category=HA-1000003&sort=0&intent=false&firstLoad=false&brand=Realme&page=10&start=360","Realme GT Master 5G Ram 8 Rom 256GB","4.289.000","","","","Kota Surabaya"
"1777986536-463","https://www.blibli.com/cari/hp%20realme?category=AN-1000001&category=HA-1000003&sort=0&intent=false&firstLoad=false&brand=Realme&page=10&start=360","Realme GT Master 5G Ram 8 Rom 128GB","3.969.000","","","","Kota Surabaya"
"1777986536-464","https://www.blibli.com/cari/hp%20realme?category=AN-1000001&category=HA-1000003&sort=0&intent=false&firstLoad=false&brand=Realme&page=10&start=360","realme note 60 8/256","1.900.000","","","","Kota Surabaya"
"1777986536-465","https://www.blibli.com/cari/hp%20realme?category=AN-1000001&category=HA-1000003&sort=0&intent=false&firstLoad=false&brand=Realme&page=10&start=360","realme note 60 4+4/64GB | 32MP | Dust & Water Resistance IP64 | HP Android","1.216.800","5","Terjual 15","Kab. Tangerang","realme Authorized Jakarta Flagship Store"
"1777986536-466","https://www.blibli.com/cari/hp%20realme?category=AN-1000001&category=HA-1000003&sort=0&intent=false&firstLoad=false&brand=Realme&page=10&start=360","HANDPHONE - REALME C75 GARANSI RESMI","2.072.850","","Terjual 1","Kota Jakarta Pusat","SCORPIO ELEKTRO Flagship Store"
"1777986536-467","https://www.blibli.com/cari/hp%20realme?category=AN-1000001&category=HA-1000003&sort=0&intent=false&firstLoad=false&brand=Realme&page=10&start=360","realme 11 8GB+8GB*/256GB | 108MP ProLight Camera | HP ANDROID | FREE TWS T100 AI ENC","2.045.550","5","Terjual 8","Kab. Tangerang","realme Authorized Jakarta Flagship Store"
"1777986536-468","https://www.blibli.com/cari/hp%20realme?category=AN-1000001&category=HA-1000003&sort=0&intent=false&firstLoad=false&brand=Realme&page=10&start=360","realme 11 Pro 5G | 8GB+8GB*/256GB 120Hz Display | 100MP OIS | HP ANDROID | Premium Leather Design","3.411.525","4,5","Terjual 7","Kab. Tangerang","realme Authorized Jakarta Flagship Store"
"1777986536-469","https://www.blibli.com/cari/hp%20realme?category=AN-1000001&category=HA-1000003&sort=0&intent=false&firstLoad=false&brand=Realme&page=10&start=360","HANDPHONE - REALME NOTE 60X GARANSI RESMI","1.083.225","5","Terjual 1","Kota Jakarta Pusat","SCORPIO ELEKTRO Flagship Store"
"1777986536-470","https://www.blibli.com/cari/hp%20realme?category=AN-1000001&category=HA-1000003&sort=0&intent=false&firstLoad=false&brand=Realme&page=10&start=360","realme 13 8+8*GB/128GB NFC | 67W Supervooc | Snapdragon 685 | 5000mAH | HP ANDROID Honor of Kings | FREE POWERBANK","2.045.550","","","Kab. Tangerang","realme Authorized Jakarta Flagship Store"
"1777986536-471","https://www.blibli.com/cari/hp%20realme?category=AN-1000001&category=HA-1000003&sort=0&intent=false&firstLoad=false&brand=Realme&page=10&start=360","SMARTPHONE REALME NOTE 60x 4/64GB 4GB 64GB - Unisoc T612 | Garansi Resmi | Baterai 5000mAh","1.207.000","","","Kota Jakarta Barat","DISTRIBUTOR GADGET MURAH"
"1777986536-472","https://www.blibli.com/cari/hp%20realme?category=AN-1000001&category=HA-1000003&sort=0&intent=false&firstLoad=false&brand=Realme&page=10&start=360","HP Realme C11 - RAM 2/32 - Garansi Resmi","1.049.000","5","Terjual 14","","Kota Jakarta Timur"
"1777986536-473","https://www.blibli.com/cari/hp%20realme?category=AN-1000001&category=HA-1000003&sort=0&intent=false&firstLoad=false&brand=Realme&page=10&start=360","REALME C71 4/128 & 6/128 & 8/128 NEW GARANSI RESMIR","1.775.000","","Terjual 3","Kota Medan","TOKE HP Flagship Store"
"1777986536-474","https://www.blibli.com/cari/hp%20realme?category=AN-1000001&category=HA-1000003&sort=0&intent=false&firstLoad=false&brand=Realme&page=10&start=360","REALME NOTE 80 4/64 & 4/128 NEW GARANSI RESMI","1.725.000","","","Kota Medan","TOKE HP Flagship Store"
"1777986536-475","https://www.blibli.com/cari/hp%20realme?category=AN-1000001&category=HA-1000003&sort=0&intent=false&firstLoad=false&brand=Realme&page=10&start=360","REALME C67 NFC RAM 8/128GB & 8/256GB Smartphone GARANSI RESMI INDONESIA","2.049.000","5","Terjual 1","Kota Jakarta Timur","07Phone Flagship Store"
"1777986536-476","https://www.blibli.com/cari/hp%20realme?category=AN-1000001&category=HA-1000003&sort=0&intent=false&firstLoad=false&brand=Realme&page=10&start=360","Realme 14T 5G 8/128 GB Garansi Resmi","2.798.000","","","Kota Jakarta Barat","BIGBOSS SHOP Flagship Store"
"1777986536-477","https://www.blibli.com/cari/hp%20realme?category=AN-1000001&category=HA-1000003&sort=0&intent=false&firstLoad=false&brand=Realme&page=10&start=360","REALME C75x 8/128 GB Garansi Resmi 1 Tahun","1.848.000","5","Terjual 5","Kota Jakarta Barat","BIGBOSS SHOP Flagship Store"
"1777986536-478","https://www.blibli.com/cari/hp%20realme?category=AN-1000001&category=HA-1000003&sort=0&intent=false&firstLoad=false&brand=Realme&page=10&start=360","REALME Note 70 4/128GB Garansi Resmi 1 Tahun","1.348.000","5","Terjual 2","Kota Jakarta Barat","BIGBOSS SHOP Flagship Store"
"1777986536-479","https://www.blibli.com/cari/hp%20realme?category=AN-1000001&category=HA-1000003&sort=0&intent=false&firstLoad=false&brand=Realme&page=10&start=360","REALME Note 60x 4/64 GB Garansi Resmi","1.198.000","","Terjual 2","Kota Jakarta Barat","BIGBOSS SHOP Flagship Store"
"1777986536-480","https://www.blibli.com/cari/hp%20realme?category=AN-1000001&category=HA-1000003&sort=0&intent=false&firstLoad=false&brand=Realme&page=10&start=360","REALME Note 70 4/64GB Garansi Resmi 1 Tahun","1.298.000","","Terjual 2","Kota Jakarta Barat","BIGBOSS SHOP Flagship Store"
"1777986536-481","https://www.blibli.com/cari/hp%20realme?category=AN-1000001&category=HA-1000003&sort=0&intent=false&firstLoad=false&brand=Realme&page=10&start=360","Realme 14T 5G 8/256 GB Garansi Resmi","3.348.000","","","Kota Jakarta Barat","BIGBOSS SHOP Flagship Store"
"1777986536-482","https://www.blibli.com/cari/hp%20realme?category=AN-1000001&category=HA-1000003&sort=0&intent=false&firstLoad=false&brand=Realme&page=10&start=360","REALME 13 Plus 5G 12/256 GB Garansi Resmi 1 Tahun","3.898.000","","","Kota Jakarta Barat","BIGBOSS SHOP Flagship Store"
"1777986536-483","https://www.blibli.com/cari/hp%20realme?category=AN-1000001&category=HA-1000003&sort=0&intent=false&firstLoad=false&brand=Realme&page=10&start=360","Realme 13 Pro Plus 5G 12/512 GB Garansi Resmi 1 Tahun","5.998.000","","","Kota Jakarta Barat","BIGBOSS SHOP Flagship Store"
"1777986536-484","https://www.blibli.com/cari/hp%20realme?category=AN-1000001&category=HA-1000003&sort=0&intent=false&firstLoad=false&brand=Realme&page=10&start=360","Realme 13 5G 12/256 GB Garansi Resmi 1 Tahun","2.898.000","","Terjual 2","Kota Jakarta Barat","BIGBOSS SHOP Flagship Store"
"1777986536-485","https://www.blibli.com/cari/hp%20realme?category=AN-1000001&category=HA-1000003&sort=0&intent=false&firstLoad=false&brand=Realme&page=10&start=360","Realme 14 5G 8/256 GB Garansi Resmi","3.698.000","","Terjual 1","Kota Jakarta Barat","BIGBOSS SHOP Flagship Store"
"1777986536-486","https://www.blibli.com/cari/hp%20realme?category=AN-1000001&category=HA-1000003&sort=0&intent=false&firstLoad=false&brand=Realme&page=10&start=360","Hp Realme C30S ram 3/32 GB dan 4/64 GB 5000mAh Massive Battery","1.338.000","","","","Kab. Tulungagung"
"1777986536-487","https://www.blibli.com/cari/hp%20realme?category=AN-1000001&category=HA-1000003&sort=0&intent=false&firstLoad=false&brand=Realme&page=10&start=360","Realme C35 - Hp New Resmi - ALL VARIAN","2.299.000","","","","Kota Probolinggo"
"1777986536-488","https://www.blibli.com/cari/hp%20realme?category=AN-1000001&category=HA-1000003&sort=0&intent=false&firstLoad=false&brand=Realme&page=10&start=360","REALME C31 4/64 - HP NEW RESMI","1.750.000","","","","Kota Probolinggo"
"1777986536-489","https://www.blibli.com/cari/hp%20realme?category=AN-1000001&category=HA-1000003&sort=0&intent=false&firstLoad=false&brand=Realme&page=10&start=360","Realme C33 All Varian - Hp New Resmi","1.799.000","","","","Kota Probolinggo"
"1777986536-490","https://www.blibli.com/cari/hp%20realme?category=AN-1000001&category=HA-1000003&sort=0&intent=false&firstLoad=false&brand=Realme&page=10&start=360","REALME C31 3/32 - HP NEW RESMI","1.550.000","","","","Kota Probolinggo"
"1777986536-491","https://www.blibli.com/cari/hp%20realme?category=AN-1000001&category=HA-1000003&sort=0&intent=false&firstLoad=false&brand=Realme&page=10&start=360","Smartphone - Realme 14T 5G (Garansi Resmi)","3.399.000","","","","Kota Padang"
"1777986536-492","https://www.blibli.com/cari/hp%20realme?category=AN-1000001&category=HA-1000003&sort=0&intent=false&firstLoad=false&brand=Realme&page=10&start=360","Realme GT Neo 3 8/256gb - Hp New Resmi","6.999.000","","","","Kota Probolinggo"
"1777986536-493","https://www.blibli.com/cari/hp%20realme?category=AN-1000001&category=HA-1000003&sort=0&intent=false&firstLoad=false&brand=Realme&page=10&start=360","realme 9 Pro 6/128gb - Hp New Resmi","4.000.000","","","","Kota Probolinggo"
"1777986536-494","https://www.blibli.com/cari/hp%20realme?category=AN-1000001&category=HA-1000003&sort=0&intent=false&firstLoad=false&brand=Realme&page=10&start=360","Realme C25Y 4/64gb - Hp New Resmi","1.899.000","","","","Kota Probolinggo"
"1777986536-495","https://www.blibli.com/cari/hp%20realme?category=AN-1000001&category=HA-1000003&sort=0&intent=false&firstLoad=false&brand=Realme&page=10&start=360","Realme C30 2/32gb 3/32gb - Hp New Resmi","1.299.000","","","","Kota Probolinggo"
"1777986536-496","https://www.blibli.com/cari/hp%20realme?category=AN-1000001&category=HA-1000003&sort=0&intent=false&firstLoad=false&brand=Realme&page=10&start=360","Hp Realme 13 Ram 8GB Internal 128GB Garansi Resmi","2.999.000","","","Kota Pekanbaru","wwponsel_hangtuah Flagship Store"
"1777986536-497","https://www.blibli.com/cari/hp%20realme?category=AN-1000001&category=HA-1000003&sort=0&intent=false&firstLoad=false&brand=Realme&page=10&start=360","Realme 10 4/128Gb 8/128Gb 8/256Gb - Hp New Resmi","2.799.000","","","","Kota Probolinggo"
"1777986536-498","https://www.blibli.com/cari/hp%20realme?category=AN-1000001&category=HA-1000003&sort=0&intent=false&firstLoad=false&brand=Realme&page=10&start=360","Realme 6 Smartphone [4GB/ 128GB]","3.299.000","","","","Kota Jakarta Pusat"
"1777986536-499","https://www.blibli.com/cari/hp%20realme?category=AN-1000001&category=HA-1000003&sort=0&intent=false&firstLoad=false&brand=Realme&page=10&start=360","Realme 6 Smartphone [128GB/ 8GB]","3.799.000","","Terjual 1","","Kota Banjarbaru"
"1777986536-500","https://www.blibli.com/cari/hp%20realme?category=AN-1000001&category=HA-1000003&sort=0&intent=false&firstLoad=false&brand=Realme&page=10&start=360","Realme 6 Smartphone [4GB/ 128GB]","3.299.000","","Terjual 6","","Kota Banjarbaru"
"1777986536-501","https://www.blibli.com/cari/hp%20realme?category=AN-1000001&category=HA-1000003&sort=0&intent=false&firstLoad=false&brand=Realme&page=10&start=360","realme 8 Smartphone [8GB/128GB]","3.599.000","","","","Kota Jakarta Utara"
"1777986536-502","https://www.blibli.com/cari/hp%20realme?category=AN-1000001&category=HA-1000003&sort=0&intent=false&firstLoad=false&brand=Realme&page=10&start=360","Realme 5 Smartphone [64GB/ 3GB]","2.040.000","5","Terjual 1","","Kota Jakarta Utara"
"1777986536-503","https://www.blibli.com/cari/hp%20realme?category=AN-1000001&category=HA-1000003&sort=0&intent=false&firstLoad=false&brand=Realme&page=10&start=360","Realme XT Smartphone [4GB/128GB]","3.499.000","","Terjual 53","","Kota Jakarta Timur"
"1777986536-504","https://www.blibli.com/cari/hp%20realme?category=AN-1000001&category=HA-1000003&sort=0&intent=false&firstLoad=false&brand=Realme&page=10&start=360","Realme 5 Smartphone [128 GB/ 4 GB]","2.499.000","","Terjual 3","","Kota Jakarta Utara"
"1777986536-505","https://www.blibli.com/cari/hp%20realme?category=AN-1000001&category=HA-1000003&sort=0&intent=false&firstLoad=false&brand=Realme&page=10&start=360","Realme XT Smartphone [8GB/128GB]","4.399.000","","","","Kota Jakarta Utara"
"1777986536-506","https://www.blibli.com/cari/hp%20realme?category=AN-1000001&category=HA-1000003&sort=0&intent=false&firstLoad=false&brand=Realme&page=10&start=360","Realme 5 Smartphone [32 GB/ 3 GB]","9.990.000","","Terjual 3","","Kota Jakarta Utara"
"1777986536-507","https://www.blibli.com/cari/hp%20realme?category=AN-1000001&category=HA-1000003&sort=0&intent=false&firstLoad=false&brand=Realme&page=10&start=360","Realme 5 Smartphone [128GB/ 4GB]","2.490.000","","Terjual 1","","Kota Jakarta Utara"
"1777986536-508","https://www.blibli.com/cari/hp%20realme?category=AN-1000001&category=HA-1000003&sort=0&intent=false&firstLoad=false&brand=Realme&page=10&start=360","Realme 6 Smartphone [128GB/ 8GB]","3.799.000","","","","Kota Jakarta Pusat"
"1777986536-509","https://www.blibli.com/cari/hp%20realme?category=AN-1000001&category=HA-1000003&sort=0&intent=false&firstLoad=false&brand=Realme&page=10&start=360","Realme 7 8/128GB Smartphone - Garansi Resmi Realme","3.369.000","5","Terjual 3","","Kota Jakarta Utara"
"1777986536-510","https://www.blibli.com/cari/hp%20realme?category=AN-1000001&category=HA-1000003&sort=0&intent=false&firstLoad=false&brand=Realme&page=10&start=360","Realme 3 Smartphone [3GB/64GB] Blue","1.800.000","","Terjual 16","","Kota Jakarta Timur"
"1777986536-511","https://www.blibli.com/cari/hp%20realme?category=AN-1000001&category=HA-1000003&sort=0&intent=false&firstLoad=false&brand=Realme&page=10&start=360","Realme 3 Smartphone [3GB/64GB] Blue","2.100.000","","Terjual 16","","Kota Tangerang"
"1777986536-512","https://www.blibli.com/cari/hp%20realme?category=AN-1000001&category=HA-1000003&sort=0&intent=false&firstLoad=false&brand=Realme&page=10&start=360","Realme 2 Pro Smartphone [128GB/ 8GB]","3.770.000","5","Terjual 8","","Kota Jakarta Timur"
"1777986536-513","https://www.blibli.com/cari/hp%20realme?category=AN-1000001&category=HA-1000003&sort=0&intent=false&firstLoad=false&brand=Realme&page=10&start=360","Realme C11 Smartphone [3/32GB]","1.749.000","5","Terjual 6","","Kota Jakarta Pusat"
"1777986536-514","https://www.blibli.com/cari/hp%20realme?category=AN-1000001&category=HA-1000003&sort=0&intent=false&firstLoad=false&brand=Realme&page=10&start=360","Realme C1 Smartphone [16GB/ 2GB]","1.540.000","5","Terjual 5","","Kota Jakarta Timur"
"1777986536-515","https://www.blibli.com/cari/hp%20realme?category=AN-1000001&category=HA-1000003&sort=0&intent=false&firstLoad=false&brand=Realme&page=10&start=360","Realme C2 Smartphone [32 GB/3 GB]","1.510.000","","","","Kota Jakarta Utara"
"1777986536-516","https://www.blibli.com/cari/hp%20realme?category=AN-1000001&category=HA-1000003&sort=0&intent=false&firstLoad=false&brand=Realme&page=10&start=360","Realme C3 Smartphone [3GB/ 32GB]","1.820.000","","","","Kota Jakarta Utara"
"1777986536-517","https://www.blibli.com/cari/hp%20realme?category=AN-1000001&category=HA-1000003&sort=0&intent=false&firstLoad=false&brand=Realme&page=10&start=360","Realme 2 Pro Smartphone [64 GB/ 6 GB]","2.200.000","","Terjual 2","","Kota Jakarta Pusat"
"1777986536-518","https://www.blibli.com/cari/hp%20realme?category=AN-1000001&category=HA-1000003&sort=0&intent=false&firstLoad=false&brand=Realme&page=10&start=360","Realme 7 8/128GB Smartphone - Garansi Resmi Realme","3.999.000","","Terjual 61","","Kota Depok"
"1777986536-519","https://www.blibli.com/cari/hp%20realme?category=AN-1000001&category=HA-1000003&sort=0&intent=false&firstLoad=false&brand=Realme&page=10&start=360","Realme C11 Smartphone [2+32GB]","1.600.000","","Terjual 2","","Kota Bekasi"
"1777986536-520","https://www.blibli.com/cari/hp%20realme?category=AN-1000001&category=HA-1000003&sort=0&intent=false&firstLoad=false&brand=Realme&page=10&start=360","Realme 7 8/128GB Smartphone - Garansi Resmi Realme","3.999.000","","Terjual 1","","Kota Jakarta Utara"
"1777986536-521","https://www.blibli.com/cari/hp%20realme?category=AN-1000001&category=HA-1000003&sort=0&intent=false&firstLoad=false&brand=Realme&page=10&start=360","Realme C15 Smartphone [4GB/ 128GB]","2.500.000","5","Terjual 11","","Kota Bekasi"
"1777986536-522","https://www.blibli.com/cari/hp%20realme?category=AN-1000001&category=HA-1000003&sort=0&intent=false&firstLoad=false&brand=Realme&page=10&start=360","Realme 2 Pro Smartphone [64 GB/ 4 GB]","3.000.000","5","Terjual 11","","Kota Jakarta Timur"
"1777986536-523","https://www.blibli.com/cari/hp%20realme?category=AN-1000001&category=HA-1000003&sort=0&intent=false&firstLoad=false&brand=Realme&page=10&start=360","Realme 5s Smartphone [128GB/ 4GB]","2.549.000","5","Terjual 2","","Kota Tangerang Selatan"
"1777986536-524","https://www.blibli.com/cari/hp%20realme?category=AN-1000001&category=HA-1000003&sort=0&intent=false&firstLoad=false&brand=Realme&page=10&start=360","Realme C11 Smartphone [2 GB/ 32 GB]","1.418.000","","","","Kab. Subang"
"1777986536-525","https://www.blibli.com/cari/hp%20realme?category=AN-1000001&category=HA-1000003&sort=0&intent=false&firstLoad=false&brand=Realme&page=10&start=360","Realme C2 Smartphone [16GB/ 2GB]","1.599.000","","Terjual 63","","Kab. Bekasi"
"1777986536-526","https://www.blibli.com/cari/hp%20realme?category=AN-1000001&category=HA-1000003&sort=0&intent=false&firstLoad=false&brand=Realme&page=10&start=360","Realme C21 Smartphone [3GB-32GB]","1.699.000","","Terjual 4","","Kota Jakarta Utara"
"1777986536-527","https://www.blibli.com/cari/hp%20realme?category=AN-1000001&category=HA-1000003&sort=0&intent=false&firstLoad=false&brand=Realme&page=10&start=360","Realme C15 Smartphone [4GB/ 64GB]","2.199.000","","Terjual 5","","Kota Bandung"
"1777986536-528","https://www.blibli.com/cari/hp%20realme?category=AN-1000001&category=HA-1000003&sort=0&intent=false&firstLoad=false&brand=Realme&page=10&start=360","Realme 7i Smartphone [8GB/ 128GB]","2.889.000","5","Terjual 1","","Kota Jakarta Utara"
"1777986536-529","https://www.blibli.com/cari/hp%20realme?category=AN-1000001&category=HA-1000003&sort=0&intent=false&firstLoad=false&brand=Realme&page=10&start=360","Realme 5 Pro Smartphone [128GB/ 4GB]","2.999.000","","Terjual 3","","Kota Jakarta Selatan"
"1777986536-530","https://www.blibli.com/cari/hp%20realme?category=AN-1000001&category=HA-1000003&sort=0&intent=false&firstLoad=false&brand=Realme&page=10&start=360","Realme 3 Pro Smartphone [128GB/ 6GB]","3.150.000","","Terjual 6","","Kota Jakarta Timur"
"1777986536-531","https://www.blibli.com/cari/hp%20realme?category=AN-1000001&category=HA-1000003&sort=0&intent=false&firstLoad=false&brand=Realme&page=10&start=360","Realme 7i Smartphone [8GB/ 128GB]","3.199.000","","","","Kota Bandung"
"1777986536-532","https://www.blibli.com/cari/hp%20realme?category=AN-1000001&category=HA-1000003&sort=0&intent=false&firstLoad=false&brand=Realme&page=10&start=360","Realme 6 Pro Smartphone [128GB/8GB]","4.399.000","","","","Kota Jakarta Pusat"
"1777986536-533","https://www.blibli.com/cari/hp%20realme?category=AN-1000001&category=HA-1000003&sort=0&intent=false&firstLoad=false&brand=Realme&page=10&start=360","Realme C2 Smartphone [32 GB/2 GB]","1.399.000","","Terjual 3","","Kota Jakarta Utara"
"1777986536-534","https://www.blibli.com/cari/hp%20realme?category=AN-1000001&category=HA-1000003&sort=0&intent=false&firstLoad=false&brand=Realme&page=10&start=360","Realme 2 Pro Smartphone [64 GB/ 4 GB]","3.299.000","","Terjual 8","","Kota Tangerang"
"1777986536-535","https://www.blibli.com/cari/hp%20realme?category=AN-1000001&category=HA-1000003&sort=0&intent=false&firstLoad=false&brand=Realme&page=10&start=360","Realme 5 Pro Smartphone [8GB/128GB]","3.390.000","5","Terjual 1","","Kota Jakarta Utara"
"1777986536-536","https://www.blibli.com/cari/hp%20realme?category=AN-1000001&category=HA-1000003&sort=0&intent=false&firstLoad=false&brand=Realme&page=10&start=360","Realme 5 Smartphone [64 GB / 3 GB] Crystal blue","1.999.000","","Terjual 9","","Kota Jakarta Selatan"
"1777986536-537","https://www.blibli.com/cari/hp%20realme?category=AN-1000001&category=HA-1000003&sort=0&intent=false&firstLoad=false&brand=Realme&page=10&start=360","Realme 5i Smartphone [4GB - 64GB]","2.199.000","","Terjual 1","","Kota Jakarta Utara"
"1777986536-538","https://www.blibli.com/cari/hp%20realme?category=AN-1000001&category=HA-1000003&sort=0&intent=false&firstLoad=false&brand=Realme&page=10&start=360","Realme 5i Smartphone [4GB - 64GB]","2.199.000","","","","Kota Jakarta Pusat"
"1777986536-539","https://www.blibli.com/cari/hp%20realme?category=AN-1000001&category=HA-1000003&sort=0&intent=false&firstLoad=false&brand=Realme&page=10&start=360","Realme C21 Smartphone [3GB-32GB] Garansi Resmi","1.520.000","5","Terjual 24","","Kab. Bogor"
"1777986536-540","https://www.blibli.com/cari/hp%20realme?category=AN-1000001&category=HA-1000003&sort=0&intent=false&firstLoad=false&brand=Realme&page=10&start=360","Realme C11 Smartphone [32GB/ 2GB]","1.449.900","5","Terjual 2","","Kota Jakarta Utara"
"1777986536-541","https://www.blibli.com/cari/hp%20realme?category=AN-1000001&category=HA-1000003&sort=0&intent=false&firstLoad=false&brand=Realme&page=10&start=360","Realme C11 Smartphone [2 GB/32 GB]","1.299.000","","Terjual 11","","Kota Bandung"
"1777986536-542","https://www.blibli.com/cari/hp%20realme?category=AN-1000001&category=HA-1000003&sort=0&intent=false&firstLoad=false&brand=Realme&page=10&start=360","Realme C2 Smartphone [32 GB/2 GB]","1.399.000","","Terjual 3","","Kota Jakarta Selatan"
"1777986536-543","https://www.blibli.com/cari/hp%20realme?category=AN-1000001&category=HA-1000003&sort=0&intent=false&firstLoad=false&brand=Realme&page=10&start=360","Realme C2 Smartphone [32 GB/2 GB]","1.499.000","","Terjual 8","","Kota Jakarta Timur"
"1777986536-544","https://www.blibli.com/cari/hp%20realme?category=AN-1000001&category=HA-1000003&sort=0&intent=false&firstLoad=false&brand=Realme&page=10&start=360","Realme C11 Smartphone [32GB/ 2GB]","1.599.000","","","","Kab. Nganjuk"
"1777986536-545","https://www.blibli.com/cari/hp%20realme?category=AN-1000001&category=HA-1000003&sort=0&intent=false&firstLoad=false&brand=Realme&page=10&start=360","Realme C2 Smartphone [32 GB/3 GB]","1.599.000","","Terjual 4","","Kota Jakarta Utara"
"1777986536-546","https://www.blibli.com/cari/hp%20realme?category=AN-1000001&category=HA-1000003&sort=0&intent=false&firstLoad=false&brand=Realme&page=10&start=360","Realme C2 Smartphone [32GB/ 3 GB]","1.699.000","","Terjual 3","","Kota Medan"
"1777986536-547","https://www.blibli.com/cari/hp%20realme?category=AN-1000001&category=HA-1000003&sort=0&intent=false&firstLoad=false&brand=Realme&page=10&start=360","Realme C25 Smartphone [4GB-64GB]","2.299.000","","Terjual 2","","Kota Jakarta Utara"
"1777986536-548","https://www.blibli.com/cari/hp%20realme?category=AN-1000001&category=HA-1000003&sort=0&intent=false&firstLoad=false&brand=Realme&page=10&start=360","Realme 3 Pro Smartphone [64GB/ 6GB]","2.550.000","","Terjual 17","","Kota Jakarta Timur"
"1777986536-549","https://www.blibli.com/cari/hp%20realme?category=AN-1000001&category=HA-1000003&sort=0&intent=false&firstLoad=false&brand=Realme&page=10&start=360","Realme C2 Smartphone [32 GB/3 GB]","1.599.000","","Terjual 8","","Kota Jakarta Selatan"
"1777986536-550","https://www.blibli.com/cari/hp%20realme?category=AN-1000001&category=HA-1000003&sort=0&intent=false&firstLoad=false&brand=Realme&page=10&start=360","Realme C2 Smartphone [32 GB/3 GB]","1.599.000","","Terjual 11","","Kota Jakarta Timur"
"1777986536-551","https://www.blibli.com/cari/hp%20realme?category=AN-1000001&category=HA-1000003&sort=0&intent=false&firstLoad=false&brand=Realme&page=10&start=360","Realme C2 Smartphone [32 GB/3 GB]","1.800.000","","Terjual 78","","Kab. Bekasi"
"1777986536-552","https://www.blibli.com/cari/hp%20realme?category=AN-1000001&category=HA-1000003&sort=0&intent=false&firstLoad=false&brand=Realme&page=10&start=360","Realme 2 Pro Smartphone [64 GB/ 6 GB]","2.499.000","","Terjual 9","","Kota Tangerang"
"1777986536-553","https://www.blibli.com/cari/hp%20realme?category=AN-1000001&category=HA-1000003&sort=0&intent=false&firstLoad=false&brand=Realme&page=10&start=360","Realme 5 Pro Smartphone [4 GB/ 128 GB]","3.000.000","","","","Kota Tangerang"
"1777986536-554","https://www.blibli.com/cari/hp%20realme?category=AN-1000001&category=HA-1000003&sort=0&intent=false&firstLoad=false&brand=Realme&page=10&start=360","Realme 5 Pro Smartphone [128GB/ 4GB]","3.099.000","","Terjual 2","","Kota Jakarta Utara"
"1777986536-555","https://www.blibli.com/cari/hp%20realme?category=AN-1000001&category=HA-1000003&sort=0&intent=false&firstLoad=false&brand=Realme&page=10&start=360","Realme 2 Pro Smartphone [64 GB/ 6 GB]","3.700.000","","Terjual 13","","Kota Tangerang"
"1777986536-556","https://www.blibli.com/cari/hp%20realme?category=AN-1000001&category=HA-1000003&sort=0&intent=false&firstLoad=false&brand=Realme&page=10&start=360","Realme 5 Smartphone [64 GB / 3 GB] Crystal blue","1.999.000","","Terjual 4","","Kota Jakarta Utara"
"1777986536-557","https://www.blibli.com/cari/hp%20realme?category=AN-1000001&category=HA-1000003&sort=0&intent=false&firstLoad=false&brand=Realme&page=10&start=360","Realme 5i Smartphone [4GB - 64GB]","2.100.000","","","","Kota Jakarta Utara"
"1777986536-558","https://www.blibli.com/cari/hp%20realme?category=AN-1000001&category=HA-1000003&sort=0&intent=false&firstLoad=false&brand=Realme&page=10&start=360","Realme 5 Pro Smartphone [128GB/ 8GB] hijau kristal","3.499.000","","","","Kota Jakarta Selatan"
"1777986536-559","https://www.blibli.com/cari/hp%20realme?category=AN-1000001&category=HA-1000003&sort=0&intent=false&firstLoad=false&brand=Realme&page=10&start=360","Realme 6 Pro Smartphone [Original/128GB/8GB ]","4.599.000","","Terjual 2","","Kota Banjarbaru"
"1777986536-560","https://www.blibli.com/cari/hp%20realme?category=AN-1000001&category=HA-1000003&sort=0&intent=false&firstLoad=false&brand=Realme&page=10&start=360","Realme C2 Smartphone [2GB/32GB] BLUE","1.599.000","","","","Kota Jakarta Pusat"
"1777986536-561","https://www.blibli.com/cari/hp%20realme?category=AN-1000001&category=HA-1000003&sort=0&intent=false&firstLoad=false&brand=Realme&page=10&start=360","Realme C3 Smartphone [3GB / 32GB]","1.899.000","","Terjual 4","","Kota Jakarta Utara"
"1777986536-562","https://www.blibli.com/cari/hp%20realme?category=AN-1000001&category=HA-1000003&sort=0&intent=false&firstLoad=false&brand=Realme&page=10&start=360","Realme C3 Smartphone [3GB / 32GB]","1.899.000","","","","Kota Jakarta Pusat"
"1777986536-563","https://www.blibli.com/cari/hp%20realme?category=AN-1000001&category=HA-1000003&sort=0&intent=false&firstLoad=false&brand=Realme&page=10&start=360","Realme 5i Smartphone [4GB - 64GB]","2.199.000","","Terjual 1","","Kab. Buleleng"
"1777986536-564","https://www.blibli.com/cari/hp%20realme?category=AN-1000001&category=HA-1000003&sort=0&intent=false&firstLoad=false&brand=Realme&page=10&start=360","Realme C15 Smartphone [ 4GB-64GB ]","2.299.000","","Terjual 1","","Kota Jakarta Utara"
"1777986536-565","https://www.blibli.com/cari/hp%20realme?category=AN-1000001&category=HA-1000003&sort=0&intent=false&firstLoad=false&brand=Realme&page=10&start=360","REALME 7i Smartphone [ 8GB/128GB ]","3.199.000","","","","Kota Jakarta Utara"
"1777986536-566","https://www.blibli.com/cari/hp%20realme?category=AN-1000001&category=HA-1000003&sort=0&intent=false&firstLoad=false&brand=Realme&page=10&start=360","Hp Realme 15 5G Ram 8GB Internal 256GB Garansi Resmi","4.999.000","","","Kota Pekanbaru","wwponsel_hangtuah Flagship Store"
"1777986536-567","https://www.blibli.com/cari/hp%20realme?category=AN-1000001&category=HA-1000003&sort=0&intent=false&firstLoad=false&brand=Realme&page=10&start=360","Realme C15 Smartphone [ 4GB-64GB ]","2.199.000","","","","Kab. Nganjuk"
"1777986536-568","https://www.blibli.com/cari/hp%20realme?category=AN-1000001&category=HA-1000003&sort=0&intent=false&firstLoad=false&brand=Realme&page=10&start=360","Realme 5 Pro Smartphone [128GB/ 4GB] Crystal Green","2.760.000","","","","Kota Jakarta Utara"
"1777986536-569","https://www.blibli.com/cari/hp%20realme?category=AN-1000001&category=HA-1000003&sort=0&intent=false&firstLoad=false&brand=Realme&page=10&start=360","Realme 5 Pro Smartphone [128GB/ 8GB] hijau kristal","3.399.000","","Terjual 4","","Kota Jakarta Utara"
"1777986536-570","https://www.blibli.com/cari/hp%20realme?category=AN-1000001&category=HA-1000003&sort=0&intent=false&firstLoad=false&brand=Realme&page=10&start=360","Realme X2 Pro Smartphone [12GB/256GB]","7.799.000","","Terjual 1","","Kota Jakarta Utara"
"1777986536-571","https://www.blibli.com/cari/hp%20realme?category=AN-1000001&category=HA-1000003&sort=0&intent=false&firstLoad=false&brand=Realme&page=10&start=360","Realme C11 Smartphone [2GB/32GB/ Garansi Resmi]","1.599.000","","Terjual 2","","Kota Jakarta Utara"
"1777986536-572","https://www.blibli.com/cari/hp%20realme?category=AN-1000001&category=HA-1000003&sort=0&intent=false&firstLoad=false&brand=Realme&page=10&start=360","Realme Narzo 30A Smartphone [4GB-64GB]","1.999.000","5","Terjual 1","","Kota Tangerang Selatan"
"1777986536-573","https://www.blibli.com/cari/hp%20realme?category=AN-1000001&category=HA-1000003&sort=0&intent=false&firstLoad=false&brand=Realme&page=10&start=360","Realme C11 Smartphone [ 3 + 32 Gb / Garansi Resmi Realme ]","1.750.000","","Terjual 9","","Kota Tangerang"
"1777986536-574","https://www.blibli.com/cari/hp%20realme?category=AN-1000001&category=HA-1000003&sort=0&intent=false&firstLoad=false&brand=Realme&page=10&start=360","realme X2 Pro Smartphone [256 GB/ 12 GB/ Official Store]","7.288.000","","Terjual 1","","Kota Tangerang Selatan"
"1777986536-575","https://www.blibli.com/cari/hp%20realme?category=AN-1000001&category=HA-1000003&sort=0&intent=false&firstLoad=false&brand=Realme&page=10&start=360","Hp Realme 15 Pro 5G Ram 12GB Internal 256GB Garansi Resmi","6.999.000","","","Kota Pekanbaru","wwponsel_hangtuah Flagship Store"
"1777986536-576","https://www.blibli.com/cari/hp%20realme?category=AN-1000001&category=HA-1000003&sort=0&intent=false&firstLoad=false&brand=Realme&page=10&start=360","Realme C12 Smartphone [ 3GB / 32GB ] - Garansi Resmi","1.900.000","","Terjual 2","","Kota Bekasi"
"1777986536-577","https://www.blibli.com/cari/hp%20realme?category=AN-1000001&category=HA-1000003&sort=0&intent=false&firstLoad=false&brand=Realme&page=10&start=360","Hp Realme 10 8/128 GB dan 8/256 GB 50MP Kamera Color Al","3.038.000","","","","Kab. Tulungagung"
"1777986536-578","https://www.blibli.com/cari/hp%20realme?category=AN-1000001&category=HA-1000003&sort=0&intent=false&firstLoad=false&brand=Realme&page=10&start=360","REALME 7 RAM 8GB/128GB ORIGINAL GARANSI RESMI SMARTPHONE TERBARU HANDPHONE","3.499.000","","","","Kab. Bandung"
"1777986536-579","https://www.blibli.com/cari/hp%20realme?category=AN-1000001&category=HA-1000003&sort=0&intent=false&firstLoad=false&brand=Realme&page=10&start=360","Realme C17 2-256 GB Free Handphone Fitur","2.799.000","","Terjual 2","","Kab. Bandung"
"1777986536-580","https://www.blibli.com/cari/hp%20realme?category=AN-1000001&category=HA-1000003&sort=0&intent=false&firstLoad=false&brand=Realme&page=10&start=360","REALME 7i RAM 8GB/128GB ORIGINAL GARANSI RESMI SMARTPHONE TERBARU HANDPHONE","3.099.000","","","","Kab. Bandung"
"1777986536-581","https://www.blibli.com/cari/hp%20realme?category=AN-1000001&category=HA-1000003&sort=0&intent=false&firstLoad=false&brand=Realme&page=10&start=360","Realme 7 Pro 8/128GB  Smartphone","5.000.000","","Terjual 19","","Kab. Bekasi"
"1777986536-582","https://www.blibli.com/cari/hp%20realme?category=AN-1000001&category=HA-1000003&sort=0&intent=false&firstLoad=false&brand=Realme&page=10&start=360","REALME C61 | C71 - SMARTPHONE","1.800.000","","Terjual 2","","Kab. Blora"
"1777986536-583","https://www.blibli.com/cari/hp%20realme?category=AN-1000001&category=HA-1000003&sort=0&intent=false&firstLoad=false&brand=Realme&page=10&start=360","REALME 9i 4GB/64GB SMARTPHONE GARANSI RESMI","3.077.000","","","","Kota Palembang"
"1777986536-584","https://www.blibli.com/cari/hp%20realme?category=AN-1000001&category=HA-1000003&sort=0&intent=false&firstLoad=false&brand=Realme&page=10&start=360","REALME 6PRO 8GB/128GB SMARTPHONE GARANSI RESMI","5.055.000","","","","Kota Palembang"
"1777986536-585","https://www.blibli.com/cari/hp%20realme?category=AN-1000001&category=HA-1000003&sort=0&intent=false&firstLoad=false&brand=Realme&page=10&start=360","REALME 13 5G 12/256 - SMARTPHONE","2.962.000","","","","Kab. Bojonegoro"
"1777986536-586","https://www.blibli.com/cari/hp%20realme?category=AN-1000001&category=HA-1000003&sort=0&intent=false&firstLoad=false&brand=Realme&page=10&start=360","REALME C75X 8/128GB - SMARTPHONE","2.175.000","","","","Kab. Lamongan"
"1777986536-587","https://www.blibli.com/cari/hp%20realme?category=AN-1000001&category=HA-1000003&sort=0&intent=false&firstLoad=false&brand=Realme&page=10&start=360","REALME C12 3GB/32GB SMARTPHONE GARANSI RESMI","2.198.000","","","","Kota Palembang"
"1777986536-588","https://www.blibli.com/cari/hp%20realme?category=AN-1000001&category=HA-1000003&sort=0&intent=false&firstLoad=false&brand=Realme&page=10&start=360","REALME C31 3GB/32GB SMARTPHONE GARANSI RESMI","1.731.000","","","","Kota Palembang"
"1777986536-589","https://www.blibli.com/cari/hp%20realme?category=AN-1000001&category=HA-1000003&sort=0&intent=false&firstLoad=false&brand=Realme&page=10&start=360","REALME 14 5G | 14T 5G - SMARTPHONE","3.350.000","","","","Kab. Blora"
"1777986536-590","https://www.blibli.com/cari/hp%20realme?category=AN-1000001&category=HA-1000003&sort=0&intent=false&firstLoad=false&brand=Realme&page=10&start=360","REALME NOTE 60 | NOTE 70 | NOTE 80 SERIES - SMARTPHONE","1.260.000","","","","Kab. Bojonegoro"
"1777986536-591","https://www.blibli.com/cari/hp%20realme?category=AN-1000001&category=HA-1000003&sort=0&intent=false&firstLoad=false&brand=Realme&page=10&start=360","REALME C75 8/128GB | 8/256GB - SMARTPHONE","2.765.000","","Terjual 3","","Kab. Lamongan"
"1777986536-592","https://www.blibli.com/cari/hp%20realme?category=AN-1000001&category=HA-1000003&sort=0&intent=false&firstLoad=false&brand=Realme&page=10&start=360","REALME NOTE 60X 4/64GB | 4/128GB - SMARTPHONE","1.289.000","","Terjual 1","","Kab. Lamongan"
"1777986536-593","https://www.blibli.com/cari/hp%20realme?category=AN-1000001&category=HA-1000003&sort=0&intent=false&firstLoad=false&brand=Realme&page=10&start=360","REALME GT 7 12/256GB | GT 7T 12/256GB - SMARTPHONE","6.308.000","","","","Kab. Bojonegoro"
"1777986536-594","https://www.blibli.com/cari/hp%20realme?category=AN-1000001&category=HA-1000003&sort=0&intent=false&firstLoad=false&brand=Realme&page=10&start=360","REALME 15 5G SERIES | 15 PRO SERIES | 15T SERIES | 16 SERIES - SMARTPHONE","3.640.000","","","","Kab. Blora"
"1777986536-595","https://www.blibli.com/cari/hp%20realme?category=AN-1000001&category=HA-1000003&sort=0&intent=false&firstLoad=false&brand=Realme&page=10&start=360","REALME C85 SERIES 6/128GB | 8/128GB | 8/256GB - SMARTPHONE","2.765.000","","Terjual 1","","Kab. Bojonegoro"
"1777986536-596","https://www.blibli.com/cari/hp%20realme?category=AN-1000001&category=HA-1000003&sort=0&intent=false&firstLoad=false&brand=Realme&page=10&start=360","REALME NARZO 30A (4+64)","1.999.000","","Terjual 2","","Kota Jakarta Utara"
"1777986536-597","https://www.blibli.com/cari/hp%20realme?category=AN-1000001&category=HA-1000003&sort=0&intent=false&firstLoad=false&brand=Realme&page=10&start=360","Realme C71 4/128gb, 6/128gb, 8/128gb new segel bergaransi resmi","2.018.000","","","","Kota Malang"
"1777986536-598","https://www.blibli.com/cari/hp%20realme?category=AN-1000001&category=HA-1000003&sort=0&intent=false&firstLoad=false&brand=Realme&page=10&start=360","REALME C11","1.499.000","","","","Kota Jakarta Utara"
"1777986536-599","https://www.blibli.com/cari/hp%20realme?category=AN-1000001&category=HA-1000003&sort=0&intent=false&firstLoad=false&brand=Realme&page=10&start=360","REALME C11","1.250.000","","Terjual 3","","Kota Bogor"
"1777986536-600","https://www.blibli.com/cari/hp%20realme?category=AN-1000001&category=HA-1000003&sort=0&intent=false&firstLoad=false&brand=Realme&page=10&start=360","REALME NOTE 70 4/64GB | 4/128GB GARANSI RESMI REALME INDONESIA","1.549.000","5","Terjual 4","","Kota Jakarta Utara"
"1777986536-601","https://www.blibli.com/cari/hp%20realme?category=AN-1000001&category=HA-1000003&sort=0&intent=false&firstLoad=false&brand=Realme&page=10&start=360","REALME NOTE 60X 4/64GB | 4/128GB GARANSI RESMI REALME INDONESIA","1.349.000","","","","Kota Jakarta Utara"
"1777986536-602","https://www.blibli.com/cari/hp%20realme?category=AN-1000001&category=HA-1000003&sort=0&intent=false&firstLoad=false&brand=Realme&page=10&start=360","Realme Note 60x (Ram 4GB, Rom 64/128GB, IP54)","1.249.000","","","","Kota Malang"
"1777986536-603","https://www.blibli.com/cari/hp%20realme?category=AN-1000001&category=HA-1000003&sort=0&intent=false&firstLoad=false&brand=Realme&page=10&start=360","Realme C63 (RAM 6GB, ROM 128GB, 45W Quick Charge)","2.299.000","","","","Kota Malang"
"1777986536-604","https://www.blibli.com/cari/hp%20realme?category=AN-1000001&category=HA-1000003&sort=0&intent=false&firstLoad=false&brand=Realme&page=10&start=360","Hp Realme 10 Pro 5G 8/128 GB & 8/256 GB 108MP ProLight Camera 5000mAh","4.268.000","","","","Kab. Tulungagung"
"1777986536-605","https://www.blibli.com/cari/hp%20realme?category=AN-1000001&category=HA-1000003&sort=0&intent=false&firstLoad=false&brand=Realme&page=10&start=360","REALME 15T 5G 8/128GB | 8/256GB GARANSI RESMI REALME INDONESIA","3.999.000","","","","Kota Jakarta Utara"
"1777986536-606","https://www.blibli.com/cari/hp%20realme?category=AN-1000001&category=HA-1000003&sort=0&intent=false&firstLoad=false&brand=Realme&page=10&start=360","REALME C11","1.299.000","","Terjual 9","","Kota Jakarta Utara"
"1777986536-607","https://www.blibli.com/cari/hp%20realme?category=AN-1000001&category=HA-1000003&sort=0&intent=false&firstLoad=false&brand=Realme&page=10&start=360","REALME 12 PLUS 5G 8/256GB GARANSI RESMI REALME INDONESIA","3.799.000","","","","Kota Jakarta Utara"
"1777986536-608","https://www.blibli.com/cari/hp%20realme?category=AN-1000001&category=HA-1000003&sort=0&intent=false&firstLoad=false&brand=Realme&page=10&start=360","REALME C63 6/128GB | 8/128GB GARANSI RESMI REALME INDONESIA","2.099.000","5","Terjual 1","","Kota Jakarta Utara"
"1777986536-609","https://www.blibli.com/cari/hp%20realme?category=AN-1000001&category=HA-1000003&sort=0&intent=false&firstLoad=false&brand=Realme&page=10&start=360","Realme 13 5G (RAM 12GB, ROM 256GB, Dimensity 6300)","3.499.000","","","","Kota Malang"
"1777986536-610","https://www.blibli.com/cari/hp%20realme?category=AN-1000001&category=HA-1000003&sort=0&intent=false&firstLoad=false&brand=Realme&page=10&start=360","REALME 12 PRO PLUS 8/256GB | 12/512GB GARANSI RESMI REALME INDONESIA","4.899.000","","","","Kota Jakarta Utara"
"1777986536-611","https://www.blibli.com/cari/hp%20realme?category=AN-1000001&category=HA-1000003&sort=0&intent=false&firstLoad=false&brand=Realme&page=10&start=360","REALME 13 PRO PLUS 8/256GB | 12/512GB GARANSI RESMI REALME INDONESIA","4.399.000","5","Terjual 1","","Kota Jakarta Utara"
"1777986536-612","https://www.blibli.com/cari/hp%20realme?category=AN-1000001&category=HA-1000003&sort=0&intent=false&firstLoad=false&brand=Realme&page=10&start=360","REALME 15 PRO 12/256GB | 12/512GB GARANSI RESMI REALME INDONESIA","7.499.000","","","","Kota Jakarta Utara"
"1777986536-613","https://www.blibli.com/cari/hp%20realme?category=AN-1000001&category=HA-1000003&sort=0&intent=false&firstLoad=false&brand=Realme&page=10&start=360","ZTE Blade A55 (RAM 4GB, ROM 128GB, 6.75-inch 90Hz)","1.099.000","","","","Kota Malang"
"1777986536-614","https://www.blibli.com/cari/hp%20realme?category=AN-1000001&category=HA-1000003&sort=0&intent=false&firstLoad=false&brand=Realme&page=10&start=360","Realme C75 8/128 GB Garansi Resmi 1 Tahun","2.268.000","5","Terjual 7","Kota Jakarta Barat","BIGBOSS SHOP Flagship Store"
"1777986536-615","https://www.blibli.com/cari/hp%20realme?category=AN-1000001&category=HA-1000003&sort=0&intent=false&firstLoad=false&brand=Realme&page=10&start=360","Realme C75 8/256 GB Garansi Resmi 1 Tahun","2.398.000","5","Terjual 2","Kota Jakarta Barat","BIGBOSS SHOP Flagship Store"
"1777986536-616","https://www.blibli.com/cari/hp%20realme?category=AN-1000001&category=HA-1000003&sort=0&intent=false&firstLoad=false&brand=Realme&page=10&start=360","REALME NOTE 70 4/64GB Garansi Resmi + Bonus","1.548.000","","Terjual 1","Kota Jakarta Barat","Gudang ponsell Flagship Store"
"1777986536-617","https://www.blibli.com/cari/hp%20realme?category=AN-1000001&category=HA-1000003&sort=0&intent=false&firstLoad=false&brand=Realme&page=10&start=360","HP REALME C25S 4/128","2.399.000","5","Terjual 1","","Kab. Banyuwangi"
"1777986536-618","https://www.blibli.com/cari/hp%20realme?category=AN-1000001&category=HA-1000003&sort=0&intent=false&firstLoad=false&brand=Realme&page=10&start=360","HP REALME C20 2/32 GARANSI RESMI","1.239.000","","","","Kab. Banyuwangi"
"1777986536-619","https://www.blibli.com/cari/hp%20realme?category=AN-1000001&category=HA-1000003&sort=0&intent=false&firstLoad=false&brand=Realme&page=10&start=360","realme 8 Smartphone [8GB/128GB]","3.359.040","5","Terjual 7","Kota Surabaya","Sentra Pusat Gadget Flagship Store"
"1777986536-620","https://www.blibli.com/cari/hp%20realme?category=AN-1000001&category=HA-1000003&sort=0&intent=false&firstLoad=false&brand=Realme&page=10&start=360","Realme C25 Smartphone [4GB-64GB]","2.015.040","5","Terjual 27","Kota Surabaya","Sentra Pusat Gadget Flagship Store"
"1777986536-621","https://www.blibli.com/cari/hp%20realme?category=AN-1000001&category=HA-1000003&sort=0&intent=false&firstLoad=false&brand=Realme&page=10&start=360","Realme C17 Smartphone [6GB/256GB]","2.687.040","5","Terjual 15","Kota Surabaya","Sentra Pusat Gadget Flagship Store"
"1777986536-622","https://www.blibli.com/cari/hp%20realme?category=AN-1000001&category=HA-1000003&sort=0&intent=false&firstLoad=false&brand=Realme&page=10&start=360","realme 8 Pro Smartphone [8GB/128GB]","4.127.040","5","Terjual 12","Kota Surabaya","Sentra Pusat Gadget Flagship Store"
"1777986536-623","https://www.blibli.com/cari/hp%20realme?category=AN-1000001&category=HA-1000003&sort=0&intent=false&firstLoad=false&brand=Realme&page=10&start=360","Realme C25 Smartphone [4GB-128GB]","2.207.040","5","Terjual 10","Kota Surabaya","Sentra Pusat Gadget Flagship Store"
"1777986536-624","https://www.blibli.com/cari/hp%20realme?category=AN-1000001&category=HA-1000003&sort=0&intent=false&firstLoad=false&brand=Realme&page=10&start=360","Realme C11 Smartphone [2GB/32GB/ Garansi Resmi]","1.499.000","5","Terjual 16","Kota Surabaya","Sentra Pusat Gadget Flagship Store"
"1777986536-625","https://www.blibli.com/cari/hp%20realme?category=AN-1000001&category=HA-1000003&sort=0&intent=false&firstLoad=false&brand=Realme&page=10&start=360","Realme 5i Smartphone [4GB - 64GB]","2.111.040","","Terjual 2","Kota Surabaya","Sentra Pusat Gadget Flagship Store"
"1777986536-626","https://www.blibli.com/cari/hp%20realme?category=AN-1000001&category=HA-1000003&sort=0&intent=false&firstLoad=false&brand=Realme&page=10&start=360","Realme C12 Smartphone [ 3GB / 32GB ] - Garansi Resmi","1.899.000","","Terjual 5","Kota Surabaya","Sentra Pusat Gadget Flagship Store"
"1777986536-627","https://www.blibli.com/cari/hp%20realme?category=AN-1000001&category=HA-1000003&sort=0&intent=false&firstLoad=false&brand=Realme&page=10&start=360","Realme Note 60X 4/128GB Garansi Resmi Indonesia HP Murah Handphone Smartphone Original ORI","1.349.000","","Terjual 1","Kota Surabaya","Apollo Gadget Flagship Store"
"1777986536-628","https://www.blibli.com/cari/hp%20realme?category=AN-1000001&category=HA-1000003&sort=0&intent=false&firstLoad=false&brand=Realme&page=10&start=360","Realme Note 60X 4/64GB Garansi Resmi Indonesia HP Handphone Murah Smartphone ORI Original","1.299.000","","","Kota Surabaya","Apollo Gadget Flagship Store"
"1777986536-629","https://www.blibli.com/cari/hp%20realme?category=AN-1000001&category=HA-1000003&sort=0&intent=false&firstLoad=false&brand=Realme&page=10&start=360","Realme C35 4/64GB smartphone","2.207.040","5","Terjual 11","Kota Surabaya","Sentra Pusat Gadget Flagship Store"
"1777986536-630","https://www.blibli.com/cari/hp%20realme?category=AN-1000001&category=HA-1000003&sort=0&intent=false&firstLoad=false&brand=Realme&page=10&start=360","Realme C35 4/64GB smartphone","2.299.000","5","Terjual 3","Kab. Sidoarjo","DISCOVERY Flagship Store"
"1777986536-631","https://www.blibli.com/cari/hp%20realme?category=AN-1000001&category=HA-1000003&sort=0&intent=false&firstLoad=false&brand=Realme&page=10&start=360","Realme 11 Pro 5G [8GB/256GB] Smartphone","4.599.000","5","Terjual 10","Kota Surabaya","Apollo Gadget Flagship Store"
"1777986536-632","https://www.blibli.com/cari/hp%20realme?category=AN-1000001&category=HA-1000003&sort=0&intent=false&firstLoad=false&brand=Realme&page=10&start=360","Realme 13 Pro+ 5G 12/512GB Smartphone","6.999.000","5","Terjual 2","Kota Surabaya","Apollo Gadget Flagship Store"
"1777986536-633","https://www.blibli.com/cari/hp%20realme?category=AN-1000001&category=HA-1000003&sort=0&intent=false&firstLoad=false&brand=Realme&page=10&start=360","Realme 13 Pro 5G 12/256GB Smartphone","5.999.000","","Terjual 1","Kota Surabaya","Apollo Gadget Flagship Store"
"1777986536-634","https://www.blibli.com/cari/hp%20realme?category=AN-1000001&category=HA-1000003&sort=0&intent=false&firstLoad=false&brand=Realme&page=10&start=360","HP REALME NOTE 70 4/128GB","1.599.000","5","Terjual 105","Kab. Kudus","Telering Flagship Store"
"1777986536-635","https://www.blibli.com/cari/hp%20realme?category=AN-1000001&category=HA-1000003&sort=0&intent=false&firstLoad=false&brand=Realme&page=10&start=360","HP REALME C71 4/128GB","1.899.000","5","Terjual 128","Kab. Kudus","Telering Flagship Store"
"1777986536-636","https://www.blibli.com/cari/hp%20realme?category=AN-1000001&category=HA-1000003&sort=0&intent=false&firstLoad=false&brand=Realme&page=10&start=360","HP REALME 13 8/128 HIJAU","2.999.000","5","Terjual 42","Kab. Kudus","Telering Flagship Store"
"1777986536-637","https://www.blibli.com/cari/hp%20realme?category=AN-1000001&category=HA-1000003&sort=0&intent=false&firstLoad=false&brand=Realme&page=10&start=360","HP REALME NOTE 70 4/64GB","1.499.000","5","Terjual 83","Kab. Kudus","Telering Flagship Store"
"1777986536-638","https://www.blibli.com/cari/hp%20realme?category=AN-1000001&category=HA-1000003&sort=0&intent=false&firstLoad=false&brand=Realme&page=10&start=360","HP REALME NOTE 60 4/64GB","1.199.000","5","Terjual 45","Kab. Kudus","Telering Flagship Store"
"1777986536-639","https://www.blibli.com/cari/hp%20realme?category=AN-1000001&category=HA-1000003&sort=0&intent=false&firstLoad=false&brand=Realme&page=10&start=360","HP REALME C75 8/128GB","2.399.000","5","Terjual 45","Kab. Kudus","Telering Flagship Store"
"1777986536-640","https://www.blibli.com/cari/hp%20realme?category=AN-1000001&category=HA-1000003&sort=0&intent=false&firstLoad=false&brand=Realme&page=10&start=360","HP REALME C71 6/128GB","2.099.000","5","Terjual 54","Kab. Kudus","Telering Flagship Store"
"1777986536-641","https://www.blibli.com/cari/hp%20realme?category=AN-1000001&category=HA-1000003&sort=0&intent=false&firstLoad=false&brand=Realme&page=10&start=360","HP REALME C75 8/256GB","2.799.000","5","Terjual 25","Kab. Kudus","Telering Flagship Store"
"1777986536-642","https://www.blibli.com/cari/hp%20realme?category=AN-1000001&category=HA-1000003&sort=0&intent=false&firstLoad=false&brand=Realme&page=10&start=360","HP REALME NOTE50 4/64GB","1.349.000","","Terjual 5","Kab. Kudus","Telering Flagship Store"
"1777986536-643","https://www.blibli.com/cari/hp%20realme?category=AN-1000001&category=HA-1000003&sort=0&intent=false&firstLoad=false&brand=Realme&page=10&start=360","HP REALME C75X 8/128GB","2.199.000","5","Terjual 60","Kab. Kudus","Telering Flagship Store"
"1777986536-644","https://www.blibli.com/cari/hp%20realme?category=AN-1000001&category=HA-1000003&sort=0&intent=false&firstLoad=false&brand=Realme&page=10&start=360","HP REALME NOTE50 4/128GB","1.549.000","","Terjual 3","Kab. Kudus","Telering Flagship Store"
"1777986536-645","https://www.blibli.com/cari/hp%20realme?category=AN-1000001&category=HA-1000003&sort=0&intent=false&firstLoad=false&brand=Realme&page=10&start=360","HP REALME C61 8/128GB","1.799.000","5","Terjual 10","Kab. Kudus","Telering Flagship Store"
"1777986536-646","https://www.blibli.com/cari/hp%20realme?category=AN-1000001&category=HA-1000003&sort=0&intent=false&firstLoad=false&brand=Realme&page=10&start=360","HP REALME C71 8/128GB","2.299.000","","Terjual 16","Kab. Kudus","Telering Flagship Store"
"1777986536-647","https://www.blibli.com/cari/hp%20realme?category=AN-1000001&category=HA-1000003&sort=0&intent=false&firstLoad=false&brand=Realme&page=10&start=360","HP REALME NOTE 60 6/128GB","1.499.000","3","Terjual 11","Kab. Kudus","Telering Flagship Store"
"1777986536-648","https://www.blibli.com/cari/hp%20realme?category=AN-1000001&category=HA-1000003&sort=0&intent=false&firstLoad=false&brand=Realme&page=10&start=360","HP REALME 14 5G 8/256GB","4.399.000","5","Terjual 6","Kab. Kudus","Telering Flagship Store"
"1777986536-649","https://www.blibli.com/cari/hp%20realme?category=AN-1000001&category=HA-1000003&sort=0&intent=false&firstLoad=false&brand=Realme&page=10&start=360","HP REALME 13 4G 8/256GB","2.999.000","","","Kab. Purworejo","Telering Flagship Store"
"1777986536-650","https://www.blibli.com/cari/hp%20realme?category=AN-1000001&category=HA-1000003&sort=0&intent=false&firstLoad=false&brand=Realme&page=10&start=360","HP REALME 15T 5G 8/256","3.999.000","","Terjual 1","Kab. Purworejo","Telering Flagship Store"
"1777986536-651","https://www.blibli.com/cari/hp%20realme?category=AN-1000001&category=HA-1000003&sort=0&intent=false&firstLoad=false&brand=Realme&page=10&start=360","HP REALME 11 RMX3636 8/256GB","2.699.000","","Terjual 1","Kab. Purworejo","Telering Flagship Store"
"1777986536-652","https://www.blibli.com/cari/hp%20realme?category=AN-1000001&category=HA-1000003&sort=0&intent=false&firstLoad=false&brand=Realme&page=10&start=360","HP REALME 13 5G 12/256 SPEED GREEN","3.499.000","5","Terjual 6","Kab. Kudus","Telering Flagship Store"
"1777986536-653","https://www.blibli.com/cari/hp%20realme?category=AN-1000001&category=HA-1000003&sort=0&intent=false&firstLoad=false&brand=Realme&page=10&start=360","HP REALME RMX3834 NOTE50 4/128GB","1.549.000","","","Kab. Kudus","Telering Flagship Store"
"1777986536-654","https://www.blibli.com/cari/hp%20realme?category=AN-1000001&category=HA-1000003&sort=0&intent=false&firstLoad=false&brand=Realme&page=10&start=360","HP REALME 12 5G 8/256 HIJAU HUTAN","2.999.000","","Terjual 1","Kota Cirebon","Telering Flagship Store"
"1777986536-655","https://www.blibli.com/cari/hp%20realme?category=AN-1000001&category=HA-1000003&sort=0&intent=false&firstLoad=false&brand=Realme&page=10&start=360","HP REALME 14T 5G 8/256GB","3.799.000","5","Terjual 11","Kab. Kudus","Telering Flagship Store"
"1777986536-656","https://www.blibli.com/cari/hp%20realme?category=AN-1000001&category=HA-1000003&sort=0&intent=false&firstLoad=false&brand=Realme&page=10&start=360","Hp Realme C65 ram 8GB Internal 256GB Garansi Resmi","2.599.000","","Terjual 1","Kota Pekanbaru","wwponsel_hangtuah Flagship Store"
"1777986536-657","https://www.blibli.com/cari/hp%20realme?category=AN-1000001&category=HA-1000003&sort=0&intent=false&firstLoad=false&brand=Realme&page=10&start=360","Hp Realme Note 50 Ram 4GB Internal 64GB Garansi Resmi","1.399.000","","","Kota Pekanbaru","wwponsel_hangtuah Flagship Store"
"1777986536-658","https://www.blibli.com/cari/hp%20realme?category=AN-1000001&category=HA-1000003&sort=0&intent=false&firstLoad=false&brand=Realme&page=10&start=360","Hp Realme C65 Ram 8GB Internal 256GB Garansi Resmi","2.799.000","","","Kota Pekanbaru","wwponsel_hangtuah Flagship Store"
"1777986536-659","https://www.blibli.com/cari/hp%20realme?category=AN-1000001&category=HA-1000003&sort=0&intent=false&firstLoad=false&brand=Realme&page=10&start=360","Hp Realme Note 60 Ram 8GB Internal 256GB Garansi Resmi","1.999.000","","","Kota Pekanbaru","wwponsel_hangtuah Flagship Store"
"1777986536-660","https://www.blibli.com/cari/hp%20realme?category=AN-1000001&category=HA-1000003&sort=0&intent=false&firstLoad=false&brand=Realme&page=10&start=360","Hp Realme C65 Ram 8GB Internal 128GB Garansi Resmi","2.399.000","","","Kota Pekanbaru","wwponsel_hangtuah Flagship Store"
"1777986536-661","https://www.blibli.com/cari/hp%20realme?category=AN-1000001&category=HA-1000003&sort=0&intent=false&firstLoad=false&brand=Realme&page=10&start=360","Hp Realme Note 60 Ram 6GB Internal 128GB Garansi Resmi","1.499.000","","Terjual 1","Kota Pekanbaru","wwponsel_hangtuah Flagship Store"
"1777986536-662","https://www.blibli.com/cari/hp%20realme?category=AN-1000001&category=HA-1000003&sort=0&intent=false&firstLoad=false&brand=Realme&page=10&start=360","Hp Realme Note 50 Ram 4GB Internal 128GB Garansi Resmi","1.599.000","","","Kota Pekanbaru","wwponsel_hangtuah Flagship Store"
"1777986536-663","https://www.blibli.com/cari/hp%20realme?category=AN-1000001&category=HA-1000003&sort=0&intent=false&firstLoad=false&brand=Realme&page=10&start=360","Hp Realme Note 60x Ram 4GB Internal 128GB Garansi Resmi","1.450.000","","","Kota Pekanbaru","wwponsel_hangtuah Flagship Store"
"1777986536-664","https://www.blibli.com/cari/hp%20realme?category=AN-1000001&category=HA-1000003&sort=0&intent=false&firstLoad=false&brand=Realme&page=10&start=360","Hp Realme 10 8/128 GB dan 8/256 GB 50MP Kamera Color Al","2.748.000","","","","Kab. Mojokerto"
"1777986536-665","https://www.blibli.com/cari/hp%20realme?category=AN-1000001&category=HA-1000003&sort=0&intent=false&firstLoad=false&brand=Realme&page=10&start=360","Hp Realme C30S ram 3/32 GB dan 4/64 GB 5000mAh Massive Battery","1.338.000","","","","Kab. Mojokerto"
"1777986536-666","https://www.blibli.com/cari/hp%20realme?category=AN-1000001&category=HA-1000003&sort=0&intent=false&firstLoad=false&brand=Realme&page=10&start=360","Realme 6 Smartphone [128GB/ 8GB]","3.499.000","","Terjual 8","","Kota Surabaya"
"1777986536-667","https://www.blibli.com/cari/hp%20realme?category=AN-1000001&category=HA-1000003&sort=0&intent=false&firstLoad=false&brand=Realme&page=10&start=360","Realme 7 Smartphone [8GB/ 128GB]","3.999.000","","Terjual 4","","Kota Surabaya"
"1777986536-668","https://www.blibli.com/cari/hp%20realme?category=AN-1000001&category=HA-1000003&sort=0&intent=false&firstLoad=false&brand=Realme&page=10&start=360","Realme 5i Smartphone [4GB - 64GB]","2.199.000","","Terjual 48","","Kota Surabaya"
"1777986536-669","https://www.blibli.com/cari/hp%20realme?category=AN-1000001&category=HA-1000003&sort=0&intent=false&firstLoad=false&brand=Realme&page=10&start=360","Realme 5 Pro Smartphone [128GB/ 4GB] Crystal Green","3.099.000","","Terjual 5","","Kota Surabaya"
"1777986536-670","https://www.blibli.com/cari/hp%20realme?category=AN-1000001&category=HA-1000003&sort=0&intent=false&firstLoad=false&brand=Realme&page=10&start=360","Hp Realme 10 Pro 5G 8/128 GB & 8/256 GB 108MP ProLight Camera 5000mAh","3.998.000","","","","Kab. Mojokerto"
"1777986536-671","https://www.blibli.com/cari/hp%20realme?category=AN-1000001&category=HA-1000003&sort=0&intent=false&firstLoad=false&brand=Realme&page=10&start=360","realme X2 Pro Smartphone [256 GB/ 12 GB/ Official Store]","7.799.000","5","Terjual 12","","Kota Surabaya"
"1777986536-672","https://www.blibli.com/cari/hp%20realme?category=AN-1000001&category=HA-1000003&sort=0&intent=false&firstLoad=false&brand=Realme&page=10&start=360","REALME 13 5G 12/256","3.998.000","","Terjual 13","","Kota Surabaya"
"1777986536-673","https://www.blibli.com/cari/hp%20realme?category=AN-1000001&category=HA-1000003&sort=0&intent=false&firstLoad=false&brand=Realme&page=10&start=360","REALME NOTE 60 6/128 GARANSI RESMI","1.697.000","","Terjual 11","","Kota Surabaya"
"1777986536-674","https://www.blibli.com/cari/hp%20realme?category=AN-1000001&category=HA-1000003&sort=0&intent=false&firstLoad=false&brand=Realme&page=10&start=360","REALME 13 PRO 12/256 GARANSI RESMI","6.365.000","","","","Kota Surabaya"
"1777986536-675","https://www.blibli.com/cari/hp%20realme?category=AN-1000001&category=HA-1000003&sort=0&intent=false&firstLoad=false&brand=Realme&page=10&start=360","Handphone Realme 11 8/256 GB","3.807.000","","","Kota Bandung","MetaCore Store Flagship Store"
"1777986536-676","https://www.blibli.com/cari/hp%20realme?category=AN-1000001&category=HA-1000003&sort=0&intent=false&firstLoad=false&brand=Realme&page=10&start=360","Realme C31 Smartphone [3/32GB] Garansi Resmi","1.450.000","5","Terjual 3","Kota Jakarta Pusat","Global Teleshop Flagship Store"
"1777986536-677","https://www.blibli.com/cari/hp%20realme?category=AN-1000001&category=HA-1000003&sort=0&intent=false&firstLoad=false&brand=Realme&page=10&start=360","Realme Narzo 50A Smartphone [4/128GB] Garansi Resmi","2.399.000","","","Kota Jakarta Pusat","Global Teleshop Flagship Store"
"1777986536-678","https://www.blibli.com/cari/hp%20realme?category=AN-1000001&category=HA-1000003&sort=0&intent=false&firstLoad=false&brand=Realme&page=10&start=360","Realme C11 2021 Smartphone [2/32GB] Garansi Resmi","1.349.000","","","Kota Jakarta Pusat","Global Teleshop Flagship Store"
"1777986536-679","https://www.blibli.com/cari/hp%20realme?category=AN-1000001&category=HA-1000003&sort=0&intent=false&firstLoad=false&brand=Realme&page=10&start=360","Realme 10 Smartphone [8GB/128GB] Garansi Resmi","2.799.000","","Terjual 1","Kota Salatiga","SINAR MAS SELLULER Flagship Store"
"1777986536-680","https://www.blibli.com/cari/hp%20realme?category=AN-1000001&category=HA-1000003&sort=0&intent=false&firstLoad=false&brand=Realme&page=10&start=360","Realme 10 Smartphone [8GB/256GB] Garansi Resmi","2.999.000","","","Kota Salatiga","SINAR MAS SELLULER Flagship Store"
"1777986536-681","https://www.blibli.com/cari/hp%20realme?category=AN-1000001&category=HA-1000003&sort=0&intent=false&firstLoad=false&brand=Realme&page=10&start=360","Realme C53 Smartphone [6GB/128GB] Garansi Resmi","1.999.000","5","Terjual 13","Kota Salatiga","SINAR MAS SELLULER Flagship Store"
"1777986536-682","https://www.blibli.com/cari/hp%20realme?category=AN-1000001&category=HA-1000003&sort=0&intent=false&firstLoad=false&brand=Realme&page=10&start=360","Realme C51 Smartphone [4GB/128GB] Garansi Resmi","1.699.000","","","Kota Salatiga","SINAR MAS SELLULER Flagship Store"
"1777986536-683","https://www.blibli.com/cari/hp%20realme?category=AN-1000001&category=HA-1000003&sort=0&intent=false&firstLoad=false&brand=Realme&page=10&start=360","Realme C55 Smartphone [6GB/128GB] Garansi Resmi","2.299.000","5","Terjual 2","Kota Salatiga","SINAR MAS SELLULER Flagship Store"
"1777986536-684","https://www.blibli.com/cari/hp%20realme?category=AN-1000001&category=HA-1000003&sort=0&intent=false&firstLoad=false&brand=Realme&page=10&start=360","Realme C51 Smartphone [4GB/64GB] Garansi Resmi","1.399.000","5","Terjual 3","Kota Salatiga","SINAR MAS SELLULER Flagship Store"
"1777986536-685","https://www.blibli.com/cari/hp%20realme?category=AN-1000001&category=HA-1000003&sort=0&intent=false&firstLoad=false&brand=Realme&page=10&start=360","Realme C53 Smartphone [8GB/256GB] Garansi Resmi","2.299.000","","","Kota Salatiga","SINAR MAS SELLULER Flagship Store"
"1777986536-686","https://www.blibli.com/cari/hp%20realme?category=AN-1000001&category=HA-1000003&sort=0&intent=false&firstLoad=false&brand=Realme&page=10&start=360","Realme C67 Smartphone [8GB/128GB] Garansi Resmi","2.599.000","","","Kota Salatiga","SINAR MAS SELLULER Flagship Store"
"1777986536-687","https://www.blibli.com/cari/hp%20realme?category=AN-1000001&category=HA-1000003&sort=0&intent=false&firstLoad=false&brand=Realme&page=10&start=360","Realme C67 Smartphone [8GB/256GB] Garansi Resmi","2.999.000","","","Kota Salatiga","SINAR MAS SELLULER Flagship Store"
"1777986536-688","https://www.blibli.com/cari/hp%20realme?category=AN-1000001&category=HA-1000003&sort=0&intent=false&firstLoad=false&brand=Realme&page=10&start=360","Realme 11 4G Smartphone [8GB/256GB] Garansi Resmi","3.299.000","","","Kota Salatiga","SINAR MAS SELLULER Flagship Store"
"1777986536-689","https://www.blibli.com/cari/hp%20realme?category=AN-1000001&category=HA-1000003&sort=0&intent=false&firstLoad=false&brand=Realme&page=10&start=360","Realme 10 Pro Plus Smartphone [12GB/256GB] Garansi Resmi","6.999.000","","","Kota Salatiga","SINAR MAS SELLULER Flagship Store"
"1777986536-690","https://www.blibli.com/cari/hp%20realme?category=AN-1000001&category=HA-1000003&sort=0&intent=false&firstLoad=false&brand=Realme&page=10&start=360","Realme 10 Pro Plus Smartphone [8GB/128GB] Garansi Resmi","5.999.000","","","Kota Salatiga","SINAR MAS SELLULER Flagship Store"
"1777986536-691","https://www.blibli.com/cari/hp%20realme?category=AN-1000001&category=HA-1000003&sort=0&intent=false&firstLoad=false&brand=Realme&page=10&start=360","Realme C51s Smartphone [6GB/128GB] New Garansi Resmi","1.599.000","","","Kota Salatiga","SINAR MAS SELLULER Flagship Store"
"1777986536-692","https://www.blibli.com/cari/hp%20realme?category=AN-1000001&category=HA-1000003&sort=0&intent=false&firstLoad=false&brand=Realme&page=10&start=360","Realme C35 4/64GB smartphone","1.699.000","5","Terjual 139","Kab. Kudus","Telering Flagship Store"
"1777986536-693","https://www.blibli.com/cari/hp%20realme?category=AN-1000001&category=HA-1000003&sort=0&intent=false&firstLoad=false&brand=Realme&page=10&start=360","Realme 6 Smartphone Android [4/ 128 GB]","2.589.000","","Terjual 22","Kab. Cirebon","Complete.Selular Flagship Store"
"1777986536-694","https://www.blibli.com/cari/hp%20realme?category=AN-1000001&category=HA-1000003&sort=0&intent=false&firstLoad=false&brand=Realme&page=10&start=360","Realme C11 Smartphone [32GB/ 2GB]","1.199.000","","","Kab. Indramayu","Telering Flagship Store"
"1777986536-695","https://www.blibli.com/cari/hp%20realme?category=AN-1000001&category=HA-1000003&sort=0&intent=false&firstLoad=false&brand=Realme&page=10&start=360","Realme 11 Pro 5G Smartphone [8GB/256GB] Garansi Resmi","4.999.000","","","Kota Salatiga","SINAR MAS SELLULER Flagship Store"
"1777986536-696","https://www.blibli.com/cari/hp%20realme?category=AN-1000001&category=HA-1000003&sort=0&intent=false&firstLoad=false&brand=Realme&page=10&start=360","Realme 11 Pro+ 5G Smartphone [12GB/512GB] Garansi Resmi","6.999.000","","","Kota Salatiga","SINAR MAS SELLULER Flagship Store"
"1777986536-697","https://www.blibli.com/cari/hp%20realme?category=AN-1000001&category=HA-1000003&sort=0&intent=false&firstLoad=false&brand=Realme&page=10&start=360","Realme C33 4/128GB Smartphone","1.999.000","","","Kab. Indramayu","Telering Flagship Store"
"1777986536-698","https://www.blibli.com/cari/hp%20realme?category=AN-1000001&category=HA-1000003&sort=0&intent=false&firstLoad=false&brand=Realme&page=10&start=360","Realme 10 8/256GB","3.399.000","","Terjual 4","Kab. Kudus","Telering Flagship Store"
"1777986536-699","https://www.blibli.com/cari/hp%20realme?category=AN-1000001&category=HA-1000003&sort=0&intent=false&firstLoad=false&brand=Realme&page=10&start=360","REALME C11","1.298.000","","","Kota Jakarta Pusat","Princess Flagship Store"
"1777986536-700","https://www.blibli.com/cari/hp%20realme?category=AN-1000001&category=HA-1000003&sort=0&intent=false&firstLoad=false&brand=Realme&page=10&start=360","Realme C51 NFC 4GB/128GB Smartphone Garansi resmi realme Indonesia","1.625.000","5","Terjual 297","","Kota Jakarta Timur"
"1777986536-701","https://www.blibli.com/cari/hp%20realme?category=AN-1000001&category=HA-1000003&sort=0&intent=false&firstLoad=false&brand=Realme&page=10&start=360","realme C51 NFC 4GB-128GB Garansi resmi 1 tahun","1.625.000","5","Terjual 29","","Kota Jakarta Timur"
"1777986536-702","https://www.blibli.com/cari/hp%20realme?category=AN-1000001&category=HA-1000003&sort=0&intent=false&firstLoad=false&brand=Realme&page=10&start=360","Realme 11 Pro 5G [8+8GB/256GB] Garansi resmi 1 tahun","3.725.000","","Terjual 5","","Kota Jakarta Timur"
"1777986536-703","https://www.blibli.com/cari/hp%20realme?category=AN-1000001&category=HA-1000003&sort=0&intent=false&firstLoad=false&brand=Realme&page=10&start=360","Realme 6 Pro Smartphone [128GB/8GB]","3.499.000","5","Terjual 47","","Kota Jakarta Pusat"
"1777986536-704","https://www.blibli.com/cari/hp%20realme?category=AN-1000001&category=HA-1000003&sort=0&intent=false&firstLoad=false&brand=Realme&page=10&start=360","REALME C53 - SMARTPHONE","1.959.000","","Terjual 2","","Kab. Bojonegoro"
"1777986536-705","https://www.blibli.com/cari/hp%20realme?category=AN-1000001&category=HA-1000003&sort=0&intent=false&firstLoad=false&brand=Realme&page=10&start=360","Realme 5 Smartphone [32 GB/ 3 GB]","1.849.000","","Terjual 1","","Kota Medan"
"1777986536-706","https://www.blibli.com/cari/hp%20realme?category=AN-1000001&category=HA-1000003&sort=0&intent=false&firstLoad=false&brand=Realme&page=10&start=360","Realme C31 Smartphone [4GB-64GB]","1.899.000","5","Terjual 14","","Kab. Lamongan"
"1777986536-707","https://www.blibli.com/cari/hp%20realme?category=AN-1000001&category=HA-1000003&sort=0&intent=false&firstLoad=false&brand=Realme&page=10&start=360","Realme C11 Smartphone [2+32GB]","1.599.000","","","","Kota Balikpapan"
"1777986536-708","https://www.blibli.com/cari/hp%20realme?category=AN-1000001&category=HA-1000003&sort=0&intent=false&firstLoad=false&brand=Realme&page=10&start=360","Realme C31 Smartphone [3GB-32GB]","1.699.000","5","Terjual 17","","Kab. Lamongan"
"1777986536-709","https://www.blibli.com/cari/hp%20realme?category=AN-1000001&category=HA-1000003&sort=0&intent=false&firstLoad=false&brand=Realme&page=10&start=360","REALME 10 PRO SMARTPHONE 8/128GB","4.299.000","","Terjual 1","","Kab. Lamongan"
"1777986536-710","https://www.blibli.com/cari/hp%20realme?category=AN-1000001&category=HA-1000003&sort=0&intent=false&firstLoad=false&brand=Realme&page=10&start=360","Realme 5i Smartphone [32GB/ 3GB]","2.399.000","","","","Kota Malang"
"1777986536-711","https://www.blibli.com/cari/hp%20realme?category=AN-1000001&category=HA-1000003&sort=0&intent=false&firstLoad=false&brand=Realme&page=10&start=360","Realme 7 Pro 8/128GB Smartphone [ Garansi Resmi REALME ]","7.500.000","5","Terjual 2","","Kota Balikpapan"
"1777986536-712","https://www.blibli.com/cari/hp%20realme?category=AN-1000001&category=HA-1000003&sort=0&intent=false&firstLoad=false&brand=Realme&page=10&start=360","Realme C15 Smartphone [ 4GB-64GB ]","2.199.000","","","","Kota Balikpapan"
"1777986536-713","https://www.blibli.com/cari/hp%20realme?category=AN-1000001&category=HA-1000003&sort=0&intent=false&firstLoad=false&brand=Realme&page=10&start=360","REALME C30s SMARTPHONE 3 + 32GB","1.399.000","","","","Kab. Bojonegoro"
"1777986536-714","https://www.blibli.com/cari/hp%20realme?category=AN-1000001&category=HA-1000003&sort=0&intent=false&firstLoad=false&brand=Realme&page=10&start=360","Realme GT Neo 3 Smartphone 8GB/ 256GB","6.999.000","5","Terjual 1","","Kab. Bojonegoro"
"1777986536-715","https://www.blibli.com/cari/hp%20realme?category=AN-1000001&category=HA-1000003&sort=0&intent=false&firstLoad=false&brand=Realme&page=10&start=360","REALME C51 4/64GB -SMARTPHONE","1.341.000","4","Terjual 3","","Kab. Bojonegoro"
"1777986536-716","https://www.blibli.com/cari/hp%20realme?category=AN-1000001&category=HA-1000003&sort=0&intent=false&firstLoad=false&brand=Realme&page=10&start=360","Realme C35 4/128Gb Smartphone","2.499.000","5","Terjual 12","","Kab. Bojonegoro"
"1777986536-717","https://www.blibli.com/cari/hp%20realme?category=AN-1000001&category=HA-1000003&sort=0&intent=false&firstLoad=false&brand=Realme&page=10&start=360","REALME C53 8/256GB -SMARTPHONE","2.252.000","","","","Kab. Tuban"
"1777986536-718","https://www.blibli.com/cari/hp%20realme?category=AN-1000001&category=HA-1000003&sort=0&intent=false&firstLoad=false&brand=Realme&page=10&start=360","REALME 11 8/256GB - SMARTPHONE","3.111.000","5","Terjual 1","","Kab. Bojonegoro"
"1777986536-719","https://www.blibli.com/cari/hp%20realme?category=AN-1000001&category=HA-1000003&sort=0&intent=false&firstLoad=false&brand=Realme&page=10&start=360","REALME C67 8/256GB - SMARTPHONE","2.742.000","","","","Kab. Lamongan"
"1777986536-720","https://www.blibli.com/cari/hp%20realme?category=AN-1000001&category=HA-1000003&sort=0&intent=false&firstLoad=false&brand=Realme&page=10&start=360","REALME 10 PRO+ 8/128GB - SMARTPHONE","5.999.000","","","","Kab. Bojonegoro"
"1777986536-721","https://www.blibli.com/cari/hp%20realme?category=AN-1000001&category=HA-1000003&sort=0&intent=false&firstLoad=false&brand=Realme&page=10&start=360","Realme 9 8/128GB Smartphone","3.331.000","","","","Kab. Lamongan"
"1777986536-722","https://www.blibli.com/cari/hp%20realme?category=AN-1000001&category=HA-1000003&sort=0&intent=false&firstLoad=false&brand=Realme&page=10&start=360","REALME C67 8/128GB -SMARTPHONE","2.350.000","","","","Kab. Lamongan"
"1777986536-723","https://www.blibli.com/cari/hp%20realme?category=AN-1000001&category=HA-1000003&sort=0&intent=false&firstLoad=false&brand=Realme&page=10&start=360","REALME 11 PRO 5G - SMARTPHONE","4.242.000","","","","Kab. Bojonegoro"
"1777986536-724","https://www.blibli.com/cari/hp%20realme?category=AN-1000001&category=HA-1000003&sort=0&intent=false&firstLoad=false&brand=Realme&page=10&start=360","Realme C35 4/64GB Smartphone","2.199.000","1","Terjual 3","","Kab. Lamongan"
"1777986536-725","https://www.blibli.com/cari/hp%20realme?category=AN-1000001&category=HA-1000003&sort=0&intent=false&firstLoad=false&brand=Realme&page=10&start=360","Realme c30 4/64GB - Smartphone","1.699.000","","Terjual 2","","Kab. Lamongan"
"1777986536-726","https://www.blibli.com/cari/hp%20realme?category=AN-1000001&category=HA-1000003&sort=0&intent=false&firstLoad=false&brand=Realme&page=10&start=360","REALME 13 PRO+ 12/256GB - SMARTPHONE","6.162.000","","","","Kab. Bojonegoro"
"1777986536-727","https://www.blibli.com/cari/hp%20realme?category=AN-1000001&category=HA-1000003&sort=0&intent=false&firstLoad=false&brand=Realme&page=10&start=360","REALME 13 PRO 12/256GB - SMARTPHONE","5.740.000","","","","Kab. Bojonegoro"
"1777986536-728","https://www.blibli.com/cari/hp%20realme?category=AN-1000001&category=HA-1000003&sort=0&intent=false&firstLoad=false&brand=Realme&page=10&start=360","REALME 13 8/128GB 8/256GB - SMARTPHONE","2.748.000","","","","Kab. Bojonegoro"
"1777986536-729","https://www.blibli.com/cari/hp%20realme?category=AN-1000001&category=HA-1000003&sort=0&intent=false&firstLoad=false&brand=Realme&page=10&start=360","Realme 9 Pro 5G [8GB/128GB] Smartphone","3.999.000","","Terjual 1","","Kab. Lamongan"
"1777986536-730","https://www.blibli.com/cari/hp%20realme?category=AN-1000001&category=HA-1000003&sort=0&intent=false&firstLoad=false&brand=Realme&page=10&start=360","REALME C51S 6/128GB - SMARTPHONE","1.592.000","","Terjual 3","","Kab. Tuban"
"1777986536-731","https://www.blibli.com/cari/hp%20realme?category=AN-1000001&category=HA-1000003&sort=0&intent=false&firstLoad=false&brand=Realme&page=10&start=360","Realme 9i [6GB/128GB] - Smartphone","2.999.000","","","","Kab. Lamongan"
"1777986536-732","https://www.blibli.com/cari/hp%20realme?category=AN-1000001&category=HA-1000003&sort=0&intent=false&firstLoad=false&brand=Realme&page=10&start=360","REALME C63 6/128GB 8/128GB - SMARTPHONE","1.900.000","","","","Kab. Bojonegoro"
"1777986536-733","https://www.blibli.com/cari/hp%20realme?category=AN-1000001&category=HA-1000003&sort=0&intent=false&firstLoad=false&brand=Realme&page=10&start=360","Realme C25Y [4GB/64GB] Smartphone","1.899.000","5","Terjual 3","","Kab. Lamongan"
"1777986536-734","https://www.blibli.com/cari/hp%20realme?category=AN-1000001&category=HA-1000003&sort=0&intent=false&firstLoad=false&brand=Realme&page=10&start=360","REALME 13 PLUS 5G 12/256 - SMARTPHONE","3.640.000","","","","Kab. Bojonegoro"
"1777986536-735","https://www.blibli.com/cari/hp%20realme?category=AN-1000001&category=HA-1000003&sort=0&intent=false&firstLoad=false&brand=Realme&page=10&start=360","REALME 12+ 5G 8/256GB - SMARTPHONE","4.114.000","","","","Kab. Tuban"
"1777986536-736","https://www.blibli.com/cari/hp%20realme?category=AN-1000001&category=HA-1000003&sort=0&intent=false&firstLoad=false&brand=Realme&page=10&start=360","REALME 11 PRO+5G 12/512GB - SMARTPHONE","6.087.000","","","","Kab. Bojonegoro"
"1777986536-737","https://www.blibli.com/cari/hp%20realme?category=AN-1000001&category=HA-1000003&sort=0&intent=false&firstLoad=false&brand=Realme&page=10&start=360","REALME 12 5G 8/256GB - SMARTPHONE","3.232.000","","","","Kab. Bojonegoro"
"1777986536-738","https://www.blibli.com/cari/hp%20realme?category=AN-1000001&category=HA-1000003&sort=0&intent=false&firstLoad=false&brand=Realme&page=10&start=360","Realme 9 Pro+ [5G] Smartphone 8GB/256GB","5.119.000","","","","Kab. Lamongan"
"1777986536-739","https://www.blibli.com/cari/hp%20realme?category=AN-1000001&category=HA-1000003&sort=0&intent=false&firstLoad=false&brand=Realme&page=10&start=360","REALME C65 8/128GB 8/256GB - SMARTPHONE","2.138.000","","","","Kab. Bojonegoro"
"1777986536-740","https://www.blibli.com/cari/hp%20realme?category=AN-1000001&category=HA-1000003&sort=0&intent=false&firstLoad=false&brand=Realme&page=10&start=360","REALME NOTE 50 3/64GB 4/64GB 4/128GB - SMARTPHONE","1.244.000","5","Terjual 2","","Kab. Bojonegoro"
"1777986536-741","https://www.blibli.com/cari/hp%20realme?category=AN-1000001&category=HA-1000003&sort=0&intent=false&firstLoad=false&brand=Realme&page=10&start=360","REALME C11 2021 4/64GB","1.699.000","","","","Kota Malang"
"1777986536-742","https://www.blibli.com/cari/hp%20realme?category=AN-1000001&category=HA-1000003&sort=0&intent=false&firstLoad=false&brand=Realme&page=10&start=360","Realme C65 (RAM 8GB, ROM 128/256GB, Helio G85, Fast Charging 45W)","2.399.000","","","","Kota Malang"
"1777986536-743","https://www.blibli.com/cari/hp%20realme?category=AN-1000001&category=HA-1000003&sort=0&intent=false&firstLoad=false&brand=Realme&page=10&start=360","Realme C35 4/128gb","2.499.000","","","","Kota Malang"
"1777986536-744","https://www.blibli.com/cari/hp%20realme?category=AN-1000001&category=HA-1000003&sort=0&intent=false&firstLoad=false&brand=Realme&page=10&start=360","REALME NOTE 60 4/64 GARANSI RESMI","1.485.000","","Terjual 26","","Kota Surabaya"
"1777986536-745","https://www.blibli.com/cari/hp%20realme?category=AN-1000001&category=HA-1000003&sort=0&intent=false&firstLoad=false&brand=Realme&page=10&start=360","realme c11 ram4/64gb smartphone handphone hape hp","1.699.000","","","","Kab. Jember"
"1777986536-746","https://www.blibli.com/cari/hp%20realme?category=AN-1000001&category=HA-1000003&sort=0&intent=false&firstLoad=false&brand=Realme&page=10&start=360","REALME 8 PRO RAM 8/128GB GARANSI RESMI","4.299.000","","","","Kab. Batang"
"1777987645-747","https://www.blibli.com/cari/hp%20realme?category=AN-1000001&category=HA-1000003&sort=0&intent=false&firstLoad=false&brand=Realme&page=9&start=320","HP Realme 16 Pro+ Ram 12GB Internal 512GB Garansi Resmi","8.954.005","","","Kota Pekanbaru","wwponsel_hangtuah Flagship Store"
"1777987645-748","https://www.blibli.com/cari/hp%20realme?category=AN-1000001&category=HA-1000003&sort=0&intent=false&firstLoad=false&brand=Realme&page=9&start=320","HP Realme 16 Pro Ram 12GB Internal 256GB Garansi Resmi","6.964.005","","","Kota Pekanbaru","wwponsel_hangtuah Flagship Store"
"1777987645-749","https://www.blibli.com/cari/hp%20realme?category=AN-1000001&category=HA-1000003&sort=0&intent=false&firstLoad=false&brand=Realme&page=9&start=320","REALME 15 8/256","4.999.000","","","","Kota Surabaya & kota lainnya"
"1777987645-750","https://www.blibli.com/cari/hp%20realme?category=AN-1000001&category=HA-1000003&sort=0&intent=false&firstLoad=false&brand=Realme&page=9&start=320","Hp Realme C71 Ram 8GB Internal 128GB Garansi Resmi","2.486.505","","","Kota Pekanbaru","wwponsel_hangtuah Flagship Store"
"1777987645-751","https://www.blibli.com/cari/hp%20realme?category=AN-1000001&category=HA-1000003&sort=0&intent=false&firstLoad=false&brand=Realme&page=9&start=320","Hp Realme Narzo 50A RAM 4GB Internal 128GB Garansi Resmi","2.586.005","","","Kota Pekanbaru","wwponsel_hangtuah Flagship Store"
"1777987645-752","https://www.blibli.com/cari/hp%20realme?category=AN-1000001&category=HA-1000003&sort=0&intent=false&firstLoad=false&brand=Realme&page=9&start=320","Hp Realme C30s Ram 3GB Internal 32GB Garansi Resmi","1.392.005","","","Kota Pekanbaru","wwponsel_hangtuah Flagship Store"
"1777987645-753","https://www.blibli.com/cari/hp%20realme?category=AN-1000001&category=HA-1000003&sort=0&intent=false&firstLoad=false&brand=Realme&page=9&start=320","Hp Realme 9 Pro 5G Ram 6GB Internal 128GB Garansi Resmi","3.780.005","","","Kota Pekanbaru","wwponsel_hangtuah Flagship Store"
"1777987645-754","https://www.blibli.com/cari/hp%20realme?category=AN-1000001&category=HA-1000003&sort=0&intent=false&firstLoad=false&brand=Realme&page=9&start=320","Hp Realme C33 Ram 4GB + Extended 4GB Internal 128GB Garansi Resmi","2.088.505","","","Kota Pekanbaru","wwponsel_hangtuah Flagship Store"
"1777987645-755","https://www.blibli.com/cari/hp%20realme?category=AN-1000001&category=HA-1000003&sort=0&intent=false&firstLoad=false&brand=Realme&page=9&start=320","Hp Realme 12 5G Ram 8GB + Extended 8GB Internal 256GB Garansi Resmi","3.680.505","","Terjual 1","Kota Pekanbaru","wwponsel_hangtuah Flagship Store"
"1777987645-756","https://www.blibli.com/cari/hp%20realme?category=AN-1000001&category=HA-1000003&sort=0&intent=false&firstLoad=false&brand=Realme&page=9&start=320","HP RERALME C25Y 4/64GB","1.899.000","","Terjual 3","","Kota Surabaya"
"1777987645-757","https://www.blibli.com/cari/hp%20realme?category=AN-1000001&category=HA-1000003&sort=0&intent=false&firstLoad=false&brand=Realme&page=9&start=320","Realme C15 Smartphone [ 4GB-64GB ]","2.099.000","","Terjual 31","","Kota Surabaya"
"1777987645-758","https://www.blibli.com/cari/hp%20realme?category=AN-1000001&category=HA-1000003&sort=0&intent=false&firstLoad=false&brand=Realme&page=9&start=320","REALME 8 HANDPHONE RAM 8/128","3.299.000","","","","Kota Surabaya"
"1777987645-759","https://www.blibli.com/cari/hp%20realme?category=AN-1000001&category=HA-1000003&sort=0&intent=false&firstLoad=false&brand=Realme&page=9&start=320","Realme X3 SuperZoom Smartphone [256 GB/12 GB]","6.999.000","","Terjual 3","","Kota Surabaya"
"1777987645-760","https://www.blibli.com/cari/hp%20realme?category=AN-1000001&category=HA-1000003&sort=0&intent=false&firstLoad=false&brand=Realme&page=9&start=320","hp realme","1.200.000","","","","Kota Makassar & kota lainnya"
"1777987645-761","https://www.blibli.com/cari/hp%20realme?category=AN-1000001&category=HA-1000003&sort=0&intent=false&firstLoad=false&brand=Realme&page=9&start=320","Realme C31 Handphone 3GB/32GB","1.549.000","","","","Kota Surabaya"
"1777987645-762","https://www.blibli.com/cari/hp%20realme?category=AN-1000001&category=HA-1000003&sort=0&intent=false&firstLoad=false&brand=Realme&page=9&start=320","Realme C15 Smartphone [ 4GB-64GB ]","2.199.000","","Terjual 43","","Kota Surabaya"
"1777987645-763","https://www.blibli.com/cari/hp%20realme?category=AN-1000001&category=HA-1000003&sort=0&intent=false&firstLoad=false&brand=Realme&page=9&start=320","REALME 10 8/128 GARANSI RESMI REALME","2.850.000","","","","Kota Surabaya"
"1777987645-764","https://www.blibli.com/cari/hp%20realme?category=AN-1000001&category=HA-1000003&sort=0&intent=false&firstLoad=false&brand=Realme&page=9&start=320","REALME C30S GARANSI RESMI REALME","1.300.000","","","","Kota Surabaya"
"1777987645-765","https://www.blibli.com/cari/hp%20realme?category=AN-1000001&category=HA-1000003&sort=0&intent=false&firstLoad=false&brand=Realme&page=9&start=320","REALME 11 NFC 8/256 GARANSI RESMI","3.125.000","","","","Kota Surabaya"
"1777987645-766","https://www.blibli.com/cari/hp%20realme?category=AN-1000001&category=HA-1000003&sort=0&intent=false&firstLoad=false&brand=Realme&page=9&start=320","REALME C85 PRO 8/128","2.999.000","","","","Kota Surabaya & kota lainnya"
"1777987645-767","https://www.blibli.com/cari/hp%20realme?category=AN-1000001&category=HA-1000003&sort=0&intent=false&firstLoad=false&brand=Realme&page=9&start=320","Realme Narzo 5A 4/128 - Garansi Resmi Realme Indonesia","2.299.000","","","","Kota Surabaya"
"1777987645-768","https://www.blibli.com/cari/hp%20realme?category=AN-1000001&category=HA-1000003&sort=0&intent=false&firstLoad=false&brand=Realme&page=9&start=320","Realme Note 50 Ram 4GB Rom 64GB","989.000","","Terjual 2","","Kota Surabaya"
"1777987645-769","https://www.blibli.com/cari/hp%20realme?category=AN-1000001&category=HA-1000003&sort=0&intent=false&firstLoad=false&brand=Realme&page=9&start=320","Realme C65 Ram 8GB Rom 128GB","1.689.000","","","","Kota Surabaya"
"1777987645-770","https://www.blibli.com/cari/hp%20realme?category=AN-1000001&category=HA-1000003&sort=0&intent=false&firstLoad=false&brand=Realme&page=9&start=320","Realme C67 Ram 8GB Rom 128GB","1.989.000","","","","Kota Surabaya"
"1777987645-771","https://www.blibli.com/cari/hp%20realme?category=AN-1000001&category=HA-1000003&sort=0&intent=false&firstLoad=false&brand=Realme&page=9&start=320","Realme 12 Plus 5G Ram 8GB Rom 256GB","2.989.000","","","","Kota Surabaya"
"1777987645-772","https://www.blibli.com/cari/hp%20realme?category=AN-1000001&category=HA-1000003&sort=0&intent=false&firstLoad=false&brand=Realme&page=9&start=320","Realme 13 Ram 8GB Rom 256GB","2.989.000","","","","Kota Surabaya"
"1777987645-773","https://www.blibli.com/cari/hp%20realme?category=AN-1000001&category=HA-1000003&sort=0&intent=false&firstLoad=false&brand=Realme&page=9&start=320","Realme GT 6 Ram 12G Rom 256GB","7.289.000","","","","Kota Surabaya"
"1777987645-774","https://www.blibli.com/cari/hp%20realme?category=AN-1000001&category=HA-1000003&sort=0&intent=false&firstLoad=false&brand=Realme&page=9&start=320","Realme 14T 5G Ram 8GB Rom 256GB","2.689.000","","","","Kota Surabaya"
"1777987645-775","https://www.blibli.com/cari/hp%20realme?category=AN-1000001&category=HA-1000003&sort=0&intent=false&firstLoad=false&brand=Realme&page=9&start=320","REALME C71 4/128","1.899.000","","","","Kota Surabaya & kota lainnya"
"1777987645-776","https://www.blibli.com/cari/hp%20realme?category=AN-1000001&category=HA-1000003&sort=0&intent=false&firstLoad=false&brand=Realme&page=9&start=320","INFINIX HOT 60 PRO+ 8/128","2.799.000","","Terjual 1","","Kota Surabaya & kota lainnya"
"1777987645-777","https://www.blibli.com/cari/hp%20realme?category=AN-1000001&category=HA-1000003&sort=0&intent=false&firstLoad=false&brand=Realme&page=9&start=320","Realme Narzo 50 5G Ram 6 Rom 128GB","3.089.000","","","","Kota Surabaya"
"1777987645-778","https://www.blibli.com/cari/hp%20realme?category=AN-1000001&category=HA-1000003&sort=0&intent=false&firstLoad=false&brand=Realme&page=9&start=320","REALME C71 6/128","2.099.000","","","","Kota Surabaya & kota lainnya"
"1777987645-779","https://www.blibli.com/cari/hp%20realme?category=AN-1000001&category=HA-1000003&sort=0&intent=false&firstLoad=false&brand=Realme&page=9&start=320","REALME C85 8/128","2.799.000","","","","Kota Surabaya & kota lainnya"
"1777987645-780","https://www.blibli.com/cari/hp%20realme?category=AN-1000001&category=HA-1000003&sort=0&intent=false&firstLoad=false&brand=Realme&page=9&start=320","Realme Narzo 50 5G Ram 6 Rom 128GB","3.089.000","","","","Kota Surabaya"
"1777987645-781","https://www.blibli.com/cari/hp%20realme?category=AN-1000001&category=HA-1000003&sort=0&intent=false&firstLoad=false&brand=Realme&page=9&start=320","REALME NOTE 70 4/128","1.599.000","","","","Kota Surabaya & kota lainnya"
"1777987645-782","https://www.blibli.com/cari/hp%20realme?category=AN-1000001&category=HA-1000003&sort=0&intent=false&firstLoad=false&brand=Realme&page=9&start=320","Realme C85 Pro Ram 8 Rom 256GB","3.190.000","","","","Kota Surabaya"
"1777987645-783","https://www.blibli.com/cari/hp%20realme?category=AN-1000001&category=HA-1000003&sort=0&intent=false&firstLoad=false&brand=Realme&page=9&start=320","Realme C51 Ram 4GB Rom 64GB","1.240.000","","","","Kota Surabaya"
"1777987645-784","https://www.blibli.com/cari/hp%20realme?category=AN-1000001&category=HA-1000003&sort=0&intent=false&firstLoad=false&brand=Realme&page=9&start=320","Realme C51 Ram 4GB Rom 128GB","1.515.000","5","Terjual 1","","Kota Surabaya"
"1777987645-785","https://www.blibli.com/cari/hp%20realme?category=AN-1000001&category=HA-1000003&sort=0&intent=false&firstLoad=false&brand=Realme&page=9&start=320","Realme C65 4G Ram 8 Rom 256GB","1.865.000","","","","Kota Surabaya"
"1777987645-786","https://www.blibli.com/cari/hp%20realme?category=AN-1000001&category=HA-1000003&sort=0&intent=false&firstLoad=false&brand=Realme&page=9&start=320","Realme 12 Plus 5G Ram 12GB Rom 512GB","3.540.000","","","","Kota Surabaya"
"1777987645-787","https://www.blibli.com/cari/hp%20realme?category=AN-1000001&category=HA-1000003&sort=0&intent=false&firstLoad=false&brand=Realme&page=9&start=320","Realme C71 8/128 GB Garansi Resmi","2.348.000","","Terjual 1","Kota Jakarta Pusat","Gudang-hp.com Flagship Store"
"1777987645-788","https://www.blibli.com/cari/hp%20realme?category=AN-1000001&category=HA-1000003&sort=0&intent=false&firstLoad=false&brand=Realme&page=9&start=320","Realme C85 8/256 GB Garansi Resmi","3.332.000","","","Kota Jakarta Pusat","Gudang-hp.com Flagship Store"
"1777987645-789","https://www.blibli.com/cari/hp%20realme?category=AN-1000001&category=HA-1000003&sort=0&intent=false&firstLoad=false&brand=Realme&page=9&start=320","Realme 16 Pro 5G 12/256 GB Garansi Resmi","6.674.000","","","Kota Jakarta Pusat","Gudang-hp.com Flagship Store"
"1777987645-790","https://www.blibli.com/cari/hp%20realme?category=AN-1000001&category=HA-1000003&sort=0&intent=false&firstLoad=false&brand=Realme&page=9&start=320","Realme 16 Pro+ 5G 12/512 GB Garansi Resmi","8.569.000","","","Kota Jakarta Pusat","Gudang-hp.com Flagship Store"
"1777987645-791","https://www.blibli.com/cari/hp%20realme?category=AN-1000001&category=HA-1000003&sort=0&intent=false&firstLoad=false&brand=Realme&page=9&start=320","Realme GT Master","4.999.000","","","","Kab. Karawang"
"1777987645-792","https://www.blibli.com/cari/hp%20realme?category=AN-1000001&category=HA-1000003&sort=0&intent=false&firstLoad=false&brand=Realme&page=9&start=320","REALME 9 PRO+ / REALME 9 PRO PLUS 8/256GB GARANSI RESMI","5.499.000","","Terjual 9","","Kota Jakarta Pusat"
"1777987645-793","https://www.blibli.com/cari/hp%20realme?category=AN-1000001&category=HA-1000003&sort=0&intent=false&firstLoad=false&brand=Realme&page=9&start=320","TECNO SPARK Go 3 4/64 GB - Garansi Resmi","1.484.000","","","Kota Jakarta Timur","Royal Makmur Flagship Store"
"1777987645-794","https://www.blibli.com/cari/hp%20realme?category=AN-1000001&category=HA-1000003&sort=0&intent=false&firstLoad=false&brand=Realme&page=9&start=320","REALME C85 PRO 8/128GB | 8/256GB GARANSI RESMI REALME","3.299.000","","","","Kota Jakarta Utara"
"1777987645-795","https://www.blibli.com/cari/hp%20realme?category=AN-1000001&category=HA-1000003&sort=0&intent=false&firstLoad=false&brand=Realme&page=9&start=320","Realme 7i 8/128 GB Garansi Resmi Realme","3.199.000","","","","Kota Jakarta Selatan"
"1777987645-796","https://www.blibli.com/cari/hp%20realme?category=AN-1000001&category=HA-1000003&sort=0&intent=false&firstLoad=false&brand=Realme&page=9&start=320","Realme 16 5G 8GB+256GB BNIB Garansi Resmi Indonesia","5.307.365","","","","Kota Bandung"
"1777987645-797","https://www.blibli.com/cari/hp%20realme?category=AN-1000001&category=HA-1000003&sort=0&intent=false&firstLoad=false&brand=Realme&page=9&start=320","Realme 16 5G 8/256 GB I 12/256 GB Garansi Resmi","5.248.000","","","Kota Jakarta Pusat","Gudang-hp.com Flagship Store"
"1777987645-798","https://www.blibli.com/cari/hp%20realme?category=AN-1000001&category=HA-1000003&sort=0&intent=false&firstLoad=false&brand=Realme&page=9&start=320","REALME C11","1.399.000","5","Terjual 7","","Kab. Karawang"
"1777987645-799","https://www.blibli.com/cari/hp%20realme?category=AN-1000001&category=HA-1000003&sort=0&intent=false&firstLoad=false&brand=Realme&page=9&start=320","Realme C85 6/128 GB Garansi Resmi","2.743.000","","","Kota Jakarta Pusat","Gudang-hp.com Flagship Store"
"1777987645-800","https://www.blibli.com/cari/hp%20realme?category=AN-1000001&category=HA-1000003&sort=0&intent=false&firstLoad=false&brand=Realme&page=9&start=320","Realme C85 8/128 GB Garansi Resmi","2.943.000","","","Kota Jakarta Pusat","Gudang-hp.com Flagship Store"
"1777987645-801","https://www.blibli.com/cari/hp%20realme?category=AN-1000001&category=HA-1000003&sort=0&intent=false&firstLoad=false&brand=Realme&page=9&start=320","REALME C11 RAM 4/64","1.700.000","","Terjual 26","","Kab. Bogor"
"1777987645-802","https://www.blibli.com/cari/hp%20realme?category=AN-1000001&category=HA-1000003&sort=0&intent=false&firstLoad=false&brand=Realme&page=9&start=320","Realme 15T 5G 8GB+256GB Blue BNIB Garansi Resmi Indonesia","3.999.000","","","","Kota Bandung"
"1777987645-803","https://www.blibli.com/cari/hp%20realme?category=AN-1000001&category=HA-1000003&sort=0&intent=false&firstLoad=false&brand=Realme&page=9&start=320","REALME C11 2021 RAM 4/64","1.699.000","","","","Kota Jakarta Barat"
"1777987645-804","https://www.blibli.com/cari/hp%20realme?category=AN-1000001&category=HA-1000003&sort=0&intent=false&firstLoad=false&brand=Realme&page=9&start=320","Realme Note 80 4/64 GB I 4/128 GB Garansi Resmi","1.846.000","","","Kota Jakarta Pusat","Gudang-hp.com Flagship Store"
"1777987645-805","https://www.blibli.com/cari/hp%20realme?category=AN-1000001&category=HA-1000003&sort=0&intent=false&firstLoad=false&brand=Realme&page=9&start=320","Realme C85 Pro 8/128 GB Garansi Resmi","3.522.000","","","Kota Jakarta Pusat","Gudang-hp.com Flagship Store"
"1777987645-806","https://www.blibli.com/cari/hp%20realme?category=AN-1000001&category=HA-1000003&sort=0&intent=false&firstLoad=false&brand=Realme&page=9&start=320","REALME C71 4/128GB | 6/128GB | 8/128GB GARANSI RESMI REALME INDONESIA","1.749.000","","","","Kota Jakarta Utara"
"1777987645-807","https://www.blibli.com/cari/hp%20realme?category=AN-1000001&category=HA-1000003&sort=0&intent=false&firstLoad=false&brand=Realme&page=9&start=320","REALME 14T 5G 8/128GB | 8/256GB GARANSI RESMI REALME INDONESIA","3.399.000","","","","Kota Jakarta Utara"
"1777987645-808","https://www.blibli.com/cari/hp%20realme?category=AN-1000001&category=HA-1000003&sort=0&intent=false&firstLoad=false&brand=Realme&page=9&start=320","HP REALME C31 3/32","1.699.000","","","","Kab. Banyuwangi"
"1777987645-809","https://www.blibli.com/cari/hp%20realme?category=AN-1000001&category=HA-1000003&sort=0&intent=false&firstLoad=false&brand=Realme&page=9&start=320","HP REALME NOTE50 4/64GB","1.335.000","","","","Kota Cirebon"
"1777987645-810","https://www.blibli.com/cari/hp%20realme?category=AN-1000001&category=HA-1000003&sort=0&intent=false&firstLoad=false&brand=Realme&page=9&start=320","HP REALME NOTE50 4/128GB","1.533.000","","","","Kota Cirebon"
"1777987645-811","https://www.blibli.com/cari/hp%20realme?category=AN-1000001&category=HA-1000003&sort=0&intent=false&firstLoad=false&brand=Realme&page=9&start=320","HP REALME C11 2/32 2021","1.315.000","","","","Kab. Banyuwangi"
"1777987645-812","https://www.blibli.com/cari/hp%20realme?category=AN-1000001&category=HA-1000003&sort=0&intent=false&firstLoad=false&brand=Realme&page=9&start=320","HP REALME NARZO 4/64","2.499.000","","","","Kab. Banyuwangi"
"1777987645-813","https://www.blibli.com/cari/hp%20realme?category=AN-1000001&category=HA-1000003&sort=0&intent=false&firstLoad=false&brand=Realme&page=9&start=320","HP REALME C35 4/128","2.399.000","","","","Kab. Banyuwangi"
"1777987645-814","https://www.blibli.com/cari/hp%20realme?category=AN-1000001&category=HA-1000003&sort=0&intent=false&firstLoad=false&brand=Realme&page=9&start=320","HP REALME C25 4/128","2.299.000","","","","Kab. Banyuwangi"
"1777987645-815","https://www.blibli.com/cari/hp%20realme?category=AN-1000001&category=HA-1000003&sort=0&intent=false&firstLoad=false&brand=Realme&page=9&start=320","HP REALME NARZO 50A 4/128","2.399.000","","","","Kab. Banyuwangi"
"1777987645-816","https://www.blibli.com/cari/hp%20realme?category=AN-1000001&category=HA-1000003&sort=0&intent=false&firstLoad=false&brand=Realme&page=9&start=320","Realme C35 4/128","2.499.000","","","","Kab. Cilacap & kota lainnya"
"1777987645-817","https://www.blibli.com/cari/hp%20realme?category=AN-1000001&category=HA-1000003&sort=0&intent=false&firstLoad=false&brand=Realme&page=9&start=320","Realme C11 Smartphone [2+32GB]","1.499.000","","","","Kab. Banyuwangi"
"1777987645-818","https://www.blibli.com/cari/hp%20realme?category=AN-1000001&category=HA-1000003&sort=0&intent=false&firstLoad=false&brand=Realme&page=9&start=320","Realme 8 Pro Smartphone rom 128GB ram 8GB Garansi Resmi realme 1 tahun","3.999.000","","","","Kota Bekasi"
"1777987645-819","https://www.blibli.com/cari/hp%20realme?category=AN-1000001&category=HA-1000003&sort=0&intent=false&firstLoad=false&brand=Realme&page=9&start=320","HP REALME C85 8/256GB","3.398.000","4","Terjual 4","Kab. Purworejo & kota lainnya","Telering Flagship Store"
"1777987645-820","https://www.blibli.com/cari/hp%20realme?category=AN-1000001&category=HA-1000003&sort=0&intent=false&firstLoad=false&brand=Realme&page=9&start=320","HP REALME C85 PRO 8/256GB","4.398.000","","Terjual 5","Kab. Purworejo & kota lainnya","Telering Flagship Store"
"1777987645-821","https://www.blibli.com/cari/hp%20realme?category=AN-1000001&category=HA-1000003&sort=0&intent=false&firstLoad=false&brand=Realme&page=9&start=320","HP REALME 14T 5G 8/128GB","3.398.000","5","Terjual 43","Kab. Kudus & kota lainnya","Telering Flagship Store"
"1777987645-822","https://www.blibli.com/cari/hp%20realme?category=AN-1000001&category=HA-1000003&sort=0&intent=false&firstLoad=false&brand=Realme&page=9&start=320","HP REALME 16 5G8/256GB","5.498.000","","Terjual 1","Kab. Purworejo & kota lainnya","Telering Flagship Store"
"1777987645-823","https://www.blibli.com/cari/hp%20realme?category=AN-1000001&category=HA-1000003&sort=0&intent=false&firstLoad=false&brand=Realme&page=9&start=320","HP REALME C85 PRO 8/128GB","3.998.000","5","Terjual 9","Kab. Purworejo & kota lainnya","Telering Flagship Store"
"1777987645-824","https://www.blibli.com/cari/hp%20realme?category=AN-1000001&category=HA-1000003&sort=0&intent=false&firstLoad=false&brand=Realme&page=9&start=320","HP REALME 16 5G 8/256GB","5.498.000","","Terjual 1","Kab. Purworejo & kota lainnya","Telering - Samsung Flagship Store"
"1777987645-825","https://www.blibli.com/cari/hp%20realme?category=AN-1000001&category=HA-1000003&sort=0&intent=false&firstLoad=false&brand=Realme&page=9&start=320","HP Realme 15 5G 8/256 PINK","4.998.000","","Terjual 5","Kab. Purworejo & kota lainnya","Telering Flagship Store"
"1777987645-826","https://www.blibli.com/cari/hp%20realme?category=AN-1000001&category=HA-1000003&sort=0&intent=false&firstLoad=false&brand=Realme&page=9&start=320","HP REALME 13PRO+ 5G 12/512GB","4.599.000","5","Terjual 3","Kab. Wonosobo & kota lainnya","Telering Flagship Store"
"1777987645-827","https://www.blibli.com/cari/hp%20realme?category=AN-1000001&category=HA-1000003&sort=0&intent=false&firstLoad=false&brand=Realme&page=9&start=320","HP REALME 15 5G 12/256GB SILK PINK","5.298.000","5","Terjual 4","Kab. Purworejo & kota lainnya","Telering Flagship Store"
"1777987645-828","https://www.blibli.com/cari/hp%20realme?category=AN-1000001&category=HA-1000003&sort=0&intent=false&firstLoad=false&brand=Realme&page=9&start=320","SMARTPHONE REALME 10 Garansi Resmi","3.399.000","","","","Kota Surabaya"
"1777987645-829","https://www.blibli.com/cari/hp%20realme?category=AN-1000001&category=HA-1000003&sort=0&intent=false&firstLoad=false&brand=Realme&page=9&start=320","SMARTPHONE REALME C55 Garansi Resmi","2.299.000","","","","Kota Surabaya"
"1777987645-830","https://www.blibli.com/cari/hp%20realme?category=AN-1000001&category=HA-1000003&sort=0&intent=false&firstLoad=false&brand=Realme&page=9&start=320","SMARTPHONE REALME C30s Garansi Resmi","1.599.000","","","","Kota Surabaya"
"1777987645-831","https://www.blibli.com/cari/hp%20realme?category=AN-1000001&category=HA-1000003&sort=0&intent=false&firstLoad=false&brand=Realme&page=9&start=320","REALME 13+ 5G 12/256GB ORIGINAL","4.880.000","","","","Kota Surabaya"
"1777987645-832","https://www.blibli.com/cari/hp%20realme?category=AN-1000001&category=HA-1000003&sort=0&intent=false&firstLoad=false&brand=Realme&page=9&start=320","REALME 13 PRO+ 12/512 ORIGINAL","7.426.000","","","","Kota Surabaya"
"1777987645-833","https://www.blibli.com/cari/hp%20realme?category=AN-1000001&category=HA-1000003&sort=0&intent=false&firstLoad=false&brand=Realme&page=9&start=320","Realme C21 Smartphone","1.700.000","5","Terjual 12","Kota Medan","SINERGY SELLULAR Flagship Store"
"1777987645-834","https://www.blibli.com/cari/hp%20realme?category=AN-1000001&category=HA-1000003&sort=0&intent=false&firstLoad=false&brand=Realme&page=9&start=320","Realme C1 Smartphone [16GB/ 2GB]","950.000","5","Terjual 45","Kota Batam","KHICI STOR Flagship Store"
"1777987645-835","https://www.blibli.com/cari/hp%20realme?category=AN-1000001&category=HA-1000003&sort=0&intent=false&firstLoad=false&brand=Realme&page=9&start=320","Realme C2 Smartphone [32 GB/3 GB]","1.800.000","5","Terjual 9","Kota Medan","SINERGY SELLULAR Flagship Store"
"1777987645-836","https://www.blibli.com/cari/hp%20realme?category=AN-1000001&category=HA-1000003&sort=0&intent=false&firstLoad=false&brand=Realme&page=9&start=320","Realme 7i Smartphone [8GB/ 128GB]","3.199.000","5","Terjual 9","Kota Medan","SINERGY SELLULAR Flagship Store"
"1777987645-837","https://www.blibli.com/cari/hp%20realme?category=AN-1000001&category=HA-1000003&sort=0&intent=false&firstLoad=false&brand=Realme&page=9&start=320","Realme U1 Smartphone [32GB/ 3GB]","2.489.000","5","Terjual 5","Kota Medan","SINERGY SELLULAR Flagship Store"
"1777987645-838","https://www.blibli.com/cari/hp%20realme?category=AN-1000001&category=HA-1000003&sort=0&intent=false&firstLoad=false&brand=Realme&page=9&start=320","Realme C25 Smartphone [4GB-64GB]","2.093.000","","Terjual 1","Kota Medan","SINERGY SELLULAR Flagship Store"
"1777987645-839","https://www.blibli.com/cari/hp%20realme?category=AN-1000001&category=HA-1000003&sort=0&intent=false&firstLoad=false&brand=Realme&page=9&start=320","Realme C21 Smartphone [3GB-32GB]","1.598.000","","Terjual 2","Kota Medan","SINERGY SELLULAR Flagship Store"
"1777987645-840","https://www.blibli.com/cari/hp%20realme?category=AN-1000001&category=HA-1000003&sort=0&intent=false&firstLoad=false&brand=Realme&page=9&start=320","Realme 5i Smartphone [3GB/32GB]","2.200.000","","Terjual 12","Kota Medan","SINERGY SELLULAR Flagship Store"
"1777987645-841","https://www.blibli.com/cari/hp%20realme?category=AN-1000001&category=HA-1000003&sort=0&intent=false&firstLoad=false&brand=Realme&page=9&start=320","Realme 5 Pro Smartphone [4 GB/ 128 GB]","3.100.000","","Terjual 12","Kota Medan","SINERGY SELLULAR Flagship Store"
"1777987645-842","https://www.blibli.com/cari/hp%20realme?category=AN-1000001&category=HA-1000003&sort=0&intent=false&firstLoad=false&brand=Realme&page=9&start=320","Realme C55 NFC 8GB/256GB Smartphone Garansi resmi realme 1 tahun","2.575.000","4","Terjual 167","","Kota Jakarta Timur"
"1777987645-843","https://www.blibli.com/cari/hp%20realme?category=AN-1000001&category=HA-1000003&sort=0&intent=false&firstLoad=false&brand=Realme&page=9&start=320","realme C65 HP 8*8+128GB Garansi Resmi","2.399.000","5","Terjual 1","","Kota Malang"
"1777987645-844","https://www.blibli.com/cari/hp%20realme?category=AN-1000001&category=HA-1000003&sort=0&intent=false&firstLoad=false&brand=Realme&page=9&start=320","Realme C55 NFC 6GB/128GB Smartphone Garansi resmi realme 1 tahun","2.115.000","5","Terjual 3","","Kota Jakarta Timur"
"1777987645-845","https://www.blibli.com/cari/hp%20realme?category=AN-1000001&category=HA-1000003&sort=0&intent=false&firstLoad=false&brand=Realme&page=9&start=320","Realme C11 Smartphone [2/32]","1.499.000","5","Terjual 75","","Kota Jakarta Pusat"
"1777987645-846","https://www.blibli.com/cari/hp%20realme?category=AN-1000001&category=HA-1000003&sort=0&intent=false&firstLoad=false&brand=Realme&page=9&start=320","Realme 5 Smartphone [32 GB/ 3 GB]","1.899.000","5","Terjual 53","","Kota Malang"
"1777987645-847","https://www.blibli.com/cari/hp%20realme?category=AN-1000001&category=HA-1000003&sort=0&intent=false&firstLoad=false&brand=Realme&page=9&start=320","Realme 11 NFC 8GB-256GB Garansi resmi 1 tahun","2.899.000","","Terjual 25","","Kota Jakarta Timur"
"1777987645-848","https://www.blibli.com/cari/hp%20realme?category=AN-1000001&category=HA-1000003&sort=0&intent=false&firstLoad=false&brand=Realme&page=9&start=320","Realme 6 Smartphone [128GB/ 4GB]","3.499.000","","","","Kota Malang"
"1777987645-849","https://www.blibli.com/cari/hp%20realme?category=AN-1000001&category=HA-1000003&sort=0&intent=false&firstLoad=false&brand=Realme&page=9&start=320","Realme C21Y Smartphone","1.599.000","","","","Kota Malang"
"1777987645-850","https://www.blibli.com/cari/hp%20realme?category=AN-1000001&category=HA-1000003&sort=0&intent=false&firstLoad=false&brand=Realme&page=9&start=320","Realme C21 Smartphone [3GB-32GB]","1.699.000","5","Terjual 32","","Kota Jakarta Pusat"
"1777987645-851","https://www.blibli.com/cari/hp%20realme?category=AN-1000001&category=HA-1000003&sort=0&intent=false&firstLoad=false&brand=Realme&page=9&start=320","Realme 6 Smartphone [128GB/ 8GB]","3.899.000","","Terjual 2","","Kota Malang"
"1777987645-852","https://www.blibli.com/cari/hp%20realme?category=AN-1000001&category=HA-1000003&sort=0&intent=false&firstLoad=false&brand=Realme&page=9&start=320","Realme 5 Smartphone [64GB/ 3GB]","2.199.000","","Terjual 2","","Kota Malang"
"1777987645-853","https://www.blibli.com/cari/hp%20realme?category=AN-1000001&category=HA-1000003&sort=0&intent=false&firstLoad=false&brand=Realme&page=9&start=320","Realme XT Smartphone [8GB/ 128GB]","4.399.000","","","","Kota Malang"
"1777987645-854","https://www.blibli.com/cari/hp%20realme?category=AN-1000001&category=HA-1000003&sort=0&intent=false&firstLoad=false&brand=Realme&page=9&start=320","Realme 7 8/128GB Smartphone - Garansi Resmi Realme","3.600.000","5","Terjual 2","","Kota Medan"
"1777987645-855","https://www.blibli.com/cari/hp%20realme?category=AN-1000001&category=HA-1000003&sort=0&intent=false&firstLoad=false&brand=Realme&page=9&start=320","Realme C12 Smartphone [3GB- 32GB]","1.899.000","","","","Kota Malang"
"1777987645-856","https://www.blibli.com/cari/hp%20realme?category=AN-1000001&category=HA-1000003&sort=0&intent=false&firstLoad=false&brand=Realme&page=9&start=320","Realme C2 Smartphone [32GB/ 3 GB]","1.599.000","","Terjual 1","","Kota Malang"
"1777987645-857","https://www.blibli.com/cari/hp%20realme?category=AN-1000001&category=HA-1000003&sort=0&intent=false&firstLoad=false&brand=Realme&page=9&start=320","Realme 7i Smartphone [8GB/ 128GB]","2.899.000","","Terjual 4","","Kota Medan"
"1777987645-858","https://www.blibli.com/cari/hp%20realme?category=AN-1000001&category=HA-1000003&sort=0&intent=false&firstLoad=false&brand=Realme&page=9&start=320","Realme C11 Smartphone [32GB/3GB]","1.749.000","","","","Kota Malang"
"1777987645-859","https://www.blibli.com/cari/hp%20realme?category=AN-1000001&category=HA-1000003&sort=0&intent=false&firstLoad=false&brand=Realme&page=9&start=320","Realme 7i Smartphone [8GB/ 128GB]","3.199.000","","","","Kota Malang"
"1777987645-860","https://www.blibli.com/cari/hp%20realme?category=AN-1000001&category=HA-1000003&sort=0&intent=false&firstLoad=false&brand=Realme&page=9&start=320","Realme 5 Pro Smartphone [8GB/ 128GB]","3.399.000","","Terjual 1","","Kota Malang"
"1777987645-861","https://www.blibli.com/cari/hp%20realme?category=AN-1000001&category=HA-1000003&sort=0&intent=false&firstLoad=false&brand=Realme&page=9&start=320","Realme 3 Pro Smartphone [128GB/ 6GB]","3.499.000","","Terjual 2","","Kota Malang"
"1777987645-862","https://www.blibli.com/cari/hp%20realme?category=AN-1000001&category=HA-1000003&sort=0&intent=false&firstLoad=false&brand=Realme&page=9&start=320","Realme C2 Smartphone [32 GB/2 GB]","1.599.000","","Terjual 1","","Kota Malang"
"1777987645-863","https://www.blibli.com/cari/hp%20realme?category=AN-1000001&category=HA-1000003&sort=0&intent=false&firstLoad=false&brand=Realme&page=9&start=320","Realme 5s Smartphone [128GB/ 4GB]","2.699.000","","","","Kota Malang"
"1777987645-864","https://www.blibli.com/cari/hp%20realme?category=AN-1000001&category=HA-1000003&sort=0&intent=false&firstLoad=false&brand=Realme&page=9&start=320","Realme C17 Smartphone [6GB/256GB]","2.699.000","","","","Kota Malang"
"1777987645-865","https://www.blibli.com/cari/hp%20realme?category=AN-1000001&category=HA-1000003&sort=0&intent=false&firstLoad=false&brand=Realme&page=9&start=320","Realme 5 Pro Smartphone [128 GB/ 4 GB]","3.099.000","","Terjual 3","","Kota Malang"
"1777987645-866","https://www.blibli.com/cari/hp%20realme?category=AN-1000001&category=HA-1000003&sort=0&intent=false&firstLoad=false&brand=Realme&page=9&start=320","Realme 6 Pro Smartphone [128GB/ 8GB]","4.599.000","","","","Kota Malang"
"1777987645-867","https://www.blibli.com/cari/hp%20realme?category=AN-1000001&category=HA-1000003&sort=0&intent=false&firstLoad=false&brand=Realme&page=9&start=320","Realme 5i Smartphone [4GB - 64GB]","2.199.000","","Terjual 1","","Kota Malang"
"1777987645-868","https://www.blibli.com/cari/hp%20realme?category=AN-1000001&category=HA-1000003&sort=0&intent=false&firstLoad=false&brand=Realme&page=9&start=320","Realme C3 Smartphone [3GB / 32GB]","1.899.000","","Terjual 2","","Kota Malang"
"1777987645-869","https://www.blibli.com/cari/hp%20realme?category=AN-1000001&category=HA-1000003&sort=0&intent=false&firstLoad=false&brand=Realme&page=9&start=320","realme X2 Pro Smartphone [256 GB/ 12 GB/ Official Store]","7.800.000","","Terjual 1","","Kota Pematang Siantar"
"1777987645-870","https://www.blibli.com/cari/hp%20realme?category=AN-1000001&category=HA-1000003&sort=0&intent=false&firstLoad=false&brand=Realme&page=9&start=320","realme narzo 20 4/64GB smartphone","2.069.000","","","","Kota Malang"
"1777987645-871","https://www.blibli.com/cari/hp%20realme?category=AN-1000001&category=HA-1000003&sort=0&intent=false&firstLoad=false&brand=Realme&page=9&start=320","realme 7 Pro 8/128GB smartphone","4.599.000","","","","Kota Malang"
"1777987645-872","https://www.blibli.com/cari/hp%20realme?category=AN-1000001&category=HA-1000003&sort=0&intent=false&firstLoad=false&brand=Realme&page=9&start=320","Realme X3 SuperZoom Smartphone [256 GB/12 GB]","6.599.000","","Terjual 1","","Kota Malang"
"1777987645-873","https://www.blibli.com/cari/hp%20realme?category=AN-1000001&category=HA-1000003&sort=0&intent=false&firstLoad=false&brand=Realme&page=9&start=320","Official Realme C30 2/32GB Smartphone Android","1.191.000","","","","Kota Malang"
"1777987645-874","https://www.blibli.com/cari/hp%20realme?category=AN-1000001&category=HA-1000003&sort=0&intent=false&firstLoad=false&brand=Realme&page=9&start=320","Official Realme C67 8/128 GB 8/256 GB Smartphone Android","2.550.000","","","","Kota Malang"
"1777987645-875","https://www.blibli.com/cari/hp%20realme?category=AN-1000001&category=HA-1000003&sort=0&intent=false&firstLoad=false&brand=Realme&page=9&start=320","Akan hadir","","","","","Kota Tangerang"
"1777987645-876","https://www.blibli.com/cari/hp%20realme?category=AN-1000001&category=HA-1000003&sort=0&intent=false&firstLoad=false&brand=Realme&page=9&start=320","Akan hadir","","","","","Kota Tangerang"
"1777987645-877","https://www.blibli.com/cari/hp%20realme?category=AN-1000001&category=HA-1000003&sort=0&intent=false&firstLoad=false&brand=Realme&page=9&start=320","Handphone Realme C67 NFC 8/128GB","2.399.000","","Terjual 2","Kota Surabaya","Sentraponsel"
"1777987645-878","https://www.blibli.com/cari/hp%20realme?category=AN-1000001&category=HA-1000003&sort=0&intent=false&firstLoad=false&brand=Realme&page=9&start=320","Realme handphone C63 NFC, Air Gesture","1.998.000","","","Kota Surabaya","UFO Elektronika dan Furniture Flagship Store"
"1777987645-879","https://www.blibli.com/cari/hp%20realme?category=AN-1000001&category=HA-1000003&sort=0&intent=false&firstLoad=false&brand=Realme&page=9&start=320","Realme C75 8/128GB Smartphone","2.399.000","","Terjual 9","Kota Surabaya","Apollo Gadget Flagship Store"
"1777987645-880","https://www.blibli.com/cari/hp%20realme?category=AN-1000001&category=HA-1000003&sort=0&intent=false&firstLoad=false&brand=Realme&page=9&start=320","HP REALME C75 8/128GB","2.399.000","5","Terjual 2","Kota Cirebon","Telering Flagship Store"
"1777987645-881","https://www.blibli.com/cari/hp%20realme?category=AN-1000001&category=HA-1000003&sort=0&intent=false&firstLoad=false&brand=Realme&page=9&start=320","HP REALME NOTE 60 4/64GB","1.199.000","5","Terjual 1","Kota Cirebon","Telering Flagship Store"
"1777987645-882","https://www.blibli.com/cari/hp%20realme?category=AN-1000001&category=HA-1000003&sort=0&intent=false&firstLoad=false&brand=Realme&page=9&start=320","HP REALME C75X 8/128GB","2.199.000","","","Kota Cirebon","Telering Flagship Store"
"1777987645-883","https://www.blibli.com/cari/hp%20realme?category=AN-1000001&category=HA-1000003&sort=0&intent=false&firstLoad=false&brand=Realme&page=9&start=320","Hp Realme 13 Ram 8GB Internal 256GB Garansi Resmi","3.199.000","","","Kota Pekanbaru","wwponsel_hangtuah Flagship Store"
"1777987645-884","https://www.blibli.com/cari/hp%20realme?category=AN-1000001&category=HA-1000003&sort=0&intent=false&firstLoad=false&brand=Realme&page=9&start=320","Hp Realme C61 Ram 8GB Internal 128GB Garansi Resmi","1.899.000","","","Kota Pekanbaru","wwponsel_hangtuah Flagship Store"
"1777987645-885","https://www.blibli.com/cari/hp%20realme?category=AN-1000001&category=HA-1000003&sort=0&intent=false&firstLoad=false&brand=Realme&page=9&start=320","Hp Realme C71 Ram 4GB Internal 128GB Garansi Resmi","1.999.000","","","Kota Pekanbaru","wwponsel_hangtuah Flagship Store"
"1777987645-886","https://www.blibli.com/cari/hp%20realme?category=AN-1000001&category=HA-1000003&sort=0&intent=false&firstLoad=false&brand=Realme&page=9&start=320","Hp Realme Note 60 Ram 4GB Internal 64GB Garansi Resmi","1.299.000","","Terjual 1","Kota Pekanbaru","wwponsel_hangtuah Flagship Store"
"1777987645-887","https://www.blibli.com/cari/hp%20realme?category=AN-1000001&category=HA-1000003&sort=0&intent=false&firstLoad=false&brand=Realme&page=9&start=320","Hp Realme 15T Ram 8GB Internal 256GB Garansi Resmi","4.099.000","","","Kota Pekanbaru","wwponsel_hangtuah Flagship Store"
"1777987645-888","https://www.blibli.com/cari/hp%20realme?category=AN-1000001&category=HA-1000003&sort=0&intent=false&firstLoad=false&brand=Realme&page=9&start=320","Hp Realme 15 5G Ram 12GB Internal 256GB Garansi Resmi","5.299.000","","Terjual 1","Kota Pekanbaru","wwponsel_hangtuah Flagship Store"
"1777987645-889","https://www.blibli.com/cari/hp%20realme?category=AN-1000001&category=HA-1000003&sort=0&intent=false&firstLoad=false&brand=Realme&page=9&start=320","Hp Realme C71 Ram 6GB Internal 128GB Garansi Resmi","2.199.000","","","Kota Pekanbaru","wwponsel_hangtuah Flagship Store"
"1777987645-890","https://www.blibli.com/cari/hp%20realme?category=AN-1000001&category=HA-1000003&sort=0&intent=false&firstLoad=false&brand=Realme&page=9&start=320","Hp Realme 15T Ram 8GB Internal 128GB Garansi Resmi","3.799.000","","","Kota Pekanbaru","wwponsel_hangtuah Flagship Store"
"1777987645-891","https://www.blibli.com/cari/hp%20realme?category=AN-1000001&category=HA-1000003&sort=0&intent=false&firstLoad=false&brand=Realme&page=9&start=320","Hp Realme Note 70 Ram 4GB Internal 128GB Garansi Resmi","1.699.000","","","Kota Pekanbaru","wwponsel_hangtuah Flagship Store"
"1777987645-892","https://www.blibli.com/cari/hp%20realme?category=AN-1000001&category=HA-1000003&sort=0&intent=false&firstLoad=false&brand=Realme&page=9&start=320","Smartphone Realme 7 Ram 8 Rom 128GB","2.579.000","4,8","Terjual 9","","Kota Surabaya"
"1777987645-893","https://www.blibli.com/cari/hp%20realme?category=AN-1000001&category=HA-1000003&sort=0&intent=false&firstLoad=false&brand=Realme&page=9&start=320","Hp Realme C63 NFC Ram 8GB Internal 128GB Garansi Resmi","2.099.000","","","Kota Pekanbaru","wwponsel_hangtuah Flagship Store"
"1777987645-894","https://www.blibli.com/cari/hp%20realme?category=AN-1000001&category=HA-1000003&sort=0&intent=false&firstLoad=false&brand=Realme&page=9&start=320","Hp Realme Note 60x Ram 4GB Internal 64GB Garansi Resmi","1.399.000","5","Terjual 1","Kota Pekanbaru","wwponsel_hangtuah Flagship Store"
"1777987645-895","https://www.blibli.com/cari/hp%20realme?category=AN-1000001&category=HA-1000003&sort=0&intent=false&firstLoad=false&brand=Realme&page=9&start=320","Smartphone Realme C15 Ram 4 Rom 64GB","1.729.000","4,8","Terjual 18","","Kota Surabaya"
"1777987645-896","https://www.blibli.com/cari/hp%20realme?category=AN-1000001&category=HA-1000003&sort=0&intent=false&firstLoad=false&brand=Realme&page=9&start=320","Hp Realme C63 NFC Ram 6GB Internal 128GB Garansi Resmi","1.999.000","","","Kota Pekanbaru","wwponsel_hangtuah Flagship Store"
"1777987645-897","https://www.blibli.com/cari/hp%20realme?category=AN-1000001&category=HA-1000003&sort=0&intent=false&firstLoad=false&brand=Realme&page=9&start=320","Smartphone Realme C11 Ram 2 Rom 32GB","1.030.000","4,7","Terjual 5","","Kota Surabaya"
"1777987645-898","https://www.blibli.com/cari/hp%20realme?category=AN-1000001&category=HA-1000003&sort=0&intent=false&firstLoad=false&brand=Realme&page=9&start=320","Hp Realme 13 5G Ram 12GB Internal 256GB Garansi Resmi","3.799.000","4","Terjual 1","Kota Pekanbaru","wwponsel_hangtuah Flagship Store"
"1777987645-899","https://www.blibli.com/cari/hp%20realme?category=AN-1000001&category=HA-1000003&sort=0&intent=false&firstLoad=false&brand=Realme&page=9&start=320","Smartphone Realme 7i Ram 8 Rom 128GB","2.580.000","4,5","Terjual 15","","Kota Surabaya"
"1777987645-900","https://www.blibli.com/cari/hp%20realme?category=AN-1000001&category=HA-1000003&sort=0&intent=false&firstLoad=false&brand=Realme&page=9&start=320","Smartphone Realme C12 Ram 3 Rom 32GB","1.530.000","","Terjual 2","","Kota Surabaya"
"1777987645-901","https://www.blibli.com/cari/hp%20realme?category=AN-1000001&category=HA-1000003&sort=0&intent=false&firstLoad=false&brand=Realme&page=9&start=320","Hp Realme 13 Pro+ 5G Ram 12GB Internal 512GB Garansi Resmi","6.999.000","","","Kota Pekanbaru","wwponsel_hangtuah Flagship Store"
"1777987645-902","https://www.blibli.com/cari/hp%20realme?category=AN-1000001&category=HA-1000003&sort=0&intent=false&firstLoad=false&brand=Realme&page=9&start=320","Smartphone Realme 7 Pro Ram 8 Rom 128 GB","3.579.000","5","Terjual 2","","Kota Surabaya"
"1777987645-903","https://www.blibli.com/cari/hp%20realme?category=AN-1000001&category=HA-1000003&sort=0&intent=false&firstLoad=false&brand=Realme&page=9&start=320","SmartPhone Realme C25 Ram 4 Rom 64GB","1.679.000","1","Terjual 1","","Kota Surabaya"
"1777987645-904","https://www.blibli.com/cari/hp%20realme?category=AN-1000001&category=HA-1000003&sort=0&intent=false&firstLoad=false&brand=Realme&page=9&start=320","Realme C21 Smartphone","1.599.000","","Terjual 25","","Kota Surabaya"
"1777987645-905","https://www.blibli.com/cari/hp%20realme?category=AN-1000001&category=HA-1000003&sort=0&intent=false&firstLoad=false&brand=Realme&page=9&start=320","Realme 6 Smartphone [4GB/ 128GB]","3.099.000","","","","Kota Surabaya"
"1777987645-906","https://www.blibli.com/cari/hp%20realme?category=AN-1000001&category=HA-1000003&sort=0&intent=false&firstLoad=false&brand=Realme&page=9&start=320","realme 8 Smartphone [8GB/128GB]","3.600.000","","Terjual 4","","Kota Surabaya"
"1777987645-907","https://www.blibli.com/cari/hp%20realme?category=AN-1000001&category=HA-1000003&sort=0&intent=false&firstLoad=false&brand=Realme&page=9&start=320","Realme 6 Smartphone Android [8/ 128 GB]","3.699.000","","","","Kota Surabaya"
"1777987645-908","https://www.blibli.com/cari/hp%20realme?category=AN-1000001&category=HA-1000003&sort=0&intent=false&firstLoad=false&brand=Realme&page=9&start=320","Realme C21 Smartphone [3GB-32GB]","1.700.000","","Terjual 5","","Kota Surabaya"
"1777987645-909","https://www.blibli.com/cari/hp%20realme?category=AN-1000001&category=HA-1000003&sort=0&intent=false&firstLoad=false&brand=Realme&page=9&start=320","Realme C21 Smartphone [4GB-64GB]","2.000.000","","Terjual 2","","Kota Surabaya"
"1777987645-910","https://www.blibli.com/cari/hp%20realme?category=AN-1000001&category=HA-1000003&sort=0&intent=false&firstLoad=false&brand=Realme&page=9&start=320","Realme C17 Smartphone [6GB/256GB]","2.799.000","","Terjual 1","","Kab. Sidoarjo"
"1777987645-911","https://www.blibli.com/cari/hp%20realme?category=AN-1000001&category=HA-1000003&sort=0&intent=false&firstLoad=false&brand=Realme&page=9&start=320","Realme C11 Smartphone [32GB/ 2GB]","1.503.060","","Terjual 2","","Kota Surabaya"
"1777987645-912","https://www.blibli.com/cari/hp%20realme?category=AN-1000001&category=HA-1000003&sort=0&intent=false&firstLoad=false&brand=Realme&page=9&start=320","Realme C15 Smartphone [4GB/ 128GB]","2.499.000","","Terjual 2","","Kab. Sidoarjo"
"1777987645-913","https://www.blibli.com/cari/hp%20realme?category=AN-1000001&category=HA-1000003&sort=0&intent=false&firstLoad=false&brand=Realme&page=9&start=320","Realme 5 Pro Smartphone [8GB/ 128GB]","3.699.000","","","","Kota Surabaya"
"1777987645-914","https://www.blibli.com/cari/hp%20realme?category=AN-1000001&category=HA-1000003&sort=0&intent=false&firstLoad=false&brand=Realme&page=9&start=320","Realme C11 Smartphone [32GB/ 2GB]","1.500.000","","Terjual 2","","Kota Surabaya"
"1777987645-915","https://www.blibli.com/cari/hp%20realme?category=AN-1000001&category=HA-1000003&sort=0&intent=false&firstLoad=false&brand=Realme&page=9&start=320","Realme C25 Smartphone [4GB-64GB]","2.300.000","","Terjual 1","","Kota Surabaya"
"1777987645-916","https://www.blibli.com/cari/hp%20realme?category=AN-1000001&category=HA-1000003&sort=0&intent=false&firstLoad=false&brand=Realme&page=9&start=320","Realme C25 Smartphone [4GB-128GB]","2.500.000","","Terjual 4","","Kota Surabaya"
"1777987645-917","https://www.blibli.com/cari/hp%20realme?category=AN-1000001&category=HA-1000003&sort=0&intent=false&firstLoad=false&brand=Realme&page=9&start=320","Realme C15 Smartphone [ 4GB-64GB ]","2.015.040","","","","Kota Surabaya"
"1777987645-918","https://www.blibli.com/cari/hp%20realme?category=AN-1000001&category=HA-1000003&sort=0&intent=false&firstLoad=false&brand=Realme&page=9&start=320","Realme C15 Smartphone [ 4GB-64GB ]","2.100.000","","Terjual 1","","Kota Surabaya"
"1777987645-919","https://www.blibli.com/cari/hp%20realme?category=AN-1000001&category=HA-1000003&sort=0&intent=false&firstLoad=false&brand=Realme&page=9&start=320","Realme C15 Smartphone [ 4GB-64GB ]","2.199.000","","Terjual 1","","Kab. Sidoarjo"
"1777987645-920","https://www.blibli.com/cari/hp%20realme?category=AN-1000001&category=HA-1000003&sort=0&intent=false&firstLoad=false&brand=Realme&page=9&start=320","Realme C12 Smartphone [ 3GB / 32 GB ] - Garansi Resmi","1.900.000","","Terjual 1","","Kota Surabaya"
"1777987645-921","https://www.blibli.com/cari/hp%20realme?category=AN-1000001&category=HA-1000003&sort=0&intent=false&firstLoad=false&brand=Realme&page=9&start=320","REALME 9i SMARTPHONE RAM 6/128 GB","2.890.000","","","","Kota Surabaya"
"1777987645-922","https://www.blibli.com/cari/hp%20realme?category=AN-1000001&category=HA-1000003&sort=0&intent=false&firstLoad=false&brand=Realme&page=9&start=320","REALME C31 SMARTPHONE RAM 4/64","1.749.000","","","","Kota Surabaya"
"1777987645-923","https://www.blibli.com/cari/hp%20realme?category=AN-1000001&category=HA-1000003&sort=0&intent=false&firstLoad=false&brand=Realme&page=9&start=320","Realme C35 Handphone 4GB/128GB","2.438.000","","","","Kota Surabaya"
"1777987645-924","https://www.blibli.com/cari/hp%20realme?category=AN-1000001&category=HA-1000003&sort=0&intent=false&firstLoad=false&brand=Realme&page=9&start=320","Realme 7i Smartphone [8GB/ 128GB]","2.800.000","5","Terjual 1","","Kab. Sidoarjo"
"1777987645-925","https://www.blibli.com/cari/hp%20realme?category=AN-1000001&category=HA-1000003&sort=0&intent=false&firstLoad=false&brand=Realme&page=9&start=320","REALME C20 2/32","1.299.000","","Terjual 12","","Kota Surabaya"
"1777987645-926","https://www.blibli.com/cari/hp%20realme?category=AN-1000001&category=HA-1000003&sort=0&intent=false&firstLoad=false&brand=Realme&page=9&start=320","Realme Narzo 50 5G Ram 6 Rom 128GB","3.079.000","","","","Kota Surabaya"
"1777987645-927","https://www.blibli.com/cari/hp%20realme?category=AN-1000001&category=HA-1000003&sort=0&intent=false&firstLoad=false&brand=Realme&page=9&start=320","REALME C61 8/128 GARANSI RESMI","1.781.010","","","","Kota Surabaya"
"1777987645-928","https://www.blibli.com/cari/hp%20realme?category=AN-1000001&category=HA-1000003&sort=0&intent=false&firstLoad=false&brand=Realme&page=9&start=320","Realme GT Master 5G Ram 8 Rom 256GB","4.299.000","","","","Kota Surabaya"
"1777987645-929","https://www.blibli.com/cari/hp%20realme?category=AN-1000001&category=HA-1000003&sort=0&intent=false&firstLoad=false&brand=Realme&page=9&start=320","Realme GT Master 5G Ram 8 Rom 128GB","3.979.000","","","","Kota Surabaya"
"1777987645-930","https://www.blibli.com/cari/hp%20realme?category=AN-1000001&category=HA-1000003&sort=0&intent=false&firstLoad=false&brand=Realme&page=9&start=320","realme note 60 8/256","1.900.000","","","","Kota Surabaya"
"1777987645-931","https://www.blibli.com/cari/hp%20realme?category=AN-1000001&category=HA-1000003&sort=0&intent=false&firstLoad=false&brand=Realme&page=9&start=320","realme note 60 4+4/64GB | 32MP | Dust & Water Resistance IP64 | HP Android","1.248.000","5","Terjual 15","Kab. Tangerang","realme Authorized Jakarta Flagship Store"
"1777987645-932","https://www.blibli.com/cari/hp%20realme?category=AN-1000001&category=HA-1000003&sort=0&intent=false&firstLoad=false&brand=Realme&page=9&start=320","HANDPHONE - REALME C75 GARANSI RESMI","2.126.000","","Terjual 1","Kota Jakarta Pusat","SCORPIO ELEKTRO Flagship Store"
"1777987645-933","https://www.blibli.com/cari/hp%20realme?category=AN-1000001&category=HA-1000003&sort=0&intent=false&firstLoad=false&brand=Realme&page=9&start=320","realme 11 8GB+8GB*/256GB | 108MP ProLight Camera | HP ANDROID | FREE TWS T100 AI ENC","2.098.000","5","Terjual 8","Kab. Tangerang","realme Authorized Jakarta Flagship Store"
"1777987645-934","https://www.blibli.com/cari/hp%20realme?category=AN-1000001&category=HA-1000003&sort=0&intent=false&firstLoad=false&brand=Realme&page=9&start=320","realme 11 Pro 5G | 8GB+8GB*/256GB 120Hz Display | 100MP OIS | HP ANDROID | Premium Leather Design","3.499.000","4,5","Terjual 7","Kab. Tangerang","realme Authorized Jakarta Flagship Store"
"1777987645-935","https://www.blibli.com/cari/hp%20realme?category=AN-1000001&category=HA-1000003&sort=0&intent=false&firstLoad=false&brand=Realme&page=9&start=320","HANDPHONE - REALME NOTE 60X GARANSI RESMI","1.111.000","5","Terjual 1","Kota Jakarta Pusat","SCORPIO ELEKTRO Flagship Store"
"1777987645-936","https://www.blibli.com/cari/hp%20realme?category=AN-1000001&category=HA-1000003&sort=0&intent=false&firstLoad=false&brand=Realme&page=9&start=320","realme 13 8+8*GB/128GB NFC | 67W Supervooc | Snapdragon 685 | 5000mAH | HP ANDROID Honor of Kings | FREE POWERBANK","2.098.000","","","Kab. Tangerang","realme Authorized Jakarta Flagship Store"
"1777987645-937","https://www.blibli.com/cari/hp%20realme?category=AN-1000001&category=HA-1000003&sort=0&intent=false&firstLoad=false&brand=Realme&page=9&start=320","SMARTPHONE REALME NOTE 60x 4/64GB 4GB 64GB - Unisoc T612 | Garansi Resmi | Baterai 5000mAh","1.207.000","","","Kota Jakarta Barat","DISTRIBUTOR GADGET MURAH"
"1777987645-938","https://www.blibli.com/cari/hp%20realme?category=AN-1000001&category=HA-1000003&sort=0&intent=false&firstLoad=false&brand=Realme&page=9&start=320","HP Realme C11 - RAM 2/32 - Garansi Resmi","1.049.000","5","Terjual 14","","Kota Jakarta Timur"
"1777987645-939","https://www.blibli.com/cari/hp%20realme?category=AN-1000001&category=HA-1000003&sort=0&intent=false&firstLoad=false&brand=Realme&page=9&start=320","REALME C71 4/128 & 6/128 & 8/128 NEW GARANSI RESMIR","1.775.000","","Terjual 3","Kota Medan","TOKE HP Flagship Store"
"1777987645-940","https://www.blibli.com/cari/hp%20realme?category=AN-1000001&category=HA-1000003&sort=0&intent=false&firstLoad=false&brand=Realme&page=9&start=320","REALME NOTE 80 4/64 & 4/128 NEW GARANSI RESMI","1.725.000","","","Kota Medan","TOKE HP Flagship Store"
"1777987645-941","https://www.blibli.com/cari/hp%20realme?category=AN-1000001&category=HA-1000003&sort=0&intent=false&firstLoad=false&brand=Realme&page=9&start=320","REALME C67 NFC RAM 8/128GB & 8/256GB Smartphone GARANSI RESMI INDONESIA","2.049.000","5","Terjual 1","Kota Jakarta Timur","07Phone Flagship Store"
"1777987645-942","https://www.blibli.com/cari/hp%20realme?category=AN-1000001&category=HA-1000003&sort=0&intent=false&firstLoad=false&brand=Realme&page=9&start=320","Realme 14T 5G 8/128 GB Garansi Resmi","2.798.000","","","Kota Jakarta Barat","BIGBOSS SHOP Flagship Store"
"1777987645-943","https://www.blibli.com/cari/hp%20realme?category=AN-1000001&category=HA-1000003&sort=0&intent=false&firstLoad=false&brand=Realme&page=9&start=320","REALME C75x 8/128 GB Garansi Resmi 1 Tahun","1.848.000","5","Terjual 5","Kota Jakarta Barat","BIGBOSS SHOP Flagship Store"
"1777987645-944","https://www.blibli.com/cari/hp%20realme?category=AN-1000001&category=HA-1000003&sort=0&intent=false&firstLoad=false&brand=Realme&page=9&start=320","REALME Note 70 4/128GB Garansi Resmi 1 Tahun","1.348.000","5","Terjual 2","Kota Jakarta Barat","BIGBOSS SHOP Flagship Store"
"1777987645-945","https://www.blibli.com/cari/hp%20realme?category=AN-1000001&category=HA-1000003&sort=0&intent=false&firstLoad=false&brand=Realme&page=9&start=320","REALME Note 60x 4/64 GB Garansi Resmi","1.198.000","","Terjual 2","Kota Jakarta Barat","BIGBOSS SHOP Flagship Store"
"1777987645-946","https://www.blibli.com/cari/hp%20realme?category=AN-1000001&category=HA-1000003&sort=0&intent=false&firstLoad=false&brand=Realme&page=9&start=320","REALME Note 70 4/64GB Garansi Resmi 1 Tahun","1.298.000","","Terjual 2","Kota Jakarta Barat","BIGBOSS SHOP Flagship Store"
"1777987645-947","https://www.blibli.com/cari/hp%20realme?category=AN-1000001&category=HA-1000003&sort=0&intent=false&firstLoad=false&brand=Realme&page=9&start=320","REALME 13 Plus 5G 12/256 GB Garansi Resmi 1 Tahun","3.898.000","","","Kota Jakarta Barat","BIGBOSS SHOP Flagship Store"
"1777987645-948","https://www.blibli.com/cari/hp%20realme?category=AN-1000001&category=HA-1000003&sort=0&intent=false&firstLoad=false&brand=Realme&page=9&start=320","Realme 14T 5G 8/256 GB Garansi Resmi","3.348.000","","","Kota Jakarta Barat","BIGBOSS SHOP Flagship Store"
"1777987645-949","https://www.blibli.com/cari/hp%20realme?category=AN-1000001&category=HA-1000003&sort=0&intent=false&firstLoad=false&brand=Realme&page=9&start=320","Realme 13 Pro Plus 5G 12/512 GB Garansi Resmi 1 Tahun","5.998.000","","","Kota Jakarta Barat","BIGBOSS SHOP Flagship Store"
"1777987645-950","https://www.blibli.com/cari/hp%20realme?category=AN-1000001&category=HA-1000003&sort=0&intent=false&firstLoad=false&brand=Realme&page=9&start=320","Realme 13 5G 12/256 GB Garansi Resmi 1 Tahun","2.898.000","","Terjual 2","Kota Jakarta Barat","BIGBOSS SHOP Flagship Store"
"1777987645-951","https://www.blibli.com/cari/hp%20realme?category=AN-1000001&category=HA-1000003&sort=0&intent=false&firstLoad=false&brand=Realme&page=9&start=320","Realme 14 5G 8/256 GB Garansi Resmi","3.698.000","","Terjual 1","Kota Jakarta Barat","BIGBOSS SHOP Flagship Store"
"1777987645-952","https://www.blibli.com/cari/hp%20realme?category=AN-1000001&category=HA-1000003&sort=0&intent=false&firstLoad=false&brand=Realme&page=9&start=320","Hp Realme C30S ram 3/32 GB dan 4/64 GB 5000mAh Massive Battery","1.338.000","","","","Kab. Tulungagung"
"1777987645-953","https://www.blibli.com/cari/hp%20realme?category=AN-1000001&category=HA-1000003&sort=0&intent=false&firstLoad=false&brand=Realme&page=9&start=320","Realme C35 - Hp New Resmi - ALL VARIAN","2.299.000","","","","Kota Probolinggo"
"1777987645-954","https://www.blibli.com/cari/hp%20realme?category=AN-1000001&category=HA-1000003&sort=0&intent=false&firstLoad=false&brand=Realme&page=9&start=320","REALME C31 4/64 - HP NEW RESMI","1.750.000","","","","Kota Probolinggo"
"1777987645-955","https://www.blibli.com/cari/hp%20realme?category=AN-1000001&category=HA-1000003&sort=0&intent=false&firstLoad=false&brand=Realme&page=9&start=320","Realme C33 All Varian - Hp New Resmi","1.799.000","","","","Kota Probolinggo"
"1777987645-956","https://www.blibli.com/cari/hp%20realme?category=AN-1000001&category=HA-1000003&sort=0&intent=false&firstLoad=false&brand=Realme&page=9&start=320","REALME C31 3/32 - HP NEW RESMI","1.550.000","","","","Kota Probolinggo"
"1777987645-957","https://www.blibli.com/cari/hp%20realme?category=AN-1000001&category=HA-1000003&sort=0&intent=false&firstLoad=false&brand=Realme&page=9&start=320","Smartphone - Realme 14T 5G (Garansi Resmi)","3.399.000","","","","Kota Padang"
"1777987645-958","https://www.blibli.com/cari/hp%20realme?category=AN-1000001&category=HA-1000003&sort=0&intent=false&firstLoad=false&brand=Realme&page=9&start=320","Realme GT Neo 3 8/256gb - Hp New Resmi","6.999.000","","","","Kota Probolinggo"
"1777987645-959","https://www.blibli.com/cari/hp%20realme?category=AN-1000001&category=HA-1000003&sort=0&intent=false&firstLoad=false&brand=Realme&page=9&start=320","realme 9 Pro 6/128gb - Hp New Resmi","4.000.000","","","","Kota Probolinggo"
"1777987645-960","https://www.blibli.com/cari/hp%20realme?category=AN-1000001&category=HA-1000003&sort=0&intent=false&firstLoad=false&brand=Realme&page=9&start=320","Realme C25Y 4/64gb - Hp New Resmi","1.899.000","","","","Kota Probolinggo"
"1777987645-961","https://www.blibli.com/cari/hp%20realme?category=AN-1000001&category=HA-1000003&sort=0&intent=false&firstLoad=false&brand=Realme&page=9&start=320","Realme C30 2/32gb 3/32gb - Hp New Resmi","1.299.000","","","","Kota Probolinggo"
"1777987645-962","https://www.blibli.com/cari/hp%20realme?category=AN-1000001&category=HA-1000003&sort=0&intent=false&firstLoad=false&brand=Realme&page=9&start=320","Hp Realme 13 Ram 8GB Internal 128GB Garansi Resmi","2.999.000","","","Kota Pekanbaru","wwponsel_hangtuah Flagship Store"
"1777987645-963","https://www.blibli.com/cari/hp%20realme?category=AN-1000001&category=HA-1000003&sort=0&intent=false&firstLoad=false&brand=Realme&page=9&start=320","Realme 10 4/128Gb 8/128Gb 8/256Gb - Hp New Resmi","2.799.000","","","","Kota Probolinggo"
"1777987645-964","https://www.blibli.com/cari/hp%20realme?category=AN-1000001&category=HA-1000003&sort=0&intent=false&firstLoad=false&brand=Realme&page=9&start=320","Realme 6 Smartphone [4GB/ 128GB]","3.299.000","","","","Kota Jakarta Pusat"
"1777987645-965","https://www.blibli.com/cari/hp%20realme?category=AN-1000001&category=HA-1000003&sort=0&intent=false&firstLoad=false&brand=Realme&page=9&start=320","Realme 6 Smartphone [128GB/ 8GB]","3.799.000","","Terjual 1","","Kota Banjarbaru"
"1777987645-966","https://www.blibli.com/cari/hp%20realme?category=AN-1000001&category=HA-1000003&sort=0&intent=false&firstLoad=false&brand=Realme&page=9&start=320","Realme 6 Smartphone [4GB/ 128GB]","3.299.000","","Terjual 6","","Kota Banjarbaru"
"1777987645-967","https://www.blibli.com/cari/hp%20realme?category=AN-1000001&category=HA-1000003&sort=0&intent=false&firstLoad=false&brand=Realme&page=9&start=320","realme 8 Smartphone [8GB/128GB]","3.599.000","","","","Kota Jakarta Utara"
"1777987645-968","https://www.blibli.com/cari/hp%20realme?category=AN-1000001&category=HA-1000003&sort=0&intent=false&firstLoad=false&brand=Realme&page=9&start=320","Realme 5 Smartphone [64GB/ 3GB]","2.040.000","5","Terjual 1","","Kota Jakarta Utara"
"1777987645-969","https://www.blibli.com/cari/hp%20realme?category=AN-1000001&category=HA-1000003&sort=0&intent=false&firstLoad=false&brand=Realme&page=9&start=320","Realme XT Smartphone [4GB/128GB]","3.499.000","","Terjual 53","","Kota Jakarta Timur"
"1777987645-970","https://www.blibli.com/cari/hp%20realme?category=AN-1000001&category=HA-1000003&sort=0&intent=false&firstLoad=false&brand=Realme&page=9&start=320","Realme 5 Smartphone [128GB/ 4GB]","2.490.000","","Terjual 1","","Kota Jakarta Utara"
"1777987645-971","https://www.blibli.com/cari/hp%20realme?category=AN-1000001&category=HA-1000003&sort=0&intent=false&firstLoad=false&brand=Realme&page=9&start=320","Realme 6 Smartphone [128GB/ 8GB]","3.799.000","","","","Kota Jakarta Pusat"
"1777987645-972","https://www.blibli.com/cari/hp%20realme?category=AN-1000001&category=HA-1000003&sort=0&intent=false&firstLoad=false&brand=Realme&page=9&start=320","Realme 5 Smartphone [128 GB/ 4 GB]","2.499.000","","Terjual 3","","Kota Jakarta Utara"
"1777987645-973","https://www.blibli.com/cari/hp%20realme?category=AN-1000001&category=HA-1000003&sort=0&intent=false&firstLoad=false&brand=Realme&page=9&start=320","Realme XT Smartphone [8GB/128GB]","4.399.000","","","","Kota Jakarta Utara"
"1777987645-974","https://www.blibli.com/cari/hp%20realme?category=AN-1000001&category=HA-1000003&sort=0&intent=false&firstLoad=false&brand=Realme&page=9&start=320","Realme 5 Smartphone [32 GB/ 3 GB]","9.990.000","","Terjual 3","","Kota Jakarta Utara"
"1777987645-975","https://www.blibli.com/cari/hp%20realme?category=AN-1000001&category=HA-1000003&sort=0&intent=false&firstLoad=false&brand=Realme&page=9&start=320","Realme 7 8/128GB Smartphone - Garansi Resmi Realme","3.369.000","5","Terjual 3","","Kota Jakarta Utara"
"1777987645-976","https://www.blibli.com/cari/hp%20realme?category=AN-1000001&category=HA-1000003&sort=0&intent=false&firstLoad=false&brand=Realme&page=9&start=320","Realme 3 Smartphone [3GB/64GB] Blue","1.800.000","","Terjual 16","","Kota Jakarta Timur"
"1777987645-977","https://www.blibli.com/cari/hp%20realme?category=AN-1000001&category=HA-1000003&sort=0&intent=false&firstLoad=false&brand=Realme&page=9&start=320","Realme 3 Smartphone [3GB/64GB] Blue","2.100.000","","Terjual 16","","Kota Tangerang"
"1777987645-978","https://www.blibli.com/cari/hp%20realme?category=AN-1000001&category=HA-1000003&sort=0&intent=false&firstLoad=false&brand=Realme&page=9&start=320","Realme 2 Pro Smartphone [128GB/ 8GB]","3.770.000","5","Terjual 8","","Kota Jakarta Timur"
"1777987645-979","https://www.blibli.com/cari/hp%20realme?category=AN-1000001&category=HA-1000003&sort=0&intent=false&firstLoad=false&brand=Realme&page=9&start=320","Realme C11 Smartphone [3/32GB]","1.749.000","5","Terjual 6","","Kota Jakarta Pusat"
"1777987645-980","https://www.blibli.com/cari/hp%20realme?category=AN-1000001&category=HA-1000003&sort=0&intent=false&firstLoad=false&brand=Realme&page=9&start=320","Realme C1 Smartphone [16GB/ 2GB]","1.540.000","5","Terjual 5","","Kota Jakarta Timur"
"1777987645-981","https://www.blibli.com/cari/hp%20realme?category=AN-1000001&category=HA-1000003&sort=0&intent=false&firstLoad=false&brand=Realme&page=9&start=320","Realme C2 Smartphone [32 GB/3 GB]","1.510.000","","","","Kota Jakarta Utara"
"1777987645-982","https://www.blibli.com/cari/hp%20realme?category=AN-1000001&category=HA-1000003&sort=0&intent=false&firstLoad=false&brand=Realme&page=9&start=320","Realme C3 Smartphone [3GB/ 32GB]","1.820.000","","","","Kota Jakarta Utara"
"1777987645-983","https://www.blibli.com/cari/hp%20realme?category=AN-1000001&category=HA-1000003&sort=0&intent=false&firstLoad=false&brand=Realme&page=9&start=320","Realme 2 Pro Smartphone [64 GB/ 6 GB]","2.200.000","","Terjual 2","","Kota Jakarta Pusat"
"1777987645-984","https://www.blibli.com/cari/hp%20realme?category=AN-1000001&category=HA-1000003&sort=0&intent=false&firstLoad=false&brand=Realme&page=9&start=320","Realme 7 8/128GB Smartphone - Garansi Resmi Realme","3.999.000","","Terjual 61","","Kota Depok"
"1777987645-985","https://www.blibli.com/cari/hp%20realme?category=AN-1000001&category=HA-1000003&sort=0&intent=false&firstLoad=false&brand=Realme&page=9&start=320","Realme C11 Smartphone [2+32GB]","1.600.000","","Terjual 2","","Kota Bekasi"
"1777987645-986","https://www.blibli.com/cari/hp%20realme?category=AN-1000001&category=HA-1000003&sort=0&intent=false&firstLoad=false&brand=Realme&page=9&start=320","Realme 7 8/128GB Smartphone - Garansi Resmi Realme","3.999.000","","Terjual 1","","Kota Jakarta Utara"
"1777987645-987","https://www.blibli.com/cari/hp%20realme?category=AN-1000001&category=HA-1000003&sort=0&intent=false&firstLoad=false&brand=Realme&page=9&start=320","Realme C15 Smartphone [4GB/ 128GB]","2.500.000","5","Terjual 11","","Kota Bekasi"
"1777987645-988","https://www.blibli.com/cari/hp%20realme?category=AN-1000001&category=HA-1000003&sort=0&intent=false&firstLoad=false&brand=Realme&page=9&start=320","Realme 2 Pro Smartphone [64 GB/ 4 GB]","3.000.000","5","Terjual 11","","Kota Jakarta Timur"
"1777987645-989","https://www.blibli.com/cari/hp%20realme?category=AN-1000001&category=HA-1000003&sort=0&intent=false&firstLoad=false&brand=Realme&page=9&start=320","Realme 5s Smartphone [128GB/ 4GB]","2.549.000","5","Terjual 2","","Kota Tangerang Selatan"
"1777987645-990","https://www.blibli.com/cari/hp%20realme?category=AN-1000001&category=HA-1000003&sort=0&intent=false&firstLoad=false&brand=Realme&page=9&start=320","Realme C11 Smartphone [2 GB/ 32 GB]","1.418.000","","","","Kab. Subang"
"1777987645-991","https://www.blibli.com/cari/hp%20realme?category=AN-1000001&category=HA-1000003&sort=0&intent=false&firstLoad=false&brand=Realme&page=9&start=320","Realme C2 Smartphone [16GB/ 2GB]","1.599.000","","Terjual 63","","Kab. Bekasi"
"1777987645-992","https://www.blibli.com/cari/hp%20realme?category=AN-1000001&category=HA-1000003&sort=0&intent=false&firstLoad=false&brand=Realme&page=9&start=320","Realme C21 Smartphone [3GB-32GB]","1.699.000","","Terjual 4","","Kota Jakarta Utara"
"1777987645-993","https://www.blibli.com/cari/hp%20realme?category=AN-1000001&category=HA-1000003&sort=0&intent=false&firstLoad=false&brand=Realme&page=9&start=320","Realme C15 Smartphone [4GB/ 64GB]","2.199.000","","Terjual 5","","Kota Bandung"
"1777987645-994","https://www.blibli.com/cari/hp%20realme?category=AN-1000001&category=HA-1000003&sort=0&intent=false&firstLoad=false&brand=Realme&page=9&start=320","Realme 7i Smartphone [8GB/ 128GB]","2.889.000","5","Terjual 1","","Kota Jakarta Utara"
"1777987645-995","https://www.blibli.com/cari/hp%20realme?category=AN-1000001&category=HA-1000003&sort=0&intent=false&firstLoad=false&brand=Realme&page=9&start=320","Realme 5 Pro Smartphone [128GB/ 4GB]","2.999.000","","Terjual 3","","Kota Jakarta Selatan"
"1777987645-996","https://www.blibli.com/cari/hp%20realme?category=AN-1000001&category=HA-1000003&sort=0&intent=false&firstLoad=false&brand=Realme&page=9&start=320","Realme 3 Pro Smartphone [128GB/ 6GB]","3.150.000","","Terjual 6","","Kota Jakarta Timur"
"1777987645-997","https://www.blibli.com/cari/hp%20realme?category=AN-1000001&category=HA-1000003&sort=0&intent=false&firstLoad=false&brand=Realme&page=9&start=320","Realme 7i Smartphone [8GB/ 128GB]","3.199.000","","","","Kota Bandung"
"1777987645-998","https://www.blibli.com/cari/hp%20realme?category=AN-1000001&category=HA-1000003&sort=0&intent=false&firstLoad=false&brand=Realme&page=9&start=320","Realme 6 Pro Smartphone [128GB/8GB]","4.399.000","","","","Kota Jakarta Pusat"
"1777987645-999","https://www.blibli.com/cari/hp%20realme?category=AN-1000001&category=HA-1000003&sort=0&intent=false&firstLoad=false&brand=Realme&page=9&start=320","Realme C2 Smartphone [32 GB/2 GB]","1.399.000","","Terjual 3","","Kota Jakarta Utara"
"1777987645-1000","https://www.blibli.com/cari/hp%20realme?category=AN-1000001&category=HA-1000003&sort=0&intent=false&firstLoad=false&brand=Realme&page=9&start=320","Realme 2 Pro Smartphone [64 GB/ 4 GB]","3.299.000","","Terjual 8","","Kota Tangerang"
"1777987645-1001","https://www.blibli.com/cari/hp%20realme?category=AN-1000001&category=HA-1000003&sort=0&intent=false&firstLoad=false&brand=Realme&page=9&start=320","Realme 5 Pro Smartphone [8GB/128GB]","3.390.000","5","Terjual 1","","Kota Jakarta Utara"
"1777987645-1002","https://www.blibli.com/cari/hp%20realme?category=AN-1000001&category=HA-1000003&sort=0&intent=false&firstLoad=false&brand=Realme&page=9&start=320","Realme 5 Smartphone [64 GB / 3 GB] Crystal blue","1.999.000","","Terjual 9","","Kota Jakarta Selatan"
"1777987645-1003","https://www.blibli.com/cari/hp%20realme?category=AN-1000001&category=HA-1000003&sort=0&intent=false&firstLoad=false&brand=Realme&page=9&start=320","Realme 5i Smartphone [4GB - 64GB]","2.199.000","","Terjual 1","","Kota Jakarta Utara"
"1777987645-1004","https://www.blibli.com/cari/hp%20realme?category=AN-1000001&category=HA-1000003&sort=0&intent=false&firstLoad=false&brand=Realme&page=9&start=320","Realme 5i Smartphone [4GB - 64GB]","2.199.000","","","","Kota Jakarta Pusat"
"1777987645-1005","https://www.blibli.com/cari/hp%20realme?category=AN-1000001&category=HA-1000003&sort=0&intent=false&firstLoad=false&brand=Realme&page=9&start=320","Realme C21 Smartphone [3GB-32GB] Garansi Resmi","1.520.000","5","Terjual 24","","Kab. Bogor"
"1777987645-1006","https://www.blibli.com/cari/hp%20realme?category=AN-1000001&category=HA-1000003&sort=0&intent=false&firstLoad=false&brand=Realme&page=9&start=320","Realme C11 Smartphone [32GB/ 2GB]","1.449.900","5","Terjual 2","","Kota Jakarta Utara"
"1777987645-1007","https://www.blibli.com/cari/hp%20realme?category=AN-1000001&category=HA-1000003&sort=0&intent=false&firstLoad=false&brand=Realme&page=9&start=320","Realme C11 Smartphone [2 GB/32 GB]","1.299.000","","Terjual 11","","Kota Bandung"
"1777987645-1008","https://www.blibli.com/cari/hp%20realme?category=AN-1000001&category=HA-1000003&sort=0&intent=false&firstLoad=false&brand=Realme&page=9&start=320","Realme C2 Smartphone [32 GB/2 GB]","1.399.000","","Terjual 3","","Kota Jakarta Selatan"
"1777987645-1009","https://www.blibli.com/cari/hp%20realme?category=AN-1000001&category=HA-1000003&sort=0&intent=false&firstLoad=false&brand=Realme&page=9&start=320","Realme C2 Smartphone [32 GB/2 GB]","1.499.000","","Terjual 8","","Kota Jakarta Timur"
"1777987645-1010","https://www.blibli.com/cari/hp%20realme?category=AN-1000001&category=HA-1000003&sort=0&intent=false&firstLoad=false&brand=Realme&page=9&start=320","Realme C11 Smartphone [32GB/ 2GB]","1.599.000","","","","Kab. Nganjuk"
"1777987645-1011","https://www.blibli.com/cari/hp%20realme?category=AN-1000001&category=HA-1000003&sort=0&intent=false&firstLoad=false&brand=Realme&page=9&start=320","Realme C2 Smartphone [32 GB/3 GB]","1.599.000","","Terjual 4","","Kota Jakarta Utara"
"1777987645-1012","https://www.blibli.com/cari/hp%20realme?category=AN-1000001&category=HA-1000003&sort=0&intent=false&firstLoad=false&brand=Realme&page=9&start=320","Realme C2 Smartphone [32GB/ 3 GB]","1.699.000","","Terjual 3","","Kota Medan"
"1777987645-1013","https://www.blibli.com/cari/hp%20realme?category=AN-1000001&category=HA-1000003&sort=0&intent=false&firstLoad=false&brand=Realme&page=9&start=320","Realme C25 Smartphone [4GB-64GB]","2.299.000","","Terjual 2","","Kota Jakarta Utara"
"1777987645-1014","https://www.blibli.com/cari/hp%20realme?category=AN-1000001&category=HA-1000003&sort=0&intent=false&firstLoad=false&brand=Realme&page=9&start=320","Realme 3 Pro Smartphone [64GB/ 6GB]","2.550.000","","Terjual 17","","Kota Jakarta Timur"
"1777987645-1015","https://www.blibli.com/cari/hp%20realme?category=AN-1000001&category=HA-1000003&sort=0&intent=false&firstLoad=false&brand=Realme&page=9&start=320","Realme C2 Smartphone [32 GB/3 GB]","1.599.000","","Terjual 8","","Kota Jakarta Selatan"
"1777987645-1016","https://www.blibli.com/cari/hp%20realme?category=AN-1000001&category=HA-1000003&sort=0&intent=false&firstLoad=false&brand=Realme&page=9&start=320","Realme C2 Smartphone [32 GB/3 GB]","1.599.000","","Terjual 11","","Kota Jakarta Timur"
"1777987645-1017","https://www.blibli.com/cari/hp%20realme?category=AN-1000001&category=HA-1000003&sort=0&intent=false&firstLoad=false&brand=Realme&page=9&start=320","Realme C2 Smartphone [32 GB/3 GB]","1.800.000","","Terjual 78","","Kab. Bekasi"
"1777987645-1018","https://www.blibli.com/cari/hp%20realme?category=AN-1000001&category=HA-1000003&sort=0&intent=false&firstLoad=false&brand=Realme&page=9&start=320","Realme 2 Pro Smartphone [64 GB/ 6 GB]","2.499.000","","Terjual 9","","Kota Tangerang"
"1777987645-1019","https://www.blibli.com/cari/hp%20realme?category=AN-1000001&category=HA-1000003&sort=0&intent=false&firstLoad=false&brand=Realme&page=9&start=320","Realme 5 Pro Smartphone [4 GB/ 128 GB]","3.000.000","","","","Kota Tangerang"
"1777987645-1020","https://www.blibli.com/cari/hp%20realme?category=AN-1000001&category=HA-1000003&sort=0&intent=false&firstLoad=false&brand=Realme&page=9&start=320","Realme 5 Pro Smartphone [128GB/ 4GB]","3.099.000","","Terjual 2","","Kota Jakarta Utara"
"1777987645-1021","https://www.blibli.com/cari/hp%20realme?category=AN-1000001&category=HA-1000003&sort=0&intent=false&firstLoad=false&brand=Realme&page=9&start=320","Realme 2 Pro Smartphone [64 GB/ 6 GB]","3.700.000","","Terjual 13","","Kota Tangerang"
"1777987645-1022","https://www.blibli.com/cari/hp%20realme?category=AN-1000001&category=HA-1000003&sort=0&intent=false&firstLoad=false&brand=Realme&page=9&start=320","Realme 5 Smartphone [64 GB / 3 GB] Crystal blue","1.999.000","","Terjual 4","","Kota Jakarta Utara"
"1777987645-1023","https://www.blibli.com/cari/hp%20realme?category=AN-1000001&category=HA-1000003&sort=0&intent=false&firstLoad=false&brand=Realme&page=9&start=320","Realme 5i Smartphone [4GB - 64GB]","2.100.000","","","","Kota Jakarta Utara"
"1777987645-1024","https://www.blibli.com/cari/hp%20realme?category=AN-1000001&category=HA-1000003&sort=0&intent=false&firstLoad=false&brand=Realme&page=9&start=320","Realme 5 Pro Smartphone [128GB/ 8GB] hijau kristal","3.499.000","","","","Kota Jakarta Selatan"
"1777987645-1025","https://www.blibli.com/cari/hp%20realme?category=AN-1000001&category=HA-1000003&sort=0&intent=false&firstLoad=false&brand=Realme&page=9&start=320","Realme 6 Pro Smartphone [Original/128GB/8GB ]","4.599.000","","Terjual 2","","Kota Banjarbaru"
"1777987645-1026","https://www.blibli.com/cari/hp%20realme?category=AN-1000001&category=HA-1000003&sort=0&intent=false&firstLoad=false&brand=Realme&page=9&start=320","Realme C2 Smartphone [2GB/32GB] BLUE","1.599.000","","","","Kota Jakarta Pusat"
"1777987645-1027","https://www.blibli.com/cari/hp%20realme?category=AN-1000001&category=HA-1000003&sort=0&intent=false&firstLoad=false&brand=Realme&page=9&start=320","Realme C3 Smartphone [3GB / 32GB]","1.899.000","","Terjual 4","","Kota Jakarta Utara"
"1777987645-1028","https://www.blibli.com/cari/hp%20realme?category=AN-1000001&category=HA-1000003&sort=0&intent=false&firstLoad=false&brand=Realme&page=9&start=320","Realme C3 Smartphone [3GB / 32GB]","1.899.000","","","","Kota Jakarta Pusat"
"1777987645-1029","https://www.blibli.com/cari/hp%20realme?category=AN-1000001&category=HA-1000003&sort=0&intent=false&firstLoad=false&brand=Realme&page=9&start=320","Realme 5i Smartphone [4GB - 64GB]","2.199.000","","Terjual 1","","Kab. Buleleng"
"1777987645-1030","https://www.blibli.com/cari/hp%20realme?category=AN-1000001&category=HA-1000003&sort=0&intent=false&firstLoad=false&brand=Realme&page=9&start=320","Realme C15 Smartphone [ 4GB-64GB ]","2.299.000","","Terjual 1","","Kota Jakarta Utara"
"1777987645-1031","https://www.blibli.com/cari/hp%20realme?category=AN-1000001&category=HA-1000003&sort=0&intent=false&firstLoad=false&brand=Realme&page=9&start=320","REALME 7i Smartphone [ 8GB/128GB ]","3.199.000","","","","Kota Jakarta Utara"
"1777987645-1032","https://www.blibli.com/cari/hp%20realme?category=AN-1000001&category=HA-1000003&sort=0&intent=false&firstLoad=false&brand=Realme&page=9&start=320","Hp Realme 15 5G Ram 8GB Internal 256GB Garansi Resmi","4.999.000","","","Kota Pekanbaru","wwponsel_hangtuah Flagship Store"
"1777987645-1033","https://www.blibli.com/cari/hp%20realme?category=AN-1000001&category=HA-1000003&sort=0&intent=false&firstLoad=false&brand=Realme&page=9&start=320","Realme C15 Smartphone [ 4GB-64GB ]","2.199.000","","","","Kab. Nganjuk"
"1777987645-1034","https://www.blibli.com/cari/hp%20realme?category=AN-1000001&category=HA-1000003&sort=0&intent=false&firstLoad=false&brand=Realme&page=9&start=320","Realme 5 Pro Smartphone [128GB/ 4GB] Crystal Green","2.760.000","","","","Kota Jakarta Utara"
"1777987645-1035","https://www.blibli.com/cari/hp%20realme?category=AN-1000001&category=HA-1000003&sort=0&intent=false&firstLoad=false&brand=Realme&page=9&start=320","Realme 5 Pro Smartphone [128GB/ 8GB] hijau kristal","3.399.000","","Terjual 4","","Kota Jakarta Utara"
"1777987645-1036","https://www.blibli.com/cari/hp%20realme?category=AN-1000001&category=HA-1000003&sort=0&intent=false&firstLoad=false&brand=Realme&page=9&start=320","Realme X2 Pro Smartphone [12GB/256GB]","7.799.000","","Terjual 1","","Kota Jakarta Utara"
"1777987645-1037","https://www.blibli.com/cari/hp%20realme?category=AN-1000001&category=HA-1000003&sort=0&intent=false&firstLoad=false&brand=Realme&page=9&start=320","Realme C11 Smartphone [2GB/32GB/ Garansi Resmi]","1.599.000","","Terjual 2","","Kota Jakarta Utara"
"1777987645-1038","https://www.blibli.com/cari/hp%20realme?category=AN-1000001&category=HA-1000003&sort=0&intent=false&firstLoad=false&brand=Realme&page=9&start=320","Realme Narzo 30A Smartphone [4GB-64GB]","1.999.000","5","Terjual 1","","Kota Tangerang Selatan"
"1777987645-1039","https://www.blibli.com/cari/hp%20realme?category=AN-1000001&category=HA-1000003&sort=0&intent=false&firstLoad=false&brand=Realme&page=9&start=320","Realme C11 Smartphone [ 3 + 32 Gb / Garansi Resmi Realme ]","1.750.000","","Terjual 9","","Kota Tangerang"
"1777987645-1040","https://www.blibli.com/cari/hp%20realme?category=AN-1000001&category=HA-1000003&sort=0&intent=false&firstLoad=false&brand=Realme&page=9&start=320","realme X2 Pro Smartphone [256 GB/ 12 GB/ Official Store]","7.288.000","","Terjual 1","","Kota Tangerang Selatan"
"1777987645-1041","https://www.blibli.com/cari/hp%20realme?category=AN-1000001&category=HA-1000003&sort=0&intent=false&firstLoad=false&brand=Realme&page=9&start=320","Hp Realme 15 Pro 5G Ram 12GB Internal 256GB Garansi Resmi","6.999.000","","","Kota Pekanbaru","wwponsel_hangtuah Flagship Store"
"1777987645-1042","https://www.blibli.com/cari/hp%20realme?category=AN-1000001&category=HA-1000003&sort=0&intent=false&firstLoad=false&brand=Realme&page=9&start=320","Realme C12 Smartphone [ 3GB / 32GB ] - Garansi Resmi","1.900.000","","Terjual 2","","Kota Bekasi"
"1777987645-1043","https://www.blibli.com/cari/hp%20realme?category=AN-1000001&category=HA-1000003&sort=0&intent=false&firstLoad=false&brand=Realme&page=9&start=320","Hp Realme 10 8/128 GB dan 8/256 GB 50MP Kamera Color Al","3.038.000","","","","Kab. Tulungagung"
"1777987645-1044","https://www.blibli.com/cari/hp%20realme?category=AN-1000001&category=HA-1000003&sort=0&intent=false&firstLoad=false&brand=Realme&page=9&start=320","REALME 7 RAM 8GB/128GB ORIGINAL GARANSI RESMI SMARTPHONE TERBARU HANDPHONE","3.499.000","","","","Kab. Bandung"
"1777987645-1045","https://www.blibli.com/cari/hp%20realme?category=AN-1000001&category=HA-1000003&sort=0&intent=false&firstLoad=false&brand=Realme&page=9&start=320","Realme C17 2-256 GB Free Handphone Fitur","2.799.000","","Terjual 2","","Kab. Bandung"
"1777987645-1046","https://www.blibli.com/cari/hp%20realme?category=AN-1000001&category=HA-1000003&sort=0&intent=false&firstLoad=false&brand=Realme&page=9&start=320","REALME 7i RAM 8GB/128GB ORIGINAL GARANSI RESMI SMARTPHONE TERBARU HANDPHONE","3.099.000","","","","Kab. Bandung"
"1777987645-1047","https://www.blibli.com/cari/hp%20realme?category=AN-1000001&category=HA-1000003&sort=0&intent=false&firstLoad=false&brand=Realme&page=9&start=320","Realme 7 Pro 8/128GB  Smartphone","5.000.000","","Terjual 19","","Kab. Bekasi"
"1777987645-1048","https://www.blibli.com/cari/hp%20realme?category=AN-1000001&category=HA-1000003&sort=0&intent=false&firstLoad=false&brand=Realme&page=9&start=320","REALME C61 | C71 - SMARTPHONE","1.800.000","","Terjual 2","","Kab. Blora"
"1777987645-1049","https://www.blibli.com/cari/hp%20realme?category=AN-1000001&category=HA-1000003&sort=0&intent=false&firstLoad=false&brand=Realme&page=9&start=320","REALME 9i 4GB/64GB SMARTPHONE GARANSI RESMI","3.077.000","","","","Kota Palembang"
"1777987645-1050","https://www.blibli.com/cari/hp%20realme?category=AN-1000001&category=HA-1000003&sort=0&intent=false&firstLoad=false&brand=Realme&page=9&start=320","REALME 6PRO 8GB/128GB SMARTPHONE GARANSI RESMI","5.055.000","","","","Kota Palembang"
"1777987645-1051","https://www.blibli.com/cari/hp%20realme?category=AN-1000001&category=HA-1000003&sort=0&intent=false&firstLoad=false&brand=Realme&page=9&start=320","REALME 13 5G 12/256 - SMARTPHONE","2.962.000","","","","Kab. Bojonegoro"
"1777987645-1052","https://www.blibli.com/cari/hp%20realme?category=AN-1000001&category=HA-1000003&sort=0&intent=false&firstLoad=false&brand=Realme&page=9&start=320","REALME C75X 8/128GB - SMARTPHONE","2.175.000","","","","Kab. Lamongan"
"1777987645-1053","https://www.blibli.com/cari/hp%20realme?category=AN-1000001&category=HA-1000003&sort=0&intent=false&firstLoad=false&brand=Realme&page=9&start=320","REALME C12 3GB/32GB SMARTPHONE GARANSI RESMI","2.198.000","","","","Kota Palembang"
"1777987645-1054","https://www.blibli.com/cari/hp%20realme?category=AN-1000001&category=HA-1000003&sort=0&intent=false&firstLoad=false&brand=Realme&page=9&start=320","REALME C31 3GB/32GB SMARTPHONE GARANSI RESMI","1.731.000","","","","Kota Palembang"
"1777987645-1055","https://www.blibli.com/cari/hp%20realme?category=AN-1000001&category=HA-1000003&sort=0&intent=false&firstLoad=false&brand=Realme&page=9&start=320","REALME 14 5G | 14T 5G - SMARTPHONE","3.350.000","","","","Kab. Blora"
"1777987645-1056","https://www.blibli.com/cari/hp%20realme?category=AN-1000001&category=HA-1000003&sort=0&intent=false&firstLoad=false&brand=Realme&page=9&start=320","REALME NOTE 60 | NOTE 70 | NOTE 80 SERIES - SMARTPHONE","1.260.000","","","","Kab. Bojonegoro"
"1777987645-1057","https://www.blibli.com/cari/hp%20realme?category=AN-1000001&category=HA-1000003&sort=0&intent=false&firstLoad=false&brand=Realme&page=9&start=320","REALME C75 8/128GB | 8/256GB - SMARTPHONE","2.765.000","","Terjual 3","","Kab. Lamongan"
"1777987645-1058","https://www.blibli.com/cari/hp%20realme?category=AN-1000001&category=HA-1000003&sort=0&intent=false&firstLoad=false&brand=Realme&page=9&start=320","REALME NOTE 60X 4/64GB | 4/128GB - SMARTPHONE","1.289.000","","Terjual 1","","Kab. Lamongan"
"1777987645-1059","https://www.blibli.com/cari/hp%20realme?category=AN-1000001&category=HA-1000003&sort=0&intent=false&firstLoad=false&brand=Realme&page=9&start=320","REALME GT 7 12/256GB | GT 7T 12/256GB - SMARTPHONE","6.308.000","","","","Kab. Bojonegoro"
"1777987645-1060","https://www.blibli.com/cari/hp%20realme?category=AN-1000001&category=HA-1000003&sort=0&intent=false&firstLoad=false&brand=Realme&page=9&start=320","REALME 15 5G SERIES | 15 PRO SERIES | 15T SERIES | 16 SERIES - SMARTPHONE","3.640.000","","","","Kab. Blora"
"1777987645-1061","https://www.blibli.com/cari/hp%20realme?category=AN-1000001&category=HA-1000003&sort=0&intent=false&firstLoad=false&brand=Realme&page=9&start=320","REALME C85 SERIES 6/128GB | 8/128GB | 8/256GB - SMARTPHONE","2.765.000","","Terjual 1","","Kab. Bojonegoro"
"1777987645-1062","https://www.blibli.com/cari/hp%20realme?category=AN-1000001&category=HA-1000003&sort=0&intent=false&firstLoad=false&brand=Realme&page=9&start=320","REALME NARZO 30A (4+64)","1.999.000","","Terjual 2","","Kota Jakarta Utara"
"1777987645-1063","https://www.blibli.com/cari/hp%20realme?category=AN-1000001&category=HA-1000003&sort=0&intent=false&firstLoad=false&brand=Realme&page=9&start=320","Realme C71 4/128gb, 6/128gb, 8/128gb new segel bergaransi resmi","2.018.000","","","","Kota Malang"
"1777987645-1064","https://www.blibli.com/cari/hp%20realme?category=AN-1000001&category=HA-1000003&sort=0&intent=false&firstLoad=false&brand=Realme&page=9&start=320","REALME C11","1.499.000","","","","Kota Jakarta Utara"
"1777987645-1065","https://www.blibli.com/cari/hp%20realme?category=AN-1000001&category=HA-1000003&sort=0&intent=false&firstLoad=false&brand=Realme&page=9&start=320","REALME C11","1.250.000","","Terjual 3","","Kota Bogor"
"1777987645-1066","https://www.blibli.com/cari/hp%20realme?category=AN-1000001&category=HA-1000003&sort=0&intent=false&firstLoad=false&brand=Realme&page=9&start=320","REALME NOTE 70 4/64GB | 4/128GB GARANSI RESMI REALME INDONESIA","1.549.000","5","Terjual 4","","Kota Jakarta Utara"
"1777987645-1067","https://www.blibli.com/cari/hp%20realme?category=AN-1000001&category=HA-1000003&sort=0&intent=false&firstLoad=false&brand=Realme&page=9&start=320","REALME NOTE 60X 4/64GB | 4/128GB GARANSI RESMI REALME INDONESIA","1.349.000","","","","Kota Jakarta Utara"
"1777987645-1068","https://www.blibli.com/cari/hp%20realme?category=AN-1000001&category=HA-1000003&sort=0&intent=false&firstLoad=false&brand=Realme&page=9&start=320","Realme Note 60x (Ram 4GB, Rom 64/128GB, IP54)","1.249.000","","","","Kota Malang"
"1777987645-1069","https://www.blibli.com/cari/hp%20realme?category=AN-1000001&category=HA-1000003&sort=0&intent=false&firstLoad=false&brand=Realme&page=9&start=320","Realme C63 (RAM 6GB, ROM 128GB, 45W Quick Charge)","2.299.000","","","","Kota Malang"
"1777987645-1070","https://www.blibli.com/cari/hp%20realme?category=AN-1000001&category=HA-1000003&sort=0&intent=false&firstLoad=false&brand=Realme&page=9&start=320","Hp Realme 10 Pro 5G 8/128 GB & 8/256 GB 108MP ProLight Camera 5000mAh","4.268.000","","","","Kab. Tulungagung"
"1777987645-1071","https://www.blibli.com/cari/hp%20realme?category=AN-1000001&category=HA-1000003&sort=0&intent=false&firstLoad=false&brand=Realme&page=9&start=320","REALME 15T 5G 8/128GB | 8/256GB GARANSI RESMI REALME INDONESIA","3.999.000","","","","Kota Jakarta Utara"
"1777987645-1072","https://www.blibli.com/cari/hp%20realme?category=AN-1000001&category=HA-1000003&sort=0&intent=false&firstLoad=false&brand=Realme&page=9&start=320","REALME C11","1.299.000","","Terjual 9","","Kota Jakarta Utara"
"1777987645-1073","https://www.blibli.com/cari/hp%20realme?category=AN-1000001&category=HA-1000003&sort=0&intent=false&firstLoad=false&brand=Realme&page=9&start=320","REALME 12 PLUS 5G 8/256GB GARANSI RESMI REALME INDONESIA","3.799.000","","","","Kota Jakarta Utara"
"1777987645-1074","https://www.blibli.com/cari/hp%20realme?category=AN-1000001&category=HA-1000003&sort=0&intent=false&firstLoad=false&brand=Realme&page=9&start=320","REALME C63 6/128GB | 8/128GB GARANSI RESMI REALME INDONESIA","2.099.000","5","Terjual 1","","Kota Jakarta Utara"
"1777987645-1075","https://www.blibli.com/cari/hp%20realme?category=AN-1000001&category=HA-1000003&sort=0&intent=false&firstLoad=false&brand=Realme&page=9&start=320","Realme 13 5G (RAM 12GB, ROM 256GB, Dimensity 6300)","3.499.000","","","","Kota Malang"
"1777987645-1076","https://www.blibli.com/cari/hp%20realme?category=AN-1000001&category=HA-1000003&sort=0&intent=false&firstLoad=false&brand=Realme&page=9&start=320","REALME 12 PRO PLUS 8/256GB | 12/512GB GARANSI RESMI REALME INDONESIA","4.899.000","","","","Kota Jakarta Utara"
"1777987645-1077","https://www.blibli.com/cari/hp%20realme?category=AN-1000001&category=HA-1000003&sort=0&intent=false&firstLoad=false&brand=Realme&page=9&start=320","REALME 13 PRO PLUS 8/256GB | 12/512GB GARANSI RESMI REALME INDONESIA","4.399.000","5","Terjual 1","","Kota Jakarta Utara"
"1777987645-1078","https://www.blibli.com/cari/hp%20realme?category=AN-1000001&category=HA-1000003&sort=0&intent=false&firstLoad=false&brand=Realme&page=9&start=320","REALME 15 PRO 12/256GB | 12/512GB GARANSI RESMI REALME INDONESIA","7.499.000","","","","Kota Jakarta Utara"
"1777987645-1079","https://www.blibli.com/cari/hp%20realme?category=AN-1000001&category=HA-1000003&sort=0&intent=false&firstLoad=false&brand=Realme&page=9&start=320","ZTE Blade A55 (RAM 4GB, ROM 128GB, 6.75-inch 90Hz)","1.099.000","","","","Kota Malang"
"1777987645-1080","https://www.blibli.com/cari/hp%20realme?category=AN-1000001&category=HA-1000003&sort=0&intent=false&firstLoad=false&brand=Realme&page=9&start=320","Realme C75 8/128 GB Garansi Resmi 1 Tahun","2.268.000","5","Terjual 7","Kota Jakarta Barat","BIGBOSS SHOP Flagship Store"
"1777987645-1081","https://www.blibli.com/cari/hp%20realme?category=AN-1000001&category=HA-1000003&sort=0&intent=false&firstLoad=false&brand=Realme&page=9&start=320","Realme C75 8/256 GB Garansi Resmi 1 Tahun","2.398.000","5","Terjual 2","Kota Jakarta Barat","BIGBOSS SHOP Flagship Store"
"1777987645-1082","https://www.blibli.com/cari/hp%20realme?category=AN-1000001&category=HA-1000003&sort=0&intent=false&firstLoad=false&brand=Realme&page=9&start=320","REALME NOTE 70 4/64GB Garansi Resmi + Bonus","1.548.000","","Terjual 1","Kota Jakarta Barat","Gudang ponsell Flagship Store"
"1777987645-1083","https://www.blibli.com/cari/hp%20realme?category=AN-1000001&category=HA-1000003&sort=0&intent=false&firstLoad=false&brand=Realme&page=9&start=320","HP REALME C25S 4/128","2.399.000","5","Terjual 1","","Kab. Banyuwangi"
"1777987645-1084","https://www.blibli.com/cari/hp%20realme?category=AN-1000001&category=HA-1000003&sort=0&intent=false&firstLoad=false&brand=Realme&page=9&start=320","HP REALME C20 2/32 GARANSI RESMI","1.239.000","","","","Kab. Banyuwangi"
"1777987645-1085","https://www.blibli.com/cari/hp%20realme?category=AN-1000001&category=HA-1000003&sort=0&intent=false&firstLoad=false&brand=Realme&page=9&start=320","realme 8 Smartphone [8GB/128GB]","3.499.000","5","Terjual 7","Kota Surabaya","Sentra Pusat Gadget Flagship Store"
"1777987645-1086","https://www.blibli.com/cari/hp%20realme?category=AN-1000001&category=HA-1000003&sort=0&intent=false&firstLoad=false&brand=Realme&page=9&start=320","Realme C25 Smartphone [4GB-64GB]","2.099.000","5","Terjual 27","Kota Surabaya","Sentra Pusat Gadget Flagship Store"
"1777987645-1087","https://www.blibli.com/cari/hp%20realme?category=AN-1000001&category=HA-1000003&sort=0&intent=false&firstLoad=false&brand=Realme&page=9&start=320","Realme C17 Smartphone [6GB/256GB]","2.799.000","5","Terjual 15","Kota Surabaya","Sentra Pusat Gadget Flagship Store"
"1777987645-1088","https://www.blibli.com/cari/hp%20realme?category=AN-1000001&category=HA-1000003&sort=0&intent=false&firstLoad=false&brand=Realme&page=9&start=320","realme 8 Pro Smartphone [8GB/128GB]","4.299.000","5","Terjual 12","Kota Surabaya","Sentra Pusat Gadget Flagship Store"
"1777987645-1089","https://www.blibli.com/cari/hp%20realme?category=AN-1000001&category=HA-1000003&sort=0&intent=false&firstLoad=false&brand=Realme&page=9&start=320","Realme C25 Smartphone [4GB-128GB]","2.299.000","5","Terjual 10","Kota Surabaya","Sentra Pusat Gadget Flagship Store"
"1777987645-1090","https://www.blibli.com/cari/hp%20realme?category=AN-1000001&category=HA-1000003&sort=0&intent=false&firstLoad=false&brand=Realme&page=9&start=320","Realme C11 Smartphone [2GB/32GB/ Garansi Resmi]","1.499.000","5","Terjual 16","Kota Surabaya","Sentra Pusat Gadget Flagship Store"
"1777987645-1091","https://www.blibli.com/cari/hp%20realme?category=AN-1000001&category=HA-1000003&sort=0&intent=false&firstLoad=false&brand=Realme&page=9&start=320","Realme 5i Smartphone [4GB - 64GB]","2.199.000","","Terjual 2","Kota Surabaya","Sentra Pusat Gadget Flagship Store"
"1777987645-1092","https://www.blibli.com/cari/hp%20realme?category=AN-1000001&category=HA-1000003&sort=0&intent=false&firstLoad=false&brand=Realme&page=9&start=320","Realme C12 Smartphone [ 3GB / 32GB ] - Garansi Resmi","1.899.000","","Terjual 5","Kota Surabaya","Sentra Pusat Gadget Flagship Store"
"1777987645-1093","https://www.blibli.com/cari/hp%20realme?category=AN-1000001&category=HA-1000003&sort=0&intent=false&firstLoad=false&brand=Realme&page=9&start=320","Realme Note 60X 4/128GB Garansi Resmi Indonesia HP Murah Handphone Smartphone Original ORI","1.349.000","","Terjual 1","Kota Surabaya","Apollo Gadget Flagship Store"
"1777987645-1094","https://www.blibli.com/cari/hp%20realme?category=AN-1000001&category=HA-1000003&sort=0&intent=false&firstLoad=false&brand=Realme&page=9&start=320","Realme Note 60X 4/64GB Garansi Resmi Indonesia HP Handphone Murah Smartphone ORI Original","1.299.000","","","Kota Surabaya","Apollo Gadget Flagship Store"
"1777987645-1095","https://www.blibli.com/cari/hp%20realme?category=AN-1000001&category=HA-1000003&sort=0&intent=false&firstLoad=false&brand=Realme&page=9&start=320","Realme C35 4/64GB smartphone","2.299.000","5","Terjual 11","Kota Surabaya","Sentra Pusat Gadget Flagship Store"
"1777987645-1096","https://www.blibli.com/cari/hp%20realme?category=AN-1000001&category=HA-1000003&sort=0&intent=false&firstLoad=false&brand=Realme&page=9&start=320","Realme C35 4/64GB smartphone","2.299.000","5","Terjual 3","Kab. Sidoarjo","DISCOVERY Flagship Store"
"1777987645-1097","https://www.blibli.com/cari/hp%20realme?category=AN-1000001&category=HA-1000003&sort=0&intent=false&firstLoad=false&brand=Realme&page=9&start=320","Realme 11 Pro 5G [8GB/256GB] Smartphone","4.599.000","5","Terjual 10","Kota Surabaya","Apollo Gadget Flagship Store"
"1777987645-1098","https://www.blibli.com/cari/hp%20realme?category=AN-1000001&category=HA-1000003&sort=0&intent=false&firstLoad=false&brand=Realme&page=9&start=320","Realme 13 Pro+ 5G 12/512GB Smartphone","6.999.000","5","Terjual 2","Kota Surabaya","Apollo Gadget Flagship Store"
"1777987645-1099","https://www.blibli.com/cari/hp%20realme?category=AN-1000001&category=HA-1000003&sort=0&intent=false&firstLoad=false&brand=Realme&page=9&start=320","Realme 13 Pro 5G 12/256GB Smartphone","5.999.000","","Terjual 1","Kota Surabaya","Apollo Gadget Flagship Store"
"1777987645-1100","https://www.blibli.com/cari/hp%20realme?category=AN-1000001&category=HA-1000003&sort=0&intent=false&firstLoad=false&brand=Realme&page=9&start=320","HP REALME NOTE 70 4/128GB","1.599.000","5","Terjual 105","Kab. Kudus","Telering Flagship Store"
"1777987645-1101","https://www.blibli.com/cari/hp%20realme?category=AN-1000001&category=HA-1000003&sort=0&intent=false&firstLoad=false&brand=Realme&page=9&start=320","HP REALME C71 4/128GB","1.899.000","5","Terjual 128","Kab. Kudus","Telering Flagship Store"
"1777987645-1102","https://www.blibli.com/cari/hp%20realme?category=AN-1000001&category=HA-1000003&sort=0&intent=false&firstLoad=false&brand=Realme&page=9&start=320","HP REALME 13 8/128 HIJAU","2.999.000","5","Terjual 42","Kab. Kudus","Telering Flagship Store"
"1777987645-1103","https://www.blibli.com/cari/hp%20realme?category=AN-1000001&category=HA-1000003&sort=0&intent=false&firstLoad=false&brand=Realme&page=9&start=320","HP REALME NOTE 70 4/64GB","1.499.000","5","Terjual 83","Kab. Kudus","Telering Flagship Store"
"1777987645-1104","https://www.blibli.com/cari/hp%20realme?category=AN-1000001&category=HA-1000003&sort=0&intent=false&firstLoad=false&brand=Realme&page=9&start=320","HP REALME NOTE 60 4/64GB","1.199.000","5","Terjual 45","Kab. Kudus","Telering Flagship Store"
"1777987645-1105","https://www.blibli.com/cari/hp%20realme?category=AN-1000001&category=HA-1000003&sort=0&intent=false&firstLoad=false&brand=Realme&page=9&start=320","HP REALME C75 8/128GB","2.399.000","5","Terjual 45","Kab. Kudus","Telering Flagship Store"
"1777987645-1106","https://www.blibli.com/cari/hp%20realme?category=AN-1000001&category=HA-1000003&sort=0&intent=false&firstLoad=false&brand=Realme&page=9&start=320","HP REALME C71 6/128GB","2.099.000","5","Terjual 54","Kab. Kudus","Telering Flagship Store"
"1777987645-1107","https://www.blibli.com/cari/hp%20realme?category=AN-1000001&category=HA-1000003&sort=0&intent=false&firstLoad=false&brand=Realme&page=9&start=320","HP REALME C75 8/256GB","2.799.000","5","Terjual 25","Kab. Kudus","Telering Flagship Store"
"1777987645-1108","https://www.blibli.com/cari/hp%20realme?category=AN-1000001&category=HA-1000003&sort=0&intent=false&firstLoad=false&brand=Realme&page=9&start=320","HP REALME NOTE50 4/64GB","1.349.000","","Terjual 5","Kab. Kudus","Telering Flagship Store"
"1777987645-1109","https://www.blibli.com/cari/hp%20realme?category=AN-1000001&category=HA-1000003&sort=0&intent=false&firstLoad=false&brand=Realme&page=9&start=320","HP REALME C75X 8/128GB","2.199.000","5","Terjual 60","Kab. Kudus","Telering Flagship Store"
"1777987645-1110","https://www.blibli.com/cari/hp%20realme?category=AN-1000001&category=HA-1000003&sort=0&intent=false&firstLoad=false&brand=Realme&page=9&start=320","HP REALME NOTE50 4/128GB","1.549.000","","Terjual 3","Kab. Kudus","Telering Flagship Store"
"1777987645-1111","https://www.blibli.com/cari/hp%20realme?category=AN-1000001&category=HA-1000003&sort=0&intent=false&firstLoad=false&brand=Realme&page=9&start=320","HP REALME C61 8/128GB","1.799.000","5","Terjual 10","Kab. Kudus","Telering Flagship Store"
"1777987645-1112","https://www.blibli.com/cari/hp%20realme?category=AN-1000001&category=HA-1000003&sort=0&intent=false&firstLoad=false&brand=Realme&page=9&start=320","HP REALME C71 8/128GB","2.299.000","","Terjual 16","Kab. Kudus","Telering Flagship Store"
"1777987645-1113","https://www.blibli.com/cari/hp%20realme?category=AN-1000001&category=HA-1000003&sort=0&intent=false&firstLoad=false&brand=Realme&page=9&start=320","HP REALME NOTE 60 6/128GB","1.499.000","3","Terjual 11","Kab. Kudus","Telering Flagship Store"
"1777987645-1114","https://www.blibli.com/cari/hp%20realme?category=AN-1000001&category=HA-1000003&sort=0&intent=false&firstLoad=false&brand=Realme&page=9&start=320","HP REALME 14 5G 8/256GB","4.399.000","5","Terjual 6","Kab. Kudus","Telering Flagship Store"
"1777987645-1115","https://www.blibli.com/cari/hp%20realme?category=AN-1000001&category=HA-1000003&sort=0&intent=false&firstLoad=false&brand=Realme&page=9&start=320","HP REALME 13 4G 8/256GB","2.999.000","","","Kab. Purworejo","Telering Flagship Store"
"1777987645-1116","https://www.blibli.com/cari/hp%20realme?category=AN-1000001&category=HA-1000003&sort=0&intent=false&firstLoad=false&brand=Realme&page=9&start=320","HP REALME 15T 5G 8/256","3.999.000","","Terjual 1","Kab. Purworejo","Telering Flagship Store"
"1777987645-1117","https://www.blibli.com/cari/hp%20realme?category=AN-1000001&category=HA-1000003&sort=0&intent=false&firstLoad=false&brand=Realme&page=9&start=320","HP REALME 11 RMX3636 8/256GB","2.699.000","","Terjual 1","Kab. Purworejo","Telering Flagship Store"
"1777987645-1118","https://www.blibli.com/cari/hp%20realme?category=AN-1000001&category=HA-1000003&sort=0&intent=false&firstLoad=false&brand=Realme&page=9&start=320","HP REALME 13 5G 12/256 SPEED GREEN","3.499.000","5","Terjual 6","Kab. Kudus","Telering Flagship Store"
"1777987645-1119","https://www.blibli.com/cari/hp%20realme?category=AN-1000001&category=HA-1000003&sort=0&intent=false&firstLoad=false&brand=Realme&page=9&start=320","HP REALME RMX3834 NOTE50 4/128GB","1.549.000","","","Kab. Kudus","Telering Flagship Store"
"1777987645-1120","https://www.blibli.com/cari/hp%20realme?category=AN-1000001&category=HA-1000003&sort=0&intent=false&firstLoad=false&brand=Realme&page=9&start=320","HP REALME 12 5G 8/256 HIJAU HUTAN","2.999.000","","Terjual 1","Kota Cirebon","Telering Flagship Store"
"1777987645-1121","https://www.blibli.com/cari/hp%20realme?category=AN-1000001&category=HA-1000003&sort=0&intent=false&firstLoad=false&brand=Realme&page=9&start=320","HP REALME 14T 5G 8/256GB","3.799.000","5","Terjual 11","Kab. Kudus","Telering Flagship Store"
"1777987645-1122","https://www.blibli.com/cari/hp%20realme?category=AN-1000001&category=HA-1000003&sort=0&intent=false&firstLoad=false&brand=Realme&page=9&start=320","Hp Realme C65 ram 8GB Internal 256GB Garansi Resmi","2.599.000","","Terjual 1","Kota Pekanbaru","wwponsel_hangtuah Flagship Store"
"1777987645-1123","https://www.blibli.com/cari/hp%20realme?category=AN-1000001&category=HA-1000003&sort=0&intent=false&firstLoad=false&brand=Realme&page=9&start=320","Hp Realme Note 50 Ram 4GB Internal 64GB Garansi Resmi","1.399.000","","","Kota Pekanbaru","wwponsel_hangtuah Flagship Store"
"1777987645-1124","https://www.blibli.com/cari/hp%20realme?category=AN-1000001&category=HA-1000003&sort=0&intent=false&firstLoad=false&brand=Realme&page=9&start=320","Hp Realme C65 Ram 8GB Internal 256GB Garansi Resmi","2.799.000","","","Kota Pekanbaru","wwponsel_hangtuah Flagship Store"
"1777987645-1125","https://www.blibli.com/cari/hp%20realme?category=AN-1000001&category=HA-1000003&sort=0&intent=false&firstLoad=false&brand=Realme&page=9&start=320","Hp Realme Note 60 Ram 8GB Internal 256GB Garansi Resmi","1.999.000","","","Kota Pekanbaru","wwponsel_hangtuah Flagship Store"
"1777987645-1126","https://www.blibli.com/cari/hp%20realme?category=AN-1000001&category=HA-1000003&sort=0&intent=false&firstLoad=false&brand=Realme&page=9&start=320","Hp Realme C65 Ram 8GB Internal 128GB Garansi Resmi","2.399.000","","","Kota Pekanbaru","wwponsel_hangtuah Flagship Store"
"1777987645-1127","https://www.blibli.com/cari/hp%20realme?category=AN-1000001&category=HA-1000003&sort=0&intent=false&firstLoad=false&brand=Realme&page=9&start=320","Hp Realme Note 60 Ram 6GB Internal 128GB Garansi Resmi","1.499.000","","Terjual 1","Kota Pekanbaru","wwponsel_hangtuah Flagship Store"
"1777987645-1128","https://www.blibli.com/cari/hp%20realme?category=AN-1000001&category=HA-1000003&sort=0&intent=false&firstLoad=false&brand=Realme&page=9&start=320","Hp Realme Note 50 Ram 4GB Internal 128GB Garansi Resmi","1.599.000","","","Kota Pekanbaru","wwponsel_hangtuah Flagship Store"
"1777987645-1129","https://www.blibli.com/cari/hp%20realme?category=AN-1000001&category=HA-1000003&sort=0&intent=false&firstLoad=false&brand=Realme&page=9&start=320","Hp Realme Note 60x Ram 4GB Internal 128GB Garansi Resmi","1.450.000","","","Kota Pekanbaru","wwponsel_hangtuah Flagship Store"
"1777987645-1130","https://www.blibli.com/cari/hp%20realme?category=AN-1000001&category=HA-1000003&sort=0&intent=false&firstLoad=false&brand=Realme&page=9&start=320","Hp Realme 10 8/128 GB dan 8/256 GB 50MP Kamera Color Al","2.748.000","","","","Kab. Mojokerto"
"1777987645-1131","https://www.blibli.com/cari/hp%20realme?category=AN-1000001&category=HA-1000003&sort=0&intent=false&firstLoad=false&brand=Realme&page=9&start=320","Hp Realme C30S ram 3/32 GB dan 4/64 GB 5000mAh Massive Battery","1.338.000","","","","Kab. Mojokerto"
"1777987645-1132","https://www.blibli.com/cari/hp%20realme?category=AN-1000001&category=HA-1000003&sort=0&intent=false&firstLoad=false&brand=Realme&page=9&start=320","Realme 6 Smartphone [128GB/ 8GB]","3.499.000","","Terjual 8","","Kota Surabaya"
"1777987645-1133","https://www.blibli.com/cari/hp%20realme?category=AN-1000001&category=HA-1000003&sort=0&intent=false&firstLoad=false&brand=Realme&page=9&start=320","Realme 7 Smartphone [8GB/ 128GB]","3.999.000","","Terjual 4","","Kota Surabaya"
"1777987645-1134","https://www.blibli.com/cari/hp%20realme?category=AN-1000001&category=HA-1000003&sort=0&intent=false&firstLoad=false&brand=Realme&page=9&start=320","Realme 5i Smartphone [4GB - 64GB]","2.199.000","","Terjual 48","","Kota Surabaya"
"1777987645-1135","https://www.blibli.com/cari/hp%20realme?category=AN-1000001&category=HA-1000003&sort=0&intent=false&firstLoad=false&brand=Realme&page=9&start=320","Realme 5 Pro Smartphone [128GB/ 4GB] Crystal Green","3.099.000","","Terjual 5","","Kota Surabaya"
"1777987645-1136","https://www.blibli.com/cari/hp%20realme?category=AN-1000001&category=HA-1000003&sort=0&intent=false&firstLoad=false&brand=Realme&page=9&start=320","Hp Realme 10 Pro 5G 8/128 GB & 8/256 GB 108MP ProLight Camera 5000mAh","3.998.000","","","","Kab. Mojokerto"
"1777987645-1137","https://www.blibli.com/cari/hp%20realme?category=AN-1000001&category=HA-1000003&sort=0&intent=false&firstLoad=false&brand=Realme&page=9&start=320","realme X2 Pro Smartphone [256 GB/ 12 GB/ Official Store]","7.799.000","5","Terjual 12","","Kota Surabaya"
"1777987645-1138","https://www.blibli.com/cari/hp%20realme?category=AN-1000001&category=HA-1000003&sort=0&intent=false&firstLoad=false&brand=Realme&page=9&start=320","REALME 13 5G 12/256","3.998.000","","Terjual 13","","Kota Surabaya"
"1777987645-1139","https://www.blibli.com/cari/hp%20realme?category=AN-1000001&category=HA-1000003&sort=0&intent=false&firstLoad=false&brand=Realme&page=9&start=320","REALME NOTE 60 6/128 GARANSI RESMI","1.697.000","","Terjual 11","","Kota Surabaya"
"1777987645-1140","https://www.blibli.com/cari/hp%20realme?category=AN-1000001&category=HA-1000003&sort=0&intent=false&firstLoad=false&brand=Realme&page=9&start=320","REALME 13 PRO 12/256 GARANSI RESMI","6.365.000","","","","Kota Surabaya"
"1777987645-1141","https://www.blibli.com/cari/hp%20realme?category=AN-1000001&category=HA-1000003&sort=0&intent=false&firstLoad=false&brand=Realme&page=9&start=320","Handphone Realme 11 8/256 GB","3.807.000","","","Kota Bandung","MetaCore Store Flagship Store"
"1777987645-1142","https://www.blibli.com/cari/hp%20realme?category=AN-1000001&category=HA-1000003&sort=0&intent=false&firstLoad=false&brand=Realme&page=9&start=320","Realme C31 Smartphone [3/32GB] Garansi Resmi","1.450.000","5","Terjual 3","Kota Jakarta Pusat","Global Teleshop Flagship Store"
"1777987645-1143","https://www.blibli.com/cari/hp%20realme?category=AN-1000001&category=HA-1000003&sort=0&intent=false&firstLoad=false&brand=Realme&page=9&start=320","Realme Narzo 50A Smartphone [4/128GB] Garansi Resmi","2.399.000","","","Kota Jakarta Pusat","Global Teleshop Flagship Store"
"1777987645-1144","https://www.blibli.com/cari/hp%20realme?category=AN-1000001&category=HA-1000003&sort=0&intent=false&firstLoad=false&brand=Realme&page=9&start=320","Realme C11 2021 Smartphone [2/32GB] Garansi Resmi","1.349.000","","","Kota Jakarta Pusat","Global Teleshop Flagship Store"
"1777987645-1145","https://www.blibli.com/cari/hp%20realme?category=AN-1000001&category=HA-1000003&sort=0&intent=false&firstLoad=false&brand=Realme&page=9&start=320","Realme 10 Smartphone [8GB/128GB] Garansi Resmi","2.799.000","","Terjual 1","Kota Salatiga","SINAR MAS SELLULER Flagship Store"
"1777987645-1146","https://www.blibli.com/cari/hp%20realme?category=AN-1000001&category=HA-1000003&sort=0&intent=false&firstLoad=false&brand=Realme&page=9&start=320","Realme 10 Smartphone [8GB/256GB] Garansi Resmi","2.999.000","","","Kota Salatiga","SINAR MAS SELLULER Flagship Store"
"1777987645-1147","https://www.blibli.com/cari/hp%20realme?category=AN-1000001&category=HA-1000003&sort=0&intent=false&firstLoad=false&brand=Realme&page=9&start=320","Realme C53 Smartphone [6GB/128GB] Garansi Resmi","1.999.000","5","Terjual 13","Kota Salatiga","SINAR MAS SELLULER Flagship Store"
"1777987645-1148","https://www.blibli.com/cari/hp%20realme?category=AN-1000001&category=HA-1000003&sort=0&intent=false&firstLoad=false&brand=Realme&page=9&start=320","Realme C51 Smartphone [4GB/128GB] Garansi Resmi","1.699.000","","","Kota Salatiga","SINAR MAS SELLULER Flagship Store"
"1777987645-1149","https://www.blibli.com/cari/hp%20realme?category=AN-1000001&category=HA-1000003&sort=0&intent=false&firstLoad=false&brand=Realme&page=9&start=320","Realme C55 Smartphone [6GB/128GB] Garansi Resmi","2.299.000","5","Terjual 2","Kota Salatiga","SINAR MAS SELLULER Flagship Store"
"1777987645-1150","https://www.blibli.com/cari/hp%20realme?category=AN-1000001&category=HA-1000003&sort=0&intent=false&firstLoad=false&brand=Realme&page=9&start=320","Realme C51 Smartphone [4GB/64GB] Garansi Resmi","1.399.000","5","Terjual 3","Kota Salatiga","SINAR MAS SELLULER Flagship Store"
"1777987645-1151","https://www.blibli.com/cari/hp%20realme?category=AN-1000001&category=HA-1000003&sort=0&intent=false&firstLoad=false&brand=Realme&page=9&start=320","Realme C53 Smartphone [8GB/256GB] Garansi Resmi","2.299.000","","","Kota Salatiga","SINAR MAS SELLULER Flagship Store"
"1777987645-1152","https://www.blibli.com/cari/hp%20realme?category=AN-1000001&category=HA-1000003&sort=0&intent=false&firstLoad=false&brand=Realme&page=9&start=320","Realme C67 Smartphone [8GB/128GB] Garansi Resmi","2.599.000","","","Kota Salatiga","SINAR MAS SELLULER Flagship Store"
"1777987645-1153","https://www.blibli.com/cari/hp%20realme?category=AN-1000001&category=HA-1000003&sort=0&intent=false&firstLoad=false&brand=Realme&page=9&start=320","Realme C67 Smartphone [8GB/256GB] Garansi Resmi","2.999.000","","","Kota Salatiga","SINAR MAS SELLULER Flagship Store"
"1777987645-1154","https://www.blibli.com/cari/hp%20realme?category=AN-1000001&category=HA-1000003&sort=0&intent=false&firstLoad=false&brand=Realme&page=9&start=320","Realme 11 4G Smartphone [8GB/256GB] Garansi Resmi","3.299.000","","","Kota Salatiga","SINAR MAS SELLULER Flagship Store"
"1777987645-1155","https://www.blibli.com/cari/hp%20realme?category=AN-1000001&category=HA-1000003&sort=0&intent=false&firstLoad=false&brand=Realme&page=9&start=320","Realme 10 Pro Plus Smartphone [12GB/256GB] Garansi Resmi","6.999.000","","","Kota Salatiga","SINAR MAS SELLULER Flagship Store"
"1777987645-1156","https://www.blibli.com/cari/hp%20realme?category=AN-1000001&category=HA-1000003&sort=0&intent=false&firstLoad=false&brand=Realme&page=9&start=320","Realme 10 Pro Plus Smartphone [8GB/128GB] Garansi Resmi","5.999.000","","","Kota Salatiga","SINAR MAS SELLULER Flagship Store"
"1777987645-1157","https://www.blibli.com/cari/hp%20realme?category=AN-1000001&category=HA-1000003&sort=0&intent=false&firstLoad=false&brand=Realme&page=9&start=320","Realme C51s Smartphone [6GB/128GB] New Garansi Resmi","1.599.000","","","Kota Salatiga","SINAR MAS SELLULER Flagship Store"
"1777987645-1158","https://www.blibli.com/cari/hp%20realme?category=AN-1000001&category=HA-1000003&sort=0&intent=false&firstLoad=false&brand=Realme&page=9&start=320","Realme C35 4/64GB smartphone","1.699.000","5","Terjual 139","Kab. Kudus","Telering Flagship Store"
"1777987645-1159","https://www.blibli.com/cari/hp%20realme?category=AN-1000001&category=HA-1000003&sort=0&intent=false&firstLoad=false&brand=Realme&page=9&start=320","Realme 6 Smartphone Android [4/ 128 GB]","2.589.000","","Terjual 22","Kab. Cirebon","Complete.Selular Flagship Store"
"1777987645-1160","https://www.blibli.com/cari/hp%20realme?category=AN-1000001&category=HA-1000003&sort=0&intent=false&firstLoad=false&brand=Realme&page=9&start=320","Realme C11 Smartphone [32GB/ 2GB]","1.199.000","","","Kab. Indramayu","Telering Flagship Store"
"1777987645-1161","https://www.blibli.com/cari/hp%20realme?category=AN-1000001&category=HA-1000003&sort=0&intent=false&firstLoad=false&brand=Realme&page=9&start=320","Realme 11 Pro 5G Smartphone [8GB/256GB] Garansi Resmi","4.999.000","","","Kota Salatiga","SINAR MAS SELLULER Flagship Store"
"1777987645-1162","https://www.blibli.com/cari/hp%20realme?category=AN-1000001&category=HA-1000003&sort=0&intent=false&firstLoad=false&brand=Realme&page=9&start=320","Realme 11 Pro+ 5G Smartphone [12GB/512GB] Garansi Resmi","6.999.000","","","Kota Salatiga","SINAR MAS SELLULER Flagship Store"
"1777987645-1163","https://www.blibli.com/cari/hp%20realme?category=AN-1000001&category=HA-1000003&sort=0&intent=false&firstLoad=false&brand=Realme&page=9&start=320","Realme C33 4/128GB Smartphone","1.999.000","","","Kab. Indramayu","Telering Flagship Store"
"1777987645-1164","https://www.blibli.com/cari/hp%20realme?category=AN-1000001&category=HA-1000003&sort=0&intent=false&firstLoad=false&brand=Realme&page=9&start=320","Realme 10 8/256GB","3.399.000","","Terjual 4","Kab. Kudus","Telering Flagship Store"
"1777987645-1165","https://www.blibli.com/cari/hp%20realme?category=AN-1000001&category=HA-1000003&sort=0&intent=false&firstLoad=false&brand=Realme&page=9&start=320","REALME C11","1.298.000","","","Kota Jakarta Pusat","Princess Flagship Store"
"1777987645-1166","https://www.blibli.com/cari/hp%20realme?category=AN-1000001&category=HA-1000003&sort=0&intent=false&firstLoad=false&brand=Realme&page=9&start=320","Realme C51 NFC 4GB/128GB Smartphone Garansi resmi realme Indonesia","1.625.000","5","Terjual 297","","Kota Jakarta Timur"
"1777987645-1167","https://www.blibli.com/cari/hp%20realme?category=AN-1000001&category=HA-1000003&sort=0&intent=false&firstLoad=false&brand=Realme&page=9&start=320","realme C51 NFC 4GB-128GB Garansi resmi 1 tahun","1.625.000","5","Terjual 29","","Kota Jakarta Timur"
"1777987645-1168","https://www.blibli.com/cari/hp%20realme?category=AN-1000001&category=HA-1000003&sort=0&intent=false&firstLoad=false&brand=Realme&page=9&start=320","Realme 11 Pro 5G [8+8GB/256GB] Garansi resmi 1 tahun","3.725.000","","Terjual 5","","Kota Jakarta Timur"
"1777987645-1169","https://www.blibli.com/cari/hp%20realme?category=AN-1000001&category=HA-1000003&sort=0&intent=false&firstLoad=false&brand=Realme&page=9&start=320","Realme 6 Pro Smartphone [128GB/8GB]","3.499.000","5","Terjual 47","","Kota Jakarta Pusat"
"1777987645-1170","https://www.blibli.com/cari/hp%20realme?category=AN-1000001&category=HA-1000003&sort=0&intent=false&firstLoad=false&brand=Realme&page=9&start=320","REALME C53 - SMARTPHONE","1.959.000","","Terjual 2","","Kab. Bojonegoro"
"1777987645-1171","https://www.blibli.com/cari/hp%20realme?category=AN-1000001&category=HA-1000003&sort=0&intent=false&firstLoad=false&brand=Realme&page=9&start=320","Realme 5 Smartphone [32 GB/ 3 GB]","1.849.000","","Terjual 1","","Kota Medan"
"1777987645-1172","https://www.blibli.com/cari/hp%20realme?category=AN-1000001&category=HA-1000003&sort=0&intent=false&firstLoad=false&brand=Realme&page=9&start=320","Realme C31 Smartphone [4GB-64GB]","1.899.000","5","Terjual 14","","Kab. Lamongan"
"1777987645-1173","https://www.blibli.com/cari/hp%20realme?category=AN-1000001&category=HA-1000003&sort=0&intent=false&firstLoad=false&brand=Realme&page=9&start=320","Realme C11 Smartphone [2+32GB]","1.599.000","","","","Kota Balikpapan"
"1777987645-1174","https://www.blibli.com/cari/hp%20realme?category=AN-1000001&category=HA-1000003&sort=0&intent=false&firstLoad=false&brand=Realme&page=9&start=320","Realme C31 Smartphone [3GB-32GB]","1.699.000","5","Terjual 17","","Kab. Lamongan"
"1777987645-1175","https://www.blibli.com/cari/hp%20realme?category=AN-1000001&category=HA-1000003&sort=0&intent=false&firstLoad=false&brand=Realme&page=9&start=320","REALME 10 PRO SMARTPHONE 8/128GB","4.299.000","","Terjual 1","","Kab. Lamongan"
"1777987645-1176","https://www.blibli.com/cari/hp%20realme?category=AN-1000001&category=HA-1000003&sort=0&intent=false&firstLoad=false&brand=Realme&page=9&start=320","Realme 5i Smartphone [32GB/ 3GB]","2.399.000","","","","Kota Malang"
"1777987645-1177","https://www.blibli.com/cari/hp%20realme?category=AN-1000001&category=HA-1000003&sort=0&intent=false&firstLoad=false&brand=Realme&page=9&start=320","Realme 7 Pro 8/128GB Smartphone [ Garansi Resmi REALME ]","7.500.000","5","Terjual 2","","Kota Balikpapan"
"1777987645-1178","https://www.blibli.com/cari/hp%20realme?category=AN-1000001&category=HA-1000003&sort=0&intent=false&firstLoad=false&brand=Realme&page=9&start=320","Realme C15 Smartphone [ 4GB-64GB ]","2.199.000","","","","Kota Balikpapan"
"1777987645-1179","https://www.blibli.com/cari/hp%20realme?category=AN-1000001&category=HA-1000003&sort=0&intent=false&firstLoad=false&brand=Realme&page=9&start=320","REALME C30s SMARTPHONE 3 + 32GB","1.399.000","","","","Kab. Bojonegoro"
"1777987645-1180","https://www.blibli.com/cari/hp%20realme?category=AN-1000001&category=HA-1000003&sort=0&intent=false&firstLoad=false&brand=Realme&page=9&start=320","Realme GT Neo 3 Smartphone 8GB/ 256GB","6.999.000","5","Terjual 1","","Kab. Bojonegoro"
"1777987645-1181","https://www.blibli.com/cari/hp%20realme?category=AN-1000001&category=HA-1000003&sort=0&intent=false&firstLoad=false&brand=Realme&page=9&start=320","REALME C51 4/64GB -SMARTPHONE","1.341.000","4","Terjual 3","","Kab. Bojonegoro"
"1777987645-1182","https://www.blibli.com/cari/hp%20realme?category=AN-1000001&category=HA-1000003&sort=0&intent=false&firstLoad=false&brand=Realme&page=9&start=320","Realme C35 4/128Gb Smartphone","2.499.000","5","Terjual 12","","Kab. Bojonegoro"
"1777987645-1183","https://www.blibli.com/cari/hp%20realme?category=AN-1000001&category=HA-1000003&sort=0&intent=false&firstLoad=false&brand=Realme&page=9&start=320","REALME C53 8/256GB -SMARTPHONE","2.252.000","","","","Kab. Tuban"
"1777987645-1184","https://www.blibli.com/cari/hp%20realme?category=AN-1000001&category=HA-1000003&sort=0&intent=false&firstLoad=false&brand=Realme&page=9&start=320","REALME 11 8/256GB - SMARTPHONE","3.111.000","5","Terjual 1","","Kab. Bojonegoro"
"1777987645-1185","https://www.blibli.com/cari/hp%20realme?category=AN-1000001&category=HA-1000003&sort=0&intent=false&firstLoad=false&brand=Realme&page=9&start=320","REALME C67 8/256GB - SMARTPHONE","2.742.000","","","","Kab. Lamongan"
"1777987645-1186","https://www.blibli.com/cari/hp%20realme?category=AN-1000001&category=HA-1000003&sort=0&intent=false&firstLoad=false&brand=Realme&page=9&start=320","REALME 10 PRO+ 8/128GB - SMARTPHONE","5.999.000","","","","Kab. Bojonegoro"
"1777992137-1187","https://www.blibli.com/cari/hp%20realme?category=AN-1000001&category=HA-1000003&sort=0&intent=false&firstLoad=false&brand=Realme&page=8&start=280","HP Realme 16 Pro+ Ram 12GB Internal 512GB Garansi Resmi","8.954.005","","","Kota Pekanbaru","wwponsel_hangtuah Flagship Store"
"1777992137-1188","https://www.blibli.com/cari/hp%20realme?category=AN-1000001&category=HA-1000003&sort=0&intent=false&firstLoad=false&brand=Realme&page=8&start=280","HP Realme 16 Pro Ram 12GB Internal 256GB Garansi Resmi","6.964.005","","","Kota Pekanbaru","wwponsel_hangtuah Flagship Store"
"1777992137-1189","https://www.blibli.com/cari/hp%20realme?category=AN-1000001&category=HA-1000003&sort=0&intent=false&firstLoad=false&brand=Realme&page=8&start=280","REALME 15 8/256","4.999.000","","","","Kota Surabaya & kota lainnya"
"1777992137-1190","https://www.blibli.com/cari/hp%20realme?category=AN-1000001&category=HA-1000003&sort=0&intent=false&firstLoad=false&brand=Realme&page=8&start=280","Hp Realme C71 Ram 8GB Internal 128GB Garansi Resmi","2.486.505","","","Kota Pekanbaru","wwponsel_hangtuah Flagship Store"
"1777992137-1191","https://www.blibli.com/cari/hp%20realme?category=AN-1000001&category=HA-1000003&sort=0&intent=false&firstLoad=false&brand=Realme&page=8&start=280","Hp Realme Narzo 50A RAM 4GB Internal 128GB Garansi Resmi","2.586.005","","","Kota Pekanbaru","wwponsel_hangtuah Flagship Store"
"1777992137-1192","https://www.blibli.com/cari/hp%20realme?category=AN-1000001&category=HA-1000003&sort=0&intent=false&firstLoad=false&brand=Realme&page=8&start=280","Hp Realme C30s Ram 3GB Internal 32GB Garansi Resmi","1.392.005","","","Kota Pekanbaru","wwponsel_hangtuah Flagship Store"
"1777992137-1193","https://www.blibli.com/cari/hp%20realme?category=AN-1000001&category=HA-1000003&sort=0&intent=false&firstLoad=false&brand=Realme&page=8&start=280","Hp Realme 9 Pro 5G Ram 6GB Internal 128GB Garansi Resmi","3.780.005","","","Kota Pekanbaru","wwponsel_hangtuah Flagship Store"
"1777992137-1194","https://www.blibli.com/cari/hp%20realme?category=AN-1000001&category=HA-1000003&sort=0&intent=false&firstLoad=false&brand=Realme&page=8&start=280","Hp Realme C33 Ram 4GB + Extended 4GB Internal 128GB Garansi Resmi","2.088.505","","","Kota Pekanbaru","wwponsel_hangtuah Flagship Store"
"1777992137-1195","https://www.blibli.com/cari/hp%20realme?category=AN-1000001&category=HA-1000003&sort=0&intent=false&firstLoad=false&brand=Realme&page=8&start=280","Hp Realme 12 5G Ram 8GB + Extended 8GB Internal 256GB Garansi Resmi","3.680.505","","Terjual 1","Kota Pekanbaru","wwponsel_hangtuah Flagship Store"
"1777992137-1196","https://www.blibli.com/cari/hp%20realme?category=AN-1000001&category=HA-1000003&sort=0&intent=false&firstLoad=false&brand=Realme&page=8&start=280","HP RERALME C25Y 4/64GB","1.899.000","","Terjual 3","","Kota Surabaya"
"1777992137-1197","https://www.blibli.com/cari/hp%20realme?category=AN-1000001&category=HA-1000003&sort=0&intent=false&firstLoad=false&brand=Realme&page=8&start=280","Realme C15 Smartphone [ 4GB-64GB ]","2.099.000","","Terjual 31","","Kota Surabaya"
"1777992137-1198","https://www.blibli.com/cari/hp%20realme?category=AN-1000001&category=HA-1000003&sort=0&intent=false&firstLoad=false&brand=Realme&page=8&start=280","REALME 8 HANDPHONE RAM 8/128","3.299.000","","","","Kota Surabaya"
"1777992137-1199","https://www.blibli.com/cari/hp%20realme?category=AN-1000001&category=HA-1000003&sort=0&intent=false&firstLoad=false&brand=Realme&page=8&start=280","Realme X3 SuperZoom Smartphone [256 GB/12 GB]","6.999.000","","Terjual 3","","Kota Surabaya"
"1777992137-1200","https://www.blibli.com/cari/hp%20realme?category=AN-1000001&category=HA-1000003&sort=0&intent=false&firstLoad=false&brand=Realme&page=8&start=280","hp realme","1.200.000","","","","Kota Makassar & kota lainnya"
"1777992137-1201","https://www.blibli.com/cari/hp%20realme?category=AN-1000001&category=HA-1000003&sort=0&intent=false&firstLoad=false&brand=Realme&page=8&start=280","Realme C31 Handphone 3GB/32GB","1.549.000","","","","Kota Surabaya"
"1777992137-1202","https://www.blibli.com/cari/hp%20realme?category=AN-1000001&category=HA-1000003&sort=0&intent=false&firstLoad=false&brand=Realme&page=8&start=280","Realme C15 Smartphone [ 4GB-64GB ]","2.199.000","","Terjual 43","","Kota Surabaya"
"1777992137-1203","https://www.blibli.com/cari/hp%20realme?category=AN-1000001&category=HA-1000003&sort=0&intent=false&firstLoad=false&brand=Realme&page=8&start=280","REALME 10 8/128 GARANSI RESMI REALME","2.850.000","","","","Kota Surabaya"
"1777992137-1204","https://www.blibli.com/cari/hp%20realme?category=AN-1000001&category=HA-1000003&sort=0&intent=false&firstLoad=false&brand=Realme&page=8&start=280","REALME C30S GARANSI RESMI REALME","1.300.000","","","","Kota Surabaya"
"1777992137-1205","https://www.blibli.com/cari/hp%20realme?category=AN-1000001&category=HA-1000003&sort=0&intent=false&firstLoad=false&brand=Realme&page=8&start=280","REALME 11 NFC 8/256 GARANSI RESMI","3.125.000","","","","Kota Surabaya"
"1777992137-1206","https://www.blibli.com/cari/hp%20realme?category=AN-1000001&category=HA-1000003&sort=0&intent=false&firstLoad=false&brand=Realme&page=8&start=280","REALME C85 PRO 8/128","2.999.000","","","","Kota Surabaya & kota lainnya"
"1777992137-1207","https://www.blibli.com/cari/hp%20realme?category=AN-1000001&category=HA-1000003&sort=0&intent=false&firstLoad=false&brand=Realme&page=8&start=280","Realme Narzo 5A 4/128 - Garansi Resmi Realme Indonesia","2.299.000","","","","Kota Surabaya"
"1777992137-1208","https://www.blibli.com/cari/hp%20realme?category=AN-1000001&category=HA-1000003&sort=0&intent=false&firstLoad=false&brand=Realme&page=8&start=280","Realme Note 50 Ram 4GB Rom 64GB","989.000","","Terjual 2","","Kota Surabaya"
"1777992137-1209","https://www.blibli.com/cari/hp%20realme?category=AN-1000001&category=HA-1000003&sort=0&intent=false&firstLoad=false&brand=Realme&page=8&start=280","Realme C65 Ram 8GB Rom 128GB","1.689.000","","","","Kota Surabaya"
"1777992137-1210","https://www.blibli.com/cari/hp%20realme?category=AN-1000001&category=HA-1000003&sort=0&intent=false&firstLoad=false&brand=Realme&page=8&start=280","Realme C67 Ram 8GB Rom 128GB","1.989.000","","","","Kota Surabaya"
"1777992137-1211","https://www.blibli.com/cari/hp%20realme?category=AN-1000001&category=HA-1000003&sort=0&intent=false&firstLoad=false&brand=Realme&page=8&start=280","Realme 12 Plus 5G Ram 8GB Rom 256GB","2.989.000","","","","Kota Surabaya"
"1777992137-1212","https://www.blibli.com/cari/hp%20realme?category=AN-1000001&category=HA-1000003&sort=0&intent=false&firstLoad=false&brand=Realme&page=8&start=280","Realme 13 Ram 8GB Rom 256GB","2.989.000","","","","Kota Surabaya"
"1777992137-1213","https://www.blibli.com/cari/hp%20realme?category=AN-1000001&category=HA-1000003&sort=0&intent=false&firstLoad=false&brand=Realme&page=8&start=280","Realme GT 6 Ram 12G Rom 256GB","7.289.000","","","","Kota Surabaya"
"1777992137-1214","https://www.blibli.com/cari/hp%20realme?category=AN-1000001&category=HA-1000003&sort=0&intent=false&firstLoad=false&brand=Realme&page=8&start=280","Realme 14T 5G Ram 8GB Rom 256GB","2.689.000","","","","Kota Surabaya"
"1777992137-1215","https://www.blibli.com/cari/hp%20realme?category=AN-1000001&category=HA-1000003&sort=0&intent=false&firstLoad=false&brand=Realme&page=8&start=280","REALME C71 4/128","1.899.000","","","","Kota Surabaya & kota lainnya"
"1777992137-1216","https://www.blibli.com/cari/hp%20realme?category=AN-1000001&category=HA-1000003&sort=0&intent=false&firstLoad=false&brand=Realme&page=8&start=280","INFINIX HOT 60 PRO+ 8/128","2.799.000","","Terjual 1","","Kota Surabaya & kota lainnya"
"1777992137-1217","https://www.blibli.com/cari/hp%20realme?category=AN-1000001&category=HA-1000003&sort=0&intent=false&firstLoad=false&brand=Realme&page=8&start=280","Realme Narzo 50 5G Ram 6 Rom 128GB","3.089.000","","","","Kota Surabaya"
"1777992137-1218","https://www.blibli.com/cari/hp%20realme?category=AN-1000001&category=HA-1000003&sort=0&intent=false&firstLoad=false&brand=Realme&page=8&start=280","REALME C71 6/128","2.099.000","","","","Kota Surabaya & kota lainnya"
"1777992137-1219","https://www.blibli.com/cari/hp%20realme?category=AN-1000001&category=HA-1000003&sort=0&intent=false&firstLoad=false&brand=Realme&page=8&start=280","REALME C85 8/128","2.799.000","","","","Kota Surabaya & kota lainnya"
"1777992137-1220","https://www.blibli.com/cari/hp%20realme?category=AN-1000001&category=HA-1000003&sort=0&intent=false&firstLoad=false&brand=Realme&page=8&start=280","Realme Narzo 50 5G Ram 6 Rom 128GB","3.089.000","","","","Kota Surabaya"
"1777992137-1221","https://www.blibli.com/cari/hp%20realme?category=AN-1000001&category=HA-1000003&sort=0&intent=false&firstLoad=false&brand=Realme&page=8&start=280","REALME NOTE 70 4/128","1.599.000","","","","Kota Surabaya & kota lainnya"
"1777992137-1222","https://www.blibli.com/cari/hp%20realme?category=AN-1000001&category=HA-1000003&sort=0&intent=false&firstLoad=false&brand=Realme&page=8&start=280","Realme C85 Pro Ram 8 Rom 256GB","3.190.000","","","","Kota Surabaya"
"1777992137-1223","https://www.blibli.com/cari/hp%20realme?category=AN-1000001&category=HA-1000003&sort=0&intent=false&firstLoad=false&brand=Realme&page=8&start=280","Realme C51 Ram 4GB Rom 64GB","1.240.000","","","","Kota Surabaya"
"1777992137-1224","https://www.blibli.com/cari/hp%20realme?category=AN-1000001&category=HA-1000003&sort=0&intent=false&firstLoad=false&brand=Realme&page=8&start=280","Realme C51 Ram 4GB Rom 128GB","1.515.000","5","Terjual 1","","Kota Surabaya"
"1777992137-1225","https://www.blibli.com/cari/hp%20realme?category=AN-1000001&category=HA-1000003&sort=0&intent=false&firstLoad=false&brand=Realme&page=8&start=280","Realme C65 4G Ram 8 Rom 256GB","1.865.000","","","","Kota Surabaya"
"1777992137-1226","https://www.blibli.com/cari/hp%20realme?category=AN-1000001&category=HA-1000003&sort=0&intent=false&firstLoad=false&brand=Realme&page=8&start=280","Realme 12 Plus 5G Ram 12GB Rom 512GB","3.540.000","","","","Kota Surabaya"
"1777992137-1227","https://www.blibli.com/cari/hp%20realme?category=AN-1000001&category=HA-1000003&sort=0&intent=false&firstLoad=false&brand=Realme&page=8&start=280","Realme 13 Plus Ram 12GB Rom 256GB","3.589.000","","","","Kota Surabaya"
"1777992137-1228","https://www.blibli.com/cari/hp%20realme?category=AN-1000001&category=HA-1000003&sort=0&intent=false&firstLoad=false&brand=Realme&page=8&start=280","Realme 10 Pro Plus Ram 8GB Rom 128GB","3.640.000","","","","Kota Surabaya"
"1777992137-1229","https://www.blibli.com/cari/hp%20realme?category=AN-1000001&category=HA-1000003&sort=0&intent=false&firstLoad=false&brand=Realme&page=8&start=280","Realme 12 Pro Plus Ram 8GB Rom 256GB","4.689.000","","","","Kota Surabaya"
"1777992137-1230","https://www.blibli.com/cari/hp%20realme?category=AN-1000001&category=HA-1000003&sort=0&intent=false&firstLoad=false&brand=Realme&page=8&start=280","Realme 13 Pro Plus Ram 12GB Rom 512GB","5.889.000","","","","Kota Surabaya"
"1777992137-1231","https://www.blibli.com/cari/hp%20realme?category=AN-1000001&category=HA-1000003&sort=0&intent=false&firstLoad=false&brand=Realme&page=8&start=280","Realme Note 50 Ram 3GB Rom 64GB","1.040.000","","","","Kota Surabaya"
"1777992137-1232","https://www.blibli.com/cari/hp%20realme?category=AN-1000001&category=HA-1000003&sort=0&intent=false&firstLoad=false&brand=Realme&page=8&start=280","Realme 10 Ram 4GB Rom 128GB","2.039.000","","","","Kota Surabaya"
"1777992137-1233","https://www.blibli.com/cari/hp%20realme?category=AN-1000001&category=HA-1000003&sort=0&intent=false&firstLoad=false&brand=Realme&page=8&start=280","Realme 11 Pro 5G Ram 8GB Rom 256GB","3.389.000","","","","Kota Surabaya"
"1777992137-1234","https://www.blibli.com/cari/hp%20realme?category=AN-1000001&category=HA-1000003&sort=0&intent=false&firstLoad=false&brand=Realme&page=8&start=280","Realme 13 Pro 5G Ram 12GB Rom 256GB","4.189.000","","","","Kota Surabaya"
"1777992137-1235","https://www.blibli.com/cari/hp%20realme?category=AN-1000001&category=HA-1000003&sort=0&intent=false&firstLoad=false&brand=Realme&page=8&start=280","Realme C71 Ram 4GB Rom 128GB Segel Original","1.789.000","","","","Kota Surabaya"
"1777992137-1236","https://www.blibli.com/cari/hp%20realme?category=AN-1000001&category=HA-1000003&sort=0&intent=false&firstLoad=false&brand=Realme&page=8&start=280","Realme C71 Ram 6B Rom 128GB","2.089.000","","","","Kota Surabaya"
"1777992137-1237","https://www.blibli.com/cari/hp%20realme?category=AN-1000001&category=HA-1000003&sort=0&intent=false&firstLoad=false&brand=Realme&page=8&start=280","Realme 14T 5G Ram 8GB Rom 128GB","2.539.000","","","","Kota Surabaya"
"1777992137-1238","https://www.blibli.com/cari/hp%20realme?category=AN-1000001&category=HA-1000003&sort=0&intent=false&firstLoad=false&brand=Realme&page=8&start=280","Realme 14T 5G Ram 8GB Rom 128GB","3.189.000","","","","Kota Surabaya"
"1777992137-1239","https://www.blibli.com/cari/hp%20realme?category=AN-1000001&category=HA-1000003&sort=0&intent=false&firstLoad=false&brand=Realme&page=8&start=280","REALME C71 8/128","2.399.000","","","","Kota Surabaya & kota lainnya"
"1777992137-1240","https://www.blibli.com/cari/hp%20realme?category=AN-1000001&category=HA-1000003&sort=0&intent=false&firstLoad=false&brand=Realme&page=8&start=280","REALME C85 PRO 8/256","3.299.000","","","","Kota Surabaya & kota lainnya"
"1777992137-1241","https://www.blibli.com/cari/hp%20realme?category=AN-1000001&category=HA-1000003&sort=0&intent=false&firstLoad=false&brand=Realme&page=8&start=280","Realme GT Master 5G Ram 8 Rom 128GB","3.989.000","","","","Kota Surabaya"
"1777992137-1242","https://www.blibli.com/cari/hp%20realme?category=AN-1000001&category=HA-1000003&sort=0&intent=false&firstLoad=false&brand=Realme&page=8&start=280","Realme C30S Ram 3GB Rom 32GB","1.089.000","","","","Kota Surabaya"
"1777992137-1243","https://www.blibli.com/cari/hp%20realme?category=AN-1000001&category=HA-1000003&sort=0&intent=false&firstLoad=false&brand=Realme&page=8&start=280","Realme C63 Ram 6GB Rom 128GB","1.505.000","","","","Kota Surabaya"
"1777992137-1244","https://www.blibli.com/cari/hp%20realme?category=AN-1000001&category=HA-1000003&sort=0&intent=false&firstLoad=false&brand=Realme&page=8&start=280","Realme Note 60 Ram 6GB Rom 128GB","1.575.000","","","","Kota Surabaya"
"1777992137-1245","https://www.blibli.com/cari/hp%20realme?category=AN-1000001&category=HA-1000003&sort=0&intent=false&firstLoad=false&brand=Realme&page=8&start=280","Realme C75x Ram 8GB Rom 128GB","2.189.000","","","","Kota Surabaya"
"1777992137-1246","https://www.blibli.com/cari/hp%20realme?category=AN-1000001&category=HA-1000003&sort=0&intent=false&firstLoad=false&brand=Realme&page=8&start=280","Realme C67 Ram 8GB Rom 256GB","2.239.000","","","","Kota Surabaya"
"1777992137-1247","https://www.blibli.com/cari/hp%20realme?category=AN-1000001&category=HA-1000003&sort=0&intent=false&firstLoad=false&brand=Realme&page=8&start=280","Realme C75 Ram 8GB Rom 256GB","2.289.000","","","","Kota Surabaya"
"1777992137-1248","https://www.blibli.com/cari/hp%20realme?category=AN-1000001&category=HA-1000003&sort=0&intent=false&firstLoad=false&brand=Realme&page=8&start=280","Realme 11 Ram 8GB Rom 256GB","2.540.000","","","","Kota Surabaya"
"1777992137-1249","https://www.blibli.com/cari/hp%20realme?category=AN-1000001&category=HA-1000003&sort=0&intent=false&firstLoad=false&brand=Realme&page=8&start=280","Realme 12 Pro Plus 5G Ram 12GB Rom 512GB","5.989.000","","","","Kota Surabaya"
"1777992137-1250","https://www.blibli.com/cari/hp%20realme?category=AN-1000001&category=HA-1000003&sort=0&intent=false&firstLoad=false&brand=Realme&page=8&start=280","realme 16 pro 5g 12/256","6.300.000","","","","Kota Surabaya"
"1777992137-1251","https://www.blibli.com/cari/hp%20realme?category=AN-1000001&category=HA-1000003&sort=0&intent=false&firstLoad=false&brand=Realme&page=8&start=280","Realme C71 Ram 4 Rom 128GB","1.789.000","","","","Kota Surabaya"
"1777992137-1252","https://www.blibli.com/cari/hp%20realme?category=AN-1000001&category=HA-1000003&sort=0&intent=false&firstLoad=false&brand=Realme&page=8&start=280","Realme C75 Ram 8GB Rom 128GB","2.189.000","","","","Kota Surabaya"
"1777992137-1253","https://www.blibli.com/cari/hp%20realme?category=AN-1000001&category=HA-1000003&sort=0&intent=false&firstLoad=false&brand=Realme&page=8&start=280","Realme 12 5G Ram 8GB Rom 256GB","2.305.000","","","","Kota Surabaya"
"1777992137-1254","https://www.blibli.com/cari/hp%20realme?category=AN-1000001&category=HA-1000003&sort=0&intent=false&firstLoad=false&brand=Realme&page=8&start=280","REALME NOTE 70 4/64","1.499.000","","","","Kota Surabaya & kota lainnya"
"1777992137-1255","https://www.blibli.com/cari/hp%20realme?category=AN-1000001&category=HA-1000003&sort=0&intent=false&firstLoad=false&brand=Realme&page=8&start=280","Realme C65 Ram 8GB Rom 128GB","1.765.000","","","","Kota Surabaya"
"1777992137-1256","https://www.blibli.com/cari/hp%20realme?category=AN-1000001&category=HA-1000003&sort=0&intent=false&firstLoad=false&brand=Realme&page=8&start=280","Realme GT 6 Ram 12G Rom 256GB","7.289.000","","","","Kota Surabaya"
"1777992137-1257","https://www.blibli.com/cari/hp%20realme?category=AN-1000001&category=HA-1000003&sort=0&intent=false&firstLoad=false&brand=Realme&page=8&start=280","Infinix Note 10 Pro 8/128 - Garansi Resmi Infinix Indonesia","3.199.000","","","","Kota Surabaya"
"1777992137-1258","https://www.blibli.com/cari/hp%20realme?category=AN-1000001&category=HA-1000003&sort=0&intent=false&firstLoad=false&brand=Realme&page=8&start=280","Realme Note 50 Ram 4GB Rom 128GB","1.339.000","","","","Kota Surabaya"
"1777992137-1259","https://www.blibli.com/cari/hp%20realme?category=AN-1000001&category=HA-1000003&sort=0&intent=false&firstLoad=false&brand=Realme&page=8&start=280","realme 9i 4/64  Android Smartphone","2.699.000","","","","Kab. Sidoarjo"
"1777992137-1260","https://www.blibli.com/cari/hp%20realme?category=AN-1000001&category=HA-1000003&sort=0&intent=false&firstLoad=false&brand=Realme&page=8&start=280","realme c35 4/64 Android Smartphone","2.299.000","","","","Kab. Sidoarjo"
"1777992137-1261","https://www.blibli.com/cari/hp%20realme?category=AN-1000001&category=HA-1000003&sort=0&intent=false&firstLoad=false&brand=Realme&page=8&start=280","REALME C11 RAM 2/32GB GARANSI RESMI","1.349.000","","","","Kab. Sidoarjo"
"1777992137-1262","https://www.blibli.com/cari/hp%20realme?category=AN-1000001&category=HA-1000003&sort=0&intent=false&firstLoad=false&brand=Realme&page=8&start=280","REALME C11","1.350.000","","Terjual 49","","Kab. Sidoarjo & kota lainnya"
"1777992137-1263","https://www.blibli.com/cari/hp%20realme?category=AN-1000001&category=HA-1000003&sort=0&intent=false&firstLoad=false&brand=Realme&page=8&start=280","Realme C35 4/128","2.499.000","","","","Kab. Sidoarjo"
"1777992137-1264","https://www.blibli.com/cari/hp%20realme?category=AN-1000001&category=HA-1000003&sort=0&intent=false&firstLoad=false&brand=Realme&page=8&start=280","Realme C15 Smartphone [ 64GB / 4GB ] [ QUALCOM EDITION ]","2.235.000","","Terjual 2","","Kab. Sidoarjo"
"1777992137-1265","https://www.blibli.com/cari/hp%20realme?category=AN-1000001&category=HA-1000003&sort=0&intent=false&firstLoad=false&brand=Realme&page=8&start=280","realme 7 Pro 8/128GB smartphone","4.199.000","","Terjual 1","","Kab. Sidoarjo"
"1777992137-1266","https://www.blibli.com/cari/hp%20realme?category=AN-1000001&category=HA-1000003&sort=0&intent=false&firstLoad=false&brand=Realme&page=8&start=280","Realme 11 8/256 GB Smartphone Android Original Garansi Resmi","3.299.000","","","","Kab. Bangkalan"
"1777992137-1267","https://www.blibli.com/cari/hp%20realme?category=AN-1000001&category=HA-1000003&sort=0&intent=false&firstLoad=false&brand=Realme&page=8&start=280","Realme 8 8/128 GB Smartphone Android Original Garansi Resmi","3.299.000","","","","Kab. Bangkalan"
"1777992137-1268","https://www.blibli.com/cari/hp%20realme?category=AN-1000001&category=HA-1000003&sort=0&intent=false&firstLoad=false&brand=Realme&page=8&start=280","Realme 11 Pro 8/256 GB Smartphone Android Original Garansi Resmi","4.999.000","","","","Kab. Bangkalan"
"1777992137-1269","https://www.blibli.com/cari/hp%20realme?category=AN-1000001&category=HA-1000003&sort=0&intent=false&firstLoad=false&brand=Realme&page=8&start=280","REALME C11 RAM 2/32 GB GARANSI RESMI","1.377.000","","Terjual 1","","Kab. Sidoarjo"
"1777992137-1270","https://www.blibli.com/cari/hp%20realme?category=AN-1000001&category=HA-1000003&sort=0&intent=false&firstLoad=false&brand=Realme&page=8&start=280","REALME C35 RAM 4/128 GB GARANSI RESMI","2.550.000","","Terjual 5","","Kab. Sidoarjo"
"1777992137-1271","https://www.blibli.com/cari/hp%20realme?category=AN-1000001&category=HA-1000003&sort=0&intent=false&firstLoad=false&brand=Realme&page=8&start=280","Realme C55 Smartphone ( 8GB + 256GB ) Garansi Resmi","2.878.080","","Terjual 1","Kota Jakarta Pusat","Victorindo Flagship Store"
"1777992137-1272","https://www.blibli.com/cari/hp%20realme?category=AN-1000001&category=HA-1000003&sort=0&intent=false&firstLoad=false&brand=Realme&page=8&start=280","Realme C71 4/128 GB Garansi Resmi","1.979.000","","","Kota Jakarta Pusat","Gudang-hp.com Flagship Store"
"1777992137-1273","https://www.blibli.com/cari/hp%20realme?category=AN-1000001&category=HA-1000003&sort=0&intent=false&firstLoad=false&brand=Realme&page=8&start=280","Pre-order","3.353.000","","","Kota Jakarta Pusat","Gudang-hp.com Flagship Store"
"1777992137-1274","https://www.blibli.com/cari/hp%20realme?category=AN-1000001&category=HA-1000003&sort=0&intent=false&firstLoad=false&brand=Realme&page=8&start=280","Pre-order","3.737.000","","","Kota Jakarta Pusat","Gudang-hp.com Flagship Store"
"1777992137-1275","https://www.blibli.com/cari/hp%20realme?category=AN-1000001&category=HA-1000003&sort=0&intent=false&firstLoad=false&brand=Realme&page=8&start=280","Realme C85 Pro 8/256 GB Garansi Resmi","3.816.000","","Terjual 1","Kota Jakarta Pusat","Gudang-hp.com Flagship Store"
"1777992137-1276","https://www.blibli.com/cari/hp%20realme?category=AN-1000001&category=HA-1000003&sort=0&intent=false&firstLoad=false&brand=Realme&page=8&start=280","realme 16 Pro 5G 12GB+14GB|256GB| Dimensity 7300-Max 5G Chipset | 7000mAh Titan Battery + 80W Ultra Charge","7.054.999","","","Kota Batam","ATM MOBILE BATAM Flagship Store"
"1777992137-1277","https://www.blibli.com/cari/hp%20realme?category=AN-1000001&category=HA-1000003&sort=0&intent=false&firstLoad=false&brand=Realme&page=8&start=280","Hp Realme 10 Pro 5G 8/128 GB & 8/256 GB 108MP ProLight Camera 5000mAh","4.268.000","","","","Kota Madiun"
"1777992137-1278","https://www.blibli.com/cari/hp%20realme?category=AN-1000001&category=HA-1000003&sort=0&intent=false&firstLoad=false&brand=Realme&page=8&start=280","HP realme C25Y 4/64 (5000mAh Mega Battery, 50MP AI Triple Camera Powerful, Octa-core Processor)","2.400.000","5","Terjual 2","","Kota Jakarta Timur"
"1777992137-1279","https://www.blibli.com/cari/hp%20realme?category=AN-1000001&category=HA-1000003&sort=0&intent=false&firstLoad=false&brand=Realme&page=8&start=280","hp realme","4.500.000","","Terjual 5","","Kota Makassar"
"1777992137-1280","https://www.blibli.com/cari/hp%20realme?category=AN-1000001&category=HA-1000003&sort=0&intent=false&firstLoad=false&brand=Realme&page=8&start=280","HP REALME NARZO","5.000.000","","","","Kota Makassar"
"1777992137-1281","https://www.blibli.com/cari/hp%20realme?category=AN-1000001&category=HA-1000003&sort=0&intent=false&firstLoad=false&brand=Realme&page=8&start=280","Realme C71","1.899.000","","","","Kota Batam"
"1777992137-1282","https://www.blibli.com/cari/hp%20realme?category=AN-1000001&category=HA-1000003&sort=0&intent=false&firstLoad=false&brand=Realme&page=8&start=280","Realme C75 8/256GB Garansi Resmi","2.685.000","","","","Kota Kediri"
"1777992137-1283","https://www.blibli.com/cari/hp%20realme?category=AN-1000001&category=HA-1000003&sort=0&intent=false&firstLoad=false&brand=Realme&page=8&start=280","HP REALME NARZO 20","3.500.000","","Terjual 1","","Kota Makassar"
"1777992137-1284","https://www.blibli.com/cari/hp%20realme?category=AN-1000001&category=HA-1000003&sort=0&intent=false&firstLoad=false&brand=Realme&page=8&start=280","HP REALME NARZO 20","5.000.000","","Terjual 16","","Kota Makassar"
"1777992137-1285","https://www.blibli.com/cari/hp%20realme?category=AN-1000001&category=HA-1000003&sort=0&intent=false&firstLoad=false&brand=Realme&page=8&start=280","Realme C30s 4GB-64GB Smartphone Garansi resmi realme Indonesia","999.000","","Terjual 5","","Kota Jakarta Timur"
"1777992137-1286","https://www.blibli.com/cari/hp%20realme?category=AN-1000001&category=HA-1000003&sort=0&intent=false&firstLoad=false&brand=Realme&page=8&start=280","Realme C35 4/64GB smartphone","2.159.000","4,8","Terjual 312","","Kota Medan"
"1777992137-1287","https://www.blibli.com/cari/hp%20realme?category=AN-1000001&category=HA-1000003&sort=0&intent=false&firstLoad=false&brand=Realme&page=8&start=280","C11 2021 2/32GB Blue Hp Realme","1.349.000","","","","Kota Tasikmalaya"
"1777992137-1288","https://www.blibli.com/cari/hp%20realme?category=AN-1000001&category=HA-1000003&sort=0&intent=false&firstLoad=false&brand=Realme&page=8&start=280","C21Y 3/32GB Cross Black Hp Realme","1.599.000","","","","Kota Tasikmalaya"
"1777992137-1289","https://www.blibli.com/cari/hp%20realme?category=AN-1000001&category=HA-1000003&sort=0&intent=false&firstLoad=false&brand=Realme&page=8&start=280","REALME C35 Smartphone","2.299.000","5","Terjual 8","","Kota Medan"
"1777992137-1290","https://www.blibli.com/cari/hp%20realme?category=AN-1000001&category=HA-1000003&sort=0&intent=false&firstLoad=false&brand=Realme&page=8&start=280","realme C61 8/128 Garasi resmi realme Indonesia","1.649.000","","Terjual 1","","Kota Jakarta Timur"
"1777992137-1291","https://www.blibli.com/cari/hp%20realme?category=AN-1000001&category=HA-1000003&sort=0&intent=false&firstLoad=false&brand=Realme&page=8&start=280","Realme Note 60 6/128 Garasi resmi realme Indonesia","1.265.000","","Terjual 1","","Kota Jakarta Timur"
"1777992137-1292","https://www.blibli.com/cari/hp%20realme?category=AN-1000001&category=HA-1000003&sort=0&intent=false&firstLoad=false&brand=Realme&page=8&start=280","Realme Note 50 4GB-128GB Garansi resmi 1 tahun","1.240.000","","","","Kota Jakarta Timur"
"1777992137-1293","https://www.blibli.com/cari/hp%20realme?category=AN-1000001&category=HA-1000003&sort=0&intent=false&firstLoad=false&brand=Realme&page=8&start=280","Realme C65 NFC 8GB/256GB Garansi resmi realme Indonesia 1 tahun","2.200.000","","Terjual 4","","Kota Jakarta Timur"
"1777992137-1294","https://www.blibli.com/cari/hp%20realme?category=AN-1000001&category=HA-1000003&sort=0&intent=false&firstLoad=false&brand=Realme&page=8&start=280","Realme 10 8GB-256GB Garansi resmi 1 tahun","2.999.000","","","","Kota Jakarta Timur"
"1777992137-1295","https://www.blibli.com/cari/hp%20realme?category=AN-1000001&category=HA-1000003&sort=0&intent=false&firstLoad=false&brand=Realme&page=8&start=280","Realme 6 Smartphone [4GB/ 128GB]","3.499.000","","","","Kota Binjai"
"1777992137-1296","https://www.blibli.com/cari/hp%20realme?category=AN-1000001&category=HA-1000003&sort=0&intent=false&firstLoad=false&brand=Realme&page=8&start=280","Realme 6 Smartphone [128GB/ 8GB]","3.899.000","","","","Kota Binjai"
"1777992137-1297","https://www.blibli.com/cari/hp%20realme?category=AN-1000001&category=HA-1000003&sort=0&intent=false&firstLoad=false&brand=Realme&page=8&start=280","Realme C33 [3GB-32GB] Garansi resmi realme 1 Tahun","1.415.000","5","Terjual 1","","Kota Jakarta Timur"
"1777992137-1298","https://www.blibli.com/cari/hp%20realme?category=AN-1000001&category=HA-1000003&sort=0&intent=false&firstLoad=false&brand=Realme&page=8&start=280","Realme 8 NFC 8GB-128GB Garansi resmi 1 tahun","2.799.000","","","","Kota Jakarta Timur"
"1777992137-1299","https://www.blibli.com/cari/hp%20realme?category=AN-1000001&category=HA-1000003&sort=0&intent=false&firstLoad=false&brand=Realme&page=8&start=280","REALME NOTE 80 4GB/64GB 4GB/128GB - Garansi Resmi Nasional","2.045.000","","","","Kab. Deli Serdang"
"1777992137-1300","https://www.blibli.com/cari/hp%20realme?category=AN-1000001&category=HA-1000003&sort=0&intent=false&firstLoad=false&brand=Realme&page=8&start=280","Realme 10 8GB-128GB Garansi resmi 1 tahun","2.499.000","","Terjual 1","","Kota Jakarta Timur"
"1777992137-1301","https://www.blibli.com/cari/hp%20realme?category=AN-1000001&category=HA-1000003&sort=0&intent=false&firstLoad=false&brand=Realme&page=8&start=280","REALME C71 6300 mAh 4GB/128GB - 6GB/128GB - 8GB/128GB GARANSI RESMI","1.969.000","5","Terjual 3","","Kab. Deli Serdang"
"1777992137-1302","https://www.blibli.com/cari/hp%20realme?category=AN-1000001&category=HA-1000003&sort=0&intent=false&firstLoad=false&brand=Realme&page=8&start=280","Realme 12 5G 8GB-256GB Garansi resmi realme Indonesia","3.200.000","","Terjual 18","","Kota Jakarta Timur"
"1777992137-1303","https://www.blibli.com/cari/hp%20realme?category=AN-1000001&category=HA-1000003&sort=0&intent=false&firstLoad=false&brand=Realme&page=8&start=280","Realme 10 [8GB-256GB] Helio G99 AMOLED 90Hz Garansi resmi Realme Indonesia","2.999.000","","","","Kota Jakarta Timur"
"1777992137-1304","https://www.blibli.com/cari/hp%20realme?category=AN-1000001&category=HA-1000003&sort=0&intent=false&firstLoad=false&brand=Realme&page=8&start=280","Realme 6 Smartphone [4GB/ 128GB]","3.300.000","","","","Kab. Bekasi"
"1777992137-1305","https://www.blibli.com/cari/hp%20realme?category=AN-1000001&category=HA-1000003&sort=0&intent=false&firstLoad=false&brand=Realme&page=8&start=280","Realme XT Smartphone [8GB/ 128GB]","3.978.000","","","","Kota Tangerang Selatan"
"1777992137-1306","https://www.blibli.com/cari/hp%20realme?category=AN-1000001&category=HA-1000003&sort=0&intent=false&firstLoad=false&brand=Realme&page=8&start=280","REALME 9 PRO + 8/256 GB SMARTPHONE GARANSI RESMI REALME","5.100.000","","Terjual 42","","Kota Bogor"
"1777992137-1307","https://www.blibli.com/cari/hp%20realme?category=AN-1000001&category=HA-1000003&sort=0&intent=false&firstLoad=false&brand=Realme&page=8&start=280","realme 8 Smartphone [8GB/128GB]","3.600.000","","Terjual 31","","Kab. Bekasi"
"1777992137-1308","https://www.blibli.com/cari/hp%20realme?category=AN-1000001&category=HA-1000003&sort=0&intent=false&firstLoad=false&brand=Realme&page=8&start=280","Realme 6 Smartphone Android [8/ 128 GB]","3.800.000","","Terjual 3","","Kota Tangerang"
"1777992137-1309","https://www.blibli.com/cari/hp%20realme?category=AN-1000001&category=HA-1000003&sort=0&intent=false&firstLoad=false&brand=Realme&page=8&start=280","Hp Realme Narzo 50 Ram 4GB Internal 64GB Garansi Resmi","2.586.005","","","Kota Pekanbaru","wwponsel_hangtuah Flagship Store"
"1777992137-1310","https://www.blibli.com/cari/hp%20realme?category=AN-1000001&category=HA-1000003&sort=0&intent=false&firstLoad=false&brand=Realme&page=8&start=280","Realme C15 Smartphone [4GB/ 128GB]","2.190.000","","Terjual 7","","Kota Medan"
"1777992137-1311","https://www.blibli.com/cari/hp%20realme?category=AN-1000001&category=HA-1000003&sort=0&intent=false&firstLoad=false&brand=Realme&page=8&start=280","Realme C17 Smartphone [6GB/256GB]","2.799.000","5","Terjual 8","","Kota Medan"
"1777992137-1312","https://www.blibli.com/cari/hp%20realme?category=AN-1000001&category=HA-1000003&sort=0&intent=false&firstLoad=false&brand=Realme&page=8&start=280","IKA 10 8/256","3.599.000","","","","Kab. Jombang"
"1777992137-1313","https://www.blibli.com/cari/hp%20realme?category=AN-1000001&category=HA-1000003&sort=0&intent=false&firstLoad=false&brand=Realme&page=8&start=280","Hp Realme Narzo 50A Ram 4GB Internal 64GB Garansi Resmi","2.287.505","","","Kota Pekanbaru","wwponsel_hangtuah Flagship Store"
"1777992137-1314","https://www.blibli.com/cari/hp%20realme?category=AN-1000001&category=HA-1000003&sort=0&intent=false&firstLoad=false&brand=Realme&page=8&start=280","Hp Realme C85 Pro Ram 8GB Internal 128GB Garansi Resmi","3.979.005","","","Kota Pekanbaru","wwponsel_hangtuah Flagship Store"
"1777992137-1315","https://www.blibli.com/cari/hp%20realme?category=AN-1000001&category=HA-1000003&sort=0&intent=false&firstLoad=false&brand=Realme&page=8&start=280","Hp Realme 12+ 5G Ram 8GB Internal 256GB Garansi Resmi","4.178.005","","Terjual 1","Kota Pekanbaru","wwponsel_hangtuah Flagship Store"
"1777992137-1316","https://www.blibli.com/cari/hp%20realme?category=AN-1000001&category=HA-1000003&sort=0&intent=false&firstLoad=false&brand=Realme&page=8&start=280","HP Realme 16 5G Ram 8GB Internal 256GB Garansi Resmi","5.471.505","","","Kota Pekanbaru","wwponsel_hangtuah Flagship Store"
"1777992137-1317","https://www.blibli.com/cari/hp%20realme?category=AN-1000001&category=HA-1000003&sort=0&intent=false&firstLoad=false&brand=Realme&page=8&start=280","Realme C25 Smartphone [4GB-64GB]","2.299.000","","Terjual 1","","Kota Cimahi"
"1777992137-1318","https://www.blibli.com/cari/hp%20realme?category=AN-1000001&category=HA-1000003&sort=0&intent=false&firstLoad=false&brand=Realme&page=8&start=280","Realme 6 Pro Smartphone [8GB/ 128GB]","4.599.000","","","","Kab. Buleleng"
"1777992137-1319","https://www.blibli.com/cari/hp%20realme?category=AN-1000001&category=HA-1000003&sort=0&intent=false&firstLoad=false&brand=Realme&page=8&start=280","Realme C11 Smartphone [32GB/ 2GB]","1.300.000","","","","Kota Jakarta Pusat"
"1777992137-1320","https://www.blibli.com/cari/hp%20realme?category=AN-1000001&category=HA-1000003&sort=0&intent=false&firstLoad=false&brand=Realme&page=8&start=280","Realme 7i Smartphone [8GB/ 128GB]","3.199.000","","","","Kota Padang"
"1777992137-1321","https://www.blibli.com/cari/hp%20realme?category=AN-1000001&category=HA-1000003&sort=0&intent=false&firstLoad=false&brand=Realme&page=8&start=280","Realme C25 Smartphone [4GB-64GB]","2.300.000","","Terjual 17","","Kab. Bekasi"
"1777992137-1322","https://www.blibli.com/cari/hp%20realme?category=AN-1000001&category=HA-1000003&sort=0&intent=false&firstLoad=false&brand=Realme&page=8&start=280","Realme 5 Pro Smartphone [128GB/ 4GB]","2.999.000","","","","Kota Makassar"
"1777992137-1323","https://www.blibli.com/cari/hp%20realme?category=AN-1000001&category=HA-1000003&sort=0&intent=false&firstLoad=false&brand=Realme&page=8&start=280","Realme 6 Pro Smartphone [8GB/ 128GB]","4.599.000","","","","Kota Binjai"
"1777992137-1324","https://www.blibli.com/cari/hp%20realme?category=AN-1000001&category=HA-1000003&sort=0&intent=false&firstLoad=false&brand=Realme&page=8&start=280","realme 8 Pro Smartphone [8GB/128GB]","4.299.000","","","","Kota Blitar"
"1777992137-1325","https://www.blibli.com/cari/hp%20realme?category=AN-1000001&category=HA-1000003&sort=0&intent=false&firstLoad=false&brand=Realme&page=8&start=280","HP Realme 16 5G Ram 12GB Internal 256GB Garansi Resmi","5.969.005","","","Kota Pekanbaru","wwponsel_hangtuah Flagship Store"
"1777992137-1326","https://www.blibli.com/cari/hp%20realme?category=AN-1000001&category=HA-1000003&sort=0&intent=false&firstLoad=false&brand=Realme&page=8&start=280","Realme 7 Pro 8/128GB Smartphone [ Garansi Resmi REALME ]","4.098.000","","Terjual 10","","Kota Medan"
"1777992137-1327","https://www.blibli.com/cari/hp%20realme?category=AN-1000001&category=HA-1000003&sort=0&intent=false&firstLoad=false&brand=Realme&page=8&start=280","Hp Realme C30s Ram 4GB Internal 64GB Garansi Resmi","1.591.005","","","Kota Pekanbaru","wwponsel_hangtuah Flagship Store"
"1777992137-1328","https://www.blibli.com/cari/hp%20realme?category=AN-1000001&category=HA-1000003&sort=0&intent=false&firstLoad=false&brand=Realme&page=8&start=280","Hp Realme C85 4G Ram 8GB Internal 256GB Garansi Resmi","3.481.505","5","Terjual 1","Kota Pekanbaru","wwponsel_hangtuah Flagship Store"
"1777992137-1329","https://www.blibli.com/cari/hp%20realme?category=AN-1000001&category=HA-1000003&sort=0&intent=false&firstLoad=false&brand=Realme&page=8&start=280","Hp Realme 8 Pro RAM 8GB Internal 128GB NFC Garansi Resmi","3.083.505","","","Kota Pekanbaru","wwponsel_hangtuah Flagship Store"
"1777992137-1330","https://www.blibli.com/cari/hp%20realme?category=AN-1000001&category=HA-1000003&sort=0&intent=false&firstLoad=false&brand=Realme&page=8&start=280","Hp realme 10 pro 5G ram 8GB internal 256GB garansi resmi","3.979.005","","","Kota Pekanbaru","wwponsel_hangtuah Flagship Store"
"1777992137-1331","https://www.blibli.com/cari/hp%20realme?category=AN-1000001&category=HA-1000003&sort=0&intent=false&firstLoad=false&brand=Realme&page=8&start=280","Hp Realme C25Y Ram 4GB Internal 64GB Garansi resmi","1.999.900","","Terjual 1","Kota Pekanbaru","wwponsel_hangtuah Flagship Store"
"1777992137-1332","https://www.blibli.com/cari/hp%20realme?category=AN-1000001&category=HA-1000003&sort=0&intent=false&firstLoad=false&brand=Realme&page=8&start=280","Realme C15 Smartphone [ 4GB-64GB ]","1.000.000","","Terjual 2","","Kota Jakarta Barat"
"1777992137-1333","https://www.blibli.com/cari/hp%20realme?category=AN-1000001&category=HA-1000003&sort=0&intent=false&firstLoad=false&brand=Realme&page=8&start=280","Hp Realme C85 Pro Ram 8GB Internal 256GB Garansi Resmi","4.377.005","","","Kota Pekanbaru","wwponsel_hangtuah Flagship Store"
"1777992137-1334","https://www.blibli.com/cari/hp%20realme?category=AN-1000001&category=HA-1000003&sort=0&intent=false&firstLoad=false&brand=Realme&page=8&start=280","Realme C15 Smartphone [ 4GB-64GB ]","1.999.000","","","","Kab. Bekasi"
"1777992137-1335","https://www.blibli.com/cari/hp%20realme?category=AN-1000001&category=HA-1000003&sort=0&intent=false&firstLoad=false&brand=Realme&page=8&start=280","Realme C15 Smartphone [ 4GB-64GB ]","2.199.000","","","","Kota Jakarta Pusat"
"1777992137-1336","https://www.blibli.com/cari/hp%20realme?category=AN-1000001&category=HA-1000003&sort=0&intent=false&firstLoad=false&brand=Realme&page=8&start=280","Realme 7i Smartphone 8/128 Garansi Resmi 1 Tahun","3.200.000","","Terjual 3","","Kota Medan"
"1777992137-1337","https://www.blibli.com/cari/hp%20realme?category=AN-1000001&category=HA-1000003&sort=0&intent=false&firstLoad=false&brand=Realme&page=8&start=280","Realme C15 Smartphone [ 4GB-64GB ]","2.245.000","","Terjual 13","","Kota Tangerang"
"1777992137-1338","https://www.blibli.com/cari/hp%20realme?category=AN-1000001&category=HA-1000003&sort=0&intent=false&firstLoad=false&brand=Realme&page=8&start=280","Hp Realme C85 4G Ram 6GB Internal 128GB Garansi Resmi","2.884.505","","","Kota Pekanbaru","wwponsel_hangtuah Flagship Store"
"1777992137-1339","https://www.blibli.com/cari/hp%20realme?category=AN-1000001&category=HA-1000003&sort=0&intent=false&firstLoad=false&brand=Realme&page=8&start=280","Hp Realme C85 4G Ram 8GB Internal 128GB Garansi Resmi","3.083.505","","","Kota Pekanbaru","wwponsel_hangtuah Flagship Store"
"1777992137-1340","https://www.blibli.com/cari/hp%20realme?category=AN-1000001&category=HA-1000003&sort=0&intent=false&firstLoad=false&brand=Realme&page=8&start=280","Hp Realme Narzo 50 5G Ram 6GB Internal 128GB Garansi Resmi","3.382.005","","","Kota Pekanbaru","wwponsel_hangtuah Flagship Store"
"1777992137-1341","https://www.blibli.com/cari/hp%20realme?category=AN-1000001&category=HA-1000003&sort=0&intent=false&firstLoad=false&brand=Realme&page=8&start=280","Hp Realme 10 Pro 5G Ram 8GB Internal 128GB Garansi Resmi","3.581.005","","","Kota Pekanbaru","wwponsel_hangtuah Flagship Store"
"1777992137-1342","https://www.blibli.com/cari/hp%20realme?category=AN-1000001&category=HA-1000003&sort=0&intent=false&firstLoad=false&brand=Realme&page=8&start=280","realme X2 Pro Smartphone [256 GB/ 12 GB/ Official Store]","7.999.000","","Terjual 115","","Kota Bandung"
"1777992137-1343","https://www.blibli.com/cari/hp%20realme?category=AN-1000001&category=HA-1000003&sort=0&intent=false&firstLoad=false&brand=Realme&page=8&start=280","Realme C15 Smartphone Qualcomm Edition ( Ram 4GB / Rom 64GB )","2.099.000","","","","Kab. Purbalingga"
"1777992137-1344","https://www.blibli.com/cari/hp%20realme?category=AN-1000001&category=HA-1000003&sort=0&intent=false&firstLoad=false&brand=Realme&page=8&start=280","Hp Realme 9 Pro+ 5G Ram 8GB Internal 256GB Garansi Resmi","5.471.505","","","Kota Pekanbaru","wwponsel_hangtuah Flagship Store"
"1777992137-1345","https://www.blibli.com/cari/hp%20realme?category=AN-1000001&category=HA-1000003&sort=0&intent=false&firstLoad=false&brand=Realme&page=8&start=280","Hp realme 10 pro+ 5G ram 12GB internal 256GB garansi resmi","5.969.005","","","Kota Pekanbaru","wwponsel_hangtuah Flagship Store"
"1777992137-1346","https://www.blibli.com/cari/hp%20realme?category=AN-1000001&category=HA-1000003&sort=0&intent=false&firstLoad=false&brand=Realme&page=8&start=280","Realme C12 Smartphone [ 3GB / 32 GB ] - Garansi Resmi","1.899.000","","Terjual 1","","Kab. Jember"
"1777992137-1347","https://www.blibli.com/cari/hp%20realme?category=AN-1000001&category=HA-1000003&sort=0&intent=false&firstLoad=false&brand=Realme&page=8&start=280","Realme C12 Smartphone [ 3GB / 32 GB ] - Garansi Resmi","1.899.000","","Terjual 1","","Kota Jakarta Barat"
"1777992137-1348","https://www.blibli.com/cari/hp%20realme?category=AN-1000001&category=HA-1000003&sort=0&intent=false&firstLoad=false&brand=Realme&page=8&start=280","Hp Realme 10 8/128 GB dan 8/256 GB 50MP Kamera Color Al","3.038.000","","","","Kota Madiun"
"1777992137-1349","https://www.blibli.com/cari/hp%20realme?category=AN-1000001&category=HA-1000003&sort=0&intent=false&firstLoad=false&brand=Realme&page=8&start=280","Realme C15 Smartphone Qualcomm Edition ( Ram 4GB / Rom 64GB ) Marine Blue","2.099.000","","","","Kab. Purbalingga"
"1777992137-1350","https://www.blibli.com/cari/hp%20realme?category=AN-1000001&category=HA-1000003&sort=0&intent=false&firstLoad=false&brand=Realme&page=8&start=280","Realme C35 4/128Gb smartphone","2.500.000","5","Terjual 5","","Kota Medan"
"1777992137-1351","https://www.blibli.com/cari/hp%20realme?category=AN-1000001&category=HA-1000003&sort=0&intent=false&firstLoad=false&brand=Realme&page=8&start=280","Realme C31 3/32GB smartphone","1.699.000","","","","Kab. Kepulauan Sangihe"
"1777992137-1352","https://www.blibli.com/cari/hp%20realme?category=AN-1000001&category=HA-1000003&sort=0&intent=false&firstLoad=false&brand=Realme&page=8&start=280","Realme C35 4/64GB smartphone","2.300.000","","","","Kota Medan"
"1777992137-1353","https://www.blibli.com/cari/hp%20realme?category=AN-1000001&category=HA-1000003&sort=0&intent=false&firstLoad=false&brand=Realme&page=8&start=280","Realme C35 4/64GB smartphone","2.249.000","","Terjual 3","","Kota Jayapura"
"1777992137-1354","https://www.blibli.com/cari/hp%20realme?category=AN-1000001&category=HA-1000003&sort=0&intent=false&firstLoad=false&brand=Realme&page=8&start=280","Realme 8 Pro 8/128gb smartphone","4.499.000","","Terjual 4","","Kota Palembang"
"1777992137-1355","https://www.blibli.com/cari/hp%20realme?category=AN-1000001&category=HA-1000003&sort=0&intent=false&firstLoad=false&brand=Realme&page=8&start=280","Realme C35 4/64GB Smartphone Garansi Resmi","2.299.000","","","","Kota Cimahi"
"1777992137-1356","https://www.blibli.com/cari/hp%20realme?category=AN-1000001&category=HA-1000003&sort=0&intent=false&firstLoad=false&brand=Realme&page=8&start=280","Realme C35 4/128GB Smartphone Garansi Resmi","2.599.000","","Terjual 1","","Kota Cimahi"
"1777992137-1357","https://www.blibli.com/cari/hp%20realme?category=AN-1000001&category=HA-1000003&sort=0&intent=false&firstLoad=false&brand=Realme&page=8&start=280","Realme C35 4/64GB smartphone","2.699.000","","","","Kota Depok"
"1777992137-1358","https://www.blibli.com/cari/hp%20realme?category=AN-1000001&category=HA-1000003&sort=0&intent=false&firstLoad=false&brand=Realme&page=8&start=280","Realme C17 6/256gb Smartphone","2.799.000","","","","Kab. Sleman"
"1777992137-1359","https://www.blibli.com/cari/hp%20realme?category=AN-1000001&category=HA-1000003&sort=0&intent=false&firstLoad=false&brand=Realme&page=8&start=280","Realme 10 8/128GB Smartphone Garansi Resmi","3.199.000","","Terjual 1","","Kota Cimahi"
"1777992137-1360","https://www.blibli.com/cari/hp%20realme?category=AN-1000001&category=HA-1000003&sort=0&intent=false&firstLoad=false&brand=Realme&page=8&start=280","Realme X3 SuperZoom Smartphone [256 GB/12 GB]","7.999.000","","","","Kota Jakarta Barat"
"1777992137-1361","https://www.blibli.com/cari/hp%20realme?category=AN-1000001&category=HA-1000003&sort=0&intent=false&firstLoad=false&brand=Realme&page=8&start=280","Realme C33 3/32GB Smartphone Garansi Resmi","1.599.000","","","","Kota Cimahi"
"1777992137-1362","https://www.blibli.com/cari/hp%20realme?category=AN-1000001&category=HA-1000003&sort=0&intent=false&firstLoad=false&brand=Realme&page=8&start=280","Realme 9 Pro+ [5G] Smartphone 8GB/256GB","5.499.000","5","Terjual 2","","Kota Medan"
"1777992137-1363","https://www.blibli.com/cari/hp%20realme?category=AN-1000001&category=HA-1000003&sort=0&intent=false&firstLoad=false&brand=Realme&page=8&start=280","Realme X3 SuperZoom Smartphone [256 GB/12 GB]","7.999.000","","Terjual 14","","Kota Bogor"
"1777992137-1364","https://www.blibli.com/cari/hp%20realme?category=AN-1000001&category=HA-1000003&sort=0&intent=false&firstLoad=false&brand=Realme&page=8&start=280","REALME C85 5G RAM 8/256GB SMARTPHONE GARANSI RESMI","3.799.000","","","","Kota Palembang"
"1777992137-1365","https://www.blibli.com/cari/hp%20realme?category=AN-1000001&category=HA-1000003&sort=0&intent=false&firstLoad=false&brand=Realme&page=8&start=280","Hp Realme C30S ram 3/32 GB dan 4/64 GB 5000mAh Massive Battery","1.338.000","","","","Kota Madiun"
"1777992137-1366","https://www.blibli.com/cari/hp%20realme?category=AN-1000001&category=HA-1000003&sort=0&intent=false&firstLoad=false&brand=Realme&page=8&start=280","REALME 8 PRO 8GB / 128GB SMARTPHONE GARANSI INDONESIA RESMI R8 PRO","3.899.000","","","","Kota Palembang"
"1777992137-1367","https://www.blibli.com/cari/hp%20realme?category=AN-1000001&category=HA-1000003&sort=0&intent=false&firstLoad=false&brand=Realme&page=8&start=280","REALME C85 RAM 6/128GB - 8/128GB SMARTPHONE GARANSI RESMI","2.799.000","","","","Kota Palembang"
"1777992137-1368","https://www.blibli.com/cari/hp%20realme?category=AN-1000001&category=HA-1000003&sort=0&intent=false&firstLoad=false&brand=Realme&page=8&start=280","NEW REALME NARZO 50I GARANSI RESMI","1.499.000","","Terjual 1","","Kota Palembang"
"1777992137-1369","https://www.blibli.com/cari/hp%20realme?category=AN-1000001&category=HA-1000003&sort=0&intent=false&firstLoad=false&brand=Realme&page=8&start=280","c75x 8/128","2.200.000","","","","Kab. Semarang"
"1777992137-1370","https://www.blibli.com/cari/hp%20realme?category=AN-1000001&category=HA-1000003&sort=0&intent=false&firstLoad=false&brand=Realme&page=8&start=280","Pre-order","2.000.000","","Terjual 15","","Kota Pekanbaru"
"1777992137-1371","https://www.blibli.com/cari/hp%20realme?category=AN-1000001&category=HA-1000003&sort=0&intent=false&firstLoad=false&brand=Realme&page=8&start=280","REALME 11 PRO 8/256 WHITE","4.247.000","","Terjual 1","","Kab. Batang & kota lainnya"
"1777992137-1372","https://www.blibli.com/cari/hp%20realme?category=AN-1000001&category=HA-1000003&sort=0&intent=false&firstLoad=false&brand=Realme&page=8&start=280","Realme C75 (RAM 8GB, ROM 128/256GB, IP69 Waterproof, 6000 mAh)","2.399.000","5","Terjual 1","","Kota Malang"
"1777992137-1373","https://www.blibli.com/cari/hp%20realme?category=AN-1000001&category=HA-1000003&sort=0&intent=false&firstLoad=false&brand=Realme&page=8&start=280","Realme C85","2.599.000","","","","Kota Batam"
"1777992137-1374","https://www.blibli.com/cari/hp%20realme?category=AN-1000001&category=HA-1000003&sort=0&intent=false&firstLoad=false&brand=Realme&page=8&start=280","REALME 9 8/128GB","3.311.000","","","","Kab. Bandung"
"1777992137-1375","https://www.blibli.com/cari/hp%20realme?category=AN-1000001&category=HA-1000003&sort=0&intent=false&firstLoad=false&brand=Realme&page=8&start=280","Realme GT 7T 12/256 Garansi Resmi","6.999.000","","","","Kota Sukabumi"
"1777992137-1376","https://www.blibli.com/cari/hp%20realme?category=AN-1000001&category=HA-1000003&sort=0&intent=false&firstLoad=false&brand=Realme&page=8&start=280","REALME C11 2021","1.450.000","","Terjual 2","","Kab. Gresik"
"1777992137-1377","https://www.blibli.com/cari/hp%20realme?category=AN-1000001&category=HA-1000003&sort=0&intent=false&firstLoad=false&brand=Realme&page=8&start=280","REALME C55 NFC 6/128 GARANSI RESMI","2.320.000","","","","Kota Medan"
"1777992137-1378","https://www.blibli.com/cari/hp%20realme?category=AN-1000001&category=HA-1000003&sort=0&intent=false&firstLoad=false&brand=Realme&page=8&start=280","Realme Note 70","1.499.000","","","","Kota Batam"
"1777992137-1379","https://www.blibli.com/cari/hp%20realme?category=AN-1000001&category=HA-1000003&sort=0&intent=false&firstLoad=false&brand=Realme&page=8&start=280","REALME 11 NFC RAM 16GB (8+8)/256GB","3.599.000","","","","Kab. Bogor"
"1777992137-1380","https://www.blibli.com/cari/hp%20realme?category=AN-1000001&category=HA-1000003&sort=0&intent=false&firstLoad=false&brand=Realme&page=8&start=280","Realme C63 (RAM 6/8GB, ROM 128GB, 45W Quick Charge)","1.899.000","","","","Kota Malang"
"1777992137-1381","https://www.blibli.com/cari/hp%20realme?category=AN-1000001&category=HA-1000003&sort=0&intent=false&firstLoad=false&brand=Realme&page=8&start=280","Realme Note 80 4/64 - 4/128 BNIB Garansi Resmi Indonesia","1.860.515","","","","Kota Bandung"
"1777992137-1382","https://www.blibli.com/cari/hp%20realme?category=AN-1000001&category=HA-1000003&sort=0&intent=false&firstLoad=false&brand=Realme&page=8&start=280","Realme 16 Pro 12GB+256GB BNIB Garansi Resmi Indonesia","6.612.990","","","","Kota Bandung"
"1777992137-1383","https://www.blibli.com/cari/hp%20realme?category=AN-1000001&category=HA-1000003&sort=0&intent=false&firstLoad=false&brand=Realme&page=8&start=280","Realme 16 Pro Plus + Pro+ 12/512 BNIB Garansi Resmi Indonesia","8.754.215","","","","Kota Bandung"
"1777992137-1384","https://www.blibli.com/cari/hp%20realme?category=AN-1000001&category=HA-1000003&sort=0&intent=false&firstLoad=false&brand=Realme&page=8&start=280","REALME C11","1.900.000","4","Terjual 1","","Kota Surabaya"
"1777992137-1385","https://www.blibli.com/cari/hp%20realme?category=AN-1000001&category=HA-1000003&sort=0&intent=false&firstLoad=false&brand=Realme&page=8&start=280","REALME C11","1.350.000","","Terjual 3","","Kab. Indramayu"
"1777992137-1386","https://www.blibli.com/cari/hp%20realme?category=AN-1000001&category=HA-1000003&sort=0&intent=false&firstLoad=false&brand=Realme&page=8&start=280","REALME C11","1.499.000","","","","Kab. Blora"
"1777992137-1387","https://www.blibli.com/cari/hp%20realme?category=AN-1000001&category=HA-1000003&sort=0&intent=false&firstLoad=false&brand=Realme&page=8&start=280","realme narzo 50i prime","1.650.000","","","","Kab. Batang"
"1777992137-1388","https://www.blibli.com/cari/hp%20realme?category=AN-1000001&category=HA-1000003&sort=0&intent=false&firstLoad=false&brand=Realme&page=8&start=280","Realme 10 8/256GB","3.564.000","","","","Kota Medan"
"1777992137-1389","https://www.blibli.com/cari/hp%20realme?category=AN-1000001&category=HA-1000003&sort=0&intent=false&firstLoad=false&brand=Realme&page=8&start=280","REALME C55 RAM 8/256 INTERNAL 256 GB","2.647.000","","","","Kab. Batang"
"1777992137-1390","https://www.blibli.com/cari/hp%20realme?category=AN-1000001&category=HA-1000003&sort=0&intent=false&firstLoad=false&brand=Realme&page=8&start=280","Realme C71 8/128GB Garansi Resmi","2.295.000","","","","Kota Kediri"
"1777992137-1391","https://www.blibli.com/cari/hp%20realme?category=AN-1000001&category=HA-1000003&sort=0&intent=false&firstLoad=false&brand=Realme&page=8&start=280","Realme Note 80 4/64 - 4/128 BNIB Garansi Resmi Indonesia","1.860.515","","","","Kota Bandung"
"1777992137-1392","https://www.blibli.com/cari/hp%20realme?category=AN-1000001&category=HA-1000003&sort=0&intent=false&firstLoad=false&brand=Realme&page=8&start=280","Realme C35 4/128GB","2.899.000","","","","Kota Depok"
"1777992137-1393","https://www.blibli.com/cari/hp%20realme?category=AN-1000001&category=HA-1000003&sort=0&intent=false&firstLoad=false&brand=Realme&page=8&start=280","REALME C11","1.299.900","","","","Kab. Pemalang"
"1777992137-1394","https://www.blibli.com/cari/hp%20realme?category=AN-1000001&category=HA-1000003&sort=0&intent=false&firstLoad=false&brand=Realme&page=8&start=280","realme c35 6/64 gb termurah","2.115.000","","Terjual 1","","Kab. Batang"
"1777992137-1395","https://www.blibli.com/cari/hp%20realme?category=AN-1000001&category=HA-1000003&sort=0&intent=false&firstLoad=false&brand=Realme&page=8&start=280","REALME C11 4/64GB","2.099.000","","","","Kota Depok"
"1777992137-1396","https://www.blibli.com/cari/hp%20realme?category=AN-1000001&category=HA-1000003&sort=0&intent=false&firstLoad=false&brand=Realme&page=8&start=280","REALME C53 [6/128 GB] GARANSI RESMI","1.999.000","","","","Kota Makassar"
"1777992137-1397","https://www.blibli.com/cari/hp%20realme?category=AN-1000001&category=HA-1000003&sort=0&intent=false&firstLoad=false&brand=Realme&page=8&start=280","Realme C35 4/128","2.499.000","","","","Kota Makassar"
"1777992137-1398","https://www.blibli.com/cari/hp%20realme?category=AN-1000001&category=HA-1000003&sort=0&intent=false&firstLoad=false&brand=Realme&page=8&start=280","Realme C53 6/128 GB Garansi Resmi","2.200.000","","","","Kota Jakarta Timur"
"1777992137-1399","https://www.blibli.com/cari/hp%20realme?category=AN-1000001&category=HA-1000003&sort=0&intent=false&firstLoad=false&brand=Realme&page=8&start=280","REALME P3 Lite 4/128GB GARANSI RESMI REALME INDONESIA","2.299.000","","","","Kota Jakarta Utara"
"1777992137-1400","https://www.blibli.com/cari/hp%20realme?category=AN-1000001&category=HA-1000003&sort=0&intent=false&firstLoad=false&brand=Realme&page=8&start=280","REALME C11 2021 4/64GB","1.699.000","","","","Kota Palembang"
"1777992137-1401","https://www.blibli.com/cari/hp%20realme?category=AN-1000001&category=HA-1000003&sort=0&intent=false&firstLoad=false&brand=Realme&page=8&start=280","handphone realme","2.000.000","","Terjual 9","","Kab. Subang"
"1777992137-1402","https://www.blibli.com/cari/hp%20realme?category=AN-1000001&category=HA-1000003&sort=0&intent=false&firstLoad=false&brand=Realme&page=8&start=280","SMARTPHONE REALME C17 6/256GB","2.799.000","","","","Kota Palembang"
"1777992137-1403","https://www.blibli.com/cari/hp%20realme?category=AN-1000001&category=HA-1000003&sort=0&intent=false&firstLoad=false&brand=Realme&page=8&start=280","REALME Smartphone","3.000.000","","","","Kab. Banyuwangi"
"1777992137-1404","https://www.blibli.com/cari/hp%20realme?category=AN-1000001&category=HA-1000003&sort=0&intent=false&firstLoad=false&brand=Realme&page=8&start=280","HANDPHONE REALME C12 3/32GB GARANSI RESMI","1.900.000","","","","Kota Palembang"
"1777992137-1405","https://www.blibli.com/cari/hp%20realme?category=AN-1000001&category=HA-1000003&sort=0&intent=false&firstLoad=false&brand=Realme&page=8&start=280","REALME HANDPHONE R13","2.998.000","","","Kota Surabaya","UFO Elektronika dan Furniture Flagship Store"
"1777992137-1406","https://www.blibli.com/cari/hp%20realme?category=AN-1000001&category=HA-1000003&sort=0&intent=false&firstLoad=false&brand=Realme&page=8&start=280","Realme 8 Smartphone","3.490.000","","","","Kota Tangerang"
"1777992137-1407","https://www.blibli.com/cari/hp%20realme?category=AN-1000001&category=HA-1000003&sort=0&intent=false&firstLoad=false&brand=Realme&page=8&start=280","Realme 8 [8/128 GB] Smartphone Garansi Resmi Realme","3.599.000","","Terjual 1","","Kota Jakarta Selatan"
"1777992137-1408","https://www.blibli.com/cari/hp%20realme?category=AN-1000001&category=HA-1000003&sort=0&intent=false&firstLoad=false&brand=Realme&page=8&start=280","Realme C33 Handphone Android","1.799.000","","","","Kota Madiun"
"1777992137-1409","https://www.blibli.com/cari/hp%20realme?category=AN-1000001&category=HA-1000003&sort=0&intent=false&firstLoad=false&brand=Realme&page=8&start=280","REALME HANDPHONE NARZO 50 RAM 4/64 GB","2.648.000","","","Kota Surabaya","UFO Elektronika dan Furniture Flagship Store"
"1777992137-1410","https://www.blibli.com/cari/hp%20realme?category=AN-1000001&category=HA-1000003&sort=0&intent=false&firstLoad=false&brand=Realme&page=8&start=280","REALME 8i 6/128 GB SMARTPHONE GARANSI RESMI REALME","2.750.000","","Terjual 11","","Kota Bogor"
"1777992137-1411","https://www.blibli.com/cari/hp%20realme?category=AN-1000001&category=HA-1000003&sort=0&intent=false&firstLoad=false&brand=Realme&page=8&start=280","Realme Narzo 50A Prime [4GB-64GB] 5000mAh Battery 18W Quick Charge","1.399.000","5","Terjual 7","","Kota Jakarta Timur"
"1777992137-1412","https://www.blibli.com/cari/hp%20realme?category=AN-1000001&category=HA-1000003&sort=0&intent=false&firstLoad=false&brand=Realme&page=8&start=280","Realme Narzo 50A Prime [4GB-128GB] 5000mAh Battery 18W Quick Charge","1.599.000","5","Terjual 2","","Kota Jakarta Timur"
"1777992137-1413","https://www.blibli.com/cari/hp%20realme?category=AN-1000001&category=HA-1000003&sort=0&intent=false&firstLoad=false&brand=Realme&page=8&start=280","Realme C35 [4GB-64GB] 5000mAh Battery 50MP AI Triple Camera Garansi resmi","2.199.000","5","Terjual 7","","Kota Jakarta Timur"
"1777992137-1414","https://www.blibli.com/cari/hp%20realme?category=AN-1000001&category=HA-1000003&sort=0&intent=false&firstLoad=false&brand=Realme&page=8&start=280","Realme 9i 4GB-64GB Garansi resmi 1 tahun","2.299.000","","","","Kota Jakarta Timur"
"1777992137-1415","https://www.blibli.com/cari/hp%20realme?category=AN-1000001&category=HA-1000003&sort=0&intent=false&firstLoad=false&brand=Realme&page=8&start=280","Realme C85 4G 6GB/128GB 8GB/128 8GB/256GB - 7000mAh - IP69 - 144Hz - Garansi Resmi","2.861.000","","","","Kab. Deli Serdang"
"1777992137-1416","https://www.blibli.com/cari/hp%20realme?category=AN-1000001&category=HA-1000003&sort=0&intent=false&firstLoad=false&brand=Realme&page=8&start=280","REALME 14T 5G RAM 8GB/128GB | 8GB/256GB GARANSI RESMI","3.102.000","","","","Kab. Deli Serdang"
"1777992137-1417","https://www.blibli.com/cari/hp%20realme?category=AN-1000001&category=HA-1000003&sort=0&intent=false&firstLoad=false&brand=Realme&page=8&start=280","Realme C85 Pro 8GB/128GB 8GB/256GB - 7000mAh - Garansi Resmi","3.436.000","","","","Kab. Deli Serdang"
"1777992137-1418","https://www.blibli.com/cari/hp%20realme?category=AN-1000001&category=HA-1000003&sort=0&intent=false&firstLoad=false&brand=Realme&page=8&start=280","Realme 12 plus 5G 8GB-256GB Garansi resmi 1 tahun","3.999.000","","Terjual 18","","Kota Jakarta Timur"
"1777992137-1419","https://www.blibli.com/cari/hp%20realme?category=AN-1000001&category=HA-1000003&sort=0&intent=false&firstLoad=false&brand=Realme&page=8&start=280","Realme 12 Pro plus 12GB/512GB Garansi resmi realme Indonesia 1 tahun","5.150.000","","Terjual 97","","Kota Jakarta Timur"
"1777992137-1420","https://www.blibli.com/cari/hp%20realme?category=AN-1000001&category=HA-1000003&sort=0&intent=false&firstLoad=false&brand=Realme&page=8&start=280","Realme XT Smartphone [8GB/ 128GB]","4.399.000","","Terjual 1","","Kota Surabaya"
"1777992137-1421","https://www.blibli.com/cari/hp%20realme?category=AN-1000001&category=HA-1000003&sort=0&intent=false&firstLoad=false&brand=Realme&page=8&start=280","Realme C33 [4GB-64GB] 5000mAh Battery 50MP Camera Garansi resmi","1.410.000","","Terjual 1","","Kota Jakarta Timur"
"1777992137-1422","https://www.blibli.com/cari/hp%20realme?category=AN-1000001&category=HA-1000003&sort=0&intent=false&firstLoad=false&brand=Realme&page=8&start=280","Realme C67 NFC 8GB-256GB Garansi resmi 1 tahun","2.399.000","","Terjual 18","","Kota Jakarta Timur"
"1777992137-1423","https://www.blibli.com/cari/hp%20realme?category=AN-1000001&category=HA-1000003&sort=0&intent=false&firstLoad=false&brand=Realme&page=8&start=280","Realme C21Y [4GB-64GB] 6.5"" Display 5000mAh Battery","1.399.000","","Terjual 4","","Kota Jakarta Timur"
"1777992137-1424","https://www.blibli.com/cari/hp%20realme?category=AN-1000001&category=HA-1000003&sort=0&intent=false&firstLoad=false&brand=Realme&page=8&start=280","Realme C21 [3/32 GB] Smartphone Garansi Resmi Realme","1.649.000","","Terjual 5","","Kota Jakarta Selatan"
"1777992137-1425","https://www.blibli.com/cari/hp%20realme?category=AN-1000001&category=HA-1000003&sort=0&intent=false&firstLoad=false&brand=Realme&page=8&start=280","Realme C35 [4GB-128GB] 5000mAh Battery 50MP AI Triple Camera","2.499.000","5","Terjual 4","","Kota Jakarta Timur"
"1777992137-1426","https://www.blibli.com/cari/hp%20realme?category=AN-1000001&category=HA-1000003&sort=0&intent=false&firstLoad=false&brand=Realme&page=8&start=280","Realme 3 Smartphone [64 GB/ 4 GB]","2.264.970","","Terjual 1","","Kota Depok"
"1777992137-1427","https://www.blibli.com/cari/hp%20realme?category=AN-1000001&category=HA-1000003&sort=0&intent=false&firstLoad=false&brand=Realme&page=8&start=280","Realme 7 Smartphone [8GB/ 128GB]","3.699.000","","","","Kota Malang"
"1777992137-1428","https://www.blibli.com/cari/hp%20realme?category=AN-1000001&category=HA-1000003&sort=0&intent=false&firstLoad=false&brand=Realme&page=8&start=280","Realme 6 Smartphone Android [8/ 128 GB]","3.799.000","","Terjual 3","","Kota Medan"
"1777992137-1429","https://www.blibli.com/cari/hp%20realme?category=AN-1000001&category=HA-1000003&sort=0&intent=false&firstLoad=false&brand=Realme&page=8&start=280","Realme 5 Smartphone [128 GB/ 4 GB]","2.699.000","","Terjual 4","","Kota Jakarta Pusat"
"1777992137-1430","https://www.blibli.com/cari/hp%20realme?category=AN-1000001&category=HA-1000003&sort=0&intent=false&firstLoad=false&brand=Realme&page=8&start=280","REALME C11 Smartphone 2/32","1.349.000","","Terjual 2","","Kota Surabaya"
"1777992137-1431","https://www.blibli.com/cari/hp%20realme?category=AN-1000001&category=HA-1000003&sort=0&intent=false&firstLoad=false&brand=Realme&page=8&start=280","REALME C11 2021 2/32 GB SMARTPHONE GARANSI RESMI REALME","1.260.000","","Terjual 56","","Kota Bogor"
"1777992137-1432","https://www.blibli.com/cari/hp%20realme?category=AN-1000001&category=HA-1000003&sort=0&intent=false&firstLoad=false&brand=Realme&page=8&start=280","REALME C25Y 4/64 GB SMARTPHONE GARANSI RESMI REALME","1.799.000","","Terjual 71","","Kota Bogor"
"1777992137-1433","https://www.blibli.com/cari/hp%20realme?category=AN-1000001&category=HA-1000003&sort=0&intent=false&firstLoad=false&brand=Realme&page=8&start=280","Realme C21Y Smartphone","1.599.000","","","","Kota Surabaya"
"1777992137-1434","https://www.blibli.com/cari/hp%20realme?category=AN-1000001&category=HA-1000003&sort=0&intent=false&firstLoad=false&brand=Realme&page=8&start=280","Realme C30 Handphone Smartphone 4/64GB","1.535.000","","","Kota Surabaya","UFO Elektronika dan Furniture Flagship Store"
"1777992137-1435","https://www.blibli.com/cari/hp%20realme?category=AN-1000001&category=HA-1000003&sort=0&intent=false&firstLoad=false&brand=Realme&page=8&start=280","Realme 9","3.000.000","","","","Kota Medan"
"1777992137-1436","https://www.blibli.com/cari/hp%20realme?category=AN-1000001&category=HA-1000003&sort=0&intent=false&firstLoad=false&brand=Realme&page=8&start=280","Realme C11 Smartphone [2+32GB]","1.400.000","","Terjual 2","","Kota Medan"
"1777992137-1437","https://www.blibli.com/cari/hp%20realme?category=AN-1000001&category=HA-1000003&sort=0&intent=false&firstLoad=false&brand=Realme&page=8&start=280","Realme C11 Smartphone [2+32GB]","1.599.000","","Terjual 23","","Kota Surabaya"
"1777992137-1438","https://www.blibli.com/cari/hp%20realme?category=AN-1000001&category=HA-1000003&sort=0&intent=false&firstLoad=false&brand=Realme&page=8&start=280","REALME C11 SMARTPHONE RAM 4/64","1.699.000","","","","Kota Surabaya"
"1777992137-1439","https://www.blibli.com/cari/hp%20realme?category=AN-1000001&category=HA-1000003&sort=0&intent=false&firstLoad=false&brand=Realme&page=8&start=280","REALME 10 PRO+ SMARTPHONE 12+256GB","6.930.000","","","","Kota Medan"
"1777992137-1440","https://www.blibli.com/cari/hp%20realme?category=AN-1000001&category=HA-1000003&sort=0&intent=false&firstLoad=false&brand=Realme&page=8&start=280","Realme C11 Smartphone [32GB/ 2GB]","1.499.000","5","Terjual 31","","Kota Surabaya"
"1777992137-1441","https://www.blibli.com/cari/hp%20realme?category=AN-1000001&category=HA-1000003&sort=0&intent=false&firstLoad=false&brand=Realme&page=8&start=280","Realme C11 Smartphone [32GB/ 2GB]","1.599.000","","","","Kota Surabaya"
"1777992137-1442","https://www.blibli.com/cari/hp%20realme?category=AN-1000001&category=HA-1000003&sort=0&intent=false&firstLoad=false&brand=Realme&page=8&start=280","Realme C11 Smartphone [32GB/ 2GB]","1.600.000","","Terjual 7","","Kota Tangerang"
"1777992137-1443","https://www.blibli.com/cari/hp%20realme?category=AN-1000001&category=HA-1000003&sort=0&intent=false&firstLoad=false&brand=Realme&page=8&start=280","REALME C30 HANDPHONE RAM 4/64GB","1.658.000","","","","Kota Surabaya"
"1777992137-1444","https://www.blibli.com/cari/hp%20realme?category=AN-1000001&category=HA-1000003&sort=0&intent=false&firstLoad=false&brand=Realme&page=8&start=280","Realme 2 Pro Smartphone [64 GB/ 4 GB]","2.099.000","4,7","Terjual 7","","Kota Jakarta Pusat"
"1777992137-1445","https://www.blibli.com/cari/hp%20realme?category=AN-1000001&category=HA-1000003&sort=0&intent=false&firstLoad=false&brand=Realme&page=8&start=280","Realme C21 Smartphone [4GB-64GB]","2.099.000","","Terjual 7","","Kab. Tulungagung"
"1777992137-1446","https://www.blibli.com/cari/hp%20realme?category=AN-1000001&category=HA-1000003&sort=0&intent=false&firstLoad=false&brand=Realme&page=8&start=280","Realme C25 Smartphone [4GB-128GB]","2.299.000","5","Terjual 52","","Kota Jakarta Pusat"
"1777992137-1447","https://www.blibli.com/cari/hp%20realme?category=AN-1000001&category=HA-1000003&sort=0&intent=false&firstLoad=false&brand=Realme&page=8&start=280","Realme 3 Pro Smartphone [128GB/ 6GB]","2.999.000","","Terjual 9","","Kota Jakarta Pusat"
"1777992137-1448","https://www.blibli.com/cari/hp%20realme?category=AN-1000001&category=HA-1000003&sort=0&intent=false&firstLoad=false&brand=Realme&page=8&start=280","Realme 5 Pro Smartphone [4 GB/ 128 GB]","2.999.000","5","Terjual 1","","Kota Makassar"
"1777992137-1449","https://www.blibli.com/cari/hp%20realme?category=AN-1000001&category=HA-1000003&sort=0&intent=false&firstLoad=false&brand=Realme&page=8&start=280","Realme 2 Pro Smartphone [64 GB/ 6 GB]","3.399.000","","","","Kota Jakarta Pusat"
"1777992137-1450","https://www.blibli.com/cari/hp%20realme?category=AN-1000001&category=HA-1000003&sort=0&intent=false&firstLoad=false&brand=Realme&page=8&start=280","Realme C11 Smartphone [2+32GB]","1.499.000","5","Terjual 3","","Kota Surabaya"
"1777992137-1451","https://www.blibli.com/cari/hp%20realme?category=AN-1000001&category=HA-1000003&sort=0&intent=false&firstLoad=false&brand=Realme&page=8&start=280","Realme C11 Smartphone [2+32GB]","1.499.000","","","","Kota Jakarta Utara"
"1777992137-1452","https://www.blibli.com/cari/hp%20realme?category=AN-1000001&category=HA-1000003&sort=0&intent=false&firstLoad=false&brand=Realme&page=8&start=280","Realme C11 Smartphone [2+32GB]","1.503.060","","Terjual 1","","Kab. Cilacap"
"1777992137-1453","https://www.blibli.com/cari/hp%20realme?category=AN-1000001&category=HA-1000003&sort=0&intent=false&firstLoad=false&brand=Realme&page=8&start=280","Realme C30s 4/64","1.599.000","","","","Kab. Jombang"
"1777992137-1454","https://www.blibli.com/cari/hp%20realme?category=AN-1000001&category=HA-1000003&sort=0&intent=false&firstLoad=false&brand=Realme&page=8&start=280","IKA C55 6/128","2.499.000","","","","Kab. Jombang"
"1777992137-1455","https://www.blibli.com/cari/hp%20realme?category=AN-1000001&category=HA-1000003&sort=0&intent=false&firstLoad=false&brand=Realme&page=8&start=280","Realme C2 Smartphone [32 GB/2 GB]","1.599.000","","Terjual 4","","Kota Surabaya"
"1777992137-1456","https://www.blibli.com/cari/hp%20realme?category=AN-1000001&category=HA-1000003&sort=0&intent=false&firstLoad=false&brand=Realme&page=8&start=280","Realme C11 Smartphone [2 GB/32 GB]","1.600.000","","Terjual 31","","Kab. Bekasi"
"1777992137-1457","https://www.blibli.com/cari/hp%20realme?category=AN-1000001&category=HA-1000003&sort=0&intent=false&firstLoad=false&brand=Realme&page=8&start=280","Realme C2 Smartphone [32GB/ 3GB]","1.799.000","","Terjual 6","","Kota Surabaya"
"1777992137-1458","https://www.blibli.com/cari/hp%20realme?category=AN-1000001&category=HA-1000003&sort=0&intent=false&firstLoad=false&brand=Realme&page=8&start=280","Realme C25 Smartphone [4GB-128GB]","2.499.000","","","","Kota Surabaya"
"1777992137-1459","https://www.blibli.com/cari/hp%20realme?category=AN-1000001&category=HA-1000003&sort=0&intent=false&firstLoad=false&brand=Realme&page=8&start=280","Realme 2 Pro Smartphone [64 GB/ 6 GB]","3.000.000","","","","Kota Surabaya"
"1777992137-1460","https://www.blibli.com/cari/hp%20realme?category=AN-1000001&category=HA-1000003&sort=0&intent=false&firstLoad=false&brand=Realme&page=8&start=280","Realme 7i Smartphone [8GB/ 128GB]","3.199.000","","Terjual 4","","Kab. Sidoarjo"
"1777992137-1461","https://www.blibli.com/cari/hp%20realme?category=AN-1000001&category=HA-1000003&sort=0&intent=false&firstLoad=false&brand=Realme&page=8&start=280","Realme 6 Pro Smartphone [8GB/ 128GB]","4.800.000","","","","Kota Jakarta Timur"
"1777992137-1462","https://www.blibli.com/cari/hp%20realme?category=AN-1000001&category=HA-1000003&sort=0&intent=false&firstLoad=false&brand=Realme&page=8&start=280","Realme C21 Smartphone [3GB-32GB]","1.699.000","5","Terjual 1","","Kota Tangerang Selatan"
"1777992137-1463","https://www.blibli.com/cari/hp%20realme?category=AN-1000001&category=HA-1000003&sort=0&intent=false&firstLoad=false&brand=Realme&page=8&start=280","Realme C12 Smartphone [3GB- 32GB]","1.899.000","5","Terjual 26","","Kota Surabaya"
"1777992137-1464","https://www.blibli.com/cari/hp%20realme?category=AN-1000001&category=HA-1000003&sort=0&intent=false&firstLoad=false&brand=Realme&page=8&start=280","Realme C25 Smartphone [4GB-64GB]","2.299.000","","","","Kota Surabaya"
"1777992137-1465","https://www.blibli.com/cari/hp%20realme?category=AN-1000001&category=HA-1000003&sort=0&intent=false&firstLoad=false&brand=Realme&page=8&start=280","REALME 9i SMARTPHONE RAM 4/64 GB","2.585.000","","","","Kota Surabaya"
"1777992137-1466","https://www.blibli.com/cari/hp%20realme?category=AN-1000001&category=HA-1000003&sort=0&intent=false&firstLoad=false&brand=Realme&page=8&start=280","Realme 7i Smartphone [8GB/ 128GB]","3.199.000","","Terjual 9","","Kota Surabaya"
"1777992137-1467","https://www.blibli.com/cari/hp%20realme?category=AN-1000001&category=HA-1000003&sort=0&intent=false&firstLoad=false&brand=Realme&page=8&start=280","Realme 7i Smartphone [8GB/ 128GB]","3.199.000","","","","Kab. Sidoarjo"
"1777992137-1468","https://www.blibli.com/cari/hp%20realme?category=AN-1000001&category=HA-1000003&sort=0&intent=false&firstLoad=false&brand=Realme&page=8&start=280","REALME R9 SMARTPHONE RAM 8/128 GB","3.288.000","","","","Kota Surabaya"
"1777992137-1469","https://www.blibli.com/cari/hp%20realme?category=AN-1000001&category=HA-1000003&sort=0&intent=false&firstLoad=false&brand=Realme&page=8&start=280","Realme C3 Smartphone [3GB / 32GB]","1.899.000","","","","Kota Surabaya"
"1777992137-1470","https://www.blibli.com/cari/hp%20realme?category=AN-1000001&category=HA-1000003&sort=0&intent=false&firstLoad=false&brand=Realme&page=8&start=280","Realme C35 Handphone 4GB/64GB","2.245.000","","","","Kota Surabaya"
"1777992137-1471","https://www.blibli.com/cari/hp%20realme?category=AN-1000001&category=HA-1000003&sort=0&intent=false&firstLoad=false&brand=Realme&page=8&start=280","Realme C51 Smartphone Android Original Garansi Resmi","1.399.000","","","","Kab. Bangkalan"
"1777992137-1472","https://www.blibli.com/cari/hp%20realme?category=AN-1000001&category=HA-1000003&sort=0&intent=false&firstLoad=false&brand=Realme&page=8&start=280","Realme C11 Smartphone [32GB/ 2GB]","1.583.010","","Terjual 5","Kota Medan","SINERGY SELLULAR Flagship Store"
"1777992137-1473","https://www.blibli.com/cari/hp%20realme?category=AN-1000001&category=HA-1000003&sort=0&intent=false&firstLoad=false&brand=Realme&page=8&start=280","Realme C11 Smartphone [2 GB/32 GB]","1.599.000","","Terjual 32","","Kota Jakarta Pusat"
"1777992137-1474","https://www.blibli.com/cari/hp%20realme?category=AN-1000001&category=HA-1000003&sort=0&intent=false&firstLoad=false&brand=Realme&page=8&start=280","Realme C11 Smartphone [2 GB/32 GB]","1.599.000","","Terjual 9","","Kota Jakarta Barat"
"1777992137-1475","https://www.blibli.com/cari/hp%20realme?category=AN-1000001&category=HA-1000003&sort=0&intent=false&firstLoad=false&brand=Realme&page=8&start=280","Realme C25 Smartphone [4GB-64GB]","2.099.000","","","","Kab. Sidoarjo"
"1777992137-1476","https://www.blibli.com/cari/hp%20realme?category=AN-1000001&category=HA-1000003&sort=0&intent=false&firstLoad=false&brand=Realme&page=8&start=280","Realme C25 Smartphone [4GB-64GB]","2.299.000","5","Terjual 1","","Kota Tangerang Selatan"
"1777992137-1477","https://www.blibli.com/cari/hp%20realme?category=AN-1000001&category=HA-1000003&sort=0&intent=false&firstLoad=false&brand=Realme&page=8&start=280","Realme C17 Smartphone [6GB/256GB]","2.799.000","","Terjual 22","","Kota Surabaya"
"1777992137-1478","https://www.blibli.com/cari/hp%20realme?category=AN-1000001&category=HA-1000003&sort=0&intent=false&firstLoad=false&brand=Realme&page=8&start=280","Realme C15 Smartphone [ 4GB-64GB ]","2.199.000","","Terjual 7","","Kota Jakarta Pusat"
"1777992137-1479","https://www.blibli.com/cari/hp%20realme?category=AN-1000001&category=HA-1000003&sort=0&intent=false&firstLoad=false&brand=Realme&page=8&start=280","Realme C3 Smartphone [3GB / 32GB]","1.899.000","","Terjual 10","","Kota Jakarta Pusat"
"1777992137-1480","https://www.blibli.com/cari/hp%20realme?category=AN-1000001&category=HA-1000003&sort=0&intent=false&firstLoad=false&brand=Realme&page=8&start=280","Realme C3 Smartphone [3GB / 32GB]","1.900.000","5","Terjual 7","Kota Medan","SINERGY SELLULAR Flagship Store"
"1777992137-1481","https://www.blibli.com/cari/hp%20realme?category=AN-1000001&category=HA-1000003&sort=0&intent=false&firstLoad=false&brand=Realme&page=8&start=280","Realme C3 Smartphone [3GB / 32GB]","1.899.000","","","","Kota Binjai"
"1777992137-1482","https://www.blibli.com/cari/hp%20realme?category=AN-1000001&category=HA-1000003&sort=0&intent=false&firstLoad=false&brand=Realme&page=8&start=280","REALME C25S HANDPHONE RAM 4/128","1.949.000","","","","Kota Surabaya"
"1777992137-1483","https://www.blibli.com/cari/hp%20realme?category=AN-1000001&category=HA-1000003&sort=0&intent=false&firstLoad=false&brand=Realme&page=8&start=280","REALME C85 6/128 8/128 & 8/256 NEW GARANSI RESMI","2.599.000","5","Terjual 3","Kota Medan","TOKE HP Flagship Store"
"1777992137-1484","https://www.blibli.com/cari/hp%20realme?category=AN-1000001&category=HA-1000003&sort=0&intent=false&firstLoad=false&brand=Realme&page=8&start=280","REALME C85 PRO 8/128 & 8/256 NEW GARANSI RESMI","3.349.000","","","Kota Medan","TOKE HP Flagship Store"
"1777992137-1485","https://www.blibli.com/cari/hp%20realme?category=AN-1000001&category=HA-1000003&sort=0&intent=false&firstLoad=false&brand=Realme&page=8&start=280","Realme 6 Pro Smartphone [Original/128GB/8GB ]","4.599.000","","","","Kota Tangerang Selatan"
"1777992137-1486","https://www.blibli.com/cari/hp%20realme?category=AN-1000001&category=HA-1000003&sort=0&intent=false&firstLoad=false&brand=Realme&page=8&start=280","Realme C11 Smartphone [2GB/32GB/ Garansi Resmi]","1.599.000","","Terjual 3","","Kota Bandung"
"1777992137-1487","https://www.blibli.com/cari/hp%20realme?category=AN-1000001&category=HA-1000003&sort=0&intent=false&firstLoad=false&brand=Realme&page=8&start=280","REALME R9 PRO+ HANDPHONE RAM 8/256 5G","5.305.000","","","","Kota Surabaya"
"1777992137-1488","https://www.blibli.com/cari/hp%20realme?category=AN-1000001&category=HA-1000003&sort=0&intent=false&firstLoad=false&brand=Realme&page=8&start=280","Realme C11 Smartphone [ 3 + 32 Gb / Garansi Resmi Realme ]","1.849.000","","","","Kab. Bekasi"
"1777992137-1489","https://www.blibli.com/cari/hp%20realme?category=AN-1000001&category=HA-1000003&sort=0&intent=false&firstLoad=false&brand=Realme&page=8&start=280","Realme C55 Smartphone ( 6GB + 128GB ) Garansi Resmi","2.398.080","5","Terjual 1","Kota Jakarta Pusat","Victorindo Flagship Store"
"1777992137-1490","https://www.blibli.com/cari/hp%20realme?category=AN-1000001&category=HA-1000003&sort=0&intent=false&firstLoad=false&brand=Realme&page=8&start=280","Realme C12 Smartphone [ 3GB / 32 GB ] - Garansi Resmi","1.899.000","","","","Kota Bandung"
"1777992137-1491","https://www.blibli.com/cari/hp%20realme?category=AN-1000001&category=HA-1000003&sort=0&intent=false&firstLoad=false&brand=Realme&page=8&start=280","Realme C12 Smartphone [ 3GB / 32 GB ] - Garansi Resmi","1.899.000","","","","Kota Bekasi"
"1777992137-1492","https://www.blibli.com/cari/hp%20realme?category=AN-1000001&category=HA-1000003&sort=0&intent=false&firstLoad=false&brand=Realme&page=8&start=280","REALME C85 8/256 - 8/128 GB SMARTPHONE GARANSI RESMI REALME INDONESIA C85 6/128 GB - REALME C85","2.533.050","","Terjual 1","Kota Tangerang","STR Flagship Store"
"1777992137-1493","https://www.blibli.com/cari/hp%20realme?category=AN-1000001&category=HA-1000003&sort=0&intent=false&firstLoad=false&brand=Realme&page=8&start=280","Realme C12 Smartphone [ 3GB / 32GB ] - Garansi Resmi","1.862.000","5","Terjual 3","Kota Medan","SINERGY SELLULAR Flagship Store"
"1777992137-1494","https://www.blibli.com/cari/hp%20realme?category=AN-1000001&category=HA-1000003&sort=0&intent=false&firstLoad=false&brand=Realme&page=8&start=280","Realme C25Y Smartphone ( Ram 4GB / Rom 64GB ) Garansi Resmi","1.816.992","","","Kota Jakarta Pusat","Victorindo Flagship Store"
"1777992137-1495","https://www.blibli.com/cari/hp%20realme?category=AN-1000001&category=HA-1000003&sort=0&intent=false&firstLoad=false&brand=Realme&page=8&start=280","Realme 7 Pro 8/128GB  Smartphone","4.599.000","","","","Kota Tangerang Selatan"
"1777992137-1496","https://www.blibli.com/cari/hp%20realme?category=AN-1000001&category=HA-1000003&sort=0&intent=false&firstLoad=false&brand=Realme&page=8&start=280","Realme C31 3/32GB smartphone","1.600.000","","Terjual 1","","Kota Medan"
"1777992137-1497","https://www.blibli.com/cari/hp%20realme?category=AN-1000001&category=HA-1000003&sort=0&intent=false&firstLoad=false&brand=Realme&page=8&start=280","Realme X3 Superzoom 12-256 Smartphone","6.599.000","","","","Kota Tangerang Selatan"
"1777992137-1498","https://www.blibli.com/cari/hp%20realme?category=AN-1000001&category=HA-1000003&sort=0&intent=false&firstLoad=false&brand=Realme&page=8&start=280","realme c35 4/128 Android Smartphone","2.499.000","","","","Kab. Sidoarjo"
"1777992137-1499","https://www.blibli.com/cari/hp%20realme?category=AN-1000001&category=HA-1000003&sort=0&intent=false&firstLoad=false&brand=Realme&page=8&start=280","REALME C55 8/256 SMARTPHONE NEW GARANSI RESMI","2.999.000","","","","Kota Jakarta Pusat"
"1777992137-1500","https://www.blibli.com/cari/hp%20realme?category=AN-1000001&category=HA-1000003&sort=0&intent=false&firstLoad=false&brand=Realme&page=8&start=280","Realme C33 4/64GB Smartphone Garansi Resmi","1.799.000","","Terjual 2","","Kota Cimahi"
"1777992137-1501","https://www.blibli.com/cari/hp%20realme?category=AN-1000001&category=HA-1000003&sort=0&intent=false&firstLoad=false&brand=Realme&page=8&start=280","Realme X3 SuperZoom Smartphone [256 GB/12 GB]","7.300.000","","Terjual 49","","Kota Surabaya"
"1777992137-1502","https://www.blibli.com/cari/hp%20realme?category=AN-1000001&category=HA-1000003&sort=0&intent=false&firstLoad=false&brand=Realme&page=8&start=280","REALME 11 PRO PLUS RAM 12/512GB R11 SMARTPHONE GARANSI RESMI","6.948.000","","","Kota Surabaya","UFO Elektronika dan Furniture Flagship Store"
"1777992137-1503","https://www.blibli.com/cari/hp%20realme?category=AN-1000001&category=HA-1000003&sort=0&intent=false&firstLoad=false&brand=Realme&page=8&start=280","Realme C55 [ 6GB / 128GB ] Smartphone - Garansi Resmi","2.398.080","","","Kota Jakarta Pusat","Channel B Flagship Store"
"1777992137-1504","https://www.blibli.com/cari/hp%20realme?category=AN-1000001&category=HA-1000003&sort=0&intent=false&firstLoad=false&brand=Realme&page=8&start=280","REALME 11 NFC RAM 8GB DAN ROM 256GB Smartphone GARANSI RESMI INDONESIA","2.624.000","","","Kota Jakarta Timur","07Phone Flagship Store"
"1777992137-1505","https://www.blibli.com/cari/hp%20realme?category=AN-1000001&category=HA-1000003&sort=0&intent=false&firstLoad=false&brand=Realme&page=8&start=280","Realme C55 [ 8GB / 256GB ] Smartphone - Garansi Resmi","2.878.080","","","Kota Jakarta Pusat","Channel B Flagship Store"
"1777992137-1506","https://www.blibli.com/cari/hp%20realme?category=AN-1000001&category=HA-1000003&sort=0&intent=false&firstLoad=false&brand=Realme&page=8&start=280","REALME C85 8/256","2.999.000","","","","Kota Surabaya & kota lainnya"
"1777992137-1507","https://www.blibli.com/cari/hp%20realme?category=AN-1000001&category=HA-1000003&sort=0&intent=false&firstLoad=false&brand=Realme&page=8&start=280","Realme C71 8/128 GB Garansi Resmi","2.348.000","","Terjual 1","Kota Jakarta Pusat","Gudang-hp.com Flagship Store"
"1777992137-1508","https://www.blibli.com/cari/hp%20realme?category=AN-1000001&category=HA-1000003&sort=0&intent=false&firstLoad=false&brand=Realme&page=8&start=280","Realme C85 8/256 GB Garansi Resmi","3.332.000","","","Kota Jakarta Pusat","Gudang-hp.com Flagship Store"
"1777992137-1509","https://www.blibli.com/cari/hp%20realme?category=AN-1000001&category=HA-1000003&sort=0&intent=false&firstLoad=false&brand=Realme&page=8&start=280","Realme 16 Pro 5G 12/256 GB Garansi Resmi","6.674.000","","","Kota Jakarta Pusat","Gudang-hp.com Flagship Store"
"1777992137-1510","https://www.blibli.com/cari/hp%20realme?category=AN-1000001&category=HA-1000003&sort=0&intent=false&firstLoad=false&brand=Realme&page=8&start=280","Realme 16 Pro+ 5G 12/512 GB Garansi Resmi","8.569.000","","","Kota Jakarta Pusat","Gudang-hp.com Flagship Store"
"1777992137-1511","https://www.blibli.com/cari/hp%20realme?category=AN-1000001&category=HA-1000003&sort=0&intent=false&firstLoad=false&brand=Realme&page=8&start=280","Realme GT Master","4.999.000","","","","Kab. Karawang"
"1777992137-1512","https://www.blibli.com/cari/hp%20realme?category=AN-1000001&category=HA-1000003&sort=0&intent=false&firstLoad=false&brand=Realme&page=8&start=280","REALME 9 PRO+ / REALME 9 PRO PLUS 8/256GB GARANSI RESMI","5.499.000","","Terjual 9","","Kota Jakarta Pusat"
"1777992137-1513","https://www.blibli.com/cari/hp%20realme?category=AN-1000001&category=HA-1000003&sort=0&intent=false&firstLoad=false&brand=Realme&page=8&start=280","TECNO SPARK Go 3 4/64 GB - Garansi Resmi","1.446.900","","","Kota Jakarta Timur","Royal Makmur Flagship Store"
"1777992137-1514","https://www.blibli.com/cari/hp%20realme?category=AN-1000001&category=HA-1000003&sort=0&intent=false&firstLoad=false&brand=Realme&page=8&start=280","REALME C85 PRO 8/128GB | 8/256GB GARANSI RESMI REALME","3.299.000","","","","Kota Jakarta Utara"
"1777992137-1515","https://www.blibli.com/cari/hp%20realme?category=AN-1000001&category=HA-1000003&sort=0&intent=false&firstLoad=false&brand=Realme&page=8&start=280","Realme 16 5G 8GB+256GB BNIB Garansi Resmi Indonesia","5.307.365","","","","Kota Bandung"
"1777992137-1516","https://www.blibli.com/cari/hp%20realme?category=AN-1000001&category=HA-1000003&sort=0&intent=false&firstLoad=false&brand=Realme&page=8&start=280","Realme 7i 8/128 GB Garansi Resmi Realme","3.199.000","","","","Kota Jakarta Selatan"
"1777992137-1517","https://www.blibli.com/cari/hp%20realme?category=AN-1000001&category=HA-1000003&sort=0&intent=false&firstLoad=false&brand=Realme&page=8&start=280","Realme 16 5G 8/256 GB I 12/256 GB Garansi Resmi","5.248.000","","","Kota Jakarta Pusat","Gudang-hp.com Flagship Store"
"1777992137-1518","https://www.blibli.com/cari/hp%20realme?category=AN-1000001&category=HA-1000003&sort=0&intent=false&firstLoad=false&brand=Realme&page=8&start=280","REALME C11","1.399.000","5","Terjual 7","","Kab. Karawang"
"1777992137-1519","https://www.blibli.com/cari/hp%20realme?category=AN-1000001&category=HA-1000003&sort=0&intent=false&firstLoad=false&brand=Realme&page=8&start=280","Realme C85 6/128 GB Garansi Resmi","2.743.000","","","Kota Jakarta Pusat","Gudang-hp.com Flagship Store"
"1777992137-1520","https://www.blibli.com/cari/hp%20realme?category=AN-1000001&category=HA-1000003&sort=0&intent=false&firstLoad=false&brand=Realme&page=8&start=280","Realme C85 8/128 GB Garansi Resmi","2.943.000","","","Kota Jakarta Pusat","Gudang-hp.com Flagship Store"
"1777992137-1521","https://www.blibli.com/cari/hp%20realme?category=AN-1000001&category=HA-1000003&sort=0&intent=false&firstLoad=false&brand=Realme&page=8&start=280","REALME C11 RAM 4/64","1.700.000","","Terjual 26","","Kab. Bogor"
"1777992137-1522","https://www.blibli.com/cari/hp%20realme?category=AN-1000001&category=HA-1000003&sort=0&intent=false&firstLoad=false&brand=Realme&page=8&start=280","Realme 15T 5G 8GB+256GB Blue BNIB Garansi Resmi Indonesia","3.999.000","","","","Kota Bandung"
"1777992137-1523","https://www.blibli.com/cari/hp%20realme?category=AN-1000001&category=HA-1000003&sort=0&intent=false&firstLoad=false&brand=Realme&page=8&start=280","REALME C11 2021 RAM 4/64","1.699.000","","","","Kota Jakarta Barat"
"1777992137-1524","https://www.blibli.com/cari/hp%20realme?category=AN-1000001&category=HA-1000003&sort=0&intent=false&firstLoad=false&brand=Realme&page=8&start=280","Realme Note 80 4/64 GB I 4/128 GB Garansi Resmi","1.846.000","","","Kota Jakarta Pusat","Gudang-hp.com Flagship Store"
"1777992137-1525","https://www.blibli.com/cari/hp%20realme?category=AN-1000001&category=HA-1000003&sort=0&intent=false&firstLoad=false&brand=Realme&page=8&start=280","Realme C85 Pro 8/128 GB Garansi Resmi","3.522.000","","","Kota Jakarta Pusat","Gudang-hp.com Flagship Store"
"1777992137-1526","https://www.blibli.com/cari/hp%20realme?category=AN-1000001&category=HA-1000003&sort=0&intent=false&firstLoad=false&brand=Realme&page=8&start=280","REALME C71 4/128GB | 6/128GB | 8/128GB GARANSI RESMI REALME INDONESIA","1.749.000","","","","Kota Jakarta Utara"
"1777992137-1527","https://www.blibli.com/cari/hp%20realme?category=AN-1000001&category=HA-1000003&sort=0&intent=false&firstLoad=false&brand=Realme&page=8&start=280","REALME 14T 5G 8/128GB | 8/256GB GARANSI RESMI REALME INDONESIA","3.399.000","","","","Kota Jakarta Utara"
"1777992137-1528","https://www.blibli.com/cari/hp%20realme?category=AN-1000001&category=HA-1000003&sort=0&intent=false&firstLoad=false&brand=Realme&page=8&start=280","HP REALME C31 3/32","1.699.000","","","","Kab. Banyuwangi"
"1777992137-1529","https://www.blibli.com/cari/hp%20realme?category=AN-1000001&category=HA-1000003&sort=0&intent=false&firstLoad=false&brand=Realme&page=8&start=280","HP REALME NOTE50 4/64GB","1.335.000","","","","Kota Cirebon"
"1777992137-1530","https://www.blibli.com/cari/hp%20realme?category=AN-1000001&category=HA-1000003&sort=0&intent=false&firstLoad=false&brand=Realme&page=8&start=280","HP REALME NOTE50 4/128GB","1.533.000","","","","Kota Cirebon"
"1777992137-1531","https://www.blibli.com/cari/hp%20realme?category=AN-1000001&category=HA-1000003&sort=0&intent=false&firstLoad=false&brand=Realme&page=8&start=280","HP REALME C11 2/32 2021","1.315.000","","","","Kab. Banyuwangi"
"1777992137-1532","https://www.blibli.com/cari/hp%20realme?category=AN-1000001&category=HA-1000003&sort=0&intent=false&firstLoad=false&brand=Realme&page=8&start=280","HP REALME NARZO 4/64","2.499.000","","","","Kab. Banyuwangi"
"1777992137-1533","https://www.blibli.com/cari/hp%20realme?category=AN-1000001&category=HA-1000003&sort=0&intent=false&firstLoad=false&brand=Realme&page=8&start=280","HP REALME C35 4/128","2.399.000","","","","Kab. Banyuwangi"
"1777992137-1534","https://www.blibli.com/cari/hp%20realme?category=AN-1000001&category=HA-1000003&sort=0&intent=false&firstLoad=false&brand=Realme&page=8&start=280","HP REALME C25 4/128","2.299.000","","","","Kab. Banyuwangi"
"1777992137-1535","https://www.blibli.com/cari/hp%20realme?category=AN-1000001&category=HA-1000003&sort=0&intent=false&firstLoad=false&brand=Realme&page=8&start=280","HP REALME NARZO 50A 4/128","2.399.000","","","","Kab. Banyuwangi"
"1777992137-1536","https://www.blibli.com/cari/hp%20realme?category=AN-1000001&category=HA-1000003&sort=0&intent=false&firstLoad=false&brand=Realme&page=8&start=280","Realme C35 4/128","2.499.000","","","","Kab. Cilacap & kota lainnya"
"1777992137-1537","https://www.blibli.com/cari/hp%20realme?category=AN-1000001&category=HA-1000003&sort=0&intent=false&firstLoad=false&brand=Realme&page=8&start=280","Realme C11 Smartphone [2+32GB]","1.499.000","","","","Kab. Banyuwangi"
"1777992137-1538","https://www.blibli.com/cari/hp%20realme?category=AN-1000001&category=HA-1000003&sort=0&intent=false&firstLoad=false&brand=Realme&page=8&start=280","Realme 8 Pro Smartphone rom 128GB ram 8GB Garansi Resmi realme 1 tahun","3.999.000","","","","Kota Bekasi"
"1777992137-1539","https://www.blibli.com/cari/hp%20realme?category=AN-1000001&category=HA-1000003&sort=0&intent=false&firstLoad=false&brand=Realme&page=8&start=280","HP REALME C85 8/256GB","3.398.000","4","Terjual 4","Kab. Purworejo & kota lainnya","Telering Flagship Store"
"1777992137-1540","https://www.blibli.com/cari/hp%20realme?category=AN-1000001&category=HA-1000003&sort=0&intent=false&firstLoad=false&brand=Realme&page=8&start=280","HP REALME C85 PRO 8/256GB","4.398.000","","Terjual 5","Kab. Purworejo & kota lainnya","Telering Flagship Store"
"1777992137-1541","https://www.blibli.com/cari/hp%20realme?category=AN-1000001&category=HA-1000003&sort=0&intent=false&firstLoad=false&brand=Realme&page=8&start=280","HP REALME 14T 5G 8/128GB","3.398.000","5","Terjual 43","Kab. Kudus & kota lainnya","Telering Flagship Store"
"1777992137-1542","https://www.blibli.com/cari/hp%20realme?category=AN-1000001&category=HA-1000003&sort=0&intent=false&firstLoad=false&brand=Realme&page=8&start=280","HP REALME 16 5G8/256GB","5.498.000","","Terjual 1","Kab. Purworejo & kota lainnya","Telering Flagship Store"
"1777992137-1543","https://www.blibli.com/cari/hp%20realme?category=AN-1000001&category=HA-1000003&sort=0&intent=false&firstLoad=false&brand=Realme&page=8&start=280","HP REALME C85 PRO 8/128GB","3.998.000","5","Terjual 9","Kab. Purworejo & kota lainnya","Telering Flagship Store"
"1777992137-1544","https://www.blibli.com/cari/hp%20realme?category=AN-1000001&category=HA-1000003&sort=0&intent=false&firstLoad=false&brand=Realme&page=8&start=280","HP REALME 16 5G 8/256GB","5.498.000","","Terjual 1","Kab. Purworejo & kota lainnya","Telering - Samsung Flagship Store"
"1777992137-1545","https://www.blibli.com/cari/hp%20realme?category=AN-1000001&category=HA-1000003&sort=0&intent=false&firstLoad=false&brand=Realme&page=8&start=280","HP Realme 15 5G 8/256 PINK","4.998.000","","Terjual 5","Kab. Purworejo & kota lainnya","Telering Flagship Store"
"1777992137-1546","https://www.blibli.com/cari/hp%20realme?category=AN-1000001&category=HA-1000003&sort=0&intent=false&firstLoad=false&brand=Realme&page=8&start=280","HP REALME 13PRO+ 5G 12/512GB","4.599.000","5","Terjual 3","Kab. Wonosobo & kota lainnya","Telering Flagship Store"
"1777992137-1547","https://www.blibli.com/cari/hp%20realme?category=AN-1000001&category=HA-1000003&sort=0&intent=false&firstLoad=false&brand=Realme&page=8&start=280","HP REALME 15 5G 12/256GB SILK PINK","5.298.000","5","Terjual 4","Kab. Purworejo & kota lainnya","Telering Flagship Store"
"1777992137-1548","https://www.blibli.com/cari/hp%20realme?category=AN-1000001&category=HA-1000003&sort=0&intent=false&firstLoad=false&brand=Realme&page=8&start=280","SMARTPHONE REALME 10 Garansi Resmi","3.399.000","","","","Kota Surabaya"
"1777992137-1549","https://www.blibli.com/cari/hp%20realme?category=AN-1000001&category=HA-1000003&sort=0&intent=false&firstLoad=false&brand=Realme&page=8&start=280","SMARTPHONE REALME C55 Garansi Resmi","2.299.000","","","","Kota Surabaya"
"1777992137-1550","https://www.blibli.com/cari/hp%20realme?category=AN-1000001&category=HA-1000003&sort=0&intent=false&firstLoad=false&brand=Realme&page=8&start=280","SMARTPHONE REALME C30s Garansi Resmi","1.599.000","","","","Kota Surabaya"
"1777992137-1551","https://www.blibli.com/cari/hp%20realme?category=AN-1000001&category=HA-1000003&sort=0&intent=false&firstLoad=false&brand=Realme&page=8&start=280","REALME 13+ 5G 12/256GB ORIGINAL","4.880.000","","","","Kota Surabaya"
"1777992137-1552","https://www.blibli.com/cari/hp%20realme?category=AN-1000001&category=HA-1000003&sort=0&intent=false&firstLoad=false&brand=Realme&page=8&start=280","REALME 13 PRO+ 12/512 ORIGINAL","7.426.000","","","","Kota Surabaya"
"1777992137-1553","https://www.blibli.com/cari/hp%20realme?category=AN-1000001&category=HA-1000003&sort=0&intent=false&firstLoad=false&brand=Realme&page=8&start=280","Realme C21 Smartphone","1.700.000","5","Terjual 12","Kota Medan","SINERGY SELLULAR Flagship Store"
"1777992137-1554","https://www.blibli.com/cari/hp%20realme?category=AN-1000001&category=HA-1000003&sort=0&intent=false&firstLoad=false&brand=Realme&page=8&start=280","Realme C1 Smartphone [16GB/ 2GB]","950.000","5","Terjual 45","Kota Batam","KHICI STOR Flagship Store"
"1777992137-1555","https://www.blibli.com/cari/hp%20realme?category=AN-1000001&category=HA-1000003&sort=0&intent=false&firstLoad=false&brand=Realme&page=8&start=280","Realme C2 Smartphone [32 GB/3 GB]","1.800.000","5","Terjual 9","Kota Medan","SINERGY SELLULAR Flagship Store"
"1777992137-1556","https://www.blibli.com/cari/hp%20realme?category=AN-1000001&category=HA-1000003&sort=0&intent=false&firstLoad=false&brand=Realme&page=8&start=280","Realme 7i Smartphone [8GB/ 128GB]","3.199.000","5","Terjual 9","Kota Medan","SINERGY SELLULAR Flagship Store"
"1777992137-1557","https://www.blibli.com/cari/hp%20realme?category=AN-1000001&category=HA-1000003&sort=0&intent=false&firstLoad=false&brand=Realme&page=8&start=280","Realme U1 Smartphone [32GB/ 3GB]","2.489.000","5","Terjual 5","Kota Medan","SINERGY SELLULAR Flagship Store"
"1777992137-1558","https://www.blibli.com/cari/hp%20realme?category=AN-1000001&category=HA-1000003&sort=0&intent=false&firstLoad=false&brand=Realme&page=8&start=280","Realme C25 Smartphone [4GB-64GB]","2.093.000","","Terjual 1","Kota Medan","SINERGY SELLULAR Flagship Store"
"1777992137-1559","https://www.blibli.com/cari/hp%20realme?category=AN-1000001&category=HA-1000003&sort=0&intent=false&firstLoad=false&brand=Realme&page=8&start=280","Realme C21 Smartphone [3GB-32GB]","1.598.000","","Terjual 2","Kota Medan","SINERGY SELLULAR Flagship Store"
"1777992137-1560","https://www.blibli.com/cari/hp%20realme?category=AN-1000001&category=HA-1000003&sort=0&intent=false&firstLoad=false&brand=Realme&page=8&start=280","Realme 5i Smartphone [3GB/32GB]","2.200.000","","Terjual 12","Kota Medan","SINERGY SELLULAR Flagship Store"
"1777992137-1561","https://www.blibli.com/cari/hp%20realme?category=AN-1000001&category=HA-1000003&sort=0&intent=false&firstLoad=false&brand=Realme&page=8&start=280","Realme 5 Pro Smartphone [4 GB/ 128 GB]","3.100.000","","Terjual 12","Kota Medan","SINERGY SELLULAR Flagship Store"
"1777992137-1562","https://www.blibli.com/cari/hp%20realme?category=AN-1000001&category=HA-1000003&sort=0&intent=false&firstLoad=false&brand=Realme&page=8&start=280","Realme C55 NFC 8GB/256GB Smartphone Garansi resmi realme 1 tahun","2.575.000","4","Terjual 167","","Kota Jakarta Timur"
"1777992137-1563","https://www.blibli.com/cari/hp%20realme?category=AN-1000001&category=HA-1000003&sort=0&intent=false&firstLoad=false&brand=Realme&page=8&start=280","realme C65 HP 8*8+128GB Garansi Resmi","2.399.000","5","Terjual 1","","Kota Malang"
"1777992137-1564","https://www.blibli.com/cari/hp%20realme?category=AN-1000001&category=HA-1000003&sort=0&intent=false&firstLoad=false&brand=Realme&page=8&start=280","Realme C55 NFC 6GB/128GB Smartphone Garansi resmi realme 1 tahun","2.115.000","5","Terjual 3","","Kota Jakarta Timur"
"1777992137-1565","https://www.blibli.com/cari/hp%20realme?category=AN-1000001&category=HA-1000003&sort=0&intent=false&firstLoad=false&brand=Realme&page=8&start=280","Realme C11 Smartphone [2/32]","1.499.000","5","Terjual 75","","Kota Jakarta Pusat"
"1777992137-1566","https://www.blibli.com/cari/hp%20realme?category=AN-1000001&category=HA-1000003&sort=0&intent=false&firstLoad=false&brand=Realme&page=8&start=280","Realme 5 Smartphone [32 GB/ 3 GB]","1.899.000","5","Terjual 53","","Kota Malang"
"1777992137-1567","https://www.blibli.com/cari/hp%20realme?category=AN-1000001&category=HA-1000003&sort=0&intent=false&firstLoad=false&brand=Realme&page=8&start=280","Realme 11 NFC 8GB-256GB Garansi resmi 1 tahun","2.899.000","","Terjual 25","","Kota Jakarta Timur"
"1777992137-1568","https://www.blibli.com/cari/hp%20realme?category=AN-1000001&category=HA-1000003&sort=0&intent=false&firstLoad=false&brand=Realme&page=8&start=280","Realme 6 Smartphone [128GB/ 4GB]","3.499.000","","","","Kota Malang"
"1777992137-1569","https://www.blibli.com/cari/hp%20realme?category=AN-1000001&category=HA-1000003&sort=0&intent=false&firstLoad=false&brand=Realme&page=8&start=280","Realme C21Y Smartphone","1.599.000","","","","Kota Malang"
"1777992137-1570","https://www.blibli.com/cari/hp%20realme?category=AN-1000001&category=HA-1000003&sort=0&intent=false&firstLoad=false&brand=Realme&page=8&start=280","Realme C21 Smartphone [3GB-32GB]","1.699.000","5","Terjual 32","","Kota Jakarta Pusat"
"1777992137-1571","https://www.blibli.com/cari/hp%20realme?category=AN-1000001&category=HA-1000003&sort=0&intent=false&firstLoad=false&brand=Realme&page=8&start=280","Realme 6 Smartphone [128GB/ 8GB]","3.899.000","","Terjual 2","","Kota Malang"
"1777992137-1572","https://www.blibli.com/cari/hp%20realme?category=AN-1000001&category=HA-1000003&sort=0&intent=false&firstLoad=false&brand=Realme&page=8&start=280","Realme 5 Smartphone [64GB/ 3GB]","2.199.000","","Terjual 2","","Kota Malang"
"1777992137-1573","https://www.blibli.com/cari/hp%20realme?category=AN-1000001&category=HA-1000003&sort=0&intent=false&firstLoad=false&brand=Realme&page=8&start=280","Realme XT Smartphone [8GB/ 128GB]","4.399.000","","","","Kota Malang"
"1777992137-1574","https://www.blibli.com/cari/hp%20realme?category=AN-1000001&category=HA-1000003&sort=0&intent=false&firstLoad=false&brand=Realme&page=8&start=280","Realme 7 8/128GB Smartphone - Garansi Resmi Realme","3.600.000","5","Terjual 2","","Kota Medan"
"1777992137-1575","https://www.blibli.com/cari/hp%20realme?category=AN-1000001&category=HA-1000003&sort=0&intent=false&firstLoad=false&brand=Realme&page=8&start=280","Realme C12 Smartphone [3GB- 32GB]","1.899.000","","","","Kota Malang"
"1777992137-1576","https://www.blibli.com/cari/hp%20realme?category=AN-1000001&category=HA-1000003&sort=0&intent=false&firstLoad=false&brand=Realme&page=8&start=280","Realme C2 Smartphone [32GB/ 3 GB]","1.599.000","","Terjual 1","","Kota Malang"
"1777992137-1577","https://www.blibli.com/cari/hp%20realme?category=AN-1000001&category=HA-1000003&sort=0&intent=false&firstLoad=false&brand=Realme&page=8&start=280","Realme 7i Smartphone [8GB/ 128GB]","2.899.000","","Terjual 4","","Kota Medan"
"1777992137-1578","https://www.blibli.com/cari/hp%20realme?category=AN-1000001&category=HA-1000003&sort=0&intent=false&firstLoad=false&brand=Realme&page=8&start=280","Realme C11 Smartphone [32GB/3GB]","1.749.000","","","","Kota Malang"
"1777992137-1579","https://www.blibli.com/cari/hp%20realme?category=AN-1000001&category=HA-1000003&sort=0&intent=false&firstLoad=false&brand=Realme&page=8&start=280","Realme 7i Smartphone [8GB/ 128GB]","3.199.000","","","","Kota Malang"
"1777992137-1580","https://www.blibli.com/cari/hp%20realme?category=AN-1000001&category=HA-1000003&sort=0&intent=false&firstLoad=false&brand=Realme&page=8&start=280","Realme 5 Pro Smartphone [8GB/ 128GB]","3.399.000","","Terjual 1","","Kota Malang"
"1777992137-1581","https://www.blibli.com/cari/hp%20realme?category=AN-1000001&category=HA-1000003&sort=0&intent=false&firstLoad=false&brand=Realme&page=8&start=280","Realme 3 Pro Smartphone [128GB/ 6GB]","3.499.000","","Terjual 2","","Kota Malang"
"1777992137-1582","https://www.blibli.com/cari/hp%20realme?category=AN-1000001&category=HA-1000003&sort=0&intent=false&firstLoad=false&brand=Realme&page=8&start=280","Realme C2 Smartphone [32 GB/2 GB]","1.599.000","","Terjual 1","","Kota Malang"
"1777992137-1583","https://www.blibli.com/cari/hp%20realme?category=AN-1000001&category=HA-1000003&sort=0&intent=false&firstLoad=false&brand=Realme&page=8&start=280","Realme 5s Smartphone [128GB/ 4GB]","2.699.000","","","","Kota Malang"
"1777992137-1584","https://www.blibli.com/cari/hp%20realme?category=AN-1000001&category=HA-1000003&sort=0&intent=false&firstLoad=false&brand=Realme&page=8&start=280","Realme C17 Smartphone [6GB/256GB]","2.699.000","","","","Kota Malang"
"1777992137-1585","https://www.blibli.com/cari/hp%20realme?category=AN-1000001&category=HA-1000003&sort=0&intent=false&firstLoad=false&brand=Realme&page=8&start=280","Realme 5 Pro Smartphone [128 GB/ 4 GB]","3.099.000","","Terjual 3","","Kota Malang"
"1777992137-1586","https://www.blibli.com/cari/hp%20realme?category=AN-1000001&category=HA-1000003&sort=0&intent=false&firstLoad=false&brand=Realme&page=8&start=280","Realme 6 Pro Smartphone [128GB/ 8GB]","4.599.000","","","","Kota Malang"
"1777992137-1587","https://www.blibli.com/cari/hp%20realme?category=AN-1000001&category=HA-1000003&sort=0&intent=false&firstLoad=false&brand=Realme&page=8&start=280","Realme 5i Smartphone [4GB - 64GB]","2.199.000","","Terjual 1","","Kota Malang"
"1777992137-1588","https://www.blibli.com/cari/hp%20realme?category=AN-1000001&category=HA-1000003&sort=0&intent=false&firstLoad=false&brand=Realme&page=8&start=280","Realme C3 Smartphone [3GB / 32GB]","1.899.000","","Terjual 2","","Kota Malang"
"1777992137-1589","https://www.blibli.com/cari/hp%20realme?category=AN-1000001&category=HA-1000003&sort=0&intent=false&firstLoad=false&brand=Realme&page=8&start=280","realme X2 Pro Smartphone [256 GB/ 12 GB/ Official Store]","7.800.000","","Terjual 1","","Kota Pematang Siantar"
"1777992137-1590","https://www.blibli.com/cari/hp%20realme?category=AN-1000001&category=HA-1000003&sort=0&intent=false&firstLoad=false&brand=Realme&page=8&start=280","realme narzo 20 4/64GB smartphone","2.069.000","","","","Kota Malang"
"1777992137-1591","https://www.blibli.com/cari/hp%20realme?category=AN-1000001&category=HA-1000003&sort=0&intent=false&firstLoad=false&brand=Realme&page=8&start=280","realme 7 Pro 8/128GB smartphone","4.599.000","","","","Kota Malang"
"1777992137-1592","https://www.blibli.com/cari/hp%20realme?category=AN-1000001&category=HA-1000003&sort=0&intent=false&firstLoad=false&brand=Realme&page=8&start=280","Realme X3 SuperZoom Smartphone [256 GB/12 GB]","6.599.000","","Terjual 1","","Kota Malang"
"1777992137-1593","https://www.blibli.com/cari/hp%20realme?category=AN-1000001&category=HA-1000003&sort=0&intent=false&firstLoad=false&brand=Realme&page=8&start=280","Official Realme C30 2/32GB Smartphone Android","1.191.000","","","","Kota Malang"
"1777992137-1594","https://www.blibli.com/cari/hp%20realme?category=AN-1000001&category=HA-1000003&sort=0&intent=false&firstLoad=false&brand=Realme&page=8&start=280","Official Realme C67 8/128 GB 8/256 GB Smartphone Android","2.550.000","","","","Kota Malang"
"1777992137-1595","https://www.blibli.com/cari/hp%20realme?category=AN-1000001&category=HA-1000003&sort=0&intent=false&firstLoad=false&brand=Realme&page=8&start=280","Akan hadir","","","","","Kota Tangerang"
"1777992137-1596","https://www.blibli.com/cari/hp%20realme?category=AN-1000001&category=HA-1000003&sort=0&intent=false&firstLoad=false&brand=Realme&page=8&start=280","Akan hadir","","","","","Kota Tangerang"
"1777992137-1597","https://www.blibli.com/cari/hp%20realme?category=AN-1000001&category=HA-1000003&sort=0&intent=false&firstLoad=false&brand=Realme&page=8&start=280","Handphone Realme C67 NFC 8/128GB","2.399.000","","Terjual 2","Kota Surabaya","Sentraponsel"
"1777992137-1598","https://www.blibli.com/cari/hp%20realme?category=AN-1000001&category=HA-1000003&sort=0&intent=false&firstLoad=false&brand=Realme&page=8&start=280","Realme handphone C63 NFC, Air Gesture","1.998.000","","","Kota Surabaya","UFO Elektronika dan Furniture Flagship Store"
"1777992137-1599","https://www.blibli.com/cari/hp%20realme?category=AN-1000001&category=HA-1000003&sort=0&intent=false&firstLoad=false&brand=Realme&page=8&start=280","Realme C75 8/128GB Smartphone","2.399.000","","Terjual 9","Kota Surabaya","Apollo Gadget Flagship Store"
"1777992137-1600","https://www.blibli.com/cari/hp%20realme?category=AN-1000001&category=HA-1000003&sort=0&intent=false&firstLoad=false&brand=Realme&page=8&start=280","HP REALME C75 8/128GB","2.399.000","5","Terjual 2","Kota Cirebon","Telering Flagship Store"
"1777992137-1601","https://www.blibli.com/cari/hp%20realme?category=AN-1000001&category=HA-1000003&sort=0&intent=false&firstLoad=false&brand=Realme&page=8&start=280","HP REALME NOTE 60 4/64GB","1.199.000","5","Terjual 1","Kota Cirebon","Telering Flagship Store"
"1777992137-1602","https://www.blibli.com/cari/hp%20realme?category=AN-1000001&category=HA-1000003&sort=0&intent=false&firstLoad=false&brand=Realme&page=8&start=280","HP REALME C75X 8/128GB","2.199.000","","","Kota Cirebon","Telering Flagship Store"
"1777992137-1603","https://www.blibli.com/cari/hp%20realme?category=AN-1000001&category=HA-1000003&sort=0&intent=false&firstLoad=false&brand=Realme&page=8&start=280","Hp Realme 13 Ram 8GB Internal 256GB Garansi Resmi","3.199.000","","","Kota Pekanbaru","wwponsel_hangtuah Flagship Store"
"1777992137-1604","https://www.blibli.com/cari/hp%20realme?category=AN-1000001&category=HA-1000003&sort=0&intent=false&firstLoad=false&brand=Realme&page=8&start=280","Hp Realme C61 Ram 8GB Internal 128GB Garansi Resmi","1.899.000","","","Kota Pekanbaru","wwponsel_hangtuah Flagship Store"
"1777992137-1605","https://www.blibli.com/cari/hp%20realme?category=AN-1000001&category=HA-1000003&sort=0&intent=false&firstLoad=false&brand=Realme&page=8&start=280","Hp Realme C71 Ram 4GB Internal 128GB Garansi Resmi","1.999.000","","","Kota Pekanbaru","wwponsel_hangtuah Flagship Store"
"1777992137-1606","https://www.blibli.com/cari/hp%20realme?category=AN-1000001&category=HA-1000003&sort=0&intent=false&firstLoad=false&brand=Realme&page=8&start=280","Hp Realme Note 60 Ram 4GB Internal 64GB Garansi Resmi","1.299.000","","Terjual 1","Kota Pekanbaru","wwponsel_hangtuah Flagship Store"
"1777992137-1607","https://www.blibli.com/cari/hp%20realme?category=AN-1000001&category=HA-1000003&sort=0&intent=false&firstLoad=false&brand=Realme&page=8&start=280","Hp Realme 15T Ram 8GB Internal 256GB Garansi Resmi","4.099.000","","","Kota Pekanbaru","wwponsel_hangtuah Flagship Store"
"1777992137-1608","https://www.blibli.com/cari/hp%20realme?category=AN-1000001&category=HA-1000003&sort=0&intent=false&firstLoad=false&brand=Realme&page=8&start=280","Hp Realme 15 5G Ram 12GB Internal 256GB Garansi Resmi","5.299.000","","Terjual 1","Kota Pekanbaru","wwponsel_hangtuah Flagship Store"
"1777992137-1609","https://www.blibli.com/cari/hp%20realme?category=AN-1000001&category=HA-1000003&sort=0&intent=false&firstLoad=false&brand=Realme&page=8&start=280","Hp Realme C71 Ram 6GB Internal 128GB Garansi Resmi","2.199.000","","","Kota Pekanbaru","wwponsel_hangtuah Flagship Store"
"1777992137-1610","https://www.blibli.com/cari/hp%20realme?category=AN-1000001&category=HA-1000003&sort=0&intent=false&firstLoad=false&brand=Realme&page=8&start=280","Hp Realme 15T Ram 8GB Internal 128GB Garansi Resmi","3.799.000","","","Kota Pekanbaru","wwponsel_hangtuah Flagship Store"
"1777992137-1611","https://www.blibli.com/cari/hp%20realme?category=AN-1000001&category=HA-1000003&sort=0&intent=false&firstLoad=false&brand=Realme&page=8&start=280","Hp Realme Note 70 Ram 4GB Internal 128GB Garansi Resmi","1.699.000","","","Kota Pekanbaru","wwponsel_hangtuah Flagship Store"
"1777992137-1612","https://www.blibli.com/cari/hp%20realme?category=AN-1000001&category=HA-1000003&sort=0&intent=false&firstLoad=false&brand=Realme&page=8&start=280","Smartphone Realme 7 Ram 8 Rom 128GB","2.569.000","4,8","Terjual 9","","Kota Surabaya"
"1777992137-1613","https://www.blibli.com/cari/hp%20realme?category=AN-1000001&category=HA-1000003&sort=0&intent=false&firstLoad=false&brand=Realme&page=8&start=280","Hp Realme C63 NFC Ram 8GB Internal 128GB Garansi Resmi","2.099.000","","","Kota Pekanbaru","wwponsel_hangtuah Flagship Store"
"1777992137-1614","https://www.blibli.com/cari/hp%20realme?category=AN-1000001&category=HA-1000003&sort=0&intent=false&firstLoad=false&brand=Realme&page=8&start=280","Hp Realme Note 60x Ram 4GB Internal 64GB Garansi Resmi","1.399.000","5","Terjual 1","Kota Pekanbaru","wwponsel_hangtuah Flagship Store"
"1777992137-1615","https://www.blibli.com/cari/hp%20realme?category=AN-1000001&category=HA-1000003&sort=0&intent=false&firstLoad=false&brand=Realme&page=8&start=280","Hp Realme C63 NFC Ram 6GB Internal 128GB Garansi Resmi","1.999.000","","","Kota Pekanbaru","wwponsel_hangtuah Flagship Store"
"1777992137-1616","https://www.blibli.com/cari/hp%20realme?category=AN-1000001&category=HA-1000003&sort=0&intent=false&firstLoad=false&brand=Realme&page=8&start=280","Smartphone Realme C15 Ram 4 Rom 64GB","1.719.000","4,8","Terjual 18","","Kota Surabaya"
"1777992137-1617","https://www.blibli.com/cari/hp%20realme?category=AN-1000001&category=HA-1000003&sort=0&intent=false&firstLoad=false&brand=Realme&page=8&start=280","Smartphone Realme C11 Ram 2 Rom 32GB","1.020.000","4,7","Terjual 5","","Kota Surabaya"
"1777992137-1618","https://www.blibli.com/cari/hp%20realme?category=AN-1000001&category=HA-1000003&sort=0&intent=false&firstLoad=false&brand=Realme&page=8&start=280","Hp Realme 13 5G Ram 12GB Internal 256GB Garansi Resmi","3.799.000","4","Terjual 1","Kota Pekanbaru","wwponsel_hangtuah Flagship Store"
"1777992137-1619","https://www.blibli.com/cari/hp%20realme?category=AN-1000001&category=HA-1000003&sort=0&intent=false&firstLoad=false&brand=Realme&page=8&start=280","Smartphone Realme 7i Ram 8 Rom 128GB","2.570.000","4,5","Terjual 15","","Kota Surabaya"
"1777992137-1620","https://www.blibli.com/cari/hp%20realme?category=AN-1000001&category=HA-1000003&sort=0&intent=false&firstLoad=false&brand=Realme&page=8&start=280","Smartphone Realme C12 Ram 3 Rom 32GB","1.520.000","","Terjual 2","","Kota Surabaya"
"1777992137-1621","https://www.blibli.com/cari/hp%20realme?category=AN-1000001&category=HA-1000003&sort=0&intent=false&firstLoad=false&brand=Realme&page=8&start=280","Hp Realme 13 Pro+ 5G Ram 12GB Internal 512GB Garansi Resmi","6.999.000","","","Kota Pekanbaru","wwponsel_hangtuah Flagship Store"
"1777992137-1622","https://www.blibli.com/cari/hp%20realme?category=AN-1000001&category=HA-1000003&sort=0&intent=false&firstLoad=false&brand=Realme&page=8&start=280","Smartphone Realme 7 Pro Ram 8 Rom 128 GB","3.569.000","5","Terjual 2","","Kota Surabaya"
"1777992137-1623","https://www.blibli.com/cari/hp%20realme?category=AN-1000001&category=HA-1000003&sort=0&intent=false&firstLoad=false&brand=Realme&page=8&start=280","SmartPhone Realme C25 Ram 4 Rom 64GB","1.669.000","1","Terjual 1","","Kota Surabaya"
"1777992137-1624","https://www.blibli.com/cari/hp%20realme?category=AN-1000001&category=HA-1000003&sort=0&intent=false&firstLoad=false&brand=Realme&page=8&start=280","Realme C21 Smartphone","1.599.000","","Terjual 25","","Kota Surabaya"
"1777992137-1625","https://www.blibli.com/cari/hp%20realme?category=AN-1000001&category=HA-1000003&sort=0&intent=false&firstLoad=false&brand=Realme&page=8&start=280","Realme 6 Smartphone [4GB/ 128GB]","3.099.000","","","","Kota Surabaya"
"1777992137-1626","https://www.blibli.com/cari/hp%20realme?category=AN-1000001&category=HA-1000003&sort=0&intent=false&firstLoad=false&brand=Realme&page=8&start=280","realme 8 Smartphone [8GB/128GB]","3.600.000","","Terjual 4","","Kota Surabaya"
"1777992137-1627","https://www.blibli.com/cari/hp%20realme?category=AN-1000001&category=HA-1000003&sort=0&intent=false&firstLoad=false&brand=Realme&page=8&start=280","Realme 6 Smartphone Android [8/ 128 GB]","3.699.000","","","","Kota Surabaya"
"1777992137-1628","https://www.blibli.com/cari/hp%20realme?category=AN-1000001&category=HA-1000003&sort=0&intent=false&firstLoad=false&brand=Realme&page=8&start=280","Realme C21 Smartphone [3GB-32GB]","1.700.000","","Terjual 5","","Kota Surabaya"
"1777992137-1629","https://www.blibli.com/cari/hp%20realme?category=AN-1000001&category=HA-1000003&sort=0&intent=false&firstLoad=false&brand=Realme&page=8&start=280","Realme C21 Smartphone [4GB-64GB]","2.000.000","","Terjual 2","","Kota Surabaya"
"1777992137-1630","https://www.blibli.com/cari/hp%20realme?category=AN-1000001&category=HA-1000003&sort=0&intent=false&firstLoad=false&brand=Realme&page=8&start=280","Realme C17 Smartphone [6GB/256GB]","2.799.000","","Terjual 1","","Kab. Sidoarjo"
"1777992137-1631","https://www.blibli.com/cari/hp%20realme?category=AN-1000001&category=HA-1000003&sort=0&intent=false&firstLoad=false&brand=Realme&page=8&start=280","Realme C11 Smartphone [32GB/ 2GB]","1.503.060","","Terjual 2","","Kota Surabaya"
"1777992137-1632","https://www.blibli.com/cari/hp%20realme?category=AN-1000001&category=HA-1000003&sort=0&intent=false&firstLoad=false&brand=Realme&page=8&start=280","Realme C15 Smartphone [4GB/ 128GB]","2.499.000","","Terjual 2","","Kab. Sidoarjo"
"1777992137-1633","https://www.blibli.com/cari/hp%20realme?category=AN-1000001&category=HA-1000003&sort=0&intent=false&firstLoad=false&brand=Realme&page=8&start=280","Realme 5 Pro Smartphone [8GB/ 128GB]","3.699.000","","","","Kota Surabaya"
"1777992137-1634","https://www.blibli.com/cari/hp%20realme?category=AN-1000001&category=HA-1000003&sort=0&intent=false&firstLoad=false&brand=Realme&page=8&start=280","Realme C11 Smartphone [32GB/ 2GB]","1.500.000","","Terjual 2","","Kota Surabaya"
"1777992137-1635","https://www.blibli.com/cari/hp%20realme?category=AN-1000001&category=HA-1000003&sort=0&intent=false&firstLoad=false&brand=Realme&page=8&start=280","Realme C25 Smartphone [4GB-64GB]","2.300.000","","Terjual 1","","Kota Surabaya"
"1777992137-1636","https://www.blibli.com/cari/hp%20realme?category=AN-1000001&category=HA-1000003&sort=0&intent=false&firstLoad=false&brand=Realme&page=8&start=280","Realme C25 Smartphone [4GB-128GB]","2.500.000","","Terjual 4","","Kota Surabaya"
"1777992137-1637","https://www.blibli.com/cari/hp%20realme?category=AN-1000001&category=HA-1000003&sort=0&intent=false&firstLoad=false&brand=Realme&page=8&start=280","Realme C15 Smartphone [ 4GB-64GB ]","2.015.040","","","","Kota Surabaya"
"1777992137-1638","https://www.blibli.com/cari/hp%20realme?category=AN-1000001&category=HA-1000003&sort=0&intent=false&firstLoad=false&brand=Realme&page=8&start=280","Realme C15 Smartphone [ 4GB-64GB ]","2.100.000","","Terjual 1","","Kota Surabaya"
"1777992137-1639","https://www.blibli.com/cari/hp%20realme?category=AN-1000001&category=HA-1000003&sort=0&intent=false&firstLoad=false&brand=Realme&page=8&start=280","Realme C15 Smartphone [ 4GB-64GB ]","2.199.000","","Terjual 1","","Kab. Sidoarjo"
"1777992137-1640","https://www.blibli.com/cari/hp%20realme?category=AN-1000001&category=HA-1000003&sort=0&intent=false&firstLoad=false&brand=Realme&page=8&start=280","Realme C12 Smartphone [ 3GB / 32 GB ] - Garansi Resmi","1.900.000","","Terjual 1","","Kota Surabaya"
"1777992137-1641","https://www.blibli.com/cari/hp%20realme?category=AN-1000001&category=HA-1000003&sort=0&intent=false&firstLoad=false&brand=Realme&page=8&start=280","REALME 9i SMARTPHONE RAM 6/128 GB","2.890.000","","","","Kota Surabaya"
"1777992137-1642","https://www.blibli.com/cari/hp%20realme?category=AN-1000001&category=HA-1000003&sort=0&intent=false&firstLoad=false&brand=Realme&page=8&start=280","REALME C31 SMARTPHONE RAM 4/64","1.749.000","","","","Kota Surabaya"
"1777992137-1643","https://www.blibli.com/cari/hp%20realme?category=AN-1000001&category=HA-1000003&sort=0&intent=false&firstLoad=false&brand=Realme&page=8&start=280","Realme C35 Handphone 4GB/128GB","2.438.000","","","","Kota Surabaya"
"1777992137-1644","https://www.blibli.com/cari/hp%20realme?category=AN-1000001&category=HA-1000003&sort=0&intent=false&firstLoad=false&brand=Realme&page=8&start=280","Realme 7i Smartphone [8GB/ 128GB]","2.800.000","5","Terjual 1","","Kab. Sidoarjo"
"1777992137-1645","https://www.blibli.com/cari/hp%20realme?category=AN-1000001&category=HA-1000003&sort=0&intent=false&firstLoad=false&brand=Realme&page=8&start=280","REALME C20 2/32","1.299.000","","Terjual 12","","Kota Surabaya"
"1777992137-1646","https://www.blibli.com/cari/hp%20realme?category=AN-1000001&category=HA-1000003&sort=0&intent=false&firstLoad=false&brand=Realme&page=8&start=280","Realme Narzo 50 5G Ram 6 Rom 128GB","3.069.000","","","","Kota Surabaya"
"1777992137-1647","https://www.blibli.com/cari/hp%20realme?category=AN-1000001&category=HA-1000003&sort=0&intent=false&firstLoad=false&brand=Realme&page=8&start=280","REALME C61 8/128 GARANSI RESMI","1.781.010","","","","Kota Surabaya"
"1777992137-1648","https://www.blibli.com/cari/hp%20realme?category=AN-1000001&category=HA-1000003&sort=0&intent=false&firstLoad=false&brand=Realme&page=8&start=280","Realme GT Master 5G Ram 8 Rom 256GB","4.289.000","","","","Kota Surabaya"
"1777992137-1649","https://www.blibli.com/cari/hp%20realme?category=AN-1000001&category=HA-1000003&sort=0&intent=false&firstLoad=false&brand=Realme&page=8&start=280","Realme GT Master 5G Ram 8 Rom 128GB","3.969.000","","","","Kota Surabaya"
"1777992137-1650","https://www.blibli.com/cari/hp%20realme?category=AN-1000001&category=HA-1000003&sort=0&intent=false&firstLoad=false&brand=Realme&page=8&start=280","realme note 60 8/256","1.900.000","","","","Kota Surabaya"
"1777992137-1651","https://www.blibli.com/cari/hp%20realme?category=AN-1000001&category=HA-1000003&sort=0&intent=false&firstLoad=false&brand=Realme&page=8&start=280","realme note 60 4+4/64GB | 32MP | Dust & Water Resistance IP64 | HP Android","1.216.800","5","Terjual 15","Kab. Tangerang","realme Authorized Jakarta Flagship Store"
"1777992137-1652","https://www.blibli.com/cari/hp%20realme?category=AN-1000001&category=HA-1000003&sort=0&intent=false&firstLoad=false&brand=Realme&page=8&start=280","HANDPHONE - REALME C75 GARANSI RESMI","2.072.850","","Terjual 1","Kota Jakarta Pusat","SCORPIO ELEKTRO Flagship Store"
"1777992137-1653","https://www.blibli.com/cari/hp%20realme?category=AN-1000001&category=HA-1000003&sort=0&intent=false&firstLoad=false&brand=Realme&page=8&start=280","realme 11 8GB+8GB*/256GB | 108MP ProLight Camera | HP ANDROID | FREE TWS T100 AI ENC","2.045.550","5","Terjual 8","Kab. Tangerang","realme Authorized Jakarta Flagship Store"
"1777992137-1654","https://www.blibli.com/cari/hp%20realme?category=AN-1000001&category=HA-1000003&sort=0&intent=false&firstLoad=false&brand=Realme&page=8&start=280","realme 11 Pro 5G | 8GB+8GB*/256GB 120Hz Display | 100MP OIS | HP ANDROID | Premium Leather Design","3.411.525","4,5","Terjual 7","Kab. Tangerang","realme Authorized Jakarta Flagship Store"
"1777992137-1655","https://www.blibli.com/cari/hp%20realme?category=AN-1000001&category=HA-1000003&sort=0&intent=false&firstLoad=false&brand=Realme&page=8&start=280","HANDPHONE - REALME NOTE 60X GARANSI RESMI","1.083.225","5","Terjual 1","Kota Jakarta Pusat","SCORPIO ELEKTRO Flagship Store"
"1777992137-1656","https://www.blibli.com/cari/hp%20realme?category=AN-1000001&category=HA-1000003&sort=0&intent=false&firstLoad=false&brand=Realme&page=8&start=280","realme 13 8+8*GB/128GB NFC | 67W Supervooc | Snapdragon 685 | 5000mAH | HP ANDROID Honor of Kings | FREE POWERBANK","2.045.550","","","Kab. Tangerang","realme Authorized Jakarta Flagship Store"
"1777992137-1657","https://www.blibli.com/cari/hp%20realme?category=AN-1000001&category=HA-1000003&sort=0&intent=false&firstLoad=false&brand=Realme&page=8&start=280","SMARTPHONE REALME NOTE 60x 4/64GB 4GB 64GB - Unisoc T612 | Garansi Resmi | Baterai 5000mAh","1.207.000","","","Kota Jakarta Barat","DISTRIBUTOR GADGET MURAH"
"1777992137-1658","https://www.blibli.com/cari/hp%20realme?category=AN-1000001&category=HA-1000003&sort=0&intent=false&firstLoad=false&brand=Realme&page=8&start=280","HP Realme C11 - RAM 2/32 - Garansi Resmi","1.049.000","5","Terjual 14","","Kota Jakarta Timur"
"1777992137-1659","https://www.blibli.com/cari/hp%20realme?category=AN-1000001&category=HA-1000003&sort=0&intent=false&firstLoad=false&brand=Realme&page=8&start=280","REALME C71 4/128 & 6/128 & 8/128 NEW GARANSI RESMIR","1.775.000","","Terjual 3","Kota Medan","TOKE HP Flagship Store"
"1777992137-1660","https://www.blibli.com/cari/hp%20realme?category=AN-1000001&category=HA-1000003&sort=0&intent=false&firstLoad=false&brand=Realme&page=8&start=280","REALME NOTE 80 4/64 & 4/128 NEW GARANSI RESMI","1.725.000","","","Kota Medan","TOKE HP Flagship Store"
"1777992137-1661","https://www.blibli.com/cari/hp%20realme?category=AN-1000001&category=HA-1000003&sort=0&intent=false&firstLoad=false&brand=Realme&page=8&start=280","REALME C67 NFC RAM 8/128GB & 8/256GB Smartphone GARANSI RESMI INDONESIA","2.049.000","5","Terjual 1","Kota Jakarta Timur","07Phone Flagship Store"
"1777992137-1662","https://www.blibli.com/cari/hp%20realme?category=AN-1000001&category=HA-1000003&sort=0&intent=false&firstLoad=false&brand=Realme&page=8&start=280","Realme 14T 5G 8/128 GB Garansi Resmi","2.798.000","","","Kota Jakarta Barat","BIGBOSS SHOP Flagship Store"
"1777992137-1663","https://www.blibli.com/cari/hp%20realme?category=AN-1000001&category=HA-1000003&sort=0&intent=false&firstLoad=false&brand=Realme&page=8&start=280","REALME C75x 8/128 GB Garansi Resmi 1 Tahun","1.848.000","5","Terjual 5","Kota Jakarta Barat","BIGBOSS SHOP Flagship Store"
"1777992137-1664","https://www.blibli.com/cari/hp%20realme?category=AN-1000001&category=HA-1000003&sort=0&intent=false&firstLoad=false&brand=Realme&page=8&start=280","REALME Note 70 4/128GB Garansi Resmi 1 Tahun","1.348.000","5","Terjual 2","Kota Jakarta Barat","BIGBOSS SHOP Flagship Store"
"1777992137-1665","https://www.blibli.com/cari/hp%20realme?category=AN-1000001&category=HA-1000003&sort=0&intent=false&firstLoad=false&brand=Realme&page=8&start=280","REALME Note 60x 4/64 GB Garansi Resmi","1.198.000","","Terjual 2","Kota Jakarta Barat","BIGBOSS SHOP Flagship Store"
"1777992137-1666","https://www.blibli.com/cari/hp%20realme?category=AN-1000001&category=HA-1000003&sort=0&intent=false&firstLoad=false&brand=Realme&page=8&start=280","REALME Note 70 4/64GB Garansi Resmi 1 Tahun","1.298.000","","Terjual 2","Kota Jakarta Barat","BIGBOSS SHOP Flagship Store"
"1777992137-1667","https://www.blibli.com/cari/hp%20realme?category=AN-1000001&category=HA-1000003&sort=0&intent=false&firstLoad=false&brand=Realme&page=8&start=280","Realme 14T 5G 8/256 GB Garansi Resmi","3.348.000","","","Kota Jakarta Barat","BIGBOSS SHOP Flagship Store"
"1777992137-1668","https://www.blibli.com/cari/hp%20realme?category=AN-1000001&category=HA-1000003&sort=0&intent=false&firstLoad=false&brand=Realme&page=8&start=280","REALME 13 Plus 5G 12/256 GB Garansi Resmi 1 Tahun","3.898.000","","","Kota Jakarta Barat","BIGBOSS SHOP Flagship Store"
"1777992137-1669","https://www.blibli.com/cari/hp%20realme?category=AN-1000001&category=HA-1000003&sort=0&intent=false&firstLoad=false&brand=Realme&page=8&start=280","Realme 13 Pro Plus 5G 12/512 GB Garansi Resmi 1 Tahun","5.998.000","","","Kota Jakarta Barat","BIGBOSS SHOP Flagship Store"
"1777992137-1670","https://www.blibli.com/cari/hp%20realme?category=AN-1000001&category=HA-1000003&sort=0&intent=false&firstLoad=false&brand=Realme&page=8&start=280","Realme 13 5G 12/256 GB Garansi Resmi 1 Tahun","2.898.000","","Terjual 2","Kota Jakarta Barat","BIGBOSS SHOP Flagship Store"
"1777992137-1671","https://www.blibli.com/cari/hp%20realme?category=AN-1000001&category=HA-1000003&sort=0&intent=false&firstLoad=false&brand=Realme&page=8&start=280","Realme 14 5G 8/256 GB Garansi Resmi","3.698.000","","Terjual 1","Kota Jakarta Barat","BIGBOSS SHOP Flagship Store"
"1777992137-1672","https://www.blibli.com/cari/hp%20realme?category=AN-1000001&category=HA-1000003&sort=0&intent=false&firstLoad=false&brand=Realme&page=8&start=280","Hp Realme C30S ram 3/32 GB dan 4/64 GB 5000mAh Massive Battery","1.338.000","","","","Kab. Tulungagung"
"1777992137-1673","https://www.blibli.com/cari/hp%20realme?category=AN-1000001&category=HA-1000003&sort=0&intent=false&firstLoad=false&brand=Realme&page=8&start=280","Realme C35 - Hp New Resmi - ALL VARIAN","2.299.000","","","","Kota Probolinggo"
"1777992137-1674","https://www.blibli.com/cari/hp%20realme?category=AN-1000001&category=HA-1000003&sort=0&intent=false&firstLoad=false&brand=Realme&page=8&start=280","REALME C31 4/64 - HP NEW RESMI","1.750.000","","","","Kota Probolinggo"
"1777992137-1675","https://www.blibli.com/cari/hp%20realme?category=AN-1000001&category=HA-1000003&sort=0&intent=false&firstLoad=false&brand=Realme&page=8&start=280","Realme C33 All Varian - Hp New Resmi","1.799.000","","","","Kota Probolinggo"
"1777992137-1676","https://www.blibli.com/cari/hp%20realme?category=AN-1000001&category=HA-1000003&sort=0&intent=false&firstLoad=false&brand=Realme&page=8&start=280","REALME C31 3/32 - HP NEW RESMI","1.550.000","","","","Kota Probolinggo"
"1777992137-1677","https://www.blibli.com/cari/hp%20realme?category=AN-1000001&category=HA-1000003&sort=0&intent=false&firstLoad=false&brand=Realme&page=8&start=280","Smartphone - Realme 14T 5G (Garansi Resmi)","3.399.000","","","","Kota Padang"
"1777992137-1678","https://www.blibli.com/cari/hp%20realme?category=AN-1000001&category=HA-1000003&sort=0&intent=false&firstLoad=false&brand=Realme&page=8&start=280","Realme GT Neo 3 8/256gb - Hp New Resmi","6.999.000","","","","Kota Probolinggo"
"1777992137-1679","https://www.blibli.com/cari/hp%20realme?category=AN-1000001&category=HA-1000003&sort=0&intent=false&firstLoad=false&brand=Realme&page=8&start=280","realme 9 Pro 6/128gb - Hp New Resmi","4.000.000","","","","Kota Probolinggo"
"1777992137-1680","https://www.blibli.com/cari/hp%20realme?category=AN-1000001&category=HA-1000003&sort=0&intent=false&firstLoad=false&brand=Realme&page=8&start=280","Realme C25Y 4/64gb - Hp New Resmi","1.899.000","","","","Kota Probolinggo"
"1777992137-1681","https://www.blibli.com/cari/hp%20realme?category=AN-1000001&category=HA-1000003&sort=0&intent=false&firstLoad=false&brand=Realme&page=8&start=280","Realme C30 2/32gb 3/32gb - Hp New Resmi","1.299.000","","","","Kota Probolinggo"
"1777992137-1682","https://www.blibli.com/cari/hp%20realme?category=AN-1000001&category=HA-1000003&sort=0&intent=false&firstLoad=false&brand=Realme&page=8&start=280","Hp Realme 13 Ram 8GB Internal 128GB Garansi Resmi","2.999.000","","","Kota Pekanbaru","wwponsel_hangtuah Flagship Store"
"1777992137-1683","https://www.blibli.com/cari/hp%20realme?category=AN-1000001&category=HA-1000003&sort=0&intent=false&firstLoad=false&brand=Realme&page=8&start=280","Realme 10 4/128Gb 8/128Gb 8/256Gb - Hp New Resmi","2.799.000","","","","Kota Probolinggo"
"1777992137-1684","https://www.blibli.com/cari/hp%20realme?category=AN-1000001&category=HA-1000003&sort=0&intent=false&firstLoad=false&brand=Realme&page=8&start=280","Realme 6 Smartphone [4GB/ 128GB]","3.299.000","","","","Kota Jakarta Pusat"
"1777992137-1685","https://www.blibli.com/cari/hp%20realme?category=AN-1000001&category=HA-1000003&sort=0&intent=false&firstLoad=false&brand=Realme&page=8&start=280","Realme 6 Smartphone [128GB/ 8GB]","3.799.000","","Terjual 1","","Kota Banjarbaru"
"1777992137-1686","https://www.blibli.com/cari/hp%20realme?category=AN-1000001&category=HA-1000003&sort=0&intent=false&firstLoad=false&brand=Realme&page=8&start=280","Realme 6 Smartphone [4GB/ 128GB]","3.299.000","","Terjual 6","","Kota Banjarbaru"
"1777992137-1687","https://www.blibli.com/cari/hp%20realme?category=AN-1000001&category=HA-1000003&sort=0&intent=false&firstLoad=false&brand=Realme&page=8&start=280","realme 8 Smartphone [8GB/128GB]","3.599.000","","","","Kota Jakarta Utara"
"1777992137-1688","https://www.blibli.com/cari/hp%20realme?category=AN-1000001&category=HA-1000003&sort=0&intent=false&firstLoad=false&brand=Realme&page=8&start=280","Realme 5 Smartphone [64GB/ 3GB]","2.040.000","5","Terjual 1","","Kota Jakarta Utara"
"1777992137-1689","https://www.blibli.com/cari/hp%20realme?category=AN-1000001&category=HA-1000003&sort=0&intent=false&firstLoad=false&brand=Realme&page=8&start=280","Realme XT Smartphone [4GB/128GB]","3.499.000","","Terjual 53","","Kota Jakarta Timur"
"1777992137-1690","https://www.blibli.com/cari/hp%20realme?category=AN-1000001&category=HA-1000003&sort=0&intent=false&firstLoad=false&brand=Realme&page=8&start=280","Realme 5 Smartphone [128 GB/ 4 GB]","2.499.000","","Terjual 3","","Kota Jakarta Utara"
"1777992137-1691","https://www.blibli.com/cari/hp%20realme?category=AN-1000001&category=HA-1000003&sort=0&intent=false&firstLoad=false&brand=Realme&page=8&start=280","Realme XT Smartphone [8GB/128GB]","4.399.000","","","","Kota Jakarta Utara"
"1777992137-1692","https://www.blibli.com/cari/hp%20realme?category=AN-1000001&category=HA-1000003&sort=0&intent=false&firstLoad=false&brand=Realme&page=8&start=280","Realme 5 Smartphone [32 GB/ 3 GB]","9.990.000","","Terjual 3","","Kota Jakarta Utara"
"1777992137-1693","https://www.blibli.com/cari/hp%20realme?category=AN-1000001&category=HA-1000003&sort=0&intent=false&firstLoad=false&brand=Realme&page=8&start=280","Realme 5 Smartphone [128GB/ 4GB]","2.490.000","","Terjual 1","","Kota Jakarta Utara"
"1777992137-1694","https://www.blibli.com/cari/hp%20realme?category=AN-1000001&category=HA-1000003&sort=0&intent=false&firstLoad=false&brand=Realme&page=8&start=280","Realme 6 Smartphone [128GB/ 8GB]","3.799.000","","","","Kota Jakarta Pusat"
"1777992137-1695","https://www.blibli.com/cari/hp%20realme?category=AN-1000001&category=HA-1000003&sort=0&intent=false&firstLoad=false&brand=Realme&page=8&start=280","Realme 7 8/128GB Smartphone - Garansi Resmi Realme","3.369.000","5","Terjual 3","","Kota Jakarta Utara"
"1777992137-1696","https://www.blibli.com/cari/hp%20realme?category=AN-1000001&category=HA-1000003&sort=0&intent=false&firstLoad=false&brand=Realme&page=8&start=280","Realme 3 Smartphone [3GB/64GB] Blue","1.800.000","","Terjual 16","","Kota Jakarta Timur"
"1777992137-1697","https://www.blibli.com/cari/hp%20realme?category=AN-1000001&category=HA-1000003&sort=0&intent=false&firstLoad=false&brand=Realme&page=8&start=280","Realme 2 Pro Smartphone [128GB/ 8GB]","3.770.000","5","Terjual 8","","Kota Jakarta Timur"
"1777992137-1698","https://www.blibli.com/cari/hp%20realme?category=AN-1000001&category=HA-1000003&sort=0&intent=false&firstLoad=false&brand=Realme&page=8&start=280","Realme 3 Smartphone [3GB/64GB] Blue","2.100.000","","Terjual 16","","Kota Tangerang"
"1777992137-1699","https://www.blibli.com/cari/hp%20realme?category=AN-1000001&category=HA-1000003&sort=0&intent=false&firstLoad=false&brand=Realme&page=8&start=280","Realme C1 Smartphone [16GB/ 2GB]","1.540.000","5","Terjual 5","","Kota Jakarta Timur"
"1777992137-1700","https://www.blibli.com/cari/hp%20realme?category=AN-1000001&category=HA-1000003&sort=0&intent=false&firstLoad=false&brand=Realme&page=8&start=280","Realme C11 Smartphone [3/32GB]","1.749.000","5","Terjual 6","","Kota Jakarta Pusat"
"1777992137-1701","https://www.blibli.com/cari/hp%20realme?category=AN-1000001&category=HA-1000003&sort=0&intent=false&firstLoad=false&brand=Realme&page=8&start=280","Realme C2 Smartphone [32 GB/3 GB]","1.510.000","","","","Kota Jakarta Utara"
"1777992137-1702","https://www.blibli.com/cari/hp%20realme?category=AN-1000001&category=HA-1000003&sort=0&intent=false&firstLoad=false&brand=Realme&page=8&start=280","Realme C3 Smartphone [3GB/ 32GB]","1.820.000","","","","Kota Jakarta Utara"
"1777992137-1703","https://www.blibli.com/cari/hp%20realme?category=AN-1000001&category=HA-1000003&sort=0&intent=false&firstLoad=false&brand=Realme&page=8&start=280","Realme 2 Pro Smartphone [64 GB/ 6 GB]","2.200.000","","Terjual 2","","Kota Jakarta Pusat"
"1777992137-1704","https://www.blibli.com/cari/hp%20realme?category=AN-1000001&category=HA-1000003&sort=0&intent=false&firstLoad=false&brand=Realme&page=8&start=280","Realme 7 8/128GB Smartphone - Garansi Resmi Realme","3.999.000","","Terjual 61","","Kota Depok"
"1777992137-1705","https://www.blibli.com/cari/hp%20realme?category=AN-1000001&category=HA-1000003&sort=0&intent=false&firstLoad=false&brand=Realme&page=8&start=280","Realme C11 Smartphone [2+32GB]","1.600.000","","Terjual 2","","Kota Bekasi"
"1777992137-1706","https://www.blibli.com/cari/hp%20realme?category=AN-1000001&category=HA-1000003&sort=0&intent=false&firstLoad=false&brand=Realme&page=8&start=280","Realme 7 8/128GB Smartphone - Garansi Resmi Realme","3.999.000","","Terjual 1","","Kota Jakarta Utara"
"1777992137-1707","https://www.blibli.com/cari/hp%20realme?category=AN-1000001&category=HA-1000003&sort=0&intent=false&firstLoad=false&brand=Realme&page=8&start=280","Realme C15 Smartphone [4GB/ 128GB]","2.500.000","5","Terjual 11","","Kota Bekasi"
"1777992137-1708","https://www.blibli.com/cari/hp%20realme?category=AN-1000001&category=HA-1000003&sort=0&intent=false&firstLoad=false&brand=Realme&page=8&start=280","Realme 2 Pro Smartphone [64 GB/ 4 GB]","3.000.000","5","Terjual 11","","Kota Jakarta Timur"
"1777992137-1709","https://www.blibli.com/cari/hp%20realme?category=AN-1000001&category=HA-1000003&sort=0&intent=false&firstLoad=false&brand=Realme&page=8&start=280","Realme 5s Smartphone [128GB/ 4GB]","2.549.000","5","Terjual 2","","Kota Tangerang Selatan"
"1777992137-1710","https://www.blibli.com/cari/hp%20realme?category=AN-1000001&category=HA-1000003&sort=0&intent=false&firstLoad=false&brand=Realme&page=8&start=280","Realme C11 Smartphone [2 GB/ 32 GB]","1.418.000","","","","Kab. Subang"
"1777992137-1711","https://www.blibli.com/cari/hp%20realme?category=AN-1000001&category=HA-1000003&sort=0&intent=false&firstLoad=false&brand=Realme&page=8&start=280","Realme C2 Smartphone [16GB/ 2GB]","1.599.000","","Terjual 63","","Kab. Bekasi"
"1777992137-1712","https://www.blibli.com/cari/hp%20realme?category=AN-1000001&category=HA-1000003&sort=0&intent=false&firstLoad=false&brand=Realme&page=8&start=280","Realme C21 Smartphone [3GB-32GB]","1.699.000","","Terjual 4","","Kota Jakarta Utara"
"1777992137-1713","https://www.blibli.com/cari/hp%20realme?category=AN-1000001&category=HA-1000003&sort=0&intent=false&firstLoad=false&brand=Realme&page=8&start=280","Realme C15 Smartphone [4GB/ 64GB]","2.199.000","","Terjual 5","","Kota Bandung"
"1777992137-1714","https://www.blibli.com/cari/hp%20realme?category=AN-1000001&category=HA-1000003&sort=0&intent=false&firstLoad=false&brand=Realme&page=8&start=280","Realme 7i Smartphone [8GB/ 128GB]","2.889.000","5","Terjual 1","","Kota Jakarta Utara"
"1777992137-1715","https://www.blibli.com/cari/hp%20realme?category=AN-1000001&category=HA-1000003&sort=0&intent=false&firstLoad=false&brand=Realme&page=8&start=280","Realme 5 Pro Smartphone [128GB/ 4GB]","2.999.000","","Terjual 3","","Kota Jakarta Selatan"
"1777992137-1716","https://www.blibli.com/cari/hp%20realme?category=AN-1000001&category=HA-1000003&sort=0&intent=false&firstLoad=false&brand=Realme&page=8&start=280","Realme 3 Pro Smartphone [128GB/ 6GB]","3.150.000","","Terjual 6","","Kota Jakarta Timur"
"1777992137-1717","https://www.blibli.com/cari/hp%20realme?category=AN-1000001&category=HA-1000003&sort=0&intent=false&firstLoad=false&brand=Realme&page=8&start=280","Realme 7i Smartphone [8GB/ 128GB]","3.199.000","","","","Kota Bandung"
"1777992137-1718","https://www.blibli.com/cari/hp%20realme?category=AN-1000001&category=HA-1000003&sort=0&intent=false&firstLoad=false&brand=Realme&page=8&start=280","Realme 6 Pro Smartphone [128GB/8GB]","4.399.000","","","","Kota Jakarta Pusat"
"1777992137-1719","https://www.blibli.com/cari/hp%20realme?category=AN-1000001&category=HA-1000003&sort=0&intent=false&firstLoad=false&brand=Realme&page=8&start=280","Realme C2 Smartphone [32 GB/2 GB]","1.399.000","","Terjual 3","","Kota Jakarta Utara"
"1777992137-1720","https://www.blibli.com/cari/hp%20realme?category=AN-1000001&category=HA-1000003&sort=0&intent=false&firstLoad=false&brand=Realme&page=8&start=280","Realme 2 Pro Smartphone [64 GB/ 4 GB]","3.299.000","","Terjual 8","","Kota Tangerang"
"1777992137-1721","https://www.blibli.com/cari/hp%20realme?category=AN-1000001&category=HA-1000003&sort=0&intent=false&firstLoad=false&brand=Realme&page=8&start=280","Realme 5 Pro Smartphone [8GB/128GB]","3.390.000","5","Terjual 1","","Kota Jakarta Utara"
"1777992137-1722","https://www.blibli.com/cari/hp%20realme?category=AN-1000001&category=HA-1000003&sort=0&intent=false&firstLoad=false&brand=Realme&page=8&start=280","Realme 5 Smartphone [64 GB / 3 GB] Crystal blue","1.999.000","","Terjual 9","","Kota Jakarta Selatan"
"1777992137-1723","https://www.blibli.com/cari/hp%20realme?category=AN-1000001&category=HA-1000003&sort=0&intent=false&firstLoad=false&brand=Realme&page=8&start=280","Realme 5i Smartphone [4GB - 64GB]","2.199.000","","Terjual 1","","Kota Jakarta Utara"
"1777992137-1724","https://www.blibli.com/cari/hp%20realme?category=AN-1000001&category=HA-1000003&sort=0&intent=false&firstLoad=false&brand=Realme&page=8&start=280","Realme 5i Smartphone [4GB - 64GB]","2.199.000","","","","Kota Jakarta Pusat"
"1777992137-1725","https://www.blibli.com/cari/hp%20realme?category=AN-1000001&category=HA-1000003&sort=0&intent=false&firstLoad=false&brand=Realme&page=8&start=280","Realme C21 Smartphone [3GB-32GB] Garansi Resmi","1.520.000","5","Terjual 24","","Kab. Bogor"
"1777992137-1726","https://www.blibli.com/cari/hp%20realme?category=AN-1000001&category=HA-1000003&sort=0&intent=false&firstLoad=false&brand=Realme&page=8&start=280","Realme C11 Smartphone [32GB/ 2GB]","1.449.900","5","Terjual 2","","Kota Jakarta Utara"
"1777992137-1727","https://www.blibli.com/cari/hp%20realme?category=AN-1000001&category=HA-1000003&sort=0&intent=false&firstLoad=false&brand=Realme&page=8&start=280","Realme C11 Smartphone [2 GB/32 GB]","1.299.000","","Terjual 11","","Kota Bandung"
"1777992137-1728","https://www.blibli.com/cari/hp%20realme?category=AN-1000001&category=HA-1000003&sort=0&intent=false&firstLoad=false&brand=Realme&page=8&start=280","Realme C2 Smartphone [32 GB/2 GB]","1.399.000","","Terjual 3","","Kota Jakarta Selatan"
"1777992137-1729","https://www.blibli.com/cari/hp%20realme?category=AN-1000001&category=HA-1000003&sort=0&intent=false&firstLoad=false&brand=Realme&page=8&start=280","Realme C2 Smartphone [32 GB/2 GB]","1.499.000","","Terjual 8","","Kota Jakarta Timur"
"1777992137-1730","https://www.blibli.com/cari/hp%20realme?category=AN-1000001&category=HA-1000003&sort=0&intent=false&firstLoad=false&brand=Realme&page=8&start=280","Realme C11 Smartphone [32GB/ 2GB]","1.599.000","","","","Kab. Nganjuk"
"1777992137-1731","https://www.blibli.com/cari/hp%20realme?category=AN-1000001&category=HA-1000003&sort=0&intent=false&firstLoad=false&brand=Realme&page=8&start=280","Realme C2 Smartphone [32 GB/3 GB]","1.599.000","","Terjual 4","","Kota Jakarta Utara"
"1777992137-1732","https://www.blibli.com/cari/hp%20realme?category=AN-1000001&category=HA-1000003&sort=0&intent=false&firstLoad=false&brand=Realme&page=8&start=280","Realme C2 Smartphone [32GB/ 3 GB]","1.699.000","","Terjual 3","","Kota Medan"
"1777992137-1733","https://www.blibli.com/cari/hp%20realme?category=AN-1000001&category=HA-1000003&sort=0&intent=false&firstLoad=false&brand=Realme&page=8&start=280","Realme C25 Smartphone [4GB-64GB]","2.299.000","","Terjual 2","","Kota Jakarta Utara"
"1777992137-1734","https://www.blibli.com/cari/hp%20realme?category=AN-1000001&category=HA-1000003&sort=0&intent=false&firstLoad=false&brand=Realme&page=8&start=280","Realme 3 Pro Smartphone [64GB/ 6GB]","2.550.000","","Terjual 17","","Kota Jakarta Timur"
"1777992137-1735","https://www.blibli.com/cari/hp%20realme?category=AN-1000001&category=HA-1000003&sort=0&intent=false&firstLoad=false&brand=Realme&page=8&start=280","Realme C2 Smartphone [32 GB/3 GB]","1.599.000","","Terjual 8","","Kota Jakarta Selatan"
"1777992137-1736","https://www.blibli.com/cari/hp%20realme?category=AN-1000001&category=HA-1000003&sort=0&intent=false&firstLoad=false&brand=Realme&page=8&start=280","Realme C2 Smartphone [32 GB/3 GB]","1.599.000","","Terjual 11","","Kota Jakarta Timur"
"1777992137-1737","https://www.blibli.com/cari/hp%20realme?category=AN-1000001&category=HA-1000003&sort=0&intent=false&firstLoad=false&brand=Realme&page=8&start=280","Realme C2 Smartphone [32 GB/3 GB]","1.800.000","","Terjual 78","","Kab. Bekasi"
"1777992137-1738","https://www.blibli.com/cari/hp%20realme?category=AN-1000001&category=HA-1000003&sort=0&intent=false&firstLoad=false&brand=Realme&page=8&start=280","Realme 2 Pro Smartphone [64 GB/ 6 GB]","2.499.000","","Terjual 9","","Kota Tangerang"
"1777992137-1739","https://www.blibli.com/cari/hp%20realme?category=AN-1000001&category=HA-1000003&sort=0&intent=false&firstLoad=false&brand=Realme&page=8&start=280","Realme 5 Pro Smartphone [4 GB/ 128 GB]","3.000.000","","","","Kota Tangerang"
"1777992137-1740","https://www.blibli.com/cari/hp%20realme?category=AN-1000001&category=HA-1000003&sort=0&intent=false&firstLoad=false&brand=Realme&page=8&start=280","Realme 5 Pro Smartphone [128GB/ 4GB]","3.099.000","","Terjual 2","","Kota Jakarta Utara"
"1777992137-1741","https://www.blibli.com/cari/hp%20realme?category=AN-1000001&category=HA-1000003&sort=0&intent=false&firstLoad=false&brand=Realme&page=8&start=280","Realme 2 Pro Smartphone [64 GB/ 6 GB]","3.700.000","","Terjual 13","","Kota Tangerang"
"1777992137-1742","https://www.blibli.com/cari/hp%20realme?category=AN-1000001&category=HA-1000003&sort=0&intent=false&firstLoad=false&brand=Realme&page=8&start=280","Realme 5 Smartphone [64 GB / 3 GB] Crystal blue","1.999.000","","Terjual 4","","Kota Jakarta Utara"
"1777992137-1743","https://www.blibli.com/cari/hp%20realme?category=AN-1000001&category=HA-1000003&sort=0&intent=false&firstLoad=false&brand=Realme&page=8&start=280","Realme 5i Smartphone [4GB - 64GB]","2.100.000","","","","Kota Jakarta Utara"
"1777992137-1744","https://www.blibli.com/cari/hp%20realme?category=AN-1000001&category=HA-1000003&sort=0&intent=false&firstLoad=false&brand=Realme&page=8&start=280","Realme 5 Pro Smartphone [128GB/ 8GB] hijau kristal","3.499.000","","","","Kota Jakarta Selatan"
"1777992137-1745","https://www.blibli.com/cari/hp%20realme?category=AN-1000001&category=HA-1000003&sort=0&intent=false&firstLoad=false&brand=Realme&page=8&start=280","Realme 6 Pro Smartphone [Original/128GB/8GB ]","4.599.000","","Terjual 2","","Kota Banjarbaru"
"1777992137-1746","https://www.blibli.com/cari/hp%20realme?category=AN-1000001&category=HA-1000003&sort=0&intent=false&firstLoad=false&brand=Realme&page=8&start=280","Realme C2 Smartphone [2GB/32GB] BLUE","1.599.000","","","","Kota Jakarta Pusat"
"1777992137-1747","https://www.blibli.com/cari/hp%20realme?category=AN-1000001&category=HA-1000003&sort=0&intent=false&firstLoad=false&brand=Realme&page=8&start=280","Realme C3 Smartphone [3GB / 32GB]","1.899.000","","Terjual 4","","Kota Jakarta Utara"
"1777992137-1748","https://www.blibli.com/cari/hp%20realme?category=AN-1000001&category=HA-1000003&sort=0&intent=false&firstLoad=false&brand=Realme&page=8&start=280","Realme C3 Smartphone [3GB / 32GB]","1.899.000","","","","Kota Jakarta Pusat"
"1777992137-1749","https://www.blibli.com/cari/hp%20realme?category=AN-1000001&category=HA-1000003&sort=0&intent=false&firstLoad=false&brand=Realme&page=8&start=280","Realme 5i Smartphone [4GB - 64GB]","2.199.000","","Terjual 1","","Kab. Buleleng"
"1777992137-1750","https://www.blibli.com/cari/hp%20realme?category=AN-1000001&category=HA-1000003&sort=0&intent=false&firstLoad=false&brand=Realme&page=8&start=280","Realme C15 Smartphone [ 4GB-64GB ]","2.299.000","","Terjual 1","","Kota Jakarta Utara"
"1777992137-1751","https://www.blibli.com/cari/hp%20realme?category=AN-1000001&category=HA-1000003&sort=0&intent=false&firstLoad=false&brand=Realme&page=8&start=280","REALME 7i Smartphone [ 8GB/128GB ]","3.199.000","","","","Kota Jakarta Utara"
"1777992137-1752","https://www.blibli.com/cari/hp%20realme?category=AN-1000001&category=HA-1000003&sort=0&intent=false&firstLoad=false&brand=Realme&page=8&start=280","Hp Realme 15 5G Ram 8GB Internal 256GB Garansi Resmi","4.999.000","","","Kota Pekanbaru","wwponsel_hangtuah Flagship Store"
"1777992137-1753","https://www.blibli.com/cari/hp%20realme?category=AN-1000001&category=HA-1000003&sort=0&intent=false&firstLoad=false&brand=Realme&page=8&start=280","Realme C15 Smartphone [ 4GB-64GB ]","2.199.000","","","","Kab. Nganjuk"
"1777992137-1754","https://www.blibli.com/cari/hp%20realme?category=AN-1000001&category=HA-1000003&sort=0&intent=false&firstLoad=false&brand=Realme&page=8&start=280","Realme 5 Pro Smartphone [128GB/ 4GB] Crystal Green","2.760.000","","","","Kota Jakarta Utara"
"1777992137-1755","https://www.blibli.com/cari/hp%20realme?category=AN-1000001&category=HA-1000003&sort=0&intent=false&firstLoad=false&brand=Realme&page=8&start=280","Realme 5 Pro Smartphone [128GB/ 8GB] hijau kristal","3.399.000","","Terjual 4","","Kota Jakarta Utara"
"1777992137-1756","https://www.blibli.com/cari/hp%20realme?category=AN-1000001&category=HA-1000003&sort=0&intent=false&firstLoad=false&brand=Realme&page=8&start=280","Realme X2 Pro Smartphone [12GB/256GB]","7.799.000","","Terjual 1","","Kota Jakarta Utara"
"1777992137-1757","https://www.blibli.com/cari/hp%20realme?category=AN-1000001&category=HA-1000003&sort=0&intent=false&firstLoad=false&brand=Realme&page=8&start=280","Realme C11 Smartphone [2GB/32GB/ Garansi Resmi]","1.599.000","","Terjual 2","","Kota Jakarta Utara"
"1777992137-1758","https://www.blibli.com/cari/hp%20realme?category=AN-1000001&category=HA-1000003&sort=0&intent=false&firstLoad=false&brand=Realme&page=8&start=280","Realme Narzo 30A Smartphone [4GB-64GB]","1.999.000","5","Terjual 1","","Kota Tangerang Selatan"
"1777992137-1759","https://www.blibli.com/cari/hp%20realme?category=AN-1000001&category=HA-1000003&sort=0&intent=false&firstLoad=false&brand=Realme&page=8&start=280","Realme C11 Smartphone [ 3 + 32 Gb / Garansi Resmi Realme ]","1.750.000","","Terjual 9","","Kota Tangerang"
"1777992137-1760","https://www.blibli.com/cari/hp%20realme?category=AN-1000001&category=HA-1000003&sort=0&intent=false&firstLoad=false&brand=Realme&page=8&start=280","realme X2 Pro Smartphone [256 GB/ 12 GB/ Official Store]","7.288.000","","Terjual 1","","Kota Tangerang Selatan"
"1777992137-1761","https://www.blibli.com/cari/hp%20realme?category=AN-1000001&category=HA-1000003&sort=0&intent=false&firstLoad=false&brand=Realme&page=8&start=280","Hp Realme 15 Pro 5G Ram 12GB Internal 256GB Garansi Resmi","6.999.000","","","Kota Pekanbaru","wwponsel_hangtuah Flagship Store"
"1777992137-1762","https://www.blibli.com/cari/hp%20realme?category=AN-1000001&category=HA-1000003&sort=0&intent=false&firstLoad=false&brand=Realme&page=8&start=280","Realme C12 Smartphone [ 3GB / 32GB ] - Garansi Resmi","1.900.000","","Terjual 2","","Kota Bekasi"
"1777992137-1763","https://www.blibli.com/cari/hp%20realme?category=AN-1000001&category=HA-1000003&sort=0&intent=false&firstLoad=false&brand=Realme&page=8&start=280","Hp Realme 10 8/128 GB dan 8/256 GB 50MP Kamera Color Al","3.038.000","","","","Kab. Tulungagung"
"1777992137-1764","https://www.blibli.com/cari/hp%20realme?category=AN-1000001&category=HA-1000003&sort=0&intent=false&firstLoad=false&brand=Realme&page=8&start=280","REALME 7 RAM 8GB/128GB ORIGINAL GARANSI RESMI SMARTPHONE TERBARU HANDPHONE","3.499.000","","","","Kab. Bandung"
"1777992137-1765","https://www.blibli.com/cari/hp%20realme?category=AN-1000001&category=HA-1000003&sort=0&intent=false&firstLoad=false&brand=Realme&page=8&start=280","Realme C17 2-256 GB Free Handphone Fitur","2.799.000","","Terjual 2","","Kab. Bandung"
"1777992137-1766","https://www.blibli.com/cari/hp%20realme?category=AN-1000001&category=HA-1000003&sort=0&intent=false&firstLoad=false&brand=Realme&page=8&start=280","REALME 7i RAM 8GB/128GB ORIGINAL GARANSI RESMI SMARTPHONE TERBARU HANDPHONE","3.099.000","","","","Kab. Bandung"
"1777992137-1767","https://www.blibli.com/cari/hp%20realme?category=AN-1000001&category=HA-1000003&sort=0&intent=false&firstLoad=false&brand=Realme&page=8&start=280","Realme 7 Pro 8/128GB  Smartphone","5.000.000","","Terjual 19","","Kab. Bekasi"
"1777992137-1768","https://www.blibli.com/cari/hp%20realme?category=AN-1000001&category=HA-1000003&sort=0&intent=false&firstLoad=false&brand=Realme&page=8&start=280","REALME C61 | C71 - SMARTPHONE","1.800.000","","Terjual 2","","Kab. Blora"
"1777992137-1769","https://www.blibli.com/cari/hp%20realme?category=AN-1000001&category=HA-1000003&sort=0&intent=false&firstLoad=false&brand=Realme&page=8&start=280","REALME 9i 4GB/64GB SMARTPHONE GARANSI RESMI","3.077.000","","","","Kota Palembang"
"1777992137-1770","https://www.blibli.com/cari/hp%20realme?category=AN-1000001&category=HA-1000003&sort=0&intent=false&firstLoad=false&brand=Realme&page=8&start=280","REALME 6PRO 8GB/128GB SMARTPHONE GARANSI RESMI","5.055.000","","","","Kota Palembang"
"1777992137-1771","https://www.blibli.com/cari/hp%20realme?category=AN-1000001&category=HA-1000003&sort=0&intent=false&firstLoad=false&brand=Realme&page=8&start=280","REALME 13 5G 12/256 - SMARTPHONE","2.962.000","","","","Kab. Bojonegoro"
"1777992137-1772","https://www.blibli.com/cari/hp%20realme?category=AN-1000001&category=HA-1000003&sort=0&intent=false&firstLoad=false&brand=Realme&page=8&start=280","REALME C75X 8/128GB - SMARTPHONE","2.175.000","","","","Kab. Lamongan"
"1777992137-1773","https://www.blibli.com/cari/hp%20realme?category=AN-1000001&category=HA-1000003&sort=0&intent=false&firstLoad=false&brand=Realme&page=8&start=280","REALME C12 3GB/32GB SMARTPHONE GARANSI RESMI","2.198.000","","","","Kota Palembang"
"1777992137-1774","https://www.blibli.com/cari/hp%20realme?category=AN-1000001&category=HA-1000003&sort=0&intent=false&firstLoad=false&brand=Realme&page=8&start=280","REALME C31 3GB/32GB SMARTPHONE GARANSI RESMI","1.731.000","","","","Kota Palembang"
"1777992137-1775","https://www.blibli.com/cari/hp%20realme?category=AN-1000001&category=HA-1000003&sort=0&intent=false&firstLoad=false&brand=Realme&page=8&start=280","REALME 14 5G | 14T 5G - SMARTPHONE","3.350.000","","","","Kab. Blora"
"1777992137-1776","https://www.blibli.com/cari/hp%20realme?category=AN-1000001&category=HA-1000003&sort=0&intent=false&firstLoad=false&brand=Realme&page=8&start=280","REALME NOTE 60 | NOTE 70 | NOTE 80 SERIES - SMARTPHONE","1.260.000","","","","Kab. Bojonegoro"
"1777992137-1777","https://www.blibli.com/cari/hp%20realme?category=AN-1000001&category=HA-1000003&sort=0&intent=false&firstLoad=false&brand=Realme&page=8&start=280","REALME C75 8/128GB | 8/256GB - SMARTPHONE","2.765.000","","Terjual 3","","Kab. Lamongan"
"1777992137-1778","https://www.blibli.com/cari/hp%20realme?category=AN-1000001&category=HA-1000003&sort=0&intent=false&firstLoad=false&brand=Realme&page=8&start=280","REALME NOTE 60X 4/64GB | 4/128GB - SMARTPHONE","1.289.000","","Terjual 1","","Kab. Lamongan"
"1777992137-1779","https://www.blibli.com/cari/hp%20realme?category=AN-1000001&category=HA-1000003&sort=0&intent=false&firstLoad=false&brand=Realme&page=8&start=280","REALME GT 7 12/256GB | GT 7T 12/256GB - SMARTPHONE","6.308.000","","","","Kab. Bojonegoro"
"1777992137-1780","https://www.blibli.com/cari/hp%20realme?category=AN-1000001&category=HA-1000003&sort=0&intent=false&firstLoad=false&brand=Realme&page=8&start=280","REALME 15 5G SERIES | 15 PRO SERIES | 15T SERIES | 16 SERIES - SMARTPHONE","3.640.000","","","","Kab. Blora"
"1777992137-1781","https://www.blibli.com/cari/hp%20realme?category=AN-1000001&category=HA-1000003&sort=0&intent=false&firstLoad=false&brand=Realme&page=8&start=280","REALME C85 SERIES 6/128GB | 8/128GB | 8/256GB - SMARTPHONE","2.765.000","","Terjual 1","","Kab. Bojonegoro"
"1777992137-1782","https://www.blibli.com/cari/hp%20realme?category=AN-1000001&category=HA-1000003&sort=0&intent=false&firstLoad=false&brand=Realme&page=8&start=280","REALME NARZO 30A (4+64)","1.999.000","","Terjual 2","","Kota Jakarta Utara"
"1777992137-1783","https://www.blibli.com/cari/hp%20realme?category=AN-1000001&category=HA-1000003&sort=0&intent=false&firstLoad=false&brand=Realme&page=8&start=280","Realme C71 4/128gb, 6/128gb, 8/128gb new segel bergaransi resmi","2.018.000","","","","Kota Malang"
"1777992137-1784","https://www.blibli.com/cari/hp%20realme?category=AN-1000001&category=HA-1000003&sort=0&intent=false&firstLoad=false&brand=Realme&page=8&start=280","REALME C11","1.499.000","","","","Kota Jakarta Utara"
"1777992137-1785","https://www.blibli.com/cari/hp%20realme?category=AN-1000001&category=HA-1000003&sort=0&intent=false&firstLoad=false&brand=Realme&page=8&start=280","REALME C11","1.250.000","","Terjual 3","","Kota Bogor"
"1777992137-1786","https://www.blibli.com/cari/hp%20realme?category=AN-1000001&category=HA-1000003&sort=0&intent=false&firstLoad=false&brand=Realme&page=8&start=280","REALME NOTE 70 4/64GB | 4/128GB GARANSI RESMI REALME INDONESIA","1.549.000","5","Terjual 4","","Kota Jakarta Utara"
"1777992137-1787","https://www.blibli.com/cari/hp%20realme?category=AN-1000001&category=HA-1000003&sort=0&intent=false&firstLoad=false&brand=Realme&page=8&start=280","REALME NOTE 60X 4/64GB | 4/128GB GARANSI RESMI REALME INDONESIA","1.349.000","","","","Kota Jakarta Utara"
"1777992137-1788","https://www.blibli.com/cari/hp%20realme?category=AN-1000001&category=HA-1000003&sort=0&intent=false&firstLoad=false&brand=Realme&page=8&start=280","Realme C63 (RAM 6GB, ROM 128GB, 45W Quick Charge)","2.299.000","","","","Kota Malang"
"1777992137-1789","https://www.blibli.com/cari/hp%20realme?category=AN-1000001&category=HA-1000003&sort=0&intent=false&firstLoad=false&brand=Realme&page=8&start=280","Realme Note 60x (Ram 4GB, Rom 64/128GB, IP54)","1.249.000","","","","Kota Malang"
"1777992137-1790","https://www.blibli.com/cari/hp%20realme?category=AN-1000001&category=HA-1000003&sort=0&intent=false&firstLoad=false&brand=Realme&page=8&start=280","Hp Realme 10 Pro 5G 8/128 GB & 8/256 GB 108MP ProLight Camera 5000mAh","4.268.000","","","","Kab. Tulungagung"
"1777992137-1791","https://www.blibli.com/cari/hp%20realme?category=AN-1000001&category=HA-1000003&sort=0&intent=false&firstLoad=false&brand=Realme&page=8&start=280","REALME 15T 5G 8/128GB | 8/256GB GARANSI RESMI REALME INDONESIA","3.999.000","","","","Kota Jakarta Utara"
"1777992137-1792","https://www.blibli.com/cari/hp%20realme?category=AN-1000001&category=HA-1000003&sort=0&intent=false&firstLoad=false&brand=Realme&page=8&start=280","REALME C11","1.299.000","","Terjual 9","","Kota Jakarta Utara"
"1777992137-1793","https://www.blibli.com/cari/hp%20realme?category=AN-1000001&category=HA-1000003&sort=0&intent=false&firstLoad=false&brand=Realme&page=8&start=280","REALME 12 PLUS 5G 8/256GB GARANSI RESMI REALME INDONESIA","3.799.000","","","","Kota Jakarta Utara"
"1777992137-1794","https://www.blibli.com/cari/hp%20realme?category=AN-1000001&category=HA-1000003&sort=0&intent=false&firstLoad=false&brand=Realme&page=8&start=280","Realme 13 5G (RAM 12GB, ROM 256GB, Dimensity 6300)","3.499.000","","","","Kota Malang"
"1777992137-1795","https://www.blibli.com/cari/hp%20realme?category=AN-1000001&category=HA-1000003&sort=0&intent=false&firstLoad=false&brand=Realme&page=8&start=280","REALME C63 6/128GB | 8/128GB GARANSI RESMI REALME INDONESIA","2.099.000","5","Terjual 1","","Kota Jakarta Utara"
"1777992137-1796","https://www.blibli.com/cari/hp%20realme?category=AN-1000001&category=HA-1000003&sort=0&intent=false&firstLoad=false&brand=Realme&page=8&start=280","REALME 12 PRO PLUS 8/256GB | 12/512GB GARANSI RESMI REALME INDONESIA","4.899.000","","","","Kota Jakarta Utara"
"1777992137-1797","https://www.blibli.com/cari/hp%20realme?category=AN-1000001&category=HA-1000003&sort=0&intent=false&firstLoad=false&brand=Realme&page=8&start=280","REALME 13 PRO PLUS 8/256GB | 12/512GB GARANSI RESMI REALME INDONESIA","4.399.000","5","Terjual 1","","Kota Jakarta Utara"
"1777992137-1798","https://www.blibli.com/cari/hp%20realme?category=AN-1000001&category=HA-1000003&sort=0&intent=false&firstLoad=false&brand=Realme&page=8&start=280","REALME 15 PRO 12/256GB | 12/512GB GARANSI RESMI REALME INDONESIA","7.499.000","","","","Kota Jakarta Utara"
"1777992137-1799","https://www.blibli.com/cari/hp%20realme?category=AN-1000001&category=HA-1000003&sort=0&intent=false&firstLoad=false&brand=Realme&page=8&start=280","ZTE Blade A55 (RAM 4GB, ROM 128GB, 6.75-inch 90Hz)","1.099.000","","","","Kota Malang"
"1777992137-1800","https://www.blibli.com/cari/hp%20realme?category=AN-1000001&category=HA-1000003&sort=0&intent=false&firstLoad=false&brand=Realme&page=8&start=280","Realme C75 8/128 GB Garansi Resmi 1 Tahun","2.268.000","5","Terjual 7","Kota Jakarta Barat","BIGBOSS SHOP Flagship Store"
"1777992137-1801","https://www.blibli.com/cari/hp%20realme?category=AN-1000001&category=HA-1000003&sort=0&intent=false&firstLoad=false&brand=Realme&page=8&start=280","Realme C75 8/256 GB Garansi Resmi 1 Tahun","2.398.000","5","Terjual 2","Kota Jakarta Barat","BIGBOSS SHOP Flagship Store"
"1777992137-1802","https://www.blibli.com/cari/hp%20realme?category=AN-1000001&category=HA-1000003&sort=0&intent=false&firstLoad=false&brand=Realme&page=8&start=280","REALME NOTE 70 4/64GB Garansi Resmi + Bonus","1.548.000","","Terjual 1","Kota Jakarta Barat","Gudang ponsell Flagship Store"
"1777992137-1803","https://www.blibli.com/cari/hp%20realme?category=AN-1000001&category=HA-1000003&sort=0&intent=false&firstLoad=false&brand=Realme&page=8&start=280","HP REALME C25S 4/128","2.399.000","5","Terjual 1","","Kab. Banyuwangi"
"1777992137-1804","https://www.blibli.com/cari/hp%20realme?category=AN-1000001&category=HA-1000003&sort=0&intent=false&firstLoad=false&brand=Realme&page=8&start=280","HP REALME C20 2/32 GARANSI RESMI","1.239.000","","","","Kab. Banyuwangi"
"1777992137-1805","https://www.blibli.com/cari/hp%20realme?category=AN-1000001&category=HA-1000003&sort=0&intent=false&firstLoad=false&brand=Realme&page=8&start=280","realme 8 Smartphone [8GB/128GB]","3.359.040","5","Terjual 7","Kota Surabaya","Sentra Pusat Gadget Flagship Store"
"1777992137-1806","https://www.blibli.com/cari/hp%20realme?category=AN-1000001&category=HA-1000003&sort=0&intent=false&firstLoad=false&brand=Realme&page=8&start=280","Realme C25 Smartphone [4GB-64GB]","2.015.040","5","Terjual 27","Kota Surabaya","Sentra Pusat Gadget Flagship Store"
"1777992137-1807","https://www.blibli.com/cari/hp%20realme?category=AN-1000001&category=HA-1000003&sort=0&intent=false&firstLoad=false&brand=Realme&page=8&start=280","Realme C17 Smartphone [6GB/256GB]","2.687.040","5","Terjual 15","Kota Surabaya","Sentra Pusat Gadget Flagship Store"
"1777992137-1808","https://www.blibli.com/cari/hp%20realme?category=AN-1000001&category=HA-1000003&sort=0&intent=false&firstLoad=false&brand=Realme&page=8&start=280","realme 8 Pro Smartphone [8GB/128GB]","4.127.040","5","Terjual 12","Kota Surabaya","Sentra Pusat Gadget Flagship Store"
"1777992137-1809","https://www.blibli.com/cari/hp%20realme?category=AN-1000001&category=HA-1000003&sort=0&intent=false&firstLoad=false&brand=Realme&page=8&start=280","Realme C25 Smartphone [4GB-128GB]","2.207.040","5","Terjual 10","Kota Surabaya","Sentra Pusat Gadget Flagship Store"
"1777992137-1810","https://www.blibli.com/cari/hp%20realme?category=AN-1000001&category=HA-1000003&sort=0&intent=false&firstLoad=false&brand=Realme&page=8&start=280","Realme C11 Smartphone [2GB/32GB/ Garansi Resmi]","1.499.000","5","Terjual 16","Kota Surabaya","Sentra Pusat Gadget Flagship Store"
"1777992137-1811","https://www.blibli.com/cari/hp%20realme?category=AN-1000001&category=HA-1000003&sort=0&intent=false&firstLoad=false&brand=Realme&page=8&start=280","Realme 5i Smartphone [4GB - 64GB]","2.111.040","","Terjual 2","Kota Surabaya","Sentra Pusat Gadget Flagship Store"
"1777992137-1812","https://www.blibli.com/cari/hp%20realme?category=AN-1000001&category=HA-1000003&sort=0&intent=false&firstLoad=false&brand=Realme&page=8&start=280","Realme C12 Smartphone [ 3GB / 32GB ] - Garansi Resmi","1.899.000","","Terjual 5","Kota Surabaya","Sentra Pusat Gadget Flagship Store"
"1777992137-1813","https://www.blibli.com/cari/hp%20realme?category=AN-1000001&category=HA-1000003&sort=0&intent=false&firstLoad=false&brand=Realme&page=8&start=280","Realme Note 60X 4/128GB Garansi Resmi Indonesia HP Murah Handphone Smartphone Original ORI","1.349.000","","Terjual 1","Kota Surabaya","Apollo Gadget Flagship Store"
"1777992137-1814","https://www.blibli.com/cari/hp%20realme?category=AN-1000001&category=HA-1000003&sort=0&intent=false&firstLoad=false&brand=Realme&page=8&start=280","Realme Note 60X 4/64GB Garansi Resmi Indonesia HP Handphone Murah Smartphone ORI Original","1.299.000","","","Kota Surabaya","Apollo Gadget Flagship Store"
"1777992137-1815","https://www.blibli.com/cari/hp%20realme?category=AN-1000001&category=HA-1000003&sort=0&intent=false&firstLoad=false&brand=Realme&page=8&start=280","Realme C35 4/64GB smartphone","2.207.040","5","Terjual 11","Kota Surabaya","Sentra Pusat Gadget Flagship Store"
"1777992137-1816","https://www.blibli.com/cari/hp%20realme?category=AN-1000001&category=HA-1000003&sort=0&intent=false&firstLoad=false&brand=Realme&page=8&start=280","Realme C35 4/64GB smartphone","2.299.000","5","Terjual 3","Kab. Sidoarjo","DISCOVERY Flagship Store"
"1777992137-1817","https://www.blibli.com/cari/hp%20realme?category=AN-1000001&category=HA-1000003&sort=0&intent=false&firstLoad=false&brand=Realme&page=8&start=280","Realme 11 Pro 5G [8GB/256GB] Smartphone","4.599.000","5","Terjual 10","Kota Surabaya","Apollo Gadget Flagship Store"
"1777992137-1818","https://www.blibli.com/cari/hp%20realme?category=AN-1000001&category=HA-1000003&sort=0&intent=false&firstLoad=false&brand=Realme&page=8&start=280","Realme 13 Pro+ 5G 12/512GB Smartphone","6.999.000","5","Terjual 2","Kota Surabaya","Apollo Gadget Flagship Store"
"1777992137-1819","https://www.blibli.com/cari/hp%20realme?category=AN-1000001&category=HA-1000003&sort=0&intent=false&firstLoad=false&brand=Realme&page=8&start=280","Realme 13 Pro 5G 12/256GB Smartphone","5.999.000","","Terjual 1","Kota Surabaya","Apollo Gadget Flagship Store"
"1777992137-1820","https://www.blibli.com/cari/hp%20realme?category=AN-1000001&category=HA-1000003&sort=0&intent=false&firstLoad=false&brand=Realme&page=8&start=280","HP REALME NOTE 70 4/128GB","1.599.000","5","Terjual 105","Kab. Kudus","Telering Flagship Store"
"1777992137-1821","https://www.blibli.com/cari/hp%20realme?category=AN-1000001&category=HA-1000003&sort=0&intent=false&firstLoad=false&brand=Realme&page=8&start=280","HP REALME C71 4/128GB","1.899.000","5","Terjual 128","Kab. Kudus","Telering Flagship Store"
"1777992137-1822","https://www.blibli.com/cari/hp%20realme?category=AN-1000001&category=HA-1000003&sort=0&intent=false&firstLoad=false&brand=Realme&page=8&start=280","HP REALME 13 8/128 HIJAU","2.999.000","5","Terjual 42","Kab. Kudus","Telering Flagship Store"
"1777992137-1823","https://www.blibli.com/cari/hp%20realme?category=AN-1000001&category=HA-1000003&sort=0&intent=false&firstLoad=false&brand=Realme&page=8&start=280","HP REALME NOTE 70 4/64GB","1.499.000","5","Terjual 83","Kab. Kudus","Telering Flagship Store"
"1777992137-1824","https://www.blibli.com/cari/hp%20realme?category=AN-1000001&category=HA-1000003&sort=0&intent=false&firstLoad=false&brand=Realme&page=8&start=280","HP REALME NOTE 60 4/64GB","1.199.000","5","Terjual 45","Kab. Kudus","Telering Flagship Store"
"1777992137-1825","https://www.blibli.com/cari/hp%20realme?category=AN-1000001&category=HA-1000003&sort=0&intent=false&firstLoad=false&brand=Realme&page=8&start=280","HP REALME C75 8/128GB","2.399.000","5","Terjual 45","Kab. Kudus","Telering Flagship Store"
"1777992137-1826","https://www.blibli.com/cari/hp%20realme?category=AN-1000001&category=HA-1000003&sort=0&intent=false&firstLoad=false&brand=Realme&page=8&start=280","HP REALME C71 6/128GB","2.099.000","5","Terjual 54","Kab. Kudus","Telering Flagship Store"
"1777992137-1827","https://www.blibli.com/cari/hp%20realme?category=AN-1000001&category=HA-1000003&sort=0&intent=false&firstLoad=false&brand=Realme&page=8&start=280","HP REALME C75 8/256GB","2.799.000","5","Terjual 25","Kab. Kudus","Telering Flagship Store"
"1777992137-1828","https://www.blibli.com/cari/hp%20realme?category=AN-1000001&category=HA-1000003&sort=0&intent=false&firstLoad=false&brand=Realme&page=8&start=280","HP REALME NOTE50 4/64GB","1.349.000","","Terjual 5","Kab. Kudus","Telering Flagship Store"
"1777992137-1829","https://www.blibli.com/cari/hp%20realme?category=AN-1000001&category=HA-1000003&sort=0&intent=false&firstLoad=false&brand=Realme&page=8&start=280","HP REALME C75X 8/128GB","2.199.000","5","Terjual 60","Kab. Kudus","Telering Flagship Store"
"1777992137-1830","https://www.blibli.com/cari/hp%20realme?category=AN-1000001&category=HA-1000003&sort=0&intent=false&firstLoad=false&brand=Realme&page=8&start=280","HP REALME NOTE50 4/128GB","1.549.000","","Terjual 3","Kab. Kudus","Telering Flagship Store"
"1777992137-1831","https://www.blibli.com/cari/hp%20realme?category=AN-1000001&category=HA-1000003&sort=0&intent=false&firstLoad=false&brand=Realme&page=8&start=280","HP REALME C61 8/128GB","1.799.000","5","Terjual 10","Kab. Kudus","Telering Flagship Store"
"1777992137-1832","https://www.blibli.com/cari/hp%20realme?category=AN-1000001&category=HA-1000003&sort=0&intent=false&firstLoad=false&brand=Realme&page=8&start=280","HP REALME C71 8/128GB","2.299.000","","Terjual 16","Kab. Kudus","Telering Flagship Store"
"1777992137-1833","https://www.blibli.com/cari/hp%20realme?category=AN-1000001&category=HA-1000003&sort=0&intent=false&firstLoad=false&brand=Realme&page=8&start=280","HP REALME NOTE 60 6/128GB","1.499.000","3","Terjual 11","Kab. Kudus","Telering Flagship Store"
"1777992137-1834","https://www.blibli.com/cari/hp%20realme?category=AN-1000001&category=HA-1000003&sort=0&intent=false&firstLoad=false&brand=Realme&page=8&start=280","HP REALME 14 5G 8/256GB","4.399.000","5","Terjual 6","Kab. Kudus","Telering Flagship Store"
"1777992137-1835","https://www.blibli.com/cari/hp%20realme?category=AN-1000001&category=HA-1000003&sort=0&intent=false&firstLoad=false&brand=Realme&page=8&start=280","HP REALME 13 4G 8/256GB","2.999.000","","","Kab. Purworejo","Telering Flagship Store"
"1777992137-1836","https://www.blibli.com/cari/hp%20realme?category=AN-1000001&category=HA-1000003&sort=0&intent=false&firstLoad=false&brand=Realme&page=8&start=280","HP REALME 15T 5G 8/256","3.999.000","","Terjual 1","Kab. Purworejo","Telering Flagship Store"
"1777992137-1837","https://www.blibli.com/cari/hp%20realme?category=AN-1000001&category=HA-1000003&sort=0&intent=false&firstLoad=false&brand=Realme&page=8&start=280","HP REALME 11 RMX3636 8/256GB","2.699.000","","Terjual 1","Kab. Purworejo","Telering Flagship Store"
"1777992137-1838","https://www.blibli.com/cari/hp%20realme?category=AN-1000001&category=HA-1000003&sort=0&intent=false&firstLoad=false&brand=Realme&page=8&start=280","HP REALME 13 5G 12/256 SPEED GREEN","3.499.000","5","Terjual 6","Kab. Kudus","Telering Flagship Store"
"1777992137-1839","https://www.blibli.com/cari/hp%20realme?category=AN-1000001&category=HA-1000003&sort=0&intent=false&firstLoad=false&brand=Realme&page=8&start=280","HP REALME RMX3834 NOTE50 4/128GB","1.549.000","","","Kab. Kudus","Telering Flagship Store"
"1777992137-1840","https://www.blibli.com/cari/hp%20realme?category=AN-1000001&category=HA-1000003&sort=0&intent=false&firstLoad=false&brand=Realme&page=8&start=280","HP REALME 12 5G 8/256 HIJAU HUTAN","2.999.000","","Terjual 1","Kota Cirebon","Telering Flagship Store"
"1777992137-1841","https://www.blibli.com/cari/hp%20realme?category=AN-1000001&category=HA-1000003&sort=0&intent=false&firstLoad=false&brand=Realme&page=8&start=280","HP REALME 14T 5G 8/256GB","3.799.000","5","Terjual 11","Kab. Kudus","Telering Flagship Store"
"1777992137-1842","https://www.blibli.com/cari/hp%20realme?category=AN-1000001&category=HA-1000003&sort=0&intent=false&firstLoad=false&brand=Realme&page=8&start=280","Hp Realme C65 ram 8GB Internal 256GB Garansi Resmi","2.599.000","","Terjual 1","Kota Pekanbaru","wwponsel_hangtuah Flagship Store"
"1777992137-1843","https://www.blibli.com/cari/hp%20realme?category=AN-1000001&category=HA-1000003&sort=0&intent=false&firstLoad=false&brand=Realme&page=8&start=280","Hp Realme Note 50 Ram 4GB Internal 64GB Garansi Resmi","1.399.000","","","Kota Pekanbaru","wwponsel_hangtuah Flagship Store"
"1777992137-1844","https://www.blibli.com/cari/hp%20realme?category=AN-1000001&category=HA-1000003&sort=0&intent=false&firstLoad=false&brand=Realme&page=8&start=280","Hp Realme C65 Ram 8GB Internal 256GB Garansi Resmi","2.799.000","","","Kota Pekanbaru","wwponsel_hangtuah Flagship Store"
"1777992137-1845","https://www.blibli.com/cari/hp%20realme?category=AN-1000001&category=HA-1000003&sort=0&intent=false&firstLoad=false&brand=Realme&page=8&start=280","Hp Realme Note 60 Ram 8GB Internal 256GB Garansi Resmi","1.999.000","","","Kota Pekanbaru","wwponsel_hangtuah Flagship Store"
"1777992137-1846","https://www.blibli.com/cari/hp%20realme?category=AN-1000001&category=HA-1000003&sort=0&intent=false&firstLoad=false&brand=Realme&page=8&start=280","Hp Realme C65 Ram 8GB Internal 128GB Garansi Resmi","2.399.000","","","Kota Pekanbaru","wwponsel_hangtuah Flagship Store"
"1777992137-1847","https://www.blibli.com/cari/hp%20realme?category=AN-1000001&category=HA-1000003&sort=0&intent=false&firstLoad=false&brand=Realme&page=8&start=280","Hp Realme Note 60 Ram 6GB Internal 128GB Garansi Resmi","1.499.000","","Terjual 1","Kota Pekanbaru","wwponsel_hangtuah Flagship Store"
"1777992137-1848","https://www.blibli.com/cari/hp%20realme?category=AN-1000001&category=HA-1000003&sort=0&intent=false&firstLoad=false&brand=Realme&page=8&start=280","Hp Realme Note 50 Ram 4GB Internal 128GB Garansi Resmi","1.599.000","","","Kota Pekanbaru","wwponsel_hangtuah Flagship Store"
"1777992137-1849","https://www.blibli.com/cari/hp%20realme?category=AN-1000001&category=HA-1000003&sort=0&intent=false&firstLoad=false&brand=Realme&page=8&start=280","Hp Realme Note 60x Ram 4GB Internal 128GB Garansi Resmi","1.450.000","","","Kota Pekanbaru","wwponsel_hangtuah Flagship Store"
"1777992137-1850","https://www.blibli.com/cari/hp%20realme?category=AN-1000001&category=HA-1000003&sort=0&intent=false&firstLoad=false&brand=Realme&page=8&start=280","Hp Realme 10 8/128 GB dan 8/256 GB 50MP Kamera Color Al","2.748.000","","","","Kab. Mojokerto"
"1777992137-1851","https://www.blibli.com/cari/hp%20realme?category=AN-1000001&category=HA-1000003&sort=0&intent=false&firstLoad=false&brand=Realme&page=8&start=280","Hp Realme C30S ram 3/32 GB dan 4/64 GB 5000mAh Massive Battery","1.338.000","","","","Kab. Mojokerto"
"1777992137-1852","https://www.blibli.com/cari/hp%20realme?category=AN-1000001&category=HA-1000003&sort=0&intent=false&firstLoad=false&brand=Realme&page=8&start=280","Realme 6 Smartphone [128GB/ 8GB]","3.499.000","","Terjual 8","","Kota Surabaya"
"1777992137-1853","https://www.blibli.com/cari/hp%20realme?category=AN-1000001&category=HA-1000003&sort=0&intent=false&firstLoad=false&brand=Realme&page=8&start=280","Realme 7 Smartphone [8GB/ 128GB]","3.999.000","","Terjual 4","","Kota Surabaya"
"1777992137-1854","https://www.blibli.com/cari/hp%20realme?category=AN-1000001&category=HA-1000003&sort=0&intent=false&firstLoad=false&brand=Realme&page=8&start=280","Realme 5i Smartphone [4GB - 64GB]","2.199.000","","Terjual 48","","Kota Surabaya"
"1777992137-1855","https://www.blibli.com/cari/hp%20realme?category=AN-1000001&category=HA-1000003&sort=0&intent=false&firstLoad=false&brand=Realme&page=8&start=280","Realme 5 Pro Smartphone [128GB/ 4GB] Crystal Green","3.099.000","","Terjual 5","","Kota Surabaya"
"1777992137-1856","https://www.blibli.com/cari/hp%20realme?category=AN-1000001&category=HA-1000003&sort=0&intent=false&firstLoad=false&brand=Realme&page=8&start=280","Hp Realme 10 Pro 5G 8/128 GB & 8/256 GB 108MP ProLight Camera 5000mAh","3.998.000","","","","Kab. Mojokerto"
"1777992137-1857","https://www.blibli.com/cari/hp%20realme?category=AN-1000001&category=HA-1000003&sort=0&intent=false&firstLoad=false&brand=Realme&page=8&start=280","realme X2 Pro Smartphone [256 GB/ 12 GB/ Official Store]","7.799.000","5","Terjual 12","","Kota Surabaya"
"1777992137-1858","https://www.blibli.com/cari/hp%20realme?category=AN-1000001&category=HA-1000003&sort=0&intent=false&firstLoad=false&brand=Realme&page=8&start=280","REALME 13 5G 12/256","3.998.000","","Terjual 13","","Kota Surabaya"
"1777992137-1859","https://www.blibli.com/cari/hp%20realme?category=AN-1000001&category=HA-1000003&sort=0&intent=false&firstLoad=false&brand=Realme&page=8&start=280","REALME NOTE 60 6/128 GARANSI RESMI","1.697.000","","Terjual 11","","Kota Surabaya"
"1777992137-1860","https://www.blibli.com/cari/hp%20realme?category=AN-1000001&category=HA-1000003&sort=0&intent=false&firstLoad=false&brand=Realme&page=8&start=280","REALME 13 PRO 12/256 GARANSI RESMI","6.365.000","","","","Kota Surabaya"
"1777992137-1861","https://www.blibli.com/cari/hp%20realme?category=AN-1000001&category=HA-1000003&sort=0&intent=false&firstLoad=false&brand=Realme&page=8&start=280","Handphone Realme 11 8/256 GB","3.807.000","","","Kota Bandung","MetaCore Store Flagship Store"
"1777992137-1862","https://www.blibli.com/cari/hp%20realme?category=AN-1000001&category=HA-1000003&sort=0&intent=false&firstLoad=false&brand=Realme&page=8&start=280","Realme C31 Smartphone [3/32GB] Garansi Resmi","1.450.000","5","Terjual 3","Kota Jakarta Pusat","Global Teleshop Flagship Store"
"1777992137-1863","https://www.blibli.com/cari/hp%20realme?category=AN-1000001&category=HA-1000003&sort=0&intent=false&firstLoad=false&brand=Realme&page=8&start=280","Realme Narzo 50A Smartphone [4/128GB] Garansi Resmi","2.399.000","","","Kota Jakarta Pusat","Global Teleshop Flagship Store"
"1777992137-1864","https://www.blibli.com/cari/hp%20realme?category=AN-1000001&category=HA-1000003&sort=0&intent=false&firstLoad=false&brand=Realme&page=8&start=280","Realme C11 2021 Smartphone [2/32GB] Garansi Resmi","1.349.000","","","Kota Jakarta Pusat","Global Teleshop Flagship Store"
"1777992137-1865","https://www.blibli.com/cari/hp%20realme?category=AN-1000001&category=HA-1000003&sort=0&intent=false&firstLoad=false&brand=Realme&page=8&start=280","Realme 10 Smartphone [8GB/128GB] Garansi Resmi","2.799.000","","Terjual 1","Kota Salatiga","SINAR MAS SELLULER Flagship Store"
"1777992137-1866","https://www.blibli.com/cari/hp%20realme?category=AN-1000001&category=HA-1000003&sort=0&intent=false&firstLoad=false&brand=Realme&page=8&start=280","Realme 10 Smartphone [8GB/256GB] Garansi Resmi","2.999.000","","","Kota Salatiga","SINAR MAS SELLULER Flagship Store"
"1777992137-1867","https://www.blibli.com/cari/hp%20realme?category=AN-1000001&category=HA-1000003&sort=0&intent=false&firstLoad=false&brand=Realme&page=8&start=280","Realme C53 Smartphone [6GB/128GB] Garansi Resmi","1.999.000","5","Terjual 13","Kota Salatiga","SINAR MAS SELLULER Flagship Store"
"1777992137-1868","https://www.blibli.com/cari/hp%20realme?category=AN-1000001&category=HA-1000003&sort=0&intent=false&firstLoad=false&brand=Realme&page=8&start=280","Realme C51 Smartphone [4GB/128GB] Garansi Resmi","1.699.000","","","Kota Salatiga","SINAR MAS SELLULER Flagship Store"
"1777992137-1869","https://www.blibli.com/cari/hp%20realme?category=AN-1000001&category=HA-1000003&sort=0&intent=false&firstLoad=false&brand=Realme&page=8&start=280","Realme C55 Smartphone [6GB/128GB] Garansi Resmi","2.299.000","5","Terjual 2","Kota Salatiga","SINAR MAS SELLULER Flagship Store"
"1777992137-1870","https://www.blibli.com/cari/hp%20realme?category=AN-1000001&category=HA-1000003&sort=0&intent=false&firstLoad=false&brand=Realme&page=8&start=280","Realme C51 Smartphone [4GB/64GB] Garansi Resmi","1.399.000","5","Terjual 3","Kota Salatiga","SINAR MAS SELLULER Flagship Store"
"1777992137-1871","https://www.blibli.com/cari/hp%20realme?category=AN-1000001&category=HA-1000003&sort=0&intent=false&firstLoad=false&brand=Realme&page=8&start=280","Realme C53 Smartphone [8GB/256GB] Garansi Resmi","2.299.000","","","Kota Salatiga","SINAR MAS SELLULER Flagship Store"
"1777992137-1872","https://www.blibli.com/cari/hp%20realme?category=AN-1000001&category=HA-1000003&sort=0&intent=false&firstLoad=false&brand=Realme&page=8&start=280","Realme C67 Smartphone [8GB/128GB] Garansi Resmi","2.599.000","","","Kota Salatiga","SINAR MAS SELLULER Flagship Store"
"1777992137-1873","https://www.blibli.com/cari/hp%20realme?category=AN-1000001&category=HA-1000003&sort=0&intent=false&firstLoad=false&brand=Realme&page=8&start=280","Realme C67 Smartphone [8GB/256GB] Garansi Resmi","2.999.000","","","Kota Salatiga","SINAR MAS SELLULER Flagship Store"
"1777992137-1874","https://www.blibli.com/cari/hp%20realme?category=AN-1000001&category=HA-1000003&sort=0&intent=false&firstLoad=false&brand=Realme&page=8&start=280","Realme 11 4G Smartphone [8GB/256GB] Garansi Resmi","3.299.000","","","Kota Salatiga","SINAR MAS SELLULER Flagship Store"
"1777992137-1875","https://www.blibli.com/cari/hp%20realme?category=AN-1000001&category=HA-1000003&sort=0&intent=false&firstLoad=false&brand=Realme&page=8&start=280","Realme 10 Pro Plus Smartphone [12GB/256GB] Garansi Resmi","6.999.000","","","Kota Salatiga","SINAR MAS SELLULER Flagship Store"
"1777992137-1876","https://www.blibli.com/cari/hp%20realme?category=AN-1000001&category=HA-1000003&sort=0&intent=false&firstLoad=false&brand=Realme&page=8&start=280","Realme 10 Pro Plus Smartphone [8GB/128GB] Garansi Resmi","5.999.000","","","Kota Salatiga","SINAR MAS SELLULER Flagship Store"
"1777992137-1877","https://www.blibli.com/cari/hp%20realme?category=AN-1000001&category=HA-1000003&sort=0&intent=false&firstLoad=false&brand=Realme&page=8&start=280","Realme C51s Smartphone [6GB/128GB] New Garansi Resmi","1.599.000","","","Kota Salatiga","SINAR MAS SELLULER Flagship Store"
"1777992137-1878","https://www.blibli.com/cari/hp%20realme?category=AN-1000001&category=HA-1000003&sort=0&intent=false&firstLoad=false&brand=Realme&page=8&start=280","Realme C35 4/64GB smartphone","1.699.000","5","Terjual 139","Kab. Kudus","Telering Flagship Store"
"1777992137-1879","https://www.blibli.com/cari/hp%20realme?category=AN-1000001&category=HA-1000003&sort=0&intent=false&firstLoad=false&brand=Realme&page=8&start=280","Realme 6 Smartphone Android [4/ 128 GB]","2.589.000","","Terjual 22","Kab. Cirebon","Complete.Selular Flagship Store"
"1777992137-1880","https://www.blibli.com/cari/hp%20realme?category=AN-1000001&category=HA-1000003&sort=0&intent=false&firstLoad=false&brand=Realme&page=8&start=280","Realme C11 Smartphone [32GB/ 2GB]","1.199.000","","","Kab. Indramayu","Telering Flagship Store"
"1777992137-1881","https://www.blibli.com/cari/hp%20realme?category=AN-1000001&category=HA-1000003&sort=0&intent=false&firstLoad=false&brand=Realme&page=8&start=280","Realme 11 Pro 5G Smartphone [8GB/256GB] Garansi Resmi","4.999.000","","","Kota Salatiga","SINAR MAS SELLULER Flagship Store"
"1777992137-1882","https://www.blibli.com/cari/hp%20realme?category=AN-1000001&category=HA-1000003&sort=0&intent=false&firstLoad=false&brand=Realme&page=8&start=280","Realme 11 Pro+ 5G Smartphone [12GB/512GB] Garansi Resmi","6.999.000","","","Kota Salatiga","SINAR MAS SELLULER Flagship Store"
"1777992137-1883","https://www.blibli.com/cari/hp%20realme?category=AN-1000001&category=HA-1000003&sort=0&intent=false&firstLoad=false&brand=Realme&page=8&start=280","Realme C33 4/128GB Smartphone","1.999.000","","","Kab. Indramayu","Telering Flagship Store"
"1777992137-1884","https://www.blibli.com/cari/hp%20realme?category=AN-1000001&category=HA-1000003&sort=0&intent=false&firstLoad=false&brand=Realme&page=8&start=280","Realme 10 8/256GB","3.399.000","","Terjual 4","Kab. Kudus","Telering Flagship Store"
"1777992137-1885","https://www.blibli.com/cari/hp%20realme?category=AN-1000001&category=HA-1000003&sort=0&intent=false&firstLoad=false&brand=Realme&page=8&start=280","REALME C11","1.298.000","","","Kota Jakarta Pusat","Princess Flagship Store"
"1777992137-1886","https://www.blibli.com/cari/hp%20realme?category=AN-1000001&category=HA-1000003&sort=0&intent=false&firstLoad=false&brand=Realme&page=8&start=280","Realme C51 NFC 4GB/128GB Smartphone Garansi resmi realme Indonesia","1.625.000","5","Terjual 297","","Kota Jakarta Timur"
"1777992137-1887","https://www.blibli.com/cari/hp%20realme?category=AN-1000001&category=HA-1000003&sort=0&intent=false&firstLoad=false&brand=Realme&page=8&start=280","realme C51 NFC 4GB-128GB Garansi resmi 1 tahun","1.625.000","5","Terjual 29","","Kota Jakarta Timur"
"1777992137-1888","https://www.blibli.com/cari/hp%20realme?category=AN-1000001&category=HA-1000003&sort=0&intent=false&firstLoad=false&brand=Realme&page=8&start=280","Realme 11 Pro 5G [8+8GB/256GB] Garansi resmi 1 tahun","3.725.000","","Terjual 5","","Kota Jakarta Timur"
"1777992137-1889","https://www.blibli.com/cari/hp%20realme?category=AN-1000001&category=HA-1000003&sort=0&intent=false&firstLoad=false&brand=Realme&page=8&start=280","Realme 6 Pro Smartphone [128GB/8GB]","3.499.000","5","Terjual 47","","Kota Jakarta Pusat"
"1777992137-1890","https://www.blibli.com/cari/hp%20realme?category=AN-1000001&category=HA-1000003&sort=0&intent=false&firstLoad=false&brand=Realme&page=8&start=280","REALME C53 - SMARTPHONE","1.959.000","","Terjual 2","","Kab. Bojonegoro"
"1777992137-1891","https://www.blibli.com/cari/hp%20realme?category=AN-1000001&category=HA-1000003&sort=0&intent=false&firstLoad=false&brand=Realme&page=8&start=280","Realme 5 Smartphone [32 GB/ 3 GB]","1.849.000","","Terjual 1","","Kota Medan"
"1777992137-1892","https://www.blibli.com/cari/hp%20realme?category=AN-1000001&category=HA-1000003&sort=0&intent=false&firstLoad=false&brand=Realme&page=8&start=280","Realme C31 Smartphone [4GB-64GB]","1.899.000","5","Terjual 14","","Kab. Lamongan"
"1777992137-1893","https://www.blibli.com/cari/hp%20realme?category=AN-1000001&category=HA-1000003&sort=0&intent=false&firstLoad=false&brand=Realme&page=8&start=280","Realme C11 Smartphone [2+32GB]","1.599.000","","","","Kota Balikpapan"
"1777992137-1894","https://www.blibli.com/cari/hp%20realme?category=AN-1000001&category=HA-1000003&sort=0&intent=false&firstLoad=false&brand=Realme&page=8&start=280","Realme C31 Smartphone [3GB-32GB]","1.699.000","5","Terjual 17","","Kab. Lamongan"
"1777992137-1895","https://www.blibli.com/cari/hp%20realme?category=AN-1000001&category=HA-1000003&sort=0&intent=false&firstLoad=false&brand=Realme&page=8&start=280","REALME 10 PRO SMARTPHONE 8/128GB","4.299.000","","Terjual 1","","Kab. Lamongan"
"1777992137-1896","https://www.blibli.com/cari/hp%20realme?category=AN-1000001&category=HA-1000003&sort=0&intent=false&firstLoad=false&brand=Realme&page=8&start=280","Realme 5i Smartphone [32GB/ 3GB]","2.399.000","","","","Kota Malang"
"1777992137-1897","https://www.blibli.com/cari/hp%20realme?category=AN-1000001&category=HA-1000003&sort=0&intent=false&firstLoad=false&brand=Realme&page=8&start=280","Realme 7 Pro 8/128GB Smartphone [ Garansi Resmi REALME ]","7.500.000","5","Terjual 2","","Kota Balikpapan"
"1777992137-1898","https://www.blibli.com/cari/hp%20realme?category=AN-1000001&category=HA-1000003&sort=0&intent=false&firstLoad=false&brand=Realme&page=8&start=280","Realme C15 Smartphone [ 4GB-64GB ]","2.199.000","","","","Kota Balikpapan"
"1777992137-1899","https://www.blibli.com/cari/hp%20realme?category=AN-1000001&category=HA-1000003&sort=0&intent=false&firstLoad=false&brand=Realme&page=8&start=280","REALME C30s SMARTPHONE 3 + 32GB","1.399.000","","","","Kab. Bojonegoro"
"1777992137-1900","https://www.blibli.com/cari/hp%20realme?category=AN-1000001&category=HA-1000003&sort=0&intent=false&firstLoad=false&brand=Realme&page=8&start=280","Realme GT Neo 3 Smartphone 8GB/ 256GB","6.999.000","5","Terjual 1","","Kab. Bojonegoro"
"1777992137-1901","https://www.blibli.com/cari/hp%20realme?category=AN-1000001&category=HA-1000003&sort=0&intent=false&firstLoad=false&brand=Realme&page=8&start=280","REALME C51 4/64GB -SMARTPHONE","1.341.000","4","Terjual 3","","Kab. Bojonegoro"
"1777992137-1902","https://www.blibli.com/cari/hp%20realme?category=AN-1000001&category=HA-1000003&sort=0&intent=false&firstLoad=false&brand=Realme&page=8&start=280","Realme C35 4/128Gb Smartphone","2.499.000","5","Terjual 12","","Kab. Bojonegoro"
"1777992137-1903","https://www.blibli.com/cari/hp%20realme?category=AN-1000001&category=HA-1000003&sort=0&intent=false&firstLoad=false&brand=Realme&page=8&start=280","REALME C53 8/256GB -SMARTPHONE","2.252.000","","","","Kab. Tuban"
"1777992137-1904","https://www.blibli.com/cari/hp%20realme?category=AN-1000001&category=HA-1000003&sort=0&intent=false&firstLoad=false&brand=Realme&page=8&start=280","REALME 11 8/256GB - SMARTPHONE","3.111.000","5","Terjual 1","","Kab. Bojonegoro"
"1777992137-1905","https://www.blibli.com/cari/hp%20realme?category=AN-1000001&category=HA-1000003&sort=0&intent=false&firstLoad=false&brand=Realme&page=8&start=280","REALME C67 8/256GB - SMARTPHONE","2.742.000","","","","Kab. Lamongan"
"1777992137-1906","https://www.blibli.com/cari/hp%20realme?category=AN-1000001&category=HA-1000003&sort=0&intent=false&firstLoad=false&brand=Realme&page=8&start=280","REALME 10 PRO+ 8/128GB - SMARTPHONE","5.999.000","","","","Kab. Bojonegoro"
"1777992137-1907","https://www.blibli.com/cari/hp%20realme?category=AN-1000001&category=HA-1000003&sort=0&intent=false&firstLoad=false&brand=Realme&page=8&start=280","Realme 9 8/128GB Smartphone","3.331.000","","","","Kab. Lamongan"
"1777992137-1908","https://www.blibli.com/cari/hp%20realme?category=AN-1000001&category=HA-1000003&sort=0&intent=false&firstLoad=false&brand=Realme&page=8&start=280","REALME C67 8/128GB -SMARTPHONE","2.350.000","","","","Kab. Lamongan"
"1777992137-1909","https://www.blibli.com/cari/hp%20realme?category=AN-1000001&category=HA-1000003&sort=0&intent=false&firstLoad=false&brand=Realme&page=8&start=280","REALME 11 PRO 5G - SMARTPHONE","4.242.000","","","","Kab. Bojonegoro"
"1777992137-1910","https://www.blibli.com/cari/hp%20realme?category=AN-1000001&category=HA-1000003&sort=0&intent=false&firstLoad=false&brand=Realme&page=8&start=280","Realme C35 4/64GB Smartphone","2.199.000","1","Terjual 3","","Kab. Lamongan"
"1777992137-1911","https://www.blibli.com/cari/hp%20realme?category=AN-1000001&category=HA-1000003&sort=0&intent=false&firstLoad=false&brand=Realme&page=8&start=280","Realme c30 4/64GB - Smartphone","1.699.000","","Terjual 2","","Kab. Lamongan"
"1777992137-1912","https://www.blibli.com/cari/hp%20realme?category=AN-1000001&category=HA-1000003&sort=0&intent=false&firstLoad=false&brand=Realme&page=8&start=280","REALME 13 PRO+ 12/256GB - SMARTPHONE","6.162.000","","","","Kab. Bojonegoro"
"1777992137-1913","https://www.blibli.com/cari/hp%20realme?category=AN-1000001&category=HA-1000003&sort=0&intent=false&firstLoad=false&brand=Realme&page=8&start=280","REALME 13 PRO 12/256GB - SMARTPHONE","5.740.000","","","","Kab. Bojonegoro"
"1777992137-1914","https://www.blibli.com/cari/hp%20realme?category=AN-1000001&category=HA-1000003&sort=0&intent=false&firstLoad=false&brand=Realme&page=8&start=280","REALME 13 8/128GB 8/256GB - SMARTPHONE","2.748.000","","","","Kab. Bojonegoro"
"1777992137-1915","https://www.blibli.com/cari/hp%20realme?category=AN-1000001&category=HA-1000003&sort=0&intent=false&firstLoad=false&brand=Realme&page=8&start=280","Realme 9 Pro 5G [8GB/128GB] Smartphone","3.999.000","","Terjual 1","","Kab. Lamongan"
"1777992137-1916","https://www.blibli.com/cari/hp%20realme?category=AN-1000001&category=HA-1000003&sort=0&intent=false&firstLoad=false&brand=Realme&page=8&start=280","REALME C51S 6/128GB - SMARTPHONE","1.592.000","","Terjual 3","","Kab. Tuban"
"1777992137-1917","https://www.blibli.com/cari/hp%20realme?category=AN-1000001&category=HA-1000003&sort=0&intent=false&firstLoad=false&brand=Realme&page=8&start=280","Realme 9i [6GB/128GB] - Smartphone","2.999.000","","","","Kab. Lamongan"
"1777992137-1918","https://www.blibli.com/cari/hp%20realme?category=AN-1000001&category=HA-1000003&sort=0&intent=false&firstLoad=false&brand=Realme&page=8&start=280","REALME C63 6/128GB 8/128GB - SMARTPHONE","1.900.000","","","","Kab. Bojonegoro"
"1777992137-1919","https://www.blibli.com/cari/hp%20realme?category=AN-1000001&category=HA-1000003&sort=0&intent=false&firstLoad=false&brand=Realme&page=8&start=280","REALME 13 PLUS 5G 12/256 - SMARTPHONE","3.640.000","","","","Kab. Bojonegoro"
"1777992137-1920","https://www.blibli.com/cari/hp%20realme?category=AN-1000001&category=HA-1000003&sort=0&intent=false&firstLoad=false&brand=Realme&page=8&start=280","REALME 12+ 5G 8/256GB - SMARTPHONE","4.114.000","","","","Kab. Tuban"
"1777992137-1921","https://www.blibli.com/cari/hp%20realme?category=AN-1000001&category=HA-1000003&sort=0&intent=false&firstLoad=false&brand=Realme&page=8&start=280","Realme C25Y [4GB/64GB] Smartphone","1.899.000","5","Terjual 3","","Kab. Lamongan"
"1777992137-1922","https://www.blibli.com/cari/hp%20realme?category=AN-1000001&category=HA-1000003&sort=0&intent=false&firstLoad=false&brand=Realme&page=8&start=280","REALME 11 PRO+5G 12/512GB - SMARTPHONE","6.087.000","","","","Kab. Bojonegoro"
"1777992137-1923","https://www.blibli.com/cari/hp%20realme?category=AN-1000001&category=HA-1000003&sort=0&intent=false&firstLoad=false&brand=Realme&page=8&start=280","REALME 12 5G 8/256GB - SMARTPHONE","3.232.000","","","","Kab. Bojonegoro"
"1777992137-1924","https://www.blibli.com/cari/hp%20realme?category=AN-1000001&category=HA-1000003&sort=0&intent=false&firstLoad=false&brand=Realme&page=8&start=280","Realme 9 Pro+ [5G] Smartphone 8GB/256GB","5.119.000","","","","Kab. Lamongan"
"1777992137-1925","https://www.blibli.com/cari/hp%20realme?category=AN-1000001&category=HA-1000003&sort=0&intent=false&firstLoad=false&brand=Realme&page=8&start=280","REALME C65 8/128GB 8/256GB - SMARTPHONE","2.138.000","","","","Kab. Bojonegoro"
"1777992137-1926","https://www.blibli.com/cari/hp%20realme?category=AN-1000001&category=HA-1000003&sort=0&intent=false&firstLoad=false&brand=Realme&page=8&start=280","REALME NOTE 50 3/64GB 4/64GB 4/128GB - SMARTPHONE","1.244.000","5","Terjual 2","","Kab. Bojonegoro"
"1777992137-1927","https://www.blibli.com/cari/hp%20realme?category=AN-1000001&category=HA-1000003&sort=0&intent=false&firstLoad=false&brand=Realme&page=8&start=280","REALME C11 2021 4/64GB","1.699.000","","","","Kota Malang"
"1777992137-1928","https://www.blibli.com/cari/hp%20realme?category=AN-1000001&category=HA-1000003&sort=0&intent=false&firstLoad=false&brand=Realme&page=8&start=280","Realme C65 (RAM 8GB, ROM 128/256GB, Helio G85, Fast Charging 45W)","2.399.000","","","","Kota Malang"
"1777992137-1929","https://www.blibli.com/cari/hp%20realme?category=AN-1000001&category=HA-1000003&sort=0&intent=false&firstLoad=false&brand=Realme&page=8&start=280","Realme C35 4/128gb","2.499.000","","","","Kota Malang"
"1777992137-1930","https://www.blibli.com/cari/hp%20realme?category=AN-1000001&category=HA-1000003&sort=0&intent=false&firstLoad=false&brand=Realme&page=8&start=280","REALME NOTE 60 4/64 GARANSI RESMI","1.485.000","","Terjual 26","","Kota Surabaya"
"1777992137-1931","https://www.blibli.com/cari/hp%20realme?category=AN-1000001&category=HA-1000003&sort=0&intent=false&firstLoad=false&brand=Realme&page=8&start=280","realme c11 ram4/64gb smartphone handphone hape hp","1.699.000","","","","Kab. Jember"
"1777992137-1932","https://www.blibli.com/cari/hp%20realme?category=AN-1000001&category=HA-1000003&sort=0&intent=false&firstLoad=false&brand=Realme&page=8&start=280","REALME 8 PRO RAM 8/128GB GARANSI RESMI","4.299.000","","","","Kab. Batang"
"1777992615-1933","https://www.blibli.com/cari/hp%20realme?category=AN-1000001&category=HA-1000003&sort=0&intent=false&firstLoad=false&brand=Realme&page=7&start=240","HP Realme 16 Pro+ Ram 12GB Internal 512GB Garansi Resmi","8.954.005","","","Kota Pekanbaru","wwponsel_hangtuah Flagship Store"
"1777992615-1934","https://www.blibli.com/cari/hp%20realme?category=AN-1000001&category=HA-1000003&sort=0&intent=false&firstLoad=false&brand=Realme&page=7&start=240","HP Realme 16 Pro Ram 12GB Internal 256GB Garansi Resmi","6.964.005","","","Kota Pekanbaru","wwponsel_hangtuah Flagship Store"
"1777992615-1935","https://www.blibli.com/cari/hp%20realme?category=AN-1000001&category=HA-1000003&sort=0&intent=false&firstLoad=false&brand=Realme&page=7&start=240","REALME 15 8/256","4.999.000","","","","Kota Surabaya & kota lainnya"
"1777992615-1936","https://www.blibli.com/cari/hp%20realme?category=AN-1000001&category=HA-1000003&sort=0&intent=false&firstLoad=false&brand=Realme&page=7&start=240","Hp Realme C71 Ram 8GB Internal 128GB Garansi Resmi","2.486.505","","","Kota Pekanbaru","wwponsel_hangtuah Flagship Store"
"1777992615-1937","https://www.blibli.com/cari/hp%20realme?category=AN-1000001&category=HA-1000003&sort=0&intent=false&firstLoad=false&brand=Realme&page=7&start=240","Hp Realme Narzo 50A RAM 4GB Internal 128GB Garansi Resmi","2.586.005","","","Kota Pekanbaru","wwponsel_hangtuah Flagship Store"
"1777992615-1938","https://www.blibli.com/cari/hp%20realme?category=AN-1000001&category=HA-1000003&sort=0&intent=false&firstLoad=false&brand=Realme&page=7&start=240","Hp Realme C30s Ram 3GB Internal 32GB Garansi Resmi","1.392.005","","","Kota Pekanbaru","wwponsel_hangtuah Flagship Store"
"1777992615-1939","https://www.blibli.com/cari/hp%20realme?category=AN-1000001&category=HA-1000003&sort=0&intent=false&firstLoad=false&brand=Realme&page=7&start=240","Hp Realme 9 Pro 5G Ram 6GB Internal 128GB Garansi Resmi","3.780.005","","","Kota Pekanbaru","wwponsel_hangtuah Flagship Store"
"1777992615-1940","https://www.blibli.com/cari/hp%20realme?category=AN-1000001&category=HA-1000003&sort=0&intent=false&firstLoad=false&brand=Realme&page=7&start=240","Hp Realme C33 Ram 4GB + Extended 4GB Internal 128GB Garansi Resmi","2.088.505","","","Kota Pekanbaru","wwponsel_hangtuah Flagship Store"
"1777992615-1941","https://www.blibli.com/cari/hp%20realme?category=AN-1000001&category=HA-1000003&sort=0&intent=false&firstLoad=false&brand=Realme&page=7&start=240","Hp Realme 12 5G Ram 8GB + Extended 8GB Internal 256GB Garansi Resmi","3.680.505","","Terjual 1","Kota Pekanbaru","wwponsel_hangtuah Flagship Store"
"1777992615-1942","https://www.blibli.com/cari/hp%20realme?category=AN-1000001&category=HA-1000003&sort=0&intent=false&firstLoad=false&brand=Realme&page=7&start=240","HP RERALME C25Y 4/64GB","1.899.000","","Terjual 3","","Kota Surabaya"
"1777992615-1943","https://www.blibli.com/cari/hp%20realme?category=AN-1000001&category=HA-1000003&sort=0&intent=false&firstLoad=false&brand=Realme&page=7&start=240","Realme C15 Smartphone [ 4GB-64GB ]","2.099.000","","Terjual 31","","Kota Surabaya"
"1777992615-1944","https://www.blibli.com/cari/hp%20realme?category=AN-1000001&category=HA-1000003&sort=0&intent=false&firstLoad=false&brand=Realme&page=7&start=240","REALME 8 HANDPHONE RAM 8/128","3.299.000","","","","Kota Surabaya"
"1777992615-1945","https://www.blibli.com/cari/hp%20realme?category=AN-1000001&category=HA-1000003&sort=0&intent=false&firstLoad=false&brand=Realme&page=7&start=240","Realme X3 SuperZoom Smartphone [256 GB/12 GB]","6.999.000","","Terjual 3","","Kota Surabaya"
"1777992615-1946","https://www.blibli.com/cari/hp%20realme?category=AN-1000001&category=HA-1000003&sort=0&intent=false&firstLoad=false&brand=Realme&page=7&start=240","hp realme","1.200.000","","","","Kota Makassar & kota lainnya"
"1777992615-1947","https://www.blibli.com/cari/hp%20realme?category=AN-1000001&category=HA-1000003&sort=0&intent=false&firstLoad=false&brand=Realme&page=7&start=240","Realme C31 Handphone 3GB/32GB","1.549.000","","","","Kota Surabaya"
"1777992615-1948","https://www.blibli.com/cari/hp%20realme?category=AN-1000001&category=HA-1000003&sort=0&intent=false&firstLoad=false&brand=Realme&page=7&start=240","Realme C15 Smartphone [ 4GB-64GB ]","2.199.000","","Terjual 43","","Kota Surabaya"
"1777992615-1949","https://www.blibli.com/cari/hp%20realme?category=AN-1000001&category=HA-1000003&sort=0&intent=false&firstLoad=false&brand=Realme&page=7&start=240","REALME 10 8/128 GARANSI RESMI REALME","2.850.000","","","","Kota Surabaya"
"1777992615-1950","https://www.blibli.com/cari/hp%20realme?category=AN-1000001&category=HA-1000003&sort=0&intent=false&firstLoad=false&brand=Realme&page=7&start=240","REALME C30S GARANSI RESMI REALME","1.300.000","","","","Kota Surabaya"
"1777992615-1951","https://www.blibli.com/cari/hp%20realme?category=AN-1000001&category=HA-1000003&sort=0&intent=false&firstLoad=false&brand=Realme&page=7&start=240","REALME 11 NFC 8/256 GARANSI RESMI","3.125.000","","","","Kota Surabaya"
"1777992615-1952","https://www.blibli.com/cari/hp%20realme?category=AN-1000001&category=HA-1000003&sort=0&intent=false&firstLoad=false&brand=Realme&page=7&start=240","REALME C85 PRO 8/128","2.999.000","","","","Kota Surabaya & kota lainnya"
"1777992615-1953","https://www.blibli.com/cari/hp%20realme?category=AN-1000001&category=HA-1000003&sort=0&intent=false&firstLoad=false&brand=Realme&page=7&start=240","Realme Narzo 5A 4/128 - Garansi Resmi Realme Indonesia","2.299.000","","","","Kota Surabaya"
"1777992615-1954","https://www.blibli.com/cari/hp%20realme?category=AN-1000001&category=HA-1000003&sort=0&intent=false&firstLoad=false&brand=Realme&page=7&start=240","Realme Note 50 Ram 4GB Rom 64GB","989.000","","Terjual 2","","Kota Surabaya"
"1777992615-1955","https://www.blibli.com/cari/hp%20realme?category=AN-1000001&category=HA-1000003&sort=0&intent=false&firstLoad=false&brand=Realme&page=7&start=240","Realme C65 Ram 8GB Rom 128GB","1.689.000","","","","Kota Surabaya"
"1777992615-1956","https://www.blibli.com/cari/hp%20realme?category=AN-1000001&category=HA-1000003&sort=0&intent=false&firstLoad=false&brand=Realme&page=7&start=240","Realme C67 Ram 8GB Rom 128GB","1.989.000","","","","Kota Surabaya"
"1777992615-1957","https://www.blibli.com/cari/hp%20realme?category=AN-1000001&category=HA-1000003&sort=0&intent=false&firstLoad=false&brand=Realme&page=7&start=240","Realme 12 Plus 5G Ram 8GB Rom 256GB","2.989.000","","","","Kota Surabaya"
"1777992615-1958","https://www.blibli.com/cari/hp%20realme?category=AN-1000001&category=HA-1000003&sort=0&intent=false&firstLoad=false&brand=Realme&page=7&start=240","Realme 13 Ram 8GB Rom 256GB","2.989.000","","","","Kota Surabaya"
"1777992615-1959","https://www.blibli.com/cari/hp%20realme?category=AN-1000001&category=HA-1000003&sort=0&intent=false&firstLoad=false&brand=Realme&page=7&start=240","Realme GT 6 Ram 12G Rom 256GB","7.289.000","","","","Kota Surabaya"
"1777992615-1960","https://www.blibli.com/cari/hp%20realme?category=AN-1000001&category=HA-1000003&sort=0&intent=false&firstLoad=false&brand=Realme&page=7&start=240","Realme 14T 5G Ram 8GB Rom 256GB","2.689.000","","","","Kota Surabaya"
"1777992615-1961","https://www.blibli.com/cari/hp%20realme?category=AN-1000001&category=HA-1000003&sort=0&intent=false&firstLoad=false&brand=Realme&page=7&start=240","REALME C71 4/128","1.899.000","","","","Kota Surabaya & kota lainnya"
"1777992615-1962","https://www.blibli.com/cari/hp%20realme?category=AN-1000001&category=HA-1000003&sort=0&intent=false&firstLoad=false&brand=Realme&page=7&start=240","INFINIX HOT 60 PRO+ 8/128","2.799.000","","Terjual 1","","Kota Surabaya & kota lainnya"
"1777992615-1963","https://www.blibli.com/cari/hp%20realme?category=AN-1000001&category=HA-1000003&sort=0&intent=false&firstLoad=false&brand=Realme&page=7&start=240","Realme Narzo 50 5G Ram 6 Rom 128GB","3.089.000","","","","Kota Surabaya"
"1777992615-1964","https://www.blibli.com/cari/hp%20realme?category=AN-1000001&category=HA-1000003&sort=0&intent=false&firstLoad=false&brand=Realme&page=7&start=240","REALME C71 6/128","2.099.000","","","","Kota Surabaya & kota lainnya"
"1777992615-1965","https://www.blibli.com/cari/hp%20realme?category=AN-1000001&category=HA-1000003&sort=0&intent=false&firstLoad=false&brand=Realme&page=7&start=240","REALME C85 8/128","2.799.000","","","","Kota Surabaya & kota lainnya"
"1777992615-1966","https://www.blibli.com/cari/hp%20realme?category=AN-1000001&category=HA-1000003&sort=0&intent=false&firstLoad=false&brand=Realme&page=7&start=240","Realme Narzo 50 5G Ram 6 Rom 128GB","3.089.000","","","","Kota Surabaya"
"1777992615-1967","https://www.blibli.com/cari/hp%20realme?category=AN-1000001&category=HA-1000003&sort=0&intent=false&firstLoad=false&brand=Realme&page=7&start=240","REALME NOTE 70 4/128","1.599.000","","","","Kota Surabaya & kota lainnya"
"1777992615-1968","https://www.blibli.com/cari/hp%20realme?category=AN-1000001&category=HA-1000003&sort=0&intent=false&firstLoad=false&brand=Realme&page=7&start=240","Realme C85 Pro Ram 8 Rom 256GB","3.190.000","","","","Kota Surabaya"
"1777992615-1969","https://www.blibli.com/cari/hp%20realme?category=AN-1000001&category=HA-1000003&sort=0&intent=false&firstLoad=false&brand=Realme&page=7&start=240","Realme C51 Ram 4GB Rom 64GB","1.240.000","","","","Kota Surabaya"
"1777992615-1970","https://www.blibli.com/cari/hp%20realme?category=AN-1000001&category=HA-1000003&sort=0&intent=false&firstLoad=false&brand=Realme&page=7&start=240","Realme C51 Ram 4GB Rom 128GB","1.515.000","5","Terjual 1","","Kota Surabaya"
"1777992615-1971","https://www.blibli.com/cari/hp%20realme?category=AN-1000001&category=HA-1000003&sort=0&intent=false&firstLoad=false&brand=Realme&page=7&start=240","Realme C65 4G Ram 8 Rom 256GB","1.865.000","","","","Kota Surabaya"
"1777992615-1972","https://www.blibli.com/cari/hp%20realme?category=AN-1000001&category=HA-1000003&sort=0&intent=false&firstLoad=false&brand=Realme&page=7&start=240","Realme 12 Plus 5G Ram 12GB Rom 512GB","3.540.000","","","","Kota Surabaya"
"1777992615-1973","https://www.blibli.com/cari/hp%20realme?category=AN-1000001&category=HA-1000003&sort=0&intent=false&firstLoad=false&brand=Realme&page=7&start=240","Realme 13 Plus Ram 12GB Rom 256GB","3.589.000","","","","Kota Surabaya"
"1777992615-1974","https://www.blibli.com/cari/hp%20realme?category=AN-1000001&category=HA-1000003&sort=0&intent=false&firstLoad=false&brand=Realme&page=7&start=240","Realme 10 Pro Plus Ram 8GB Rom 128GB","3.640.000","","","","Kota Surabaya"
"1777992615-1975","https://www.blibli.com/cari/hp%20realme?category=AN-1000001&category=HA-1000003&sort=0&intent=false&firstLoad=false&brand=Realme&page=7&start=240","Realme 12 Pro Plus Ram 8GB Rom 256GB","4.689.000","","","","Kota Surabaya"
"1777992615-1976","https://www.blibli.com/cari/hp%20realme?category=AN-1000001&category=HA-1000003&sort=0&intent=false&firstLoad=false&brand=Realme&page=7&start=240","Realme 13 Pro Plus Ram 12GB Rom 512GB","5.889.000","","","","Kota Surabaya"
"1777992615-1977","https://www.blibli.com/cari/hp%20realme?category=AN-1000001&category=HA-1000003&sort=0&intent=false&firstLoad=false&brand=Realme&page=7&start=240","Realme Note 50 Ram 3GB Rom 64GB","1.040.000","","","","Kota Surabaya"
"1777992615-1978","https://www.blibli.com/cari/hp%20realme?category=AN-1000001&category=HA-1000003&sort=0&intent=false&firstLoad=false&brand=Realme&page=7&start=240","Realme 10 Ram 4GB Rom 128GB","2.039.000","","","","Kota Surabaya"
"1777992615-1979","https://www.blibli.com/cari/hp%20realme?category=AN-1000001&category=HA-1000003&sort=0&intent=false&firstLoad=false&brand=Realme&page=7&start=240","Realme 11 Pro 5G Ram 8GB Rom 256GB","3.389.000","","","","Kota Surabaya"
"1777992615-1980","https://www.blibli.com/cari/hp%20realme?category=AN-1000001&category=HA-1000003&sort=0&intent=false&firstLoad=false&brand=Realme&page=7&start=240","Realme 13 Pro 5G Ram 12GB Rom 256GB","4.189.000","","","","Kota Surabaya"
"1777992615-1981","https://www.blibli.com/cari/hp%20realme?category=AN-1000001&category=HA-1000003&sort=0&intent=false&firstLoad=false&brand=Realme&page=7&start=240","Realme C71 Ram 4GB Rom 128GB Segel Original","1.789.000","","","","Kota Surabaya"
"1777992615-1982","https://www.blibli.com/cari/hp%20realme?category=AN-1000001&category=HA-1000003&sort=0&intent=false&firstLoad=false&brand=Realme&page=7&start=240","Realme C71 Ram 6B Rom 128GB","2.089.000","","","","Kota Surabaya"
"1777992615-1983","https://www.blibli.com/cari/hp%20realme?category=AN-1000001&category=HA-1000003&sort=0&intent=false&firstLoad=false&brand=Realme&page=7&start=240","Realme 14T 5G Ram 8GB Rom 128GB","2.539.000","","","","Kota Surabaya"
"1777992615-1984","https://www.blibli.com/cari/hp%20realme?category=AN-1000001&category=HA-1000003&sort=0&intent=false&firstLoad=false&brand=Realme&page=7&start=240","Realme 14T 5G Ram 8GB Rom 128GB","3.189.000","","","","Kota Surabaya"
"1777992615-1985","https://www.blibli.com/cari/hp%20realme?category=AN-1000001&category=HA-1000003&sort=0&intent=false&firstLoad=false&brand=Realme&page=7&start=240","REALME C71 8/128","2.399.000","","","","Kota Surabaya & kota lainnya"
"1777992615-1986","https://www.blibli.com/cari/hp%20realme?category=AN-1000001&category=HA-1000003&sort=0&intent=false&firstLoad=false&brand=Realme&page=7&start=240","REALME C85 PRO 8/256","3.299.000","","","","Kota Surabaya & kota lainnya"
"1777992615-1987","https://www.blibli.com/cari/hp%20realme?category=AN-1000001&category=HA-1000003&sort=0&intent=false&firstLoad=false&brand=Realme&page=7&start=240","Realme GT Master 5G Ram 8 Rom 128GB","3.989.000","","","","Kota Surabaya"
"1777992615-1988","https://www.blibli.com/cari/hp%20realme?category=AN-1000001&category=HA-1000003&sort=0&intent=false&firstLoad=false&brand=Realme&page=7&start=240","Realme C30S Ram 3GB Rom 32GB","1.089.000","","","","Kota Surabaya"
"1777992615-1989","https://www.blibli.com/cari/hp%20realme?category=AN-1000001&category=HA-1000003&sort=0&intent=false&firstLoad=false&brand=Realme&page=7&start=240","Realme C63 Ram 6GB Rom 128GB","1.505.000","","","","Kota Surabaya"
"1777992615-1990","https://www.blibli.com/cari/hp%20realme?category=AN-1000001&category=HA-1000003&sort=0&intent=false&firstLoad=false&brand=Realme&page=7&start=240","Realme Note 60 Ram 6GB Rom 128GB","1.575.000","","","","Kota Surabaya"
"1777992615-1991","https://www.blibli.com/cari/hp%20realme?category=AN-1000001&category=HA-1000003&sort=0&intent=false&firstLoad=false&brand=Realme&page=7&start=240","Realme C75x Ram 8GB Rom 128GB","2.189.000","","","","Kota Surabaya"
"1777992615-1992","https://www.blibli.com/cari/hp%20realme?category=AN-1000001&category=HA-1000003&sort=0&intent=false&firstLoad=false&brand=Realme&page=7&start=240","Realme C67 Ram 8GB Rom 256GB","2.239.000","","","","Kota Surabaya"
"1777992615-1993","https://www.blibli.com/cari/hp%20realme?category=AN-1000001&category=HA-1000003&sort=0&intent=false&firstLoad=false&brand=Realme&page=7&start=240","Realme C75 Ram 8GB Rom 256GB","2.289.000","","","","Kota Surabaya"
"1777992615-1994","https://www.blibli.com/cari/hp%20realme?category=AN-1000001&category=HA-1000003&sort=0&intent=false&firstLoad=false&brand=Realme&page=7&start=240","Realme 11 Ram 8GB Rom 256GB","2.540.000","","","","Kota Surabaya"
"1777992615-1995","https://www.blibli.com/cari/hp%20realme?category=AN-1000001&category=HA-1000003&sort=0&intent=false&firstLoad=false&brand=Realme&page=7&start=240","Realme 12 Pro Plus 5G Ram 12GB Rom 512GB","5.989.000","","","","Kota Surabaya"
"1777992615-1996","https://www.blibli.com/cari/hp%20realme?category=AN-1000001&category=HA-1000003&sort=0&intent=false&firstLoad=false&brand=Realme&page=7&start=240","realme 16 pro 5g 12/256","6.300.000","","","","Kota Surabaya"
"1777992615-1997","https://www.blibli.com/cari/hp%20realme?category=AN-1000001&category=HA-1000003&sort=0&intent=false&firstLoad=false&brand=Realme&page=7&start=240","Realme C71 Ram 4 Rom 128GB","1.789.000","","","","Kota Surabaya"
"1777992615-1998","https://www.blibli.com/cari/hp%20realme?category=AN-1000001&category=HA-1000003&sort=0&intent=false&firstLoad=false&brand=Realme&page=7&start=240","Realme C75 Ram 8GB Rom 128GB","2.189.000","","","","Kota Surabaya"
"1777992615-1999","https://www.blibli.com/cari/hp%20realme?category=AN-1000001&category=HA-1000003&sort=0&intent=false&firstLoad=false&brand=Realme&page=7&start=240","Realme 12 5G Ram 8GB Rom 256GB","2.305.000","","","","Kota Surabaya"
"1777992615-2000","https://www.blibli.com/cari/hp%20realme?category=AN-1000001&category=HA-1000003&sort=0&intent=false&firstLoad=false&brand=Realme&page=7&start=240","REALME NOTE 70 4/64","1.499.000","","","","Kota Surabaya & kota lainnya"
"1777992615-2001","https://www.blibli.com/cari/hp%20realme?category=AN-1000001&category=HA-1000003&sort=0&intent=false&firstLoad=false&brand=Realme&page=7&start=240","Realme C65 Ram 8GB Rom 128GB","1.765.000","","","","Kota Surabaya"
"1777992615-2002","https://www.blibli.com/cari/hp%20realme?category=AN-1000001&category=HA-1000003&sort=0&intent=false&firstLoad=false&brand=Realme&page=7&start=240","Realme GT 6 Ram 12G Rom 256GB","7.289.000","","","","Kota Surabaya"
"1777992615-2003","https://www.blibli.com/cari/hp%20realme?category=AN-1000001&category=HA-1000003&sort=0&intent=false&firstLoad=false&brand=Realme&page=7&start=240","Infinix Note 10 Pro 8/128 - Garansi Resmi Infinix Indonesia","3.199.000","","","","Kota Surabaya"
"1777992615-2004","https://www.blibli.com/cari/hp%20realme?category=AN-1000001&category=HA-1000003&sort=0&intent=false&firstLoad=false&brand=Realme&page=7&start=240","Realme Note 50 Ram 4GB Rom 128GB","1.339.000","","","","Kota Surabaya"
"1777992615-2005","https://www.blibli.com/cari/hp%20realme?category=AN-1000001&category=HA-1000003&sort=0&intent=false&firstLoad=false&brand=Realme&page=7&start=240","realme 9i 4/64  Android Smartphone","2.699.000","","","","Kab. Sidoarjo"
"1777992615-2006","https://www.blibli.com/cari/hp%20realme?category=AN-1000001&category=HA-1000003&sort=0&intent=false&firstLoad=false&brand=Realme&page=7&start=240","realme c35 4/64 Android Smartphone","2.299.000","","","","Kab. Sidoarjo"
"1777992615-2007","https://www.blibli.com/cari/hp%20realme?category=AN-1000001&category=HA-1000003&sort=0&intent=false&firstLoad=false&brand=Realme&page=7&start=240","REALME C11 RAM 2/32GB GARANSI RESMI","1.349.000","","","","Kab. Sidoarjo"
"1777992615-2008","https://www.blibli.com/cari/hp%20realme?category=AN-1000001&category=HA-1000003&sort=0&intent=false&firstLoad=false&brand=Realme&page=7&start=240","REALME C11","1.350.000","","Terjual 49","","Kab. Sidoarjo & kota lainnya"
"1777992615-2009","https://www.blibli.com/cari/hp%20realme?category=AN-1000001&category=HA-1000003&sort=0&intent=false&firstLoad=false&brand=Realme&page=7&start=240","Realme C35 4/128","2.499.000","","","","Kab. Sidoarjo"
"1777992615-2010","https://www.blibli.com/cari/hp%20realme?category=AN-1000001&category=HA-1000003&sort=0&intent=false&firstLoad=false&brand=Realme&page=7&start=240","Realme C15 Smartphone [ 64GB / 4GB ] [ QUALCOM EDITION ]","2.235.000","","Terjual 2","","Kab. Sidoarjo"
"1777992615-2011","https://www.blibli.com/cari/hp%20realme?category=AN-1000001&category=HA-1000003&sort=0&intent=false&firstLoad=false&brand=Realme&page=7&start=240","realme 7 Pro 8/128GB smartphone","4.199.000","","Terjual 1","","Kab. Sidoarjo"
"1777992615-2012","https://www.blibli.com/cari/hp%20realme?category=AN-1000001&category=HA-1000003&sort=0&intent=false&firstLoad=false&brand=Realme&page=7&start=240","Realme 11 8/256 GB Smartphone Android Original Garansi Resmi","3.299.000","","","","Kab. Bangkalan"
"1777992615-2013","https://www.blibli.com/cari/hp%20realme?category=AN-1000001&category=HA-1000003&sort=0&intent=false&firstLoad=false&brand=Realme&page=7&start=240","Realme 8 8/128 GB Smartphone Android Original Garansi Resmi","3.299.000","","","","Kab. Bangkalan"
"1777992615-2014","https://www.blibli.com/cari/hp%20realme?category=AN-1000001&category=HA-1000003&sort=0&intent=false&firstLoad=false&brand=Realme&page=7&start=240","Realme 11 Pro 8/256 GB Smartphone Android Original Garansi Resmi","4.999.000","","","","Kab. Bangkalan"
"1777992615-2015","https://www.blibli.com/cari/hp%20realme?category=AN-1000001&category=HA-1000003&sort=0&intent=false&firstLoad=false&brand=Realme&page=7&start=240","REALME C35 RAM 4/128 GB GARANSI RESMI","2.550.000","","Terjual 5","","Kab. Sidoarjo"
"1777992615-2016","https://www.blibli.com/cari/hp%20realme?category=AN-1000001&category=HA-1000003&sort=0&intent=false&firstLoad=false&brand=Realme&page=7&start=240","REALME C11 RAM 2/32 GB GARANSI RESMI","1.377.000","","Terjual 1","","Kab. Sidoarjo"
"1777992615-2017","https://www.blibli.com/cari/hp%20realme?category=AN-1000001&category=HA-1000003&sort=0&intent=false&firstLoad=false&brand=Realme&page=7&start=240","Realme C55 Smartphone ( 8GB + 256GB ) Garansi Resmi","2.878.080","","Terjual 1","Kota Jakarta Pusat","Victorindo Flagship Store"
"1777992615-2018","https://www.blibli.com/cari/hp%20realme?category=AN-1000001&category=HA-1000003&sort=0&intent=false&firstLoad=false&brand=Realme&page=7&start=240","Realme C71 4/128 GB Garansi Resmi","1.979.000","","","Kota Jakarta Pusat","Gudang-hp.com Flagship Store"
"1777992615-2019","https://www.blibli.com/cari/hp%20realme?category=AN-1000001&category=HA-1000003&sort=0&intent=false&firstLoad=false&brand=Realme&page=7&start=240","Pre-order","3.353.000","","","Kota Jakarta Pusat","Gudang-hp.com Flagship Store"
"1777992615-2020","https://www.blibli.com/cari/hp%20realme?category=AN-1000001&category=HA-1000003&sort=0&intent=false&firstLoad=false&brand=Realme&page=7&start=240","Pre-order","3.737.000","","","Kota Jakarta Pusat","Gudang-hp.com Flagship Store"
"1777992615-2021","https://www.blibli.com/cari/hp%20realme?category=AN-1000001&category=HA-1000003&sort=0&intent=false&firstLoad=false&brand=Realme&page=7&start=240","Realme C85 Pro 8/256 GB Garansi Resmi","3.816.000","","Terjual 1","Kota Jakarta Pusat","Gudang-hp.com Flagship Store"
"1777992615-2022","https://www.blibli.com/cari/hp%20realme?category=AN-1000001&category=HA-1000003&sort=0&intent=false&firstLoad=false&brand=Realme&page=7&start=240","realme 16 Pro 5G 12GB+14GB|256GB| Dimensity 7300-Max 5G Chipset | 7000mAh Titan Battery + 80W Ultra Charge","7.054.999","","","Kota Batam","ATM MOBILE BATAM Flagship Store"
"1777992615-2023","https://www.blibli.com/cari/hp%20realme?category=AN-1000001&category=HA-1000003&sort=0&intent=false&firstLoad=false&brand=Realme&page=7&start=240","Hp Realme 10 Pro 5G 8/128 GB & 8/256 GB 108MP ProLight Camera 5000mAh","4.268.000","","","","Kota Madiun"
"1777992615-2024","https://www.blibli.com/cari/hp%20realme?category=AN-1000001&category=HA-1000003&sort=0&intent=false&firstLoad=false&brand=Realme&page=7&start=240","HP realme C25Y 4/64 (5000mAh Mega Battery, 50MP AI Triple Camera Powerful, Octa-core Processor)","2.400.000","5","Terjual 2","","Kota Jakarta Timur"
"1777992615-2025","https://www.blibli.com/cari/hp%20realme?category=AN-1000001&category=HA-1000003&sort=0&intent=false&firstLoad=false&brand=Realme&page=7&start=240","hp realme","4.500.000","","Terjual 5","","Kota Makassar"
"1777992615-2026","https://www.blibli.com/cari/hp%20realme?category=AN-1000001&category=HA-1000003&sort=0&intent=false&firstLoad=false&brand=Realme&page=7&start=240","HP REALME NARZO","5.000.000","","","","Kota Makassar"
"1777992615-2027","https://www.blibli.com/cari/hp%20realme?category=AN-1000001&category=HA-1000003&sort=0&intent=false&firstLoad=false&brand=Realme&page=7&start=240","Realme C71","1.899.000","","","","Kota Batam"
"1777992615-2028","https://www.blibli.com/cari/hp%20realme?category=AN-1000001&category=HA-1000003&sort=0&intent=false&firstLoad=false&brand=Realme&page=7&start=240","Realme C75 8/256GB Garansi Resmi","2.685.000","","","","Kota Kediri"
"1777992615-2029","https://www.blibli.com/cari/hp%20realme?category=AN-1000001&category=HA-1000003&sort=0&intent=false&firstLoad=false&brand=Realme&page=7&start=240","HP REALME NARZO 20","3.500.000","","Terjual 1","","Kota Makassar"
"1777992615-2030","https://www.blibli.com/cari/hp%20realme?category=AN-1000001&category=HA-1000003&sort=0&intent=false&firstLoad=false&brand=Realme&page=7&start=240","HP REALME NARZO 20","5.000.000","","Terjual 16","","Kota Makassar"
"1777992615-2031","https://www.blibli.com/cari/hp%20realme?category=AN-1000001&category=HA-1000003&sort=0&intent=false&firstLoad=false&brand=Realme&page=7&start=240","Realme C30s 4GB-64GB Smartphone Garansi resmi realme Indonesia","999.000","","Terjual 5","","Kota Jakarta Timur"
"1777992615-2032","https://www.blibli.com/cari/hp%20realme?category=AN-1000001&category=HA-1000003&sort=0&intent=false&firstLoad=false&brand=Realme&page=7&start=240","Realme C35 4/64GB smartphone","2.159.000","4,8","Terjual 312","","Kota Medan"
"1777992615-2033","https://www.blibli.com/cari/hp%20realme?category=AN-1000001&category=HA-1000003&sort=0&intent=false&firstLoad=false&brand=Realme&page=7&start=240","C11 2021 2/32GB Blue Hp Realme","1.349.000","","","","Kota Tasikmalaya"
"1777992615-2034","https://www.blibli.com/cari/hp%20realme?category=AN-1000001&category=HA-1000003&sort=0&intent=false&firstLoad=false&brand=Realme&page=7&start=240","C21Y 3/32GB Cross Black Hp Realme","1.599.000","","","","Kota Tasikmalaya"
"1777992615-2035","https://www.blibli.com/cari/hp%20realme?category=AN-1000001&category=HA-1000003&sort=0&intent=false&firstLoad=false&brand=Realme&page=7&start=240","REALME C35 Smartphone","2.299.000","5","Terjual 8","","Kota Medan"
"1777992615-2036","https://www.blibli.com/cari/hp%20realme?category=AN-1000001&category=HA-1000003&sort=0&intent=false&firstLoad=false&brand=Realme&page=7&start=240","realme C61 8/128 Garasi resmi realme Indonesia","1.649.000","","Terjual 1","","Kota Jakarta Timur"
"1777992615-2037","https://www.blibli.com/cari/hp%20realme?category=AN-1000001&category=HA-1000003&sort=0&intent=false&firstLoad=false&brand=Realme&page=7&start=240","Realme Note 60 6/128 Garasi resmi realme Indonesia","1.265.000","","Terjual 1","","Kota Jakarta Timur"
"1777992615-2038","https://www.blibli.com/cari/hp%20realme?category=AN-1000001&category=HA-1000003&sort=0&intent=false&firstLoad=false&brand=Realme&page=7&start=240","Realme Note 50 4GB-128GB Garansi resmi 1 tahun","1.240.000","","","","Kota Jakarta Timur"
"1777992615-2039","https://www.blibli.com/cari/hp%20realme?category=AN-1000001&category=HA-1000003&sort=0&intent=false&firstLoad=false&brand=Realme&page=7&start=240","Realme C65 NFC 8GB/256GB Garansi resmi realme Indonesia 1 tahun","2.200.000","","Terjual 4","","Kota Jakarta Timur"
"1777992615-2040","https://www.blibli.com/cari/hp%20realme?category=AN-1000001&category=HA-1000003&sort=0&intent=false&firstLoad=false&brand=Realme&page=7&start=240","Realme 10 8GB-256GB Garansi resmi 1 tahun","2.999.000","","","","Kota Jakarta Timur"
"1777992615-2041","https://www.blibli.com/cari/hp%20realme?category=AN-1000001&category=HA-1000003&sort=0&intent=false&firstLoad=false&brand=Realme&page=7&start=240","Realme 6 Smartphone [4GB/ 128GB]","3.499.000","","","","Kota Binjai"
"1777992615-2042","https://www.blibli.com/cari/hp%20realme?category=AN-1000001&category=HA-1000003&sort=0&intent=false&firstLoad=false&brand=Realme&page=7&start=240","Realme 6 Smartphone [128GB/ 8GB]","3.899.000","","","","Kota Binjai"
"1777992615-2043","https://www.blibli.com/cari/hp%20realme?category=AN-1000001&category=HA-1000003&sort=0&intent=false&firstLoad=false&brand=Realme&page=7&start=240","Realme C33 [3GB-32GB] Garansi resmi realme 1 Tahun","1.415.000","5","Terjual 1","","Kota Jakarta Timur"
"1777992615-2044","https://www.blibli.com/cari/hp%20realme?category=AN-1000001&category=HA-1000003&sort=0&intent=false&firstLoad=false&brand=Realme&page=7&start=240","Realme 8 NFC 8GB-128GB Garansi resmi 1 tahun","2.799.000","","","","Kota Jakarta Timur"
"1777992615-2045","https://www.blibli.com/cari/hp%20realme?category=AN-1000001&category=HA-1000003&sort=0&intent=false&firstLoad=false&brand=Realme&page=7&start=240","REALME NOTE 80 4GB/64GB 4GB/128GB - Garansi Resmi Nasional","2.045.000","","","","Kab. Deli Serdang"
"1777992615-2046","https://www.blibli.com/cari/hp%20realme?category=AN-1000001&category=HA-1000003&sort=0&intent=false&firstLoad=false&brand=Realme&page=7&start=240","Realme 10 8GB-128GB Garansi resmi 1 tahun","2.499.000","","Terjual 1","","Kota Jakarta Timur"
"1777992615-2047","https://www.blibli.com/cari/hp%20realme?category=AN-1000001&category=HA-1000003&sort=0&intent=false&firstLoad=false&brand=Realme&page=7&start=240","REALME C71 6300 mAh 4GB/128GB - 6GB/128GB - 8GB/128GB GARANSI RESMI","1.969.000","5","Terjual 3","","Kab. Deli Serdang"
"1777992615-2048","https://www.blibli.com/cari/hp%20realme?category=AN-1000001&category=HA-1000003&sort=0&intent=false&firstLoad=false&brand=Realme&page=7&start=240","Realme 12 5G 8GB-256GB Garansi resmi realme Indonesia","3.200.000","","Terjual 18","","Kota Jakarta Timur"
"1777992615-2049","https://www.blibli.com/cari/hp%20realme?category=AN-1000001&category=HA-1000003&sort=0&intent=false&firstLoad=false&brand=Realme&page=7&start=240","Realme 10 [8GB-256GB] Helio G99 AMOLED 90Hz Garansi resmi Realme Indonesia","2.999.000","","","","Kota Jakarta Timur"
"1777992615-2050","https://www.blibli.com/cari/hp%20realme?category=AN-1000001&category=HA-1000003&sort=0&intent=false&firstLoad=false&brand=Realme&page=7&start=240","Realme 6 Smartphone [4GB/ 128GB]","3.300.000","","","","Kab. Bekasi"
"1777992615-2051","https://www.blibli.com/cari/hp%20realme?category=AN-1000001&category=HA-1000003&sort=0&intent=false&firstLoad=false&brand=Realme&page=7&start=240","Realme XT Smartphone [8GB/ 128GB]","3.978.000","","","","Kota Tangerang Selatan"
"1777992615-2052","https://www.blibli.com/cari/hp%20realme?category=AN-1000001&category=HA-1000003&sort=0&intent=false&firstLoad=false&brand=Realme&page=7&start=240","realme 8 Smartphone [8GB/128GB]","3.600.000","","Terjual 31","","Kab. Bekasi"
"1777992615-2053","https://www.blibli.com/cari/hp%20realme?category=AN-1000001&category=HA-1000003&sort=0&intent=false&firstLoad=false&brand=Realme&page=7&start=240","Realme 6 Smartphone Android [8/ 128 GB]","3.800.000","","Terjual 3","","Kota Tangerang"
"1777992615-2054","https://www.blibli.com/cari/hp%20realme?category=AN-1000001&category=HA-1000003&sort=0&intent=false&firstLoad=false&brand=Realme&page=7&start=240","REALME 9 PRO + 8/256 GB SMARTPHONE GARANSI RESMI REALME","5.100.000","","Terjual 42","","Kota Bogor"
"1777992615-2055","https://www.blibli.com/cari/hp%20realme?category=AN-1000001&category=HA-1000003&sort=0&intent=false&firstLoad=false&brand=Realme&page=7&start=240","Hp Realme Narzo 50 Ram 4GB Internal 64GB Garansi Resmi","2.586.005","","","Kota Pekanbaru","wwponsel_hangtuah Flagship Store"
"1777992615-2056","https://www.blibli.com/cari/hp%20realme?category=AN-1000001&category=HA-1000003&sort=0&intent=false&firstLoad=false&brand=Realme&page=7&start=240","Realme C15 Smartphone [4GB/ 128GB]","2.190.000","","Terjual 7","","Kota Medan"
"1777992615-2057","https://www.blibli.com/cari/hp%20realme?category=AN-1000001&category=HA-1000003&sort=0&intent=false&firstLoad=false&brand=Realme&page=7&start=240","Realme C17 Smartphone [6GB/256GB]","2.799.000","5","Terjual 8","","Kota Medan"
"1777992615-2058","https://www.blibli.com/cari/hp%20realme?category=AN-1000001&category=HA-1000003&sort=0&intent=false&firstLoad=false&brand=Realme&page=7&start=240","IKA 10 8/256","3.599.000","","","","Kab. Jombang"
"1777992615-2059","https://www.blibli.com/cari/hp%20realme?category=AN-1000001&category=HA-1000003&sort=0&intent=false&firstLoad=false&brand=Realme&page=7&start=240","Hp Realme Narzo 50A Ram 4GB Internal 64GB Garansi Resmi","2.287.505","","","Kota Pekanbaru","wwponsel_hangtuah Flagship Store"
"1777992615-2060","https://www.blibli.com/cari/hp%20realme?category=AN-1000001&category=HA-1000003&sort=0&intent=false&firstLoad=false&brand=Realme&page=7&start=240","Hp Realme C85 Pro Ram 8GB Internal 128GB Garansi Resmi","3.979.005","","","Kota Pekanbaru","wwponsel_hangtuah Flagship Store"
"1777992615-2061","https://www.blibli.com/cari/hp%20realme?category=AN-1000001&category=HA-1000003&sort=0&intent=false&firstLoad=false&brand=Realme&page=7&start=240","Hp Realme 12+ 5G Ram 8GB Internal 256GB Garansi Resmi","4.178.005","","Terjual 1","Kota Pekanbaru","wwponsel_hangtuah Flagship Store"
"1777992615-2062","https://www.blibli.com/cari/hp%20realme?category=AN-1000001&category=HA-1000003&sort=0&intent=false&firstLoad=false&brand=Realme&page=7&start=240","HP Realme 16 5G Ram 8GB Internal 256GB Garansi Resmi","5.471.505","","","Kota Pekanbaru","wwponsel_hangtuah Flagship Store"
"1777992615-2063","https://www.blibli.com/cari/hp%20realme?category=AN-1000001&category=HA-1000003&sort=0&intent=false&firstLoad=false&brand=Realme&page=7&start=240","Realme C25 Smartphone [4GB-64GB]","2.299.000","","Terjual 1","","Kota Cimahi"
"1777992615-2064","https://www.blibli.com/cari/hp%20realme?category=AN-1000001&category=HA-1000003&sort=0&intent=false&firstLoad=false&brand=Realme&page=7&start=240","Realme 6 Pro Smartphone [8GB/ 128GB]","4.599.000","","","","Kab. Buleleng"
"1777992615-2065","https://www.blibli.com/cari/hp%20realme?category=AN-1000001&category=HA-1000003&sort=0&intent=false&firstLoad=false&brand=Realme&page=7&start=240","Realme C11 Smartphone [32GB/ 2GB]","1.300.000","","","","Kota Jakarta Pusat"
"1777992615-2066","https://www.blibli.com/cari/hp%20realme?category=AN-1000001&category=HA-1000003&sort=0&intent=false&firstLoad=false&brand=Realme&page=7&start=240","Realme 7i Smartphone [8GB/ 128GB]","3.199.000","","","","Kota Padang"
"1777992615-2067","https://www.blibli.com/cari/hp%20realme?category=AN-1000001&category=HA-1000003&sort=0&intent=false&firstLoad=false&brand=Realme&page=7&start=240","Realme C25 Smartphone [4GB-64GB]","2.300.000","","Terjual 17","","Kab. Bekasi"
"1777992615-2068","https://www.blibli.com/cari/hp%20realme?category=AN-1000001&category=HA-1000003&sort=0&intent=false&firstLoad=false&brand=Realme&page=7&start=240","Realme 5 Pro Smartphone [128GB/ 4GB]","2.999.000","","","","Kota Makassar"
"1777992615-2069","https://www.blibli.com/cari/hp%20realme?category=AN-1000001&category=HA-1000003&sort=0&intent=false&firstLoad=false&brand=Realme&page=7&start=240","Realme 6 Pro Smartphone [8GB/ 128GB]","4.599.000","","","","Kota Binjai"
"1777992615-2070","https://www.blibli.com/cari/hp%20realme?category=AN-1000001&category=HA-1000003&sort=0&intent=false&firstLoad=false&brand=Realme&page=7&start=240","HP Realme 16 5G Ram 12GB Internal 256GB Garansi Resmi","5.969.005","","","Kota Pekanbaru","wwponsel_hangtuah Flagship Store"
"1777992615-2071","https://www.blibli.com/cari/hp%20realme?category=AN-1000001&category=HA-1000003&sort=0&intent=false&firstLoad=false&brand=Realme&page=7&start=240","realme 8 Pro Smartphone [8GB/128GB]","4.299.000","","","","Kota Blitar"
"1777992615-2072","https://www.blibli.com/cari/hp%20realme?category=AN-1000001&category=HA-1000003&sort=0&intent=false&firstLoad=false&brand=Realme&page=7&start=240","Realme 7 Pro 8/128GB Smartphone [ Garansi Resmi REALME ]","4.098.000","","Terjual 10","","Kota Medan"
"1777992615-2073","https://www.blibli.com/cari/hp%20realme?category=AN-1000001&category=HA-1000003&sort=0&intent=false&firstLoad=false&brand=Realme&page=7&start=240","Hp Realme C30s Ram 4GB Internal 64GB Garansi Resmi","1.591.005","","","Kota Pekanbaru","wwponsel_hangtuah Flagship Store"
"1777992615-2074","https://www.blibli.com/cari/hp%20realme?category=AN-1000001&category=HA-1000003&sort=0&intent=false&firstLoad=false&brand=Realme&page=7&start=240","Hp Realme C85 4G Ram 8GB Internal 256GB Garansi Resmi","3.481.505","5","Terjual 1","Kota Pekanbaru","wwponsel_hangtuah Flagship Store"
"1777992615-2075","https://www.blibli.com/cari/hp%20realme?category=AN-1000001&category=HA-1000003&sort=0&intent=false&firstLoad=false&brand=Realme&page=7&start=240","Hp Realme 8 Pro RAM 8GB Internal 128GB NFC Garansi Resmi","3.083.505","","","Kota Pekanbaru","wwponsel_hangtuah Flagship Store"
"1777992615-2076","https://www.blibli.com/cari/hp%20realme?category=AN-1000001&category=HA-1000003&sort=0&intent=false&firstLoad=false&brand=Realme&page=7&start=240","Hp realme 10 pro 5G ram 8GB internal 256GB garansi resmi","3.979.005","","","Kota Pekanbaru","wwponsel_hangtuah Flagship Store"
"1777992615-2077","https://www.blibli.com/cari/hp%20realme?category=AN-1000001&category=HA-1000003&sort=0&intent=false&firstLoad=false&brand=Realme&page=7&start=240","Realme C15 Smartphone [ 4GB-64GB ]","1.000.000","","Terjual 2","","Kota Jakarta Barat"
"1777992615-2078","https://www.blibli.com/cari/hp%20realme?category=AN-1000001&category=HA-1000003&sort=0&intent=false&firstLoad=false&brand=Realme&page=7&start=240","Hp Realme C25Y Ram 4GB Internal 64GB Garansi resmi","1.999.900","","Terjual 1","Kota Pekanbaru","wwponsel_hangtuah Flagship Store"
"1777992615-2079","https://www.blibli.com/cari/hp%20realme?category=AN-1000001&category=HA-1000003&sort=0&intent=false&firstLoad=false&brand=Realme&page=7&start=240","Hp Realme C85 Pro Ram 8GB Internal 256GB Garansi Resmi","4.377.005","","","Kota Pekanbaru","wwponsel_hangtuah Flagship Store"
"1777992615-2080","https://www.blibli.com/cari/hp%20realme?category=AN-1000001&category=HA-1000003&sort=0&intent=false&firstLoad=false&brand=Realme&page=7&start=240","Realme C15 Smartphone [ 4GB-64GB ]","1.999.000","","","","Kab. Bekasi"
"1777992615-2081","https://www.blibli.com/cari/hp%20realme?category=AN-1000001&category=HA-1000003&sort=0&intent=false&firstLoad=false&brand=Realme&page=7&start=240","Realme C15 Smartphone [ 4GB-64GB ]","2.199.000","","","","Kota Jakarta Pusat"
"1777992615-2082","https://www.blibli.com/cari/hp%20realme?category=AN-1000001&category=HA-1000003&sort=0&intent=false&firstLoad=false&brand=Realme&page=7&start=240","Realme 7i Smartphone 8/128 Garansi Resmi 1 Tahun","3.200.000","","Terjual 3","","Kota Medan"
"1777992615-2083","https://www.blibli.com/cari/hp%20realme?category=AN-1000001&category=HA-1000003&sort=0&intent=false&firstLoad=false&brand=Realme&page=7&start=240","Realme C15 Smartphone [ 4GB-64GB ]","2.245.000","","Terjual 13","","Kota Tangerang"
"1777992615-2084","https://www.blibli.com/cari/hp%20realme?category=AN-1000001&category=HA-1000003&sort=0&intent=false&firstLoad=false&brand=Realme&page=7&start=240","Hp Realme C85 4G Ram 6GB Internal 128GB Garansi Resmi","2.884.505","","","Kota Pekanbaru","wwponsel_hangtuah Flagship Store"
"1777992615-2085","https://www.blibli.com/cari/hp%20realme?category=AN-1000001&category=HA-1000003&sort=0&intent=false&firstLoad=false&brand=Realme&page=7&start=240","Hp Realme C85 4G Ram 8GB Internal 128GB Garansi Resmi","3.083.505","","","Kota Pekanbaru","wwponsel_hangtuah Flagship Store"
"1777992615-2086","https://www.blibli.com/cari/hp%20realme?category=AN-1000001&category=HA-1000003&sort=0&intent=false&firstLoad=false&brand=Realme&page=7&start=240","Hp Realme Narzo 50 5G Ram 6GB Internal 128GB Garansi Resmi","3.382.005","","","Kota Pekanbaru","wwponsel_hangtuah Flagship Store"
"1777992615-2087","https://www.blibli.com/cari/hp%20realme?category=AN-1000001&category=HA-1000003&sort=0&intent=false&firstLoad=false&brand=Realme&page=7&start=240","Hp Realme 10 Pro 5G Ram 8GB Internal 128GB Garansi Resmi","3.581.005","","","Kota Pekanbaru","wwponsel_hangtuah Flagship Store"
"1777992615-2088","https://www.blibli.com/cari/hp%20realme?category=AN-1000001&category=HA-1000003&sort=0&intent=false&firstLoad=false&brand=Realme&page=7&start=240","realme X2 Pro Smartphone [256 GB/ 12 GB/ Official Store]","7.999.000","","Terjual 115","","Kota Bandung"
"1777992615-2089","https://www.blibli.com/cari/hp%20realme?category=AN-1000001&category=HA-1000003&sort=0&intent=false&firstLoad=false&brand=Realme&page=7&start=240","Realme C15 Smartphone Qualcomm Edition ( Ram 4GB / Rom 64GB )","2.099.000","","","","Kab. Purbalingga"
"1777992615-2090","https://www.blibli.com/cari/hp%20realme?category=AN-1000001&category=HA-1000003&sort=0&intent=false&firstLoad=false&brand=Realme&page=7&start=240","Hp Realme 9 Pro+ 5G Ram 8GB Internal 256GB Garansi Resmi","5.471.505","","","Kota Pekanbaru","wwponsel_hangtuah Flagship Store"
"1777992615-2091","https://www.blibli.com/cari/hp%20realme?category=AN-1000001&category=HA-1000003&sort=0&intent=false&firstLoad=false&brand=Realme&page=7&start=240","Hp realme 10 pro+ 5G ram 12GB internal 256GB garansi resmi","5.969.005","","","Kota Pekanbaru","wwponsel_hangtuah Flagship Store"
"1777992615-2092","https://www.blibli.com/cari/hp%20realme?category=AN-1000001&category=HA-1000003&sort=0&intent=false&firstLoad=false&brand=Realme&page=7&start=240","Realme C12 Smartphone [ 3GB / 32 GB ] - Garansi Resmi","1.899.000","","Terjual 1","","Kab. Jember"
"1777992615-2093","https://www.blibli.com/cari/hp%20realme?category=AN-1000001&category=HA-1000003&sort=0&intent=false&firstLoad=false&brand=Realme&page=7&start=240","Realme C12 Smartphone [ 3GB / 32 GB ] - Garansi Resmi","1.899.000","","Terjual 1","","Kota Jakarta Barat"
"1777992615-2094","https://www.blibli.com/cari/hp%20realme?category=AN-1000001&category=HA-1000003&sort=0&intent=false&firstLoad=false&brand=Realme&page=7&start=240","Hp Realme 10 8/128 GB dan 8/256 GB 50MP Kamera Color Al","3.038.000","","","","Kota Madiun"
"1777992615-2095","https://www.blibli.com/cari/hp%20realme?category=AN-1000001&category=HA-1000003&sort=0&intent=false&firstLoad=false&brand=Realme&page=7&start=240","Realme C15 Smartphone Qualcomm Edition ( Ram 4GB / Rom 64GB ) Marine Blue","2.099.000","","","","Kab. Purbalingga"
"1777992615-2096","https://www.blibli.com/cari/hp%20realme?category=AN-1000001&category=HA-1000003&sort=0&intent=false&firstLoad=false&brand=Realme&page=7&start=240","Realme C35 4/128Gb smartphone","2.500.000","5","Terjual 5","","Kota Medan"
"1777992615-2097","https://www.blibli.com/cari/hp%20realme?category=AN-1000001&category=HA-1000003&sort=0&intent=false&firstLoad=false&brand=Realme&page=7&start=240","Realme C35 4/64GB smartphone","2.249.000","","Terjual 3","","Kota Jayapura"
"1777992615-2098","https://www.blibli.com/cari/hp%20realme?category=AN-1000001&category=HA-1000003&sort=0&intent=false&firstLoad=false&brand=Realme&page=7&start=240","Realme 8 Pro 8/128gb smartphone","4.499.000","","Terjual 4","","Kota Palembang"
"1777992615-2099","https://www.blibli.com/cari/hp%20realme?category=AN-1000001&category=HA-1000003&sort=0&intent=false&firstLoad=false&brand=Realme&page=7&start=240","Realme C31 3/32GB smartphone","1.699.000","","","","Kab. Kepulauan Sangihe"
"1777992615-2100","https://www.blibli.com/cari/hp%20realme?category=AN-1000001&category=HA-1000003&sort=0&intent=false&firstLoad=false&brand=Realme&page=7&start=240","Realme C35 4/64GB smartphone","2.300.000","","","","Kota Medan"
"1777992615-2101","https://www.blibli.com/cari/hp%20realme?category=AN-1000001&category=HA-1000003&sort=0&intent=false&firstLoad=false&brand=Realme&page=7&start=240","Realme C35 4/64GB Smartphone Garansi Resmi","2.299.000","","","","Kota Cimahi"
"1777992615-2102","https://www.blibli.com/cari/hp%20realme?category=AN-1000001&category=HA-1000003&sort=0&intent=false&firstLoad=false&brand=Realme&page=7&start=240","Realme C35 4/128GB Smartphone Garansi Resmi","2.599.000","","Terjual 1","","Kota Cimahi"
"1777992615-2103","https://www.blibli.com/cari/hp%20realme?category=AN-1000001&category=HA-1000003&sort=0&intent=false&firstLoad=false&brand=Realme&page=7&start=240","Realme C35 4/64GB smartphone","2.699.000","","","","Kota Depok"
"1777992615-2104","https://www.blibli.com/cari/hp%20realme?category=AN-1000001&category=HA-1000003&sort=0&intent=false&firstLoad=false&brand=Realme&page=7&start=240","Realme C17 6/256gb Smartphone","2.799.000","","","","Kab. Sleman"
"1777992615-2105","https://www.blibli.com/cari/hp%20realme?category=AN-1000001&category=HA-1000003&sort=0&intent=false&firstLoad=false&brand=Realme&page=7&start=240","Realme 10 8/128GB Smartphone Garansi Resmi","3.199.000","","Terjual 1","","Kota Cimahi"
"1777992615-2106","https://www.blibli.com/cari/hp%20realme?category=AN-1000001&category=HA-1000003&sort=0&intent=false&firstLoad=false&brand=Realme&page=7&start=240","Realme X3 SuperZoom Smartphone [256 GB/12 GB]","7.999.000","","","","Kota Jakarta Barat"
"1777992615-2107","https://www.blibli.com/cari/hp%20realme?category=AN-1000001&category=HA-1000003&sort=0&intent=false&firstLoad=false&brand=Realme&page=7&start=240","Realme C33 3/32GB Smartphone Garansi Resmi","1.599.000","","","","Kota Cimahi"
"1777992615-2108","https://www.blibli.com/cari/hp%20realme?category=AN-1000001&category=HA-1000003&sort=0&intent=false&firstLoad=false&brand=Realme&page=7&start=240","Realme 9 Pro+ [5G] Smartphone 8GB/256GB","5.499.000","5","Terjual 2","","Kota Medan"
"1777992615-2109","https://www.blibli.com/cari/hp%20realme?category=AN-1000001&category=HA-1000003&sort=0&intent=false&firstLoad=false&brand=Realme&page=7&start=240","Realme X3 SuperZoom Smartphone [256 GB/12 GB]","7.999.000","","Terjual 14","","Kota Bogor"
"1777992615-2110","https://www.blibli.com/cari/hp%20realme?category=AN-1000001&category=HA-1000003&sort=0&intent=false&firstLoad=false&brand=Realme&page=7&start=240","Hp Realme C30S ram 3/32 GB dan 4/64 GB 5000mAh Massive Battery","1.338.000","","","","Kota Madiun"
"1777992615-2111","https://www.blibli.com/cari/hp%20realme?category=AN-1000001&category=HA-1000003&sort=0&intent=false&firstLoad=false&brand=Realme&page=7&start=240","REALME C85 5G RAM 8/256GB SMARTPHONE GARANSI RESMI","3.799.000","","","","Kota Palembang"
"1777992615-2112","https://www.blibli.com/cari/hp%20realme?category=AN-1000001&category=HA-1000003&sort=0&intent=false&firstLoad=false&brand=Realme&page=7&start=240","REALME 8 PRO 8GB / 128GB SMARTPHONE GARANSI INDONESIA RESMI R8 PRO","3.899.000","","","","Kota Palembang"
"1777992615-2113","https://www.blibli.com/cari/hp%20realme?category=AN-1000001&category=HA-1000003&sort=0&intent=false&firstLoad=false&brand=Realme&page=7&start=240","REALME C85 RAM 6/128GB - 8/128GB SMARTPHONE GARANSI RESMI","2.799.000","","","","Kota Palembang"
"1777992615-2114","https://www.blibli.com/cari/hp%20realme?category=AN-1000001&category=HA-1000003&sort=0&intent=false&firstLoad=false&brand=Realme&page=7&start=240","NEW REALME NARZO 50I GARANSI RESMI","1.499.000","","Terjual 1","","Kota Palembang"
"1777992615-2115","https://www.blibli.com/cari/hp%20realme?category=AN-1000001&category=HA-1000003&sort=0&intent=false&firstLoad=false&brand=Realme&page=7&start=240","c75x 8/128","2.200.000","","","","Kab. Semarang"
"1777992615-2116","https://www.blibli.com/cari/hp%20realme?category=AN-1000001&category=HA-1000003&sort=0&intent=false&firstLoad=false&brand=Realme&page=7&start=240","Pre-order","2.000.000","","Terjual 15","","Kota Pekanbaru"
"1777992615-2117","https://www.blibli.com/cari/hp%20realme?category=AN-1000001&category=HA-1000003&sort=0&intent=false&firstLoad=false&brand=Realme&page=7&start=240","REALME 11 PRO 8/256 WHITE","4.247.000","","Terjual 1","","Kab. Batang & kota lainnya"
"1777992615-2118","https://www.blibli.com/cari/hp%20realme?category=AN-1000001&category=HA-1000003&sort=0&intent=false&firstLoad=false&brand=Realme&page=7&start=240","Realme C75 (RAM 8GB, ROM 128/256GB, IP69 Waterproof, 6000 mAh)","2.399.000","5","Terjual 1","","Kota Malang"
"1777992615-2119","https://www.blibli.com/cari/hp%20realme?category=AN-1000001&category=HA-1000003&sort=0&intent=false&firstLoad=false&brand=Realme&page=7&start=240","Realme C85","2.599.000","","","","Kota Batam"
"1777992615-2120","https://www.blibli.com/cari/hp%20realme?category=AN-1000001&category=HA-1000003&sort=0&intent=false&firstLoad=false&brand=Realme&page=7&start=240","REALME 9 8/128GB","3.311.000","","","","Kab. Bandung"
"1777992615-2121","https://www.blibli.com/cari/hp%20realme?category=AN-1000001&category=HA-1000003&sort=0&intent=false&firstLoad=false&brand=Realme&page=7&start=240","Realme GT 7T 12/256 Garansi Resmi","6.999.000","","","","Kota Sukabumi"
"1777992615-2122","https://www.blibli.com/cari/hp%20realme?category=AN-1000001&category=HA-1000003&sort=0&intent=false&firstLoad=false&brand=Realme&page=7&start=240","REALME C11 2021","1.450.000","","Terjual 2","","Kab. Gresik"
"1777992615-2123","https://www.blibli.com/cari/hp%20realme?category=AN-1000001&category=HA-1000003&sort=0&intent=false&firstLoad=false&brand=Realme&page=7&start=240","REALME C55 NFC 6/128 GARANSI RESMI","2.320.000","","","","Kota Medan"
"1777992615-2124","https://www.blibli.com/cari/hp%20realme?category=AN-1000001&category=HA-1000003&sort=0&intent=false&firstLoad=false&brand=Realme&page=7&start=240","REALME 11 NFC RAM 16GB (8+8)/256GB","3.599.000","","","","Kab. Bogor"
"1777992615-2125","https://www.blibli.com/cari/hp%20realme?category=AN-1000001&category=HA-1000003&sort=0&intent=false&firstLoad=false&brand=Realme&page=7&start=240","Realme Note 70","1.499.000","","","","Kota Batam"
"1777992615-2126","https://www.blibli.com/cari/hp%20realme?category=AN-1000001&category=HA-1000003&sort=0&intent=false&firstLoad=false&brand=Realme&page=7&start=240","Realme C63 (RAM 6/8GB, ROM 128GB, 45W Quick Charge)","1.899.000","","","","Kota Malang"
"1777992615-2127","https://www.blibli.com/cari/hp%20realme?category=AN-1000001&category=HA-1000003&sort=0&intent=false&firstLoad=false&brand=Realme&page=7&start=240","Realme Note 80 4/64 - 4/128 BNIB Garansi Resmi Indonesia","1.860.515","","","","Kota Bandung"
"1777992615-2128","https://www.blibli.com/cari/hp%20realme?category=AN-1000001&category=HA-1000003&sort=0&intent=false&firstLoad=false&brand=Realme&page=7&start=240","Realme 16 Pro 12GB+256GB BNIB Garansi Resmi Indonesia","6.612.990","","","","Kota Bandung"
"1777992615-2129","https://www.blibli.com/cari/hp%20realme?category=AN-1000001&category=HA-1000003&sort=0&intent=false&firstLoad=false&brand=Realme&page=7&start=240","Realme 16 Pro Plus + Pro+ 12/512 BNIB Garansi Resmi Indonesia","8.754.215","","","","Kota Bandung"
"1777992615-2130","https://www.blibli.com/cari/hp%20realme?category=AN-1000001&category=HA-1000003&sort=0&intent=false&firstLoad=false&brand=Realme&page=7&start=240","REALME C11","1.900.000","4","Terjual 1","","Kota Surabaya"
"1777992615-2131","https://www.blibli.com/cari/hp%20realme?category=AN-1000001&category=HA-1000003&sort=0&intent=false&firstLoad=false&brand=Realme&page=7&start=240","REALME C11","1.350.000","","Terjual 3","","Kab. Indramayu"
"1777992615-2132","https://www.blibli.com/cari/hp%20realme?category=AN-1000001&category=HA-1000003&sort=0&intent=false&firstLoad=false&brand=Realme&page=7&start=240","REALME C11","1.499.000","","","","Kab. Blora"
"1777992615-2133","https://www.blibli.com/cari/hp%20realme?category=AN-1000001&category=HA-1000003&sort=0&intent=false&firstLoad=false&brand=Realme&page=7&start=240","realme narzo 50i prime","1.650.000","","","","Kab. Batang"
"1777992615-2134","https://www.blibli.com/cari/hp%20realme?category=AN-1000001&category=HA-1000003&sort=0&intent=false&firstLoad=false&brand=Realme&page=7&start=240","Realme 10 8/256GB","3.564.000","","","","Kota Medan"
"1777992615-2135","https://www.blibli.com/cari/hp%20realme?category=AN-1000001&category=HA-1000003&sort=0&intent=false&firstLoad=false&brand=Realme&page=7&start=240","REALME C55 RAM 8/256 INTERNAL 256 GB","2.647.000","","","","Kab. Batang"
"1777992615-2136","https://www.blibli.com/cari/hp%20realme?category=AN-1000001&category=HA-1000003&sort=0&intent=false&firstLoad=false&brand=Realme&page=7&start=240","Realme C71 8/128GB Garansi Resmi","2.295.000","","","","Kota Kediri"
"1777992615-2137","https://www.blibli.com/cari/hp%20realme?category=AN-1000001&category=HA-1000003&sort=0&intent=false&firstLoad=false&brand=Realme&page=7&start=240","Realme Note 80 4/64 - 4/128 BNIB Garansi Resmi Indonesia","1.860.515","","","","Kota Bandung"
"1777992615-2138","https://www.blibli.com/cari/hp%20realme?category=AN-1000001&category=HA-1000003&sort=0&intent=false&firstLoad=false&brand=Realme&page=7&start=240","Realme C35 4/128GB","2.899.000","","","","Kota Depok"
"1777992615-2139","https://www.blibli.com/cari/hp%20realme?category=AN-1000001&category=HA-1000003&sort=0&intent=false&firstLoad=false&brand=Realme&page=7&start=240","REALME C11","1.299.900","","","","Kab. Pemalang"
"1777992615-2140","https://www.blibli.com/cari/hp%20realme?category=AN-1000001&category=HA-1000003&sort=0&intent=false&firstLoad=false&brand=Realme&page=7&start=240","realme c35 6/64 gb termurah","2.115.000","","Terjual 1","","Kab. Batang"
"1777992615-2141","https://www.blibli.com/cari/hp%20realme?category=AN-1000001&category=HA-1000003&sort=0&intent=false&firstLoad=false&brand=Realme&page=7&start=240","REALME C11 4/64GB","2.099.000","","","","Kota Depok"
"1777992615-2142","https://www.blibli.com/cari/hp%20realme?category=AN-1000001&category=HA-1000003&sort=0&intent=false&firstLoad=false&brand=Realme&page=7&start=240","Realme C35 4/128","2.499.000","","","","Kota Makassar"
"1777992615-2143","https://www.blibli.com/cari/hp%20realme?category=AN-1000001&category=HA-1000003&sort=0&intent=false&firstLoad=false&brand=Realme&page=7&start=240","REALME C53 [6/128 GB] GARANSI RESMI","1.999.000","","","","Kota Makassar"
"1777992615-2144","https://www.blibli.com/cari/hp%20realme?category=AN-1000001&category=HA-1000003&sort=0&intent=false&firstLoad=false&brand=Realme&page=7&start=240","Realme C53 6/128 GB Garansi Resmi","2.200.000","","","","Kota Jakarta Timur"
"1777992615-2145","https://www.blibli.com/cari/hp%20realme?category=AN-1000001&category=HA-1000003&sort=0&intent=false&firstLoad=false&brand=Realme&page=7&start=240","REALME P3 Lite 4/128GB GARANSI RESMI REALME INDONESIA","2.299.000","","","","Kota Jakarta Utara"
"1777992615-2146","https://www.blibli.com/cari/hp%20realme?category=AN-1000001&category=HA-1000003&sort=0&intent=false&firstLoad=false&brand=Realme&page=7&start=240","REALME C11 2021 4/64GB","1.699.000","","","","Kota Palembang"
"1777992615-2147","https://www.blibli.com/cari/hp%20realme?category=AN-1000001&category=HA-1000003&sort=0&intent=false&firstLoad=false&brand=Realme&page=7&start=240","handphone realme","2.000.000","","Terjual 9","","Kab. Subang"
"1777992615-2148","https://www.blibli.com/cari/hp%20realme?category=AN-1000001&category=HA-1000003&sort=0&intent=false&firstLoad=false&brand=Realme&page=7&start=240","SMARTPHONE REALME C17 6/256GB","2.799.000","","","","Kota Palembang"
"1777992615-2149","https://www.blibli.com/cari/hp%20realme?category=AN-1000001&category=HA-1000003&sort=0&intent=false&firstLoad=false&brand=Realme&page=7&start=240","REALME Smartphone","3.000.000","","","","Kab. Banyuwangi"
"1777992615-2150","https://www.blibli.com/cari/hp%20realme?category=AN-1000001&category=HA-1000003&sort=0&intent=false&firstLoad=false&brand=Realme&page=7&start=240","HANDPHONE REALME C12 3/32GB GARANSI RESMI","1.900.000","","","","Kota Palembang"
"1777992615-2151","https://www.blibli.com/cari/hp%20realme?category=AN-1000001&category=HA-1000003&sort=0&intent=false&firstLoad=false&brand=Realme&page=7&start=240","REALME HANDPHONE R13","2.998.000","","","Kota Surabaya","UFO Elektronika dan Furniture Flagship Store"
"1777992615-2152","https://www.blibli.com/cari/hp%20realme?category=AN-1000001&category=HA-1000003&sort=0&intent=false&firstLoad=false&brand=Realme&page=7&start=240","Realme 8 Smartphone","3.490.000","","","","Kota Tangerang"
"1777992615-2153","https://www.blibli.com/cari/hp%20realme?category=AN-1000001&category=HA-1000003&sort=0&intent=false&firstLoad=false&brand=Realme&page=7&start=240","Realme 8 [8/128 GB] Smartphone Garansi Resmi Realme","3.599.000","","Terjual 1","","Kota Jakarta Selatan"
"1777992615-2154","https://www.blibli.com/cari/hp%20realme?category=AN-1000001&category=HA-1000003&sort=0&intent=false&firstLoad=false&brand=Realme&page=7&start=240","Realme C33 Handphone Android","1.799.000","","","","Kota Madiun"
"1777992615-2155","https://www.blibli.com/cari/hp%20realme?category=AN-1000001&category=HA-1000003&sort=0&intent=false&firstLoad=false&brand=Realme&page=7&start=240","REALME HANDPHONE NARZO 50 RAM 4/64 GB","2.648.000","","","Kota Surabaya","UFO Elektronika dan Furniture Flagship Store"
"1777992615-2156","https://www.blibli.com/cari/hp%20realme?category=AN-1000001&category=HA-1000003&sort=0&intent=false&firstLoad=false&brand=Realme&page=7&start=240","REALME 8i 6/128 GB SMARTPHONE GARANSI RESMI REALME","2.750.000","","Terjual 11","","Kota Bogor"
"1777992615-2157","https://www.blibli.com/cari/hp%20realme?category=AN-1000001&category=HA-1000003&sort=0&intent=false&firstLoad=false&brand=Realme&page=7&start=240","Realme Narzo 50A Prime [4GB-64GB] 5000mAh Battery 18W Quick Charge","1.399.000","5","Terjual 7","","Kota Jakarta Timur"
"1777992615-2158","https://www.blibli.com/cari/hp%20realme?category=AN-1000001&category=HA-1000003&sort=0&intent=false&firstLoad=false&brand=Realme&page=7&start=240","Realme Narzo 50A Prime [4GB-128GB] 5000mAh Battery 18W Quick Charge","1.599.000","5","Terjual 2","","Kota Jakarta Timur"
"1777992615-2159","https://www.blibli.com/cari/hp%20realme?category=AN-1000001&category=HA-1000003&sort=0&intent=false&firstLoad=false&brand=Realme&page=7&start=240","Realme C35 [4GB-64GB] 5000mAh Battery 50MP AI Triple Camera Garansi resmi","2.199.000","5","Terjual 7","","Kota Jakarta Timur"
"1777992615-2160","https://www.blibli.com/cari/hp%20realme?category=AN-1000001&category=HA-1000003&sort=0&intent=false&firstLoad=false&brand=Realme&page=7&start=240","Realme 9i 4GB-64GB Garansi resmi 1 tahun","2.299.000","","","","Kota Jakarta Timur"
"1777992615-2161","https://www.blibli.com/cari/hp%20realme?category=AN-1000001&category=HA-1000003&sort=0&intent=false&firstLoad=false&brand=Realme&page=7&start=240","Realme C85 4G 6GB/128GB 8GB/128 8GB/256GB - 7000mAh - IP69 - 144Hz - Garansi Resmi","2.861.000","","","","Kab. Deli Serdang"
"1777992615-2162","https://www.blibli.com/cari/hp%20realme?category=AN-1000001&category=HA-1000003&sort=0&intent=false&firstLoad=false&brand=Realme&page=7&start=240","REALME 14T 5G RAM 8GB/128GB | 8GB/256GB GARANSI RESMI","3.102.000","","","","Kab. Deli Serdang"
"1777992615-2163","https://www.blibli.com/cari/hp%20realme?category=AN-1000001&category=HA-1000003&sort=0&intent=false&firstLoad=false&brand=Realme&page=7&start=240","Realme C85 Pro 8GB/128GB 8GB/256GB - 7000mAh - Garansi Resmi","3.436.000","","","","Kab. Deli Serdang"
"1777992615-2164","https://www.blibli.com/cari/hp%20realme?category=AN-1000001&category=HA-1000003&sort=0&intent=false&firstLoad=false&brand=Realme&page=7&start=240","Realme 12 plus 5G 8GB-256GB Garansi resmi 1 tahun","3.999.000","","Terjual 18","","Kota Jakarta Timur"
"1777992615-2165","https://www.blibli.com/cari/hp%20realme?category=AN-1000001&category=HA-1000003&sort=0&intent=false&firstLoad=false&brand=Realme&page=7&start=240","Realme 12 Pro plus 12GB/512GB Garansi resmi realme Indonesia 1 tahun","5.150.000","","Terjual 97","","Kota Jakarta Timur"
"1777992615-2166","https://www.blibli.com/cari/hp%20realme?category=AN-1000001&category=HA-1000003&sort=0&intent=false&firstLoad=false&brand=Realme&page=7&start=240","Realme XT Smartphone [8GB/ 128GB]","4.399.000","","Terjual 1","","Kota Surabaya"
"1777992615-2167","https://www.blibli.com/cari/hp%20realme?category=AN-1000001&category=HA-1000003&sort=0&intent=false&firstLoad=false&brand=Realme&page=7&start=240","Realme C33 [4GB-64GB] 5000mAh Battery 50MP Camera Garansi resmi","1.410.000","","Terjual 1","","Kota Jakarta Timur"
"1777992615-2168","https://www.blibli.com/cari/hp%20realme?category=AN-1000001&category=HA-1000003&sort=0&intent=false&firstLoad=false&brand=Realme&page=7&start=240","Realme C67 NFC 8GB-256GB Garansi resmi 1 tahun","2.399.000","","Terjual 18","","Kota Jakarta Timur"
"1777992615-2169","https://www.blibli.com/cari/hp%20realme?category=AN-1000001&category=HA-1000003&sort=0&intent=false&firstLoad=false&brand=Realme&page=7&start=240","Realme C21Y [4GB-64GB] 6.5"" Display 5000mAh Battery","1.399.000","","Terjual 4","","Kota Jakarta Timur"
"1777992615-2170","https://www.blibli.com/cari/hp%20realme?category=AN-1000001&category=HA-1000003&sort=0&intent=false&firstLoad=false&brand=Realme&page=7&start=240","Realme C21 [3/32 GB] Smartphone Garansi Resmi Realme","1.649.000","","Terjual 5","","Kota Jakarta Selatan"
"1777992615-2171","https://www.blibli.com/cari/hp%20realme?category=AN-1000001&category=HA-1000003&sort=0&intent=false&firstLoad=false&brand=Realme&page=7&start=240","Realme C35 [4GB-128GB] 5000mAh Battery 50MP AI Triple Camera","2.499.000","5","Terjual 4","","Kota Jakarta Timur"
"1777992615-2172","https://www.blibli.com/cari/hp%20realme?category=AN-1000001&category=HA-1000003&sort=0&intent=false&firstLoad=false&brand=Realme&page=7&start=240","Realme 3 Smartphone [64 GB/ 4 GB]","2.264.970","","Terjual 1","","Kota Depok"
"1777992615-2173","https://www.blibli.com/cari/hp%20realme?category=AN-1000001&category=HA-1000003&sort=0&intent=false&firstLoad=false&brand=Realme&page=7&start=240","Realme 7 Smartphone [8GB/ 128GB]","3.699.000","","","","Kota Malang"
"1777992615-2174","https://www.blibli.com/cari/hp%20realme?category=AN-1000001&category=HA-1000003&sort=0&intent=false&firstLoad=false&brand=Realme&page=7&start=240","Realme 5 Smartphone [128 GB/ 4 GB]","2.699.000","","Terjual 4","","Kota Jakarta Pusat"
"1777992615-2175","https://www.blibli.com/cari/hp%20realme?category=AN-1000001&category=HA-1000003&sort=0&intent=false&firstLoad=false&brand=Realme&page=7&start=240","Realme 6 Smartphone Android [8/ 128 GB]","3.799.000","","Terjual 3","","Kota Medan"
"1777992615-2176","https://www.blibli.com/cari/hp%20realme?category=AN-1000001&category=HA-1000003&sort=0&intent=false&firstLoad=false&brand=Realme&page=7&start=240","REALME C11 Smartphone 2/32","1.349.000","","Terjual 2","","Kota Surabaya"
"1777992615-2177","https://www.blibli.com/cari/hp%20realme?category=AN-1000001&category=HA-1000003&sort=0&intent=false&firstLoad=false&brand=Realme&page=7&start=240","REALME C11 2021 2/32 GB SMARTPHONE GARANSI RESMI REALME","1.260.000","","Terjual 56","","Kota Bogor"
"1777992615-2178","https://www.blibli.com/cari/hp%20realme?category=AN-1000001&category=HA-1000003&sort=0&intent=false&firstLoad=false&brand=Realme&page=7&start=240","REALME C25Y 4/64 GB SMARTPHONE GARANSI RESMI REALME","1.799.000","","Terjual 71","","Kota Bogor"
"1777992615-2179","https://www.blibli.com/cari/hp%20realme?category=AN-1000001&category=HA-1000003&sort=0&intent=false&firstLoad=false&brand=Realme&page=7&start=240","Realme C21Y Smartphone","1.599.000","","","","Kota Surabaya"
"1777992615-2180","https://www.blibli.com/cari/hp%20realme?category=AN-1000001&category=HA-1000003&sort=0&intent=false&firstLoad=false&brand=Realme&page=7&start=240","Realme C30 Handphone Smartphone 4/64GB","1.535.000","","","Kota Surabaya","UFO Elektronika dan Furniture Flagship Store"
"1777992615-2181","https://www.blibli.com/cari/hp%20realme?category=AN-1000001&category=HA-1000003&sort=0&intent=false&firstLoad=false&brand=Realme&page=7&start=240","Realme 9","3.000.000","","","","Kota Medan"
"1777992615-2182","https://www.blibli.com/cari/hp%20realme?category=AN-1000001&category=HA-1000003&sort=0&intent=false&firstLoad=false&brand=Realme&page=7&start=240","Realme C11 Smartphone [2+32GB]","1.400.000","","Terjual 2","","Kota Medan"
"1777992615-2183","https://www.blibli.com/cari/hp%20realme?category=AN-1000001&category=HA-1000003&sort=0&intent=false&firstLoad=false&brand=Realme&page=7&start=240","Realme C11 Smartphone [2+32GB]","1.599.000","","Terjual 23","","Kota Surabaya"
"1777992615-2184","https://www.blibli.com/cari/hp%20realme?category=AN-1000001&category=HA-1000003&sort=0&intent=false&firstLoad=false&brand=Realme&page=7&start=240","REALME C11 SMARTPHONE RAM 4/64","1.699.000","","","","Kota Surabaya"
"1777992615-2185","https://www.blibli.com/cari/hp%20realme?category=AN-1000001&category=HA-1000003&sort=0&intent=false&firstLoad=false&brand=Realme&page=7&start=240","REALME 10 PRO+ SMARTPHONE 12+256GB","6.930.000","","","","Kota Medan"
"1777992615-2186","https://www.blibli.com/cari/hp%20realme?category=AN-1000001&category=HA-1000003&sort=0&intent=false&firstLoad=false&brand=Realme&page=7&start=240","Realme C11 Smartphone [32GB/ 2GB]","1.499.000","5","Terjual 31","","Kota Surabaya"
"1777992615-2187","https://www.blibli.com/cari/hp%20realme?category=AN-1000001&category=HA-1000003&sort=0&intent=false&firstLoad=false&brand=Realme&page=7&start=240","Realme C11 Smartphone [32GB/ 2GB]","1.599.000","","","","Kota Surabaya"
"1777992615-2188","https://www.blibli.com/cari/hp%20realme?category=AN-1000001&category=HA-1000003&sort=0&intent=false&firstLoad=false&brand=Realme&page=7&start=240","Realme C11 Smartphone [32GB/ 2GB]","1.600.000","","Terjual 7","","Kota Tangerang"
"1777992615-2189","https://www.blibli.com/cari/hp%20realme?category=AN-1000001&category=HA-1000003&sort=0&intent=false&firstLoad=false&brand=Realme&page=7&start=240","REALME C30 HANDPHONE RAM 4/64GB","1.658.000","","","","Kota Surabaya"
"1777992615-2190","https://www.blibli.com/cari/hp%20realme?category=AN-1000001&category=HA-1000003&sort=0&intent=false&firstLoad=false&brand=Realme&page=7&start=240","Realme 2 Pro Smartphone [64 GB/ 4 GB]","2.099.000","4,7","Terjual 7","","Kota Jakarta Pusat"
"1777992615-2191","https://www.blibli.com/cari/hp%20realme?category=AN-1000001&category=HA-1000003&sort=0&intent=false&firstLoad=false&brand=Realme&page=7&start=240","Realme C21 Smartphone [4GB-64GB]","2.099.000","","Terjual 7","","Kab. Tulungagung"
"1777992615-2192","https://www.blibli.com/cari/hp%20realme?category=AN-1000001&category=HA-1000003&sort=0&intent=false&firstLoad=false&brand=Realme&page=7&start=240","Realme C25 Smartphone [4GB-128GB]","2.299.000","5","Terjual 52","","Kota Jakarta Pusat"
"1777992615-2193","https://www.blibli.com/cari/hp%20realme?category=AN-1000001&category=HA-1000003&sort=0&intent=false&firstLoad=false&brand=Realme&page=7&start=240","Realme 3 Pro Smartphone [128GB/ 6GB]","2.999.000","","Terjual 9","","Kota Jakarta Pusat"
"1777992615-2194","https://www.blibli.com/cari/hp%20realme?category=AN-1000001&category=HA-1000003&sort=0&intent=false&firstLoad=false&brand=Realme&page=7&start=240","Realme 5 Pro Smartphone [4 GB/ 128 GB]","2.999.000","5","Terjual 1","","Kota Makassar"
"1777992615-2195","https://www.blibli.com/cari/hp%20realme?category=AN-1000001&category=HA-1000003&sort=0&intent=false&firstLoad=false&brand=Realme&page=7&start=240","Realme 2 Pro Smartphone [64 GB/ 6 GB]","3.399.000","","","","Kota Jakarta Pusat"
"1777992615-2196","https://www.blibli.com/cari/hp%20realme?category=AN-1000001&category=HA-1000003&sort=0&intent=false&firstLoad=false&brand=Realme&page=7&start=240","Realme C11 Smartphone [2+32GB]","1.499.000","5","Terjual 3","","Kota Surabaya"
"1777992615-2197","https://www.blibli.com/cari/hp%20realme?category=AN-1000001&category=HA-1000003&sort=0&intent=false&firstLoad=false&brand=Realme&page=7&start=240","Realme C11 Smartphone [2+32GB]","1.499.000","","","","Kota Jakarta Utara"
"1777992615-2198","https://www.blibli.com/cari/hp%20realme?category=AN-1000001&category=HA-1000003&sort=0&intent=false&firstLoad=false&brand=Realme&page=7&start=240","Realme C11 Smartphone [2+32GB]","1.503.060","","Terjual 1","","Kab. Cilacap"
"1777992615-2199","https://www.blibli.com/cari/hp%20realme?category=AN-1000001&category=HA-1000003&sort=0&intent=false&firstLoad=false&brand=Realme&page=7&start=240","Realme C30s 4/64","1.599.000","","","","Kab. Jombang"
"1777992615-2200","https://www.blibli.com/cari/hp%20realme?category=AN-1000001&category=HA-1000003&sort=0&intent=false&firstLoad=false&brand=Realme&page=7&start=240","IKA C55 6/128","2.499.000","","","","Kab. Jombang"
"1777992615-2201","https://www.blibli.com/cari/hp%20realme?category=AN-1000001&category=HA-1000003&sort=0&intent=false&firstLoad=false&brand=Realme&page=7&start=240","Realme C2 Smartphone [32 GB/2 GB]","1.599.000","","Terjual 4","","Kota Surabaya"
"1777992615-2202","https://www.blibli.com/cari/hp%20realme?category=AN-1000001&category=HA-1000003&sort=0&intent=false&firstLoad=false&brand=Realme&page=7&start=240","Realme C11 Smartphone [2 GB/32 GB]","1.600.000","","Terjual 31","","Kab. Bekasi"
"1777992615-2203","https://www.blibli.com/cari/hp%20realme?category=AN-1000001&category=HA-1000003&sort=0&intent=false&firstLoad=false&brand=Realme&page=7&start=240","Realme C2 Smartphone [32GB/ 3GB]","1.799.000","","Terjual 6","","Kota Surabaya"
"1777992615-2204","https://www.blibli.com/cari/hp%20realme?category=AN-1000001&category=HA-1000003&sort=0&intent=false&firstLoad=false&brand=Realme&page=7&start=240","Realme C25 Smartphone [4GB-128GB]","2.499.000","","","","Kota Surabaya"
"1777992615-2205","https://www.blibli.com/cari/hp%20realme?category=AN-1000001&category=HA-1000003&sort=0&intent=false&firstLoad=false&brand=Realme&page=7&start=240","Realme 2 Pro Smartphone [64 GB/ 6 GB]","3.000.000","","","","Kota Surabaya"
"1777992615-2206","https://www.blibli.com/cari/hp%20realme?category=AN-1000001&category=HA-1000003&sort=0&intent=false&firstLoad=false&brand=Realme&page=7&start=240","Realme 7i Smartphone [8GB/ 128GB]","3.199.000","","Terjual 4","","Kab. Sidoarjo"
"1777992615-2207","https://www.blibli.com/cari/hp%20realme?category=AN-1000001&category=HA-1000003&sort=0&intent=false&firstLoad=false&brand=Realme&page=7&start=240","Realme 6 Pro Smartphone [8GB/ 128GB]","4.800.000","","","","Kota Jakarta Timur"
"1777992615-2208","https://www.blibli.com/cari/hp%20realme?category=AN-1000001&category=HA-1000003&sort=0&intent=false&firstLoad=false&brand=Realme&page=7&start=240","Realme C21 Smartphone [3GB-32GB]","1.699.000","5","Terjual 1","","Kota Tangerang Selatan"
"1777992615-2209","https://www.blibli.com/cari/hp%20realme?category=AN-1000001&category=HA-1000003&sort=0&intent=false&firstLoad=false&brand=Realme&page=7&start=240","Realme C12 Smartphone [3GB- 32GB]","1.899.000","5","Terjual 26","","Kota Surabaya"
"1777992615-2210","https://www.blibli.com/cari/hp%20realme?category=AN-1000001&category=HA-1000003&sort=0&intent=false&firstLoad=false&brand=Realme&page=7&start=240","Realme C25 Smartphone [4GB-64GB]","2.299.000","","","","Kota Surabaya"
"1777992615-2211","https://www.blibli.com/cari/hp%20realme?category=AN-1000001&category=HA-1000003&sort=0&intent=false&firstLoad=false&brand=Realme&page=7&start=240","REALME 9i SMARTPHONE RAM 4/64 GB","2.585.000","","","","Kota Surabaya"
"1777992615-2212","https://www.blibli.com/cari/hp%20realme?category=AN-1000001&category=HA-1000003&sort=0&intent=false&firstLoad=false&brand=Realme&page=7&start=240","Realme 7i Smartphone [8GB/ 128GB]","3.199.000","","Terjual 9","","Kota Surabaya"
"1777992615-2213","https://www.blibli.com/cari/hp%20realme?category=AN-1000001&category=HA-1000003&sort=0&intent=false&firstLoad=false&brand=Realme&page=7&start=240","Realme 7i Smartphone [8GB/ 128GB]","3.199.000","","","","Kab. Sidoarjo"
"1777992615-2214","https://www.blibli.com/cari/hp%20realme?category=AN-1000001&category=HA-1000003&sort=0&intent=false&firstLoad=false&brand=Realme&page=7&start=240","REALME R9 SMARTPHONE RAM 8/128 GB","3.288.000","","","","Kota Surabaya"
"1777992615-2215","https://www.blibli.com/cari/hp%20realme?category=AN-1000001&category=HA-1000003&sort=0&intent=false&firstLoad=false&brand=Realme&page=7&start=240","Realme C3 Smartphone [3GB / 32GB]","1.899.000","","","","Kota Surabaya"
"1777992615-2216","https://www.blibli.com/cari/hp%20realme?category=AN-1000001&category=HA-1000003&sort=0&intent=false&firstLoad=false&brand=Realme&page=7&start=240","Realme C35 Handphone 4GB/64GB","2.245.000","","","","Kota Surabaya"
"1777992615-2217","https://www.blibli.com/cari/hp%20realme?category=AN-1000001&category=HA-1000003&sort=0&intent=false&firstLoad=false&brand=Realme&page=7&start=240","Realme C51 Smartphone Android Original Garansi Resmi","1.399.000","","","","Kab. Bangkalan"
"1777992615-2218","https://www.blibli.com/cari/hp%20realme?category=AN-1000001&category=HA-1000003&sort=0&intent=false&firstLoad=false&brand=Realme&page=7&start=240","Realme C11 Smartphone [32GB/ 2GB]","1.583.010","","Terjual 5","Kota Medan","SINERGY SELLULAR Flagship Store"
"1777992615-2219","https://www.blibli.com/cari/hp%20realme?category=AN-1000001&category=HA-1000003&sort=0&intent=false&firstLoad=false&brand=Realme&page=7&start=240","Realme C11 Smartphone [2 GB/32 GB]","1.599.000","","Terjual 32","","Kota Jakarta Pusat"
"1777992615-2220","https://www.blibli.com/cari/hp%20realme?category=AN-1000001&category=HA-1000003&sort=0&intent=false&firstLoad=false&brand=Realme&page=7&start=240","Realme C11 Smartphone [2 GB/32 GB]","1.599.000","","Terjual 9","","Kota Jakarta Barat"
"1777992615-2221","https://www.blibli.com/cari/hp%20realme?category=AN-1000001&category=HA-1000003&sort=0&intent=false&firstLoad=false&brand=Realme&page=7&start=240","Realme C25 Smartphone [4GB-64GB]","2.099.000","","","","Kab. Sidoarjo"
"1777992615-2222","https://www.blibli.com/cari/hp%20realme?category=AN-1000001&category=HA-1000003&sort=0&intent=false&firstLoad=false&brand=Realme&page=7&start=240","Realme C25 Smartphone [4GB-64GB]","2.299.000","5","Terjual 1","","Kota Tangerang Selatan"
"1777992615-2223","https://www.blibli.com/cari/hp%20realme?category=AN-1000001&category=HA-1000003&sort=0&intent=false&firstLoad=false&brand=Realme&page=7&start=240","Realme C17 Smartphone [6GB/256GB]","2.799.000","","Terjual 22","","Kota Surabaya"
"1777992615-2224","https://www.blibli.com/cari/hp%20realme?category=AN-1000001&category=HA-1000003&sort=0&intent=false&firstLoad=false&brand=Realme&page=7&start=240","Realme C15 Smartphone [ 4GB-64GB ]","2.199.000","","Terjual 7","","Kota Jakarta Pusat"
"1777992615-2225","https://www.blibli.com/cari/hp%20realme?category=AN-1000001&category=HA-1000003&sort=0&intent=false&firstLoad=false&brand=Realme&page=7&start=240","Realme C3 Smartphone [3GB / 32GB]","1.899.000","","Terjual 10","","Kota Jakarta Pusat"
"1777992615-2226","https://www.blibli.com/cari/hp%20realme?category=AN-1000001&category=HA-1000003&sort=0&intent=false&firstLoad=false&brand=Realme&page=7&start=240","Realme C3 Smartphone [3GB / 32GB]","1.900.000","5","Terjual 7","Kota Medan","SINERGY SELLULAR Flagship Store"
"1777992615-2227","https://www.blibli.com/cari/hp%20realme?category=AN-1000001&category=HA-1000003&sort=0&intent=false&firstLoad=false&brand=Realme&page=7&start=240","Realme C3 Smartphone [3GB / 32GB]","1.899.000","","","","Kota Binjai"
"1777992615-2228","https://www.blibli.com/cari/hp%20realme?category=AN-1000001&category=HA-1000003&sort=0&intent=false&firstLoad=false&brand=Realme&page=7&start=240","REALME C25S HANDPHONE RAM 4/128","1.949.000","","","","Kota Surabaya"
"1777992615-2229","https://www.blibli.com/cari/hp%20realme?category=AN-1000001&category=HA-1000003&sort=0&intent=false&firstLoad=false&brand=Realme&page=7&start=240","REALME C85 6/128 8/128 & 8/256 NEW GARANSI RESMI","2.599.000","5","Terjual 3","Kota Medan","TOKE HP Flagship Store"
"1777992615-2230","https://www.blibli.com/cari/hp%20realme?category=AN-1000001&category=HA-1000003&sort=0&intent=false&firstLoad=false&brand=Realme&page=7&start=240","REALME C85 PRO 8/128 & 8/256 NEW GARANSI RESMI","3.349.000","","","Kota Medan","TOKE HP Flagship Store"
"1777992615-2231","https://www.blibli.com/cari/hp%20realme?category=AN-1000001&category=HA-1000003&sort=0&intent=false&firstLoad=false&brand=Realme&page=7&start=240","Realme 6 Pro Smartphone [Original/128GB/8GB ]","4.599.000","","","","Kota Tangerang Selatan"
"1777992615-2232","https://www.blibli.com/cari/hp%20realme?category=AN-1000001&category=HA-1000003&sort=0&intent=false&firstLoad=false&brand=Realme&page=7&start=240","Realme C11 Smartphone [2GB/32GB/ Garansi Resmi]","1.599.000","","Terjual 3","","Kota Bandung"
"1777992615-2233","https://www.blibli.com/cari/hp%20realme?category=AN-1000001&category=HA-1000003&sort=0&intent=false&firstLoad=false&brand=Realme&page=7&start=240","REALME R9 PRO+ HANDPHONE RAM 8/256 5G","5.305.000","","","","Kota Surabaya"
"1777992615-2234","https://www.blibli.com/cari/hp%20realme?category=AN-1000001&category=HA-1000003&sort=0&intent=false&firstLoad=false&brand=Realme&page=7&start=240","Realme C11 Smartphone [ 3 + 32 Gb / Garansi Resmi Realme ]","1.849.000","","","","Kab. Bekasi"
"1777992615-2235","https://www.blibli.com/cari/hp%20realme?category=AN-1000001&category=HA-1000003&sort=0&intent=false&firstLoad=false&brand=Realme&page=7&start=240","Realme C55 Smartphone ( 6GB + 128GB ) Garansi Resmi","2.398.080","5","Terjual 1","Kota Jakarta Pusat","Victorindo Flagship Store"
"1777992615-2236","https://www.blibli.com/cari/hp%20realme?category=AN-1000001&category=HA-1000003&sort=0&intent=false&firstLoad=false&brand=Realme&page=7&start=240","Realme C12 Smartphone [ 3GB / 32 GB ] - Garansi Resmi","1.899.000","","","","Kota Bandung"
"1777992615-2237","https://www.blibli.com/cari/hp%20realme?category=AN-1000001&category=HA-1000003&sort=0&intent=false&firstLoad=false&brand=Realme&page=7&start=240","Realme C12 Smartphone [ 3GB / 32 GB ] - Garansi Resmi","1.899.000","","","","Kota Bekasi"
"1777992615-2238","https://www.blibli.com/cari/hp%20realme?category=AN-1000001&category=HA-1000003&sort=0&intent=false&firstLoad=false&brand=Realme&page=7&start=240","REALME C85 8/256 - 8/128 GB SMARTPHONE GARANSI RESMI REALME INDONESIA C85 6/128 GB - REALME C85","2.533.050","","Terjual 1","Kota Tangerang","STR Flagship Store"
"1777992615-2239","https://www.blibli.com/cari/hp%20realme?category=AN-1000001&category=HA-1000003&sort=0&intent=false&firstLoad=false&brand=Realme&page=7&start=240","Realme C12 Smartphone [ 3GB / 32GB ] - Garansi Resmi","1.862.000","5","Terjual 3","Kota Medan","SINERGY SELLULAR Flagship Store"
"1777992615-2240","https://www.blibli.com/cari/hp%20realme?category=AN-1000001&category=HA-1000003&sort=0&intent=false&firstLoad=false&brand=Realme&page=7&start=240","Realme C25Y Smartphone ( Ram 4GB / Rom 64GB ) Garansi Resmi","1.816.992","","","Kota Jakarta Pusat","Victorindo Flagship Store"
"1777992615-2241","https://www.blibli.com/cari/hp%20realme?category=AN-1000001&category=HA-1000003&sort=0&intent=false&firstLoad=false&brand=Realme&page=7&start=240","Realme 7 Pro 8/128GB  Smartphone","4.599.000","","","","Kota Tangerang Selatan"
"1777992615-2242","https://www.blibli.com/cari/hp%20realme?category=AN-1000001&category=HA-1000003&sort=0&intent=false&firstLoad=false&brand=Realme&page=7&start=240","Realme C31 3/32GB smartphone","1.600.000","","Terjual 1","","Kota Medan"
"1777992615-2243","https://www.blibli.com/cari/hp%20realme?category=AN-1000001&category=HA-1000003&sort=0&intent=false&firstLoad=false&brand=Realme&page=7&start=240","Realme X3 Superzoom 12-256 Smartphone","6.599.000","","","","Kota Tangerang Selatan"
"1777992615-2244","https://www.blibli.com/cari/hp%20realme?category=AN-1000001&category=HA-1000003&sort=0&intent=false&firstLoad=false&brand=Realme&page=7&start=240","realme c35 4/128 Android Smartphone","2.499.000","","","","Kab. Sidoarjo"
"1777992615-2245","https://www.blibli.com/cari/hp%20realme?category=AN-1000001&category=HA-1000003&sort=0&intent=false&firstLoad=false&brand=Realme&page=7&start=240","REALME C55 8/256 SMARTPHONE NEW GARANSI RESMI","2.999.000","","","","Kota Jakarta Pusat"
"1777992615-2246","https://www.blibli.com/cari/hp%20realme?category=AN-1000001&category=HA-1000003&sort=0&intent=false&firstLoad=false&brand=Realme&page=7&start=240","Realme C33 4/64GB Smartphone Garansi Resmi","1.799.000","","Terjual 2","","Kota Cimahi"
"1777992615-2247","https://www.blibli.com/cari/hp%20realme?category=AN-1000001&category=HA-1000003&sort=0&intent=false&firstLoad=false&brand=Realme&page=7&start=240","Realme X3 SuperZoom Smartphone [256 GB/12 GB]","7.300.000","","Terjual 49","","Kota Surabaya"
"1777992615-2248","https://www.blibli.com/cari/hp%20realme?category=AN-1000001&category=HA-1000003&sort=0&intent=false&firstLoad=false&brand=Realme&page=7&start=240","REALME 11 PRO PLUS RAM 12/512GB R11 SMARTPHONE GARANSI RESMI","6.948.000","","","Kota Surabaya","UFO Elektronika dan Furniture Flagship Store"
"1777992615-2249","https://www.blibli.com/cari/hp%20realme?category=AN-1000001&category=HA-1000003&sort=0&intent=false&firstLoad=false&brand=Realme&page=7&start=240","Realme C55 [ 6GB / 128GB ] Smartphone - Garansi Resmi","2.398.080","","","Kota Jakarta Pusat","Channel B Flagship Store"
"1777992615-2250","https://www.blibli.com/cari/hp%20realme?category=AN-1000001&category=HA-1000003&sort=0&intent=false&firstLoad=false&brand=Realme&page=7&start=240","REALME 11 NFC RAM 8GB DAN ROM 256GB Smartphone GARANSI RESMI INDONESIA","2.624.000","","","Kota Jakarta Timur","07Phone Flagship Store"
"1777992615-2251","https://www.blibli.com/cari/hp%20realme?category=AN-1000001&category=HA-1000003&sort=0&intent=false&firstLoad=false&brand=Realme&page=7&start=240","Realme C55 [ 8GB / 256GB ] Smartphone - Garansi Resmi","2.878.080","","","Kota Jakarta Pusat","Channel B Flagship Store"
"1777992615-2252","https://www.blibli.com/cari/hp%20realme?category=AN-1000001&category=HA-1000003&sort=0&intent=false&firstLoad=false&brand=Realme&page=7&start=240","REALME C85 8/256","2.999.000","","","","Kota Surabaya & kota lainnya"
"1777992615-2253","https://www.blibli.com/cari/hp%20realme?category=AN-1000001&category=HA-1000003&sort=0&intent=false&firstLoad=false&brand=Realme&page=7&start=240","Realme C71 8/128 GB Garansi Resmi","2.348.000","","Terjual 1","Kota Jakarta Pusat","Gudang-hp.com Flagship Store"
"1777992615-2254","https://www.blibli.com/cari/hp%20realme?category=AN-1000001&category=HA-1000003&sort=0&intent=false&firstLoad=false&brand=Realme&page=7&start=240","Realme C85 8/256 GB Garansi Resmi","3.332.000","","","Kota Jakarta Pusat","Gudang-hp.com Flagship Store"
"1777992615-2255","https://www.blibli.com/cari/hp%20realme?category=AN-1000001&category=HA-1000003&sort=0&intent=false&firstLoad=false&brand=Realme&page=7&start=240","Realme 16 Pro 5G 12/256 GB Garansi Resmi","6.674.000","","","Kota Jakarta Pusat","Gudang-hp.com Flagship Store"
"1777992615-2256","https://www.blibli.com/cari/hp%20realme?category=AN-1000001&category=HA-1000003&sort=0&intent=false&firstLoad=false&brand=Realme&page=7&start=240","Realme 16 Pro+ 5G 12/512 GB Garansi Resmi","8.569.000","","","Kota Jakarta Pusat","Gudang-hp.com Flagship Store"
"1777992615-2257","https://www.blibli.com/cari/hp%20realme?category=AN-1000001&category=HA-1000003&sort=0&intent=false&firstLoad=false&brand=Realme&page=7&start=240","Realme GT Master","4.999.000","","","","Kab. Karawang"
"1777992615-2258","https://www.blibli.com/cari/hp%20realme?category=AN-1000001&category=HA-1000003&sort=0&intent=false&firstLoad=false&brand=Realme&page=7&start=240","REALME 9 PRO+ / REALME 9 PRO PLUS 8/256GB GARANSI RESMI","5.499.000","","Terjual 9","","Kota Jakarta Pusat"
"1777992615-2259","https://www.blibli.com/cari/hp%20realme?category=AN-1000001&category=HA-1000003&sort=0&intent=false&firstLoad=false&brand=Realme&page=7&start=240","TECNO SPARK Go 3 4/64 GB - Garansi Resmi","1.446.900","","","Kota Jakarta Timur","Royal Makmur Flagship Store"
"1777992615-2260","https://www.blibli.com/cari/hp%20realme?category=AN-1000001&category=HA-1000003&sort=0&intent=false&firstLoad=false&brand=Realme&page=7&start=240","REALME C85 PRO 8/128GB | 8/256GB GARANSI RESMI REALME","3.299.000","","","","Kota Jakarta Utara"
"1777992615-2261","https://www.blibli.com/cari/hp%20realme?category=AN-1000001&category=HA-1000003&sort=0&intent=false&firstLoad=false&brand=Realme&page=7&start=240","Realme 7i 8/128 GB Garansi Resmi Realme","3.199.000","","","","Kota Jakarta Selatan"
"1777992615-2262","https://www.blibli.com/cari/hp%20realme?category=AN-1000001&category=HA-1000003&sort=0&intent=false&firstLoad=false&brand=Realme&page=7&start=240","Realme 16 5G 8GB+256GB BNIB Garansi Resmi Indonesia","5.307.365","","","","Kota Bandung"
"1777992615-2263","https://www.blibli.com/cari/hp%20realme?category=AN-1000001&category=HA-1000003&sort=0&intent=false&firstLoad=false&brand=Realme&page=7&start=240","Realme 16 5G 8/256 GB I 12/256 GB Garansi Resmi","5.248.000","","","Kota Jakarta Pusat","Gudang-hp.com Flagship Store"
"1777992615-2264","https://www.blibli.com/cari/hp%20realme?category=AN-1000001&category=HA-1000003&sort=0&intent=false&firstLoad=false&brand=Realme&page=7&start=240","REALME C11","1.399.000","5","Terjual 7","","Kab. Karawang"
"1777992615-2265","https://www.blibli.com/cari/hp%20realme?category=AN-1000001&category=HA-1000003&sort=0&intent=false&firstLoad=false&brand=Realme&page=7&start=240","Realme C85 6/128 GB Garansi Resmi","2.743.000","","","Kota Jakarta Pusat","Gudang-hp.com Flagship Store"
"1777992615-2266","https://www.blibli.com/cari/hp%20realme?category=AN-1000001&category=HA-1000003&sort=0&intent=false&firstLoad=false&brand=Realme&page=7&start=240","Realme C85 8/128 GB Garansi Resmi","2.943.000","","","Kota Jakarta Pusat","Gudang-hp.com Flagship Store"
"1777992615-2267","https://www.blibli.com/cari/hp%20realme?category=AN-1000001&category=HA-1000003&sort=0&intent=false&firstLoad=false&brand=Realme&page=7&start=240","REALME C11 RAM 4/64","1.700.000","","Terjual 26","","Kab. Bogor"
"1777992615-2268","https://www.blibli.com/cari/hp%20realme?category=AN-1000001&category=HA-1000003&sort=0&intent=false&firstLoad=false&brand=Realme&page=7&start=240","REALME C11 2021 RAM 4/64","1.699.000","","","","Kota Jakarta Barat"
"1777992615-2269","https://www.blibli.com/cari/hp%20realme?category=AN-1000001&category=HA-1000003&sort=0&intent=false&firstLoad=false&brand=Realme&page=7&start=240","Realme 15T 5G 8GB+256GB Blue BNIB Garansi Resmi Indonesia","3.999.000","","","","Kota Bandung"
"1777992615-2270","https://www.blibli.com/cari/hp%20realme?category=AN-1000001&category=HA-1000003&sort=0&intent=false&firstLoad=false&brand=Realme&page=7&start=240","Realme Note 80 4/64 GB I 4/128 GB Garansi Resmi","1.846.000","","","Kota Jakarta Pusat","Gudang-hp.com Flagship Store"
"1777992615-2271","https://www.blibli.com/cari/hp%20realme?category=AN-1000001&category=HA-1000003&sort=0&intent=false&firstLoad=false&brand=Realme&page=7&start=240","Realme C85 Pro 8/128 GB Garansi Resmi","3.522.000","","","Kota Jakarta Pusat","Gudang-hp.com Flagship Store"
"1777992615-2272","https://www.blibli.com/cari/hp%20realme?category=AN-1000001&category=HA-1000003&sort=0&intent=false&firstLoad=false&brand=Realme&page=7&start=240","REALME C71 4/128GB | 6/128GB | 8/128GB GARANSI RESMI REALME INDONESIA","1.749.000","","","","Kota Jakarta Utara"
"1777992615-2273","https://www.blibli.com/cari/hp%20realme?category=AN-1000001&category=HA-1000003&sort=0&intent=false&firstLoad=false&brand=Realme&page=7&start=240","REALME 14T 5G 8/128GB | 8/256GB GARANSI RESMI REALME INDONESIA","3.399.000","","","","Kota Jakarta Utara"
"1777992615-2274","https://www.blibli.com/cari/hp%20realme?category=AN-1000001&category=HA-1000003&sort=0&intent=false&firstLoad=false&brand=Realme&page=7&start=240","HP REALME C31 3/32","1.699.000","","","","Kab. Banyuwangi"
"1777992615-2275","https://www.blibli.com/cari/hp%20realme?category=AN-1000001&category=HA-1000003&sort=0&intent=false&firstLoad=false&brand=Realme&page=7&start=240","HP REALME NOTE50 4/64GB","1.335.000","","","","Kota Cirebon"
"1777992615-2276","https://www.blibli.com/cari/hp%20realme?category=AN-1000001&category=HA-1000003&sort=0&intent=false&firstLoad=false&brand=Realme&page=7&start=240","HP REALME NOTE50 4/128GB","1.533.000","","","","Kota Cirebon"
"1777992615-2277","https://www.blibli.com/cari/hp%20realme?category=AN-1000001&category=HA-1000003&sort=0&intent=false&firstLoad=false&brand=Realme&page=7&start=240","HP REALME C11 2/32 2021","1.315.000","","","","Kab. Banyuwangi"
"1777992615-2278","https://www.blibli.com/cari/hp%20realme?category=AN-1000001&category=HA-1000003&sort=0&intent=false&firstLoad=false&brand=Realme&page=7&start=240","HP REALME NARZO 4/64","2.499.000","","","","Kab. Banyuwangi"
"1777992615-2279","https://www.blibli.com/cari/hp%20realme?category=AN-1000001&category=HA-1000003&sort=0&intent=false&firstLoad=false&brand=Realme&page=7&start=240","HP REALME C35 4/128","2.399.000","","","","Kab. Banyuwangi"
"1777992615-2280","https://www.blibli.com/cari/hp%20realme?category=AN-1000001&category=HA-1000003&sort=0&intent=false&firstLoad=false&brand=Realme&page=7&start=240","HP REALME C25 4/128","2.299.000","","","","Kab. Banyuwangi"
"1777992615-2281","https://www.blibli.com/cari/hp%20realme?category=AN-1000001&category=HA-1000003&sort=0&intent=false&firstLoad=false&brand=Realme&page=7&start=240","HP REALME NARZO 50A 4/128","2.399.000","","","","Kab. Banyuwangi"
"1777992615-2282","https://www.blibli.com/cari/hp%20realme?category=AN-1000001&category=HA-1000003&sort=0&intent=false&firstLoad=false&brand=Realme&page=7&start=240","Realme C35 4/128","2.499.000","","","","Kab. Cilacap & kota lainnya"
"1777992615-2283","https://www.blibli.com/cari/hp%20realme?category=AN-1000001&category=HA-1000003&sort=0&intent=false&firstLoad=false&brand=Realme&page=7&start=240","Realme C11 Smartphone [2+32GB]","1.499.000","","","","Kab. Banyuwangi"
"1777992615-2284","https://www.blibli.com/cari/hp%20realme?category=AN-1000001&category=HA-1000003&sort=0&intent=false&firstLoad=false&brand=Realme&page=7&start=240","Realme 8 Pro Smartphone rom 128GB ram 8GB Garansi Resmi realme 1 tahun","3.999.000","","","","Kota Bekasi"
"1777992615-2285","https://www.blibli.com/cari/hp%20realme?category=AN-1000001&category=HA-1000003&sort=0&intent=false&firstLoad=false&brand=Realme&page=7&start=240","HP REALME C85 8/256GB","3.398.000","4","Terjual 4","Kab. Purworejo & kota lainnya","Telering Flagship Store"
"1777992615-2286","https://www.blibli.com/cari/hp%20realme?category=AN-1000001&category=HA-1000003&sort=0&intent=false&firstLoad=false&brand=Realme&page=7&start=240","HP REALME C85 PRO 8/256GB","4.398.000","","Terjual 5","Kab. Purworejo & kota lainnya","Telering Flagship Store"
"1777992615-2287","https://www.blibli.com/cari/hp%20realme?category=AN-1000001&category=HA-1000003&sort=0&intent=false&firstLoad=false&brand=Realme&page=7&start=240","HP REALME 14T 5G 8/128GB","3.398.000","5","Terjual 43","Kab. Kudus & kota lainnya","Telering Flagship Store"
"1777992615-2288","https://www.blibli.com/cari/hp%20realme?category=AN-1000001&category=HA-1000003&sort=0&intent=false&firstLoad=false&brand=Realme&page=7&start=240","HP REALME 16 5G8/256GB","5.498.000","","Terjual 1","Kab. Purworejo & kota lainnya","Telering Flagship Store"
"1777992615-2289","https://www.blibli.com/cari/hp%20realme?category=AN-1000001&category=HA-1000003&sort=0&intent=false&firstLoad=false&brand=Realme&page=7&start=240","HP REALME C85 PRO 8/128GB","3.998.000","5","Terjual 9","Kab. Purworejo & kota lainnya","Telering Flagship Store"
"1777992615-2290","https://www.blibli.com/cari/hp%20realme?category=AN-1000001&category=HA-1000003&sort=0&intent=false&firstLoad=false&brand=Realme&page=7&start=240","HP REALME 16 5G 8/256GB","5.498.000","","Terjual 1","Kab. Purworejo & kota lainnya","Telering - Samsung Flagship Store"
"1777992615-2291","https://www.blibli.com/cari/hp%20realme?category=AN-1000001&category=HA-1000003&sort=0&intent=false&firstLoad=false&brand=Realme&page=7&start=240","HP Realme 15 5G 8/256 PINK","4.998.000","","Terjual 5","Kab. Purworejo & kota lainnya","Telering Flagship Store"
"1777992615-2292","https://www.blibli.com/cari/hp%20realme?category=AN-1000001&category=HA-1000003&sort=0&intent=false&firstLoad=false&brand=Realme&page=7&start=240","HP REALME 13PRO+ 5G 12/512GB","4.599.000","5","Terjual 3","Kab. Wonosobo & kota lainnya","Telering Flagship Store"
