web_scraper_order,web_scraper_start_url,nama produk,harga,rating,jumlah terjual,lokasi penjual,nama toko
"1777282176-1","https://www.blibli.com/cari/laptop%20advan?brand=Advan&sort=0&category=LA-1000004&category=LA-1000005&intent=false&firstLoad=false&page=10&start=360","ADVAN Workplus AI Ryzen 7 225 8GB/512GB 14"" inch FHD+ 16:10 IPS Dual Cooling System Laptop Notebook Free Windows 11 Garansi Resmi 2 Tahun","9.779.000","","","Kota Bandung","Funan Van Java Flagship Store"
"1777282176-2","https://www.blibli.com/cari/laptop%20advan?brand=Advan&sort=0&category=LA-1000004&category=LA-1000005&intent=false&firstLoad=false&page=10&start=360","Advan Laptop 2 in 1 Evo-X 13""Inch Intel N100/12GB LPDDR5/512GB SSD/Intel UHD/WIN 11/1y/13"" 2.5K Touch/2.4G/5G WiFi/Metal Body/5000mAh/Stylus+Keyboard","7.499.000","","","Kota Bandung","Funan Van Java Flagship Store"
"1777282176-3","https://www.blibli.com/cari/laptop%20advan?brand=Advan&sort=0&category=LA-1000004&category=LA-1000005&intent=false&firstLoad=false&page=10&start=360","LAPTOP BARU ADVAN WORKPRO LITE INTEL CORE I3-1220P INTEL UHD RAM 8GB DDR4 SSD 256 14INCH FHD","4.613.370","","","","Kota Surabaya"
"1777282176-4","https://www.blibli.com/cari/laptop%20advan?brand=Advan&sort=0&category=LA-1000004&category=LA-1000005&intent=false&firstLoad=false&page=10&start=360","ADVAN Laptop WorkMate | AMD Ryzen 5 3500U / Intel i3-1215U | 14 Inch FHD+ 16:10 IPS | 8GB/256GB Upgradable | WIFI 5 | Garansi Resmi 1 Tahun","6.199.000","4,8","Terjual 47","Kab. Tangerang","Advan Laptop Flagship Store"
"1777282176-5","https://www.blibli.com/cari/laptop%20advan?brand=Advan&sort=0&category=LA-1000004&category=LA-1000005&intent=false&firstLoad=false&page=10&start=360","ADVAN Laptop Soulmate PLUS AMD RYZEN 5 3500U 8GB 256GB W11","4.375.000","","","","Kota Surabaya"
"1777282176-6","https://www.blibli.com/cari/laptop%20advan?brand=Advan&sort=0&category=LA-1000004&category=LA-1000005&intent=false&firstLoad=false&page=10&start=360","Laptop Advan 360 Go Ryzen Notebook Touchscreen New Original Garansi Resmi","5.639.000","","","Kota Bekasi & kota lainnya","CA Shop Flagship Store"
"1777282176-7","https://www.blibli.com/cari/laptop%20advan?brand=Advan&sort=0&category=LA-1000004&category=LA-1000005&intent=false&firstLoad=false&page=10&start=360","LAPTOP ADVAN WORKMATE R5-3500U/8/256/W11/GREY / LIGHT BLUE","5.759.000","5","Terjual 2","Kota Bandung","Funan Van Java Flagship Store"
"1777282176-8","https://www.blibli.com/cari/laptop%20advan?brand=Advan&sort=0&category=LA-1000004&category=LA-1000005&intent=false&firstLoad=false&page=10&start=360","Laptop Advan WorkPlus Heritage/AMD Ryzen 5-7535HS/8GB DDR4 (Upgrade)/512GB SSD (Upgrade)/AMD Radeon 660M/WIN 11/14"" WUXGA (16:10)","7.459.000","","","Kota Bandung","Funan Van Java Flagship Store"
"1777282176-9","https://www.blibli.com/cari/laptop%20advan?brand=Advan&sort=0&category=LA-1000004&category=LA-1000005&intent=false&firstLoad=false&page=10&start=360","Laptop Advan T. Book -8GB + 128GB +SSD 256GB","4.403.000","","","Kab. Kudus","Sinar Jaya Comp Flagship Store"
"1777282176-10","https://www.blibli.com/cari/laptop%20advan?brand=Advan&sort=0&category=LA-1000004&category=LA-1000005&intent=false&firstLoad=false&page=10&start=360","Laptop ADVAN Soulmate Celeron N4020 4GB/128GB (upgradable) 14"" HD","3.750.000","","Terjual 1","Kota Yogyakarta","Wisno Grahakom Flagship Store"
"1777282176-11","https://www.blibli.com/cari/laptop%20advan?brand=Advan&sort=0&category=LA-1000004&category=LA-1000005&intent=false&firstLoad=false&page=10&start=360","Laptop Advan Soulmate X2 AMD Athlon SIlver N3020 8G 128SSD","3.700.000","","","Kota Bandung","Mediatouch Computer Flagship Store"
"1777282176-12","https://www.blibli.com/cari/laptop%20advan?brand=Advan&sort=0&category=LA-1000004&category=LA-1000005&intent=false&firstLoad=false&page=10&start=360","Laptop ADVAN Workmate Amd Ryzen 5 3500u 8GB 256GB 14'' FHD+","5.713.000","5","Terjual 1","Kota Jakarta Pusat","KlikGadget Flagship Store"
"1777282176-13","https://www.blibli.com/cari/laptop%20advan?brand=Advan&sort=0&category=LA-1000004&category=LA-1000005&intent=false&firstLoad=false&page=10&start=360","Laptop ADVAN Soulmate X AMD 3020e RAM 8GB 128GB SSD Windows 14 Inch FHD","3.634.000","","","Kota Jakarta Pusat","KlikGadget Flagship Store"
"1777282176-14","https://www.blibli.com/cari/laptop%20advan?brand=Advan&sort=0&category=LA-1000004&category=LA-1000005&intent=false&firstLoad=false&page=10&start=360","Laptop Advan Soulmate X RAM 8/128GB + 4/128GB Notebook AMD Windows Home New Original Garansi Resmi","3.339.000","5","Terjual 6","Kota Bekasi & kota lainnya","CA Shop Flagship Store"
"1777282176-15","https://www.blibli.com/cari/laptop%20advan?brand=Advan&sort=0&category=LA-1000004&category=LA-1000005&intent=false&firstLoad=false&page=10&start=360","Advan TBook Notebook - Dark Grey (Intel Celeron N100 / 4GB / 128GB (Upgradabe) / 14"" HD / Free Windows 11","4.249.000","","","Blibli Video Games Flagship Store","Disediakan Blibli"
"1777282176-16","https://www.blibli.com/cari/laptop%20advan?brand=Advan&sort=0&category=LA-1000004&category=LA-1000005&intent=false&firstLoad=false&page=10&start=360","Laptop Advan WorkPlus Heritage reguler /AMD Ryzen 5-7535HS/16GB DDR5 (Upgrade)/512GB SSD/AMD Radeon 660M/WIN 11/14"" WUXGA (16:10)","8.409.000","5","Terjual 1","Kota Bandung","Funan Van Java Flagship Store"
"1777282176-17","https://www.blibli.com/cari/laptop%20advan?brand=Advan&sort=0&category=LA-1000004&category=LA-1000005&intent=false&firstLoad=false&page=10&start=360","ADVAN Laptop 360 Stylus PRO Intel Core i3-1215U/8GB/256GB SSD/Intel UHD/WIN 11/14"" FHD IPS Touch (16:10)/Stylus","6.409.000","","Terjual 1","Kota Bandung","Funan Van Java Flagship Store"
"1777282176-18","https://www.blibli.com/cari/laptop%20advan?brand=Advan&sort=0&category=LA-1000004&category=LA-1000005&intent=false&firstLoad=false&page=10&start=360","ADVAN Workmate Ultra Intel Ultra 5 115U Laptop Notebook Free Windows 11With AI Boost NPU 8GB/256GB 14"" inch FHD+ 16:10 IPS","8.099.000","","","Kota Bandung","Funan Van Java Flagship Store"
"1777282176-19","https://www.blibli.com/cari/laptop%20advan?brand=Advan&sort=0&category=LA-1000004&category=LA-1000005&intent=false&firstLoad=false&page=10&start=360","Advan TBook Notebook - Grey (Intel Celeron N100 / 4GB / 128GB (Upgradabe) / 14"" HD / Free Windows 11","4.249.000","","","Blibli Video Games Flagship Store","Disediakan Blibli"
"1777282176-20","https://www.blibli.com/cari/laptop%20advan?brand=Advan&sort=0&category=LA-1000004&category=LA-1000005&intent=false&firstLoad=false&page=10&start=360","Laptop ADVAN Workmate AMD Ryzen 5 3500U 8GB 256GB Window 11 Home 14.0 UWUXGA IPS","5.915.000","","Terjual 2","Kota Jakarta Barat","Paradisestore.id Flagship Store"
"1777282176-21","https://www.blibli.com/cari/laptop%20advan?brand=Advan&sort=0&category=LA-1000004&category=LA-1000005&intent=false&firstLoad=false&page=10&start=360","Laptop Advan Workplus RAM 16GB 512GB Notebook Intel i5 Gen 12 Windows 11 New Original Garansi Resmi","7.839.000","","","Kota Bekasi","CA Shop Flagship Store"
"1777282176-22","https://www.blibli.com/cari/laptop%20advan?brand=Advan&sort=0&category=LA-1000004&category=LA-1000005&intent=false&firstLoad=false&page=10&start=360","LAPTOP ADVAN T-BOOK TRANSFORMER : INTEL N100,4GB DDR4,128GB EMC,WIN 11HOME,GREY","3.357.819","","","Kota Palembang","MDP SUPERSTORE Flagship Store"
"1777282176-23","https://www.blibli.com/cari/laptop%20advan?brand=Advan&sort=0&category=LA-1000004&category=LA-1000005&intent=false&firstLoad=false&page=10&start=360","LAPTOP ADVAN WORK PLUS HERITAGE SILVER AMD RYZEN 5-7535HS 8GB 512GB WIN 11 HOME TANPA OFFICE NO OHS 2021","7.478.000","","Terjual 2","Kota Surabaya","ExpoComp Flagship Store"
"1777282176-24","https://www.blibli.com/cari/laptop%20advan?brand=Advan&sort=0&category=LA-1000004&category=LA-1000005&intent=false&firstLoad=false&page=10&start=360","Laptop Advan Workplus Heritage RAM 8GB / 16GB 512GB SSD Notebook Ryzen Windows 11 New Original Garansi Resmi","7.839.000","","Terjual 2","Kota Bekasi & kota lainnya","CA Shop Flagship Store"
"1777282176-25","https://www.blibli.com/cari/laptop%20advan?brand=Advan&sort=0&category=LA-1000004&category=LA-1000005&intent=false&firstLoad=false&page=10&start=360","Laptop ADVAN 360 Go 4GB/256GB 14” AMD Ryzen 3 3200U FHD IPS Touchscreen Laptop 2-in-1 Notebook Flip Free Windows 11 Original - Grey, NON BUNDLING","5.544.999","","","Kota Jakarta Pusat","KlikGadget Flagship Store"
"1777282176-26","https://www.blibli.com/cari/laptop%20advan?brand=Advan&sort=0&category=LA-1000004&category=LA-1000005&intent=false&firstLoad=false&page=10&start=360","Laptop Advan Evo X 2 in 1 T25A-NSNS1 - N150 12GB 512GB W11 13-2K IPS Touch","7.200.000","","","Kota Bandung","Sakura Komputer Flagship Store"
"1777282176-27","https://www.blibli.com/cari/laptop%20advan?brand=Advan&sort=0&category=LA-1000004&category=LA-1000005&intent=false&firstLoad=false&page=10&start=360","Laptop Advan TBOOK 8/384GB + 8/128GB + 4/128GB Notebook Intel N100 Windows 11 New Original Garansi Resmi","3.549.000","","Terjual 2","Kota Bekasi & kota lainnya","CA Shop Flagship Store"
"1777282176-28","https://www.blibli.com/cari/laptop%20advan?brand=Advan&sort=0&category=LA-1000004&category=LA-1000005&intent=false&firstLoad=false&page=10&start=360","LAPTOP ADVAN 2 IN 1 EVO-X GREY INTEL CORE i3-1215U 12GB 512GB WIN 11 16 INCH IPS 100% SRGB INCLUDE PEN TOUCH","7.655.000","","","Kota Surabaya","ExpoComp Flagship Store"
"1777282176-29","https://www.blibli.com/cari/laptop%20advan?brand=Advan&sort=0&category=LA-1000004&category=LA-1000005&intent=false&firstLoad=false&page=10&start=360","LAPTOP ADVAN WORKPLUS DARBOTZ(SILVER) AMD RYZEN 7 16GB LPDDR5,512GB SSD PCIE,RADEON GRAPHICS,FINGERPRINT,14""FHD IPS, WINDOWS 11","9.189.801","","","Kota Palembang","MDP SUPERSTORE Flagship Store"
"1777282176-30","https://www.blibli.com/cari/laptop%20advan?brand=Advan&sort=0&category=LA-1000004&category=LA-1000005&intent=false&firstLoad=false&page=10&start=360","ADVAN Laptop 2 in 1 Evo-X 16 Intel i3-1215U 12GB/512GB 2K IPS Free Stylus + Keyboard","7.522.200","5","Terjual 14","Kab. Sleman & kota lainnya","Alyosha Flagship Store"
"1777282176-31","https://www.blibli.com/cari/laptop%20advan?brand=Advan&sort=0&category=LA-1000004&category=LA-1000005&intent=false&firstLoad=false&page=10&start=360","Advan Laptop Workmate AMD Ryzen 5 3500U 8GB 256GB 14"" IPS FHD Windows 11","5.841.000","","","Kota Surabaya","Grosiria Flagship Store"
"1777282176-32","https://www.blibli.com/cari/laptop%20advan?brand=Advan&sort=0&category=LA-1000004&category=LA-1000005&intent=false&firstLoad=false&page=10&start=360","ADVAN Laptop Workplus AMD RYZEN 7 7735HS 16GB 512GB 14'' FHD Work Plus","7.211.000","","Terjual 2","Kota Jakarta Pusat","KlikGadget Flagship Store"
"1777282176-33","https://www.blibli.com/cari/laptop%20advan?brand=Advan&sort=0&category=LA-1000004&category=LA-1000005&intent=false&firstLoad=false&page=10&start=360","ADVAN Laptop AI Gen Core Ultra 5 125H 512GB SSD 16GB RAM Arc Graphic Grey [Advan AI ULTRA 5 GREY]","9.480.404","","","Kota Surabaya","Grosiria Flagship Store"
"1777282176-34","https://www.blibli.com/cari/laptop%20advan?brand=Advan&sort=0&category=LA-1000004&category=LA-1000005&intent=false&firstLoad=false&page=10&start=360","LAPTOP ADVAN SOULMATE 1405","2.600.000","","","","Kab. Bandung"
"1777282176-35","https://www.blibli.com/cari/laptop%20advan?brand=Advan&sort=0&category=LA-1000004&category=LA-1000005&intent=false&firstLoad=false&page=10&start=360","Advan Workpro Laptop i5 8/256GB | Intel Core i5-1035G7 | Garansi Resmi Advan Indonesia 1 Tahun","4.509.000","","Terjual 2","Kota Tangerang","Evogad Flagship Store"
"1777282176-36","https://www.blibli.com/cari/laptop%20advan?brand=Advan&sort=0&category=LA-1000004&category=LA-1000005&intent=false&firstLoad=false&page=10&start=360","ADVAN Workplus Heritage Batik AMD Ryzen 5 7535HS RAM16GB SSD1TB 14'' FHD IPS Windows 11","7.249.000","4,8","Terjual 25","Kota Jakarta Pusat","SKYNET COMPUTER Flagship Store"
"1777282176-37","https://www.blibli.com/cari/laptop%20advan?brand=Advan&sort=0&category=LA-1000004&category=LA-1000005&intent=false&firstLoad=false&page=10&start=360","ADVAN Laptop 2 in 1 Evo-X 13 Intel N100 12GB/512GB 2K IPS 100% SRGB","7.202.790","","","Kota Bandung","Up To Date Computer Flagship Store"
"1777282176-38","https://www.blibli.com/cari/laptop%20advan?brand=Advan&sort=0&category=LA-1000004&category=LA-1000005&intent=false&firstLoad=false&page=10&start=360","ADVAN Laptop 2 In 1 360 GO | Touchscreen | 14 Inch IPS FHD | 4GB/256GB | Windows 11 | Garansi Resmi 1 Tahun","4.999.000","","","Kab. Tangerang","Advan Laptop Flagship Store"
"1777282176-39","https://www.blibli.com/cari/laptop%20advan?brand=Advan&sort=0&category=LA-1000004&category=LA-1000005&intent=false&firstLoad=false&page=10&start=360","ADVAN LAPTOP WORKMATE ULTRA | INTEL ULTRA 5 115U WITH AI BOOST | 14 INCH FHD+ 16:10 IPS | 8GB+256GB | FREE WINDOWS 11","8.199.000","","","Kab. Tangerang","Advan Laptop Flagship Store"
"1777282176-40","https://www.blibli.com/cari/laptop%20advan?brand=Advan&sort=0&category=LA-1000004&category=LA-1000005&intent=false&firstLoad=false&page=10&start=360","[FREE STYLUS PEN +KEYBOARD] ADVAN Laptop 2 in 1 EVO-X 16” / 13"" Touchscreen Detachable 2.5K Display Intel i3-1215U / Intel N100 12GB/512GB Windows 11","6.099.000","","Terjual 3","Kab. Tangerang","Advan Laptop Flagship Store"
"1777282176-41","https://www.blibli.com/cari/laptop%20advan?brand=Advan&sort=0&category=LA-1000004&category=LA-1000005&intent=false&firstLoad=false&page=10&start=360","ADVAN Laptop 2in1 EVO-X 16”Touch Screen Detachable 2.5K Intel i3-1215U 12GB/512GB WIN 11 Free Stylus","7.399.000","","Terjual 2","Kota Jakarta Pusat","ANUGERAH DIGITAL Flagship Store"
"1777282176-42","https://www.blibli.com/cari/laptop%20advan?brand=Advan&sort=0&category=LA-1000004&category=LA-1000005&intent=false&firstLoad=false&page=10&start=360","ADVAN Laptop WORKPLUS HERITAGE AMD Ryzen 5 7535HS 8GB 16GB 512GB SSD 14"" WUXGA W11 Silver [ADVAN WORKPLUS HERITAGE R5]","7.220.404","","","Kota Surabaya","Grosiria Flagship Store"
"1777282176-43","https://www.blibli.com/cari/laptop%20advan?brand=Advan&sort=0&category=LA-1000004&category=LA-1000005&intent=false&firstLoad=false&page=10&start=360","ADVAN Laptop Gaming Pixwar Touchscreen | Ryzen 7 6800H | 16GB/512GB | Display 15,6 Inch FHD Touchscreen | Garansi Resmi 1 Tahum","9.199.000","","","Kab. Tangerang","Advan Indonesia Flagship Store"
"1777282176-44","https://www.blibli.com/cari/laptop%20advan?brand=Advan&sort=0&category=LA-1000004&category=LA-1000005&intent=false&firstLoad=false&page=10&start=360","ADVAN Laptop 2 In 1 360 GO | Touchscreen | 14 Inch IPS FHD | 4GB/256GB | Windows 11 | Garansi Resmi 1 Tahun","4.999.000","","","Kab. Tangerang","Advan Indonesia Flagship Store"
"1777282176-45","https://www.blibli.com/cari/laptop%20advan?brand=Advan&sort=0&category=LA-1000004&category=LA-1000005&intent=false&firstLoad=false&page=10&start=360","ADVAN Laptop Workplus Heritage Ryzen 5 7535HS 16GB/1TB Desain Batik Megamendung 14"" IPS Full HD Plus WUXGA 1920x1200 Display 16:10 Windows 11","8.099.000","4","Terjual 1","Kab. Tangerang","Advan Indonesia Flagship Store"
"1777282176-46","https://www.blibli.com/cari/laptop%20advan?brand=Advan&sort=0&category=LA-1000004&category=LA-1000005&intent=false&firstLoad=false&page=10&start=360","Laptop ADVAN 360 Stylus PRO Intel Core i3-1215U 14”IPS FHD Touchscreen","6.625.000","","","","Kota Madiun"
"1777282176-47","https://www.blibli.com/cari/laptop%20advan?brand=Advan&sort=0&category=LA-1000004&category=LA-1000005&intent=false&firstLoad=false&page=10&start=360","NOTEBOOK ADVAN SOULMATE (BLACK) : INTEL N4020,4GB DDR4,128GB MMC,14"" DISPLAY,WIN 11HOME (+TAS)","2.396.601","","Terjual 1","Kota Palembang","MDP SUPERSTORE Flagship Store"
"1777282176-48","https://www.blibli.com/cari/laptop%20advan?brand=Advan&sort=0&category=LA-1000004&category=LA-1000005&intent=false&firstLoad=false&page=10&start=360","Laptop ADVAN Soulmate Celeron N4020 4GB/128GB (upgradable) 14"" HD IPS","2.499.000","","","","Kab. Sleman"
"1777282176-49","https://www.blibli.com/cari/laptop%20advan?brand=Advan&sort=0&category=LA-1000004&category=LA-1000005&intent=false&firstLoad=false&page=10&start=360","Advan 360 Stylus Pro Core i3 1215U 8GB 256GB W11 Home Grey","6.599.000","5","Terjual 2","Kota Denpasar","Blessing Computer Flagship Store"
"1777282176-50","https://www.blibli.com/cari/laptop%20advan?brand=Advan&sort=0&category=LA-1000004&category=LA-1000005&intent=false&firstLoad=false&page=10&start=360","Laptop Advan Pixwar 16GB 512GB Notebook Ryzen 7 Windows 11 Gaming New Original Garansi Resmi","8.660.000","","Terjual 1","","Kota Bekasi"
"1777282176-51","https://www.blibli.com/cari/laptop%20advan?brand=Advan&sort=0&category=LA-1000004&category=LA-1000005&intent=false&firstLoad=false&page=10&start=360","NOTEBOOK ADVAN WORK PRO LITE (GREY) : INTEL CORE I3-1220P,8GB DDR4,256GB SSD,14""FHD DISPLAY,WIN 11 HOME","4.594.401","","","Kota Palembang","MDP SUPERSTORE Flagship Store"
"1777282176-52","https://www.blibli.com/cari/laptop%20advan?brand=Advan&sort=0&category=LA-1000004&category=LA-1000005&intent=false&firstLoad=false&page=10&start=360","Laptop Advan 360 Stylus Pro Sketsa Notebook Flip 2in1 Tablet Touch New Original Garansi Resmi","6.580.000","","","","Kota Bekasi"
"1777282176-53","https://www.blibli.com/cari/laptop%20advan?brand=Advan&sort=0&category=LA-1000004&category=LA-1000005&intent=false&firstLoad=false&page=10&start=360","ADVAN Workpro Lite i3 1215U/8GB/256GB SSD/14""FHD/W11","4.829.000","","","Kota Medan","SOFTCOM Flagship Store"
"1777282176-54","https://www.blibli.com/cari/laptop%20advan?brand=Advan&sort=0&category=LA-1000004&category=LA-1000005&intent=false&firstLoad=false&page=10&start=360","Advan 2 in 1 Evo-X 13 Intel N150 12GB 512GB SSD 13"" IPS Touch SC W11","6.885.000","","","Kota Surakarta (Solo)","Risc Computer Flagship Store"
"1777282176-55","https://www.blibli.com/cari/laptop%20advan?brand=Advan&sort=0&category=LA-1000004&category=LA-1000005&intent=false&firstLoad=false&page=10&start=360","ADVAN AI-GEN - AMD Ryzen 7 8845HS 16GB SSD 512GB 780M W11","9.399.000","","","Kota Surakarta (Solo)","Risc Computer Flagship Store"
"1777282176-56","https://www.blibli.com/cari/laptop%20advan?brand=Advan&sort=0&category=LA-1000004&category=LA-1000005&intent=false&firstLoad=false&page=10&start=360","ADVAN Workplus R7 7735HS/16GB/512GB SSD/14"" FHD IPS/W11","9.139.000","","","Kota Medan","SOFTCOM Flagship Store"
"1777282176-57","https://www.blibli.com/cari/laptop%20advan?brand=Advan&sort=0&category=LA-1000004&category=LA-1000005&intent=false&firstLoad=false&page=10&start=360","Advan WorkMate i3 Grey [Intel Core i3-1215U 8GB 256GB SSD 14""FHD+ IPS Intel Graphics Windows 11 Garansi 1 Year] | Pegacare+","5.758.000","","","Kota Yogyakarta","Pegastore.id Flagship Store"
"1777282176-58","https://www.blibli.com/cari/laptop%20advan?brand=Advan&sort=0&category=LA-1000004&category=LA-1000005&intent=false&firstLoad=false&page=10&start=360","Advan EVO X13","5.915.000","","","Kota Yogyakarta","Pegastore.id Flagship Store"
"1777282176-59","https://www.blibli.com/cari/laptop%20advan?brand=Advan&sort=0&category=LA-1000004&category=LA-1000005&intent=false&firstLoad=false&page=10&start=360","ADVAN 360 Pro Stylus AMD Ryzen 5 7430U RAM16GB SSD1TB 14'' Ips Touchscreen Windows 11","6.699.000","5","Terjual 1","Kota Jakarta Pusat","SKYNET COMPUTER Flagship Store"
"1777282176-60","https://www.blibli.com/cari/laptop%20advan?brand=Advan&sort=0&category=LA-1000004&category=LA-1000005&intent=false&firstLoad=false&page=10&start=360","Advan TBook Standard Edition [Intel N100 4GB EMMC 128GB 14""HD Intel Graphics Windows 11 Garansi 1 Year] | Pegacare+","3.453.000","","","Kota Yogyakarta","Pegastore.id Flagship Store"
"1777282176-61","https://www.blibli.com/cari/laptop%20advan?brand=Advan&sort=0&category=LA-1000004&category=LA-1000005&intent=false&firstLoad=false&page=10&start=360","ADVAN SOULMATE 14 GEN 3 3rd Gen INTEL CELERON N4020 4GB/ 8GB 128GB eMMC WIN 11 HOME TANPA OFFICE NO OHS 2021","2.442.000","","","Kota Surabaya","ExpoComp Flagship Store"
"1777282176-62","https://www.blibli.com/cari/laptop%20advan?brand=Advan&sort=0&category=LA-1000004&category=LA-1000005&intent=false&firstLoad=false&page=10&start=360","Advan Work PLus Ryzen 7 7735HS 16GB 512GB W11 Silver","8.530.000","","","Kota Denpasar","Blessing Computer Flagship Store"
"1777282176-63","https://www.blibli.com/cari/laptop%20advan?brand=Advan&sort=0&category=LA-1000004&category=LA-1000005&intent=false&firstLoad=false&page=10&start=360","Laptop Advan Workpro Lite 8GB 256GB Notebook Intel i5 Windows 11 New Original Garansi Resmi","5.640.000","","","","Kota Bekasi"
"1777282176-64","https://www.blibli.com/cari/laptop%20advan?brand=Advan&sort=0&category=LA-1000004&category=LA-1000005&intent=false&firstLoad=false&page=10&start=360","Laptop Advan Workplus RAM 16GB 512GB Notebook Ryzen 7 Windows 11 New Original Garansi Resmi","8.670.000","","","","Kota Bekasi"
"1777282176-65","https://www.blibli.com/cari/laptop%20advan?brand=Advan&sort=0&category=LA-1000004&category=LA-1000005&intent=false&firstLoad=false&page=10&start=360","Advan WorkPro Lite Intel I3 1215U 8GB 256GB SSD 14"" FHD IPS W11 Grey","4.631.111","","","Kota Surabaya","Grosiria Flagship Store"
"1777282176-66","https://www.blibli.com/cari/laptop%20advan?brand=Advan&sort=0&category=LA-1000004&category=LA-1000005&intent=false&firstLoad=false&page=10&start=360","Laptop Advan Workpro Lite 8GB 256GB Notebook Intel i3 Windows 11 New Original Garansi Resmi","4.440.000","","","","Kota Bekasi"
"1777282176-67","https://www.blibli.com/cari/laptop%20advan?brand=Advan&sort=0&category=LA-1000004&category=LA-1000005&intent=false&firstLoad=false&page=10&start=360","Laptop Advan Soulmate Intel N4020 RAM 4GB 128GB+256GB/14""/WIN 11","2.999.000","","Terjual 1","","Kota Semarang"
"1777282176-68","https://www.blibli.com/cari/laptop%20advan?brand=Advan&sort=0&category=LA-1000004&category=LA-1000005&intent=false&firstLoad=false&page=10&start=360","Laptop Advan Workplus RAM 24GB 512GB Notebook Intel i5 Windows 11 New Original Garansi Resmi","7.520.000","","Terjual 1","","Kota Bekasi"
"1777282176-69","https://www.blibli.com/cari/laptop%20advan?brand=Advan&sort=0&category=LA-1000004&category=LA-1000005&intent=false&firstLoad=false&page=10&start=360","Laptop Advan 360 Stylus Pro Ryzen Sketsa Notebook Flip 2in1 Tablet Touch New Original Garansi Resmi","6.900.000","","","","Kota Bekasi"
"1777282176-70","https://www.blibli.com/cari/laptop%20advan?brand=Advan&sort=0&category=LA-1000004&category=LA-1000005&intent=false&firstLoad=false&page=10&start=360","Laptop Advan Workplus x Darbotz RAM 16GB 512GB Notebook Ryzen 7 Windows 11 New Original Garansi Resmi","8.670.000","5","Terjual 2","","Kota Bekasi"
"1777282176-71","https://www.blibli.com/cari/laptop%20advan?brand=Advan&sort=0&category=LA-1000004&category=LA-1000005&intent=false&firstLoad=false&page=10&start=360","Laptop Advan TBOOK X TRANSFORMER 4GB 128GB Notebook Intel N100 Windows 11 New Original Garansi Resmi","3.650.000","","","","Kota Bekasi"
"1777282176-72","https://www.blibli.com/cari/laptop%20advan?brand=Advan&sort=0&category=LA-1000004&category=LA-1000005&intent=false&firstLoad=false&page=10&start=360","LAPTOP ADVAN TOUCH FLIP 360 i3-1215U 8GB|SSD256GB|WIN11+PEN","6.665.505","","","","Kota Pekanbaru"
"1777282176-73","https://www.blibli.com/cari/laptop%20advan?brand=Advan&sort=0&category=LA-1000004&category=LA-1000005&intent=false&firstLoad=false&page=10&start=360","Laptop Advan PIXWAR X TRANSFORMERS 16GB 512GB Notebook Ryzen 7 Windows 11 Gaming New Original Garansi Resmi","8.490.000","","","","Kota Bekasi"
"1777282176-74","https://www.blibli.com/cari/laptop%20advan?brand=Advan&sort=0&category=LA-1000004&category=LA-1000005&intent=false&firstLoad=false&page=10&start=360","Laptop Advan TBOOK X TRANSFORMER 14 inch Intel N100 RAM 8GB SSD 128GB - Garansi Resmi","3.143.000","","","","Kota Madiun"
"1777282176-75","https://www.blibli.com/cari/laptop%20advan?brand=Advan&sort=0&category=LA-1000004&category=LA-1000005&intent=false&firstLoad=false&page=10&start=360","Laptop Advan Workpro i5-1035G7 8GB 512GB SSD 14""FHD WIN 11","5.554.000","","","","Kota Jakarta Pusat"
"1777282176-76","https://www.blibli.com/cari/laptop%20advan?brand=Advan&sort=0&category=LA-1000004&category=LA-1000005&intent=false&firstLoad=false&page=10&start=360","Laptop Advan WorkPlus Ryzen 7 7735HS ADVAN WorkPlus R7 16GB 512GB SSD","7.999.000","","","","Kota Jakarta Selatan"
"1777282176-77","https://www.blibli.com/cari/laptop%20advan?brand=Advan&sort=0&category=LA-1000004&category=LA-1000005&intent=false&firstLoad=false&page=10&start=360","Pre-order","11.000.000","","Terjual 1","","Kab. Gianyar"
"1777282176-78","https://www.blibli.com/cari/laptop%20advan?brand=Advan&sort=0&category=LA-1000004&category=LA-1000005&intent=false&firstLoad=false&page=10&start=360","[PROMO] Advan TBOOK X TRANSFORMER 4GB 128GB Intel Windows New Original Garansi Resmi","3.549.000","","","Kota Bekasi","CA Shop Flagship Store"
"1777282176-79","https://www.blibli.com/cari/laptop%20advan?brand=Advan&sort=0&category=LA-1000004&category=LA-1000005&intent=false&firstLoad=false&page=10&start=360","[PROMO] Advan AI Gen RAM 16GB 512GB AMD Ryzen IPS Windows New Original Garansi Resmi","9.609.000","","","Kota Bekasi","CA Shop Flagship Store"
"1777282176-80","https://www.blibli.com/cari/laptop%20advan?brand=Advan&sort=0&category=LA-1000004&category=LA-1000005&intent=false&firstLoad=false&page=10&start=360","Laptop Advan WORKPLUS AMD RYZEN 5 6600H RAM 16gb SSD 512gb Windows 11 14.0Full HD IPS","7.599.000","","Terjual 1","","Kota Surabaya"
"1777282176-81","https://www.blibli.com/cari/laptop%20advan?brand=Advan&sort=0&category=LA-1000004&category=LA-1000005&intent=false&firstLoad=false&page=10&start=360","LAPTOP ADVAN SOULMATE PLUS GREY L24D R53S1 AMD R5 3500U 8GB 256GB 14 inc WIN 11","4.220.000","","","","Kota Surabaya"
"1777282176-82","https://www.blibli.com/cari/laptop%20advan?brand=Advan&sort=0&category=LA-1000004&category=LA-1000005&intent=false&firstLoad=false&page=10&start=360","LAPTOP ADVAN S3-85S 1501 ST38S05A INTEL CORE I3-1115G4/8GB/512GB SSD/WIN 11/14"" GARANSI RESMI 1 TAHUN","7.199.000","","","","Kab. Melawi"
"1777282176-83","https://www.blibli.com/cari/laptop%20advan?brand=Advan&sort=0&category=LA-1000004&category=LA-1000005&intent=false&firstLoad=false&page=10&start=360","LAPTOP BARU ADVAN SOULMATE N4020 INTEL GEMINI N4020 RAM 4GB DDR4 SSD 128GB 14INCH HD BLK","2.420.500","","","","Kota Surabaya"
"1777282176-84","https://www.blibli.com/cari/laptop%20advan?brand=Advan&sort=0&category=LA-1000004&category=LA-1000005&intent=false&firstLoad=false&page=10&start=360","Advan Laptop WORKPRO LITE INTEL i3 Notebook 14” 8GB 256GB WIN 11","4.659.000","","Terjual 1","","Kota Surabaya"
"1777282176-85","https://www.blibli.com/cari/laptop%20advan?brand=Advan&sort=0&category=LA-1000004&category=LA-1000005&intent=false&firstLoad=false&page=10&start=360","Special Bundling ADVAN Notebook Laptop Soulmate Grey & MIFI MF01 Travel Pocket Wifi Celeron","3.700.000","","","","Kab. Tangerang"
"1777282176-86","https://www.blibli.com/cari/laptop%20advan?brand=Advan&sort=0&category=LA-1000004&category=LA-1000005&intent=false&firstLoad=false&page=10&start=360","Laptop Advan AI Gen Ryzen 7 8845HS 16GB 512GB W11 Home","9.742.000","","","","Kota Madiun"
"1777282176-87","https://www.blibli.com/cari/laptop%20advan?brand=Advan&sort=0&category=LA-1000004&category=LA-1000005&intent=false&firstLoad=false&page=10&start=360","ADVAN Laptop Workplus AMD RYZEN 5 6600H 14'' FHD IPS 16GB 512GB Win 11","7.120.500","5","Terjual 3","","Kota Jakarta Selatan"
"1777282176-88","https://www.blibli.com/cari/laptop%20advan?brand=Advan&sort=0&category=LA-1000004&category=LA-1000005&intent=false&firstLoad=false&page=10&start=360","Advan Laptop Workpro Lite HD Intel Core i3 1220P Notebook 14″ (8GB /256GB /GREY)","4.698.000","","","","Kota Semarang"
"1777282176-89","https://www.blibli.com/cari/laptop%20advan?brand=Advan&sort=0&category=LA-1000004&category=LA-1000005&intent=false&firstLoad=false&page=10&start=360","ADVAN Laptop 360 Stylus 2in1 Touchscreen - Intel i3 14 FHD IPS","6.345.000","","","","Kab. Sleman"
"1777282176-90","https://www.blibli.com/cari/laptop%20advan?brand=Advan&sort=0&category=LA-1000004&category=LA-1000005&intent=false&firstLoad=false&page=10&start=360","Advan Laptop Soulmate Plus RAM 8GB 256GB Notebook AMD Ryzen 5 Windows 11 New Original Garansi Resmi","3.920.000","","","","Kota Bekasi"
"1777282176-91","https://www.blibli.com/cari/laptop%20advan?brand=Advan&sort=0&category=LA-1000004&category=LA-1000005&intent=false&firstLoad=false&page=10&start=360","Advan Laptop AI Gen RAM 16GB 512GB Notebook AMD Ryzen 7 IPS Windows 11 New Original Garansi Resmi","9.610.000","","","","Kota Bekasi"
"1777282176-92","https://www.blibli.com/cari/laptop%20advan?brand=Advan&sort=0&category=LA-1000004&category=LA-1000005&intent=false&firstLoad=false&page=10&start=360","Advan Laptop Workpro Lite FHD Intel Core i3 1220P Notebook 14″ (8GB/ 256GB /Windows 11/GREY)","4.655.000","","","","Kota Semarang"
"1777282176-93","https://www.blibli.com/cari/laptop%20advan?brand=Advan&sort=0&category=LA-1000004&category=LA-1000005&intent=false&firstLoad=false&page=10&start=360","Laptop ADVAN Workpro Intel Core i5-1035G7 8/256 SSD 14"" FHD - Grey","6.156.000","","","","Kota Madiun"
"1777282176-94","https://www.blibli.com/cari/laptop%20advan?brand=Advan&sort=0&category=LA-1000004&category=LA-1000005&intent=false&firstLoad=false&page=10&start=360","Advan Soulmate Laptop RAM 4GB 128GB Notebook Intel Windows Home New Original Garansi Resmi","2.590.000","","","","Kota Bekasi"
"1777282176-95","https://www.blibli.com/cari/laptop%20advan?brand=Advan&sort=0&category=LA-1000004&category=LA-1000005&intent=false&firstLoad=false&page=10&start=360","ADVAN Laptop Soulmate Plus AMD Ryzen 5 3500U 8GB 256GB Free WIndows 11","4.299.000","","","","Kab. Sleman"
"1777282176-96","https://www.blibli.com/cari/laptop%20advan?brand=Advan&sort=0&category=LA-1000004&category=LA-1000005&intent=false&firstLoad=false&page=10&start=360","ADVAN Soulmate Laptop 14"" Intel N4020 4GB 128GB Garansi Resmi","2.168.000","","","","Kota Surabaya"
"1777282176-97","https://www.blibli.com/cari/laptop%20advan?brand=Advan&sort=0&category=LA-1000004&category=LA-1000005&intent=false&firstLoad=false&page=10&start=360","ADVAN Laptop WORKPRO Lite INTEL CORE i5-12450H 14”IPS FHD 8GB 256GB WINDOWS 11","6.479.000","","","","Kota Surabaya"
"1777282176-98","https://www.blibli.com/cari/laptop%20advan?brand=Advan&sort=0&category=LA-1000004&category=LA-1000005&intent=false&firstLoad=false&page=10&start=360","[BEST DEAL] ADVAN Laptop Workplus Intel i5 12600H 14'' FHD IPS 24GB 512GB Win 11","10.999.000","","","","Kab. Tangerang"
"1777282176-99","https://www.blibli.com/cari/laptop%20advan?brand=Advan&sort=0&category=LA-1000004&category=LA-1000005&intent=false&firstLoad=false&page=10&start=360","[FREE STYLUS PEN +KEYBOARD] ADVAN Laptop 2 in 1 EVO-X 13 Inci Touchscreen Detachable 2.5K Display Intel N150 12GB/512GB Windows 11","6.313.000","","","","Kota Madiun"
"1777282176-100","https://www.blibli.com/cari/laptop%20advan?brand=Advan&sort=0&category=LA-1000004&category=LA-1000005&intent=false&firstLoad=false&page=10&start=360","LAPTOP ADVAN HERITAGE BATIK AMD R5-7535HS 16GB/512GB SSD 14"" WIN 11","7.691.301","","","Kota Palembang","MDP SUPERSTORE Flagship Store"
"1777282176-101","https://www.blibli.com/cari/laptop%20advan?brand=Advan&sort=0&category=LA-1000004&category=LA-1000005&intent=false&firstLoad=false&page=10&start=360","Laptop Advan Workplus T-16S5 Ryzen 7-7735HS 16GB 512GB SSD 14"" W11","8.288.000","","","","Kota Madiun"
"1777282176-102","https://www.blibli.com/cari/laptop%20advan?brand=Advan&sort=0&category=LA-1000004&category=LA-1000005&intent=false&firstLoad=false&page=10&start=360","Laptop Advan TBOOK X TRANSFORMER 4GB 128GB Notebook Intel N100 Windows 11 New Original Garansi Resmi","3.549.000","","Terjual 1","Kota Bekasi","CA Shop Flagship Store"
"1777282176-103","https://www.blibli.com/cari/laptop%20advan?brand=Advan&sort=0&category=LA-1000004&category=LA-1000005&intent=false&firstLoad=false&page=10&start=360","Laptop Advan Work Plus AMD RYZEN 5 6600H 14” FHD IPS 16GB 512GB Win 11","7.260.000","","","Kota Bandung","Mediatouch Computer Flagship Store"
"1777282176-104","https://www.blibli.com/cari/laptop%20advan?brand=Advan&sort=0&category=LA-1000004&category=LA-1000005&intent=false&firstLoad=false&page=10&start=360","Laptop 2 in 1 Advan Evo-X RAM 12GB 512GB Notebook Intel N100 Windows 11 Touchscreen New Original Garansi Resmi","6.310.000","","","","Kota Bekasi"
"1777282176-105","https://www.blibli.com/cari/laptop%20advan?brand=Advan&sort=0&category=LA-1000004&category=LA-1000005&intent=false&firstLoad=false&page=10&start=360","Laptop 2 in 1 Advan Evo-X RAM 12GB 512GB Notebook Intel N150 Windows 11 Touchscreen New Original Garansi Resmi","6.630.000","","","","Kota Bekasi"
"1777282176-106","https://www.blibli.com/cari/laptop%20advan?brand=Advan&sort=0&category=LA-1000004&category=LA-1000005&intent=false&firstLoad=false&page=10&start=360","ADVAN Workpro Lite Laptop Notebook Intel i3 1220P 14” 8GB 256GB Windows 11 Garansi Resmi","4.499.000","","","","Kota Jakarta Selatan"
"1777282176-107","https://www.blibli.com/cari/laptop%20advan?brand=Advan&sort=0&category=LA-1000004&category=LA-1000005&intent=false&firstLoad=false&page=10&start=360","Laptop Advan WORKPLUS HERITAGE AMD Ryzen 5 7535HS 8GB 512GB Radeon 660M 14"" WUXGA IPS Windows 11 Laptop","7.145.000","","","","Kota Madiun"
"1777282176-108","https://www.blibli.com/cari/laptop%20advan?brand=Advan&sort=0&category=LA-1000004&category=LA-1000005&intent=false&firstLoad=false&page=10&start=360","ADVAN X AMD Laptop Workplus AMD Ryzen 7 7735HS 512GB 14'' FHD IPS 16Gb Win 11","9.199.000","","","","Kab. Tangerang"
"1777282176-109","https://www.blibli.com/cari/laptop%20advan?brand=Advan&sort=0&category=LA-1000004&category=LA-1000005&intent=false&firstLoad=false&page=10&start=360","Advan TBOOK X TRANSFORMER Laptop 14 inch Intel N100 4GB / 128GB Windows 11 Garansi Resmi","3.099.000","","","","Kab. Tangerang"
"1777282176-110","https://www.blibli.com/cari/laptop%20advan?brand=Advan&sort=0&category=LA-1000004&category=LA-1000005&intent=false&firstLoad=false&page=10&start=360","LAPTOP ADVAN WORKMATE AMD R5-3500U 1X8 GB DDR4 256 GB SSD 14""FHD+ IPS WIN 11","4.694.301","","Terjual 2","Kota Palembang","MDP SUPERSTORE Flagship Store"
"1777282176-111","https://www.blibli.com/cari/laptop%20advan?brand=Advan&sort=0&category=LA-1000004&category=LA-1000005&intent=false&firstLoad=false&page=10&start=360","LAPTOP ADVAN AIGEN AMD RYZEN : AMD R7-8845HS,2*8GB, 512GB SSD,14"" FHD 100% SRGB,WIN 11 HOME","10.188.801","","","Kota Palembang","MDP SUPERSTORE Flagship Store"
"1777282176-112","https://www.blibli.com/cari/laptop%20advan?brand=Advan&sort=0&category=LA-1000004&category=LA-1000005&intent=false&firstLoad=false&page=10&start=360","LAPTOP WORKPLUS DARBOTZ RYZEN 7","8.239.000","5","Terjual 1","","Kota Malang"
"1777282176-113","https://www.blibli.com/cari/laptop%20advan?brand=Advan&sort=0&category=LA-1000004&category=LA-1000005&intent=false&firstLoad=false&page=10&start=360","LAPTOP ADVANWORKPLUS R5 16/512","7.342.870","","","","Kota Bogor"
"1777282176-114","https://www.blibli.com/cari/laptop%20advan?brand=Advan&sort=0&category=LA-1000004&category=LA-1000005&intent=false&firstLoad=false&page=10&start=360","LAPTOP ADVAN WORK PLUS AIR BLUE AMD RYZEN 5-7535HS 16GB 512GB SSD 14 INCH FHD+ OLED WIN 11 HOME NO OFFICE TANPA OHS","8.729.000","","","Kota Surabaya","ExpoComp Flagship Store"
"1777282176-115","https://www.blibli.com/cari/laptop%20advan?brand=Advan&sort=0&category=LA-1000004&category=LA-1000005&intent=false&firstLoad=false&page=10&start=360","Laptop AXIOO Mybook HYPE 3 23RJ308MNB1 / INTEL Core i3 1005G1 8GB 256GB","4.651.000","","","","Kota Madiun"
"1777282176-116","https://www.blibli.com/cari/laptop%20advan?brand=Advan&sort=0&category=LA-1000004&category=LA-1000005&intent=false&firstLoad=false&page=10&start=360","Notebook Advan Soulmate N4020 4g 4gb/128gb W11","2.470.970","","","","Kota Bandung"
"1777282176-117","https://www.blibli.com/cari/laptop%20advan?brand=Advan&sort=0&category=LA-1000004&category=LA-1000005&intent=false&firstLoad=false&page=10&start=360","Advan T-Book 3 Intel N100 8GB 384GB 14 Inch HD Windows 11","3.974.000","","","","Kota Madiun"
"1777282176-118","https://www.blibli.com/cari/laptop%20advan?brand=Advan&sort=0&category=LA-1000004&category=LA-1000005&intent=false&firstLoad=false&page=10&start=360","ADVAN AI-Gen R7 8845HS ADVAN AI Gen Ryzen 7 16/512GB W11 14""FHD+ IPS","9.742.000","","","","Kota Madiun"
"1777282176-119","https://www.blibli.com/cari/laptop%20advan?brand=Advan&sort=0&category=LA-1000004&category=LA-1000005&intent=false&firstLoad=false&page=10&start=360","ADVAN WORKMATE Core I3 1215 8GB 256GB 14.0UWUXGA IPS Windows 11","5.324.000","","","","Kota Madiun"
"1777282176-120","https://www.blibli.com/cari/laptop%20advan?brand=Advan&sort=0&category=LA-1000004&category=LA-1000005&intent=false&firstLoad=false&page=10&start=360","ADVAN LAPTOP SOULMATE X2 8/128GB GARANSI RESMI - NEW","3.499.000","","","Kota Surabaya","CV INTOWN CELL INDONESIA Flagship Store"
"1777282176-121","https://www.blibli.com/cari/laptop%20advan?brand=Advan&sort=0&category=LA-1000004&category=LA-1000005&intent=false&firstLoad=false&page=10&start=360","ADVAN Laptop Workplus AMD RYZEN 5 6600H 16GB 512GB W11 14"" FHD","7.792.200","","","Kota Medan","Agres ID Medan Flagship Store"
"1777282176-122","https://www.blibli.com/cari/laptop%20advan?brand=Advan&sort=0&category=LA-1000004&category=LA-1000005&intent=false&firstLoad=false&page=10&start=360","Advan Workplus Silver(AMD Ryzen 5 6600H) AMD RYZEN 5 6600H/16GB/512GB/AMD integrated graphics/Win 11/14"" FHD (1920x1200) IPS)","6.890.000","","","","Kota Semarang"
"1777282176-123","https://www.blibli.com/cari/laptop%20advan?brand=Advan&sort=0&category=LA-1000004&category=LA-1000005&intent=false&firstLoad=false&page=10&start=360","ADVAN 2 in 1 EVO-X 16” Intel i3-1215U 12GB/512GB W11 DETACHABLE","8.500.000","","Terjual 8","","Kota Surabaya"
"1777282176-124","https://www.blibli.com/cari/laptop%20advan?brand=Advan&sort=0&category=LA-1000004&category=LA-1000005&intent=false&firstLoad=false&page=10&start=360","ADVAN PIXWAR RYZEN 7 6800H 16GB 512GB W11 15.6FHD","23.999.000","","Terjual 2","","Kota Surabaya"
"1777282176-125","https://www.blibli.com/cari/laptop%20advan?brand=Advan&sort=0&category=LA-1000004&category=LA-1000005&intent=false&firstLoad=false&page=10&start=360","Advan Workplus Ryzen 5-6600H 16GB 512GB SSD 14"" FHD IPS Win 11 Home","6.999.000","","","","Kota Tasikmalaya"
"1777282176-126","https://www.blibli.com/cari/laptop%20advan?brand=Advan&sort=0&category=LA-1000004&category=LA-1000005&intent=false&firstLoad=false&page=10&start=360","ADVAN SOULMATE L24I-NSNS1 INTEL CEL N4020/4GB/128GB EMMC/WIN11/14""/BLACK GARANSI RESMI 1 TAHUN","2.499.000","","","","Kab. Melawi"
"1777282176-127","https://www.blibli.com/cari/laptop%20advan?brand=Advan&sort=0&category=LA-1000004&category=LA-1000005&intent=false&firstLoad=false&page=10&start=360","ADVAN WORKPLUS INTEL CORE I5 12600H RAM 24GB SSD 512GB WIN 11","9.000.000","","","","Kota Cirebon"
"1777282176-128","https://www.blibli.com/cari/laptop%20advan?brand=Advan&sort=0&category=LA-1000004&category=LA-1000005&intent=false&firstLoad=false&page=10&start=360","ADVAN Laptop TBook [Intel Alder Lake N100/8GB/128GB/UHD Graphics/14 Inch FHD] - Dark Grey","3.739.000","","","Kota Jakarta Timur","Intel ID Flagship Store"
"1777282176-129","https://www.blibli.com/cari/laptop%20advan?brand=Advan&sort=0&category=LA-1000004&category=LA-1000005&intent=false&firstLoad=false&page=10&start=360","ADVAN Laptop Workplus Ryzen 7 7735HS 16GB 512GB SSD 14"" FHD IPS Windows 11 Silver [Advan Workplus R7]","8.492.000","","","Kota Surabaya","Grosiria Flagship Store"
"1777282176-130","https://www.blibli.com/cari/laptop%20advan?brand=Advan&sort=0&category=LA-1000004&category=LA-1000005&intent=false&firstLoad=false&page=10&start=360","Advan WorkPro i5 Grey [Intel Core i5-12450H 8GB 512GB 14""FHD IPS Intel Graphics Windows11 1 Year] | Pegacare+","6.999.000","","","Kota Yogyakarta","Pegastore.id Flagship Store"
"1777282176-131","https://www.blibli.com/cari/laptop%20advan?brand=Advan&sort=0&category=LA-1000004&category=LA-1000005&intent=false&firstLoad=false&page=10&start=360","Advan Soulmate Laptop 4/384 GB Windows 11 Garansi Resmi","2.569.000","","","Kota Bandung","MetaCore Store Flagship Store"
"1777282176-132","https://www.blibli.com/cari/laptop%20advan?brand=Advan&sort=0&category=LA-1000004&category=LA-1000005&intent=false&firstLoad=false&page=10&start=360","LAPTOP ADVAN SOULMATE N4020 4GB/256GB SSD + 128GB EMMC 14"" WIN 11","2.299.000","","","","Kota Malang"
"1777282176-133","https://www.blibli.com/cari/laptop%20advan?brand=Advan&sort=0&category=LA-1000004&category=LA-1000005&intent=false&firstLoad=false&page=10&start=360","Advan WorkPro Lite Intel Core i5-12450H 8GB SSD 256GB 14"" FHD IPS W11","6.480.000","","","Kota Yogyakarta","ELS Computer Flagship Store"
"1777282176-134","https://www.blibli.com/cari/laptop%20advan?brand=Advan&sort=0&category=LA-1000004&category=LA-1000005&intent=false&firstLoad=false&page=10&start=360","ADVAN Laptop Workplus AMD RYZEN 5 6600H 14'' FHD IPS 16GB 512GB Win 11","7.299.000","","","","Kota Malang"
"1777282176-135","https://www.blibli.com/cari/laptop%20advan?brand=Advan&sort=0&category=LA-1000004&category=LA-1000005&intent=false&firstLoad=false&page=10&start=360","ADVAN Notebook Soulmate 4/128 Celeron N4020 Upgradeble","2.950.000","","Terjual 1","","Kab. Garut"
"1777282176-136","https://www.blibli.com/cari/laptop%20advan?brand=Advan&sort=0&category=LA-1000004&category=LA-1000005&intent=false&firstLoad=false&page=10&start=360","Advan WorkPro Lite – Grey [Intel i5 12450H 8GB SSD 256GB]","6.299.000","","","","Kab. Pasuruan"
"1777283338-137","https://www.blibli.com/cari/laptop%20advan?brand=Advan&sort=0&category=LA-1000004&category=LA-1000005&intent=false&firstLoad=false&page=9&start=320","ADVAN Workplus AI Ryzen 7 225 8GB/512GB 14"" inch FHD+ 16:10 IPS Dual Cooling System Laptop Notebook Free Windows 11 Garansi Resmi 2 Tahun","9.779.000","","","Kota Bandung","Funan Van Java Flagship Store"
"1777283338-138","https://www.blibli.com/cari/laptop%20advan?brand=Advan&sort=0&category=LA-1000004&category=LA-1000005&intent=false&firstLoad=false&page=9&start=320","Advan Laptop 2 in 1 Evo-X 13""Inch Intel N100/12GB LPDDR5/512GB SSD/Intel UHD/WIN 11/1y/13"" 2.5K Touch/2.4G/5G WiFi/Metal Body/5000mAh/Stylus+Keyboard","7.499.000","","","Kota Bandung","Funan Van Java Flagship Store"
"1777283338-139","https://www.blibli.com/cari/laptop%20advan?brand=Advan&sort=0&category=LA-1000004&category=LA-1000005&intent=false&firstLoad=false&page=9&start=320","LAPTOP BARU ADVAN WORKPRO LITE INTEL CORE I3-1220P INTEL UHD RAM 8GB DDR4 SSD 256 14INCH FHD","4.613.370","","","","Kota Surabaya"
"1777283338-140","https://www.blibli.com/cari/laptop%20advan?brand=Advan&sort=0&category=LA-1000004&category=LA-1000005&intent=false&firstLoad=false&page=9&start=320","ADVAN Laptop WorkMate | AMD Ryzen 5 3500U / Intel i3-1215U | 14 Inch FHD+ 16:10 IPS | 8GB/256GB Upgradable | WIFI 5 | Garansi Resmi 1 Tahun","6.199.000","4,8","Terjual 47","Kab. Tangerang","Advan Laptop Flagship Store"
"1777283338-141","https://www.blibli.com/cari/laptop%20advan?brand=Advan&sort=0&category=LA-1000004&category=LA-1000005&intent=false&firstLoad=false&page=9&start=320","ADVAN Laptop Soulmate PLUS AMD RYZEN 5 3500U 8GB 256GB W11","4.375.000","","","","Kota Surabaya"
"1777283338-142","https://www.blibli.com/cari/laptop%20advan?brand=Advan&sort=0&category=LA-1000004&category=LA-1000005&intent=false&firstLoad=false&page=9&start=320","Laptop Advan 360 Go Ryzen Notebook Touchscreen New Original Garansi Resmi","5.639.000","","","Kota Bekasi & kota lainnya","CA Shop Flagship Store"
"1777283338-143","https://www.blibli.com/cari/laptop%20advan?brand=Advan&sort=0&category=LA-1000004&category=LA-1000005&intent=false&firstLoad=false&page=9&start=320","LAPTOP ADVAN WORKMATE R5-3500U/8/256/W11/GREY / LIGHT BLUE","5.759.000","5","Terjual 2","Kota Bandung","Funan Van Java Flagship Store"
"1777283338-144","https://www.blibli.com/cari/laptop%20advan?brand=Advan&sort=0&category=LA-1000004&category=LA-1000005&intent=false&firstLoad=false&page=9&start=320","Laptop Advan WorkPlus Heritage/AMD Ryzen 5-7535HS/8GB DDR4 (Upgrade)/512GB SSD (Upgrade)/AMD Radeon 660M/WIN 11/14"" WUXGA (16:10)","7.459.000","","","Kota Bandung","Funan Van Java Flagship Store"
"1777283338-145","https://www.blibli.com/cari/laptop%20advan?brand=Advan&sort=0&category=LA-1000004&category=LA-1000005&intent=false&firstLoad=false&page=9&start=320","Laptop Advan T. Book -8GB + 128GB +SSD 256GB","4.403.000","","","Kab. Kudus","Sinar Jaya Comp Flagship Store"
"1777283338-146","https://www.blibli.com/cari/laptop%20advan?brand=Advan&sort=0&category=LA-1000004&category=LA-1000005&intent=false&firstLoad=false&page=9&start=320","Laptop ADVAN Soulmate Celeron N4020 4GB/128GB (upgradable) 14"" HD","3.750.000","","Terjual 1","Kota Yogyakarta","Wisno Grahakom Flagship Store"
"1777283338-147","https://www.blibli.com/cari/laptop%20advan?brand=Advan&sort=0&category=LA-1000004&category=LA-1000005&intent=false&firstLoad=false&page=9&start=320","Laptop Advan Soulmate X2 AMD Athlon SIlver N3020 8G 128SSD","3.700.000","","","Kota Bandung","Mediatouch Computer Flagship Store"
"1777283338-148","https://www.blibli.com/cari/laptop%20advan?brand=Advan&sort=0&category=LA-1000004&category=LA-1000005&intent=false&firstLoad=false&page=9&start=320","Laptop ADVAN Workmate Amd Ryzen 5 3500u 8GB 256GB 14'' FHD+","5.713.000","5","Terjual 1","Kota Jakarta Pusat","KlikGadget Flagship Store"
"1777283338-149","https://www.blibli.com/cari/laptop%20advan?brand=Advan&sort=0&category=LA-1000004&category=LA-1000005&intent=false&firstLoad=false&page=9&start=320","Laptop ADVAN Soulmate X AMD 3020e RAM 8GB 128GB SSD Windows 14 Inch FHD","3.634.000","","","Kota Jakarta Pusat","KlikGadget Flagship Store"
"1777283338-150","https://www.blibli.com/cari/laptop%20advan?brand=Advan&sort=0&category=LA-1000004&category=LA-1000005&intent=false&firstLoad=false&page=9&start=320","Laptop Advan Soulmate X RAM 8/128GB + 4/128GB Notebook AMD Windows Home New Original Garansi Resmi","3.339.000","5","Terjual 6","Kota Bekasi & kota lainnya","CA Shop Flagship Store"
"1777283338-151","https://www.blibli.com/cari/laptop%20advan?brand=Advan&sort=0&category=LA-1000004&category=LA-1000005&intent=false&firstLoad=false&page=9&start=320","Advan TBook Notebook - Dark Grey (Intel Celeron N100 / 4GB / 128GB (Upgradabe) / 14"" HD / Free Windows 11","4.249.000","","","Blibli Video Games Flagship Store","Disediakan Blibli"
"1777283338-152","https://www.blibli.com/cari/laptop%20advan?brand=Advan&sort=0&category=LA-1000004&category=LA-1000005&intent=false&firstLoad=false&page=9&start=320","Laptop Advan WorkPlus Heritage reguler /AMD Ryzen 5-7535HS/16GB DDR5 (Upgrade)/512GB SSD/AMD Radeon 660M/WIN 11/14"" WUXGA (16:10)","8.409.000","5","Terjual 1","Kota Bandung","Funan Van Java Flagship Store"
"1777283338-153","https://www.blibli.com/cari/laptop%20advan?brand=Advan&sort=0&category=LA-1000004&category=LA-1000005&intent=false&firstLoad=false&page=9&start=320","ADVAN Laptop 360 Stylus PRO Intel Core i3-1215U/8GB/256GB SSD/Intel UHD/WIN 11/14"" FHD IPS Touch (16:10)/Stylus","6.409.000","","Terjual 1","Kota Bandung","Funan Van Java Flagship Store"
"1777283338-154","https://www.blibli.com/cari/laptop%20advan?brand=Advan&sort=0&category=LA-1000004&category=LA-1000005&intent=false&firstLoad=false&page=9&start=320","ADVAN Workmate Ultra Intel Ultra 5 115U Laptop Notebook Free Windows 11With AI Boost NPU 8GB/256GB 14"" inch FHD+ 16:10 IPS","8.099.000","","","Kota Bandung","Funan Van Java Flagship Store"
"1777283338-155","https://www.blibli.com/cari/laptop%20advan?brand=Advan&sort=0&category=LA-1000004&category=LA-1000005&intent=false&firstLoad=false&page=9&start=320","Advan TBook Notebook - Grey (Intel Celeron N100 / 4GB / 128GB (Upgradabe) / 14"" HD / Free Windows 11","4.249.000","","","Blibli Video Games Flagship Store","Disediakan Blibli"
"1777283338-156","https://www.blibli.com/cari/laptop%20advan?brand=Advan&sort=0&category=LA-1000004&category=LA-1000005&intent=false&firstLoad=false&page=9&start=320","Laptop ADVAN Workmate AMD Ryzen 5 3500U 8GB 256GB Window 11 Home 14.0 UWUXGA IPS","5.915.000","","Terjual 2","Kota Jakarta Barat","Paradisestore.id Flagship Store"
"1777283338-157","https://www.blibli.com/cari/laptop%20advan?brand=Advan&sort=0&category=LA-1000004&category=LA-1000005&intent=false&firstLoad=false&page=9&start=320","Laptop Advan Workplus RAM 16GB 512GB Notebook Intel i5 Gen 12 Windows 11 New Original Garansi Resmi","7.839.000","","","Kota Bekasi","CA Shop Flagship Store"
"1777283338-158","https://www.blibli.com/cari/laptop%20advan?brand=Advan&sort=0&category=LA-1000004&category=LA-1000005&intent=false&firstLoad=false&page=9&start=320","LAPTOP ADVAN T-BOOK TRANSFORMER : INTEL N100,4GB DDR4,128GB EMC,WIN 11HOME,GREY","3.357.819","","","Kota Palembang","MDP SUPERSTORE Flagship Store"
"1777283338-159","https://www.blibli.com/cari/laptop%20advan?brand=Advan&sort=0&category=LA-1000004&category=LA-1000005&intent=false&firstLoad=false&page=9&start=320","LAPTOP ADVAN WORK PLUS HERITAGE SILVER AMD RYZEN 5-7535HS 8GB 512GB WIN 11 HOME TANPA OFFICE NO OHS 2021","7.478.000","","Terjual 2","Kota Surabaya","ExpoComp Flagship Store"
"1777283338-160","https://www.blibli.com/cari/laptop%20advan?brand=Advan&sort=0&category=LA-1000004&category=LA-1000005&intent=false&firstLoad=false&page=9&start=320","Laptop Advan Workplus Heritage RAM 8GB / 16GB 512GB SSD Notebook Ryzen Windows 11 New Original Garansi Resmi","7.839.000","","Terjual 2","Kota Bekasi & kota lainnya","CA Shop Flagship Store"
"1777283338-161","https://www.blibli.com/cari/laptop%20advan?brand=Advan&sort=0&category=LA-1000004&category=LA-1000005&intent=false&firstLoad=false&page=9&start=320","Laptop ADVAN 360 Go 4GB/256GB 14” AMD Ryzen 3 3200U FHD IPS Touchscreen Laptop 2-in-1 Notebook Flip Free Windows 11 Original - Grey, NON BUNDLING","5.544.999","","","Kota Jakarta Pusat","KlikGadget Flagship Store"
"1777283338-162","https://www.blibli.com/cari/laptop%20advan?brand=Advan&sort=0&category=LA-1000004&category=LA-1000005&intent=false&firstLoad=false&page=9&start=320","Laptop Advan Evo X 2 in 1 T25A-NSNS1 - N150 12GB 512GB W11 13-2K IPS Touch","7.200.000","","","Kota Bandung","Sakura Komputer Flagship Store"
"1777283338-163","https://www.blibli.com/cari/laptop%20advan?brand=Advan&sort=0&category=LA-1000004&category=LA-1000005&intent=false&firstLoad=false&page=9&start=320","Laptop Advan TBOOK 8/384GB + 8/128GB + 4/128GB Notebook Intel N100 Windows 11 New Original Garansi Resmi","3.549.000","","Terjual 2","Kota Bekasi & kota lainnya","CA Shop Flagship Store"
"1777283338-164","https://www.blibli.com/cari/laptop%20advan?brand=Advan&sort=0&category=LA-1000004&category=LA-1000005&intent=false&firstLoad=false&page=9&start=320","LAPTOP ADVAN 2 IN 1 EVO-X GREY INTEL CORE i3-1215U 12GB 512GB WIN 11 16 INCH IPS 100% SRGB INCLUDE PEN TOUCH","7.655.000","","","Kota Surabaya","ExpoComp Flagship Store"
"1777283338-165","https://www.blibli.com/cari/laptop%20advan?brand=Advan&sort=0&category=LA-1000004&category=LA-1000005&intent=false&firstLoad=false&page=9&start=320","LAPTOP ADVAN WORKPLUS DARBOTZ(SILVER) AMD RYZEN 7 16GB LPDDR5,512GB SSD PCIE,RADEON GRAPHICS,FINGERPRINT,14""FHD IPS, WINDOWS 11","9.189.801","","","Kota Palembang","MDP SUPERSTORE Flagship Store"
"1777283338-166","https://www.blibli.com/cari/laptop%20advan?brand=Advan&sort=0&category=LA-1000004&category=LA-1000005&intent=false&firstLoad=false&page=9&start=320","ADVAN Laptop 2 in 1 Evo-X 16 Intel i3-1215U 12GB/512GB 2K IPS Free Stylus + Keyboard","7.522.200","5","Terjual 14","Kab. Sleman & kota lainnya","Alyosha Flagship Store"
"1777283338-167","https://www.blibli.com/cari/laptop%20advan?brand=Advan&sort=0&category=LA-1000004&category=LA-1000005&intent=false&firstLoad=false&page=9&start=320","Advan Laptop Workmate AMD Ryzen 5 3500U 8GB 256GB 14"" IPS FHD Windows 11","5.841.000","","","Kota Surabaya","Grosiria Flagship Store"
"1777283338-168","https://www.blibli.com/cari/laptop%20advan?brand=Advan&sort=0&category=LA-1000004&category=LA-1000005&intent=false&firstLoad=false&page=9&start=320","ADVAN Laptop Workplus AMD RYZEN 7 7735HS 16GB 512GB 14'' FHD Work Plus","7.211.000","","Terjual 2","Kota Jakarta Pusat","KlikGadget Flagship Store"
"1777283338-169","https://www.blibli.com/cari/laptop%20advan?brand=Advan&sort=0&category=LA-1000004&category=LA-1000005&intent=false&firstLoad=false&page=9&start=320","ADVAN Laptop AI Gen Core Ultra 5 125H 512GB SSD 16GB RAM Arc Graphic Grey [Advan AI ULTRA 5 GREY]","9.480.404","","","Kota Surabaya","Grosiria Flagship Store"
"1777283338-170","https://www.blibli.com/cari/laptop%20advan?brand=Advan&sort=0&category=LA-1000004&category=LA-1000005&intent=false&firstLoad=false&page=9&start=320","LAPTOP ADVAN SOULMATE 1405","2.600.000","","","","Kab. Bandung"
"1777283338-171","https://www.blibli.com/cari/laptop%20advan?brand=Advan&sort=0&category=LA-1000004&category=LA-1000005&intent=false&firstLoad=false&page=9&start=320","Advan Workpro Laptop i5 8/256GB | Intel Core i5-1035G7 | Garansi Resmi Advan Indonesia 1 Tahun","4.509.000","","Terjual 2","Kota Tangerang","Evogad Flagship Store"
"1777283338-172","https://www.blibli.com/cari/laptop%20advan?brand=Advan&sort=0&category=LA-1000004&category=LA-1000005&intent=false&firstLoad=false&page=9&start=320","ADVAN Workplus Heritage Batik AMD Ryzen 5 7535HS RAM16GB SSD1TB 14'' FHD IPS Windows 11","7.249.000","4,8","Terjual 25","Kota Jakarta Pusat","SKYNET COMPUTER Flagship Store"
"1777283338-173","https://www.blibli.com/cari/laptop%20advan?brand=Advan&sort=0&category=LA-1000004&category=LA-1000005&intent=false&firstLoad=false&page=9&start=320","ADVAN Laptop 2 in 1 Evo-X 13 Intel N100 12GB/512GB 2K IPS 100% SRGB","7.202.790","","","Kota Bandung","Up To Date Computer Flagship Store"
"1777283338-174","https://www.blibli.com/cari/laptop%20advan?brand=Advan&sort=0&category=LA-1000004&category=LA-1000005&intent=false&firstLoad=false&page=9&start=320","ADVAN Laptop 2 In 1 360 GO | Touchscreen | 14 Inch IPS FHD | 4GB/256GB | Windows 11 | Garansi Resmi 1 Tahun","4.999.000","","","Kab. Tangerang","Advan Laptop Flagship Store"
"1777283338-175","https://www.blibli.com/cari/laptop%20advan?brand=Advan&sort=0&category=LA-1000004&category=LA-1000005&intent=false&firstLoad=false&page=9&start=320","ADVAN LAPTOP WORKMATE ULTRA | INTEL ULTRA 5 115U WITH AI BOOST | 14 INCH FHD+ 16:10 IPS | 8GB+256GB | FREE WINDOWS 11","8.199.000","","","Kab. Tangerang","Advan Laptop Flagship Store"
"1777283338-176","https://www.blibli.com/cari/laptop%20advan?brand=Advan&sort=0&category=LA-1000004&category=LA-1000005&intent=false&firstLoad=false&page=9&start=320","[FREE STYLUS PEN +KEYBOARD] ADVAN Laptop 2 in 1 EVO-X 16” / 13"" Touchscreen Detachable 2.5K Display Intel i3-1215U / Intel N100 12GB/512GB Windows 11","6.099.000","","Terjual 3","Kab. Tangerang","Advan Laptop Flagship Store"
"1777283338-177","https://www.blibli.com/cari/laptop%20advan?brand=Advan&sort=0&category=LA-1000004&category=LA-1000005&intent=false&firstLoad=false&page=9&start=320","ADVAN Laptop 2in1 EVO-X 16”Touch Screen Detachable 2.5K Intel i3-1215U 12GB/512GB WIN 11 Free Stylus","7.399.000","","Terjual 2","Kota Jakarta Pusat","ANUGERAH DIGITAL Flagship Store"
"1777283338-178","https://www.blibli.com/cari/laptop%20advan?brand=Advan&sort=0&category=LA-1000004&category=LA-1000005&intent=false&firstLoad=false&page=9&start=320","ADVAN Laptop WORKPLUS HERITAGE AMD Ryzen 5 7535HS 8GB 16GB 512GB SSD 14"" WUXGA W11 Silver [ADVAN WORKPLUS HERITAGE R5]","7.220.404","","","Kota Surabaya","Grosiria Flagship Store"
"1777283338-179","https://www.blibli.com/cari/laptop%20advan?brand=Advan&sort=0&category=LA-1000004&category=LA-1000005&intent=false&firstLoad=false&page=9&start=320","ADVAN Laptop Gaming Pixwar Touchscreen | Ryzen 7 6800H | 16GB/512GB | Display 15,6 Inch FHD Touchscreen | Garansi Resmi 1 Tahum","9.199.000","","","Kab. Tangerang","Advan Indonesia Flagship Store"
"1777283338-180","https://www.blibli.com/cari/laptop%20advan?brand=Advan&sort=0&category=LA-1000004&category=LA-1000005&intent=false&firstLoad=false&page=9&start=320","ADVAN Laptop 2 In 1 360 GO | Touchscreen | 14 Inch IPS FHD | 4GB/256GB | Windows 11 | Garansi Resmi 1 Tahun","4.999.000","","","Kab. Tangerang","Advan Indonesia Flagship Store"
"1777283338-181","https://www.blibli.com/cari/laptop%20advan?brand=Advan&sort=0&category=LA-1000004&category=LA-1000005&intent=false&firstLoad=false&page=9&start=320","ADVAN Laptop Workplus Heritage Ryzen 5 7535HS 16GB/1TB Desain Batik Megamendung 14"" IPS Full HD Plus WUXGA 1920x1200 Display 16:10 Windows 11","8.099.000","4","Terjual 1","Kab. Tangerang","Advan Indonesia Flagship Store"
"1777283338-182","https://www.blibli.com/cari/laptop%20advan?brand=Advan&sort=0&category=LA-1000004&category=LA-1000005&intent=false&firstLoad=false&page=9&start=320","ADVAN LAPTOP WORKMATE ULTRA | INTEL ULTRA 5 115U WITH AI BOOST | 14 INCH FHD+ 16:10 IPS | 8GB+256GB | FREE WINDOWS 11 | Garansi Resmi","8.499.000","","","Kab. Tangerang","Advan Indonesia Flagship Store"
"1777283338-183","https://www.blibli.com/cari/laptop%20advan?brand=Advan&sort=0&category=LA-1000004&category=LA-1000005&intent=false&firstLoad=false&page=9&start=320","[NEW LAUNCH] ADVAN Soulmate X | 14 Inch FHD | AMD 3020e | 4GB/128GB Upgradable | Slim & Elegant Design | FREE WINDOWS 11 Original","3.699.000","5","Terjual 9","Kab. Tangerang","Advan Laptop Flagship Store"
"1777283338-184","https://www.blibli.com/cari/laptop%20advan?brand=Advan&sort=0&category=LA-1000004&category=LA-1000005&intent=false&firstLoad=false&page=9&start=320","ADVAN Laptop 2 in 1 EVO-X 16” / 13"" Touch Screen Detachable 2.5K Display Intel i3-1215U / Intel N100 12GB/512GB Windows 11 - Free St","5.999.000","","Terjual 2","Kab. Tangerang","Advan Indonesia Flagship Store"
"1777283338-185","https://www.blibli.com/cari/laptop%20advan?brand=Advan&sort=0&category=LA-1000004&category=LA-1000005&intent=false&firstLoad=false&page=9&start=320","ADVAN Laptop WorkMate | AMD Ryzen 5 3500U / Intel i3-1215U | 14 Inch FHD+ 16:10 IPS | 8GB/256GB Upgradable | WIFI 5 | Free WIndows 11","5.799.000","","","Kab. Tangerang","Advan Indonesia Flagship Store"
"1777283338-186","https://www.blibli.com/cari/laptop%20advan?brand=Advan&sort=0&category=LA-1000004&category=LA-1000005&intent=false&firstLoad=false&page=9&start=320","LAPTOP ADVAN X360 STLYUS (I3)","7.350.000","","","","Kota Malang"
"1777283338-187","https://www.blibli.com/cari/laptop%20advan?brand=Advan&sort=0&category=LA-1000004&category=LA-1000005&intent=false&firstLoad=false&page=9&start=320","Advan Laptop 2 in 1 Evo-X 13""Inch Intel N100/12GB LPDDR5/512GB SSD/Intel UHD/WIN 11/1y/13"" 2.5K Touch/2.4G/5G WiFi/Metal Body/5000mAh/Stylus+Keyboard","7.499.000","","","Kota Bandung","Funan Van Java Flagship Store"
"1777283338-188","https://www.blibli.com/cari/laptop%20advan?brand=Advan&sort=0&category=LA-1000004&category=LA-1000005&intent=false&firstLoad=false&page=9&start=320","LAPTOP ADVAN SOLULMATE X2-L25D","4.305.000","","","","Kota Malang"
"1777283338-189","https://www.blibli.com/cari/laptop%20advan?brand=Advan&sort=0&category=LA-1000004&category=LA-1000005&intent=false&firstLoad=false&page=9&start=320","ADVAN T-BOOK X TRANSFORMERS 3 GREY INTEL N100 4GB 128GB WIN 11 HOME NO OFFICE TANPA OHS","4.196.000","","","Kota Surabaya","ExpoComp Flagship Store"
"1777283338-190","https://www.blibli.com/cari/laptop%20advan?brand=Advan&sort=0&category=LA-1000004&category=LA-1000005&intent=false&firstLoad=false&page=9&start=320","ADVAN Workplus AI Ryzen 7 225 8GB/512GB 14"" inch FHD+ 16:10 IPS Dual Cooling System Laptop Notebook Free Windows 11 Garansi Resmi 2 Tahun","9.779.000","","","Kota Bandung","Funan Van Java Flagship Store"
"1777283338-191","https://www.blibli.com/cari/laptop%20advan?brand=Advan&sort=0&category=LA-1000004&category=LA-1000005&intent=false&firstLoad=false&page=9&start=320","Laptop Advan Soulmate 128GB 256GB Notebook Intel RAM Upgradable Resmi","2.665.000","","","","Kab. Bandung"
"1777283338-192","https://www.blibli.com/cari/laptop%20advan?brand=Advan&sort=0&category=LA-1000004&category=LA-1000005&intent=false&firstLoad=false&page=9&start=320","Advan EVO-X 13 2IN1 Intel Laptop Pentium 6500Y 12GB 256GB 13"" IPS Touch W11","6.095.000","","","Kota Surakarta (Solo)","Risc Computer Flagship Store"
"1777283338-193","https://www.blibli.com/cari/laptop%20advan?brand=Advan&sort=0&category=LA-1000004&category=LA-1000005&intent=false&firstLoad=false&page=9&start=320","Advan 360 Stylus Notebook 2in1","6.554.000","","","Kota Yogyakarta","Wisno Grahakom Flagship Store"
"1777283338-194","https://www.blibli.com/cari/laptop%20advan?brand=Advan&sort=0&category=LA-1000004&category=LA-1000005&intent=false&firstLoad=false&page=9&start=320","JUMPALITAN - ADVAN Soulmate X | 14 Inch FHD | AMD 3020e | 4GB/128GB Upgradable | Slim & Elegant Design | FREE WINDOWS 11 Original","3.398.000","","","Kab. Tangerang","Advan Laptop Flagship Store"
"1777283338-195","https://www.blibli.com/cari/laptop%20advan?brand=Advan&sort=0&category=LA-1000004&category=LA-1000005&intent=false&firstLoad=false&page=9&start=320","ADVAN Workmate AMD Ryzen 5 3500U 8GB/256GB","6.099.000","","","Kota Surabaya","Mobile Phone Shop - Laptop Flagship Store"
"1777283338-196","https://www.blibli.com/cari/laptop%20advan?brand=Advan&sort=0&category=LA-1000004&category=LA-1000005&intent=false&firstLoad=false&page=9&start=320","ADVAN Soulmate X2 14” IPS FHD AMD 3020e 4GB/128GB Free Windows 11 Original Laptop Notebook Upgradeable","3.739.000","","","Kota Jakarta Pusat","Satria Baja Hitam Flagship Store"
"1777283338-197","https://www.blibli.com/cari/laptop%20advan?brand=Advan&sort=0&category=LA-1000004&category=LA-1000005&intent=false&firstLoad=false&page=9&start=320","Advan Gaming Pixwar x Transformer Amd Ryzen 7 6800H 15.6'' Fhd IPS AMD Radeon Graphic Windows 11 | Garansi Resmi Advan Indonesia 1 Tahun","8.595.000","","","Kota Tangerang","Evogad Flagship Store"
"1777283338-198","https://www.blibli.com/cari/laptop%20advan?brand=Advan&sort=0&category=LA-1000004&category=LA-1000005&intent=false&firstLoad=false&page=9&start=320","Laptop ADVAN Soulmate Celeron N4020 4GB/128GB (upgradable) 14"" HD","2.550.000","","","","Kota Cirebon"
"1777283338-199","https://www.blibli.com/cari/laptop%20advan?brand=Advan&sort=0&category=LA-1000004&category=LA-1000005&intent=false&firstLoad=false&page=9&start=320","Laptop Advan Workplus Heritage RAM 8GB 512GB Notebook Ryzen Windows 11 New Original Garansi Resmi","7.840.000","","","","Kota Bekasi"
"1777283338-200","https://www.blibli.com/cari/laptop%20advan?brand=Advan&sort=0&category=LA-1000004&category=LA-1000005&intent=false&firstLoad=false&page=9&start=320","Advan Workmate L25C-R53S1 Ryzen 5 3500U 8GB 256GB W11 Home Light Blue","5.859.000","5","Terjual 2","Kota Denpasar","Blessing Computer Flagship Store"
"1777283338-201","https://www.blibli.com/cari/laptop%20advan?brand=Advan&sort=0&category=LA-1000004&category=LA-1000005&intent=false&firstLoad=false&page=9&start=320","LAPTOP ADVAN SOULMATE CELERON N4020 RAM 4GB ROM 128GB GARANSI RESMI WINDOWS","2.436.755","","","","Kota Medan"
"1777283338-202","https://www.blibli.com/cari/laptop%20advan?brand=Advan&sort=0&category=LA-1000004&category=LA-1000005&intent=false&firstLoad=false&page=9&start=320","ADVAN SOULMATE X2 AMD ATHLON 3020 8GB RAM 128GB SSD W11 14.0 FHD IPS","3.995.001","","","Kota Medan","Agres ID Medan Flagship Store"
"1777283338-203","https://www.blibli.com/cari/laptop%20advan?brand=Advan&sort=0&category=LA-1000004&category=LA-1000005&intent=false&firstLoad=false&page=9&start=320","Advan Soulmate X2 [AMD 3020/8GB/128GB SSD/WIN11]","3.975.000","","","Kota Medan","Intikom Flagship Store"
"1777283338-204","https://www.blibli.com/cari/laptop%20advan?brand=Advan&sort=0&category=LA-1000004&category=LA-1000005&intent=false&firstLoad=false&page=9&start=320","Advan Workmate R5 [AMD Ryzen 5 3500U/8GB/256GB SSD/WIN11]","6.025.000","5","Terjual 1","Kota Medan","Intikom Flagship Store"
"1777283338-205","https://www.blibli.com/cari/laptop%20advan?brand=Advan&sort=0&category=LA-1000004&category=LA-1000005&intent=false&firstLoad=false&page=9&start=320","ADVAN 2 in 1 Flip 360 Go AMD RYZEN 3 3200U RAM16GB SSD1TB 14inc FHD IPS Touchscreen Windows 11","5.449.000","","","Kota Jakarta Pusat","SKYNET COMPUTER Flagship Store"
"1777283338-206","https://www.blibli.com/cari/laptop%20advan?brand=Advan&sort=0&category=LA-1000004&category=LA-1000005&intent=false&firstLoad=false&page=9&start=320","Advan 360 GO L26A R33S1 Ryzen 3 3200U 8GB 256GB W11 Grey","5.799.000","","","Kota Denpasar","Blessing Computer Flagship Store"
"1777283338-207","https://www.blibli.com/cari/laptop%20advan?brand=Advan&sort=0&category=LA-1000004&category=LA-1000005&intent=false&firstLoad=false&page=9&start=320","ADVAN 360 GO AMD Ryzen 3-3200G/8GB DDR4 /256GB SSD /AMD Radeon Vega 8/WIN 11/1y/14"" FHD IPS Touchscreen/Type-C Port ADVAN 360 TANPA STYLUS","5.349.000","","","Kota Bandung","Funan Van Java Flagship Store"
"1777283338-208","https://www.blibli.com/cari/laptop%20advan?brand=Advan&sort=0&category=LA-1000004&category=LA-1000005&intent=false&firstLoad=false&page=9&start=320","Laptop ADVAN T-BOOK X TRANSFORMERS GREY N100 4GB 128GB WIN 11","3.090.000","","","","Kota Surakarta (Solo)"
"1777283338-209","https://www.blibli.com/cari/laptop%20advan?brand=Advan&sort=0&category=LA-1000004&category=LA-1000005&intent=false&firstLoad=false&page=9&start=320","Advan TBOOK x Transformer [Intel N100/4GB/128GB eMMC/14"" HD TN/Windows 11 Home]","3.784.900","","","Kota Cirebon","Ans Comp Flagship Store"
"1777283338-210","https://www.blibli.com/cari/laptop%20advan?brand=Advan&sort=0&category=LA-1000004&category=LA-1000005&intent=false&firstLoad=false&page=9&start=320","ADVAN Soulmate X2 AMD 3020e 8GB 128GB Win11","3.795.201","","","Kota Bandung","Up To Date Computer Flagship Store"
"1777283338-211","https://www.blibli.com/cari/laptop%20advan?brand=Advan&sort=0&category=LA-1000004&category=LA-1000005&intent=false&firstLoad=false&page=9&start=320","LAPTOP ADVAN PIXEL WAR","12.800.000","","","","Kota Jakarta Pusat"
"1777283338-212","https://www.blibli.com/cari/laptop%20advan?brand=Advan&sort=0&category=LA-1000004&category=LA-1000005&intent=false&firstLoad=false&page=9&start=320","ADVAN SOULMATE 1405 INTEL N4020/4GB/128GB EMMC/14HD/W11","3.698.000","","","Kab. Pemalang","IRAMA MAS DIGITAL Flagship Store"
"1777283338-213","https://www.blibli.com/cari/laptop%20advan?brand=Advan&sort=0&category=LA-1000004&category=LA-1000005&intent=false&firstLoad=false&page=9&start=320","Advan EVO-X 16 T25B-I3AD1 Intel Core i3 1215U 12GB 512GB W11 Home Grey","7.649.000","","","Kota Denpasar","Blessing Computer Flagship Store"
"1777283338-214","https://www.blibli.com/cari/laptop%20advan?brand=Advan&sort=0&category=LA-1000004&category=LA-1000005&intent=false&firstLoad=false&page=9&start=320","NOTEBOOK ADVAN WORK PRO(GREY) : INTEL CORE I5-12450H,8GB DDR4,512GB SSD M.2 2280 SATA,INTEL UHD GRAPHICS,14"" FHD 1920*1200 IPS,WIN 11 HOME (TAS)","6.592.401","","","Kota Palembang","MDP SUPERSTORE Flagship Store"
"1777283338-215","https://www.blibli.com/cari/laptop%20advan?brand=Advan&sort=0&category=LA-1000004&category=LA-1000005&intent=false&firstLoad=false&page=9&start=320","ADVAN T-BOOK TRANSFORMER INTEL N100 4GB 128GB WIN 11","3.099.000","","","Kota Medan","REINO KOMPUTINDO Flagship Store"
"1777283338-216","https://www.blibli.com/cari/laptop%20advan?brand=Advan&sort=0&category=LA-1000004&category=LA-1000005&intent=false&firstLoad=false&page=9&start=320","Advan Workmate L25C-R53S1 Ryzen 5 3500U 8GB 256GB Grey","5.859.000","","","Kota Denpasar","Blessing Computer Flagship Store"
"1777283338-217","https://www.blibli.com/cari/laptop%20advan?brand=Advan&sort=0&category=LA-1000004&category=LA-1000005&intent=false&firstLoad=false&page=9&start=320","Laptop ADVAN WORKMATE Murah 8/256 Notebook RYZEN 5 3500 RAM 8GB 256GB SSD Garansi RESMI","6.199.000","","","","Kota Pontianak"
"1777283338-218","https://www.blibli.com/cari/laptop%20advan?brand=Advan&sort=0&category=LA-1000004&category=LA-1000005&intent=false&firstLoad=false&page=9&start=320","Laptop Advan Soulmate Intel N4020/RAM 4GB/128+128GB/14""/WIN 11/1Y","2.549.000","5","Terjual 2","","Kota Semarang"
"1777283338-219","https://www.blibli.com/cari/laptop%20advan?brand=Advan&sort=0&category=LA-1000004&category=LA-1000005&intent=false&firstLoad=false&page=9&start=320","Laptop Advan Evo-X RAM 12GB 512GB Notebook Intel i3 Windows 11 New Original Garansi Resmi","7.580.000","","","","Kota Bekasi"
"1777283338-220","https://www.blibli.com/cari/laptop%20advan?brand=Advan&sort=0&category=LA-1000004&category=LA-1000005&intent=false&firstLoad=false&page=9&start=320","Laptop Advan Soulmate Intel N4020 RAM 4GB 128GB/14""/WIN 11/GARANSI 1Y","2.499.000","","","","Kota Semarang"
"1777283338-221","https://www.blibli.com/cari/laptop%20advan?brand=Advan&sort=0&category=LA-1000004&category=LA-1000005&intent=false&firstLoad=false&page=9&start=320","LAPTOP ADVAN 360 Stylus 2 in 1 8 GB SSD 256 GB Touchscreen Intel core i5","6.890.000","","Terjual 1","","Kota Jakarta Pusat"
"1777283338-222","https://www.blibli.com/cari/laptop%20advan?brand=Advan&sort=0&category=LA-1000004&category=LA-1000005&intent=false&firstLoad=false&page=9&start=320","Laptop Advan Workplus Air OLED RAM 16GB SSD 512GB Notebook Ryzen 5 Windows 11 New Original Garansi Resmi","9.300.000","","","","Kota Bekasi"
"1777283338-223","https://www.blibli.com/cari/laptop%20advan?brand=Advan&sort=0&category=LA-1000004&category=LA-1000005&intent=false&firstLoad=false&page=9&start=320","Laptop Advan WorkPro Lite Core i3 1220P 8GB 256GB Windows 11 Grey","4.804.000","","","","Kota Surakarta (Solo)"
"1777283338-224","https://www.blibli.com/cari/laptop%20advan?brand=Advan&sort=0&category=LA-1000004&category=LA-1000005&intent=false&firstLoad=false&page=9&start=320","LAPTOP Advan Workmate Ryzen 5 3500U 8GB SSD 256GB 14″FHD IPS W11","5.699.000","","","","Kota Jakarta Pusat"
"1777283338-225","https://www.blibli.com/cari/laptop%20advan?brand=Advan&sort=0&category=LA-1000004&category=LA-1000005&intent=false&firstLoad=false&page=9&start=320","Laptop ADVAN Work Pro Intel Core I5 - 1035G7 FHD IPS 14 Inch Windows 11","7.999.000","","","","Kab. Kudus"
"1777283338-226","https://www.blibli.com/cari/laptop%20advan?brand=Advan&sort=0&category=LA-1000004&category=LA-1000005&intent=false&firstLoad=false&page=9&start=320","Advan Soulmate X2 AMD 3020 RAM 8GB SSD 128GB W11 14.0 IPS WHT Garansi Resmi Advan Indonesia","3.739.000","5","Terjual 2","Kota Jakarta Pusat","Satria Baja Hitam Flagship Store"
"1777283338-227","https://www.blibli.com/cari/laptop%20advan?brand=Advan&sort=0&category=LA-1000004&category=LA-1000005&intent=false&firstLoad=false&page=9&start=320","Advan Workplus|R5-6600H/16G/512G/14"" FHD/Win11/Silver","7.725.000","","Terjual 1","Kota Medan","IT GARAGE GAMING Flagship Store"
"1777283338-228","https://www.blibli.com/cari/laptop%20advan?brand=Advan&sort=0&category=LA-1000004&category=LA-1000005&intent=false&firstLoad=false&page=9&start=320","Advan TBookIntel N100 8Gb/128GB 14″ HD Free Windows 11 Home","3.099.000","","Terjual 1","Kota Yogyakarta","Computa Flagship Store"
"1777283338-229","https://www.blibli.com/cari/laptop%20advan?brand=Advan&sort=0&category=LA-1000004&category=LA-1000005&intent=false&firstLoad=false&page=9&start=320","Advan WorkPlus Intel Core i5-12600H 24GB SSD 512GB 14"" W11","8.924.000","5","Terjual 1","Kota Yogyakarta","ELS Computer Flagship Store"
"1777283338-230","https://www.blibli.com/cari/laptop%20advan?brand=Advan&sort=0&category=LA-1000004&category=LA-1000005&intent=false&firstLoad=false&page=9&start=320","Advan Workplus|R7-6800H/16G/512G/14"" FHD/Win11/Silver","9.225.000","","Terjual 1","Kota Medan","IT GARAGE GAMING Flagship Store"
"1777283338-231","https://www.blibli.com/cari/laptop%20advan?brand=Advan&sort=0&category=LA-1000004&category=LA-1000005&intent=false&firstLoad=false&page=9&start=320","Advan Workplus Heritage AMD Ryzen 5 7535HS 16GB SSD 512GB 14"" IPS W11 (Batik Design)","8.819.000","","","Kota Surakarta (Solo) & kota lainnya","ELS Computer Flagship Store"
"1777283338-232","https://www.blibli.com/cari/laptop%20advan?brand=Advan&sort=0&category=LA-1000004&category=LA-1000005&intent=false&firstLoad=false&page=9&start=320","ADVAN SOULMATE X2 AMD 3020 8GB 128SSD W11 14.0 IPS","3.995.001","","","Kota Medan","AGRES ID FONE Flagship Store"
"1777283338-233","https://www.blibli.com/cari/laptop%20advan?brand=Advan&sort=0&category=LA-1000004&category=LA-1000005&intent=false&firstLoad=false&page=9&start=320","ADVAN Workmate Intel Core i3-1215U 8GB/256GB 14"" Inch FHD+ 16:10 IPS WiFi 5 Upgradable Free WIndows 11 Garansi Resmi 1 Tahun","5.799.000","5","Terjual 1","Kota Yogyakarta","Computa Flagship Store"
"1777283338-234","https://www.blibli.com/cari/laptop%20advan?brand=Advan&sort=0&category=LA-1000004&category=LA-1000005&intent=false&firstLoad=false&page=9&start=320","Advan x Darbotz WorkPlus Ryzen 7 7735HS 16GB SSD 512GB 14"" WUXGA W11","9.299.000","","","Kota Semarang & kota lainnya","ELS Computer Flagship Store"
"1777283338-235","https://www.blibli.com/cari/laptop%20advan?brand=Advan&sort=0&category=LA-1000004&category=LA-1000005&intent=false&firstLoad=false&page=9&start=320","Advan Workpro Lite Intel Core i5-1235U 8GB SSD 256GB 14"" FHD IPS W11 (Processor U Series)","7.559.000","","","Kota Semarang & kota lainnya","ELS Computer Flagship Store"
"1777283338-236","https://www.blibli.com/cari/laptop%20advan?brand=Advan&sort=0&category=LA-1000004&category=LA-1000005&intent=false&firstLoad=false&page=9&start=320","ADVAN WORKPRO INTEL CORE i5 12450H 8GB 512SSD W11 14""FHD IPS","7.491.501","","","Kota Medan","AGRES ID FONE Flagship Store"
"1777283338-237","https://www.blibli.com/cari/laptop%20advan?brand=Advan&sort=0&category=LA-1000004&category=LA-1000005&intent=false&firstLoad=false&page=9&start=320","Advan WorkMate Intel Core Ultra 5 115U 8GB SSD 256GB 14"" WUXGA IPS W11","8.609.000","","","Kota Surakarta (Solo) & kota lainnya","ELS Computer Flagship Store"
"1777283338-238","https://www.blibli.com/cari/laptop%20advan?brand=Advan&sort=0&category=LA-1000004&category=LA-1000005&intent=false&firstLoad=false&page=9&start=320","Advan Workplus AI AMD Ryzen 7 255 8GB SSD 512GB 14"" W11","10.184.000","","","Kota Surakarta (Solo) & kota lainnya","ELS Computer Flagship Store"
"1777283338-239","https://www.blibli.com/cari/laptop%20advan?brand=Advan&sort=0&category=LA-1000004&category=LA-1000005&intent=false&firstLoad=false&page=9&start=320","ADVAN TBook Intel N100 4GB 128GB 14Inch HD W11","3.995.001","","","Kota Medan","AGRES ID FONE Flagship Store"
"1777283338-240","https://www.blibli.com/cari/laptop%20advan?brand=Advan&sort=0&category=LA-1000004&category=LA-1000005&intent=false&firstLoad=false&page=9&start=320","[PROMO] Advan Workplus RAM 16GB 512GB Intel Windows New Original Garansi Resmi","7.839.000","","","Kota Bekasi","CA Shop Flagship Store"
"1777283338-241","https://www.blibli.com/cari/laptop%20advan?brand=Advan&sort=0&category=LA-1000004&category=LA-1000005&intent=false&firstLoad=false&page=9&start=320","Advan PIXWAR T AMD Ryzen 7 6800H 16GB 512GB 15.6 FHD IPS W11","9.299.000","","","Kota Yogyakarta","Computa Flagship Store"
"1777283338-242","https://www.blibli.com/cari/laptop%20advan?brand=Advan&sort=0&category=LA-1000004&category=LA-1000005&intent=false&firstLoad=false&page=9&start=320","[PROMO] Advan Evo-X RAM 12GB 512GB Intel Windows New Original Garansi Resmi","7.579.000","","","Kota Bekasi & kota lainnya","CA Shop Flagship Store"
"1777283338-243","https://www.blibli.com/cari/laptop%20advan?brand=Advan&sort=0&category=LA-1000004&category=LA-1000005&intent=false&firstLoad=false&page=9&start=320","Advan T Book 2 Intel N100 8GB 128GB 14″ HD Free Windows 11 Home","3.850.000","","","Kota Yogyakarta","Computa Flagship Store"
"1777283338-244","https://www.blibli.com/cari/laptop%20advan?brand=Advan&sort=0&category=LA-1000004&category=LA-1000005&intent=false&firstLoad=false&page=9&start=320","Advan Soulmate X AMD Athlon 3020e 4GB/8GB SSD 128GB 14"" FHD IPS W11","3.744.000","5","Terjual 1","Kota Surakarta (Solo) & kota lainnya","ELS Computer Flagship Store"
"1777283338-245","https://www.blibli.com/cari/laptop%20advan?brand=Advan&sort=0&category=LA-1000004&category=LA-1000005&intent=false&firstLoad=false&page=9&start=320","Advan TBook Intel N100 4GB/128GB 14"" W11","4.451.000","","","Kota Surakarta (Solo) & kota lainnya","ELS Computer Flagship Store"
"1777283338-246","https://www.blibli.com/cari/laptop%20advan?brand=Advan&sort=0&category=LA-1000004&category=LA-1000005&intent=false&firstLoad=false&page=9&start=320","Advan TBook Intel N100 8GB 128GB 14"" W11","4.981.000","","","Kota Surakarta (Solo) & kota lainnya","ELS Computer Flagship Store"
"1777283338-247","https://www.blibli.com/cari/laptop%20advan?brand=Advan&sort=0&category=LA-1000004&category=LA-1000005&intent=false&firstLoad=false&page=9&start=320","Laptop ADVAN HERITAGE Ryzen 5 7535HS/8GB DDR5/SSD 512GB/14"" FHD IPS /WIN 11/ Silver","7.299.000","","","","Kota Medan"
"1777283338-248","https://www.blibli.com/cari/laptop%20advan?brand=Advan&sort=0&category=LA-1000004&category=LA-1000005&intent=false&firstLoad=false&page=9&start=320","Advan Soulmate Celeron N4020 4GB SSD 128GB 14"" W11","3.744.000","","Terjual 1","Kota Yogyakarta","ELS Computer Flagship Store"
"1777283338-249","https://www.blibli.com/cari/laptop%20advan?brand=Advan&sort=0&category=LA-1000004&category=LA-1000005&intent=false&firstLoad=false&page=9&start=320","Advan Pixwar AMD Ryzen 7 8745HS 16GB SSD 512GB 15.6"" TouchScreen W11","10.289.000","","","Kota Surakarta (Solo) & kota lainnya","ELS Computer Flagship Store"
"1777283338-250","https://www.blibli.com/cari/laptop%20advan?brand=Advan&sort=0&category=LA-1000004&category=LA-1000005&intent=false&firstLoad=false&page=9&start=320","Laptop Advan SOULMATE X2 Amd 3020e/DDR4 8GB/SSD 128GB/14"" FHD IPS/Win 11 /Silver","3.600.000","","","","Kota Medan"
"1777283338-251","https://www.blibli.com/cari/laptop%20advan?brand=Advan&sort=0&category=LA-1000004&category=LA-1000005&intent=false&firstLoad=false&page=9&start=320","Pre-order","3.888.000","","","","Kota Semarang"
"1777283338-252","https://www.blibli.com/cari/laptop%20advan?brand=Advan&sort=0&category=LA-1000004&category=LA-1000005&intent=false&firstLoad=false&page=9&start=320","Laptop Advan Soulmate X2 AMD Athlon 3020e 8GB 128GB SSD 14 Inch FHD Windows 11 White Garansi Resmi","3.999.000","","","","Kota Surabaya"
"1777283338-253","https://www.blibli.com/cari/laptop%20advan?brand=Advan&sort=0&category=LA-1000004&category=LA-1000005&intent=false&firstLoad=false&page=9&start=320","Laptop Advan Workmate AMD R5 Ryzen 5 3500U ram 8GB ssd 256GB 14"" FHD+ IPS Windows 11 Home","5.925.000","","","","Kota Makassar"
"1777283338-254","https://www.blibli.com/cari/laptop%20advan?brand=Advan&sort=0&category=LA-1000004&category=LA-1000005&intent=false&firstLoad=false&page=9&start=320","Laptop Advan AI GEN AMD Ryzen 7 R7 8845HS ram 16GB ssd 512GB 14"" IPS W11","10.249.995","","","","Kota Cirebon"
"1777283338-255","https://www.blibli.com/cari/laptop%20advan?brand=Advan&sort=0&category=LA-1000004&category=LA-1000005&intent=false&firstLoad=false&page=9&start=320","Pre-order","2.399.000","5","Terjual 17","","Kab. Tangerang"
"1777283338-256","https://www.blibli.com/cari/laptop%20advan?brand=Advan&sort=0&category=LA-1000004&category=LA-1000005&intent=false&firstLoad=false&page=9&start=320","ADVAN Notebook Laptop Workpro Intel I5","5.304.000","5","Terjual 1","","Kota Cirebon"
"1777283338-257","https://www.blibli.com/cari/laptop%20advan?brand=Advan&sort=0&category=LA-1000004&category=LA-1000005&intent=false&firstLoad=false&page=9&start=320","LAPTOP ADVAN 360 Stylus PRO Intel Core i3-1215U 14”IPS FHD Touchscreen 8GB 256GB WIN 11 Touchscreen bisa diLipat","6.699.000","","","","Kota Jakarta Pusat"
"1777283338-258","https://www.blibli.com/cari/laptop%20advan?brand=Advan&sort=0&category=LA-1000004&category=LA-1000005&intent=false&firstLoad=false&page=9&start=320","Laptop Advan Workplus AMD Ryzen 5 660H","7.299.000","","","","Kota Surabaya"
"1777283338-259","https://www.blibli.com/cari/laptop%20advan?brand=Advan&sort=0&category=LA-1000004&category=LA-1000005&intent=false&firstLoad=false&page=9&start=320","Laptop Advan 360 Go Ryzen Notebook Touchscreen New Original Garansi Resmi","5.640.000","","","","Kota Bekasi"
"1777283338-260","https://www.blibli.com/cari/laptop%20advan?brand=Advan&sort=0&category=LA-1000004&category=LA-1000005&intent=false&firstLoad=false&page=9&start=320","LAPTOP ADVAN WORKMATE R5-3500U 8/256 GB GARANSI RESMI","5.695.000","","","Kota Medan","DigitalCellularGroup Flagship Store"
"1777283338-261","https://www.blibli.com/cari/laptop%20advan?brand=Advan&sort=0&category=LA-1000004&category=LA-1000005&intent=false&firstLoad=false&page=9&start=320","Laptop Editing Advan Soulmate X1 AMD 3020E Ram 4GB DDR4 128GB SSD 14"" FHD IPS Windows 11","3.404.000","","","","Kota Madiun"
"1777283338-262","https://www.blibli.com/cari/laptop%20advan?brand=Advan&sort=0&category=LA-1000004&category=LA-1000005&intent=false&firstLoad=false&page=9&start=320","LAPTOP BARU ADVAN 2IN1 EVO-X 13 INTEL N100 INTEL UHD RAM 12GB LPDDR5 SSD 512GB NVME 13INCH 2K IPS","6.075.970","","","","Kota Surabaya"
"1777283338-263","https://www.blibli.com/cari/laptop%20advan?brand=Advan&sort=0&category=LA-1000004&category=LA-1000005&intent=false&firstLoad=false&page=9&start=320","ADVAN Notebook Laptop Soulmate T Celeron N4020 4GB/128GB 14"" HD","2.799.000","","","","Kab. Banyumas"
"1777283338-264","https://www.blibli.com/cari/laptop%20advan?brand=Advan&sort=0&category=LA-1000004&category=LA-1000005&intent=false&firstLoad=false&page=9&start=320","Advan Soulmate Laptop 4/384 GB Windows 11 Garansi Resmi","2.499.000","","Terjual 1","","Kota Bandung"
"1777283338-265","https://www.blibli.com/cari/laptop%20advan?brand=Advan&sort=0&category=LA-1000004&category=LA-1000005&intent=false&firstLoad=false&page=9&start=320","Laptop Advan TBOOK 4 inch Intel N100 4GB / 128GB","3.353.150","","Terjual 3","Kab. Sleman & kota lainnya","Alyosha Flagship Store"
"1777283338-266","https://www.blibli.com/cari/laptop%20advan?brand=Advan&sort=0&category=LA-1000004&category=LA-1000005&intent=false&firstLoad=false&page=9&start=320","ADVAN Laptop Workplus AMD Ryzen 5 6600H 14” FHD IPS 16GB 512GB","7.699.000","","","","Kota Malang"
"1777283338-267","https://www.blibli.com/cari/laptop%20advan?brand=Advan&sort=0&category=LA-1000004&category=LA-1000005&intent=false&firstLoad=false&page=9&start=320","ADVAN LAPTOP SOULMATE X2 AMD 3020E 14 INCH 8/128 - GARANSI RESMI","4.012.250","","","","Kota Surabaya"
"1777283338-268","https://www.blibli.com/cari/laptop%20advan?brand=Advan&sort=0&category=LA-1000004&category=LA-1000005&intent=false&firstLoad=false&page=9&start=320","Laptop Advan Workmate 8GB 256GB Notebook Intel i3 Windows 11 New Original Garansi Resmi","5.689.000","","","Kota Bekasi & kota lainnya","CA Shop Flagship Store"
"1777283338-269","https://www.blibli.com/cari/laptop%20advan?brand=Advan&sort=0&category=LA-1000004&category=LA-1000005&intent=false&firstLoad=false&page=9&start=320","Laptop Advan Workmate 8GB 256GB Notebook Ryzen 5 Windows 11 New Original Garansi Resmi","5.689.000","","Terjual 2","Kota Bekasi & kota lainnya","CA Shop Flagship Store"
"1777283338-270","https://www.blibli.com/cari/laptop%20advan?brand=Advan&sort=0&category=LA-1000004&category=LA-1000005&intent=false&firstLoad=false&page=9&start=320","Laptop Advan Workmate 8GB 256GB Notebook Ryzen 5 Windows 11 New Original Garansi Resmi","5.690.000","","","","Kota Bekasi"
"1777283338-271","https://www.blibli.com/cari/laptop%20advan?brand=Advan&sort=0&category=LA-1000004&category=LA-1000005&intent=false&firstLoad=false&page=9&start=320","ADVAN Notebook Laptop Workpro Intel I5 14'' FHD IPS 8GB 256GB Win 11","5.199.000","","","","Kota Bandung"
"1777283338-272","https://www.blibli.com/cari/laptop%20advan?brand=Advan&sort=0&category=LA-1000004&category=LA-1000005&intent=false&firstLoad=false&page=9&start=320","Laptop ADVAN TBOOK 2 Murah 4/128 Notebook INTEL N100 4GB 128GB Garansi RESMI","4.499.000","","","","Kota Pontianak"
"1777283338-273","https://www.blibli.com/cari/laptop%20advan?brand=Advan&sort=0&category=LA-1000004&category=LA-1000005&intent=false&firstLoad=false&page=9&start=320","ADVAN Laptop 360 Stylus 2in1 Touchscreen - Intel i3 14.1'' FHD IPS","6.399.000","","","","Kota Bandung"
"1777283338-274","https://www.blibli.com/cari/laptop%20advan?brand=Advan&sort=0&category=LA-1000004&category=LA-1000005&intent=false&firstLoad=false&page=9&start=320","Laptop Advan Workmate 8GB 256GB Notebook Intel i3 Windows 11 New Original Garansi Resmi","5.690.000","","","","Kota Bekasi"
"1777283338-275","https://www.blibli.com/cari/laptop%20advan?brand=Advan&sort=0&category=LA-1000004&category=LA-1000005&intent=false&firstLoad=false&page=9&start=320","Laptop ADVAN Workpro Intel Core i5-1035G7 8/256 SSD 14"" FHD","5.499.000","","","","Kota Malang"
"1777283338-276","https://www.blibli.com/cari/laptop%20advan?brand=Advan&sort=0&category=LA-1000004&category=LA-1000005&intent=false&firstLoad=false&page=9&start=320","LAPTOP ADVAN SOULMATE X2 RAM 8GB 128GB SSD AMD garansi Resmi","4.099.000","","Terjual 1","","Kota Pontianak"
"1777283338-277","https://www.blibli.com/cari/laptop%20advan?brand=Advan&sort=0&category=LA-1000004&category=LA-1000005&intent=false&firstLoad=false&page=9&start=320","LAPTOP ADVAN SOULMATE X AMD 3020E|8GB|128GB 14 HD| W11","3.979.005","","","","Kota Pekanbaru"
"1777283338-278","https://www.blibli.com/cari/laptop%20advan?brand=Advan&sort=0&category=LA-1000004&category=LA-1000005&intent=false&firstLoad=false&page=9&start=320","ADVAN Laptop Workplus AMD RYZEN 5 6600H 14'' FHD IPS 16GB 512GB Win 11","7.500.000","","","","Kota Semarang"
"1777283338-279","https://www.blibli.com/cari/laptop%20advan?brand=Advan&sort=0&category=LA-1000004&category=LA-1000005&intent=false&firstLoad=false&page=9&start=320","Laptop Advan T BOOK 14 inch Intel N100 8GB /4 GB 128GB","3.365.000","","Terjual 5","Kota Semarang","Alyosha Semarang Flagship Store"
"1777283338-280","https://www.blibli.com/cari/laptop%20advan?brand=Advan&sort=0&category=LA-1000004&category=LA-1000005&intent=false&firstLoad=false&page=9&start=320","ADVAN Laptop Workplus AMD RYZEN 5 6600H 14'' FHD IPS 16GB 512GB Win 11","7.399.000","","","","Kota Semarang"
"1777283338-281","https://www.blibli.com/cari/laptop%20advan?brand=Advan&sort=0&category=LA-1000004&category=LA-1000005&intent=false&firstLoad=false&page=9&start=320","ADVAN Laptop Workplus AMD RYZEN 5 6600H 14'' FHD IPS 16GB 512GB Win 11","9.999.000","","","","Kota Bandung"
"1777283338-282","https://www.blibli.com/cari/laptop%20advan?brand=Advan&sort=0&category=LA-1000004&category=LA-1000005&intent=false&firstLoad=false&page=9&start=320","Laptop Advan Workmate Ultra 8GB 256GB Notebook Intel Ultra 5 Windows 11 New Original Garansi Resmi","7.839.000","","","Kota Bekasi & kota lainnya","CA Shop Flagship Store"
"1777283338-283","https://www.blibli.com/cari/laptop%20advan?brand=Advan&sort=0&category=LA-1000004&category=LA-1000005&intent=false&firstLoad=false&page=9&start=320","LAPTOP ADVAN WORKMATE R5-3500U/8/256/W11/GREY / LIGHT BLUE","5.759.000","5","Terjual 2","Kota Bandung","Funan Van Java Flagship Store"
"1777283338-284","https://www.blibli.com/cari/laptop%20advan?brand=Advan&sort=0&category=LA-1000004&category=LA-1000005&intent=false&firstLoad=false&page=9&start=320","LAPTOP ADVAN PIXWAR R7-6800H|16GB SSD512|15,6"" IPS|W11|TOUCHSCREEN","9.352.005","","","","Kota Pekanbaru"
"1777283338-285","https://www.blibli.com/cari/laptop%20advan?brand=Advan&sort=0&category=LA-1000004&category=LA-1000005&intent=false&firstLoad=false&page=9&start=320","ADVAN Laptop Workplus AMD RYZEN 5 6600H 14'' FHD IPS 16GB 512GB Win 11","7.190.000","","","","Kota Cirebon"
"1777283338-286","https://www.blibli.com/cari/laptop%20advan?brand=Advan&sort=0&category=LA-1000004&category=LA-1000005&intent=false&firstLoad=false&page=9&start=320","Advan Laptop AI Gen RAM 16GB 512GB Notebook Intel Core Ultra 5 125H IPS Windows 11 New Original Garansi Resmi","9.610.000","","","","Kota Bekasi"
"1777283338-287","https://www.blibli.com/cari/laptop%20advan?brand=Advan&sort=0&category=LA-1000004&category=LA-1000005&intent=false&firstLoad=false&page=9&start=320","Laptop Advan Soulmate X AMD 3020e 8GB SSD 128GB WIN 11 Home","4.200.000","","","Kota Bandung","Sakura Komputer Flagship Store"
"1777283338-288","https://www.blibli.com/cari/laptop%20advan?brand=Advan&sort=0&category=LA-1000004&category=LA-1000005&intent=false&firstLoad=false&page=9&start=320","Laptop ADVAN Workpro Lite I3-1220P 8GB 256 SSD 14"" Win11 HOME","6.399.000","","Terjual 1","Kota Jakarta Pusat","FLIXX.ID Flagship Store"
"1777283338-289","https://www.blibli.com/cari/laptop%20advan?brand=Advan&sort=0&category=LA-1000004&category=LA-1000005&intent=false&firstLoad=false&page=9&start=320","Laptop Advan Evo-X RAM 12GB 512GB Notebook Intel i3 Windows 11 New Original Garansi Resmi","7.579.000","","Terjual 1","Kota Bekasi & kota lainnya","CA Shop Flagship Store"
"1777283338-290","https://www.blibli.com/cari/laptop%20advan?brand=Advan&sort=0&category=LA-1000004&category=LA-1000005&intent=false&firstLoad=false&page=9&start=320","Laptop Advan Workmate Ultra 8GB 256GB Notebook Intel Ultra 5 Windows 11 New Original Garansi Resmi","7.840.000","","","","Kota Bekasi"
"1777283338-291","https://www.blibli.com/cari/laptop%20advan?brand=Advan&sort=0&category=LA-1000004&category=LA-1000005&intent=false&firstLoad=false&page=9&start=320","ADVAN Laptop Workplus AMD Ryzen 5 6600H 14'' FHD IPS 16Gb 512Gb 1 TB Win 11","7.850.000","","","","Kota Semarang"
"1777283338-292","https://www.blibli.com/cari/laptop%20advan?brand=Advan&sort=0&category=LA-1000004&category=LA-1000005&intent=false&firstLoad=false&page=9&start=320","ADVAN LAPTOP S5-85S i5-1235U 8GB 512GB INTEL WINDOWS 11 - 1 YEAR","10.349.000","","","","Kota Tangerang"
"1777283338-293","https://www.blibli.com/cari/laptop%20advan?brand=Advan&sort=0&category=LA-1000004&category=LA-1000005&intent=false&firstLoad=false&page=9&start=320","LAPTOP ADVAN WORKPLUS HERITAGE R5-7535HS 8GB|SSD512|14"" IPS|W11","7.859.505","","","","Kota Pekanbaru"
"1777283338-294","https://www.blibli.com/cari/laptop%20advan?brand=Advan&sort=0&category=LA-1000004&category=LA-1000005&intent=false&firstLoad=false&page=9&start=320","Laptop Advan Work Pro Lite Core I5 12450H 8GB 256GB W11 Home","8.750.000","","Terjual 1","","Kota Batam"
"1777283338-295","https://www.blibli.com/cari/laptop%20advan?brand=Advan&sort=0&category=LA-1000004&category=LA-1000005&intent=false&firstLoad=false&page=9&start=320","ADVAN LAPTOP S5 85S Intel Core i5 1235U 8GB 512 SSD 14""FHD WIN 11","12.499.000","","","","Kota Semarang"
"1777283338-296","https://www.blibli.com/cari/laptop%20advan?brand=Advan&sort=0&category=LA-1000004&category=LA-1000005&intent=false&firstLoad=false&page=9&start=320","Laptop Advan Workplus RAM 16GB 512GB Notebook Intel i5 Gen 12 Windows 11 New Original Garansi Resmi","7.840.000","","","","Kota Bekasi"
"1777283338-297","https://www.blibli.com/cari/laptop%20advan?brand=Advan&sort=0&category=LA-1000004&category=LA-1000005&intent=false&firstLoad=false&page=9&start=320","ADVAN LAPTOP S7-110S i7-1255U 16GB 1TB SSD INTEL WINDOWS 11 - 1 YEAR","14.099.000","","","","Kota Tangerang"
"1777283338-298","https://www.blibli.com/cari/laptop%20advan?brand=Advan&sort=0&category=LA-1000004&category=LA-1000005&intent=false&firstLoad=false&page=9&start=320","ADVAN Laptop 360 Stylus PRO Intel Core i3-1215U 14”IPS FHD Touchscreen 8GB 256GB WIN 11","6.736.000","","","","Kota Semarang"
"1777283338-299","https://www.blibli.com/cari/laptop%20advan?brand=Advan&sort=0&category=LA-1000004&category=LA-1000005&intent=false&firstLoad=false&page=9&start=320","Laptop Advan Workplus Air OLED RAM 16GB SSD 512GB Notebook Ryzen 5 Windows 11 New Original Garansi Resmi","9.299.000","","Terjual 2","Kota Bekasi","CA Shop Flagship Store"
"1777283338-300","https://www.blibli.com/cari/laptop%20advan?brand=Advan&sort=0&category=LA-1000004&category=LA-1000005&intent=false&firstLoad=false&page=9&start=320","ADVAN LAPTOP S7-110S i7-1255U 16GB 1TB SSD INTEL WINDOWS 11 - 3 YEAR","16.149.000","","","","Kota Tangerang"
"1777283338-301","https://www.blibli.com/cari/laptop%20advan?brand=Advan&sort=0&category=LA-1000004&category=LA-1000005&intent=false&firstLoad=false&page=9&start=320","Laptop Advan Pixwar T 16GB 512GB Touchscreen Notebook Ryzen 7 Windows 11 Gaming New Original Garansi Resmi","8.879.000","","","Kota Bekasi & kota lainnya","CA Shop Flagship Store"
"1777283338-302","https://www.blibli.com/cari/laptop%20advan?brand=Advan&sort=0&category=LA-1000004&category=LA-1000005&intent=false&firstLoad=false&page=9&start=320","ADVAN LAPTOP S3-82S i3-1215U 8GB 256GB INTEL WINDOWS 11 - 1 YEAR","8.799.000","","","","Kota Tangerang"
"1777283338-303","https://www.blibli.com/cari/laptop%20advan?brand=Advan&sort=0&category=LA-1000004&category=LA-1000005&intent=false&firstLoad=false&page=9&start=320","LAPTOP ADVAN WORKPRO I5-12450H|8GB|SSD512|14'FHD|IRIS PLUS| W11","7.461.505","","","","Kota Pekanbaru"
"1777283338-304","https://www.blibli.com/cari/laptop%20advan?brand=Advan&sort=0&category=LA-1000004&category=LA-1000005&intent=false&firstLoad=false&page=9&start=320","ADVAN LAPTOP S3-82S (GEN 12) i3-1215U 8GB 256GB 14""FHD Win 11 Home","11.799.041","","","","Kota Jakarta Pusat"
"1777283338-305","https://www.blibli.com/cari/laptop%20advan?brand=Advan&sort=0&category=LA-1000004&category=LA-1000005&intent=false&firstLoad=false&page=9&start=320","ADVAN Laptop 360 Stylus PRO Intel Core i3-1215U ram 8GB ssd 256GB 14” IPS Touch Windows 11","6.649.000","","","","Kota Makassar"
"1777283338-306","https://www.blibli.com/cari/laptop%20advan?brand=Advan&sort=0&category=LA-1000004&category=LA-1000005&intent=false&firstLoad=false&page=9&start=320","ADVAN LAPTOP W5-15S i5-12450H 16GB 512GB SSD INTEL WINDOWS 11 - 1 YEAR","9.500.000","","","","Kota Tangerang"
"1777283338-307","https://www.blibli.com/cari/laptop%20advan?brand=Advan&sort=0&category=LA-1000004&category=LA-1000005&intent=false&firstLoad=false&page=9&start=320","ADVAN Laptop WorkPlus AMD Ryzen 5 6600H 14"" FHD IPS RAM 16GB 51GB SSD Win 11 Original","7.790.000","","Terjual 4","","Kota Jakarta Pusat"
"1777283338-308","https://www.blibli.com/cari/laptop%20advan?brand=Advan&sort=0&category=LA-1000004&category=LA-1000005&intent=false&firstLoad=false&page=9&start=320","LAPTOP ADVAN SOULMATE X2 AMD 3020E 8/128 GB 11 HOME 14 INCH GARANSI RESMI","3.750.000","","","Kota Medan","DigitalCellularGroup Flagship Store"
"1777283338-309","https://www.blibli.com/cari/laptop%20advan?brand=Advan&sort=0&category=LA-1000004&category=LA-1000005&intent=false&firstLoad=false&page=9&start=320","LAPTOP ADVAN WORKPLUS DARBOTZ(SILVER) AMD RYZEN 7 16/,512GB SSD 4""FHD IPS WINDOWS 11 HOME","8.190.801","","Terjual 2","Kota Palembang","MDP SUPERSTORE Flagship Store"
"1777283338-310","https://www.blibli.com/cari/laptop%20advan?brand=Advan&sort=0&category=LA-1000004&category=LA-1000005&intent=false&firstLoad=false&page=9&start=320","Laptop Advan Evo-X RAM 12GB 256GB Notebook Intel 6500Y Windows 11 Touchscreen New Original Garansi Resmi","5.849.000","","","Kota Bekasi & kota lainnya","CA Shop Flagship Store"
"1777283338-311","https://www.blibli.com/cari/laptop%20advan?brand=Advan&sort=0&category=LA-1000004&category=LA-1000005&intent=false&firstLoad=false&page=9&start=320","Laptop 2 in 1 Advan Evo-X RAM 12GB 256GB Notebook Intel 6500Y Windows 11 Touchscreen New Original Garansi Resmi","5.850.000","","","","Kota Bekasi"
"1777283338-312","https://www.blibli.com/cari/laptop%20advan?brand=Advan&sort=0&category=LA-1000004&category=LA-1000005&intent=false&firstLoad=false&page=9&start=320","ADVAN LAPTOP T3-0805S (T Series) i3-1215U 8GB 512GB INTEL WINDOWS 11, TOUCHSCREEN - 1 YEAR","9.099.000","","","","Kota Tangerang"
"1777283338-313","https://www.blibli.com/cari/laptop%20advan?brand=Advan&sort=0&category=LA-1000004&category=LA-1000005&intent=false&firstLoad=false&page=9&start=320","ADVAN LAPTOP S7-110S Intel Core i7 1255U 16GB TB SSD 14""FHD WIN 11 - TKDN","14.899.000","","","","Kota Semarang"
"1777283338-314","https://www.blibli.com/cari/laptop%20advan?brand=Advan&sort=0&category=LA-1000004&category=LA-1000005&intent=false&firstLoad=false&page=9&start=320","Cicilan 0% - ADVAN Laptop WorkPro Lite Intel Core i5-12450H 14” IPS FHD 8GB 256GB Windows 11 Garansi Resmi","6.299.000","","","","Kab. Tangerang"
"1777283338-315","https://www.blibli.com/cari/laptop%20advan?brand=Advan&sort=0&category=LA-1000004&category=LA-1000005&intent=false&firstLoad=false&page=9&start=320","Pre-order","13.499.000","","","","Kab. Gianyar"
"1777283338-316","https://www.blibli.com/cari/laptop%20advan?brand=Advan&sort=0&category=LA-1000004&category=LA-1000005&intent=false&firstLoad=false&page=9&start=320","Laptop Advan Workplus Heritage RAM 16GB / 8GB SSD 512GB Notebook Ryzen 5 Windows 11 New Original Garansi Resmi","7.840.000","","","","Kota Bekasi"
"1777283338-317","https://www.blibli.com/cari/laptop%20advan?brand=Advan&sort=0&category=LA-1000004&category=LA-1000005&intent=false&firstLoad=false&page=9&start=320","Laptop Advan Workplus Heritage RAM 16GB / 8GB SSD 512GB Notebook Ryzen 5 Windows 11 New Original Garansi Resmi","7.839.000","","","Kota Bekasi","CA Shop Flagship Store"
"1777283338-318","https://www.blibli.com/cari/laptop%20advan?brand=Advan&sort=0&category=LA-1000004&category=LA-1000005&intent=false&firstLoad=false&page=9&start=320","Laptop ADVAN AI Gen Intel Core Ultra 5 125H 16GB 512GB 14'' FHD IPS 100% sRGB","9.245.000","","","Kota Jakarta Pusat","KlikGadget Flagship Store"
"1777283338-319","https://www.blibli.com/cari/laptop%20advan?brand=Advan&sort=0&category=LA-1000004&category=LA-1000005&intent=false&firstLoad=false&page=9&start=320","Laptop ADVAN AI Gen Intel Core Ultra 5 125H 16GB 512GB 14'' FHD IPS 100% sRGB","9.245.000","","","Kota Jakarta Pusat","KlikGadget Flagship Store"
"1777283338-320","https://www.blibli.com/cari/laptop%20advan?brand=Advan&sort=0&category=LA-1000004&category=LA-1000005&intent=false&firstLoad=false&page=9&start=320","Laptop Advan TBOOK 8/384GB + 8/128GB + 4/128GB Notebook Intel N100 Windows 11 New Original Garansi Resmi","3.650.000","","","","Kota Bekasi"
"1777283338-321","https://www.blibli.com/cari/laptop%20advan?brand=Advan&sort=0&category=LA-1000004&category=LA-1000005&intent=false&firstLoad=false&page=9&start=320","Laptop ADVAN 360 Go 4GB/256GB 14” AMD Ryzen 3 3200U FHD IPS Touchscreen Laptop 2-in-1 Notebook Flip Free Windows 11 Original","5.588.000","","","Kota Jakarta Pusat","KlikGadget Flagship Store"
"1777283338-322","https://www.blibli.com/cari/laptop%20advan?brand=Advan&sort=0&category=LA-1000004&category=LA-1000005&intent=false&firstLoad=false&page=9&start=320","Laptop ADVAN WorkPlus Heritage Batik AMD R5-7535HS 8GB RAM 512GB SSD Windows 11 Office Original","7.499.000","","","Kota Yogyakarta","Computa Flagship Store"
"1777283338-323","https://www.blibli.com/cari/laptop%20advan?brand=Advan&sort=0&category=LA-1000004&category=LA-1000005&intent=false&firstLoad=false&page=9&start=320","ADVAN Soulmate X2 Laptop AMD 3020e 8GB 128GB 14""FHD IPS Radeon Win11","3.650.000","","","","Kota Balikpapan"
"1777283338-324","https://www.blibli.com/cari/laptop%20advan?brand=Advan&sort=0&category=LA-1000004&category=LA-1000005&intent=false&firstLoad=false&page=9&start=320","LAPTOP ADVAN 2IN1 EVO-X I3 1215U 12GB 512GB W11 16.0 2.5K TOUCH","7.899.000","","","Kota Jakarta Utara","Agres.id Flagship Store"
"1777283338-325","https://www.blibli.com/cari/laptop%20advan?brand=Advan&sort=0&category=LA-1000004&category=LA-1000005&intent=false&firstLoad=false&page=9&start=320","LAPTOP ADVAN WORKMATE BLUE/ GREY INTEL CORE i3-1215U 8GB 256GB WIN 11 HOME TANPA OFFICE NO OFFICE","5.915.000","","","Kota Surabaya","ExpoComp Flagship Store"
"1777283338-326","https://www.blibli.com/cari/laptop%20advan?brand=Advan&sort=0&category=LA-1000004&category=LA-1000005&intent=false&firstLoad=false&page=9&start=320","LAPTOP ADVAN HERITAGE BATIK AMD R5-7535HS 8GB/512GB AMD RADEON GRAPHICS 660M 14"" 16:10 WIN 11","7.191.801","","","Kota Palembang","MDP SUPERSTORE Flagship Store"
"1777283338-327","https://www.blibli.com/cari/laptop%20advan?brand=Advan&sort=0&category=LA-1000004&category=LA-1000005&intent=false&firstLoad=false&page=9&start=320","Laptop 2 in 1 ADVAN Evo-X 13 Intel N150 ram 12GB ssd 512GB 13"" IPS 3K Stylus Pen + Keyboard Windows 11","6.825.000","","","","Kota Makassar"
"1777283338-328","https://www.blibli.com/cari/laptop%20advan?brand=Advan&sort=0&category=LA-1000004&category=LA-1000005&intent=false&firstLoad=false&page=9&start=320","LAPTOP ADVAN WORK PLUS DARBOTZ SILVER AMD RYZEN 7-7735HS 16GB 512GB WIN 11 HOME TANPA OFFICE NO OHS 2021","8.364.000","","","Kota Surabaya","ExpoComp Flagship Store"
"1777283338-329","https://www.blibli.com/cari/laptop%20advan?brand=Advan&sort=0&category=LA-1000004&category=LA-1000005&intent=false&firstLoad=false&page=9&start=320","LAPTOP ADVAN HERITAGE AMD R5-7535HS 8GB/512GB SSD AMD RADEON GRAPHICS 660M 14"" WIN 11 (NO TAS)","7.191.801","","Terjual 1","Kota Palembang","MDP SUPERSTORE Flagship Store"
"1777283338-330","https://www.blibli.com/cari/laptop%20advan?brand=Advan&sort=0&category=LA-1000004&category=LA-1000005&intent=false&firstLoad=false&page=9&start=320","LAPTOP ADVAN SOULMATE X2 WHITE MIST ROSE BLUE AMD 3020E 8GB 128GB WIN 11 HOME TANPA OFFICE NO OHS","3.988.000","","","Kota Surabaya","ExpoComp Flagship Store"
"1777283338-331","https://www.blibli.com/cari/laptop%20advan?brand=Advan&sort=0&category=LA-1000004&category=LA-1000005&intent=false&firstLoad=false&page=9&start=320","LAPTOP ADVAN WORKMATE GREY AMD RYZEN 5-3500 8GB 256GB 14 INCH FHD+ WIN 11 HOME TANPA OFFICE NO OHS 2021","5.884.000","","","Kota Surabaya","ExpoComp Flagship Store"
"1777283338-332","https://www.blibli.com/cari/laptop%20advan?brand=Advan&sort=0&category=LA-1000004&category=LA-1000005&intent=false&firstLoad=false&page=9&start=320","ADVAN 360 Stylus Pro Laptop 2 in 1 Intel Core i3-1215U 14"" inch IPS FHD Touchscreen 8GB/256GB Free Windows 11","6.499.000","","Terjual 1","","Kota Tangerang"
"1777283338-333","https://www.blibli.com/cari/laptop%20advan?brand=Advan&sort=0&category=LA-1000004&category=LA-1000005&intent=false&firstLoad=false&page=9&start=320","LAPTOP ADVAN 360 GO GREY AMD RYZEN 3-3200U 8GB 256GB 14 INCH FHD IPS TOUCHSCREEN WIN 11 HOME TANPA OFFICE NO OHS","5.707.000","","","Kota Surabaya","ExpoComp Flagship Store"
"1777283338-334","https://www.blibli.com/cari/laptop%20advan?brand=Advan&sort=0&category=LA-1000004&category=LA-1000005&intent=false&firstLoad=false&page=9&start=320","LAPTOP ADVAN WORKPLUS (SILVER) : AMD R5-6600H 16GB 512GB SSD,RADEON GRAPHICS,14"" FHD BEZEL LESS,58WH BATTERY,FINGERPRINT,WINDOWS 11","6.992.001","","","Kota Palembang","MDP SUPERSTORE Flagship Store"
"1777283338-335","https://www.blibli.com/cari/laptop%20advan?brand=Advan&sort=0&category=LA-1000004&category=LA-1000005&intent=false&firstLoad=false&page=9&start=320","Advan soulmate","2.500.000","","Terjual 5","","Kota Semarang"
"1777283338-336","https://www.blibli.com/cari/laptop%20advan?brand=Advan&sort=0&category=LA-1000004&category=LA-1000005&intent=false&firstLoad=false&page=9&start=320","Laptop AXIOO Mybook HYPE 1 - RAM 4GB/8GB SSD 128GB/512GB- Garansi Resmi","3.404.000","","Terjual 2","","Kota Madiun"
"1777283338-337","https://www.blibli.com/cari/laptop%20advan?brand=Advan&sort=0&category=LA-1000004&category=LA-1000005&intent=false&firstLoad=false&page=9&start=320","Laptop Advan WorkPlus Heritage/AMD Ryzen 5-7535HS/8GB DDR4 (Upgrade)/512GB SSD (Upgrade)/AMD Radeon 660M/WIN 11/14"" WUXGA (16:10)","7.459.000","","","Kota Bandung","Funan Van Java Flagship Store"
"1777283338-338","https://www.blibli.com/cari/laptop%20advan?brand=Advan&sort=0&category=LA-1000004&category=LA-1000005&intent=false&firstLoad=false&page=9&start=320","Laptop Advan WorkPlus Heritage reguler /AMD Ryzen 5-7535HS/16GB DDR5 (Upgrade)/512GB SSD/AMD Radeon 660M/WIN 11/14"" WUXGA (16:10)","8.409.000","5","Terjual 1","Kota Bandung","Funan Van Java Flagship Store"
"1777283338-339","https://www.blibli.com/cari/laptop%20advan?brand=Advan&sort=0&category=LA-1000004&category=LA-1000005&intent=false&firstLoad=false&page=9&start=320","Advan Workmate Amd Ryzen 5 3500U 8Gb 256Gb SSD 14"" FHD+ IPS Windows 11 Home","5.898.000","","","","Kota Madiun"
"1777283338-340","https://www.blibli.com/cari/laptop%20advan?brand=Advan&sort=0&category=LA-1000004&category=LA-1000005&intent=false&firstLoad=false&page=9&start=320","LAPTOP BARU ADVAN SOULMATE INTEL GEMINI LAKE N4020 RAM 4/8GB DDR4 SSD 128/256GB GRY","3.193.000","","","","Kota Surabaya"
"1777283338-341","https://www.blibli.com/cari/laptop%20advan?brand=Advan&sort=0&category=LA-1000004&category=LA-1000005&intent=false&firstLoad=false&page=9&start=320","Advan Laptop AI Gen Ultra 16/512 Intel Core Ultra 5 | Garansi Resmi Advan","9.575.000","","Terjual 1","Kota Jakarta Barat","CERIA PONSEL STORE Flagship Store"
"1777283338-342","https://www.blibli.com/cari/laptop%20advan?brand=Advan&sort=0&category=LA-1000004&category=LA-1000005&intent=false&firstLoad=false&page=9&start=320","ADVAN Laptop Workplus AMD RYZEN 7 7735HS 16GB 512GB 14'' FHD Work Plus","7.214.000","5","Terjual 2","Kota Jakarta Pusat","KlikGadget Flagship Store"
"1777283338-343","https://www.blibli.com/cari/laptop%20advan?brand=Advan&sort=0&category=LA-1000004&category=LA-1000005&intent=false&firstLoad=false&page=9&start=320","ADVAN LAPTOP Workplus AMD RYZEN 5 6600H 16GB 512 SSD 14'FHD Win 11","8.499.000","5","Terjual 2","Kota Jakarta Pusat","FLIXX.ID Flagship Store"
"1777283338-344","https://www.blibli.com/cari/laptop%20advan?brand=Advan&sort=0&category=LA-1000004&category=LA-1000005&intent=false&firstLoad=false&page=9&start=320","Advan Soulmate Plus","2.299.000","","","","Kab. Brebes"
"1777283338-345","https://www.blibli.com/cari/laptop%20advan?brand=Advan&sort=0&category=LA-1000004&category=LA-1000005&intent=false&firstLoad=false&page=9&start=320","ADVAN Laptop 2 In 1 360 GO Ryzen 3 3200U 8GB 256GB WIN11","5.393.601","","","Kota Bandung","Up To Date Computer Flagship Store"
"1777283338-346","https://www.blibli.com/cari/laptop%20advan?brand=Advan&sort=0&category=LA-1000004&category=LA-1000005&intent=false&firstLoad=false&page=9&start=320","ADVAN Laptop Workplus AMD RYZEN 5 6600H 14'' FHD IPS 16GB 512GB Win 11","7.850.000","","","Kota Yogyakarta","Wisno Grahakom Flagship Store"
"1777283338-347","https://www.blibli.com/cari/laptop%20advan?brand=Advan&sort=0&category=LA-1000004&category=LA-1000005&intent=false&firstLoad=false&page=9&start=320","ADVAN WORK PLUS R5","7.750.000","","","","Kota Semarang"
"1777283338-348","https://www.blibli.com/cari/laptop%20advan?brand=Advan&sort=0&category=LA-1000004&category=LA-1000005&intent=false&firstLoad=false&page=9&start=320","Advan soulmate 4/128 harga terjangkau","2.500.000","","Terjual 24","","Kota Semarang"
"1777283338-349","https://www.blibli.com/cari/laptop%20advan?brand=Advan&sort=0&category=LA-1000004&category=LA-1000005&intent=false&firstLoad=false&page=9&start=320","ADVAN X360 | i3-1115G4 8GB 256GB FHD IPS TOUCH [WIN11 HOME]-1Y","6.199.000","","","","Kota Semarang"
"1777283338-350","https://www.blibli.com/cari/laptop%20advan?brand=Advan&sort=0&category=LA-1000004&category=LA-1000005&intent=false&firstLoad=false&page=9&start=320","ADVAN Soulmate X2 [AMD 3020e 8GB 128GB Win11 - tanpa office]","3.900.000","","","","Kota Bandung"
"1777283338-351","https://www.blibli.com/cari/laptop%20advan?brand=Advan&sort=0&category=LA-1000004&category=LA-1000005&intent=false&firstLoad=false&page=9&start=320","ADVAN Workpro i5-1035G7 8GB 256GB SSD FHD IPS W11 GREY","5.199.000","","","","Kota Palembang"
"1777283338-352","https://www.blibli.com/cari/laptop%20advan?brand=Advan&sort=0&category=LA-1000004&category=LA-1000005&intent=false&firstLoad=false&page=9&start=320","Advan AI Gen [Intel Ultra 5-125H 16GB 512GB Windows 11]","10.299.000","","","","Kota Bandung"
"1777283338-353","https://www.blibli.com/cari/laptop%20advan?brand=Advan&sort=0&category=LA-1000004&category=LA-1000005&intent=false&firstLoad=false&page=9&start=320","ADVAN W7-85S i7-1280P 8GB 512GB INTEL IRIS XE WINDOWS 11 HOME, 14” FHD IPS","11.699.000","","","","Kota Tangerang"
"1777283338-354","https://www.blibli.com/cari/laptop%20advan?brand=Advan&sort=0&category=LA-1000004&category=LA-1000005&intent=false&firstLoad=false&page=9&start=320","Advan Laptop TBOOK X TRANSFORMER 14 inch Intel N100 4GB / 128GB Free Windows 11","4.173.000","","","","Kota Semarang"
"1777283338-355","https://www.blibli.com/cari/laptop%20advan?brand=Advan&sort=0&category=LA-1000004&category=LA-1000005&intent=false&firstLoad=false&page=9&start=320","ADVAN X360 STYLUS PRO I3-1215U RAM 8GB | SSD 256GB | 14"" FHD IPS TOUCHSCREEN | FREE STYLUS PEN","6.600.000","","","","Kota Cirebon"
"1777283338-356","https://www.blibli.com/cari/laptop%20advan?brand=Advan&sort=0&category=LA-1000004&category=LA-1000005&intent=false&firstLoad=false&page=9&start=320","ADVAN W3-85S INTEL CORE i3-1220P 8GB 512GB SSD WINDOWS 11 HOME, 14” FHD IPS","6.899.000","","","","Kota Tangerang"
"1777283338-357","https://www.blibli.com/cari/laptop%20advan?brand=Advan&sort=0&category=LA-1000004&category=LA-1000005&intent=false&firstLoad=false&page=9&start=320","ADVAN W5-15S i5-1235U 16GB 512GB WINDOWS 11 HOME, 14” FHD IPS","8.499.000","","","","Kota Tangerang"
"1777283338-358","https://www.blibli.com/cari/laptop%20advan?brand=Advan&sort=0&category=LA-1000004&category=LA-1000005&intent=false&firstLoad=false&page=9&start=320","ADVAN 360° STYLUS PRO (INTEL CORE I3 - 1215U ALDER LAKE U/8GB DDR4 3200MT /256GB PCIE 3.0 SSD UPGRADABLE M.2 SLOT/360° ROTATION ANGLE/STYLUS/14"" INCH)","6.735.000","","","","Kota Semarang"
"1777283338-359","https://www.blibli.com/cari/laptop%20advan?brand=Advan&sort=0&category=LA-1000004&category=LA-1000005&intent=false&firstLoad=false&page=9&start=320","Advan 360 Stylus Intel Core i3 -1115G4 8GB 256 14.1"" Touch W11","6.299.000","","","","Kota Semarang"
"1777283338-360","https://www.blibli.com/cari/laptop%20advan?brand=Advan&sort=0&category=LA-1000004&category=LA-1000005&intent=false&firstLoad=false&page=9&start=320","ADVAN Laptop 2 In 1 360 GO Ryzen 3 3200U 8GB 256GB WIN11","5.393.601","","","Kota Bandung","Up To Shop Flagship Store"
"1777283338-361","https://www.blibli.com/cari/laptop%20advan?brand=Advan&sort=0&category=LA-1000004&category=LA-1000005&intent=false&firstLoad=false&page=9&start=320","Advan Laptop AI Gen RAM 16GB 512GB Notebook Intel Core Ultra 5 125H IPS Windows 11 New Original Garansi Resmi","9.609.000","","","Kota Bekasi & kota lainnya","CA Shop Flagship Store"
"1777283338-362","https://www.blibli.com/cari/laptop%20advan?brand=Advan&sort=0&category=LA-1000004&category=LA-1000005&intent=false&firstLoad=false&page=9&start=320","ADVAN T3-0805S i3-1215U 8GB 512GB WINDOWS 11 HOME, 14” TOUCHSCREEN IPS 2K (360° FLIP)","3.899.000","","","","Kota Tangerang"
"1777283338-363","https://www.blibli.com/cari/laptop%20advan?brand=Advan&sort=0&category=LA-1000004&category=LA-1000005&intent=false&firstLoad=false&page=9&start=320","Advan WorkPlus Heritage Ryzen 5 7535HS 8GB 512 GB W11 14""WUXGA","6.324.000","","","","Kota Surabaya"
"1777283338-364","https://www.blibli.com/cari/laptop%20advan?brand=Advan&sort=0&category=LA-1000004&category=LA-1000005&intent=false&firstLoad=false&page=9&start=320","ADVAN R7-1610S AMD RYZEN 7 7735HS 16GB 1TB RADEON RX 680M WINDOWS 11 HOME, 14” IPS","11.699.000","","","","Kota Tangerang"
"1777283338-365","https://www.blibli.com/cari/laptop%20advan?brand=Advan&sort=0&category=LA-1000004&category=LA-1000005&intent=false&firstLoad=false&page=9&start=320","ADVAN LAPTOP WORK PRO CORE i5-1035G7 8GB 512 SSD 14""FHD WIN 11 Home","6.499.000","5","Terjual 4","Kota Jakarta Pusat","FLIXX.ID Flagship Store"
"1777283338-366","https://www.blibli.com/cari/laptop%20advan?brand=Advan&sort=0&category=LA-1000004&category=LA-1000005&intent=false&firstLoad=false&page=9&start=320","Advan Laptop WorkPlus Ryzen 7 - Laptop Ryzen 7 7735HS RAM 16GB SSD 512GB AMD Radeon Graphics 14"" FHD","9.046.000","","","Kota Jakarta Pusat","Enter Komputer Flagship Store"
"1777283338-367","https://www.blibli.com/cari/laptop%20advan?brand=Advan&sort=0&category=LA-1000004&category=LA-1000005&intent=false&firstLoad=false&page=9&start=320","ADVAN Laptop Workplus Heritage Ryzen 5 7535HS | Batik Megamendung | 14"" IPS Full HD Plus | Windows 11 | Garansi Resmi 1 Tahun","8.099.000","5","Terjual 5","Kab. Tangerang","Advan Laptop Flagship Store"
"1777283338-368","https://www.blibli.com/cari/laptop%20advan?brand=Advan&sort=0&category=LA-1000004&category=LA-1000005&intent=false&firstLoad=false&page=9&start=320","ADVAN Laptop AI Gen Ultra With Ai 14'' Intel Core Ultra 5 125H 16GB 512 GB IPS 100% sRGB Windows 11 - Garansi Resmi 1 Tahun","10.299.000","","","Kab. Tangerang","Advan Laptop Flagship Store"
"1777283338-369","https://www.blibli.com/cari/laptop%20advan?brand=Advan&sort=0&category=LA-1000004&category=LA-1000005&intent=false&firstLoad=false&page=9&start=320","ADVAN Laptop WorkMate | AMD Ryzen 5 3500U | 14 Inch FHD+ 16:10 IPS | 8GB/256GB Upgradable | WIFI 5 | WIndows 11","6.199.000","5","Terjual 5","Kab. Tangerang","Advan Laptop Flagship Store"
"1777283338-370","https://www.blibli.com/cari/laptop%20advan?brand=Advan&sort=0&category=LA-1000004&category=LA-1000005&intent=false&firstLoad=false&page=9&start=320","ADVAN LAPTOP WorkMate | AMD Ryzen 5 3500U14 Inch FHD+ 16:10 IPS | 8GB/256GB Upgradable | free tas","5.659.000","","Terjual 1","Kota Jakarta Pusat","Satria Baja Hitam Flagship Store"
"1777283338-371","https://www.blibli.com/cari/laptop%20advan?brand=Advan&sort=0&category=LA-1000004&category=LA-1000005&intent=false&firstLoad=false&page=9&start=320","Advan Laptop TBOOK X Transformer, Intel N100 14 Inch 4/128GB & 8/384GB | Garansi Resmi Advan Indonesia 1 Tahun","4.054.000","","","Kota Tangerang","Evogad Flagship Store"
"1777283338-372","https://www.blibli.com/cari/laptop%20advan?brand=Advan&sort=0&category=LA-1000004&category=LA-1000005&intent=false&firstLoad=false&page=9&start=320","ADVAN Laptop Workplus Heritage Ryzen 5 7535HS | 8GB - 16GB / 512GB | 14"" IPS Full HD Plus WUXGA 1920x1200 Display 16:10 | Garansi Resmi 1 Tahun","8.099.000","2","Terjual 3","Kab. Tangerang","Advan Laptop Flagship Store"
"1777283338-373","https://www.blibli.com/cari/laptop%20advan?brand=Advan&sort=0&category=LA-1000004&category=LA-1000005&intent=false&firstLoad=false&page=9&start=320","ADVAN Laptop 2 in 1 Evo-X 16 Intel i3-1215U 12GB RAM 512GB SSD 2K IPS Free Stylus + Keyboard","7.560.000","5","Terjual 32","Kota Semarang","Alyosha Semarang Flagship Store"
"1777283338-374","https://www.blibli.com/cari/laptop%20advan?brand=Advan&sort=0&category=LA-1000004&category=LA-1000005&intent=false&firstLoad=false&page=9&start=320","ADVAN Laptop 360 Stylus PRO Intel Core i3-1215U/8GB/256GB SSD/Intel UHD/WIN 11/14"" FHD IPS Touch (16:10)/Stylus","6.409.000","","Terjual 1","Kota Bandung","Funan Van Java Flagship Store"
"1777283338-375","https://www.blibli.com/cari/laptop%20advan?brand=Advan&sort=0&category=LA-1000004&category=LA-1000005&intent=false&firstLoad=false&page=9&start=320","ADVAN Laptop Pixwar AMD Ryzen 7 6800H 16GB 512GB 15,6"" FHD 58Wh WiFi 6 Dual Cooling Fan Lightweight Sleek Design Windows 11 [PIXWAR R7 TOSCA]","8.410.303","","","Kota Surabaya","Grosiria Flagship Store"
"1777283338-376","https://www.blibli.com/cari/laptop%20advan?brand=Advan&sort=0&category=LA-1000004&category=LA-1000005&intent=false&firstLoad=false&page=9&start=320","ADVAN Workmate Ultra Intel Ultra 5 115U With AI Boost NPU 8GB/256GB 14"" FHD IPS Laptop Notebook Windows 11","7.859.000","","","Kota Jakarta Pusat","Satria Baja Hitam Flagship Store"
"1777283338-377","https://www.blibli.com/cari/laptop%20advan?brand=Advan&sort=0&category=LA-1000004&category=LA-1000005&intent=false&firstLoad=false&page=9&start=320","ADVAN Workmate Ultra Intel Ultra 5 115U Laptop Notebook Free Windows 11With AI Boost NPU 8GB/256GB 14"" inch FHD+ 16:10 IPS","8.099.000","","","Kota Bandung","Funan Van Java Flagship Store"
"1777283338-378","https://www.blibli.com/cari/laptop%20advan?brand=Advan&sort=0&category=LA-1000004&category=LA-1000005&intent=false&firstLoad=false&page=9&start=320","Advan Workmate R5 3500U FHD+ RAM 8GB SSD 256GB Laptop 14 inch","4.998.000","","","Kota Jakarta Pusat","Super Gadget Flagship Store"
"1777283338-379","https://www.blibli.com/cari/laptop%20advan?brand=Advan&sort=0&category=LA-1000004&category=LA-1000005&intent=false&firstLoad=false&page=9&start=320","NOTEBOOK ADVAN Soulmate N4020 4GB 128GB 14"" W11","2.500.000","","","","Kota Surabaya"
"1777283338-380","https://www.blibli.com/cari/laptop%20advan?brand=Advan&sort=0&category=LA-1000004&category=LA-1000005&intent=false&firstLoad=false&page=9&start=320","Advan WorkPro Lite L24C-I5AD2 Grey i5 1235U Win11","7.219.000","","","Kota Malang & kota lainnya","JOE LAPTOP Flagship Store"
"1777283338-381","https://www.blibli.com/cari/laptop%20advan?brand=Advan&sort=0&category=LA-1000004&category=LA-1000005&intent=false&firstLoad=false&page=9&start=320","Advan Pixwar T L25A-R76S1 Cyan Ryzen 7 6800H Win11","9.529.000","","","Kota Surabaya","JOE LAPTOP Flagship Store"
"1777283338-382","https://www.blibli.com/cari/laptop%20advan?brand=Advan&sort=0&category=LA-1000004&category=LA-1000005&intent=false&firstLoad=false&page=9&start=320","Advan Tab A10 WIFI 4GB/64GB 10.1'' IPS Screen Tablet 5000mAh Andorid 14 - Garansi Resmi 1 Tahun","1.499.000","","Terjual 3","Kab. Tangerang","Advan Laptop Flagship Store"
"1777283338-383","https://www.blibli.com/cari/laptop%20advan?brand=Advan&sort=0&category=LA-1000004&category=LA-1000005&intent=false&firstLoad=false&page=9&start=320","Advan Workmate Blue Ultra 5 115U Win11","8.019.000","","","Kota Malang & kota lainnya","JOE LAPTOP Flagship Store"
"1777283338-384","https://www.blibli.com/cari/laptop%20advan?brand=Advan&sort=0&category=LA-1000004&category=LA-1000005&intent=false&firstLoad=false&page=9&start=320","Advan WorkPro Lite i5-12450H | 8GB RAM | 256GB SSD | 14"" FHD IPS | Windows 11 | Laptop Kerja & Kuliah","6.740.000","","","Kota Jakarta Pusat","KlikGadget Flagship Store"
"1777283338-385","https://www.blibli.com/cari/laptop%20advan?brand=Advan&sort=0&category=LA-1000004&category=LA-1000005&intent=false&firstLoad=false&page=9&start=320","ADVAN TBOOK 2 Grey 8GB/128GB Intel N100","3.599.000","","","Kota Surabaya","Mobile Phone Shop - Laptop Flagship Store"
"1777283338-386","https://www.blibli.com/cari/laptop%20advan?brand=Advan&sort=0&category=LA-1000004&category=LA-1000005&intent=false&firstLoad=false&page=9&start=320","ADVAN Soulmate X2 AMD Athlon 3020e 8/128","4.099.000","","Terjual 1","Kota Surabaya","Mobile Phone Shop - Laptop Flagship Store"
"1777283338-387","https://www.blibli.com/cari/laptop%20advan?brand=Advan&sort=0&category=LA-1000004&category=LA-1000005&intent=false&firstLoad=false&page=9&start=320","ADVAN Workplus Heritage 8GB/512GB AMD Ryzen 5","7.499.000","","","Kota Surabaya","Mobile Phone Shop - Laptop Flagship Store"
"1777283338-388","https://www.blibli.com/cari/laptop%20advan?brand=Advan&sort=0&category=LA-1000004&category=LA-1000005&intent=false&firstLoad=false&page=9&start=320","ADVAN TBOOK 4GB/128GB Intel N100","3.299.000","","","Kota Surabaya","Mobile Phone Shop - Laptop Flagship Store"
"1777283338-389","https://www.blibli.com/cari/laptop%20advan?brand=Advan&sort=0&category=LA-1000004&category=LA-1000005&intent=false&firstLoad=false&page=9&start=320","ADVAN TBOOK Transformers 4GB/128GB","3.399.000","5","Terjual 1","Kota Surabaya","Mobile Phone Shop - Laptop Flagship Store"
"1777283338-390","https://www.blibli.com/cari/laptop%20advan?brand=Advan&sort=0&category=LA-1000004&category=LA-1000005&intent=false&firstLoad=false&page=9&start=320","Advan Workmate Ultra 5 115U 8gb ram 256gb SSD 14"" IPS W11","7.761.000","5","Terjual 3","Kab. Sleman & kota lainnya","Alyosha Flagship Store"
"1777283338-391","https://www.blibli.com/cari/laptop%20advan?brand=Advan&sort=0&category=LA-1000004&category=LA-1000005&intent=false&firstLoad=false&page=9&start=320","ADVAN PIXWAR X Transformers AMD Ryzen 7 6800H 16GB 512GB 15.6"" TouchScreen Win11","9.599.000","","","Kota Bandung","Sakura Komputer Flagship Store"
"1777283338-392","https://www.blibli.com/cari/laptop%20advan?brand=Advan&sort=0&category=LA-1000004&category=LA-1000005&intent=false&firstLoad=false&page=9&start=320","Advan Workmate Ultra 5 115U 8gb ram 256gb SSD 14"" IPS W11","7.800.008","","","Kota Semarang","Alyosha Semarang Flagship Store"
"1777283338-393","https://www.blibli.com/cari/laptop%20advan?brand=Advan&sort=0&category=LA-1000004&category=LA-1000005&intent=false&firstLoad=false&page=9&start=320","ADVAN WORKMATE AMD RYZEN R5 3500U 8GB RAM 256GB SSD WINDOWS 11 FHD 14 INCH","8.490.501","","","Kota Medan","Agres ID Medan Flagship Store"
"1777283338-394","https://www.blibli.com/cari/laptop%20advan?brand=Advan&sort=0&category=LA-1000004&category=LA-1000005&intent=false&firstLoad=false&page=9&start=320","[PROMO] Advan Workmate Ultra 8GB 256GB Intel Ultra Windows New Original Garansi Resmi","7.939.000","","","Kota Bekasi & kota lainnya","CA Shop Flagship Store"
"1777283338-395","https://www.blibli.com/cari/laptop%20advan?brand=Advan&sort=0&category=LA-1000004&category=LA-1000005&intent=false&firstLoad=false&page=9&start=320","ADVAN Soulmate X AMD 3020e RAM16GB SSD256GB 14'' Fhd Ips Windows 11","3.349.000","5","Terjual 30","Kota Jakarta Pusat","SKYNET COMPUTER Flagship Store"
"1777283338-396","https://www.blibli.com/cari/laptop%20advan?brand=Advan&sort=0&category=LA-1000004&category=LA-1000005&intent=false&firstLoad=false&page=9&start=320","ADVAN Workmate Intel Core i3 1215u RAM16GB SSD1TB 14 FHD+ Wuxga Windows 11","5.749.000","5","Terjual 47","Kota Jakarta Pusat","SKYNET COMPUTER Flagship Store"
"1777283338-397","https://www.blibli.com/cari/laptop%20advan?brand=Advan&sort=0&category=LA-1000004&category=LA-1000005&intent=false&firstLoad=false&page=9&start=320","[NEW LAUNCH] ADVAN Soulmate X | 14 Inch FHD | AMD 3020e | 4GB/128GB Upgradable | Slim & Elegant Design | FREE WINDOWS 11 Original","3.699.000","","Terjual 1","Kab. Tangerang","Advan Indonesia Flagship Store"
"1777283338-398","https://www.blibli.com/cari/laptop%20advan?brand=Advan&sort=0&category=LA-1000004&category=LA-1000005&intent=false&firstLoad=false&page=9&start=320","Advan Work Plus | AMD Ryzen 7-7735HS / 16GB / 512GB SSD / 14"" IPS / Windows 11 Home - Silver","8.900.000","","","Kota Surabaya","TECHNO COM Flagship Store"
"1777283338-399","https://www.blibli.com/cari/laptop%20advan?brand=Advan&sort=0&category=LA-1000004&category=LA-1000005&intent=false&firstLoad=false&page=9&start=320","ADVAN Soulmate X2 AMD 3020e 8GB 128GB Win11","3.795.201","","","Kota Bandung","Up To Shop Flagship Store"
"1777283338-400","https://www.blibli.com/cari/laptop%20advan?brand=Advan&sort=0&category=LA-1000004&category=LA-1000005&intent=false&firstLoad=false&page=9&start=320","ADVAN Workplus AI AMD Ryzen 7 255 RAM16GB SSD1TB 14 FHD+ Ips Windows 11 Garansi Resmi 2 Tahun","9.699.000","5","Terjual 1","Kota Jakarta Pusat","SKYNET COMPUTER Flagship Store"
"1777283338-401","https://www.blibli.com/cari/laptop%20advan?brand=Advan&sort=0&category=LA-1000004&category=LA-1000005&intent=false&firstLoad=false&page=9&start=320","Advan Workplus AIR Ryzen 5-7535HS 16GB 512GB 14"" FHD Win11","9.099.000","","","Kota Surakarta (Solo)","Risc Computer Flagship Store"
"1777283338-402","https://www.blibli.com/cari/laptop%20advan?brand=Advan&sort=0&category=LA-1000004&category=LA-1000005&intent=false&firstLoad=false&page=9&start=320","ADVAN Workplus AMD RYZEN 5 6600H 8GB 512GB 14''inch Win 11 - 8GB/512","7.098.000","3","Terjual 1","Kota Jakarta Barat","CERIA PONSEL STORE Flagship Store"
"1777283338-403","https://www.blibli.com/cari/laptop%20advan?brand=Advan&sort=0&category=LA-1000004&category=LA-1000005&intent=false&firstLoad=false&page=9&start=320","Advan Workmate Ultra Ultra 5 115U with AI Boost NPU | 8GB RAM | 256GB SSD | 14"" FHD+ IPS | Windows 11 | 2 Tahun Garansi","7.742.000","","","Kota Jakarta Pusat","KlikGadget Flagship Store"
"1777283338-404","https://www.blibli.com/cari/laptop%20advan?brand=Advan&sort=0&category=LA-1000004&category=LA-1000005&intent=false&firstLoad=false&page=9&start=320","ADVAN Workmate Amd Ryzen 5 3500U RAM16GB SSD512GB 14 FHD+ IPS Windows 11","5.449.000","4,9","Terjual 52","Kota Jakarta Pusat","SKYNET COMPUTER Flagship Store"
"1777283338-405","https://www.blibli.com/cari/laptop%20advan?brand=Advan&sort=0&category=LA-1000004&category=LA-1000005&intent=false&firstLoad=false&page=9&start=320","Advan 360 GO L26A-R33S1 Ryzen 3 3200U 8GB 256GB W11 Grey","5.799.000","","","Kota Denpasar","Blessing Computer Flagship Store"
"1777283338-406","https://www.blibli.com/cari/laptop%20advan?brand=Advan&sort=0&category=LA-1000004&category=LA-1000005&intent=false&firstLoad=false&page=9&start=320","ADVAN Workplus R7 [Ryzen 7-7735HS 16GB 512GB 14""FHD IPS Radeon 680M Windows11 1 Year] | Pegacare+","9.115.000","","","Kota Yogyakarta","Pegastore.id Flagship Store"
"1777283338-407","https://www.blibli.com/cari/laptop%20advan?brand=Advan&sort=0&category=LA-1000004&category=LA-1000005&intent=false&firstLoad=false&page=9&start=320","Laptop ADVAN Intel","25.850.000","5","Terjual 37","Kota Bandung","Funan Van Java Flagship Store"
"1777283338-408","https://www.blibli.com/cari/laptop%20advan?brand=Advan&sort=0&category=LA-1000004&category=LA-1000005&intent=false&firstLoad=false&page=9&start=320","Laptop Advan Work Pro Lite L24C-I3AD1 FHD / Core i3 Gen12 / RAM 8GB / 256GB SSD / WIN11 HOME","4.450.000","","Terjual 2","Kota Tangerang Selatan","Paradisestore.id Flagship Store"
"1777283338-409","https://www.blibli.com/cari/laptop%20advan?brand=Advan&sort=0&category=LA-1000004&category=LA-1000005&intent=false&firstLoad=false&page=9&start=320","Laptop Advan WorkPlus Ryzen 7 7735HS - AMD Ryzen 7-7735HS/16GB LPDDR5 (OB)/512GB SSD/AMD Radeon/WIN 11/14"" FHD (16:10)/Fingerprint","8.699.000","","","Kota Bandung","Funan Van Java Flagship Store"
"1777283338-410","https://www.blibli.com/cari/laptop%20advan?brand=Advan&sort=0&category=LA-1000004&category=LA-1000005&intent=false&firstLoad=false&page=9&start=320","Advan Laptop 2 in 1 ADVAN EVO-X 13 Intel N150/12GB LPDDR5/512GB SSD/Intel UHD/WIN 11/13"" 2.5K Touch/2.4G/5G WiFi/Metal Body/5000mAh/Stylus+Keyboard","6.399.000","5","Terjual 1","Kota Bandung","Funan Van Java Flagship Store"
"1777283338-411","https://www.blibli.com/cari/laptop%20advan?brand=Advan&sort=0&category=LA-1000004&category=LA-1000005&intent=false&firstLoad=false&page=9&start=320","ADVAN Workpro Intel Core i5-12450H 14"" FHD IPS 8GB/512GB Laptop Notebook Windows 11 Upgradeable","7.399.000","","Terjual 1","Kota Bandung","Funan Van Java Flagship Store"
"1777283338-412","https://www.blibli.com/cari/laptop%20advan?brand=Advan&sort=0&category=LA-1000004&category=LA-1000005&intent=false&firstLoad=false&page=9&start=320","LAPTOP ADVAN WORKPLUS | I5-1235U 16/512 UHD 14"" FHD W11","7.799.000","","","","Kota Surabaya"
"1777283338-413","https://www.blibli.com/cari/laptop%20advan?brand=Advan&sort=0&category=LA-1000004&category=LA-1000005&intent=false&firstLoad=false&page=9&start=320","ADVAN 360 Pro Stylus AMD Ryzen 5 7430U [ 8GB DDR4 (Upgrade)/512GB SSD (Upgrade)/AMD Radeon/WIN 11/14"" FHD IPS Touch (16:10)/Stylus ]","6.929.000","4","Terjual 1","Kota Bandung","Funan Van Java Flagship Store"
"1777283338-414","https://www.blibli.com/cari/laptop%20advan?brand=Advan&sort=0&category=LA-1000004&category=LA-1000005&intent=false&firstLoad=false&page=9&start=320","ADVAN Pixwar Touchscreen AMD Ryzen 7-8745HS/16GB LPDDR5/512GB SSD (Upgrade)/AMD Radeon 680M/WIN 11/2y/15.6"" FHD IPS 45% NTSC Touchscreen/Backlit/Wifi","10.099.000","","","Kota Bandung","Funan Van Java Flagship Store"
"1777283338-415","https://www.blibli.com/cari/laptop%20advan?brand=Advan&sort=0&category=LA-1000004&category=LA-1000005&intent=false&firstLoad=false&page=9&start=320","ADVAN LAPTOP S7-110S i7-1255U 16GB 1TB 14""FHD Win 11 Home","18.249.041","","","","Kota Jakarta Pusat"
"1777283338-416","https://www.blibli.com/cari/laptop%20advan?brand=Advan&sort=0&category=LA-1000004&category=LA-1000005&intent=false&firstLoad=false&page=9&start=320","NOTEBOOK ADVAN SOULMATE 1405 N4020 4GB 128GB WIN11 BLACK","10.000.000","","","","Kab. Bekasi & kota lainnya"
"1777283338-417","https://www.blibli.com/cari/laptop%20advan?brand=Advan&sort=0&category=LA-1000004&category=LA-1000005&intent=false&firstLoad=false&page=9&start=320","NOTEBOOK ADVAN WORKPRO 1701 i5-1035G7 8GB 256GB WIN11 GREY","10.000.000","","","","Kab. Bekasi & kota lainnya"
"1777283338-418","https://www.blibli.com/cari/laptop%20advan?brand=Advan&sort=0&category=LA-1000004&category=LA-1000005&intent=false&firstLoad=false&page=9&start=320","NOTEBOOK ADVAN PIXELWAR R5-6600H RX6500M 16GB 512GB WIN11 GREY","10.000.000","","","","Kab. Bekasi & kota lainnya"
"1777283338-419","https://www.blibli.com/cari/laptop%20advan?brand=Advan&sort=0&category=LA-1000004&category=LA-1000005&intent=false&firstLoad=false&page=9&start=320","NOTEBOOK ADVAN SOULMATE 1405 N4020 4GB 128GB WIN11 2SLOT GREY","10.000.000","","","","Kab. Bekasi & kota lainnya"
"1777283338-420","https://www.blibli.com/cari/laptop%20advan?brand=Advan&sort=0&category=LA-1000004&category=LA-1000005&intent=false&firstLoad=false&page=9&start=320","NOTEBOOK ADVAN SOULMATE 1405 N4020 4GB 128GB WIN11 2SLOT BLUE","10.000.000","","","","Kab. Bekasi & kota lainnya"
"1777283338-421","https://www.blibli.com/cari/laptop%20advan?brand=Advan&sort=0&category=LA-1000004&category=LA-1000005&intent=false&firstLoad=false&page=9&start=320","NOTEBOOK ADVAN WORKPLUS HR59S05A R5-6600H 16GB 512GB WIN11 SILVER","10.000.000","","","","Kab. Bekasi & kota lainnya"
"1777283338-422","https://www.blibli.com/cari/laptop%20advan?brand=Advan&sort=0&category=LA-1000004&category=LA-1000005&intent=false&firstLoad=false&page=9&start=320","Akan hadir","","5","Terjual 1","","Kab. Banyumas"
"1777283338-423","https://www.blibli.com/cari/laptop%20advan?brand=Advan&sort=0&category=LA-1000004&category=LA-1000005&intent=false&firstLoad=false&page=9&start=320","Akan hadir","","","","","Kota Surabaya"
"1777283338-424","https://www.blibli.com/cari/laptop%20advan?brand=Advan&sort=0&category=LA-1000004&category=LA-1000005&intent=false&firstLoad=false&page=9&start=320","[TURUN HARGA] Laptop ADVAN TBook Celeron N100 Intel N100 4Gb/128GB (Upgradabe) 14"" HD Free Windows 11 Garansi Resmi 1 Tahun","3.199.000","5","Terjual 75","Kab. Tangerang","Advan Laptop Flagship Store"
"1777283338-425","https://www.blibli.com/cari/laptop%20advan?brand=Advan&sort=0&category=LA-1000004&category=LA-1000005&intent=false&firstLoad=false&page=9&start=320","ADVAN Laptop Workplus AMD RYZEN 5 6600H 14'' FHD IPS 16GB 512GB Win 11","6.999.000","4,9","Terjual 40","Kab. Tangerang","Advan Indonesia Flagship Store"
"1777283338-426","https://www.blibli.com/cari/laptop%20advan?brand=Advan&sort=0&category=LA-1000004&category=LA-1000005&intent=false&firstLoad=false&page=9&start=320","Laptop ADVAN Notebook Laptop Workpro Intel I5 14” FHD IPS 8GB 256GB Win 11","5.070.000","","Terjual 1","Kota Bandung","Mediatouch Computer Flagship Store"
"1777283338-427","https://www.blibli.com/cari/laptop%20advan?brand=Advan&sort=0&category=LA-1000004&category=LA-1000005&intent=false&firstLoad=false&page=9&start=320","[TURUN HARGA] Laptop ADVAN TBook Celeron N100 Intel N100 4Gb/128GB (Upgradabe) 14"" HD Free Windows 11 Garansi Resmi 1 Tahun","3.199.000","5","Terjual 21","Kab. Tangerang","Advan Indonesia Flagship Store"
"1777283338-428","https://www.blibli.com/cari/laptop%20advan?brand=Advan&sort=0&category=LA-1000004&category=LA-1000005&intent=false&firstLoad=false&page=9&start=320","Laptop Advan Soulmate Celeron N4020 4GB/128GB","2.450.000","","","Kota Bandung","Mediatouch Computer Flagship Store"
"1777283338-429","https://www.blibli.com/cari/laptop%20advan?brand=Advan&sort=0&category=LA-1000004&category=LA-1000005&intent=false&firstLoad=false&page=9&start=320","Laptop Advan Workplus RAM 16GB 512GB Notebook Ryzen 5 Win 11 Resmi","8.259.000","5","Terjual 1","Kota Bekasi","CA Shop Flagship Store"
"1777283338-430","https://www.blibli.com/cari/laptop%20advan?brand=Advan&sort=0&category=LA-1000004&category=LA-1000005&intent=false&firstLoad=false&page=9&start=320","Laptop Advan Laptop WorkPlus Ryzen 5 - AMD Ryzen 5 6600H RAM 16GB SSD 512GB AMD Graphics 14 Inch FHD Win 11","7.446.000","","","Kota Jakarta Pusat","Enter Komputer Flagship Store"
"1777283338-431","https://www.blibli.com/cari/laptop%20advan?brand=Advan&sort=0&category=LA-1000004&category=LA-1000005&intent=false&firstLoad=false&page=9&start=320","Laptop Advan Pixwar 16GB 512GB Notebook Ryzen 7 Windows 11 Gaming New Original Garansi Resmi","8.659.000","","","Kota Bekasi","CA Shop Flagship Store"
"1777283338-432","https://www.blibli.com/cari/laptop%20advan?brand=Advan&sort=0&category=LA-1000004&category=LA-1000005&intent=false&firstLoad=false&page=9&start=320","Laptop Advan Workpro Lite 8GB 256GB Notebook Intel i5 Windows 11 New Original Garansi Resmi","5.639.000","","","Kota Bekasi","CA Shop Flagship Store"
"1777283338-433","https://www.blibli.com/cari/laptop%20advan?brand=Advan&sort=0&category=LA-1000004&category=LA-1000005&intent=false&firstLoad=false&page=9&start=320","Laptop Advan Workplus RAM 24GB 512GB Notebook Intel i5 Windows 11 New Original Garansi Resmi","7.519.000","","Terjual 2","Kota Bekasi","CA Shop Flagship Store"
"1777283338-434","https://www.blibli.com/cari/laptop%20advan?brand=Advan&sort=0&category=LA-1000004&category=LA-1000005&intent=false&firstLoad=false&page=9&start=320","LAPTOP ADVAN TBOOK INTEL N100 8GB 384GB SSD 14INCH HD WINDOWS 11","3.295.701","","","Kota Palembang","MDP SUPERSTORE Flagship Store"
"1777283338-435","https://www.blibli.com/cari/laptop%20advan?brand=Advan&sort=0&category=LA-1000004&category=LA-1000005&intent=false&firstLoad=false&page=9&start=320","Laptop Advan PIXWAR X TRANSFORMERS 16GB 512GB Notebook Ryzen 7 Windows 11 Gaming New Original Garansi Resmi","8.489.000","","Terjual 1","Kota Bekasi","CA Shop Flagship Store"
"1777283338-436","https://www.blibli.com/cari/laptop%20advan?brand=Advan&sort=0&category=LA-1000004&category=LA-1000005&intent=false&firstLoad=false&page=9&start=320","Laptop Advan T-Book 1405 Intel N100 / Ram 8GB / 128GB eMMC / Win11 Home","3.178.000","","Terjual 1","Kota Jakarta Barat","Paradisestore.id Flagship Store"
"1777283338-437","https://www.blibli.com/cari/laptop%20advan?brand=Advan&sort=0&category=LA-1000004&category=LA-1000005&intent=false&firstLoad=false&page=9&start=320","Laptop Advan Workpro Lite 8GB 256GB Notebook Intel i3 Windows 11 New Original Garansi Resmi","4.439.000","","","Kota Bekasi","CA Shop Flagship Store"
"1777283338-438","https://www.blibli.com/cari/laptop%20advan?brand=Advan&sort=0&category=LA-1000004&category=LA-1000005&intent=false&firstLoad=false&page=9&start=320","Laptop Advan 360 Stylus Pro Ryzen Sketsa Notebook Flip 2in1 Tablet Touch New Original Garansi Resmi","6.899.000","","","Kota Bekasi","CA Shop Flagship Store"
"1777283338-439","https://www.blibli.com/cari/laptop%20advan?brand=Advan&sort=0&category=LA-1000004&category=LA-1000005&intent=false&firstLoad=false&page=9&start=320","Laptop Advan Workplus x Darbotz RAM 16GB 512GB Notebook Ryzen 7 Windows 11 New Original Garansi Resmi","8.669.000","","","Kota Bekasi","CA Shop Flagship Store"
"1777283338-440","https://www.blibli.com/cari/laptop%20advan?brand=Advan&sort=0&category=LA-1000004&category=LA-1000005&intent=false&firstLoad=false&page=9&start=320","LAPTOP ADVAN 2 IN 1 EVO-X GREY INTEL N150 12GB 512GB SSD WIN 11 HOME TOUCH 3K 100% SRGB","6.176.000","","","Kota Surabaya","ExpoComp Flagship Store"
"1777283338-441","https://www.blibli.com/cari/laptop%20advan?brand=Advan&sort=0&category=LA-1000004&category=LA-1000005&intent=false&firstLoad=false&page=9&start=320","LAPTOP ADVAN 2 IN 1 EVO-X GREY N100 12GB 512GB WIN 11 13 INCH IPS 100% SRGB INCLUDE PEN TOUCH","5.811.000","","","Kota Surabaya","ExpoComp Flagship Store"
"1777283338-442","https://www.blibli.com/cari/laptop%20advan?brand=Advan&sort=0&category=LA-1000004&category=LA-1000005&intent=false&firstLoad=false&page=9&start=320","Laptop Advan Workpro RAM 8GB 256GB SSD Notebook 14"" IPS Intel i5 Windows 11 New Original Garansi Resmi","4.689.000","","Terjual 6","Kota Bekasi","CA Shop Flagship Store"
"1777283338-443","https://www.blibli.com/cari/laptop%20advan?brand=Advan&sort=0&category=LA-1000004&category=LA-1000005&intent=false&firstLoad=false&page=9&start=320","LAPTOP ADVAN AI GEN Gen L24A-U5MT1 GREY ULTRA 5-125H 16GB 512GB WIN 11, Tipe BUNDLE DELUXE","8.999.000","","","Kota Surabaya","ExpoComp Flagship Store"
"1777283338-444","https://www.blibli.com/cari/laptop%20advan?brand=Advan&sort=0&category=LA-1000004&category=LA-1000005&intent=false&firstLoad=false&page=9&start=320","Laptop Advan Workplus 1701 - H1-I5AD2 FHD+ 16:10 / RAM 24GB / 512GB SSD / WIN11 HOME","7.188.000","","","Kota Jakarta Barat","Paradisestore.id Flagship Store"
"1777283338-445","https://www.blibli.com/cari/laptop%20advan?brand=Advan&sort=0&category=LA-1000004&category=LA-1000005&intent=false&firstLoad=false&page=9&start=320","LAPTOP ADVAN WORK PRO LITE (GREY) : INTEL CORE I3 8/,256GB SSD 14""FHD DISPLAY WIN 11 HOME","4.594.401","","","Kota Palembang","MDP SUPERSTORE Flagship Store"
"1777283338-446","https://www.blibli.com/cari/laptop%20advan?brand=Advan&sort=0&category=LA-1000004&category=LA-1000005&intent=false&firstLoad=false&page=9&start=320","Laptop ADVAN Workplus AIR | AMD Ryzen 5 7535HS | 14 inch OLED Full HD + 1920x1200 | Ultra Slim 1,6cm & Light","9.199.000","","","Kota Surabaya","Sentraponsel"
"1777283338-447","https://www.blibli.com/cari/laptop%20advan?brand=Advan&sort=0&category=LA-1000004&category=LA-1000005&intent=false&firstLoad=false&page=9&start=320","LAPTOP ADVAN SOULMATE X (WHITE) : AMD 3020E,8GB DDR4 UPGRADEABLE ,128GB ,14"" FHD IPS,WIN 11HOME (+TAS)","3.645.351","","Terjual 1","Kota Palembang","MDP SUPERSTORE Flagship Store"
"1777283338-448","https://www.blibli.com/cari/laptop%20advan?brand=Advan&sort=0&category=LA-1000004&category=LA-1000005&intent=false&firstLoad=false&page=9&start=320","LAPTOP ADVAN HERITAGE AMD R5-7535HS 16GB/512GB SSD AMD RADEON GRAPHICS 660M 14"" WIN 11 (NO TAS)","6.792.201","","","Kota Palembang","MDP SUPERSTORE Flagship Store"
"1777283338-449","https://www.blibli.com/cari/laptop%20advan?brand=Advan&sort=0&category=LA-1000004&category=LA-1000005&intent=false&firstLoad=false&page=9&start=320","Laptop Advan Workplus 1701 HR59S05A 16:10 FHD+ IPS / AMD Ryzen 5 6600H / RAM 16GB / 512GB SSD / WIN11 HOME","6.748.000","5","Terjual 1","Kota Jakarta Barat","Paradisestore.id Flagship Store"
"1777283338-450","https://www.blibli.com/cari/laptop%20advan?brand=Advan&sort=0&category=LA-1000004&category=LA-1000005&intent=false&firstLoad=false&page=9&start=320","Laptop Advan 360 Stylus PRO L24F-I3AD1 FHD IPS Touch / Core i3 Gen12/ Ram 8GB / 512GB SSD / Win11 Home","6.487.000","","","Kota Jakarta Barat","Paradisestore.id Flagship Store"
"1777283338-451","https://www.blibli.com/cari/laptop%20advan?brand=Advan&sort=0&category=LA-1000004&category=LA-1000005&intent=false&firstLoad=false&page=9&start=320","ADVAN Laptop Notebook INTEL i3 14 inch FHD IPS 8GB+256GB WDS","5.250.990","","","Kab. Tangerang","Advan Laptop Flagship Store"
"1777283338-452","https://www.blibli.com/cari/laptop%20advan?brand=Advan&sort=0&category=LA-1000004&category=LA-1000005&intent=false&firstLoad=false&page=9&start=320","Advan Laptop WorkPro Lite - Core i3-1220P","5.017.000","","","Kota Jakarta Pusat","Enter Komputer Flagship Store"
"1777283338-453","https://www.blibli.com/cari/laptop%20advan?brand=Advan&sort=0&category=LA-1000004&category=LA-1000005&intent=false&firstLoad=false&page=9&start=320","Advan Laptop Soulmate Plus - Ryzen 5 3500U RAM 8GB","4.191.000","","","Kota Jakarta Pusat","Enter Komputer Flagship Store"
"1777283338-454","https://www.blibli.com/cari/laptop%20advan?brand=Advan&sort=0&category=LA-1000004&category=LA-1000005&intent=false&firstLoad=false&page=9&start=320","LAPTOP ADVAN EVO-X 16INCH 2IN1(METAL BODY) : INTEL CORE I3 12/,512GB NVME,2,5K DISPLAY IPS TOUCH SCREEN,WIN 11 HOME","7.191.801","","Terjual 1","Kota Palembang","MDP SUPERSTORE Flagship Store"
"1777283338-455","https://www.blibli.com/cari/laptop%20advan?brand=Advan&sort=0&category=LA-1000004&category=LA-1000005&intent=false&firstLoad=false&page=9&start=320","ADVAN Laptop Workpro i5-1035G7 8GB 256GB SSD 14""FHD IPS Win11","4.561.000","","","Kota Jakarta Barat","CERIA PONSEL STORE Flagship Store"
"1777283338-456","https://www.blibli.com/cari/laptop%20advan?brand=Advan&sort=0&category=LA-1000004&category=LA-1000005&intent=false&firstLoad=false&page=9&start=320","Advan Laptop Soulmate N4020 14 Inch Ram 4/128 Gb Garansi Resmi","2.300.000","5","Terjual 1","Kota Bandung","MetaCore Store Flagship Store"
"1777283338-457","https://www.blibli.com/cari/laptop%20advan?brand=Advan&sort=0&category=LA-1000004&category=LA-1000005&intent=false&firstLoad=false&page=9&start=320","ADVAN Laptop Workplus Intel i5 12600H 14'' FHD IPS 24GB 512GB Win 11","7.999.000","5","Terjual 5","Kab. Tangerang","Advan Indonesia Flagship Store"
"1777283338-458","https://www.blibli.com/cari/laptop%20advan?brand=Advan&sort=0&category=LA-1000004&category=LA-1000005&intent=false&firstLoad=false&page=9&start=320","Advan Laptop TBOOK X TRANSFORMER 14 inch Intel N100 4GB / 128GB Free Windows 11","3.299.000","5","Terjual 5","Kab. Tangerang","Advan Indonesia Flagship Store"
"1777283338-459","https://www.blibli.com/cari/laptop%20advan?brand=Advan&sort=0&category=LA-1000004&category=LA-1000005&intent=false&firstLoad=false&page=9&start=320","ADVAN LAPTOP WORKMATE 8/256GB GARANSI RESMI - PROMO","4.440.000","","","Kota Surabaya","CV INTOWN CELL INDONESIA Flagship Store"
"1777283338-460","https://www.blibli.com/cari/laptop%20advan?brand=Advan&sort=0&category=LA-1000004&category=LA-1000005&intent=false&firstLoad=false&page=9&start=320","ADVAN LAPTOP WORKMATE 8/256GB GARANSI RESMI - NEW","4.799.000","","","Kota Surabaya","CV INTOWN CELL INDONESIA Flagship Store"
"1777283338-461","https://www.blibli.com/cari/laptop%20advan?brand=Advan&sort=0&category=LA-1000004&category=LA-1000005&intent=false&firstLoad=false&page=9&start=320","Advan Laptop Soulmate [14/Intel Celeron N4020/4GB/SSD128GB/Win11/Bag]","2.949.000","","Terjual 3","Kota Jakarta Timur","Intel ID Flagship Store"
"1777283338-462","https://www.blibli.com/cari/laptop%20advan?brand=Advan&sort=0&category=LA-1000004&category=LA-1000005&intent=false&firstLoad=false&page=9&start=320","Advan Laptop Soulmate 4/128GB Intel N4020 Windows 11","2.298.000","","","Kota Jakarta Pusat","Sinar Cakrawala Flagship Store"
"1777283338-463","https://www.blibli.com/cari/laptop%20advan?brand=Advan&sort=0&category=LA-1000004&category=LA-1000005&intent=false&firstLoad=false&page=9&start=320","ADVAN Laptop Soulmate Intel Celeron N4020 4GB 128GB 14"" HD W11 Grey","2.319.606","","","Kota Surabaya","Grosiria Flagship Store"
"1777283338-464","https://www.blibli.com/cari/laptop%20advan?brand=Advan&sort=0&category=LA-1000004&category=LA-1000005&intent=false&firstLoad=false&page=9&start=320","ADVAN Laptop Soulmate Plus AMD Ryzen 5 3500U 8GB 256GB Free WIndows 11","4.299.000","","Terjual 3","Kab. Tangerang","Advan Indonesia Flagship Store"
"1777283338-465","https://www.blibli.com/cari/laptop%20advan?brand=Advan&sort=0&category=LA-1000004&category=LA-1000005&intent=false&firstLoad=false&page=9&start=320","[Free Mouse Wireless] Advan Laptop Soulmate 8GB/SSD128GB [14/Intel Celeron N4020/2x4GB/SSD128GB/Win11/Bag]","3.139.000","5","Terjual 6","Kota Jakarta Timur","Intel ID Flagship Store"
"1777283338-466","https://www.blibli.com/cari/laptop%20advan?brand=Advan&sort=0&category=LA-1000004&category=LA-1000005&intent=false&firstLoad=false&page=9&start=320","[EXTRA DISCOUNT] ADVAN Laptop Gaming Pixwar x Transformers AMD Ryzen 7 6800H 16GB/512GB Windows 11","8.699.000","","","Kab. Tangerang","Advan Laptop Flagship Store"
"1777283338-467","https://www.blibli.com/cari/laptop%20advan?brand=Advan&sort=0&category=LA-1000004&category=LA-1000005&intent=false&firstLoad=false&page=9&start=320","ADVAN LAPTOP SOULMATE X2 8/128GB GARANSI RESMI - PROMO","3.043.000","","","Kota Surabaya","CV INTOWN CELL INDONESIA Flagship Store"
"1777283338-468","https://www.blibli.com/cari/laptop%20advan?brand=Advan&sort=0&category=LA-1000004&category=LA-1000005&intent=false&firstLoad=false&page=9&start=320","ADVAN Laptop TBOOK Intel N100 8GB 128GB+256GB SSD 14'' HD W11 Grey","4.009.000","","","Kota Surabaya","Grosiria Flagship Store"
"1777283338-469","https://www.blibli.com/cari/laptop%20advan?brand=Advan&sort=0&category=LA-1000004&category=LA-1000005&intent=false&firstLoad=false&page=9&start=320","Advan Laptop Soulmate X AMD Athlon Silver 3020e 8GB 128GB 14"" FHD Windows 11","3.275.000","","Terjual 1","Kota Surabaya","Grosiria Flagship Store"
"1777283338-470","https://www.blibli.com/cari/laptop%20advan?brand=Advan&sort=0&category=LA-1000004&category=LA-1000005&intent=false&firstLoad=false&page=9&start=320","ADVAN Laptop 360 Stylush Pro Laptop 2 IN 1 Touchscreen Intel Core i3-1215U 8GB/256GB 14"" IPS FHD Win 11 Free Stylush Pen","6.899.000","5","Terjual 4","Kab. Tangerang","Advan Indonesia Flagship Store"
"1777283338-471","https://www.blibli.com/cari/laptop%20advan?brand=Advan&sort=0&category=LA-1000004&category=LA-1000005&intent=false&firstLoad=false&page=9&start=320","ADVAN Laptop Ai Gen Ryzen 7 8845HS AMD Ryzen AI 16GB 512GB Windows 11 HD716S05A","10.098.990","","Terjual 1","Kab. Tangerang","Advan Laptop Flagship Store"
"1777283338-472","https://www.blibli.com/cari/laptop%20advan?brand=Advan&sort=0&category=LA-1000004&category=LA-1000005&intent=false&firstLoad=false&page=9&start=320","ADVAN Laptop Soulmate Plus R5 3500U 8GB 256GB SSD 14"" HD W11 Grey AMD RADEON GRAPHICS","3.989.606","","","Kota Surabaya","Grosiria Flagship Store"
"1777283338-473","https://www.blibli.com/cari/laptop%20advan?brand=Advan&sort=0&category=LA-1000004&category=LA-1000005&intent=false&firstLoad=false&page=9&start=320","ADVAN Laptop X360 Stylus PRO Intel Core I3 1215U 8GB 256GB 14” IPS FHD Touchscreen W11","6.461.212","","","Kota Surabaya","Grosiria Flagship Store"
"1777283338-474","https://www.blibli.com/cari/laptop%20advan?brand=Advan&sort=0&category=LA-1000004&category=LA-1000005&intent=false&firstLoad=false&page=9&start=320","Advan Laptop Soulmate Plus RAM 8GB 256GB Notebook AMD Ryzen 5 Windows 11 New Original Garansi Resmi","3.919.000","","","Kota Bekasi","CA Shop Flagship Store"
"1777283338-475","https://www.blibli.com/cari/laptop%20advan?brand=Advan&sort=0&category=LA-1000004&category=LA-1000005&intent=false&firstLoad=false&page=9&start=320","ADVAN Workplus Laptop Ryzen 5-6600H 16GB 512GB SSD 14'' FHD IPS W11","7.079.000","5","Terjual 1","Kota Surakarta (Solo)","Risc Computer Flagship Store"
"1777283338-476","https://www.blibli.com/cari/laptop%20advan?brand=Advan&sort=0&category=LA-1000004&category=LA-1000005&intent=false&firstLoad=false&page=9&start=320","[FREE STYLUS PEN] ADVAN Laptop 360 Stylus Pro Laptop 2 in 1 AMD Ryzen 5 7430U 14"" IPS FHD Touchschreen 8GB/256GB Upgradable Storage Windows 11 - Garan","7.299.000","5","Terjual 1","Kab. Tangerang","Advan Laptop Flagship Store"
"1777283338-477","https://www.blibli.com/cari/laptop%20advan?brand=Advan&sort=0&category=LA-1000004&category=LA-1000005&intent=false&firstLoad=false&page=9&start=320","Advan Laptop 2 in 1 Evo-X 13 Intel N100 12GB/512GB 2K IPS 100% SRGB Free Stylus + Keyboard","6.098.000","","","Kota Surabaya","UFO Elektronika dan Furniture Flagship Store"
"1777283338-478","https://www.blibli.com/cari/laptop%20advan?brand=Advan&sort=0&category=LA-1000004&category=LA-1000005&intent=false&firstLoad=false&page=9&start=320","Advan Laptop AI Gen RAM 16GB 512GB Notebook AMD Ryzen 7 IPS Windows 11 New Original Garansi Resmi","9.609.000","","","Kota Bekasi","CA Shop Flagship Store"
"1777283338-479","https://www.blibli.com/cari/laptop%20advan?brand=Advan&sort=0&category=LA-1000004&category=LA-1000005&intent=false&firstLoad=false&page=9&start=320","ADVAN Laptop Soulmate SG14S02A N4020/4GB/256GB/Win11/14""","2.750.000","","","Kota Jakarta Pusat","GM COM Flagship Store"
"1777283338-480","https://www.blibli.com/cari/laptop%20advan?brand=Advan&sort=0&category=LA-1000004&category=LA-1000005&intent=false&firstLoad=false&page=9&start=320","ADVAN Laptop Workplus AIR | AMD Ryzen 5 7535HS | 14 inch OLED Full HD+ 1920x1200 | Ultra Slim 1,6cm & Light 1,09Kg | 16GB/512GB | Hemat Daya Zen 3+","9.199.000","","Terjual 1","Kab. Tangerang","Advan Laptop Flagship Store"
"1777283338-481","https://www.blibli.com/cari/laptop%20advan?brand=Advan&sort=0&category=LA-1000004&category=LA-1000005&intent=false&firstLoad=false&page=9&start=320","ADVAN Laptop Soulmate Plus | AMD Ryzen 5 3500U | 8GB/256GB Upgradable | WIFI 5 | Free WIndows 11 | Garansi Resmi 1 Tahun","4.098.000","","","Kota Surabaya","UFO Elektronika dan Furniture Flagship Store"
"1777283338-482","https://www.blibli.com/cari/laptop%20advan?brand=Advan&sort=0&category=LA-1000004&category=LA-1000005&intent=false&firstLoad=false&page=9&start=320","ADVAN X DARBOTZ Laptop Workplus AMD Ryzen 7 7735HS 16GB/512GB 14"" FHD IPS Windows 11","8.699.000","","Terjual 1","Kab. Tangerang","Advan Indonesia Flagship Store"
"1777283338-483","https://www.blibli.com/cari/laptop%20advan?brand=Advan&sort=0&category=LA-1000004&category=LA-1000005&intent=false&firstLoad=false&page=9&start=320","[jikalaku] Advan Laptop Workmate Ultra 8/256GB Intel Ultra 5 115U With AI Boost 14"" FHD+ BLUE","7.881.300","","","Kota Jakarta Pusat","jikalaku Flagship Store"
"1777283338-484","https://www.blibli.com/cari/laptop%20advan?brand=Advan&sort=0&category=LA-1000004&category=LA-1000005&intent=false&firstLoad=false&page=9&start=320","Advan Laptop Workamte Ultra 8GB+256GB Intel Ultra 5 115U With AI Boost 14 INCH FHD+ BLUE","7.881.000","","","Kota Jakarta Pusat","Sinar Cakrawala Flagship Store"
"1777283338-485","https://www.blibli.com/cari/laptop%20advan?brand=Advan&sort=0&category=LA-1000004&category=LA-1000005&intent=false&firstLoad=false&page=9&start=320","[BEST DEALS] ADVAN Laptop Gaming Pixwar | AMD Ryzen 7 6800H | 16GB/512GB | 15.6"" FHD | WIFI 6 | Dual Cooling System | Windows 11 | Garansi Resmi","8.699.000","","Terjual 1","Kab. Tangerang","Advan Indonesia Flagship Store"
"1777283338-486","https://www.blibli.com/cari/laptop%20advan?brand=Advan&sort=0&category=LA-1000004&category=LA-1000005&intent=false&firstLoad=false&page=9&start=320","Advan WorkPro Lite Laptop intel Core i5-1035G7 8GB 256GB 14"" FHD W11","5.255.000","","","Kota Surakarta (Solo)","Risc Computer Flagship Store"
"1777283338-487","https://www.blibli.com/cari/laptop%20advan?brand=Advan&sort=0&category=LA-1000004&category=LA-1000005&intent=false&firstLoad=false&page=9&start=320","Laptop 2 in 1 Advan Evo-X RAM 12GB 512GB Notebook Intel N100 Windows 11 Touchscreen New Original Garansi Resmi","6.309.000","","","Kota Bekasi","CA Shop Flagship Store"
"1777283338-488","https://www.blibli.com/cari/laptop%20advan?brand=Advan&sort=0&category=LA-1000004&category=LA-1000005&intent=false&firstLoad=false&page=9&start=320","Laptop 2 in 1 Advan Evo-X RAM 12GB 512GB Notebook Intel N150 Windows 11 Touchscreen New Original Garansi Resmi","6.629.000","","","Kota Bekasi","CA Shop Flagship Store"
"1777283338-489","https://www.blibli.com/cari/laptop%20advan?brand=Advan&sort=0&category=LA-1000004&category=LA-1000005&intent=false&firstLoad=false&page=9&start=320","LAPTOP ADVAN WORKPLUS R7 16/512","9.474.970","","","","Kota Bogor"
"1777283338-490","https://www.blibli.com/cari/laptop%20advan?brand=Advan&sort=0&category=LA-1000004&category=LA-1000005&intent=false&firstLoad=false&page=9&start=320","Advan Workmate i3 - Laptop Core i3-1215U RAM 8GB SSD 256GB 14"" FHD+","5.740.000","","","Kota Jakarta Pusat","Enter Komputer Flagship Store"
"1777283338-491","https://www.blibli.com/cari/laptop%20advan?brand=Advan&sort=0&category=LA-1000004&category=LA-1000005&intent=false&firstLoad=false&page=9&start=320","[Free Stylus Pen]ADVAN FLIP 360 TOUCHSCREEN FHD IPS INTEL CORE I3 1215U RAM16GB SSD1TB WINDOWS 11 ORIGINAL","7.799.000","5","Terjual 10","Kota Jakarta Pusat","SKYNET COMPUTER Flagship Store"
"1777283338-492","https://www.blibli.com/cari/laptop%20advan?brand=Advan&sort=0&category=LA-1000004&category=LA-1000005&intent=false&firstLoad=false&page=9&start=320","Advan AI Gen Ryzen 7 - Laptop Ryzen 7 8845HS RAM 16GB SSD 512GB AMD Radeon Graphics 14"" FHD","11.010.000","","","Kota Jakarta Pusat","Enter Komputer Flagship Store"
"1777283338-493","https://www.blibli.com/cari/laptop%20advan?brand=Advan&sort=0&category=LA-1000004&category=LA-1000005&intent=false&firstLoad=false&page=9&start=320","ADVAN Tab V8 Gaming Mediatek Helio G99 (8+8GB/128GB) IPS WUXGA FHD+ 1920*1200 Android 14","2.199.000","","Terjual 2","Kab. Tangerang","Advan Laptop Flagship Store"
"1777283338-494","https://www.blibli.com/cari/laptop%20advan?brand=Advan&sort=0&category=LA-1000004&category=LA-1000005&intent=false&firstLoad=false&page=9&start=320","Advan Workplus Ryzen 7 7735HS 16GB 512GB AMD Radeon 680M FHD IPS Windows 11 Original","13.999.000","","Terjual 1","Kab. Tangerang","Advan Laptop Flagship Store"
"1777283338-495","https://www.blibli.com/cari/laptop%20advan?brand=Advan&sort=0&category=LA-1000004&category=LA-1000005&intent=false&firstLoad=false&page=9&start=320","Laptop Advan Soulmate/N4020/4GB/128GB eMMC/14""/Windows 11 Original - Grey","2.431.000","","","","Kota Surabaya"
"1777283338-496","https://www.blibli.com/cari/laptop%20advan?brand=Advan&sort=0&category=LA-1000004&category=LA-1000005&intent=false&firstLoad=false&page=9&start=320","WorkPlus R5 Laptop Advan AMD Ryzen 5 6600H","7.249.000","","","","Kab. Garut"
"1777283338-497","https://www.blibli.com/cari/laptop%20advan?brand=Advan&sort=0&category=LA-1000004&category=LA-1000005&intent=false&firstLoad=false&page=9&start=320","Advan Workplus Notebook [Ryzen 5-6600H/16GB/512GB SSD/14"" FHD IPS/W11]","8.000.000","5","Terjual 1","Kota Medan","SOFTCOM Flagship Store"
"1777283338-498","https://www.blibli.com/cari/laptop%20advan?brand=Advan&sort=0&category=LA-1000004&category=LA-1000005&intent=false&firstLoad=false&page=9&start=320","Advan Notebook WorkPro [Core i5-1035G7/8GB/256GB SSD/14"" FHD IPS/W11]","5.739.000","","","Kota Medan","SOFTCOM Flagship Store"
"1777283338-499","https://www.blibli.com/cari/laptop%20advan?brand=Advan&sort=0&category=LA-1000004&category=LA-1000005&intent=false&firstLoad=false&page=9&start=320","Laptop Advan Workplus RAM 16GB 512GB Notebook Ryzen 5 Win 11 Resmi","8.260.000","","","","Kota Bekasi"
"1777283338-500","https://www.blibli.com/cari/laptop%20advan?brand=Advan&sort=0&category=LA-1000004&category=LA-1000005&intent=false&firstLoad=false&page=9&start=320","NOTEBOOK ADVAN WORKPLUS (SILVER) : INTEL CORE I5-1235U,16GB LPDDR5,512GB","7.991.001","","Terjual 10","Kota Palembang","MDP SUPERSTORE Flagship Store"
"1777283338-501","https://www.blibli.com/cari/laptop%20advan?brand=Advan&sort=0&category=LA-1000004&category=LA-1000005&intent=false&firstLoad=false&page=9&start=320","Advan Soulmate/Intel N4020/4GB/128GB/Win 11/","2.450.000","5","Terjual 3","Kota Bandung","Mediatouch Computer Flagship Store"
"1777283338-502","https://www.blibli.com/cari/laptop%20advan?brand=Advan&sort=0&category=LA-1000004&category=LA-1000005&intent=false&firstLoad=false&page=9&start=320","Laptop ADVAN 360 Stylus PRO Intel Core i3-1215U 14”IPS FHD Touchscreen","6.625.000","","","","Kota Madiun"
"1777283338-503","https://www.blibli.com/cari/laptop%20advan?brand=Advan&sort=0&category=LA-1000004&category=LA-1000005&intent=false&firstLoad=false&page=9&start=320","NOTEBOOK ADVAN SOULMATE (BLACK) : INTEL N4020,4GB DDR4,128GB MMC,14"" DISPLAY,WIN 11HOME (+TAS)","2.396.601","","Terjual 1","Kota Palembang","MDP SUPERSTORE Flagship Store"
"1777283338-504","https://www.blibli.com/cari/laptop%20advan?brand=Advan&sort=0&category=LA-1000004&category=LA-1000005&intent=false&firstLoad=false&page=9&start=320","Laptop ADVAN Soulmate Celeron N4020 4GB/128GB (upgradable) 14"" HD IPS","2.499.000","","","","Kab. Sleman"
"1777283338-505","https://www.blibli.com/cari/laptop%20advan?brand=Advan&sort=0&category=LA-1000004&category=LA-1000005&intent=false&firstLoad=false&page=9&start=320","Advan 360 Stylus Pro Core i3 1215U 8GB 256GB W11 Home Grey","6.599.000","5","Terjual 2","Kota Denpasar","Blessing Computer Flagship Store"
"1777283338-506","https://www.blibli.com/cari/laptop%20advan?brand=Advan&sort=0&category=LA-1000004&category=LA-1000005&intent=false&firstLoad=false&page=9&start=320","Laptop Advan Pixwar 16GB 512GB Notebook Ryzen 7 Windows 11 Gaming New Original Garansi Resmi","8.660.000","","Terjual 1","","Kota Bekasi"
"1777283338-507","https://www.blibli.com/cari/laptop%20advan?brand=Advan&sort=0&category=LA-1000004&category=LA-1000005&intent=false&firstLoad=false&page=9&start=320","NOTEBOOK ADVAN WORK PRO LITE (GREY) : INTEL CORE I3-1220P,8GB DDR4,256GB SSD,14""FHD DISPLAY,WIN 11 HOME","4.594.401","","","Kota Palembang","MDP SUPERSTORE Flagship Store"
"1777283338-508","https://www.blibli.com/cari/laptop%20advan?brand=Advan&sort=0&category=LA-1000004&category=LA-1000005&intent=false&firstLoad=false&page=9&start=320","Laptop Advan 360 Stylus Pro Sketsa Notebook Flip 2in1 Tablet Touch New Original Garansi Resmi","6.580.000","","","","Kota Bekasi"
"1777283338-509","https://www.blibli.com/cari/laptop%20advan?brand=Advan&sort=0&category=LA-1000004&category=LA-1000005&intent=false&firstLoad=false&page=9&start=320","ADVAN Workpro Lite i3 1215U/8GB/256GB SSD/14""FHD/W11","4.829.000","","","Kota Medan","SOFTCOM Flagship Store"
"1777283338-510","https://www.blibli.com/cari/laptop%20advan?brand=Advan&sort=0&category=LA-1000004&category=LA-1000005&intent=false&firstLoad=false&page=9&start=320","Advan 2 in 1 Evo-X 13 Intel N150 12GB 512GB SSD 13"" IPS Touch SC W11","6.885.000","","","Kota Surakarta (Solo)","Risc Computer Flagship Store"
"1777283338-511","https://www.blibli.com/cari/laptop%20advan?brand=Advan&sort=0&category=LA-1000004&category=LA-1000005&intent=false&firstLoad=false&page=9&start=320","ADVAN AI-GEN - AMD Ryzen 7 8845HS 16GB SSD 512GB 780M W11","9.399.000","","","Kota Surakarta (Solo)","Risc Computer Flagship Store"
"1777283338-512","https://www.blibli.com/cari/laptop%20advan?brand=Advan&sort=0&category=LA-1000004&category=LA-1000005&intent=false&firstLoad=false&page=9&start=320","ADVAN Workplus R7 7735HS/16GB/512GB SSD/14"" FHD IPS/W11","9.139.000","","","Kota Medan","SOFTCOM Flagship Store"
"1777283338-513","https://www.blibli.com/cari/laptop%20advan?brand=Advan&sort=0&category=LA-1000004&category=LA-1000005&intent=false&firstLoad=false&page=9&start=320","Advan WorkMate i3 Grey [Intel Core i3-1215U 8GB 256GB SSD 14""FHD+ IPS Intel Graphics Windows 11 Garansi 1 Year] | Pegacare+","5.758.000","","","Kota Yogyakarta","Pegastore.id Flagship Store"
"1777283338-514","https://www.blibli.com/cari/laptop%20advan?brand=Advan&sort=0&category=LA-1000004&category=LA-1000005&intent=false&firstLoad=false&page=9&start=320","Advan EVO X13","5.915.000","","","Kota Yogyakarta","Pegastore.id Flagship Store"
"1777283338-515","https://www.blibli.com/cari/laptop%20advan?brand=Advan&sort=0&category=LA-1000004&category=LA-1000005&intent=false&firstLoad=false&page=9&start=320","ADVAN 360 Pro Stylus AMD Ryzen 5 7430U RAM16GB SSD1TB 14'' Ips Touchscreen Windows 11","6.699.000","5","Terjual 1","Kota Jakarta Pusat","SKYNET COMPUTER Flagship Store"
"1777283338-516","https://www.blibli.com/cari/laptop%20advan?brand=Advan&sort=0&category=LA-1000004&category=LA-1000005&intent=false&firstLoad=false&page=9&start=320","Advan TBook Standard Edition [Intel N100 4GB EMMC 128GB 14""HD Intel Graphics Windows 11 Garansi 1 Year] | Pegacare+","3.453.000","","","Kota Yogyakarta","Pegastore.id Flagship Store"
"1777283338-517","https://www.blibli.com/cari/laptop%20advan?brand=Advan&sort=0&category=LA-1000004&category=LA-1000005&intent=false&firstLoad=false&page=9&start=320","ADVAN SOULMATE 14 GEN 3 3rd Gen INTEL CELERON N4020 4GB/ 8GB 128GB eMMC WIN 11 HOME TANPA OFFICE NO OHS 2021","2.442.000","","","Kota Surabaya","ExpoComp Flagship Store"
"1777283338-518","https://www.blibli.com/cari/laptop%20advan?brand=Advan&sort=0&category=LA-1000004&category=LA-1000005&intent=false&firstLoad=false&page=9&start=320","Advan Work PLus Ryzen 7 7735HS 16GB 512GB W11 Silver","8.530.000","","","Kota Denpasar","Blessing Computer Flagship Store"
"1777283338-519","https://www.blibli.com/cari/laptop%20advan?brand=Advan&sort=0&category=LA-1000004&category=LA-1000005&intent=false&firstLoad=false&page=9&start=320","Laptop Advan Workpro Lite 8GB 256GB Notebook Intel i5 Windows 11 New Original Garansi Resmi","5.640.000","","","","Kota Bekasi"
"1777283338-520","https://www.blibli.com/cari/laptop%20advan?brand=Advan&sort=0&category=LA-1000004&category=LA-1000005&intent=false&firstLoad=false&page=9&start=320","Laptop Advan Workplus RAM 16GB 512GB Notebook Ryzen 7 Windows 11 New Original Garansi Resmi","8.670.000","","","","Kota Bekasi"
"1777283338-521","https://www.blibli.com/cari/laptop%20advan?brand=Advan&sort=0&category=LA-1000004&category=LA-1000005&intent=false&firstLoad=false&page=9&start=320","Advan WorkPro Lite Intel I3 1215U 8GB 256GB SSD 14"" FHD IPS W11 Grey","4.631.111","","","Kota Surabaya","Grosiria Flagship Store"
"1777283338-522","https://www.blibli.com/cari/laptop%20advan?brand=Advan&sort=0&category=LA-1000004&category=LA-1000005&intent=false&firstLoad=false&page=9&start=320","Laptop Advan Workpro Lite 8GB 256GB Notebook Intel i3 Windows 11 New Original Garansi Resmi","4.440.000","","","","Kota Bekasi"
"1777283338-523","https://www.blibli.com/cari/laptop%20advan?brand=Advan&sort=0&category=LA-1000004&category=LA-1000005&intent=false&firstLoad=false&page=9&start=320","Laptop Advan Soulmate Intel N4020 RAM 4GB 128GB+256GB/14""/WIN 11","2.999.000","","Terjual 1","","Kota Semarang"
"1777283338-524","https://www.blibli.com/cari/laptop%20advan?brand=Advan&sort=0&category=LA-1000004&category=LA-1000005&intent=false&firstLoad=false&page=9&start=320","Laptop Advan Workplus RAM 24GB 512GB Notebook Intel i5 Windows 11 New Original Garansi Resmi","7.520.000","","Terjual 1","","Kota Bekasi"
"1777283338-525","https://www.blibli.com/cari/laptop%20advan?brand=Advan&sort=0&category=LA-1000004&category=LA-1000005&intent=false&firstLoad=false&page=9&start=320","Laptop Advan 360 Stylus Pro Ryzen Sketsa Notebook Flip 2in1 Tablet Touch New Original Garansi Resmi","6.900.000","","","","Kota Bekasi"
"1777283338-526","https://www.blibli.com/cari/laptop%20advan?brand=Advan&sort=0&category=LA-1000004&category=LA-1000005&intent=false&firstLoad=false&page=9&start=320","Laptop Advan Workplus x Darbotz RAM 16GB 512GB Notebook Ryzen 7 Windows 11 New Original Garansi Resmi","8.670.000","5","Terjual 2","","Kota Bekasi"
"1777283338-527","https://www.blibli.com/cari/laptop%20advan?brand=Advan&sort=0&category=LA-1000004&category=LA-1000005&intent=false&firstLoad=false&page=9&start=320","Laptop Advan TBOOK X TRANSFORMER 4GB 128GB Notebook Intel N100 Windows 11 New Original Garansi Resmi","3.650.000","","","","Kota Bekasi"
"1777283338-528","https://www.blibli.com/cari/laptop%20advan?brand=Advan&sort=0&category=LA-1000004&category=LA-1000005&intent=false&firstLoad=false&page=9&start=320","LAPTOP ADVAN TOUCH FLIP 360 i3-1215U 8GB|SSD256GB|WIN11+PEN","6.665.505","","","","Kota Pekanbaru"
"1777283338-529","https://www.blibli.com/cari/laptop%20advan?brand=Advan&sort=0&category=LA-1000004&category=LA-1000005&intent=false&firstLoad=false&page=9&start=320","Laptop Advan PIXWAR X TRANSFORMERS 16GB 512GB Notebook Ryzen 7 Windows 11 Gaming New Original Garansi Resmi","8.490.000","","","","Kota Bekasi"
"1777283338-530","https://www.blibli.com/cari/laptop%20advan?brand=Advan&sort=0&category=LA-1000004&category=LA-1000005&intent=false&firstLoad=false&page=9&start=320","Laptop Advan TBOOK X TRANSFORMER 14 inch Intel N100 RAM 8GB SSD 128GB - Garansi Resmi","3.143.000","","","","Kota Madiun"
"1777283338-531","https://www.blibli.com/cari/laptop%20advan?brand=Advan&sort=0&category=LA-1000004&category=LA-1000005&intent=false&firstLoad=false&page=9&start=320","Laptop Advan Workpro i5-1035G7 8GB 512GB SSD 14""FHD WIN 11","5.554.000","","","","Kota Jakarta Pusat"
"1777283338-532","https://www.blibli.com/cari/laptop%20advan?brand=Advan&sort=0&category=LA-1000004&category=LA-1000005&intent=false&firstLoad=false&page=9&start=320","Laptop Advan WorkPlus Ryzen 7 7735HS ADVAN WorkPlus R7 16GB 512GB SSD","7.999.000","","","","Kota Jakarta Selatan"
"1777283338-533","https://www.blibli.com/cari/laptop%20advan?brand=Advan&sort=0&category=LA-1000004&category=LA-1000005&intent=false&firstLoad=false&page=9&start=320","Pre-order","11.000.000","","Terjual 1","","Kab. Gianyar"
"1777283338-534","https://www.blibli.com/cari/laptop%20advan?brand=Advan&sort=0&category=LA-1000004&category=LA-1000005&intent=false&firstLoad=false&page=9&start=320","[PROMO] Advan TBOOK X TRANSFORMER 4GB 128GB Intel Windows New Original Garansi Resmi","3.549.000","","","Kota Bekasi","CA Shop Flagship Store"
"1777283338-535","https://www.blibli.com/cari/laptop%20advan?brand=Advan&sort=0&category=LA-1000004&category=LA-1000005&intent=false&firstLoad=false&page=9&start=320","[PROMO] Advan AI Gen RAM 16GB 512GB AMD Ryzen IPS Windows New Original Garansi Resmi","9.609.000","","","Kota Bekasi","CA Shop Flagship Store"
"1777283338-536","https://www.blibli.com/cari/laptop%20advan?brand=Advan&sort=0&category=LA-1000004&category=LA-1000005&intent=false&firstLoad=false&page=9&start=320","Laptop Advan WORKPLUS AMD RYZEN 5 6600H RAM 16gb SSD 512gb Windows 11 14.0Full HD IPS","7.599.000","","Terjual 1","","Kota Surabaya"
"1777283338-537","https://www.blibli.com/cari/laptop%20advan?brand=Advan&sort=0&category=LA-1000004&category=LA-1000005&intent=false&firstLoad=false&page=9&start=320","LAPTOP ADVAN SOULMATE PLUS GREY L24D R53S1 AMD R5 3500U 8GB 256GB 14 inc WIN 11","4.220.000","","","","Kota Surabaya"
"1777283338-538","https://www.blibli.com/cari/laptop%20advan?brand=Advan&sort=0&category=LA-1000004&category=LA-1000005&intent=false&firstLoad=false&page=9&start=320","LAPTOP ADVAN S3-85S 1501 ST38S05A INTEL CORE I3-1115G4/8GB/512GB SSD/WIN 11/14"" GARANSI RESMI 1 TAHUN","7.199.000","","","","Kab. Melawi"
"1777283338-539","https://www.blibli.com/cari/laptop%20advan?brand=Advan&sort=0&category=LA-1000004&category=LA-1000005&intent=false&firstLoad=false&page=9&start=320","LAPTOP BARU ADVAN SOULMATE N4020 INTEL GEMINI N4020 RAM 4GB DDR4 SSD 128GB 14INCH HD BLK","2.420.500","","","","Kota Surabaya"
"1777283338-540","https://www.blibli.com/cari/laptop%20advan?brand=Advan&sort=0&category=LA-1000004&category=LA-1000005&intent=false&firstLoad=false&page=9&start=320","Advan Laptop WORKPRO LITE INTEL i3 Notebook 14” 8GB 256GB WIN 11","4.659.000","","Terjual 1","","Kota Surabaya"
"1777283338-541","https://www.blibli.com/cari/laptop%20advan?brand=Advan&sort=0&category=LA-1000004&category=LA-1000005&intent=false&firstLoad=false&page=9&start=320","Special Bundling ADVAN Notebook Laptop Soulmate Grey & MIFI MF01 Travel Pocket Wifi Celeron","3.700.000","","","","Kab. Tangerang"
"1777283338-542","https://www.blibli.com/cari/laptop%20advan?brand=Advan&sort=0&category=LA-1000004&category=LA-1000005&intent=false&firstLoad=false&page=9&start=320","Laptop Advan AI Gen Ryzen 7 8845HS 16GB 512GB W11 Home","9.742.000","","","","Kota Madiun"
"1777283338-543","https://www.blibli.com/cari/laptop%20advan?brand=Advan&sort=0&category=LA-1000004&category=LA-1000005&intent=false&firstLoad=false&page=9&start=320","ADVAN Laptop Workplus AMD RYZEN 5 6600H 14'' FHD IPS 16GB 512GB Win 11","7.120.500","5","Terjual 3","","Kota Jakarta Selatan"
"1777283338-544","https://www.blibli.com/cari/laptop%20advan?brand=Advan&sort=0&category=LA-1000004&category=LA-1000005&intent=false&firstLoad=false&page=9&start=320","Advan Laptop Workpro Lite HD Intel Core i3 1220P Notebook 14″ (8GB /256GB /GREY)","4.698.000","","","","Kota Semarang"
"1777283338-545","https://www.blibli.com/cari/laptop%20advan?brand=Advan&sort=0&category=LA-1000004&category=LA-1000005&intent=false&firstLoad=false&page=9&start=320","ADVAN Laptop 360 Stylus 2in1 Touchscreen - Intel i3 14 FHD IPS","6.345.000","","","","Kab. Sleman"
"1777283338-546","https://www.blibli.com/cari/laptop%20advan?brand=Advan&sort=0&category=LA-1000004&category=LA-1000005&intent=false&firstLoad=false&page=9&start=320","Advan Laptop Soulmate Plus RAM 8GB 256GB Notebook AMD Ryzen 5 Windows 11 New Original Garansi Resmi","3.920.000","","","","Kota Bekasi"
"1777283338-547","https://www.blibli.com/cari/laptop%20advan?brand=Advan&sort=0&category=LA-1000004&category=LA-1000005&intent=false&firstLoad=false&page=9&start=320","Advan Laptop AI Gen RAM 16GB 512GB Notebook AMD Ryzen 7 IPS Windows 11 New Original Garansi Resmi","9.610.000","","","","Kota Bekasi"
"1777283338-548","https://www.blibli.com/cari/laptop%20advan?brand=Advan&sort=0&category=LA-1000004&category=LA-1000005&intent=false&firstLoad=false&page=9&start=320","Advan Laptop Workpro Lite FHD Intel Core i3 1220P Notebook 14″ (8GB/ 256GB /Windows 11/GREY)","4.655.000","","","","Kota Semarang"
"1777283338-549","https://www.blibli.com/cari/laptop%20advan?brand=Advan&sort=0&category=LA-1000004&category=LA-1000005&intent=false&firstLoad=false&page=9&start=320","Laptop ADVAN Workpro Intel Core i5-1035G7 8/256 SSD 14"" FHD - Grey","6.156.000","","","","Kota Madiun"
"1777283338-550","https://www.blibli.com/cari/laptop%20advan?brand=Advan&sort=0&category=LA-1000004&category=LA-1000005&intent=false&firstLoad=false&page=9&start=320","Advan Soulmate Laptop RAM 4GB 128GB Notebook Intel Windows Home New Original Garansi Resmi","2.590.000","","","","Kota Bekasi"
"1777283338-551","https://www.blibli.com/cari/laptop%20advan?brand=Advan&sort=0&category=LA-1000004&category=LA-1000005&intent=false&firstLoad=false&page=9&start=320","ADVAN Laptop Soulmate Plus AMD Ryzen 5 3500U 8GB 256GB Free WIndows 11","4.299.000","","","","Kab. Sleman"
"1777283338-552","https://www.blibli.com/cari/laptop%20advan?brand=Advan&sort=0&category=LA-1000004&category=LA-1000005&intent=false&firstLoad=false&page=9&start=320","ADVAN Soulmate Laptop 14"" Intel N4020 4GB 128GB Garansi Resmi","2.168.000","","","","Kota Surabaya"
"1777283338-553","https://www.blibli.com/cari/laptop%20advan?brand=Advan&sort=0&category=LA-1000004&category=LA-1000005&intent=false&firstLoad=false&page=9&start=320","ADVAN Laptop WORKPRO Lite INTEL CORE i5-12450H 14”IPS FHD 8GB 256GB WINDOWS 11","6.479.000","","","","Kota Surabaya"
"1777283338-554","https://www.blibli.com/cari/laptop%20advan?brand=Advan&sort=0&category=LA-1000004&category=LA-1000005&intent=false&firstLoad=false&page=9&start=320","[BEST DEAL] ADVAN Laptop Workplus Intel i5 12600H 14'' FHD IPS 24GB 512GB Win 11","10.999.000","","","","Kab. Tangerang"
"1777283338-555","https://www.blibli.com/cari/laptop%20advan?brand=Advan&sort=0&category=LA-1000004&category=LA-1000005&intent=false&firstLoad=false&page=9&start=320","[FREE STYLUS PEN +KEYBOARD] ADVAN Laptop 2 in 1 EVO-X 13 Inci Touchscreen Detachable 2.5K Display Intel N150 12GB/512GB Windows 11","6.313.000","","","","Kota Madiun"
"1777283338-556","https://www.blibli.com/cari/laptop%20advan?brand=Advan&sort=0&category=LA-1000004&category=LA-1000005&intent=false&firstLoad=false&page=9&start=320","LAPTOP ADVAN HERITAGE BATIK AMD R5-7535HS 16GB/512GB SSD 14"" WIN 11","7.691.301","","","Kota Palembang","MDP SUPERSTORE Flagship Store"
"1777283338-557","https://www.blibli.com/cari/laptop%20advan?brand=Advan&sort=0&category=LA-1000004&category=LA-1000005&intent=false&firstLoad=false&page=9&start=320","Laptop Advan Workplus T-16S5 Ryzen 7-7735HS 16GB 512GB SSD 14"" W11","8.288.000","","","","Kota Madiun"
"1777283338-558","https://www.blibli.com/cari/laptop%20advan?brand=Advan&sort=0&category=LA-1000004&category=LA-1000005&intent=false&firstLoad=false&page=9&start=320","Laptop Advan TBOOK X TRANSFORMER 4GB 128GB Notebook Intel N100 Windows 11 New Original Garansi Resmi","3.549.000","","Terjual 1","Kota Bekasi","CA Shop Flagship Store"
"1777283338-559","https://www.blibli.com/cari/laptop%20advan?brand=Advan&sort=0&category=LA-1000004&category=LA-1000005&intent=false&firstLoad=false&page=9&start=320","Laptop Advan Work Plus AMD RYZEN 5 6600H 14” FHD IPS 16GB 512GB Win 11","7.260.000","","","Kota Bandung","Mediatouch Computer Flagship Store"
"1777283338-560","https://www.blibli.com/cari/laptop%20advan?brand=Advan&sort=0&category=LA-1000004&category=LA-1000005&intent=false&firstLoad=false&page=9&start=320","Laptop 2 in 1 Advan Evo-X RAM 12GB 512GB Notebook Intel N100 Windows 11 Touchscreen New Original Garansi Resmi","6.310.000","","","","Kota Bekasi"
"1777283338-561","https://www.blibli.com/cari/laptop%20advan?brand=Advan&sort=0&category=LA-1000004&category=LA-1000005&intent=false&firstLoad=false&page=9&start=320","Laptop 2 in 1 Advan Evo-X RAM 12GB 512GB Notebook Intel N150 Windows 11 Touchscreen New Original Garansi Resmi","6.630.000","","","","Kota Bekasi"
"1777283338-562","https://www.blibli.com/cari/laptop%20advan?brand=Advan&sort=0&category=LA-1000004&category=LA-1000005&intent=false&firstLoad=false&page=9&start=320","ADVAN Workpro Lite Laptop Notebook Intel i3 1220P 14” 8GB 256GB Windows 11 Garansi Resmi","4.499.000","","","","Kota Jakarta Selatan"
"1777283338-563","https://www.blibli.com/cari/laptop%20advan?brand=Advan&sort=0&category=LA-1000004&category=LA-1000005&intent=false&firstLoad=false&page=9&start=320","Laptop Advan WORKPLUS HERITAGE AMD Ryzen 5 7535HS 8GB 512GB Radeon 660M 14"" WUXGA IPS Windows 11 Laptop","7.145.000","","","","Kota Madiun"
"1777283338-564","https://www.blibli.com/cari/laptop%20advan?brand=Advan&sort=0&category=LA-1000004&category=LA-1000005&intent=false&firstLoad=false&page=9&start=320","ADVAN X AMD Laptop Workplus AMD Ryzen 7 7735HS 512GB 14'' FHD IPS 16Gb Win 11","9.199.000","","","","Kab. Tangerang"
"1777283338-565","https://www.blibli.com/cari/laptop%20advan?brand=Advan&sort=0&category=LA-1000004&category=LA-1000005&intent=false&firstLoad=false&page=9&start=320","Advan TBOOK X TRANSFORMER Laptop 14 inch Intel N100 4GB / 128GB Windows 11 Garansi Resmi","3.099.000","","","","Kab. Tangerang"
"1777283338-566","https://www.blibli.com/cari/laptop%20advan?brand=Advan&sort=0&category=LA-1000004&category=LA-1000005&intent=false&firstLoad=false&page=9&start=320","LAPTOP ADVAN WORKMATE AMD R5-3500U 1X8 GB DDR4 256 GB SSD 14""FHD+ IPS WIN 11","4.694.301","","Terjual 2","Kota Palembang","MDP SUPERSTORE Flagship Store"
"1777283338-567","https://www.blibli.com/cari/laptop%20advan?brand=Advan&sort=0&category=LA-1000004&category=LA-1000005&intent=false&firstLoad=false&page=9&start=320","LAPTOP ADVAN AIGEN AMD RYZEN : AMD R7-8845HS,2*8GB, 512GB SSD,14"" FHD 100% SRGB,WIN 11 HOME","10.188.801","","","Kota Palembang","MDP SUPERSTORE Flagship Store"
"1777283338-568","https://www.blibli.com/cari/laptop%20advan?brand=Advan&sort=0&category=LA-1000004&category=LA-1000005&intent=false&firstLoad=false&page=9&start=320","LAPTOP WORKPLUS DARBOTZ RYZEN 7","8.239.000","5","Terjual 1","","Kota Malang"
"1777283338-569","https://www.blibli.com/cari/laptop%20advan?brand=Advan&sort=0&category=LA-1000004&category=LA-1000005&intent=false&firstLoad=false&page=9&start=320","LAPTOP ADVANWORKPLUS R5 16/512","7.342.870","","","","Kota Bogor"
"1777283338-570","https://www.blibli.com/cari/laptop%20advan?brand=Advan&sort=0&category=LA-1000004&category=LA-1000005&intent=false&firstLoad=false&page=9&start=320","LAPTOP ADVAN WORK PLUS AIR BLUE AMD RYZEN 5-7535HS 16GB 512GB SSD 14 INCH FHD+ OLED WIN 11 HOME NO OFFICE TANPA OHS","8.729.000","","","Kota Surabaya","ExpoComp Flagship Store"
"1777283338-571","https://www.blibli.com/cari/laptop%20advan?brand=Advan&sort=0&category=LA-1000004&category=LA-1000005&intent=false&firstLoad=false&page=9&start=320","Laptop AXIOO Mybook HYPE 3 23RJ308MNB1 / INTEL Core i3 1005G1 8GB 256GB","4.651.000","","","","Kota Madiun"
"1777283338-572","https://www.blibli.com/cari/laptop%20advan?brand=Advan&sort=0&category=LA-1000004&category=LA-1000005&intent=false&firstLoad=false&page=9&start=320","Notebook Advan Soulmate N4020 4g 4gb/128gb W11","2.470.970","","","","Kota Bandung"
"1777283338-573","https://www.blibli.com/cari/laptop%20advan?brand=Advan&sort=0&category=LA-1000004&category=LA-1000005&intent=false&firstLoad=false&page=9&start=320","Advan T-Book 3 Intel N100 8GB 384GB 14 Inch HD Windows 11","3.974.000","","","","Kota Madiun"
"1777283338-574","https://www.blibli.com/cari/laptop%20advan?brand=Advan&sort=0&category=LA-1000004&category=LA-1000005&intent=false&firstLoad=false&page=9&start=320","ADVAN AI-Gen R7 8845HS ADVAN AI Gen Ryzen 7 16/512GB W11 14""FHD+ IPS","9.742.000","","","","Kota Madiun"
"1777283338-575","https://www.blibli.com/cari/laptop%20advan?brand=Advan&sort=0&category=LA-1000004&category=LA-1000005&intent=false&firstLoad=false&page=9&start=320","ADVAN WORKMATE Core I3 1215 8GB 256GB 14.0UWUXGA IPS Windows 11","5.324.000","","","","Kota Madiun"
"1777283338-576","https://www.blibli.com/cari/laptop%20advan?brand=Advan&sort=0&category=LA-1000004&category=LA-1000005&intent=false&firstLoad=false&page=9&start=320","ADVAN LAPTOP SOULMATE X2 8/128GB GARANSI RESMI - NEW","3.499.000","","","Kota Surabaya","CV INTOWN CELL INDONESIA Flagship Store"
"1777283338-577","https://www.blibli.com/cari/laptop%20advan?brand=Advan&sort=0&category=LA-1000004&category=LA-1000005&intent=false&firstLoad=false&page=9&start=320","ADVAN Laptop Workplus AMD RYZEN 5 6600H 16GB 512GB W11 14"" FHD","7.792.200","","","Kota Medan","Agres ID Medan Flagship Store"
"1777283338-578","https://www.blibli.com/cari/laptop%20advan?brand=Advan&sort=0&category=LA-1000004&category=LA-1000005&intent=false&firstLoad=false&page=9&start=320","Advan Workplus Silver(AMD Ryzen 5 6600H) AMD RYZEN 5 6600H/16GB/512GB/AMD integrated graphics/Win 11/14"" FHD (1920x1200) IPS)","6.890.000","","","","Kota Semarang"
"1777283338-579","https://www.blibli.com/cari/laptop%20advan?brand=Advan&sort=0&category=LA-1000004&category=LA-1000005&intent=false&firstLoad=false&page=9&start=320","ADVAN 2 in 1 EVO-X 16” Intel i3-1215U 12GB/512GB W11 DETACHABLE","8.500.000","","Terjual 8","","Kota Surabaya"
"1777283338-580","https://www.blibli.com/cari/laptop%20advan?brand=Advan&sort=0&category=LA-1000004&category=LA-1000005&intent=false&firstLoad=false&page=9&start=320","ADVAN PIXWAR RYZEN 7 6800H 16GB 512GB W11 15.6FHD","23.999.000","","Terjual 2","","Kota Surabaya"
"1777283338-581","https://www.blibli.com/cari/laptop%20advan?brand=Advan&sort=0&category=LA-1000004&category=LA-1000005&intent=false&firstLoad=false&page=9&start=320","Advan Workplus Ryzen 5-6600H 16GB 512GB SSD 14"" FHD IPS Win 11 Home","6.999.000","","","","Kota Tasikmalaya"
"1777283338-582","https://www.blibli.com/cari/laptop%20advan?brand=Advan&sort=0&category=LA-1000004&category=LA-1000005&intent=false&firstLoad=false&page=9&start=320","ADVAN SOULMATE L24I-NSNS1 INTEL CEL N4020/4GB/128GB EMMC/WIN11/14""/BLACK GARANSI RESMI 1 TAHUN","2.499.000","","","","Kab. Melawi"
"1777283338-583","https://www.blibli.com/cari/laptop%20advan?brand=Advan&sort=0&category=LA-1000004&category=LA-1000005&intent=false&firstLoad=false&page=9&start=320","ADVAN WORKPLUS INTEL CORE I5 12600H RAM 24GB SSD 512GB WIN 11","9.000.000","","","","Kota Cirebon"
"1777283338-584","https://www.blibli.com/cari/laptop%20advan?brand=Advan&sort=0&category=LA-1000004&category=LA-1000005&intent=false&firstLoad=false&page=9&start=320","ADVAN Laptop TBook [Intel Alder Lake N100/8GB/128GB/UHD Graphics/14 Inch FHD] - Dark Grey","3.739.000","","","Kota Jakarta Timur","Intel ID Flagship Store"
"1777283338-585","https://www.blibli.com/cari/laptop%20advan?brand=Advan&sort=0&category=LA-1000004&category=LA-1000005&intent=false&firstLoad=false&page=9&start=320","ADVAN Laptop Workplus Ryzen 7 7735HS 16GB 512GB SSD 14"" FHD IPS Windows 11 Silver [Advan Workplus R7]","8.492.000","","","Kota Surabaya","Grosiria Flagship Store"
"1777283338-586","https://www.blibli.com/cari/laptop%20advan?brand=Advan&sort=0&category=LA-1000004&category=LA-1000005&intent=false&firstLoad=false&page=9&start=320","Advan WorkPro i5 Grey [Intel Core i5-12450H 8GB 512GB 14""FHD IPS Intel Graphics Windows11 1 Year] | Pegacare+","6.999.000","","","Kota Yogyakarta","Pegastore.id Flagship Store"
"1777283338-587","https://www.blibli.com/cari/laptop%20advan?brand=Advan&sort=0&category=LA-1000004&category=LA-1000005&intent=false&firstLoad=false&page=9&start=320","Advan Soulmate Laptop 4/384 GB Windows 11 Garansi Resmi","2.569.000","","","Kota Bandung","MetaCore Store Flagship Store"
"1777283338-588","https://www.blibli.com/cari/laptop%20advan?brand=Advan&sort=0&category=LA-1000004&category=LA-1000005&intent=false&firstLoad=false&page=9&start=320","LAPTOP ADVAN SOULMATE N4020 4GB/256GB SSD + 128GB EMMC 14"" WIN 11","2.299.000","","","","Kota Malang"
"1777283338-589","https://www.blibli.com/cari/laptop%20advan?brand=Advan&sort=0&category=LA-1000004&category=LA-1000005&intent=false&firstLoad=false&page=9&start=320","Advan WorkPro Lite Intel Core i5-12450H 8GB SSD 256GB 14"" FHD IPS W11","6.480.000","","","Kota Yogyakarta","ELS Computer Flagship Store"
"1777283338-590","https://www.blibli.com/cari/laptop%20advan?brand=Advan&sort=0&category=LA-1000004&category=LA-1000005&intent=false&firstLoad=false&page=9&start=320","ADVAN Laptop Workplus AMD RYZEN 5 6600H 14'' FHD IPS 16GB 512GB Win 11","7.299.000","","","","Kota Malang"
"1777283338-591","https://www.blibli.com/cari/laptop%20advan?brand=Advan&sort=0&category=LA-1000004&category=LA-1000005&intent=false&firstLoad=false&page=9&start=320","ADVAN Notebook Soulmate 4/128 Celeron N4020 Upgradeble","2.950.000","","Terjual 1","","Kab. Garut"
"1777283338-592","https://www.blibli.com/cari/laptop%20advan?brand=Advan&sort=0&category=LA-1000004&category=LA-1000005&intent=false&firstLoad=false&page=9&start=320","Advan WorkPro Lite – Grey [Intel i5 12450H 8GB SSD 256GB]","6.299.000","","","","Kab. Pasuruan"
"1777284575-593","https://www.blibli.com/cari/laptop%20advan?brand=Advan&sort=0&category=LA-1000004&category=LA-1000005&intent=false&firstLoad=false&page=8&start=280","ADVAN Workplus AI Ryzen 7 225 8GB/512GB 14"" inch FHD+ 16:10 IPS Dual Cooling System Laptop Notebook Free Windows 11 Garansi Resmi 2 Tahun","9.779.000","","","Kota Bandung","Funan Van Java Flagship Store"
"1777284575-594","https://www.blibli.com/cari/laptop%20advan?brand=Advan&sort=0&category=LA-1000004&category=LA-1000005&intent=false&firstLoad=false&page=8&start=280","Advan Laptop 2 in 1 Evo-X 13""Inch Intel N100/12GB LPDDR5/512GB SSD/Intel UHD/WIN 11/1y/13"" 2.5K Touch/2.4G/5G WiFi/Metal Body/5000mAh/Stylus+Keyboard","7.499.000","","","Kota Bandung","Funan Van Java Flagship Store"
"1777284575-595","https://www.blibli.com/cari/laptop%20advan?brand=Advan&sort=0&category=LA-1000004&category=LA-1000005&intent=false&firstLoad=false&page=8&start=280","LAPTOP BARU ADVAN WORKPRO LITE INTEL CORE I3-1220P INTEL UHD RAM 8GB DDR4 SSD 256 14INCH FHD","4.613.370","","","","Kota Surabaya"
"1777284575-596","https://www.blibli.com/cari/laptop%20advan?brand=Advan&sort=0&category=LA-1000004&category=LA-1000005&intent=false&firstLoad=false&page=8&start=280","ADVAN Laptop WorkMate | AMD Ryzen 5 3500U / Intel i3-1215U | 14 Inch FHD+ 16:10 IPS | 8GB/256GB Upgradable | WIFI 5 | Garansi Resmi 1 Tahun","6.199.000","4,8","Terjual 47","Kab. Tangerang","Advan Laptop Flagship Store"
"1777284575-597","https://www.blibli.com/cari/laptop%20advan?brand=Advan&sort=0&category=LA-1000004&category=LA-1000005&intent=false&firstLoad=false&page=8&start=280","ADVAN Laptop Soulmate PLUS AMD RYZEN 5 3500U 8GB 256GB W11","4.375.000","","","","Kota Surabaya"
"1777284575-598","https://www.blibli.com/cari/laptop%20advan?brand=Advan&sort=0&category=LA-1000004&category=LA-1000005&intent=false&firstLoad=false&page=8&start=280","Laptop Advan 360 Go Ryzen Notebook Touchscreen New Original Garansi Resmi","5.639.000","","","Kota Bekasi & kota lainnya","CA Shop Flagship Store"
"1777284575-599","https://www.blibli.com/cari/laptop%20advan?brand=Advan&sort=0&category=LA-1000004&category=LA-1000005&intent=false&firstLoad=false&page=8&start=280","LAPTOP ADVAN WORKMATE R5-3500U/8/256/W11/GREY / LIGHT BLUE","5.759.000","5","Terjual 2","Kota Bandung","Funan Van Java Flagship Store"
"1777284575-600","https://www.blibli.com/cari/laptop%20advan?brand=Advan&sort=0&category=LA-1000004&category=LA-1000005&intent=false&firstLoad=false&page=8&start=280","Laptop Advan WorkPlus Heritage/AMD Ryzen 5-7535HS/8GB DDR4 (Upgrade)/512GB SSD (Upgrade)/AMD Radeon 660M/WIN 11/14"" WUXGA (16:10)","7.459.000","","","Kota Bandung","Funan Van Java Flagship Store"
"1777284575-601","https://www.blibli.com/cari/laptop%20advan?brand=Advan&sort=0&category=LA-1000004&category=LA-1000005&intent=false&firstLoad=false&page=8&start=280","Laptop Advan T. Book -8GB + 128GB +SSD 256GB","4.403.000","","","Kab. Kudus","Sinar Jaya Comp Flagship Store"
"1777284575-602","https://www.blibli.com/cari/laptop%20advan?brand=Advan&sort=0&category=LA-1000004&category=LA-1000005&intent=false&firstLoad=false&page=8&start=280","Laptop ADVAN Soulmate Celeron N4020 4GB/128GB (upgradable) 14"" HD","3.750.000","","Terjual 1","Kota Yogyakarta","Wisno Grahakom Flagship Store"
"1777284575-603","https://www.blibli.com/cari/laptop%20advan?brand=Advan&sort=0&category=LA-1000004&category=LA-1000005&intent=false&firstLoad=false&page=8&start=280","Laptop Advan Soulmate X2 AMD Athlon SIlver N3020 8G 128SSD","3.700.000","","","Kota Bandung","Mediatouch Computer Flagship Store"
"1777284575-604","https://www.blibli.com/cari/laptop%20advan?brand=Advan&sort=0&category=LA-1000004&category=LA-1000005&intent=false&firstLoad=false&page=8&start=280","Laptop ADVAN Workmate Amd Ryzen 5 3500u 8GB 256GB 14'' FHD+","5.713.000","5","Terjual 1","Kota Jakarta Pusat","KlikGadget Flagship Store"
"1777284575-605","https://www.blibli.com/cari/laptop%20advan?brand=Advan&sort=0&category=LA-1000004&category=LA-1000005&intent=false&firstLoad=false&page=8&start=280","Laptop ADVAN Soulmate X AMD 3020e RAM 8GB 128GB SSD Windows 14 Inch FHD","3.634.000","","","Kota Jakarta Pusat","KlikGadget Flagship Store"
"1777284575-606","https://www.blibli.com/cari/laptop%20advan?brand=Advan&sort=0&category=LA-1000004&category=LA-1000005&intent=false&firstLoad=false&page=8&start=280","Laptop Advan Soulmate X RAM 8/128GB + 4/128GB Notebook AMD Windows Home New Original Garansi Resmi","3.339.000","5","Terjual 6","Kota Bekasi & kota lainnya","CA Shop Flagship Store"
"1777284575-607","https://www.blibli.com/cari/laptop%20advan?brand=Advan&sort=0&category=LA-1000004&category=LA-1000005&intent=false&firstLoad=false&page=8&start=280","Advan TBook Notebook - Dark Grey (Intel Celeron N100 / 4GB / 128GB (Upgradabe) / 14"" HD / Free Windows 11","4.249.000","","","Blibli Video Games Flagship Store","Disediakan Blibli"
"1777284575-608","https://www.blibli.com/cari/laptop%20advan?brand=Advan&sort=0&category=LA-1000004&category=LA-1000005&intent=false&firstLoad=false&page=8&start=280","Laptop Advan WorkPlus Heritage reguler /AMD Ryzen 5-7535HS/16GB DDR5 (Upgrade)/512GB SSD/AMD Radeon 660M/WIN 11/14"" WUXGA (16:10)","8.409.000","5","Terjual 1","Kota Bandung","Funan Van Java Flagship Store"
"1777284575-609","https://www.blibli.com/cari/laptop%20advan?brand=Advan&sort=0&category=LA-1000004&category=LA-1000005&intent=false&firstLoad=false&page=8&start=280","ADVAN Laptop 360 Stylus PRO Intel Core i3-1215U/8GB/256GB SSD/Intel UHD/WIN 11/14"" FHD IPS Touch (16:10)/Stylus","6.409.000","","Terjual 1","Kota Bandung","Funan Van Java Flagship Store"
"1777284575-610","https://www.blibli.com/cari/laptop%20advan?brand=Advan&sort=0&category=LA-1000004&category=LA-1000005&intent=false&firstLoad=false&page=8&start=280","ADVAN Workmate Ultra Intel Ultra 5 115U Laptop Notebook Free Windows 11With AI Boost NPU 8GB/256GB 14"" inch FHD+ 16:10 IPS","8.099.000","","","Kota Bandung","Funan Van Java Flagship Store"
"1777284575-611","https://www.blibli.com/cari/laptop%20advan?brand=Advan&sort=0&category=LA-1000004&category=LA-1000005&intent=false&firstLoad=false&page=8&start=280","Advan TBook Notebook - Grey (Intel Celeron N100 / 4GB / 128GB (Upgradabe) / 14"" HD / Free Windows 11","4.249.000","","","Blibli Video Games Flagship Store","Disediakan Blibli"
"1777284575-612","https://www.blibli.com/cari/laptop%20advan?brand=Advan&sort=0&category=LA-1000004&category=LA-1000005&intent=false&firstLoad=false&page=8&start=280","Laptop ADVAN Workmate AMD Ryzen 5 3500U 8GB 256GB Window 11 Home 14.0 UWUXGA IPS","5.915.000","","Terjual 2","Kota Jakarta Barat","Paradisestore.id Flagship Store"
"1777284575-613","https://www.blibli.com/cari/laptop%20advan?brand=Advan&sort=0&category=LA-1000004&category=LA-1000005&intent=false&firstLoad=false&page=8&start=280","Laptop Advan Workplus RAM 16GB 512GB Notebook Intel i5 Gen 12 Windows 11 New Original Garansi Resmi","7.839.000","","","Kota Bekasi","CA Shop Flagship Store"
"1777284575-614","https://www.blibli.com/cari/laptop%20advan?brand=Advan&sort=0&category=LA-1000004&category=LA-1000005&intent=false&firstLoad=false&page=8&start=280","LAPTOP ADVAN T-BOOK TRANSFORMER : INTEL N100,4GB DDR4,128GB EMC,WIN 11HOME,GREY","3.357.819","","","Kota Palembang","MDP SUPERSTORE Flagship Store"
"1777284575-615","https://www.blibli.com/cari/laptop%20advan?brand=Advan&sort=0&category=LA-1000004&category=LA-1000005&intent=false&firstLoad=false&page=8&start=280","LAPTOP ADVAN WORK PLUS HERITAGE SILVER AMD RYZEN 5-7535HS 8GB 512GB WIN 11 HOME TANPA OFFICE NO OHS 2021","7.478.000","","Terjual 2","Kota Surabaya","ExpoComp Flagship Store"
"1777284575-616","https://www.blibli.com/cari/laptop%20advan?brand=Advan&sort=0&category=LA-1000004&category=LA-1000005&intent=false&firstLoad=false&page=8&start=280","Laptop Advan Workplus Heritage RAM 8GB / 16GB 512GB SSD Notebook Ryzen Windows 11 New Original Garansi Resmi","7.839.000","","Terjual 2","Kota Bekasi & kota lainnya","CA Shop Flagship Store"
"1777284575-617","https://www.blibli.com/cari/laptop%20advan?brand=Advan&sort=0&category=LA-1000004&category=LA-1000005&intent=false&firstLoad=false&page=8&start=280","Laptop ADVAN 360 Go 4GB/256GB 14” AMD Ryzen 3 3200U FHD IPS Touchscreen Laptop 2-in-1 Notebook Flip Free Windows 11 Original - Grey, NON BUNDLING","5.544.999","","","Kota Jakarta Pusat","KlikGadget Flagship Store"
"1777284575-618","https://www.blibli.com/cari/laptop%20advan?brand=Advan&sort=0&category=LA-1000004&category=LA-1000005&intent=false&firstLoad=false&page=8&start=280","Laptop Advan Evo X 2 in 1 T25A-NSNS1 - N150 12GB 512GB W11 13-2K IPS Touch","7.200.000","","","Kota Bandung","Sakura Komputer Flagship Store"
"1777284575-619","https://www.blibli.com/cari/laptop%20advan?brand=Advan&sort=0&category=LA-1000004&category=LA-1000005&intent=false&firstLoad=false&page=8&start=280","Laptop Advan TBOOK 8/384GB + 8/128GB + 4/128GB Notebook Intel N100 Windows 11 New Original Garansi Resmi","3.549.000","","Terjual 2","Kota Bekasi & kota lainnya","CA Shop Flagship Store"
"1777284575-620","https://www.blibli.com/cari/laptop%20advan?brand=Advan&sort=0&category=LA-1000004&category=LA-1000005&intent=false&firstLoad=false&page=8&start=280","LAPTOP ADVAN 2 IN 1 EVO-X GREY INTEL CORE i3-1215U 12GB 512GB WIN 11 16 INCH IPS 100% SRGB INCLUDE PEN TOUCH","7.655.000","","","Kota Surabaya","ExpoComp Flagship Store"
"1777284575-621","https://www.blibli.com/cari/laptop%20advan?brand=Advan&sort=0&category=LA-1000004&category=LA-1000005&intent=false&firstLoad=false&page=8&start=280","LAPTOP ADVAN WORKPLUS DARBOTZ(SILVER) AMD RYZEN 7 16GB LPDDR5,512GB SSD PCIE,RADEON GRAPHICS,FINGERPRINT,14""FHD IPS, WINDOWS 11","9.189.801","","","Kota Palembang","MDP SUPERSTORE Flagship Store"
"1777284575-622","https://www.blibli.com/cari/laptop%20advan?brand=Advan&sort=0&category=LA-1000004&category=LA-1000005&intent=false&firstLoad=false&page=8&start=280","ADVAN Laptop 2 in 1 Evo-X 16 Intel i3-1215U 12GB/512GB 2K IPS Free Stylus + Keyboard","7.522.200","5","Terjual 14","Kab. Sleman & kota lainnya","Alyosha Flagship Store"
"1777284575-623","https://www.blibli.com/cari/laptop%20advan?brand=Advan&sort=0&category=LA-1000004&category=LA-1000005&intent=false&firstLoad=false&page=8&start=280","Advan Laptop Workmate AMD Ryzen 5 3500U 8GB 256GB 14"" IPS FHD Windows 11","5.841.000","","","Kota Surabaya","Grosiria Flagship Store"
"1777284575-624","https://www.blibli.com/cari/laptop%20advan?brand=Advan&sort=0&category=LA-1000004&category=LA-1000005&intent=false&firstLoad=false&page=8&start=280","ADVAN Laptop Workplus AMD RYZEN 7 7735HS 16GB 512GB 14'' FHD Work Plus","7.211.000","","Terjual 2","Kota Jakarta Pusat","KlikGadget Flagship Store"
"1777284575-625","https://www.blibli.com/cari/laptop%20advan?brand=Advan&sort=0&category=LA-1000004&category=LA-1000005&intent=false&firstLoad=false&page=8&start=280","ADVAN Laptop AI Gen Core Ultra 5 125H 512GB SSD 16GB RAM Arc Graphic Grey [Advan AI ULTRA 5 GREY]","9.480.404","","","Kota Surabaya","Grosiria Flagship Store"
"1777284575-626","https://www.blibli.com/cari/laptop%20advan?brand=Advan&sort=0&category=LA-1000004&category=LA-1000005&intent=false&firstLoad=false&page=8&start=280","LAPTOP ADVAN SOULMATE 1405","2.600.000","","","","Kab. Bandung"
"1777284575-627","https://www.blibli.com/cari/laptop%20advan?brand=Advan&sort=0&category=LA-1000004&category=LA-1000005&intent=false&firstLoad=false&page=8&start=280","Advan Workpro Laptop i5 8/256GB | Intel Core i5-1035G7 | Garansi Resmi Advan Indonesia 1 Tahun","4.509.000","","Terjual 2","Kota Tangerang","Evogad Flagship Store"
"1777284575-628","https://www.blibli.com/cari/laptop%20advan?brand=Advan&sort=0&category=LA-1000004&category=LA-1000005&intent=false&firstLoad=false&page=8&start=280","ADVAN Workplus Heritage Batik AMD Ryzen 5 7535HS RAM16GB SSD1TB 14'' FHD IPS Windows 11","7.249.000","4,8","Terjual 25","Kota Jakarta Pusat","SKYNET COMPUTER Flagship Store"
"1777284575-629","https://www.blibli.com/cari/laptop%20advan?brand=Advan&sort=0&category=LA-1000004&category=LA-1000005&intent=false&firstLoad=false&page=8&start=280","ADVAN Laptop 2 in 1 Evo-X 13 Intel N100 12GB/512GB 2K IPS 100% SRGB","7.202.790","","","Kota Bandung","Up To Date Computer Flagship Store"
"1777284575-630","https://www.blibli.com/cari/laptop%20advan?brand=Advan&sort=0&category=LA-1000004&category=LA-1000005&intent=false&firstLoad=false&page=8&start=280","ADVAN Laptop 2 In 1 360 GO | Touchscreen | 14 Inch IPS FHD | 4GB/256GB | Windows 11 | Garansi Resmi 1 Tahun","4.999.000","","","Kab. Tangerang","Advan Laptop Flagship Store"
"1777284575-631","https://www.blibli.com/cari/laptop%20advan?brand=Advan&sort=0&category=LA-1000004&category=LA-1000005&intent=false&firstLoad=false&page=8&start=280","ADVAN LAPTOP WORKMATE ULTRA | INTEL ULTRA 5 115U WITH AI BOOST | 14 INCH FHD+ 16:10 IPS | 8GB+256GB | FREE WINDOWS 11","8.199.000","","","Kab. Tangerang","Advan Laptop Flagship Store"
"1777284575-632","https://www.blibli.com/cari/laptop%20advan?brand=Advan&sort=0&category=LA-1000004&category=LA-1000005&intent=false&firstLoad=false&page=8&start=280","[FREE STYLUS PEN +KEYBOARD] ADVAN Laptop 2 in 1 EVO-X 16” / 13"" Touchscreen Detachable 2.5K Display Intel i3-1215U / Intel N100 12GB/512GB Windows 11","6.099.000","","Terjual 3","Kab. Tangerang","Advan Laptop Flagship Store"
"1777284575-633","https://www.blibli.com/cari/laptop%20advan?brand=Advan&sort=0&category=LA-1000004&category=LA-1000005&intent=false&firstLoad=false&page=8&start=280","ADVAN Laptop 2in1 EVO-X 16”Touch Screen Detachable 2.5K Intel i3-1215U 12GB/512GB WIN 11 Free Stylus","7.399.000","","Terjual 2","Kota Jakarta Pusat","ANUGERAH DIGITAL Flagship Store"
"1777284575-634","https://www.blibli.com/cari/laptop%20advan?brand=Advan&sort=0&category=LA-1000004&category=LA-1000005&intent=false&firstLoad=false&page=8&start=280","ADVAN Laptop WORKPLUS HERITAGE AMD Ryzen 5 7535HS 8GB 16GB 512GB SSD 14"" WUXGA W11 Silver [ADVAN WORKPLUS HERITAGE R5]","7.220.404","","","Kota Surabaya","Grosiria Flagship Store"
"1777284575-635","https://www.blibli.com/cari/laptop%20advan?brand=Advan&sort=0&category=LA-1000004&category=LA-1000005&intent=false&firstLoad=false&page=8&start=280","ADVAN Laptop Gaming Pixwar Touchscreen | Ryzen 7 6800H | 16GB/512GB | Display 15,6 Inch FHD Touchscreen | Garansi Resmi 1 Tahum","9.199.000","","","Kab. Tangerang","Advan Indonesia Flagship Store"
"1777284575-636","https://www.blibli.com/cari/laptop%20advan?brand=Advan&sort=0&category=LA-1000004&category=LA-1000005&intent=false&firstLoad=false&page=8&start=280","ADVAN Laptop 2 In 1 360 GO | Touchscreen | 14 Inch IPS FHD | 4GB/256GB | Windows 11 | Garansi Resmi 1 Tahun","4.999.000","","","Kab. Tangerang","Advan Indonesia Flagship Store"
"1777284575-637","https://www.blibli.com/cari/laptop%20advan?brand=Advan&sort=0&category=LA-1000004&category=LA-1000005&intent=false&firstLoad=false&page=8&start=280","ADVAN Laptop Workplus Heritage Ryzen 5 7535HS 16GB/1TB Desain Batik Megamendung 14"" IPS Full HD Plus WUXGA 1920x1200 Display 16:10 Windows 11","8.099.000","4","Terjual 1","Kab. Tangerang","Advan Indonesia Flagship Store"
"1777284575-638","https://www.blibli.com/cari/laptop%20advan?brand=Advan&sort=0&category=LA-1000004&category=LA-1000005&intent=false&firstLoad=false&page=8&start=280","ADVAN LAPTOP WORKMATE ULTRA | INTEL ULTRA 5 115U WITH AI BOOST | 14 INCH FHD+ 16:10 IPS | 8GB+256GB | FREE WINDOWS 11 | Garansi Resmi","8.499.000","","","Kab. Tangerang","Advan Indonesia Flagship Store"
"1777284575-639","https://www.blibli.com/cari/laptop%20advan?brand=Advan&sort=0&category=LA-1000004&category=LA-1000005&intent=false&firstLoad=false&page=8&start=280","[NEW LAUNCH] ADVAN Soulmate X | 14 Inch FHD | AMD 3020e | 4GB/128GB Upgradable | Slim & Elegant Design | FREE WINDOWS 11 Original","3.699.000","5","Terjual 9","Kab. Tangerang","Advan Laptop Flagship Store"
"1777284575-640","https://www.blibli.com/cari/laptop%20advan?brand=Advan&sort=0&category=LA-1000004&category=LA-1000005&intent=false&firstLoad=false&page=8&start=280","ADVAN Laptop 2 in 1 EVO-X 16” / 13"" Touch Screen Detachable 2.5K Display Intel i3-1215U / Intel N100 12GB/512GB Windows 11 - Free St","5.999.000","","Terjual 2","Kab. Tangerang","Advan Indonesia Flagship Store"
"1777284575-641","https://www.blibli.com/cari/laptop%20advan?brand=Advan&sort=0&category=LA-1000004&category=LA-1000005&intent=false&firstLoad=false&page=8&start=280","ADVAN Laptop WorkMate | AMD Ryzen 5 3500U / Intel i3-1215U | 14 Inch FHD+ 16:10 IPS | 8GB/256GB Upgradable | WIFI 5 | Free WIndows 11","5.799.000","","","Kab. Tangerang","Advan Indonesia Flagship Store"
"1777284575-642","https://www.blibli.com/cari/laptop%20advan?brand=Advan&sort=0&category=LA-1000004&category=LA-1000005&intent=false&firstLoad=false&page=8&start=280","LAPTOP ADVAN X360 STLYUS (I3)","7.350.000","","","","Kota Malang"
"1777284575-643","https://www.blibli.com/cari/laptop%20advan?brand=Advan&sort=0&category=LA-1000004&category=LA-1000005&intent=false&firstLoad=false&page=8&start=280","Advan Laptop 2 in 1 Evo-X 13""Inch Intel N100/12GB LPDDR5/512GB SSD/Intel UHD/WIN 11/1y/13"" 2.5K Touch/2.4G/5G WiFi/Metal Body/5000mAh/Stylus+Keyboard","7.499.000","","","Kota Bandung","Funan Van Java Flagship Store"
"1777284575-644","https://www.blibli.com/cari/laptop%20advan?brand=Advan&sort=0&category=LA-1000004&category=LA-1000005&intent=false&firstLoad=false&page=8&start=280","LAPTOP ADVAN SOLULMATE X2-L25D","4.305.000","","","","Kota Malang"
"1777284575-645","https://www.blibli.com/cari/laptop%20advan?brand=Advan&sort=0&category=LA-1000004&category=LA-1000005&intent=false&firstLoad=false&page=8&start=280","ADVAN T-BOOK X TRANSFORMERS 3 GREY INTEL N100 4GB 128GB WIN 11 HOME NO OFFICE TANPA OHS","4.196.000","","","Kota Surabaya","ExpoComp Flagship Store"
"1777284575-646","https://www.blibli.com/cari/laptop%20advan?brand=Advan&sort=0&category=LA-1000004&category=LA-1000005&intent=false&firstLoad=false&page=8&start=280","ADVAN Workplus AI Ryzen 7 225 8GB/512GB 14"" inch FHD+ 16:10 IPS Dual Cooling System Laptop Notebook Free Windows 11 Garansi Resmi 2 Tahun","9.779.000","","","Kota Bandung","Funan Van Java Flagship Store"
"1777284575-647","https://www.blibli.com/cari/laptop%20advan?brand=Advan&sort=0&category=LA-1000004&category=LA-1000005&intent=false&firstLoad=false&page=8&start=280","Laptop Advan Soulmate 128GB 256GB Notebook Intel RAM Upgradable Resmi","2.665.000","","","","Kab. Bandung"
"1777284575-648","https://www.blibli.com/cari/laptop%20advan?brand=Advan&sort=0&category=LA-1000004&category=LA-1000005&intent=false&firstLoad=false&page=8&start=280","Advan EVO-X 13 2IN1 Intel Laptop Pentium 6500Y 12GB 256GB 13"" IPS Touch W11","6.095.000","","","Kota Surakarta (Solo)","Risc Computer Flagship Store"
"1777284575-649","https://www.blibli.com/cari/laptop%20advan?brand=Advan&sort=0&category=LA-1000004&category=LA-1000005&intent=false&firstLoad=false&page=8&start=280","Advan 360 Stylus Notebook 2in1","6.554.000","","","Kota Yogyakarta","Wisno Grahakom Flagship Store"
"1777284575-650","https://www.blibli.com/cari/laptop%20advan?brand=Advan&sort=0&category=LA-1000004&category=LA-1000005&intent=false&firstLoad=false&page=8&start=280","JUMPALITAN - ADVAN Soulmate X | 14 Inch FHD | AMD 3020e | 4GB/128GB Upgradable | Slim & Elegant Design | FREE WINDOWS 11 Original","3.398.000","","","Kab. Tangerang","Advan Laptop Flagship Store"
"1777284575-651","https://www.blibli.com/cari/laptop%20advan?brand=Advan&sort=0&category=LA-1000004&category=LA-1000005&intent=false&firstLoad=false&page=8&start=280","ADVAN Workmate AMD Ryzen 5 3500U 8GB/256GB","6.099.000","","","Kota Surabaya","Mobile Phone Shop - Laptop Flagship Store"
"1777284575-652","https://www.blibli.com/cari/laptop%20advan?brand=Advan&sort=0&category=LA-1000004&category=LA-1000005&intent=false&firstLoad=false&page=8&start=280","ADVAN Soulmate X2 14” IPS FHD AMD 3020e 4GB/128GB Free Windows 11 Original Laptop Notebook Upgradeable","3.739.000","","","Kota Jakarta Pusat","Satria Baja Hitam Flagship Store"
"1777284575-653","https://www.blibli.com/cari/laptop%20advan?brand=Advan&sort=0&category=LA-1000004&category=LA-1000005&intent=false&firstLoad=false&page=8&start=280","Advan Gaming Pixwar x Transformer Amd Ryzen 7 6800H 15.6'' Fhd IPS AMD Radeon Graphic Windows 11 | Garansi Resmi Advan Indonesia 1 Tahun","8.595.000","","","Kota Tangerang","Evogad Flagship Store"
"1777284575-654","https://www.blibli.com/cari/laptop%20advan?brand=Advan&sort=0&category=LA-1000004&category=LA-1000005&intent=false&firstLoad=false&page=8&start=280","Laptop ADVAN Soulmate Celeron N4020 4GB/128GB (upgradable) 14"" HD","2.550.000","","","","Kota Cirebon"
"1777284575-655","https://www.blibli.com/cari/laptop%20advan?brand=Advan&sort=0&category=LA-1000004&category=LA-1000005&intent=false&firstLoad=false&page=8&start=280","Laptop Advan Workplus Heritage RAM 8GB 512GB Notebook Ryzen Windows 11 New Original Garansi Resmi","7.840.000","","","","Kota Bekasi"
"1777284575-656","https://www.blibli.com/cari/laptop%20advan?brand=Advan&sort=0&category=LA-1000004&category=LA-1000005&intent=false&firstLoad=false&page=8&start=280","Advan Workmate L25C-R53S1 Ryzen 5 3500U 8GB 256GB W11 Home Light Blue","5.859.000","5","Terjual 2","Kota Denpasar","Blessing Computer Flagship Store"
"1777284575-657","https://www.blibli.com/cari/laptop%20advan?brand=Advan&sort=0&category=LA-1000004&category=LA-1000005&intent=false&firstLoad=false&page=8&start=280","LAPTOP ADVAN SOULMATE CELERON N4020 RAM 4GB ROM 128GB GARANSI RESMI WINDOWS","2.436.755","","","","Kota Medan"
"1777284575-658","https://www.blibli.com/cari/laptop%20advan?brand=Advan&sort=0&category=LA-1000004&category=LA-1000005&intent=false&firstLoad=false&page=8&start=280","ADVAN SOULMATE X2 AMD ATHLON 3020 8GB RAM 128GB SSD W11 14.0 FHD IPS","3.995.001","","","Kota Medan","Agres ID Medan Flagship Store"
"1777284575-659","https://www.blibli.com/cari/laptop%20advan?brand=Advan&sort=0&category=LA-1000004&category=LA-1000005&intent=false&firstLoad=false&page=8&start=280","Advan Soulmate X2 [AMD 3020/8GB/128GB SSD/WIN11]","3.975.000","","","Kota Medan","Intikom Flagship Store"
"1777284575-660","https://www.blibli.com/cari/laptop%20advan?brand=Advan&sort=0&category=LA-1000004&category=LA-1000005&intent=false&firstLoad=false&page=8&start=280","Advan Workmate R5 [AMD Ryzen 5 3500U/8GB/256GB SSD/WIN11]","6.025.000","5","Terjual 1","Kota Medan","Intikom Flagship Store"
"1777284575-661","https://www.blibli.com/cari/laptop%20advan?brand=Advan&sort=0&category=LA-1000004&category=LA-1000005&intent=false&firstLoad=false&page=8&start=280","ADVAN 2 in 1 Flip 360 Go AMD RYZEN 3 3200U RAM16GB SSD1TB 14inc FHD IPS Touchscreen Windows 11","5.449.000","","","Kota Jakarta Pusat","SKYNET COMPUTER Flagship Store"
"1777284575-662","https://www.blibli.com/cari/laptop%20advan?brand=Advan&sort=0&category=LA-1000004&category=LA-1000005&intent=false&firstLoad=false&page=8&start=280","Advan 360 GO L26A R33S1 Ryzen 3 3200U 8GB 256GB W11 Grey","5.799.000","","","Kota Denpasar","Blessing Computer Flagship Store"
"1777284575-663","https://www.blibli.com/cari/laptop%20advan?brand=Advan&sort=0&category=LA-1000004&category=LA-1000005&intent=false&firstLoad=false&page=8&start=280","Laptop ADVAN T-BOOK X TRANSFORMERS GREY N100 4GB 128GB WIN 11","3.090.000","","","","Kota Surakarta (Solo)"
"1777284575-664","https://www.blibli.com/cari/laptop%20advan?brand=Advan&sort=0&category=LA-1000004&category=LA-1000005&intent=false&firstLoad=false&page=8&start=280","ADVAN 360 GO AMD Ryzen 3-3200G/8GB DDR4 /256GB SSD /AMD Radeon Vega 8/WIN 11/1y/14"" FHD IPS Touchscreen/Type-C Port ADVAN 360 TANPA STYLUS","5.349.000","","","Kota Bandung","Funan Van Java Flagship Store"
"1777284575-665","https://www.blibli.com/cari/laptop%20advan?brand=Advan&sort=0&category=LA-1000004&category=LA-1000005&intent=false&firstLoad=false&page=8&start=280","Advan TBOOK x Transformer [Intel N100/4GB/128GB eMMC/14"" HD TN/Windows 11 Home]","3.784.900","","","Kota Cirebon","Ans Comp Flagship Store"
"1777284575-666","https://www.blibli.com/cari/laptop%20advan?brand=Advan&sort=0&category=LA-1000004&category=LA-1000005&intent=false&firstLoad=false&page=8&start=280","ADVAN Soulmate X2 AMD 3020e 8GB 128GB Win11","3.795.201","","","Kota Bandung","Up To Date Computer Flagship Store"
"1777284575-667","https://www.blibli.com/cari/laptop%20advan?brand=Advan&sort=0&category=LA-1000004&category=LA-1000005&intent=false&firstLoad=false&page=8&start=280","LAPTOP ADVAN PIXEL WAR","12.800.000","","","","Kota Jakarta Pusat"
"1777284575-668","https://www.blibli.com/cari/laptop%20advan?brand=Advan&sort=0&category=LA-1000004&category=LA-1000005&intent=false&firstLoad=false&page=8&start=280","ADVAN SOULMATE 1405 INTEL N4020/4GB/128GB EMMC/14HD/W11","3.698.000","","","Kab. Pemalang","IRAMA MAS DIGITAL Flagship Store"
"1777284575-669","https://www.blibli.com/cari/laptop%20advan?brand=Advan&sort=0&category=LA-1000004&category=LA-1000005&intent=false&firstLoad=false&page=8&start=280","Advan EVO-X 16 T25B-I3AD1 Intel Core i3 1215U 12GB 512GB W11 Home Grey","7.649.000","","","Kota Denpasar","Blessing Computer Flagship Store"
"1777284575-670","https://www.blibli.com/cari/laptop%20advan?brand=Advan&sort=0&category=LA-1000004&category=LA-1000005&intent=false&firstLoad=false&page=8&start=280","NOTEBOOK ADVAN WORK PRO(GREY) : INTEL CORE I5-12450H,8GB DDR4,512GB SSD M.2 2280 SATA,INTEL UHD GRAPHICS,14"" FHD 1920*1200 IPS,WIN 11 HOME (TAS)","6.592.401","","","Kota Palembang","MDP SUPERSTORE Flagship Store"
"1777284575-671","https://www.blibli.com/cari/laptop%20advan?brand=Advan&sort=0&category=LA-1000004&category=LA-1000005&intent=false&firstLoad=false&page=8&start=280","ADVAN T-BOOK TRANSFORMER INTEL N100 4GB 128GB WIN 11","3.099.000","","","Kota Medan","REINO KOMPUTINDO Flagship Store"
"1777284575-672","https://www.blibli.com/cari/laptop%20advan?brand=Advan&sort=0&category=LA-1000004&category=LA-1000005&intent=false&firstLoad=false&page=8&start=280","Advan Workmate L25C-R53S1 Ryzen 5 3500U 8GB 256GB Grey","5.859.000","","","Kota Denpasar","Blessing Computer Flagship Store"
"1777284575-673","https://www.blibli.com/cari/laptop%20advan?brand=Advan&sort=0&category=LA-1000004&category=LA-1000005&intent=false&firstLoad=false&page=8&start=280","Laptop ADVAN WORKMATE Murah 8/256 Notebook RYZEN 5 3500 RAM 8GB 256GB SSD Garansi RESMI","6.199.000","","","","Kota Pontianak"
"1777284575-674","https://www.blibli.com/cari/laptop%20advan?brand=Advan&sort=0&category=LA-1000004&category=LA-1000005&intent=false&firstLoad=false&page=8&start=280","Laptop Advan Soulmate Intel N4020/RAM 4GB/128+128GB/14""/WIN 11/1Y","2.549.000","5","Terjual 2","","Kota Semarang"
"1777284575-675","https://www.blibli.com/cari/laptop%20advan?brand=Advan&sort=0&category=LA-1000004&category=LA-1000005&intent=false&firstLoad=false&page=8&start=280","Laptop Advan Evo-X RAM 12GB 512GB Notebook Intel i3 Windows 11 New Original Garansi Resmi","7.580.000","","","","Kota Bekasi"
"1777284575-676","https://www.blibli.com/cari/laptop%20advan?brand=Advan&sort=0&category=LA-1000004&category=LA-1000005&intent=false&firstLoad=false&page=8&start=280","Laptop Advan Soulmate Intel N4020 RAM 4GB 128GB/14""/WIN 11/GARANSI 1Y","2.499.000","","","","Kota Semarang"
"1777284575-677","https://www.blibli.com/cari/laptop%20advan?brand=Advan&sort=0&category=LA-1000004&category=LA-1000005&intent=false&firstLoad=false&page=8&start=280","LAPTOP ADVAN 360 Stylus 2 in 1 8 GB SSD 256 GB Touchscreen Intel core i5","6.890.000","","Terjual 1","","Kota Jakarta Pusat"
"1777284575-678","https://www.blibli.com/cari/laptop%20advan?brand=Advan&sort=0&category=LA-1000004&category=LA-1000005&intent=false&firstLoad=false&page=8&start=280","Laptop Advan Workplus Air OLED RAM 16GB SSD 512GB Notebook Ryzen 5 Windows 11 New Original Garansi Resmi","9.300.000","","","","Kota Bekasi"
"1777284575-679","https://www.blibli.com/cari/laptop%20advan?brand=Advan&sort=0&category=LA-1000004&category=LA-1000005&intent=false&firstLoad=false&page=8&start=280","Laptop Advan WorkPro Lite Core i3 1220P 8GB 256GB Windows 11 Grey","4.804.000","","","","Kota Surakarta (Solo)"
"1777284575-680","https://www.blibli.com/cari/laptop%20advan?brand=Advan&sort=0&category=LA-1000004&category=LA-1000005&intent=false&firstLoad=false&page=8&start=280","LAPTOP Advan Workmate Ryzen 5 3500U 8GB SSD 256GB 14″FHD IPS W11","5.699.000","","","","Kota Jakarta Pusat"
"1777284575-681","https://www.blibli.com/cari/laptop%20advan?brand=Advan&sort=0&category=LA-1000004&category=LA-1000005&intent=false&firstLoad=false&page=8&start=280","Laptop ADVAN Work Pro Intel Core I5 - 1035G7 FHD IPS 14 Inch Windows 11","7.999.000","","","","Kab. Kudus"
"1777284575-682","https://www.blibli.com/cari/laptop%20advan?brand=Advan&sort=0&category=LA-1000004&category=LA-1000005&intent=false&firstLoad=false&page=8&start=280","Advan Soulmate X2 AMD 3020 RAM 8GB SSD 128GB W11 14.0 IPS WHT Garansi Resmi Advan Indonesia","3.739.000","5","Terjual 2","Kota Jakarta Pusat","Satria Baja Hitam Flagship Store"
"1777284575-683","https://www.blibli.com/cari/laptop%20advan?brand=Advan&sort=0&category=LA-1000004&category=LA-1000005&intent=false&firstLoad=false&page=8&start=280","Advan Workplus|R5-6600H/16G/512G/14"" FHD/Win11/Silver","7.725.000","","Terjual 1","Kota Medan","IT GARAGE GAMING Flagship Store"
"1777284575-684","https://www.blibli.com/cari/laptop%20advan?brand=Advan&sort=0&category=LA-1000004&category=LA-1000005&intent=false&firstLoad=false&page=8&start=280","Advan TBookIntel N100 8Gb/128GB 14″ HD Free Windows 11 Home","3.099.000","","Terjual 1","Kota Yogyakarta","Computa Flagship Store"
"1777284575-685","https://www.blibli.com/cari/laptop%20advan?brand=Advan&sort=0&category=LA-1000004&category=LA-1000005&intent=false&firstLoad=false&page=8&start=280","Advan WorkPlus Intel Core i5-12600H 24GB SSD 512GB 14"" W11","8.924.000","5","Terjual 1","Kota Yogyakarta","ELS Computer Flagship Store"
"1777284575-686","https://www.blibli.com/cari/laptop%20advan?brand=Advan&sort=0&category=LA-1000004&category=LA-1000005&intent=false&firstLoad=false&page=8&start=280","Advan Workplus|R7-6800H/16G/512G/14"" FHD/Win11/Silver","9.225.000","","Terjual 1","Kota Medan","IT GARAGE GAMING Flagship Store"
"1777284575-687","https://www.blibli.com/cari/laptop%20advan?brand=Advan&sort=0&category=LA-1000004&category=LA-1000005&intent=false&firstLoad=false&page=8&start=280","Advan Workplus Heritage AMD Ryzen 5 7535HS 16GB SSD 512GB 14"" IPS W11 (Batik Design)","8.819.000","","","Kota Surakarta (Solo) & kota lainnya","ELS Computer Flagship Store"
"1777284575-688","https://www.blibli.com/cari/laptop%20advan?brand=Advan&sort=0&category=LA-1000004&category=LA-1000005&intent=false&firstLoad=false&page=8&start=280","ADVAN SOULMATE X2 AMD 3020 8GB 128SSD W11 14.0 IPS","3.995.001","","","Kota Medan","AGRES ID FONE Flagship Store"
"1777284575-689","https://www.blibli.com/cari/laptop%20advan?brand=Advan&sort=0&category=LA-1000004&category=LA-1000005&intent=false&firstLoad=false&page=8&start=280","ADVAN Workmate Intel Core i3-1215U 8GB/256GB 14"" Inch FHD+ 16:10 IPS WiFi 5 Upgradable Free WIndows 11 Garansi Resmi 1 Tahun","5.799.000","5","Terjual 1","Kota Yogyakarta","Computa Flagship Store"
"1777284575-690","https://www.blibli.com/cari/laptop%20advan?brand=Advan&sort=0&category=LA-1000004&category=LA-1000005&intent=false&firstLoad=false&page=8&start=280","Advan x Darbotz WorkPlus Ryzen 7 7735HS 16GB SSD 512GB 14"" WUXGA W11","9.299.000","","","Kota Semarang & kota lainnya","ELS Computer Flagship Store"
"1777284575-691","https://www.blibli.com/cari/laptop%20advan?brand=Advan&sort=0&category=LA-1000004&category=LA-1000005&intent=false&firstLoad=false&page=8&start=280","Advan Workpro Lite Intel Core i5-1235U 8GB SSD 256GB 14"" FHD IPS W11 (Processor U Series)","7.559.000","","","Kota Semarang & kota lainnya","ELS Computer Flagship Store"
"1777284575-692","https://www.blibli.com/cari/laptop%20advan?brand=Advan&sort=0&category=LA-1000004&category=LA-1000005&intent=false&firstLoad=false&page=8&start=280","ADVAN WORKPRO INTEL CORE i5 12450H 8GB 512SSD W11 14""FHD IPS","7.491.501","","","Kota Medan","AGRES ID FONE Flagship Store"
"1777284575-693","https://www.blibli.com/cari/laptop%20advan?brand=Advan&sort=0&category=LA-1000004&category=LA-1000005&intent=false&firstLoad=false&page=8&start=280","Advan WorkMate Intel Core Ultra 5 115U 8GB SSD 256GB 14"" WUXGA IPS W11","8.609.000","","","Kota Surakarta (Solo) & kota lainnya","ELS Computer Flagship Store"
"1777284575-694","https://www.blibli.com/cari/laptop%20advan?brand=Advan&sort=0&category=LA-1000004&category=LA-1000005&intent=false&firstLoad=false&page=8&start=280","Advan Workplus AI AMD Ryzen 7 255 8GB SSD 512GB 14"" W11","10.184.000","","","Kota Surakarta (Solo) & kota lainnya","ELS Computer Flagship Store"
"1777284575-695","https://www.blibli.com/cari/laptop%20advan?brand=Advan&sort=0&category=LA-1000004&category=LA-1000005&intent=false&firstLoad=false&page=8&start=280","ADVAN TBook Intel N100 4GB 128GB 14Inch HD W11","3.995.001","","","Kota Medan","AGRES ID FONE Flagship Store"
"1777284575-696","https://www.blibli.com/cari/laptop%20advan?brand=Advan&sort=0&category=LA-1000004&category=LA-1000005&intent=false&firstLoad=false&page=8&start=280","[PROMO] Advan Workplus RAM 16GB 512GB Intel Windows New Original Garansi Resmi","7.839.000","","","Kota Bekasi","CA Shop Flagship Store"
"1777284575-697","https://www.blibli.com/cari/laptop%20advan?brand=Advan&sort=0&category=LA-1000004&category=LA-1000005&intent=false&firstLoad=false&page=8&start=280","Advan PIXWAR T AMD Ryzen 7 6800H 16GB 512GB 15.6 FHD IPS W11","9.299.000","","","Kota Yogyakarta","Computa Flagship Store"
"1777284575-698","https://www.blibli.com/cari/laptop%20advan?brand=Advan&sort=0&category=LA-1000004&category=LA-1000005&intent=false&firstLoad=false&page=8&start=280","[PROMO] Advan Evo-X RAM 12GB 512GB Intel Windows New Original Garansi Resmi","7.579.000","","","Kota Bekasi & kota lainnya","CA Shop Flagship Store"
"1777284575-699","https://www.blibli.com/cari/laptop%20advan?brand=Advan&sort=0&category=LA-1000004&category=LA-1000005&intent=false&firstLoad=false&page=8&start=280","Advan T Book 2 Intel N100 8GB 128GB 14″ HD Free Windows 11 Home","3.850.000","","","Kota Yogyakarta","Computa Flagship Store"
"1777284575-700","https://www.blibli.com/cari/laptop%20advan?brand=Advan&sort=0&category=LA-1000004&category=LA-1000005&intent=false&firstLoad=false&page=8&start=280","Advan Soulmate X AMD Athlon 3020e 4GB/8GB SSD 128GB 14"" FHD IPS W11","3.744.000","5","Terjual 1","Kota Surakarta (Solo) & kota lainnya","ELS Computer Flagship Store"
"1777284575-701","https://www.blibli.com/cari/laptop%20advan?brand=Advan&sort=0&category=LA-1000004&category=LA-1000005&intent=false&firstLoad=false&page=8&start=280","Advan TBook Intel N100 4GB/128GB 14"" W11","4.451.000","","","Kota Surakarta (Solo) & kota lainnya","ELS Computer Flagship Store"
"1777284575-702","https://www.blibli.com/cari/laptop%20advan?brand=Advan&sort=0&category=LA-1000004&category=LA-1000005&intent=false&firstLoad=false&page=8&start=280","Advan TBook Intel N100 8GB 128GB 14"" W11","4.981.000","","","Kota Surakarta (Solo) & kota lainnya","ELS Computer Flagship Store"
"1777284575-703","https://www.blibli.com/cari/laptop%20advan?brand=Advan&sort=0&category=LA-1000004&category=LA-1000005&intent=false&firstLoad=false&page=8&start=280","Laptop ADVAN HERITAGE Ryzen 5 7535HS/8GB DDR5/SSD 512GB/14"" FHD IPS /WIN 11/ Silver","7.299.000","","","","Kota Medan"
"1777284575-704","https://www.blibli.com/cari/laptop%20advan?brand=Advan&sort=0&category=LA-1000004&category=LA-1000005&intent=false&firstLoad=false&page=8&start=280","Advan Soulmate Celeron N4020 4GB SSD 128GB 14"" W11","3.744.000","","Terjual 1","Kota Yogyakarta","ELS Computer Flagship Store"
"1777284575-705","https://www.blibli.com/cari/laptop%20advan?brand=Advan&sort=0&category=LA-1000004&category=LA-1000005&intent=false&firstLoad=false&page=8&start=280","Advan Pixwar AMD Ryzen 7 8745HS 16GB SSD 512GB 15.6"" TouchScreen W11","10.289.000","","","Kota Surakarta (Solo) & kota lainnya","ELS Computer Flagship Store"
"1777284575-706","https://www.blibli.com/cari/laptop%20advan?brand=Advan&sort=0&category=LA-1000004&category=LA-1000005&intent=false&firstLoad=false&page=8&start=280","Laptop Advan SOULMATE X2 Amd 3020e/DDR4 8GB/SSD 128GB/14"" FHD IPS/Win 11 /Silver","3.600.000","","","","Kota Medan"
"1777284575-707","https://www.blibli.com/cari/laptop%20advan?brand=Advan&sort=0&category=LA-1000004&category=LA-1000005&intent=false&firstLoad=false&page=8&start=280","Pre-order","3.888.000","","","","Kota Semarang"
"1777284575-708","https://www.blibli.com/cari/laptop%20advan?brand=Advan&sort=0&category=LA-1000004&category=LA-1000005&intent=false&firstLoad=false&page=8&start=280","Laptop Advan Soulmate X2 AMD Athlon 3020e 8GB 128GB SSD 14 Inch FHD Windows 11 White Garansi Resmi","3.999.000","","","","Kota Surabaya"
"1777284575-709","https://www.blibli.com/cari/laptop%20advan?brand=Advan&sort=0&category=LA-1000004&category=LA-1000005&intent=false&firstLoad=false&page=8&start=280","Laptop Advan Workmate AMD R5 Ryzen 5 3500U ram 8GB ssd 256GB 14"" FHD+ IPS Windows 11 Home","5.925.000","","","","Kota Makassar"
"1777284575-710","https://www.blibli.com/cari/laptop%20advan?brand=Advan&sort=0&category=LA-1000004&category=LA-1000005&intent=false&firstLoad=false&page=8&start=280","Laptop Advan AI GEN AMD Ryzen 7 R7 8845HS ram 16GB ssd 512GB 14"" IPS W11","10.249.995","","","","Kota Cirebon"
"1777284575-711","https://www.blibli.com/cari/laptop%20advan?brand=Advan&sort=0&category=LA-1000004&category=LA-1000005&intent=false&firstLoad=false&page=8&start=280","Pre-order","2.399.000","5","Terjual 17","","Kab. Tangerang"
"1777284575-712","https://www.blibli.com/cari/laptop%20advan?brand=Advan&sort=0&category=LA-1000004&category=LA-1000005&intent=false&firstLoad=false&page=8&start=280","ADVAN Notebook Laptop Workpro Intel I5","5.304.000","5","Terjual 1","","Kota Cirebon"
"1777284575-713","https://www.blibli.com/cari/laptop%20advan?brand=Advan&sort=0&category=LA-1000004&category=LA-1000005&intent=false&firstLoad=false&page=8&start=280","LAPTOP ADVAN 360 Stylus PRO Intel Core i3-1215U 14”IPS FHD Touchscreen 8GB 256GB WIN 11 Touchscreen bisa diLipat","6.699.000","","","","Kota Jakarta Pusat"
"1777284575-714","https://www.blibli.com/cari/laptop%20advan?brand=Advan&sort=0&category=LA-1000004&category=LA-1000005&intent=false&firstLoad=false&page=8&start=280","Laptop Advan Workplus AMD Ryzen 5 660H","7.299.000","","","","Kota Surabaya"
"1777284575-715","https://www.blibli.com/cari/laptop%20advan?brand=Advan&sort=0&category=LA-1000004&category=LA-1000005&intent=false&firstLoad=false&page=8&start=280","Laptop Advan 360 Go Ryzen Notebook Touchscreen New Original Garansi Resmi","5.640.000","","","","Kota Bekasi"
"1777284575-716","https://www.blibli.com/cari/laptop%20advan?brand=Advan&sort=0&category=LA-1000004&category=LA-1000005&intent=false&firstLoad=false&page=8&start=280","LAPTOP ADVAN WORKMATE R5-3500U 8/256 GB GARANSI RESMI","5.695.000","","","Kota Medan","DigitalCellularGroup Flagship Store"
"1777284575-717","https://www.blibli.com/cari/laptop%20advan?brand=Advan&sort=0&category=LA-1000004&category=LA-1000005&intent=false&firstLoad=false&page=8&start=280","Laptop Editing Advan Soulmate X1 AMD 3020E Ram 4GB DDR4 128GB SSD 14"" FHD IPS Windows 11","3.404.000","","","","Kota Madiun"
"1777284575-718","https://www.blibli.com/cari/laptop%20advan?brand=Advan&sort=0&category=LA-1000004&category=LA-1000005&intent=false&firstLoad=false&page=8&start=280","LAPTOP BARU ADVAN 2IN1 EVO-X 13 INTEL N100 INTEL UHD RAM 12GB LPDDR5 SSD 512GB NVME 13INCH 2K IPS","6.075.970","","","","Kota Surabaya"
"1777284575-719","https://www.blibli.com/cari/laptop%20advan?brand=Advan&sort=0&category=LA-1000004&category=LA-1000005&intent=false&firstLoad=false&page=8&start=280","ADVAN Notebook Laptop Soulmate T Celeron N4020 4GB/128GB 14"" HD","2.799.000","","","","Kab. Banyumas"
"1777284575-720","https://www.blibli.com/cari/laptop%20advan?brand=Advan&sort=0&category=LA-1000004&category=LA-1000005&intent=false&firstLoad=false&page=8&start=280","Advan Soulmate Laptop 4/384 GB Windows 11 Garansi Resmi","2.499.000","","Terjual 1","","Kota Bandung"
"1777284575-721","https://www.blibli.com/cari/laptop%20advan?brand=Advan&sort=0&category=LA-1000004&category=LA-1000005&intent=false&firstLoad=false&page=8&start=280","Laptop Advan TBOOK 4 inch Intel N100 4GB / 128GB","3.353.150","","Terjual 3","Kab. Sleman & kota lainnya","Alyosha Flagship Store"
"1777284575-722","https://www.blibli.com/cari/laptop%20advan?brand=Advan&sort=0&category=LA-1000004&category=LA-1000005&intent=false&firstLoad=false&page=8&start=280","ADVAN Laptop Workplus AMD Ryzen 5 6600H 14” FHD IPS 16GB 512GB","7.699.000","","","","Kota Malang"
"1777284575-723","https://www.blibli.com/cari/laptop%20advan?brand=Advan&sort=0&category=LA-1000004&category=LA-1000005&intent=false&firstLoad=false&page=8&start=280","ADVAN LAPTOP SOULMATE X2 AMD 3020E 14 INCH 8/128 - GARANSI RESMI","4.012.250","","","","Kota Surabaya"
"1777284575-724","https://www.blibli.com/cari/laptop%20advan?brand=Advan&sort=0&category=LA-1000004&category=LA-1000005&intent=false&firstLoad=false&page=8&start=280","Laptop Advan Workmate 8GB 256GB Notebook Intel i3 Windows 11 New Original Garansi Resmi","5.689.000","","","Kota Bekasi & kota lainnya","CA Shop Flagship Store"
"1777284575-725","https://www.blibli.com/cari/laptop%20advan?brand=Advan&sort=0&category=LA-1000004&category=LA-1000005&intent=false&firstLoad=false&page=8&start=280","Laptop Advan Workmate 8GB 256GB Notebook Ryzen 5 Windows 11 New Original Garansi Resmi","5.689.000","","Terjual 2","Kota Bekasi & kota lainnya","CA Shop Flagship Store"
"1777284575-726","https://www.blibli.com/cari/laptop%20advan?brand=Advan&sort=0&category=LA-1000004&category=LA-1000005&intent=false&firstLoad=false&page=8&start=280","Laptop Advan Workmate 8GB 256GB Notebook Ryzen 5 Windows 11 New Original Garansi Resmi","5.690.000","","","","Kota Bekasi"
"1777284575-727","https://www.blibli.com/cari/laptop%20advan?brand=Advan&sort=0&category=LA-1000004&category=LA-1000005&intent=false&firstLoad=false&page=8&start=280","ADVAN Notebook Laptop Workpro Intel I5 14'' FHD IPS 8GB 256GB Win 11","5.199.000","","","","Kota Bandung"
"1777284575-728","https://www.blibli.com/cari/laptop%20advan?brand=Advan&sort=0&category=LA-1000004&category=LA-1000005&intent=false&firstLoad=false&page=8&start=280","Laptop ADVAN TBOOK 2 Murah 4/128 Notebook INTEL N100 4GB 128GB Garansi RESMI","4.499.000","","","","Kota Pontianak"
"1777284575-729","https://www.blibli.com/cari/laptop%20advan?brand=Advan&sort=0&category=LA-1000004&category=LA-1000005&intent=false&firstLoad=false&page=8&start=280","ADVAN Laptop 360 Stylus 2in1 Touchscreen - Intel i3 14.1'' FHD IPS","6.399.000","","","","Kota Bandung"
"1777284575-730","https://www.blibli.com/cari/laptop%20advan?brand=Advan&sort=0&category=LA-1000004&category=LA-1000005&intent=false&firstLoad=false&page=8&start=280","Laptop Advan Workmate 8GB 256GB Notebook Intel i3 Windows 11 New Original Garansi Resmi","5.690.000","","","","Kota Bekasi"
"1777284575-731","https://www.blibli.com/cari/laptop%20advan?brand=Advan&sort=0&category=LA-1000004&category=LA-1000005&intent=false&firstLoad=false&page=8&start=280","Laptop ADVAN Workpro Intel Core i5-1035G7 8/256 SSD 14"" FHD","5.499.000","","","","Kota Malang"
"1777284575-732","https://www.blibli.com/cari/laptop%20advan?brand=Advan&sort=0&category=LA-1000004&category=LA-1000005&intent=false&firstLoad=false&page=8&start=280","LAPTOP ADVAN SOULMATE X2 RAM 8GB 128GB SSD AMD garansi Resmi","4.099.000","","Terjual 1","","Kota Pontianak"
"1777284575-733","https://www.blibli.com/cari/laptop%20advan?brand=Advan&sort=0&category=LA-1000004&category=LA-1000005&intent=false&firstLoad=false&page=8&start=280","LAPTOP ADVAN SOULMATE X AMD 3020E|8GB|128GB 14 HD| W11","3.979.005","","","","Kota Pekanbaru"
"1777284575-734","https://www.blibli.com/cari/laptop%20advan?brand=Advan&sort=0&category=LA-1000004&category=LA-1000005&intent=false&firstLoad=false&page=8&start=280","ADVAN Laptop Workplus AMD RYZEN 5 6600H 14'' FHD IPS 16GB 512GB Win 11","7.500.000","","","","Kota Semarang"
"1777284575-735","https://www.blibli.com/cari/laptop%20advan?brand=Advan&sort=0&category=LA-1000004&category=LA-1000005&intent=false&firstLoad=false&page=8&start=280","Laptop Advan T BOOK 14 inch Intel N100 8GB /4 GB 128GB","3.365.000","","Terjual 5","Kota Semarang","Alyosha Semarang Flagship Store"
"1777284575-736","https://www.blibli.com/cari/laptop%20advan?brand=Advan&sort=0&category=LA-1000004&category=LA-1000005&intent=false&firstLoad=false&page=8&start=280","ADVAN Laptop Workplus AMD RYZEN 5 6600H 14'' FHD IPS 16GB 512GB Win 11","7.399.000","","","","Kota Semarang"
"1777284575-737","https://www.blibli.com/cari/laptop%20advan?brand=Advan&sort=0&category=LA-1000004&category=LA-1000005&intent=false&firstLoad=false&page=8&start=280","ADVAN Laptop Workplus AMD RYZEN 5 6600H 14'' FHD IPS 16GB 512GB Win 11","9.999.000","","","","Kota Bandung"
"1777284575-738","https://www.blibli.com/cari/laptop%20advan?brand=Advan&sort=0&category=LA-1000004&category=LA-1000005&intent=false&firstLoad=false&page=8&start=280","Laptop Advan Workmate Ultra 8GB 256GB Notebook Intel Ultra 5 Windows 11 New Original Garansi Resmi","7.839.000","","","Kota Bekasi & kota lainnya","CA Shop Flagship Store"
"1777284575-739","https://www.blibli.com/cari/laptop%20advan?brand=Advan&sort=0&category=LA-1000004&category=LA-1000005&intent=false&firstLoad=false&page=8&start=280","LAPTOP ADVAN WORKMATE R5-3500U/8/256/W11/GREY / LIGHT BLUE","5.759.000","5","Terjual 2","Kota Bandung","Funan Van Java Flagship Store"
"1777284575-740","https://www.blibli.com/cari/laptop%20advan?brand=Advan&sort=0&category=LA-1000004&category=LA-1000005&intent=false&firstLoad=false&page=8&start=280","LAPTOP ADVAN PIXWAR R7-6800H|16GB SSD512|15,6"" IPS|W11|TOUCHSCREEN","9.352.005","","","","Kota Pekanbaru"
"1777284575-741","https://www.blibli.com/cari/laptop%20advan?brand=Advan&sort=0&category=LA-1000004&category=LA-1000005&intent=false&firstLoad=false&page=8&start=280","ADVAN Laptop Workplus AMD RYZEN 5 6600H 14'' FHD IPS 16GB 512GB Win 11","7.190.000","","","","Kota Cirebon"
"1777284575-742","https://www.blibli.com/cari/laptop%20advan?brand=Advan&sort=0&category=LA-1000004&category=LA-1000005&intent=false&firstLoad=false&page=8&start=280","Advan Laptop AI Gen RAM 16GB 512GB Notebook Intel Core Ultra 5 125H IPS Windows 11 New Original Garansi Resmi","9.610.000","","","","Kota Bekasi"
"1777284575-743","https://www.blibli.com/cari/laptop%20advan?brand=Advan&sort=0&category=LA-1000004&category=LA-1000005&intent=false&firstLoad=false&page=8&start=280","Laptop Advan Soulmate X AMD 3020e 8GB SSD 128GB WIN 11 Home","4.200.000","","","Kota Bandung","Sakura Komputer Flagship Store"
"1777284575-744","https://www.blibli.com/cari/laptop%20advan?brand=Advan&sort=0&category=LA-1000004&category=LA-1000005&intent=false&firstLoad=false&page=8&start=280","Laptop ADVAN Workpro Lite I3-1220P 8GB 256 SSD 14"" Win11 HOME","6.399.000","","Terjual 1","Kota Jakarta Pusat","FLIXX.ID Flagship Store"
"1777284575-745","https://www.blibli.com/cari/laptop%20advan?brand=Advan&sort=0&category=LA-1000004&category=LA-1000005&intent=false&firstLoad=false&page=8&start=280","Laptop Advan Evo-X RAM 12GB 512GB Notebook Intel i3 Windows 11 New Original Garansi Resmi","7.579.000","","Terjual 1","Kota Bekasi & kota lainnya","CA Shop Flagship Store"
"1777284575-746","https://www.blibli.com/cari/laptop%20advan?brand=Advan&sort=0&category=LA-1000004&category=LA-1000005&intent=false&firstLoad=false&page=8&start=280","ADVAN Laptop Workplus AMD Ryzen 5 6600H 14'' FHD IPS 16Gb 512Gb 1 TB Win 11","7.850.000","","","","Kota Semarang"
"1777284575-747","https://www.blibli.com/cari/laptop%20advan?brand=Advan&sort=0&category=LA-1000004&category=LA-1000005&intent=false&firstLoad=false&page=8&start=280","Laptop Advan Workmate Ultra 8GB 256GB Notebook Intel Ultra 5 Windows 11 New Original Garansi Resmi","7.840.000","","","","Kota Bekasi"
"1777284575-748","https://www.blibli.com/cari/laptop%20advan?brand=Advan&sort=0&category=LA-1000004&category=LA-1000005&intent=false&firstLoad=false&page=8&start=280","ADVAN LAPTOP S5-85S i5-1235U 8GB 512GB INTEL WINDOWS 11 - 1 YEAR","10.349.000","","","","Kota Tangerang"
"1777284575-749","https://www.blibli.com/cari/laptop%20advan?brand=Advan&sort=0&category=LA-1000004&category=LA-1000005&intent=false&firstLoad=false&page=8&start=280","LAPTOP ADVAN WORKPLUS HERITAGE R5-7535HS 8GB|SSD512|14"" IPS|W11","7.859.505","","","","Kota Pekanbaru"
"1777284575-750","https://www.blibli.com/cari/laptop%20advan?brand=Advan&sort=0&category=LA-1000004&category=LA-1000005&intent=false&firstLoad=false&page=8&start=280","Laptop Advan Work Pro Lite Core I5 12450H 8GB 256GB W11 Home","8.750.000","","Terjual 1","","Kota Batam"
"1777284575-751","https://www.blibli.com/cari/laptop%20advan?brand=Advan&sort=0&category=LA-1000004&category=LA-1000005&intent=false&firstLoad=false&page=8&start=280","ADVAN LAPTOP S5 85S Intel Core i5 1235U 8GB 512 SSD 14""FHD WIN 11","12.499.000","","","","Kota Semarang"
"1777284575-752","https://www.blibli.com/cari/laptop%20advan?brand=Advan&sort=0&category=LA-1000004&category=LA-1000005&intent=false&firstLoad=false&page=8&start=280","Laptop Advan Workplus RAM 16GB 512GB Notebook Intel i5 Gen 12 Windows 11 New Original Garansi Resmi","7.840.000","","","","Kota Bekasi"
"1777284575-753","https://www.blibli.com/cari/laptop%20advan?brand=Advan&sort=0&category=LA-1000004&category=LA-1000005&intent=false&firstLoad=false&page=8&start=280","ADVAN LAPTOP S7-110S i7-1255U 16GB 1TB SSD INTEL WINDOWS 11 - 1 YEAR","14.099.000","","","","Kota Tangerang"
"1777284575-754","https://www.blibli.com/cari/laptop%20advan?brand=Advan&sort=0&category=LA-1000004&category=LA-1000005&intent=false&firstLoad=false&page=8&start=280","ADVAN Laptop 360 Stylus PRO Intel Core i3-1215U 14”IPS FHD Touchscreen 8GB 256GB WIN 11","6.736.000","","","","Kota Semarang"
"1777284575-755","https://www.blibli.com/cari/laptop%20advan?brand=Advan&sort=0&category=LA-1000004&category=LA-1000005&intent=false&firstLoad=false&page=8&start=280","Laptop Advan Workplus Air OLED RAM 16GB SSD 512GB Notebook Ryzen 5 Windows 11 New Original Garansi Resmi","9.299.000","","Terjual 2","Kota Bekasi","CA Shop Flagship Store"
"1777284575-756","https://www.blibli.com/cari/laptop%20advan?brand=Advan&sort=0&category=LA-1000004&category=LA-1000005&intent=false&firstLoad=false&page=8&start=280","ADVAN LAPTOP S7-110S i7-1255U 16GB 1TB SSD INTEL WINDOWS 11 - 3 YEAR","16.149.000","","","","Kota Tangerang"
"1777284575-757","https://www.blibli.com/cari/laptop%20advan?brand=Advan&sort=0&category=LA-1000004&category=LA-1000005&intent=false&firstLoad=false&page=8&start=280","Laptop Advan Pixwar T 16GB 512GB Touchscreen Notebook Ryzen 7 Windows 11 Gaming New Original Garansi Resmi","8.879.000","","","Kota Bekasi & kota lainnya","CA Shop Flagship Store"
"1777284575-758","https://www.blibli.com/cari/laptop%20advan?brand=Advan&sort=0&category=LA-1000004&category=LA-1000005&intent=false&firstLoad=false&page=8&start=280","ADVAN LAPTOP S3-82S i3-1215U 8GB 256GB INTEL WINDOWS 11 - 1 YEAR","8.799.000","","","","Kota Tangerang"
"1777284575-759","https://www.blibli.com/cari/laptop%20advan?brand=Advan&sort=0&category=LA-1000004&category=LA-1000005&intent=false&firstLoad=false&page=8&start=280","LAPTOP ADVAN WORKPRO I5-12450H|8GB|SSD512|14'FHD|IRIS PLUS| W11","7.461.505","","","","Kota Pekanbaru"
"1777284575-760","https://www.blibli.com/cari/laptop%20advan?brand=Advan&sort=0&category=LA-1000004&category=LA-1000005&intent=false&firstLoad=false&page=8&start=280","ADVAN LAPTOP S3-82S (GEN 12) i3-1215U 8GB 256GB 14""FHD Win 11 Home","11.799.041","","","","Kota Jakarta Pusat"
"1777284575-761","https://www.blibli.com/cari/laptop%20advan?brand=Advan&sort=0&category=LA-1000004&category=LA-1000005&intent=false&firstLoad=false&page=8&start=280","ADVAN Laptop 360 Stylus PRO Intel Core i3-1215U ram 8GB ssd 256GB 14” IPS Touch Windows 11","6.649.000","","","","Kota Makassar"
"1777284575-762","https://www.blibli.com/cari/laptop%20advan?brand=Advan&sort=0&category=LA-1000004&category=LA-1000005&intent=false&firstLoad=false&page=8&start=280","ADVAN LAPTOP W5-15S i5-12450H 16GB 512GB SSD INTEL WINDOWS 11 - 1 YEAR","9.500.000","","","","Kota Tangerang"
"1777284575-763","https://www.blibli.com/cari/laptop%20advan?brand=Advan&sort=0&category=LA-1000004&category=LA-1000005&intent=false&firstLoad=false&page=8&start=280","ADVAN Laptop WorkPlus AMD Ryzen 5 6600H 14"" FHD IPS RAM 16GB 51GB SSD Win 11 Original","7.790.000","","Terjual 4","","Kota Jakarta Pusat"
"1777284575-764","https://www.blibli.com/cari/laptop%20advan?brand=Advan&sort=0&category=LA-1000004&category=LA-1000005&intent=false&firstLoad=false&page=8&start=280","LAPTOP ADVAN SOULMATE X2 AMD 3020E 8/128 GB 11 HOME 14 INCH GARANSI RESMI","3.750.000","","","Kota Medan","DigitalCellularGroup Flagship Store"
"1777284575-765","https://www.blibli.com/cari/laptop%20advan?brand=Advan&sort=0&category=LA-1000004&category=LA-1000005&intent=false&firstLoad=false&page=8&start=280","LAPTOP ADVAN WORKPLUS DARBOTZ(SILVER) AMD RYZEN 7 16/,512GB SSD 4""FHD IPS WINDOWS 11 HOME","8.190.801","","Terjual 2","Kota Palembang","MDP SUPERSTORE Flagship Store"
"1777284575-766","https://www.blibli.com/cari/laptop%20advan?brand=Advan&sort=0&category=LA-1000004&category=LA-1000005&intent=false&firstLoad=false&page=8&start=280","Laptop Advan Evo-X RAM 12GB 256GB Notebook Intel 6500Y Windows 11 Touchscreen New Original Garansi Resmi","5.849.000","","","Kota Bekasi & kota lainnya","CA Shop Flagship Store"
"1777284575-767","https://www.blibli.com/cari/laptop%20advan?brand=Advan&sort=0&category=LA-1000004&category=LA-1000005&intent=false&firstLoad=false&page=8&start=280","Laptop 2 in 1 Advan Evo-X RAM 12GB 256GB Notebook Intel 6500Y Windows 11 Touchscreen New Original Garansi Resmi","5.850.000","","","","Kota Bekasi"
"1777284575-768","https://www.blibli.com/cari/laptop%20advan?brand=Advan&sort=0&category=LA-1000004&category=LA-1000005&intent=false&firstLoad=false&page=8&start=280","ADVAN LAPTOP T3-0805S (T Series) i3-1215U 8GB 512GB INTEL WINDOWS 11, TOUCHSCREEN - 1 YEAR","9.099.000","","","","Kota Tangerang"
"1777284575-769","https://www.blibli.com/cari/laptop%20advan?brand=Advan&sort=0&category=LA-1000004&category=LA-1000005&intent=false&firstLoad=false&page=8&start=280","ADVAN LAPTOP S7-110S Intel Core i7 1255U 16GB TB SSD 14""FHD WIN 11 - TKDN","14.899.000","","","","Kota Semarang"
"1777284575-770","https://www.blibli.com/cari/laptop%20advan?brand=Advan&sort=0&category=LA-1000004&category=LA-1000005&intent=false&firstLoad=false&page=8&start=280","Cicilan 0% - ADVAN Laptop WorkPro Lite Intel Core i5-12450H 14” IPS FHD 8GB 256GB Windows 11 Garansi Resmi","6.299.000","","","","Kab. Tangerang"
"1777284575-771","https://www.blibli.com/cari/laptop%20advan?brand=Advan&sort=0&category=LA-1000004&category=LA-1000005&intent=false&firstLoad=false&page=8&start=280","Pre-order","13.499.000","","","","Kab. Gianyar"
"1777284575-772","https://www.blibli.com/cari/laptop%20advan?brand=Advan&sort=0&category=LA-1000004&category=LA-1000005&intent=false&firstLoad=false&page=8&start=280","Laptop Advan Workplus Heritage RAM 16GB / 8GB SSD 512GB Notebook Ryzen 5 Windows 11 New Original Garansi Resmi","7.840.000","","","","Kota Bekasi"
"1777284575-773","https://www.blibli.com/cari/laptop%20advan?brand=Advan&sort=0&category=LA-1000004&category=LA-1000005&intent=false&firstLoad=false&page=8&start=280","Laptop Advan Workplus Heritage RAM 16GB / 8GB SSD 512GB Notebook Ryzen 5 Windows 11 New Original Garansi Resmi","7.839.000","","","Kota Bekasi","CA Shop Flagship Store"
"1777284575-774","https://www.blibli.com/cari/laptop%20advan?brand=Advan&sort=0&category=LA-1000004&category=LA-1000005&intent=false&firstLoad=false&page=8&start=280","Laptop ADVAN AI Gen Intel Core Ultra 5 125H 16GB 512GB 14'' FHD IPS 100% sRGB","9.245.000","","","Kota Jakarta Pusat","KlikGadget Flagship Store"
"1777284575-775","https://www.blibli.com/cari/laptop%20advan?brand=Advan&sort=0&category=LA-1000004&category=LA-1000005&intent=false&firstLoad=false&page=8&start=280","Laptop ADVAN AI Gen Intel Core Ultra 5 125H 16GB 512GB 14'' FHD IPS 100% sRGB","9.245.000","","","Kota Jakarta Pusat","KlikGadget Flagship Store"
"1777284575-776","https://www.blibli.com/cari/laptop%20advan?brand=Advan&sort=0&category=LA-1000004&category=LA-1000005&intent=false&firstLoad=false&page=8&start=280","Laptop Advan TBOOK 8/384GB + 8/128GB + 4/128GB Notebook Intel N100 Windows 11 New Original Garansi Resmi","3.650.000","","","","Kota Bekasi"
"1777284575-777","https://www.blibli.com/cari/laptop%20advan?brand=Advan&sort=0&category=LA-1000004&category=LA-1000005&intent=false&firstLoad=false&page=8&start=280","Laptop ADVAN 360 Go 4GB/256GB 14” AMD Ryzen 3 3200U FHD IPS Touchscreen Laptop 2-in-1 Notebook Flip Free Windows 11 Original","5.588.000","","","Kota Jakarta Pusat","KlikGadget Flagship Store"
"1777284575-778","https://www.blibli.com/cari/laptop%20advan?brand=Advan&sort=0&category=LA-1000004&category=LA-1000005&intent=false&firstLoad=false&page=8&start=280","Laptop ADVAN WorkPlus Heritage Batik AMD R5-7535HS 8GB RAM 512GB SSD Windows 11 Office Original","7.499.000","","","Kota Yogyakarta","Computa Flagship Store"
"1777284575-779","https://www.blibli.com/cari/laptop%20advan?brand=Advan&sort=0&category=LA-1000004&category=LA-1000005&intent=false&firstLoad=false&page=8&start=280","ADVAN Soulmate X2 Laptop AMD 3020e 8GB 128GB 14""FHD IPS Radeon Win11","3.650.000","","","","Kota Balikpapan"
"1777284575-780","https://www.blibli.com/cari/laptop%20advan?brand=Advan&sort=0&category=LA-1000004&category=LA-1000005&intent=false&firstLoad=false&page=8&start=280","LAPTOP ADVAN 2IN1 EVO-X I3 1215U 12GB 512GB W11 16.0 2.5K TOUCH","7.899.000","","","Kota Jakarta Utara","Agres.id Flagship Store"
"1777284575-781","https://www.blibli.com/cari/laptop%20advan?brand=Advan&sort=0&category=LA-1000004&category=LA-1000005&intent=false&firstLoad=false&page=8&start=280","LAPTOP ADVAN WORKMATE BLUE/ GREY INTEL CORE i3-1215U 8GB 256GB WIN 11 HOME TANPA OFFICE NO OFFICE","5.915.000","","","Kota Surabaya","ExpoComp Flagship Store"
"1777284575-782","https://www.blibli.com/cari/laptop%20advan?brand=Advan&sort=0&category=LA-1000004&category=LA-1000005&intent=false&firstLoad=false&page=8&start=280","LAPTOP ADVAN HERITAGE BATIK AMD R5-7535HS 8GB/512GB AMD RADEON GRAPHICS 660M 14"" 16:10 WIN 11","7.191.801","","","Kota Palembang","MDP SUPERSTORE Flagship Store"
"1777284575-783","https://www.blibli.com/cari/laptop%20advan?brand=Advan&sort=0&category=LA-1000004&category=LA-1000005&intent=false&firstLoad=false&page=8&start=280","Laptop 2 in 1 ADVAN Evo-X 13 Intel N150 ram 12GB ssd 512GB 13"" IPS 3K Stylus Pen + Keyboard Windows 11","6.825.000","","","","Kota Makassar"
"1777284575-784","https://www.blibli.com/cari/laptop%20advan?brand=Advan&sort=0&category=LA-1000004&category=LA-1000005&intent=false&firstLoad=false&page=8&start=280","LAPTOP ADVAN WORK PLUS DARBOTZ SILVER AMD RYZEN 7-7735HS 16GB 512GB WIN 11 HOME TANPA OFFICE NO OHS 2021","8.364.000","","","Kota Surabaya","ExpoComp Flagship Store"
"1777284575-785","https://www.blibli.com/cari/laptop%20advan?brand=Advan&sort=0&category=LA-1000004&category=LA-1000005&intent=false&firstLoad=false&page=8&start=280","LAPTOP ADVAN HERITAGE AMD R5-7535HS 8GB/512GB SSD AMD RADEON GRAPHICS 660M 14"" WIN 11 (NO TAS)","7.191.801","","Terjual 1","Kota Palembang","MDP SUPERSTORE Flagship Store"
"1777284575-786","https://www.blibli.com/cari/laptop%20advan?brand=Advan&sort=0&category=LA-1000004&category=LA-1000005&intent=false&firstLoad=false&page=8&start=280","LAPTOP ADVAN SOULMATE X2 WHITE MIST ROSE BLUE AMD 3020E 8GB 128GB WIN 11 HOME TANPA OFFICE NO OHS","3.988.000","","","Kota Surabaya","ExpoComp Flagship Store"
"1777284575-787","https://www.blibli.com/cari/laptop%20advan?brand=Advan&sort=0&category=LA-1000004&category=LA-1000005&intent=false&firstLoad=false&page=8&start=280","LAPTOP ADVAN WORKMATE GREY AMD RYZEN 5-3500 8GB 256GB 14 INCH FHD+ WIN 11 HOME TANPA OFFICE NO OHS 2021","5.884.000","","","Kota Surabaya","ExpoComp Flagship Store"
"1777284575-788","https://www.blibli.com/cari/laptop%20advan?brand=Advan&sort=0&category=LA-1000004&category=LA-1000005&intent=false&firstLoad=false&page=8&start=280","ADVAN 360 Stylus Pro Laptop 2 in 1 Intel Core i3-1215U 14"" inch IPS FHD Touchscreen 8GB/256GB Free Windows 11","6.499.000","","Terjual 1","","Kota Tangerang"
"1777284575-789","https://www.blibli.com/cari/laptop%20advan?brand=Advan&sort=0&category=LA-1000004&category=LA-1000005&intent=false&firstLoad=false&page=8&start=280","LAPTOP ADVAN 360 GO GREY AMD RYZEN 3-3200U 8GB 256GB 14 INCH FHD IPS TOUCHSCREEN WIN 11 HOME TANPA OFFICE NO OHS","5.707.000","","","Kota Surabaya","ExpoComp Flagship Store"
"1777284575-790","https://www.blibli.com/cari/laptop%20advan?brand=Advan&sort=0&category=LA-1000004&category=LA-1000005&intent=false&firstLoad=false&page=8&start=280","LAPTOP ADVAN WORKPLUS (SILVER) : AMD R5-6600H 16GB 512GB SSD,RADEON GRAPHICS,14"" FHD BEZEL LESS,58WH BATTERY,FINGERPRINT,WINDOWS 11","6.992.001","","","Kota Palembang","MDP SUPERSTORE Flagship Store"
"1777284575-791","https://www.blibli.com/cari/laptop%20advan?brand=Advan&sort=0&category=LA-1000004&category=LA-1000005&intent=false&firstLoad=false&page=8&start=280","Advan soulmate","2.500.000","","Terjual 5","","Kota Semarang"
"1777284575-792","https://www.blibli.com/cari/laptop%20advan?brand=Advan&sort=0&category=LA-1000004&category=LA-1000005&intent=false&firstLoad=false&page=8&start=280","Laptop AXIOO Mybook HYPE 1 - RAM 4GB/8GB SSD 128GB/512GB- Garansi Resmi","3.404.000","","Terjual 2","","Kota Madiun"
"1777284575-793","https://www.blibli.com/cari/laptop%20advan?brand=Advan&sort=0&category=LA-1000004&category=LA-1000005&intent=false&firstLoad=false&page=8&start=280","Laptop Advan WorkPlus Heritage/AMD Ryzen 5-7535HS/8GB DDR4 (Upgrade)/512GB SSD (Upgrade)/AMD Radeon 660M/WIN 11/14"" WUXGA (16:10)","7.459.000","","","Kota Bandung","Funan Van Java Flagship Store"
"1777284575-794","https://www.blibli.com/cari/laptop%20advan?brand=Advan&sort=0&category=LA-1000004&category=LA-1000005&intent=false&firstLoad=false&page=8&start=280","Laptop Advan WorkPlus Heritage reguler /AMD Ryzen 5-7535HS/16GB DDR5 (Upgrade)/512GB SSD/AMD Radeon 660M/WIN 11/14"" WUXGA (16:10)","8.409.000","5","Terjual 1","Kota Bandung","Funan Van Java Flagship Store"
"1777284575-795","https://www.blibli.com/cari/laptop%20advan?brand=Advan&sort=0&category=LA-1000004&category=LA-1000005&intent=false&firstLoad=false&page=8&start=280","Advan Workmate Amd Ryzen 5 3500U 8Gb 256Gb SSD 14"" FHD+ IPS Windows 11 Home","5.898.000","","","","Kota Madiun"
"1777284575-796","https://www.blibli.com/cari/laptop%20advan?brand=Advan&sort=0&category=LA-1000004&category=LA-1000005&intent=false&firstLoad=false&page=8&start=280","LAPTOP BARU ADVAN SOULMATE INTEL GEMINI LAKE N4020 RAM 4/8GB DDR4 SSD 128/256GB GRY","3.193.000","","","","Kota Surabaya"
"1777284575-797","https://www.blibli.com/cari/laptop%20advan?brand=Advan&sort=0&category=LA-1000004&category=LA-1000005&intent=false&firstLoad=false&page=8&start=280","Advan Laptop AI Gen Ultra 16/512 Intel Core Ultra 5 | Garansi Resmi Advan","9.575.000","","Terjual 1","Kota Jakarta Barat","CERIA PONSEL STORE Flagship Store"
"1777284575-798","https://www.blibli.com/cari/laptop%20advan?brand=Advan&sort=0&category=LA-1000004&category=LA-1000005&intent=false&firstLoad=false&page=8&start=280","ADVAN Laptop Workplus AMD RYZEN 7 7735HS 16GB 512GB 14'' FHD Work Plus","7.214.000","5","Terjual 2","Kota Jakarta Pusat","KlikGadget Flagship Store"
"1777284575-799","https://www.blibli.com/cari/laptop%20advan?brand=Advan&sort=0&category=LA-1000004&category=LA-1000005&intent=false&firstLoad=false&page=8&start=280","ADVAN LAPTOP Workplus AMD RYZEN 5 6600H 16GB 512 SSD 14'FHD Win 11","8.499.000","5","Terjual 2","Kota Jakarta Pusat","FLIXX.ID Flagship Store"
"1777284575-800","https://www.blibli.com/cari/laptop%20advan?brand=Advan&sort=0&category=LA-1000004&category=LA-1000005&intent=false&firstLoad=false&page=8&start=280","Advan Soulmate Plus","2.299.000","","","","Kab. Brebes"
"1777284575-801","https://www.blibli.com/cari/laptop%20advan?brand=Advan&sort=0&category=LA-1000004&category=LA-1000005&intent=false&firstLoad=false&page=8&start=280","ADVAN Laptop 2 In 1 360 GO Ryzen 3 3200U 8GB 256GB WIN11","5.393.601","","","Kota Bandung","Up To Date Computer Flagship Store"
"1777284575-802","https://www.blibli.com/cari/laptop%20advan?brand=Advan&sort=0&category=LA-1000004&category=LA-1000005&intent=false&firstLoad=false&page=8&start=280","ADVAN Laptop Workplus AMD RYZEN 5 6600H 14'' FHD IPS 16GB 512GB Win 11","7.850.000","","","Kota Yogyakarta","Wisno Grahakom Flagship Store"
"1777284575-803","https://www.blibli.com/cari/laptop%20advan?brand=Advan&sort=0&category=LA-1000004&category=LA-1000005&intent=false&firstLoad=false&page=8&start=280","ADVAN WORK PLUS R5","7.750.000","","","","Kota Semarang"
"1777284575-804","https://www.blibli.com/cari/laptop%20advan?brand=Advan&sort=0&category=LA-1000004&category=LA-1000005&intent=false&firstLoad=false&page=8&start=280","Advan soulmate 4/128 harga terjangkau","2.500.000","","Terjual 24","","Kota Semarang"
"1777284575-805","https://www.blibli.com/cari/laptop%20advan?brand=Advan&sort=0&category=LA-1000004&category=LA-1000005&intent=false&firstLoad=false&page=8&start=280","ADVAN X360 | i3-1115G4 8GB 256GB FHD IPS TOUCH [WIN11 HOME]-1Y","6.199.000","","","","Kota Semarang"
"1777284575-806","https://www.blibli.com/cari/laptop%20advan?brand=Advan&sort=0&category=LA-1000004&category=LA-1000005&intent=false&firstLoad=false&page=8&start=280","ADVAN Soulmate X2 [AMD 3020e 8GB 128GB Win11 - tanpa office]","3.900.000","","","","Kota Bandung"
"1777284575-807","https://www.blibli.com/cari/laptop%20advan?brand=Advan&sort=0&category=LA-1000004&category=LA-1000005&intent=false&firstLoad=false&page=8&start=280","ADVAN Workpro i5-1035G7 8GB 256GB SSD FHD IPS W11 GREY","5.199.000","","","","Kota Palembang"
"1777284575-808","https://www.blibli.com/cari/laptop%20advan?brand=Advan&sort=0&category=LA-1000004&category=LA-1000005&intent=false&firstLoad=false&page=8&start=280","Advan AI Gen [Intel Ultra 5-125H 16GB 512GB Windows 11]","10.299.000","","","","Kota Bandung"
"1777284575-809","https://www.blibli.com/cari/laptop%20advan?brand=Advan&sort=0&category=LA-1000004&category=LA-1000005&intent=false&firstLoad=false&page=8&start=280","ADVAN W7-85S i7-1280P 8GB 512GB INTEL IRIS XE WINDOWS 11 HOME, 14” FHD IPS","11.699.000","","","","Kota Tangerang"
"1777284575-810","https://www.blibli.com/cari/laptop%20advan?brand=Advan&sort=0&category=LA-1000004&category=LA-1000005&intent=false&firstLoad=false&page=8&start=280","Advan Laptop TBOOK X TRANSFORMER 14 inch Intel N100 4GB / 128GB Free Windows 11","4.173.000","","","","Kota Semarang"
"1777284575-811","https://www.blibli.com/cari/laptop%20advan?brand=Advan&sort=0&category=LA-1000004&category=LA-1000005&intent=false&firstLoad=false&page=8&start=280","ADVAN X360 STYLUS PRO I3-1215U RAM 8GB | SSD 256GB | 14"" FHD IPS TOUCHSCREEN | FREE STYLUS PEN","6.600.000","","","","Kota Cirebon"
"1777284575-812","https://www.blibli.com/cari/laptop%20advan?brand=Advan&sort=0&category=LA-1000004&category=LA-1000005&intent=false&firstLoad=false&page=8&start=280","ADVAN W3-85S INTEL CORE i3-1220P 8GB 512GB SSD WINDOWS 11 HOME, 14” FHD IPS","6.899.000","","","","Kota Tangerang"
"1777284575-813","https://www.blibli.com/cari/laptop%20advan?brand=Advan&sort=0&category=LA-1000004&category=LA-1000005&intent=false&firstLoad=false&page=8&start=280","ADVAN W5-15S i5-1235U 16GB 512GB WINDOWS 11 HOME, 14” FHD IPS","8.499.000","","","","Kota Tangerang"
"1777284575-814","https://www.blibli.com/cari/laptop%20advan?brand=Advan&sort=0&category=LA-1000004&category=LA-1000005&intent=false&firstLoad=false&page=8&start=280","ADVAN 360° STYLUS PRO (INTEL CORE I3 - 1215U ALDER LAKE U/8GB DDR4 3200MT /256GB PCIE 3.0 SSD UPGRADABLE M.2 SLOT/360° ROTATION ANGLE/STYLUS/14"" INCH)","6.735.000","","","","Kota Semarang"
"1777284575-815","https://www.blibli.com/cari/laptop%20advan?brand=Advan&sort=0&category=LA-1000004&category=LA-1000005&intent=false&firstLoad=false&page=8&start=280","Advan 360 Stylus Intel Core i3 -1115G4 8GB 256 14.1"" Touch W11","6.299.000","","","","Kota Semarang"
"1777284575-816","https://www.blibli.com/cari/laptop%20advan?brand=Advan&sort=0&category=LA-1000004&category=LA-1000005&intent=false&firstLoad=false&page=8&start=280","ADVAN Laptop 2 In 1 360 GO Ryzen 3 3200U 8GB 256GB WIN11","5.393.601","","","Kota Bandung","Up To Shop Flagship Store"
"1777284575-817","https://www.blibli.com/cari/laptop%20advan?brand=Advan&sort=0&category=LA-1000004&category=LA-1000005&intent=false&firstLoad=false&page=8&start=280","Advan Laptop AI Gen RAM 16GB 512GB Notebook Intel Core Ultra 5 125H IPS Windows 11 New Original Garansi Resmi","9.609.000","","","Kota Bekasi & kota lainnya","CA Shop Flagship Store"
"1777284575-818","https://www.blibli.com/cari/laptop%20advan?brand=Advan&sort=0&category=LA-1000004&category=LA-1000005&intent=false&firstLoad=false&page=8&start=280","ADVAN T3-0805S i3-1215U 8GB 512GB WINDOWS 11 HOME, 14” TOUCHSCREEN IPS 2K (360° FLIP)","3.899.000","","","","Kota Tangerang"
"1777284575-819","https://www.blibli.com/cari/laptop%20advan?brand=Advan&sort=0&category=LA-1000004&category=LA-1000005&intent=false&firstLoad=false&page=8&start=280","Advan WorkPlus Heritage Ryzen 5 7535HS 8GB 512 GB W11 14""WUXGA","6.324.000","","","","Kota Surabaya"
"1777284575-820","https://www.blibli.com/cari/laptop%20advan?brand=Advan&sort=0&category=LA-1000004&category=LA-1000005&intent=false&firstLoad=false&page=8&start=280","ADVAN R7-1610S AMD RYZEN 7 7735HS 16GB 1TB RADEON RX 680M WINDOWS 11 HOME, 14” IPS","11.699.000","","","","Kota Tangerang"
"1777284575-821","https://www.blibli.com/cari/laptop%20advan?brand=Advan&sort=0&category=LA-1000004&category=LA-1000005&intent=false&firstLoad=false&page=8&start=280","ADVAN LAPTOP WORK PRO CORE i5-1035G7 8GB 512 SSD 14""FHD WIN 11 Home","6.499.000","5","Terjual 4","Kota Jakarta Pusat","FLIXX.ID Flagship Store"
"1777284575-822","https://www.blibli.com/cari/laptop%20advan?brand=Advan&sort=0&category=LA-1000004&category=LA-1000005&intent=false&firstLoad=false&page=8&start=280","Advan Laptop WorkPlus Ryzen 7 - Laptop Ryzen 7 7735HS RAM 16GB SSD 512GB AMD Radeon Graphics 14"" FHD","9.046.000","","","Kota Jakarta Pusat","Enter Komputer Flagship Store"
"1777284575-823","https://www.blibli.com/cari/laptop%20advan?brand=Advan&sort=0&category=LA-1000004&category=LA-1000005&intent=false&firstLoad=false&page=8&start=280","ADVAN Laptop Workplus Heritage Ryzen 5 7535HS | Batik Megamendung | 14"" IPS Full HD Plus | Windows 11 | Garansi Resmi 1 Tahun","8.099.000","5","Terjual 5","Kab. Tangerang","Advan Laptop Flagship Store"
"1777284575-824","https://www.blibli.com/cari/laptop%20advan?brand=Advan&sort=0&category=LA-1000004&category=LA-1000005&intent=false&firstLoad=false&page=8&start=280","ADVAN Laptop AI Gen Ultra With Ai 14'' Intel Core Ultra 5 125H 16GB 512 GB IPS 100% sRGB Windows 11 - Garansi Resmi 1 Tahun","10.299.000","","","Kab. Tangerang","Advan Laptop Flagship Store"
"1777284575-825","https://www.blibli.com/cari/laptop%20advan?brand=Advan&sort=0&category=LA-1000004&category=LA-1000005&intent=false&firstLoad=false&page=8&start=280","ADVAN Laptop WorkMate | AMD Ryzen 5 3500U | 14 Inch FHD+ 16:10 IPS | 8GB/256GB Upgradable | WIFI 5 | WIndows 11","6.199.000","5","Terjual 5","Kab. Tangerang","Advan Laptop Flagship Store"
"1777284575-826","https://www.blibli.com/cari/laptop%20advan?brand=Advan&sort=0&category=LA-1000004&category=LA-1000005&intent=false&firstLoad=false&page=8&start=280","ADVAN LAPTOP WorkMate | AMD Ryzen 5 3500U14 Inch FHD+ 16:10 IPS | 8GB/256GB Upgradable | free tas","5.659.000","","Terjual 1","Kota Jakarta Pusat","Satria Baja Hitam Flagship Store"
"1777284575-827","https://www.blibli.com/cari/laptop%20advan?brand=Advan&sort=0&category=LA-1000004&category=LA-1000005&intent=false&firstLoad=false&page=8&start=280","Advan Laptop TBOOK X Transformer, Intel N100 14 Inch 4/128GB & 8/384GB | Garansi Resmi Advan Indonesia 1 Tahun","4.054.000","","","Kota Tangerang","Evogad Flagship Store"
"1777284575-828","https://www.blibli.com/cari/laptop%20advan?brand=Advan&sort=0&category=LA-1000004&category=LA-1000005&intent=false&firstLoad=false&page=8&start=280","ADVAN Laptop Workplus Heritage Ryzen 5 7535HS | 8GB - 16GB / 512GB | 14"" IPS Full HD Plus WUXGA 1920x1200 Display 16:10 | Garansi Resmi 1 Tahun","8.099.000","2","Terjual 3","Kab. Tangerang","Advan Laptop Flagship Store"
"1777284575-829","https://www.blibli.com/cari/laptop%20advan?brand=Advan&sort=0&category=LA-1000004&category=LA-1000005&intent=false&firstLoad=false&page=8&start=280","ADVAN Laptop 2 in 1 Evo-X 16 Intel i3-1215U 12GB RAM 512GB SSD 2K IPS Free Stylus + Keyboard","7.560.000","5","Terjual 32","Kota Semarang","Alyosha Semarang Flagship Store"
"1777284575-830","https://www.blibli.com/cari/laptop%20advan?brand=Advan&sort=0&category=LA-1000004&category=LA-1000005&intent=false&firstLoad=false&page=8&start=280","ADVAN Laptop 360 Stylus PRO Intel Core i3-1215U/8GB/256GB SSD/Intel UHD/WIN 11/14"" FHD IPS Touch (16:10)/Stylus","6.409.000","","Terjual 1","Kota Bandung","Funan Van Java Flagship Store"
"1777284575-831","https://www.blibli.com/cari/laptop%20advan?brand=Advan&sort=0&category=LA-1000004&category=LA-1000005&intent=false&firstLoad=false&page=8&start=280","ADVAN Laptop Pixwar AMD Ryzen 7 6800H 16GB 512GB 15,6"" FHD 58Wh WiFi 6 Dual Cooling Fan Lightweight Sleek Design Windows 11 [PIXWAR R7 TOSCA]","8.410.303","","","Kota Surabaya","Grosiria Flagship Store"
"1777284575-832","https://www.blibli.com/cari/laptop%20advan?brand=Advan&sort=0&category=LA-1000004&category=LA-1000005&intent=false&firstLoad=false&page=8&start=280","ADVAN Workmate Ultra Intel Ultra 5 115U With AI Boost NPU 8GB/256GB 14"" FHD IPS Laptop Notebook Windows 11","7.859.000","","","Kota Jakarta Pusat","Satria Baja Hitam Flagship Store"
"1777284575-833","https://www.blibli.com/cari/laptop%20advan?brand=Advan&sort=0&category=LA-1000004&category=LA-1000005&intent=false&firstLoad=false&page=8&start=280","ADVAN Workmate Ultra Intel Ultra 5 115U Laptop Notebook Free Windows 11With AI Boost NPU 8GB/256GB 14"" inch FHD+ 16:10 IPS","8.099.000","","","Kota Bandung","Funan Van Java Flagship Store"
"1777284575-834","https://www.blibli.com/cari/laptop%20advan?brand=Advan&sort=0&category=LA-1000004&category=LA-1000005&intent=false&firstLoad=false&page=8&start=280","Advan Workmate R5 3500U FHD+ RAM 8GB SSD 256GB Laptop 14 inch","4.998.000","","","Kota Jakarta Pusat","Super Gadget Flagship Store"
"1777284575-835","https://www.blibli.com/cari/laptop%20advan?brand=Advan&sort=0&category=LA-1000004&category=LA-1000005&intent=false&firstLoad=false&page=8&start=280","NOTEBOOK ADVAN Soulmate N4020 4GB 128GB 14"" W11","2.500.000","","","","Kota Surabaya"
"1777284575-836","https://www.blibli.com/cari/laptop%20advan?brand=Advan&sort=0&category=LA-1000004&category=LA-1000005&intent=false&firstLoad=false&page=8&start=280","Advan WorkPro Lite L24C-I5AD2 Grey i5 1235U Win11","7.219.000","","","Kota Malang & kota lainnya","JOE LAPTOP Flagship Store"
"1777284575-837","https://www.blibli.com/cari/laptop%20advan?brand=Advan&sort=0&category=LA-1000004&category=LA-1000005&intent=false&firstLoad=false&page=8&start=280","Advan Pixwar T L25A-R76S1 Cyan Ryzen 7 6800H Win11","9.529.000","","","Kota Surabaya","JOE LAPTOP Flagship Store"
"1777284575-838","https://www.blibli.com/cari/laptop%20advan?brand=Advan&sort=0&category=LA-1000004&category=LA-1000005&intent=false&firstLoad=false&page=8&start=280","Advan Tab A10 WIFI 4GB/64GB 10.1'' IPS Screen Tablet 5000mAh Andorid 14 - Garansi Resmi 1 Tahun","1.499.000","","Terjual 3","Kab. Tangerang","Advan Laptop Flagship Store"
"1777284575-839","https://www.blibli.com/cari/laptop%20advan?brand=Advan&sort=0&category=LA-1000004&category=LA-1000005&intent=false&firstLoad=false&page=8&start=280","Advan Workmate Blue Ultra 5 115U Win11","8.019.000","","","Kota Malang & kota lainnya","JOE LAPTOP Flagship Store"
"1777284575-840","https://www.blibli.com/cari/laptop%20advan?brand=Advan&sort=0&category=LA-1000004&category=LA-1000005&intent=false&firstLoad=false&page=8&start=280","Advan WorkPro Lite i5-12450H | 8GB RAM | 256GB SSD | 14"" FHD IPS | Windows 11 | Laptop Kerja & Kuliah","6.740.000","","","Kota Jakarta Pusat","KlikGadget Flagship Store"
"1777284575-841","https://www.blibli.com/cari/laptop%20advan?brand=Advan&sort=0&category=LA-1000004&category=LA-1000005&intent=false&firstLoad=false&page=8&start=280","ADVAN TBOOK 2 Grey 8GB/128GB Intel N100","3.599.000","","","Kota Surabaya","Mobile Phone Shop - Laptop Flagship Store"
"1777284575-842","https://www.blibli.com/cari/laptop%20advan?brand=Advan&sort=0&category=LA-1000004&category=LA-1000005&intent=false&firstLoad=false&page=8&start=280","ADVAN Soulmate X2 AMD Athlon 3020e 8/128","4.099.000","","Terjual 1","Kota Surabaya","Mobile Phone Shop - Laptop Flagship Store"
"1777284575-843","https://www.blibli.com/cari/laptop%20advan?brand=Advan&sort=0&category=LA-1000004&category=LA-1000005&intent=false&firstLoad=false&page=8&start=280","ADVAN Workplus Heritage 8GB/512GB AMD Ryzen 5","7.499.000","","","Kota Surabaya","Mobile Phone Shop - Laptop Flagship Store"
"1777284575-844","https://www.blibli.com/cari/laptop%20advan?brand=Advan&sort=0&category=LA-1000004&category=LA-1000005&intent=false&firstLoad=false&page=8&start=280","ADVAN TBOOK 4GB/128GB Intel N100","3.299.000","","","Kota Surabaya","Mobile Phone Shop - Laptop Flagship Store"
"1777284575-845","https://www.blibli.com/cari/laptop%20advan?brand=Advan&sort=0&category=LA-1000004&category=LA-1000005&intent=false&firstLoad=false&page=8&start=280","ADVAN TBOOK Transformers 4GB/128GB","3.399.000","5","Terjual 1","Kota Surabaya","Mobile Phone Shop - Laptop Flagship Store"
"1777284575-846","https://www.blibli.com/cari/laptop%20advan?brand=Advan&sort=0&category=LA-1000004&category=LA-1000005&intent=false&firstLoad=false&page=8&start=280","Advan Workmate Ultra 5 115U 8gb ram 256gb SSD 14"" IPS W11","7.761.000","5","Terjual 3","Kab. Sleman & kota lainnya","Alyosha Flagship Store"
"1777284575-847","https://www.blibli.com/cari/laptop%20advan?brand=Advan&sort=0&category=LA-1000004&category=LA-1000005&intent=false&firstLoad=false&page=8&start=280","ADVAN PIXWAR X Transformers AMD Ryzen 7 6800H 16GB 512GB 15.6"" TouchScreen Win11","9.599.000","","","Kota Bandung","Sakura Komputer Flagship Store"
"1777284575-848","https://www.blibli.com/cari/laptop%20advan?brand=Advan&sort=0&category=LA-1000004&category=LA-1000005&intent=false&firstLoad=false&page=8&start=280","Advan Workmate Ultra 5 115U 8gb ram 256gb SSD 14"" IPS W11","7.800.008","","","Kota Semarang","Alyosha Semarang Flagship Store"
"1777284575-849","https://www.blibli.com/cari/laptop%20advan?brand=Advan&sort=0&category=LA-1000004&category=LA-1000005&intent=false&firstLoad=false&page=8&start=280","ADVAN WORKMATE AMD RYZEN R5 3500U 8GB RAM 256GB SSD WINDOWS 11 FHD 14 INCH","8.490.501","","","Kota Medan","Agres ID Medan Flagship Store"
"1777284575-850","https://www.blibli.com/cari/laptop%20advan?brand=Advan&sort=0&category=LA-1000004&category=LA-1000005&intent=false&firstLoad=false&page=8&start=280","[PROMO] Advan Workmate Ultra 8GB 256GB Intel Ultra Windows New Original Garansi Resmi","7.939.000","","","Kota Bekasi & kota lainnya","CA Shop Flagship Store"
"1777284575-851","https://www.blibli.com/cari/laptop%20advan?brand=Advan&sort=0&category=LA-1000004&category=LA-1000005&intent=false&firstLoad=false&page=8&start=280","ADVAN Soulmate X AMD 3020e RAM16GB SSD256GB 14'' Fhd Ips Windows 11","3.349.000","5","Terjual 30","Kota Jakarta Pusat","SKYNET COMPUTER Flagship Store"
"1777284575-852","https://www.blibli.com/cari/laptop%20advan?brand=Advan&sort=0&category=LA-1000004&category=LA-1000005&intent=false&firstLoad=false&page=8&start=280","ADVAN Workmate Intel Core i3 1215u RAM16GB SSD1TB 14 FHD+ Wuxga Windows 11","5.749.000","5","Terjual 47","Kota Jakarta Pusat","SKYNET COMPUTER Flagship Store"
"1777284575-853","https://www.blibli.com/cari/laptop%20advan?brand=Advan&sort=0&category=LA-1000004&category=LA-1000005&intent=false&firstLoad=false&page=8&start=280","Advan Work Plus | AMD Ryzen 7-7735HS / 16GB / 512GB SSD / 14"" IPS / Windows 11 Home - Silver","8.900.000","","","Kota Surabaya","TECHNO COM Flagship Store"
"1777284575-854","https://www.blibli.com/cari/laptop%20advan?brand=Advan&sort=0&category=LA-1000004&category=LA-1000005&intent=false&firstLoad=false&page=8&start=280","[NEW LAUNCH] ADVAN Soulmate X | 14 Inch FHD | AMD 3020e | 4GB/128GB Upgradable | Slim & Elegant Design | FREE WINDOWS 11 Original","3.699.000","","Terjual 1","Kab. Tangerang","Advan Indonesia Flagship Store"
"1777284575-855","https://www.blibli.com/cari/laptop%20advan?brand=Advan&sort=0&category=LA-1000004&category=LA-1000005&intent=false&firstLoad=false&page=8&start=280","ADVAN Soulmate X2 AMD 3020e 8GB 128GB Win11","3.795.201","","","Kota Bandung","Up To Shop Flagship Store"
"1777284575-856","https://www.blibli.com/cari/laptop%20advan?brand=Advan&sort=0&category=LA-1000004&category=LA-1000005&intent=false&firstLoad=false&page=8&start=280","ADVAN Workplus AI AMD Ryzen 7 255 RAM16GB SSD1TB 14 FHD+ Ips Windows 11 Garansi Resmi 2 Tahun","9.699.000","5","Terjual 1","Kota Jakarta Pusat","SKYNET COMPUTER Flagship Store"
"1777284575-857","https://www.blibli.com/cari/laptop%20advan?brand=Advan&sort=0&category=LA-1000004&category=LA-1000005&intent=false&firstLoad=false&page=8&start=280","Advan Workplus AIR Ryzen 5-7535HS 16GB 512GB 14"" FHD Win11","9.099.000","","","Kota Surakarta (Solo)","Risc Computer Flagship Store"
"1777284575-858","https://www.blibli.com/cari/laptop%20advan?brand=Advan&sort=0&category=LA-1000004&category=LA-1000005&intent=false&firstLoad=false&page=8&start=280","ADVAN Workplus AMD RYZEN 5 6600H 8GB 512GB 14''inch Win 11 - 8GB/512","7.098.000","3","Terjual 1","Kota Jakarta Barat","CERIA PONSEL STORE Flagship Store"
"1777284575-859","https://www.blibli.com/cari/laptop%20advan?brand=Advan&sort=0&category=LA-1000004&category=LA-1000005&intent=false&firstLoad=false&page=8&start=280","Advan Workmate Ultra Ultra 5 115U with AI Boost NPU | 8GB RAM | 256GB SSD | 14"" FHD+ IPS | Windows 11 | 2 Tahun Garansi","7.742.000","","","Kota Jakarta Pusat","KlikGadget Flagship Store"
"1777284575-860","https://www.blibli.com/cari/laptop%20advan?brand=Advan&sort=0&category=LA-1000004&category=LA-1000005&intent=false&firstLoad=false&page=8&start=280","ADVAN Workmate Amd Ryzen 5 3500U RAM16GB SSD512GB 14 FHD+ IPS Windows 11","5.449.000","4,9","Terjual 52","Kota Jakarta Pusat","SKYNET COMPUTER Flagship Store"
"1777284575-861","https://www.blibli.com/cari/laptop%20advan?brand=Advan&sort=0&category=LA-1000004&category=LA-1000005&intent=false&firstLoad=false&page=8&start=280","Advan 360 GO L26A-R33S1 Ryzen 3 3200U 8GB 256GB W11 Grey","5.799.000","","","Kota Denpasar","Blessing Computer Flagship Store"
"1777284575-862","https://www.blibli.com/cari/laptop%20advan?brand=Advan&sort=0&category=LA-1000004&category=LA-1000005&intent=false&firstLoad=false&page=8&start=280","ADVAN Workplus R7 [Ryzen 7-7735HS 16GB 512GB 14""FHD IPS Radeon 680M Windows11 1 Year] | Pegacare+","9.115.000","","","Kota Yogyakarta","Pegastore.id Flagship Store"
"1777284575-863","https://www.blibli.com/cari/laptop%20advan?brand=Advan&sort=0&category=LA-1000004&category=LA-1000005&intent=false&firstLoad=false&page=8&start=280","Laptop ADVAN Intel","25.850.000","5","Terjual 37","Kota Bandung","Funan Van Java Flagship Store"
"1777284575-864","https://www.blibli.com/cari/laptop%20advan?brand=Advan&sort=0&category=LA-1000004&category=LA-1000005&intent=false&firstLoad=false&page=8&start=280","Laptop Advan Work Pro Lite L24C-I3AD1 FHD / Core i3 Gen12 / RAM 8GB / 256GB SSD / WIN11 HOME","4.450.000","","Terjual 2","Kota Tangerang Selatan","Paradisestore.id Flagship Store"
"1777284575-865","https://www.blibli.com/cari/laptop%20advan?brand=Advan&sort=0&category=LA-1000004&category=LA-1000005&intent=false&firstLoad=false&page=8&start=280","Laptop Advan WorkPlus Ryzen 7 7735HS - AMD Ryzen 7-7735HS/16GB LPDDR5 (OB)/512GB SSD/AMD Radeon/WIN 11/14"" FHD (16:10)/Fingerprint","8.699.000","","","Kota Bandung","Funan Van Java Flagship Store"
"1777284575-866","https://www.blibli.com/cari/laptop%20advan?brand=Advan&sort=0&category=LA-1000004&category=LA-1000005&intent=false&firstLoad=false&page=8&start=280","Advan Laptop 2 in 1 ADVAN EVO-X 13 Intel N150/12GB LPDDR5/512GB SSD/Intel UHD/WIN 11/13"" 2.5K Touch/2.4G/5G WiFi/Metal Body/5000mAh/Stylus+Keyboard","6.399.000","5","Terjual 1","Kota Bandung","Funan Van Java Flagship Store"
"1777284575-867","https://www.blibli.com/cari/laptop%20advan?brand=Advan&sort=0&category=LA-1000004&category=LA-1000005&intent=false&firstLoad=false&page=8&start=280","ADVAN Workpro Intel Core i5-12450H 14"" FHD IPS 8GB/512GB Laptop Notebook Windows 11 Upgradeable","7.399.000","","Terjual 1","Kota Bandung","Funan Van Java Flagship Store"
"1777284575-868","https://www.blibli.com/cari/laptop%20advan?brand=Advan&sort=0&category=LA-1000004&category=LA-1000005&intent=false&firstLoad=false&page=8&start=280","LAPTOP ADVAN WORKPLUS | I5-1235U 16/512 UHD 14"" FHD W11","7.799.000","","","","Kota Surabaya"
"1777284575-869","https://www.blibli.com/cari/laptop%20advan?brand=Advan&sort=0&category=LA-1000004&category=LA-1000005&intent=false&firstLoad=false&page=8&start=280","ADVAN 360 Pro Stylus AMD Ryzen 5 7430U [ 8GB DDR4 (Upgrade)/512GB SSD (Upgrade)/AMD Radeon/WIN 11/14"" FHD IPS Touch (16:10)/Stylus ]","6.929.000","4","Terjual 1","Kota Bandung","Funan Van Java Flagship Store"
"1777284575-870","https://www.blibli.com/cari/laptop%20advan?brand=Advan&sort=0&category=LA-1000004&category=LA-1000005&intent=false&firstLoad=false&page=8&start=280","ADVAN Pixwar Touchscreen AMD Ryzen 7-8745HS/16GB LPDDR5/512GB SSD (Upgrade)/AMD Radeon 680M/WIN 11/2y/15.6"" FHD IPS 45% NTSC Touchscreen/Backlit/Wifi","10.099.000","","","Kota Bandung","Funan Van Java Flagship Store"
"1777284575-871","https://www.blibli.com/cari/laptop%20advan?brand=Advan&sort=0&category=LA-1000004&category=LA-1000005&intent=false&firstLoad=false&page=8&start=280","ADVAN LAPTOP S7-110S i7-1255U 16GB 1TB 14""FHD Win 11 Home","18.249.041","","","","Kota Jakarta Pusat"
"1777284575-872","https://www.blibli.com/cari/laptop%20advan?brand=Advan&sort=0&category=LA-1000004&category=LA-1000005&intent=false&firstLoad=false&page=8&start=280","NOTEBOOK ADVAN SOULMATE 1405 N4020 4GB 128GB WIN11 BLACK","10.000.000","","","","Kab. Bekasi & kota lainnya"
"1777284575-873","https://www.blibli.com/cari/laptop%20advan?brand=Advan&sort=0&category=LA-1000004&category=LA-1000005&intent=false&firstLoad=false&page=8&start=280","NOTEBOOK ADVAN WORKPRO 1701 i5-1035G7 8GB 256GB WIN11 GREY","10.000.000","","","","Kab. Bekasi & kota lainnya"
"1777284575-874","https://www.blibli.com/cari/laptop%20advan?brand=Advan&sort=0&category=LA-1000004&category=LA-1000005&intent=false&firstLoad=false&page=8&start=280","NOTEBOOK ADVAN PIXELWAR R5-6600H RX6500M 16GB 512GB WIN11 GREY","10.000.000","","","","Kab. Bekasi & kota lainnya"
"1777284575-875","https://www.blibli.com/cari/laptop%20advan?brand=Advan&sort=0&category=LA-1000004&category=LA-1000005&intent=false&firstLoad=false&page=8&start=280","NOTEBOOK ADVAN SOULMATE 1405 N4020 4GB 128GB WIN11 2SLOT GREY","10.000.000","","","","Kab. Bekasi & kota lainnya"
"1777284575-876","https://www.blibli.com/cari/laptop%20advan?brand=Advan&sort=0&category=LA-1000004&category=LA-1000005&intent=false&firstLoad=false&page=8&start=280","NOTEBOOK ADVAN SOULMATE 1405 N4020 4GB 128GB WIN11 2SLOT BLUE","10.000.000","","","","Kab. Bekasi & kota lainnya"
"1777284575-877","https://www.blibli.com/cari/laptop%20advan?brand=Advan&sort=0&category=LA-1000004&category=LA-1000005&intent=false&firstLoad=false&page=8&start=280","NOTEBOOK ADVAN WORKPLUS HR59S05A R5-6600H 16GB 512GB WIN11 SILVER","10.000.000","","","","Kab. Bekasi & kota lainnya"
"1777284575-878","https://www.blibli.com/cari/laptop%20advan?brand=Advan&sort=0&category=LA-1000004&category=LA-1000005&intent=false&firstLoad=false&page=8&start=280","Akan hadir","","5","Terjual 1","","Kab. Banyumas"
"1777284575-879","https://www.blibli.com/cari/laptop%20advan?brand=Advan&sort=0&category=LA-1000004&category=LA-1000005&intent=false&firstLoad=false&page=8&start=280","Akan hadir","","","","","Kota Surabaya"
"1777284575-880","https://www.blibli.com/cari/laptop%20advan?brand=Advan&sort=0&category=LA-1000004&category=LA-1000005&intent=false&firstLoad=false&page=8&start=280","[TURUN HARGA] Laptop ADVAN TBook Celeron N100 Intel N100 4Gb/128GB (Upgradabe) 14"" HD Free Windows 11 Garansi Resmi 1 Tahun","3.199.000","5","Terjual 75","Kab. Tangerang","Advan Laptop Flagship Store"
"1777284575-881","https://www.blibli.com/cari/laptop%20advan?brand=Advan&sort=0&category=LA-1000004&category=LA-1000005&intent=false&firstLoad=false&page=8&start=280","ADVAN Laptop Workplus AMD RYZEN 5 6600H 14'' FHD IPS 16GB 512GB Win 11","6.999.000","4,9","Terjual 40","Kab. Tangerang","Advan Indonesia Flagship Store"
"1777284575-882","https://www.blibli.com/cari/laptop%20advan?brand=Advan&sort=0&category=LA-1000004&category=LA-1000005&intent=false&firstLoad=false&page=8&start=280","Laptop ADVAN Notebook Laptop Workpro Intel I5 14” FHD IPS 8GB 256GB Win 11","5.070.000","","Terjual 1","Kota Bandung","Mediatouch Computer Flagship Store"
"1777284575-883","https://www.blibli.com/cari/laptop%20advan?brand=Advan&sort=0&category=LA-1000004&category=LA-1000005&intent=false&firstLoad=false&page=8&start=280","[TURUN HARGA] Laptop ADVAN TBook Celeron N100 Intel N100 4Gb/128GB (Upgradabe) 14"" HD Free Windows 11 Garansi Resmi 1 Tahun","3.199.000","5","Terjual 21","Kab. Tangerang","Advan Indonesia Flagship Store"
"1777284575-884","https://www.blibli.com/cari/laptop%20advan?brand=Advan&sort=0&category=LA-1000004&category=LA-1000005&intent=false&firstLoad=false&page=8&start=280","Laptop Advan Soulmate Celeron N4020 4GB/128GB","2.450.000","","","Kota Bandung","Mediatouch Computer Flagship Store"
"1777284575-885","https://www.blibli.com/cari/laptop%20advan?brand=Advan&sort=0&category=LA-1000004&category=LA-1000005&intent=false&firstLoad=false&page=8&start=280","Laptop Advan Workplus RAM 16GB 512GB Notebook Ryzen 5 Win 11 Resmi","8.259.000","5","Terjual 1","Kota Bekasi","CA Shop Flagship Store"
"1777284575-886","https://www.blibli.com/cari/laptop%20advan?brand=Advan&sort=0&category=LA-1000004&category=LA-1000005&intent=false&firstLoad=false&page=8&start=280","Laptop Advan Laptop WorkPlus Ryzen 5 - AMD Ryzen 5 6600H RAM 16GB SSD 512GB AMD Graphics 14 Inch FHD Win 11","7.446.000","","","Kota Jakarta Pusat","Enter Komputer Flagship Store"
"1777284575-887","https://www.blibli.com/cari/laptop%20advan?brand=Advan&sort=0&category=LA-1000004&category=LA-1000005&intent=false&firstLoad=false&page=8&start=280","Laptop Advan Pixwar 16GB 512GB Notebook Ryzen 7 Windows 11 Gaming New Original Garansi Resmi","8.659.000","","","Kota Bekasi","CA Shop Flagship Store"
"1777284575-888","https://www.blibli.com/cari/laptop%20advan?brand=Advan&sort=0&category=LA-1000004&category=LA-1000005&intent=false&firstLoad=false&page=8&start=280","Laptop Advan Workpro Lite 8GB 256GB Notebook Intel i5 Windows 11 New Original Garansi Resmi","5.639.000","","","Kota Bekasi","CA Shop Flagship Store"
"1777284575-889","https://www.blibli.com/cari/laptop%20advan?brand=Advan&sort=0&category=LA-1000004&category=LA-1000005&intent=false&firstLoad=false&page=8&start=280","Laptop Advan Workplus RAM 24GB 512GB Notebook Intel i5 Windows 11 New Original Garansi Resmi","7.519.000","","Terjual 2","Kota Bekasi","CA Shop Flagship Store"
"1777284575-890","https://www.blibli.com/cari/laptop%20advan?brand=Advan&sort=0&category=LA-1000004&category=LA-1000005&intent=false&firstLoad=false&page=8&start=280","LAPTOP ADVAN TBOOK INTEL N100 8GB 384GB SSD 14INCH HD WINDOWS 11","3.295.701","","","Kota Palembang","MDP SUPERSTORE Flagship Store"
"1777284575-891","https://www.blibli.com/cari/laptop%20advan?brand=Advan&sort=0&category=LA-1000004&category=LA-1000005&intent=false&firstLoad=false&page=8&start=280","Laptop Advan T-Book 1405 Intel N100 / Ram 8GB / 128GB eMMC / Win11 Home","3.178.000","","Terjual 1","Kota Jakarta Barat","Paradisestore.id Flagship Store"
"1777284575-892","https://www.blibli.com/cari/laptop%20advan?brand=Advan&sort=0&category=LA-1000004&category=LA-1000005&intent=false&firstLoad=false&page=8&start=280","Laptop Advan PIXWAR X TRANSFORMERS 16GB 512GB Notebook Ryzen 7 Windows 11 Gaming New Original Garansi Resmi","8.489.000","","Terjual 1","Kota Bekasi","CA Shop Flagship Store"
"1777284575-893","https://www.blibli.com/cari/laptop%20advan?brand=Advan&sort=0&category=LA-1000004&category=LA-1000005&intent=false&firstLoad=false&page=8&start=280","Laptop Advan Workpro Lite 8GB 256GB Notebook Intel i3 Windows 11 New Original Garansi Resmi","4.439.000","","","Kota Bekasi","CA Shop Flagship Store"
"1777284575-894","https://www.blibli.com/cari/laptop%20advan?brand=Advan&sort=0&category=LA-1000004&category=LA-1000005&intent=false&firstLoad=false&page=8&start=280","Laptop Advan 360 Stylus Pro Ryzen Sketsa Notebook Flip 2in1 Tablet Touch New Original Garansi Resmi","6.899.000","","","Kota Bekasi","CA Shop Flagship Store"
"1777284575-895","https://www.blibli.com/cari/laptop%20advan?brand=Advan&sort=0&category=LA-1000004&category=LA-1000005&intent=false&firstLoad=false&page=8&start=280","Laptop Advan Workplus x Darbotz RAM 16GB 512GB Notebook Ryzen 7 Windows 11 New Original Garansi Resmi","8.669.000","","","Kota Bekasi","CA Shop Flagship Store"
"1777284575-896","https://www.blibli.com/cari/laptop%20advan?brand=Advan&sort=0&category=LA-1000004&category=LA-1000005&intent=false&firstLoad=false&page=8&start=280","LAPTOP ADVAN 2 IN 1 EVO-X GREY INTEL N150 12GB 512GB SSD WIN 11 HOME TOUCH 3K 100% SRGB","6.176.000","","","Kota Surabaya","ExpoComp Flagship Store"
"1777284575-897","https://www.blibli.com/cari/laptop%20advan?brand=Advan&sort=0&category=LA-1000004&category=LA-1000005&intent=false&firstLoad=false&page=8&start=280","LAPTOP ADVAN 2 IN 1 EVO-X GREY N100 12GB 512GB WIN 11 13 INCH IPS 100% SRGB INCLUDE PEN TOUCH","5.811.000","","","Kota Surabaya","ExpoComp Flagship Store"
"1777284575-898","https://www.blibli.com/cari/laptop%20advan?brand=Advan&sort=0&category=LA-1000004&category=LA-1000005&intent=false&firstLoad=false&page=8&start=280","Laptop Advan Workpro RAM 8GB 256GB SSD Notebook 14"" IPS Intel i5 Windows 11 New Original Garansi Resmi","4.689.000","","Terjual 6","Kota Bekasi","CA Shop Flagship Store"
"1777284575-899","https://www.blibli.com/cari/laptop%20advan?brand=Advan&sort=0&category=LA-1000004&category=LA-1000005&intent=false&firstLoad=false&page=8&start=280","LAPTOP ADVAN AI GEN Gen L24A-U5MT1 GREY ULTRA 5-125H 16GB 512GB WIN 11, Tipe BUNDLE DELUXE","8.999.000","","","Kota Surabaya","ExpoComp Flagship Store"
"1777284575-900","https://www.blibli.com/cari/laptop%20advan?brand=Advan&sort=0&category=LA-1000004&category=LA-1000005&intent=false&firstLoad=false&page=8&start=280","Laptop Advan Workplus 1701 - H1-I5AD2 FHD+ 16:10 / RAM 24GB / 512GB SSD / WIN11 HOME","7.188.000","","","Kota Jakarta Barat","Paradisestore.id Flagship Store"
"1777284575-901","https://www.blibli.com/cari/laptop%20advan?brand=Advan&sort=0&category=LA-1000004&category=LA-1000005&intent=false&firstLoad=false&page=8&start=280","LAPTOP ADVAN WORK PRO LITE (GREY) : INTEL CORE I3 8/,256GB SSD 14""FHD DISPLAY WIN 11 HOME","4.594.401","","","Kota Palembang","MDP SUPERSTORE Flagship Store"
"1777284575-902","https://www.blibli.com/cari/laptop%20advan?brand=Advan&sort=0&category=LA-1000004&category=LA-1000005&intent=false&firstLoad=false&page=8&start=280","Laptop ADVAN Workplus AIR | AMD Ryzen 5 7535HS | 14 inch OLED Full HD + 1920x1200 | Ultra Slim 1,6cm & Light","9.199.000","","","Kota Surabaya","Sentraponsel"
"1777284575-903","https://www.blibli.com/cari/laptop%20advan?brand=Advan&sort=0&category=LA-1000004&category=LA-1000005&intent=false&firstLoad=false&page=8&start=280","LAPTOP ADVAN SOULMATE X (WHITE) : AMD 3020E,8GB DDR4 UPGRADEABLE ,128GB ,14"" FHD IPS,WIN 11HOME (+TAS)","3.645.351","","Terjual 1","Kota Palembang","MDP SUPERSTORE Flagship Store"
"1777284575-904","https://www.blibli.com/cari/laptop%20advan?brand=Advan&sort=0&category=LA-1000004&category=LA-1000005&intent=false&firstLoad=false&page=8&start=280","LAPTOP ADVAN HERITAGE AMD R5-7535HS 16GB/512GB SSD AMD RADEON GRAPHICS 660M 14"" WIN 11 (NO TAS)","6.792.201","","","Kota Palembang","MDP SUPERSTORE Flagship Store"
"1777284575-905","https://www.blibli.com/cari/laptop%20advan?brand=Advan&sort=0&category=LA-1000004&category=LA-1000005&intent=false&firstLoad=false&page=8&start=280","Laptop Advan Workplus 1701 HR59S05A 16:10 FHD+ IPS / AMD Ryzen 5 6600H / RAM 16GB / 512GB SSD / WIN11 HOME","6.748.000","5","Terjual 1","Kota Jakarta Barat","Paradisestore.id Flagship Store"
"1777284575-906","https://www.blibli.com/cari/laptop%20advan?brand=Advan&sort=0&category=LA-1000004&category=LA-1000005&intent=false&firstLoad=false&page=8&start=280","Laptop Advan 360 Stylus PRO L24F-I3AD1 FHD IPS Touch / Core i3 Gen12/ Ram 8GB / 512GB SSD / Win11 Home","6.487.000","","","Kota Jakarta Barat","Paradisestore.id Flagship Store"
"1777284575-907","https://www.blibli.com/cari/laptop%20advan?brand=Advan&sort=0&category=LA-1000004&category=LA-1000005&intent=false&firstLoad=false&page=8&start=280","ADVAN Laptop Notebook INTEL i3 14 inch FHD IPS 8GB+256GB WDS","5.250.990","","","Kab. Tangerang","Advan Laptop Flagship Store"
"1777284575-908","https://www.blibli.com/cari/laptop%20advan?brand=Advan&sort=0&category=LA-1000004&category=LA-1000005&intent=false&firstLoad=false&page=8&start=280","Advan Laptop WorkPro Lite - Core i3-1220P","5.017.000","","","Kota Jakarta Pusat","Enter Komputer Flagship Store"
"1777284575-909","https://www.blibli.com/cari/laptop%20advan?brand=Advan&sort=0&category=LA-1000004&category=LA-1000005&intent=false&firstLoad=false&page=8&start=280","Advan Laptop Soulmate Plus - Ryzen 5 3500U RAM 8GB","4.191.000","","","Kota Jakarta Pusat","Enter Komputer Flagship Store"
"1777284575-910","https://www.blibli.com/cari/laptop%20advan?brand=Advan&sort=0&category=LA-1000004&category=LA-1000005&intent=false&firstLoad=false&page=8&start=280","LAPTOP ADVAN EVO-X 16INCH 2IN1(METAL BODY) : INTEL CORE I3 12/,512GB NVME,2,5K DISPLAY IPS TOUCH SCREEN,WIN 11 HOME","7.191.801","","Terjual 1","Kota Palembang","MDP SUPERSTORE Flagship Store"
"1777284575-911","https://www.blibli.com/cari/laptop%20advan?brand=Advan&sort=0&category=LA-1000004&category=LA-1000005&intent=false&firstLoad=false&page=8&start=280","ADVAN Laptop Workpro i5-1035G7 8GB 256GB SSD 14""FHD IPS Win11","4.561.000","","","Kota Jakarta Barat","CERIA PONSEL STORE Flagship Store"
"1777284575-912","https://www.blibli.com/cari/laptop%20advan?brand=Advan&sort=0&category=LA-1000004&category=LA-1000005&intent=false&firstLoad=false&page=8&start=280","Advan Laptop Soulmate N4020 14 Inch Ram 4/128 Gb Garansi Resmi","2.300.000","5","Terjual 1","Kota Bandung","MetaCore Store Flagship Store"
"1777284575-913","https://www.blibli.com/cari/laptop%20advan?brand=Advan&sort=0&category=LA-1000004&category=LA-1000005&intent=false&firstLoad=false&page=8&start=280","ADVAN Laptop Workplus Intel i5 12600H 14'' FHD IPS 24GB 512GB Win 11","7.999.000","5","Terjual 5","Kab. Tangerang","Advan Indonesia Flagship Store"
"1777284575-914","https://www.blibli.com/cari/laptop%20advan?brand=Advan&sort=0&category=LA-1000004&category=LA-1000005&intent=false&firstLoad=false&page=8&start=280","Advan Laptop TBOOK X TRANSFORMER 14 inch Intel N100 4GB / 128GB Free Windows 11","3.299.000","5","Terjual 5","Kab. Tangerang","Advan Indonesia Flagship Store"
"1777284575-915","https://www.blibli.com/cari/laptop%20advan?brand=Advan&sort=0&category=LA-1000004&category=LA-1000005&intent=false&firstLoad=false&page=8&start=280","ADVAN LAPTOP WORKMATE 8/256GB GARANSI RESMI - PROMO","4.440.000","","","Kota Surabaya","CV INTOWN CELL INDONESIA Flagship Store"
"1777284575-916","https://www.blibli.com/cari/laptop%20advan?brand=Advan&sort=0&category=LA-1000004&category=LA-1000005&intent=false&firstLoad=false&page=8&start=280","ADVAN LAPTOP WORKMATE 8/256GB GARANSI RESMI - NEW","4.799.000","","","Kota Surabaya","CV INTOWN CELL INDONESIA Flagship Store"
"1777284575-917","https://www.blibli.com/cari/laptop%20advan?brand=Advan&sort=0&category=LA-1000004&category=LA-1000005&intent=false&firstLoad=false&page=8&start=280","Advan Laptop Soulmate [14/Intel Celeron N4020/4GB/SSD128GB/Win11/Bag]","2.949.000","","Terjual 3","Kota Jakarta Timur","Intel ID Flagship Store"
"1777284575-918","https://www.blibli.com/cari/laptop%20advan?brand=Advan&sort=0&category=LA-1000004&category=LA-1000005&intent=false&firstLoad=false&page=8&start=280","Advan Laptop Soulmate 4/128GB Intel N4020 Windows 11","2.298.000","","","Kota Jakarta Pusat","Sinar Cakrawala Flagship Store"
"1777284575-919","https://www.blibli.com/cari/laptop%20advan?brand=Advan&sort=0&category=LA-1000004&category=LA-1000005&intent=false&firstLoad=false&page=8&start=280","ADVAN Laptop Soulmate Intel Celeron N4020 4GB 128GB 14"" HD W11 Grey","2.319.606","","","Kota Surabaya","Grosiria Flagship Store"
"1777284575-920","https://www.blibli.com/cari/laptop%20advan?brand=Advan&sort=0&category=LA-1000004&category=LA-1000005&intent=false&firstLoad=false&page=8&start=280","ADVAN Laptop Soulmate Plus AMD Ryzen 5 3500U 8GB 256GB Free WIndows 11","4.299.000","","Terjual 3","Kab. Tangerang","Advan Indonesia Flagship Store"
"1777284575-921","https://www.blibli.com/cari/laptop%20advan?brand=Advan&sort=0&category=LA-1000004&category=LA-1000005&intent=false&firstLoad=false&page=8&start=280","[Free Mouse Wireless] Advan Laptop Soulmate 8GB/SSD128GB [14/Intel Celeron N4020/2x4GB/SSD128GB/Win11/Bag]","3.139.000","5","Terjual 6","Kota Jakarta Timur","Intel ID Flagship Store"
"1777284575-922","https://www.blibli.com/cari/laptop%20advan?brand=Advan&sort=0&category=LA-1000004&category=LA-1000005&intent=false&firstLoad=false&page=8&start=280","[EXTRA DISCOUNT] ADVAN Laptop Gaming Pixwar x Transformers AMD Ryzen 7 6800H 16GB/512GB Windows 11","8.699.000","","","Kab. Tangerang","Advan Laptop Flagship Store"
"1777284575-923","https://www.blibli.com/cari/laptop%20advan?brand=Advan&sort=0&category=LA-1000004&category=LA-1000005&intent=false&firstLoad=false&page=8&start=280","ADVAN LAPTOP SOULMATE X2 8/128GB GARANSI RESMI - PROMO","3.043.000","","","Kota Surabaya","CV INTOWN CELL INDONESIA Flagship Store"
"1777284575-924","https://www.blibli.com/cari/laptop%20advan?brand=Advan&sort=0&category=LA-1000004&category=LA-1000005&intent=false&firstLoad=false&page=8&start=280","ADVAN Laptop TBOOK Intel N100 8GB 128GB+256GB SSD 14'' HD W11 Grey","4.009.000","","","Kota Surabaya","Grosiria Flagship Store"
"1777284575-925","https://www.blibli.com/cari/laptop%20advan?brand=Advan&sort=0&category=LA-1000004&category=LA-1000005&intent=false&firstLoad=false&page=8&start=280","Advan Laptop Soulmate X AMD Athlon Silver 3020e 8GB 128GB 14"" FHD Windows 11","3.275.000","","Terjual 1","Kota Surabaya","Grosiria Flagship Store"
"1777284575-926","https://www.blibli.com/cari/laptop%20advan?brand=Advan&sort=0&category=LA-1000004&category=LA-1000005&intent=false&firstLoad=false&page=8&start=280","ADVAN Laptop 360 Stylush Pro Laptop 2 IN 1 Touchscreen Intel Core i3-1215U 8GB/256GB 14"" IPS FHD Win 11 Free Stylush Pen","6.899.000","5","Terjual 4","Kab. Tangerang","Advan Indonesia Flagship Store"
"1777284575-927","https://www.blibli.com/cari/laptop%20advan?brand=Advan&sort=0&category=LA-1000004&category=LA-1000005&intent=false&firstLoad=false&page=8&start=280","ADVAN Laptop Ai Gen Ryzen 7 8845HS AMD Ryzen AI 16GB 512GB Windows 11 HD716S05A","10.098.990","","Terjual 1","Kab. Tangerang","Advan Laptop Flagship Store"
"1777284575-928","https://www.blibli.com/cari/laptop%20advan?brand=Advan&sort=0&category=LA-1000004&category=LA-1000005&intent=false&firstLoad=false&page=8&start=280","ADVAN Laptop Soulmate Plus R5 3500U 8GB 256GB SSD 14"" HD W11 Grey AMD RADEON GRAPHICS","3.989.606","","","Kota Surabaya","Grosiria Flagship Store"
"1777284575-929","https://www.blibli.com/cari/laptop%20advan?brand=Advan&sort=0&category=LA-1000004&category=LA-1000005&intent=false&firstLoad=false&page=8&start=280","ADVAN Laptop X360 Stylus PRO Intel Core I3 1215U 8GB 256GB 14” IPS FHD Touchscreen W11","6.461.212","","","Kota Surabaya","Grosiria Flagship Store"
"1777284575-930","https://www.blibli.com/cari/laptop%20advan?brand=Advan&sort=0&category=LA-1000004&category=LA-1000005&intent=false&firstLoad=false&page=8&start=280","Advan Laptop Soulmate Plus RAM 8GB 256GB Notebook AMD Ryzen 5 Windows 11 New Original Garansi Resmi","3.919.000","","","Kota Bekasi","CA Shop Flagship Store"
"1777284575-931","https://www.blibli.com/cari/laptop%20advan?brand=Advan&sort=0&category=LA-1000004&category=LA-1000005&intent=false&firstLoad=false&page=8&start=280","ADVAN Workplus Laptop Ryzen 5-6600H 16GB 512GB SSD 14'' FHD IPS W11","7.079.000","5","Terjual 1","Kota Surakarta (Solo)","Risc Computer Flagship Store"
"1777284575-932","https://www.blibli.com/cari/laptop%20advan?brand=Advan&sort=0&category=LA-1000004&category=LA-1000005&intent=false&firstLoad=false&page=8&start=280","[FREE STYLUS PEN] ADVAN Laptop 360 Stylus Pro Laptop 2 in 1 AMD Ryzen 5 7430U 14"" IPS FHD Touchschreen 8GB/256GB Upgradable Storage Windows 11 - Garan","7.299.000","5","Terjual 1","Kab. Tangerang","Advan Laptop Flagship Store"
"1777284575-933","https://www.blibli.com/cari/laptop%20advan?brand=Advan&sort=0&category=LA-1000004&category=LA-1000005&intent=false&firstLoad=false&page=8&start=280","Advan Laptop 2 in 1 Evo-X 13 Intel N100 12GB/512GB 2K IPS 100% SRGB Free Stylus + Keyboard","6.098.000","","","Kota Surabaya","UFO Elektronika dan Furniture Flagship Store"
"1777284575-934","https://www.blibli.com/cari/laptop%20advan?brand=Advan&sort=0&category=LA-1000004&category=LA-1000005&intent=false&firstLoad=false&page=8&start=280","Advan Laptop AI Gen RAM 16GB 512GB Notebook AMD Ryzen 7 IPS Windows 11 New Original Garansi Resmi","9.609.000","","","Kota Bekasi","CA Shop Flagship Store"
"1777284575-935","https://www.blibli.com/cari/laptop%20advan?brand=Advan&sort=0&category=LA-1000004&category=LA-1000005&intent=false&firstLoad=false&page=8&start=280","ADVAN Laptop Soulmate SG14S02A N4020/4GB/256GB/Win11/14""","2.750.000","","","Kota Jakarta Pusat","GM COM Flagship Store"
"1777284575-936","https://www.blibli.com/cari/laptop%20advan?brand=Advan&sort=0&category=LA-1000004&category=LA-1000005&intent=false&firstLoad=false&page=8&start=280","ADVAN Laptop Workplus AIR | AMD Ryzen 5 7535HS | 14 inch OLED Full HD+ 1920x1200 | Ultra Slim 1,6cm & Light 1,09Kg | 16GB/512GB | Hemat Daya Zen 3+","9.199.000","","Terjual 1","Kab. Tangerang","Advan Laptop Flagship Store"
"1777284575-937","https://www.blibli.com/cari/laptop%20advan?brand=Advan&sort=0&category=LA-1000004&category=LA-1000005&intent=false&firstLoad=false&page=8&start=280","ADVAN Laptop Soulmate Plus | AMD Ryzen 5 3500U | 8GB/256GB Upgradable | WIFI 5 | Free WIndows 11 | Garansi Resmi 1 Tahun","4.098.000","","","Kota Surabaya","UFO Elektronika dan Furniture Flagship Store"
"1777284575-938","https://www.blibli.com/cari/laptop%20advan?brand=Advan&sort=0&category=LA-1000004&category=LA-1000005&intent=false&firstLoad=false&page=8&start=280","ADVAN X DARBOTZ Laptop Workplus AMD Ryzen 7 7735HS 16GB/512GB 14"" FHD IPS Windows 11","8.699.000","","Terjual 1","Kab. Tangerang","Advan Indonesia Flagship Store"
"1777284575-939","https://www.blibli.com/cari/laptop%20advan?brand=Advan&sort=0&category=LA-1000004&category=LA-1000005&intent=false&firstLoad=false&page=8&start=280","[jikalaku] Advan Laptop Workmate Ultra 8/256GB Intel Ultra 5 115U With AI Boost 14"" FHD+ BLUE","7.881.300","","","Kota Jakarta Pusat","jikalaku Flagship Store"
"1777284575-940","https://www.blibli.com/cari/laptop%20advan?brand=Advan&sort=0&category=LA-1000004&category=LA-1000005&intent=false&firstLoad=false&page=8&start=280","Advan Laptop Workamte Ultra 8GB+256GB Intel Ultra 5 115U With AI Boost 14 INCH FHD+ BLUE","7.881.000","","","Kota Jakarta Pusat","Sinar Cakrawala Flagship Store"
"1777284575-941","https://www.blibli.com/cari/laptop%20advan?brand=Advan&sort=0&category=LA-1000004&category=LA-1000005&intent=false&firstLoad=false&page=8&start=280","[BEST DEALS] ADVAN Laptop Gaming Pixwar | AMD Ryzen 7 6800H | 16GB/512GB | 15.6"" FHD | WIFI 6 | Dual Cooling System | Windows 11 | Garansi Resmi","8.699.000","","Terjual 1","Kab. Tangerang","Advan Indonesia Flagship Store"
"1777284575-942","https://www.blibli.com/cari/laptop%20advan?brand=Advan&sort=0&category=LA-1000004&category=LA-1000005&intent=false&firstLoad=false&page=8&start=280","Advan WorkPro Lite Laptop intel Core i5-1035G7 8GB 256GB 14"" FHD W11","5.255.000","","","Kota Surakarta (Solo)","Risc Computer Flagship Store"
"1777284575-943","https://www.blibli.com/cari/laptop%20advan?brand=Advan&sort=0&category=LA-1000004&category=LA-1000005&intent=false&firstLoad=false&page=8&start=280","Laptop 2 in 1 Advan Evo-X RAM 12GB 512GB Notebook Intel N100 Windows 11 Touchscreen New Original Garansi Resmi","6.309.000","","","Kota Bekasi","CA Shop Flagship Store"
"1777284575-944","https://www.blibli.com/cari/laptop%20advan?brand=Advan&sort=0&category=LA-1000004&category=LA-1000005&intent=false&firstLoad=false&page=8&start=280","Laptop 2 in 1 Advan Evo-X RAM 12GB 512GB Notebook Intel N150 Windows 11 Touchscreen New Original Garansi Resmi","6.629.000","","","Kota Bekasi","CA Shop Flagship Store"
"1777284575-945","https://www.blibli.com/cari/laptop%20advan?brand=Advan&sort=0&category=LA-1000004&category=LA-1000005&intent=false&firstLoad=false&page=8&start=280","LAPTOP ADVAN WORKPLUS R7 16/512","9.474.970","","","","Kota Bogor"
"1777284575-946","https://www.blibli.com/cari/laptop%20advan?brand=Advan&sort=0&category=LA-1000004&category=LA-1000005&intent=false&firstLoad=false&page=8&start=280","Advan Workmate i3 - Laptop Core i3-1215U RAM 8GB SSD 256GB 14"" FHD+","5.740.000","","","Kota Jakarta Pusat","Enter Komputer Flagship Store"
"1777284575-947","https://www.blibli.com/cari/laptop%20advan?brand=Advan&sort=0&category=LA-1000004&category=LA-1000005&intent=false&firstLoad=false&page=8&start=280","[Free Stylus Pen]ADVAN FLIP 360 TOUCHSCREEN FHD IPS INTEL CORE I3 1215U RAM16GB SSD1TB WINDOWS 11 ORIGINAL","7.799.000","5","Terjual 10","Kota Jakarta Pusat","SKYNET COMPUTER Flagship Store"
"1777284575-948","https://www.blibli.com/cari/laptop%20advan?brand=Advan&sort=0&category=LA-1000004&category=LA-1000005&intent=false&firstLoad=false&page=8&start=280","Advan AI Gen Ryzen 7 - Laptop Ryzen 7 8845HS RAM 16GB SSD 512GB AMD Radeon Graphics 14"" FHD","11.010.000","","","Kota Jakarta Pusat","Enter Komputer Flagship Store"
"1777284575-949","https://www.blibli.com/cari/laptop%20advan?brand=Advan&sort=0&category=LA-1000004&category=LA-1000005&intent=false&firstLoad=false&page=8&start=280","ADVAN Tab V8 Gaming Mediatek Helio G99 (8+8GB/128GB) IPS WUXGA FHD+ 1920*1200 Android 14","2.199.000","","Terjual 2","Kab. Tangerang","Advan Laptop Flagship Store"
"1777284575-950","https://www.blibli.com/cari/laptop%20advan?brand=Advan&sort=0&category=LA-1000004&category=LA-1000005&intent=false&firstLoad=false&page=8&start=280","Advan Workplus Ryzen 7 7735HS 16GB 512GB AMD Radeon 680M FHD IPS Windows 11 Original","13.999.000","","Terjual 1","Kab. Tangerang","Advan Laptop Flagship Store"
"1777284575-951","https://www.blibli.com/cari/laptop%20advan?brand=Advan&sort=0&category=LA-1000004&category=LA-1000005&intent=false&firstLoad=false&page=8&start=280","Laptop Advan Soulmate/N4020/4GB/128GB eMMC/14""/Windows 11 Original - Grey","2.431.000","","","","Kota Surabaya"
"1777284575-952","https://www.blibli.com/cari/laptop%20advan?brand=Advan&sort=0&category=LA-1000004&category=LA-1000005&intent=false&firstLoad=false&page=8&start=280","WorkPlus R5 Laptop Advan AMD Ryzen 5 6600H","7.249.000","","","","Kab. Garut"
"1777284575-953","https://www.blibli.com/cari/laptop%20advan?brand=Advan&sort=0&category=LA-1000004&category=LA-1000005&intent=false&firstLoad=false&page=8&start=280","Advan Workplus Notebook [Ryzen 5-6600H/16GB/512GB SSD/14"" FHD IPS/W11]","8.000.000","5","Terjual 1","Kota Medan","SOFTCOM Flagship Store"
"1777284575-954","https://www.blibli.com/cari/laptop%20advan?brand=Advan&sort=0&category=LA-1000004&category=LA-1000005&intent=false&firstLoad=false&page=8&start=280","Advan Notebook WorkPro [Core i5-1035G7/8GB/256GB SSD/14"" FHD IPS/W11]","5.739.000","","","Kota Medan","SOFTCOM Flagship Store"
"1777284575-955","https://www.blibli.com/cari/laptop%20advan?brand=Advan&sort=0&category=LA-1000004&category=LA-1000005&intent=false&firstLoad=false&page=8&start=280","Laptop Advan Workplus RAM 16GB 512GB Notebook Ryzen 5 Win 11 Resmi","8.260.000","","","","Kota Bekasi"
"1777284575-956","https://www.blibli.com/cari/laptop%20advan?brand=Advan&sort=0&category=LA-1000004&category=LA-1000005&intent=false&firstLoad=false&page=8&start=280","NOTEBOOK ADVAN WORKPLUS (SILVER) : INTEL CORE I5-1235U,16GB LPDDR5,512GB","7.991.001","","Terjual 10","Kota Palembang","MDP SUPERSTORE Flagship Store"
"1777284575-957","https://www.blibli.com/cari/laptop%20advan?brand=Advan&sort=0&category=LA-1000004&category=LA-1000005&intent=false&firstLoad=false&page=8&start=280","Advan Soulmate/Intel N4020/4GB/128GB/Win 11/","2.450.000","5","Terjual 3","Kota Bandung","Mediatouch Computer Flagship Store"
"1777284575-958","https://www.blibli.com/cari/laptop%20advan?brand=Advan&sort=0&category=LA-1000004&category=LA-1000005&intent=false&firstLoad=false&page=8&start=280","Laptop ADVAN 360 Stylus PRO Intel Core i3-1215U 14”IPS FHD Touchscreen","6.625.000","","","","Kota Madiun"
"1777284575-959","https://www.blibli.com/cari/laptop%20advan?brand=Advan&sort=0&category=LA-1000004&category=LA-1000005&intent=false&firstLoad=false&page=8&start=280","NOTEBOOK ADVAN SOULMATE (BLACK) : INTEL N4020,4GB DDR4,128GB MMC,14"" DISPLAY,WIN 11HOME (+TAS)","2.396.601","","Terjual 1","Kota Palembang","MDP SUPERSTORE Flagship Store"
"1777284575-960","https://www.blibli.com/cari/laptop%20advan?brand=Advan&sort=0&category=LA-1000004&category=LA-1000005&intent=false&firstLoad=false&page=8&start=280","Laptop ADVAN Soulmate Celeron N4020 4GB/128GB (upgradable) 14"" HD IPS","2.499.000","","","","Kab. Sleman"
"1777284575-961","https://www.blibli.com/cari/laptop%20advan?brand=Advan&sort=0&category=LA-1000004&category=LA-1000005&intent=false&firstLoad=false&page=8&start=280","Advan 360 Stylus Pro Core i3 1215U 8GB 256GB W11 Home Grey","6.599.000","5","Terjual 2","Kota Denpasar","Blessing Computer Flagship Store"
"1777284575-962","https://www.blibli.com/cari/laptop%20advan?brand=Advan&sort=0&category=LA-1000004&category=LA-1000005&intent=false&firstLoad=false&page=8&start=280","Laptop Advan Pixwar 16GB 512GB Notebook Ryzen 7 Windows 11 Gaming New Original Garansi Resmi","8.660.000","","Terjual 1","","Kota Bekasi"
"1777284575-963","https://www.blibli.com/cari/laptop%20advan?brand=Advan&sort=0&category=LA-1000004&category=LA-1000005&intent=false&firstLoad=false&page=8&start=280","NOTEBOOK ADVAN WORK PRO LITE (GREY) : INTEL CORE I3-1220P,8GB DDR4,256GB SSD,14""FHD DISPLAY,WIN 11 HOME","4.594.401","","","Kota Palembang","MDP SUPERSTORE Flagship Store"
"1777284575-964","https://www.blibli.com/cari/laptop%20advan?brand=Advan&sort=0&category=LA-1000004&category=LA-1000005&intent=false&firstLoad=false&page=8&start=280","Laptop Advan 360 Stylus Pro Sketsa Notebook Flip 2in1 Tablet Touch New Original Garansi Resmi","6.580.000","","","","Kota Bekasi"
"1777284575-965","https://www.blibli.com/cari/laptop%20advan?brand=Advan&sort=0&category=LA-1000004&category=LA-1000005&intent=false&firstLoad=false&page=8&start=280","ADVAN Workpro Lite i3 1215U/8GB/256GB SSD/14""FHD/W11","4.829.000","","","Kota Medan","SOFTCOM Flagship Store"
"1777284575-966","https://www.blibli.com/cari/laptop%20advan?brand=Advan&sort=0&category=LA-1000004&category=LA-1000005&intent=false&firstLoad=false&page=8&start=280","Advan 2 in 1 Evo-X 13 Intel N150 12GB 512GB SSD 13"" IPS Touch SC W11","6.885.000","","","Kota Surakarta (Solo)","Risc Computer Flagship Store"
"1777284575-967","https://www.blibli.com/cari/laptop%20advan?brand=Advan&sort=0&category=LA-1000004&category=LA-1000005&intent=false&firstLoad=false&page=8&start=280","ADVAN AI-GEN - AMD Ryzen 7 8845HS 16GB SSD 512GB 780M W11","9.399.000","","","Kota Surakarta (Solo)","Risc Computer Flagship Store"
"1777284575-968","https://www.blibli.com/cari/laptop%20advan?brand=Advan&sort=0&category=LA-1000004&category=LA-1000005&intent=false&firstLoad=false&page=8&start=280","ADVAN Workplus R7 7735HS/16GB/512GB SSD/14"" FHD IPS/W11","9.139.000","","","Kota Medan","SOFTCOM Flagship Store"
"1777284575-969","https://www.blibli.com/cari/laptop%20advan?brand=Advan&sort=0&category=LA-1000004&category=LA-1000005&intent=false&firstLoad=false&page=8&start=280","Advan WorkMate i3 Grey [Intel Core i3-1215U 8GB 256GB SSD 14""FHD+ IPS Intel Graphics Windows 11 Garansi 1 Year] | Pegacare+","5.758.000","","","Kota Yogyakarta","Pegastore.id Flagship Store"
"1777284575-970","https://www.blibli.com/cari/laptop%20advan?brand=Advan&sort=0&category=LA-1000004&category=LA-1000005&intent=false&firstLoad=false&page=8&start=280","Advan EVO X13","5.915.000","","","Kota Yogyakarta","Pegastore.id Flagship Store"
"1777284575-971","https://www.blibli.com/cari/laptop%20advan?brand=Advan&sort=0&category=LA-1000004&category=LA-1000005&intent=false&firstLoad=false&page=8&start=280","ADVAN 360 Pro Stylus AMD Ryzen 5 7430U RAM16GB SSD1TB 14'' Ips Touchscreen Windows 11","6.699.000","5","Terjual 1","Kota Jakarta Pusat","SKYNET COMPUTER Flagship Store"
"1777284575-972","https://www.blibli.com/cari/laptop%20advan?brand=Advan&sort=0&category=LA-1000004&category=LA-1000005&intent=false&firstLoad=false&page=8&start=280","Advan TBook Standard Edition [Intel N100 4GB EMMC 128GB 14""HD Intel Graphics Windows 11 Garansi 1 Year] | Pegacare+","3.453.000","","","Kota Yogyakarta","Pegastore.id Flagship Store"
"1777284575-973","https://www.blibli.com/cari/laptop%20advan?brand=Advan&sort=0&category=LA-1000004&category=LA-1000005&intent=false&firstLoad=false&page=8&start=280","ADVAN SOULMATE 14 GEN 3 3rd Gen INTEL CELERON N4020 4GB/ 8GB 128GB eMMC WIN 11 HOME TANPA OFFICE NO OHS 2021","2.442.000","","","Kota Surabaya","ExpoComp Flagship Store"
"1777284575-974","https://www.blibli.com/cari/laptop%20advan?brand=Advan&sort=0&category=LA-1000004&category=LA-1000005&intent=false&firstLoad=false&page=8&start=280","Advan Work PLus Ryzen 7 7735HS 16GB 512GB W11 Silver","8.530.000","","","Kota Denpasar","Blessing Computer Flagship Store"
"1777284575-975","https://www.blibli.com/cari/laptop%20advan?brand=Advan&sort=0&category=LA-1000004&category=LA-1000005&intent=false&firstLoad=false&page=8&start=280","Laptop Advan Workpro Lite 8GB 256GB Notebook Intel i5 Windows 11 New Original Garansi Resmi","5.640.000","","","","Kota Bekasi"
"1777284575-976","https://www.blibli.com/cari/laptop%20advan?brand=Advan&sort=0&category=LA-1000004&category=LA-1000005&intent=false&firstLoad=false&page=8&start=280","Laptop Advan Workplus RAM 16GB 512GB Notebook Ryzen 7 Windows 11 New Original Garansi Resmi","8.670.000","","","","Kota Bekasi"
"1777284575-977","https://www.blibli.com/cari/laptop%20advan?brand=Advan&sort=0&category=LA-1000004&category=LA-1000005&intent=false&firstLoad=false&page=8&start=280","Advan WorkPro Lite Intel I3 1215U 8GB 256GB SSD 14"" FHD IPS W11 Grey","4.631.111","","","Kota Surabaya","Grosiria Flagship Store"
"1777284575-978","https://www.blibli.com/cari/laptop%20advan?brand=Advan&sort=0&category=LA-1000004&category=LA-1000005&intent=false&firstLoad=false&page=8&start=280","Laptop Advan Workpro Lite 8GB 256GB Notebook Intel i3 Windows 11 New Original Garansi Resmi","4.440.000","","","","Kota Bekasi"
"1777284575-979","https://www.blibli.com/cari/laptop%20advan?brand=Advan&sort=0&category=LA-1000004&category=LA-1000005&intent=false&firstLoad=false&page=8&start=280","Laptop Advan Soulmate Intel N4020 RAM 4GB 128GB+256GB/14""/WIN 11","2.999.000","","Terjual 1","","Kota Semarang"
"1777284575-980","https://www.blibli.com/cari/laptop%20advan?brand=Advan&sort=0&category=LA-1000004&category=LA-1000005&intent=false&firstLoad=false&page=8&start=280","Laptop Advan Workplus RAM 24GB 512GB Notebook Intel i5 Windows 11 New Original Garansi Resmi","7.520.000","","Terjual 1","","Kota Bekasi"
"1777284575-981","https://www.blibli.com/cari/laptop%20advan?brand=Advan&sort=0&category=LA-1000004&category=LA-1000005&intent=false&firstLoad=false&page=8&start=280","Laptop Advan 360 Stylus Pro Ryzen Sketsa Notebook Flip 2in1 Tablet Touch New Original Garansi Resmi","6.900.000","","","","Kota Bekasi"
"1777284575-982","https://www.blibli.com/cari/laptop%20advan?brand=Advan&sort=0&category=LA-1000004&category=LA-1000005&intent=false&firstLoad=false&page=8&start=280","Laptop Advan TBOOK X TRANSFORMER 4GB 128GB Notebook Intel N100 Windows 11 New Original Garansi Resmi","3.650.000","","","","Kota Bekasi"
"1777284575-983","https://www.blibli.com/cari/laptop%20advan?brand=Advan&sort=0&category=LA-1000004&category=LA-1000005&intent=false&firstLoad=false&page=8&start=280","Laptop Advan Workplus x Darbotz RAM 16GB 512GB Notebook Ryzen 7 Windows 11 New Original Garansi Resmi","8.670.000","5","Terjual 2","","Kota Bekasi"
"1777284575-984","https://www.blibli.com/cari/laptop%20advan?brand=Advan&sort=0&category=LA-1000004&category=LA-1000005&intent=false&firstLoad=false&page=8&start=280","LAPTOP ADVAN TOUCH FLIP 360 i3-1215U 8GB|SSD256GB|WIN11+PEN","6.665.505","","","","Kota Pekanbaru"
"1777284575-985","https://www.blibli.com/cari/laptop%20advan?brand=Advan&sort=0&category=LA-1000004&category=LA-1000005&intent=false&firstLoad=false&page=8&start=280","Laptop Advan PIXWAR X TRANSFORMERS 16GB 512GB Notebook Ryzen 7 Windows 11 Gaming New Original Garansi Resmi","8.490.000","","","","Kota Bekasi"
"1777284575-986","https://www.blibli.com/cari/laptop%20advan?brand=Advan&sort=0&category=LA-1000004&category=LA-1000005&intent=false&firstLoad=false&page=8&start=280","Laptop Advan TBOOK X TRANSFORMER 14 inch Intel N100 RAM 8GB SSD 128GB - Garansi Resmi","3.143.000","","","","Kota Madiun"
"1777284575-987","https://www.blibli.com/cari/laptop%20advan?brand=Advan&sort=0&category=LA-1000004&category=LA-1000005&intent=false&firstLoad=false&page=8&start=280","Laptop Advan Workpro i5-1035G7 8GB 512GB SSD 14""FHD WIN 11","5.554.000","","","","Kota Jakarta Pusat"
"1777284575-988","https://www.blibli.com/cari/laptop%20advan?brand=Advan&sort=0&category=LA-1000004&category=LA-1000005&intent=false&firstLoad=false&page=8&start=280","Laptop Advan WorkPlus Ryzen 7 7735HS ADVAN WorkPlus R7 16GB 512GB SSD","7.999.000","","","","Kota Jakarta Selatan"
"1777284575-989","https://www.blibli.com/cari/laptop%20advan?brand=Advan&sort=0&category=LA-1000004&category=LA-1000005&intent=false&firstLoad=false&page=8&start=280","Pre-order","11.000.000","","Terjual 1","","Kab. Gianyar"
"1777284575-990","https://www.blibli.com/cari/laptop%20advan?brand=Advan&sort=0&category=LA-1000004&category=LA-1000005&intent=false&firstLoad=false&page=8&start=280","[PROMO] Advan TBOOK X TRANSFORMER 4GB 128GB Intel Windows New Original Garansi Resmi","3.549.000","","","Kota Bekasi","CA Shop Flagship Store"
"1777284575-991","https://www.blibli.com/cari/laptop%20advan?brand=Advan&sort=0&category=LA-1000004&category=LA-1000005&intent=false&firstLoad=false&page=8&start=280","[PROMO] Advan AI Gen RAM 16GB 512GB AMD Ryzen IPS Windows New Original Garansi Resmi","9.609.000","","","Kota Bekasi","CA Shop Flagship Store"
"1777284575-992","https://www.blibli.com/cari/laptop%20advan?brand=Advan&sort=0&category=LA-1000004&category=LA-1000005&intent=false&firstLoad=false&page=8&start=280","Laptop Advan WORKPLUS AMD RYZEN 5 6600H RAM 16gb SSD 512gb Windows 11 14.0Full HD IPS","7.599.000","","Terjual 1","","Kota Surabaya"
"1777284575-993","https://www.blibli.com/cari/laptop%20advan?brand=Advan&sort=0&category=LA-1000004&category=LA-1000005&intent=false&firstLoad=false&page=8&start=280","LAPTOP ADVAN SOULMATE PLUS GREY L24D R53S1 AMD R5 3500U 8GB 256GB 14 inc WIN 11","4.220.000","","","","Kota Surabaya"
"1777284575-994","https://www.blibli.com/cari/laptop%20advan?brand=Advan&sort=0&category=LA-1000004&category=LA-1000005&intent=false&firstLoad=false&page=8&start=280","LAPTOP ADVAN S3-85S 1501 ST38S05A INTEL CORE I3-1115G4/8GB/512GB SSD/WIN 11/14"" GARANSI RESMI 1 TAHUN","7.199.000","","","","Kab. Melawi"
"1777284575-995","https://www.blibli.com/cari/laptop%20advan?brand=Advan&sort=0&category=LA-1000004&category=LA-1000005&intent=false&firstLoad=false&page=8&start=280","LAPTOP BARU ADVAN SOULMATE N4020 INTEL GEMINI N4020 RAM 4GB DDR4 SSD 128GB 14INCH HD BLK","2.420.500","","","","Kota Surabaya"
"1777284575-996","https://www.blibli.com/cari/laptop%20advan?brand=Advan&sort=0&category=LA-1000004&category=LA-1000005&intent=false&firstLoad=false&page=8&start=280","Advan Laptop WORKPRO LITE INTEL i3 Notebook 14” 8GB 256GB WIN 11","4.659.000","","Terjual 1","","Kota Surabaya"
"1777284575-997","https://www.blibli.com/cari/laptop%20advan?brand=Advan&sort=0&category=LA-1000004&category=LA-1000005&intent=false&firstLoad=false&page=8&start=280","Special Bundling ADVAN Notebook Laptop Soulmate Grey & MIFI MF01 Travel Pocket Wifi Celeron","3.700.000","","","","Kab. Tangerang"
"1777284575-998","https://www.blibli.com/cari/laptop%20advan?brand=Advan&sort=0&category=LA-1000004&category=LA-1000005&intent=false&firstLoad=false&page=8&start=280","Laptop Advan AI Gen Ryzen 7 8845HS 16GB 512GB W11 Home","9.742.000","","","","Kota Madiun"
"1777284575-999","https://www.blibli.com/cari/laptop%20advan?brand=Advan&sort=0&category=LA-1000004&category=LA-1000005&intent=false&firstLoad=false&page=8&start=280","ADVAN Laptop Workplus AMD RYZEN 5 6600H 14'' FHD IPS 16GB 512GB Win 11","7.120.500","5","Terjual 3","","Kota Jakarta Selatan"
"1777284575-1000","https://www.blibli.com/cari/laptop%20advan?brand=Advan&sort=0&category=LA-1000004&category=LA-1000005&intent=false&firstLoad=false&page=8&start=280","Advan Laptop Workpro Lite HD Intel Core i3 1220P Notebook 14″ (8GB /256GB /GREY)","4.698.000","","","","Kota Semarang"
"1777284575-1001","https://www.blibli.com/cari/laptop%20advan?brand=Advan&sort=0&category=LA-1000004&category=LA-1000005&intent=false&firstLoad=false&page=8&start=280","ADVAN Laptop 360 Stylus 2in1 Touchscreen - Intel i3 14 FHD IPS","6.345.000","","","","Kab. Sleman"
"1777284575-1002","https://www.blibli.com/cari/laptop%20advan?brand=Advan&sort=0&category=LA-1000004&category=LA-1000005&intent=false&firstLoad=false&page=8&start=280","Advan Laptop Soulmate Plus RAM 8GB 256GB Notebook AMD Ryzen 5 Windows 11 New Original Garansi Resmi","3.920.000","","","","Kota Bekasi"
"1777284575-1003","https://www.blibli.com/cari/laptop%20advan?brand=Advan&sort=0&category=LA-1000004&category=LA-1000005&intent=false&firstLoad=false&page=8&start=280","Advan Laptop AI Gen RAM 16GB 512GB Notebook AMD Ryzen 7 IPS Windows 11 New Original Garansi Resmi","9.610.000","","","","Kota Bekasi"
"1777284575-1004","https://www.blibli.com/cari/laptop%20advan?brand=Advan&sort=0&category=LA-1000004&category=LA-1000005&intent=false&firstLoad=false&page=8&start=280","Advan Laptop Workpro Lite FHD Intel Core i3 1220P Notebook 14″ (8GB/ 256GB /Windows 11/GREY)","4.655.000","","","","Kota Semarang"
"1777284575-1005","https://www.blibli.com/cari/laptop%20advan?brand=Advan&sort=0&category=LA-1000004&category=LA-1000005&intent=false&firstLoad=false&page=8&start=280","Laptop ADVAN Workpro Intel Core i5-1035G7 8/256 SSD 14"" FHD - Grey","6.156.000","","","","Kota Madiun"
"1777284575-1006","https://www.blibli.com/cari/laptop%20advan?brand=Advan&sort=0&category=LA-1000004&category=LA-1000005&intent=false&firstLoad=false&page=8&start=280","Advan Soulmate Laptop RAM 4GB 128GB Notebook Intel Windows Home New Original Garansi Resmi","2.590.000","","","","Kota Bekasi"
"1777284575-1007","https://www.blibli.com/cari/laptop%20advan?brand=Advan&sort=0&category=LA-1000004&category=LA-1000005&intent=false&firstLoad=false&page=8&start=280","ADVAN Laptop Soulmate Plus AMD Ryzen 5 3500U 8GB 256GB Free WIndows 11","4.299.000","","","","Kab. Sleman"
"1777284575-1008","https://www.blibli.com/cari/laptop%20advan?brand=Advan&sort=0&category=LA-1000004&category=LA-1000005&intent=false&firstLoad=false&page=8&start=280","ADVAN Soulmate Laptop 14"" Intel N4020 4GB 128GB Garansi Resmi","2.168.000","","","","Kota Surabaya"
"1777284575-1009","https://www.blibli.com/cari/laptop%20advan?brand=Advan&sort=0&category=LA-1000004&category=LA-1000005&intent=false&firstLoad=false&page=8&start=280","ADVAN Laptop WORKPRO Lite INTEL CORE i5-12450H 14”IPS FHD 8GB 256GB WINDOWS 11","6.479.000","","","","Kota Surabaya"
"1777284575-1010","https://www.blibli.com/cari/laptop%20advan?brand=Advan&sort=0&category=LA-1000004&category=LA-1000005&intent=false&firstLoad=false&page=8&start=280","[BEST DEAL] ADVAN Laptop Workplus Intel i5 12600H 14'' FHD IPS 24GB 512GB Win 11","10.999.000","","","","Kab. Tangerang"
"1777284575-1011","https://www.blibli.com/cari/laptop%20advan?brand=Advan&sort=0&category=LA-1000004&category=LA-1000005&intent=false&firstLoad=false&page=8&start=280","[FREE STYLUS PEN +KEYBOARD] ADVAN Laptop 2 in 1 EVO-X 13 Inci Touchscreen Detachable 2.5K Display Intel N150 12GB/512GB Windows 11","6.313.000","","","","Kota Madiun"
"1777284575-1012","https://www.blibli.com/cari/laptop%20advan?brand=Advan&sort=0&category=LA-1000004&category=LA-1000005&intent=false&firstLoad=false&page=8&start=280","LAPTOP ADVAN HERITAGE BATIK AMD R5-7535HS 16GB/512GB SSD 14"" WIN 11","7.691.301","","","Kota Palembang","MDP SUPERSTORE Flagship Store"
"1777284575-1013","https://www.blibli.com/cari/laptop%20advan?brand=Advan&sort=0&category=LA-1000004&category=LA-1000005&intent=false&firstLoad=false&page=8&start=280","Laptop Advan Workplus T-16S5 Ryzen 7-7735HS 16GB 512GB SSD 14"" W11","8.288.000","","","","Kota Madiun"
"1777284575-1014","https://www.blibli.com/cari/laptop%20advan?brand=Advan&sort=0&category=LA-1000004&category=LA-1000005&intent=false&firstLoad=false&page=8&start=280","Laptop Advan TBOOK X TRANSFORMER 4GB 128GB Notebook Intel N100 Windows 11 New Original Garansi Resmi","3.549.000","","Terjual 1","Kota Bekasi","CA Shop Flagship Store"
"1777284575-1015","https://www.blibli.com/cari/laptop%20advan?brand=Advan&sort=0&category=LA-1000004&category=LA-1000005&intent=false&firstLoad=false&page=8&start=280","Laptop Advan Work Plus AMD RYZEN 5 6600H 14” FHD IPS 16GB 512GB Win 11","7.260.000","","","Kota Bandung","Mediatouch Computer Flagship Store"
"1777284575-1016","https://www.blibli.com/cari/laptop%20advan?brand=Advan&sort=0&category=LA-1000004&category=LA-1000005&intent=false&firstLoad=false&page=8&start=280","Laptop 2 in 1 Advan Evo-X RAM 12GB 512GB Notebook Intel N100 Windows 11 Touchscreen New Original Garansi Resmi","6.310.000","","","","Kota Bekasi"
"1777284575-1017","https://www.blibli.com/cari/laptop%20advan?brand=Advan&sort=0&category=LA-1000004&category=LA-1000005&intent=false&firstLoad=false&page=8&start=280","Laptop 2 in 1 Advan Evo-X RAM 12GB 512GB Notebook Intel N150 Windows 11 Touchscreen New Original Garansi Resmi","6.630.000","","","","Kota Bekasi"
"1777284575-1018","https://www.blibli.com/cari/laptop%20advan?brand=Advan&sort=0&category=LA-1000004&category=LA-1000005&intent=false&firstLoad=false&page=8&start=280","ADVAN Workpro Lite Laptop Notebook Intel i3 1220P 14” 8GB 256GB Windows 11 Garansi Resmi","4.499.000","","","","Kota Jakarta Selatan"
"1777284575-1019","https://www.blibli.com/cari/laptop%20advan?brand=Advan&sort=0&category=LA-1000004&category=LA-1000005&intent=false&firstLoad=false&page=8&start=280","Laptop Advan WORKPLUS HERITAGE AMD Ryzen 5 7535HS 8GB 512GB Radeon 660M 14"" WUXGA IPS Windows 11 Laptop","7.145.000","","","","Kota Madiun"
"1777284575-1020","https://www.blibli.com/cari/laptop%20advan?brand=Advan&sort=0&category=LA-1000004&category=LA-1000005&intent=false&firstLoad=false&page=8&start=280","ADVAN X AMD Laptop Workplus AMD Ryzen 7 7735HS 512GB 14'' FHD IPS 16Gb Win 11","9.199.000","","","","Kab. Tangerang"
"1777284575-1021","https://www.blibli.com/cari/laptop%20advan?brand=Advan&sort=0&category=LA-1000004&category=LA-1000005&intent=false&firstLoad=false&page=8&start=280","Advan TBOOK X TRANSFORMER Laptop 14 inch Intel N100 4GB / 128GB Windows 11 Garansi Resmi","3.099.000","","","","Kab. Tangerang"
"1777284575-1022","https://www.blibli.com/cari/laptop%20advan?brand=Advan&sort=0&category=LA-1000004&category=LA-1000005&intent=false&firstLoad=false&page=8&start=280","LAPTOP ADVAN WORKMATE AMD R5-3500U 1X8 GB DDR4 256 GB SSD 14""FHD+ IPS WIN 11","4.694.301","","Terjual 2","Kota Palembang","MDP SUPERSTORE Flagship Store"
"1777284575-1023","https://www.blibli.com/cari/laptop%20advan?brand=Advan&sort=0&category=LA-1000004&category=LA-1000005&intent=false&firstLoad=false&page=8&start=280","LAPTOP ADVAN AIGEN AMD RYZEN : AMD R7-8845HS,2*8GB, 512GB SSD,14"" FHD 100% SRGB,WIN 11 HOME","10.188.801","","","Kota Palembang","MDP SUPERSTORE Flagship Store"
"1777284575-1024","https://www.blibli.com/cari/laptop%20advan?brand=Advan&sort=0&category=LA-1000004&category=LA-1000005&intent=false&firstLoad=false&page=8&start=280","LAPTOP WORKPLUS DARBOTZ RYZEN 7","8.239.000","5","Terjual 1","","Kota Malang"
"1777284575-1025","https://www.blibli.com/cari/laptop%20advan?brand=Advan&sort=0&category=LA-1000004&category=LA-1000005&intent=false&firstLoad=false&page=8&start=280","LAPTOP ADVANWORKPLUS R5 16/512","7.342.870","","","","Kota Bogor"
"1777284575-1026","https://www.blibli.com/cari/laptop%20advan?brand=Advan&sort=0&category=LA-1000004&category=LA-1000005&intent=false&firstLoad=false&page=8&start=280","LAPTOP ADVAN WORK PLUS AIR BLUE AMD RYZEN 5-7535HS 16GB 512GB SSD 14 INCH FHD+ OLED WIN 11 HOME NO OFFICE TANPA OHS","8.729.000","","","Kota Surabaya","ExpoComp Flagship Store"
"1777284575-1027","https://www.blibli.com/cari/laptop%20advan?brand=Advan&sort=0&category=LA-1000004&category=LA-1000005&intent=false&firstLoad=false&page=8&start=280","Laptop AXIOO Mybook HYPE 3 23RJ308MNB1 / INTEL Core i3 1005G1 8GB 256GB","4.651.000","","","","Kota Madiun"
"1777284575-1028","https://www.blibli.com/cari/laptop%20advan?brand=Advan&sort=0&category=LA-1000004&category=LA-1000005&intent=false&firstLoad=false&page=8&start=280","Notebook Advan Soulmate N4020 4g 4gb/128gb W11","2.470.970","","","","Kota Bandung"
"1777284575-1029","https://www.blibli.com/cari/laptop%20advan?brand=Advan&sort=0&category=LA-1000004&category=LA-1000005&intent=false&firstLoad=false&page=8&start=280","Advan T-Book 3 Intel N100 8GB 384GB 14 Inch HD Windows 11","3.974.000","","","","Kota Madiun"
"1777284575-1030","https://www.blibli.com/cari/laptop%20advan?brand=Advan&sort=0&category=LA-1000004&category=LA-1000005&intent=false&firstLoad=false&page=8&start=280","ADVAN AI-Gen R7 8845HS ADVAN AI Gen Ryzen 7 16/512GB W11 14""FHD+ IPS","9.742.000","","","","Kota Madiun"
"1777284575-1031","https://www.blibli.com/cari/laptop%20advan?brand=Advan&sort=0&category=LA-1000004&category=LA-1000005&intent=false&firstLoad=false&page=8&start=280","ADVAN WORKMATE Core I3 1215 8GB 256GB 14.0UWUXGA IPS Windows 11","5.324.000","","","","Kota Madiun"
"1777284575-1032","https://www.blibli.com/cari/laptop%20advan?brand=Advan&sort=0&category=LA-1000004&category=LA-1000005&intent=false&firstLoad=false&page=8&start=280","ADVAN LAPTOP SOULMATE X2 8/128GB GARANSI RESMI - NEW","3.499.000","","","Kota Surabaya","CV INTOWN CELL INDONESIA Flagship Store"
"1777284575-1033","https://www.blibli.com/cari/laptop%20advan?brand=Advan&sort=0&category=LA-1000004&category=LA-1000005&intent=false&firstLoad=false&page=8&start=280","ADVAN Laptop Workplus AMD RYZEN 5 6600H 16GB 512GB W11 14"" FHD","7.792.200","","","Kota Medan","Agres ID Medan Flagship Store"
"1777284575-1034","https://www.blibli.com/cari/laptop%20advan?brand=Advan&sort=0&category=LA-1000004&category=LA-1000005&intent=false&firstLoad=false&page=8&start=280","Advan Workplus Silver(AMD Ryzen 5 6600H) AMD RYZEN 5 6600H/16GB/512GB/AMD integrated graphics/Win 11/14"" FHD (1920x1200) IPS)","6.890.000","","","","Kota Semarang"
"1777284575-1035","https://www.blibli.com/cari/laptop%20advan?brand=Advan&sort=0&category=LA-1000004&category=LA-1000005&intent=false&firstLoad=false&page=8&start=280","ADVAN 2 in 1 EVO-X 16” Intel i3-1215U 12GB/512GB W11 DETACHABLE","8.500.000","","Terjual 8","","Kota Surabaya"
"1777284575-1036","https://www.blibli.com/cari/laptop%20advan?brand=Advan&sort=0&category=LA-1000004&category=LA-1000005&intent=false&firstLoad=false&page=8&start=280","ADVAN PIXWAR RYZEN 7 6800H 16GB 512GB W11 15.6FHD","23.999.000","","Terjual 2","","Kota Surabaya"
"1777284575-1037","https://www.blibli.com/cari/laptop%20advan?brand=Advan&sort=0&category=LA-1000004&category=LA-1000005&intent=false&firstLoad=false&page=8&start=280","Advan Workplus Ryzen 5-6600H 16GB 512GB SSD 14"" FHD IPS Win 11 Home","6.999.000","","","","Kota Tasikmalaya"
