web_scraper_order,web_scraper_start_url,nama produk,harga,rating,jumlah terjual,lokasi penjual,nama toko
"1777228350-1","https://www.blibli.com/cari/laptop%20lenovo?sort=0&intent=false&firstLoad=false&category=LA-1000004&category=LA-1000005&category=UL-1000001&brand=Lenovo&page=10&start=360","Lenovo IdeaPad Slim 3 14AMN8 82XN009WID Notebook - Arctic Grey ( R3-7320U / 8GB / 512GB SSD / UMA / 14"" FHD TN / W11 / OH24+M365 )","7.389.000","5","Terjual 21","Blibli Flagship Store (Laptop) Flagship Store","Disediakan Blibli"
"1777228350-2","https://www.blibli.com/cari/laptop%20lenovo?sort=0&intent=false&firstLoad=false&category=LA-1000004&category=LA-1000005&category=UL-1000001&brand=Lenovo&page=10&start=360","Lenovo IdeaPad Slim 3 14IRH10 83K000EXID Notebook - Luna Grey (Intel i7-13620H/8GB+8GB (16GB) / 512GB SSD/ 14"" WUXGA IPS / Win11 / OHS2024+M365/Bag )","12.809.000","","","Blibli Flagship Store (Laptop) Flagship Store","Disediakan Blibli"
"1777228350-3","https://www.blibli.com/cari/laptop%20lenovo?sort=0&intent=false&firstLoad=false&category=LA-1000004&category=LA-1000005&category=UL-1000001&brand=Lenovo&page=10&start=360","Lenovo IdeaPad Slim 3 14IRU8 82X6006FID Notebook - Arctic Grey ( i3-1315U / 8GB / 512GB SSD / UMA / 14"" FHD TN / W11 / OH24+M365 / Bag )","8.269.000","5","Terjual 191","Blibli Flagship Store (Laptop) Flagship Store","Disediakan Blibli"
"1777228350-4","https://www.blibli.com/cari/laptop%20lenovo?sort=0&intent=false&firstLoad=false&category=LA-1000004&category=LA-1000005&category=UL-1000001&brand=Lenovo&page=10&start=360","LENOVO IP 3-14ADA05 UQID AMD 3020E/4/256/14""/CAM/OHS/WIN11","4.161.500","","","Kota Surabaya","Top Laptop Flagship Store"
"1777228350-5","https://www.blibli.com/cari/laptop%20lenovo?sort=0&intent=false&firstLoad=false&category=LA-1000004&category=LA-1000005&category=UL-1000001&brand=Lenovo&page=10&start=360","LENOVO FLEX 3-11IGL05 5TID BLUE N4020/4GB/256SSD/11.6""/CAM/OHS/WIN11","5.165.335","","","Kota Surabaya","Top Laptop Flagship Store"
"1777228350-6","https://www.blibli.com/cari/laptop%20lenovo?sort=0&intent=false&firstLoad=false&category=LA-1000004&category=LA-1000005&category=UL-1000001&brand=Lenovo&page=10&start=360","LENOVO IP 3-14IGL05 7CID BLACK N4020/4GB/256SSD/14""/CAM/OHS/WIN11","4.410.200","","","Kota Surabaya","Top Laptop Flagship Store"
"1777228350-7","https://www.blibli.com/cari/laptop%20lenovo?sort=0&intent=false&firstLoad=false&category=LA-1000004&category=LA-1000005&category=UL-1000001&brand=Lenovo&page=10&start=360","Lenovo IdeaPad Slim 3 14IRH10 83K000CVID Notebook - Artic Grey (Intel Core i5-13420H/8GB / 512GB SSD/ 14"" IPS / Win11 / OHS2024+M365/Bag )","9.849.000","","Terjual 7","Blibli Flagship Store (Laptop) Flagship Store","Disediakan Blibli"
"1777228350-8","https://www.blibli.com/cari/laptop%20lenovo?sort=0&intent=false&firstLoad=false&category=LA-1000004&category=LA-1000005&category=UL-1000001&brand=Lenovo&page=10&start=360","Lenovo IdeaPad Slim 3 14IRH10 83K000CUID Notebook - Abyss Blue (Intel Core i5-13420H/8GB / 512GB SSD/ 14"" FHD TN / Win11 / OHS2024+M365/Bag )","9.849.000","5","Terjual 3","Blibli Flagship Store (Laptop) Flagship Store","Disediakan Blibli"
"1777228350-9","https://www.blibli.com/cari/laptop%20lenovo?sort=0&intent=false&firstLoad=false&category=LA-1000004&category=LA-1000005&category=UL-1000001&brand=Lenovo&page=10&start=360","Lenovo IdeaPad Slim 3 14IRU8 82X6005NID Notebook - Arctic Grey ( i3-1315U / 8GB / 256GB SSD / UMA / 14"" FHD TN / W11 / OH24+M365 )","7.779.000","5","Terjual 85","Blibli Flagship Store (Laptop) Flagship Store","Disediakan Blibli"
"1777228350-10","https://www.blibli.com/cari/laptop%20lenovo?sort=0&intent=false&firstLoad=false&category=LA-1000004&category=LA-1000005&category=UL-1000001&brand=Lenovo&page=10&start=360","Lenovo IdeaPad Slim 3 14IRU8 82X6005LID Notebook - Abyss Blue ( i3-1315U / 8GB / 256GB SSD / UMA / 14"" FHD TN / W11 / OH24+M365 )","7.779.000","5","Terjual 82","Blibli Flagship Store (Laptop) Flagship Store","Disediakan Blibli"
"1777228350-11","https://www.blibli.com/cari/laptop%20lenovo?sort=0&intent=false&firstLoad=false&category=LA-1000004&category=LA-1000005&category=UL-1000001&brand=Lenovo&page=10&start=360","Lenovo IdeaPad Slim 3 14IRU8 82X6006DID Notebook – Arctic Grey ( i3-1315U / 8GB / 256GB SSD / UMA / 14"" FHD TN / W11 / OH24+M365 )","7.779.000","5","Terjual 38","Blibli Flagship Store (Laptop) Flagship Store","Disediakan Blibli"
"1777228350-12","https://www.blibli.com/cari/laptop%20lenovo?sort=0&intent=false&firstLoad=false&category=LA-1000004&category=LA-1000005&category=UL-1000001&brand=Lenovo&page=10&start=360","Lenovo IdeaPad Slim 3 14IRU8 82X6006CID Notebook – Abyss Blue ( i3-1315U / 8GB / 256GB SSD / UMA / 14"" FHD TN / W11 / OH24+M365 )","7.779.000","5","Terjual 23","Blibli Flagship Store (Laptop) Flagship Store","Disediakan Blibli"
"1777228350-13","https://www.blibli.com/cari/laptop%20lenovo?sort=0&intent=false&firstLoad=false&category=LA-1000004&category=LA-1000005&category=UL-1000001&brand=Lenovo&page=10&start=360","Lenovo Yoga 7 2-in-1 14ILL10 83JQ007CID Notebook - Seashell ( Ultra 7-258V / 32GB / 1TB SSD / UMA / 14"" 2.8K WQXGA+ OLED Touch /W11/OHS24+M365/Pen)","23.939.000","5","Terjual 21","Blibli Flagship Store (Laptop) Flagship Store","Disediakan Blibli"
"1777228350-14","https://www.blibli.com/cari/laptop%20lenovo?sort=0&intent=false&firstLoad=false&category=LA-1000004&category=LA-1000005&category=UL-1000001&brand=Lenovo&page=10&start=360","Lenovo IdeaPad Slim 5 14IAH10 83NC001QID Notebook-Cosmic Blue (Ultra 5-225H / 2x8GB(16GB) / 512GB SSD /UMA /14"" WUXGA OLED/W11 / OH24+M365 ) FREE Bag","14.699.000","5","Terjual 12","Blibli Flagship Store (Laptop) Flagship Store","Disediakan Blibli"
"1777228350-15","https://www.blibli.com/cari/laptop%20lenovo?sort=0&intent=false&firstLoad=false&category=LA-1000004&category=LA-1000005&category=UL-1000001&brand=Lenovo&page=10&start=360","Lenovo Yoga 7 2-in-1 14IML9 83DJ00GGID Notebook - Tidal Teal ( Ultra 7-155H / 16GB / 1TB SSD / UMA / 14"" 2.8K WQXGA+ OLED Touch /W11/OHS24+M365/Pen)","19.229.000","5","Terjual 12","Blibli Flagship Store (Laptop) Flagship Store","Disediakan Blibli"
"1777228350-16","https://www.blibli.com/cari/laptop%20lenovo?sort=0&intent=false&firstLoad=false&category=LA-1000004&category=LA-1000005&category=UL-1000001&brand=Lenovo&page=10&start=360","Lenovo IdeaPad Slim 3 14ARP10 83K60087ID Notebook - Cosmic Blue (Ryzen 7-7735HS/8GB+8GB (16GB)/ 512GB SSD/ 14"" WUXGA IPS / Win11 / OHS2024+M365/Bag )","10.799.000","5","Terjual 3","Blibli Flagship Store (Laptop) Flagship Store","Disediakan Blibli"
"1777228350-17","https://www.blibli.com/cari/laptop%20lenovo?sort=0&intent=false&firstLoad=false&category=LA-1000004&category=LA-1000005&category=UL-1000001&brand=Lenovo&page=10&start=360","Lenovo IdeaPad Slim 3 14ARP10 83K60088ID Notebook - Luna Grey (Ryzen 7-7735HS/8GB+8GB (16GB) / 512GB SSD/ 14"" WUXGA IPS / Win11 / OHS2024+M365/Bag )","10.799.000","5","Terjual 3","Blibli Flagship Store (Laptop) Flagship Store","Disediakan Blibli"
"1777228350-18","https://www.blibli.com/cari/laptop%20lenovo?sort=0&intent=false&firstLoad=false&category=LA-1000004&category=LA-1000005&category=UL-1000001&brand=Lenovo&page=10&start=360","Lenovo IdeaPad 5 2IN1 14AKP10 83KT0063ID Notebook - Luna Grey (AMD Ryzen AI 5 340 / 16GB / 512GB SSD / 14"" WUXGA OLED Touch /W11/OH24+M365/Pen)","15.189.000","","","Blibli Flagship Store (Laptop) Flagship Store","Disediakan Blibli"
"1777228350-19","https://www.blibli.com/cari/laptop%20lenovo?sort=0&intent=false&firstLoad=false&category=LA-1000004&category=LA-1000005&category=UL-1000001&brand=Lenovo&page=10&start=360","Lenovo IdeaPad 5 2IN1 14IRH9 83KX0089ID Notebook - Luna Grey (Intel Core i5-13420H / 16GB / 512GB SSD / 14"" WUXGA IPS Touch /W11/OH24+M365/Pen)","13.719.000","","Terjual 2","Blibli Flagship Store (Laptop) Flagship Store","Disediakan Blibli"
"1777228350-20","https://www.blibli.com/cari/laptop%20lenovo?sort=0&intent=false&firstLoad=false&category=LA-1000004&category=LA-1000005&category=UL-1000001&brand=Lenovo&page=10&start=360","Lenovo IdeaPad Slim 3 14ARP10 83K6008AID Notebook - Cosmic Blue (Ryzen 5-7535HS/8GB+8GB (16GB) / 512GB SSD/ 14"" WUXGA IPS / Win11 / OHS2024+M365/Bag )","10.199.000","5","Terjual 3","Blibli Flagship Store (Laptop) Flagship Store","Disediakan Blibli"
"1777228350-21","https://www.blibli.com/cari/laptop%20lenovo?sort=0&intent=false&firstLoad=false&category=LA-1000004&category=LA-1000005&category=UL-1000001&brand=Lenovo&page=10&start=360","Lenovo IdeaPad Slim 3 14IRH10 83K000FQID Notebook - Luna Grey (Intel Core i5-13420H/16GB/512GB SSD/14"" WUXGA IPS/W11/OH24+M365) Free Bag","10.839.000","","Terjual 1","Blibli Flagship Store (Laptop) Flagship Store","Disediakan Blibli"
"1777228350-22","https://www.blibli.com/cari/laptop%20lenovo?sort=0&intent=false&firstLoad=false&category=LA-1000004&category=LA-1000005&category=UL-1000001&brand=Lenovo&page=10&start=360","Lenovo IdeaPad Slim 3 14ARP10 83K60089ID Notebook - Luna Grey (Ryzen 5-7535HS/8GB+8GB (16GB) / 512GB SSD/ 14"" WUXGA IPS / Win11 / OHS2024+M365/Bag )","10.199.000","","Terjual 16","Blibli Flagship Store (Laptop) Flagship Store","Disediakan Blibli"
"1777228350-23","https://www.blibli.com/cari/laptop%20lenovo?sort=0&intent=false&firstLoad=false&category=LA-1000004&category=LA-1000005&category=UL-1000001&brand=Lenovo&page=10&start=360","Kombo Hemat - Laptop LENOVO IDEAPAD SLIM 3 IdeaPad 14IRU8 I3 1315 8GB 256GB 14"" FHD W11 OHS","7.542.000","","","Kota Jakarta Pusat","KlikGadget Flagship Store"
"1777228350-24","https://www.blibli.com/cari/laptop%20lenovo?sort=0&intent=false&firstLoad=false&category=LA-1000004&category=LA-1000005&category=UL-1000001&brand=Lenovo&page=10&start=360","LENOVO Laptop LEGION PRO 7 16IAX10H Intel Core Ultra 9 275HX NVIDIA GeForce RTX 5080 16GB 83F5008YID","56.170.404","","","Kota Surabaya","Lenovo Authorized Surabaya Timur Flagship Store"
"1777228350-25","https://www.blibli.com/cari/laptop%20lenovo?sort=0&intent=false&firstLoad=false&category=LA-1000004&category=LA-1000005&category=UL-1000001&brand=Lenovo&page=10&start=360","Laptop LENOVO V14 G4 AMN Athlon Silver RAM 8GB SSD 256GB 14"" FHD Win 11 No OHS Artic Grey - 82YT010YID","5.999.000","","","Kota Medan","KomputerMedan Flagship Store"
"1777228350-26","https://www.blibli.com/cari/laptop%20lenovo?sort=0&intent=false&firstLoad=false&category=LA-1000004&category=LA-1000005&category=UL-1000001&brand=Lenovo&page=10&start=360","GARANSI RESMI LENOVO IdeaPad 3 14IGL05-A2ID INTEL CELERON N4020 4GB 256GB SSD 14 INCH HD TN WINDOWS 11 + OHS ORIGINAL FREE TAS","4.326.000","","","","Kota Surabaya"
"1777228350-27","https://www.blibli.com/cari/laptop%20lenovo?sort=0&intent=false&firstLoad=false&category=LA-1000004&category=LA-1000005&category=UL-1000001&brand=Lenovo&page=10&start=360","GARANSI RESMI TERMURAH LENOVO IDEAPAD 3 14IGL05 4MID INTEL CELERON N4020 SSD M2 PCIe 512GB 4GB INTEL UHD GRAPHICS 600 WINDOWS 10 ORIGINAL","4.481.291","","","","Kota Surabaya"
"1777228350-28","https://www.blibli.com/cari/laptop%20lenovo?sort=0&intent=false&firstLoad=false&category=LA-1000004&category=LA-1000005&category=UL-1000001&brand=Lenovo&page=10&start=360","Laptop LENOVO IdeaPad Slim 5 14IRH10 Intel Core i5 13420H RAM 16GB SSD 512GB 14"" WUXGA OLED Win 11 Home + OHM","12.999.000","","","Kota Medan","KomputerMedan Flagship Store"
"1777228350-29","https://www.blibli.com/cari/laptop%20lenovo?sort=0&intent=false&firstLoad=false&category=LA-1000004&category=LA-1000005&category=UL-1000001&brand=Lenovo&page=10&start=360","Laptop Lenovo IdeaPad Slim 1 14AMN7 A6ID Athlon Silver 7120U RAM 8GB DDR5 256GB SSD 14″ Win 11 Home+OHS 2021","5.329.000","","","Kota Medan & kota lainnya","Komputer Medan"
"1777228350-30","https://www.blibli.com/cari/laptop%20lenovo?sort=0&intent=false&firstLoad=false&category=LA-1000004&category=LA-1000005&category=UL-1000001&brand=Lenovo&page=10&start=360","LENOVO Laptop Legion 5 15IRX10 Intel Core I7 14700HX 24GB 512GB SSD 15.1"" WQXGA OLED W11 NVIDIA GeForce RTX 5050 8GB GDDR7 Eclipse Black 83LY004RID","23.528.909","","","Kota Surabaya","Grosiria Flagship Store"
"1777228350-31","https://www.blibli.com/cari/laptop%20lenovo?sort=0&intent=false&firstLoad=false&category=LA-1000004&category=LA-1000005&category=UL-1000001&brand=Lenovo&page=10&start=360","Laptop LENOVO IdeaPad Duet 5 12IRU8 83B3004NID Core i7 1355U RAM 16GB SSD 512GB 12.4"" inch 2.5K Touch Win 11 Home+OHS 2021 Storm Grey","17.499.000","","","Kota Medan & kota lainnya","Komputer Medan"
"1777228350-32","https://www.blibli.com/cari/laptop%20lenovo?sort=0&intent=false&firstLoad=false&category=LA-1000004&category=LA-1000005&category=UL-1000001&brand=Lenovo&page=10&start=360","Laptop Lenovo IdeaPad Slim 5 13ARP10 83J2000LID Ryzen 7 7735HS RAM 16GB LP DDR5x SSD 512GB 13.3″ inch WUXGA IPS Win 11 Home+OHS 2021 Cloud Grey","13.099.000","","","Kota Medan","KomputerMedan Flagship Store"
"1777228350-33","https://www.blibli.com/cari/laptop%20lenovo?sort=0&intent=false&firstLoad=false&category=LA-1000004&category=LA-1000005&category=UL-1000001&brand=Lenovo&page=10&start=360","LAPTOP LENOVO IDEAPAD 3-14AMN8 (82XN009WID) ARTIC GREY AMD R3-7320U 8GB/512GB 14.0""FHD WIN 11 HOME+OHS+M365","7.891.101","","","Kota Palembang","MDP SUPERSTORE Flagship Store"
"1777228350-34","https://www.blibli.com/cari/laptop%20lenovo?sort=0&intent=false&firstLoad=false&category=LA-1000004&category=LA-1000005&category=UL-1000001&brand=Lenovo&page=10&start=360","LENOVO Laptop IdeaPad 3 14IRU8 Intel Core I3 1315U 8GB 512GB SSD 14"" FHD W11+OHS Abbys Blue 82X6006EID 6EID","7.600.000","","","Kota Surabaya","Grosiria Flagship Store"
"1777228350-35","https://www.blibli.com/cari/laptop%20lenovo?sort=0&intent=false&firstLoad=false&category=LA-1000004&category=LA-1000005&category=UL-1000001&brand=Lenovo&page=10&start=360","Lenovo IP130-14A Notebook - Platinum Grey [5 COMPUTE CORES 2C+3G 3.1GHZ TURBO BOOST SPEED UP TO 3.7GHZ--AMD 9425-4GB-1TB- R5 GRAAPHICS- 14""W10PRO}","6.649.050","","Terjual 1","Kota Jakarta Pusat","DWI JAYA MAKMUR Flagship Store"
"1777228350-36","https://www.blibli.com/cari/laptop%20lenovo?sort=0&intent=false&firstLoad=false&category=LA-1000004&category=LA-1000005&category=UL-1000001&brand=Lenovo&page=10&start=360","LENOVO Laptop Thinkpad X280 / Intel Core i5 / RAM 8GB / SSD 256GB / Windows 10pro [20KFA005ID]","17.359.000","","Terjual 1","Kota Surabaya","Lenovo Authorized Surabaya Timur Flagship Store"
"1777228350-37","https://www.blibli.com/cari/laptop%20lenovo?sort=0&intent=false&firstLoad=false&category=LA-1000004&category=LA-1000005&category=UL-1000001&brand=Lenovo&page=10&start=360","Laptop Lenovo ideapad slim 3","6.400.000","","Terjual 2","","Kota Medan"
"1777228350-38","https://www.blibli.com/cari/laptop%20lenovo?sort=0&intent=false&firstLoad=false&category=LA-1000004&category=LA-1000005&category=UL-1000001&brand=Lenovo&page=10&start=360","LENOVO Laptop IdeaPad 3 14IRU8 Intel Core I3 1315U 8GB 512GB SSD 14"" FHD W11+OHS Abbys Blue 82X6006EID 6EID","7.600.000","","","Kota Surabaya","Lenovo Authorized Surabaya Timur Flagship Store"
"1777228350-39","https://www.blibli.com/cari/laptop%20lenovo?sort=0&intent=false&firstLoad=false&category=LA-1000004&category=LA-1000005&category=UL-1000001&brand=Lenovo&page=10&start=360","LENOVO Laptop Yoga Slim 7 14ILL10 Ultra 5 226V 16GB 512GB SSD 14"" WQXGA+ OLED Touch W11+OHS Microsoft 365 Basic Luna Grey 83JX006CID 6CID","16.321.000","","","Kota Surabaya","Grosiria Flagship Store"
"1777228350-40","https://www.blibli.com/cari/laptop%20lenovo?sort=0&intent=false&firstLoad=false&category=LA-1000004&category=LA-1000005&category=UL-1000001&brand=Lenovo&page=10&start=360","LENOVO Laptop Legion Pro 5 16IAX10 Ultra 7 255HX 16GB 1TB SSD 16"" WQXGA OLED W11 Microsoft 365 Basic NVIDIA GeForce RTX 5060 8GB Eclipse Black 83F3003","27.725.000","","","Kota Surabaya","Grosiria Flagship Store"
"1777228350-41","https://www.blibli.com/cari/laptop%20lenovo?sort=0&intent=false&firstLoad=false&category=LA-1000004&category=LA-1000005&category=UL-1000001&brand=Lenovo&page=10&start=360","LAPTOP LENOVO V14 ITL Gen 2 82KA005UID i5-1135G7","11.525.000","","","","Kota Jakarta Utara"
"1777228350-42","https://www.blibli.com/cari/laptop%20lenovo?sort=0&intent=false&firstLoad=false&category=LA-1000004&category=LA-1000005&category=UL-1000001&brand=Lenovo&page=10&start=360","LAPTOP LENOVO Thinkbook 14ITL Gen 2 20VD01BTID i7-1165G7","14.930.000","","","","Kota Jakarta Utara"
"1777228350-43","https://www.blibli.com/cari/laptop%20lenovo?sort=0&intent=false&firstLoad=false&category=LA-1000004&category=LA-1000005&category=UL-1000001&brand=Lenovo&page=10&start=360","LAPTOP LENOVO THINKPAD X13 Gen 3 21BQS2PQ00 i7-1255U","25.390.000","","","","Kota Jakarta Utara"
"1777228350-44","https://www.blibli.com/cari/laptop%20lenovo?sort=0&intent=false&firstLoad=false&category=LA-1000004&category=LA-1000005&category=UL-1000001&brand=Lenovo&page=10&start=360","LAPTOP LENOVO THINKPAD L13 CLAM GEN 3 21B3004PID i5-1235U","20.150.000","","","","Kota Jakarta Utara"
"1777228350-45","https://www.blibli.com/cari/laptop%20lenovo?sort=0&intent=false&firstLoad=false&category=LA-1000004&category=LA-1000005&category=UL-1000001&brand=Lenovo&page=10&start=360","LAPTOP LENOVO IDEAPAD SLIM 1 14AMN7 82VF003LID/82VF003MID","7.375.000","","","","Kota Jakarta Utara"
"1777228350-46","https://www.blibli.com/cari/laptop%20lenovo?sort=0&intent=false&firstLoad=false&category=LA-1000004&category=LA-1000005&category=UL-1000001&brand=Lenovo&page=10&start=360","LAPTOP LENOVO K14 Gen 1 21CSS02W00 I5-1135G7","11.610.000","","","","Kota Jakarta Utara"
"1777228350-47","https://www.blibli.com/cari/laptop%20lenovo?sort=0&intent=false&firstLoad=false&category=LA-1000004&category=LA-1000005&category=UL-1000001&brand=Lenovo&page=10&start=360","LAPTOP LENOVO Yoga 7 14AHP9 0UID Ryzen 5 8640HS 16GB RAM","15.300.000","","","","Kota Jakarta Utara"
"1777228350-48","https://www.blibli.com/cari/laptop%20lenovo?sort=0&intent=false&firstLoad=false&category=LA-1000004&category=LA-1000005&category=UL-1000001&brand=Lenovo&page=10&start=360","LAPTOP LENOVO IP3 14ITL6 82H701FTID i3-1115G4","6.895.000","","","","Kota Jakarta Utara"
"1777228350-49","https://www.blibli.com/cari/laptop%20lenovo?sort=0&intent=false&firstLoad=false&category=LA-1000004&category=LA-1000005&category=UL-1000001&brand=Lenovo&page=10&start=360","LAPTOP LENOVO V14 ITL Gen 2 82AU006MID i5-1135G7","12.890.000","","","","Kota Jakarta Utara"
"1777228350-50","https://www.blibli.com/cari/laptop%20lenovo?sort=0&intent=false&firstLoad=false&category=LA-1000004&category=LA-1000005&category=UL-1000001&brand=Lenovo&page=10&start=360","LAPTOP LENOVO IDEAPAD FLEX 5 14ABR8 82XX002VID/82XX002XID","11.865.000","","","","Kota Jakarta Utara"
"1777228350-51","https://www.blibli.com/cari/laptop%20lenovo?sort=0&intent=false&firstLoad=false&category=LA-1000004&category=LA-1000005&category=UL-1000001&brand=Lenovo&page=10&start=360","LAPTOP LENOVO THINKPAD T15g Gen 2 20YS003CID i7-11850H","29.100.000","","","","Kota Jakarta Utara"
"1777228350-52","https://www.blibli.com/cari/laptop%20lenovo?sort=0&intent=false&firstLoad=false&category=LA-1000004&category=LA-1000005&category=UL-1000001&brand=Lenovo&page=10&start=360","LAPTOP LENOVO IP3 14ITL6 82H701FPID / 82H701FQID","6.500.000","","","","Kota Jakarta Utara"
"1777228350-53","https://www.blibli.com/cari/laptop%20lenovo?sort=0&intent=false&firstLoad=false&category=LA-1000004&category=LA-1000005&category=UL-1000001&brand=Lenovo&page=10&start=360","LAPTOP LENOVO V14 ITL Gen 2 82KA017UID I5 1135G7","11.100.000","","","","Kota Jakarta Utara"
"1777228350-54","https://www.blibli.com/cari/laptop%20lenovo?sort=0&intent=false&firstLoad=false&category=LA-1000004&category=LA-1000005&category=UL-1000001&brand=Lenovo&page=10&start=360","LAPTOP LENOVO THINKPAD E14 Gen 5 21JK00AVID Intel i7-1355U","18.950.000","","","","Kota Jakarta Utara"
"1777228350-55","https://www.blibli.com/cari/laptop%20lenovo?sort=0&intent=false&firstLoad=false&category=LA-1000004&category=LA-1000005&category=UL-1000001&brand=Lenovo&page=10&start=360","Laptop LENOVO V14 ADA ETID - AMD ATHLON 3020 8GB SSD256 14"" DOS","4.162.450","","","","Kota Surabaya"
"1777228350-56","https://www.blibli.com/cari/laptop%20lenovo?sort=0&intent=false&firstLoad=false&category=LA-1000004&category=LA-1000005&category=UL-1000001&brand=Lenovo&page=10&start=360","LAPTOP LENOVO THINKPAD X13 Gen 4 21EX0062ID Intel i5-1345U","22.300.000","","","","Kota Jakarta Utara"
"1777228350-57","https://www.blibli.com/cari/laptop%20lenovo?sort=0&intent=false&firstLoad=false&category=LA-1000004&category=LA-1000005&category=UL-1000001&brand=Lenovo&page=10&start=360","LAPTOP LENOVO V14 ITL Gen 2 82KAA03PID i5-1135G7","9.799.000","","","","Kota Jakarta Utara"
"1777228350-58","https://www.blibli.com/cari/laptop%20lenovo?sort=0&intent=false&firstLoad=false&category=LA-1000004&category=LA-1000005&category=UL-1000001&brand=Lenovo&page=10&start=360","LAPTOP LENOVO Thinkbook 14ITL Gen 2 20VD01BSID I5-1135G7","13.750.000","","","","Kota Jakarta Utara"
"1777228350-59","https://www.blibli.com/cari/laptop%20lenovo?sort=0&intent=false&firstLoad=false&category=LA-1000004&category=LA-1000005&category=UL-1000001&brand=Lenovo&page=10&start=360","Laptop Lenovo Yoga Slim 9 14IAP7 82T00006ID i7-1280P","23.920.000","","","","Kota Jakarta Utara"
"1777228350-60","https://www.blibli.com/cari/laptop%20lenovo?sort=0&intent=false&firstLoad=false&category=LA-1000004&category=LA-1000005&category=UL-1000001&brand=Lenovo&page=10&start=360","LAPTOP LENOVO THINKBOOK 14IAP Gen 4 21DH00HYID INTEL I5 1235U","14.300.000","","","","Kota Jakarta Utara"
"1777228350-61","https://www.blibli.com/cari/laptop%20lenovo?sort=0&intent=false&firstLoad=false&category=LA-1000004&category=LA-1000005&category=UL-1000001&brand=Lenovo&page=10&start=360","LAPTOP LENOVO IP3 14IAU7 FQID INTEL I3 1215U 8GB RAM","6.285.000","","","","Kota Jakarta Utara"
"1777228350-62","https://www.blibli.com/cari/laptop%20lenovo?sort=0&intent=false&firstLoad=false&category=LA-1000004&category=LA-1000005&category=UL-1000001&brand=Lenovo&page=10&start=360","LAPTOP LENOVO IP3 14IAU7 GAID INTEL i3-1215U 8GB RAM","6.325.000","","","","Kota Jakarta Utara"
"1777228350-63","https://www.blibli.com/cari/laptop%20lenovo?sort=0&intent=false&firstLoad=false&category=LA-1000004&category=LA-1000005&category=UL-1000001&brand=Lenovo&page=10&start=360","LAPTOP LENOVO V14 ITL Gen 2 82KA017RID I3 1115G4","6.965.000","","","","Kota Jakarta Utara"
"1777228350-64","https://www.blibli.com/cari/laptop%20lenovo?sort=0&intent=false&firstLoad=false&category=LA-1000004&category=LA-1000005&category=UL-1000001&brand=Lenovo&page=10&start=360","LAPTOP LENOVO THINKPAD L13 YOGA Gen 3 21B5004PID i5-1235U","20.400.000","","","","Kota Jakarta Utara"
"1777228350-65","https://www.blibli.com/cari/laptop%20lenovo?sort=0&intent=false&firstLoad=false&category=LA-1000004&category=LA-1000005&category=UL-1000001&brand=Lenovo&page=10&start=360","LAPTOP LENOVO V14 ITL Gen 2 82KA017NID I7 1165G7","10.780.000","","","","Kota Jakarta Utara"
"1777228350-66","https://www.blibli.com/cari/laptop%20lenovo?sort=0&intent=false&firstLoad=false&category=LA-1000004&category=LA-1000005&category=UL-1000001&brand=Lenovo&page=10&start=360","LAPTOP LENOVO V14 ITL Gen 2 82KA005HID I7 1165G7","11.350.000","","","","Kota Jakarta Utara"
"1777228350-67","https://www.blibli.com/cari/laptop%20lenovo?sort=0&intent=false&firstLoad=false&category=LA-1000004&category=LA-1000005&category=UL-1000001&brand=Lenovo&page=10&start=360","LAPTOP LENOVO V14 ITL Gen 2 82KA006EID I7 1165G7","13.125.000","","","","Kota Jakarta Utara"
"1777228350-68","https://www.blibli.com/cari/laptop%20lenovo?sort=0&intent=false&firstLoad=false&category=LA-1000004&category=LA-1000005&category=UL-1000001&brand=Lenovo&page=10&start=360","LAPTOP LENOVO THINKPAD L13 YOGA Gen 3 21B5004QID i7-1255U","25.740.000","","","","Kota Jakarta Utara"
"1777228350-69","https://www.blibli.com/cari/laptop%20lenovo?sort=0&intent=false&firstLoad=false&category=LA-1000004&category=LA-1000005&category=UL-1000001&brand=Lenovo&page=10&start=360","LAPTOP LENOVO Ideapad IPS 5 14IMH9 4RID Intel Core Ultra 5 125H","13.150.000","","","","Kota Jakarta Utara"
"1777228350-70","https://www.blibli.com/cari/laptop%20lenovo?sort=0&intent=false&firstLoad=false&category=LA-1000004&category=LA-1000005&category=UL-1000001&brand=Lenovo&page=10&start=360","LAPTOP LENOVO THINKPAD L13 Gen 5 22ID INTEL ULTRA 155U 16GB RAM","25.100.000","","","","Kota Jakarta Utara"
"1777228350-71","https://www.blibli.com/cari/laptop%20lenovo?sort=0&intent=false&firstLoad=false&category=LA-1000004&category=LA-1000005&category=UL-1000001&brand=Lenovo&page=10&start=360","LAPTOP LENOVO Ideapad IPS5 14IMH9 Intel Ultra 7 155H 16GB RAM","15.170.000","","","","Kota Jakarta Utara"
"1777228350-72","https://www.blibli.com/cari/laptop%20lenovo?sort=0&intent=false&firstLoad=false&category=LA-1000004&category=LA-1000005&category=UL-1000001&brand=Lenovo&page=10&start=360","LAPTOP LENOVO IDEAPAD SLIM 3 Ryzen 3 7320U 8GB/ 512GB WIN 11 HOME","6.500.000","","","","Kota Surabaya"
"1777228350-73","https://www.blibli.com/cari/laptop%20lenovo?sort=0&intent=false&firstLoad=false&category=LA-1000004&category=LA-1000005&category=UL-1000001&brand=Lenovo&page=10&start=360","LAPTOP LENOVO THINKBOOK 14IML Gen 7 BEID INTEL ULTRA 5 125U 8GB RAM","14.680.000","","","","Kota Jakarta Utara"
"1777228350-74","https://www.blibli.com/cari/laptop%20lenovo?sort=0&intent=false&firstLoad=false&category=LA-1000004&category=LA-1000005&category=UL-1000001&brand=Lenovo&page=10&start=360","LAPTOP LENOVO LOQ i5 Gen 13 Ram 12GB SSD 512GB Win 11 Professional","16.799.000","","","","Kota Surabaya"
"1777228350-75","https://www.blibli.com/cari/laptop%20lenovo?sort=0&intent=false&firstLoad=false&category=LA-1000004&category=LA-1000005&category=UL-1000001&brand=Lenovo&page=10&start=360","LAPTOP LENOVO THINKPAD X13 Gen 5 57ID INTEL ULTRA 5 135U 16GBBRAM","26.150.000","","","","Kota Jakarta Utara"
"1777228350-76","https://www.blibli.com/cari/laptop%20lenovo?sort=0&intent=false&firstLoad=false&category=LA-1000004&category=LA-1000005&category=UL-1000001&brand=Lenovo&page=10&start=360","LAPTOP LENOVO IDEAPAD SLIM 3 Ryzen 3 7320U 8GB/ 512GB WIN 11 PROFESSIONAL","7.100.000","","","","Kota Surabaya"
"1777228350-77","https://www.blibli.com/cari/laptop%20lenovo?sort=0&intent=false&firstLoad=false&category=LA-1000004&category=LA-1000005&category=UL-1000001&brand=Lenovo&page=10&start=360","LAPTOP LENOVO THINKBOOK 14IML Gen 7 BFID INTEL ULTRA 7 155U 8GB RAM","18.350.000","","","","Kota Jakarta Utara"
"1777228350-78","https://www.blibli.com/cari/laptop%20lenovo?sort=0&intent=false&firstLoad=false&category=LA-1000004&category=LA-1000005&category=UL-1000001&brand=Lenovo&page=10&start=360","LAPTOP LENOVO THINKPAD T14 Gen 5 AGID INTEL ULTRA 7 165H 32GB RAM","28.425.000","","","","Kota Jakarta Utara"
"1777228350-79","https://www.blibli.com/cari/laptop%20lenovo?sort=0&intent=false&firstLoad=false&category=LA-1000004&category=LA-1000005&category=UL-1000001&brand=Lenovo&page=10&start=360","LAPTOP LENOVO IP 5 Pro 16ARH7 82SH000UID / 82SH000TID","17.565.000","","","","Kota Jakarta Utara"
"1777228350-80","https://www.blibli.com/cari/laptop%20lenovo?sort=0&intent=false&firstLoad=false&category=LA-1000004&category=LA-1000005&category=UL-1000001&brand=Lenovo&page=10&start=360","LAPTOP Lenovo Thinkpad X1 Nano Gen 2 21E8004BID Intel i7-1280P","36.625.000","","","","Kota Jakarta Utara"
"1777228350-81","https://www.blibli.com/cari/laptop%20lenovo?sort=0&intent=false&firstLoad=false&category=LA-1000004&category=LA-1000005&category=UL-1000001&brand=Lenovo&page=10&start=360","LAPTOP LENOVO V14 RYZEN 5 7520U|16GB 512GB|14""IPS|W11+OHS","9.650.505","","","","Kota Pekanbaru"
"1777228350-82","https://www.blibli.com/cari/laptop%20lenovo?sort=0&intent=false&firstLoad=false&category=LA-1000004&category=LA-1000005&category=UL-1000001&brand=Lenovo&page=10&start=360","LAPTOP LENOVO IDEAPAD FLEX 5i 14IRU8 82Y0003HID/82Y0003KID","13.190.000","","","","Kota Jakarta Utara"
"1777228350-83","https://www.blibli.com/cari/laptop%20lenovo?sort=0&intent=false&firstLoad=false&category=LA-1000004&category=LA-1000005&category=UL-1000001&brand=Lenovo&page=10&start=360","LAPTOP LENOVO IDEAPAD SLIM 3 Core i5-12450H 8GB/512GB WIN 11 HOME","8.300.000","","","","Kota Surabaya"
"1777228350-84","https://www.blibli.com/cari/laptop%20lenovo?sort=0&intent=false&firstLoad=false&category=LA-1000004&category=LA-1000005&category=UL-1000001&brand=Lenovo&page=10&start=360","LAPTOP LENOVO V14 G2 ITL 82KA00WHID - i3 Windows 10 Pro","11.250.000","","","","Kota Jakarta Utara"
"1777228350-85","https://www.blibli.com/cari/laptop%20lenovo?sort=0&intent=false&firstLoad=false&category=LA-1000004&category=LA-1000005&category=UL-1000001&brand=Lenovo&page=10&start=360","LAPTOP LENOVO THINKBOOK 14S YOGA IRU GEN 3 21JG0045ID I7 1355U","17.360.000","","","","Kota Jakarta Utara"
"1777228350-86","https://www.blibli.com/cari/laptop%20lenovo?sort=0&intent=false&firstLoad=false&category=LA-1000004&category=LA-1000005&category=UL-1000001&brand=Lenovo&page=10&start=360","LAPTOP LENOVO Ideapad IPS 5 14IAL7 OLED 82XD0067ID/82XD008BID","14.040.000","","","","Kota Jakarta Utara"
"1777228350-87","https://www.blibli.com/cari/laptop%20lenovo?sort=0&intent=false&firstLoad=false&category=LA-1000004&category=LA-1000005&category=UL-1000001&brand=Lenovo&page=10&start=360","LAPTOP LENOVO THINKPAD T14 Gen 3 21AH00J2ID i7-1255U","25.400.000","","","","Kota Jakarta Utara"
"1777228350-88","https://www.blibli.com/cari/laptop%20lenovo?sort=0&intent=false&firstLoad=false&category=LA-1000004&category=LA-1000005&category=UL-1000001&brand=Lenovo&page=10&start=360","LAPTOP LENOVO Thinkpad P15s GEN 2 20W600BTID i7-1185G7","32.250.000","","","","Kota Jakarta Utara"
"1777228350-89","https://www.blibli.com/cari/laptop%20lenovo?sort=0&intent=false&firstLoad=false&category=LA-1000004&category=LA-1000005&category=UL-1000001&brand=Lenovo&page=10&start=360","LAPTOP LENOVO THINKPAD E14 Gen 2 20TBS44J00 I5 1135G7","15.590.000","","","","Kota Jakarta Utara"
"1777228350-90","https://www.blibli.com/cari/laptop%20lenovo?sort=0&intent=false&firstLoad=false&category=LA-1000004&category=LA-1000005&category=UL-1000001&brand=Lenovo&page=10&start=360","LAPTOP LENOVO V14 ITL Gen 2 82KAA00MID INTEL I5 1135G7","11.650.000","","","","Kota Jakarta Utara"
"1777228350-91","https://www.blibli.com/cari/laptop%20lenovo?sort=0&intent=false&firstLoad=false&category=LA-1000004&category=LA-1000005&category=UL-1000001&brand=Lenovo&page=10&start=360","LAPTOP LENOVO THINKPAD L13 Clam Gen 4 21FG002VID Intel i7-1355U","22.000.000","","","","Kota Jakarta Utara"
"1777228350-92","https://www.blibli.com/cari/laptop%20lenovo?sort=0&intent=false&firstLoad=false&category=LA-1000004&category=LA-1000005&category=UL-1000001&brand=Lenovo&page=10&start=360","LAPTOP LENOVO IDEAPAD SLIM 3 Core i5-12450H 8GB/512GB WIN 11 PROFESSIONAL","9.000.000","","","","Kota Surabaya"
"1777228350-93","https://www.blibli.com/cari/laptop%20lenovo?sort=0&intent=false&firstLoad=false&category=LA-1000004&category=LA-1000005&category=UL-1000001&brand=Lenovo&page=10&start=360","LAPTOP LENOVO IdeaPad 5 14ABR8 37ID Ryzen 7 7730U 8GB RAM","10.050.000","","","","Kota Jakarta Utara"
"1777228350-94","https://www.blibli.com/cari/laptop%20lenovo?sort=0&intent=false&firstLoad=false&category=LA-1000004&category=LA-1000005&category=UL-1000001&brand=Lenovo&page=10&start=360","LAPTOP LENOVO IDEAPAD SLIM 3 Core i5-12450H 16GB/512GB WIN 11 HOME","9.200.000","","","","Kota Surabaya"
"1777228350-95","https://www.blibli.com/cari/laptop%20lenovo?sort=0&intent=false&firstLoad=false&category=LA-1000004&category=LA-1000005&category=UL-1000001&brand=Lenovo&page=10&start=360","LAPTOP LENOVO IDEAPAD SLIM 3 Core i5-12450H 16GB/512GB WIN 11 PROFESSIONAL","9.800.000","","","","Kota Surabaya"
"1777228350-96","https://www.blibli.com/cari/laptop%20lenovo?sort=0&intent=false&firstLoad=false&category=LA-1000004&category=LA-1000005&category=UL-1000001&brand=Lenovo&page=10&start=360","LAPTOP LENOVO THINKPAD L14 GEN 4 YC00 INTEL I5 1345U 16GB RAM","17.650.000","","","","Kota Jakarta Utara"
"1777228350-97","https://www.blibli.com/cari/laptop%20lenovo?sort=0&intent=false&firstLoad=false&category=LA-1000004&category=LA-1000005&category=UL-1000001&brand=Lenovo&page=10&start=360","LAPTOP LENOVO Thinkbook 14ABP Gen 7 7FID AMD Ryzen 5 7535HS 16GB RAM","11.800.000","","","","Kota Jakarta Utara"
"1777228350-98","https://www.blibli.com/cari/laptop%20lenovo?sort=0&intent=false&firstLoad=false&category=LA-1000004&category=LA-1000005&category=UL-1000001&brand=Lenovo&page=10&start=360","LAPTOP LENOVO Thinkpad E16 Gen 2 67ID INTEL ULTRA 5 125U 8GB RAM","17.100.000","","","","Kota Jakarta Utara"
"1777228350-99","https://www.blibli.com/cari/laptop%20lenovo?sort=0&intent=false&firstLoad=false&category=LA-1000004&category=LA-1000005&category=UL-1000001&brand=Lenovo&page=10&start=360","LAPTOP LENOVO THINKPAD E14 Gen 6 59ID INTEL ULTRA 5 125U 8GB RAM","17.865.000","","","","Kota Jakarta Utara"
"1777228350-100","https://www.blibli.com/cari/laptop%20lenovo?sort=0&intent=false&firstLoad=false&category=LA-1000004&category=LA-1000005&category=UL-1000001&brand=Lenovo&page=10&start=360","LAPTOP LENOVO THINKPAD E16 Gen 2 69ID INTEL ULTRA 7 155U 16GB RAM","21.400.000","","","","Kota Jakarta Utara"
"1777228350-101","https://www.blibli.com/cari/laptop%20lenovo?sort=0&intent=false&firstLoad=false&category=LA-1000004&category=LA-1000005&category=UL-1000001&brand=Lenovo&page=10&start=360","LAPTOP LENOVO THINKPAD L13 Gen 5 21ID INTEL ULTRA 5 125U 16GB RAM","21.500.000","","","","Kota Jakarta Utara"
"1777228350-102","https://www.blibli.com/cari/laptop%20lenovo?sort=0&intent=false&firstLoad=false&category=LA-1000004&category=LA-1000005&category=UL-1000001&brand=Lenovo&page=10&start=360","LAPTOP LENOVO Thinkpad P15s GEN 2 20W600BVID i7-1185G7","37.265.000","","","","Kota Jakarta Utara"
"1777228350-103","https://www.blibli.com/cari/laptop%20lenovo?sort=0&intent=false&firstLoad=false&category=LA-1000004&category=LA-1000005&category=UL-1000001&brand=Lenovo&page=10&start=360","LAPTOP LENOVO THINKPAD X1 CARBON AMID GEN 12 INTEL ULTRA 7 165U 32GB RAM","38.450.000","","","","Kota Jakarta Utara"
"1777228350-104","https://www.blibli.com/cari/laptop%20lenovo?sort=0&intent=false&firstLoad=false&category=LA-1000004&category=LA-1000005&category=UL-1000001&brand=Lenovo&page=10&start=360","LAPTOP LENOVO THINKPAD X13 GEN2 20XJS0FD00 Ryzen 5 PRO 5650U","14.650.000","","","","Kota Jakarta Utara"
"1777228350-105","https://www.blibli.com/cari/laptop%20lenovo?sort=0&intent=false&firstLoad=false&category=LA-1000004&category=LA-1000005&category=UL-1000001&brand=Lenovo&page=10&start=360","LAPTOP LENOVO THINKPAD L13 Clam Gen 4 21FG002UID Intel i5-1335U","18.900.000","","","","Kota Jakarta Utara"
"1777228350-106","https://www.blibli.com/cari/laptop%20lenovo?sort=0&intent=false&firstLoad=false&category=LA-1000004&category=LA-1000005&category=UL-1000001&brand=Lenovo&page=10&start=360","LAPTOP LENOVO THINKPAD P15s Gen 2 GXID i7-1185G7 16GB RAM","32.450.000","","","","Kota Jakarta Utara"
"1777228350-107","https://www.blibli.com/cari/laptop%20lenovo?sort=0&intent=false&firstLoad=false&category=LA-1000004&category=LA-1000005&category=UL-1000001&brand=Lenovo&page=10&start=360","LAPTOP LENOVO THINKPAD L470 CORE I3 GEN 6 RAM 8GB SSD 256GB SALE!!!","3.000.000","","","","Kota Jakarta Utara"
"1777228350-108","https://www.blibli.com/cari/laptop%20lenovo?sort=0&intent=false&firstLoad=false&category=LA-1000004&category=LA-1000005&category=UL-1000001&brand=Lenovo&page=10&start=360","Laptop Lenovo Slim 3 14IAU7 Intel Core i5 Gen 12 14 inch Garansi Resmi","8.870.000","","","","Kota Medan"
"1777228350-109","https://www.blibli.com/cari/laptop%20lenovo?sort=0&intent=false&firstLoad=false&category=LA-1000004&category=LA-1000005&category=UL-1000001&brand=Lenovo&page=10&start=360","LAPTOP LENOVO IP3 SLIM i3-1315U|8GB SSD 512|14""FHD|W11+OHS","8.158.005","","","","Kota Pekanbaru"
"1777228350-110","https://www.blibli.com/cari/laptop%20lenovo?sort=0&intent=false&firstLoad=false&category=LA-1000004&category=LA-1000005&category=UL-1000001&brand=Lenovo&page=10&start=360","Laptop Lenovo YOGA 6-2KID (R7 5700/16GB/512/W10+OHS/13.3""/FLIP/TOUCH)","17.525.000","","","","Kota Surabaya"
"1777228350-111","https://www.blibli.com/cari/laptop%20lenovo?sort=0&intent=false&firstLoad=false&category=LA-1000004&category=LA-1000005&category=UL-1000001&brand=Lenovo&page=10&start=360","LAPTOP LENOVO V14 Gen 3 IAP 82TS00NPID i3 1215U 8GB RAM","6.300.000","","","","Kota Jakarta Utara"
"1777228350-112","https://www.blibli.com/cari/laptop%20lenovo?sort=0&intent=false&firstLoad=false&category=LA-1000004&category=LA-1000005&category=UL-1000001&brand=Lenovo&page=10&start=360","LAPTOP LENOVO Yoga 7 14ITL5 82BH00N1ID i5-1135G7","15.550.000","","","","Kota Jakarta Utara"
"1777228350-113","https://www.blibli.com/cari/laptop%20lenovo?sort=0&intent=false&firstLoad=false&category=LA-1000004&category=LA-1000005&category=UL-1000001&brand=Lenovo&page=10&start=360","Laptop Lenovo IdeaPad 3 5VID 5WID Pentium Silver 512GB SSD 14FHD 8GB","5.175.500","","","","Kab. Sleman"
"1777228350-114","https://www.blibli.com/cari/laptop%20lenovo?sort=0&intent=false&firstLoad=false&category=LA-1000004&category=LA-1000005&category=UL-1000001&brand=Lenovo&page=10&start=360","Lenovo ThinkPad X13 Gen 5 (Intel) Core Ultra 5-135U16GB 512GB SSD W11Pro","24.239.000","","","Kota Jakarta Pusat","VORTEXINDO Flagship Store"
"1777228350-115","https://www.blibli.com/cari/laptop%20lenovo?sort=0&intent=false&firstLoad=false&category=LA-1000004&category=LA-1000005&category=UL-1000001&brand=Lenovo&page=10&start=360","LAPTOP LENOVO THINKPAD T14 Gen 4 21HD00A8ID, Intel i5-1335U","22.350.000","","","","Kota Jakarta Utara"
"1777228350-116","https://www.blibli.com/cari/laptop%20lenovo?sort=0&intent=false&firstLoad=false&category=LA-1000004&category=LA-1000005&category=UL-1000001&brand=Lenovo&page=10&start=360","Lenovo ThinkPad L13 Yoga G2 Core i5-1135G7 16GB 512SSD W10 Pro","18.569.000","","","Kota Jakarta Pusat","VORTEXINDO Flagship Store"
"1777228350-117","https://www.blibli.com/cari/laptop%20lenovo?sort=0&intent=false&firstLoad=false&category=LA-1000004&category=LA-1000005&category=UL-1000001&brand=Lenovo&page=10&start=360","Lenovo ThinkPad L13 Gen 5 Core Ultra 5-125U 16GB 512SSD W11 Pro","19.289.000","","","Kota Jakarta Pusat","VORTEXINDO Flagship Store"
"1777228350-118","https://www.blibli.com/cari/laptop%20lenovo?sort=0&intent=false&firstLoad=false&category=LA-1000004&category=LA-1000005&category=UL-1000001&brand=Lenovo&page=10&start=360","LAPTOP LENOVO Ideapad IPS 5 14IMH9 5TID INTEL ULRA 5 125H 16GB RAM","12.670.000","","","","Kota Jakarta Utara"
"1777228350-119","https://www.blibli.com/cari/laptop%20lenovo?sort=0&intent=false&firstLoad=false&category=LA-1000004&category=LA-1000005&category=UL-1000001&brand=Lenovo&page=10&start=360","LAPTOP LENOVO Yoga Slim 9 14ILL10 2FID Intel Ultra 7 258V 32GB RAM","31.450.000","","","","Kota Jakarta Utara"
"1777228350-120","https://www.blibli.com/cari/laptop%20lenovo?sort=0&intent=false&firstLoad=false&category=LA-1000004&category=LA-1000005&category=UL-1000001&brand=Lenovo&page=10&start=360","Lenovo ThinkPad X13 Gen 3 (AMD) Ryzen 5 PRO 6650U 8GB 512GB SSD W11Pro","14.959.000","","","Kota Jakarta Pusat","VORTEXINDO Flagship Store"
"1777228350-121","https://www.blibli.com/cari/laptop%20lenovo?sort=0&intent=false&firstLoad=false&category=LA-1000004&category=LA-1000005&category=UL-1000001&brand=Lenovo&page=10&start=360","Lenovo ThinkPad T14 Gen 5 (AMD) Ryzen 7 PRO 8840U 32GB 1TB SSD W11 Pro","28.999.000","","","Kota Jakarta Pusat","VORTEXINDO Flagship Store"
"1777228350-122","https://www.blibli.com/cari/laptop%20lenovo?sort=0&intent=false&firstLoad=false&category=LA-1000004&category=LA-1000005&category=UL-1000001&brand=Lenovo&page=10&start=360","LAPTOP Lenovo V14 G3 IAP 82TS00JMID i3 1215U 8GB RAM","6.860.000","","","","Kota Jakarta Utara"
"1777228350-123","https://www.blibli.com/cari/laptop%20lenovo?sort=0&intent=false&firstLoad=false&category=LA-1000004&category=LA-1000005&category=UL-1000001&brand=Lenovo&page=10&start=360","LAPTOP LENOVO THINKPAD P16v Gen 1 0W00 i7-13700H 16GB RAM","33.170.000","","","","Kota Jakarta Utara"
"1777228350-124","https://www.blibli.com/cari/laptop%20lenovo?sort=0&intent=false&firstLoad=false&category=LA-1000004&category=LA-1000005&category=UL-1000001&brand=Lenovo&page=10&start=360","Lenovo IdeaPad Slim 3 14ARP10 AMD Ryzen 5 7535HS 8GB 512GB SSD W11 OH24 + M365","10.699.000","","","Kota Jakarta Pusat","FLIXX.ID Flagship Store"
"1777228350-125","https://www.blibli.com/cari/laptop%20lenovo?sort=0&intent=false&firstLoad=false&category=LA-1000004&category=LA-1000005&category=UL-1000001&brand=Lenovo&page=10&start=360","Lenovo IdeaPad Slim 5 14AKP10 AMD Ryzen AI 5 330 16GB SSD 512GB 14"" W11+OH2024","14.663.000","","","Kota Surakarta (Solo) & kota lainnya","ELS Computer Flagship Store"
"1777228350-126","https://www.blibli.com/cari/laptop%20lenovo?sort=0&intent=false&firstLoad=false&category=LA-1000004&category=LA-1000005&category=UL-1000001&brand=Lenovo&page=10&start=360","LAPTOP LENOVO IDEAPAD SLIM 5 IPS AMD Ryzen 7 7730U 16GB/512GB WIN 11 HOME","11.100.000","","","","Kota Surabaya"
"1777228350-127","https://www.blibli.com/cari/laptop%20lenovo?sort=0&intent=false&firstLoad=false&category=LA-1000004&category=LA-1000005&category=UL-1000001&brand=Lenovo&page=10&start=360","LAPTOP LENOVO IDEAPAD SLIM 5 OLED AMD Ryzen 7 7730U 16GB/512GB WIN 11 HOME","11.500.000","","","","Kota Surabaya"
"1777228350-128","https://www.blibli.com/cari/laptop%20lenovo?sort=0&intent=false&firstLoad=false&category=LA-1000004&category=LA-1000005&category=UL-1000001&brand=Lenovo&page=10&start=360","LAPTOP LENOVO THINKPAD L14 Gen 5 5XID Intel Core Ultra 5 125U 8GB RAM","18.565.000","","","","Kota Jakarta Utara"
"1777228350-129","https://www.blibli.com/cari/laptop%20lenovo?sort=0&intent=false&firstLoad=false&category=LA-1000004&category=LA-1000005&category=UL-1000001&brand=Lenovo&page=10&start=360","Lenovo IdeaPad 5 82LM0029ID (RYZEN5-5500U/8G/SSD512GB/GRAY)","10.579.000","","","Kota Jakarta Timur","Lenovo Authorized Jakarta Timur Flagship Store"
"1777228350-130","https://www.blibli.com/cari/laptop%20lenovo?sort=0&intent=false&firstLoad=false&category=LA-1000004&category=LA-1000005&category=UL-1000001&brand=Lenovo&page=10&start=360","Lenovo ThinkPad E14 Gen 6 (AMD) Ryzen 7 7735U 16GB 1TB SSD W11 Pro","19.999.000","","","Kota Jakarta Pusat","VORTEXINDO Flagship Store"
"1777228350-131","https://www.blibli.com/cari/laptop%20lenovo?sort=0&intent=false&firstLoad=false&category=LA-1000004&category=LA-1000005&category=UL-1000001&brand=Lenovo&page=10&start=360","LENOVO IDEAPAD SLIM 3 14AMN8 8JID 8HID 9VID 9WID AMD RYZEN 3-7320U 8GB 512GB WIN 11 HOME + OFFICE HOME 2024 + M 365 1 YEAR","8.312.000","","","Kota Surabaya","Lenovo Authorized Surabaya Barat Flagship Store"
"1777228350-132","https://www.blibli.com/cari/laptop%20lenovo?sort=0&intent=false&firstLoad=false&category=LA-1000004&category=LA-1000005&category=UL-1000001&brand=Lenovo&page=10&start=360","LENOVO IDEAPAD SLIM 3 14ARP10 87ID 88ID AMD RYZEN 7-7735HS 16GB 512GB WIN 11 HOME + OFFICE HOME 2024 + M 365 1 YEAR","11.222.888","","","Kota Surabaya","Lenovo Authorized Surabaya Barat Flagship Store"
"1777228350-133","https://www.blibli.com/cari/laptop%20lenovo?sort=0&intent=false&firstLoad=false&category=LA-1000004&category=LA-1000005&category=UL-1000001&brand=Lenovo&page=10&start=360","LENOVO IDEAPAD SLIM 5 13ARP10 5KID AMD RYZEN 7-7735HS 16GB 512GB WIN 11 HOME + OFFICE HOME 2024","13.485.000","","","Kota Surabaya","Lenovo Authorized Surabaya Barat Flagship Store"
"1777228350-134","https://www.blibli.com/cari/laptop%20lenovo?sort=0&intent=false&firstLoad=false&category=LA-1000004&category=LA-1000005&category=UL-1000001&brand=Lenovo&page=10&start=360","Lenovo ThinkPad E14 Gen 6 (AMD) Ryzen 5 7535U 8GB 512GB SSD W11 Pro","16.999.000","","","Kota Jakarta Pusat","VORTEXINDO Flagship Store"
"1777228350-135","https://www.blibli.com/cari/laptop%20lenovo?sort=0&intent=false&firstLoad=false&category=LA-1000004&category=LA-1000005&category=UL-1000001&brand=Lenovo&page=10&start=360","LAPTOP LENOVO K14 Gen 1 21CSS22500 INTEL I5 1145G7 8GB RAM","8.925.000","","","","Kota Jakarta Utara"
"1777228350-136","https://www.blibli.com/cari/laptop%20lenovo?sort=0&intent=false&firstLoad=false&category=LA-1000004&category=LA-1000005&category=UL-1000001&brand=Lenovo&page=10&start=360","LAPTOP LENOVO Ideapad IP 5 14IRL8 66ID INTEL I7-13620H 16GB RAM","13.450.000","","","","Kota Jakarta Utara"
"1777228350-137","https://www.blibli.com/cari/laptop%20lenovo?sort=0&intent=false&firstLoad=false&category=LA-1000004&category=LA-1000005&category=UL-1000001&brand=Lenovo&page=10&start=360","LAPTOP LENOVO THINKBOOK 14IRL Gen 6 21KG00BYID I5 1335U 8GB RAM","14.200.000","","","","Kota Jakarta Utara"
"1777228350-138","https://www.blibli.com/cari/laptop%20lenovo?sort=0&intent=false&firstLoad=false&category=LA-1000004&category=LA-1000005&category=UL-1000001&brand=Lenovo&page=10&start=360","LENOVO IDEAPAD 5i 2-in-1 14IRH9 88ID 89ID 6DID INTEL CORE i5-13420H 16GB 512GB TOUCH WIN 11 HOME + OFFICE HOME 2024 TOUCHSCREEN","14.423.000","","","Kota Surabaya","Lenovo Authorized Surabaya Barat Flagship Store"
"1777228350-139","https://www.blibli.com/cari/laptop%20lenovo?sort=0&intent=false&firstLoad=false&category=LA-1000004&category=LA-1000005&category=UL-1000001&brand=Lenovo&page=10&start=360","LENOVO IDEAPAD SLIM 3i 14IRH10R 0HID INTEL CORE 5-210H 16GB 512SSD WIN 11 HOME + OFFICE HOME 2024","15.888.999","","","Kota Surabaya","Lenovo Authorized Surabaya Barat Flagship Store"
"1777228350-140","https://www.blibli.com/cari/laptop%20lenovo?sort=0&intent=false&firstLoad=false&category=LA-1000004&category=LA-1000005&category=UL-1000001&brand=Lenovo&page=10&start=360","LAPTOP LENOVO FLEX 5 14ALC7 82R900HNID RYZEN 5 5500U 8GB RAM","10.385.000","","","","Kota Jakarta Utara"
"1777228350-141","https://www.blibli.com/cari/laptop%20lenovo?sort=0&intent=false&firstLoad=false&category=LA-1000004&category=LA-1000005&category=UL-1000001&brand=Lenovo&page=10&start=360","LAPTOP LENOVO V14 IAP Gen 3 82TSA04KID I5 1235U 8GB RAM","12.135.000","","","","Kota Jakarta Utara"
"1777228350-142","https://www.blibli.com/cari/laptop%20lenovo?sort=0&intent=false&firstLoad=false&category=LA-1000004&category=LA-1000005&category=UL-1000001&brand=Lenovo&page=10&start=360","LAPTOP LENOVO Yoga 7 14ARP8 82YM001KID Ryzen 7 7735U 16GB RAM","17.550.000","","","","Kota Jakarta Utara"
"1777228350-143","https://www.blibli.com/cari/laptop%20lenovo?sort=0&intent=false&firstLoad=false&category=LA-1000004&category=LA-1000005&category=UL-1000001&brand=Lenovo&page=10&start=360","LENOVO V14 GEN 5 G5 IRL 7GID LUNA GREY INTEL CORE i5-13420H 8GB 512GB SSD WIN 11 HOME + OFFICE HOME 2024","9.448.000","","","Kota Surabaya","Lenovo Authorized Surabaya Barat Flagship Store"
"1777228350-144","https://www.blibli.com/cari/laptop%20lenovo?sort=0&intent=false&firstLoad=false&category=LA-1000004&category=LA-1000005&category=UL-1000001&brand=Lenovo&page=10&start=360","LENOVO YOGA 7 2-in-1-14AKP10 9UID TIDAL TEAL AMD RYZEN AI 7-350 16GB 1TB SSD 14 INCH TOUCH OLED WIN 11 + OFFICE HOME 2024 + M 365 1 YEAR TOUCH","19.687.000","","","Kota Surabaya","Lenovo Authorized Surabaya Barat Flagship Store"
"1777228350-145","https://www.blibli.com/cari/laptop%20lenovo?sort=0&intent=false&firstLoad=false&category=LA-1000004&category=LA-1000005&category=UL-1000001&brand=Lenovo&page=10&start=360","LENOVO YOGA 7 2-in-1 14ILL10 3VID 7CID SEASHELL ULTRA 7-258V OLED 32GB 1TB WIN 11 + OH 2024 TOUCH","24.801.000","","","Kota Surabaya","Lenovo Authorized Surabaya Barat Flagship Store"
"1777228350-146","https://www.blibli.com/cari/laptop%20lenovo?sort=0&intent=false&firstLoad=false&category=LA-1000004&category=LA-1000005&category=UL-1000001&brand=Lenovo&page=10&start=360","LENOVO YOGA BOOK 9i 14IAH10 25ID INTEL CORE ULTRA 9-285U 32GB 1TB SSD WIN 11 HOME + OFFICE HOME 2024 DUAL TOUCH DISPLAY","38.504.000","","","Kota Surabaya","Lenovo Authorized Surabaya Barat Flagship Store"
"1777228350-147","https://www.blibli.com/cari/laptop%20lenovo?sort=0&intent=false&firstLoad=false&category=LA-1000004&category=LA-1000005&category=UL-1000001&brand=Lenovo&page=10&start=360","LENOVO V14 GEN 5 G5 IRL 7FID LUNA GREY INTEL CORE i3-1315U 8GB 512GB SSD WIN 11 HOME + OFFICE HOME 2024","8.208.000","","","Kota Surabaya","Lenovo Authorized Surabaya Barat Flagship Store"
"1777228350-148","https://www.blibli.com/cari/laptop%20lenovo?sort=0&intent=false&firstLoad=false&category=LA-1000004&category=LA-1000005&category=UL-1000001&brand=Lenovo&page=10&start=360","LENOVO IDEAPAD SLIM 3i 14IRH10 EXID INTEL CORE i7-13620H 16GB 512SSD WIN 11 HOME + OFFICE HOME 2024 + OFFICE 365 1 YEAR","14.251.000","","","Kota Surabaya","Lenovo Authorized Surabaya Barat Flagship Store"
"1777228350-149","https://www.blibli.com/cari/laptop%20lenovo?sort=0&intent=false&firstLoad=false&category=LA-1000004&category=LA-1000005&category=UL-1000001&brand=Lenovo&page=10&start=360","LENOVO IDEAPAD SLIM 5 14IAH10 1QID 1NID INTEL CORE ULTRA 5 225H 16GB 512GB OLED WIN 11 HOME + OFFICE HOME 2024","15.163.000","","","Kota Surabaya","Lenovo Authorized Surabaya Barat Flagship Store"
"1777228350-150","https://www.blibli.com/cari/laptop%20lenovo?sort=0&intent=false&firstLoad=false&category=LA-1000004&category=LA-1000005&category=UL-1000001&brand=Lenovo&page=10&start=360","LENOVO YOGA SLIM 7 14ILL10 AVID INTEL ULTRA 7-258V 32GB 1TB OLED NON TOUCH WIN11 + OFFICE HOME 2024 + LENOVO AI NOW","21.884.000","","","Kota Surabaya","Lenovo Authorized Surabaya Barat Flagship Store"
"1777228350-151","https://www.blibli.com/cari/laptop%20lenovo?sort=0&intent=false&firstLoad=false&category=LA-1000004&category=LA-1000005&category=UL-1000001&brand=Lenovo&page=10&start=360","LENOVO YOGA 7 2-in-1 14IML9 GHID INTEL CORE ULTRA 5-125H 16GB 512GB W11+ OH 2024 TOUCH OLED","21.899.000","","","Kota Surabaya","Lenovo Authorized Surabaya Barat Flagship Store"
"1777228350-152","https://www.blibli.com/cari/laptop%20lenovo?sort=0&intent=false&firstLoad=false&category=LA-1000004&category=LA-1000005&category=UL-1000001&brand=Lenovo&page=10&start=360","LENOVO IDEAPAD SLIM 3 14 RYZEN 5 7520U 16GB 512GB W11+OHS 14.0 FHD IPS","9.749.241","","","Kota Medan","AGRES ID FONE Flagship Store"
"1777228350-153","https://www.blibli.com/cari/laptop%20lenovo?sort=0&intent=false&firstLoad=false&category=LA-1000004&category=LA-1000005&category=UL-1000001&brand=Lenovo&page=10&start=360","LENOVO LOQ ESSENTIAL 15 R7 7735HS RTX3050 6GB/ 16GB 512SSD W11+OHS 15.6FHD 144HZ 100SRGB BLIT","14.699.000","","","Kota Medan","AGRES ID FONE Flagship Store"
"1777228350-154","https://www.blibli.com/cari/laptop%20lenovo?sort=0&intent=false&firstLoad=false&category=LA-1000004&category=LA-1000005&category=UL-1000001&brand=Lenovo&page=10&start=360","LAPTOP LENOVO V14 G4 AMN 82YT000GID RYZEN 5 7520U 8GB RAM","7.915.000","","","","Kota Jakarta Utara"
"1777228350-155","https://www.blibli.com/cari/laptop%20lenovo?sort=0&intent=false&firstLoad=false&category=LA-1000004&category=LA-1000005&category=UL-1000001&brand=Lenovo&page=10&start=360","LAPTOP LENOVO Flex 5 14ALC7 82R900AEID RYZEN 7 5700U 16GB RAM","12.100.000","","","","Kota Jakarta Utara"
"1777228350-156","https://www.blibli.com/cari/laptop%20lenovo?sort=0&intent=false&firstLoad=false&category=LA-1000004&category=LA-1000005&category=UL-1000001&brand=Lenovo&page=10&start=360","LAPTOP LENOVO THINKBOOOK14IML Gen7 BCID INTEL ULTRA5 125U 8GB RAM / TOUCHSCREEN","15.700.000","","","","Kota Jakarta Utara"
"1777228350-157","https://www.blibli.com/cari/laptop%20lenovo?sort=0&intent=false&firstLoad=false&category=LA-1000004&category=LA-1000005&category=UL-1000001&brand=Lenovo&page=10&start=360","LAPTOP LENOVO T14 Gen 5 21ML00AFID INTEL ULTRA 5 135H 16GB RAM","23.960.000","","","","Kota Jakarta Utara"
"1777228350-158","https://www.blibli.com/cari/laptop%20lenovo?sort=0&intent=false&firstLoad=false&category=LA-1000004&category=LA-1000005&category=UL-1000001&brand=Lenovo&page=10&start=360","Lenovo IdeaPad Slim 3 14IRH10 Intel Core i5-13420H 8GB SSD 512GB 14"" W11+OH2024","10.711.000","","","Kota Surakarta (Solo) & kota lainnya","ELS Computer Flagship Store"
"1777228350-159","https://www.blibli.com/cari/laptop%20lenovo?sort=0&intent=false&firstLoad=false&category=LA-1000004&category=LA-1000005&category=UL-1000001&brand=Lenovo&page=10&start=360","Lenovo IdeaPad Slim 3 14IRH10 Intel Core i7-13620H 16GB SSD 512GB 14"" W11+OH2024","14.351.000","","","Kota Surakarta (Solo) & kota lainnya","ELS Computer Flagship Store"
"1777228350-160","https://www.blibli.com/cari/laptop%20lenovo?sort=0&intent=false&firstLoad=false&category=LA-1000004&category=LA-1000005&category=UL-1000001&brand=Lenovo&page=10&start=360","Lenovo IdeaPad Slim 5 13ARP10 AMD Ryzen 7 7735HS 16GB SSD 512GB 13.3"" W11+OH2024","15.599.000","","","Kota Surakarta (Solo) & kota lainnya","ELS Computer Flagship Store"
"1777228350-161","https://www.blibli.com/cari/laptop%20lenovo?sort=0&intent=false&firstLoad=false&category=LA-1000004&category=LA-1000005&category=UL-1000001&brand=Lenovo&page=10&start=360","Lenovo Ideapad 5 14AKP10 Touch 2in1 Ryzen AI 5 340 16GB SSD 512GB 14"" OLED Touch W11+OH2024","19.239.000","","","Kota Yogyakarta","ELS Computer Flagship Store"
"1777228350-162","https://www.blibli.com/cari/laptop%20lenovo?sort=0&intent=false&firstLoad=false&category=LA-1000004&category=LA-1000005&category=UL-1000001&brand=Lenovo&page=10&start=360","LAPTOP LENOVO THINKPAD L460 INTEL CORE i5-6TH 8GB RAM - 500GB HDD","2.700.000","","","","Kota Jakarta Utara"
"1777228350-163","https://www.blibli.com/cari/laptop%20lenovo?sort=0&intent=false&firstLoad=false&category=LA-1000004&category=LA-1000005&category=UL-1000001&brand=Lenovo&page=10&start=360","LAPTOP LENOVO Thinkbook 14ABP Gen 6 21KJ006KID RYZEN 5 7530U 16GB RAM","11.350.000","","","","Kota Jakarta Utara"
"1777228350-164","https://www.blibli.com/cari/laptop%20lenovo?sort=0&intent=false&firstLoad=false&category=LA-1000004&category=LA-1000005&category=UL-1000001&brand=Lenovo&page=10&start=360","LAPTOP LENOVO IP Slim 5 14IRH10 0QID INTEL I5 13420H 16GB RAM","12.680.000","","","","Kota Jakarta Utara"
"1777228350-165","https://www.blibli.com/cari/laptop%20lenovo?sort=0&intent=false&firstLoad=false&category=LA-1000004&category=LA-1000005&category=UL-1000001&brand=Lenovo&page=10&start=360","LAPTOP LENOVO Thinkbook 14ABP Gen 6 21KJ00BLID RYZEN 7 7730U 16GB RAM","13.550.000","","","","Kota Jakarta Utara"
"1777228350-166","https://www.blibli.com/cari/laptop%20lenovo?sort=0&intent=false&firstLoad=false&category=LA-1000004&category=LA-1000005&category=UL-1000001&brand=Lenovo&page=10&start=360","LAPTOP LENOVO IP5 PRO 14IMH9 3RID INTEL ULTRA 7 155H 32GB RAM","18.950.000","","","","Kota Jakarta Utara"
"1777228350-167","https://www.blibli.com/cari/laptop%20lenovo?sort=0&intent=false&firstLoad=false&category=LA-1000004&category=LA-1000005&category=UL-1000001&brand=Lenovo&page=10&start=360","Lenovo IdeaPad Slim 3 14ARP10 83K6005LID/AMD RYZEN 5-7535HS/ 8GB/ 512GB SSD NVME /14"" WUXGA / WIN 11 +OHS +M365 1Y/ 2Y","9.499.000","","","Kota Bandung","Lenovo Authorized Bandung Flagship Store"
"1777228350-168","https://www.blibli.com/cari/laptop%20lenovo?sort=0&intent=false&firstLoad=false&category=LA-1000004&category=LA-1000005&category=UL-1000001&brand=Lenovo&page=10&start=360","LAPTOP LENOVO X1 CARBON I7 GEN 10TAH RAM 16GB/SSD 256 LAYAR 14"" INCHI","8.500.000","","","","Kota Jakarta Barat"
"1777228350-169","https://www.blibli.com/cari/laptop%20lenovo?sort=0&intent=false&firstLoad=false&category=LA-1000004&category=LA-1000005&category=UL-1000001&brand=Lenovo&page=10&start=360","LAPTOP LENOVO IDEAPAD 5 2in1 Touch Core 5 120U 16/512GB WIN 11 Home","12.550.000","","","","Kota Surabaya"
"1777228350-170","https://www.blibli.com/cari/laptop%20lenovo?sort=0&intent=false&firstLoad=false&category=LA-1000004&category=LA-1000005&category=UL-1000001&brand=Lenovo&page=10&start=360","LAPTOP LENOVO IDEAPAD 5 2in1 Touch Core 7 120U 16/512GB WIN 11 HOME","14.100.000","","","","Kota Surabaya"
"1777228350-171","https://www.blibli.com/cari/laptop%20lenovo?sort=0&intent=false&firstLoad=false&category=LA-1000004&category=LA-1000005&category=UL-1000001&brand=Lenovo&page=10&start=360","LAPTOP LENOVO IDEAPAD 5 2in1 Touch Core 7 120U 16/512GB WIN 11 PROFESSIONAL","14.800.000","","","","Kota Surabaya"
"1777228350-172","https://www.blibli.com/cari/laptop%20lenovo?sort=0&intent=false&firstLoad=false&category=LA-1000004&category=LA-1000005&category=UL-1000001&brand=Lenovo&page=10&start=360","LENOVO IDEAPAD SLIM 3 14ARP10 89ID 8AID AMD RYZEN 5-7535HS 16GB 512GB SSD WIN 11 HOME + OFFICE HOME 2024 + M 365 1 YEAR","11.177.000","","","Kota Surabaya","Lenovo Authorized Surabaya Barat Flagship Store"
"1777228350-173","https://www.blibli.com/cari/laptop%20lenovo?sort=0&intent=false&firstLoad=false&category=LA-1000004&category=LA-1000005&category=UL-1000001&brand=Lenovo&page=10&start=360","LENOVO LOQ ESSENTIAL 15 RYZEN 7 7735HS RTX4050 6GB - 16GB 512GB W11+OHS 15.6FHD 144HZ 100SRGB","15.943.041","","","Kota Medan","AGRES ID FONE Flagship Store"
"1777228350-174","https://www.blibli.com/cari/laptop%20lenovo?sort=0&intent=false&firstLoad=false&category=LA-1000004&category=LA-1000005&category=UL-1000001&brand=Lenovo&page=10&start=360","Lenovo IdeaPad 5 14IAL10 Intel Core Ultra 5 225U 16GB SSD 512GB 14"" Touch2in1 W11+OH2024","19.863.000","","","Kota Yogyakarta","ELS Computer Flagship Store"
"1777228350-175","https://www.blibli.com/cari/laptop%20lenovo?sort=0&intent=false&firstLoad=false&category=LA-1000004&category=LA-1000005&category=UL-1000001&brand=Lenovo&page=10&start=360","Lenovo IdeaPad Slim 3 14IRH10 EXID Intel Core i7-13620H 16GB SSD 512GB 14"" W11+OH2024","14.351.000","","","Kota Surakarta (Solo) & kota lainnya","ELS Computer Flagship Store"
"1777228350-176","https://www.blibli.com/cari/laptop%20lenovo?sort=0&intent=false&firstLoad=false&category=LA-1000004&category=LA-1000005&category=UL-1000001&brand=Lenovo&page=10&start=360","Lenovo IdeaPad Slim 5 83DA007SID 83DA007TID || Intel Core Ultra 7 155H 16GB 512GB SSD Intel Arc Graphics Windows 11 Home OHS 14"" WUXGA OLED 2Y ADP","14.499.000","","","Kota Jakarta Timur","Lenovo Authorized Jakarta Timur Flagship Store"
"1777228350-177","https://www.blibli.com/cari/laptop%20lenovo?sort=0&intent=false&firstLoad=false&category=LA-1000004&category=LA-1000005&category=UL-1000001&brand=Lenovo&page=10&start=360","LENOVO IDEAPAD 5 2-in-1-14IAL10 37ID 38ID INTEL ULTRA 5-225U 16GB 512GB TOUCH WIN 11 HOME + OFFICE HOME 2024","14.512.000","","","Kota Surabaya","Lenovo Authorized Surabaya Barat Flagship Store"
"1777228350-178","https://www.blibli.com/cari/laptop%20lenovo?sort=0&intent=false&firstLoad=false&category=LA-1000004&category=LA-1000005&category=UL-1000001&brand=Lenovo&page=10&start=360","LENOVO IDEAPAD 5 2-in-1 14AKP10 63ID 64ID AMD RYZEN AI 5-340 16GB 512GB OLED TOUCH WIN 11 HOME + OFFICE HOME 2024 + M 365 1 YEAR","15.840.000","","","Kota Surabaya","Lenovo Authorized Surabaya Barat Flagship Store"
"1777228350-179","https://www.blibli.com/cari/laptop%20lenovo?sort=0&intent=false&firstLoad=false&category=LA-1000004&category=LA-1000005&category=UL-1000001&brand=Lenovo&page=10&start=360","Lenovo ThinkPad E14 Gen 6 Core Ultra 5 125U 8GB 512GB SSD Win 11 Pro","18.150.000","","","Kota Jakarta Pusat","VORTEXINDO Flagship Store"
"1777228350-180","https://www.blibli.com/cari/laptop%20lenovo?sort=0&intent=false&firstLoad=false&category=LA-1000004&category=LA-1000005&category=UL-1000001&brand=Lenovo&page=10&start=360","LENOVO YOGA 7 2-in-1 14IML9 GGID INTEL CORE ULTRA 7-155H 16GB 1TB W11+ OH 2024 TOUCH OLED","21.158.000","","Terjual 1","Kota Surabaya","Lenovo Authorized Surabaya Barat Flagship Store"
"1777228350-181","https://www.blibli.com/cari/laptop%20lenovo?sort=0&intent=false&firstLoad=false&category=LA-1000004&category=LA-1000005&category=UL-1000001&brand=Lenovo&page=10&start=360","Lenovo ThinkPad E16 Gen 2 Core Ultra 7 155U 16GB 1TB SSD Win 11 Pro","21.799.000","","","Kota Jakarta Pusat","VORTEXINDO Flagship Store"
"1777228350-182","https://www.blibli.com/cari/laptop%20lenovo?sort=0&intent=false&firstLoad=false&category=LA-1000004&category=LA-1000005&category=UL-1000001&brand=Lenovo&page=10&start=360","LAPTOP LENOVO THINKPAD X13 CORE I7 GEN 11TH, RAM 16/256GB LAYAR 13"" INCHI","8.900.000","","","","Kota Jakarta Barat"
"1777228350-183","https://www.blibli.com/cari/laptop%20lenovo?sort=0&intent=false&firstLoad=false&category=LA-1000004&category=LA-1000005&category=UL-1000001&brand=Lenovo&page=10&start=360","LAPTOP LENOVO THINKPAD E14 GEN 721SXS11300 Intel Core Ultra 5 225U 16GB RAM","21.250.000","","","","Kota Jakarta Utara"
"1777228350-184","https://www.blibli.com/cari/laptop%20lenovo?sort=0&intent=false&firstLoad=false&category=LA-1000004&category=LA-1000005&category=UL-1000001&brand=Lenovo&page=10&start=360","LAPTOP LENOVO IDEAPAD SLIM 5 OLED AMD Ryzen 7 7730U 16GB/512GB WIN 11 PROFESSIONAL","12.100.000","","","","Kota Surabaya"
"1777228350-185","https://www.blibli.com/cari/laptop%20lenovo?sort=0&intent=false&firstLoad=false&category=LA-1000004&category=LA-1000005&category=UL-1000001&brand=Lenovo&page=10&start=360","Lenovo ThinkBook 14 G6 AMD Ryzen 7 7730U 16GB 1TB SSD Windows 11 Home + Office Home 14"" WUXGA IPS 300nits 2Y Onsite","14.499.000","","","Kota Jakarta Pusat","VORTEXINDO Flagship Store"
"1777228350-186","https://www.blibli.com/cari/laptop%20lenovo?sort=0&intent=false&firstLoad=false&category=LA-1000004&category=LA-1000005&category=UL-1000001&brand=Lenovo&page=10&start=360","LAPTOP LENOVO ThinkBook 14s Yoga IRU Gen 3 21JG0047ID/21JG0048ID","13.625.000","","","","Kota Jakarta Utara"
"1777228350-187","https://www.blibli.com/cari/laptop%20lenovo?sort=0&intent=false&firstLoad=false&category=LA-1000004&category=LA-1000005&category=UL-1000001&brand=Lenovo&page=10&start=360","LAPTOP LENOVO Thinkbook 14IAP Gen 4 21DH00J0ID Intel i7-1255U","16.375.000","","","","Kota Jakarta Utara"
"1777228350-188","https://www.blibli.com/cari/laptop%20lenovo?sort=0&intent=false&firstLoad=false&category=LA-1000004&category=LA-1000005&category=UL-1000001&brand=Lenovo&page=10&start=360","Lenovo ThinkPad E16 Gen 2 Core U5-125U 8GB 512GB SSD Win 11 Pro","18.499.000","","","Kota Jakarta Pusat","VORTEXINDO Flagship Store"
"1777228350-189","https://www.blibli.com/cari/laptop%20lenovo?sort=0&intent=false&firstLoad=false&category=LA-1000004&category=LA-1000005&category=UL-1000001&brand=Lenovo&page=10&start=360","Lenovo ThinkPad T14 Gen 5 Core Ultra 5 135H 16GB 512GB SSD WIN 11 PRO","21.639.000","","","Kota Jakarta Selatan & kota lainnya","VORTEXINDO Flagship Store"
"1777228350-190","https://www.blibli.com/cari/laptop%20lenovo?sort=0&intent=false&firstLoad=false&category=LA-1000004&category=LA-1000005&category=UL-1000001&brand=Lenovo&page=10&start=360","Lenovo ThinkPad T14 Gen 5 (AMD) Ryzen 5 PRO 8540U 16GB 1TB SSD W11 Pro","24.499.000","","","Kota Jakarta Pusat","VORTEXINDO Flagship Store"
"1777228350-191","https://www.blibli.com/cari/laptop%20lenovo?sort=0&intent=false&firstLoad=false&category=LA-1000004&category=LA-1000005&category=UL-1000001&brand=Lenovo&page=10&start=360","Lenovo IdeaPad Slim 3 14IRU8 Intel Core i3-1315U 8GB SSD 512GB 14"" FHD W11+OH2024","9.239.000","","","Kota Surakarta (Solo) & kota lainnya","ELS Computer Flagship Store"
"1777228350-192","https://www.blibli.com/cari/laptop%20lenovo?sort=0&intent=false&firstLoad=false&category=LA-1000004&category=LA-1000005&category=UL-1000001&brand=Lenovo&page=10&start=360","Lenovo ThinkPad E14 Gen7 Intel Core Ultra 5 226V 16GB SSD 512GB 14"" W11 PRO","20.279.000","","","Kota Semarang & kota lainnya","ELS Computer Flagship Store"
"1777228350-193","https://www.blibli.com/cari/laptop%20lenovo?sort=0&intent=false&firstLoad=false&category=LA-1000004&category=LA-1000005&category=UL-1000001&brand=Lenovo&page=10&start=360","Lenovo ThinkPad L13 Yoga Gen 4 (Intel) Core i5-1335U 16GB 512GB SSD W11Pro","20.959.000","","Terjual 1","Kota Jakarta Pusat","VORTEXINDO Flagship Store"
"1777228350-194","https://www.blibli.com/cari/laptop%20lenovo?sort=0&intent=false&firstLoad=false&category=LA-1000004&category=LA-1000005&category=UL-1000001&brand=Lenovo&page=10&start=360","Lenovo ThinkPad E14 Gen7 Intel Core Ultra 7 258V 32GB SSD 1TB 14"" W11 PRO","26.519.000","","","Kota Yogyakarta","ELS Computer Flagship Store"
"1777228350-195","https://www.blibli.com/cari/laptop%20lenovo?sort=0&intent=false&firstLoad=false&category=LA-1000004&category=LA-1000005&category=UL-1000001&brand=Lenovo&page=10&start=360","Lenovo IdeaPad Slim 3 15IRU8 Intel i3 1315U 8GB SSD 512GB 15.6"" FHD W11+OH2024","9.239.000","","","Kota Semarang","ELS Computer Flagship Store"
"1777228350-196","https://www.blibli.com/cari/laptop%20lenovo?sort=0&intent=false&firstLoad=false&category=LA-1000004&category=LA-1000005&category=UL-1000001&brand=Lenovo&page=10&start=360","Lenovo ThinkPad X13 Yoga Gen 5 Core Ultra 7-165U 32GB 1TB SSD Win 11 Pro","33.159.000","","","Kota Jakarta Pusat","VORTEXINDO Flagship Store"
"1777228350-197","https://www.blibli.com/cari/laptop%20lenovo?sort=0&intent=false&firstLoad=false&category=LA-1000004&category=LA-1000005&category=UL-1000001&brand=Lenovo&page=10&start=360","LAPTOP LENOVO IDEAPAD 5 PRO OLED CORE ULTRA 7 155H, 32GB/ 1TB WIN 11 PROFESSIONAL","18.100.000","","","","Kota Surabaya"
"1777228350-198","https://www.blibli.com/cari/laptop%20lenovo?sort=0&intent=false&firstLoad=false&category=LA-1000004&category=LA-1000005&category=UL-1000001&brand=Lenovo&page=10&start=360","Lenovo IdeaPad Slim 3 14ARP10 - 83K60089ID /AMD Ryzen 5-7535HS/16GB/512GB SSD/AMD Radeon Graphics/14"" WUXGA IPS/Win 11 Home+OH24+M365/Luna Grey/2Y","11.899.000","","","Kota Bandung","Lenovo Authorized Bandung Flagship Store"
"1777228350-199","https://www.blibli.com/cari/laptop%20lenovo?sort=0&intent=false&firstLoad=false&category=LA-1000004&category=LA-1000005&category=UL-1000001&brand=Lenovo&page=10&start=360","LENOVO IDEAPAD 5i 2-in-1 14IRH9 8AID 8BID INTEL CORE i7-13620H 16GB 512GB 14 INCH OLED TOUCH WIN 11 HOME + OFFICE HOME 2024","16.955.000","","","Kota Surabaya","Lenovo Authorized Surabaya Barat Flagship Store"
"1777228350-200","https://www.blibli.com/cari/laptop%20lenovo?sort=0&intent=false&firstLoad=false&category=LA-1000004&category=LA-1000005&category=UL-1000001&brand=Lenovo&page=10&start=360","LENOVO YOGA SLIM 7-14Q8X9 5DID BLUE SNAPDRAGON X PLUS X1P-64-100 Qualcomm Hexagon NPU 16GB 1TB WIN 11 + OHS 2021","19.305.000","","","Kota Surabaya","Lenovo Authorized Surabaya Barat Flagship Store"
"1777228350-201","https://www.blibli.com/cari/laptop%20lenovo?sort=0&intent=false&firstLoad=false&category=LA-1000004&category=LA-1000005&category=UL-1000001&brand=Lenovo&page=10&start=360","LENOVO IDEAPAD SLIM 3 14ABR8 8YID 90ID AMD RYZEN 5-5625U 16GB 512GB W11+ OH 2024","8.104.000","","","Kota Surabaya","Lenovo Authorized Surabaya Barat Flagship Store"
"1777228350-202","https://www.blibli.com/cari/laptop%20lenovo?sort=0&intent=false&firstLoad=false&category=LA-1000004&category=LA-1000005&category=UL-1000001&brand=Lenovo&page=10&start=360","LENOVO YOGA SLIM 7-14ILL10 0TID LUNA GREY INTEL ULTRA 7-258V 32GB 1TB OLED WIN 11 HOME + OFFICE HOME 2024 TOUCH","25.888.999","","","Kota Surabaya","Lenovo Authorized Surabaya Barat Flagship Store"
"1777228350-203","https://www.blibli.com/cari/laptop%20lenovo?sort=0&intent=false&firstLoad=false&category=LA-1000004&category=LA-1000005&category=UL-1000001&brand=Lenovo&page=10&start=360","LENOVO IDEAPAD SLIM 5 14IAH10 1PID 1RID INTEL CORE ULTRA 7 255H 16GB 512GB OLED WIN 11 HOME + OFFICE HOME 2024","17.039.000","","","Kota Surabaya","Lenovo Authorized Surabaya Barat Flagship Store"
"1777228350-204","https://www.blibli.com/cari/laptop%20lenovo?sort=0&intent=false&firstLoad=false&category=LA-1000004&category=LA-1000005&category=UL-1000001&brand=Lenovo&page=10&start=360","LENOVO IDEAPAD 5 2-in-1-14IAL10 62ID 63ID INTEL ULTRA 7-255U 16GB 512GB TOUCH WIN 11 HOME + OFFICE HOME 2024 + M 365 1 YEAR","17.195.000","","","Kota Surabaya","Lenovo Authorized Surabaya Barat Flagship Store"
"1777228350-205","https://www.blibli.com/cari/laptop%20lenovo?sort=0&intent=false&firstLoad=false&category=LA-1000004&category=LA-1000005&category=UL-1000001&brand=Lenovo&page=10&start=360","LENOVO YOGA SLIM 7i 14ILL10 6CID INTEL ULTRA 5-226V 16GB 512GB OLED WIN 11 HOME + OFFICE HOME 2024 TOUCH","17.638.000","","","Kota Surabaya","Lenovo Authorized Surabaya Barat Flagship Store"
"1777228350-206","https://www.blibli.com/cari/laptop%20lenovo?sort=0&intent=false&firstLoad=false&category=LA-1000004&category=LA-1000005&category=UL-1000001&brand=Lenovo&page=10&start=360","LAPTOP LENOVO IDEAPAD IP3 14ALC6 HNID/HMID/HPID RYZEN 7 5700U 8GB RAM","9.150.000","","","","Kota Jakarta Utara"
"1777228350-207","https://www.blibli.com/cari/laptop%20lenovo?sort=0&intent=false&firstLoad=false&category=LA-1000004&category=LA-1000005&category=UL-1000001&brand=Lenovo&page=10&start=360","LENOVO IDEAPAD SLIM 3i 14IRH10 BWID BYID INTEL CORE i5-13420H 8GB 512SSD WIN 11 HOME + OFFICE HOME 2024 + OFFICE 365 1 YEAR","10.191.000","","Terjual 1","Kota Surabaya","Lenovo Authorized Surabaya Barat Flagship Store"
"1777228350-208","https://www.blibli.com/cari/laptop%20lenovo?sort=0&intent=false&firstLoad=false&category=LA-1000004&category=LA-1000005&category=UL-1000001&brand=Lenovo&page=10&start=360","LENOVO IDEAPAD SLIM 3i 14IRH10 FPID FQID INTEL CORE i5-13420H 16GB 512SSD WIN 11 HOME + OFFICE HOME 2024 + OFFICE 365 1 YEAR","11.646.000","","","Kota Surabaya","Lenovo Authorized Surabaya Barat Flagship Store"
"1777228350-209","https://www.blibli.com/cari/laptop%20lenovo?sort=0&intent=false&firstLoad=false&category=LA-1000004&category=LA-1000005&category=UL-1000001&brand=Lenovo&page=10&start=360","LENOVO YOGA SLIM 7i 14IMH9 A4ID/DNID INTEL ULTRA 7 155H 16GB 1TB SSD 14 INCH OLED TOUCH WIN 11 HOME + OFFICE HOME 2024 INTEL EVO","16.024.000","","","Kota Surabaya","Lenovo Authorized Surabaya Barat Flagship Store"
"1777228350-210","https://www.blibli.com/cari/laptop%20lenovo?sort=0&intent=false&firstLoad=false&category=LA-1000004&category=LA-1000005&category=UL-1000001&brand=Lenovo&page=10&start=360","LENOVO IDEAPAD 5 2-in-1 14AKP10 65ID 66ID AMD RYZEN AI 7-350 16GB 512GB OLED TOUCH WIN 11 HOME + OFFICE HOME 2024 + M 365 1 YEAR","16.830.000","","","Kota Surabaya","Lenovo Authorized Surabaya Barat Flagship Store"
"1777228350-211","https://www.blibli.com/cari/laptop%20lenovo?sort=0&intent=false&firstLoad=false&category=LA-1000004&category=LA-1000005&category=UL-1000001&brand=Lenovo&page=10&start=360","LENOVO YOGA 7 2-in-1 14ILL10 3WID 7DID SEASHELL INTEL ULTRA 7-258V OLED 16GB 1TB WIN 11 HOME + OFFICE HOME 2024 TOUCH","23.332.000","","","Kota Surabaya","Lenovo Authorized Surabaya Barat Flagship Store"
"1777228350-212","https://www.blibli.com/cari/laptop%20lenovo?sort=0&intent=false&firstLoad=false&category=LA-1000004&category=LA-1000005&category=UL-1000001&brand=Lenovo&page=10&start=360","LAPTOP LENOVO IP3 14IAU7 82RJ005QID/82RJ005SID/82RJ005RID","13.190.000","","","","Kota Jakarta Utara"
"1777228350-213","https://www.blibli.com/cari/laptop%20lenovo?sort=0&intent=false&firstLoad=false&category=LA-1000004&category=LA-1000005&category=UL-1000001&brand=Lenovo&page=10&start=360","LAPTOP LENOVO IDEAPAD SLIM 3 Intel Core i7-13620H 16GB/512GB WIN 11 HOME","11.100.000","","","","Kota Surabaya"
"1777228350-214","https://www.blibli.com/cari/laptop%20lenovo?sort=0&intent=false&firstLoad=false&category=LA-1000004&category=LA-1000005&category=UL-1000001&brand=Lenovo&page=10&start=360","LAPTOP LENOVO IDEAPAD SLIM 3 Intel Core i7-13620H 16GB/512GB WIN 11 PROFESSIONAL","11.700.000","","","","Kota Surabaya"
"1777228350-215","https://www.blibli.com/cari/laptop%20lenovo?sort=0&intent=false&firstLoad=false&category=LA-1000004&category=LA-1000005&category=UL-1000001&brand=Lenovo&page=10&start=360","LAPTOP LENOVO FLEX 5 14ABR8 82XX00AFID/82XX00AGID/82XX00AHID","10.320.000","","","","Kota Jakarta Utara"
"1777228350-216","https://www.blibli.com/cari/laptop%20lenovo?sort=0&intent=false&firstLoad=false&category=LA-1000004&category=LA-1000005&category=UL-1000001&brand=Lenovo&page=10&start=360","LAPTOP LENOVO IDEAPAD 5 2in1 Touch Core 5 120U 16/512GB WIN 11 Professional","13.200.000","","","","Kota Surabaya"
"1777228350-217","https://www.blibli.com/cari/laptop%20lenovo?sort=0&intent=false&firstLoad=false&category=LA-1000004&category=LA-1000005&category=UL-1000001&brand=Lenovo&page=10&start=360","LAPTOP LENOVO IDEAPAD SLIM 5 IPS AMD Ryzen 7 7730U 16GB/512GB WIN 11 PROFESSIONAL","11.700.000","","","","Kota Surabaya"
"1777228350-218","https://www.blibli.com/cari/laptop%20lenovo?sort=0&intent=false&firstLoad=false&category=LA-1000004&category=LA-1000005&category=UL-1000001&brand=Lenovo&page=10&start=360","LAPTOP LENOVO IDEAPAD 5 PRO OLED CORE ULTRA 7 155H, 32GB/ 1TB WIN 11 HOME","17.500.000","","","","Kota Surabaya"
"1777228350-219","https://www.blibli.com/cari/laptop%20lenovo?sort=0&intent=false&firstLoad=false&category=LA-1000004&category=LA-1000005&category=UL-1000001&brand=Lenovo&page=10&start=360","LAPTOP LENOVO IP3 14ITL6 82H70182ID/82H70183ID/82H70181ID","10.880.000","","","","Kota Jakarta Utara"
"1777228350-220","https://www.blibli.com/cari/laptop%20lenovo?sort=0&intent=false&firstLoad=false&category=LA-1000004&category=LA-1000005&category=UL-1000001&brand=Lenovo&page=10&start=360","LAPTOP LENOVO Flex 5 14ALC7 82R9001LID/82R9001MID/82R9001NID","13.350.000","","","","Kota Jakarta Utara"
"1777228350-221","https://www.blibli.com/cari/laptop%20lenovo?sort=0&intent=false&firstLoad=false&category=LA-1000004&category=LA-1000005&category=UL-1000001&brand=Lenovo&page=10&start=360","LAPTOP LENOVO IP3 SLIM i3-1315U|8GB|SSD 256gb|14""FHD|W11+OHS","7.660.505","","","","Kota Pekanbaru"
"1777228350-222","https://www.blibli.com/cari/laptop%20lenovo?sort=0&intent=false&firstLoad=false&category=LA-1000004&category=LA-1000005&category=UL-1000001&brand=Lenovo&page=10&start=360","LAPTOP LENOVO IdeaPad Flex 5 14ALC07 82HU00NYID/82HU00J3ID","11.150.000","","","","Kota Jakarta Utara"
"1777228350-223","https://www.blibli.com/cari/laptop%20lenovo?sort=0&intent=false&firstLoad=false&category=LA-1000004&category=LA-1000005&category=UL-1000001&brand=Lenovo&page=10&start=360","LAPTOP LENOVO THINKBOOK 13s G2 ITL 20V900A2ID i7-1165G7","17.680.000","","","","Kota Jakarta Utara"
"1777228350-224","https://www.blibli.com/cari/laptop%20lenovo?sort=0&intent=false&firstLoad=false&category=LA-1000004&category=LA-1000005&category=UL-1000001&brand=Lenovo&page=10&start=360","LAPTOP LENOVO IP3 SLIM AMD RYZEN 3 7320U|8GB|SSD512|14""FHD|W11+OHS","7.959.005","","","","Kota Pekanbaru"
"1777228350-225","https://www.blibli.com/cari/laptop%20lenovo?sort=0&intent=false&firstLoad=false&category=LA-1000004&category=LA-1000005&category=UL-1000001&brand=Lenovo&page=10&start=360","LAPTOP LENOVO V14 14ADA DPID Ryzen3 3250/4GB/512GB/WIN10+OHS - GREY","8.610.000","","","","Kota Jakarta Utara"
"1777228350-226","https://www.blibli.com/cari/laptop%20lenovo?sort=0&intent=false&firstLoad=false&category=LA-1000004&category=LA-1000005&category=UL-1000001&brand=Lenovo&page=10&start=360","LAPTOP LENOVO Yoga Slim 7 Pro 14IHU5 82NC00E7ID i5-11320H","14.150.000","","","","Kota Jakarta Utara"
"1777228350-227","https://www.blibli.com/cari/laptop%20lenovo?sort=0&intent=false&firstLoad=false&category=LA-1000004&category=LA-1000005&category=UL-1000001&brand=Lenovo&page=10&start=360","LAPTOP LENOVO 2in1 YOGA 7i 14IRL8 82YL001KID I7 1360P","20.500.000","","","","Kota Jakarta Utara"
"1777228350-228","https://www.blibli.com/cari/laptop%20lenovo?sort=0&intent=false&firstLoad=false&category=LA-1000004&category=LA-1000005&category=UL-1000001&brand=Lenovo&page=10&start=360","LAPTOP LENOVO IP3 SLIM i5 13420H RAM 8GB| 512GB|14""FHD|W11+OHS","10.446.505","","","","Kota Pekanbaru"
"1777228350-229","https://www.blibli.com/cari/laptop%20lenovo?sort=0&intent=false&firstLoad=false&category=LA-1000004&category=LA-1000005&category=UL-1000001&brand=Lenovo&page=10&start=360","LAPTOP LENOVO IDEAPAD SLIM 5 IPS Intel Core i7-13620H 16GB/512GB WIN 11 HOME","12.400.000","","","","Kota Surabaya"
"1777228350-230","https://www.blibli.com/cari/laptop%20lenovo?sort=0&intent=false&firstLoad=false&category=LA-1000004&category=LA-1000005&category=UL-1000001&brand=Lenovo&page=10&start=360","LAPTOP LENOVO IDEAPAD SLIM 5 IPS Intel Core i7-13620H 16GB/512GB WIN 11 PROFESSIONAL","13.000.000","","","","Kota Surabaya"
"1777228350-231","https://www.blibli.com/cari/laptop%20lenovo?sort=0&intent=false&firstLoad=false&category=LA-1000004&category=LA-1000005&category=UL-1000001&brand=Lenovo&page=10&start=360","LAPTOP LENOVO IDEAPAD SLIM 5 LTPS Intel Core i5-1335U 16GB/512GB WIN 11 HOME","15.300.000","","","","Kota Surabaya"
"1777228350-232","https://www.blibli.com/cari/laptop%20lenovo?sort=0&intent=false&firstLoad=false&category=LA-1000004&category=LA-1000005&category=UL-1000001&brand=Lenovo&page=10&start=360","LAPTOP LENOVO THINKPAD E14 Gen 5 AMD 21JR003GID RYZEN 5 7530U 8GB RAM","16.650.000","","","","Kota Jakarta Utara"
"1777228350-233","https://www.blibli.com/cari/laptop%20lenovo?sort=0&intent=false&firstLoad=false&category=LA-1000004&category=LA-1000005&category=UL-1000001&brand=Lenovo&page=10&start=360","LAPTOP LENOVO IP3 14ALC06 82KT00TRID/82KT00TSID/82KT00TTID","7.210.000","","","","Kota Jakarta Utara"
"1777228350-234","https://www.blibli.com/cari/laptop%20lenovo?sort=0&intent=false&firstLoad=false&category=LA-1000004&category=LA-1000005&category=UL-1000001&brand=Lenovo&page=10&start=360","LAPTOP LENOVO Yoga Slim 6 14IRH8 83E0000BID i7-13700H 16GB RAM","15.250.000","","","","Kota Jakarta Utara"
"1777228350-235","https://www.blibli.com/cari/laptop%20lenovo?sort=0&intent=false&firstLoad=false&category=LA-1000004&category=LA-1000005&category=UL-1000001&brand=Lenovo&page=10&start=360","LAPTOP LENOVO THINKBOOK 13s G4 ITL 21AR008QID i5-1240p 16GB RAM","16.300.000","","","","Kota Jakarta Utara"
"1777228350-236","https://www.blibli.com/cari/laptop%20lenovo?sort=0&intent=false&firstLoad=false&category=LA-1000004&category=LA-1000005&category=UL-1000001&brand=Lenovo&page=10&start=360","LAPTOP LENOVO T440P , inteL Core i5-4300M / 4GB-500GB HDD","2.400.000","","","","Kota Jakarta Pusat"
"1777228350-237","https://www.blibli.com/cari/laptop%20lenovo?sort=0&intent=false&firstLoad=false&category=LA-1000004&category=LA-1000005&category=UL-1000001&brand=Lenovo&page=10&start=360","Laptop Lenovo 2in1 Convertible Lenovo IdeaPad Flex 5i 14IRU8 82Y0006XID","10.690.000","","","","Kota Jakarta Utara"
"1777228350-238","https://www.blibli.com/cari/laptop%20lenovo?sort=0&intent=false&firstLoad=false&category=LA-1000004&category=LA-1000005&category=UL-1000001&brand=Lenovo&page=10&start=360","LAPTOP LENOVO V14 Gen 4 IRU 83A000DEID INTEL i7-1355U 16GB RAM","11.550.000","","","","Kota Jakarta Utara"
"1777228350-239","https://www.blibli.com/cari/laptop%20lenovo?sort=0&intent=false&firstLoad=false&category=LA-1000004&category=LA-1000005&category=UL-1000001&brand=Lenovo&page=10&start=360","LAPTOP LENOVO THINKPAD L13 YOGA Gen 4 21FJ002BID i7-1355U 16GB RAM","26.520.000","","","","Kota Jakarta Utara"
"1777228350-240","https://www.blibli.com/cari/laptop%20lenovo?sort=0&intent=false&firstLoad=false&category=LA-1000004&category=LA-1000005&category=UL-1000001&brand=Lenovo&page=10&start=360","LAPTOP LENOVO V14 Gen 4 IRU 83A000LJID INTEL i3-1315U 8GB RAM","6.550.000","","","","Kota Jakarta Utara"
"1777228350-241","https://www.blibli.com/cari/laptop%20lenovo?sort=0&intent=false&firstLoad=false&category=LA-1000004&category=LA-1000005&category=UL-1000001&brand=Lenovo&page=10&start=360","LAPTOP LENOVO IdeaPad 5 14ABR8 82XS000PID RYZEN 7 7730U 16GB RAM","11.830.000","","","","Kota Jakarta Utara"
"1777228350-242","https://www.blibli.com/cari/laptop%20lenovo?sort=0&intent=false&firstLoad=false&category=LA-1000004&category=LA-1000005&category=UL-1000001&brand=Lenovo&page=10&start=360","LAPTOP LENOVO IDEAPAD SLIM 3 FHD RYZEN 5 7530U 4.5GHz, 8GB/ 512GB WIN 11 HOME","8.100.000","","","","Kota Surabaya"
"1777228350-243","https://www.blibli.com/cari/laptop%20lenovo?sort=0&intent=false&firstLoad=false&category=LA-1000004&category=LA-1000005&category=UL-1000001&brand=Lenovo&page=10&start=360","LAPTOP LENOVO IDEAPAD SLIM 5 14IRL8 9QID/9PID I7 13620H 16GB RAM","14.200.000","","","","Kota Jakarta Utara"
"1777228350-244","https://www.blibli.com/cari/laptop%20lenovo?sort=0&intent=false&firstLoad=false&category=LA-1000004&category=LA-1000005&category=UL-1000001&brand=Lenovo&page=10&start=360","LAPTOP LENOVO Yoga 7 14IRL8 82YL0058ID INTEL I5 1340P 16GB RAM","16.500.000","","","","Kota Jakarta Utara"
"1777228350-245","https://www.blibli.com/cari/laptop%20lenovo?sort=0&intent=false&firstLoad=false&category=LA-1000004&category=LA-1000005&category=UL-1000001&brand=Lenovo&page=10&start=360","LAPTOP LENOVO THINKPAD L13 YOGA Gen 4 21FJ002AID i5-1335U 16GB RAM","23.350.000","","","","Kota Jakarta Utara"
"1777228350-246","https://www.blibli.com/cari/laptop%20lenovo?sort=0&intent=false&firstLoad=false&category=LA-1000004&category=LA-1000005&category=UL-1000001&brand=Lenovo&page=10&start=360","LAPTOP LENOVO Yoga Slim 7 14ILL10 83JX006CID Ultra 5 226V 16GB RAM","18.250.000","","","","Kota Jakarta Utara"
"1777228350-247","https://www.blibli.com/cari/laptop%20lenovo?sort=0&intent=false&firstLoad=false&category=LA-1000004&category=LA-1000005&category=UL-1000001&brand=Lenovo&page=10&start=360","LAPTOP LENOVO THINKPAD P16s Gen 2 0B00 INTEL I7 1370P 16GB RAM","34.550.000","","","","Kota Jakarta Utara"
"1777228350-248","https://www.blibli.com/cari/laptop%20lenovo?sort=0&intent=false&firstLoad=false&category=LA-1000004&category=LA-1000005&category=UL-1000001&brand=Lenovo&page=10&start=360","LAPTOP LENOVO V14 Gen 2 ITL J8ID INTEL I5 1135G7 8GB RAM","10.225.000","","","","Kota Jakarta Utara"
"1777228350-249","https://www.blibli.com/cari/laptop%20lenovo?sort=0&intent=false&firstLoad=false&category=LA-1000004&category=LA-1000005&category=UL-1000001&brand=Lenovo&page=10&start=360","LAPTOP LENOVO V14 Gen 3 IAP 82TSA0HEID INTEL I3 1215U 8GB RAM","8.990.000","","","","Kota Jakarta Utara"
"1777228350-250","https://www.blibli.com/cari/laptop%20lenovo?sort=0&intent=false&firstLoad=false&category=LA-1000004&category=LA-1000005&category=UL-1000001&brand=Lenovo&page=10&start=360","LAPTOP LENOVO Ideapad Slim 3 14ABR8 82XL006HID RYZEN 7 7730U 16GB RAM","10.150.000","","","","Kota Jakarta Utara"
"1777228350-251","https://www.blibli.com/cari/laptop%20lenovo?sort=0&intent=false&firstLoad=false&category=LA-1000004&category=LA-1000005&category=UL-1000001&brand=Lenovo&page=10&start=360","LAPTOP LENOVO V14 Gen 3 IAP 82TS00NAID INTEL I7 1255U 8GB RAM","11.250.000","","","","Kota Jakarta Utara"
"1777228350-252","https://www.blibli.com/cari/laptop%20lenovo?sort=0&intent=false&firstLoad=false&category=LA-1000004&category=LA-1000005&category=UL-1000001&brand=Lenovo&page=10&start=360","LAPTOP LENOVO L390 CORE I5 GEN 8TH RAM 16GB/SSD 256GB LAYAR 13 INCHI","4.800.000","","Terjual 1","","Kota Jakarta Barat"
"1777228350-253","https://www.blibli.com/cari/laptop%20lenovo?sort=0&intent=false&firstLoad=false&category=LA-1000004&category=LA-1000005&category=UL-1000001&brand=Lenovo&page=10&start=360","LAPTOP LENOVO IDEAPAD SLIM 5 OLED Intel Core i5-13420H 16GB/512GB WIN 11 PROFESSIONAL","13.000.000","","","","Kota Surabaya"
"1777228350-254","https://www.blibli.com/cari/laptop%20lenovo?sort=0&intent=false&firstLoad=false&category=LA-1000004&category=LA-1000005&category=UL-1000001&brand=Lenovo&page=10&start=360","LAPTOP LENOVO IDEAPAD SLIM 5 LTPS Intel Core i5-1335U 16GB/512GB WIN 11 PROFESSIONAL","15.700.000","","","","Kota Surabaya"
"1777228350-255","https://www.blibli.com/cari/laptop%20lenovo?sort=0&intent=false&firstLoad=false&category=LA-1000004&category=LA-1000005&category=UL-1000001&brand=Lenovo&page=10&start=360","LAPTOP LENOVO THINKPAD Z16 GEN 1 21D4002YID RYZEN 7 PRO 6850H 16GB RAM","20.980.000","","","","Kota Jakarta Utara"
"1777228350-256","https://www.blibli.com/cari/laptop%20lenovo?sort=0&intent=false&firstLoad=false&category=LA-1000004&category=LA-1000005&category=UL-1000001&brand=Lenovo&page=10&start=360","LAPTOP LENOVO THINKPAD L440 INTEL CORE i5-4TH 4GB RAM - 500GB HDD MURAH","1.700.000","5","Terjual 1","","Kota Jakarta Pusat"
"1777228350-257","https://www.blibli.com/cari/laptop%20lenovo?sort=0&intent=false&firstLoad=false&category=LA-1000004&category=LA-1000005&category=UL-1000001&brand=Lenovo&page=10&start=360","LAPTOP LENOVO IDEAPAD SLIM 5 OLED Intel Core i7-13620H 16GB/512GB WIN 11 PROFESSIONAL","13.400.000","","","","Kota Surabaya"
"1777228350-258","https://www.blibli.com/cari/laptop%20lenovo?sort=0&intent=false&firstLoad=false&category=LA-1000004&category=LA-1000005&category=UL-1000001&brand=Lenovo&page=10&start=360","LAPTOP LENOVO Thinkbook 14ABP Gen 7 21MV007GID AMD Ryzen 7 7735HS 16GB RAM","14.100.000","","","","Kota Jakarta Utara"
"1777228350-259","https://www.blibli.com/cari/laptop%20lenovo?sort=0&intent=false&firstLoad=false&category=LA-1000004&category=LA-1000005&category=UL-1000001&brand=Lenovo&page=10&start=360","LAPTOP Lenovo Thinkpad E14 Gen 6 21M3006MID AMD RYZEN 5 7535U 8GB RAM","16.350.000","","","","Kota Jakarta Utara"
"1777228350-260","https://www.blibli.com/cari/laptop%20lenovo?sort=0&intent=false&firstLoad=false&category=LA-1000004&category=LA-1000005&category=UL-1000001&brand=Lenovo&page=10&start=360","LAPTOP LENOVO THINKPAD L14 CORE I5 GEN 11 RAM 16GB/SSD 256GB LAYAR 14"" INCHI","5.900.000","","","","Kota Jakarta Barat"
"1777228350-261","https://www.blibli.com/cari/laptop%20lenovo?sort=0&intent=false&firstLoad=false&category=LA-1000004&category=LA-1000005&category=UL-1000001&brand=Lenovo&page=10&start=360","LAPTOP LENOVO IDEAPAD 5 2-in1 OLED Touch Core 5 120U, 16/512GB WIN 11 HOME","13.200.000","","","","Kota Surabaya"
"1777228350-262","https://www.blibli.com/cari/laptop%20lenovo?sort=0&intent=false&firstLoad=false&category=LA-1000004&category=LA-1000005&category=UL-1000001&brand=Lenovo&page=10&start=360","LAPTOP LENOVO IDEAPAD 5 2-in1 OLED Touch Core 7 150U, 16/512GB WIN 11 PROFESSIONAL","15.600.000","","","","Kota Surabaya"
"1777228350-263","https://www.blibli.com/cari/laptop%20lenovo?sort=0&intent=false&firstLoad=false&category=LA-1000004&category=LA-1000005&category=UL-1000001&brand=Lenovo&page=10&start=360","LAPTOP LENOVO IDEAPAD SLIM 3 FHD RYZEN 5 7530U 4.5GHz, 8GB/ 512GB WIN 11 PROFESSIONAL","8.700.000","","","","Kota Surabaya"
"1777228350-264","https://www.blibli.com/cari/laptop%20lenovo?sort=0&intent=false&firstLoad=false&category=LA-1000004&category=LA-1000005&category=UL-1000001&brand=Lenovo&page=10&start=360","LAPTOP LENOVO IDEAPAD SLIM 5 OLED Intel Core Ultra 7 155H 16GB/512GB WIN 11 PROFESSIONAL","14.700.000","","","","Kota Surabaya"
"1777228350-265","https://www.blibli.com/cari/laptop%20lenovo?sort=0&intent=false&firstLoad=false&category=LA-1000004&category=LA-1000005&category=UL-1000001&brand=Lenovo&page=10&start=360","LAPTOP LENOVO V15 G3 IAP 82TT00PLID INTEL i3-1215U 8GB RAM","6.900.000","","","","Kota Jakarta Utara"
"1777228350-266","https://www.blibli.com/cari/laptop%20lenovo?sort=0&intent=false&firstLoad=false&category=LA-1000004&category=LA-1000005&category=UL-1000001&brand=Lenovo&page=10&start=360","LAPTOP LENOVO IDEAPAD 2 IN 1 Flex 5 14ABR8 EHID RYZEN 7 5825U 16GB RAM","12.100.000","","","","Kota Jakarta Utara"
"1777228350-267","https://www.blibli.com/cari/laptop%20lenovo?sort=0&intent=false&firstLoad=false&category=LA-1000004&category=LA-1000005&category=UL-1000001&brand=Lenovo&page=10&start=360","LAPTOP LENOVO IDEAPAD SLIM 5 OLED Intel Core Ultra 7 155H 16GB/512GB WIN 11 HOME","14.100.000","","","","Kota Surabaya"
"1777228350-268","https://www.blibli.com/cari/laptop%20lenovo?sort=0&intent=false&firstLoad=false&category=LA-1000004&category=LA-1000005&category=UL-1000001&brand=Lenovo&page=10&start=360","LAPTOP LENOVO IDEAPAD 5 PRO OLED RYZEN 7 8845HS, RTX 3050 16GB/ 1TB WIN 11 PROFESSIONAL","19.100.000","","","","Kota Surabaya"
"1777228350-269","https://www.blibli.com/cari/laptop%20lenovo?sort=0&intent=false&firstLoad=false&category=LA-1000004&category=LA-1000005&category=UL-1000001&brand=Lenovo&page=10&start=360","LAPTOP LENOVO Yoga Pro 7 14IRH8 82Y70009ID I5 13500H 16GB RAM","15.600.000","","","","Kota Jakarta Utara"
"1777228350-270","https://www.blibli.com/cari/laptop%20lenovo?sort=0&intent=false&firstLoad=false&category=LA-1000004&category=LA-1000005&category=UL-1000001&brand=Lenovo&page=10&start=360","LAPTOP LENOVO THINKPAD X13 YOGA Gen 4 21F2005KID i5-1345U 16GB RAM","25.625.000","","","","Kota Jakarta Utara"
"1777228350-271","https://www.blibli.com/cari/laptop%20lenovo?sort=0&intent=false&firstLoad=false&category=LA-1000004&category=LA-1000005&category=UL-1000001&brand=Lenovo&page=10&start=360","LAPTOP LENOVO Ideapad Slim 3 14ABR8 7BID/7CID RYZEN 5 7530U 8GB RAM","8.475.000","","","","Kota Jakarta Utara"
"1777228350-272","https://www.blibli.com/cari/laptop%20lenovo?sort=0&intent=false&firstLoad=false&category=LA-1000004&category=LA-1000005&category=UL-1000001&brand=Lenovo&page=10&start=360","LAPTOP LENOVO IDEAPAD SLIM 5 OLED Intel Core i5-13420H 16GB/512GB WIN 11 HOME","12.400.000","","","","Kota Surabaya"
"1777228350-273","https://www.blibli.com/cari/laptop%20lenovo?sort=0&intent=false&firstLoad=false&category=LA-1000004&category=LA-1000005&category=UL-1000001&brand=Lenovo&page=10&start=360","LAPTOP LENOVO IDEAPAD SLIM 5 OLED Intel Core i7-13620H 16GB/512GB WIN 11 HOME","13.200.000","","","","Kota Surabaya"
"1777228350-274","https://www.blibli.com/cari/laptop%20lenovo?sort=0&intent=false&firstLoad=false&category=LA-1000004&category=LA-1000005&category=UL-1000001&brand=Lenovo&page=10&start=360","LAPTOP LENOVO Yoga 7 2-in-1 14IML9 Intel Core Ultra 7 155H 16GB RAM","21.465.000","","","","Kota Jakarta Utara"
"1777228350-275","https://www.blibli.com/cari/laptop%20lenovo?sort=0&intent=false&firstLoad=false&category=LA-1000004&category=LA-1000005&category=UL-1000001&brand=Lenovo&page=10&start=360","LAPTOP LENOVO THINKPAD X13 Gen 5 21LU0059ID INTEL ULTRA 7 165U 32GB RAM","32.000.000","","","","Kota Jakarta Utara"
"1777228350-276","https://www.blibli.com/cari/laptop%20lenovo?sort=0&intent=false&firstLoad=false&category=LA-1000004&category=LA-1000005&category=UL-1000001&brand=Lenovo&page=10&start=360","LAPTOP LENOVO IDEAPAD 5 2-in1 OLED Touch Core 5 120U, 16/512GB WIN 11 PROFESSIONAL","13.800.000","","","","Kota Surabaya"
"1777228350-277","https://www.blibli.com/cari/laptop%20lenovo?sort=0&intent=false&firstLoad=false&category=LA-1000004&category=LA-1000005&category=UL-1000001&brand=Lenovo&page=10&start=360","LAPTOP LENOVO IDEAPAD 5 2-in1 OLED Touch Core 7 150U, 16/512GB WIN 11 HOME","15.000.000","","","","Kota Surabaya"
"1777228350-278","https://www.blibli.com/cari/laptop%20lenovo?sort=0&intent=false&firstLoad=false&category=LA-1000004&category=LA-1000005&category=UL-1000001&brand=Lenovo&page=10&start=360","LAPTOP LENOVO IP3 14ALC06 82KT00RBID / 82KT00RCID /82KT00RAID","6.700.000","","","","Kota Jakarta Utara"
"1777228350-279","https://www.blibli.com/cari/laptop%20lenovo?sort=0&intent=false&firstLoad=false&category=LA-1000004&category=LA-1000005&category=UL-1000001&brand=Lenovo&page=10&start=360","LAPTOP LENOVO IDEAPAD SLIM 5 OLED Intel Core Ultra 5 125H 16GB/512GB WIN 11 HOME","12.400.000","","","","Kota Surabaya"
"1777228350-280","https://www.blibli.com/cari/laptop%20lenovo?sort=0&intent=false&firstLoad=false&category=LA-1000004&category=LA-1000005&category=UL-1000001&brand=Lenovo&page=10&start=360","LAPTOP LENOVO IDEAPAD SLIM 5 OLED Intel Core Ultra 5 125H 16GB/512GB WIN 11 PROFESSIONAL","13.000.000","","","","Kota Surabaya"
"1777228350-281","https://www.blibli.com/cari/laptop%20lenovo?sort=0&intent=false&firstLoad=false&category=LA-1000004&category=LA-1000005&category=UL-1000001&brand=Lenovo&page=10&start=360","LAPTOP LENOVO IDEAPAD SLIM 3 14ABR8 82XL0005ID/82XL0004ID Ryzen 5 7530U","8.425.000","","","","Kota Jakarta Utara"
"1777228350-282","https://www.blibli.com/cari/laptop%20lenovo?sort=0&intent=false&firstLoad=false&category=LA-1000004&category=LA-1000005&category=UL-1000001&brand=Lenovo&page=10&start=360","LAPTOP LENOVO IDEAPAD SLIM 3 82X6006FID 14IRU8 INTEL I3 1315U 8GB RAM","8.990.000","","","","Kota Jakarta Utara"
"1777228350-283","https://www.blibli.com/cari/laptop%20lenovo?sort=0&intent=false&firstLoad=false&category=LA-1000004&category=LA-1000005&category=UL-1000001&brand=Lenovo&page=10&start=360","LAPTOP LENOVO IP5 2IN1 ULTRA 5 225H 16GB|512GB|14""TOUCH|W11+OHS","16.118.005","","","","Kota Pekanbaru"
"1777228350-284","https://www.blibli.com/cari/laptop%20lenovo?sort=0&intent=false&firstLoad=false&category=LA-1000004&category=LA-1000005&category=UL-1000001&brand=Lenovo&page=10&start=360","LAPTOP LENOVO IDEAPAD IP1 14IGL7 82V6008BID/82V6008AID INTEL CELERON N4020","4.960.000","","","","Kota Jakarta Utara"
"1777228350-285","https://www.blibli.com/cari/laptop%20lenovo?sort=0&intent=false&firstLoad=false&category=LA-1000004&category=LA-1000005&category=UL-1000001&brand=Lenovo&page=10&start=360","LAPTOP LENOVO THINKPAD L14 20X2S89W00 I7 1165G7 8GB RAM","18.100.000","","","","Kota Jakarta Utara"
"1777228350-286","https://www.blibli.com/cari/laptop%20lenovo?sort=0&intent=false&firstLoad=false&category=LA-1000004&category=LA-1000005&category=UL-1000001&brand=Lenovo&page=10&start=360","LAPTOP LENOVO K14 Gen 1 21CSS22300 INTEL I5 1145G7 8GB RAM 14"" INCH","8.660.000","","","","Kota Jakarta Utara"
"1777228350-287","https://www.blibli.com/cari/laptop%20lenovo?sort=0&intent=false&firstLoad=false&category=LA-1000004&category=LA-1000005&category=UL-1000001&brand=Lenovo&page=10&start=360","LAPTOP LENOVO Yoga Slim 7 14IMH9 83CV008FID INTEL ULTRA 7 155H 16GB RAM","18.125.000","","","","Kota Jakarta Utara"
"1777228350-288","https://www.blibli.com/cari/laptop%20lenovo?sort=0&intent=false&firstLoad=false&category=LA-1000004&category=LA-1000005&category=UL-1000001&brand=Lenovo&page=10&start=360","LAPTOP LENOVO Yoga Slim 7 14ILL10 83JX000UID INTEL ULTRA 5 226V 16GB RAM","18.150.000","","","","Kota Jakarta Utara"
"1777228350-289","https://www.blibli.com/cari/laptop%20lenovo?sort=0&intent=false&firstLoad=false&category=LA-1000004&category=LA-1000005&category=UL-1000001&brand=Lenovo&page=10&start=360","LAPTOP LENOVO Yoga Slim 7 14ILL10 83JX006CID INTEL ULTRA 5 226V 16GB RAM","18.250.000","","","","Kota Jakarta Utara"
"1777228350-290","https://www.blibli.com/cari/laptop%20lenovo?sort=0&intent=false&firstLoad=false&category=LA-1000004&category=LA-1000005&category=UL-1000001&brand=Lenovo&page=10&start=360","LAPTOP LENOVO Yoga Slim 7 14ILL10 83JX006DID INTEL Ultra 7 258V 32GB RAM","22.290.000","","","","Kota Jakarta Utara"
"1777228350-291","https://www.blibli.com/cari/laptop%20lenovo?sort=0&intent=false&firstLoad=false&category=LA-1000004&category=LA-1000005&category=UL-1000001&brand=Lenovo&page=10&start=360","LAPTOP LENOVO Yoga Slim 9 14ILL10 83CX001BID INTEL ULTRA 7 258V 32GB RAM","31.285.000","","","","Kota Jakarta Utara"
"1777228350-292","https://www.blibli.com/cari/laptop%20lenovo?sort=0&intent=false&firstLoad=false&category=LA-1000004&category=LA-1000005&category=UL-1000001&brand=Lenovo&page=10&start=360","LAPTOP LENOVO IP5 14ABA7 82SE0062ID / 82SE0063ID Ryzen 5-5625U","9.360.000","","","","Kota Jakarta Utara"
"1777228350-293","https://www.blibli.com/cari/laptop%20lenovo?sort=0&intent=false&firstLoad=false&category=LA-1000004&category=LA-1000005&category=UL-1000001&brand=Lenovo&page=10&start=360","LAPTOP LENOVO IdeaPad 5 2-in-1 14IRU9 0BID/0CID Intel Core7 150U","15.250.000","","","","Kota Jakarta Utara"
"1777228350-294","https://www.blibli.com/cari/laptop%20lenovo?sort=0&intent=false&firstLoad=false&category=LA-1000004&category=LA-1000005&category=UL-1000001&brand=Lenovo&page=10&start=360","LAPTOP LENOVO THINKBOOK 14IRL Gen 6 21KG00C2ID I7-1355U 16GB RAM","17.275.000","","","","Kota Jakarta Utara"
"1777228350-295","https://www.blibli.com/cari/laptop%20lenovo?sort=0&intent=false&firstLoad=false&category=LA-1000004&category=LA-1000005&category=UL-1000001&brand=Lenovo&page=10&start=360","LAPTOP Lenovo V14 G5 83GU007GID - DDR5 8gb intel i5-13420H","9.800.000","","","","Kota Jakarta Utara"
"1777228350-296","https://www.blibli.com/cari/laptop%20lenovo?sort=0&intent=false&firstLoad=false&category=LA-1000004&category=LA-1000005&category=UL-1000001&brand=Lenovo&page=10&start=360","LAPTOP LENOVO ThinkBook 13s G4 ITL 21AR008PID I5-1240P 16GB RAM","16.100.000","","","","Kota Jakarta Utara"
"1777228350-297","https://www.blibli.com/cari/laptop%20lenovo?sort=0&intent=false&firstLoad=false&category=LA-1000004&category=LA-1000005&category=UL-1000001&brand=Lenovo&page=10&start=360","LAPTOP LENOVO IdeaPad 5 14ABR8 82XE0073ID/82XE0074ID/82XE0075ID","10.990.000","","","","Kota Jakarta Utara"
"1777228350-298","https://www.blibli.com/cari/laptop%20lenovo?sort=0&intent=false&firstLoad=false&category=LA-1000004&category=LA-1000005&category=UL-1000001&brand=Lenovo&page=10&start=360","Laptop Lenovo IdeaPad 1 14IGL7-4WID Celeron N4020 8gb 256gb 14″ W11","4.900.000","","","","Kota Pekanbaru"
"1777228350-299","https://www.blibli.com/cari/laptop%20lenovo?sort=0&intent=false&firstLoad=false&category=LA-1000004&category=LA-1000005&category=UL-1000001&brand=Lenovo&page=10&start=360","LAPTOP LENOVO THINKPAD P16s Gen 1 21BT006BID INTEL I7-1280P 32GB RAM","40.570.000","","","","Kota Jakarta Utara"
"1777228350-300","https://www.blibli.com/cari/laptop%20lenovo?sort=0&intent=false&firstLoad=false&category=LA-1000004&category=LA-1000005&category=UL-1000001&brand=Lenovo&page=10&start=360","LAPTOP LENOVO THINKBOOK 14IRL Gen 6 21KG00C4ID I7 1355U 16GB RAM","18.350.000","","","","Kota Jakarta Utara"
"1777228350-301","https://www.blibli.com/cari/laptop%20lenovo?sort=0&intent=false&firstLoad=false&category=LA-1000004&category=LA-1000005&category=UL-1000001&brand=Lenovo&page=10&start=360","LAPTOP LENOVO Lenovo K14 Gen 1 21CS0018ID INTEL I7 1165G7 8GB RAM","14.435.000","","","","Kota Jakarta Utara"
"1777228350-302","https://www.blibli.com/cari/laptop%20lenovo?sort=0&intent=false&firstLoad=false&category=LA-1000004&category=LA-1000005&category=UL-1000001&brand=Lenovo&page=10&start=360","LAPTOP LENOVO Ideapad IPS5 14IMH9 7TID/7SID INTEL ULTRA 7 155H 16GB RAM","14.760.000","","","","Kota Jakarta Utara"
"1777228350-303","https://www.blibli.com/cari/laptop%20lenovo?sort=0&intent=false&firstLoad=false&category=LA-1000004&category=LA-1000005&category=UL-1000001&brand=Lenovo&page=10&start=360","LAPTOP LENOVO IP5 PRO 14IAH10 83JK000HID INTEL ULTRA 7 255H 24GB RAM","18.600.000","","","","Kota Jakarta Utara"
"1777228350-304","https://www.blibli.com/cari/laptop%20lenovo?sort=0&intent=false&firstLoad=false&category=LA-1000004&category=LA-1000005&category=UL-1000001&brand=Lenovo&page=10&start=360","LAPTOP LENOVO IP3 14IRH10 3MID / 3LID INTEL I7 13620H 16GB RAM","11.980.000","","","","Kota Jakarta Utara"
"1777228350-305","https://www.blibli.com/cari/laptop%20lenovo?sort=0&intent=false&firstLoad=false&category=LA-1000004&category=LA-1000005&category=UL-1000001&brand=Lenovo&page=10&start=360","LAPTOP LENOVO IdeaPad Slim 5 13ARP10 83J2003VID RYZEN 7 7735HS 16GB RAM","12.300.000","","","","Kota Jakarta Utara"
"1777228350-306","https://www.blibli.com/cari/laptop%20lenovo?sort=0&intent=false&firstLoad=false&category=LA-1000004&category=LA-1000005&category=UL-1000001&brand=Lenovo&page=10&start=360","LAPTOP LENOVO IP5 ULTRA 5 225H| 16GB |SSD512|14""WUXGA OLED| W11+OHS AI ADP","14.426.505","","","","Kota Pekanbaru"
"1777228350-307","https://www.blibli.com/cari/laptop%20lenovo?sort=0&intent=false&firstLoad=false&category=LA-1000004&category=LA-1000005&category=UL-1000001&brand=Lenovo&page=10&start=360","LAPTOP LENOVO IP Slim 5 14IRH10 83HR000SID INTEL I7 13620H 16GB RAM","14.700.000","","","","Kota Jakarta Utara"
"1777228350-308","https://www.blibli.com/cari/laptop%20lenovo?sort=0&intent=false&firstLoad=false&category=LA-1000004&category=LA-1000005&category=UL-1000001&brand=Lenovo&page=10&start=360","LAPTOP LENOVO YOGA SLIM 7 Pro 14ARH7 82UU002CID RYZEN 7 6800HS16GB RAM","15.180.000","","","","Kota Jakarta Utara"
"1777228350-309","https://www.blibli.com/cari/laptop%20lenovo?sort=0&intent=false&firstLoad=false&category=LA-1000004&category=LA-1000005&category=UL-1000001&brand=Lenovo&page=10&start=360","LAPTOP LENOVO IP5 PRO 14IAH10 83JK001HID INTEL ULTRA 7 255H 24GB RAM","18.650.000","","","","Kota Jakarta Utara"
"1777228350-310","https://www.blibli.com/cari/laptop%20lenovo?sort=0&intent=false&firstLoad=false&category=LA-1000004&category=LA-1000005&category=UL-1000001&brand=Lenovo&page=10&start=360","LAPTOP LENOVO Yoga Slim 7 14IMH9 83CV008GID INTEL ULTRA 5 125H 16GB RAM","15.625.000","","","","Kota Jakarta Utara"
"1777228350-311","https://www.blibli.com/cari/laptop%20lenovo?sort=0&intent=false&firstLoad=false&category=LA-1000004&category=LA-1000005&category=UL-1000001&brand=Lenovo&page=10&start=360","LAPTOP LENOVO IP3 14ABA7 82RM001WID/ 82RM001XID / 82RM001VID","9.425.000","","","","Kota Jakarta Utara"
"1777228350-312","https://www.blibli.com/cari/laptop%20lenovo?sort=0&intent=false&firstLoad=false&category=LA-1000004&category=LA-1000005&category=UL-1000001&brand=Lenovo&page=10&start=360","LAPTOP LENOVO Yoga Slim 7 14ILL10 83JX000TID INTEL ULTRA 7 258V 32GB RAM","22.165.000","","","","Kota Jakarta Utara"
"1777228350-313","https://www.blibli.com/cari/laptop%20lenovo?sort=0&intent=false&firstLoad=false&category=LA-1000004&category=LA-1000005&category=UL-1000001&brand=Lenovo&page=10&start=360","LAPTOP LENOVO IP5 PRO 14AKP10 83JL001HID AMD Ryzen AI 7 350 32GB RAM","17.550.000","","","","Kota Jakarta Utara"
"1777228350-314","https://www.blibli.com/cari/laptop%20lenovo?sort=0&intent=false&firstLoad=false&category=LA-1000004&category=LA-1000005&category=UL-1000001&brand=Lenovo&page=10&start=360","LAPTOP LENOVO Yoga 7 2-in-1 14ILL10 3VID INTEL ULTRA 7 258V 32GB RAM","23.350.000","","","","Kota Jakarta Utara"
"1777228350-315","https://www.blibli.com/cari/laptop%20lenovo?sort=0&intent=false&firstLoad=false&category=LA-1000004&category=LA-1000005&category=UL-1000001&brand=Lenovo&page=10&start=360","LAPTOP LENOVO THINKPAD X13 2-in-1 Gen 5 2QID INTEL ULTRA 5 135U 16GB RAM","30.325.000","","","","Kota Jakarta Utara"
"1777228350-316","https://www.blibli.com/cari/laptop%20lenovo?sort=0&intent=false&firstLoad=false&category=LA-1000004&category=LA-1000005&category=UL-1000001&brand=Lenovo&page=10&start=360","LAPTOP LENOVO YOGA L380 I7 GEN 8 RAM 32GB/SSD 1TB LAYAR 14 INCHI TOUCHSCREEN+PEN","7.500.000","5","Terjual 1","","Kota Jakarta Barat"
"1777228350-317","https://www.blibli.com/cari/laptop%20lenovo?sort=0&intent=false&firstLoad=false&category=LA-1000004&category=LA-1000005&category=UL-1000001&brand=Lenovo&page=10&start=360","LAPTOP Lenovo Thinkpad E14 Gen 7 21SX005XID Intel Core Ultra 5 225U 8GB RAM","18.750.000","","","","Kota Jakarta Utara"
"1777228350-318","https://www.blibli.com/cari/laptop%20lenovo?sort=0&intent=false&firstLoad=false&category=LA-1000004&category=LA-1000005&category=UL-1000001&brand=Lenovo&page=10&start=360","LAPTOP LENOVO THINKPAD T14 Gen 5 21MC0069ID AMD Ryzen 5 PRO 8540U 16GB RAM","22.950.000","","","","Kota Jakarta Utara"
"1777228350-319","https://www.blibli.com/cari/laptop%20lenovo?sort=0&intent=false&firstLoad=false&category=LA-1000004&category=LA-1000005&category=UL-1000001&brand=Lenovo&page=10&start=360","LAPTOP LENOVO THINKPAD T14 Gen 6 21QC00BMID Intel Core Ultra 7 255H 32GB RAM","28.980.000","","","","Kota Jakarta Utara"
"1777228350-320","https://www.blibli.com/cari/laptop%20lenovo?sort=0&intent=false&firstLoad=false&category=LA-1000004&category=LA-1000005&category=UL-1000001&brand=Lenovo&page=10&start=360","LAPTOP LENOVO Thinkpad E14 Gen 7 21SX0060ID Intel Core Ultra 7 255H 16GB RAM","31.800.000","","","","Kota Jakarta Utara"
"1777228350-321","https://www.blibli.com/cari/laptop%20lenovo?sort=0&intent=false&firstLoad=false&category=LA-1000004&category=LA-1000005&category=UL-1000001&brand=Lenovo&page=10&start=360","LAPTOP LENOVO YOGA 370 CORE I5 GEN 7TH RAM 16GB/SSD 512GB LAYAR 14 INCHI TOUCHSCREEN","5.000.000","5","Terjual 1","","Kota Jakarta Barat"
"1777228350-322","https://www.blibli.com/cari/laptop%20lenovo?sort=0&intent=false&firstLoad=false&category=LA-1000004&category=LA-1000005&category=UL-1000001&brand=Lenovo&page=10&start=360","LAPTOP LENOVO IDEPAD SLIM 1 14 INTEL N4020 W11 - 2THN GREY, 8GB 512GB SSD","6.699.000","","","","Kota Batam"
"1777228350-323","https://www.blibli.com/cari/laptop%20lenovo?sort=0&intent=false&firstLoad=false&category=LA-1000004&category=LA-1000005&category=UL-1000001&brand=Lenovo&page=10&start=360","LAPTOP LENOVO IDEAPAD 5 2-in1 IPS Touch Core i5 1320H, 16/512GB WIN 11 HOME","12.200.000","","","","Kota Surabaya"
"1777228350-324","https://www.blibli.com/cari/laptop%20lenovo?sort=0&intent=false&firstLoad=false&category=LA-1000004&category=LA-1000005&category=UL-1000001&brand=Lenovo&page=10&start=360","LAPTOP LENOVO THINKPAD T14 Gen 5 21MC005YID AMD Ryzen 7 PRO 8840U 32GB RAM","27.250.000","","","","Kota Jakarta Utara"
"1777228350-325","https://www.blibli.com/cari/laptop%20lenovo?sort=0&intent=false&firstLoad=false&category=LA-1000004&category=LA-1000005&category=UL-1000001&brand=Lenovo&page=10&start=360","Laptop Lenovo FLex 2-14 466 Touchscreen Intel Core i7-4510U CPU RAM 16 GB SSD 500 GB Second","8.500.000","","","","Kota Jakarta Pusat"
"1777228350-326","https://www.blibli.com/cari/laptop%20lenovo?sort=0&intent=false&firstLoad=false&category=LA-1000004&category=LA-1000005&category=UL-1000001&brand=Lenovo&page=10&start=360","LAPTOP LENOVO THINKBOOK 14IRL Gen 6 21KG00C3ID I5 1335U 8GB RAM","15.000.000","","","","Kota Jakarta Utara"
"1777228350-327","https://www.blibli.com/cari/laptop%20lenovo?sort=0&intent=false&firstLoad=false&category=LA-1000004&category=LA-1000005&category=UL-1000001&brand=Lenovo&page=10&start=360","LAPTOP LENOVO Ideapad Slim 3 14IRU9 2EID/2GID INTEL I5 120U 16GB RAM","10.450.000","","","","Kota Jakarta Utara"
"1777228350-328","https://www.blibli.com/cari/laptop%20lenovo?sort=0&intent=false&firstLoad=false&category=LA-1000004&category=LA-1000005&category=UL-1000001&brand=Lenovo&page=10&start=360","LAPTOP LENOVO IP3 14IRH10 7FID / 7GID INTEL I7 13620H 16GB RAM","12.100.000","","","","Kota Jakarta Utara"
"1777228350-329","https://www.blibli.com/cari/laptop%20lenovo?sort=0&intent=false&firstLoad=false&category=LA-1000004&category=LA-1000005&category=UL-1000001&brand=Lenovo&page=10&start=360","LAPTOP LENOVO IdeaPad Slim 5 14ABR8 9VID/9UID RYZEN 7 7730U 16GB RAM","12.150.000","","","","Kota Jakarta Utara"
"1777228350-330","https://www.blibli.com/cari/laptop%20lenovo?sort=0&intent=false&firstLoad=false&category=LA-1000004&category=LA-1000005&category=UL-1000001&brand=Lenovo&page=10&start=360","LAPTOP LENOVO Ideapad IPS5 14IMH9 4SID/5UID Intel Ultra 7 155H 16GB RAM","14.760.000","","","","Kota Jakarta Utara"
"1777228350-331","https://www.blibli.com/cari/laptop%20lenovo?sort=0&intent=false&firstLoad=false&category=LA-1000004&category=LA-1000005&category=UL-1000001&brand=Lenovo&page=10&start=360","LAPTOP LENOVO ThinkBook 13s Gen 2 ITL - 20V900HPID INTEL i5 1135G7","15.500.000","","","","Kota Jakarta Utara"
"1777228350-332","https://www.blibli.com/cari/laptop%20lenovo?sort=0&intent=false&firstLoad=false&category=LA-1000004&category=LA-1000005&category=UL-1000001&brand=Lenovo&page=10&start=360","LAPTOP Lenovo Thinkpad X1 CARBON Gen 10 21CBS0KU00 i7 1265U 16GB RAM","32.995.000","","","","Kota Jakarta Utara"
"1777228350-333","https://www.blibli.com/cari/laptop%20lenovo?sort=0&intent=false&firstLoad=false&category=LA-1000004&category=LA-1000005&category=UL-1000001&brand=Lenovo&page=10&start=360","LAPTOP LENOVO X380 YOGA CORE I5 GEN 8TH RAM 8GB/SSD 256GB LAYAR 13.3 INCHI","4.500.000","","","","Kota Jakarta Barat"
"1777228350-334","https://www.blibli.com/cari/laptop%20lenovo?sort=0&intent=false&firstLoad=false&category=LA-1000004&category=LA-1000005&category=UL-1000001&brand=Lenovo&page=10&start=360","LAPTOP LENOVO THINKPAD X13 CIRE I7 GEN 10TH RAM 16GB/SSD 256GB LAYAR 13"" INCHI","6.900.000","","","","Kota Jakarta Barat"
"1777228350-335","https://www.blibli.com/cari/laptop%20lenovo?sort=0&intent=false&firstLoad=false&category=LA-1000004&category=LA-1000005&category=UL-1000001&brand=Lenovo&page=10&start=360","LAPTOP LENOVO IDEAPAD 5 2-in1 IPS Touch Core i5 1320H, 16/512GB WIN 11 PROFESSIONAL","12.800.000","","","","Kota Surabaya"
"1777228350-336","https://www.blibli.com/cari/laptop%20lenovo?sort=0&intent=false&firstLoad=false&category=LA-1000004&category=LA-1000005&category=UL-1000001&brand=Lenovo&page=10&start=360","LAPTOP LENOVO IDEAPAD 5 2-in1 OLED Touch Core i7 13620H, 16/512GB WIN 11 HOME","14.700.000","","","","Kota Surabaya"
"1777228350-337","https://www.blibli.com/cari/laptop%20lenovo?sort=0&intent=false&firstLoad=false&category=LA-1000004&category=LA-1000005&category=UL-1000001&brand=Lenovo&page=10&start=360","LAPTOP LENOVO IDEAPAD 5 2-in1 OLED Touch Core i7 13620H, 16/512GB WIN 11 PROFESSIONAL","15.300.000","","","","Kota Surabaya"
"1777228350-338","https://www.blibli.com/cari/laptop%20lenovo?sort=0&intent=false&firstLoad=false&category=LA-1000004&category=LA-1000005&category=UL-1000001&brand=Lenovo&page=10&start=360","LAPTOP Lenovo Thinkpad E14 Gen Gen 6 21M3006NID AMD Ryzen 7 7735U 16GB RAM","19.650.000","","","","Kota Jakarta Utara"
"1777228350-339","https://www.blibli.com/cari/laptop%20lenovo?sort=0&intent=false&firstLoad=false&category=LA-1000004&category=LA-1000005&category=UL-1000001&brand=Lenovo&page=10&start=360","LAPTOP LENOVO THINKPADD L13 2-in-1 Gen 5 02DID INTEL ULTRA 5 125U 16GB RAM","24.165.000","","","","Kota Jakarta Utara"
"1777228350-340","https://www.blibli.com/cari/laptop%20lenovo?sort=0&intent=false&firstLoad=false&category=LA-1000004&category=LA-1000005&category=UL-1000001&brand=Lenovo&page=10&start=360","LAPTOP LENOVO THINKPAD X1 CARBON 21KC007XID Gen 12 INTEL ULTRA 7 165U 32GB RAM","36.100.000","","","","Kota Jakarta Utara"
"1777228350-341","https://www.blibli.com/cari/laptop%20lenovo?sort=0&intent=false&firstLoad=false&category=LA-1000004&category=LA-1000005&category=UL-1000001&brand=Lenovo&page=10&start=360","LAPTOP LENOVO IP3 14ABA7 82RM001SID / 82RM001TID / 82RM001UID","8.560.000","","","","Kota Jakarta Utara"
"1777228350-342","https://www.blibli.com/cari/laptop%20lenovo?sort=0&intent=false&firstLoad=false&category=LA-1000004&category=LA-1000005&category=UL-1000001&brand=Lenovo&page=10&start=360","LAPTOP LENOVO V15 Gen3 IAP S5ID/Q4ID INTEL i5 1235U 8GB RAM","8.900.000","","","","Kota Jakarta Utara"
"1777228350-343","https://www.blibli.com/cari/laptop%20lenovo?sort=0&intent=false&firstLoad=false&category=LA-1000004&category=LA-1000005&category=UL-1000001&brand=Lenovo&page=10&start=360","LAPTOP LENOVO IP5 2IN1 i5 13420H|16GB|512GB|14""WUXGA Touch|w11+ohs","14.824.505","","","","Kota Pekanbaru"
"1777228350-344","https://www.blibli.com/cari/laptop%20lenovo?sort=0&intent=false&firstLoad=false&category=LA-1000004&category=LA-1000005&category=UL-1000001&brand=Lenovo&page=10&start=360","LAPTOP LENOVO V14 Gen 3 IAP 82TS00N8ID INTEL I3 1215U 8GB RAM","5.885.000","","","","Kota Jakarta Utara"
"1777228350-345","https://www.blibli.com/cari/laptop%20lenovo?sort=0&intent=false&firstLoad=false&category=LA-1000004&category=LA-1000005&category=UL-1000001&brand=Lenovo&page=10&start=360","LAPTOP LENOVO IP Slim 5 14IRH10R 03ID/06ID INTEL I5 210H 16GB RAM","12.985.000","","","","Kota Jakarta Utara"
"1777228350-346","https://www.blibli.com/cari/laptop%20lenovo?sort=0&intent=false&firstLoad=false&category=LA-1000004&category=LA-1000005&category=UL-1000001&brand=Lenovo&page=10&start=360","LAPTOP LENOVO 2IN1 YOGA 7 14ARP8 82YM001LID RYZEN 5 7535U 16GB RAM","15.080.000","","","","Kota Jakarta Utara"
"1777228350-347","https://www.blibli.com/cari/laptop%20lenovo?sort=0&intent=false&firstLoad=false&category=LA-1000004&category=LA-1000005&category=UL-1000001&brand=Lenovo&page=10&start=360","LAPTOP LENOVO Yoga 7 2-in-1 14ILL10 83JQ003WID INTEL ULTRA 7256V 16GB RAM","21.835.000","","","","Kota Jakarta Utara"
"1777228350-348","https://www.blibli.com/cari/laptop%20lenovo?sort=0&intent=false&firstLoad=false&category=LA-1000004&category=LA-1000005&category=UL-1000001&brand=Lenovo&page=10&start=360","LAPTOP LENOVO Thinkbook 14IAL Gen 8 21SJ00A2ID INTEL ULTRA 7 255U 16GB RAM","18.800.000","","","","Kota Jakarta Utara"
"1777228350-349","https://www.blibli.com/cari/laptop%20lenovo?sort=0&intent=false&firstLoad=false&category=LA-1000004&category=LA-1000005&category=UL-1000001&brand=Lenovo&page=10&start=360","LAPTOP LENOVO LOQ 15IAX9I 2HID i5-12450HX 8GB RAM/A530M 4GB","11.850.000","","","","Kota Jakarta Utara"
"1777228350-350","https://www.blibli.com/cari/laptop%20lenovo?sort=0&intent=false&firstLoad=false&category=LA-1000004&category=LA-1000005&category=UL-1000001&brand=Lenovo&page=10&start=360","LAPTOP LENOVO IP5 2IN1 ULTRA 7 255H|16GB|512GB|14' WUXGA TOUCH|W11+OHS","18.108.005","","","","Kota Pekanbaru"
"1777228350-351","https://www.blibli.com/cari/laptop%20lenovo?sort=0&intent=false&firstLoad=false&category=LA-1000004&category=LA-1000005&category=UL-1000001&brand=Lenovo&page=10&start=360","LAPTOP LENOVO ThinkPad E14 Gen 7 21U20005ID Intel Core Ultra 7 258V 32GB RAM","27.300.000","","","","Kota Jakarta Utara"
"1777228350-352","https://www.blibli.com/cari/laptop%20lenovo?sort=0&intent=false&firstLoad=false&category=LA-1000004&category=LA-1000005&category=UL-1000001&brand=Lenovo&page=10&start=360","LAPTOP LENOVO THINKPAD E14 Gen 5 21JK00J8ID INTEL i5-1335U 8GB RAM","16.650.000","","","","Kota Jakarta Utara"
"1777228350-353","https://www.blibli.com/cari/laptop%20lenovo?sort=0&intent=false&firstLoad=false&category=LA-1000004&category=LA-1000005&category=UL-1000001&brand=Lenovo&page=10&start=360","LAPTOP LENOVO THINKPAD L14 GEN5 21L2S5LE00 ULTRA 5 135U 16GB RAM","18.550.000","","","","Kota Jakarta Utara"
"1777228350-354","https://www.blibli.com/cari/laptop%20lenovo?sort=0&intent=false&firstLoad=false&category=LA-1000004&category=LA-1000005&category=UL-1000001&brand=Lenovo&page=10&start=360","LAPTOP LENOVO Ideapad IP 5 14IAL7 82SD005QID / 82SD005PID I5-1235U","12.100.000","","","","Kota Jakarta Utara"
"1777228350-355","https://www.blibli.com/cari/laptop%20lenovo?sort=0&intent=false&firstLoad=false&category=LA-1000004&category=LA-1000005&category=UL-1000001&brand=Lenovo&page=10&start=360","LAPTOP LENOVO V14 Gen 3 IAP 82TS00N9ID INTEL I3 1215U 8GB RAM","6.900.000","","","","Kota Jakarta Utara"
"1777228350-356","https://www.blibli.com/cari/laptop%20lenovo?sort=0&intent=false&firstLoad=false&category=LA-1000004&category=LA-1000005&category=UL-1000001&brand=Lenovo&page=10&start=360","LAPTOP LENOVO 2IN1 Yoga 7 14AHP9 83DK000TID RYZEN 7 8840HS 16GB RAM","17.925.000","","","","Kota Jakarta Utara"
"1777228350-357","https://www.blibli.com/cari/laptop%20lenovo?sort=0&intent=false&firstLoad=false&category=LA-1000004&category=LA-1000005&category=UL-1000001&brand=Lenovo&page=10&start=360","LAPTOP LENOVO Yoga 7 2-in-1 14AHP9 83DK00AKID RYZEN 5 8640HS 16GB RAM","15.350.000","","","","Kota Jakarta Utara"
"1777228350-358","https://www.blibli.com/cari/laptop%20lenovo?sort=0&intent=false&firstLoad=false&category=LA-1000004&category=LA-1000005&category=UL-1000001&brand=Lenovo&page=10&start=360","LAPTOP LENOVO Thinkbook 14IAL Gen 8 21SJ00A1ID INTEL ULTRA 5 225U 8GB RAM","15.500.000","","","","Kota Jakarta Utara"
"1777228350-359","https://www.blibli.com/cari/laptop%20lenovo?sort=0&intent=false&firstLoad=false&category=LA-1000004&category=LA-1000005&category=UL-1000001&brand=Lenovo&page=10&start=360","LAPTOP LENOVO IdeaPad 5 2-in-1 14IRU9 0DID Intel Core 7 150U 16GB RAM","16.100.000","","","","Kota Jakarta Utara"
"1777228350-360","https://www.blibli.com/cari/laptop%20lenovo?sort=0&intent=false&firstLoad=false&category=LA-1000004&category=LA-1000005&category=UL-1000001&brand=Lenovo&page=10&start=360","LAPTOP LENOVO Yoga Slim 7 14Q8X9 10ID Snapdragon X Elite X1E 32GB RAM","25.365.000","","","","Kota Jakarta Utara"
"1777228350-361","https://www.blibli.com/cari/laptop%20lenovo?sort=0&intent=false&firstLoad=false&category=LA-1000004&category=LA-1000005&category=UL-1000001&brand=Lenovo&page=10&start=360","LAPTOP LENOVO THINKPAD P16S GEN 2 21HKS00A00 INTEL I7 1370P 32GB RAM","39.650.000","","","","Kota Jakarta Utara"
"1777228350-362","https://www.blibli.com/cari/laptop%20lenovo?sort=0&intent=false&firstLoad=false&category=LA-1000004&category=LA-1000005&category=UL-1000001&brand=Lenovo&page=10&start=360","LAPTOP LENOVO Ideapad IPS5 14IMH9 2MID/2LID INTEL CORE Ultra 7 155H 16GB RAM","14.250.000","","","","Kota Jakarta Utara"
"1777228350-363","https://www.blibli.com/cari/laptop%20lenovo?sort=0&intent=false&firstLoad=false&category=LA-1000004&category=LA-1000005&category=UL-1000001&brand=Lenovo&page=10&start=360","LAPTOP LENOVO 83DA005TID","13.299.000","","","Kab. Banyumas","Intel Arena IT Flagship Store"
"1777228350-364","https://www.blibli.com/cari/laptop%20lenovo?sort=0&intent=false&firstLoad=false&category=LA-1000004&category=LA-1000005&category=UL-1000001&brand=Lenovo&page=10&start=360","LAPTOP LENOVO 83DF003LID","31.609.000","","","Kab. Banyumas","Intel Arena IT Flagship Store"
"1777228350-365","https://www.blibli.com/cari/laptop%20lenovo?sort=0&intent=false&firstLoad=false&category=LA-1000004&category=LA-1000005&category=UL-1000001&brand=Lenovo&page=10&start=360","LAPTOP LENOVO THINKPAD T14 Gen 6 21QCS00C00 Intel Core Ultra 5 225H 16GB RAM","24.600.000","","","","Kota Jakarta Utara"
"1777228350-366","https://www.blibli.com/cari/laptop%20lenovo?sort=0&intent=false&firstLoad=false&category=LA-1000004&category=LA-1000005&category=UL-1000001&brand=Lenovo&page=10&start=360","LAPTOP LENOVO THINKBOOK 13x G4 IMH 21KR0022ID Intel Core Ultra 9 185H 32GB RAM","32.300.000","","","","Kota Jakarta Utara"
"1777228350-367","https://www.blibli.com/cari/laptop%20lenovo?sort=0&intent=false&firstLoad=false&category=LA-1000004&category=LA-1000005&category=UL-1000001&brand=Lenovo&page=10&start=360","LAPTOP LENOVO X1 YOGA I7 GEN 8TH RAM 16GB/SSD 512GB LAYAR 14 INCHI TOUCHSCREEN+PEN","7.500.000","","","","Kota Jakarta Barat"
"1777228350-368","https://www.blibli.com/cari/laptop%20lenovo?sort=0&intent=false&firstLoad=false&category=LA-1000004&category=LA-1000005&category=UL-1000001&brand=Lenovo&page=10&start=360","LAPTOP LENOVO 2IN1 Yoga Book 9 13IMU9 0GID INTEL ULTRA 7 155U 32GB RAM","31.400.000","","","","Kota Jakarta Utara"
"1777228350-369","https://www.blibli.com/cari/laptop%20lenovo?sort=0&intent=false&firstLoad=false&category=LA-1000004&category=LA-1000005&category=UL-1000001&brand=Lenovo&page=10&start=360","LAPTOP LENOVO V14 G2 ITL 82KA0180ID / 82KA0181ID i3-1115G4","6.490.000","","","","Kota Jakarta Utara"
"1777228350-370","https://www.blibli.com/cari/laptop%20lenovo?sort=0&intent=false&firstLoad=false&category=LA-1000004&category=LA-1000005&category=UL-1000001&brand=Lenovo&page=10&start=360","LAPTOP LENOVO THINKPAD X260 CORE I3 GEN 6TH RAM 8GB/SSD 256GB LAYAR 12.5 INCHI SLIM","2.800.000","","","","Kota Jakarta Barat"
"1777228350-371","https://www.blibli.com/cari/laptop%20lenovo?sort=0&intent=false&firstLoad=false&category=LA-1000004&category=LA-1000005&category=UL-1000001&brand=Lenovo&page=10&start=360","LAPTOP LENOVO THINKPAD T14 CORE I7 GEN 11TH RAM 16GB/SSD 256GB LAYAR 14"" INCHI SLIM","7.500.000","","","","Kota Jakarta Barat"
"1777228350-372","https://www.blibli.com/cari/laptop%20lenovo?sort=0&intent=false&firstLoad=false&category=LA-1000004&category=LA-1000005&category=UL-1000001&brand=Lenovo&page=10&start=360","LAPTOP LENOVO IP Slim 5 14IRL8 9NID / 9MID INTEL I5 13420H 16GB RAM","12.200.000","","","","Kota Jakarta Utara"
"1777228350-373","https://www.blibli.com/cari/laptop%20lenovo?sort=0&intent=false&firstLoad=false&category=LA-1000004&category=LA-1000005&category=UL-1000001&brand=Lenovo&page=10&start=360","LAPTOP LENOVO IP 5 Pro 16ACH6 82L500L0ID/82L500KYID RYZEN 7 5800","16.365.000","","","","Kota Jakarta Utara"
"1777228350-374","https://www.blibli.com/cari/laptop%20lenovo?sort=0&intent=false&firstLoad=false&category=LA-1000004&category=LA-1000005&category=UL-1000001&brand=Lenovo&page=10&start=360","LAPTOP LENOVO YOGA L390 CORE I7 GEN 8TH RAM 16GB/SSD 512GB LAYAR 13 INCHI TOUCHSCREEN","6.500.000","4","Terjual 1","","Kota Jakarta Barat"
"1777228350-375","https://www.blibli.com/cari/laptop%20lenovo?sort=0&intent=false&firstLoad=false&category=LA-1000004&category=LA-1000005&category=UL-1000001&brand=Lenovo&page=10&start=360","Laptop LENOVO IdeaPad 3 82H701J2ID i3 8gb 512gb Integrated Intel UHD Graphics","6.899.000","","","","Kab. Sleman"
"1777228350-376","https://www.blibli.com/cari/laptop%20lenovo?sort=0&intent=false&firstLoad=false&category=LA-1000004&category=LA-1000005&category=UL-1000001&brand=Lenovo&page=10&start=360","LAPTOP Lenovo Thinkpad L14 Gen 2 20X2SC0800 INTEL I5 1135G7 16GB RAM","13.625.000","","","","Kota Jakarta Utara"
"1777228350-377","https://www.blibli.com/cari/laptop%20lenovo?sort=0&intent=false&firstLoad=false&category=LA-1000004&category=LA-1000005&category=UL-1000001&brand=Lenovo&page=10&start=360","Laptop Lenovo V14 14ADA 9DID AMD Athlon Gold 3150U 4GB 256GB W10 OHS19","6.901.000","","","","Kab. Sleman"
"1777228350-378","https://www.blibli.com/cari/laptop%20lenovo?sort=0&intent=false&firstLoad=false&category=LA-1000004&category=LA-1000005&category=UL-1000001&brand=Lenovo&page=10&start=360","LAPTOP LENOVO THINKPAD P16v Gen 2 21KXS05D00 Intel️ Core️ Ultra 7 165H 32GB","44.575.000","","","","Kota Jakarta Utara"
"1777228350-379","https://www.blibli.com/cari/laptop%20lenovo?sort=0&intent=false&firstLoad=false&category=LA-1000004&category=LA-1000005&category=UL-1000001&brand=Lenovo&page=10&start=360","LAPTOP LENOVO THINKPAD YOGA L13 CORE I5 GEN 11TH RAM 16GB/SSD 256GB LAYAR 13.3 INCHI","7.200.000","","","","Kota Jakarta Barat"
"1777228350-380","https://www.blibli.com/cari/laptop%20lenovo?sort=0&intent=false&firstLoad=false&category=LA-1000004&category=LA-1000005&category=UL-1000001&brand=Lenovo&page=10&start=360","LAPTOP LENOVO 2IN1 IDEAPAD Flex 5 14IRU8 82Y0006WID i7-1355U 16GB RAM","15.550.000","","","","Kota Jakarta Utara"
"1777228350-381","https://www.blibli.com/cari/laptop%20lenovo?sort=0&intent=false&firstLoad=false&category=LA-1000004&category=LA-1000005&category=UL-1000001&brand=Lenovo&page=10&start=360","LAPTOP LENOVO IdeaPad Slim 3 14IRU8 - 82X6006EID INTEL I3 1315U 8GB RAM","8.650.000","","","","Kota Jakarta Utara"
"1777228350-382","https://www.blibli.com/cari/laptop%20lenovo?sort=0&intent=false&firstLoad=false&category=LA-1000004&category=LA-1000005&category=UL-1000001&brand=Lenovo&page=10&start=360","LAPTOP LENOVO IdeaPad Slim 3 14AMN8 - 82XN009VID AMD Ryzen 3 7320U 8GB RAM","10.950.000","","","","Kota Jakarta Utara"
"1777228350-383","https://www.blibli.com/cari/laptop%20lenovo?sort=0&intent=false&firstLoad=false&category=LA-1000004&category=LA-1000005&category=UL-1000001&brand=Lenovo&page=10&start=360","LAPTOP LENOVO Yoga 7 2-in-1 14AKP10 83JR003CID AMD Ryzen AI 7 350 32GB RAM","21.450.000","","","","Kota Jakarta Utara"
"1777228350-384","https://www.blibli.com/cari/laptop%20lenovo?sort=0&intent=false&firstLoad=false&category=LA-1000004&category=LA-1000005&category=UL-1000001&brand=Lenovo&page=10&start=360","LAPTOP LENOVO V14 Gen 2 ITL I3 1115G4 82KAA07UID 8GB (4GB+4GB)","8.400.000","","","","Kota Jakarta Utara"
"1777228350-385","https://www.blibli.com/cari/laptop%20lenovo?sort=0&intent=false&firstLoad=false&category=LA-1000004&category=LA-1000005&category=UL-1000001&brand=Lenovo&page=10&start=360","LAPTOP LENOVO V14 - EWID (REYZEN 5 - 5500/8GB/512GB/14"" FHD/W11+ OHS/2YEARS WARANTY)","8.565.000","","","","Kota Surabaya"
"1777228350-386","https://www.blibli.com/cari/laptop%20lenovo?sort=0&intent=false&firstLoad=false&category=LA-1000004&category=LA-1000005&category=UL-1000001&brand=Lenovo&page=10&start=360","LAPTOP LENOVO Yoga 7 2-in-1 14IML9 83DJ00FEID INTEL ULTRA 7 155H 16GB RAM","21.200.000","","","","Kota Jakarta Utara"
"1777228350-387","https://www.blibli.com/cari/laptop%20lenovo?sort=0&intent=false&firstLoad=false&category=LA-1000004&category=LA-1000005&category=UL-1000001&brand=Lenovo&page=10&start=360","LAPTOP Lenovo Thinkpad E14 Gen 7 21T9S00C00 INTEL I3 100U 8GB RAM","11.300.000","","","","Kota Jakarta Utara"
"1777228350-388","https://www.blibli.com/cari/laptop%20lenovo?sort=0&intent=false&firstLoad=false&category=LA-1000004&category=LA-1000005&category=UL-1000001&brand=Lenovo&page=10&start=360","Laptop LENOVO V14 I3 1115G4 4GB 256SSD W10+OHS 14.0 Fast Charging 1Y 5","5.566.650","","","","Kota Surabaya"
"1777228350-389","https://www.blibli.com/cari/laptop%20lenovo?sort=0&intent=false&firstLoad=false&category=LA-1000004&category=LA-1000005&category=UL-1000001&brand=Lenovo&page=10&start=360","laptop original lenovo thinkpad E480 gaming,desain, koding dan laptop bisnis","2.000.000","5","Terjual 2","","Kota Jakarta Utara"
"1777228350-390","https://www.blibli.com/cari/laptop%20lenovo?sort=0&intent=false&firstLoad=false&category=LA-1000004&category=LA-1000005&category=UL-1000001&brand=Lenovo&page=10&start=360","LAPTOP LENOVO Yoga 7 2-in-1 14ILL 10 83JQ007NID INTEL ULTRA 5 226V 16GB RAM","19.890.000","","","","Kota Jakarta Utara"
"1777228350-391","https://www.blibli.com/cari/laptop%20lenovo?sort=0&intent=false&firstLoad=false&category=LA-1000004&category=LA-1000005&category=UL-1000001&brand=Lenovo&page=10&start=360","LAPTOP LENOVO THINKPAD X13 2-in-1 Gen 5 21LW002SID INTELCORE ULTRA 7 165U 32GB RAM","34.550.000","","","","Kota Jakarta Utara"
"1777228350-392","https://www.blibli.com/cari/laptop%20lenovo?sort=0&intent=false&firstLoad=false&category=LA-1000004&category=LA-1000005&category=UL-1000001&brand=Lenovo&page=10&start=360","LAPTOP Lenovo Thinkpad E14 Gen 7 21T9S00B00 Intel Core 3 100U 8GB RAM","12.850.000","","","","Kota Jakarta Utara"
"1777228350-393","https://www.blibli.com/cari/laptop%20lenovo?sort=0&intent=false&firstLoad=false&category=LA-1000004&category=LA-1000005&category=UL-1000001&brand=Lenovo&page=10&start=360","LAPTOP LENOVO Yoga Slim 7 14IMH9 83CV00A4ID INTEL ULTRA 7 155H 16GB RAM","18.250.000","","","","Kota Jakarta Utara"
"1777228350-394","https://www.blibli.com/cari/laptop%20lenovo?sort=0&intent=false&firstLoad=false&category=LA-1000004&category=LA-1000005&category=UL-1000001&brand=Lenovo&page=10&start=360","LAPTOP LENOVO Yoga 7 2-in-1 14AKP10 83JR003DID AMD Ryzen AI 5 340 16GB RAM","17.785.000","","","","Kota Jakarta Utara"
"1777228350-395","https://www.blibli.com/cari/laptop%20lenovo?sort=0&intent=false&firstLoad=false&category=LA-1000004&category=LA-1000005&category=UL-1000001&brand=Lenovo&page=10&start=360","LAPTOP LENOVO ThinkBook 14s 2in1 IML Gen 4 39ID INTEL ULTRA 7 155U 16GB RAM","21.600.000","","","","Kota Jakarta Utara"
"1777228350-396","https://www.blibli.com/cari/laptop%20lenovo?sort=0&intent=false&firstLoad=false&category=LA-1000004&category=LA-1000005&category=UL-1000001&brand=Lenovo&page=10&start=360","LAPTOP LENOVO Yoga Pro7 Aura Edition 14IAH10 83KF0027ID Intel Ultra 9 285H 32GB RAM","25.600.000","","","","Kota Jakarta Utara"
"1777228350-397","https://www.blibli.com/cari/laptop%20lenovo?sort=0&intent=false&firstLoad=false&category=LA-1000004&category=LA-1000005&category=UL-1000001&brand=Lenovo&page=10&start=360","LAPTOP LENOVO YOGA SLIM 7 14ILL10 - 83JX00AVID INTEL ULTRA Ultra 7 258V 32GB RAM","24.400.000","","","","Kota Jakarta Utara"
"1777228350-398","https://www.blibli.com/cari/laptop%20lenovo?sort=0&intent=false&firstLoad=false&category=LA-1000004&category=LA-1000005&category=UL-1000001&brand=Lenovo&page=10&start=360","LAPTOP LENOVO IP5 2IN1 RYZEN AI 7 350|DDR5 16GB 512GB|14 WUXGA|TOUCHSCREEN|W11+OHS","18.307.005","","","","Kota Pekanbaru"
"1777228350-399","https://www.blibli.com/cari/laptop%20lenovo?sort=0&intent=false&firstLoad=false&category=LA-1000004&category=LA-1000005&category=UL-1000001&brand=Lenovo&page=10&start=360","LAPTOP LENOVO THINKPAD X390 CORE I5 GEN 8TH RAM 8GB/SSD 256GB 13.5 INCHI MULUS GRADE A+","6.500.000","","","","Kota Jakarta Barat"
"1777228350-400","https://www.blibli.com/cari/laptop%20lenovo?sort=0&intent=false&firstLoad=false&category=LA-1000004&category=LA-1000005&category=UL-1000001&brand=Lenovo&page=10&start=360","LAPTOP LENOVO IP5 2IN1 RYZEN AI 5 340|DDR5 16GB 512GB|14 WUXGA|TOUCHSCREEN|W11+OHS","16.814.505","","","","Kota Pekanbaru"
"1777228350-401","https://www.blibli.com/cari/laptop%20lenovo?sort=0&intent=false&firstLoad=false&category=LA-1000004&category=LA-1000005&category=UL-1000001&brand=Lenovo&page=10&start=360","LAPTOP LENOVO THINKPAD T14 Gen 2 20W1S4YA0D I5 1145G7 8GB RAM","21.980.000","","","","Kota Jakarta Utara"
"1777228350-402","https://www.blibli.com/cari/laptop%20lenovo?sort=0&intent=false&firstLoad=false&category=LA-1000004&category=LA-1000005&category=UL-1000001&brand=Lenovo&page=10&start=360","LAPTOP LENOVO IdeaPad 5 2-in-1 14IRU9 7NID/7PID INTEL I7 150U 16GB RAM","15.950.000","","","","Kota Jakarta Utara"
"1777228350-403","https://www.blibli.com/cari/laptop%20lenovo?sort=0&intent=false&firstLoad=false&category=LA-1000004&category=LA-1000005&category=UL-1000001&brand=Lenovo&page=10&start=360","Laptop Lenovo V14 G2 ITL-92ID [Core i3-1115G4|4GB|256GB14""FHD|WIN|OHS]","7.600.000","","","","Kota Jakarta Selatan"
"1777228350-404","https://www.blibli.com/cari/laptop%20lenovo?sort=0&intent=false&firstLoad=false&category=LA-1000004&category=LA-1000005&category=UL-1000001&brand=Lenovo&page=10&start=360","LAPTOP LENOVO IdeaPad 5 2-in-1 14IRH9 0YID/10ID INTEL I5 13420H 16GB RAM","12.600.000","","","","Kota Jakarta Utara"
"1777228350-405","https://www.blibli.com/cari/laptop%20lenovo?sort=0&intent=false&firstLoad=false&category=LA-1000004&category=LA-1000005&category=UL-1000001&brand=Lenovo&page=10&start=360","LAPTOP LENOVO IdeaPad 5 2-in-1 14IRU9 6EID/6CID INTEL I7 13620H 16GB RAM","15.350.000","","","","Kota Jakarta Utara"
"1777228350-406","https://www.blibli.com/cari/laptop%20lenovo?sort=0&intent=false&firstLoad=false&category=LA-1000004&category=LA-1000005&category=UL-1000001&brand=Lenovo&page=10&start=360","LAPTOP LENOVO IdeaPad 5 2-in-1 14IRU9 83DT008JID INTEL CORE 3 100U 8GB RAM","10.590.000","","","","Kota Jakarta Utara"
"1777228350-407","https://www.blibli.com/cari/laptop%20lenovo?sort=0&intent=false&firstLoad=false&category=LA-1000004&category=LA-1000005&category=UL-1000001&brand=Lenovo&page=10&start=360","LAPTOP LENOVO IP5 PRO 14AHP9 83D3003LID RYZEN 7 8845HS 16GB RAM/RTX 3050 6GB","17.550.000","","","","Kota Jakarta Utara"
"1777228350-408","https://www.blibli.com/cari/laptop%20lenovo?sort=0&intent=false&firstLoad=false&category=LA-1000004&category=LA-1000005&category=UL-1000001&brand=Lenovo&page=10&start=360","LAPTOP LENOVO K14 GEN 1 21CSS22A00 INTEL I5 1145G7 8GB RAM WIN 11 PRO","10.490.000","","","","Kota Jakarta Utara"
"1777228350-409","https://www.blibli.com/cari/laptop%20lenovo?sort=0&intent=false&firstLoad=false&category=LA-1000004&category=LA-1000005&category=UL-1000001&brand=Lenovo&page=10&start=360","LAPTOP LENOVO THINKPAD E14 Gen 6 21M7S0UN00 Intel Core Ultra 7 155H 16GB RAM","19.865.000","","","","Kota Jakarta Utara"
"1777228350-410","https://www.blibli.com/cari/laptop%20lenovo?sort=0&intent=false&firstLoad=false&category=LA-1000004&category=LA-1000005&category=UL-1000001&brand=Lenovo&page=10&start=360","LAPTOP LENOVO Yoga 9 2-in-1 14IMH9 4VID/4WID Intel Core Ultra 7 155H 32GB RAM","29.625.000","","","","Kota Jakarta Utara"
"1777228350-411","https://www.blibli.com/cari/laptop%20lenovo?sort=0&intent=false&firstLoad=false&category=LA-1000004&category=LA-1000005&category=UL-1000001&brand=Lenovo&page=10&start=360","LAPTOP LENOVO Yoga Slim 7 14IMH9 83CV00A3ID INTEL CORE ULTRA 5 125H 16GB RAM","15.700.000","","","","Kota Jakarta Utara"
"1777228350-412","https://www.blibli.com/cari/laptop%20lenovo?sort=0&intent=false&firstLoad=false&category=LA-1000004&category=LA-1000005&category=UL-1000001&brand=Lenovo&page=10&start=360","LAPTOP LENOVO IP3 14IRH8 83EL002AID / 83EL002BID i7-13620H 16GB RAM","11.525.000","","","","Kota Jakarta Utara"
"1777228350-413","https://www.blibli.com/cari/laptop%20lenovo?sort=0&intent=false&firstLoad=false&category=LA-1000004&category=LA-1000005&category=UL-1000001&brand=Lenovo&page=10&start=360","LAPTOP LENOVO IdeaPad 3 14ITL6 82H701FQID I i3-1115G4 256GB 8GB GREY","6.279.000","","","","Kab. Sleman"
"1777228350-414","https://www.blibli.com/cari/laptop%20lenovo?sort=0&intent=false&firstLoad=false&category=LA-1000004&category=LA-1000005&category=UL-1000001&brand=Lenovo&page=10&start=360","LAPTOP LENOVO IdeaPad 3 14ITL6 82H701FSID I i3-1115G4 512GB 8GB BLUE","6.609.000","","","","Kab. Sleman"
"1777228350-415","https://www.blibli.com/cari/laptop%20lenovo?sort=0&intent=false&firstLoad=false&category=LA-1000004&category=LA-1000005&category=UL-1000001&brand=Lenovo&page=10&start=360","LAPTOP LENOVO Yoga 7 2-in-1 14ILL10 83JQ003UID Intel Core Ultra 5 226V 16GB RAM","18.800.000","","","","Kota Jakarta Utara"
"1777228350-416","https://www.blibli.com/cari/laptop%20lenovo?sort=0&intent=false&firstLoad=false&category=LA-1000004&category=LA-1000005&category=UL-1000001&brand=Lenovo&page=10&start=360","LAPTOP LENOVO Yoga 9 2-in-1 14ILL10 25ID / 26ID INTEL ULTRA 7 258V32GB RAM","30.275.000","","","","Kota Jakarta Utara"
"1777228350-417","https://www.blibli.com/cari/laptop%20lenovo?sort=0&intent=false&firstLoad=false&category=LA-1000004&category=LA-1000005&category=UL-1000001&brand=Lenovo&page=10&start=360","LAPTOP LENOVO IDEAPAD IP3 14IAU7 82RJ00CUID/82RJ00CVID/82RJ00CWID I3 1215U","6.550.000","","","","Kota Jakarta Utara"
"1777228350-418","https://www.blibli.com/cari/laptop%20lenovo?sort=0&intent=false&firstLoad=false&category=LA-1000004&category=LA-1000005&category=UL-1000001&brand=Lenovo&page=10&start=360","LAPTOP LENOVO IPS3 14IRU8 82X6005NID / 82X6005LID INTEL I3 1315U 8GB RAM","6.500.000","","","","Kota Jakarta Utara"
"1777228350-419","https://www.blibli.com/cari/laptop%20lenovo?sort=0&intent=false&firstLoad=false&category=LA-1000004&category=LA-1000005&category=UL-1000001&brand=Lenovo&page=10&start=360","LAPTOP LENOVO IP3 14IAU7 82X6005MID / 82X6005PID INTEL I3 1315U 8GB RAM","6.990.000","","","","Kota Jakarta Utara"
"1777228350-420","https://www.blibli.com/cari/laptop%20lenovo?sort=0&intent=false&firstLoad=false&category=LA-1000004&category=LA-1000005&category=UL-1000001&brand=Lenovo&page=10&start=360","LAPTOP LENOVO Ideapad Slim 3 14IRU9 83E5002FID/83E5002HID INTEL I7 150U 16GB RAM","12.500.000","","","","Kota Jakarta Utara"
"1777228350-421","https://www.blibli.com/cari/laptop%20lenovo?sort=0&intent=false&firstLoad=false&category=LA-1000004&category=LA-1000005&category=UL-1000001&brand=Lenovo&page=10&start=360","LAPTOP LENOVO IP3 14ITL06 82H701D6ID/82H701D7ID/82H701D8ID","10.475.000","","","","Kota Jakarta Utara"
"1777228350-422","https://www.blibli.com/cari/laptop%20lenovo?sort=0&intent=false&firstLoad=false&category=LA-1000004&category=LA-1000005&category=UL-1000001&brand=Lenovo&page=10&start=360","LAPTOP LENOVO IP3 14ALC6-G5ID R3-5300 8GB SSD 512GB 14"" FHD W10 + OHS","8.800.000","","","","Kota Surabaya"
"1777228350-423","https://www.blibli.com/cari/laptop%20lenovo?sort=0&intent=false&firstLoad=false&category=LA-1000004&category=LA-1000005&category=UL-1000001&brand=Lenovo&page=10&start=360","LAPTOP LENOVO IP 3-81WH00047ID GREY / [CELERON 4020/4GB/256GB SSD NVME / 14""FHD/WIN + OHS]","6.300.000","","","","Kota Surabaya"
"1777228350-424","https://www.blibli.com/cari/laptop%20lenovo?sort=0&intent=false&firstLoad=false&category=LA-1000004&category=LA-1000005&category=UL-1000001&brand=Lenovo&page=10&start=360","LAPTOP LENOVO Ideapad Slim 3 14ABR8 82XL0091ID / 82XL008XID RYZEN 7 5825U 16GB RAM","9.450.000","","","","Kota Jakarta Utara"
"1777228350-425","https://www.blibli.com/cari/laptop%20lenovo?sort=0&intent=false&firstLoad=false&category=LA-1000004&category=LA-1000005&category=UL-1000001&brand=Lenovo&page=10&start=360","LAPTOP LENOVO IP3 14ITL06 82H701D3ID/82H701D4ID/82H701D5ID","9.710.000","","","","Kota Jakarta Utara"
"1777228350-426","https://www.blibli.com/cari/laptop%20lenovo?sort=0&intent=false&firstLoad=false&category=LA-1000004&category=LA-1000005&category=UL-1000001&brand=Lenovo&page=10&start=360","Laptop Lenovo IdeaPad Slim 3 14AMN8 Ryzen 3 7320U/8GB/512GB/14""FHD/W11 Home+OHS 2021","6.950.000","","","","Kota Medan"
"1777228350-427","https://www.blibli.com/cari/laptop%20lenovo?sort=0&intent=false&firstLoad=false&category=LA-1000004&category=LA-1000005&category=UL-1000001&brand=Lenovo&page=10&start=360","LAPTOP LENOVO V15 Gen 3 IAP 82TT00RNID/82TT00S8ID INTEL i3-1215U 8GB RAM","7.100.000","","","","Kota Jakarta Utara"
"1777228350-428","https://www.blibli.com/cari/laptop%20lenovo?sort=0&intent=false&firstLoad=false&category=LA-1000004&category=LA-1000005&category=UL-1000001&brand=Lenovo&page=10&start=360","LAPTOP LENOVO 2-IN-1 Flex 5 14ABR8 82XX00HXID/82XX00HVID RYZEN 5 5625U 16GB RAM","11.180.000","","","","Kota Jakarta Utara"
"1777228350-429","https://www.blibli.com/cari/laptop%20lenovo?sort=0&intent=false&firstLoad=false&category=LA-1000004&category=LA-1000005&category=UL-1000001&brand=Lenovo&page=10&start=360","Laptop Lenovo IDEAPAD SLIM 3 14 AMD RYZEN 3 7320 RAM 8gb SSD 512gb Windows 11 +office home student 14.0 Full HD BLIT","7.999.000","","","","Kota Surabaya"
"1777228350-430","https://www.blibli.com/cari/laptop%20lenovo?sort=0&intent=false&firstLoad=false&category=LA-1000004&category=LA-1000005&category=UL-1000001&brand=Lenovo&page=10&start=360","LAPTOP LENOVO Ideapad Slim 5 14IAH10 83NC001PID / 83NC001RID INTEL I7 255H 16GB RAM","15.100.000","","","","Kota Jakarta Utara"
"1777228350-431","https://www.blibli.com/cari/laptop%20lenovo?sort=0&intent=false&firstLoad=false&category=LA-1000004&category=LA-1000005&category=UL-1000001&brand=Lenovo&page=10&start=360","LAPTOP LENOVO Yoga 7 2-in-1 14ILL10 83JQ007DID INTEL I7 256V 32GB RAM 1TB SSD","22.000.000","","","","Kota Jakarta Utara"
"1777228350-432","https://www.blibli.com/cari/laptop%20lenovo?sort=0&intent=false&firstLoad=false&category=LA-1000004&category=LA-1000005&category=UL-1000001&brand=Lenovo&page=10&start=360","LAPTOP LENOVO IdeaPad 5 2-in-1 14IRU9 0EID/7MID/7LID INTEL I5 120U 16GB RAM","13.950.000","","","","Kota Jakarta Utara"
"1777228350-433","https://www.blibli.com/cari/laptop%20lenovo?sort=0&intent=false&firstLoad=false&category=LA-1000004&category=LA-1000005&category=UL-1000001&brand=Lenovo&page=10&start=360","Laptop Lenovo IdeaPad Slim 5 14ABR8 R7-7730U/16GB/512GB/14″ WUXGA OLED/Win 11 Home+OHS 2021","11.899.000","","","","Kota Medan"
"1777228350-434","https://www.blibli.com/cari/laptop%20lenovo?sort=0&intent=false&firstLoad=false&category=LA-1000004&category=LA-1000005&category=UL-1000001&brand=Lenovo&page=10&start=360","LAPTOP LENOVO Ideapad Slim 3 14IRU9 83E5002CID / 83E5002DID INTEL I3 100U 8GB RAM","7.590.000","","","","Kota Jakarta Utara"
"1777228350-435","https://www.blibli.com/cari/laptop%20lenovo?sort=0&intent=false&firstLoad=false&category=LA-1000004&category=LA-1000005&category=UL-1000001&brand=Lenovo&page=10&start=360","LAPTOP LENOVO IP Slim 3 14IRH10 83K0007DID / 83K0007EID INTEL I5 13420H 8GB RAM","9.100.000","","","","Kota Jakarta Utara"
"1777228350-436","https://www.blibli.com/cari/laptop%20lenovo?sort=0&intent=false&firstLoad=false&category=LA-1000004&category=LA-1000005&category=UL-1000001&brand=Lenovo&page=10&start=360","LAPTOP LENOVO Ideapad IPS 5 14IAH10 83NC001NID / 83NC001QID INTEL ULTRA 5 225H 16GB RAM","13.500.000","","","","Kota Jakarta Utara"
"1777228350-437","https://www.blibli.com/cari/laptop%20lenovo?sort=0&intent=false&firstLoad=false&category=LA-1000004&category=LA-1000005&category=UL-1000001&brand=Lenovo&page=10&start=360","LAPTOP LENOVO Yoga 7 2-in-1 14IML 9 83DJ00GHID INTEL I5 125H 16GB RAM 512GB SSD","17.350.000","","","","Kota Jakarta Utara"
"1777228350-438","https://www.blibli.com/cari/laptop%20lenovo?sort=0&intent=false&firstLoad=false&category=LA-1000004&category=LA-1000005&category=UL-1000001&brand=Lenovo&page=10&start=360","LAPTOP LENOVO 2-IN-1 Flex 5 14ABR8 82XX00HTID / 82XX00HUID Ryzen 5 5625U 8GB RAM","10.590.000","","","","Kota Jakarta Utara"
"1777228350-439","https://www.blibli.com/cari/laptop%20lenovo?sort=0&intent=false&firstLoad=false&category=LA-1000004&category=LA-1000005&category=UL-1000001&brand=Lenovo&page=10&start=360","LAPTOP LENOVO IP Slim 5 14IRH10R 83J0005GID / 83J0005EID INTEL I5 210H 16GB RAM","12.800.000","","","","Kota Jakarta Utara"
"1777228350-440","https://www.blibli.com/cari/laptop%20lenovo?sort=0&intent=false&firstLoad=false&category=LA-1000004&category=LA-1000005&category=UL-1000001&brand=Lenovo&page=10&start=360","LAPTOP LENOVO IdeaPad 5 2-in-1 14AKP10 83KT003KID/83KT003MID Ryzen AI 7 350 16GB RAM","14.850.000","","","","Kota Jakarta Utara"
"1777228350-441","https://www.blibli.com/cari/laptop%20lenovo?sort=0&intent=false&firstLoad=false&category=LA-1000004&category=LA-1000005&category=UL-1000001&brand=Lenovo&page=10&start=360","LAPTOP LENOVO IdeaPad 5 2-in-1 14Q8X9 1KID Snapdragon X Plus X1P-42-100 16GB RAM","14.750.000","","","","Kota Jakarta Utara"
"1777228350-442","https://www.blibli.com/cari/laptop%20lenovo?sort=0&intent=false&firstLoad=false&category=LA-1000004&category=LA-1000005&category=UL-1000001&brand=Lenovo&page=10&start=360","LAPTOP LENOVO 2IN1 IdeaPad 5 2-in-1 14IRH9 11ID/12ID INTEL I7 13620H 16GB RAM","15.175.000","","","","Kota Jakarta Utara"
"1777228350-443","https://www.blibli.com/cari/laptop%20lenovo?sort=0&intent=false&firstLoad=false&category=LA-1000004&category=LA-1000005&category=UL-1000001&brand=Lenovo&page=10&start=360","LAPTOP LENOVO IP Slim 5 14IRH10R 83J0005FID / 83J0005HID INTEL I7 240H 16GB RAM","15.100.000","","","","Kota Jakarta Utara"
"1777228350-444","https://www.blibli.com/cari/laptop%20lenovo?sort=0&intent=false&firstLoad=false&category=LA-1000004&category=LA-1000005&category=UL-1000001&brand=Lenovo&page=10&start=360","LAPTOP LENOVO IP Slim 5 14IRH10R 83J00005ID / 83J00004ID INTEL I7 240H 16GB RAM","15.050.000","","","","Kota Jakarta Utara"
"1777228350-445","https://www.blibli.com/cari/laptop%20lenovo?sort=0&intent=false&firstLoad=false&category=LA-1000004&category=LA-1000005&category=UL-1000001&brand=Lenovo&page=10&start=360","LAPTOP LENOVO 2-IN-1 Flex 5 14ABR8 82XX00HYID / 82XX00HWID Ryzen 7 5825U 16GB RAM","12.100.000","","","","Kota Jakarta Utara"
"1777228350-446","https://www.blibli.com/cari/laptop%20lenovo?sort=0&intent=false&firstLoad=false&category=LA-1000004&category=LA-1000005&category=UL-1000001&brand=Lenovo&page=10&start=360","Laptop Lenovo 10YID V14 G4 AMN ( Athlon Silver|8GB|256GB SSD|14"" FHD|Win 11 No OHS |Artic Grey )","5.800.000","","","","Kota Medan"
"1777228350-447","https://www.blibli.com/cari/laptop%20lenovo?sort=0&intent=false&firstLoad=false&category=LA-1000004&category=LA-1000005&category=UL-1000001&brand=Lenovo&page=10&start=360","LAPTOP LENOVO IP3 - 14IGL05","6.400.000","","","","Kota Jakarta Timur"
"1777228350-448","https://www.blibli.com/cari/laptop%20lenovo?sort=0&intent=false&firstLoad=false&category=LA-1000004&category=LA-1000005&category=UL-1000001&brand=Lenovo&page=10&start=360","LAPTOP LENOVO IdeaPad 5 2-in-1 14AKP10 83KT003JID/83KT003LID Ryzen AI 5 340 16GB RAM","13.800.000","","","","Kota Jakarta Utara"
"1777228350-449","https://www.blibli.com/cari/laptop%20lenovo?sort=0&intent=false&firstLoad=false&category=LA-1000004&category=LA-1000005&category=UL-1000001&brand=Lenovo&page=10&start=360","LAPTOP LENOVO IP3 - 14IGL05","7.150.000","","","","Kota Surabaya"
"1777228350-450","https://www.blibli.com/cari/laptop%20lenovo?sort=0&intent=false&firstLoad=false&category=LA-1000004&category=LA-1000005&category=UL-1000001&brand=Lenovo&page=10&start=360","LAPTOP LENOVO IdeaPad 5 2-in-1 14IRU9 83DT0009ID /83DT000AID Intel I5 120U 16GB RAM","13.125.000","","","","Kota Jakarta Utara"
"1777228350-451","https://www.blibli.com/cari/laptop%20lenovo?sort=0&intent=false&firstLoad=false&category=LA-1000004&category=LA-1000005&category=UL-1000001&brand=Lenovo&page=10&start=360","Laptop LENOVO Ideapad Slim 3 14IRU8 Intel i3-1315U/8GB LPDDR5/512GB SSD/14″ FHD/Win 11 Home+OHS 2021","8.249.000","","","","Kota Medan"
"1777228350-452","https://www.blibli.com/cari/laptop%20lenovo?sort=0&intent=false&firstLoad=false&category=LA-1000004&category=LA-1000005&category=UL-1000001&brand=Lenovo&page=10&start=360","Laptop LENOVO V14 G2 I3 1115G4 4GB 256SSD MX350 2GB W10+OHS 14""HD 2Y G","6.770.250","","","","Kota Surabaya"
"1777228350-453","https://www.blibli.com/cari/laptop%20lenovo?sort=0&intent=false&firstLoad=false&category=LA-1000004&category=LA-1000005&category=UL-1000001&brand=Lenovo&page=10&start=360","Laptop Lenovo Ideapad Slim 3 14ARP10 Ryzen 5 7535HS/8GB DDR5/512GB SSD/14"" WUXGA/Win 11 Home+OHS 2024+365","9.599.000","","","","Kota Medan"
"1777228350-454","https://www.blibli.com/cari/laptop%20lenovo?sort=0&intent=false&firstLoad=false&category=LA-1000004&category=LA-1000005&category=UL-1000001&brand=Lenovo&page=10&start=360","LAPTOP LENOVO IdeaPad 5 2-in-1 14IRU9 83KX006BID/83KX006DID INTEL I5 13420H 16GB RAM","12.700.000","","","","Kota Jakarta Utara"
"1777228350-455","https://www.blibli.com/cari/laptop%20lenovo?sort=0&intent=false&firstLoad=false&category=LA-1000004&category=LA-1000005&category=UL-1000001&brand=Lenovo&page=10&start=360","LAPTOP LENOVO IDEAPAD DUET 3 11IAN8-2XID INTEL N200/8GB/256GB SSD/11.5""/WIN 11/ABYSS BLUE GARANSI RESMI 2 TAHUN","8.999.000","","","","Kab. Melawi"
"1777228350-456","https://www.blibli.com/cari/laptop%20lenovo?sort=0&intent=false&firstLoad=false&category=LA-1000004&category=LA-1000005&category=UL-1000001&brand=Lenovo&page=10&start=360","Laptop Lenovo V14 G3 Core i3 1215GU | Layar 14"" FHD | Performa Tinggi | Harga Bersahabat | Tanpa OS | Garansi Resmi","5.111.000","","","","Kota Surabaya"
"1777228350-457","https://www.blibli.com/cari/laptop%20lenovo?sort=0&intent=false&firstLoad=false&category=LA-1000004&category=LA-1000005&category=UL-1000001&brand=Lenovo&page=10&start=360","Laptop Lenovo IdeaPad Slim 5 13ARP10 Ryzen 7-7735HS/16GB/512GB SSD/13.3″ WUXGA IPS/Win 11 Home+OHS 2021/Cloud Grey","13.500.000","","","","Kota Medan"
"1777228350-458","https://www.blibli.com/cari/laptop%20lenovo?sort=0&intent=false&firstLoad=false&category=LA-1000004&category=LA-1000005&category=UL-1000001&brand=Lenovo&page=10&start=360","Laptop Lenovo IdeaPad Slim 3 14IRH10 Intel Core i5 -13420H/8GB/512GB SSD/14"" WUXGA/Win 11 Home + OHM 2024","9.750.000","","","","Kota Medan"
"1777228350-459","https://www.blibli.com/cari/laptop%20lenovo?sort=0&intent=false&firstLoad=false&category=LA-1000004&category=LA-1000005&category=UL-1000001&brand=Lenovo&page=10&start=360","MULTITASKING LAPTOP LENOVO IDEAPAD SLIM 3 15ABR8 AMD RYZEN 7 7730U 8GB 512GB SSD15,6 FHD WIN 11 FINGER PRINT - ARCTIC GREY","7.643.847","","","","Kota Surabaya"
"1777228350-460","https://www.blibli.com/cari/laptop%20lenovo?sort=0&intent=false&firstLoad=false&category=LA-1000004&category=LA-1000005&category=UL-1000001&brand=Lenovo&page=10&start=360","Laptop Lenovo IdeaPad Slim 5 14IRH10 Intel Core i5 -13420H/16GB/512GB SSD/14"" WUXGA OLED/Win 11 Home + OHM 2024","12.999.000","","","","Kota Medan"
"1777228350-461","https://www.blibli.com/cari/laptop%20lenovo?sort=0&intent=false&firstLoad=false&category=LA-1000004&category=LA-1000005&category=UL-1000001&brand=Lenovo&page=10&start=360","Laptop Lenovo IDEAPAD SLIM 5 14 OLED INTEL CORE 5 210H RAM 16gb SSD 512gb Windows 11 + Office home student 14.0WUXGA 2Y","15.399.000","","","","Kota Surabaya"
"1777228350-462","https://www.blibli.com/cari/laptop%20lenovo?sort=0&intent=false&firstLoad=false&category=LA-1000004&category=LA-1000005&category=UL-1000001&brand=Lenovo&page=10&start=360","Laptop LENOVO IdeaPad Slim 5 14IRH10 Intel Core i5 -13420H/16GB/512GB SSD/14"" WUXGA OLED/Win 11 Home + OHM 2024","12.800.000","","","","Kota Medan"
"1777228350-463","https://www.blibli.com/cari/laptop%20lenovo?sort=0&intent=false&firstLoad=false&category=LA-1000004&category=LA-1000005&category=UL-1000001&brand=Lenovo&page=10&start=360","LAPTOP LENOVO IDEAPAD 1-14AMN7 (R3)","8.190.000","","","","Kota Malang"
"1777228350-464","https://www.blibli.com/cari/laptop%20lenovo?sort=0&intent=false&firstLoad=false&category=LA-1000004&category=LA-1000005&category=UL-1000001&brand=Lenovo&page=10&start=360","Laptop Lenovo IdeaPad Slim 5 14AHP10 Ryzen 7-8845HS/16(8*2)GB LPDDR5/512GB SSD/14″ WUXGA OLED/Win 11 Home+OHS 2021","13.299.000","","","","Kota Medan"
"1777228350-465","https://www.blibli.com/cari/laptop%20lenovo?sort=0&intent=false&firstLoad=false&category=LA-1000004&category=LA-1000005&category=UL-1000001&brand=Lenovo&page=10&start=360","Laptop Lenovo YOGA 2 -in- 1 14AKP10 Ryzen AI 7-350/16GB/1TB SSD/14"" WUXGA+ Touch/Win11 Home+OHM 2024+M365/ Tidal Teal","21.100.000","","","","Kota Medan"
"1777228350-466","https://www.blibli.com/cari/laptop%20lenovo?sort=0&intent=false&firstLoad=false&category=LA-1000004&category=LA-1000005&category=UL-1000001&brand=Lenovo&page=10&start=360","Laptop Lenovo 130 14IKBR 81H60075ID","5.859.000","","","","Kota Tasikmalaya"
"1777228350-467","https://www.blibli.com/cari/laptop%20lenovo?sort=0&intent=false&firstLoad=false&category=LA-1000004&category=LA-1000005&category=UL-1000001&brand=Lenovo&page=10&start=360","LAPTOP LENOVO IdeaPad 3 14IAU7 82RJ00D0ID/82RJ00CYID/82RJ00CXID INTEL I3 1215U 8GB RAM","6.760.000","","","","Kota Jakarta Utara"
"1777228350-468","https://www.blibli.com/cari/laptop%20lenovo?sort=0&intent=false&firstLoad=false&category=LA-1000004&category=LA-1000005&category=UL-1000001&brand=Lenovo&page=10&start=360","Laptop Lenovo IdeaPad Slim 3 14ABR8 7BID AMD R5 Ryzen 5 7530U ram 8GB ssd 512GB 14"" FHD IPS Windows 11 OHS","9.299.000","","","","Kota Makassar"
"1777228350-469","https://www.blibli.com/cari/laptop%20lenovo?sort=0&intent=false&firstLoad=false&category=LA-1000004&category=LA-1000005&category=UL-1000001&brand=Lenovo&page=10&start=360","Laptop Lenovo V14 G4 IRU LJID Intel Core I3 1315U RAM 8GB SSD 512GB 14 FHD IPS WIN11 HOME + OHS - NEW","7.800.000","","","","Kota Pekanbaru"
"1777228350-470","https://www.blibli.com/cari/laptop%20lenovo?sort=0&intent=false&firstLoad=false&category=LA-1000004&category=LA-1000005&category=UL-1000001&brand=Lenovo&page=10&start=360","Laptop Lenovo IdeaPad 5 2 in 1 14IRH9 10ID Intel Core i5-13420H ram 16GB ssd 512GB 14"" Touch Windows 11 OHS","12.549.000","","","","Kota Makassar"
"1777228350-471","https://www.blibli.com/cari/laptop%20lenovo?sort=0&intent=false&firstLoad=false&category=LA-1000004&category=LA-1000005&category=UL-1000001&brand=Lenovo&page=10&start=360","Laptop Lenovo IdeaPad Slim 3 14IRU8 Intel Core i3-1315U 8GB SSD 256GB 14 INCH W11+OH2024+M365 - NEW","7.100.000","","","","Kota Pekanbaru"
"1777228350-472","https://www.blibli.com/cari/laptop%20lenovo?sort=0&intent=false&firstLoad=false&category=LA-1000004&category=LA-1000005&category=UL-1000001&brand=Lenovo&page=10&start=360","Laptop LENOVO YOGABOOK 9 14IAH10 Intel Ultra 9-285H/32GB/1TB SSD/14"" 2,8K WQXGA OLED TOUCH/Win 11 Home + M365/Tidal Teal","40.300.000","","","","Kota Medan"
"1777228350-473","https://www.blibli.com/cari/laptop%20lenovo?sort=0&intent=false&firstLoad=false&category=LA-1000004&category=LA-1000005&category=UL-1000001&brand=Lenovo&page=10&start=360","TERMURAH LAPTOP LENOVO V14 IIL INTEL CORE i5-1035G1 20GB SSD256GB M2 NVME INTEL UHD GRAPHICS 14 INCH FHD WINDOWS 10 PRO","6.634.817","","","","Kota Surabaya"
"1777228350-474","https://www.blibli.com/cari/laptop%20lenovo?sort=0&intent=false&firstLoad=false&category=LA-1000004&category=LA-1000005&category=UL-1000001&brand=Lenovo&page=10&start=360","Laptop Lenovo IdeaPad Slim 3 14IRH10 7FID 7GID Intel Core i7-13620H ram 16GB ssd 512GB 14"" WUXGA IPS Windows 11 OHS","11.549.000","","","","Kota Makassar"
"1777228350-475","https://www.blibli.com/cari/laptop%20lenovo?sort=0&intent=false&firstLoad=false&category=LA-1000004&category=LA-1000005&category=UL-1000001&brand=Lenovo&page=10&start=360","Laptop LENOVO IdeaPad Slim 3 14IRH10 Intel Core i7-13620H/16GB DDR5/512GB SSD/14"" WUXGA/Win 11 Home + OHM 2024 (Grey)","12.150.000","","","","Kota Medan"
"1777228350-476","https://www.blibli.com/cari/laptop%20lenovo?sort=0&intent=false&firstLoad=false&category=LA-1000004&category=LA-1000005&category=UL-1000001&brand=Lenovo&page=10&start=360","Laptop Lenovo IdeaPad 5 2-in-1 14AKP10 Ryzen AI 5 340/16GB LPDDR5x/512GB SSD/14"" WUXGA OLED TOUCH/Lenovo Digital Pen 2","15.499.000","","","","Kota Medan"
"1777228350-477","https://www.blibli.com/cari/laptop%20lenovo?sort=0&intent=false&firstLoad=false&category=LA-1000004&category=LA-1000005&category=UL-1000001&brand=Lenovo&page=10&start=360","Laptop LENOVO Ideapad Pro 5 14IAH10 Core Ultra 7 255H/24GB DDR5x/SSD 1TB/ 14"" 2,8K OLED/WIN 11+OHS 2024/Luna Grey","18.950.000","","","","Kota Medan"
"1777228350-478","https://www.blibli.com/cari/laptop%20lenovo?sort=0&intent=false&firstLoad=false&category=LA-1000004&category=LA-1000005&category=UL-1000001&brand=Lenovo&page=10&start=360","Laptop Lenovo IdeaPad Slim 3 14IRU8 Intel i3 1315U 8GB SSD 512GB 14 INCH FHD W11+OHS2024+M365 GREY - NEW","7.900.000","","","","Kota Pekanbaru"
"1777228350-479","https://www.blibli.com/cari/laptop%20lenovo?sort=0&intent=false&firstLoad=false&category=LA-1000004&category=LA-1000005&category=UL-1000001&brand=Lenovo&page=10&start=360","Laptop LENOVO IdeaPad 5 2-in-1 14AKP10 Ryzen AI 7 350/16GB/512GB SSD/14"" WUXGA OLED TOUCH/Win11Home+OHM2024+M365","16.400.000","","","","Kota Medan"
"1777228350-480","https://www.blibli.com/cari/laptop%20lenovo?sort=0&intent=false&firstLoad=false&category=LA-1000004&category=LA-1000005&category=UL-1000001&brand=Lenovo&page=10&start=360","Laptop Lenovo IdeaPad Slim 3 14IRU8 Intel Core i3-1315U 8GB SSD 256GB 14 inch W11+OH2024+M365 GREY - NEW","7.100.000","","","","Kota Pekanbaru"
