web_scraper_order,web_scraper_start_url,nama produk,harga,rating,jumlah terjual,lokasi penjual,nama toko
"1777226691-1","https://www.blibli.com/cari/laptop%20asus?promo=paymentFeePromo&sort=0&category=KO-1000005&intent=false&firstLoad=false&page=10&start=360","Asus TUF F15 FX507ZC4 I535B6M O Core i5 12500H 16GB 512GB SSD RTX3050 4GB 15.6 inc FHD 144Hz Win 11 Home OHS 2021","13.297.000","","","","Kota Surabaya"
"1777226691-2","https://www.blibli.com/cari/laptop%20asus?promo=paymentFeePromo&sort=0&category=KO-1000005&intent=false&firstLoad=false&page=10&start=360","ASUS VIVOBOOK S14 S3407QA SNAPDRAGON X1 16GB 512GB W11+OHS+M365B 14.0WQXGA IPS 2.5K SLV -IPSP152M","10.021.550","","","","Kota Surabaya"
"1777226691-3","https://www.blibli.com/cari/laptop%20asus?promo=paymentFeePromo&sort=0&category=KO-1000005&intent=false&firstLoad=false&page=10&start=360","ASUS GAMING V16 V3607VH CORE 7 240H RTX5060 6GB/ 16GB 512GB W11+OHS+M365 16.WUXGA 144HZ BLK","20.449.000","","","","Kota Surabaya"
"1777226691-4","https://www.blibli.com/cari/laptop%20asus?promo=paymentFeePromo&sort=0&category=KO-1000005&intent=false&firstLoad=false&page=10&start=360","ASUS TUF F16 FX608JMR I7 14650HX RTX5060 8GB/ 16GB 1TB W11+OHS+M365B 16.0 WUXGA 165HZ 100SRGB (BOX MOU) GRY","25.699.000","","","","Kota Surabaya"
"1777226691-5","https://www.blibli.com/cari/laptop%20asus?promo=paymentFeePromo&sort=0&category=KO-1000005&intent=false&firstLoad=false&page=10&start=360","Asus VIVOBOOK 14 A1407QA SNAPDRAGON X X1 26100 16gb 512gb W11+OHS 14.0 WUXGA VIPS","10.211.550","","","","Kota Surabaya"
"1777226691-6","https://www.blibli.com/cari/laptop%20asus?promo=paymentFeePromo&sort=0&category=KO-1000005&intent=false&firstLoad=false&page=10&start=360","Asus V16 V3607VJ I535B8T HM Core 5 210H 16GB 512GB SSD RTX3050 6GB 16″ WUXGA Win 11 Home OHM 2024 M365 Matte Black","12.833.500","","Terjual 1","","Kota Surabaya & kota lainnya"
"1777226691-7","https://www.blibli.com/cari/laptop%20asus?promo=paymentFeePromo&sort=0&category=KO-1000005&intent=false&firstLoad=false&page=10&start=360","ASUS ROG Strix G16 G614JU I745J8G i7-13650HX 16G 512G RTX4050 16 inc FHD 165Hz W11","23.906.000","","","","Kota Surabaya"
"1777226691-8","https://www.blibli.com/cari/laptop%20asus?promo=paymentFeePromo&sort=0&category=KO-1000005&intent=false&firstLoad=false&page=10&start=360","ASUS ROG STRIX G16 G614PM RYZEN 9 8940HX RTX5060 8GB - 16GB 1TB W11+OHS+M365B 16.OWQXGA 240HZ 100DCIP3 (BOX MOU) GRY","28.799.000","","","","Kota Surabaya"
"1777226691-9","https://www.blibli.com/cari/laptop%20asus?promo=paymentFeePromo&sort=0&category=KO-1000005&intent=false&firstLoad=false&page=10&start=360","ASUS ROG STRIX G16 G615JHR I7 14650HX RTX5050 8GB/ 16GB 512GB W11+OHS+M365B 16.OWQXGA 240HZ (BOX MOU) GRY","27.249.000","","","","Kota Surabaya"
"1777226691-10","https://www.blibli.com/cari/laptop%20asus?promo=paymentFeePromo&sort=0&category=KO-1000005&intent=false&firstLoad=false&page=10&start=360","Asus Vivobook 14X K3405VF Core i5 13500H 8GB 512GB SSD RTX2050 4GB 14 inc WUXGA IPS Win 11 Home OHS 2021","12.855.000","5","Terjual 1","","Kota Surabaya"
"1777226691-11","https://www.blibli.com/cari/laptop%20asus?promo=paymentFeePromo&sort=0&category=KO-1000005&intent=false&firstLoad=false&page=10&start=360","ASUS TUF F16 FX608JPR I7 14650HX RTX5070 8GB/ 32GB 1TB W11+OHS+M365B 16.0 WQXGA 165HZ 100SRGB (BOX MOU) GRY","30.499.000","","","","Kota Surabaya"
"1777226691-12","https://www.blibli.com/cari/laptop%20asus?promo=paymentFeePromo&sort=0&category=KO-1000005&intent=false&firstLoad=false&page=10&start=360","ASUS TUF Gaming F15 FX507ZC4 I535B1M I5-12500H RAM 8GB SSD 512GB RTX3050 15 inc W11","12.679.000","","","","Kota Surabaya"
"1777226691-13","https://www.blibli.com/cari/laptop%20asus?promo=paymentFeePromo&sort=0&category=KO-1000005&intent=false&firstLoad=false&page=10&start=360","ASUS ZENBOOK A14 UX3407QA SNAPDRAGON X X126100 16GB 512GB W11+OHS+O356 14.0WUXGA IPS BEIGE -IPSP151M","16.291.550","","","","Kota Surabaya"
"1777226691-14","https://www.blibli.com/cari/laptop%20asus?promo=paymentFeePromo&sort=0&category=KO-1000005&intent=false&firstLoad=false&page=10&start=360","ASUS ROG STRIX G16 G615LR ULTRA 9 275HX RTX5070TI 12GB/ 32GB 2TB W11+OHS 16.0QHD 240HZ (BOX MOU) GRAY","45.999.000","","","","Kota Surabaya"
"1777226691-15","https://www.blibli.com/cari/laptop%20asus?promo=paymentFeePromo&sort=0&category=KO-1000005&intent=false&firstLoad=false&page=10&start=360","ASUS TUF F16 FX608JHR I7 14650HX RTX5050 8GB/ 16GB 512GB W11+OHS+M365B 16.0WUXGA 165HZ 100SRGB (BOX MOU) GRAY","23.779.000","","","","Kota Surabaya"
"1777226691-16","https://www.blibli.com/cari/laptop%20asus?promo=paymentFeePromo&sort=0&category=KO-1000005&intent=false&firstLoad=false&page=10&start=360","ASUS ROG ZEPHYRUS G16 OLED GU605CP ULTRA 9 285H RTX5070 8GB/ 32GB 2TB W11+OHS+M365B 16.0WQXGA 240HZ (BOX MOU) GRY","45.949.000","","","","Kota Surabaya"
"1777226691-17","https://www.blibli.com/cari/laptop%20asus?promo=paymentFeePromo&sort=0&category=KO-1000005&intent=false&firstLoad=false&page=10&start=360","ASUS TUF F16 FX607VU I5 210H RTX4050 6GB/ 16GB 512GB W11+OHS+M365B 16.0WUXGA 165HZ 100SRGB","19.629.000","","","","Kota Surabaya"
"1777226691-18","https://www.blibli.com/cari/laptop%20asus?promo=paymentFeePromo&sort=0&category=KO-1000005&intent=false&firstLoad=false&page=10&start=360","ASUS ROG ZEPHYRUS G16 OLED GU605CP ULTRA 9 285H RTX5060 8GB/ 32GB 1TB W11+OHS+M365B 16.0WQXGA 240HZ (BOX MOU) GRY","40.129.000","","","","Kota Surabaya"
"1777226691-19","https://www.blibli.com/cari/laptop%20asus?promo=paymentFeePromo&sort=0&category=KO-1000005&intent=false&firstLoad=false&page=10&start=360","ASUS K6502ZC-OLEDS551 15.8inc,2.8K,i5-12450H.RTX3050.16GB.512G.OPI.W11.Blue","17.299.000","","","","Kota Pontianak"
"1777226691-20","https://www.blibli.com/cari/laptop%20asus?promo=paymentFeePromo&sort=0&category=KO-1000005&intent=false&firstLoad=false&page=10&start=360","ASUS ROG ZEPHYRUS G14 OLED GA403UH RYZEN 9 270 RTX5050 8GB/ 32GB 1TB W11+OHS+M365B 14.0WQXGA 120HZ (BOX MOU) GRY","33.199.000","","","","Kota Surabaya"
"1777226691-21","https://www.blibli.com/cari/laptop%20asus?promo=paymentFeePromo&sort=0&category=KO-1000005&intent=false&firstLoad=false&page=10&start=360","ASUS ROG STRIX G16 G615LH ULTRA 7 255HX RTX5050 8GB/ 16GB 512GB W11+OHS+M365B 16.OWQXGA 240HZ (BOX MOU) GRY","28.199.000","","","","Kota Surabaya"
"1777226691-22","https://www.blibli.com/cari/laptop%20asus?promo=paymentFeePromo&sort=0&category=KO-1000005&intent=false&firstLoad=false&page=10&start=360","ASUS TUF 15 FA506NCG RYZEN 7 7445HS RTX3050 4GB/ 8GB 512GB W11+OHS+M365B 15.6FHD 144HZ IPS RGB BLK -R735B1T-OM - Non Paket, 8/512","13.549.000","","","","Kota Surabaya"
"1777226691-23","https://www.blibli.com/cari/laptop%20asus?promo=paymentFeePromo&sort=0&category=KO-1000005&intent=false&firstLoad=false&page=10&start=360","ASUS ROG STRIX G16 G615LM ULTRA 9 275HX RTX5060 8GB/ 32GB 1TB W11+OHS+M365B 18.0/ 16,0WQXGA 240HZ 100DCIP3 (BOX MOU) GRY","36.499.000","","","","Kota Surabaya"
"1777226691-24","https://www.blibli.com/cari/laptop%20asus?promo=paymentFeePromo&sort=0&category=KO-1000005&intent=false&firstLoad=false&page=10&start=360","Laptop ASUS V16 V3607VU-I545B7T-HM Intel Core 5 210H RAM 16GB DDR5 SSD 512GB RTX 4050 6GB 16″ WUXGA 144Hz Win 11 Home+OHM 2024+M365 Matte Black","14.500.000","","","Kab. Deli Serdang","Komputer Medan"
"1777226691-25","https://www.blibli.com/cari/laptop%20asus?promo=paymentFeePromo&sort=0&category=KO-1000005&intent=false&firstLoad=false&page=10&start=360","Laptop ASUS ROG Strix G16 G614JU-I545J6G-HM Core i5 13540HX RAM 16GB DDR5 512GB SSD RTX 4050 6GB 16″ FHD+ IPS 165Hz Win 11 Home+OHS 2021 Eclipse Gray","18.999.000","","","Kota Medan & kota lainnya","Komputer Medan"
"1777226691-26","https://www.blibli.com/cari/laptop%20asus?promo=paymentFeePromo&sort=0&category=KO-1000005&intent=false&firstLoad=false&page=10&start=360","Laptop Gaming ASUS V16 V3607VU-I745B7T-HM GeForce RTX 4050 6GB Core 7 240H RAM 16GB SSD 512GB 16"" WUXGA Win 11 Home+OHS 2024+M365 Black","18.499.000","","","Kota Medan","KomputerMedan Flagship Store"
"1777226691-27","https://www.blibli.com/cari/laptop%20asus?promo=paymentFeePromo&sort=0&category=KO-1000005&intent=false&firstLoad=false&page=10&start=360","LAPTOP GAMING ASUS V3607VU-I745B7T-HM Intel Core 7-240H/RTX4050_V6G/16G/512G/144Hz 16:10/WIN11/2Y Global(1st Y VIP)/BAG/MatteBlack/OHS2024+M365(1Y)","17.000.000","","Terjual 1","Kota Bandung","Mediatouch Computer Flagship Store"
"1777226691-28","https://www.blibli.com/cari/laptop%20asus?promo=paymentFeePromo&sort=0&category=KO-1000005&intent=false&firstLoad=false&page=10&start=360","ASUS Laptop Vivobook 14 K3405VF VIPS551 Intel Core I5 13500H 8GB 512GB SSD 14"" VIPS WUXGA W11 NVIDIA GeForce RTX 2050 4GB Indie Black","12.811.212","","","Kota Surabaya","Grosiria Flagship Store"
"1777226691-29","https://www.blibli.com/cari/laptop%20asus?promo=paymentFeePromo&sort=0&category=KO-1000005&intent=false&firstLoad=false&page=10&start=360","Asus TUF FX505GD - I7501T Slim Bezel Gaming Laptop - Red Fusion [i7-8750H/ GTX1050 4GB]","14.990.060","","Terjual 100","Kota Surabaya","Top Laptop Flagship Store"
"1777226691-30","https://www.blibli.com/cari/laptop%20asus?promo=paymentFeePromo&sort=0&category=KO-1000005&intent=false&firstLoad=false&page=10&start=360","Asus TUF A15 FA506NCG-R735B6T-HM Gaming Laptop - Graphite Black [R7-7445HS/RTX3050 4GB/16GB/512GB/Win 11/OHS24+365/15.6"" FHD IPS 144Hz] FREE Bag","14.201.550","5","Terjual 83","Blibli Flagship (Komputer) Flagship Store","Disediakan Blibli"
"1777226691-31","https://www.blibli.com/cari/laptop%20asus?promo=paymentFeePromo&sort=0&category=KO-1000005&intent=false&firstLoad=false&page=10&start=360","ASUS TUF A15 FA507NUR-R745K6G-OM Gaming Laptop [AMD Ryzen 7 7435HS/16GB/512GB SSD/RTX4050 6GB/15.6"" FHD IPS 144Hz/WIN11+OHS]","16.799.000","5","Terjual 35","Kota Medan","Intikom Flagship Store"
"1777226691-32","https://www.blibli.com/cari/laptop%20asus?promo=paymentFeePromo&sort=0&category=KO-1000005&intent=false&firstLoad=false&page=10&start=360","ASUS TUF F16 FX608JPR-I757G9G-HM Gaming Laptop-Gray [i7-14650HX/RTX 5070 8G/32GB/1TB/RGB/WIN11/OHS 24+365/WQXGA 15.6"" 165Hz 100% sRGB] Free Bag","28.949.000","5","Terjual 2","Blibli Flagship (Komputer) Flagship Store","Disediakan Blibli"
"1777226691-33","https://www.blibli.com/cari/laptop%20asus?promo=paymentFeePromo&sort=0&category=KO-1000005&intent=false&firstLoad=false&page=10&start=360","ASUS TUF A16 FA608UM-R7N56J6G-HM Gaming Laptop-Gray [R7-260/RTX 5060 8G/16GB/512GB/RGB/WIN11/OHS 24+365/WQXGA 15.6"" 165Hz 100% sRGB] Free Bag","23.149.000","5","Terjual 8","Blibli Flagship (Komputer) Flagship Store","Disediakan Blibli"
"1777226691-34","https://www.blibli.com/cari/laptop%20asus?promo=paymentFeePromo&sort=0&category=KO-1000005&intent=false&firstLoad=false&page=10&start=360","Asus ROG Strix G16 G614PM-R9N56C6G-HM Gaming Laptop-Gray [R9-8940HX/RTX5060 8GB/16GB/SSD 1TB/2.5K 16″ 240Hz DCI-P3 100%/Win11/OHS24+M365] FREE Bag+ Ms","28.949.000","","Terjual 1","Blibli Flagship (Komputer) Flagship Store","Disediakan Blibli"
"1777226691-35","https://www.blibli.com/cari/laptop%20asus?promo=paymentFeePromo&sort=0&category=KO-1000005&intent=false&firstLoad=false&page=10&start=360","ASUS K6502HE-OLEDS951 Notebook - Quiet Blue ( i9-11900H / 16GB / 512GB SSD / RTX3050Ti / 15.6"" OLED 2.8k / Win11 / OHS )","24.000.000","","Terjual 1","Kota Bandung & kota lainnya","LIBERTY COMPUTER Flagship Store"
"1777226691-36","https://www.blibli.com/cari/laptop%20asus?promo=paymentFeePromo&sort=0&category=KO-1000005&intent=false&firstLoad=false&page=10&start=360","ASUS Vivobook 14 A1404VAP-VIPS7113M Notebook - Cool Silver ( Core 7-150U / 16GB / 1TB SSD / UMA / 14"" VIPS FHD / W11 / OH24+M365 )","15.626.550","","Terjual 3","Blibli Flagship (Komputer) Flagship Store","Disediakan Blibli"
"1777226691-37","https://www.blibli.com/cari/laptop%20asus?promo=paymentFeePromo&sort=0&category=KO-1000005&intent=false&firstLoad=false&page=10&start=360","ASUS Vivobook S14 M3407HA-VIPS7111M Notebook - Matte Gray ( Ryzen 7-260 / 16GB / 1TB SSD / UMA / 14"" VIPS 2K / Win11 / OHS2024+M365 )","12.586.550","5","Terjual 29","Blibli Flagship (Komputer) Flagship Store","Disediakan Blibli"
"1777226691-38","https://www.blibli.com/cari/laptop%20asus?promo=paymentFeePromo&sort=0&category=KO-1000005&intent=false&firstLoad=false&page=10&start=360","ASUS Vivobook 14 A1404VAP-VIPS7111M Notebook - Quiet Blue ( Core 7-150U / 16GB / 1TB SSD / UMA / 14"" VIPS FHD / W11 / OH24+M365 )","15.626.550","5","Terjual 7","Blibli Flagship (Komputer) Flagship Store","Disediakan Blibli"
"1777226691-39","https://www.blibli.com/cari/laptop%20asus?promo=paymentFeePromo&sort=0&category=KO-1000005&intent=false&firstLoad=false&page=10&start=360","ASUS Vivobook S14 M3407HA-VIPS7112M Notebook - Cool Silver ( Ryzen 7-260 / 16GB / 1TB SSD / UMA / 14"" VIPS 2K / Win11 / OHS2024+M365 )","15.626.550","3,6","Terjual 19","Blibli Flagship (Komputer) Flagship Store","Disediakan Blibli"
"1777226691-40","https://www.blibli.com/cari/laptop%20asus?promo=paymentFeePromo&sort=0&category=KO-1000005&intent=false&firstLoad=false&page=10&start=360","ASUS Vivobook 14 A1404VAP-VIPS5151M Notebook - Quiet Blue ( Core 5 120U / 8GB+8GB (16GB) / 512GB SSD / UMA / 14"" VIPS FHD / W11 / OHS24+M365 )","12.776.550","5","Terjual 11","Blibli Flagship (Komputer) Flagship Store","Disediakan Blibli"
"1777226711-41","https://www.blibli.com/cari/laptop%20asus?promo=paymentFeePromo&sort=0&category=KO-1000005&intent=false&firstLoad=false&page=9&start=320","Asus Rog Zephyrus M16 GU603ZM-I736G6T-O|i7-12700H/16G/512G/RTX3060-6G","22.599.000","","","Kota Medan","IT GARAGE GAMING Flagship Store"
"1777226711-42","https://www.blibli.com/cari/laptop%20asus?promo=paymentFeePromo&sort=0&category=KO-1000005&intent=false&firstLoad=false&page=9&start=320","Asus ROG Strix G16 G614JV-I746J7G-O|i7-13650HX/16G/1TB/RTX4060-8G","28.765.000","","","Kota Medan","IT GARAGE GAMING Flagship Store"
"1777226711-43","https://www.blibli.com/cari/laptop%20asus?promo=paymentFeePromo&sort=0&category=KO-1000005&intent=false&firstLoad=false&page=9&start=320","ASUS V16 V3607VH I7N55B6T HM Core 7 240H/16GB/512GB SSD/GeForce RTX 5050 8GB/16"" WUXGA/W11","18.369.000","5","Terjual 3","Kota Medan","SOFTCOM Flagship Store"
"1777226711-44","https://www.blibli.com/cari/laptop%20asus?promo=paymentFeePromo&sort=0&category=KO-1000005&intent=false&firstLoad=false&page=9&start=320","ASUS V16 V3607VH I5N55B6T HM Core 5 210H/16GB/512GB SSD/GeForce RTX 5050 8GB/16"" WUXGA/W11","16.839.000","","Terjual 2","Kota Medan","SOFTCOM Flagship Store"
"1777226711-45","https://www.blibli.com/cari/laptop%20asus?promo=paymentFeePromo&sort=0&category=KO-1000005&intent=false&firstLoad=false&page=9&start=320","Laptop ASUS V16 V3607VU I545B7T HM Core 5 210H/16GB/512GB SSD/RTX4050/16"" WUXGA/W11","13.690.000","","","","Kota Madiun"
"1777226711-46","https://www.blibli.com/cari/laptop%20asus?promo=paymentFeePromo&sort=0&category=KO-1000005&intent=false&firstLoad=false&page=9&start=320","ASUS TUF Gaming F16 FX608JHR I7N55J6G HM i7 14650HX/16GB/512GB SSD/GeForce RTX 5050 8GB/16"" WUXGA 165Hz/W11","27.549.000","","Terjual 1","Kota Medan","SOFTCOM Flagship Store"
"1777226711-47","https://www.blibli.com/cari/laptop%20asus?promo=paymentFeePromo&sort=0&category=KO-1000005&intent=false&firstLoad=false&page=9&start=320","ASUS GAMING ROG ZEPHYRUS G14 GA403WM-R9N56OL6G-HM GRAY AMD AI 9-HX370 32GB 1TB RTX 5060 8GB GDDR7 WIN 11 HOME + OFFICE HOME 2024","37.897.000","","Terjual 1","Kota Surabaya","ExpoComp Flagship Store"
"1777226711-48","https://www.blibli.com/cari/laptop%20asus?promo=paymentFeePromo&sort=0&category=KO-1000005&intent=false&firstLoad=false&page=9&start=320","ASUS GAMING ROG STRIX G16 G615LR-I9NT7C6G-HM GREY INTEL ULTRA 9-275HX 32GB 2TB RTX 5070Ti 12GB WIN 11 + OH 2024, TIPE NON BUNDLE, RAM TETAP 32GB","46.084.000","","","Kota Surabaya","ExpoComp Flagship Store"
"1777226711-49","https://www.blibli.com/cari/laptop%20asus?promo=paymentFeePromo&sort=0&category=KO-1000005&intent=false&firstLoad=false&page=9&start=320","ASUS GAMING ROG STRIX G16 G615LR-I9NT7C6G-HM GREY INTEL ULTRA 9-275HX 32GB 2TB RTX 5070Ti 12GB WIN 11 + OH 2024, TIPE BUNDLE DELUXE, RAM TETAP 32GB","46.284.000","","","Kota Surabaya","ExpoComp Flagship Store"
"1777226711-50","https://www.blibli.com/cari/laptop%20asus?promo=paymentFeePromo&sort=0&category=KO-1000005&intent=false&firstLoad=false&page=9&start=320","ASUS GAMING ROG STRIX G16 G615LR-I9NT7C6G-HM GREY INTEL ULTRA 9-275HX 32GB 2TB RTX 5070Ti 12GB WIN 11 + OH 2024, TIPE BUNDLE AMAN, RAM TETAP 32GB","46.649.000","","","Kota Surabaya","ExpoComp Flagship Store"
"1777226711-51","https://www.blibli.com/cari/laptop%20asus?promo=paymentFeePromo&sort=0&category=KO-1000005&intent=false&firstLoad=false&page=9&start=320","ASUS GAMING ROG STRIX G16 G615LR-I9NT7C6G-HM GREY INTEL ULTRA 9-275HX 32GB 2TB RTX 5070Ti 12GB WIN 11 + OH 2024, TIPE BUNDLE DELUXE, RAM JADI 64GB","55.634.000","","","Kota Surabaya","ExpoComp Flagship Store"
"1777226711-52","https://www.blibli.com/cari/laptop%20asus?promo=paymentFeePromo&sort=0&category=KO-1000005&intent=false&firstLoad=false&page=9&start=320","ASUS GAMING ROG STRIX G16 G615LR-I9NT7C6G-HM GREY INTEL ULTRA 9-275HX 32GB 2TB RTX 5070Ti 12GB WIN 11 + OH 2024, TIPE BUNDLE PREMIUM, RAM JADI 64GB","55.734.000","","","Kota Surabaya","ExpoComp Flagship Store"
"1777226711-53","https://www.blibli.com/cari/laptop%20asus?promo=paymentFeePromo&sort=0&category=KO-1000005&intent=false&firstLoad=false&page=9&start=320","ASUS GAMING ROG STRIX G16 G615LR-I9NT7C6G-HM GREY INTEL ULTRA 9-275HX 32GB 2TB RTX 5070Ti 12GB WIN 11 + OH 2024, TIPE BUNDLE PREMIUM, RAM TETAP 32GB","46.384.000","","","Kota Surabaya","ExpoComp Flagship Store"
"1777226711-54","https://www.blibli.com/cari/laptop%20asus?promo=paymentFeePromo&sort=0&category=KO-1000005&intent=false&firstLoad=false&page=9&start=320","ASUS GAMING ROG STRIX G16 G615LR-I9NT7C6G-HM GREY INTEL ULTRA 9-275HX 32GB 2TB RTX 5070Ti 12GB WIN 11 + OH 2024, TIPE NON BUNDLE, RAM JADI 64GB","55.434.000","","","Kota Surabaya","ExpoComp Flagship Store"
"1777226711-55","https://www.blibli.com/cari/laptop%20asus?promo=paymentFeePromo&sort=0&category=KO-1000005&intent=false&firstLoad=false&page=9&start=320","ASUS GAMING ROG STRIX G16 G615LR-I9NT7C6G-HM GREY INTEL ULTRA 9-275HX 32GB 2TB RTX 5070Ti 12GB WIN 11 + OH 2024, TIPE BUNDLE AMAN, RAM JADI 64GB","55.999.000","","","Kota Surabaya","ExpoComp Flagship Store"
"1777226711-56","https://www.blibli.com/cari/laptop%20asus?promo=paymentFeePromo&sort=0&category=KO-1000005&intent=false&firstLoad=false&page=9&start=320","Laptop ASUS GAMING V16 V3607VU INTEL CORE 5 210H RTX4050 6GB/ RAM 16GB SSD 512GB Windows 11+Office Home Student 16.0WUXGA 144HZ","16.849.000","","Terjual 4","","Kota Surabaya"
"1777226711-57","https://www.blibli.com/cari/laptop%20asus?promo=paymentFeePromo&sort=0&category=KO-1000005&intent=false&firstLoad=false&page=9&start=320","Laptop Asus VIVOBOOK 16X K3605VC INTEL CORE I5 13420H RTX3050 4GB/ RAM 16gb SSD 512gb Windows 11+Office Home Student+O365 16.0 WUXGA 144HZ","11.939.000","","Terjual 1","","Kota Surabaya"
"1777226711-58","https://www.blibli.com/cari/laptop%20asus?promo=paymentFeePromo&sort=0&category=KO-1000005&intent=false&firstLoad=false&page=9&start=320","LAPTOP ASUS VIVOBOOK 14 A1407QA SNAPDRAGON X X1 26 100 16GB 512GB 14""WUXGA IPS W11 OHS","9.404.050","5","Terjual 2","Kota Jakarta Utara","Agres.id Flagship Store"
"1777226711-59","https://www.blibli.com/cari/laptop%20asus?promo=paymentFeePromo&sort=0&category=KO-1000005&intent=false&firstLoad=false&page=9&start=320","Laptop Gaming ASUS ROG STRIX SCAR 15 G533ZM I9-12900H 16GB 1TB NVME Nvidia RTX3060 6GB DDR6 WIN11 OHS Original Garansi Resmi","30.650.000","","","","Kota Surabaya"
"1777226711-60","https://www.blibli.com/cari/laptop%20asus?promo=paymentFeePromo&sort=0&category=KO-1000005&intent=false&firstLoad=false&page=9&start=320","LAPTOP ASUS ROG ZEPHYRUS G16 OLED GU605CM ULTRA 9 285H RTX5060 8GB/ 32GB 1TB W11+OHS+M365B GREY","40.129.000","5","Terjual 1","Kota Jakarta Utara","Agres.id Flagship Store"
"1777226711-61","https://www.blibli.com/cari/laptop%20asus?promo=paymentFeePromo&sort=0&category=KO-1000005&intent=false&firstLoad=false&page=9&start=320","Laptop Gaming ASUS ROG Strix G G614JU i7-13650HX Nvidia RTX4050 6GB DDR6 16GB DDR5 512GB NVME 16"" FHD IPS 165Hz WIN11 OHS Original Garansi Resmi","25.800.000","","","","Kota Surabaya"
"1777226711-62","https://www.blibli.com/cari/laptop%20asus?promo=paymentFeePromo&sort=0&category=KO-1000005&intent=false&firstLoad=false&page=9&start=320","LAPTOP ASUS TUF A16 FA608PP RYZEN 9 8940HX RTX5070 8GB/ 16GB 1TB W11+OHS+M365B 16.0 WQXGA 16HZ 100SRGB","30.279.000","","","Kota Jakarta Utara","AMD Flagship Store"
"1777226711-63","https://www.blibli.com/cari/laptop%20asus?promo=paymentFeePromo&sort=0&category=KO-1000005&intent=false&firstLoad=false&page=9&start=320","LAPTOP ASUS ROG STRIX G16 G615JHR I7 14650HX RTX5050 8GB/ 16GB 512GB W11+OHS+M365B 16.OWQXGA 240HZ (BOX MOU) GRY","27.249.000","","","Kota Jakarta Utara","Agres.id Flagship Store"
"1777226711-64","https://www.blibli.com/cari/laptop%20asus?promo=paymentFeePromo&sort=0&category=KO-1000005&intent=false&firstLoad=false&page=9&start=320","LAPTOP ASUS ROG STRIX G16 G615LH ULTRA 7 255HX RTX5050 8GB/ 16GB 512GB W11+OHS+M365B 16.OWQXGA 240HZ (BOX MOU) GRY","28.199.000","5","Terjual 2","Kota Jakarta Utara","Agres.id Flagship Store"
"1777226711-65","https://www.blibli.com/cari/laptop%20asus?promo=paymentFeePromo&sort=0&category=KO-1000005&intent=false&firstLoad=false&page=9&start=320","LAPTOP ASUS FX607VU-I545J6M-HM (MECHA GRAY) : INTEL CORE 5-210 16GB 512GB RTX4050 V6GB 165HZ 100SRGB WIN 11+OHS+M365","16.282.701","","","Kota Palembang","MDP SUPERSTORE Flagship Store"
"1777226711-66","https://www.blibli.com/cari/laptop%20asus?promo=paymentFeePromo&sort=0&category=KO-1000005&intent=false&firstLoad=false&page=9&start=320","Asus V16 V3607VH-I7N55B6T-HM-Gaming Laptop [Core 7-240H/RTX 5050 8G/16G/512G/WUXGA 16"" 144Hz/WIN11/OHS24+Office365] FREE Bag","22.849.000","","","","Kota Jakarta Selatan"
"1777226711-67","https://www.blibli.com/cari/laptop%20asus?promo=paymentFeePromo&sort=0&category=KO-1000005&intent=false&firstLoad=false&page=9&start=320","Laptop ASUS VivoBook Pro 14X OLED N7401ZE-OLEDS715 Intel Core i7-12650H RAM 16GB DDR5 1TB SSD RTX3050Ti 4GB 2.8K/Win 11 Home+OHS 14,5""","18.499.000","","","Kota Medan","KomputerMedan Flagship Store"
"1777226711-68","https://www.blibli.com/cari/laptop%20asus?promo=paymentFeePromo&sort=0&category=KO-1000005&intent=false&firstLoad=false&page=9&start=320","Laptop ASUS Vivobook PRO N6506CU OLEDS9211M CORE GeForce RTX 4050 ULTRA 9 285H RAM 24GB SSD 1TB Earl Grey OLED 3K OPI 2024 + FREE M365 2Y Win 11","26.999.000","","","Kota Medan","KomputerMedan Flagship Store"
"1777226711-69","https://www.blibli.com/cari/laptop%20asus?promo=paymentFeePromo&sort=0&category=KO-1000005&intent=false&firstLoad=false&page=9&start=320","Laptop ASUS V16 V3607VJ-I535B1T-HM GeForce RTX 3050 6GB Core 5 210H RAM 8GB DDR5 SSD 512GB 16"" WUXGA 144Hz Win 11 Home+OHS+365 Matte Black","14.999.000","","","Kota Medan","KomputerMedan Flagship Store"
"1777226711-70","https://www.blibli.com/cari/laptop%20asus?promo=paymentFeePromo&sort=0&category=KO-1000005&intent=false&firstLoad=false&page=9&start=320","Laptop ASUS V16 V3607VM-I7N56B6T-HM GeForce RTX5060 8GB Core 7 240H RAM 16GB DDR5 512GB SSD 16"" WUXGA Win 11 Home + OHM + M365 Matte Black","20.499.000","","","Kota Medan","KomputerMedan Flagship Store"
"1777226711-71","https://www.blibli.com/cari/laptop%20asus?promo=paymentFeePromo&sort=0&category=KO-1000005&intent=false&firstLoad=false&page=9&start=320","Laptop ASUS ROG Strix G16 G615LM-I9N56C6G-HM GeForce RTX 5060 8GB Core Ultra 9 275HX RAM 32GB SSD 1TB 16"" 2.5K 240Hz W11 Home+OHM +M365 Eclipse Grey","35.999.000","","","Kota Medan","KomputerMedan Flagship Store"
"1777226711-72","https://www.blibli.com/cari/laptop%20asus?promo=paymentFeePromo&sort=0&category=KO-1000005&intent=false&firstLoad=false&page=9&start=320","Laptop ASUS ROG Strix G18 G814JV I746C6G OM Core i7 13650HX RAM 16GB DDR5 SSD 1TB RTX4060 8GB 18″ QHD + 240Hz Win 11 Home+OHS 2021 + M365 Eclipse Gray","32.429.000","","","Kota Medan","KomputerMedan Flagship Store"
"1777226711-73","https://www.blibli.com/cari/laptop%20asus?promo=paymentFeePromo&sort=0&category=KO-1000005&intent=false&firstLoad=false&page=9&start=320","Laptop Gaming ASUS ROG STRIX G16 G615LH ULTRA 7 255HX RTX5050 16GB 512GB 16"" WQXGA 240HZ","28.184.000","","","Kota Jakarta Pusat","KlikGadget Flagship Store"
"1777226711-74","https://www.blibli.com/cari/laptop%20asus?promo=paymentFeePromo&sort=0&category=KO-1000005&intent=false&firstLoad=false&page=9&start=320","Asus V16 V3607VU-I545B7T-HM/Core 5 210H/16GB/512GB SSD/RTX4050 6GB/16″ WUXGA/Win 11 Home+OHM 2024+M365/Matte Black","16.987.000","","","","Kota Surabaya"
"1777226711-75","https://www.blibli.com/cari/laptop%20asus?promo=paymentFeePromo&sort=0&category=KO-1000005&intent=false&firstLoad=false&page=9&start=320","Asus V16 V3607VU-I545B7T-HM/Core 5 210H/16GB/512GB SSD/RTX4050 6GB/16″ WUXGA/Win 11 Home+OHS 2024+M365/Matte Black","17.299.000","","","","Kota Jakarta Selatan"
"1777226711-76","https://www.blibli.com/cari/laptop%20asus?promo=paymentFeePromo&sort=0&category=KO-1000005&intent=false&firstLoad=false&page=9&start=320","ASUS TUF GAMING F15 FX507VU I7-13620H 16GB 512GB RTX4050 6GB 15.6"" OHS W11","20.272.000","","","","Kota Surabaya"
"1777226711-77","https://www.blibli.com/cari/laptop%20asus?promo=paymentFeePromo&sort=0&category=KO-1000005&intent=false&firstLoad=false&page=9&start=320","ASUS GAMING TUF F15 FX507VU-I745K6M O I7 13620H RTX4050 RAM 16GB SSD 512GB W11","19.992.000","","","","Kota Surabaya"
"1777226711-78","https://www.blibli.com/cari/laptop%20asus?promo=paymentFeePromo&sort=0&category=KO-1000005&intent=false&firstLoad=false&page=9&start=320","ASUS GAMING V16 V3607VM CORE 7 240H RTX5060 8GB/ 16GB 512GB W11+OHS+M365 16.0WUXGA 144HZ BLK","20.449.000","","","","Kota Surabaya"
"1777226711-79","https://www.blibli.com/cari/laptop%20asus?promo=paymentFeePromo&sort=0&category=KO-1000005&intent=false&firstLoad=false&page=9&start=320","ASUS TUF Gaming F15 FX507ZC-I735B7G-O - Jaeger Gray [Intel® Core™ i7-12700H /16GB / 512GB SSD / NVIDIA® GeForce RTX™ 3050 / 15.6inch / WIN11 / OHS]","17.299.000","","","","Kota Pontianak"
"1777226711-80","https://www.blibli.com/cari/laptop%20asus?promo=paymentFeePromo&sort=0&category=KO-1000005&intent=false&firstLoad=false&page=9&start=320","Asus ROG Strix G16 G614JIR I947C6G O Core i9 14900HX 32GB 1TB SSD RTX4070 8GB 16 inc QHD+ 240Hz Win 11 Home OHS 2021","43.270.000","","","","Kota Surabaya"
"1777226727-81","https://www.blibli.com/cari/laptop%20asus?promo=paymentFeePromo&sort=0&category=KO-1000005&intent=false&firstLoad=false&page=8&start=280","Asus Zenbook A14 UX3407QA Snapdragon X X1 26 100 16GB 512GB W11+OHS 14""WUXGA 100sRGB - 899Gram","15.721.550","","Terjual 4","Kota Jakarta Utara","Agres.id Flagship Store"
"1777226727-82","https://www.blibli.com/cari/laptop%20asus?promo=paymentFeePromo&sort=0&category=KO-1000005&intent=false&firstLoad=false&page=8&start=280","ASUS VIVOBOOK S14 S3407QA IPSP151M IPSP152M SNAPDRAGON X-XI26100 Qualcomm Adreno GPU 16GB 512GB WIN11+OH 2024","9.721.350","","","Kota Surabaya","ExpoComp Flagship Store"
"1777226727-83","https://www.blibli.com/cari/laptop%20asus?promo=paymentFeePromo&sort=0&category=KO-1000005&intent=false&firstLoad=false&page=8&start=280","ASUS TUF A14 FA401UH RTX5050 RYZEN 7 260 32GB 512GB W11+OHS 14.0WQXGA 165HZ 100RGB","25.099.000","","","Kota Jakarta Utara","Agres.id Flagship Store"
"1777226727-84","https://www.blibli.com/cari/laptop%20asus?promo=paymentFeePromo&sort=0&category=KO-1000005&intent=false&firstLoad=false&page=8&start=280","ASUS TUF A14 FA401UH RTX5050 RYZEN 7 260 32GB 512GB W11+OHS 14.0WQXGA 165HZ 100RGB","25.099.000","","","Kota Jakarta Utara","AMD Flagship Store"
"1777226727-85","https://www.blibli.com/cari/laptop%20asus?promo=paymentFeePromo&sort=0&category=KO-1000005&intent=false&firstLoad=false&page=8&start=280","ASUS TUF A14 FA608UP RTX5070 RYZEN 7 260 16GB 1TB W11+OHS 16.0 WUXGA 165HZ 100SRGB","27.299.000","","","Kota Jakarta Utara","Agres.id Flagship Store"
"1777226727-86","https://www.blibli.com/cari/laptop%20asus?promo=paymentFeePromo&sort=0&category=KO-1000005&intent=false&firstLoad=false&page=8&start=280","ASUS TUF A14 FA608UP RTX5070 RYZEN 7 260 16GB 1TB W11+OHS 16.0 WUXGA 165HZ 100SRGB","27.299.000","","","Kota Jakarta Utara","AMD Flagship Store"
"1777226727-87","https://www.blibli.com/cari/laptop%20asus?promo=paymentFeePromo&sort=0&category=KO-1000005&intent=false&firstLoad=false&page=8&start=280","ASUS GAMING V16 V3607VU-I745B7T-HM BLACK CORE 7-240H 16GB 512GB RTX4050 6GB GDDR6 WIN11+ OH 2024","16.023.000","","","Kota Surabaya","ExpoComp Flagship Store"
"1777226727-88","https://www.blibli.com/cari/laptop%20asus?promo=paymentFeePromo&sort=0&category=KO-1000005&intent=false&firstLoad=false&page=8&start=280","ASUS ROG Zephyrus G16 GU605CM Ultra 9 285H RTX5060 1TB SSD 32GB 2.5K OLED 100%sRGB 240Hz Win11+OHS","41.999.000","","","Kota Jakarta Barat","Sinarmulia Flagship Store"
"1777226727-89","https://www.blibli.com/cari/laptop%20asus?promo=paymentFeePromo&sort=0&category=KO-1000005&intent=false&firstLoad=false&page=8&start=280","ASUS TUF GAMING F16 FX608JHR-I7N55J6G-HM GRAY CORE i7-14650HX 16GB 512GB RTX 5050 8GB GDDR7 WIN 11 HOME + OFFICE HOME 2024 + M 365 1 YEAR","23.660.000","","","Kota Surabaya","ExpoComp Flagship Store"
"1777226727-90","https://www.blibli.com/cari/laptop%20asus?promo=paymentFeePromo&sort=0&category=KO-1000005&intent=false&firstLoad=false&page=8&start=280","ASUS ROG Strix G16 G615LR Ultra 9 275HX RTX5070 Ti 2TB SSD 16GB WQXGA 2.5K IPS 100%sRGB 240Hz Win11+OHS","52.999.000","","","Kota Jakarta Barat","Sinarmulia Flagship Store"
"1777226727-91","https://www.blibli.com/cari/laptop%20asus?promo=paymentFeePromo&sort=0&category=KO-1000005&intent=false&firstLoad=false&page=8&start=280","ASUS TUF Gaming A15 FA506NCG R735B1T HM R7 7445HS/8GB-16GB/512GB SSD/GeForce RTX 3050 4GB/15.6"" /W11","15.819.000","5","Terjual 17","Kota Medan","SOFTCOM Flagship Store"
"1777226727-92","https://www.blibli.com/cari/laptop%20asus?promo=paymentFeePromo&sort=0&category=KO-1000005&intent=false&firstLoad=false&page=8&start=280","ASUS TUF A15 FA506NCG-R735B6T-HM | R7-7445HS/16GB/512GB/RTX3050-4GB","14.549.000","","","Kota Medan","IT GARAGE GAMING Flagship Store"
"1777226727-93","https://www.blibli.com/cari/laptop%20asus?promo=paymentFeePromo&sort=0&category=KO-1000005&intent=false&firstLoad=false&page=8&start=280","Asus Vivobook Pro 15 K6502HC-OLEDS951|i9-11900H/16G/512G/RTX3050-4G","18.535.000","","","Kota Medan","IT GARAGE GAMING Flagship Store"
"1777226727-94","https://www.blibli.com/cari/laptop%20asus?promo=paymentFeePromo&sort=0&category=KO-1000005&intent=false&firstLoad=false&page=8&start=280","Asus Vivobook Pro 14X N7401ZE-OLEDS713|i7-12650H/16G/1TB/RTX3050Ti-4GB","23.287.000","","Terjual 1","Kota Medan","IT GARAGE GAMING Flagship Store"
"1777226727-95","https://www.blibli.com/cari/laptop%20asus?promo=paymentFeePromo&sort=0&category=KO-1000005&intent=false&firstLoad=false&page=8&start=280","Asus TUF F15 FX507ZC4-I735B6G-O|i7-12700H/16G/512G/RTX3050-4G","14.999.000","5","Terjual 2","Kota Medan","IT GARAGE GAMING Flagship Store"
"1777226727-96","https://www.blibli.com/cari/laptop%20asus?promo=paymentFeePromo&sort=0&category=KO-1000005&intent=false&firstLoad=false&page=8&start=280","Asus Tuf F15 FX507ZV4-I746K6G-O|i7-12700H/16G/512G/RTX4060-8G","19.599.000","","","Kota Medan","IT GARAGE GAMING Flagship Store"
"1777226727-97","https://www.blibli.com/cari/laptop%20asus?promo=paymentFeePromo&sort=0&category=KO-1000005&intent=false&firstLoad=false&page=8&start=280","ASUS ROG Scar 16 G634JZ-I948M6T-O|i9-13980HX/32G/1TB/RTX4080-12G","67.799.000","","","Kota Medan","IT GARAGE GAMING Flagship Store"
"1777226727-98","https://www.blibli.com/cari/laptop%20asus?promo=paymentFeePromo&sort=0&category=KO-1000005&intent=false&firstLoad=false&page=8&start=280","Asus Tuf Gaming F15 FX506HEB-I7R5B6G-O|i7-11800H/16G/512G/RTX3050Ti-4G","15.999.000","","","Kota Medan","IT GARAGE GAMING Flagship Store"
"1777226727-99","https://www.blibli.com/cari/laptop%20asus?promo=paymentFeePromo&sort=0&category=KO-1000005&intent=false&firstLoad=false&page=8&start=280","Asus Rog Zephyrus G14 GA402NU-R745G6G-O|R7-7735HS/16G/512G/RTX4050-6G","27.199.000","","","Kota Medan","IT GARAGE GAMING Flagship Store"
"1777226727-100","https://www.blibli.com/cari/laptop%20asus?promo=paymentFeePromo&sort=0&category=KO-1000005&intent=false&firstLoad=false&page=8&start=280","Asus ROG Flow Z13 GZ301VU-I945G6T|i9-13900H/16G/1TB/RTX4050-6G","34.850.000","","","Kota Medan","IT GARAGE GAMING Flagship Store"
"1777226727-101","https://www.blibli.com/cari/laptop%20asus?promo=paymentFeePromo&sort=0&category=KO-1000005&intent=false&firstLoad=false&page=8&start=280","Asus ROG Strix G16 G614JU-I745J6G-O|i7-13650HX/16G/512G/RTX4050-4G","26.715.000","5","Terjual 1","Kota Medan","IT GARAGE GAMING Flagship Store"
"1777226727-102","https://www.blibli.com/cari/laptop%20asus?promo=paymentFeePromo&sort=0&category=KO-1000005&intent=false&firstLoad=false&page=8&start=280","Asus ROG Strix G18 G814JV-1746J6G-O|i7-13650HX/16G/512G/RTX4060-8G","30.065.000","","","Kota Medan","IT GARAGE GAMING Flagship Store"
"1777226727-103","https://www.blibli.com/cari/laptop%20asus?promo=paymentFeePromo&sort=0&category=KO-1000005&intent=false&firstLoad=false&page=8&start=280","ASUS ROG Flow Z13 GZ301VF-I925G6T-O|i9-13900H/16GB/512GB/RTX2050-4GB","25.685.000","","","Kota Medan","IT GARAGE GAMING Flagship Store"
"1777226727-104","https://www.blibli.com/cari/laptop%20asus?promo=paymentFeePromo&sort=0&category=KO-1000005&intent=false&firstLoad=false&page=8&start=280","Asus ROG Zephyrus G16 GU605CP-I9N57OL6G-HM | Ultra9-285H/32GB/2TB/RTX5070-8GB","49.399.000","","","Kota Medan","IT GARAGE GAMING Flagship Store"
"1777226727-105","https://www.blibli.com/cari/laptop%20asus?promo=paymentFeePromo&sort=0&category=KO-1000005&intent=false&firstLoad=false&page=8&start=280","Asus TUF A15 FA507NU-R545KLM-O | R5-7535HS/16G/512G/RTX4050-6G","15.525.000","","","Kota Medan","IT GARAGE GAMING Flagship Store"
"1777226727-106","https://www.blibli.com/cari/laptop%20asus?promo=paymentFeePromo&sort=0&category=KO-1000005&intent=false&firstLoad=false&page=8&start=280","Asus Tuf F15 FX507ZC-I735B7G-O|i7-12700H/16G/512G/RTX3050-4G","17.508.000","","Terjual 1","Kota Medan","IT GARAGE GAMING Flagship Store"
"1777226727-107","https://www.blibli.com/cari/laptop%20asus?promo=paymentFeePromo&sort=0&category=KO-1000005&intent=false&firstLoad=false&page=8&start=280","Asus TUF Gaming A16 FA608PP-R9N57G6G-HM Ryzen 9 8940HX 16GB SSD 1TB 16"" RTX5070 W11+OHS2024+M365","31.719.000","","","Kota Surakarta (Solo)","ELS Computer Flagship Store"
"1777226727-108","https://www.blibli.com/cari/laptop%20asus?promo=paymentFeePromo&sort=0&category=KO-1000005&intent=false&firstLoad=false&page=8&start=280","ASUS ROG Zephyrus G16 GU605MI-I947OL6G-O | Ultra 9-185H/32G/1TB/RTX4070-8G","45.199.000","","","Kota Medan","IT GARAGE GAMING Flagship Store"
"1777226727-109","https://www.blibli.com/cari/laptop%20asus?promo=paymentFeePromo&sort=0&category=KO-1000005&intent=false&firstLoad=false&page=8&start=280","ASUS TUF Gaming F16 FX608JH-I5N55J6G-HM | i5-13450HX/16GB/512GB/RTX5050-8GB","18.499.000","","","Kota Medan","IT GARAGE GAMING Flagship Store"
"1777226727-110","https://www.blibli.com/cari/laptop%20asus?promo=paymentFeePromo&sort=0&category=KO-1000005&intent=false&firstLoad=false&page=8&start=280","Asus ROG Strix G18 G814JU-I745J6G-O|i7-13650HX/16G/512G/RTX4050-6G","28.499.000","","","Kota Medan","IT GARAGE GAMING Flagship Store"
"1777226727-111","https://www.blibli.com/cari/laptop%20asus?promo=paymentFeePromo&sort=0&category=KO-1000005&intent=false&firstLoad=false&page=8&start=280","Asus Vivobook Pro 14X N7400PC-OLED555|i5-11300H/8G/512G/RTX3050-4G","15.835.000","","Terjual 1","Kota Medan","IT GARAGE GAMING Flagship Store"
"1777226727-112","https://www.blibli.com/cari/laptop%20asus?promo=paymentFeePromo&sort=0&category=KO-1000005&intent=false&firstLoad=false&page=8&start=280","Asus ROG Scar 18 G834JZ-I948C6T-O|i9-13980HX/32G/2TB/RTX4080-12G","68.799.000","","","Kota Medan","IT GARAGE GAMING Flagship Store"
"1777226727-113","https://www.blibli.com/cari/laptop%20asus?promo=paymentFeePromo&sort=0&category=KO-1000005&intent=false&firstLoad=false&page=8&start=280","ASUS ROG Zephyrus G16 GU605MU-I745OL6G-O |Ultra7-155H/16G/1TB/RTX4050-6GB","34.935.000","","","Kota Medan","IT GARAGE GAMING Flagship Store"
"1777226727-114","https://www.blibli.com/cari/laptop%20asus?promo=paymentFeePromo&sort=0&category=KO-1000005&intent=false&firstLoad=false&page=8&start=280","Asus Rog Scar 15 G533ZM-I736D7T-O|i7-12700H/16G/1TB/RTX3060-6G","27.699.000","","","Kota Medan","IT GARAGE GAMING Flagship Store"
"1777226727-115","https://www.blibli.com/cari/laptop%20asus?promo=paymentFeePromo&sort=0&category=KO-1000005&intent=false&firstLoad=false&page=8&start=280","ASUS GAMING V16 V3607VU-I545B7T-HM | Core 5-210H/16GB/512GB/RTX4050-6GB","17.999.000","","","Kota Medan","IT GARAGE GAMING Flagship Store"
"1777226727-116","https://www.blibli.com/cari/laptop%20asus?promo=paymentFeePromo&sort=0&category=KO-1000005&intent=false&firstLoad=false&page=8&start=280","Asus Rog Zephyrus G16 GU603VV-I946C6G-O|i9-13900H/16G/1TB/RTX4060-8G","33.825.000","","","Kota Medan","IT GARAGE GAMING Flagship Store"
"1777226727-117","https://www.blibli.com/cari/laptop%20asus?promo=paymentFeePromo&sort=0&category=KO-1000005&intent=false&firstLoad=false&page=8&start=280","Asus ROG Zephyrus M16 GU603ZU-I745J6G-O|i7-12700H/16G/512G/RTX4050-6G","28.899.000","","","Kota Medan","IT GARAGE GAMING Flagship Store"
"1777226727-118","https://www.blibli.com/cari/laptop%20asus?promo=paymentFeePromo&sort=0&category=KO-1000005&intent=false&firstLoad=false&page=8&start=280","Asus ROG Flow Z13 GZ301VV-I946G6T|i9-13900H/16G/1TB/RTX4060-8G","36.899.000","","","Kota Medan","IT GARAGE GAMING Flagship Store"
"1777226727-119","https://www.blibli.com/cari/laptop%20asus?promo=paymentFeePromo&sort=0&category=KO-1000005&intent=false&firstLoad=false&page=8&start=280","Asus Rog Zephyrus G16 GU603VI-I947C6G-O|i9-13900H/16G/1TB/RTX4070-8G","35.875.000","","","Kota Medan","IT GARAGE GAMING Flagship Store"
"1777226727-120","https://www.blibli.com/cari/laptop%20asus?promo=paymentFeePromo&sort=0&category=KO-1000005&intent=false&firstLoad=false&page=8&start=280","ASUS ExpertBook B5404CVF-QN5150X i5-1335U 16GB 512GB SSD Windows 11 Home NVIDIA GeForce RTX 2050) - Star Black","27.099.000","","","Kota Jakarta Pusat","FLIXX.ID Flagship Store"
"1777226745-121","https://www.blibli.com/cari/laptop%20asus?promo=paymentFeePromo&sort=0&category=KO-1000005&intent=false&firstLoad=false&page=7&start=240","Asus ROG Strix SCAR 16 G635LW Intel Core Ultra 9 RTX 5080 32GB 2TB SSD 240Hz","79.690.000","","","Kota Jakarta Pusat","KlikGadget Flagship Store"
"1777226745-122","https://www.blibli.com/cari/laptop%20asus?promo=paymentFeePromo&sort=0&category=KO-1000005&intent=false&firstLoad=false&page=7&start=240","Asus ROG G835LW I9N58MZT HM Ultra 9 275HX/32GB/2TB/GeForce RTX 5080 16GB/18"" 2.5K 240Hz/W11 Strix SCAR 18","81.494.000","","","Kota Jakarta Pusat","KlikGadget Flagship Store"
"1777226745-123","https://www.blibli.com/cari/laptop%20asus?promo=paymentFeePromo&sort=0&category=KO-1000005&intent=false&firstLoad=false&page=7&start=240","ASUS TUF GAMING A15 FA506NCG-R735B1T-HM BLACK AMD RYZEN 7-7445HS 8GB 512GB RTX 3050 4GB WIN 11 HOME + OFFICE HOME 2024 + M365 1 Y","13.834.000","","","Kota Surabaya","ExpoComp Flagship Store"
"1777226745-124","https://www.blibli.com/cari/laptop%20asus?promo=paymentFeePromo&sort=0&category=KO-1000005&intent=false&firstLoad=false&page=7&start=240","ASUS GAMING V16 V3607VJ-I535B1T-HM BLACK INTEL CORE 5-210H 8GB 512GB RTX 3050 6GB GDDR6 WIN 11 HOME + OFFICE HOME 2024 + M 365 1 YEAR","15.199.000","","","Kota Surabaya","ExpoComp Flagship Store"
"1777226745-125","https://www.blibli.com/cari/laptop%20asus?promo=paymentFeePromo&sort=0&category=KO-1000005&intent=false&firstLoad=false&page=7&start=240","ASUS TUF GAMING F16 FX607VU-I745J6M-HM GRAY INTEL CORE i7-13620H 16GB 512GB RTX 4050 6GB GDDR6 WIN 11 HOME + OFFICE HOME 2024","25.999.000","","","Kota Surabaya","ExpoComp Flagship Store"
"1777226745-126","https://www.blibli.com/cari/laptop%20asus?promo=paymentFeePromo&sort=0&category=KO-1000005&intent=false&firstLoad=false&page=7&start=240","ASUS GAMING ROG ZEPHYRUS G16 GU605CM-I9N56OL6G-HM GRAY INTEL ULTRA 9-285H 32GB 1TB RTX 5060 8GB GDDR6 WIN 11 HOME + OFFICE HOME 2024 + 365 1Y","55.888.999","","","Kota Surabaya","ExpoComp Flagship Store"
"1777226745-127","https://www.blibli.com/cari/laptop%20asus?promo=paymentFeePromo&sort=0&category=KO-1000005&intent=false&firstLoad=false&page=7&start=240","Asus Tuf F16 FX608JHR-I7N55J6G-HM Core i7 14650HX 16GB 512GB 16"" W11+OH2024+M365 RTX5050","23.300.000","","","Kota Bandung","Up To Date Computer Flagship Store"
"1777226745-128","https://www.blibli.com/cari/laptop%20asus?promo=paymentFeePromo&sort=0&category=KO-1000005&intent=false&firstLoad=false&page=7&start=240","ASUS ROG Zephyrus G16 GU603VI-I947C6G-O GeForce RTX™ 4070 - i9-13900H","34.999.000","","","Kota Medan","KomputerMedan Flagship Store"
"1777226745-129","https://www.blibli.com/cari/laptop%20asus?promo=paymentFeePromo&sort=0&category=KO-1000005&intent=false&firstLoad=false&page=7&start=240","Asus Gaming V16 V3607VJ-I535B1T-HM, Core 5-210H/8GB/512GB/RTX3050 6GB/W11+OH24+M365(1Y)/2Y(1st year VIP)/MatteBlack/16"" WUXGA 144Hz","16.982.001","","Terjual 3","Kota Medan","Dayamega Pratama Flagship Store"
"1777226745-130","https://www.blibli.com/cari/laptop%20asus?promo=paymentFeePromo&sort=0&category=KO-1000005&intent=false&firstLoad=false&page=7&start=240","ASUS GAMING V16 V3607VH-I7N55B6T-HM [INTEL CORE 7-240H/ 16GB/ 512GB/ RTX5050 8GB/ 16"" WUXGA/ WIN11HOME/ OH+M365]","22.713.860","","","Kota Jakarta Pusat","VICMIC INDONESIA Flagship Store"
"1777226745-131","https://www.blibli.com/cari/laptop%20asus?promo=paymentFeePromo&sort=0&category=KO-1000005&intent=false&firstLoad=false&page=7&start=240","ASUS TUF GAMING F16 FX608JHR-I7N55J6G-HM [INTEL I7-14650HX/ 16GB/ 512GB/ RTX5050 8GB/ 16"" WUXGA IPS/ WIN11HOME/ OH+M365]","24.017.310","","","Kota Jakarta Pusat","VICMIC INDONESIA Flagship Store"
"1777226745-132","https://www.blibli.com/cari/laptop%20asus?promo=paymentFeePromo&sort=0&category=KO-1000005&intent=false&firstLoad=false&page=7&start=240","ASUS TUF Gaming A16 FA608UH R7N55J6G HM R7 260/16GB/512GB SSD/GeForce RTX 5050 8GB/16"" WUXGA/W11","26.529.000","","Terjual 2","Kota Medan","SOFTCOM Flagship Store"
"1777226745-133","https://www.blibli.com/cari/laptop%20asus?promo=paymentFeePromo&sort=0&category=KO-1000005&intent=false&firstLoad=false&page=7&start=240","Asus ROG Strix G16 G615LH-I7N55C6G-HM [Ultra 7-255HX|RTX 5050|RAM 16GB|SSD 512GB|Win11|OHS24+365]","28.499.000","","","Kota Jakarta Pusat","MEGACOM.ID Shop Flagship Store"
"1777226745-134","https://www.blibli.com/cari/laptop%20asus?promo=paymentFeePromo&sort=0&category=KO-1000005&intent=false&firstLoad=false&page=7&start=240","ASUS ROG ZEPHYRUS G16 GU605CM-I9N56OL6G-HM [INTEL ULTRA 9-285H/ 32GB/ 1TB/ RTX5060 8GB/ 16"" 2.5K OLED/ WIN11HOME /OH+M365]","41.789.005","","","Kota Jakarta Pusat","VICMIC INDONESIA Flagship Store"
"1777226745-135","https://www.blibli.com/cari/laptop%20asus?promo=paymentFeePromo&sort=0&category=KO-1000005&intent=false&firstLoad=false&page=7&start=240","ASUS PRO ART P16 H7606WM-OLEDS9311TM [AMD RYZEN AI 9-HX370/ 32GB/ 1TB/ RTX5060 8GB/ 16"" 3K OLED TOUCH/ WIN11HOME/ OH+M365]","45.768.010","","","Kota Jakarta Pusat","VICMIC INDONESIA Flagship Store"
"1777226745-136","https://www.blibli.com/cari/laptop%20asus?promo=paymentFeePromo&sort=0&category=KO-1000005&intent=false&firstLoad=false&page=7&start=240","ASUS TUF A14 FA608UP RTX5070 RYZEN 7 260 16GB 1TB W11+OHS 16.0 WUXGA 165HZ 100SRGB","27.299.000","","","Kota Jakarta Utara","AMD Flagship Store"
"1777226745-137","https://www.blibli.com/cari/laptop%20asus?promo=paymentFeePromo&sort=0&category=KO-1000005&intent=false&firstLoad=false&page=7&start=240","ASUS TUF GAMING A14 FA401UH-R7N55G6G-HM GRAY AMD RYZEN 7-260 32GB 512GB SSD RTX 5050 6GB GDDR6 WIN 11 HOME + OFFICE HOME 2024 + M 365 1 YEAR","24.463.000","","","Kota Surabaya","ExpoComp Flagship Store"
"1777226745-138","https://www.blibli.com/cari/laptop%20asus?promo=paymentFeePromo&sort=0&category=KO-1000005&intent=false&firstLoad=false&page=7&start=240","ASUS TUF GAMING F16 FX608JMR-I7N56J7G-HM GRAY INTEL CORE i7-14650HX 16GB 1TB RTX 5060 8GB WIN 11 HOME + OFFICE HOME 2024","25.453.000","","","Kota Surabaya","ExpoComp Flagship Store"
"1777226745-139","https://www.blibli.com/cari/laptop%20asus?promo=paymentFeePromo&sort=0&category=KO-1000005&intent=false&firstLoad=false&page=7&start=240","ASUS GAMING ROG STRIX G16 G615JHR-I7N55C6G-HM GRAY CORE i7-14650HX 16GB 512GB RTX 5050 8GB GDDR7 WIN 11 HOME + OFFICE HOME 2024","45.000.888","","","Kota Surabaya","ExpoComp Flagship Store"
"1777226745-140","https://www.blibli.com/cari/laptop%20asus?promo=paymentFeePromo&sort=0&category=KO-1000005&intent=false&firstLoad=false&page=7&start=240","Pre-order","43.799.000","","","Kota Jakarta Utara","Agres.id Flagship Store"
"1777226745-141","https://www.blibli.com/cari/laptop%20asus?promo=paymentFeePromo&sort=0&category=KO-1000005&intent=false&firstLoad=false&page=7&start=240","ASUS ROG Strix G16 G615LP Ultra 9 275HX RTX5070 1TB SSD 32GB 2.5K WQXGA 100%sRGB 240Hz 3ms Win11+OHS","36.999.000","","Terjual 1","Kota Jakarta Barat","Sinarmulia Flagship Store"
"1777226745-142","https://www.blibli.com/cari/laptop%20asus?promo=paymentFeePromo&sort=0&category=KO-1000005&intent=false&firstLoad=false&page=7&start=240","Asus TUF Gaming A15 FA506NCG Ryzen 7-7445HS 8GB 512GB RTX3050 4GB Win11+OH2024 + M365","13.325.000","","","Kota Bandung","Up To Shop Flagship Store"
"1777226745-143","https://www.blibli.com/cari/laptop%20asus?promo=paymentFeePromo&sort=0&category=KO-1000005&intent=false&firstLoad=false&page=7&start=240","ASUS TUF Gaming F16 FX607VJB Intel Core 5 210H RTX 3050 16GB 512GB 165Hz","17.362.000","","Terjual 1","Kota Jakarta Pusat","KlikGadget Flagship Store"
"1777226745-144","https://www.blibli.com/cari/laptop%20asus?promo=paymentFeePromo&sort=0&category=KO-1000005&intent=false&firstLoad=false&page=7&start=240","Asus ROG Strix - G G814JU-I745J8G-O Intel Core i7-13650HX GeForce RTX 4050 RAM 16GB DDR5-4800 SSD 512GB PCIe Windows Office","24.109.000","","Terjual 3","Kota Jakarta Selatan","Sentral Komputer Store Flagship Store"
"1777226745-145","https://www.blibli.com/cari/laptop%20asus?promo=paymentFeePromo&sort=0&category=KO-1000005&intent=false&firstLoad=false&page=7&start=240","Asus TUF A14 FA401UU-R745G7G-HM, Amd R7-8845HS/32GB/512GB/RTX4050 6GB/W11+OHS+M365(1Y)/2Y(1st Year Perfect)/JaegarGray/14” QHD 165Hz 100% SGRB + Mouse","24.225.750","","Terjual 4","Kota Medan","Dayamega Pratama Flagship Store"
"1777226745-146","https://www.blibli.com/cari/laptop%20asus?promo=paymentFeePromo&sort=0&category=KO-1000005&intent=false&firstLoad=false&page=7&start=240","Asus VivoBook Pro 15x K6501ZM-OLEDS751, Ci7-12650H/16GB/512GB/RTX3060 6GB/Black/W11HSL+OHS/15.6” 2.8K Oled, Backlit KB, FP","25.257.717","","","Kota Medan","Dayamega Pratama Flagship Store"
"1777226745-147","https://www.blibli.com/cari/laptop%20asus?promo=paymentFeePromo&sort=0&category=KO-1000005&intent=false&firstLoad=false&page=7&start=240","ASUS VIVOBOOK PRO 15 N6506CU-OLEDS9211M [INTEL ULTRA 9-285H/ 24GB/ 1TB/ RTX4050 6GB/ 15,6"" 3K OLED/ WIN11HOME/ OH+M365]","26.081.910","","","Kota Jakarta Pusat","VICMIC INDONESIA Flagship Store"
"1777226745-148","https://www.blibli.com/cari/laptop%20asus?promo=paymentFeePromo&sort=0&category=KO-1000005&intent=false&firstLoad=false&page=7&start=240","ASUS ROG G615LH I7N55C6G HM GeForce RTX 5050 8GB/Ultra 7 255HX/16GB/512GB/16"" 2.5K 240Hz/W11 Strix G16","27.460.000","","","Kota Jakarta Pusat","Best Price Computer Flagship Store"
"1777226745-149","https://www.blibli.com/cari/laptop%20asus?promo=paymentFeePromo&sort=0&category=KO-1000005&intent=false&firstLoad=false&page=7&start=240","Asus ROG Strix G16 G614V I7-13650HX/1GB-32GB/512GB-1TB/RTX4060-8GB/16 INCH FHD- QHD/ 165HZ- 240Hz WIN+OFFICE GARANSI RESMI -32GB 1TB QHD 240HZ","28.999.000","","","Kota Jakarta Pusat","DWI JAYA MAKMUR Flagship Store"
"1777226745-150","https://www.blibli.com/cari/laptop%20asus?promo=paymentFeePromo&sort=0&category=KO-1000005&intent=false&firstLoad=false&page=7&start=240","ASUS ROG STRIX SCAR 17 G733ZM I936H6T O [Intel-I9-12900H/16GB/1TB SSD/RTX3060 6GB/FHD/WIN11/OHS]","31.999.000","","","Kota Bandung & kota lainnya","LIBERTY COMPUTER Flagship Store"
"1777226745-151","https://www.blibli.com/cari/laptop%20asus?promo=paymentFeePromo&sort=0&category=KO-1000005&intent=false&firstLoad=false&page=7&start=240","ASUS ROG G615LR I9NT7C6G HM Ultra 9 275HX/32GB/2TB/GeForce RTX 5070 Ti 12GB/16"" 2.5K 240Hz/W11 Strix G16","48.969.000","","Terjual 3","Kota Medan","SOFTCOM Flagship Store"
"1777226745-152","https://www.blibli.com/cari/laptop%20asus?promo=paymentFeePromo&sort=0&category=KO-1000005&intent=false&firstLoad=false&page=7&start=240","ASUS VIVOBOOK PRO 15 OLED N6506CU OLEDS9211M ULTRA 9-285H 24GB 1TB RTX 4050 6GB WIN11+OH 2024","26.958.000","","","Kota Surabaya","ExpoComp Flagship Store"
"1777226745-153","https://www.blibli.com/cari/laptop%20asus?promo=paymentFeePromo&sort=0&category=KO-1000005&intent=false&firstLoad=false&page=7&start=240","ASUS TUF A14 FA401UH RTX5050 RYZEN 7 260 32GB 512GB W11+OHS 14.0WQXGA 165HZ 100RGB","25.099.000","5","Terjual 1","Kota Jakarta Utara","Agres.id Flagship Store"
"1777226745-154","https://www.blibli.com/cari/laptop%20asus?promo=paymentFeePromo&sort=0&category=KO-1000005&intent=false&firstLoad=false&page=7&start=240","ASUS TUF A14 FA608UP RTX5070 RYZEN 7 260 16GB 1TB W11+OHS 16.0 WUXGA 165HZ 100SRGB","27.299.000","","","Kota Jakarta Utara","Agres.id Flagship Store"
"1777226745-155","https://www.blibli.com/cari/laptop%20asus?promo=paymentFeePromo&sort=0&category=KO-1000005&intent=false&firstLoad=false&page=7&start=240","Asus ROG Zephyrus G14 GA403UU-R745OL6G-O, Amd R7-8845HS/16GB/1TB SSD/RTX4050 6GB/EclipseGray/W11+OHS/2Y(1st year VIP)/14” Nebula QHD 120Hz OLED + Mous","31.958.010","","","Kota Medan","Dayamega Pratama Flagship Store"
"1777226745-156","https://www.blibli.com/cari/laptop%20asus?promo=paymentFeePromo&sort=0&category=KO-1000005&intent=false&firstLoad=false&page=7&start=240","ASUS TUF Gaming F16 FX607VU-I545J6M-HM Core 5-210H 16GB 512GB PCIe RTX4050 6GB Win11+OHS2024+M365","18.800.000","","","Kota Bandung","Up To Shop Flagship Store"
"1777226745-157","https://www.blibli.com/cari/laptop%20asus?promo=paymentFeePromo&sort=0&category=KO-1000005&intent=false&firstLoad=false&page=7&start=240","ASUS TUF Gaming F16 FX608JMR i7-14650HX RTX5060 1TB SSD 16GB WUXGA FHD+ IPS 165Hz 100% sRGB Win11+OHS","25.699.000","5","Terjual 1","Kota Jakarta Barat","Sinarmulia Flagship Store"
"1777226745-158","https://www.blibli.com/cari/laptop%20asus?promo=paymentFeePromo&sort=0&category=KO-1000005&intent=false&firstLoad=false&page=7&start=240","ASUS Gaming V16 V3607VH Core 5 210H RTX5050 512GB SSD 16GB WUXGA 144Hz Win11+OHS","16.999.000","","","Kota Jakarta Barat","Sinarmulia Flagship Store"
"1777226745-159","https://www.blibli.com/cari/laptop%20asus?promo=paymentFeePromo&sort=0&category=KO-1000005&intent=false&firstLoad=false&page=7&start=240","Asus ROG Strix G16 G614PM-R9N56C6G-HM, Amd R9-8940HX/16GB/1TB M2/RTX5060 8GB/W11+OHS+M365(1Y)/2Y(1st year VIP)/EclipseGray/16” QHD Nebula 240HZ + Mou","30.928.041","","","Kota Medan","Dayamega Pratama Flagship Store"
"1777226745-160","https://www.blibli.com/cari/laptop%20asus?promo=paymentFeePromo&sort=0&category=KO-1000005&intent=false&firstLoad=false&page=7&start=240","ASUS ROG STRIX G16 G615LR ULTRA 9 275HX RTX5070TI 12GB RAM 32GB SSD 2TB W11+OHS 16"" QHD 240HZ 2YR","45.999.000","","Terjual 1","Kota Jakarta Utara","Agres.id Flagship Store"
"1777226763-161","https://www.blibli.com/cari/laptop%20asus?promo=paymentFeePromo&sort=0&category=KO-1000005&intent=false&firstLoad=false&page=6&start=200","Asus TUF F16 FX608JMR-I7N56J7G-HM i7-14650HX 16GB 1TB RTX5060 W11+OH2024+M365","25.500.000","","","Kota Bandung","Up To Date Computer Flagship Store"
"1777226763-162","https://www.blibli.com/cari/laptop%20asus?promo=paymentFeePromo&sort=0&category=KO-1000005&intent=false&firstLoad=false&page=6&start=200","Asus TUF F16 FX608JMR-I7N56J7G-HM i7-14650HX 16GB 1TB RTX5060 W11+OH2024+M365","25.500.000","","","Kota Bandung","Up To Shop Flagship Store"
"1777226763-163","https://www.blibli.com/cari/laptop%20asus?promo=paymentFeePromo&sort=0&category=KO-1000005&intent=false&firstLoad=false&page=6&start=200","ASUS ROG STRIX G16 G615JHR-I7N55C6G-HM [INTEL I7-14650HX/ 16GB/ 512GB/ RTX5050 8GB/ 16"" 2.5K IPS/ WIN11HOME/ OH+M365]","27.688.000","","","Kota Jakarta Pusat","VICMIC INDONESIA Flagship Store"
"1777226763-164","https://www.blibli.com/cari/laptop%20asus?promo=paymentFeePromo&sort=0&category=KO-1000005&intent=false&firstLoad=false&page=6&start=200","ASUS ROG ZEPHYRUS G16 OLED GU605CR ULTRA 9 285H RTX5070TI 12GB VRAM/ 32GB 2TB W11+OHS+M365B 16.0WQXGA 240HZ GARANSI RESMI","56.900.000","","","Kota Jakarta Pusat","DWI JAYA MAKMUR Flagship Store"
"1777226763-165","https://www.blibli.com/cari/laptop%20asus?promo=paymentFeePromo&sort=0&category=KO-1000005&intent=false&firstLoad=false&page=6&start=200","Asus VivoBook Pro 15 N6506CU-OLEDS9211M, Ultra 9-285H/24GB/1TB M.2/RTX4050 6GB/W11+OH24+M365(1Y)/EarlGrey/15.6"" 3K OLED","26.835.137","","Terjual 1","Kota Medan","Dayamega Pratama Flagship Store"
"1777226763-166","https://www.blibli.com/cari/laptop%20asus?promo=paymentFeePromo&sort=0&category=KO-1000005&intent=false&firstLoad=false&page=6&start=200","ASUS ROG Strix G16 G615LM Ultra 9 275HX RTX5060 1TB SSD 32GB 2.5K WQXGA 100%sRGB 240Hz 3ms Win11+OHS","37.499.000","","Terjual 1","Kota Jakarta Barat","Sinarmulia Flagship Store"
"1777226763-167","https://www.blibli.com/cari/laptop%20asus?promo=paymentFeePromo&sort=0&category=KO-1000005&intent=false&firstLoad=false&page=6&start=200","ASUS TUF GAMING A15 FA506NCG-R735B6T-HM [AMD R7-7445HS/ 16GB/ 512GB/ RTX3050 4GB/ 15,6"" FHD IPS/ WIN11HOME/ OH+M365]","15.032.460","","","Kota Jakarta Pusat","VICMIC INDONESIA Flagship Store"
"1777226763-168","https://www.blibli.com/cari/laptop%20asus?promo=paymentFeePromo&sort=0&category=KO-1000005&intent=false&firstLoad=false&page=6&start=200","Pre-order","36.499.000","","","Kota Jakarta Utara","Agres.id Flagship Store"
"1777226763-169","https://www.blibli.com/cari/laptop%20asus?promo=paymentFeePromo&sort=0&category=KO-1000005&intent=false&firstLoad=false&page=6&start=200","VivoBook Pro 16X N7600PC-OLED713/I7-11370H/16GB/1TB SSD/RTX 3050 4GB/16"" OLED/W11 Home + OHS 2021/Comet Grey","18.999.000","","","Kota Medan","KomputerMedan Flagship Store"
"1777226763-170","https://www.blibli.com/cari/laptop%20asus?promo=paymentFeePromo&sort=0&category=KO-1000005&intent=false&firstLoad=false&page=6&start=200","ASUS TUF Gaming F16 FX607VU Intel Core 5 RTX 4050 RAM 16GB 512GB SSD 16"" 165Hz Windows 11 PROMO","19.596.000","","","Kota Jakarta Pusat","KlikGadget Flagship Store"
"1777226763-171","https://www.blibli.com/cari/laptop%20asus?promo=paymentFeePromo&sort=0&category=KO-1000005&intent=false&firstLoad=false&page=6&start=200","Asus TUF Gaming F16 FX608JPR-I757G9G-HM Intel Core i7-14650HX 32GB SSD 1TB RTX5070 W11+OH2024+M365","28.950.000","","","Kota Bandung","Up To Date Computer Flagship Store"
"1777226763-172","https://www.blibli.com/cari/laptop%20asus?promo=paymentFeePromo&sort=0&category=KO-1000005&intent=false&firstLoad=false&page=6&start=200","ASUS ROG ZEPHYRUS G16 OLED GU605CR ULTRA 9 285H RTX5070TI 12GB/ 32GB 2TB W11+OHS+M365B 16.0WQXGA 240HZ (BOX MOU) GRY","54.479.000","","Terjual 1","Kota Jakarta Utara","Agres.id Flagship Store"
"1777226763-173","https://www.blibli.com/cari/laptop%20asus?promo=paymentFeePromo&sort=0&category=KO-1000005&intent=false&firstLoad=false&page=6&start=200","ASUS TUF Gaming A15 FA506NCG Ryzen 7 7445HS RTX3050 4GB/ 16GB 512GB W11+OHS+M365B 15.6FHD 144Hz IPS RGB","13.449.000","","","Kota Jakarta Utara","AMD Flagship Store"
"1777226763-174","https://www.blibli.com/cari/laptop%20asus?promo=paymentFeePromo&sort=0&category=KO-1000005&intent=false&firstLoad=false&page=6&start=200","Asus Gaming 16 V3607VH-I7N55B6T-HM Core 7-240H 16GB 512GB PCIe RTX5050 6GB Win11+OHS2024+M365","19.600.000","","","Kota Bandung","Up To Date Computer Flagship Store"
"1777226763-175","https://www.blibli.com/cari/laptop%20asus?promo=paymentFeePromo&sort=0&category=KO-1000005&intent=false&firstLoad=false&page=6&start=200","ASUS TUF FA608UM RYZEN 7 260 RTX5060 8GB/ 16GB 512GB W11+OHS+M365B 16.0 WUXGA IPS 165HZ 100SRGB GARANSI RESMI","23.399.000","","","Kota Jakarta Pusat","DWI JAYA MAKMUR Flagship Store"
"1777226763-176","https://www.blibli.com/cari/laptop%20asus?promo=paymentFeePromo&sort=0&category=KO-1000005&intent=false&firstLoad=false&page=6&start=200","ASUS TUF Gaming A16 FA608UM R7N56J6G HM Ryzen 7 260/16GB/512GB SSD/RTX5060 8GB/16"" WUXGA 165Hz/W11","24.025.000","","","Kota Jakarta Pusat","Best Price Computer Flagship Store"
"1777226763-177","https://www.blibli.com/cari/laptop%20asus?promo=paymentFeePromo&sort=0&category=KO-1000005&intent=false&firstLoad=false&page=6&start=200","ASUS TUF GAMING F16 FA608UP-R757J6G-HM [AMD R7-260/ 16GB/ 1TB/ RTX5070 8GB/ 16"" FHD+ IPS/ WIN11HOME/ OH+M365]","27.599.310","","","Kota Jakarta Pusat","VICMIC INDONESIA Flagship Store"
"1777226763-178","https://www.blibli.com/cari/laptop%20asus?promo=paymentFeePromo&sort=0&category=KO-1000005&intent=false&firstLoad=false&page=6&start=200","ASUS ROG STRIX G16 G614PM RYZEN 9 8940HX RTX5060 16GB 1TB 16.O WQXGA","28.785.000","","","Kota Jakarta Pusat","KlikGadget Flagship Store"
"1777226763-179","https://www.blibli.com/cari/laptop%20asus?promo=paymentFeePromo&sort=0&category=KO-1000005&intent=false&firstLoad=false&page=6&start=200","ASUS ROG G615LH I7N55C6G HM Ultra 7 255HX/16GB/512GB/GeForce RTX 5050 8GB/16"" 2.5K 240Hz/W11 Strix G16","29.610.000","","","Kota Medan","SOFTCOM Flagship Store"
"1777226763-180","https://www.blibli.com/cari/laptop%20asus?promo=paymentFeePromo&sort=0&category=KO-1000005&intent=false&firstLoad=false&page=6&start=200","ASUS ROG ZEPHYRUS G14 GA403UH-R9N55OL6G-HM [AMD 9-270/ 16+16GB/ 1TB/ RTX5050 8GB/ 14"" 3K OLED/ WIN11HOME/ OH24+M365]","33.569.310","","","Kota Jakarta Pusat","VICMIC INDONESIA Flagship Store"
"1777226763-181","https://www.blibli.com/cari/laptop%20asus?promo=paymentFeePromo&sort=0&category=KO-1000005&intent=false&firstLoad=false&page=6&start=200","Asus ROG G635LW I9N58MZT HM Ultra 9 275HX/32GB/2TB/GeForce RTX 5080 16GB/16"" 2.5K 240Hz/W11 Strix SCAR 16","79.690.000","","","Kota Jakarta Pusat","KlikGadget Flagship Store"
"1777226763-182","https://www.blibli.com/cari/laptop%20asus?promo=paymentFeePromo&sort=0&category=KO-1000005&intent=false&firstLoad=false&page=6&start=200","ASUS TUF A16 FA608PP RTX5070 AMD Ryzen 9 8940HX 16/1TB SSD W11 OHS M365B 16"" inch WQXGA 16Hz 100sRGB Grey","29.879.000","","","Kota Jakarta Utara","Agres.id Flagship Store"
"1777226763-183","https://www.blibli.com/cari/laptop%20asus?promo=paymentFeePromo&sort=0&category=KO-1000005&intent=false&firstLoad=false&page=6&start=200","Asus TUF Gaming F16 FX607VJ I535J6M HM/Intel Core 5 -210H/16GB/512GB/RTX3050 6GB/16″ WUXGA /Win 11 Home + OHM 2024 + M365-Mecha Grey","13.985.001","","Terjual 1","Kota Medan","Mikrotek Flagship Store"
"1777226763-184","https://www.blibli.com/cari/laptop%20asus?promo=paymentFeePromo&sort=0&category=KO-1000005&intent=false&firstLoad=false&page=6&start=200","Asus TUF F16 FX607VU I545J6M HM Core 5 210H/16GB/512GB/GeForce RTX 4050 6GB/16"" WUXGA /W11","22.449.000","","","Kota Medan","SOFTCOM Flagship Store"
"1777226763-185","https://www.blibli.com/cari/laptop%20asus?promo=paymentFeePromo&sort=0&category=KO-1000005&intent=false&firstLoad=false&page=6&start=200","Asus Gaming V16 V3607VH-I5N55B6T-HM, Core 5-210H/16GB/512GB/RTX5050 8GB/W11+OH24+M365(1Y)/2Y(1st year VIP)/MatteBlack/16"" WUXGA 144Hz","23.975.001","","Terjual 6","Kota Medan","Dayamega Pratama Flagship Store"
"1777226763-186","https://www.blibli.com/cari/laptop%20asus?promo=paymentFeePromo&sort=0&category=KO-1000005&intent=false&firstLoad=false&page=6&start=200","Asus Vivobook Pro 15 OLED N6506CU [Ultra 9-285H|RTX 4050|RAM 24GB|SSD 1TB|Win11|OHS24+365]","25.499.000","","Terjual 3","Kota Jakarta Pusat","MEGACOM.ID Shop Flagship Store"
"1777226763-187","https://www.blibli.com/cari/laptop%20asus?promo=paymentFeePromo&sort=0&category=KO-1000005&intent=false&firstLoad=false&page=6&start=200","Asus TUF Gaming F16 FX608JPR-I757G9G-HM [i7-14650HX|RTX 5070|RAM 32GB|SSD 1TB|Win11|OHS24+365]","29.999.000","","","Kota Jakarta Pusat","MEGACOM.ID Shop Flagship Store"
"1777226763-188","https://www.blibli.com/cari/laptop%20asus?promo=paymentFeePromo&sort=0&category=KO-1000005&intent=false&firstLoad=false&page=6&start=200","ASUS ROG FLOW Z13 GZ301 I9 13900 16GB 1TB RTX 4050 TOUCH SCREEN GARANSI RESMI","39.990.000","","","Kota Jakarta Pusat","DWI JAYA MAKMUR Flagship Store"
"1777226763-189","https://www.blibli.com/cari/laptop%20asus?promo=paymentFeePromo&sort=0&category=KO-1000005&intent=false&firstLoad=false&page=6&start=200","ASUS ROG ZEPHYRUS G16 OLED GU605CM ULTRA 9 285H RTX5060 8GB/ 32GB 1TB W11+OHS+M365B 16.0WQXGA 240HZ GARANSI RESMI","43.800.000","","","Kota Jakarta Pusat","DWI JAYA MAKMUR Flagship Store"
"1777226763-190","https://www.blibli.com/cari/laptop%20asus?promo=paymentFeePromo&sort=0&category=KO-1000005&intent=false&firstLoad=false&page=6&start=200","ASUS TUF FA506 NCG RYZEN 7 7445H RTX3050- RAM 8GB SSD 512GB SSD W11+OFFICE 15.6"" FHD GARANSI RESMI","13.699.000","","","Kota Jakarta Pusat","DWI JAYA MAKMUR Flagship Store"
"1777226763-191","https://www.blibli.com/cari/laptop%20asus?promo=paymentFeePromo&sort=0&category=KO-1000005&intent=false&firstLoad=false&page=6&start=200","Asus TUF FX607VU-I545J6M-HM, Core 5-210H/16GB/512GB/RTX4050 6GB/W11+OH24+M365(1Y)/MechaGray/2Y(1Y Perfect)/16"" FHD+ 165HZ 100SRGB","19.071.909","","","Kota Medan","Dayamega Pratama Flagship Store"
"1777226763-192","https://www.blibli.com/cari/laptop%20asus?promo=paymentFeePromo&sort=0&category=KO-1000005&intent=false&firstLoad=false&page=6&start=200","Asus TUF F16 FX608JMR-I7N56J7G-HM, Ci7-14650HX/16GB/1TB M2/RTX5060 8GB/W11+OH24+M365(1Y)/2Y(1st Year Perfect)/JaegarGray/16"" WUXGA 165Hz 100SRGB + Mou","27.971.001","","","Kota Medan","Dayamega Pratama Flagship Store"
"1777226763-193","https://www.blibli.com/cari/laptop%20asus?promo=paymentFeePromo&sort=0&category=KO-1000005&intent=false&firstLoad=false&page=6&start=200","ASUS TUF GAMING F16 FX607VU-I545J6M-HM GRAY INTEL CORE 5-210H 16GB 512GB RTX 4050 6GB GDDR6 WIN 11 HOME + OFFICE HOME 2024","17.976.000","","","Kota Surabaya","ExpoComp Flagship Store"
"1777226763-194","https://www.blibli.com/cari/laptop%20asus?promo=paymentFeePromo&sort=0&category=KO-1000005&intent=false&firstLoad=false&page=6&start=200","ASUS GAMING V16 V3607VH-I7N55B6T-HM BLACK INTEL CORE 7-240H 16GB 512GB RTX 5050 8GB GDDR7 WIN 11 HOME + OFFICE HOME 2024","19.149.000","","","Kota Surabaya","ExpoComp Flagship Store"
"1777226763-195","https://www.blibli.com/cari/laptop%20asus?promo=paymentFeePromo&sort=0&category=KO-1000005&intent=false&firstLoad=false&page=6&start=200","ASUS GAMING V16 V3607VM-I7N56B6T-HM BLACK INTEL CORE 7-240H 16GB 512GB RTX 5060 8GB GDDR7 WIN 11 HOME + OFFICE HOME 2024","21.728.000","","","Kota Surabaya","ExpoComp Flagship Store"
"1777226763-196","https://www.blibli.com/cari/laptop%20asus?promo=paymentFeePromo&sort=0&category=KO-1000005&intent=false&firstLoad=false&page=6&start=200","ASUS TUF A14 FA401UH RTX5050 RYZEN 7 260 32GB 512GB W11+OHS 14.0WQXGA 165HZ 100RGB","25.099.000","","","Kota Jakarta Utara","AMD Flagship Store"
"1777226763-197","https://www.blibli.com/cari/laptop%20asus?promo=paymentFeePromo&sort=0&category=KO-1000005&intent=false&firstLoad=false&page=6&start=200","ASUS TUF A16 FA608PP RTX5070 RYZEN 9 8940HX 16GB 1TB W11+OHS 16.0 WQXGA 16HZ 100SRGB","29.879.000","","Terjual 1","Kota Jakarta Utara","Agres.id Flagship Store"
"1777226763-198","https://www.blibli.com/cari/laptop%20asus?promo=paymentFeePromo&sort=0&category=KO-1000005&intent=false&firstLoad=false&page=6&start=200","Asus TUF Gaming F16 FX607VJB I535J6M HM Core 5 -210H 16GB 512GB RTX 3050 6GB Win 11 Home + OHM 2024 + M365","15.900.000","","","Kota Bandung","Up To Date Computer Flagship Store"
"1777226763-199","https://www.blibli.com/cari/laptop%20asus?promo=paymentFeePromo&sort=0&category=KO-1000005&intent=false&firstLoad=false&page=6&start=200","Exclusive ASUS Gaming V16 V3607VH-I5N55B6T-HM - Matte Black [Intel Core 5 210H / NVIDIA RTX 5050 / 16GB / 512GB / 16inch / WIN11 / OHS24 / M365]","19.396.000","","","Kota Jakarta Pusat","KlikGadget Flagship Store"
"1777226763-200","https://www.blibli.com/cari/laptop%20asus?promo=paymentFeePromo&sort=0&category=KO-1000005&intent=false&firstLoad=false&page=6&start=200","ASUS ROG STRIX G16 G615LW-I9N58C6G-HM [INTEL ULTRA 9-275HX/ 16+16GB/ 2TB/ RTX5080 16GB/ 16"" 2.5K IPS/ WIN11HOME/ OHS+M365]","69.649.005","","","Kota Jakarta Pusat","VICMIC INDONESIA Flagship Store"
"1777226781-201","https://www.blibli.com/cari/laptop%20asus?promo=paymentFeePromo&sort=0&category=KO-1000005&intent=false&firstLoad=false&page=5&start=160","VivoBook K3500PC-OLED755/i7-11370H/16GB/512GB/RTX3050 4GB DDR6/15.6/WIN11+OHS21/ Silver","15.650.000","","","Kota Medan","KomputerMedan Flagship Store"
"1777226781-202","https://www.blibli.com/cari/laptop%20asus?promo=paymentFeePromo&sort=0&category=KO-1000005&intent=false&firstLoad=false&page=5&start=160","ASUS GAMING V16 V3607VM-I7N56B6T-HM [INTEL CORE 7-240H/ 16GB/ 512GB/ RTX5060 8GB/ 16"" WUXGA/ WIN11HOME/ OH+M365]","23.758.610","","","Kota Jakarta Pusat","VICMIC INDONESIA Flagship Store"
"1777226781-203","https://www.blibli.com/cari/laptop%20asus?promo=paymentFeePromo&sort=0&category=KO-1000005&intent=false&firstLoad=false&page=5&start=160","Asus TUF F16 FX608JPR-I757G9G-HM, Ci7-14650HX/2x16GB/1TB M2/RTX5070 8GB/W11+OHS+M365(1Y)/2Y(1st Year Perfect)/JaegarGray/16"" WQXGA 165Hz 100SRGB + Mou","29.897.073","5","Terjual 1","Kota Medan","Dayamega Pratama Flagship Store"
"1777226781-204","https://www.blibli.com/cari/laptop%20asus?promo=paymentFeePromo&sort=0&category=KO-1000005&intent=false&firstLoad=false&page=5&start=160","Asus ROG GU605CR I9NT7OL6G HM Ultra 9 285H/32GB/2TB/GeForce RTX 5070 Ti 12GB/16"" 2.5K 240Hz/W11 Zephyrus G16","57.149.000","","","Kota Medan","SOFTCOM Flagship Store"
"1777226781-205","https://www.blibli.com/cari/laptop%20asus?promo=paymentFeePromo&sort=0&category=KO-1000005&intent=false&firstLoad=false&page=5&start=160","Asus TUF Gaming A15 FA506NCG Ryzen 7-7445HS 8GB 512GB RTX3050 4GB Win11+OH2024 + M365","14.400.000","","","Kota Bandung","Up To Date Computer Flagship Store"
"1777226781-206","https://www.blibli.com/cari/laptop%20asus?promo=paymentFeePromo&sort=0&category=KO-1000005&intent=false&firstLoad=false&page=5&start=160","Asus TUF Gaming A16 FA607NUG-R745J6M-HM AMD Ryzen 7 7445HS / RTX 4050 / 16GB / 512GB / 16″ 165Hz","18.695.000","","","Kota Jakarta Pusat","KlikGadget Flagship Store"
"1777226781-207","https://www.blibli.com/cari/laptop%20asus?promo=paymentFeePromo&sort=0&category=KO-1000005&intent=false&firstLoad=false&page=5&start=160","Asus Gaming 16 V3607VH-I7N55B6T-HM Core 7-240H 16GB 512GB PCIe RTX5050 6GB Win11+OHS2024+M365","19.600.000","","","Kota Bandung","Up To Shop Flagship Store"
"1777226781-208","https://www.blibli.com/cari/laptop%20asus?promo=paymentFeePromo&sort=0&category=KO-1000005&intent=false&firstLoad=false&page=5&start=160","ASUS ROG Strix G16 G615LH Ultra 7 255HX RTX5050 512GB SSD 16GB 2.5K WQXGA 100%sRGB 240Hz 3ms Win11+OHS","29.999.000","","","Kota Jakarta Barat","Sinarmulia Flagship Store"
"1777226781-209","https://www.blibli.com/cari/laptop%20asus?promo=paymentFeePromo&sort=0&category=KO-1000005&intent=false&firstLoad=false&page=5&start=160","ASUS Gaming V16 (V3607V) - V3607VM-I7N56B6T-HM Intel Core 7 Processor 240H 16GB 512GB RTX 5060 8GB Windows 11OHS 2024","20.478.501","","","Kota Medan","Mikrotek Flagship Store"
"1777226781-210","https://www.blibli.com/cari/laptop%20asus?promo=paymentFeePromo&sort=0&category=KO-1000005&intent=false&firstLoad=false&page=5&start=160","Asus Gaming V16 V3607VH-I5N55B6T-HM Intel Core 5 210H 16GB SSD 512GB 16″ RTX5050 W11+OH2024+M365","16.582.401","","","Kota Medan","Mikrotek Flagship Store"
"1777226781-211","https://www.blibli.com/cari/laptop%20asus?promo=paymentFeePromo&sort=0&category=KO-1000005&intent=false&firstLoad=false&page=5&start=160","ASUS TUF Gaming F16 (FX608) - FX608JHR-I7N55J6G-HM Intel Core i7-14650HX/16GB/512GB SSD/RTX5050 8GB/16″ FHD+ WUXGA /Win 11 Home + OHM 2024 + M365-Jaeg","22.976.001","","","Kota Medan","Mikrotek Flagship Store"
"1777226781-212","https://www.blibli.com/cari/laptop%20asus?promo=paymentFeePromo&sort=0&category=KO-1000005&intent=false&firstLoad=false&page=5&start=160","ASUS GAMING V16 V3607VH GeForce RTX 5050 - CORE 7 240H RAM 16GB 512GB SSD WUXGA 144HZ","22.499.000","","Terjual 1","Kota Jakarta Utara","Agres.id Flagship Store"
"1777226781-213","https://www.blibli.com/cari/laptop%20asus?promo=paymentFeePromo&sort=0&category=KO-1000005&intent=false&firstLoad=false&page=5&start=160","Asus Tuf F16 FX608JHR-I7N55J6G-HM Core i7 14650HX 16GB 512GB 16"" W11+OH2024+M365 RTX5050","23.300.000","","","Kota Bandung","Up To Shop Flagship Store"
"1777226781-214","https://www.blibli.com/cari/laptop%20asus?promo=paymentFeePromo&sort=0&category=KO-1000005&intent=false&firstLoad=false&page=5&start=160","ASUS ROG ZEPHYRUS G16 GU605CR ULTRA 9 285H RTX5070TI 12GB RAM 32GB SSD 2TB W11+OHS+M365B 16"" WUXGA 165HZ (BOX MOU) 2YR","54.479.000","","Terjual 1","Kota Jakarta Utara","Agres.id Flagship Store"
"1777226781-215","https://www.blibli.com/cari/laptop%20asus?promo=paymentFeePromo&sort=0&category=KO-1000005&intent=false&firstLoad=false&page=5&start=160","ASUS GAMING FX517ZC INTEL CORE i5-12450 8GB 512GB RTX3050 W11+OFFICE 15.6 144HZ- RESMI- NEW- SEGEL","14.900.000","","","Kota Jakarta Pusat","DWI JAYA MAKMUR Flagship Store"
"1777226781-216","https://www.blibli.com/cari/laptop%20asus?promo=paymentFeePromo&sort=0&category=KO-1000005&intent=false&firstLoad=false&page=5&start=160","ASUS TUF Gaming F15 FX507ZV4-I746K6G-O GeForce RTX™ 4060 - i7-12700H","18.999.000","","","Kota Medan","KomputerMedan Flagship Store"
"1777226781-217","https://www.blibli.com/cari/laptop%20asus?promo=paymentFeePromo&sort=0&category=KO-1000005&intent=false&firstLoad=false&page=5&start=160","ASUS ROG STRIX G16 G615LH-I7N55C6G-HM [INTEL ULTRA 7-255H/ 16GB /512GB/ RTX5050 8GB/ 16"" 2.5K IPS/ WIN11HOME /OH+M365]","28.474.910","","","Kota Jakarta Pusat","VICMIC INDONESIA Flagship Store"
"1777226781-218","https://www.blibli.com/cari/laptop%20asus?promo=paymentFeePromo&sort=0&category=KO-1000005&intent=false&firstLoad=false&page=5&start=160","Asus ROG Strix G16 G614FR-R9NT7C6G-HM [Ryzen 9-9955HX3D/32GB/1TB/RTX5070Ti 12GB/16″ 2.5K/Win 11 Home + OH2024 + M365]","49.749.005","","","Kota Jakarta Pusat","VICMIC INDONESIA Flagship Store"
"1777226781-219","https://www.blibli.com/cari/laptop%20asus?promo=paymentFeePromo&sort=0&category=KO-1000005&intent=false&firstLoad=false&page=5&start=160","Asus TUF A15 FA506NCG-R735B1T-HM, Amd R7-7445HS/8GB/512GB/RTX3050 4GB/W11+OH24+M365(1Y)/2Y(1st Year Perfect)/GraphiteBlack/15.6"" FHD 144Hz","13.401.585","","Terjual 7","Kota Medan","Dayamega Pratama Flagship Store"
"1777226781-220","https://www.blibli.com/cari/laptop%20asus?promo=paymentFeePromo&sort=0&category=KO-1000005&intent=false&firstLoad=false&page=5&start=160","Asus TUF Gaming A15 FA506NF-R525B6T-OM AMD Ryzen 5 7535HS RTX 2050 8GB DDR5-5600 SSd 512GB Windows office","13.800.000","","Terjual 4","Kota Jakarta Selatan","Sentral Komputer Store Flagship Store"
"1777226781-221","https://www.blibli.com/cari/laptop%20asus?promo=paymentFeePromo&sort=0&category=KO-1000005&intent=false&firstLoad=false&page=5&start=160","ASUS ROG G614PH R9N55C6G HM R9 8940HX/16GB/512GB/GeForce RTX 5050 8GB/16"" 2.5K/W11 Strix G16","28.569.000","","Terjual 1","Kota Medan","SOFTCOM Flagship Store"
"1777226781-222","https://www.blibli.com/cari/laptop%20asus?promo=paymentFeePromo&sort=0&category=KO-1000005&intent=false&firstLoad=false&page=5&start=160","ASUS ROG STRIX-SCAR G15 G533ZM-I736D7T-O i7-12700H 16GB 512GB RTX3060","35.550.000","","Terjual 2","Kota Bandung & kota lainnya","LIBERTY COMPUTER Flagship Store"
"1777226781-223","https://www.blibli.com/cari/laptop%20asus?promo=paymentFeePromo&sort=0&category=KO-1000005&intent=false&firstLoad=false&page=5&start=160","Asus TUF A16 FA608UH-R7N55J6G-HM, Amd R7 260/16GB/512GB/RTX5050 V8GB/W11+OH24+M365(1Y)/2Y (2Y PERFECT)/JaegarGray/16” WUXGA 165HZ","25.973.001","","","Kota Medan","Dayamega Pratama Flagship Store"
"1777226781-224","https://www.blibli.com/cari/laptop%20asus?promo=paymentFeePromo&sort=0&category=KO-1000005&intent=false&firstLoad=false&page=5&start=160","ASUS ROG Strix G16 G615JHR i7-14650HX RTX5050 512GB SSD 16GB 2.5K WQXGA 100%sRGB 240Hz 3ms Win11+OHS","28.999.000","","","Kota Jakarta Barat","Sinarmulia Flagship Store"
"1777226781-225","https://www.blibli.com/cari/laptop%20asus?promo=paymentFeePromo&sort=0&category=KO-1000005&intent=false&firstLoad=false&page=5&start=160","ASUS TUF GAMING F16 FX608JPR-I757G9G-HM [INTEL I7-14650HX/ 16+16GB/ 1TB/ RTX5070 8GB/ 16"" WQXGA IPS/ WIN11HOME/ OH+M365]","30.813.160","","","Kota Jakarta Pusat","VICMIC INDONESIA Flagship Store"
"1777226781-226","https://www.blibli.com/cari/laptop%20asus?promo=paymentFeePromo&sort=0&category=KO-1000005&intent=false&firstLoad=false&page=5&start=160","ASUS ROG G615LM I9N56C6G HM Ultra 9 275HX/32GB/1TB/ GeForce RTX 5060 8GB/16"" 2.5K 240Hz/W11 Strix G16","37.749.000","","Terjual 1","Kota Medan","SOFTCOM Flagship Store"
"1777226781-227","https://www.blibli.com/cari/laptop%20asus?promo=paymentFeePromo&sort=0&category=KO-1000005&intent=false&firstLoad=false&page=5&start=160","ASUS TUF GAMING A15 FA506NCG-R735B6T-HM AMD R7-7445HS | RAM 16GB SSD 512GB | RTX 3050 | 15.6"" FHD | WIN11+OHS'24 | M365 Basic","14.349.000","","","Kota Jakarta Pusat","MACRO OneStop Flagship Store"
"1777226781-228","https://www.blibli.com/cari/laptop%20asus?promo=paymentFeePromo&sort=0&category=KO-1000005&intent=false&firstLoad=false&page=5&start=160","ASUS ROG ZEPHYRUS G14 OLED GA403UH RYZEN 9 270 RTX5050 8GB/ 32GB 1TB 14.0WQXGA 120HZ","33.199.000","","","Kota Jakarta Utara","Agres.id Flagship Store"
"1777226781-229","https://www.blibli.com/cari/laptop%20asus?promo=paymentFeePromo&sort=0&category=KO-1000005&intent=false&firstLoad=false&page=5&start=160","Pre-order","43.799.000","","","Kota Jakarta Utara","AMD Flagship Store"
"1777226781-230","https://www.blibli.com/cari/laptop%20asus?promo=paymentFeePromo&sort=0&category=KO-1000005&intent=false&firstLoad=false&page=5&start=160","Pre-order","44.999.000","","","Kota Medan","KomputerMedan Flagship Store"
"1777226781-231","https://www.blibli.com/cari/laptop%20asus?promo=paymentFeePromo&sort=0&category=KO-1000005&intent=false&firstLoad=false&page=5&start=160","ASUS ROG STRIX G16 G615LW-I9N58C6R-HM [INTEL ULTRA 9-275HX/ 16+16GB/ 2TB/ RTX5080 16GB/ 16"" WQXGA IPS/ WIN11HOME/ OH+M365]","69.649.005","","","Kota Jakarta Pusat","VICMIC INDONESIA Flagship Store"
"1777226781-232","https://www.blibli.com/cari/laptop%20asus?promo=paymentFeePromo&sort=0&category=KO-1000005&intent=false&firstLoad=false&page=5&start=160","ASUS GAMING V16 V3607VU CORE I5 210H RTX4050 6GB/ 16GB 512GB 16.0WUXGA 144HZ BLACK","16.849.000","3,6","Terjual 5","Kota Jakarta Utara","Agres.id Flagship Store"
"1777226781-233","https://www.blibli.com/cari/laptop%20asus?promo=paymentFeePromo&sort=0&category=KO-1000005&intent=false&firstLoad=false&page=5&start=160","ASUS TUF Gaming F16 FX607VU-I545J6M-HM Core 5-210H 16GB 512GB PCIe RTX4050 6GB Win11+OHS2024+M365","18.800.000","","","Kota Bandung","Up To Date Computer Flagship Store"
"1777226781-234","https://www.blibli.com/cari/laptop%20asus?promo=paymentFeePromo&sort=0&category=KO-1000005&intent=false&firstLoad=false&page=5&start=160","ASUS Gaming V16 V3607VM Core 7 240H RTX5060 512GB SSD 16GB WUXGA 144Hz Win11+OHS","20.599.000","","Terjual 1","Kota Jakarta Barat","Sinarmulia Flagship Store"
"1777226781-235","https://www.blibli.com/cari/laptop%20asus?promo=paymentFeePromo&sort=0&category=KO-1000005&intent=false&firstLoad=false&page=5&start=160","ASUS TUF Gaming A16 FA608UH R7N55J6G HM R7 260 16GB 512GB GeForce RTX 5050 8GB 16"" 2.5K/W11","21.599.000","","","Kota Bandung","Up To Shop Flagship Store"
"1777226781-236","https://www.blibli.com/cari/laptop%20asus?promo=paymentFeePromo&sort=0&category=KO-1000005&intent=false&firstLoad=false&page=5&start=160","Asus TUF F16 FX608JMR-I7N56J7G-HM i7-14650HX 16GB 1TB RTX5060 W11+OH2024+M365","25.500.000","","","Kota Bandung","Up To Date Computer Flagship Store"
"1777226781-237","https://www.blibli.com/cari/laptop%20asus?promo=paymentFeePromo&sort=0&category=KO-1000005&intent=false&firstLoad=false&page=5&start=160","Asus TUF F16 FX608JMR-I7N56J7G-HM i7-14650HX 16GB 1TB RTX5060 W11+OH2024+M365","25.500.000","","","Kota Bandung","Up To Shop Flagship Store"
"1777226781-238","https://www.blibli.com/cari/laptop%20asus?promo=paymentFeePromo&sort=0&category=KO-1000005&intent=false&firstLoad=false&page=5&start=160","ASUS ROG STRIX G16 G615JHR-I7N55C6G-HM [INTEL I7-14650HX/ 16GB/ 512GB/ RTX5050 8GB/ 16"" 2.5K IPS/ WIN11HOME/ OH+M365]","27.688.000","","","Kota Jakarta Pusat","VICMIC INDONESIA Flagship Store"
"1777226781-239","https://www.blibli.com/cari/laptop%20asus?promo=paymentFeePromo&sort=0&category=KO-1000005&intent=false&firstLoad=false&page=5&start=160","ASUS ROG ZEPHYRUS G16 OLED GU605CR ULTRA 9 285H RTX5070TI 12GB VRAM/ 32GB 2TB W11+OHS+M365B 16.0WQXGA 240HZ GARANSI RESMI","56.900.000","","","Kota Jakarta Pusat","DWI JAYA MAKMUR Flagship Store"
"1777226781-240","https://www.blibli.com/cari/laptop%20asus?promo=paymentFeePromo&sort=0&category=KO-1000005&intent=false&firstLoad=false&page=5&start=160","ASUS GAMING V16 V3607VH-I5N55B6T-HM [INTEL CORE 5-210H/ 16GB/ 512GB/ RTX5050 8GB/ 16"" WUXGA/ WIN11HOME/ OH+M365]","19.599.510","","","Kota Jakarta Pusat","VICMIC INDONESIA Flagship Store"
"1777226798-241","https://www.blibli.com/cari/laptop%20asus?promo=paymentFeePromo&sort=0&category=KO-1000005&intent=false&firstLoad=false&page=4&start=120","ASUS V16 V3607VH I7N55B6T HM Core 7 240H/16GB/512GB SSD/RTX5050 8GB/16"" WUXGA/W11","20.397.500","","Terjual 1","Kota Jakarta Pusat","Best Price Computer Flagship Store"
"1777226798-242","https://www.blibli.com/cari/laptop%20asus?promo=paymentFeePromo&sort=0&category=KO-1000005&intent=false&firstLoad=false&page=4&start=120","ASUS TUF F16 FX607VJB I535J6M HM Core 5 210H/16GB/512GB SSD/GeForce RTX 3050 6GB/16"" WUXGA /W11","21.663.285","","Terjual 1","Kota Medan","SOFTCOM Flagship Store"
"1777226798-243","https://www.blibli.com/cari/laptop%20asus?promo=paymentFeePromo&sort=0&category=KO-1000005&intent=false&firstLoad=false&page=4&start=120","ASUS ROG ZEPHYRUS GU603HE I7 11800 16GB SSD 512GB RTX3050TI W10 OHS RESMI ORI SEGEL BARU","25.890.000","","","Kota Jakarta Pusat","DWI JAYA MAKMUR Flagship Store"
"1777226798-244","https://www.blibli.com/cari/laptop%20asus?promo=paymentFeePromo&sort=0&category=KO-1000005&intent=false&firstLoad=false&page=4&start=120","ASUS ROG FLOW GZ301ZC-I735A6T-O/I7-12700H/2X 8GB/512GB SSD/RTX3050 4GB/13.4 FHD 120HZ/WIN 11/OHS/2Y+1Y VIP PERFECT/BAG/OFF BLACK/PEN","27.499.000","","","Kota Medan","KomputerMedan Flagship Store"
"1777226798-245","https://www.blibli.com/cari/laptop%20asus?promo=paymentFeePromo&sort=0&category=KO-1000005&intent=false&firstLoad=false&page=4&start=120","Asus TUF Gaming F16 FX608JPR-I757G9G-HM/Intel Core i7-14650HX/32GB/1TB SSD/RTX5070 8GB/16″ 2.5K /Win 11 Home + OHM 2024 + M365-Jaeger Grey","28.970.001","","","Kota Medan","Mikrotek Flagship Store"
"1777226798-246","https://www.blibli.com/cari/laptop%20asus?promo=paymentFeePromo&sort=0&category=KO-1000005&intent=false&firstLoad=false&page=4&start=120","ASUS ROG FLOW GZ301ZE-I9R5E6T-O I9-12900H RTX3050Ti_V4G 8Gx2 1TB W11 4K60hz","34.999.000","","","Kota Bandung & kota lainnya","LIBERTY COMPUTER Flagship Store"
"1777226798-247","https://www.blibli.com/cari/laptop%20asus?promo=paymentFeePromo&sort=0&category=KO-1000005&intent=false&firstLoad=false&page=4&start=120","Asus ROG Strix G16 G615JHR-I7N55C6G-HM [i7-14650HX|RTX 5050|RAM 16GB|SSD 512GB|Win11|OHS24+365]","27.232.000","","","Kota Jakarta Pusat","KlikGadget Flagship Store"
"1777226798-248","https://www.blibli.com/cari/laptop%20asus?promo=paymentFeePromo&sort=0&category=KO-1000005&intent=false&firstLoad=false&page=4&start=120","Asus ROG Strix G16 G615LH-I7N55C6G-HM [Ultra 7-255HX|RTX 5050|RAM 16GB|SSD 512GB|Win11|OHS24+365]","28.184.000","","","Kota Jakarta Pusat","KlikGadget Flagship Store"
"1777226798-249","https://www.blibli.com/cari/laptop%20asus?promo=paymentFeePromo&sort=0&category=KO-1000005&intent=false&firstLoad=false&page=4&start=120","ASUS ROG Strix G16 (G615) - G615LH-I7N55C6G-HM Intel Core Ultra 7 RTX 5050 RAM 16GB 512GB 16 2.5K 240Hz","28.184.000","","","Kota Jakarta Pusat","KlikGadget Flagship Store"
"1777226798-250","https://www.blibli.com/cari/laptop%20asus?promo=paymentFeePromo&sort=0&category=KO-1000005&intent=false&firstLoad=false&page=4&start=120","ASUS TUF Gaming A14 FA401KM R7N56G6G HM Ryzen AI 7 350/32GB/1TB SSD/GeForce RTX 5060 8GB/14"" 2.5K/W11","30.610.000","","Terjual 1","Kota Medan","SOFTCOM Flagship Store"
"1777226798-251","https://www.blibli.com/cari/laptop%20asus?promo=paymentFeePromo&sort=0&category=KO-1000005&intent=false&firstLoad=false&page=4&start=120","ASUS ROG 14 GA403UH-R9N55OL6G-HM AMD Ryzen 9 270/RTX5050_V8G/32G/1T/Nebula OLED-WQXGA+ 120Hz/WIN11/2Y Global(1st Y VIP)/BAG+MS+PDADA/EclipseGray/OH24","36.000.000","","","Kota Bandung","Mediatouch Computer Flagship Store"
"1777226798-252","https://www.blibli.com/cari/laptop%20asus?promo=paymentFeePromo&sort=0&category=KO-1000005&intent=false&firstLoad=false&page=4&start=120","ASUS ROG GU605CM I9N56OL6G HM Ultra 9 285H/32GB/1TB/GeForce RTX 5060 8GB/16"" 2.5K 240Hz/W11 Zephyrus G16","42.849.000","","","Kota Medan","SOFTCOM Flagship Store"
"1777226798-253","https://www.blibli.com/cari/laptop%20asus?promo=paymentFeePromo&sort=0&category=KO-1000005&intent=false&firstLoad=false&page=4&start=120","Asus ROG Strix Scar 17 SE G733CX-I98RC6T-O /Core i9-12950HX/32GB/2TB SSD/RTX3080Ti 16GB/17.3″","46.999.000","","","Kota Bandung","LIBERTY COMPUTER Flagship Store"
"1777226798-254","https://www.blibli.com/cari/laptop%20asus?promo=paymentFeePromo&sort=0&category=KO-1000005&intent=false&firstLoad=false&page=4&start=120","ASUS V16 V3607VJ I535B1T HM Core 5 210H/8GB/512GB SSD/GeForce RTX 3050 6GB/16"" WUXGA/W11","13.779.000","","Terjual 3","Kota Medan","SOFTCOM Flagship Store"
"1777226798-255","https://www.blibli.com/cari/laptop%20asus?promo=paymentFeePromo&sort=0&category=KO-1000005&intent=false&firstLoad=false&page=4&start=120","ASUS TUF Gaming A15 FA506NCG Ryzen 7-7445HS RTX3050 SSD 512GB 15.6"" FHD 144Hz W11 OHS","13.953.450","","","Kota Jakarta Timur","Sentral Komputer Store Flagship Store"
"1777226798-256","https://www.blibli.com/cari/laptop%20asus?promo=paymentFeePromo&sort=0&category=KO-1000005&intent=false&firstLoad=false&page=4&start=120","Asus V16 V3607VU I545B7T HM Core 5 210H/16GB/512GB SSD/RTX4050/16"" WUXGA/W11","16.450.000","","Terjual 1","Kota Jakarta Pusat","Best Price Computer Flagship Store"
"1777226798-257","https://www.blibli.com/cari/laptop%20asus?promo=paymentFeePromo&sort=0&category=KO-1000005&intent=false&firstLoad=false&page=4&start=120","ASUS ROG Zephyrus G14 GA403WM Ryzen AI 9 HX370 RTX5060 1TB SSD 32GB 3K OLED 100%sRGB 120Hz Win11+OHS","39.999.000","5","Terjual 2","Kota Jakarta Barat","Sinarmulia Flagship Store"
"1777226798-258","https://www.blibli.com/cari/laptop%20asus?promo=paymentFeePromo&sort=0&category=KO-1000005&intent=false&firstLoad=false&page=4&start=120","Asus TUF Gaming A15 FA506NCG-R735B1T-HM AMD Ryzen 7-7445HS RTX 3050 8GB 512GB 15.6"" FHD 144Hz W11","15.885.000","","","Kota Jakarta Pusat","KlikGadget Flagship Store"
"1777226798-259","https://www.blibli.com/cari/laptop%20asus?promo=paymentFeePromo&sort=0&category=KO-1000005&intent=false&firstLoad=false&page=4&start=120","ASUS TUF GAMING F16 FX607VU-I545J6M-HM [INTEL CORE 5-210H/ 16GB/ 512GB/ RTX4050 6GB/ 16"" WUXGA IPS/ WIN11HOME/ OH+M365]","19.808.460","","","Kota Jakarta Pusat","VICMIC INDONESIA Flagship Store"
"1777226798-260","https://www.blibli.com/cari/laptop%20asus?promo=paymentFeePromo&sort=0&category=KO-1000005&intent=false&firstLoad=false&page=4&start=120","Asus TUF Gaming F16 FX608JMR-I7N56J7G-HM/Intel Core i7-14650HX/16GB/1TB SSD/RTX5060 8GB/16″ FHD+ WUXGA /Win 11 Home + OHM 2024 + M365-Jaeger Grey","24.474.501","","","Kota Medan","Mikrotek Flagship Store"
"1777226798-261","https://www.blibli.com/cari/laptop%20asus?promo=paymentFeePromo&sort=0&category=KO-1000005&intent=false&firstLoad=false&page=4&start=120","Asus ROG Strix G16 G615JHR-I7N55C6G-HM [i7-14650HX|RTX 5050|RAM 16GB|SSD 512GB|Win11|OHS24+365]","27.419.000","","","Kota Jakarta Pusat","MEGACOM.ID Shop Flagship Store"
"1777226798-262","https://www.blibli.com/cari/laptop%20asus?promo=paymentFeePromo&sort=0&category=KO-1000005&intent=false&firstLoad=false&page=4&start=120","ASUS TUF F16 FX608JPR I757G9G HM i7 14650HX/16GB/1TB SSD/GeForce RTX 5070 8GB/16"" 2.5K/W11","31.629.000","","","Kota Medan","SOFTCOM Flagship Store"
"1777226798-263","https://www.blibli.com/cari/laptop%20asus?promo=paymentFeePromo&sort=0&category=KO-1000005&intent=false&firstLoad=false&page=4&start=120","Asus V16 V3607VH I7N55B6T HM/Intel Core 7-240H/16GB/512GB SSD/RTX5050 8GB/16″ WUXGA/Win 11 Home + OHM 2024 + M365","18.180.801","","Terjual 2","Kota Medan","Mikrotek Flagship Store"
"1777226798-264","https://www.blibli.com/cari/laptop%20asus?promo=paymentFeePromo&sort=0&category=KO-1000005&intent=false&firstLoad=false&page=4&start=120","ASUS ROG GX703HS I9 11900 32GB 2TB SSD RTX3080 16GB 17.3QHD IPS 300HZ RESMI FREE","77.000.000","","","Kota Jakarta Pusat","DWI JAYA MAKMUR Flagship Store"
"1777226798-265","https://www.blibli.com/cari/laptop%20asus?promo=paymentFeePromo&sort=0&category=KO-1000005&intent=false&firstLoad=false&page=4&start=120","ASUS TUF GAMING F16 FX607VJB-I535J6M-HM [INTEL CORE 5-210H/ 8+8GB/ 512GB/ RTX3050 6GB/ 16"" WUXGA IPS/ WIN11HOME/ OH+M365]","17.529.910","","","Kota Jakarta Pusat","VICMIC INDONESIA Flagship Store"
"1777226798-266","https://www.blibli.com/cari/laptop%20asus?promo=paymentFeePromo&sort=0&category=KO-1000005&intent=false&firstLoad=false&page=4&start=120","Asus ROG Strix G16 G615LM-I9N56C6G-HM [Intel Ultra 9-275HX|RTX 5060|RAM 32GB|SSD 1TB|Win11|OHS24+365]","35.199.000","","","Kota Jakarta Pusat","MEGACOM.ID Shop Flagship Store"
"1777226798-267","https://www.blibli.com/cari/laptop%20asus?promo=paymentFeePromo&sort=0&category=KO-1000005&intent=false&firstLoad=false&page=4&start=120","ASUS ROG ZEPHYRUS G16 GA605KH-R7N55OL6G-HM [AMD RYZEN AI 7-350/32GB/1TB/RTX5050 8GB/16""/ WQXGA OLED/WIN11HOME]","36.814.005","","","Kota Jakarta Pusat","VICMIC INDONESIA Flagship Store"
"1777226798-268","https://www.blibli.com/cari/laptop%20asus?promo=paymentFeePromo&sort=0&category=KO-1000005&intent=false&firstLoad=false&page=4&start=120","Asus ROG Zephyrus G16 GU605CM-I9N56OL6G-HM [ULTRA 9-285H|RTX 5060|RAM 32GB|SSD 1TB|Win11|OHS24+365]","40.499.000","","Terjual 1","Kota Jakarta Pusat","MEGACOM.ID Shop Flagship Store"
"1777226798-269","https://www.blibli.com/cari/laptop%20asus?promo=paymentFeePromo&sort=0&category=KO-1000005&intent=false&firstLoad=false&page=4&start=120","ASUS ROG G615JHR I7N55C6G HM i7 14650HX/RTX5050 8GB/16GB/512GB/16"" 2.5K 240Hz/W11 Strix G16","27.312.000","","","Kota Jakarta Pusat","Best Price Computer Flagship Store"
"1777226798-270","https://www.blibli.com/cari/laptop%20asus?promo=paymentFeePromo&sort=0&category=KO-1000005&intent=false&firstLoad=false&page=4&start=120","ASUS ROG G615JHR I7N55C6G HM i7 14650HX/16GB/512GB/GeForce RTX 5050 8GB/16"" 2.5K 240Hz/W11 Strix G16","29.589.000","","Terjual 1","Kota Medan","SOFTCOM Flagship Store"
"1777226798-271","https://www.blibli.com/cari/laptop%20asus?promo=paymentFeePromo&sort=0&category=KO-1000005&intent=false&firstLoad=false&page=4&start=120","ASUS ROG G615LW I9N58C6G I9N58C6R HM Ultra 9 275HX/32GB/2TB/GeForce RTX 5080 16GB/16"" 2.5K 240Hz/W11 Strix G16","71.410.000","","Terjual 1","Kota Medan","SOFTCOM Flagship Store"
"1777226798-272","https://www.blibli.com/cari/laptop%20asus?promo=paymentFeePromo&sort=0&category=KO-1000005&intent=false&firstLoad=false&page=4&start=120","Asus ROG G635LW I9N58MZT HM Ultra 9 275HX/32GB/2TB/GeForce RTX 5080 16GB/16"" 2.5K 240Hz/W11 Strix SCAR 16","86.719.000","","","Kota Medan","SOFTCOM Flagship Store"
"1777226798-273","https://www.blibli.com/cari/laptop%20asus?promo=paymentFeePromo&sort=0&category=KO-1000005&intent=false&firstLoad=false&page=4&start=120","Asus ROG G635LX I9N59MZT HM Ultra 9 275HX/64GB/2TB/GeForce RTX 5090 24GB/16"" 2.5K 240Hz/W11 Strix SCAR 16","97.929.000","","","Kota Medan","SOFTCOM Flagship Store"
"1777226798-274","https://www.blibli.com/cari/laptop%20asus?promo=paymentFeePromo&sort=0&category=KO-1000005&intent=false&firstLoad=false&page=4&start=120","ASUS TUF GAMING F16 FX607VU-I545J6M-HM Intel Core 5 210H RTX 4060 16"" FHD+ 165Hz 16GB 512GB WINDOWS 11 HOME + OHM2024 + M365","19.596.000","","","Kota Jakarta Pusat","KlikGadget Flagship Store"
"1777226798-275","https://www.blibli.com/cari/laptop%20asus?promo=paymentFeePromo&sort=0&category=KO-1000005&intent=false&firstLoad=false&page=4&start=120","Asus TUF Gaming F16 FX607VJB I535J6M HM Core 5 -210H 16GB 512GB RTX 3050 6GB Win 11 Home + OHM 2024 + M365","15.900.000","","","Kota Bandung","Up To Shop Flagship Store"
"1777226798-276","https://www.blibli.com/cari/laptop%20asus?promo=paymentFeePromo&sort=0&category=KO-1000005&intent=false&firstLoad=false&page=4&start=120","ASUS ROG Strix G533ZW I97RC6T-O [Intel-I9-12900H/32GB/1TB SSD/RTX3070TI 8GB/WIN11/OHS]","43.999.000","","Terjual 1","Kota Bandung & kota lainnya","LIBERTY COMPUTER Flagship Store"
"1777226798-277","https://www.blibli.com/cari/laptop%20asus?promo=paymentFeePromo&sort=0&category=KO-1000005&intent=false&firstLoad=false&page=4&start=120","ASUS ROG ZEPHYRUS G16 OLED GU605CP ULTRA 9 285H RTX5070 8GB/ 32GB 2TB W11+OHS+M365B 16.0WQXGA 240HZ GARANSI RESMI","45.990.000","","","Kota Jakarta Pusat","DWI JAYA MAKMUR Flagship Store"
"1777226798-278","https://www.blibli.com/cari/laptop%20asus?promo=paymentFeePromo&sort=0&category=KO-1000005&intent=false&firstLoad=false&page=4&start=120","Asus ROG Strix SCAR 18 G835LW Intel Core Ultra 9 RTX 5080 32GB 2TB SSD 240Hz","81.494.000","","","Kota Jakarta Pusat","KlikGadget Flagship Store"
"1777226798-279","https://www.blibli.com/cari/laptop%20asus?promo=paymentFeePromo&sort=0&category=KO-1000005&intent=false&firstLoad=false&page=4&start=120","Asus ROG G835LW I9N58MZT HM Ultra 9 275HX/32GB/2TB/GeForce RTX 5080 16GB/18"" 2.5K 240Hz/W11 Strix SCAR 18","86.729.000","","","Kota Medan","SOFTCOM Flagship Store"
"1777226798-280","https://www.blibli.com/cari/laptop%20asus?promo=paymentFeePromo&sort=0&category=KO-1000005&intent=false&firstLoad=false&page=4&start=120","Asus Creator N7400PC i5-11300H-RTX 3050-8GB-512GB SSD-Win11+OHS","12.954.000","","Terjual 9","Kota Bekasi & kota lainnya","Sentral Komputer Store Flagship Store"
"1777226816-281","https://www.blibli.com/cari/laptop%20asus?promo=paymentFeePromo&sort=0&category=KO-1000005&intent=false&firstLoad=false&page=3&start=80","ASUS V16 V3607VU I745B7T HM Core 7 240H/16GB/512GB SSD/GeForce RTX 4050 6GB/16"" WUXGA/W11","16.329.000","5","Terjual 12","Kota Medan","SOFTCOM Flagship Store"
"1777226816-282","https://www.blibli.com/cari/laptop%20asus?promo=paymentFeePromo&sort=0&category=KO-1000005&intent=false&firstLoad=false&page=3&start=80","ASUS M7600QE-OLED913 R9-5900HX/16GB/1TB/RTX3050TI 4GB/16.0/FP/BLK/WIN11+OHS2019/BLACK","19.499.000","5","Terjual 11","Kota Tangerang Selatan","IT Galeri #1 Flagship Store"
"1777226816-283","https://www.blibli.com/cari/laptop%20asus?promo=paymentFeePromo&sort=0&category=KO-1000005&intent=false&firstLoad=false&page=3&start=80","ASUS TUF Gaming A15 FA506NCG R735B6T HM R7 7445HS/16GB/512GB SSD/GeForce RTX 3050 4GB/15.6"" FHD/W11","17.349.000","5","Terjual 8","Kota Medan","SOFTCOM Flagship Store"
"1777226816-284","https://www.blibli.com/cari/laptop%20asus?promo=paymentFeePromo&sort=0&category=KO-1000005&intent=false&firstLoad=false&page=3&start=80","ASUS Gaming V16 Core 5 210H 16GB 512 SSD RTX4050 16 W11 OH 24 + 365 V3607VU-I545B7T-HM","15.483.501","5","Terjual 7","Kota Medan","Mikrotek Flagship Store"
"1777226816-285","https://www.blibli.com/cari/laptop%20asus?promo=paymentFeePromo&sort=0&category=KO-1000005&intent=false&firstLoad=false&page=3&start=80","Asus TUF Gaming A16 FA607NUG-R745J6M-HM/Ryzen 7-7445HS/16GB/512GB SSD/RTX 4050 6GB/16″ FHD+ WUXGA/Win 11 Home + OHM 2024 + M365-Mecha Gray","16.982.001","5","Terjual 6","Kota Medan","Mikrotek Flagship Store"
"1777226816-286","https://www.blibli.com/cari/laptop%20asus?promo=paymentFeePromo&sort=0&category=KO-1000005&intent=false&firstLoad=false&page=3&start=80","Asus ROG Strix G16 G614PR-R9NT7C6G-HM [AMD R9-8940HX|RTX 5070Ti|RAM 16GB|SSD 1TB|Win11|OHS24+365]","42.999.000","5","Terjual 5","Kota Jakarta Pusat","MEGACOM.ID Shop Flagship Store"
"1777226816-287","https://www.blibli.com/cari/laptop%20asus?promo=paymentFeePromo&sort=0&category=KO-1000005&intent=false&firstLoad=false&page=3&start=80","Asus ROG Zephyrus G14 GA403UH-R9N55OL6G-HM [AMD Ryzen 9 270|RTX 5050|RAM 32GB|SSD 1TB|Win11|OHS24+365]","33.999.000","5","Terjual 4","Kota Jakarta Pusat","MEGACOM.ID Shop Flagship Store"
"1777226816-288","https://www.blibli.com/cari/laptop%20asus?promo=paymentFeePromo&sort=0&category=KO-1000005&intent=false&firstLoad=false&page=3&start=80","ASUS Gaming V16 V3607VU RTX4050 Intel Core i7 240H 16G/512GB SSD W11 OHS M365B 16"" WUXGA 144Hz Black","18.399.000","5","Terjual 5","Kota Jakarta Utara","Agres.id Flagship Store"
"1777226816-289","https://www.blibli.com/cari/laptop%20asus?promo=paymentFeePromo&sort=0&category=KO-1000005&intent=false&firstLoad=false&page=3&start=80","ASUS ROG STRIX G16 G614J I7 14650HX 16GB 512GB RTX 5050 8GB VRAM W11+OFFICE 16""FHD 165HZ GARANSI RESMI ----1TB","25.500.000","","","Kota Jakarta Pusat","DWI JAYA MAKMUR Flagship Store"
"1777226816-290","https://www.blibli.com/cari/laptop%20asus?promo=paymentFeePromo&sort=0&category=KO-1000005&intent=false&firstLoad=false&page=3&start=80","Asus Gaming V16 V3607VM-I7N56B6T-HM Core 7-240H/16GB/512GB/RTX5060 8GB/W11+OHS+M365(1Y)/2Y(1st year VIP)/MatteBlack/16"" WUXGA 144Hz","26.972.001","5","Terjual 4","Kota Medan","Dayamega Pratama Flagship Store"
"1777226816-291","https://www.blibli.com/cari/laptop%20asus?promo=paymentFeePromo&sort=0&category=KO-1000005&intent=false&firstLoad=false&page=3&start=80","ASUS ROG STRIX G16 G615 I7 14650HX RTX5050 8GB/ 16GB 512GB W11+OFFICE LIFETIME 16.0 ROG NEBULA WQXGA 240HZ","28.990.000","","","Kota Jakarta Pusat","DWI JAYA MAKMUR Flagship Store"
"1777226816-292","https://www.blibli.com/cari/laptop%20asus?promo=paymentFeePromo&sort=0&category=KO-1000005&intent=false&firstLoad=false&page=3&start=80","ASUS GAMING V16 V3607 CORE I7 240H 10CORES 2.5GHZ TURBO TO 5 2GHZ - RTX5050 8GB/ 16GB 512GB W11+OHS+M365 16.0WUXGA 144HZ BLK GARANSI RESMI","17.999.000","","","Kota Jakarta Pusat","DWI JAYA MAKMUR Flagship Store"
"1777226816-293","https://www.blibli.com/cari/laptop%20asus?promo=paymentFeePromo&sort=0&category=KO-1000005&intent=false&firstLoad=false&page=3&start=80","ASUS ROG Zephyrus G14 GA403UH Ryzen AI 9 270 RTX5050 1TB SSD 32GB 3K OLED 100%sRGB 120Hz Win11+OHS","34.699.000","5","Terjual 3","Kota Jakarta Barat","Sinarmulia Flagship Store"
"1777226816-294","https://www.blibli.com/cari/laptop%20asus?promo=paymentFeePromo&sort=0&category=KO-1000005&intent=false&firstLoad=false&page=3&start=80","ASUS V3607VM-I7N56B6T-HM Intel Core 7 240H/RTX5060_V8G/16G/512G/144Hz 16:10/WIN11/2Y Global(1st Y Perfect)/BAG/MatteBlack/OH2024+M365(1Y)","20.960.000","","","Kota Bandung","Mediatouch Computer Flagship Store"
"1777226816-295","https://www.blibli.com/cari/laptop%20asus?promo=paymentFeePromo&sort=0&category=KO-1000005&intent=false&firstLoad=false&page=3&start=80","ASUS TUF GAMING FX507 I7 13620H 16GB 512GB SSD RTX4060 6GB 15.6 FHD W11+OFFICE- GARANSI 2TAHUN RESMI ORI BARU","20.499.000","","","Kota Jakarta Pusat","DWI JAYA MAKMUR Flagship Store"
"1777226816-296","https://www.blibli.com/cari/laptop%20asus?promo=paymentFeePromo&sort=0&category=KO-1000005&intent=false&firstLoad=false&page=3&start=80","ASUS ROG G532LWS I9 10980HK 32GB 2TB SSD RTX2070 8GB 15.6 FHD IPS 300HZ RESMI FREE","56.500.000","","","Kota Jakarta Pusat","DWI JAYA MAKMUR Flagship Store"
"1777226816-297","https://www.blibli.com/cari/laptop%20asus?promo=paymentFeePromo&sort=0&category=KO-1000005&intent=false&firstLoad=false&page=3&start=80","Asus TUF F15 FX506HC-I535B6T-O11 (Intel Core i5-11400/RAM 8GB/SSD 512GB/RTX3050)","12.259.900","","Terjual 1","Kota Cirebon","Ans Comp Flagship Store"
"1777226816-298","https://www.blibli.com/cari/laptop%20asus?promo=paymentFeePromo&sort=0&category=KO-1000005&intent=false&firstLoad=false&page=3&start=80","Asus G614JIR-I947C6G-O i9-14900HX/RTX4070_V8G/TGP-140W/32G/1T/Nebula-QHD240Hz/WIN11/2Y Global(1st Y VIP)/BAG+MS/Gray/OHS","33.938.000","","","Kota Bandung","Mediatouch Computer Flagship Store"
"1777226816-299","https://www.blibli.com/cari/laptop%20asus?promo=paymentFeePromo&sort=0&category=KO-1000005&intent=false&firstLoad=false&page=3&start=80","ASUS GAMING FX607VU-I545J6M-HM Intel Core 5 210H/RTX4050_V6G/16G/512G/165Hz-100%sRGB/WIN11/2Y Global(1st Y Perfect)/BAG+MS/MechaGray/OH24+M365(1Y)","17.886.500","","","Kota Bandung","Mediatouch Computer Flagship Store"
"1777226816-300","https://www.blibli.com/cari/laptop%20asus?promo=paymentFeePromo&sort=0&category=KO-1000005&intent=false&firstLoad=false&page=3&start=80","ASUS TUF GAMING F16 FX608JMR RTX5060 I7 14650HX 16GB 1TB W11+OHS 16.0 WUXGA 165HZ 100SRGB","25.699.000","5","Terjual 3","Kota Jakarta Utara","Agres.id Flagship Store"
"1777226816-301","https://www.blibli.com/cari/laptop%20asus?promo=paymentFeePromo&sort=0&category=KO-1000005&intent=false&firstLoad=false&page=3&start=80","Asus TUF F15 FX507VV-I745K6M-O, Ci7-13620H/16GB/512GB/RTX4060 8GB/W11+OHS/2Y(1 st Year Perfect)/MechaGray/15.6” FHD 144Hz + Mouse","22.680.297","","Terjual 3","Kota Medan","Dayamega Pratama Flagship Store"
"1777226816-302","https://www.blibli.com/cari/laptop%20asus?promo=paymentFeePromo&sort=0&category=KO-1000005&intent=false&firstLoad=false&page=3&start=80","Asus Gaming V16 V3607VM-I7N56B6T-HM [Intel Core 7-240H|RTX 5060|RAM 16GB|SSD 512GB|Win11|OHS24+365]","24.999.000","","Terjual 3","Kota Jakarta Pusat","MEGACOM.ID Shop Flagship Store"
"1777226816-303","https://www.blibli.com/cari/laptop%20asus?promo=paymentFeePromo&sort=0&category=KO-1000005&intent=false&firstLoad=false&page=3&start=80","MSI RAIDER 18HX ULTRA 9 285HX RAM 64GB SSD 4TB RTX 5080 16GB 18INCH GARANSI RESMI","81.800.000","","","Kota Jakarta Pusat","DWI JAYA MAKMUR Flagship Store"
"1777226816-304","https://www.blibli.com/cari/laptop%20asus?promo=paymentFeePromo&sort=0&category=KO-1000005&intent=false&firstLoad=false&page=3&start=80","ASUS TUF GAMING F15 FX507ZR-I737D6G-O i7-12700H 16GB 1TB RTX3070 8GB","25.999.000","","Terjual 1","Kota Bandung & kota lainnya","LIBERTY COMPUTER Flagship Store"
"1777226816-305","https://www.blibli.com/cari/laptop%20asus?promo=paymentFeePromo&sort=0&category=KO-1000005&intent=false&firstLoad=false&page=3&start=80","Asus TUF F16 FX607VU I545J6M HM Core 5 210H/16GB/512GB/RTX4050 6GB/16"" WUXGA /W11","17.710.000","","","Kota Jakarta Pusat","Best Price Computer Flagship Store"
"1777226816-306","https://www.blibli.com/cari/laptop%20asus?promo=paymentFeePromo&sort=0&category=KO-1000005&intent=false&firstLoad=false&page=3&start=80","Asus TUF Gaming A16 FA608PP-R9N57G6G-HM [R9-8940HX|RTX 5070|RAM 16GB|SSD 1TB|Win11|OHS24+365]","29.999.000","","Terjual 4","Kota Jakarta Pusat","MEGACOM.ID Shop Flagship Store"
"1777226816-307","https://www.blibli.com/cari/laptop%20asus?promo=paymentFeePromo&sort=0&category=KO-1000005&intent=false&firstLoad=false&page=3&start=80","Asus ProArt P16 H7606WM-OLEDS9312TM [AMD Ryzen AI 9 HX 370|TouchScreen|RTX 5060|RAM 32GB|SSD 1TB|Win11|OHS24+365]","41.999.000","","Terjual 1","Kota Jakarta Pusat","MEGACOM.ID Shop Flagship Store"
"1777226816-308","https://www.blibli.com/cari/laptop%20asus?promo=paymentFeePromo&sort=0&category=KO-1000005&intent=false&firstLoad=false&page=3&start=80","Asus V16 V3607VJ I535B1T HM/Intel Core 5-210H/8GB/512GB SSD/RTX3050 6GB/16″ WUXGA/Win 11 Home + OHM 2024 + M365","13.485.501","","Terjual 1","Kota Medan","Mikrotek Flagship Store"
"1777226816-309","https://www.blibli.com/cari/laptop%20asus?promo=paymentFeePromo&sort=0&category=KO-1000005&intent=false&firstLoad=false&page=3&start=80","ASUS V16 V3607VM I7N56B6T HM Core 7 240H/16GB/512GB SSD/GeForce RTX 5060 8GB/16"" WUXGA/W11","20.410.000","","Terjual 4","Kota Medan","SOFTCOM Flagship Store"
"1777226816-310","https://www.blibli.com/cari/laptop%20asus?promo=paymentFeePromo&sort=0&category=KO-1000005&intent=false&firstLoad=false&page=3&start=80","ASUS TUF GAMING FX607 I7 13260H 16GB 512GB RTX4050 6GB VRAM 16 INCH WUXGA 165HZ W11+OFFICE GARANSI RESMI","20.999.000","","Terjual 1","Kota Jakarta Pusat","DWI JAYA MAKMUR Flagship Store"
"1777226816-311","https://www.blibli.com/cari/laptop%20asus?promo=paymentFeePromo&sort=0&category=KO-1000005&intent=false&firstLoad=false&page=3&start=80","ASUS ROG STRIX G16 G615J I7 14650HX RTX5050 8GB/ 16GB 512GB W11+OFFICE 16.0 ROG NEBULA WQXGA 240HZ GARANSI RESMI","27.990.000","","","Kota Jakarta Pusat","DWI JAYA MAKMUR Flagship Store"
"1777226816-312","https://www.blibli.com/cari/laptop%20asus?promo=paymentFeePromo&sort=0&category=KO-1000005&intent=false&firstLoad=false&page=3&start=80","Asus Gaming V16 V3607VJ-I535B1T-HM [Intel Core 5-210H|RTX 3050|RAM 8GB|SSD 512GB|Win11|OHS24+365]","15.599.000","","Terjual 1","Kota Jakarta Pusat","MEGACOM.ID Shop Flagship Store"
"1777226816-313","https://www.blibli.com/cari/laptop%20asus?promo=paymentFeePromo&sort=0&category=KO-1000005&intent=false&firstLoad=false&page=3&start=80","Asus Gaming V16 V3607VH-I5N55B6T-HM [Core 5-210H|RTX 5050|RAM 16GB|SSD 512GB|Win11|OHS24+365]","18.999.000","","Terjual 3","Kota Jakarta Pusat","MEGACOM.ID Shop Flagship Store"
"1777226816-314","https://www.blibli.com/cari/laptop%20asus?promo=paymentFeePromo&sort=0&category=KO-1000005&intent=false&firstLoad=false&page=3&start=80","ASUS ROG STRIX G16 G615LH ULTRA 7 255HX RTX5050 8GB/ 16GB 512GB W11+OHS+M365B 16.0 ROG NEBULA WQXGA 240HZ GARANSI RESMI","37.000.000","","","Kota Jakarta Pusat","DWI JAYA MAKMUR Flagship Store"
"1777226816-315","https://www.blibli.com/cari/laptop%20asus?promo=paymentFeePromo&sort=0&category=KO-1000005&intent=false&firstLoad=false&page=3&start=80","ASUS ROG FLOW Z13 GZ301ZE-I9R5A6T-O i9-12900H 16GB 1TB RTX3050Ti 120Hz","32.999.000","","","Kota Bandung & kota lainnya","LIBERTY COMPUTER Flagship Store"
"1777226816-316","https://www.blibli.com/cari/laptop%20asus?promo=paymentFeePromo&sort=0&category=KO-1000005&intent=false&firstLoad=false&page=3&start=80","ASUS TUF 15 FA506NCG RYZEN 7 7445HS RTX3050 4GB/ 8GB 512GB W11+OHS+M365B 15.6FHD 144HZ IPS RGB","13.649.000","5","Terjual 3","Kota Jakarta Utara","Agres.id Flagship Store"
"1777226816-317","https://www.blibli.com/cari/laptop%20asus?promo=paymentFeePromo&sort=0&category=KO-1000005&intent=false&firstLoad=false&page=3&start=80","ASUS TUF Dash F15 FX517ZC-I535B6T-O Core i5-12450H 8GB 512GB RTX3050","12.999.000","","","Kota Medan","KomputerMedan Flagship Store"
"1777226816-318","https://www.blibli.com/cari/laptop%20asus?promo=paymentFeePromo&sort=0&category=KO-1000005&intent=false&firstLoad=false&page=3&start=80","ASUS TUF Gaming A15 FA506NCG Ryzen 7 7445HS RTX3050 512GB SSD 8GB 144Hz Win11+OHS","13.579.000","","Terjual 6","Kota Jakarta Barat","Sinarmulia Flagship Store"
"1777226816-319","https://www.blibli.com/cari/laptop%20asus?promo=paymentFeePromo&sort=0&category=KO-1000005&intent=false&firstLoad=false&page=3&start=80","ASUS V3607VH-I7N55B6T-HM Intel Core 7 240H/RTX5050_V8G/16G/512G/144Hz 16:10/WIN11/2Y Global(1st Y Perfect)/BAG/MatteBlack/OH2024+M365(1Y)","19.353.000","","","Kota Bandung","Mediatouch Computer Flagship Store"
"1777226816-320","https://www.blibli.com/cari/laptop%20asus?promo=paymentFeePromo&sort=0&category=KO-1000005&intent=false&firstLoad=false&page=3&start=80","Asus ROG Strix G16 G614JU-I545J6G-HM/Core i5-13540HX/16GB/512GB SSD/RTX4050 6GB/16″ FHD+ IPS 165Hz/Win 11 Home+OHS 2021/Eclipse Gray","25.000.000","","Terjual 2","Kota Bandung & kota lainnya","LIBERTY COMPUTER Flagship Store"
"1777226832-321","https://www.blibli.com/cari/laptop%20asus?promo=paymentFeePromo&sort=0&category=KO-1000005&intent=false&firstLoad=false&page=2&start=40","ASUS FX506LH-I765B8T-O11 COREi7-10870/8/512/15.6/GTX1650 4G/OHS/WIN11","14.469.100","","","Kota Surabaya","Top Laptop Flagship Store"
"1777226832-322","https://www.blibli.com/cari/laptop%20asus?promo=paymentFeePromo&sort=0&category=KO-1000005&intent=false&firstLoad=false&page=2&start=40","ASUS FX506LHB-I565B6T-O11 COREi5-10300/8/512/15.6/GTX1650 4G/OHS/W11","11.447.600","","","Kota Surabaya","Top Laptop Flagship Store"
"1777226832-323","https://www.blibli.com/cari/laptop%20asus?promo=paymentFeePromo&sort=0&category=KO-1000005&intent=false&firstLoad=false&page=2&start=40","ASUS FX506LH-I565B6T-O11 COREi5-10300/8/512/15.6""/GTX1650 4G/OHS/WIN11","11.448.000","","","Kota Surabaya","Top Laptop Flagship Store"
"1777226832-324","https://www.blibli.com/cari/laptop%20asus?promo=paymentFeePromo&sort=0&category=KO-1000005&intent=false&firstLoad=false&page=2&start=40","ASUS K3400PH-OLED555 CORE i5-11300/8/512/14""OLED/GTX1650 4G/OHS/WIN11","12.271.350","","","Kota Surabaya","Top Laptop Flagship Store"
"1777226832-325","https://www.blibli.com/cari/laptop%20asus?promo=paymentFeePromo&sort=0&category=KO-1000005&intent=false&firstLoad=false&page=2&start=40","ASUS FX506HC-I535B6T-O11CORE i5-11400/8GB/512SSD/15.6""/RTX3050/OHS/W11","13.100.000","","","Kota Surabaya","Top Laptop Flagship Store"
"1777226832-326","https://www.blibli.com/cari/laptop%20asus?promo=paymentFeePromo&sort=0&category=KO-1000005&intent=false&firstLoad=false&page=2&start=40","ASUS FX506LH INTEL CORE I5/8GB/512GB/VGA NVIDIA GTX1650/15,6""FHD 144HZ","13.250.000","","","Kota Surabaya","Top Laptop Flagship Store"
"1777226832-327","https://www.blibli.com/cari/laptop%20asus?promo=paymentFeePromo&sort=0&category=KO-1000005&intent=false&firstLoad=false&page=2&start=40","Asus ROG G533ZM-I936D6T-O Gaming Laptop [Intel Core i9-12900H/1TB SSD/16GB/RTX3060 6GB/15.6 Inch FHD IPS 300Hz/WIN 11 + OHS 2021]","45.000.000","","","Kota Bandung & kota lainnya","LIBERTY COMPUTER Flagship Store"
"1777226832-328","https://www.blibli.com/cari/laptop%20asus?promo=paymentFeePromo&sort=0&category=KO-1000005&intent=false&firstLoad=false&page=2&start=40","ASUS TUF Gaming F16 FX607VU-I545J6M-HM 90NR0N06-M001P0 CORE 5-210H/16GB/512GB/RTX4050 6GB/WIN11+OHS2024+M365/MECHA GREY","18.499.000","","","Kab. Tangerang","IT Galeri Flagship Store"
"1777226832-329","https://www.blibli.com/cari/laptop%20asus?promo=paymentFeePromo&sort=0&category=KO-1000005&intent=false&firstLoad=false&page=2&start=40","ASUS Gaming V16 V3607VU-I545B7T-HM - Intel Core 5-210H/16GB/512GB/RTX4050 6GB/16.0/WIN11+OHS2024+M365/NATTE BLACK","17.999.000","","","Kab. Tangerang","IT Galeri Flagship Store"
"1777226832-330","https://www.blibli.com/cari/laptop%20asus?promo=paymentFeePromo&sort=0&category=KO-1000005&intent=false&firstLoad=false&page=2&start=40","ASUS ROG Strix G16 G614PM-R9N56C6G-HM 90NR0KW7-M001U0 - AMD Ryzen 9-8940HX/RTX5060 8GB/16GB/1TB/QHD/WIN11+OHS 2024+M365/ECLIPSE GRAY","29.999.000","","","Kab. Tangerang","IT Galeri Flagship Store"
"1777226832-331","https://www.blibli.com/cari/laptop%20asus?promo=paymentFeePromo&sort=0&category=KO-1000005&intent=false&firstLoad=false&page=2&start=40","ASUS Vivobook Pro 15 N6506CU-OLEDS9211M 90NB15E3-M00120 Creator - INTEL CORE ULTRA 9-285H/24GB/1TB/RTX4050 6GB/15.6 OLED/WIN11+OHS2024+M365/EARL GREY","24.999.000","","Terjual 1","Kab. Tangerang","IT Galeri Flagship Store"
"1777226832-332","https://www.blibli.com/cari/laptop%20asus?promo=paymentFeePromo&sort=0&category=KO-1000005&intent=false&firstLoad=false&page=2&start=40","ASUS ROG Strix G16 G615LH-I7N55C6G-HM 90NR0LH1-M000T0 - INTEL CORE ULTRA 7-255HX/16GB/512GB SSD/RTX5050 8GB/16.0/WIN11+OHS2024+M365/ECLIPSE GRAY","28.999.000","","","Kab. Tangerang","IT Galeri Flagship Store"
"1777226832-333","https://www.blibli.com/cari/laptop%20asus?promo=paymentFeePromo&sort=0&category=KO-1000005&intent=false&firstLoad=false&page=2&start=40","ASUS ROG ZEPHYRUS G16 GU605CM-I9N56OL6G-HM 90NR0M21-M001N0 ULTRA 9-285H/32GB/1TB/RTX5060 8GB/16.0/WIN11+OHS2024+M365/ECLIPSE GRAY/BAG/MOUSE/PD ADA","39.999.000","5","Terjual 1","Kab. Tangerang","IT Galeri Flagship Store"
"1777226832-334","https://www.blibli.com/cari/laptop%20asus?promo=paymentFeePromo&sort=0&category=KO-1000005&intent=false&firstLoad=false&page=2&start=40","ASUS ROG Strix G16 G615JHR-I7N55C6G-HM 90NR0LL1-M00110 CI7-14650HX/16GB/512GB SSD/RTX5050 8GB/16.0/WIN11+OHS2024+M365/ECLIPSE GRAY","28.999.000","","","Kab. Tangerang","IT Galeri Flagship Store"
"1777226832-335","https://www.blibli.com/cari/laptop%20asus?promo=paymentFeePromo&sort=0&category=KO-1000005&intent=false&firstLoad=false&page=2&start=40","ASUS ROG Zephyrus G14 GA403WM-R9N56OL6G-HM 90NR0M31-M00140 - AMD RYZEN AI 9-HX370/32GB/1TB/RTX5060 8GB/14.0/WIN11+OHS2024+M365/ECLIPSE GRAY/BAG/MOUSE/","38.999.000","","","Kab. Tangerang","IT Galeri Flagship Store"
"1777226832-336","https://www.blibli.com/cari/laptop%20asus?promo=paymentFeePromo&sort=0&category=KO-1000005&intent=false&firstLoad=false&page=2&start=40","ASUS TUF Gaming A15 FA506NCQ-R735B6T-HM - AMD Ryzen 7-170/16GB/512GB/RTX3050 4GB/15.6 FHD/WIN11+OHS2024+M365/GRAPHITE BLACK","16.999.000","","","Kab. Tangerang","IT Galeri Flagship Store"
"1777226832-337","https://www.blibli.com/cari/laptop%20asus?promo=paymentFeePromo&sort=0&category=KO-1000005&intent=false&firstLoad=false&page=2&start=40","ASUS ROG Zephyrus G16 GU605CP-I9N57OL6G-HM 90NR0MM1-M00200 - Intel CORE ULTRA 9 285H/32GB/2TB/RTX5070 8GB/16.0 OLED/WIN11+OHS2024+M365/ECLIPSE GRAY/PD","46.999.000","","","Kab. Tangerang","IT Galeri Flagship Store"
"1777226832-338","https://www.blibli.com/cari/laptop%20asus?promo=paymentFeePromo&sort=0&category=KO-1000005&intent=false&firstLoad=false&page=2&start=40","ASUS ROG STRIX G G615LM-I9N56C6G-HM 90NR0LJ1-M002R0 ULTRA 9-275HX/2X16GB/1TB/RTX5060 8GB/16.0/WIN11+OHS2024+M365/ECLIPSE GRAY/PD ADA","33.999.000","","","Kab. Tangerang","IT Galeri Flagship Store"
"1777226832-339","https://www.blibli.com/cari/laptop%20asus?promo=paymentFeePromo&sort=0&category=KO-1000005&intent=false&firstLoad=false&page=2&start=40","ASUS ROG Strix G16 | G615LR-I9NT7C6G-HM | Intel Core Ultra 9-275HX | RTX5070TI 12GB | RAM 32GB | SSD 2TB | Layar 16""Inch 2.5K IPS, 240Hz | Windows 11","44.999.000","","","Kab. Tangerang","IT Galeri Flagship Store"
"1777226832-340","https://www.blibli.com/cari/laptop%20asus?promo=paymentFeePromo&sort=0&category=KO-1000005&intent=false&firstLoad=false&page=2&start=40","ASUS TUF Gaming A16 FA608PP-R9N57G6G-HM 90NR0MD1-M000B0 R9-8940HX/16G/1TB/RTX5070 8GB/WIN11+OHS2024+M365/JAEGER GREY","31.499.000","","","Kab. Tangerang","IT Galeri Flagship Store"
"1777226832-341","https://www.blibli.com/cari/laptop%20asus?promo=paymentFeePromo&sort=0&category=KO-1000005&intent=false&firstLoad=false&page=2&start=40","ASUS ROG Zephyrus G14 GA403UH-R9N55OL6G-HM 90NR0M71-M00110 R9-270/32GB/1TB SSD/RTX5050 8GB/14.0 OLED/WIN11/OHS2024+M365/ECLIPSE GRAY/PD ADA","33.999.000","","","Kab. Tangerang","IT Galeri Flagship Store"
"1777226832-342","https://www.blibli.com/cari/laptop%20asus?promo=paymentFeePromo&sort=0&category=KO-1000005&intent=false&firstLoad=false&page=2&start=40","ASUS TUF Gaming A14 FA401UH-R7N55G6G-HM 90NR0KQ1-M000W0 R7-260/2X16GB/512GB/RTX5050 8GB/14.0/WIN11+OHS2024+M365/JAEGAR GRAYMOUSE","23.759.010","","","Kab. Tangerang","IT Galeri Flagship Store"
"1777226832-343","https://www.blibli.com/cari/laptop%20asus?promo=paymentFeePromo&sort=0&category=KO-1000005&intent=false&firstLoad=false&page=2&start=40","ASUS TUF Gaming F16 FX608JMR-I7N56J7G-HM 90NR0NB1-M006M0 - Intel Core i7-14650HX/16GB/1TB SSD/RTX5060 8GB/16.0/WIN11+OH2024+M365/JAEGAR GRAY/MOUSE","26.499.000","","","Kab. Tangerang","IT Galeri Flagship Store"
"1777226832-344","https://www.blibli.com/cari/laptop%20asus?promo=paymentFeePromo&sort=0&category=KO-1000005&intent=false&firstLoad=false&page=2&start=40","ASUS TUF Gaming A15 FA506NCG-R735B1T-HM - Graphite Black [AMD Ryzen 7 7445HS / NVIDIA GeForce RTX3050 / 8GB / 512GB / 15.6inch / WIN11 / OHS24 / M365]","13.579.200","5","Terjual 4","Kota Jakarta Timur","Asus Flagship Store"
"1777226832-345","https://www.blibli.com/cari/laptop%20asus?promo=paymentFeePromo&sort=0&category=KO-1000005&intent=false&firstLoad=false&page=2&start=40","Asus FX503VD Notebook [I7 7700HQ/8 GB/1 TB+8GB HYBRID /GTX1050 4GB/15.6 Inch] FREE W10- GARANSI RESMI","13.548.150","","Terjual 1","Kota Jakarta Pusat","DWI JAYA MAKMUR Flagship Store"
"1777226832-346","https://www.blibli.com/cari/laptop%20asus?promo=paymentFeePromo&sort=0&category=KO-1000005&intent=false&firstLoad=false&page=2&start=40","ASUS Gaming V16 V3607VJ-I535B1T-HM - Matte Black [Intel Core 5 Processor 210H / NVIDIA GeForce RTX 3050 / 8GB / 512GB / 16inch / WIN11 / OHS24 / M365]","13.828.800","","Terjual 1","Kota Jakarta Timur","Asus Flagship Store"
"1777226832-347","https://www.blibli.com/cari/laptop%20asus?promo=paymentFeePromo&sort=0&category=KO-1000005&intent=false&firstLoad=false&page=2&start=40","Asus TUF FX607VU-I545J6M-HM Grey Core 5 210H Win11 OHS(16"" WUXGA IPS/RTX4050/512GB SSD/16GB)","16.749.000","","","Kota Surabaya & kota lainnya","JOE LAPTOP Flagship Store"
"1777226832-348","https://www.blibli.com/cari/laptop%20asus?promo=paymentFeePromo&sort=0&category=KO-1000005&intent=false&firstLoad=false&page=2&start=40","Asus V3607VH-I7N55B6T-HM Matte Black Core 7 240H Win11 OHS(16"" WUXGA/RTX5050/512GB/16GB)","18.299.000","","","Kota Surabaya & kota lainnya","JOE LAPTOP Flagship Store"
"1777226832-349","https://www.blibli.com/cari/laptop%20asus?promo=paymentFeePromo&sort=0&category=KO-1000005&intent=false&firstLoad=false&page=2&start=40","Asus V3607VM-I7N56B6T-HM Matte Black Core 7 240H Win11 OHS(16"" WUXGA/RTX5060/512GB/16GB)","20.049.000","","","Kota Malang","JOE LAPTOP Flagship Store"
"1777226832-350","https://www.blibli.com/cari/laptop%20asus?promo=paymentFeePromo&sort=0&category=KO-1000005&intent=false&firstLoad=false&page=2&start=40","Asus N6506CU-OLEDS9211M Grey Ultra 9 285H Win11 OHS(15.6"" 3K OLED/RTX4050/1TB SSD/24GB)","27.069.000","","","Kota Malang","JOE LAPTOP Flagship Store"
"1777226832-351","https://www.blibli.com/cari/laptop%20asus?promo=paymentFeePromo&sort=0&category=KO-1000005&intent=false&firstLoad=false&page=2&start=40","Asus ROG G615JHR-I7N55C6G-HM Grey i7 14650HX Win11 OHS(16"" WQXGA IPS/RTX5050/512GB SSD/16GB) (STRIX","26.069.000","","","Kota Surabaya","JOE LAPTOP Flagship Store"
"1777226832-352","https://www.blibli.com/cari/laptop%20asus?promo=paymentFeePromo&sort=0&category=KO-1000005&intent=false&firstLoad=false&page=2&start=40","Asus Gaming V16 V3607VU-I745B7T-HM [Intel Core 7-240H|RTX 4050|RAM 16GB|SSD 512GB|Win11|OHS24+365]","19.899.000","5","Terjual 18","Kota Jakarta Pusat","MEGACOM.ID Shop Flagship Store"
"1777226832-353","https://www.blibli.com/cari/laptop%20asus?promo=paymentFeePromo&sort=0&category=KO-1000005&intent=false&firstLoad=false&page=2&start=40","Asus ROG GL553VE-FY117T Notebook Gaming [ i7 7700HQ/ 16GB/ 1TB+SSD 256GB/ GTX 1050TI 4GB/ W10 64 BIT/ 15.6""FHD]  GARANSI RESMI","19.620.000","","","Kota Jakarta Pusat","DWI JAYA MAKMUR Flagship Store"
"1777226832-354","https://www.blibli.com/cari/laptop%20asus?promo=paymentFeePromo&sort=0&category=KO-1000005&intent=false&firstLoad=false&page=2&start=40","Asus Gaming V16 V3607VU-I545B7T-HM [Intel Core 5-210H|RTX 4050|RAM 16GB|SSD 512GB|Win11|OHS24+365]","16.999.000","5","Terjual 17","Kota Jakarta Pusat","MEGACOM.ID Shop Flagship Store"
"1777226832-355","https://www.blibli.com/cari/laptop%20asus?promo=paymentFeePromo&sort=0&category=KO-1000005&intent=false&firstLoad=false&page=2&start=40","Asus Rog GL503VM-ED287T Gaming Notebook [I7 7700HQ/16GB/1TB+SSD256GB/GTX1060 6GB/Win 10] GARANSI RESMI - - - SEGEL- - - SIAP GO SEND","28.012.000","","","Kota Jakarta Pusat","DWI JAYA MAKMUR Flagship Store"
"1777226832-356","https://www.blibli.com/cari/laptop%20asus?promo=paymentFeePromo&sort=0&category=KO-1000005&intent=false&firstLoad=false&page=2&start=40","Asus TUF Gaming A14 FA401UU-R745G6G-OM AMD Ryzen 7 8845HS RTX 4050 16GB LPDDR5X SSD 512GB PCIe Windows Office","30.000.000","5","Terjual 17","Kota Jakarta Selatan","Sentral Komputer Store Flagship Store"
"1777226832-357","https://www.blibli.com/cari/laptop%20asus?promo=paymentFeePromo&sort=0&category=KO-1000005&intent=false&firstLoad=false&page=2&start=40","Asus ROG GL502VM-GZ294T Notebook [I7 7700HQ/16GB/ 1TB+SSD 256GB/ GTX1060 6GB/ 15.6""FHD/ W10 64BIT] GARANSI RESMI - - - SEGEL - - - SIAP GO SEND","24.930.000","","","Kota Jakarta Pusat","DWI JAYA MAKMUR Flagship Store"
"1777226832-358","https://www.blibli.com/cari/laptop%20asus?promo=paymentFeePromo&sort=0&category=KO-1000005&intent=false&firstLoad=false&page=2&start=40","ASUS V16 V3607VU I545B7T HM Core 5 210H/16GB/512GB SSD/GeForce RTX 4050 6GB/16"" WUXGA/W11","15.310.000","5","Terjual 15","Kota Medan","SOFTCOM Flagship Store"
"1777226832-359","https://www.blibli.com/cari/laptop%20asus?promo=paymentFeePromo&sort=0&category=KO-1000005&intent=false&firstLoad=false&page=2&start=40","ASUS TUF A16 FA607NUG R745J6M HM R7 7445HS/16GB/512GB SSD/GeForce RTX 4050 6GB/15.6""/W11","19.589.000","5","Terjual 16","Kota Medan","SOFTCOM Flagship Store"
"1777226832-360","https://www.blibli.com/cari/laptop%20asus?promo=paymentFeePromo&sort=0&category=KO-1000005&intent=false&firstLoad=false&page=2&start=40","ASUS ExpertBook B5404CVF-QN5150X i5-1335U 16GB 512GB SSD Windows 11 Home NVIDIA GeForce RTX 2050) - Star Black + Free Mouse Wireless","27.099.000","","","Kota Jakarta Pusat","ASUS ExpertBook Flagship Store"
"1777227336-361","https://www.blibli.com/cari/laptop%20asus?promo=paymentFeePromo&sort=0&category=KO-1000005&intent=false&firstLoad=false&page=1&start=0","Laptop ASUS GAMING V16 V3607VU INTEL CORE 5 210H RTX4050 6GB/ RAM 16GB SSD 512GB Windows 11+Office Home Student 16.0WUXGA 144HZ","16.849.000","","Terjual 4","","Kota Surabaya"
"1777227336-362","https://www.blibli.com/cari/laptop%20asus?promo=paymentFeePromo&sort=0&category=KO-1000005&intent=false&firstLoad=false&page=1&start=0","Laptop Asus VIVOBOOK 16X K3605VC INTEL CORE I5 13420H RTX3050 4GB/ RAM 16gb SSD 512gb Windows 11+Office Home Student+O365 16.0 WUXGA 144HZ","11.939.000","","Terjual 1","","Kota Surabaya"
"1777227336-363","https://www.blibli.com/cari/laptop%20asus?promo=paymentFeePromo&sort=0&category=KO-1000005&intent=false&firstLoad=false&page=1&start=0","ASUS Vivobook Go 14 E1404FA-VIPS5852M Notebook - Green Grey ( R5-7520U / 8GB / 512GB SSD / UMA / 14"" VIPS FHD / Win11 / OHS2024+M365 )","11.351.550","5","Terjual 12","Blibli Flagship (Komputer) Flagship Store","Disediakan Blibli"
"1777227336-364","https://www.blibli.com/cari/laptop%20asus?promo=paymentFeePromo&sort=0&category=KO-1000005&intent=false&firstLoad=false&page=1&start=0","ASUS Vivobook Go 14 E1404FA-VIPS5153M Notebook - Cool Silver ( R5-7520U / 16GB / 512GB SSD / UMA / 14"" VIPS FHD / Win11 / OHS2024+M365 )","12.301.550","5","Terjual 140","Blibli Flagship (Komputer) Flagship Store","Disediakan Blibli"
"1777227336-365","https://www.blibli.com/cari/laptop%20asus?promo=paymentFeePromo&sort=0&category=KO-1000005&intent=false&firstLoad=false&page=1&start=0","ASUS Vivobook 14 A1404VA-VIPS755M Notebook - Quiet Blue ( I7-1355U / 8GB+8GB (16GB) / 512GB SSD / UMA / 14"" VIPS FHD / Win11 / OHS+M365 )","15.311.040","5","Terjual 135","Blibli Flagship (Komputer) Flagship Store","Disediakan Blibli"
"1777227336-366","https://www.blibli.com/cari/laptop%20asus?promo=paymentFeePromo&sort=0&category=KO-1000005&intent=false&firstLoad=false&page=1&start=0","ASUS Zenbook 14 OLED UX3405CA-OLEDS9313TM Notebook - Ponder Blue ( ULTRA 9-285H / 32GB / 1TB SSD / UMA / 14"" OLED 3K Touch / Win11 / OHS+M365 )","25.949.000","5","Terjual 103","Blibli Flagship (Komputer) Flagship Store","Disediakan Blibli"
"1777227336-367","https://www.blibli.com/cari/laptop%20asus?promo=paymentFeePromo&sort=0&category=KO-1000005&intent=false&firstLoad=false&page=1&start=0","Asus TUF A15 FA506NCG-R735B1T-HM Gaming Laptop - Graphite Black [R7-7445HS/RTX3050 4GB/8GB/512GB/Win 11/OHS24+365/15.6"" FHD IPS 144Hz] FREE Bag","13.251.550","","Terjual 57","Blibli Flagship (Komputer) Flagship Store","Disediakan Blibli"
"1777227336-368","https://www.blibli.com/cari/laptop%20asus?promo=paymentFeePromo&sort=0&category=KO-1000005&intent=false&firstLoad=false&page=1&start=0","ASUS Vivobook 14 A1404VAP-VIPS5852M Notebook - Terra Cotta ( Core 5-120U / 8GB / 512GB SSD / UMA / 14"" VIPS FHD / W11 / OHS24+M365 )","12.301.550","","Terjual 6","Blibli Flagship (Komputer) Flagship Store","Disediakan Blibli"
"1777227336-369","https://www.blibli.com/cari/laptop%20asus?promo=paymentFeePromo&sort=0&category=KO-1000005&intent=false&firstLoad=false&page=1&start=0","ASUS Zenbook 14 OLED UX3405CA-OLED5111TM Notebook - Ponder Blue ( ULTRA 5-225H / 16GB / 1TB SSD / UMA / 14"" OLED 2K Touch / Win11 / OHS + M365 )","18.001.550","5","Terjual 75","Blibli Flagship (Komputer) Flagship Store","Disediakan Blibli"
"1777227336-370","https://www.blibli.com/cari/laptop%20asus?promo=paymentFeePromo&sort=0&category=KO-1000005&intent=false&firstLoad=false&page=1&start=0","ASUS Vivobook Go 14 E1404FA-VIPS5853M Notebook - Cool Silver ( R5-7520U / 8GB / 512GB SSD / UMA / 14"" VIPS FHD / Win11 / OHS2024+M365 )","11.351.550","5","Terjual 70","Blibli Flagship (Komputer) Flagship Store","Disediakan Blibli"
"1777227336-371","https://www.blibli.com/cari/laptop%20asus?promo=paymentFeePromo&sort=0&category=KO-1000005&intent=false&firstLoad=false&page=1&start=0","ASUS Vivobook Go 15 E1504FA-VIPS3153M Notebook - Cool Silver ( R3-7320U / 16GB / 512GB SSD / UMA / 15.6"" VIPS FHD / Win11 / OHS2024+M365 )","11.471.040","5","Terjual 38","Blibli Flagship (Komputer) Flagship Store","Disediakan Blibli"
"1777227336-372","https://www.blibli.com/cari/laptop%20asus?promo=paymentFeePromo&sort=0&category=KO-1000005&intent=false&firstLoad=false&page=1&start=0","ASUS Zenbook 14 OLED UM3406KA-OLEDS7311M Notebook - Jade Black ( AMD RYZEN AI 7 350 (KRACKAN) / 32GB / 1TB SSD / UMA / 14"" OLED 3K / Win11 / OHS+M365)","19.949.000","4,5","Terjual 41","Blibli Flagship (Komputer) Flagship Store","Disediakan Blibli"
"1777227336-373","https://www.blibli.com/cari/laptop%20asus?promo=paymentFeePromo&sort=0&category=KO-1000005&intent=false&firstLoad=false&page=1&start=0","ASUS Vivobook S14 S3407QA-IPSP152M Notebook - Cool Silver ( SNAPDRAGON X X126100 / 16GB / 512GB SSD / UMA /14"" IPS 2.5K / Win11 / OHS2024+M365 )","12.776.550","5","Terjual 34","Blibli Flagship (Komputer) Flagship Store","Disediakan Blibli"
"1777227336-374","https://www.blibli.com/cari/laptop%20asus?promo=paymentFeePromo&sort=0&category=KO-1000005&intent=false&firstLoad=false&page=1&start=0","ASUS Vivobook Go 14 E1404FA-VIPS5851M Notebook - Mixed Black ( R5-7520U / 8GB / 512GB SSD / UMA / 14"" VIPS FHD / Win11 / OHS2024+M365 )","11.351.550","5","Terjual 33","Blibli Flagship (Komputer) Flagship Store","Disediakan Blibli"
"1777227336-375","https://www.blibli.com/cari/laptop%20asus?promo=paymentFeePromo&sort=0&category=KO-1000005&intent=false&firstLoad=false&page=1&start=0","ASUS Vivobook 14 A1407QA-VIPSP151M Notebook - Quiet Blue ( SNAPDRAGON X X126100 / 16GB / 512GB SSD / UMA / 14"" VIPS 2K / Win11 / OHS2024+M365 )","12.301.550","5","Terjual 26","Blibli Flagship (Komputer) Flagship Store","Disediakan Blibli"
"1777227336-376","https://www.blibli.com/cari/laptop%20asus?promo=paymentFeePromo&sort=0&category=KO-1000005&intent=false&firstLoad=false&page=1&start=0","ASUS Vivobook Go 15 E1504FA-VIPS3152M Notebook - Green Grey ( R3-7320U / 16GB / 512GB SSD / UMA / 15.6"" VIPS FHD / W11 / OH24+M365 )","11.471.040","5","Terjual 25","Blibli Flagship (Komputer) Flagship Store","Disediakan Blibli"
"1777227336-377","https://www.blibli.com/cari/laptop%20asus?promo=paymentFeePromo&sort=0&category=KO-1000005&intent=false&firstLoad=false&page=1&start=0","ASUS Vivobook S14 S3407QA-IPSP151M Notebook - Matte Gray ( SNAPDRAGON X X126100 / 16GB / 512GB SSD / UMA /14"" IPS 2.5K / Win11 / OHS2024+M365 )","12.776.550","4,7","Terjual 22","Blibli Flagship (Komputer) Flagship Store","Disediakan Blibli"
"1777227336-378","https://www.blibli.com/cari/laptop%20asus?promo=paymentFeePromo&sort=0&category=KO-1000005&intent=false&firstLoad=false&page=1&start=0","ASUS Vivobook Go 14 E1404FA-VIPS3851M Notebook - Mixed Black ( R3-7320U / 8GB / 512GB SSD / UMA / 14"" VIPS FHD / WIN11 / OH24 + M365 )","8.783.040","5","Terjual 18","Blibli Flagship (Komputer) Flagship Store","Disediakan Blibli"
"1777227336-379","https://www.blibli.com/cari/laptop%20asus?promo=paymentFeePromo&sort=0&category=KO-1000005&intent=false&firstLoad=false&page=1&start=0","ASUS Vivobook 14 A1407QA-VIPSP153M Notebook - Cool Silver ( SNAPDRAGON X X126100 / 16GB / 512GB SSD / UMA / 14"" VIPS 2K / Win11 / OHS2024+M365 )","12.301.550","4,7","Terjual 16","Blibli Flagship (Komputer) Flagship Store","Disediakan Blibli"
"1777227336-380","https://www.blibli.com/cari/laptop%20asus?promo=paymentFeePromo&sort=0&category=KO-1000005&intent=false&firstLoad=false&page=1&start=0","Asus TUF A16 FA607NUG-R745J6M-HM Gaming - Black [R7-7445HS/RTX 4050 6GB/16GB/512GB/Win 11/OHS24+365/16"" WUXGA 100% sRGB 165Hz] FREE Bag","19.949.000","4,7","Terjual 34","Blibli Flagship (Komputer) Flagship Store","Disediakan Blibli"
"1777227336-381","https://www.blibli.com/cari/laptop%20asus?promo=paymentFeePromo&sort=0&category=KO-1000005&intent=false&firstLoad=false&page=1&start=0","ASUS TUF F16 FX608JPR-I757G9G-HM Gaming Laptop-Gray [i7-14650HX/RTX 5070 8G/32GB/1TB/RGB/WIN11/OHS 24+365/WQXGA 15.6"" 165Hz 100% sRGB] Free Bag","28.949.000","5","Terjual 2","Blibli Flagship (Komputer) Flagship Store","Disediakan Blibli"
"1777227336-382","https://www.blibli.com/cari/laptop%20asus?promo=paymentFeePromo&sort=0&category=KO-1000005&intent=false&firstLoad=false&page=1&start=0","Asus ROG Strix G16 G614PM-R9N56C6G-HM Gaming Laptop-Gray [R9-8940HX/RTX5060 8GB/16GB/SSD 1TB/2.5K 16″ 240Hz DCI-P3 100%/Win11/OHS24+M365] FREE Bag+ Ms","28.949.000","","Terjual 1","Blibli Flagship (Komputer) Flagship Store","Disediakan Blibli"
"1777227336-383","https://www.blibli.com/cari/laptop%20asus?promo=paymentFeePromo&sort=0&category=KO-1000005&intent=false&firstLoad=false&page=1&start=0","ASUS Vivobook 14 M1407KA-VIPS5156M Notebook - Cool Silver ( RYZEN AI 5-330 / 16GB / 512GB SSD / UMA / 14"" VIPS 2K / W11 / OH24+M365 )","9.926.550","5","Terjual 9","Blibli Flagship (Komputer) Flagship Store","Disediakan Blibli"
"1777227336-384","https://www.blibli.com/cari/laptop%20asus?promo=paymentFeePromo&sort=0&category=KO-1000005&intent=false&firstLoad=false&page=1&start=0","ASUS Zenbook 14 OLED UM3406KA-OLEDS7311M Notebook - Jade Black ( AMD RYZEN AI 7 350 (KRACKAN) / 32GB / 1TB SSD / UMA / 14"" OLED 3K / Win11 / OHS+M365)","19.949.000","4,5","Terjual 41","Blibli Flagship (Komputer) Flagship Store","Disediakan Blibli"
"1777227336-385","https://www.blibli.com/cari/laptop%20asus?promo=paymentFeePromo&sort=0&category=KO-1000005&intent=false&firstLoad=false&page=1&start=0","ASUS Zenbook A14 UX3407QA-IPSP151M Notebook - Zabriskie Beige ( SNAPDRAGON X X126100 / 16GB / 512GB SSD / UMA / 14"" IPS 2K / Win11 / OHS )","15.151.550","5","Terjual 8","Blibli Flagship (Komputer) Flagship Store","Disediakan Blibli"
"1777227336-386","https://www.blibli.com/cari/laptop%20asus?promo=paymentFeePromo&sort=0&category=KO-1000005&intent=false&firstLoad=false&page=1&start=0","ASUS Zenbook A14 UX3407QA-IPSP152M Notebook - Iceland Gray ( SNAPDRAGON X X126100 / 16GB / 512GB SSD / UMA / 14"" IPS 2K / Win11 / OHS )","15.151.550","4,6","Terjual 9","Blibli Flagship (Komputer) Flagship Store","Disediakan Blibli"
"1777227336-387","https://www.blibli.com/cari/laptop%20asus?promo=paymentFeePromo&sort=0&category=KO-1000005&intent=false&firstLoad=false&page=1&start=0","ASUS Vivobook 14 A1404VAP-VIPS7853M Notebook - Cool Silver ( CORE 7-150U / 8GB / 512GB SSD / UMA / 14"" VIPS FHD / W11 / OH24+M365 )","13.871.040","","","Blibli Flagship (Komputer) Flagship Store","Disediakan Blibli"
"1777227336-388","https://www.blibli.com/cari/laptop%20asus?promo=paymentFeePromo&sort=0&category=KO-1000005&intent=false&firstLoad=false&page=1&start=0","ASUS Vivobook Go 14 E1404FA-VIPS3822M Notebook - Green Grey ( R3-7320U / 8GB / 256GB SSD / UMA / 14"" VIPS FHD / W11 / OH24+M365 )","7.727.040","","Terjual 4","Blibli Flagship (Komputer) Flagship Store","Disediakan Blibli"
"1777227336-389","https://www.blibli.com/cari/laptop%20asus?promo=paymentFeePromo&sort=0&category=KO-1000005&intent=false&firstLoad=false&page=1&start=0","ASUS Vivobook Go 14 E1404FA-VIPS3823M Notebook - Cool Silver ( R3-7320U / 8GB / 256GB SSD / UMA / 14"" VIPS FHD / W11 / OH24+M365 )","7.727.040","5","Terjual 12","Blibli Flagship (Komputer) Flagship Store","Disediakan Blibli"
"1777227336-390","https://www.blibli.com/cari/laptop%20asus?promo=paymentFeePromo&sort=0&category=KO-1000005&intent=false&firstLoad=false&page=1&start=0","ASUS Vivobook S14 S3407QA-IPSP152M Notebook - Cool Silver ( SNAPDRAGON X X126100 / 16GB / 512GB SSD / UMA /14"" IPS 2.5K / Win11 / OHS2024+M365 )","12.776.550","5","Terjual 34","Blibli Flagship (Komputer) Flagship Store","Disediakan Blibli"
"1777227336-391","https://www.blibli.com/cari/laptop%20asus?promo=paymentFeePromo&sort=0&category=KO-1000005&intent=false&firstLoad=false&page=1&start=0","ASUS Vivobook Go 14 E1404FA-VIPS5851M Notebook - Mixed Black ( R5-7520U / 8GB / 512GB SSD / UMA / 14"" VIPS FHD / Win11 / OHS2024+M365 )","11.351.550","5","Terjual 33","Blibli Flagship (Komputer) Flagship Store","Disediakan Blibli"
"1777227336-392","https://www.blibli.com/cari/laptop%20asus?promo=paymentFeePromo&sort=0&category=KO-1000005&intent=false&firstLoad=false&page=1&start=0","ASUS Vivobook 14 A1407QA-VIPSP153M Notebook - Cool Silver ( SNAPDRAGON X X126100 / 16GB / 512GB SSD / UMA / 14"" VIPS 2K / Win11 / OHS2024+M365 )","12.301.550","4,7","Terjual 16","Blibli Flagship (Komputer) Flagship Store","Disediakan Blibli"
"1777227336-393","https://www.blibli.com/cari/laptop%20asus?promo=paymentFeePromo&sort=0&category=KO-1000005&intent=false&firstLoad=false&page=1&start=0","ASUS Vivobook 14 A1407QA-VIPSP151M Notebook - Quiet Blue ( SNAPDRAGON X X126100 / 16GB / 512GB SSD / UMA / 14"" VIPS 2K / Win11 / OHS2024+M365 )","12.301.550","5","Terjual 26","Blibli Flagship (Komputer) Flagship Store","Disediakan Blibli"
"1777227336-394","https://www.blibli.com/cari/laptop%20asus?promo=paymentFeePromo&sort=0&category=KO-1000005&intent=false&firstLoad=false&page=1&start=0","ASUS Vivobook 14 A1404VA-VIPS3823M Notebook - Transparent Silver ( I3-1315U / 8GB / 256GB SSD / UMA / 14"" IPS FHD / W11 / OH24+M365 )","9.743.040","","Terjual 9","Blibli Flagship (Komputer) Flagship Store","Disediakan Blibli"
"1777227336-395","https://www.blibli.com/cari/laptop%20asus?promo=paymentFeePromo&sort=0&category=KO-1000005&intent=false&firstLoad=false&page=1&start=0","ASUS Vivobook S14 S3407QA-IPSP151M Notebook - Matte Gray ( SNAPDRAGON X X126100 / 16GB / 512GB SSD / UMA /14"" IPS 2.5K / Win11 / OHS2024+M365 )","12.776.550","4,7","Terjual 22","Blibli Flagship (Komputer) Flagship Store","Disediakan Blibli"
"1777227336-396","https://www.blibli.com/cari/laptop%20asus?promo=paymentFeePromo&sort=0&category=KO-1000005&intent=false&firstLoad=false&page=1&start=0","ASUS Vivobook Go 14 E1404FA-VIPS5152M Notebook - Green Grey ( R5-7520U / 16GB / 512GB SSD / UMA / 14"" VIPS FHD / Win11 / OHS2024+M365 )","12.301.550","5","Terjual 67","Blibli Flagship (Komputer) Flagship Store","Disediakan Blibli"
"1777227336-397","https://www.blibli.com/cari/laptop%20asus?promo=paymentFeePromo&sort=0&category=KO-1000005&intent=false&firstLoad=false&page=1&start=0","Asus V16 V3607VM-I7N56B6T-HM-Gaming Laptop [Core 7-240H/RTX 5060 8G/16G/512G/WUXGA 16"" 144Hz/WIN11/OHS24+Office365] FREE Bag","22.449.000","5","Terjual 23","Blibli Flagship (Komputer) Flagship Store","Disediakan Blibli"
"1777227336-398","https://www.blibli.com/cari/laptop%20asus?promo=paymentFeePromo&sort=0&category=KO-1000005&intent=false&firstLoad=false&page=1&start=0","ASUS Vivobook Go 14 E1404FA-FHD3852M Notebook - Green Grey ( R3-7320U / 8GB / 512GB SSD / UMA / 14"" TN FHD / Win11 / OHS2024+M365 )","7.439.040","5","Terjual 48","Blibli Flagship (Komputer) Flagship Store","Disediakan Blibli"
"1777227336-399","https://www.blibli.com/cari/laptop%20asus?promo=paymentFeePromo&sort=0&category=KO-1000005&intent=false&firstLoad=false&page=1&start=0","ASUS Vivobook Go 14 E1404FA-FHD3851M Notebook - Mixed Black ( R3-7320U / 8GB / 512GB SSD / UMA / 14"" TN FHD / Win11 / OHS2024+M365 )","7.439.040","5","Terjual 48","Blibli Flagship (Komputer) Flagship Store","Disediakan Blibli"
"1777227336-400","https://www.blibli.com/cari/laptop%20asus?promo=paymentFeePromo&sort=0&category=KO-1000005&intent=false&firstLoad=false&page=1&start=0","ASUS Vivobook Go 15 E1504FA-VIPS3151M Notebook - Mixed Black ( R3-7320U / 16GB / 512GB SSD / UMA / 15.6"" VIPS FHD / Win11 / OHS2024+M365 )","11.471.040","4,5","Terjual 48","Blibli Flagship (Komputer) Flagship Store","Disediakan Blibli"
"1777227336-401","https://www.blibli.com/cari/laptop%20asus?promo=paymentFeePromo&sort=0&category=KO-1000005&intent=false&firstLoad=false&page=1&start=0","ASUS Vivobook Go 14 E1404FA-VIPS3852M Notebook - Green Grey ( R3-7320U / 8GB / 512GB SSD / UMA / 14"" VIPS FHD / WIN11 / OH24 + M365 )","8.783.040","","Terjual 15","Blibli Flagship (Komputer) Flagship Store","Disediakan Blibli"
"1777227336-402","https://www.blibli.com/cari/laptop%20asus?promo=paymentFeePromo&sort=0&category=KO-1000005&intent=false&firstLoad=false&page=1&start=0","ASUS Vivobook 14 A1404VAP-VIPS5153M Notebook - Cool Silver ( Core 5 120U / 8GB+8GB (16GB) / 512GB SSD / UMA / 14"" VIPS FHD / W11 / OHS24+M365 )","12.776.550","","Terjual 7","Blibli Flagship (Komputer) Flagship Store","Disediakan Blibli"
"1777227336-403","https://www.blibli.com/cari/laptop%20asus?promo=paymentFeePromo&sort=0&category=KO-1000005&intent=false&firstLoad=false&page=1&start=0","Asus TUF A15 FA506NCG-R735B6T-HM Gaming Laptop - Graphite Black [R7-7445HS/RTX3050 4GB/16GB/512GB/Win 11/OHS24+365/15.6"" FHD IPS 144Hz] FREE Bag","14.201.550","5","Terjual 83","Blibli Flagship (Komputer) Flagship Store","Disediakan Blibli"
"1777227336-404","https://www.blibli.com/cari/laptop%20asus?promo=paymentFeePromo&sort=0&category=KO-1000005&intent=false&firstLoad=false&page=1&start=0","Asus V16 V3607VJ-I535B1T-HM - Gaming Laptop [Core 5-210H/RTX3050 6G/8G/512G/WUXGA 16"" 144Hz/WIN11/OHS24+Office365] FREE Backpack","15.816.550","5","Terjual 14","Blibli Flagship (Komputer) Flagship Store","Disediakan Blibli"
"1777227336-405","https://www.blibli.com/cari/laptop%20asus?promo=paymentFeePromo&sort=0&category=KO-1000005&intent=false&firstLoad=false&page=1&start=0","ASUS TUF A16 FA608UM-R7N56J6G-HM Gaming Laptop-Gray [R7-260/RTX 5060 8G/16GB/512GB/RGB/WIN11/OHS 24+365/WQXGA 15.6"" 165Hz 100% sRGB] Free Bag","23.149.000","5","Terjual 8","Blibli Flagship (Komputer) Flagship Store","Disediakan Blibli"
"1777227336-406","https://www.blibli.com/cari/laptop%20asus?promo=paymentFeePromo&sort=0&category=KO-1000005&intent=false&firstLoad=false&page=1&start=0","ASUS Vivobook S14 OLED S3407QA-OLEDP111M Notebook - Matte Gray ( Snapdragon X X126100 / 16GB / 1TB SSD / UMA / 14"" OLED / W11 / OH24+M365 )","17.051.550","5","Terjual 3","Blibli Flagship (Komputer) Flagship Store","Disediakan Blibli"
"1777227336-407","https://www.blibli.com/cari/laptop%20asus?promo=paymentFeePromo&sort=0&category=KO-1000005&intent=false&firstLoad=false&page=1&start=0","ASUS Vivobook 14 A1404VA-VIPS3821M Notebook - Quiet Blue ( I3-1315U / 8GB / 256GB SSD / UMA / 14"" IPS FHD / W11 / OH24+M365 )","9.743.040","","Terjual 26","Blibli Flagship (Komputer) Flagship Store","Disediakan Blibli"
"1777227336-408","https://www.blibli.com/cari/laptop%20asus?promo=paymentFeePromo&sort=0&category=KO-1000005&intent=false&firstLoad=false&page=1&start=0","ASUS Vivobook Go 14 E1404FA-VIPS3853M Notebook - Cool Silver ( R3-7320U / 8GB / 512GB SSD / UMA / 14"" VIPS FHD / WIN11 / OH24 + M365 )","8.783.040","","Terjual 15","Blibli Flagship (Komputer) Flagship Store","Disediakan Blibli"
"1777227336-409","https://www.blibli.com/cari/laptop%20asus?promo=paymentFeePromo&sort=0&category=KO-1000005&intent=false&firstLoad=false&page=1&start=0","ASUS Vivobook 14 M1407KA-VIPS5156M Notebook - Cool Silver ( RYZEN AI 5-330 / 16GB / 512GB SSD / UMA / 14"" VIPS 2K / W11 / OH24+M365 )","9.926.550","5","Terjual 9","Blibli Flagship (Komputer) Flagship Store","Disediakan Blibli"
"1777227336-410","https://www.blibli.com/cari/laptop%20asus?promo=paymentFeePromo&sort=0&category=KO-1000005&intent=false&firstLoad=false&page=1&start=0","ASUS Zenbook A14 UX3407QA-IPSP151M Notebook - Zabriskie Beige ( SNAPDRAGON X X126100 / 16GB / 512GB SSD / UMA / 14"" IPS 2K / Win11 / OHS )","15.151.550","5","Terjual 8","Blibli Flagship (Komputer) Flagship Store","Disediakan Blibli"
"1777227336-411","https://www.blibli.com/cari/laptop%20asus?promo=paymentFeePromo&sort=0&category=KO-1000005&intent=false&firstLoad=false&page=1&start=0","ASUS Zenbook A14 UX3407QA-IPSP152M Notebook - Iceland Gray ( SNAPDRAGON X X126100 / 16GB / 512GB SSD / UMA / 14"" IPS 2K / Win11 / OHS )","15.151.550","4,6","Terjual 9","Blibli Flagship (Komputer) Flagship Store","Disediakan Blibli"
"1777227336-412","https://www.blibli.com/cari/laptop%20asus?promo=paymentFeePromo&sort=0&category=KO-1000005&intent=false&firstLoad=false&page=1&start=0","ASUS Vivobook 14 A1404VAP-VIPS7853M Notebook - Cool Silver ( CORE 7-150U / 8GB / 512GB SSD / UMA / 14"" VIPS FHD / W11 / OH24+M365 )","13.871.040","","","Blibli Flagship (Komputer) Flagship Store","Disediakan Blibli"
"1777227336-413","https://www.blibli.com/cari/laptop%20asus?promo=paymentFeePromo&sort=0&category=KO-1000005&intent=false&firstLoad=false&page=1&start=0","ASUS Vivobook Go 14 E1404FA-VIPS3822M Notebook - Green Grey ( R3-7320U / 8GB / 256GB SSD / UMA / 14"" VIPS FHD / W11 / OH24+M365 )","7.727.040","","Terjual 4","Blibli Flagship (Komputer) Flagship Store","Disediakan Blibli"
"1777227336-414","https://www.blibli.com/cari/laptop%20asus?promo=paymentFeePromo&sort=0&category=KO-1000005&intent=false&firstLoad=false&page=1&start=0","ASUS Vivobook Go 14 E1404FA-VIPS3823M Notebook - Cool Silver ( R3-7320U / 8GB / 256GB SSD / UMA / 14"" VIPS FHD / W11 / OH24+M365 )","7.727.040","5","Terjual 12","Blibli Flagship (Komputer) Flagship Store","Disediakan Blibli"
"1777227336-415","https://www.blibli.com/cari/laptop%20asus?promo=paymentFeePromo&sort=0&category=KO-1000005&intent=false&firstLoad=false&page=1&start=0","ASUS Vivobook 14 A1404VA-VIPS3823M Notebook - Transparent Silver ( I3-1315U / 8GB / 256GB SSD / UMA / 14"" IPS FHD / W11 / OH24+M365 )","9.743.040","","Terjual 9","Blibli Flagship (Komputer) Flagship Store","Disediakan Blibli"
"1777227336-416","https://www.blibli.com/cari/laptop%20asus?promo=paymentFeePromo&sort=0&category=KO-1000005&intent=false&firstLoad=false&page=1&start=0","ASUS Vivobook 14 M1407KA-VIPS5156M Notebook - Cool Silver ( RYZEN AI 5-330 / 16GB / 512GB SSD / UMA / 14"" VIPS 2K / W11 / OH24+M365 )","9.926.550","5","Terjual 9","Blibli Flagship (Komputer) Flagship Store","Disediakan Blibli"
"1777227336-417","https://www.blibli.com/cari/laptop%20asus?promo=paymentFeePromo&sort=0&category=KO-1000005&intent=false&firstLoad=false&page=1&start=0","ASUS Zenbook 14 OLED UM3406KA-OLEDS7311M Notebook - Jade Black ( AMD RYZEN AI 7 350 (KRACKAN) / 32GB / 1TB SSD / UMA / 14"" OLED 3K / Win11 / OHS+M365)","19.949.000","4,5","Terjual 41","Blibli Flagship (Komputer) Flagship Store","Disediakan Blibli"
"1777227336-418","https://www.blibli.com/cari/laptop%20asus?promo=paymentFeePromo&sort=0&category=KO-1000005&intent=false&firstLoad=false&page=1&start=0","ASUS Zenbook A14 UX3407QA-IPSP151M Notebook - Zabriskie Beige ( SNAPDRAGON X X126100 / 16GB / 512GB SSD / UMA / 14"" IPS 2K / Win11 / OHS )","15.151.550","5","Terjual 8","Blibli Flagship (Komputer) Flagship Store","Disediakan Blibli"
"1777227336-419","https://www.blibli.com/cari/laptop%20asus?promo=paymentFeePromo&sort=0&category=KO-1000005&intent=false&firstLoad=false&page=1&start=0","ASUS Zenbook A14 UX3407QA-IPSP152M Notebook - Iceland Gray ( SNAPDRAGON X X126100 / 16GB / 512GB SSD / UMA / 14"" IPS 2K / Win11 / OHS )","15.151.550","4,6","Terjual 9","Blibli Flagship (Komputer) Flagship Store","Disediakan Blibli"
"1777227336-420","https://www.blibli.com/cari/laptop%20asus?promo=paymentFeePromo&sort=0&category=KO-1000005&intent=false&firstLoad=false&page=1&start=0","ASUS Vivobook 14 A1404VAP-VIPS7853M Notebook - Cool Silver ( CORE 7-150U / 8GB / 512GB SSD / UMA / 14"" VIPS FHD / W11 / OH24+M365 )","13.871.040","","","Blibli Flagship (Komputer) Flagship Store","Disediakan Blibli"
"1777227336-421","https://www.blibli.com/cari/laptop%20asus?promo=paymentFeePromo&sort=0&category=KO-1000005&intent=false&firstLoad=false&page=1&start=0","ASUS Vivobook Go 14 E1404FA-VIPS3822M Notebook - Green Grey ( R3-7320U / 8GB / 256GB SSD / UMA / 14"" VIPS FHD / W11 / OH24+M365 )","7.727.040","","Terjual 4","Blibli Flagship (Komputer) Flagship Store","Disediakan Blibli"
"1777227336-422","https://www.blibli.com/cari/laptop%20asus?promo=paymentFeePromo&sort=0&category=KO-1000005&intent=false&firstLoad=false&page=1&start=0","ASUS Vivobook Go 14 E1404FA-VIPS3823M Notebook - Cool Silver ( R3-7320U / 8GB / 256GB SSD / UMA / 14"" VIPS FHD / W11 / OH24+M365 )","7.727.040","5","Terjual 12","Blibli Flagship (Komputer) Flagship Store","Disediakan Blibli"
"1777227336-423","https://www.blibli.com/cari/laptop%20asus?promo=paymentFeePromo&sort=0&category=KO-1000005&intent=false&firstLoad=false&page=1&start=0","ASUS Vivobook S14 S3407QA-IPSP152M Notebook - Cool Silver ( SNAPDRAGON X X126100 / 16GB / 512GB SSD / UMA /14"" IPS 2.5K / Win11 / OHS2024+M365 )","12.776.550","5","Terjual 34","Blibli Flagship (Komputer) Flagship Store","Disediakan Blibli"
"1777227336-424","https://www.blibli.com/cari/laptop%20asus?promo=paymentFeePromo&sort=0&category=KO-1000005&intent=false&firstLoad=false&page=1&start=0","ASUS Vivobook Go 14 E1404FA-VIPS5851M Notebook - Mixed Black ( R5-7520U / 8GB / 512GB SSD / UMA / 14"" VIPS FHD / Win11 / OHS2024+M365 )","11.351.550","5","Terjual 33","Blibli Flagship (Komputer) Flagship Store","Disediakan Blibli"
"1777227336-425","https://www.blibli.com/cari/laptop%20asus?promo=paymentFeePromo&sort=0&category=KO-1000005&intent=false&firstLoad=false&page=1&start=0","ASUS Vivobook 14 A1407QA-VIPSP153M Notebook - Cool Silver ( SNAPDRAGON X X126100 / 16GB / 512GB SSD / UMA / 14"" VIPS 2K / Win11 / OHS2024+M365 )","12.301.550","4,7","Terjual 16","Blibli Flagship (Komputer) Flagship Store","Disediakan Blibli"
"1777227336-426","https://www.blibli.com/cari/laptop%20asus?promo=paymentFeePromo&sort=0&category=KO-1000005&intent=false&firstLoad=false&page=1&start=0","ASUS Vivobook 14 A1407QA-VIPSP151M Notebook - Quiet Blue ( SNAPDRAGON X X126100 / 16GB / 512GB SSD / UMA / 14"" VIPS 2K / Win11 / OHS2024+M365 )","12.301.550","5","Terjual 26","Blibli Flagship (Komputer) Flagship Store","Disediakan Blibli"
"1777227336-427","https://www.blibli.com/cari/laptop%20asus?promo=paymentFeePromo&sort=0&category=KO-1000005&intent=false&firstLoad=false&page=1&start=0","ASUS Vivobook 14 A1404VA-VIPS3823M Notebook - Transparent Silver ( I3-1315U / 8GB / 256GB SSD / UMA / 14"" IPS FHD / W11 / OH24+M365 )","9.743.040","","Terjual 9","Blibli Flagship (Komputer) Flagship Store","Disediakan Blibli"
"1777227336-428","https://www.blibli.com/cari/laptop%20asus?promo=paymentFeePromo&sort=0&category=KO-1000005&intent=false&firstLoad=false&page=1&start=0","ASUS Vivobook S14 S3407QA-IPSP151M Notebook - Matte Gray ( SNAPDRAGON X X126100 / 16GB / 512GB SSD / UMA /14"" IPS 2.5K / Win11 / OHS2024+M365 )","12.776.550","4,7","Terjual 22","Blibli Flagship (Komputer) Flagship Store","Disediakan Blibli"
"1777227336-429","https://www.blibli.com/cari/laptop%20asus?promo=paymentFeePromo&sort=0&category=KO-1000005&intent=false&firstLoad=false&page=1&start=0","ASUS Vivobook 14 M1407KA-VIPS5156M Notebook - Cool Silver ( RYZEN AI 5-330 / 16GB / 512GB SSD / UMA / 14"" VIPS 2K / W11 / OH24+M365 )","9.926.550","5","Terjual 9","Blibli Flagship (Komputer) Flagship Store","Disediakan Blibli"
"1777227336-430","https://www.blibli.com/cari/laptop%20asus?promo=paymentFeePromo&sort=0&category=KO-1000005&intent=false&firstLoad=false&page=1&start=0","ASUS Zenbook 14 OLED UM3406KA-OLEDS7311M Notebook - Jade Black ( AMD RYZEN AI 7 350 (KRACKAN) / 32GB / 1TB SSD / UMA / 14"" OLED 3K / Win11 / OHS+M365)","19.949.000","4,5","Terjual 41","Blibli Flagship (Komputer) Flagship Store","Disediakan Blibli"
"1777227336-431","https://www.blibli.com/cari/laptop%20asus?promo=paymentFeePromo&sort=0&category=KO-1000005&intent=false&firstLoad=false&page=1&start=0","ASUS Zenbook A14 UX3407QA-IPSP151M Notebook - Zabriskie Beige ( SNAPDRAGON X X126100 / 16GB / 512GB SSD / UMA / 14"" IPS 2K / Win11 / OHS )","15.151.550","5","Terjual 8","Blibli Flagship (Komputer) Flagship Store","Disediakan Blibli"
"1777227336-432","https://www.blibli.com/cari/laptop%20asus?promo=paymentFeePromo&sort=0&category=KO-1000005&intent=false&firstLoad=false&page=1&start=0","ASUS Zenbook A14 UX3407QA-IPSP152M Notebook - Iceland Gray ( SNAPDRAGON X X126100 / 16GB / 512GB SSD / UMA / 14"" IPS 2K / Win11 / OHS )","15.151.550","4,6","Terjual 9","Blibli Flagship (Komputer) Flagship Store","Disediakan Blibli"
"1777227336-433","https://www.blibli.com/cari/laptop%20asus?promo=paymentFeePromo&sort=0&category=KO-1000005&intent=false&firstLoad=false&page=1&start=0","ASUS Vivobook 14 A1404VAP-VIPS7853M Notebook - Cool Silver ( CORE 7-150U / 8GB / 512GB SSD / UMA / 14"" VIPS FHD / W11 / OH24+M365 )","13.871.040","","","Blibli Flagship (Komputer) Flagship Store","Disediakan Blibli"
"1777227336-434","https://www.blibli.com/cari/laptop%20asus?promo=paymentFeePromo&sort=0&category=KO-1000005&intent=false&firstLoad=false&page=1&start=0","ASUS Vivobook Go 14 E1404FA-VIPS3822M Notebook - Green Grey ( R3-7320U / 8GB / 256GB SSD / UMA / 14"" VIPS FHD / W11 / OH24+M365 )","7.727.040","","Terjual 4","Blibli Flagship (Komputer) Flagship Store","Disediakan Blibli"
"1777227336-435","https://www.blibli.com/cari/laptop%20asus?promo=paymentFeePromo&sort=0&category=KO-1000005&intent=false&firstLoad=false&page=1&start=0","ASUS Vivobook Go 14 E1404FA-VIPS3823M Notebook - Cool Silver ( R3-7320U / 8GB / 256GB SSD / UMA / 14"" VIPS FHD / W11 / OH24+M365 )","7.727.040","5","Terjual 12","Blibli Flagship (Komputer) Flagship Store","Disediakan Blibli"
"1777227336-436","https://www.blibli.com/cari/laptop%20asus?promo=paymentFeePromo&sort=0&category=KO-1000005&intent=false&firstLoad=false&page=1&start=0","ASUS Vivobook S14 S3407QA-IPSP152M Notebook - Cool Silver ( SNAPDRAGON X X126100 / 16GB / 512GB SSD / UMA /14"" IPS 2.5K / Win11 / OHS2024+M365 )","12.776.550","5","Terjual 34","Blibli Flagship (Komputer) Flagship Store","Disediakan Blibli"
"1777227336-437","https://www.blibli.com/cari/laptop%20asus?promo=paymentFeePromo&sort=0&category=KO-1000005&intent=false&firstLoad=false&page=1&start=0","ASUS Vivobook Go 14 E1404FA-VIPS5851M Notebook - Mixed Black ( R5-7520U / 8GB / 512GB SSD / UMA / 14"" VIPS FHD / Win11 / OHS2024+M365 )","11.351.550","5","Terjual 33","Blibli Flagship (Komputer) Flagship Store","Disediakan Blibli"
"1777227336-438","https://www.blibli.com/cari/laptop%20asus?promo=paymentFeePromo&sort=0&category=KO-1000005&intent=false&firstLoad=false&page=1&start=0","ASUS Vivobook 14 A1407QA-VIPSP153M Notebook - Cool Silver ( SNAPDRAGON X X126100 / 16GB / 512GB SSD / UMA / 14"" VIPS 2K / Win11 / OHS2024+M365 )","12.301.550","4,7","Terjual 16","Blibli Flagship (Komputer) Flagship Store","Disediakan Blibli"
"1777227336-439","https://www.blibli.com/cari/laptop%20asus?promo=paymentFeePromo&sort=0&category=KO-1000005&intent=false&firstLoad=false&page=1&start=0","ASUS Vivobook 14 A1407QA-VIPSP151M Notebook - Quiet Blue ( SNAPDRAGON X X126100 / 16GB / 512GB SSD / UMA / 14"" VIPS 2K / Win11 / OHS2024+M365 )","12.301.550","5","Terjual 26","Blibli Flagship (Komputer) Flagship Store","Disediakan Blibli"
"1777227336-440","https://www.blibli.com/cari/laptop%20asus?promo=paymentFeePromo&sort=0&category=KO-1000005&intent=false&firstLoad=false&page=1&start=0","ASUS Vivobook 14 A1404VA-VIPS3823M Notebook - Transparent Silver ( I3-1315U / 8GB / 256GB SSD / UMA / 14"" IPS FHD / W11 / OH24+M365 )","9.743.040","","Terjual 9","Blibli Flagship (Komputer) Flagship Store","Disediakan Blibli"
"1777227336-441","https://www.blibli.com/cari/laptop%20asus?promo=paymentFeePromo&sort=0&category=KO-1000005&intent=false&firstLoad=false&page=1&start=0","ASUS Vivobook S14 S3407QA-IPSP151M Notebook - Matte Gray ( SNAPDRAGON X X126100 / 16GB / 512GB SSD / UMA /14"" IPS 2.5K / Win11 / OHS2024+M365 )","12.776.550","4,7","Terjual 22","Blibli Flagship (Komputer) Flagship Store","Disediakan Blibli"
"1777227336-442","https://www.blibli.com/cari/laptop%20asus?promo=paymentFeePromo&sort=0&category=KO-1000005&intent=false&firstLoad=false&page=1&start=0","ASUS Vivobook 14 M1407KA-VIPS5156M Notebook - Cool Silver ( RYZEN AI 5-330 / 16GB / 512GB SSD / UMA / 14"" VIPS 2K / W11 / OH24+M365 )","9.926.550","5","Terjual 9","Blibli Flagship (Komputer) Flagship Store","Disediakan Blibli"
"1777227336-443","https://www.blibli.com/cari/laptop%20asus?promo=paymentFeePromo&sort=0&category=KO-1000005&intent=false&firstLoad=false&page=1&start=0","ASUS Zenbook 14 OLED UM3406KA-OLEDS7311M Notebook - Jade Black ( AMD RYZEN AI 7 350 (KRACKAN) / 32GB / 1TB SSD / UMA / 14"" OLED 3K / Win11 / OHS+M365)","19.949.000","4,5","Terjual 41","Blibli Flagship (Komputer) Flagship Store","Disediakan Blibli"
"1777227336-444","https://www.blibli.com/cari/laptop%20asus?promo=paymentFeePromo&sort=0&category=KO-1000005&intent=false&firstLoad=false&page=1&start=0","ASUS Zenbook A14 UX3407QA-IPSP151M Notebook - Zabriskie Beige ( SNAPDRAGON X X126100 / 16GB / 512GB SSD / UMA / 14"" IPS 2K / Win11 / OHS )","15.151.550","5","Terjual 8","Blibli Flagship (Komputer) Flagship Store","Disediakan Blibli"
"1777227336-445","https://www.blibli.com/cari/laptop%20asus?promo=paymentFeePromo&sort=0&category=KO-1000005&intent=false&firstLoad=false&page=1&start=0","ASUS Zenbook A14 UX3407QA-IPSP152M Notebook - Iceland Gray ( SNAPDRAGON X X126100 / 16GB / 512GB SSD / UMA / 14"" IPS 2K / Win11 / OHS )","15.151.550","4,6","Terjual 9","Blibli Flagship (Komputer) Flagship Store","Disediakan Blibli"
"1777227336-446","https://www.blibli.com/cari/laptop%20asus?promo=paymentFeePromo&sort=0&category=KO-1000005&intent=false&firstLoad=false&page=1&start=0","ASUS Vivobook 14 A1404VAP-VIPS7853M Notebook - Cool Silver ( CORE 7-150U / 8GB / 512GB SSD / UMA / 14"" VIPS FHD / W11 / OH24+M365 )","13.871.040","","","Blibli Flagship (Komputer) Flagship Store","Disediakan Blibli"
"1777227336-447","https://www.blibli.com/cari/laptop%20asus?promo=paymentFeePromo&sort=0&category=KO-1000005&intent=false&firstLoad=false&page=1&start=0","ASUS Vivobook Go 14 E1404FA-VIPS3822M Notebook - Green Grey ( R3-7320U / 8GB / 256GB SSD / UMA / 14"" VIPS FHD / W11 / OH24+M365 )","7.727.040","","Terjual 4","Blibli Flagship (Komputer) Flagship Store","Disediakan Blibli"
"1777227336-448","https://www.blibli.com/cari/laptop%20asus?promo=paymentFeePromo&sort=0&category=KO-1000005&intent=false&firstLoad=false&page=1&start=0","ASUS Vivobook Go 14 E1404FA-VIPS3823M Notebook - Cool Silver ( R3-7320U / 8GB / 256GB SSD / UMA / 14"" VIPS FHD / W11 / OH24+M365 )","7.727.040","5","Terjual 12","Blibli Flagship (Komputer) Flagship Store","Disediakan Blibli"
"1777227336-449","https://www.blibli.com/cari/laptop%20asus?promo=paymentFeePromo&sort=0&category=KO-1000005&intent=false&firstLoad=false&page=1&start=0","ASUS Vivobook S14 S3407QA-IPSP152M Notebook - Cool Silver ( SNAPDRAGON X X126100 / 16GB / 512GB SSD / UMA /14"" IPS 2.5K / Win11 / OHS2024+M365 )","12.776.550","5","Terjual 34","Blibli Flagship (Komputer) Flagship Store","Disediakan Blibli"
"1777227336-450","https://www.blibli.com/cari/laptop%20asus?promo=paymentFeePromo&sort=0&category=KO-1000005&intent=false&firstLoad=false&page=1&start=0","ASUS Vivobook Go 14 E1404FA-VIPS5851M Notebook - Mixed Black ( R5-7520U / 8GB / 512GB SSD / UMA / 14"" VIPS FHD / Win11 / OHS2024+M365 )","11.351.550","5","Terjual 33","Blibli Flagship (Komputer) Flagship Store","Disediakan Blibli"
"1777227336-451","https://www.blibli.com/cari/laptop%20asus?promo=paymentFeePromo&sort=0&category=KO-1000005&intent=false&firstLoad=false&page=1&start=0","ASUS Vivobook 14 A1407QA-VIPSP153M Notebook - Cool Silver ( SNAPDRAGON X X126100 / 16GB / 512GB SSD / UMA / 14"" VIPS 2K / Win11 / OHS2024+M365 )","12.301.550","4,7","Terjual 16","Blibli Flagship (Komputer) Flagship Store","Disediakan Blibli"
"1777227336-452","https://www.blibli.com/cari/laptop%20asus?promo=paymentFeePromo&sort=0&category=KO-1000005&intent=false&firstLoad=false&page=1&start=0","ASUS Vivobook 14 A1407QA-VIPSP151M Notebook - Quiet Blue ( SNAPDRAGON X X126100 / 16GB / 512GB SSD / UMA / 14"" VIPS 2K / Win11 / OHS2024+M365 )","12.301.550","5","Terjual 26","Blibli Flagship (Komputer) Flagship Store","Disediakan Blibli"
"1777227336-453","https://www.blibli.com/cari/laptop%20asus?promo=paymentFeePromo&sort=0&category=KO-1000005&intent=false&firstLoad=false&page=1&start=0","ASUS Vivobook 14 A1404VA-VIPS3823M Notebook - Transparent Silver ( I3-1315U / 8GB / 256GB SSD / UMA / 14"" IPS FHD / W11 / OH24+M365 )","9.743.040","","Terjual 9","Blibli Flagship (Komputer) Flagship Store","Disediakan Blibli"
"1777227336-454","https://www.blibli.com/cari/laptop%20asus?promo=paymentFeePromo&sort=0&category=KO-1000005&intent=false&firstLoad=false&page=1&start=0","ASUS Vivobook S14 S3407QA-IPSP151M Notebook - Matte Gray ( SNAPDRAGON X X126100 / 16GB / 512GB SSD / UMA /14"" IPS 2.5K / Win11 / OHS2024+M365 )","12.776.550","4,7","Terjual 22","Blibli Flagship (Komputer) Flagship Store","Disediakan Blibli"
"1777227336-455","https://www.blibli.com/cari/laptop%20asus?promo=paymentFeePromo&sort=0&category=KO-1000005&intent=false&firstLoad=false&page=1&start=0","ASUS Vivobook 14 M1407KA-VIPS5156M Notebook - Cool Silver ( RYZEN AI 5-330 / 16GB / 512GB SSD / UMA / 14"" VIPS 2K / W11 / OH24+M365 )","9.926.550","5","Terjual 9","Blibli Flagship (Komputer) Flagship Store","Disediakan Blibli"
"1777227336-456","https://www.blibli.com/cari/laptop%20asus?promo=paymentFeePromo&sort=0&category=KO-1000005&intent=false&firstLoad=false&page=1&start=0","ASUS Zenbook 14 OLED UM3406KA-OLEDS7311M Notebook - Jade Black ( AMD RYZEN AI 7 350 (KRACKAN) / 32GB / 1TB SSD / UMA / 14"" OLED 3K / Win11 / OHS+M365)","19.949.000","4,5","Terjual 41","Blibli Flagship (Komputer) Flagship Store","Disediakan Blibli"
"1777227336-457","https://www.blibli.com/cari/laptop%20asus?promo=paymentFeePromo&sort=0&category=KO-1000005&intent=false&firstLoad=false&page=1&start=0","ASUS Zenbook A14 UX3407QA-IPSP151M Notebook - Zabriskie Beige ( SNAPDRAGON X X126100 / 16GB / 512GB SSD / UMA / 14"" IPS 2K / Win11 / OHS )","15.151.550","5","Terjual 8","Blibli Flagship (Komputer) Flagship Store","Disediakan Blibli"
"1777227336-458","https://www.blibli.com/cari/laptop%20asus?promo=paymentFeePromo&sort=0&category=KO-1000005&intent=false&firstLoad=false&page=1&start=0","ASUS Zenbook A14 UX3407QA-IPSP152M Notebook - Iceland Gray ( SNAPDRAGON X X126100 / 16GB / 512GB SSD / UMA / 14"" IPS 2K / Win11 / OHS )","15.151.550","4,6","Terjual 9","Blibli Flagship (Komputer) Flagship Store","Disediakan Blibli"
"1777227336-459","https://www.blibli.com/cari/laptop%20asus?promo=paymentFeePromo&sort=0&category=KO-1000005&intent=false&firstLoad=false&page=1&start=0","ASUS Vivobook 14 A1404VAP-VIPS7853M Notebook - Cool Silver ( CORE 7-150U / 8GB / 512GB SSD / UMA / 14"" VIPS FHD / W11 / OH24+M365 )","13.871.040","","","Blibli Flagship (Komputer) Flagship Store","Disediakan Blibli"
"1777227336-460","https://www.blibli.com/cari/laptop%20asus?promo=paymentFeePromo&sort=0&category=KO-1000005&intent=false&firstLoad=false&page=1&start=0","ASUS Vivobook Go 14 E1404FA-VIPS3822M Notebook - Green Grey ( R3-7320U / 8GB / 256GB SSD / UMA / 14"" VIPS FHD / W11 / OH24+M365 )","7.727.040","","Terjual 4","Blibli Flagship (Komputer) Flagship Store","Disediakan Blibli"
"1777227336-461","https://www.blibli.com/cari/laptop%20asus?promo=paymentFeePromo&sort=0&category=KO-1000005&intent=false&firstLoad=false&page=1&start=0","ASUS Vivobook Go 14 E1404FA-VIPS3823M Notebook - Cool Silver ( R3-7320U / 8GB / 256GB SSD / UMA / 14"" VIPS FHD / W11 / OH24+M365 )","7.727.040","5","Terjual 12","Blibli Flagship (Komputer) Flagship Store","Disediakan Blibli"
"1777227336-462","https://www.blibli.com/cari/laptop%20asus?promo=paymentFeePromo&sort=0&category=KO-1000005&intent=false&firstLoad=false&page=1&start=0","ASUS Vivobook S14 S3407QA-IPSP152M Notebook - Cool Silver ( SNAPDRAGON X X126100 / 16GB / 512GB SSD / UMA /14"" IPS 2.5K / Win11 / OHS2024+M365 )","12.776.550","5","Terjual 34","Blibli Flagship (Komputer) Flagship Store","Disediakan Blibli"
"1777227336-463","https://www.blibli.com/cari/laptop%20asus?promo=paymentFeePromo&sort=0&category=KO-1000005&intent=false&firstLoad=false&page=1&start=0","ASUS Vivobook Go 14 E1404FA-VIPS5851M Notebook - Mixed Black ( R5-7520U / 8GB / 512GB SSD / UMA / 14"" VIPS FHD / Win11 / OHS2024+M365 )","11.351.550","5","Terjual 33","Blibli Flagship (Komputer) Flagship Store","Disediakan Blibli"
"1777227336-464","https://www.blibli.com/cari/laptop%20asus?promo=paymentFeePromo&sort=0&category=KO-1000005&intent=false&firstLoad=false&page=1&start=0","ASUS Vivobook 14 A1407QA-VIPSP153M Notebook - Cool Silver ( SNAPDRAGON X X126100 / 16GB / 512GB SSD / UMA / 14"" VIPS 2K / Win11 / OHS2024+M365 )","12.301.550","4,7","Terjual 16","Blibli Flagship (Komputer) Flagship Store","Disediakan Blibli"
"1777227336-465","https://www.blibli.com/cari/laptop%20asus?promo=paymentFeePromo&sort=0&category=KO-1000005&intent=false&firstLoad=false&page=1&start=0","ASUS Vivobook 14 A1407QA-VIPSP151M Notebook - Quiet Blue ( SNAPDRAGON X X126100 / 16GB / 512GB SSD / UMA / 14"" VIPS 2K / Win11 / OHS2024+M365 )","12.301.550","5","Terjual 26","Blibli Flagship (Komputer) Flagship Store","Disediakan Blibli"
"1777227336-466","https://www.blibli.com/cari/laptop%20asus?promo=paymentFeePromo&sort=0&category=KO-1000005&intent=false&firstLoad=false&page=1&start=0","ASUS Vivobook 14 A1404VA-VIPS3823M Notebook - Transparent Silver ( I3-1315U / 8GB / 256GB SSD / UMA / 14"" IPS FHD / W11 / OH24+M365 )","9.743.040","","Terjual 9","Blibli Flagship (Komputer) Flagship Store","Disediakan Blibli"
"1777227336-467","https://www.blibli.com/cari/laptop%20asus?promo=paymentFeePromo&sort=0&category=KO-1000005&intent=false&firstLoad=false&page=1&start=0","ASUS Vivobook S14 S3407QA-IPSP151M Notebook - Matte Gray ( SNAPDRAGON X X126100 / 16GB / 512GB SSD / UMA /14"" IPS 2.5K / Win11 / OHS2024+M365 )","12.776.550","4,7","Terjual 22","Blibli Flagship (Komputer) Flagship Store","Disediakan Blibli"
