-image-yazkc-11,-image-yazkc-11_2,text-sm,text-xs/sp14,font-medium,pointer-events-none,text-shopee-green,pointer-events-none_2,align-middle,inline-block,text-white,img,text-xs/sp14_2,w-auto,text-ellipsis,text-shopee-primary,truncate,pointer-events-none_3,_container,_container_link,text-xs,img_2,text-xs_2
https://down-id.img.susercontent.com/file/id-11134207-7rasf-m16hdsauhvs583,https://down-id.img.susercontent.com/file/id-11134258-7r98w-lyezzaurybot13,Itel-S23(second_mulus)16/128gb,Rp,1.000.000,https://deo.shopeemobile.com/shopee/modules-federation/live/0/shopee__item-card-standard-v2/0.2.8/pc/76dff349290d20891fc1.svg,3-6 Hari,https://deo.shopeemobile.com/shopee/modules-federation/live/0/shopee__item-card-standard-v2/0.2.8/pc/5dd7b4560d0e2d3190e8.svg,Kab. Garut,,,,,,,,,,"Itel-S23(second_mulus)16/128gb
Rp
1.000.000
3-6 Hari
Kab. Garut",https://shopee.co.id/Itel-S23(second_mulus)16-128gb-i.1356213711.28763650053?extraParams=%7B%22display_model_id%22%3A185450056911%2C%22model_selection_logic%22%3A3%7D&sp_atk=8a908e1b-4c65-48d3-a28f-b17513c0b5fa&xptdk=8a908e1b-4c65-48d3-a28f-b17513c0b5fa,,,
https://down-id.img.susercontent.com/file/id-11134207-822wo-mn56f0pr1reo26,https://down-id.img.susercontent.com/file/id-11134258-7r98w-lyezzaurybot13,HP ANDROID ITEL P55 5G RAM 6+6GB INTERNAL 128GB SECOND,Rp,990.000,https://deo.shopeemobile.com/shopee/modules-federation/live/0/shopee__item-card-standard-v2/0.2.8/pc/76dff349290d20891fc1.svg,3-5 Hari,https://deo.shopeemobile.com/shopee/modules-federation/live/0/shopee__item-card-standard-v2/0.2.8/pc/5dd7b4560d0e2d3190e8.svg,Kab. Magelang,,,,,,,,,,"HP ANDROID ITEL P55 5G RAM 6+6GB INTERNAL 128GB SECOND
Rp
990.000
3-5 Hari
Kab. Magelang",https://shopee.co.id/HP-ANDROID-ITEL-P55-5G-RAM-6-6GB-INTERNAL-128GB-SECOND-i.110483008.40580128081?extraParams=%7B%22display_model_id%22%3A440796237895%2C%22model_selection_logic%22%3A3%7D&sp_atk=55e2916b-9790-404b-9cb2-5dbc14e883b9&xptdk=55e2916b-9790-404b-9cb2-5dbc14e883b9,,,
https://down-id.img.susercontent.com/file/id-11134207-7r98y-lwb5sgaqee5m82,https://down-id.img.susercontent.com/file/id-11134258-822wr-mlx5y0tebegw04,Itel A70 Ram 3/128GB | Ram 4/64GB | Ram 4/12GB | Ram 4/256GB | Ram 8/128GB ( SECOND ),Rp,999.000,https://deo.shopeemobile.com/shopee/modules-federation/live/0/shopee__item-card-standard-v2/0.2.8/pc/38e203dc86172a6c6560.svg,20 Terjual,https://deo.shopeemobile.com/shopee/modules-federation/live/0/shopee__item-card-standard-v2/0.2.8/pc/5dd7b4560d0e2d3190e8.svg,Surabaya,https://deo.shopeemobile.com/shopee/modules-federation/live/0/shopee__item-card-standard-v2/0.2.8/pc/e4734dab67ee2f9ebd5a.png,Cashback 99%,https://deo.shopeemobile.com/shopee/modules-federation/live/0/shopee__item-card-standard-v2/0.2.8/pc/d7099d3fd1dfdaf705ab.svg,4.8,https://deo.shopeemobile.com/shopee/modules-federation/live/0/shopee__item-card-standard-v2/0.2.8/pc/0614b8f0a8fdde22942d.svg,,,,,"Itel A70 Ram 3/128GB | Ram 4/64GB | Ram 4/12GB | Ram 4/256GB | Ram 8/128GB ( SECOND )
Rp
999.000
Cashback 99%
4.8
20 Terjual
Besok 12:00
Surabaya",https://shopee.co.id/Itel-A70-Ram-3-128GB-Ram-4-64GB-Ram-4-12GB-Ram-4-256GB-Ram-8-128GB-(-SECOND-)-i.288677122.29802231550?extraParams=%7B%22display_model_id%22%3A242066986219%2C%22model_selection_logic%22%3A3%7D&sp_atk=3f9e2b75-37d0-434c-8274-42c9fa446a55&xptdk=3f9e2b75-37d0-434c-8274-42c9fa446a55,,,
https://down-id.img.susercontent.com/file/id-11134207-822wk-mn695vf5crnm1b,https://down-id.img.susercontent.com/file/id-11134258-7r98w-lyezzaurybot13,Itel RS4 8/128GB Second,Rp,1.250.000,https://deo.shopeemobile.com/shopee/modules-federation/live/0/shopee__item-card-standard-v2/0.2.8/pc/76dff349290d20891fc1.svg,2-5 Hari,https://deo.shopeemobile.com/shopee/modules-federation/live/0/shopee__item-card-standard-v2/0.2.8/pc/5dd7b4560d0e2d3190e8.svg,Kab. Jember,,,,,,,,,,"Itel RS4 8/128GB Second
Rp
1.250.000
2-5 Hari
Kab. Jember",https://shopee.co.id/Itel-RS4-8-128GB-Second-i.833213921.44759050319?extraParams=%7B%22display_model_id%22%3A385800410771%2C%22model_selection_logic%22%3A3%7D&sp_atk=735ee387-3fe9-411a-8730-bcc70ffe7685&xptdk=735ee387-3fe9-411a-8730-bcc70ffe7685,,,
https://down-id.img.susercontent.com/file/id-11134207-822wg-mlqh0r5x7ked01,,itel p55 5G second 6/128 gb,Rp,870.000,https://deo.shopeemobile.com/shopee/modules-federation/live/0/shopee__item-card-standard-v2/0.2.8/pc/76dff349290d20891fc1.svg,1 Terjual,https://deo.shopeemobile.com/shopee/modules-federation/live/0/shopee__item-card-standard-v2/0.2.8/pc/5dd7b4560d0e2d3190e8.svg,Kab. Barito Kuala,,,https://deo.shopeemobile.com/shopee/modules-federation/live/0/shopee__item-card-standard-v2/0.2.8/pc/d7099d3fd1dfdaf705ab.svg,5.0,,,,,,"itel p55 5G second 6/128 gb
Rp
870.000
5.0
1 Terjual
5-8 Hari
Kab. Barito Kuala",https://shopee.co.id/itel-p55-5G-second-6-128-gb-i.1275512845.52207187607?extraParams=%7B%22display_model_id%22%3A345640917075%2C%22model_selection_logic%22%3A3%7D&sp_atk=a094061c-8c16-4711-9d76-16db64d44e89&xptdk=a094061c-8c16-4711-9d76-16db64d44e89,,,
https://down-id.img.susercontent.com/file/id-11134207-822wl-mnc80ml76p6rca,https://down-id.img.susercontent.com/file/id-11134258-7r98w-lyezzaurybot13,hp itel Vision 1pro second siap pakai minus tc retak sehelai rambut tapi tidak ngaruh sentuhan normal siap pakai,Rp,250.000,https://deo.shopeemobile.com/shopee/modules-federation/live/0/shopee__item-card-standard-v2/0.2.8/pc/76dff349290d20891fc1.svg,2-4 Hari,https://deo.shopeemobile.com/shopee/modules-federation/live/0/shopee__item-card-standard-v2/0.2.8/pc/5dd7b4560d0e2d3190e8.svg,Kab. Bogor,,,,,,https://deo.shopeemobile.com/shopee/modules-federation/live/0/shopee__item-card-standard-v2/0.2.8/pc/d2a1900a0267d45fd0f5.png,,,,"hp itel Vision 1pro second siap pakai minus tc retak sehelai rambut tapi tidak ngaruh sentuhan normal siap pakai
Rp
250.000
2-4 Hari
Kab. Bogor",https://shopee.co.id/hp-itel-Vision-1pro-second-siap-pakai-minus-tc-retak-sehelai-rambut-tapi-tidak-ngaruh-sentuhan-normal-siap-pakai-i.445020913.47809297070?extraParams=%7B%22display_model_id%22%3A390820786561%2C%22model_selection_logic%22%3A3%7D&sp_atk=467e7f07-a2cf-44fd-932d-5e3ff7a67843&xptdk=467e7f07-a2cf-44fd-932d-5e3ff7a67843,,,
https://down-id.img.susercontent.com/file/id-11134207-822wp-mldvgf4vxptuf3,https://down-id.img.susercontent.com/file/id-11134258-8224v-mkvw0cu9r7k1a5,ITEL P70 4/128GB SECOND MULUS TERAWAT,Rp,1.349.000,https://deo.shopeemobile.com/shopee/modules-federation/live/0/shopee__item-card-standard-v2/0.2.8/pc/38e203dc86172a6c6560.svg,Besok 12:00,https://deo.shopeemobile.com/shopee/modules-federation/live/0/shopee__item-card-standard-v2/0.2.8/pc/5dd7b4560d0e2d3190e8.svg,Kab. Sidoarjo,https://deo.shopeemobile.com/shopee/modules-federation/live/0/shopee__item-card-standard-v2/0.2.8/pc/e4734dab67ee2f9ebd5a.png,Besok 12:00,https://deo.shopeemobile.com/shopee/modules-federation/live/0/shopee__item-card-standard-v2/0.2.8/pc/0614b8f0a8fdde22942d.svg,,https://deo.shopeemobile.com/shopee/modules-federation/live/0/shopee__item-card-standard-v2/0.2.8/pc/0614b8f0a8fdde22942d.svg,,,,,"ITEL P70 4/128GB SECOND MULUS TERAWAT
Rp
1.349.000
Besok 12:00
Kab. Sidoarjo",https://shopee.co.id/ITEL-P70-4-128GB-SECOND-MULUS-TERAWAT-i.309409025.47306717507?extraParams=%7B%22display_model_id%22%3A415602225919%2C%22model_selection_logic%22%3A3%7D&sp_atk=588c21df-aed7-48f0-9025-8ec4fccc9f80&xptdk=588c21df-aed7-48f0-9025-8ec4fccc9f80,,,
https://down-id.img.susercontent.com/file/id-11134207-81ztc-mf7otvqg776152,,Itel P40 4/64 GB Garansi Resmi Indonesia Second Bekas Original,Rp,990.000,https://deo.shopeemobile.com/shopee/modules-federation/live/0/shopee__item-card-standard-v2/0.2.8/pc/38e203dc86172a6c6560.svg,3 Terjual,https://deo.shopeemobile.com/shopee/modules-federation/live/0/shopee__item-card-standard-v2/0.2.8/pc/5dd7b4560d0e2d3190e8.svg,Jakarta Utara,https://deo.shopeemobile.com/shopee/modules-federation/live/0/shopee__item-card-standard-v2/0.2.8/pc/e4734dab67ee2f9ebd5a.png,< 2 Hari,https://deo.shopeemobile.com/shopee/modules-federation/live/0/shopee__item-card-standard-v2/0.2.8/pc/d7099d3fd1dfdaf705ab.svg,5.0,https://deo.shopeemobile.com/shopee/modules-federation/live/0/shopee__item-card-standard-v2/0.2.8/pc/0614b8f0a8fdde22942d.svg,,,,,"Itel P40 4/64 GB Garansi Resmi Indonesia Second Bekas Original
Rp
990.000
5.0
3 Terjual
< 2 Hari
Jakarta Utara",https://shopee.co.id/Itel-P40-4-64-GB-Garansi-Resmi-Indonesia-Second-Bekas-Original-i.304735900.26992398399?extraParams=%7B%22display_model_id%22%3A296805577940%2C%22model_selection_logic%22%3A3%7D&sp_atk=13872c48-9a72-4253-a0aa-1e71b6e86df7&xptdk=13872c48-9a72-4253-a0aa-1e71b6e86df7,,,
https://down-id.img.susercontent.com/file/id-11134207-7rase-m4syq5vqgvpebd,https://down-id.img.susercontent.com/file/id-11134258-8224v-mkvw0cu9r7k1a5,Itel S23 4G 8/256gb Fullset Second Garansi Resmi,Rp,1.200.000,https://deo.shopeemobile.com/shopee/modules-federation/live/0/shopee__item-card-standard-v2/0.2.8/pc/38e203dc86172a6c6560.svg,< 2 Hari,https://deo.shopeemobile.com/shopee/modules-federation/live/0/shopee__item-card-standard-v2/0.2.8/pc/5dd7b4560d0e2d3190e8.svg,Jakarta Pusat,,< 2 Hari,https://deo.shopeemobile.com/shopee/modules-federation/live/0/shopee__item-card-standard-v2/0.2.8/pc/0614b8f0a8fdde22942d.svg,,https://deo.shopeemobile.com/shopee/modules-federation/live/0/shopee__item-card-standard-v2/0.2.8/pc/0614b8f0a8fdde22942d.svg,,,,,"Itel S23 4G 8/256gb Fullset Second Garansi Resmi
Rp
1.200.000
< 2 Hari
Jakarta Pusat",https://shopee.co.id/Itel-S23-4G-8-256gb-Fullset-Second-Garansi-Resmi-i.382086230.27723121186?extraParams=%7B%22display_model_id%22%3A158973283116%2C%22model_selection_logic%22%3A3%7D&sp_atk=ff0ea154-9ed1-47bc-93da-d6b6de7aef75&xptdk=ff0ea154-9ed1-47bc-93da-d6b6de7aef75,,,
https://down-id.img.susercontent.com/file/id-11134207-7r98u-lwb6woft7y22a7,https://down-id.img.susercontent.com/file/id-11134258-822wr-mlx5y0tebegw04,iTel A70 Ram 3/64GB I Ram 3/128GB | Ram 4/64GB | Ram 4/128GB | Ram 4/256GB | Ram 8/128GB  ( Second ),Rp,1.099.100,https://deo.shopeemobile.com/shopee/modules-federation/live/0/shopee__item-card-standard-v2/0.2.8/pc/38e203dc86172a6c6560.svg,93 Terjual,https://deo.shopeemobile.com/shopee/modules-federation/live/0/shopee__item-card-standard-v2/0.2.8/pc/5dd7b4560d0e2d3190e8.svg,Surabaya,https://deo.shopeemobile.com/shopee/modules-federation/live/0/shopee__item-card-standard-v2/0.2.8/pc/a425c915798471b33e5d.png,Besok 12:00,https://deo.shopeemobile.com/shopee/modules-federation/live/0/shopee__item-card-standard-v2/0.2.8/pc/d7099d3fd1dfdaf705ab.svg,4.9,https://deo.shopeemobile.com/shopee/modules-federation/live/0/shopee__item-card-standard-v2/0.2.8/pc/0614b8f0a8fdde22942d.svg,,-45%,,,"iTel A70 Ram 3/64GB I Ram 3/128GB | Ram 4/64GB | Ram 4/128GB | Ram 4/256GB | Ram 8/128GB ( Second )
Rp
1.099.100
-45%
4.9
93 Terjual
Besok 12:00
Surabaya",https://shopee.co.id/iTel-A70-Ram-3-64GB-I-Ram-3-128GB-Ram-4-64GB-Ram-4-128GB-Ram-4-256GB-Ram-8-128GB-(-Second-)-i.194632330.26452232829?extraParams=%7B%22display_model_id%22%3A400417045358%2C%22model_selection_logic%22%3A3%7D&sp_atk=ee9e7ea9-6c9c-4689-b710-91ed2d968ace&xptdk=ee9e7ea9-6c9c-4689-b710-91ed2d968ace,,,
https://down-id.img.susercontent.com/file/id-11134207-822wq-mneysjuifu2q0e,https://down-id.img.susercontent.com/file/id-11134258-7r98w-lyezzaurybot13,ITEL P70 8/128 SECOND GARANSI RESMI INDONESIA,Rp,1.400.000,https://deo.shopeemobile.com/shopee/modules-federation/live/0/shopee__item-card-standard-v2/0.2.8/pc/38e203dc86172a6c6560.svg,6 Terjual,https://deo.shopeemobile.com/shopee/modules-federation/live/0/shopee__item-card-standard-v2/0.2.8/pc/5dd7b4560d0e2d3190e8.svg,Jakarta Pusat,https://deo.shopeemobile.com/shopee/modules-federation/live/0/shopee__item-card-standard-v2/0.2.8/pc/e4734dab67ee2f9ebd5a.png,< 2 Hari,https://deo.shopeemobile.com/shopee/modules-federation/live/0/shopee__item-card-standard-v2/0.2.8/pc/d7099d3fd1dfdaf705ab.svg,5.0,https://deo.shopeemobile.com/shopee/modules-federation/live/0/shopee__item-card-standard-v2/0.2.8/pc/0614b8f0a8fdde22942d.svg,,,,,"ITEL P70 8/128 SECOND GARANSI RESMI INDONESIA
Rp
1.400.000
5.0
6 Terjual
< 2 Hari
Jakarta Pusat",https://shopee.co.id/ITEL-P70-8-128-SECOND-GARANSI-RESMI-INDONESIA-i.48889461.47551914966?extraParams=%7B%22display_model_id%22%3A287189260966%2C%22model_selection_logic%22%3A3%7D&sp_atk=730411e3-2162-47d4-9868-de6220033d13&xptdk=730411e3-2162-47d4-9868-de6220033d13,,,
https://down-id.img.susercontent.com/file/id-11134207-7rbke-macs9pkffdwe17,https://down-id.img.susercontent.com/file/id-11134258-8224v-mkvw0cu9r7k1a5,Itel City 100 6/128 8/128 Second Fullset Like New,Rp,1.349.000,https://deo.shopeemobile.com/shopee/modules-federation/live/0/shopee__item-card-standard-v2/0.2.8/pc/76dff349290d20891fc1.svg,11 Terjual,https://deo.shopeemobile.com/shopee/modules-federation/live/0/shopee__item-card-standard-v2/0.2.8/pc/5dd7b4560d0e2d3190e8.svg,Jakarta Barat,https://deo.shopeemobile.com/shopee/modules-federation/live/0/shopee__item-card-standard-v2/0.2.8/pc/e4734dab67ee2f9ebd5a.png,,https://deo.shopeemobile.com/shopee/modules-federation/live/0/shopee__item-card-standard-v2/0.2.8/pc/d7099d3fd1dfdaf705ab.svg,5.0,,,,,,"Itel City 100 6/128 8/128 Second Fullset Like New
Rp
1.349.000
5.0
11 Terjual
2-4 Hari
Jakarta Barat",https://shopee.co.id/Itel-City-100-6-128-8-128-Second-Fullset-Like-New-i.365327344.40752577509?extraParams=%7B%22display_model_id%22%3A290803645155%2C%22model_selection_logic%22%3A3%7D&sp_atk=ecca271e-229f-4bed-a726-a285b85c5cd2&xptdk=ecca271e-229f-4bed-a726-a285b85c5cd2,,,
https://down-id.img.susercontent.com/file/id-11134207-7rasf-m2yvlx3ahjb3c9,,Itel S23 8/128 | 8/256 GB Garansi Resmi Indonesia Second Bekas Original,Rp,1.290.000,https://deo.shopeemobile.com/shopee/modules-federation/live/0/shopee__item-card-standard-v2/0.2.8/pc/38e203dc86172a6c6560.svg,9 Terjual,https://deo.shopeemobile.com/shopee/modules-federation/live/0/shopee__item-card-standard-v2/0.2.8/pc/5dd7b4560d0e2d3190e8.svg,Jakarta Utara,https://deo.shopeemobile.com/shopee/modules-federation/live/0/shopee__item-card-standard-v2/0.2.8/pc/e4734dab67ee2f9ebd5a.png,< 2 Hari,https://deo.shopeemobile.com/shopee/modules-federation/live/0/shopee__item-card-standard-v2/0.2.8/pc/d7099d3fd1dfdaf705ab.svg,4.8,https://deo.shopeemobile.com/shopee/modules-federation/live/0/shopee__item-card-standard-v2/0.2.8/pc/0614b8f0a8fdde22942d.svg,,,,,"Itel S23 8/128 | 8/256 GB Garansi Resmi Indonesia Second Bekas Original
Rp
1.290.000
4.8
9 Terjual
< 2 Hari
Jakarta Utara",https://shopee.co.id/Itel-S23-8-128-8-256-GB-Garansi-Resmi-Indonesia-Second-Bekas-Original-i.304735900.27918539030?extraParams=%7B%22display_model_id%22%3A247470108013%2C%22model_selection_logic%22%3A3%7D&sp_atk=2654b215-e356-45e2-be99-174ab55c7144&xptdk=2654b215-e356-45e2-be99-174ab55c7144,,,
https://down-id.img.susercontent.com/file/id-11134207-7rbk3-ma14hgmhb8f261,https://down-id.img.susercontent.com/file/id-11134258-8224v-mkvw0cu9r7k1a5,ITEL A50 3/128GB 3/64GB HP BEKAS SECOND FULLSET,Rp,1.045.000,https://deo.shopeemobile.com/shopee/modules-federation/live/0/shopee__item-card-standard-v2/0.2.8/pc/38e203dc86172a6c6560.svg,13 Terjual,https://deo.shopeemobile.com/shopee/modules-federation/live/0/shopee__item-card-standard-v2/0.2.8/pc/5dd7b4560d0e2d3190e8.svg,Jakarta Selatan,https://deo.shopeemobile.com/shopee/modules-federation/live/0/shopee__item-card-standard-v2/0.2.8/pc/e4734dab67ee2f9ebd5a.png,< 2 Hari,https://deo.shopeemobile.com/shopee/modules-federation/live/0/shopee__item-card-standard-v2/0.2.8/pc/d7099d3fd1dfdaf705ab.svg,5.0,https://deo.shopeemobile.com/shopee/modules-federation/live/0/shopee__item-card-standard-v2/0.2.8/pc/0614b8f0a8fdde22942d.svg,,,,,"ITEL A50 3/128GB 3/64GB HP BEKAS SECOND FULLSET
Rp
1.045.000
5.0
13 Terjual
< 2 Hari
Jakarta Selatan",https://shopee.co.id/ITEL-A50-3-128GB-3-64GB-HP-BEKAS-SECOND-FULLSET-i.11253738.24940110173?extraParams=%7B%22display_model_id%22%3A176900152524%2C%22model_selection_logic%22%3A3%7D&sp_atk=5ff9b7d9-85a8-4cad-8965-6ed44f52e395&xptdk=5ff9b7d9-85a8-4cad-8965-6ed44f52e395,,,
https://down-id.img.susercontent.com/file/sg-11134201-7rcc8-lsfgyzmiyzj906,https://down-id.img.susercontent.com/file/id-11134258-822wr-mlx5y0tebegw04,Itel P40 Ram 4/64GB | Ram 4/128GB (Second),Rp,1.099.100,https://deo.shopeemobile.com/shopee/modules-federation/live/0/shopee__item-card-standard-v2/0.2.8/pc/38e203dc86172a6c6560.svg,8 Terjual,https://deo.shopeemobile.com/shopee/modules-federation/live/0/shopee__item-card-standard-v2/0.2.8/pc/5dd7b4560d0e2d3190e8.svg,Surabaya,https://deo.shopeemobile.com/shopee/modules-federation/live/0/shopee__item-card-standard-v2/0.2.8/pc/a425c915798471b33e5d.png,Besok 12:00,https://deo.shopeemobile.com/shopee/modules-federation/live/0/shopee__item-card-standard-v2/0.2.8/pc/d7099d3fd1dfdaf705ab.svg,5.0,https://deo.shopeemobile.com/shopee/modules-federation/live/0/shopee__item-card-standard-v2/0.2.8/pc/0614b8f0a8fdde22942d.svg,,-15%,,,"Itel P40 Ram 4/64GB | Ram 4/128GB (Second)
Rp
1.099.100
-15%
5.0
8 Terjual
Besok 12:00
Surabaya",https://shopee.co.id/Itel-P40-Ram-4-64GB-Ram-4-128GB-(Second)-i.194632330.24516494780?extraParams=%7B%22display_model_id%22%3A226092260847%2C%22model_selection_logic%22%3A3%7D&sp_atk=3d88a647-726d-4628-aa77-502de0022497&xptdk=3d88a647-726d-4628-aa77-502de0022497,,,
https://down-id.img.susercontent.com/file/id-11134207-822wh-mmbpkhelys5g26,https://down-id.img.susercontent.com/file/id-11134258-8224v-mkvw0cu9r7k1a5,ITEL S23 PLUS 8/256GB SECOND MULUS PEMAKAIAN,Rp,2.049.000,https://deo.shopeemobile.com/shopee/modules-federation/live/0/shopee__item-card-standard-v2/0.2.8/pc/38e203dc86172a6c6560.svg,1 Terjual,https://deo.shopeemobile.com/shopee/modules-federation/live/0/shopee__item-card-standard-v2/0.2.8/pc/5dd7b4560d0e2d3190e8.svg,Kab. Sidoarjo,https://deo.shopeemobile.com/shopee/modules-federation/live/0/shopee__item-card-standard-v2/0.2.8/pc/e4734dab67ee2f9ebd5a.png,Besok 12:00,https://deo.shopeemobile.com/shopee/modules-federation/live/0/shopee__item-card-standard-v2/0.2.8/pc/d7099d3fd1dfdaf705ab.svg,5.0,https://deo.shopeemobile.com/shopee/modules-federation/live/0/shopee__item-card-standard-v2/0.2.8/pc/0614b8f0a8fdde22942d.svg,,,,,"ITEL S23 PLUS 8/256GB SECOND MULUS PEMAKAIAN
Rp
2.049.000
5.0
1 Terjual
Besok 12:00
Kab. Sidoarjo",https://shopee.co.id/ITEL-S23-PLUS-8-256GB-SECOND-MULUS-PEMAKAIAN-i.309409025.57907794064?extraParams=%7B%22display_model_id%22%3A410693586114%2C%22model_selection_logic%22%3A3%7D&sp_atk=da01650e-d56d-420f-a8a2-ad503784edb1&xptdk=da01650e-d56d-420f-a8a2-ad503784edb1,,,
https://down-id.img.susercontent.com/file/id-11134207-7rbke-madv6s4gifuc08,https://down-id.img.susercontent.com/file/id-11134258-8224v-mkvw0cu9r7k1a5,Itel City 100 6/128 8/128 Second Fullset Hp Bekas Berkualitas,Rp,1.349.000,https://deo.shopeemobile.com/shopee/modules-federation/live/0/shopee__item-card-standard-v2/0.2.8/pc/38e203dc86172a6c6560.svg,10 Terjual,https://deo.shopeemobile.com/shopee/modules-federation/live/0/shopee__item-card-standard-v2/0.2.8/pc/5dd7b4560d0e2d3190e8.svg,Jakarta Barat,https://deo.shopeemobile.com/shopee/modules-federation/live/0/shopee__item-card-standard-v2/0.2.8/pc/e4734dab67ee2f9ebd5a.png,< 2 Hari,https://deo.shopeemobile.com/shopee/modules-federation/live/0/shopee__item-card-standard-v2/0.2.8/pc/d7099d3fd1dfdaf705ab.svg,4.8,https://deo.shopeemobile.com/shopee/modules-federation/live/0/shopee__item-card-standard-v2/0.2.8/pc/0614b8f0a8fdde22942d.svg,,,,,"Itel City 100 6/128 8/128 Second Fullset Hp Bekas Berkualitas
Rp
1.349.000
4.8
10 Terjual
< 2 Hari
Jakarta Barat",https://shopee.co.id/Itel-City-100-6-128-8-128-Second-Fullset-Hp-Bekas-Berkualitas-i.203572497.43402679745?extraParams=%7B%22display_model_id%22%3A275803596766%2C%22model_selection_logic%22%3A3%7D&sp_atk=4893ad3c-1146-48c0-86f4-5c1b1711f63a&xptdk=4893ad3c-1146-48c0-86f4-5c1b1711f63a,,,
https://down-id.img.susercontent.com/file/id-11134207-7ra0p-mb4qyi60q2qza5,https://down-id.img.susercontent.com/file/id-11134258-7r98w-lyezzaurybot13,ITEL RS4 Second like new,Rp,1.450.000,https://deo.shopeemobile.com/shopee/modules-federation/live/0/shopee__item-card-standard-v2/0.2.8/pc/76dff349290d20891fc1.svg,3-5 Hari,https://deo.shopeemobile.com/shopee/modules-federation/live/0/shopee__item-card-standard-v2/0.2.8/pc/5dd7b4560d0e2d3190e8.svg,Jakarta Timur,,,,,,,,,,"ITEL RS4 Second like new
Rp
1.450.000
3-5 Hari
Jakarta Timur",https://shopee.co.id/ITEL-RS4-Second-like-new-i.1254831661.44404967901?extraParams=%7B%22display_model_id%22%3A234299453783%2C%22model_selection_logic%22%3A3%7D&sp_atk=2e78cfeb-9195-4f78-a4f5-ff17f67708f4&xptdk=2e78cfeb-9195-4f78-a4f5-ff17f67708f4,,,
https://down-id.img.susercontent.com/file/id-11134207-822wi-ml8vyikdznr7c2,https://down-id.img.susercontent.com/file/id-11134258-8224v-mkvw0cu9r7k1a5,ITEL P65 8/128GB SECOND MULUS PEMAKAIAN,Rp,1.646.000,https://deo.shopeemobile.com/shopee/modules-federation/live/0/shopee__item-card-standard-v2/0.2.8/pc/38e203dc86172a6c6560.svg,4 Terjual,https://deo.shopeemobile.com/shopee/modules-federation/live/0/shopee__item-card-standard-v2/0.2.8/pc/5dd7b4560d0e2d3190e8.svg,Kab. Sidoarjo,https://deo.shopeemobile.com/shopee/modules-federation/live/0/shopee__item-card-standard-v2/0.2.8/pc/e4734dab67ee2f9ebd5a.png,Besok 12:00,https://deo.shopeemobile.com/shopee/modules-federation/live/0/shopee__item-card-standard-v2/0.2.8/pc/d7099d3fd1dfdaf705ab.svg,5.0,https://deo.shopeemobile.com/shopee/modules-federation/live/0/shopee__item-card-standard-v2/0.2.8/pc/0614b8f0a8fdde22942d.svg,,,,,"ITEL P65 8/128GB SECOND MULUS PEMAKAIAN
Rp
1.646.000
5.0
4 Terjual
Besok 12:00
Kab. Sidoarjo",https://shopee.co.id/ITEL-P65-8-128GB-SECOND-MULUS-PEMAKAIAN-i.309409025.49656579546?extraParams=%7B%22display_model_id%22%3A262425305980%2C%22model_selection_logic%22%3A3%7D&sp_atk=df3be87c-acc4-4388-b157-4d3f2303e917&xptdk=df3be87c-acc4-4388-b157-4d3f2303e917,,,
https://down-id.img.susercontent.com/file/id-11134207-822wo-mnasybhj007745,https://down-id.img.susercontent.com/file/id-11134258-7r98w-lyezzaurybot13,Hp Second / Handphone Itel Vision 1 Pro / Hp Itel Vision 1 Pro Ram 2/32,Rp,200.000,https://deo.shopeemobile.com/shopee/modules-federation/live/0/shopee__item-card-standard-v2/0.2.8/pc/76dff349290d20891fc1.svg,1 Terjual,https://deo.shopeemobile.com/shopee/modules-federation/live/0/shopee__item-card-standard-v2/0.2.8/pc/5dd7b4560d0e2d3190e8.svg,Kab. Tasikmalaya,,,,,,,-13%,,,"Hp Second / Handphone Itel Vision 1 Pro / Hp Itel Vision 1 Pro Ram 2/32
Rp
200.000
-13%
1 Terjual
2-5 Hari
Kab. Tasikmalaya",https://shopee.co.id/Hp-Second-Handphone-Itel-Vision-1-Pro-Hp-Itel-Vision-1-Pro-Ram-2-32-i.907398656.51551187091?extraParams=%7B%22display_model_id%22%3A405106945533%2C%22model_selection_logic%22%3A3%7D&sp_atk=d968699f-ee87-48f0-b615-3634c6b6023a&xptdk=d968699f-ee87-48f0-b615-3634c6b6023a,,,
https://down-id.img.susercontent.com/file/id-11134207-81ztk-mfnjinhcrkekbf,https://down-id.img.susercontent.com/file/id-11134258-7r98w-lyezzaurybot13,Itel P65 8/128 GB RAM 8 ROM 128 GB Second Bekas Pakai Resmi Indonesia (Cek Deskripsi),Rp,1.175.000,https://deo.shopeemobile.com/shopee/modules-federation/live/0/shopee__item-card-standard-v2/0.2.8/pc/38e203dc86172a6c6560.svg,< 2 Hari,https://deo.shopeemobile.com/shopee/modules-federation/live/0/shopee__item-card-standard-v2/0.2.8/pc/5dd7b4560d0e2d3190e8.svg,Jakarta Utara,,< 2 Hari,https://deo.shopeemobile.com/shopee/modules-federation/live/0/shopee__item-card-standard-v2/0.2.8/pc/0614b8f0a8fdde22942d.svg,,https://deo.shopeemobile.com/shopee/modules-federation/live/0/shopee__item-card-standard-v2/0.2.8/pc/0614b8f0a8fdde22942d.svg,,,,,"Itel P65 8/128 GB RAM 8 ROM 128 GB Second Bekas Pakai Resmi Indonesia (Cek Deskripsi)
Rp
1.175.000
< 2 Hari
Jakarta Utara",https://shopee.co.id/Itel-P65-8-128-GB-RAM-8-ROM-128-GB-Second-Bekas-Pakai-Resmi-Indonesia-(Cek-Deskripsi)-i.1489005931.44473480956?extraParams=%7B%22display_model_id%22%3A228156913493%2C%22model_selection_logic%22%3A3%7D&sp_atk=d29bdf79-a9c6-48bd-8b65-d6ab1b00c905&xptdk=d29bdf79-a9c6-48bd-8b65-d6ab1b00c905,,,
https://down-id.img.susercontent.com/file/id-11134207-8224s-mkbat0pa7oxvf2,https://down-id.img.susercontent.com/file/id-11134258-8224v-mkvw0cu9r7k1a5,ITEL SUPER S26 ULTRA 8/256GB 8/128GB SECOND MULUS TERAWAT,Rp,2.299.000,https://deo.shopeemobile.com/shopee/modules-federation/live/0/shopee__item-card-standard-v2/0.2.8/pc/38e203dc86172a6c6560.svg,3 Terjual,https://deo.shopeemobile.com/shopee/modules-federation/live/0/shopee__item-card-standard-v2/0.2.8/pc/5dd7b4560d0e2d3190e8.svg,Kab. Sidoarjo,https://deo.shopeemobile.com/shopee/modules-federation/live/0/shopee__item-card-standard-v2/0.2.8/pc/e4734dab67ee2f9ebd5a.png,Besok 12:00,https://deo.shopeemobile.com/shopee/modules-federation/live/0/shopee__item-card-standard-v2/0.2.8/pc/d7099d3fd1dfdaf705ab.svg,5.0,https://deo.shopeemobile.com/shopee/modules-federation/live/0/shopee__item-card-standard-v2/0.2.8/pc/0614b8f0a8fdde22942d.svg,,,,,"ITEL SUPER S26 ULTRA 8/256GB 8/128GB SECOND MULUS TERAWAT
Rp
2.299.000
5.0
3 Terjual
Besok 12:00
Kab. Sidoarjo",https://shopee.co.id/ITEL-SUPER-S26-ULTRA-8-256GB-8-128GB-SECOND-MULUS-TERAWAT-i.309409025.57205823478?extraParams=%7B%22display_model_id%22%3A340589993202%2C%22model_selection_logic%22%3A3%7D&sp_atk=b4bcbd86-6f5b-49d4-b033-4d106a4c29af&xptdk=b4bcbd86-6f5b-49d4-b033-4d106a4c29af,,,
https://down-id.img.susercontent.com/file/id-11134207-822wu-mmgckpv45pfsc9,https://down-id.img.susercontent.com/file/id-11134258-8224v-mkvw0cu9r7k1a5,ITEL A90 4/64GB SECOND MULUS TERAWAT,Rp,1.149.000,https://deo.shopeemobile.com/shopee/modules-federation/live/0/shopee__item-card-standard-v2/0.2.8/pc/38e203dc86172a6c6560.svg,Besok 12:00,https://deo.shopeemobile.com/shopee/modules-federation/live/0/shopee__item-card-standard-v2/0.2.8/pc/5dd7b4560d0e2d3190e8.svg,Kab. Sidoarjo,https://deo.shopeemobile.com/shopee/modules-federation/live/0/shopee__item-card-standard-v2/0.2.8/pc/e4734dab67ee2f9ebd5a.png,Besok 12:00,https://deo.shopeemobile.com/shopee/modules-federation/live/0/shopee__item-card-standard-v2/0.2.8/pc/0614b8f0a8fdde22942d.svg,,https://deo.shopeemobile.com/shopee/modules-federation/live/0/shopee__item-card-standard-v2/0.2.8/pc/0614b8f0a8fdde22942d.svg,,,,,"ITEL A90 4/64GB SECOND MULUS TERAWAT
Rp
1.149.000
Besok 12:00
Kab. Sidoarjo",https://shopee.co.id/ITEL-A90-4-64GB-SECOND-MULUS-TERAWAT-i.309409025.57507964611?extraParams=%7B%22display_model_id%22%3A345708106932%2C%22model_selection_logic%22%3A3%7D&sp_atk=03659308-5e55-48bc-9724-c97cb93e8526&xptdk=03659308-5e55-48bc-9724-c97cb93e8526,,,
https://down-id.img.susercontent.com/file/id-11134207-7rbk4-m6gelfia715zbe,,Itel A70 4/64 | 3/128 | 4/128 GB Garansi Resmi Indonesia Second Bekas Original,Rp,990.000,https://deo.shopeemobile.com/shopee/modules-federation/live/0/shopee__item-card-standard-v2/0.2.8/pc/38e203dc86172a6c6560.svg,14 Terjual,https://deo.shopeemobile.com/shopee/modules-federation/live/0/shopee__item-card-standard-v2/0.2.8/pc/5dd7b4560d0e2d3190e8.svg,Jakarta Utara,https://deo.shopeemobile.com/shopee/modules-federation/live/0/shopee__item-card-standard-v2/0.2.8/pc/e4734dab67ee2f9ebd5a.png,< 2 Hari,https://deo.shopeemobile.com/shopee/modules-federation/live/0/shopee__item-card-standard-v2/0.2.8/pc/d7099d3fd1dfdaf705ab.svg,5.0,https://deo.shopeemobile.com/shopee/modules-federation/live/0/shopee__item-card-standard-v2/0.2.8/pc/0614b8f0a8fdde22942d.svg,,,,,"Itel A70 4/64 | 3/128 | 4/128 GB Garansi Resmi Indonesia Second Bekas Original
Rp
990.000
5.0
14 Terjual
< 2 Hari
Jakarta Utara",https://shopee.co.id/Itel-A70-4-64-3-128-4-128-GB-Garansi-Resmi-Indonesia-Second-Bekas-Original-i.304735900.27060449038?extraParams=%7B%22display_model_id%22%3A257111625596%2C%22model_selection_logic%22%3A3%7D&sp_atk=9a6ea6e4-8828-49a1-8fed-9bc55818c347&xptdk=9a6ea6e4-8828-49a1-8fed-9bc55818c347,,,
https://down-id.img.susercontent.com/file/sg-11134201-7rblv-lq5smh1j6t5y19,https://down-id.img.susercontent.com/file/id-11134258-822wr-mlx5y0tebegw04,Itel A60s Ram 4/64GB | Ram 4/128GB Second Original,Rp,999.888,https://deo.shopeemobile.com/shopee/modules-federation/live/0/shopee__item-card-standard-v2/0.2.8/pc/38e203dc86172a6c6560.svg,2 Terjual,https://deo.shopeemobile.com/shopee/modules-federation/live/0/shopee__item-card-standard-v2/0.2.8/pc/5dd7b4560d0e2d3190e8.svg,Surabaya,https://deo.shopeemobile.com/shopee/modules-federation/live/0/shopee__item-card-standard-v2/0.2.8/pc/e4734dab67ee2f9ebd5a.png,Hari Ini 12:00,https://deo.shopeemobile.com/shopee/modules-federation/live/0/shopee__item-card-standard-v2/0.2.8/pc/d7099d3fd1dfdaf705ab.svg,5.0,https://deo.shopeemobile.com/shopee/modules-federation/live/0/shopee__item-card-standard-v2/0.2.8/pc/0614b8f0a8fdde22942d.svg,,-22%,,,"Itel A60s Ram 4/64GB | Ram 4/128GB Second Original
Rp
999.888
-22%
5.0
2 Terjual
Hari Ini 12:00
Surabaya",https://shopee.co.id/Itel-A60s-Ram-4-64GB-Ram-4-128GB-Second-Original-i.358338280.25506863569?extraParams=%7B%22display_model_id%22%3A148537130408%2C%22model_selection_logic%22%3A3%7D&sp_atk=368f0c6c-8e43-4971-8cc2-a2e992cd5d6f&xptdk=368f0c6c-8e43-4971-8cc2-a2e992cd5d6f,,,
https://down-id.img.susercontent.com/file/id-11134207-7rasb-m3kgbuo000a74f,https://down-id.img.susercontent.com/file/id-11134258-8224v-mkvw0cu9r7k1a5,iTel S23 Plus 8/256Gb Second Garansi On,Rp,1.750.000,https://deo.shopeemobile.com/shopee/modules-federation/live/0/shopee__item-card-standard-v2/0.2.8/pc/76dff349290d20891fc1.svg,3-4 Hari,https://deo.shopeemobile.com/shopee/modules-federation/live/0/shopee__item-card-standard-v2/0.2.8/pc/5dd7b4560d0e2d3190e8.svg,Kab. Lamongan,,,,,,,,,,"iTel S23 Plus 8/256Gb Second Garansi On
Rp
1.750.000
3-4 Hari
Kab. Lamongan",https://shopee.co.id/iTel-S23-Plus-8-256Gb-Second-Garansi-On-i.580633456.26070277056?extraParams=%7B%22display_model_id%22%3A138146639975%2C%22model_selection_logic%22%3A3%7D&sp_atk=a98283ce-67fe-4432-839a-5e5257871625&xptdk=a98283ce-67fe-4432-839a-5e5257871625,,,
https://down-id.img.susercontent.com/file/id-11134207-7ra0k-mbxvudfoxphz94,https://down-id.img.susercontent.com/file/id-11134258-822wr-mlx67rtd6r602f,Itel A70 3/128 4/64 4/128 4/256 GB Garansi Resmi Indonesia Second,Rp,1.145.000,https://deo.shopeemobile.com/shopee/modules-federation/live/0/shopee__item-card-standard-v2/0.2.8/pc/38e203dc86172a6c6560.svg,33 Terjual,https://deo.shopeemobile.com/shopee/modules-federation/live/0/shopee__item-card-standard-v2/0.2.8/pc/5dd7b4560d0e2d3190e8.svg,Kab. Purwakarta,https://deo.shopeemobile.com/shopee/modules-federation/live/0/shopee__item-card-standard-v2/0.2.8/pc/e4734dab67ee2f9ebd5a.png,< 2 Hari,https://deo.shopeemobile.com/shopee/modules-federation/live/0/shopee__item-card-standard-v2/0.2.8/pc/d7099d3fd1dfdaf705ab.svg,4.9,https://deo.shopeemobile.com/shopee/modules-federation/live/0/shopee__item-card-standard-v2/0.2.8/pc/0614b8f0a8fdde22942d.svg,,,Cicilan,,"Itel A70 3/128 4/64 4/128 4/256 GB Garansi Resmi Indonesia Second
Rp
1.145.000
Cicilan
4.9
33 Terjual
< 2 Hari
Kab. Purwakarta",https://shopee.co.id/Itel-A70-3-128-4-64-4-128-4-256-GB-Garansi-Resmi-Indonesia-Second-i.42718474.16547393929?extraParams=%7B%22display_model_id%22%3A241929711725%2C%22model_selection_logic%22%3A3%7D&sp_atk=103cb0a8-b03e-4051-9aab-4d225654225f&xptdk=103cb0a8-b03e-4051-9aab-4d225654225f,,,
https://down-id.img.susercontent.com/file/id-11134207-7r98z-lsvkj3t33neced,https://down-id.img.susercontent.com/file/id-11134258-822wr-mlx67rtd6r602f,itel A70 Second 100% Ori,Rp,1.085.000,https://deo.shopeemobile.com/shopee/modules-federation/live/0/shopee__item-card-standard-v2/0.2.8/pc/76dff349290d20891fc1.svg,20 Terjual,https://deo.shopeemobile.com/shopee/modules-federation/live/0/shopee__item-card-standard-v2/0.2.8/pc/5dd7b4560d0e2d3190e8.svg,Tangerang,https://deo.shopeemobile.com/shopee/modules-federation/live/0/shopee__item-card-standard-v2/0.2.8/pc/a425c915798471b33e5d.png,,https://deo.shopeemobile.com/shopee/modules-federation/live/0/shopee__item-card-standard-v2/0.2.8/pc/d7099d3fd1dfdaf705ab.svg,5.0,,https://deo.shopeemobile.com/shopee/modules-federation/live/0/shopee__item-card-standard-v2/0.2.8/pc/d2a1900a0267d45fd0f5.png,,,,"itel A70 Second 100% Ori
Rp
1.085.000
5.0
20 Terjual
8-13 Hari
Tangerang",https://shopee.co.id/itel-A70-Second-100-Ori-i.614116999.25369107772?extraParams=%7B%22display_model_id%22%3A147231598032%2C%22model_selection_logic%22%3A3%7D&sp_atk=6864272e-bdcb-4103-ab08-30edac9ca656&xptdk=6864272e-bdcb-4103-ab08-30edac9ca656,,,
https://down-id.img.susercontent.com/file/id-11134207-822ws-mmwqzpmxtbeqc4,https://down-id.img.susercontent.com/file/id-11134258-8224v-mkvw0cu9r7k1a5,I-tel S25 ultra Ram 8GB Internal 512GB HP Second Seken Bekas Fullset [murah] hp murah,Rp,2.360.000,https://deo.shopeemobile.com/shopee/modules-federation/live/0/shopee__item-card-standard-v2/0.2.8/pc/76dff349290d20891fc1.svg,1-3 Hari,https://deo.shopeemobile.com/shopee/modules-federation/live/0/shopee__item-card-standard-v2/0.2.8/pc/5dd7b4560d0e2d3190e8.svg,Pasuruan,,,,,,,,,,"I-tel S25 ultra Ram 8GB Internal 512GB HP Second Seken Bekas Fullset [murah] hp murah
Rp
2.360.000
1-3 Hari
Pasuruan",https://shopee.co.id/I-tel-S25-ultra-Ram-8GB-Internal-512GB-HP-Second-Seken-Bekas-Fullset-murah-hp-murah-i.411445784.51858610285?extraParams=%7B%22display_model_id%22%3A169149371563%2C%22model_selection_logic%22%3A3%7D&sp_atk=96991155-3d0e-4f06-a05e-aa134f85015e&xptdk=96991155-3d0e-4f06-a05e-aa134f85015e,,,
https://down-id.img.susercontent.com/file/id-11134207-822wu-mmwyjvc147i885,https://down-id.img.susercontent.com/file/id-11134258-8224v-mkvw0cu9r7k1a5,ITEL A100C 4/64GB SECOND MULUS TERAWAT,Rp,1.399.000,https://deo.shopeemobile.com/shopee/modules-federation/live/0/shopee__item-card-standard-v2/0.2.8/pc/38e203dc86172a6c6560.svg,Besok 12:00,https://deo.shopeemobile.com/shopee/modules-federation/live/0/shopee__item-card-standard-v2/0.2.8/pc/5dd7b4560d0e2d3190e8.svg,Kab. Sidoarjo,https://deo.shopeemobile.com/shopee/modules-federation/live/0/shopee__item-card-standard-v2/0.2.8/pc/e4734dab67ee2f9ebd5a.png,Besok 12:00,https://deo.shopeemobile.com/shopee/modules-federation/live/0/shopee__item-card-standard-v2/0.2.8/pc/0614b8f0a8fdde22942d.svg,,https://deo.shopeemobile.com/shopee/modules-federation/live/0/shopee__item-card-standard-v2/0.2.8/pc/0614b8f0a8fdde22942d.svg,,,,,"ITEL A100C 4/64GB SECOND MULUS TERAWAT
Rp
1.399.000
Besok 12:00
Kab. Sidoarjo",https://shopee.co.id/ITEL-A100C-4-64GB-SECOND-MULUS-TERAWAT-i.309409025.52508613337?extraParams=%7B%22display_model_id%22%3A335764480891%2C%22model_selection_logic%22%3A3%7D&sp_atk=8eaf8363-c70d-4253-90a3-ccdc182f5ed2&xptdk=8eaf8363-c70d-4253-90a3-ccdc182f5ed2,,,
https://down-id.img.susercontent.com/file/sg-11134201-821g2-mh92mrnsbw961e,https://down-id.img.susercontent.com/file/id-11134258-822wr-mlx5y0tebegw04,iTel S25 Ram 8GB Rom 128GB ( Second ),Rp,1.580.999,https://deo.shopeemobile.com/shopee/modules-federation/live/0/shopee__item-card-standard-v2/0.2.8/pc/38e203dc86172a6c6560.svg,1 Terjual,https://deo.shopeemobile.com/shopee/modules-federation/live/0/shopee__item-card-standard-v2/0.2.8/pc/5dd7b4560d0e2d3190e8.svg,Surabaya,https://deo.shopeemobile.com/shopee/modules-federation/live/0/shopee__item-card-standard-v2/0.2.8/pc/e4734dab67ee2f9ebd5a.png,Cashback 99%,https://deo.shopeemobile.com/shopee/modules-federation/live/0/shopee__item-card-standard-v2/0.2.8/pc/0614b8f0a8fdde22942d.svg,,https://deo.shopeemobile.com/shopee/modules-federation/live/0/shopee__item-card-standard-v2/0.2.8/pc/0614b8f0a8fdde22942d.svg,,-17%,,,"iTel S25 Ram 8GB Rom 128GB ( Second )
Rp
1.580.999
-17%
Cashback 99%
1 Terjual
Besok 12:00
Surabaya",https://shopee.co.id/iTel-S25-Ram-8GB-Rom-128GB-(-Second-)-i.288677122.52401731986?extraParams=%7B%22display_model_id%22%3A425159470019%2C%22model_selection_logic%22%3A3%7D&sp_atk=25b29328-4d57-445e-bad1-4c09f8c5944f&xptdk=25b29328-4d57-445e-bad1-4c09f8c5944f,,,
https://down-id.img.susercontent.com/file/id-11134207-822wp-mlltpobhet4x37,https://down-id.img.susercontent.com/file/id-11134258-8224v-mkvw0cu9r7k1a5,ITEL CITY 100 8/128GB SECOND MULUS TERAWAT,Rp,1.639.000,https://deo.shopeemobile.com/shopee/modules-federation/live/0/shopee__item-card-standard-v2/0.2.8/pc/38e203dc86172a6c6560.svg,3 Terjual,https://deo.shopeemobile.com/shopee/modules-federation/live/0/shopee__item-card-standard-v2/0.2.8/pc/5dd7b4560d0e2d3190e8.svg,Kab. Sidoarjo,https://deo.shopeemobile.com/shopee/modules-federation/live/0/shopee__item-card-standard-v2/0.2.8/pc/e4734dab67ee2f9ebd5a.png,Besok 12:00,https://deo.shopeemobile.com/shopee/modules-federation/live/0/shopee__item-card-standard-v2/0.2.8/pc/d7099d3fd1dfdaf705ab.svg,5.0,https://deo.shopeemobile.com/shopee/modules-federation/live/0/shopee__item-card-standard-v2/0.2.8/pc/0614b8f0a8fdde22942d.svg,,,,,"ITEL CITY 100 8/128GB SECOND MULUS TERAWAT
Rp
1.639.000
5.0
3 Terjual
Besok 12:00
Kab. Sidoarjo",https://shopee.co.id/ITEL-CITY-100-8-128GB-SECOND-MULUS-TERAWAT-i.309409025.56656963251?extraParams=%7B%22display_model_id%22%3A365622611397%2C%22model_selection_logic%22%3A3%7D&sp_atk=fe714871-462b-437c-834e-0f1a4c6dcbe6&xptdk=fe714871-462b-437c-834e-0f1a4c6dcbe6,,,
https://down-id.img.susercontent.com/file/id-11134207-8224y-miwv9bs5e0p01f,https://down-id.img.susercontent.com/file/id-11134258-822wr-mlx67rtd6r602f,HANDPHONE HP Itel A50 Vision 3 A70 Rs 4 8/128 4/128 3/32 Second Original Murah bergaransi,Rp,950.000,https://deo.shopeemobile.com/shopee/modules-federation/live/0/shopee__item-card-standard-v2/0.2.8/pc/76dff349290d20891fc1.svg,8 Terjual,https://deo.shopeemobile.com/shopee/modules-federation/live/0/shopee__item-card-standard-v2/0.2.8/pc/5dd7b4560d0e2d3190e8.svg,Jakarta Timur,https://deo.shopeemobile.com/shopee/modules-federation/live/0/shopee__item-card-standard-v2/0.2.8/pc/e4734dab67ee2f9ebd5a.png,,,,,,,Produk Baru,,"HANDPHONE HP Itel A50 Vision 3 A70 Rs 4 8/128 4/128 3/32 Second Original Murah bergaransi
Rp
950.000
Produk Baru
8 Terjual
3-5 Hari
Jakarta Timur",https://shopee.co.id/HANDPHONE-HP-Itel-A50-Vision-3-A70-Rs-4-8-128-4-128-3-32-Second-Original-Murah-bergaransi-i.221779283.47003283757?extraParams=%7B%22display_model_id%22%3A400647698241%2C%22model_selection_logic%22%3A3%7D&sp_atk=f7a5ce20-6f96-4dff-804a-f70ce825c7b0&xptdk=f7a5ce20-6f96-4dff-804a-f70ce825c7b0,,,
https://down-id.img.susercontent.com/file/id-11134207-7r98o-lrsu0aofg921e6,https://down-id.img.susercontent.com/file/id-11134258-822wr-mlx67rtd6r602f,itel P55 RAM 24GB bekas 100% Ori,Rp,1.485.000,https://deo.shopeemobile.com/shopee/modules-federation/live/0/shopee__item-card-standard-v2/0.2.8/pc/76dff349290d20891fc1.svg,7 Terjual,https://deo.shopeemobile.com/shopee/modules-federation/live/0/shopee__item-card-standard-v2/0.2.8/pc/5dd7b4560d0e2d3190e8.svg,Tangerang,https://deo.shopeemobile.com/shopee/modules-federation/live/0/shopee__item-card-standard-v2/0.2.8/pc/a425c915798471b33e5d.png,,https://deo.shopeemobile.com/shopee/modules-federation/live/0/shopee__item-card-standard-v2/0.2.8/pc/d7099d3fd1dfdaf705ab.svg,5.0,,https://deo.shopeemobile.com/shopee/modules-federation/live/0/shopee__item-card-standard-v2/0.2.8/pc/d2a1900a0267d45fd0f5.png,,,,"itel P55 RAM 24GB bekas 100% Ori
Rp
1.485.000
5.0
7 Terjual
4-7 Hari
Tangerang",https://shopee.co.id/itel-P55-RAM-24GB-bekas-100-Ori-i.614116999.25663711582?extraParams=%7B%22display_model_id%22%3A440793783668%2C%22model_selection_logic%22%3A3%7D&sp_atk=be5627e2-96d8-45bc-b526-da57cd4b4327&xptdk=be5627e2-96d8-45bc-b526-da57cd4b4327,,,
https://down-id.img.susercontent.com/file/id-11134207-822wl-mncg0aefl2pt7d,https://down-id.img.susercontent.com/file/id-11134258-822wr-mlx67rtd6r602f,ITEL S23 SECOND 8/256 & 8/128GB HP SECOND HP SEKEN HP BEKAS HP MURAH,Rp,1.350.000,https://deo.shopeemobile.com/shopee/modules-federation/live/0/shopee__item-card-standard-v2/0.2.8/pc/38e203dc86172a6c6560.svg,1 Terjual,https://deo.shopeemobile.com/shopee/modules-federation/live/0/shopee__item-card-standard-v2/0.2.8/pc/5dd7b4560d0e2d3190e8.svg,Kab. Bogor,https://deo.shopeemobile.com/shopee/modules-federation/live/0/shopee__item-card-standard-v2/0.2.8/pc/a425c915798471b33e5d.png,< 2 Hari,https://deo.shopeemobile.com/shopee/modules-federation/live/0/shopee__item-card-standard-v2/0.2.8/pc/d7099d3fd1dfdaf705ab.svg,5.0,https://deo.shopeemobile.com/shopee/modules-federation/live/0/shopee__item-card-standard-v2/0.2.8/pc/0614b8f0a8fdde22942d.svg,,,,,"ITEL S23 SECOND 8/256 & 8/128GB HP SECOND HP SEKEN HP BEKAS HP MURAH
Rp
1.350.000
5.0
1 Terjual
< 2 Hari
Kab. Bogor",https://shopee.co.id/ITEL-S23-SECOND-8-256-8-128GB-HP-SECOND-HP-SEKEN-HP-BEKAS-HP-MURAH-i.119246735.47202123863?extraParams=%7B%22display_model_id%22%3A345821186724%2C%22model_selection_logic%22%3A3%7D&sp_atk=7f3551c7-5fd7-45e9-af42-b5f843ab426b&xptdk=7f3551c7-5fd7-45e9-af42-b5f843ab426b,,,
https://down-id.img.susercontent.com/file/id-11134207-7ra0t-mde1nmutrbz8a7,https://down-id.img.susercontent.com/file/id-11134258-8224v-mkvw0cu9r7k1a5,ITEL A50 3/64 dan 4/64 SECOND FULLSET,Rp,1.049.000,https://deo.shopeemobile.com/shopee/modules-federation/live/0/shopee__item-card-standard-v2/0.2.8/pc/38e203dc86172a6c6560.svg,74 Terjual,https://deo.shopeemobile.com/shopee/modules-federation/live/0/shopee__item-card-standard-v2/0.2.8/pc/5dd7b4560d0e2d3190e8.svg,Jakarta Barat,https://deo.shopeemobile.com/shopee/modules-federation/live/0/shopee__item-card-standard-v2/0.2.8/pc/e4734dab67ee2f9ebd5a.png,< 2 Hari,https://deo.shopeemobile.com/shopee/modules-federation/live/0/shopee__item-card-standard-v2/0.2.8/pc/d7099d3fd1dfdaf705ab.svg,4.9,https://deo.shopeemobile.com/shopee/modules-federation/live/0/shopee__item-card-standard-v2/0.2.8/pc/0614b8f0a8fdde22942d.svg,,,,,"ITEL A50 3/64 dan 4/64 SECOND FULLSET
Rp
1.049.000
4.9
74 Terjual
< 2 Hari
Jakarta Barat",https://shopee.co.id/ITEL-A50-3-64-dan-4-64-SECOND-FULLSET-i.37906250.26071852571?extraParams=%7B%22display_model_id%22%3A257644901314%2C%22model_selection_logic%22%3A3%7D&sp_atk=cc86875c-8d10-45d9-ae80-3008c704d146&xptdk=cc86875c-8d10-45d9-ae80-3008c704d146,,,
https://down-id.img.susercontent.com/file/id-11134207-7ra0l-mck28xl21s1b7e,https://down-id.img.susercontent.com/file/id-11134258-8224v-mkvw0cu9r7k1a5,Itel A50 3/64 4/64 Second Fullset Hp Original,Rp,1.049.000,https://deo.shopeemobile.com/shopee/modules-federation/live/0/shopee__item-card-standard-v2/0.2.8/pc/38e203dc86172a6c6560.svg,52 Terjual,https://deo.shopeemobile.com/shopee/modules-federation/live/0/shopee__item-card-standard-v2/0.2.8/pc/5dd7b4560d0e2d3190e8.svg,Jakarta Barat,https://deo.shopeemobile.com/shopee/modules-federation/live/0/shopee__item-card-standard-v2/0.2.8/pc/e4734dab67ee2f9ebd5a.png,< 2 Hari,https://deo.shopeemobile.com/shopee/modules-federation/live/0/shopee__item-card-standard-v2/0.2.8/pc/d7099d3fd1dfdaf705ab.svg,4.9,https://deo.shopeemobile.com/shopee/modules-federation/live/0/shopee__item-card-standard-v2/0.2.8/pc/0614b8f0a8fdde22942d.svg,,,,,"Itel A50 3/64 4/64 Second Fullset Hp Original
Rp
1.049.000
4.9
52 Terjual
< 2 Hari
Jakarta Barat",https://shopee.co.id/Itel-A50-3-64-4-64-Second-Fullset-Hp-Original-i.203572497.27621924892?extraParams=%7B%22display_model_id%22%3A185788976023%2C%22model_selection_logic%22%3A3%7D&sp_atk=f17db0e1-23b4-4153-b3cc-f1ad43282c02&xptdk=f17db0e1-23b4-4153-b3cc-f1ad43282c02,,,
https://down-id.img.susercontent.com/file/id-11134207-7rbk3-m6rf809le4z174,https://down-id.img.susercontent.com/file/id-11134258-822wr-mlx67rtd6r602f,HP Gaming Murah itel RS4 RAM 16 GB Second,Rp,1.575.000,https://deo.shopeemobile.com/shopee/modules-federation/live/0/shopee__item-card-standard-v2/0.2.8/pc/76dff349290d20891fc1.svg,18 Terjual,https://deo.shopeemobile.com/shopee/modules-federation/live/0/shopee__item-card-standard-v2/0.2.8/pc/5dd7b4560d0e2d3190e8.svg,Tangerang,https://deo.shopeemobile.com/shopee/modules-federation/live/0/shopee__item-card-standard-v2/0.2.8/pc/a425c915798471b33e5d.png,,https://deo.shopeemobile.com/shopee/modules-federation/live/0/shopee__item-card-standard-v2/0.2.8/pc/d7099d3fd1dfdaf705ab.svg,4.5,,https://deo.shopeemobile.com/shopee/modules-federation/live/0/shopee__item-card-standard-v2/0.2.8/pc/d2a1900a0267d45fd0f5.png,,,,"HP Gaming Murah itel RS4 RAM 16 GB Second
Rp
1.575.000
4.5
18 Terjual
7-12 Hari
Tangerang",https://shopee.co.id/HP-Gaming-Murah-itel-RS4-RAM-16-GB-Second-i.614116999.28577820620?extraParams=%7B%22display_model_id%22%3A138233143926%2C%22model_selection_logic%22%3A3%7D&sp_atk=e9d5dd2b-7722-442b-9f01-6eefe710c98a&xptdk=e9d5dd2b-7722-442b-9f01-6eefe710c98a,,,
https://down-id.img.susercontent.com/file/id-11134207-7r992-lx9sk7herx9a0c,https://down-id.img.susercontent.com/file/id-11134258-8224v-mkvw0cu9r7k1a5,ITEL A70 3/64 3/128 4/64 4/128 4/256GB SECOND FULLSET ORIGINAL,Rp,1.125.000,https://deo.shopeemobile.com/shopee/modules-federation/live/0/shopee__item-card-standard-v2/0.2.8/pc/38e203dc86172a6c6560.svg,111 Terjual,https://deo.shopeemobile.com/shopee/modules-federation/live/0/shopee__item-card-standard-v2/0.2.8/pc/5dd7b4560d0e2d3190e8.svg,Jakarta Barat,https://deo.shopeemobile.com/shopee/modules-federation/live/0/shopee__item-card-standard-v2/0.2.8/pc/e4734dab67ee2f9ebd5a.png,< 2 Hari,https://deo.shopeemobile.com/shopee/modules-federation/live/0/shopee__item-card-standard-v2/0.2.8/pc/d7099d3fd1dfdaf705ab.svg,4.8,https://deo.shopeemobile.com/shopee/modules-federation/live/0/shopee__item-card-standard-v2/0.2.8/pc/0614b8f0a8fdde22942d.svg,,,,,"ITEL A70 3/64 3/128 4/64 4/128 4/256GB SECOND FULLSET ORIGINAL
Rp
1.125.000
4.8
111 Terjual
< 2 Hari
Jakarta Barat",https://shopee.co.id/ITEL-A70-3-64-3-128-4-64-4-128-4-256GB-SECOND-FULLSET-ORIGINAL-i.37906250.25917026233?extraParams=%7B%22display_model_id%22%3A240931922952%2C%22model_selection_logic%22%3A3%7D&sp_atk=c096e503-73c2-432d-a04d-b10b11ad6330&xptdk=c096e503-73c2-432d-a04d-b10b11ad6330,,,
https://down-id.img.susercontent.com/file/id-11134207-822wj-mmghgpm1rqiw71,https://down-id.img.susercontent.com/file/id-11134258-8224v-mkvw0cu9r7k1a5,ITEL P55 POWER 8/256GB // 8/128GB SECOND MULUS PEMAKAIAN,Rp,1.799.000,https://deo.shopeemobile.com/shopee/modules-federation/live/0/shopee__item-card-standard-v2/0.2.8/pc/38e203dc86172a6c6560.svg,Besok 12:00,https://deo.shopeemobile.com/shopee/modules-federation/live/0/shopee__item-card-standard-v2/0.2.8/pc/5dd7b4560d0e2d3190e8.svg,Kab. Sidoarjo,https://deo.shopeemobile.com/shopee/modules-federation/live/0/shopee__item-card-standard-v2/0.2.8/pc/e4734dab67ee2f9ebd5a.png,Besok 12:00,https://deo.shopeemobile.com/shopee/modules-federation/live/0/shopee__item-card-standard-v2/0.2.8/pc/0614b8f0a8fdde22942d.svg,,https://deo.shopeemobile.com/shopee/modules-federation/live/0/shopee__item-card-standard-v2/0.2.8/pc/0614b8f0a8fdde22942d.svg,,,,,"ITEL P55 POWER 8/256GB // 8/128GB SECOND MULUS PEMAKAIAN
Rp
1.799.000
Besok 12:00
Kab. Sidoarjo",https://shopee.co.id/ITEL-P55-POWER-8-256GB-8-128GB-SECOND-MULUS-PEMAKAIAN-i.309409025.41879638150?extraParams=%7B%22display_model_id%22%3A400825577196%2C%22model_selection_logic%22%3A3%7D&sp_atk=ad298499-53a4-4d55-9140-f43cccb7caa7&xptdk=ad298499-53a4-4d55-9140-f43cccb7caa7,,,
https://down-id.img.susercontent.com/file/id-11134207-7ras9-m2wmif6iem6bd6,,Itel P55 4G 8/128 GB Garansi Resmi Indonesia Second Bekas Original,Rp,1.290.000,https://deo.shopeemobile.com/shopee/modules-federation/live/0/shopee__item-card-standard-v2/0.2.8/pc/38e203dc86172a6c6560.svg,3 Terjual,https://deo.shopeemobile.com/shopee/modules-federation/live/0/shopee__item-card-standard-v2/0.2.8/pc/5dd7b4560d0e2d3190e8.svg,Jakarta Utara,https://deo.shopeemobile.com/shopee/modules-federation/live/0/shopee__item-card-standard-v2/0.2.8/pc/e4734dab67ee2f9ebd5a.png,< 2 Hari,https://deo.shopeemobile.com/shopee/modules-federation/live/0/shopee__item-card-standard-v2/0.2.8/pc/d7099d3fd1dfdaf705ab.svg,5.0,https://deo.shopeemobile.com/shopee/modules-federation/live/0/shopee__item-card-standard-v2/0.2.8/pc/0614b8f0a8fdde22942d.svg,,,,,"Itel P55 4G 8/128 GB Garansi Resmi Indonesia Second Bekas Original
Rp
1.290.000
5.0
3 Terjual
< 2 Hari
Jakarta Utara",https://shopee.co.id/Itel-P55-4G-8-128-GB-Garansi-Resmi-Indonesia-Second-Bekas-Original-i.304735900.26918437597?extraParams=%7B%22display_model_id%22%3A69489898103%2C%22model_selection_logic%22%3A3%7D&sp_atk=eaa36998-80ab-4bfb-bfa1-0cf3c58e5f96&xptdk=eaa36998-80ab-4bfb-bfa1-0cf3c58e5f96,,,
https://down-id.img.susercontent.com/file/sg-11134201-7rdvt-lxfgwlutczfq15,https://down-id.img.susercontent.com/file/id-11134258-822wr-mlx5y0tebegw04,Itel P55 4G Ram 8/128GB | Ram 8/256GB Second Original,Rp,1.527.888,https://deo.shopeemobile.com/shopee/modules-federation/live/0/shopee__item-card-standard-v2/0.2.8/pc/38e203dc86172a6c6560.svg,12 Terjual,https://deo.shopeemobile.com/shopee/modules-federation/live/0/shopee__item-card-standard-v2/0.2.8/pc/5dd7b4560d0e2d3190e8.svg,Surabaya,https://deo.shopeemobile.com/shopee/modules-federation/live/0/shopee__item-card-standard-v2/0.2.8/pc/e4734dab67ee2f9ebd5a.png,Hari Ini 12:00,https://deo.shopeemobile.com/shopee/modules-federation/live/0/shopee__item-card-standard-v2/0.2.8/pc/d7099d3fd1dfdaf705ab.svg,4.9,https://deo.shopeemobile.com/shopee/modules-federation/live/0/shopee__item-card-standard-v2/0.2.8/pc/0614b8f0a8fdde22942d.svg,,-24%,,,"Itel P55 4G Ram 8/128GB | Ram 8/256GB Second Original
Rp
1.527.888
-24%
4.9
12 Terjual
Hari Ini 12:00
Surabaya",https://shopee.co.id/Itel-P55-4G-Ram-8-128GB-Ram-8-256GB-Second-Original-i.358338280.28254733638?extraParams=%7B%22display_model_id%22%3A236521966495%2C%22model_selection_logic%22%3A3%7D&sp_atk=e9f137f5-9d86-4d09-b559-6b7ea42b4f46&xptdk=e9f137f5-9d86-4d09-b559-6b7ea42b4f46,,,
https://down-id.img.susercontent.com/file/id-11134207-822wu-mn9pdu7yuyh44f,https://down-id.img.susercontent.com/file/id-11134258-8224v-mkvw0cu9r7k1a5,ITEL A100C 4/64GB HANDPHONE SECOND BEKAS FULLSET,Rp,1.235.000,https://deo.shopeemobile.com/shopee/modules-federation/live/0/shopee__item-card-standard-v2/0.2.8/pc/38e203dc86172a6c6560.svg,< 2 Hari,https://deo.shopeemobile.com/shopee/modules-federation/live/0/shopee__item-card-standard-v2/0.2.8/pc/5dd7b4560d0e2d3190e8.svg,Jakarta Selatan,https://deo.shopeemobile.com/shopee/modules-federation/live/0/shopee__item-card-standard-v2/0.2.8/pc/a425c915798471b33e5d.png,< 2 Hari,https://deo.shopeemobile.com/shopee/modules-federation/live/0/shopee__item-card-standard-v2/0.2.8/pc/0614b8f0a8fdde22942d.svg,,https://deo.shopeemobile.com/shopee/modules-federation/live/0/shopee__item-card-standard-v2/0.2.8/pc/0614b8f0a8fdde22942d.svg,,,,,"ITEL A100C 4/64GB HANDPHONE SECOND BEKAS FULLSET
Rp
1.235.000
< 2 Hari
Jakarta Selatan",https://shopee.co.id/ITEL-A100C-4-64GB-HANDPHONE-SECOND-BEKAS-FULLSET-i.1687434367.50109148084?extraParams=%7B%22display_model_id%22%3A292552918026%2C%22model_selection_logic%22%3A3%7D&sp_atk=d3c4845b-18af-4ebf-8303-cc12553a98a5&xptdk=d3c4845b-18af-4ebf-8303-cc12553a98a5,,,
https://down-id.img.susercontent.com/file/sg-11134201-7ren7-m894ffnq34qo6c,https://down-id.img.susercontent.com/file/id-11134258-822wr-mlx5y0tebegw04,iTel S25 Ram 8 Rom 128GB Second Original,Rp,1.599.000,https://deo.shopeemobile.com/shopee/modules-federation/live/0/shopee__item-card-standard-v2/0.2.8/pc/38e203dc86172a6c6560.svg,4 Terjual,https://deo.shopeemobile.com/shopee/modules-federation/live/0/shopee__item-card-standard-v2/0.2.8/pc/5dd7b4560d0e2d3190e8.svg,Surabaya,https://deo.shopeemobile.com/shopee/modules-federation/live/0/shopee__item-card-standard-v2/0.2.8/pc/e4734dab67ee2f9ebd5a.png,Hari Ini 12:00,https://deo.shopeemobile.com/shopee/modules-federation/live/0/shopee__item-card-standard-v2/0.2.8/pc/d7099d3fd1dfdaf705ab.svg,4.0,https://deo.shopeemobile.com/shopee/modules-federation/live/0/shopee__item-card-standard-v2/0.2.8/pc/0614b8f0a8fdde22942d.svg,,,,,"iTel S25 Ram 8 Rom 128GB Second Original
Rp
1.599.000
4.0
4 Terjual
Hari Ini 12:00
Surabaya",https://shopee.co.id/iTel-S25-Ram-8-Rom-128GB-Second-Original-i.358338280.28232252349?extraParams=%7B%22display_model_id%22%3A315140948239%2C%22model_selection_logic%22%3A3%7D&sp_atk=aa63b9db-a3f6-4723-b747-374fb5574126&xptdk=aa63b9db-a3f6-4723-b747-374fb5574126,,,
https://down-id.img.susercontent.com/file/id-11134207-81ztd-mfkuft9odgcp15,https://down-id.img.susercontent.com/file/id-11134258-822wr-mlx5y0tebegw04,Itel A90 Ram 4/64GB | Ram 4/128GB | Ram 4/256GB ( Second ),Rp,1.299.100,https://deo.shopeemobile.com/shopee/modules-federation/live/0/shopee__item-card-standard-v2/0.2.8/pc/38e203dc86172a6c6560.svg,12 Terjual,https://deo.shopeemobile.com/shopee/modules-federation/live/0/shopee__item-card-standard-v2/0.2.8/pc/5dd7b4560d0e2d3190e8.svg,Surabaya,https://deo.shopeemobile.com/shopee/modules-federation/live/0/shopee__item-card-standard-v2/0.2.8/pc/a425c915798471b33e5d.png,Besok 12:00,https://deo.shopeemobile.com/shopee/modules-federation/live/0/shopee__item-card-standard-v2/0.2.8/pc/d7099d3fd1dfdaf705ab.svg,5.0,https://deo.shopeemobile.com/shopee/modules-federation/live/0/shopee__item-card-standard-v2/0.2.8/pc/0614b8f0a8fdde22942d.svg,,-32%,,,"Itel A90 Ram 4/64GB | Ram 4/128GB | Ram 4/256GB ( Second )
Rp
1.299.100
-32%
5.0
12 Terjual
Besok 12:00
Surabaya",https://shopee.co.id/Itel-A90-Ram-4-64GB-Ram-4-128GB-Ram-4-256GB-(-Second-)-i.194632330.42573196834?extraParams=%7B%22display_model_id%22%3A420741325927%2C%22model_selection_logic%22%3A3%7D&sp_atk=ea9e0029-7ba4-42c3-87b2-c056538ec25d&xptdk=ea9e0029-7ba4-42c3-87b2-c056538ec25d,,,
https://down-id.img.susercontent.com/file/id-11134207-822wo-mmo9hsgwly4lba,https://down-id.img.susercontent.com/file/id-11134258-822wr-mlx5y0tebegw04,iTel P55 5G Ram 6 Rom 128GB Second Pusat Gadget,Rp,1.499.111,https://deo.shopeemobile.com/shopee/modules-federation/live/0/shopee__item-card-standard-v2/0.2.8/pc/38e203dc86172a6c6560.svg,Hari Ini 12:00,https://deo.shopeemobile.com/shopee/modules-federation/live/0/shopee__item-card-standard-v2/0.2.8/pc/5dd7b4560d0e2d3190e8.svg,Surabaya,https://deo.shopeemobile.com/shopee/modules-federation/live/0/shopee__item-card-standard-v2/0.2.8/pc/a425c915798471b33e5d.png,Cashback 99%,https://deo.shopeemobile.com/shopee/modules-federation/live/0/shopee__item-card-standard-v2/0.2.8/pc/0614b8f0a8fdde22942d.svg,,https://deo.shopeemobile.com/shopee/modules-federation/live/0/shopee__item-card-standard-v2/0.2.8/pc/0614b8f0a8fdde22942d.svg,https://deo.shopeemobile.com/shopee/modules-federation/live/0/shopee__item-card-standard-v2/0.2.8/pc/d2a1900a0267d45fd0f5.png,-21%,,,"iTel P55 5G Ram 6 Rom 128GB Second Pusat Gadget
Rp
1.499.111
-21%
Cashback 99%
Hari Ini 12:00
Surabaya",https://shopee.co.id/iTel-P55-5G-Ram-6-Rom-128GB-Second-Pusat-Gadget-i.1474904896.48955750523?extraParams=%7B%22display_model_id%22%3A415757655782%2C%22model_selection_logic%22%3A3%7D&sp_atk=677f3a6c-b498-4231-bd00-e45929ed1858&xptdk=677f3a6c-b498-4231-bd00-e45929ed1858,,,
https://down-id.img.susercontent.com/file/id-11134207-7ra0l-mbs3lg8b3tjr40,,Itel S25 8/128 GB Garansi Resmi Indonesia Second Bekas Original,Rp,1.475.000,https://deo.shopeemobile.com/shopee/modules-federation/live/0/shopee__item-card-standard-v2/0.2.8/pc/38e203dc86172a6c6560.svg,< 2 Hari,https://deo.shopeemobile.com/shopee/modules-federation/live/0/shopee__item-card-standard-v2/0.2.8/pc/5dd7b4560d0e2d3190e8.svg,Jakarta Utara,https://deo.shopeemobile.com/shopee/modules-federation/live/0/shopee__item-card-standard-v2/0.2.8/pc/e4734dab67ee2f9ebd5a.png,< 2 Hari,https://deo.shopeemobile.com/shopee/modules-federation/live/0/shopee__item-card-standard-v2/0.2.8/pc/0614b8f0a8fdde22942d.svg,,https://deo.shopeemobile.com/shopee/modules-federation/live/0/shopee__item-card-standard-v2/0.2.8/pc/0614b8f0a8fdde22942d.svg,,,,,"Itel S25 8/128 GB Garansi Resmi Indonesia Second Bekas Original
Rp
1.475.000
< 2 Hari
Jakarta Utara",https://shopee.co.id/Itel-S25-8-128-GB-Garansi-Resmi-Indonesia-Second-Bekas-Original-i.1032487382.42307328071?extraParams=%7B%22display_model_id%22%3A300620603713%2C%22model_selection_logic%22%3A3%7D&sp_atk=10d09b40-106a-4d27-9b60-d8be346a9b60&xptdk=10d09b40-106a-4d27-9b60-d8be346a9b60,,,
https://down-id.img.susercontent.com/file/id-11134207-7rbk7-ma54vtffelmz8e,,itel A60s 4/64 GB Garansi Resmi Indonesia Second Bekas Original,Rp,875.000,https://deo.shopeemobile.com/shopee/modules-federation/live/0/shopee__item-card-standard-v2/0.2.8/pc/38e203dc86172a6c6560.svg,< 2 Hari,https://deo.shopeemobile.com/shopee/modules-federation/live/0/shopee__item-card-standard-v2/0.2.8/pc/5dd7b4560d0e2d3190e8.svg,Jakarta Utara,https://deo.shopeemobile.com/shopee/modules-federation/live/0/shopee__item-card-standard-v2/0.2.8/pc/a425c915798471b33e5d.png,< 2 Hari,https://deo.shopeemobile.com/shopee/modules-federation/live/0/shopee__item-card-standard-v2/0.2.8/pc/0614b8f0a8fdde22942d.svg,,https://deo.shopeemobile.com/shopee/modules-federation/live/0/shopee__item-card-standard-v2/0.2.8/pc/0614b8f0a8fdde22942d.svg,,,,,"itel A60s 4/64 GB Garansi Resmi Indonesia Second Bekas Original
Rp
875.000
< 2 Hari
Jakarta Utara",https://shopee.co.id/itel-A60s-4-64-GB-Garansi-Resmi-Indonesia-Second-Bekas-Original-i.1388801445.24995307574?extraParams=%7B%22display_model_id%22%3A260165318073%2C%22model_selection_logic%22%3A3%7D&sp_atk=ca41d75f-4a74-4dd3-bcb4-87693dd9a729&xptdk=ca41d75f-4a74-4dd3-bcb4-87693dd9a729,,,
https://down-id.img.susercontent.com/file/id-11134207-7rbka-ma54vtfflmh7ed,,itel A50 3/64 GB Garansi Resmi Indonesia Second Bekas Original,Rp,875.000,https://deo.shopeemobile.com/shopee/modules-federation/live/0/shopee__item-card-standard-v2/0.2.8/pc/38e203dc86172a6c6560.svg,< 2 Hari,https://deo.shopeemobile.com/shopee/modules-federation/live/0/shopee__item-card-standard-v2/0.2.8/pc/5dd7b4560d0e2d3190e8.svg,Jakarta Utara,https://deo.shopeemobile.com/shopee/modules-federation/live/0/shopee__item-card-standard-v2/0.2.8/pc/a425c915798471b33e5d.png,< 2 Hari,https://deo.shopeemobile.com/shopee/modules-federation/live/0/shopee__item-card-standard-v2/0.2.8/pc/0614b8f0a8fdde22942d.svg,,https://deo.shopeemobile.com/shopee/modules-federation/live/0/shopee__item-card-standard-v2/0.2.8/pc/0614b8f0a8fdde22942d.svg,,,,,"itel A50 3/64 GB Garansi Resmi Indonesia Second Bekas Original
Rp
875.000
< 2 Hari
Jakarta Utara",https://shopee.co.id/itel-A50-3-64-GB-Garansi-Resmi-Indonesia-Second-Bekas-Original-i.1388801445.40252025470?extraParams=%7B%22display_model_id%22%3A167187697061%2C%22model_selection_logic%22%3A3%7D&sp_atk=862e2298-30e6-4679-b267-fc8f581e63c2&xptdk=862e2298-30e6-4679-b267-fc8f581e63c2,,,
https://down-id.img.susercontent.com/file/id-11134207-7rbk5-mact30jhn0zcb3,https://down-id.img.susercontent.com/file/id-11134258-8224v-mkvw0cu9r7k1a5,ITEL CITY 100 8/128GB SECOND FULLSET,Rp,1.349.000,https://deo.shopeemobile.com/shopee/modules-federation/live/0/shopee__item-card-standard-v2/0.2.8/pc/38e203dc86172a6c6560.svg,13 Terjual,https://deo.shopeemobile.com/shopee/modules-federation/live/0/shopee__item-card-standard-v2/0.2.8/pc/5dd7b4560d0e2d3190e8.svg,Jakarta Barat,https://deo.shopeemobile.com/shopee/modules-federation/live/0/shopee__item-card-standard-v2/0.2.8/pc/e4734dab67ee2f9ebd5a.png,< 2 Hari,https://deo.shopeemobile.com/shopee/modules-federation/live/0/shopee__item-card-standard-v2/0.2.8/pc/d7099d3fd1dfdaf705ab.svg,5.0,https://deo.shopeemobile.com/shopee/modules-federation/live/0/shopee__item-card-standard-v2/0.2.8/pc/0614b8f0a8fdde22942d.svg,,,,,"ITEL CITY 100 8/128GB SECOND FULLSET
Rp
1.349.000
5.0
13 Terjual
< 2 Hari
Jakarta Barat",https://shopee.co.id/ITEL-CITY-100-8-128GB-SECOND-FULLSET-i.37906250.43202587434?extraParams=%7B%22display_model_id%22%3A276901716342%2C%22model_selection_logic%22%3A3%7D&sp_atk=7bb9176d-154a-4555-82db-29c8cce73664&xptdk=7bb9176d-154a-4555-82db-29c8cce73664,,,
https://down-id.img.susercontent.com/file/id-11134207-7ra0s-mb3zcfje4e6x5e,https://down-id.img.susercontent.com/file/id-11134258-8224v-mkvw0cu9r7k1a5,ITEL A50 4/64GB 3/64GB HP SECOND BEKAS FULLSET,Rp,1.045.000,https://deo.shopeemobile.com/shopee/modules-federation/live/0/shopee__item-card-standard-v2/0.2.8/pc/38e203dc86172a6c6560.svg,18 Terjual,https://deo.shopeemobile.com/shopee/modules-federation/live/0/shopee__item-card-standard-v2/0.2.8/pc/5dd7b4560d0e2d3190e8.svg,Jakarta Selatan,https://deo.shopeemobile.com/shopee/modules-federation/live/0/shopee__item-card-standard-v2/0.2.8/pc/e4734dab67ee2f9ebd5a.png,< 2 Hari,https://deo.shopeemobile.com/shopee/modules-federation/live/0/shopee__item-card-standard-v2/0.2.8/pc/d7099d3fd1dfdaf705ab.svg,5.0,https://deo.shopeemobile.com/shopee/modules-federation/live/0/shopee__item-card-standard-v2/0.2.8/pc/0614b8f0a8fdde22942d.svg,,,,,"ITEL A50 4/64GB 3/64GB HP SECOND BEKAS FULLSET
Rp
1.045.000
5.0
18 Terjual
< 2 Hari
Jakarta Selatan",https://shopee.co.id/ITEL-A50-4-64GB-3-64GB-HP-SECOND-BEKAS-FULLSET-i.1215776218.28472681636?extraParams=%7B%22display_model_id%22%3A223673666902%2C%22model_selection_logic%22%3A3%7D&sp_atk=a678ab93-5fd5-43f0-8b2a-2f7c670898ee&xptdk=a678ab93-5fd5-43f0-8b2a-2f7c670898ee,,,
https://down-id.img.susercontent.com/file/id-11134207-7rasb-m51hmuxd1uotfd,,Itel RS4 8/128 | 8/256 GB Garansi Resmi Indonesia Second Bekas Original,Rp,1.790.000,https://deo.shopeemobile.com/shopee/modules-federation/live/0/shopee__item-card-standard-v2/0.2.8/pc/38e203dc86172a6c6560.svg,10 Terjual,https://deo.shopeemobile.com/shopee/modules-federation/live/0/shopee__item-card-standard-v2/0.2.8/pc/5dd7b4560d0e2d3190e8.svg,Jakarta Utara,https://deo.shopeemobile.com/shopee/modules-federation/live/0/shopee__item-card-standard-v2/0.2.8/pc/e4734dab67ee2f9ebd5a.png,< 2 Hari,https://deo.shopeemobile.com/shopee/modules-federation/live/0/shopee__item-card-standard-v2/0.2.8/pc/d7099d3fd1dfdaf705ab.svg,5.0,https://deo.shopeemobile.com/shopee/modules-federation/live/0/shopee__item-card-standard-v2/0.2.8/pc/0614b8f0a8fdde22942d.svg,,,,,"Itel RS4 8/128 | 8/256 GB Garansi Resmi Indonesia Second Bekas Original
Rp
1.790.000
5.0
10 Terjual
< 2 Hari
Jakarta Utara",https://shopee.co.id/Itel-RS4-8-128-8-256-GB-Garansi-Resmi-Indonesia-Second-Bekas-Original-i.304735900.28173588426?extraParams=%7B%22display_model_id%22%3A272409300072%2C%22model_selection_logic%22%3A3%7D&sp_atk=7b3082d0-2f19-4ec9-8d69-1ac1ab37afb4&xptdk=7b3082d0-2f19-4ec9-8d69-1ac1ab37afb4,,,
https://down-id.img.susercontent.com/file/id-11134207-8224w-mkop6vvsqv4211,,Itel S25 Ultra 8/256 GB Garansi Resmi Indonesia Second Bekas Original,Rp,1.890.000,https://deo.shopeemobile.com/shopee/modules-federation/live/0/shopee__item-card-standard-v2/0.2.8/pc/38e203dc86172a6c6560.svg,4 Terjual,https://deo.shopeemobile.com/shopee/modules-federation/live/0/shopee__item-card-standard-v2/0.2.8/pc/5dd7b4560d0e2d3190e8.svg,Jakarta Utara,https://deo.shopeemobile.com/shopee/modules-federation/live/0/shopee__item-card-standard-v2/0.2.8/pc/e4734dab67ee2f9ebd5a.png,< 2 Hari,https://deo.shopeemobile.com/shopee/modules-federation/live/0/shopee__item-card-standard-v2/0.2.8/pc/d7099d3fd1dfdaf705ab.svg,4.0,https://deo.shopeemobile.com/shopee/modules-federation/live/0/shopee__item-card-standard-v2/0.2.8/pc/0614b8f0a8fdde22942d.svg,,,,,"Itel S25 Ultra 8/256 GB Garansi Resmi Indonesia Second Bekas Original
Rp
1.890.000
4.0
4 Terjual
< 2 Hari
Jakarta Utara",https://shopee.co.id/Itel-S25-Ultra-8-256-GB-Garansi-Resmi-Indonesia-Second-Bekas-Original-i.304735900.29577777723?extraParams=%7B%22display_model_id%22%3A188256854860%2C%22model_selection_logic%22%3A3%7D&sp_atk=ec8deda5-132c-4bb1-bdb6-fff289f9a75f&xptdk=ec8deda5-132c-4bb1-bdb6-fff289f9a75f,,,
https://down-id.img.susercontent.com/file/id-11134207-7r98z-lx9rwxbf3goe3d,https://down-id.img.susercontent.com/file/id-11134258-8224v-mkvw0cu9r7k1a5,ITEL A70 3/64 3/128 4/64 4/128 4/256 SECOND FULLSET,Rp,1.125.000,https://deo.shopeemobile.com/shopee/modules-federation/live/0/shopee__item-card-standard-v2/0.2.8/pc/38e203dc86172a6c6560.svg,93 Terjual,https://deo.shopeemobile.com/shopee/modules-federation/live/0/shopee__item-card-standard-v2/0.2.8/pc/5dd7b4560d0e2d3190e8.svg,Jakarta Barat,https://deo.shopeemobile.com/shopee/modules-federation/live/0/shopee__item-card-standard-v2/0.2.8/pc/e4734dab67ee2f9ebd5a.png,< 2 Hari,https://deo.shopeemobile.com/shopee/modules-federation/live/0/shopee__item-card-standard-v2/0.2.8/pc/d7099d3fd1dfdaf705ab.svg,4.9,https://deo.shopeemobile.com/shopee/modules-federation/live/0/shopee__item-card-standard-v2/0.2.8/pc/0614b8f0a8fdde22942d.svg,,,,,"ITEL A70 3/64 3/128 4/64 4/128 4/256 SECOND FULLSET
Rp
1.125.000
4.9
93 Terjual
< 2 Hari
Jakarta Barat",https://shopee.co.id/ITEL-A70-3-64-3-128-4-64-4-128-4-256-SECOND-FULLSET-i.203572497.24864516114?extraParams=%7B%22display_model_id%22%3A217348883203%2C%22model_selection_logic%22%3A3%7D&sp_atk=643cc4d8-02e8-4bc2-b83b-365476c999d5&xptdk=643cc4d8-02e8-4bc2-b83b-365476c999d5,,,
https://down-id.img.susercontent.com/file/id-11134207-8224y-ml4pc5926juz47,https://down-id.img.susercontent.com/file/id-11134258-7r98w-lyezzaurybot13,ITEL A70 4/256 SECOND FULLSET ORIGINAL GARANSI RESMI,Rp,1.222.000,https://deo.shopeemobile.com/shopee/modules-federation/live/0/shopee__item-card-standard-v2/0.2.8/pc/38e203dc86172a6c6560.svg,Besok 12:00,https://deo.shopeemobile.com/shopee/modules-federation/live/0/shopee__item-card-standard-v2/0.2.8/pc/5dd7b4560d0e2d3190e8.svg,Kab. Gresik,,Besok 12:00,https://deo.shopeemobile.com/shopee/modules-federation/live/0/shopee__item-card-standard-v2/0.2.8/pc/0614b8f0a8fdde22942d.svg,,https://deo.shopeemobile.com/shopee/modules-federation/live/0/shopee__item-card-standard-v2/0.2.8/pc/0614b8f0a8fdde22942d.svg,,-6%,,https://deo.shopeemobile.com/shopee/modules-federation/live/0/shopee__item-card-standard-v2/0.2.8/pc/b4d1b8a78b3621dbdf4a.svg,"ITEL A70 4/256 SECOND FULLSET ORIGINAL GARANSI RESMI
Rp
1.222.000
-6%
Besok 12:00
Kab. Gresik",https://shopee.co.id/ITEL-A70-4-256-SECOND-FULLSET-ORIGINAL-GARANSI-RESMI-i.1326405452.43378873865?extraParams=%7B%22display_model_id%22%3A345579108995%2C%22model_selection_logic%22%3A3%7D&sp_atk=848b84bb-1b27-49df-a496-bf456b346f7f&xptdk=848b84bb-1b27-49df-a496-bf456b346f7f,,,
https://down-id.img.susercontent.com/file/id-11134207-8224y-mjgz6eva0pokdc,https://down-id.img.susercontent.com/file/id-11134258-8224v-mkvw0cu9r7k1a5,ITEL RS4 8/128GB SECOND MULUS PEMAKAIAN,Rp,1.888.000,https://deo.shopeemobile.com/shopee/modules-federation/live/0/shopee__item-card-standard-v2/0.2.8/pc/38e203dc86172a6c6560.svg,1 Terjual,https://deo.shopeemobile.com/shopee/modules-federation/live/0/shopee__item-card-standard-v2/0.2.8/pc/5dd7b4560d0e2d3190e8.svg,Kab. Sidoarjo,https://deo.shopeemobile.com/shopee/modules-federation/live/0/shopee__item-card-standard-v2/0.2.8/pc/e4734dab67ee2f9ebd5a.png,< 2 Hari,https://deo.shopeemobile.com/shopee/modules-federation/live/0/shopee__item-card-standard-v2/0.2.8/pc/d7099d3fd1dfdaf705ab.svg,5.0,https://deo.shopeemobile.com/shopee/modules-federation/live/0/shopee__item-card-standard-v2/0.2.8/pc/0614b8f0a8fdde22942d.svg,,,,,"ITEL RS4 8/128GB SECOND MULUS PEMAKAIAN
Rp
1.888.000
5.0
1 Terjual
< 2 Hari
Kab. Sidoarjo",https://shopee.co.id/ITEL-RS4-8-128GB-SECOND-MULUS-PEMAKAIAN-i.309409025.57604660965?extraParams=%7B%22display_model_id%22%3A435433550140%2C%22model_selection_logic%22%3A3%7D&sp_atk=91e82dde-bbfc-4605-b022-d79c89aed198&xptdk=91e82dde-bbfc-4605-b022-d79c89aed198,,,
https://down-id.img.susercontent.com/file/id-11134207-7rasb-m3kw0gc1ugrz18,https://down-id.img.susercontent.com/file/id-11134258-8224v-mkvw0cu9r7k1a5,Itel S23 Plus Layar Lengkung Ram 8/256 Nominus Kelengkapan Fulshet second garansi 3 bulan,Rp,2.100.000,https://deo.shopeemobile.com/shopee/modules-federation/live/0/shopee__item-card-standard-v2/0.2.8/pc/38e203dc86172a6c6560.svg,13 Terjual,https://deo.shopeemobile.com/shopee/modules-federation/live/0/shopee__item-card-standard-v2/0.2.8/pc/5dd7b4560d0e2d3190e8.svg,Kab. Karawang,https://deo.shopeemobile.com/shopee/modules-federation/live/0/shopee__item-card-standard-v2/0.2.8/pc/a425c915798471b33e5d.png,< 2 Hari,https://deo.shopeemobile.com/shopee/modules-federation/live/0/shopee__item-card-standard-v2/0.2.8/pc/d7099d3fd1dfdaf705ab.svg,4.6,https://deo.shopeemobile.com/shopee/modules-federation/live/0/shopee__item-card-standard-v2/0.2.8/pc/0614b8f0a8fdde22942d.svg,https://deo.shopeemobile.com/shopee/modules-federation/live/0/shopee__item-card-standard-v2/0.2.8/pc/d2a1900a0267d45fd0f5.png,,,,"Itel S23 Plus Layar Lengkung Ram 8/256 Nominus Kelengkapan Fulshet second garansi 3 bulan
Rp
2.100.000
4.6
13 Terjual
< 2 Hari
Kab. Karawang",https://shopee.co.id/Itel-S23-Plus-Layar-Lengkung-Ram-8-256-Nominus-Kelengkapan-Fulshet-second-garansi-3-bulan-i.958183516.24519827622?extraParams=%7B%22display_model_id%22%3A415813804629%2C%22model_selection_logic%22%3A3%7D&sp_atk=fdcff9a5-4b7c-43d7-8c0f-d2086aae6b43&xptdk=fdcff9a5-4b7c-43d7-8c0f-d2086aae6b43,,,
https://down-id.img.susercontent.com/file/id-11134207-82252-mkdd7b6rvxtx48,https://down-id.img.susercontent.com/file/id-11134258-7r98w-lyezzaurybot13,ITEL p700 8/128 | 2ND - GARANSI RESMI,Rp,1.550.000,https://deo.shopeemobile.com/shopee/modules-federation/live/0/shopee__item-card-standard-v2/0.2.8/pc/38e203dc86172a6c6560.svg,Hari Ini 12:00,https://deo.shopeemobile.com/shopee/modules-federation/live/0/shopee__item-card-standard-v2/0.2.8/pc/5dd7b4560d0e2d3190e8.svg,Surabaya,https://deo.shopeemobile.com/shopee/modules-federation/live/0/shopee__item-card-standard-v2/0.2.8/pc/a425c915798471b33e5d.png,Hari Ini 12:00,https://deo.shopeemobile.com/shopee/modules-federation/live/0/shopee__item-card-standard-v2/0.2.8/pc/0614b8f0a8fdde22942d.svg,,https://deo.shopeemobile.com/shopee/modules-federation/live/0/shopee__item-card-standard-v2/0.2.8/pc/0614b8f0a8fdde22942d.svg,,,,,"ITEL p700 8/128 | 2ND - GARANSI RESMI
Rp
1.550.000
Hari Ini 12:00
Surabaya",https://shopee.co.id/ITEL-p700-8-128-2ND-GARANSI-RESMI-i.1079235380.57705886931?extraParams=%7B%22display_model_id%22%3A435531873559%2C%22model_selection_logic%22%3A3%7D&sp_atk=ca44ee67-c590-43be-a033-0152756a8a4d&xptdk=ca44ee67-c590-43be-a033-0152756a8a4d,,,
https://down-id.img.susercontent.com/file/sg-11134201-825zt-mlhj2whid3bcbb,https://down-id.img.susercontent.com/file/id-11134258-822wr-mlx5y0tebegw04,Itel A90 Ram 4/64GB | Ram 4/128GB | Ram 4/256GB Second Pusat Gadget,Rp,1.299.111,https://deo.shopeemobile.com/shopee/modules-federation/live/0/shopee__item-card-standard-v2/0.2.8/pc/38e203dc86172a6c6560.svg,Hari Ini 12:00,https://deo.shopeemobile.com/shopee/modules-federation/live/0/shopee__item-card-standard-v2/0.2.8/pc/5dd7b4560d0e2d3190e8.svg,Surabaya,https://deo.shopeemobile.com/shopee/modules-federation/live/0/shopee__item-card-standard-v2/0.2.8/pc/a425c915798471b33e5d.png,Cashback 99%,https://deo.shopeemobile.com/shopee/modules-federation/live/0/shopee__item-card-standard-v2/0.2.8/pc/0614b8f0a8fdde22942d.svg,,https://deo.shopeemobile.com/shopee/modules-federation/live/0/shopee__item-card-standard-v2/0.2.8/pc/0614b8f0a8fdde22942d.svg,https://deo.shopeemobile.com/shopee/modules-federation/live/0/shopee__item-card-standard-v2/0.2.8/pc/d2a1900a0267d45fd0f5.png,-13%,,,"Itel A90 Ram 4/64GB | Ram 4/128GB | Ram 4/256GB Second Pusat Gadget
Rp
1.299.111
-13%
Cashback 99%
Hari Ini 12:00
Surabaya",https://shopee.co.id/Itel-A90-Ram-4-64GB-Ram-4-128GB-Ram-4-256GB-Second-Pusat-Gadget-i.1474904896.55206852608?extraParams=%7B%22display_model_id%22%3A400613273070%2C%22model_selection_logic%22%3A3%7D&sp_atk=526c4bb9-48b8-436d-93e0-4c734341b17d&xptdk=526c4bb9-48b8-436d-93e0-4c734341b17d,,,
https://down-id.img.susercontent.com/file/id-11134207-81ztg-me5femiks5qd7a,,INFINIX ITEL S23 [8+8/256] & [8+8/128] SECOND ORIGINAL | GARANSI RESMI,Rp,1.250.000,https://deo.shopeemobile.com/shopee/modules-federation/live/0/shopee__item-card-standard-v2/0.2.8/pc/76dff349290d20891fc1.svg,9 Terjual,https://deo.shopeemobile.com/shopee/modules-federation/live/0/shopee__item-card-standard-v2/0.2.8/pc/5dd7b4560d0e2d3190e8.svg,Kab. Bojonegoro,https://deo.shopeemobile.com/shopee/modules-federation/live/0/shopee__item-card-standard-v2/0.2.8/pc/e4734dab67ee2f9ebd5a.png,,https://deo.shopeemobile.com/shopee/modules-federation/live/0/shopee__item-card-standard-v2/0.2.8/pc/d7099d3fd1dfdaf705ab.svg,4.2,,,,,,"INFINIX ITEL S23 [8+8/256] & [8+8/128] SECOND ORIGINAL | GARANSI RESMI
Rp
1.250.000
4.2
9 Terjual
1-3 Hari
Kab. Bojonegoro",https://shopee.co.id/INFINIX-ITEL-S23-8-8-256-8-8-128-SECOND-ORIGINAL-GARANSI-RESMI-i.105956816.29440413342?extraParams=%7B%22display_model_id%22%3A340512324848%2C%22model_selection_logic%22%3A3%7D&sp_atk=70734eb1-c14a-4f18-a251-ba2a10ebd630&xptdk=70734eb1-c14a-4f18-a251-ba2a10ebd630,,,
https://down-id.img.susercontent.com/file/id-11134207-7rasb-m51hmuxd1uotfd,,Itel RS4 8/128 | 8/256 GB Garansi Resmi Indonesia Second Bekas Original,Rp,1.790.000,https://deo.shopeemobile.com/shopee/modules-federation/live/0/shopee__item-card-standard-v2/0.2.8/pc/38e203dc86172a6c6560.svg,,https://deo.shopeemobile.com/shopee/modules-federation/live/0/shopee__item-card-standard-v2/0.2.8/pc/5dd7b4560d0e2d3190e8.svg,Jakarta Utara,https://deo.shopeemobile.com/shopee/modules-federation/live/0/shopee__item-card-standard-v2/0.2.8/pc/e4734dab67ee2f9ebd5a.png,< 2 Hari,,5.0,https://deo.shopeemobile.com/shopee/modules-federation/live/0/shopee__item-card-standard-v2/0.2.8/pc/0614b8f0a8fdde22942d.svg,,,,,"Itel RS4 8/128 | 8/256 GB Garansi Resmi Indonesia Second Bekas Original
Rp
1.790.000
5.0
10 Terjual
< 2 Hari
Jakarta Utara",https://shopee.co.id/Itel-RS4-8-128-8-256-GB-Garansi-Resmi-Indonesia-Second-Bekas-Original-i.304735900.28173588426?extraParams=%7B%22display_model_id%22%3A272409300072%2C%22model_selection_logic%22%3A3%7D&sp_atk=afcee18d-ed1f-409e-bfe8-732ec15877c3&xptdk=afcee18d-ed1f-409e-bfe8-732ec15877c3,10 Terjual,https://deo.shopeemobile.com/shopee/modules-federation/live/0/shopee__item-card-standard-v2/0.2.8/pc/d7099d3fd1dfdaf705ab.svg,
https://down-id.img.susercontent.com/file/sg-11134201-821g2-mh92mrnsbw961e,https://down-id.img.susercontent.com/file/id-11134258-822wr-mlx5y0tebegw04,iTel S25 Ram 8GB Rom 128GB ( Second ),Rp,1.580.999,https://deo.shopeemobile.com/shopee/modules-federation/live/0/shopee__item-card-standard-v2/0.2.8/pc/38e203dc86172a6c6560.svg,,https://deo.shopeemobile.com/shopee/modules-federation/live/0/shopee__item-card-standard-v2/0.2.8/pc/5dd7b4560d0e2d3190e8.svg,Surabaya,https://deo.shopeemobile.com/shopee/modules-federation/live/0/shopee__item-card-standard-v2/0.2.8/pc/e4734dab67ee2f9ebd5a.png,Cashback 99%,,,https://deo.shopeemobile.com/shopee/modules-federation/live/0/shopee__item-card-standard-v2/0.2.8/pc/0614b8f0a8fdde22942d.svg,,-17%,,,"iTel S25 Ram 8GB Rom 128GB ( Second )
Rp
1.580.999
-17%
Cashback 99%
1 Terjual
Besok 12:00
Surabaya",https://shopee.co.id/iTel-S25-Ram-8GB-Rom-128GB-(-Second-)-i.288677122.52401731986?extraParams=%7B%22display_model_id%22%3A425159470019%2C%22model_selection_logic%22%3A3%7D&sp_atk=e93a3af6-3b9c-4b64-9de4-351b6454750a&xptdk=e93a3af6-3b9c-4b64-9de4-351b6454750a,1 Terjual,https://deo.shopeemobile.com/shopee/modules-federation/live/0/shopee__item-card-standard-v2/0.2.8/pc/0614b8f0a8fdde22942d.svg,
https://down-id.img.susercontent.com/file/id-11134207-7ra0m-mca2qeenwl8ba4,https://down-id.img.susercontent.com/file/id-11134258-7r98w-lyezzaurybot13,Itel RS4 8/256GB Second Fullset Bergaransi,Rp,1.500.000,https://deo.shopeemobile.com/shopee/modules-federation/live/0/shopee__item-card-standard-v2/0.2.8/pc/76dff349290d20891fc1.svg,,https://deo.shopeemobile.com/shopee/modules-federation/live/0/shopee__item-card-standard-v2/0.2.8/pc/5dd7b4560d0e2d3190e8.svg,Jakarta Selatan,,,,,,,,,,"Itel RS4 8/256GB Second Fullset Bergaransi
Rp
1.500.000
3-5 Hari
Jakarta Selatan",https://shopee.co.id/Itel-RS4-8-256GB-Second-Fullset-Bergaransi-i.1577265439.28238744538?extraParams=%7B%22display_model_id%22%3A285737935049%2C%22model_selection_logic%22%3A3%7D&sp_atk=a17dd9fa-8848-4e8c-99e5-be334348c9c9&xptdk=a17dd9fa-8848-4e8c-99e5-be334348c9c9,3-5 Hari,,
https://down-id.img.susercontent.com/file/id-11134207-822wl-mncg0aefl2pt7d,https://down-id.img.susercontent.com/file/id-11134258-822wr-mlx67rtd6r602f,ITEL S23 SECOND 8/256 & 8/128GB HP SECOND HP SEKEN HP BEKAS HP MURAH,Rp,1.350.000,https://deo.shopeemobile.com/shopee/modules-federation/live/0/shopee__item-card-standard-v2/0.2.8/pc/38e203dc86172a6c6560.svg,,https://deo.shopeemobile.com/shopee/modules-federation/live/0/shopee__item-card-standard-v2/0.2.8/pc/5dd7b4560d0e2d3190e8.svg,Kab. Bogor,https://deo.shopeemobile.com/shopee/modules-federation/live/0/shopee__item-card-standard-v2/0.2.8/pc/a425c915798471b33e5d.png,< 2 Hari,,5.0,https://deo.shopeemobile.com/shopee/modules-federation/live/0/shopee__item-card-standard-v2/0.2.8/pc/0614b8f0a8fdde22942d.svg,,,,,"ITEL S23 SECOND 8/256 & 8/128GB HP SECOND HP SEKEN HP BEKAS HP MURAH
Rp
1.350.000
5.0
1 Terjual
< 2 Hari
Kab. Bogor",https://shopee.co.id/ITEL-S23-SECOND-8-256-8-128GB-HP-SECOND-HP-SEKEN-HP-BEKAS-HP-MURAH-i.119246735.47202123863?extraParams=%7B%22display_model_id%22%3A345821186724%2C%22model_selection_logic%22%3A3%7D&sp_atk=07e4eba4-d611-4720-b637-864c005e6a0f&xptdk=07e4eba4-d611-4720-b637-864c005e6a0f,1 Terjual,https://deo.shopeemobile.com/shopee/modules-federation/live/0/shopee__item-card-standard-v2/0.2.8/pc/d7099d3fd1dfdaf705ab.svg,
https://down-id.img.susercontent.com/file/id-11134207-822wn-mn9ss5cssn4648,https://down-id.img.susercontent.com/file/id-11134258-7r98w-lyezzaurybot13,ITEL S25 8/128GB SECOND FULSET,Rp,1.500.000,https://deo.shopeemobile.com/shopee/modules-federation/live/0/shopee__item-card-standard-v2/0.2.8/pc/38e203dc86172a6c6560.svg,,https://deo.shopeemobile.com/shopee/modules-federation/live/0/shopee__item-card-standard-v2/0.2.8/pc/5dd7b4560d0e2d3190e8.svg,Bekasi,,< 2 Hari,,,https://deo.shopeemobile.com/shopee/modules-federation/live/0/shopee__item-card-standard-v2/0.2.8/pc/0614b8f0a8fdde22942d.svg,,,,,"ITEL S25 8/128GB SECOND FULSET
Rp
1.500.000
< 2 Hari
Bekasi",https://shopee.co.id/ITEL-S25-8-128GB-SECOND-FULSET-i.1607684217.51059327318?extraParams=%7B%22display_model_id%22%3A335824761852%2C%22model_selection_logic%22%3A3%7D&sp_atk=a1ef2eeb-efd2-4241-9e82-db6fe737bec4&xptdk=a1ef2eeb-efd2-4241-9e82-db6fe737bec4,< 2 Hari,https://deo.shopeemobile.com/shopee/modules-federation/live/0/shopee__item-card-standard-v2/0.2.8/pc/0614b8f0a8fdde22942d.svg,
https://down-id.img.susercontent.com/file/id-11134207-81ztc-me1alhejaygx79,https://down-id.img.susercontent.com/file/id-11134258-7r98w-lyezzaurybot13,Itel A60s 4/64 GB RAM 4 ROM 64 GB Second Bekas Pakai Resmi Indonesia (Baca Deskripsi),Rp,675.000,https://deo.shopeemobile.com/shopee/modules-federation/live/0/shopee__item-card-standard-v2/0.2.8/pc/38e203dc86172a6c6560.svg,,https://deo.shopeemobile.com/shopee/modules-federation/live/0/shopee__item-card-standard-v2/0.2.8/pc/5dd7b4560d0e2d3190e8.svg,Jakarta Utara,,< 2 Hari,,,https://deo.shopeemobile.com/shopee/modules-federation/live/0/shopee__item-card-standard-v2/0.2.8/pc/0614b8f0a8fdde22942d.svg,,,,,"Itel A60s 4/64 GB RAM 4 ROM 64 GB Second Bekas Pakai Resmi Indonesia (Baca Deskripsi)
Rp
675.000
< 2 Hari
Jakarta Utara",https://shopee.co.id/Itel-A60s-4-64-GB-RAM-4-ROM-64-GB-Second-Bekas-Pakai-Resmi-Indonesia-(Baca-Deskripsi)-i.1489005931.42066108613?extraParams=%7B%22display_model_id%22%3A271326908311%2C%22model_selection_logic%22%3A3%7D&sp_atk=e8ce890f-1609-409f-a8d4-275b4282267d&xptdk=e8ce890f-1609-409f-a8d4-275b4282267d,< 2 Hari,https://deo.shopeemobile.com/shopee/modules-federation/live/0/shopee__item-card-standard-v2/0.2.8/pc/0614b8f0a8fdde22942d.svg,
https://down-id.img.susercontent.com/file/id-11134207-822wo-mmo9hsgwly4lba,https://down-id.img.susercontent.com/file/id-11134258-822wr-mlx5y0tebegw04,iTel P55 5G Ram 6 Rom 128GB Second Pusat Gadget,Rp,1.499.111,https://deo.shopeemobile.com/shopee/modules-federation/live/0/shopee__item-card-standard-v2/0.2.8/pc/38e203dc86172a6c6560.svg,,https://deo.shopeemobile.com/shopee/modules-federation/live/0/shopee__item-card-standard-v2/0.2.8/pc/5dd7b4560d0e2d3190e8.svg,Surabaya,https://deo.shopeemobile.com/shopee/modules-federation/live/0/shopee__item-card-standard-v2/0.2.8/pc/a425c915798471b33e5d.png,Cashback 99%,,,https://deo.shopeemobile.com/shopee/modules-federation/live/0/shopee__item-card-standard-v2/0.2.8/pc/0614b8f0a8fdde22942d.svg,https://deo.shopeemobile.com/shopee/modules-federation/live/0/shopee__item-card-standard-v2/0.2.8/pc/d2a1900a0267d45fd0f5.png,-21%,,,"iTel P55 5G Ram 6 Rom 128GB Second Pusat Gadget
Rp
1.499.111
-21%
Cashback 99%
Hari Ini 12:00
Surabaya",https://shopee.co.id/iTel-P55-5G-Ram-6-Rom-128GB-Second-Pusat-Gadget-i.1474904896.48955750523?extraParams=%7B%22display_model_id%22%3A415757655782%2C%22model_selection_logic%22%3A3%7D&sp_atk=c8c330ee-ee08-4c09-8cf0-bc1401ed710f&xptdk=c8c330ee-ee08-4c09-8cf0-bc1401ed710f,Hari Ini 12:00,https://deo.shopeemobile.com/shopee/modules-federation/live/0/shopee__item-card-standard-v2/0.2.8/pc/0614b8f0a8fdde22942d.svg,
https://down-id.img.susercontent.com/file/id-11134207-8224y-ml4pc5926juz47,https://down-id.img.susercontent.com/file/id-11134258-7r98w-lyezzaurybot13,ITEL A70 4/256 SECOND FULLSET ORIGINAL GARANSI RESMI,Rp,1.222.000,https://deo.shopeemobile.com/shopee/modules-federation/live/0/shopee__item-card-standard-v2/0.2.8/pc/38e203dc86172a6c6560.svg,,https://deo.shopeemobile.com/shopee/modules-federation/live/0/shopee__item-card-standard-v2/0.2.8/pc/5dd7b4560d0e2d3190e8.svg,Kab. Gresik,,Besok 12:00,,,https://deo.shopeemobile.com/shopee/modules-federation/live/0/shopee__item-card-standard-v2/0.2.8/pc/0614b8f0a8fdde22942d.svg,,-6%,,https://deo.shopeemobile.com/shopee/modules-federation/live/0/shopee__item-card-standard-v2/0.2.8/pc/b4d1b8a78b3621dbdf4a.svg,"ITEL A70 4/256 SECOND FULLSET ORIGINAL GARANSI RESMI
Rp
1.222.000
-6%
Besok 12:00
Kab. Gresik",https://shopee.co.id/ITEL-A70-4-256-SECOND-FULLSET-ORIGINAL-GARANSI-RESMI-i.1326405452.43378873865?extraParams=%7B%22display_model_id%22%3A345579108995%2C%22model_selection_logic%22%3A3%7D&sp_atk=ca6e27dd-561b-43b6-a8c2-a1b6070906bc&xptdk=ca6e27dd-561b-43b6-a8c2-a1b6070906bc,Besok 12:00,https://deo.shopeemobile.com/shopee/modules-federation/live/0/shopee__item-card-standard-v2/0.2.8/pc/0614b8f0a8fdde22942d.svg,
https://down-id.img.susercontent.com/file/sg-11134201-7ren7-m894ffnq34qo6c,https://down-id.img.susercontent.com/file/id-11134258-822wr-mlx5y0tebegw04,iTel S25 Ram 8 Rom 128GB Second Original,Rp,1.599.000,https://deo.shopeemobile.com/shopee/modules-federation/live/0/shopee__item-card-standard-v2/0.2.8/pc/38e203dc86172a6c6560.svg,,https://deo.shopeemobile.com/shopee/modules-federation/live/0/shopee__item-card-standard-v2/0.2.8/pc/5dd7b4560d0e2d3190e8.svg,Surabaya,https://deo.shopeemobile.com/shopee/modules-federation/live/0/shopee__item-card-standard-v2/0.2.8/pc/e4734dab67ee2f9ebd5a.png,Hari Ini 12:00,,4.0,https://deo.shopeemobile.com/shopee/modules-federation/live/0/shopee__item-card-standard-v2/0.2.8/pc/0614b8f0a8fdde22942d.svg,,,,,"iTel S25 Ram 8 Rom 128GB Second Original
Rp
1.599.000
4.0
4 Terjual
Hari Ini 12:00
Surabaya",https://shopee.co.id/iTel-S25-Ram-8-Rom-128GB-Second-Original-i.358338280.28232252349?extraParams=%7B%22display_model_id%22%3A315140948239%2C%22model_selection_logic%22%3A3%7D&sp_atk=898d59ca-68fa-45fa-a1d2-f93e11cff922&xptdk=898d59ca-68fa-45fa-a1d2-f93e11cff922,4 Terjual,https://deo.shopeemobile.com/shopee/modules-federation/live/0/shopee__item-card-standard-v2/0.2.8/pc/d7099d3fd1dfdaf705ab.svg,
https://down-id.img.susercontent.com/file/id-11134207-7rbk1-m6dg0pkf4hyg6d,,Itel A50 3/64 GB Garansi Resmi Indonesia Second Bekas Original,Rp,975.000,https://deo.shopeemobile.com/shopee/modules-federation/live/0/shopee__item-card-standard-v2/0.2.8/pc/38e203dc86172a6c6560.svg,,https://deo.shopeemobile.com/shopee/modules-federation/live/0/shopee__item-card-standard-v2/0.2.8/pc/5dd7b4560d0e2d3190e8.svg,Jakarta Utara,https://deo.shopeemobile.com/shopee/modules-federation/live/0/shopee__item-card-standard-v2/0.2.8/pc/e4734dab67ee2f9ebd5a.png,< 2 Hari,,5.0,https://deo.shopeemobile.com/shopee/modules-federation/live/0/shopee__item-card-standard-v2/0.2.8/pc/0614b8f0a8fdde22942d.svg,,,,,"Itel A50 3/64 GB Garansi Resmi Indonesia Second Bekas Original
Rp
975.000
5.0
1 Terjual
< 2 Hari
Jakarta Utara",https://shopee.co.id/Itel-A50-3-64-GB-Garansi-Resmi-Indonesia-Second-Bekas-Original-i.515774005.28126519659?extraParams=%7B%22display_model_id%22%3A195795416525%2C%22model_selection_logic%22%3A3%7D&sp_atk=f12cc5af-451e-49bd-a896-e31443227dfd&xptdk=f12cc5af-451e-49bd-a896-e31443227dfd,1 Terjual,https://deo.shopeemobile.com/shopee/modules-federation/live/0/shopee__item-card-standard-v2/0.2.8/pc/d7099d3fd1dfdaf705ab.svg,
https://down-id.img.susercontent.com/file/id-11134207-822ws-mlx4q995gxs0fc,https://down-id.img.susercontent.com/file/id-11134258-822wr-mlx67rtd6r602f,Itel City 100 6/128 8/128 GB Garansi Resmi Indonesia Second,Rp,1.445.000,https://deo.shopeemobile.com/shopee/modules-federation/live/0/shopee__item-card-standard-v2/0.2.8/pc/76dff349290d20891fc1.svg,,https://deo.shopeemobile.com/shopee/modules-federation/live/0/shopee__item-card-standard-v2/0.2.8/pc/5dd7b4560d0e2d3190e8.svg,Kab. Purwakarta,https://deo.shopeemobile.com/shopee/modules-federation/live/0/shopee__item-card-standard-v2/0.2.8/pc/e4734dab67ee2f9ebd5a.png,,,5.0,,,,Cicilan,,"Itel City 100 6/128 8/128 GB Garansi Resmi Indonesia Second
Rp
1.445.000
Cicilan
5.0
9 Terjual
2-4 Hari
Kab. Purwakarta",https://shopee.co.id/Itel-City-100-6-128-8-128-GB-Garansi-Resmi-Indonesia-Second-i.42718474.14400207459?extraParams=%7B%22display_model_id%22%3A286639614833%2C%22model_selection_logic%22%3A3%7D&sp_atk=f9585976-06bf-4f97-be5c-fe811e2ea050&xptdk=f9585976-06bf-4f97-be5c-fe811e2ea050,9 Terjual,https://deo.shopeemobile.com/shopee/modules-federation/live/0/shopee__item-card-standard-v2/0.2.8/pc/d7099d3fd1dfdaf705ab.svg,
https://down-id.img.susercontent.com/file/id-11134207-7rbkb-m8hbw2oafrblc6,,Itel S23+ Plus 8/256 GB Garansi Resmi Indonesia Second Bekas Original,Rp,1.675.000,https://deo.shopeemobile.com/shopee/modules-federation/live/0/shopee__item-card-standard-v2/0.2.8/pc/38e203dc86172a6c6560.svg,,https://deo.shopeemobile.com/shopee/modules-federation/live/0/shopee__item-card-standard-v2/0.2.8/pc/5dd7b4560d0e2d3190e8.svg,Jakarta Utara,https://deo.shopeemobile.com/shopee/modules-federation/live/0/shopee__item-card-standard-v2/0.2.8/pc/e4734dab67ee2f9ebd5a.png,< 2 Hari,,5.0,https://deo.shopeemobile.com/shopee/modules-federation/live/0/shopee__item-card-standard-v2/0.2.8/pc/0614b8f0a8fdde22942d.svg,,,,,"Itel S23+ Plus 8/256 GB Garansi Resmi Indonesia Second Bekas Original
Rp
1.675.000
5.0
6 Terjual
< 2 Hari
Jakarta Utara",https://shopee.co.id/Itel-S23-Plus-8-256-GB-Garansi-Resmi-Indonesia-Second-Bekas-Original-i.515774005.27583130637?extraParams=%7B%22display_model_id%22%3A258157527031%2C%22model_selection_logic%22%3A3%7D&sp_atk=acac4689-3471-4376-a56b-ee7c84298b90&xptdk=acac4689-3471-4376-a56b-ee7c84298b90,6 Terjual,https://deo.shopeemobile.com/shopee/modules-federation/live/0/shopee__item-card-standard-v2/0.2.8/pc/d7099d3fd1dfdaf705ab.svg,
https://down-id.img.susercontent.com/file/id-11134207-822wi-mn9mswel883lee,https://down-id.img.susercontent.com/file/id-11134258-8224v-mkvw0cu9r7k1a5,ITEL A100C 4/64GB HP BEKAS SECOND FULLSET,Rp,1.245.000,https://deo.shopeemobile.com/shopee/modules-federation/live/0/shopee__item-card-standard-v2/0.2.8/pc/38e203dc86172a6c6560.svg,,https://deo.shopeemobile.com/shopee/modules-federation/live/0/shopee__item-card-standard-v2/0.2.8/pc/5dd7b4560d0e2d3190e8.svg,Jakarta Selatan,https://deo.shopeemobile.com/shopee/modules-federation/live/0/shopee__item-card-standard-v2/0.2.8/pc/e4734dab67ee2f9ebd5a.png,< 2 Hari,,,https://deo.shopeemobile.com/shopee/modules-federation/live/0/shopee__item-card-standard-v2/0.2.8/pc/0614b8f0a8fdde22942d.svg,,,,,"ITEL A100C 4/64GB HP BEKAS SECOND FULLSET
Rp
1.245.000
< 2 Hari
Jakarta Selatan",https://shopee.co.id/ITEL-A100C-4-64GB-HP-BEKAS-SECOND-FULLSET-i.11253738.57859148837?extraParams=%7B%22display_model_id%22%3A385810677698%2C%22model_selection_logic%22%3A3%7D&sp_atk=ae66d36d-d243-48d0-b430-6508da47b083&xptdk=ae66d36d-d243-48d0-b430-6508da47b083,< 2 Hari,https://deo.shopeemobile.com/shopee/modules-federation/live/0/shopee__item-card-standard-v2/0.2.8/pc/0614b8f0a8fdde22942d.svg,
https://down-id.img.susercontent.com/file/id-11134207-822wi-mn340r2p7gg6ba,https://down-id.img.susercontent.com/file/id-11134258-7r98w-lyezzaurybot13,Itel RS4 8/128Gb Second Fulset,Rp,1.500.000,https://deo.shopeemobile.com/shopee/modules-federation/live/0/shopee__item-card-standard-v2/0.2.8/pc/38e203dc86172a6c6560.svg,,https://deo.shopeemobile.com/shopee/modules-federation/live/0/shopee__item-card-standard-v2/0.2.8/pc/5dd7b4560d0e2d3190e8.svg,Bekasi,,< 2 Hari,,,https://deo.shopeemobile.com/shopee/modules-federation/live/0/shopee__item-card-standard-v2/0.2.8/pc/0614b8f0a8fdde22942d.svg,,,,,"Itel RS4 8/128Gb Second Fulset
Rp
1.500.000
< 2 Hari
Bekasi",https://shopee.co.id/Itel-RS4-8-128Gb-Second-Fulset-i.1659065854.47608921295?extraParams=%7B%22display_model_id%22%3A272540469819%2C%22model_selection_logic%22%3A3%7D&sp_atk=0dd19827-f96d-4183-a983-51d116cc201d&xptdk=0dd19827-f96d-4183-a983-51d116cc201d,< 2 Hari,https://deo.shopeemobile.com/shopee/modules-federation/live/0/shopee__item-card-standard-v2/0.2.8/pc/0614b8f0a8fdde22942d.svg,
https://down-id.img.susercontent.com/file/id-11134207-822wu-mn9pdu7yuyh44f,https://down-id.img.susercontent.com/file/id-11134258-8224v-mkvw0cu9r7k1a5,ITEL A100C 4/64GB HANDPHONE SECOND BEKAS FULLSET,Rp,1.235.000,https://deo.shopeemobile.com/shopee/modules-federation/live/0/shopee__item-card-standard-v2/0.2.8/pc/38e203dc86172a6c6560.svg,,https://deo.shopeemobile.com/shopee/modules-federation/live/0/shopee__item-card-standard-v2/0.2.8/pc/5dd7b4560d0e2d3190e8.svg,Jakarta Selatan,https://deo.shopeemobile.com/shopee/modules-federation/live/0/shopee__item-card-standard-v2/0.2.8/pc/a425c915798471b33e5d.png,< 2 Hari,,,https://deo.shopeemobile.com/shopee/modules-federation/live/0/shopee__item-card-standard-v2/0.2.8/pc/0614b8f0a8fdde22942d.svg,,,,,"ITEL A100C 4/64GB HANDPHONE SECOND BEKAS FULLSET
Rp
1.235.000
< 2 Hari
Jakarta Selatan",https://shopee.co.id/ITEL-A100C-4-64GB-HANDPHONE-SECOND-BEKAS-FULLSET-i.1687434367.50109148084?extraParams=%7B%22display_model_id%22%3A292552918026%2C%22model_selection_logic%22%3A3%7D&sp_atk=f1d64a29-3982-4265-98b7-64a86fb67bfb&xptdk=f1d64a29-3982-4265-98b7-64a86fb67bfb,< 2 Hari,https://deo.shopeemobile.com/shopee/modules-federation/live/0/shopee__item-card-standard-v2/0.2.8/pc/0614b8f0a8fdde22942d.svg,
https://down-id.img.susercontent.com/file/id-11134207-8224x-mjtsxjx4b5dt45,https://down-id.img.susercontent.com/file/id-11134258-822wr-mlx5y0tebegw04,iTel S25 Ram 8 Rom 128GB Second Resmi Gadget Style Store,Rp,1.556.824,https://deo.shopeemobile.com/shopee/modules-federation/live/0/shopee__item-card-standard-v2/0.2.8/pc/38e203dc86172a6c6560.svg,,https://deo.shopeemobile.com/shopee/modules-federation/live/0/shopee__item-card-standard-v2/0.2.8/pc/5dd7b4560d0e2d3190e8.svg,Surabaya,https://deo.shopeemobile.com/shopee/modules-federation/live/0/shopee__item-card-standard-v2/0.2.8/pc/a425c915798471b33e5d.png,Hari Ini 12:00,,,https://deo.shopeemobile.com/shopee/modules-federation/live/0/shopee__item-card-standard-v2/0.2.8/pc/0614b8f0a8fdde22942d.svg,https://deo.shopeemobile.com/shopee/modules-federation/live/0/shopee__item-card-standard-v2/0.2.8/pc/d2a1900a0267d45fd0f5.png,-38%,,https://deo.shopeemobile.com/shopee/modules-federation/live/0/shopee__item-card-standard-v2/0.2.8/pc/b4d1b8a78b3621dbdf4a.svg,"iTel S25 Ram 8 Rom 128GB Second Resmi Gadget Style Store
Rp
1.556.824
-38%
Hari Ini 12:00
Surabaya",https://shopee.co.id/iTel-S25-Ram-8-Rom-128GB-Second-Resmi-Gadget-Style-Store-i.1544060692.53451790857?extraParams=%7B%22display_model_id%22%3A272178415921%2C%22model_selection_logic%22%3A3%7D&sp_atk=9bd022a3-83f4-4645-8a68-3187952048f0&xptdk=9bd022a3-83f4-4645-8a68-3187952048f0,Hari Ini 12:00,https://deo.shopeemobile.com/shopee/modules-federation/live/0/shopee__item-card-standard-v2/0.2.8/pc/0614b8f0a8fdde22942d.svg,
https://down-id.img.susercontent.com/file/id-11134207-7ra0k-mbxvudfoxphz94,https://down-id.img.susercontent.com/file/id-11134258-822wr-mlx67rtd6r602f,Itel A70 3/128 4/64 4/128 4/256 GB Garansi Resmi Indonesia Second,Rp,1.145.000,https://deo.shopeemobile.com/shopee/modules-federation/live/0/shopee__item-card-standard-v2/0.2.8/pc/38e203dc86172a6c6560.svg,,https://deo.shopeemobile.com/shopee/modules-federation/live/0/shopee__item-card-standard-v2/0.2.8/pc/5dd7b4560d0e2d3190e8.svg,Kab. Purwakarta,https://deo.shopeemobile.com/shopee/modules-federation/live/0/shopee__item-card-standard-v2/0.2.8/pc/e4734dab67ee2f9ebd5a.png,< 2 Hari,,4.9,https://deo.shopeemobile.com/shopee/modules-federation/live/0/shopee__item-card-standard-v2/0.2.8/pc/0614b8f0a8fdde22942d.svg,,,Cicilan,,"Itel A70 3/128 4/64 4/128 4/256 GB Garansi Resmi Indonesia Second
Rp
1.145.000
Cicilan
4.9
33 Terjual
< 2 Hari
Kab. Purwakarta",https://shopee.co.id/Itel-A70-3-128-4-64-4-128-4-256-GB-Garansi-Resmi-Indonesia-Second-i.42718474.16547393929?extraParams=%7B%22display_model_id%22%3A241929711725%2C%22model_selection_logic%22%3A3%7D&sp_atk=4cf2cb5a-9188-404c-836e-890fc3988758&xptdk=4cf2cb5a-9188-404c-836e-890fc3988758,33 Terjual,https://deo.shopeemobile.com/shopee/modules-federation/live/0/shopee__item-card-standard-v2/0.2.8/pc/d7099d3fd1dfdaf705ab.svg,
https://down-id.img.susercontent.com/file/id-11134207-7rasl-m48anwuge0u24f,https://down-id.img.susercontent.com/file/id-11134258-8224v-mkvw0cu9r7k1a5,ITEL A50 3/64 4/64 3/128 SECOND FULLSET,Rp,1.049.000,https://deo.shopeemobile.com/shopee/modules-federation/live/0/shopee__item-card-standard-v2/0.2.8/pc/76dff349290d20891fc1.svg,,https://deo.shopeemobile.com/shopee/modules-federation/live/0/shopee__item-card-standard-v2/0.2.8/pc/5dd7b4560d0e2d3190e8.svg,Jakarta Barat,https://deo.shopeemobile.com/shopee/modules-federation/live/0/shopee__item-card-standard-v2/0.2.8/pc/e4734dab67ee2f9ebd5a.png,,,5.0,,,,,,"ITEL A50 3/64 4/64 3/128 SECOND FULLSET
Rp
1.049.000
5.0
29 Terjual
2-4 Hari
Jakarta Barat",https://shopee.co.id/ITEL-A50-3-64-4-64-3-128-SECOND-FULLSET-i.365327344.26021887811?extraParams=%7B%22display_model_id%22%3A185788983437%2C%22model_selection_logic%22%3A3%7D&sp_atk=0db9c855-5bbb-4602-bee4-18045cd4f6d6&xptdk=0db9c855-5bbb-4602-bee4-18045cd4f6d6,29 Terjual,https://deo.shopeemobile.com/shopee/modules-federation/live/0/shopee__item-card-standard-v2/0.2.8/pc/d7099d3fd1dfdaf705ab.svg,
https://down-id.img.susercontent.com/file/id-11134207-7r98y-lzyvzu0bda9x16,https://down-id.img.susercontent.com/file/id-11134258-8224v-mkvw0cu9r7k1a5,HP itel S23 plus second like new,Rp,2.100.000,https://deo.shopeemobile.com/shopee/modules-federation/live/0/shopee__item-card-standard-v2/0.2.8/pc/76dff349290d20891fc1.svg,,https://deo.shopeemobile.com/shopee/modules-federation/live/0/shopee__item-card-standard-v2/0.2.8/pc/5dd7b4560d0e2d3190e8.svg,Kab. Cilacap,,,,,,,,,,"HP itel S23 plus second like new
Rp
2.100.000
1-4 Hari
Kab. Cilacap",https://shopee.co.id/HP-itel-S23-plus-second-like-new-i.128225067.28060749152?extraParams=%7B%22display_model_id%22%3A217793860677%2C%22model_selection_logic%22%3A3%7D&sp_atk=26a57ba4-e668-4a32-b7cd-3c7c7dc1195b&xptdk=26a57ba4-e668-4a32-b7cd-3c7c7dc1195b,1-4 Hari,,
https://down-id.img.susercontent.com/file/id-11134207-81ztn-mfkuft9tpw5m05,https://down-id.img.susercontent.com/file/id-11134258-822wr-mlx5y0tebegw04,iTel P70 Ram 4/128GB | Ram 8/128GB ( Second ),Rp,1.550.199,https://deo.shopeemobile.com/shopee/modules-federation/live/0/shopee__item-card-standard-v2/0.2.8/pc/38e203dc86172a6c6560.svg,,https://deo.shopeemobile.com/shopee/modules-federation/live/0/shopee__item-card-standard-v2/0.2.8/pc/5dd7b4560d0e2d3190e8.svg,Surabaya,https://deo.shopeemobile.com/shopee/modules-federation/live/0/shopee__item-card-standard-v2/0.2.8/pc/a425c915798471b33e5d.png,Besok 12:00,,5.0,https://deo.shopeemobile.com/shopee/modules-federation/live/0/shopee__item-card-standard-v2/0.2.8/pc/0614b8f0a8fdde22942d.svg,,-22%,,,"iTel P70 Ram 4/128GB | Ram 8/128GB ( Second )
Rp
1.550.199
-22%
5.0
7 Terjual
Besok 12:00
Surabaya",https://shopee.co.id/iTel-P70-Ram-4-128GB-Ram-8-128GB-(-Second-)-i.194632330.27892685310?extraParams=%7B%22display_model_id%22%3A325569546176%2C%22model_selection_logic%22%3A3%7D&sp_atk=367c95db-e095-4aa5-8c4b-cff036427f76&xptdk=367c95db-e095-4aa5-8c4b-cff036427f76,7 Terjual,https://deo.shopeemobile.com/shopee/modules-federation/live/0/shopee__item-card-standard-v2/0.2.8/pc/d7099d3fd1dfdaf705ab.svg,
https://down-id.img.susercontent.com/file/id-11134207-82250-mhiji56p5342f0,https://down-id.img.susercontent.com/file/id-11134258-822wr-mlx67rtd6r602f,ITEL S23 SECOND 8/128GB HANDPHONE SECOND HP SEKEN HP BEKAS HP MURAH,Rp,1.350.000,https://deo.shopeemobile.com/shopee/modules-federation/live/0/shopee__item-card-standard-v2/0.2.8/pc/38e203dc86172a6c6560.svg,,https://deo.shopeemobile.com/shopee/modules-federation/live/0/shopee__item-card-standard-v2/0.2.8/pc/5dd7b4560d0e2d3190e8.svg,Kab. Bogor,https://deo.shopeemobile.com/shopee/modules-federation/live/0/shopee__item-card-standard-v2/0.2.8/pc/e4734dab67ee2f9ebd5a.png,< 2 Hari,,,https://deo.shopeemobile.com/shopee/modules-federation/live/0/shopee__item-card-standard-v2/0.2.8/pc/0614b8f0a8fdde22942d.svg,,,,,"ITEL S23 SECOND 8/128GB HANDPHONE SECOND HP SEKEN HP BEKAS HP MURAH
Rp
1.350.000
< 2 Hari
Kab. Bogor",https://shopee.co.id/ITEL-S23-SECOND-8-128GB-HANDPHONE-SECOND-HP-SEKEN-HP-BEKAS-HP-MURAH-i.15939657.49352123886?extraParams=%7B%22display_model_id%22%3A325821192003%2C%22model_selection_logic%22%3A3%7D&sp_atk=dc27c781-b41c-430d-9510-7f2070c8910a&xptdk=dc27c781-b41c-430d-9510-7f2070c8910a,< 2 Hari,https://deo.shopeemobile.com/shopee/modules-federation/live/0/shopee__item-card-standard-v2/0.2.8/pc/0614b8f0a8fdde22942d.svg,
https://down-id.img.susercontent.com/file/id-11134207-7rbkb-m6q0epj1wig1ac,,ITEL A50 3/64GB & 3/128GB & 4/64GB SECOND,Rp,1.025.000,https://deo.shopeemobile.com/shopee/modules-federation/live/0/shopee__item-card-standard-v2/0.2.8/pc/38e203dc86172a6c6560.svg,,https://deo.shopeemobile.com/shopee/modules-federation/live/0/shopee__item-card-standard-v2/0.2.8/pc/5dd7b4560d0e2d3190e8.svg,Jakarta Barat,https://deo.shopeemobile.com/shopee/modules-federation/live/0/shopee__item-card-standard-v2/0.2.8/pc/e4734dab67ee2f9ebd5a.png,< 2 Hari,,5.0,https://deo.shopeemobile.com/shopee/modules-federation/live/0/shopee__item-card-standard-v2/0.2.8/pc/0614b8f0a8fdde22942d.svg,https://deo.shopeemobile.com/shopee/modules-federation/live/0/shopee__item-card-standard-v2/0.2.8/pc/d2a1900a0267d45fd0f5.png,,,,"ITEL A50 3/64GB & 3/128GB & 4/64GB SECOND
Rp
1.025.000
5.0
9 Terjual
< 2 Hari
Jakarta Barat",https://shopee.co.id/ITEL-A50-3-64GB-3-128GB-4-64GB-SECOND-i.86064906.29625257026?extraParams=%7B%22display_model_id%22%3A218253258771%2C%22model_selection_logic%22%3A3%7D&sp_atk=ae7efaf5-8e00-40f6-bbb3-6badefa36238&xptdk=ae7efaf5-8e00-40f6-bbb3-6badefa36238,9 Terjual,https://deo.shopeemobile.com/shopee/modules-federation/live/0/shopee__item-card-standard-v2/0.2.8/pc/d7099d3fd1dfdaf705ab.svg,
https://down-id.img.susercontent.com/file/id-11134207-822wl-mn5289vjexhk3d,https://down-id.img.susercontent.com/file/id-11134258-822wr-mlx67rtd6r602f,ITEL VISION 1 PRO RAM 2/32GB HANDPHONE ANDROID SECOND NORMAL SIAP PAKAI,Rp,595.000,https://deo.shopeemobile.com/shopee/modules-federation/live/0/shopee__item-card-standard-v2/0.2.8/pc/38e203dc86172a6c6560.svg,,https://deo.shopeemobile.com/shopee/modules-federation/live/0/shopee__item-card-standard-v2/0.2.8/pc/5dd7b4560d0e2d3190e8.svg,Bandung,https://deo.shopeemobile.com/shopee/modules-federation/live/0/shopee__item-card-standard-v2/0.2.8/pc/a425c915798471b33e5d.png,< 2 Hari,,,https://deo.shopeemobile.com/shopee/modules-federation/live/0/shopee__item-card-standard-v2/0.2.8/pc/0614b8f0a8fdde22942d.svg,https://deo.shopeemobile.com/shopee/modules-federation/live/0/shopee__item-card-standard-v2/0.2.8/pc/d2a1900a0267d45fd0f5.png,,,,"ITEL VISION 1 PRO RAM 2/32GB HANDPHONE ANDROID SECOND NORMAL SIAP PAKAI
Rp
595.000
2 Terjual
< 2 Hari
Bandung",https://shopee.co.id/ITEL-VISION-1-PRO-RAM-2-32GB-HANDPHONE-ANDROID-SECOND-NORMAL-SIAP-PAKAI-i.15904669.53206271826?extraParams=%7B%22display_model_id%22%3A435568083516%2C%22model_selection_logic%22%3A3%7D&sp_atk=6267ef71-14e9-4f92-a013-d0abd2473809&xptdk=6267ef71-14e9-4f92-a013-d0abd2473809,2 Terjual,https://deo.shopeemobile.com/shopee/modules-federation/live/0/shopee__item-card-standard-v2/0.2.8/pc/0614b8f0a8fdde22942d.svg,
https://down-id.img.susercontent.com/file/sg-11134201-825zt-mlhj2whid3bcbb,https://down-id.img.susercontent.com/file/id-11134258-822wr-mlx5y0tebegw04,Itel A90 Ram 4/64GB | Ram 4/128GB | Ram 4/256GB Second Pusat Gadget,Rp,1.299.111,https://deo.shopeemobile.com/shopee/modules-federation/live/0/shopee__item-card-standard-v2/0.2.8/pc/38e203dc86172a6c6560.svg,,https://deo.shopeemobile.com/shopee/modules-federation/live/0/shopee__item-card-standard-v2/0.2.8/pc/5dd7b4560d0e2d3190e8.svg,Surabaya,https://deo.shopeemobile.com/shopee/modules-federation/live/0/shopee__item-card-standard-v2/0.2.8/pc/a425c915798471b33e5d.png,Cashback 99%,,,https://deo.shopeemobile.com/shopee/modules-federation/live/0/shopee__item-card-standard-v2/0.2.8/pc/0614b8f0a8fdde22942d.svg,https://deo.shopeemobile.com/shopee/modules-federation/live/0/shopee__item-card-standard-v2/0.2.8/pc/d2a1900a0267d45fd0f5.png,-13%,,,"Itel A90 Ram 4/64GB | Ram 4/128GB | Ram 4/256GB Second Pusat Gadget
Rp
1.299.111
-13%
Cashback 99%
Hari Ini 12:00
Surabaya",https://shopee.co.id/Itel-A90-Ram-4-64GB-Ram-4-128GB-Ram-4-256GB-Second-Pusat-Gadget-i.1474904896.55206852608?extraParams=%7B%22display_model_id%22%3A400613273070%2C%22model_selection_logic%22%3A3%7D&sp_atk=6ec53f87-275d-4cfe-9ecc-6d7aac03ae2b&xptdk=6ec53f87-275d-4cfe-9ecc-6d7aac03ae2b,Hari Ini 12:00,https://deo.shopeemobile.com/shopee/modules-federation/live/0/shopee__item-card-standard-v2/0.2.8/pc/0614b8f0a8fdde22942d.svg,
https://down-id.img.susercontent.com/file/id-11134207-7rbk5-mact30jhn0zcb3,https://down-id.img.susercontent.com/file/id-11134258-8224v-mkvw0cu9r7k1a5,ITEL CITY 100 8/128GB SECOND FULLSET,Rp,1.349.000,https://deo.shopeemobile.com/shopee/modules-federation/live/0/shopee__item-card-standard-v2/0.2.8/pc/38e203dc86172a6c6560.svg,,https://deo.shopeemobile.com/shopee/modules-federation/live/0/shopee__item-card-standard-v2/0.2.8/pc/5dd7b4560d0e2d3190e8.svg,Jakarta Barat,https://deo.shopeemobile.com/shopee/modules-federation/live/0/shopee__item-card-standard-v2/0.2.8/pc/e4734dab67ee2f9ebd5a.png,< 2 Hari,,5.0,https://deo.shopeemobile.com/shopee/modules-federation/live/0/shopee__item-card-standard-v2/0.2.8/pc/0614b8f0a8fdde22942d.svg,,,,,"ITEL CITY 100 8/128GB SECOND FULLSET
Rp
1.349.000
5.0
13 Terjual
< 2 Hari
Jakarta Barat",https://shopee.co.id/ITEL-CITY-100-8-128GB-SECOND-FULLSET-i.37906250.43202587434?extraParams=%7B%22display_model_id%22%3A276901716342%2C%22model_selection_logic%22%3A3%7D&sp_atk=05a70116-b247-402a-8447-d22136f9e24c&xptdk=05a70116-b247-402a-8447-d22136f9e24c,13 Terjual,https://deo.shopeemobile.com/shopee/modules-federation/live/0/shopee__item-card-standard-v2/0.2.8/pc/d7099d3fd1dfdaf705ab.svg,
https://down-id.img.susercontent.com/file/id-11134207-822wm-mnb6mo6zl9tu6d,https://down-id.img.susercontent.com/file/id-11134258-8224v-mkvw0cu9r7k1a5,ITEL A100C 4/64GB HANDPHONE SECOND FULLSET BATANGAN ORIGINAL BERGARANSI,Rp,1.240.000,https://deo.shopeemobile.com/shopee/modules-federation/live/0/shopee__item-card-standard-v2/0.2.8/pc/38e203dc86172a6c6560.svg,,https://deo.shopeemobile.com/shopee/modules-federation/live/0/shopee__item-card-standard-v2/0.2.8/pc/5dd7b4560d0e2d3190e8.svg,Jakarta Selatan,https://deo.shopeemobile.com/shopee/modules-federation/live/0/shopee__item-card-standard-v2/0.2.8/pc/a425c915798471b33e5d.png,< 2 Hari,,,https://deo.shopeemobile.com/shopee/modules-federation/live/0/shopee__item-card-standard-v2/0.2.8/pc/0614b8f0a8fdde22942d.svg,,,,,"ITEL A100C 4/64GB HANDPHONE SECOND FULLSET BATANGAN ORIGINAL BERGARANSI
Rp
1.240.000
< 2 Hari
Jakarta Selatan",https://shopee.co.id/ITEL-A100C-4-64GB-HANDPHONE-SECOND-FULLSET-BATANGAN-ORIGINAL-BERGARANSI-i.281286305.43330257700?extraParams=%7B%22display_model_id%22%3A360818280075%2C%22model_selection_logic%22%3A3%7D&sp_atk=a125f5f5-2865-40d6-b1be-118f802d09ea&xptdk=a125f5f5-2865-40d6-b1be-118f802d09ea,< 2 Hari,https://deo.shopeemobile.com/shopee/modules-federation/live/0/shopee__item-card-standard-v2/0.2.8/pc/0614b8f0a8fdde22942d.svg,
https://down-id.img.susercontent.com/file/id-11134207-7rasa-m52hif89jel470,,Itel RS4 8/128 GB Garansi Resmi Indonesia Second Bekas Original,Rp,1.675.000,https://deo.shopeemobile.com/shopee/modules-federation/live/0/shopee__item-card-standard-v2/0.2.8/pc/38e203dc86172a6c6560.svg,,https://deo.shopeemobile.com/shopee/modules-federation/live/0/shopee__item-card-standard-v2/0.2.8/pc/5dd7b4560d0e2d3190e8.svg,Jakarta Utara,https://deo.shopeemobile.com/shopee/modules-federation/live/0/shopee__item-card-standard-v2/0.2.8/pc/e4734dab67ee2f9ebd5a.png,< 2 Hari,,5.0,https://deo.shopeemobile.com/shopee/modules-federation/live/0/shopee__item-card-standard-v2/0.2.8/pc/0614b8f0a8fdde22942d.svg,,,,,"Itel RS4 8/128 GB Garansi Resmi Indonesia Second Bekas Original
Rp
1.675.000
5.0
4 Terjual
< 2 Hari
Jakarta Utara",https://shopee.co.id/Itel-RS4-8-128-GB-Garansi-Resmi-Indonesia-Second-Bekas-Original-i.515774005.24440509308?extraParams=%7B%22display_model_id%22%3A49861387275%2C%22model_selection_logic%22%3A3%7D&sp_atk=894d6e4b-dfc7-4817-a8fa-fceba5a06c11&xptdk=894d6e4b-dfc7-4817-a8fa-fceba5a06c11,4 Terjual,https://deo.shopeemobile.com/shopee/modules-federation/live/0/shopee__item-card-standard-v2/0.2.8/pc/d7099d3fd1dfdaf705ab.svg,
https://down-id.img.susercontent.com/file/id-11134207-8224q-mjxf4fr3xjibd2,https://down-id.img.susercontent.com/file/id-11134258-7r98w-lyezzaurybot13,Hp itel s23 second,Rp,2.400.000,https://deo.shopeemobile.com/shopee/modules-federation/live/0/shopee__item-card-standard-v2/0.2.8/pc/76dff349290d20891fc1.svg,,https://deo.shopeemobile.com/shopee/modules-federation/live/0/shopee__item-card-standard-v2/0.2.8/pc/5dd7b4560d0e2d3190e8.svg,Jakarta Utara,,,,5.0,,https://deo.shopeemobile.com/shopee/modules-federation/live/0/shopee__item-card-standard-v2/0.2.8/pc/d2a1900a0267d45fd0f5.png,,,,"Hp itel s23 second
Rp
2.400.000
5.0
1 Terjual
3-6 Hari
Jakarta Utara",https://shopee.co.id/Hp-itel-s23-second-i.252528414.43978335256?extraParams=%7B%22display_model_id%22%3A390484241668%2C%22model_selection_logic%22%3A3%7D&sp_atk=d1a67b8e-5f3f-47fb-8b6a-947cf55436b0&xptdk=d1a67b8e-5f3f-47fb-8b6a-947cf55436b0,1 Terjual,https://deo.shopeemobile.com/shopee/modules-federation/live/0/shopee__item-card-standard-v2/0.2.8/pc/d7099d3fd1dfdaf705ab.svg,
https://down-id.img.susercontent.com/file/id-11134207-7rbk9-mahu6ctm652c91,https://down-id.img.susercontent.com/file/id-11134258-7r98w-lyezzaurybot13,ITEL P40 4/64GB Second Unit Only,Rp,750.000,https://deo.shopeemobile.com/shopee/modules-federation/live/0/shopee__item-card-standard-v2/0.2.8/pc/76dff349290d20891fc1.svg,,https://deo.shopeemobile.com/shopee/modules-federation/live/0/shopee__item-card-standard-v2/0.2.8/pc/5dd7b4560d0e2d3190e8.svg,Jakarta Timur,,,,,,,,,,"ITEL P40 4/64GB Second Unit Only
Rp
750.000
3-5 Hari
Jakarta Timur",https://shopee.co.id/ITEL-P40-4-64GB-Second-Unit-Only-i.1287043639.41152930825?extraParams=%7B%22display_model_id%22%3A280241036072%2C%22model_selection_logic%22%3A3%7D&sp_atk=09290672-af10-494d-9522-d0fbd633c660&xptdk=09290672-af10-494d-9522-d0fbd633c660,3-5 Hari,,
https://down-id.img.susercontent.com/file/id-11134207-7rbk8-m7x8vh0hzthede,https://down-id.img.susercontent.com/file/id-11134258-822wr-mlx5y0tebegw04,iTel S25 Ultra Ram 8/128GB | 8/256GB | 8/512GB (Second),Rp,2.080.999,https://deo.shopeemobile.com/shopee/modules-federation/live/0/shopee__item-card-standard-v2/0.2.8/pc/38e203dc86172a6c6560.svg,,https://deo.shopeemobile.com/shopee/modules-federation/live/0/shopee__item-card-standard-v2/0.2.8/pc/5dd7b4560d0e2d3190e8.svg,Surabaya,https://deo.shopeemobile.com/shopee/modules-federation/live/0/shopee__item-card-standard-v2/0.2.8/pc/e4734dab67ee2f9ebd5a.png,Cashback 99%,,4.5,https://deo.shopeemobile.com/shopee/modules-federation/live/0/shopee__item-card-standard-v2/0.2.8/pc/0614b8f0a8fdde22942d.svg,,-17%,,,"iTel S25 Ultra Ram 8/128GB | 8/256GB | 8/512GB (Second)
Rp
2.080.999
-17%
Cashback 99%
4.5
15 Terjual
Besok 12:00
Surabaya",https://shopee.co.id/iTel-S25-Ultra-Ram-8-128GB-8-256GB-8-512GB-(Second)-i.288677122.25543275459?extraParams=%7B%22display_model_id%22%3A266320870207%2C%22model_selection_logic%22%3A3%7D&sp_atk=9829bb07-caf7-4289-9cd0-a5b10ad85ed8&xptdk=9829bb07-caf7-4289-9cd0-a5b10ad85ed8,15 Terjual,https://deo.shopeemobile.com/shopee/modules-federation/live/0/shopee__item-card-standard-v2/0.2.8/pc/d7099d3fd1dfdaf705ab.svg,
https://down-id.img.susercontent.com/file/id-11134207-7ra0r-mc2c5vnkiyq99a,https://down-id.img.susercontent.com/file/id-11134258-7r98w-lyezzaurybot13,ITEL RS4 8+8/128 HELIO G99 ULTRIMATE SECODE  BERGERANSI RESMI,Rp,1.600.000,https://deo.shopeemobile.com/shopee/modules-federation/live/0/shopee__item-card-standard-v2/0.2.8/pc/38e203dc86172a6c6560.svg,,https://deo.shopeemobile.com/shopee/modules-federation/live/0/shopee__item-card-standard-v2/0.2.8/pc/5dd7b4560d0e2d3190e8.svg,Jakarta Barat,,< 2 Hari,,,https://deo.shopeemobile.com/shopee/modules-federation/live/0/shopee__item-card-standard-v2/0.2.8/pc/0614b8f0a8fdde22942d.svg,,,,,"ITEL RS4 8+8/128 HELIO G99 ULTRIMATE SECODE BERGERANSI RESMI
Rp
1.600.000
< 2 Hari
Jakarta Barat",https://shopee.co.id/ITEL-RS4-8-8-128-HELIO-G99-ULTRIMATE-SECODE-BERGERANSI-RESMI-i.1317867329.43858210521?extraParams=%7B%22display_model_id%22%3A280691918338%2C%22model_selection_logic%22%3A3%7D&sp_atk=1eb3dc60-c93b-4d8b-b6e2-0a950ac60d21&xptdk=1eb3dc60-c93b-4d8b-b6e2-0a950ac60d21,< 2 Hari,https://deo.shopeemobile.com/shopee/modules-federation/live/0/shopee__item-card-standard-v2/0.2.8/pc/0614b8f0a8fdde22942d.svg,
https://down-id.img.susercontent.com/file/id-11134207-7rbk6-macs4q6zq2as64,https://down-id.img.susercontent.com/file/id-11134258-822wr-mlx5y0tebegw04,Itel A80 Ram 4 Rom 128GB ( Second ),Rp,1.230.999,https://deo.shopeemobile.com/shopee/modules-federation/live/0/shopee__item-card-standard-v2/0.2.8/pc/38e203dc86172a6c6560.svg,,https://deo.shopeemobile.com/shopee/modules-federation/live/0/shopee__item-card-standard-v2/0.2.8/pc/5dd7b4560d0e2d3190e8.svg,Surabaya,https://deo.shopeemobile.com/shopee/modules-federation/live/0/shopee__item-card-standard-v2/0.2.8/pc/e4734dab67ee2f9ebd5a.png,Cashback 99%,,5.0,https://deo.shopeemobile.com/shopee/modules-federation/live/0/shopee__item-card-standard-v2/0.2.8/pc/0614b8f0a8fdde22942d.svg,,-23%,,,"Itel A80 Ram 4 Rom 128GB ( Second )
Rp
1.230.999
-23%
Cashback 99%
5.0
3 Terjual
Besok 12:00
Surabaya",https://shopee.co.id/Itel-A80-Ram-4-Rom-128GB-(-Second-)-i.288677122.43352587121?extraParams=%7B%22display_model_id%22%3A258465594721%2C%22model_selection_logic%22%3A3%7D&sp_atk=866da38e-670a-4ef6-ab2e-4c6a43419168&xptdk=866da38e-670a-4ef6-ab2e-4c6a43419168,3 Terjual,https://deo.shopeemobile.com/shopee/modules-federation/live/0/shopee__item-card-standard-v2/0.2.8/pc/d7099d3fd1dfdaf705ab.svg,
https://down-id.img.susercontent.com/file/id-11134207-7ra0q-mcyf5n06kfmf09,https://down-id.img.susercontent.com/file/id-11134258-8224v-mkvw0cu9r7k1a5,ITEL A90 4/128 SECOND FULLSET,Rp,1.199.000,https://deo.shopeemobile.com/shopee/modules-federation/live/0/shopee__item-card-standard-v2/0.2.8/pc/38e203dc86172a6c6560.svg,,https://deo.shopeemobile.com/shopee/modules-federation/live/0/shopee__item-card-standard-v2/0.2.8/pc/5dd7b4560d0e2d3190e8.svg,Jakarta Barat,https://deo.shopeemobile.com/shopee/modules-federation/live/0/shopee__item-card-standard-v2/0.2.8/pc/e4734dab67ee2f9ebd5a.png,< 2 Hari,,5.0,https://deo.shopeemobile.com/shopee/modules-federation/live/0/shopee__item-card-standard-v2/0.2.8/pc/0614b8f0a8fdde22942d.svg,,,,,"ITEL A90 4/128 SECOND FULLSET
Rp
1.199.000
5.0
33 Terjual
< 2 Hari
Jakarta Barat",https://shopee.co.id/ITEL-A90-4-128-SECOND-FULLSET-i.37906250.43811343233?extraParams=%7B%22display_model_id%22%3A301396656344%2C%22model_selection_logic%22%3A3%7D&sp_atk=5720474c-162a-405d-a7a2-b5d7ae7cd695&xptdk=5720474c-162a-405d-a7a2-b5d7ae7cd695,33 Terjual,https://deo.shopeemobile.com/shopee/modules-federation/live/0/shopee__item-card-standard-v2/0.2.8/pc/d7099d3fd1dfdaf705ab.svg,
https://down-id.img.susercontent.com/file/id-11134207-7ras9-m2wmif6iem6bd6,,Itel P55 4G 8/128 GB Garansi Resmi Indonesia Second Bekas Original,Rp,1.290.000,https://deo.shopeemobile.com/shopee/modules-federation/live/0/shopee__item-card-standard-v2/0.2.8/pc/38e203dc86172a6c6560.svg,,https://deo.shopeemobile.com/shopee/modules-federation/live/0/shopee__item-card-standard-v2/0.2.8/pc/5dd7b4560d0e2d3190e8.svg,Jakarta Utara,https://deo.shopeemobile.com/shopee/modules-federation/live/0/shopee__item-card-standard-v2/0.2.8/pc/e4734dab67ee2f9ebd5a.png,< 2 Hari,,5.0,https://deo.shopeemobile.com/shopee/modules-federation/live/0/shopee__item-card-standard-v2/0.2.8/pc/0614b8f0a8fdde22942d.svg,,,,,"Itel P55 4G 8/128 GB Garansi Resmi Indonesia Second Bekas Original
Rp
1.290.000
5.0
3 Terjual
< 2 Hari
Jakarta Utara",https://shopee.co.id/Itel-P55-4G-8-128-GB-Garansi-Resmi-Indonesia-Second-Bekas-Original-i.304735900.26918437597?extraParams=%7B%22display_model_id%22%3A69489898103%2C%22model_selection_logic%22%3A3%7D&sp_atk=a92b76f8-4f59-482a-a4ba-6fa9a3675541&xptdk=a92b76f8-4f59-482a-a4ba-6fa9a3675541,3 Terjual,https://deo.shopeemobile.com/shopee/modules-federation/live/0/shopee__item-card-standard-v2/0.2.8/pc/d7099d3fd1dfdaf705ab.svg,
https://down-id.img.susercontent.com/file/id-11134207-7rbk7-m9fgj4qfw6xd29,https://down-id.img.susercontent.com/file/id-11134258-8224v-mkvw0cu9r7k1a5,Itel P55 NFC 8/256GB Fullset Mulus Second 5G,Rp,1.450.000,https://deo.shopeemobile.com/shopee/modules-federation/live/0/shopee__item-card-standard-v2/0.2.8/pc/38e203dc86172a6c6560.svg,,https://deo.shopeemobile.com/shopee/modules-federation/live/0/shopee__item-card-standard-v2/0.2.8/pc/5dd7b4560d0e2d3190e8.svg,Jakarta Barat,,< 2 Hari,,5.0,https://deo.shopeemobile.com/shopee/modules-federation/live/0/shopee__item-card-standard-v2/0.2.8/pc/0614b8f0a8fdde22942d.svg,,,,,"Itel P55 NFC 8/256GB Fullset Mulus Second 5G
Rp
1.450.000
5.0
8 Terjual
< 2 Hari
Jakarta Barat",https://shopee.co.id/Itel-P55-NFC-8-256GB-Fullset-Mulus-Second-5G-i.795353877.26421900032?extraParams=%7B%22display_model_id%22%3A227774301273%2C%22model_selection_logic%22%3A3%7D&sp_atk=e47886e7-dc23-4102-8bd5-eba4ef1544b0&xptdk=e47886e7-dc23-4102-8bd5-eba4ef1544b0,8 Terjual,https://deo.shopeemobile.com/shopee/modules-federation/live/0/shopee__item-card-standard-v2/0.2.8/pc/d7099d3fd1dfdaf705ab.svg,
https://down-id.img.susercontent.com/file/sg-11134201-7ra16-m5b0sjk0pbyif6,https://down-id.img.susercontent.com/file/id-11134258-822wr-mlx5y0tebegw04,Itel A50 Ram 4/64GB | Ram 3/64GB | Ram 3/128GB Second Original,Rp,1.180.988,https://deo.shopeemobile.com/shopee/modules-federation/live/0/shopee__item-card-standard-v2/0.2.8/pc/38e203dc86172a6c6560.svg,,https://deo.shopeemobile.com/shopee/modules-federation/live/0/shopee__item-card-standard-v2/0.2.8/pc/5dd7b4560d0e2d3190e8.svg,Surabaya,https://deo.shopeemobile.com/shopee/modules-federation/live/0/shopee__item-card-standard-v2/0.2.8/pc/e4734dab67ee2f9ebd5a.png,Hari Ini 12:00,,5.0,https://deo.shopeemobile.com/shopee/modules-federation/live/0/shopee__item-card-standard-v2/0.2.8/pc/0614b8f0a8fdde22942d.svg,,-25%,,,"Itel A50 Ram 4/64GB | Ram 3/64GB | Ram 3/128GB Second Original
Rp
1.180.988
-25%
5.0
17 Terjual
Hari Ini 12:00
Surabaya",https://shopee.co.id/Itel-A50-Ram-4-64GB-Ram-3-64GB-Ram-3-128GB-Second-Original-i.358338280.24890708636?extraParams=%7B%22display_model_id%22%3A280070628938%2C%22model_selection_logic%22%3A3%7D&sp_atk=a662546b-c24e-4eae-a49c-5cd9e5ddd2ca&xptdk=a662546b-c24e-4eae-a49c-5cd9e5ddd2ca,17 Terjual,https://deo.shopeemobile.com/shopee/modules-federation/live/0/shopee__item-card-standard-v2/0.2.8/pc/d7099d3fd1dfdaf705ab.svg,
https://down-id.img.susercontent.com/file/id-11134207-822wn-mn9pecwyb3ep44,https://down-id.img.susercontent.com/file/id-11134258-8224v-mkvw0cu9r7k1a5,ITEL A100C 4/64GB SECOND FULLSET ORIGINAL BERGARANSI,Rp,1.245.000,https://deo.shopeemobile.com/shopee/modules-federation/live/0/shopee__item-card-standard-v2/0.2.8/pc/38e203dc86172a6c6560.svg,,https://deo.shopeemobile.com/shopee/modules-federation/live/0/shopee__item-card-standard-v2/0.2.8/pc/5dd7b4560d0e2d3190e8.svg,Jakarta Selatan,https://deo.shopeemobile.com/shopee/modules-federation/live/0/shopee__item-card-standard-v2/0.2.8/pc/e4734dab67ee2f9ebd5a.png,< 2 Hari,,5.0,https://deo.shopeemobile.com/shopee/modules-federation/live/0/shopee__item-card-standard-v2/0.2.8/pc/0614b8f0a8fdde22942d.svg,,,,,"ITEL A100C 4/64GB SECOND FULLSET ORIGINAL BERGARANSI
Rp
1.245.000
5.0
2 Terjual
< 2 Hari
Jakarta Selatan",https://shopee.co.id/ITEL-A100C-4-64GB-SECOND-FULLSET-ORIGINAL-BERGARANSI-i.451756410.22853222432?extraParams=%7B%22display_model_id%22%3A244214380249%2C%22model_selection_logic%22%3A3%7D&sp_atk=a91bf0b4-633a-4fc8-95b5-258e79567f19&xptdk=a91bf0b4-633a-4fc8-95b5-258e79567f19,2 Terjual,https://deo.shopeemobile.com/shopee/modules-federation/live/0/shopee__item-card-standard-v2/0.2.8/pc/d7099d3fd1dfdaf705ab.svg,
https://down-id.img.susercontent.com/file/id-11134207-822wq-mlx1gzrvfitg13,https://down-id.img.susercontent.com/file/id-11134258-7r98w-lyezzaurybot13,itel p55 5g 6/128 second lengkap fullset,Rp,1.550.000,https://deo.shopeemobile.com/shopee/modules-federation/live/0/shopee__item-card-standard-v2/0.2.8/pc/38e203dc86172a6c6560.svg,,https://deo.shopeemobile.com/shopee/modules-federation/live/0/shopee__item-card-standard-v2/0.2.8/pc/5dd7b4560d0e2d3190e8.svg,Surabaya,https://deo.shopeemobile.com/shopee/modules-federation/live/0/shopee__item-card-standard-v2/0.2.8/pc/a425c915798471b33e5d.png,Hari Ini 12:00,,5.0,https://deo.shopeemobile.com/shopee/modules-federation/live/0/shopee__item-card-standard-v2/0.2.8/pc/0614b8f0a8fdde22942d.svg,,,,,"itel p55 5g 6/128 second lengkap fullset
Rp
1.550.000
5.0
1 Terjual
Hari Ini 12:00
Surabaya",https://shopee.co.id/itel-p55-5g-6-128-second-lengkap-fullset-i.1531127438.47957335050?extraParams=%7B%22display_model_id%22%3A272566332294%2C%22model_selection_logic%22%3A3%7D&sp_atk=a8aa843c-2f62-4a5e-985d-4e86b341ba89&xptdk=a8aa843c-2f62-4a5e-985d-4e86b341ba89,1 Terjual,https://deo.shopeemobile.com/shopee/modules-federation/live/0/shopee__item-card-standard-v2/0.2.8/pc/d7099d3fd1dfdaf705ab.svg,
https://down-id.img.susercontent.com/file/id-11134207-81zto-meqtm4y8pxxff1,https://down-id.img.susercontent.com/file/id-11134258-822wr-mlx67rtd6r602f,Itel A90 4/64 4/128 4/256 GB Garansi Resmi Indonesia Second,Rp,1.270.000,https://deo.shopeemobile.com/shopee/modules-federation/live/0/shopee__item-card-standard-v2/0.2.8/pc/38e203dc86172a6c6560.svg,,https://deo.shopeemobile.com/shopee/modules-federation/live/0/shopee__item-card-standard-v2/0.2.8/pc/5dd7b4560d0e2d3190e8.svg,Kab. Purwakarta,https://deo.shopeemobile.com/shopee/modules-federation/live/0/shopee__item-card-standard-v2/0.2.8/pc/e4734dab67ee2f9ebd5a.png,< 2 Hari,,5.0,https://deo.shopeemobile.com/shopee/modules-federation/live/0/shopee__item-card-standard-v2/0.2.8/pc/0614b8f0a8fdde22942d.svg,,,,,"Itel A90 4/64 4/128 4/256 GB Garansi Resmi Indonesia Second
Rp
1.270.000
5.0
20 Terjual
< 2 Hari
Kab. Purwakarta",https://shopee.co.id/Itel-A90-4-64-4-128-4-256-GB-Garansi-Resmi-Indonesia-Second-i.42718474.14339450344?extraParams=%7B%22display_model_id%22%3A186025235289%2C%22model_selection_logic%22%3A3%7D&sp_atk=a8473df3-f0cc-4a5c-bb0d-29113563275a&xptdk=a8473df3-f0cc-4a5c-bb0d-29113563275a,20 Terjual,https://deo.shopeemobile.com/shopee/modules-federation/live/0/shopee__item-card-standard-v2/0.2.8/pc/d7099d3fd1dfdaf705ab.svg,
https://down-id.img.susercontent.com/file/id-11134207-7rbka-m6qstlkef92led,,Itel RS4 8/256 GB Garansi Resmi Indonesia Second Bekas Original,Rp,1.775.000,https://deo.shopeemobile.com/shopee/modules-federation/live/0/shopee__item-card-standard-v2/0.2.8/pc/38e203dc86172a6c6560.svg,,https://deo.shopeemobile.com/shopee/modules-federation/live/0/shopee__item-card-standard-v2/0.2.8/pc/5dd7b4560d0e2d3190e8.svg,Jakarta Utara,https://deo.shopeemobile.com/shopee/modules-federation/live/0/shopee__item-card-standard-v2/0.2.8/pc/e4734dab67ee2f9ebd5a.png,< 2 Hari,,,https://deo.shopeemobile.com/shopee/modules-federation/live/0/shopee__item-card-standard-v2/0.2.8/pc/0614b8f0a8fdde22942d.svg,,,,,"Itel RS4 8/256 GB Garansi Resmi Indonesia Second Bekas Original
Rp
1.775.000
< 2 Hari
Jakarta Utara",https://shopee.co.id/Itel-RS4-8-256-GB-Garansi-Resmi-Indonesia-Second-Bekas-Original-i.515774005.28377754995?extraParams=%7B%22display_model_id%22%3A247748191036%2C%22model_selection_logic%22%3A3%7D&sp_atk=cc6dcca8-204d-4162-89d4-0030dcd8ba22&xptdk=cc6dcca8-204d-4162-89d4-0030dcd8ba22,< 2 Hari,https://deo.shopeemobile.com/shopee/modules-federation/live/0/shopee__item-card-standard-v2/0.2.8/pc/0614b8f0a8fdde22942d.svg,
https://down-id.img.susercontent.com/file/id-11134207-7rash-m0n0q2f1jv4m57,https://down-id.img.susercontent.com/file/id-11134258-8224v-mkvw0cu9r7k1a5,ITEL Vision 5 3/32 Second Fullset Bekas Resmi,Rp,975.000,https://deo.shopeemobile.com/shopee/modules-federation/live/0/shopee__item-card-standard-v2/0.2.8/pc/76dff349290d20891fc1.svg,,https://deo.shopeemobile.com/shopee/modules-federation/live/0/shopee__item-card-standard-v2/0.2.8/pc/5dd7b4560d0e2d3190e8.svg,Jakarta Utara,https://deo.shopeemobile.com/shopee/modules-federation/live/0/shopee__item-card-standard-v2/0.2.8/pc/e4734dab67ee2f9ebd5a.png,,,,,,,,,"ITEL Vision 5 3/32 Second Fullset Bekas Resmi
Rp
975.000
2-4 Hari
Jakarta Utara",https://shopee.co.id/ITEL-Vision-5-3-32-Second-Fullset-Bekas-Resmi-i.845119748.24636523110?extraParams=%7B%22display_model_id%22%3A118465926948%2C%22model_selection_logic%22%3A3%7D&sp_atk=fb047e1c-f9e7-496a-a523-efd65574ed80&xptdk=fb047e1c-f9e7-496a-a523-efd65574ed80,2-4 Hari,,
https://down-id.img.susercontent.com/file/id-11134207-81ztm-mfkz4m8suqyw5f,https://down-id.img.susercontent.com/file/id-11134258-8224v-mkvw0cu9r7k1a5,ITEL A90 4/64 4/128 SECOND FULLSET,Rp,1.199.000,https://deo.shopeemobile.com/shopee/modules-federation/live/0/shopee__item-card-standard-v2/0.2.8/pc/38e203dc86172a6c6560.svg,,https://deo.shopeemobile.com/shopee/modules-federation/live/0/shopee__item-card-standard-v2/0.2.8/pc/5dd7b4560d0e2d3190e8.svg,Jakarta Barat,https://deo.shopeemobile.com/shopee/modules-federation/live/0/shopee__item-card-standard-v2/0.2.8/pc/e4734dab67ee2f9ebd5a.png,< 2 Hari,,5.0,https://deo.shopeemobile.com/shopee/modules-federation/live/0/shopee__item-card-standard-v2/0.2.8/pc/0614b8f0a8fdde22942d.svg,,,,,"ITEL A90 4/64 4/128 SECOND FULLSET
Rp
1.199.000
5.0
31 Terjual
< 2 Hari
Jakarta Barat",https://shopee.co.id/ITEL-A90-4-64-4-128-SECOND-FULLSET-i.203572497.41361287554?extraParams=%7B%22display_model_id%22%3A281155048976%2C%22model_selection_logic%22%3A3%7D&sp_atk=1a2fbded-3e2f-4cc1-a13d-fbb79920f07b&xptdk=1a2fbded-3e2f-4cc1-a13d-fbb79920f07b,31 Terjual,https://deo.shopeemobile.com/shopee/modules-federation/live/0/shopee__item-card-standard-v2/0.2.8/pc/d7099d3fd1dfdaf705ab.svg,
https://down-id.img.susercontent.com/file/id-11134207-822wk-mlzp6uyp8ljc8b,https://down-id.img.susercontent.com/file/id-11134258-8224v-mkvw0cu9r7k1a5,ITEL CITY 100 RAM 8+16/128 - Second like new,Rp,1.550.000,https://deo.shopeemobile.com/shopee/modules-federation/live/0/shopee__item-card-standard-v2/0.2.8/pc/76dff349290d20891fc1.svg,,https://deo.shopeemobile.com/shopee/modules-federation/live/0/shopee__item-card-standard-v2/0.2.8/pc/5dd7b4560d0e2d3190e8.svg,Kab. Sidoarjo,https://deo.shopeemobile.com/shopee/modules-federation/live/0/shopee__item-card-standard-v2/0.2.8/pc/a425c915798471b33e5d.png,,,,,https://deo.shopeemobile.com/shopee/modules-federation/live/0/shopee__item-card-standard-v2/0.2.8/pc/d2a1900a0267d45fd0f5.png,,,,"ITEL CITY 100 RAM 8+16/128 - Second like new
Rp
1.550.000
1-3 Hari
Kab. Sidoarjo",https://shopee.co.id/ITEL-CITY-100-RAM-8-16-128-Second-like-new-i.209312499.48057402904?extraParams=%7B%22display_model_id%22%3A310657889926%2C%22model_selection_logic%22%3A3%7D&sp_atk=8f3ef2fb-aa10-4648-9973-551319fcfe76&xptdk=8f3ef2fb-aa10-4648-9973-551319fcfe76,1-3 Hari,,
https://down-id.img.susercontent.com/file/id-11134207-822wt-mna577nzpf5xaa,https://down-id.img.susercontent.com/file/id-11134258-8224v-mkvw0cu9r7k1a5,ITEL A100C 4/64GB HP SECOND FULLSET,Rp,1.245.000,https://deo.shopeemobile.com/shopee/modules-federation/live/0/shopee__item-card-standard-v2/0.2.8/pc/38e203dc86172a6c6560.svg,,https://deo.shopeemobile.com/shopee/modules-federation/live/0/shopee__item-card-standard-v2/0.2.8/pc/5dd7b4560d0e2d3190e8.svg,Jakarta Selatan,https://deo.shopeemobile.com/shopee/modules-federation/live/0/shopee__item-card-standard-v2/0.2.8/pc/e4734dab67ee2f9ebd5a.png,< 2 Hari,,,https://deo.shopeemobile.com/shopee/modules-federation/live/0/shopee__item-card-standard-v2/0.2.8/pc/0614b8f0a8fdde22942d.svg,,,,,"ITEL A100C 4/64GB HP SECOND FULLSET
Rp
1.245.000
< 2 Hari
Jakarta Selatan",https://shopee.co.id/ITEL-A100C-4-64GB-HP-SECOND-FULLSET-i.1215776218.45409193981?extraParams=%7B%22display_model_id%22%3A395813685239%2C%22model_selection_logic%22%3A3%7D&sp_atk=ab83ac30-b4d5-4911-b583-2e680a60e1ad&xptdk=ab83ac30-b4d5-4911-b583-2e680a60e1ad,< 2 Hari,https://deo.shopeemobile.com/shopee/modules-federation/live/0/shopee__item-card-standard-v2/0.2.8/pc/0614b8f0a8fdde22942d.svg,
https://down-id.img.susercontent.com/file/id-11134207-822wo-mlg649n8t2wz44,https://down-id.img.susercontent.com/file/id-11134258-8224v-mkvw0cu9r7k1a5,ITEL P70 4/128GB SECOND MULUS TERAWAT,Rp,1.393.000,https://deo.shopeemobile.com/shopee/modules-federation/live/0/shopee__item-card-standard-v2/0.2.8/pc/38e203dc86172a6c6560.svg,,https://deo.shopeemobile.com/shopee/modules-federation/live/0/shopee__item-card-standard-v2/0.2.8/pc/5dd7b4560d0e2d3190e8.svg,Kab. Sidoarjo,https://deo.shopeemobile.com/shopee/modules-federation/live/0/shopee__item-card-standard-v2/0.2.8/pc/a425c915798471b33e5d.png,Besok 12:00,,,https://deo.shopeemobile.com/shopee/modules-federation/live/0/shopee__item-card-standard-v2/0.2.8/pc/0614b8f0a8fdde22942d.svg,https://deo.shopeemobile.com/shopee/modules-federation/live/0/shopee__item-card-standard-v2/0.2.8/pc/d2a1900a0267d45fd0f5.png,,,,"ITEL P70 4/128GB SECOND MULUS TERAWAT
Rp
1.393.000
Besok 12:00
Kab. Sidoarjo",https://shopee.co.id/ITEL-P70-4-128GB-SECOND-MULUS-TERAWAT-i.480452205.42479052983?extraParams=%7B%22display_model_id%22%3A335609013277%2C%22model_selection_logic%22%3A3%7D&sp_atk=f80705e8-3d5f-4652-aa82-6029652b7f89&xptdk=f80705e8-3d5f-4652-aa82-6029652b7f89,Besok 12:00,https://deo.shopeemobile.com/shopee/modules-federation/live/0/shopee__item-card-standard-v2/0.2.8/pc/0614b8f0a8fdde22942d.svg,
https://down-id.img.susercontent.com/file/id-11134207-7rasi-m4k355vswbkz6f,https://down-id.img.susercontent.com/file/id-11134258-8224v-mkvw0cu9r7k1a5,Itel A50 3/64 GB Handphone Second Bekas Fullset,Rp,1.045.000,https://deo.shopeemobile.com/shopee/modules-federation/live/0/shopee__item-card-standard-v2/0.2.8/pc/38e203dc86172a6c6560.svg,,https://deo.shopeemobile.com/shopee/modules-federation/live/0/shopee__item-card-standard-v2/0.2.8/pc/5dd7b4560d0e2d3190e8.svg,Jakarta Selatan,https://deo.shopeemobile.com/shopee/modules-federation/live/0/shopee__item-card-standard-v2/0.2.8/pc/e4734dab67ee2f9ebd5a.png,< 2 Hari,,5.0,https://deo.shopeemobile.com/shopee/modules-federation/live/0/shopee__item-card-standard-v2/0.2.8/pc/0614b8f0a8fdde22942d.svg,,,,,"Itel A50 3/64 GB Handphone Second Bekas Fullset
Rp
1.045.000
5.0
16 Terjual
< 2 Hari
Jakarta Selatan",https://shopee.co.id/Itel-A50-3-64-GB-Handphone-Second-Bekas-Fullset-i.451756410.27922502552?extraParams=%7B%22display_model_id%22%3A166900014240%2C%22model_selection_logic%22%3A3%7D&sp_atk=7eb0ca07-b784-425c-8f08-f88a00638e5a&xptdk=7eb0ca07-b784-425c-8f08-f88a00638e5a,16 Terjual,https://deo.shopeemobile.com/shopee/modules-federation/live/0/shopee__item-card-standard-v2/0.2.8/pc/d7099d3fd1dfdaf705ab.svg,
https://down-id.img.susercontent.com/file/id-11134207-7r98t-m09qdj9r9kyk92,https://down-id.img.susercontent.com/file/id-11134258-8224v-mkvw0cu9r7k1a5,Itel S23 Ram 8/128 GB second nominus second segel garansi,Rp,1.500.000,https://deo.shopeemobile.com/shopee/modules-federation/live/0/shopee__item-card-standard-v2/0.2.8/pc/76dff349290d20891fc1.svg,,https://deo.shopeemobile.com/shopee/modules-federation/live/0/shopee__item-card-standard-v2/0.2.8/pc/5dd7b4560d0e2d3190e8.svg,Kab. Karawang,https://deo.shopeemobile.com/shopee/modules-federation/live/0/shopee__item-card-standard-v2/0.2.8/pc/a425c915798471b33e5d.png,,,,,https://deo.shopeemobile.com/shopee/modules-federation/live/0/shopee__item-card-standard-v2/0.2.8/pc/d2a1900a0267d45fd0f5.png,,,,"Itel S23 Ram 8/128 GB second nominus second segel garansi
Rp
1.500.000
2 Terjual
3-6 Hari
Kab. Karawang",https://shopee.co.id/Itel-S23-Ram-8-128-GB-second-nominus-second-segel-garansi-i.958183516.28061510607?extraParams=%7B%22display_model_id%22%3A207812597038%2C%22model_selection_logic%22%3A3%7D&sp_atk=ddc3b147-ce8f-4eb1-a94f-5619737e2935&xptdk=ddc3b147-ce8f-4eb1-a94f-5619737e2935,2 Terjual,,
https://down-id.img.susercontent.com/file/id-11134207-7ra0j-mcqk2zxchsfje4,,ITEL A90 4/64GB & 4/128GB SECOND FULLSET,Rp,1.180.000,https://deo.shopeemobile.com/shopee/modules-federation/live/0/shopee__item-card-standard-v2/0.2.8/pc/38e203dc86172a6c6560.svg,,https://deo.shopeemobile.com/shopee/modules-federation/live/0/shopee__item-card-standard-v2/0.2.8/pc/5dd7b4560d0e2d3190e8.svg,Jakarta Barat,https://deo.shopeemobile.com/shopee/modules-federation/live/0/shopee__item-card-standard-v2/0.2.8/pc/e4734dab67ee2f9ebd5a.png,< 2 Hari,,4.9,https://deo.shopeemobile.com/shopee/modules-federation/live/0/shopee__item-card-standard-v2/0.2.8/pc/0614b8f0a8fdde22942d.svg,https://deo.shopeemobile.com/shopee/modules-federation/live/0/shopee__item-card-standard-v2/0.2.8/pc/d2a1900a0267d45fd0f5.png,,,,"ITEL A90 4/64GB & 4/128GB SECOND FULLSET
Rp
1.180.000
4.9
36 Terjual
< 2 Hari
Jakarta Barat",https://shopee.co.id/ITEL-A90-4-64GB-4-128GB-SECOND-FULLSET-i.86064906.43110676584?extraParams=%7B%22display_model_id%22%3A249024596826%2C%22model_selection_logic%22%3A3%7D&sp_atk=cb78ad2d-fc79-4021-8ddb-f961179195b3&xptdk=cb78ad2d-fc79-4021-8ddb-f961179195b3,36 Terjual,https://deo.shopeemobile.com/shopee/modules-federation/live/0/shopee__item-card-standard-v2/0.2.8/pc/d7099d3fd1dfdaf705ab.svg,
https://down-id.img.susercontent.com/file/id-11134207-8224x-mkweg1ty5l3b01,https://down-id.img.susercontent.com/file/id-11134258-7r98w-lyezzaurybot13,itel s25 ultra 8/256 second mulus fullset,Rp,2.100.000,https://deo.shopeemobile.com/shopee/modules-federation/live/0/shopee__item-card-standard-v2/0.2.8/pc/38e203dc86172a6c6560.svg,,https://deo.shopeemobile.com/shopee/modules-federation/live/0/shopee__item-card-standard-v2/0.2.8/pc/5dd7b4560d0e2d3190e8.svg,Surabaya,https://deo.shopeemobile.com/shopee/modules-federation/live/0/shopee__item-card-standard-v2/0.2.8/pc/a425c915798471b33e5d.png,Hari Ini 12:00,,,https://deo.shopeemobile.com/shopee/modules-federation/live/0/shopee__item-card-standard-v2/0.2.8/pc/0614b8f0a8fdde22942d.svg,,,,,"itel s25 ultra 8/256 second mulus fullset
Rp
2.100.000
1 Terjual
Hari Ini 12:00
Surabaya",https://shopee.co.id/itel-s25-ultra-8-256-second-mulus-fullset-i.1531127438.45806307410?extraParams=%7B%22display_model_id%22%3A282412712861%2C%22model_selection_logic%22%3A3%7D&sp_atk=f1fcda04-12e7-4ffa-a128-91be5f361dde&xptdk=f1fcda04-12e7-4ffa-a128-91be5f361dde,1 Terjual,https://deo.shopeemobile.com/shopee/modules-federation/live/0/shopee__item-card-standard-v2/0.2.8/pc/0614b8f0a8fdde22942d.svg,
https://down-id.img.susercontent.com/file/sg-11134201-7rbkh-m5fmqyvs5jnka4,https://down-id.img.susercontent.com/file/id-11134258-822wr-mlx5y0tebegw04,Itel A50 Ram 3/64GB | Ram 3/128GB | Ram 4/64GB ( Second ),Rp,1.180.999,https://deo.shopeemobile.com/shopee/modules-federation/live/0/shopee__item-card-standard-v2/0.2.8/pc/38e203dc86172a6c6560.svg,,https://deo.shopeemobile.com/shopee/modules-federation/live/0/shopee__item-card-standard-v2/0.2.8/pc/5dd7b4560d0e2d3190e8.svg,Surabaya,https://deo.shopeemobile.com/shopee/modules-federation/live/0/shopee__item-card-standard-v2/0.2.8/pc/e4734dab67ee2f9ebd5a.png,Cashback 99%,,5.0,https://deo.shopeemobile.com/shopee/modules-federation/live/0/shopee__item-card-standard-v2/0.2.8/pc/0614b8f0a8fdde22942d.svg,,-41%,,,"Itel A50 Ram 3/64GB | Ram 3/128GB | Ram 4/64GB ( Second )
Rp
1.180.999
-41%
Cashback 99%
5.0
9 Terjual
Besok 12:00
Surabaya",https://shopee.co.id/Itel-A50-Ram-3-64GB-Ram-3-128GB-Ram-4-64GB-(-Second-)-i.288677122.27124613101?extraParams=%7B%22display_model_id%22%3A159161259143%2C%22model_selection_logic%22%3A3%7D&sp_atk=3f412f58-d436-4f98-a792-bd83bc24ad67&xptdk=3f412f58-d436-4f98-a792-bd83bc24ad67,9 Terjual,https://deo.shopeemobile.com/shopee/modules-federation/live/0/shopee__item-card-standard-v2/0.2.8/pc/d7099d3fd1dfdaf705ab.svg,
https://down-id.img.susercontent.com/file/id-11134207-7rasm-m1u47t9kh0ae1f,,Itel P55 5G 6/128 GB Garansi Resmi Indonesia Second Bekas Original,Rp,1.549.000,https://deo.shopeemobile.com/shopee/modules-federation/live/0/shopee__item-card-standard-v2/0.2.8/pc/38e203dc86172a6c6560.svg,,https://deo.shopeemobile.com/shopee/modules-federation/live/0/shopee__item-card-standard-v2/0.2.8/pc/5dd7b4560d0e2d3190e8.svg,Jakarta Utara,https://deo.shopeemobile.com/shopee/modules-federation/live/0/shopee__item-card-standard-v2/0.2.8/pc/e4734dab67ee2f9ebd5a.png,< 2 Hari,,5.0,https://deo.shopeemobile.com/shopee/modules-federation/live/0/shopee__item-card-standard-v2/0.2.8/pc/0614b8f0a8fdde22942d.svg,,,,,"Itel P55 5G 6/128 GB Garansi Resmi Indonesia Second Bekas Original
Rp
1.549.000
5.0
8 Terjual
< 2 Hari
Jakarta Utara",https://shopee.co.id/Itel-P55-5G-6-128-GB-Garansi-Resmi-Indonesia-Second-Bekas-Original-i.304735900.29315629492?extraParams=%7B%22display_model_id%22%3A241884353175%2C%22model_selection_logic%22%3A3%7D&sp_atk=f6708a15-809f-45ab-8567-951ff34b5651&xptdk=f6708a15-809f-45ab-8567-951ff34b5651,8 Terjual,https://deo.shopeemobile.com/shopee/modules-federation/live/0/shopee__item-card-standard-v2/0.2.8/pc/d7099d3fd1dfdaf705ab.svg,
https://down-id.img.susercontent.com/file/id-11134207-8224q-miefihcsv3lue0,https://down-id.img.susercontent.com/file/id-11134258-7r98w-lyezzaurybot13,ITEL CITY 100 6/128 8/128 SECOND GARANSI RESMI INDONESIA,Rp,1.500.000,https://deo.shopeemobile.com/shopee/modules-federation/live/0/shopee__item-card-standard-v2/0.2.8/pc/38e203dc86172a6c6560.svg,,https://deo.shopeemobile.com/shopee/modules-federation/live/0/shopee__item-card-standard-v2/0.2.8/pc/5dd7b4560d0e2d3190e8.svg,Jakarta Pusat,https://deo.shopeemobile.com/shopee/modules-federation/live/0/shopee__item-card-standard-v2/0.2.8/pc/e4734dab67ee2f9ebd5a.png,< 2 Hari,,5.0,https://deo.shopeemobile.com/shopee/modules-federation/live/0/shopee__item-card-standard-v2/0.2.8/pc/0614b8f0a8fdde22942d.svg,,,Produk Baru,,"ITEL CITY 100 6/128 8/128 SECOND GARANSI RESMI INDONESIA
Rp
1.500.000
Produk Baru
5.0
3 Terjual
< 2 Hari
Jakarta Pusat",https://shopee.co.id/ITEL-CITY-100-6-128-8-128-SECOND-GARANSI-RESMI-INDONESIA-i.48889461.57553285538?extraParams=%7B%22display_model_id%22%3A350480461960%2C%22model_selection_logic%22%3A3%7D&sp_atk=66bf72e6-2344-4d9b-95be-f6b0ff0c2d0e&xptdk=66bf72e6-2344-4d9b-95be-f6b0ff0c2d0e,3 Terjual,https://deo.shopeemobile.com/shopee/modules-federation/live/0/shopee__item-card-standard-v2/0.2.8/pc/d7099d3fd1dfdaf705ab.svg,
https://down-id.img.susercontent.com/file/id-11134207-822wt-mmu4mq3yaoec81,https://down-id.img.susercontent.com/file/id-11134258-8224v-mkvw0cu9r7k1a5,ITEL S23 PLUS 8/256 SECONS MULUS TERAWAT,Rp,1.999.000,https://deo.shopeemobile.com/shopee/modules-federation/live/0/shopee__item-card-standard-v2/0.2.8/pc/38e203dc86172a6c6560.svg,,https://deo.shopeemobile.com/shopee/modules-federation/live/0/shopee__item-card-standard-v2/0.2.8/pc/5dd7b4560d0e2d3190e8.svg,Kab. Sidoarjo,https://deo.shopeemobile.com/shopee/modules-federation/live/0/shopee__item-card-standard-v2/0.2.8/pc/a425c915798471b33e5d.png,Besok 12:00,,,https://deo.shopeemobile.com/shopee/modules-federation/live/0/shopee__item-card-standard-v2/0.2.8/pc/0614b8f0a8fdde22942d.svg,https://deo.shopeemobile.com/shopee/modules-federation/live/0/shopee__item-card-standard-v2/0.2.8/pc/d2a1900a0267d45fd0f5.png,,,,"ITEL S23 PLUS 8/256 SECONS MULUS TERAWAT
Rp
1.999.000
Besok 12:00
Kab. Sidoarjo",https://shopee.co.id/ITEL-S23-PLUS-8-256-SECONS-MULUS-TERAWAT-i.480452205.44908507370?extraParams=%7B%22display_model_id%22%3A259203580197%2C%22model_selection_logic%22%3A3%7D&sp_atk=f2a70b8c-85bc-492b-b335-95339689e401&xptdk=f2a70b8c-85bc-492b-b335-95339689e401,Besok 12:00,https://deo.shopeemobile.com/shopee/modules-federation/live/0/shopee__item-card-standard-v2/0.2.8/pc/0614b8f0a8fdde22942d.svg,
https://down-id.img.susercontent.com/file/sg-11134201-82612-mk82nepiqqrs9e,https://down-id.img.susercontent.com/file/id-11134258-822wr-mlx5y0tebegw04,iTel P55 4G Ram 8/128GB | Ram 8/256GB Second Pusat Gadget,Rp,1.529.111,https://deo.shopeemobile.com/shopee/modules-federation/live/0/shopee__item-card-standard-v2/0.2.8/pc/38e203dc86172a6c6560.svg,,https://deo.shopeemobile.com/shopee/modules-federation/live/0/shopee__item-card-standard-v2/0.2.8/pc/5dd7b4560d0e2d3190e8.svg,Surabaya,https://deo.shopeemobile.com/shopee/modules-federation/live/0/shopee__item-card-standard-v2/0.2.8/pc/a425c915798471b33e5d.png,Cashback 99%,,,https://deo.shopeemobile.com/shopee/modules-federation/live/0/shopee__item-card-standard-v2/0.2.8/pc/0614b8f0a8fdde22942d.svg,https://deo.shopeemobile.com/shopee/modules-federation/live/0/shopee__item-card-standard-v2/0.2.8/pc/d2a1900a0267d45fd0f5.png,-19%,,,"iTel P55 4G Ram 8/128GB | Ram 8/256GB Second Pusat Gadget
Rp
1.529.111
-19%
Cashback 99%
Hari Ini 12:00
Surabaya",https://shopee.co.id/iTel-P55-4G-Ram-8-128GB-Ram-8-256GB-Second-Pusat-Gadget-i.1474904896.41078537741?extraParams=%7B%22display_model_id%22%3A400757664938%2C%22model_selection_logic%22%3A3%7D&sp_atk=376dab42-e447-445f-a8f0-d13c969a2174&xptdk=376dab42-e447-445f-a8f0-d13c969a2174,Hari Ini 12:00,https://deo.shopeemobile.com/shopee/modules-federation/live/0/shopee__item-card-standard-v2/0.2.8/pc/0614b8f0a8fdde22942d.svg,
https://down-id.img.susercontent.com/file/id-11134207-7rasg-m5vmo2nk6gsif4,,Itel A50 3/64 | 4/64 GB Garansi Resmi Indonesia Second Bekas Original,Rp,990.000,https://deo.shopeemobile.com/shopee/modules-federation/live/0/shopee__item-card-standard-v2/0.2.8/pc/38e203dc86172a6c6560.svg,,https://deo.shopeemobile.com/shopee/modules-federation/live/0/shopee__item-card-standard-v2/0.2.8/pc/5dd7b4560d0e2d3190e8.svg,Jakarta Utara,https://deo.shopeemobile.com/shopee/modules-federation/live/0/shopee__item-card-standard-v2/0.2.8/pc/e4734dab67ee2f9ebd5a.png,< 2 Hari,,4.0,https://deo.shopeemobile.com/shopee/modules-federation/live/0/shopee__item-card-standard-v2/0.2.8/pc/0614b8f0a8fdde22942d.svg,,,,,"Itel A50 3/64 | 4/64 GB Garansi Resmi Indonesia Second Bekas Original
Rp
990.000
4.0
3 Terjual
< 2 Hari
Jakarta Utara",https://shopee.co.id/Itel-A50-3-64-4-64-GB-Garansi-Resmi-Indonesia-Second-Bekas-Original-i.304735900.28125192300?extraParams=%7B%22display_model_id%22%3A292559152083%2C%22model_selection_logic%22%3A3%7D&sp_atk=d1c4e267-8a77-49f8-b0d8-ee46437ab77d&xptdk=d1c4e267-8a77-49f8-b0d8-ee46437ab77d,3 Terjual,https://deo.shopeemobile.com/shopee/modules-federation/live/0/shopee__item-card-standard-v2/0.2.8/pc/d7099d3fd1dfdaf705ab.svg,
https://down-id.img.susercontent.com/file/id-11134207-7ra0m-mck75jag05h4da,https://down-id.img.susercontent.com/file/id-11134258-8224v-mkvw0cu9r7k1a5,ITEL A49 2/32 SECOND ORIGINAL ISTIMEWA NORMAL BERKUALITAS HP HARGA MURAH TERJANGKAU,Rp,549.999,https://deo.shopeemobile.com/shopee/modules-federation/live/0/shopee__item-card-standard-v2/0.2.8/pc/38e203dc86172a6c6560.svg,,https://deo.shopeemobile.com/shopee/modules-federation/live/0/shopee__item-card-standard-v2/0.2.8/pc/5dd7b4560d0e2d3190e8.svg,Kab. Kudus,https://deo.shopeemobile.com/shopee/modules-federation/live/0/shopee__item-card-standard-v2/0.2.8/pc/a425c915798471b33e5d.png,< 2 Hari,,5.0,https://deo.shopeemobile.com/shopee/modules-federation/live/0/shopee__item-card-standard-v2/0.2.8/pc/0614b8f0a8fdde22942d.svg,https://deo.shopeemobile.com/shopee/modules-federation/live/0/shopee__item-card-standard-v2/0.2.8/pc/d2a1900a0267d45fd0f5.png,,,,"ITEL A49 2/32 SECOND ORIGINAL ISTIMEWA NORMAL BERKUALITAS HP HARGA MURAH TERJANGKAU
Rp
549.999
5.0
6 Terjual
< 2 Hari
Kab. Kudus",https://shopee.co.id/ITEL-A49-2-32-SECOND-ORIGINAL-ISTIMEWA-NORMAL-BERKUALITAS-HP-HARGA-MURAH-TERJANGKAU-i.333519876.29055522344?extraParams=%7B%22display_model_id%22%3A233006698249%2C%22model_selection_logic%22%3A3%7D&sp_atk=8cc25da7-a0d1-4656-aaa8-bc4187cf72f8&xptdk=8cc25da7-a0d1-4656-aaa8-bc4187cf72f8,6 Terjual,https://deo.shopeemobile.com/shopee/modules-federation/live/0/shopee__item-card-standard-v2/0.2.8/pc/d7099d3fd1dfdaf705ab.svg,
https://down-id.img.susercontent.com/file/sg-11134201-82620-mk82qlvh0xs28f,https://down-id.img.susercontent.com/file/id-11134258-822wr-mlx5y0tebegw04,iTel City 100 Ram 6/128GB | Ram 8/128GB Second Pusat Gadget,Rp,1.629.111,https://deo.shopeemobile.com/shopee/modules-federation/live/0/shopee__item-card-standard-v2/0.2.8/pc/38e203dc86172a6c6560.svg,,https://deo.shopeemobile.com/shopee/modules-federation/live/0/shopee__item-card-standard-v2/0.2.8/pc/5dd7b4560d0e2d3190e8.svg,Surabaya,https://deo.shopeemobile.com/shopee/modules-federation/live/0/shopee__item-card-standard-v2/0.2.8/pc/a425c915798471b33e5d.png,Cashback 99%,,,https://deo.shopeemobile.com/shopee/modules-federation/live/0/shopee__item-card-standard-v2/0.2.8/pc/0614b8f0a8fdde22942d.svg,https://deo.shopeemobile.com/shopee/modules-federation/live/0/shopee__item-card-standard-v2/0.2.8/pc/d2a1900a0267d45fd0f5.png,-22%,,,"iTel City 100 Ram 6/128GB | Ram 8/128GB Second Pusat Gadget
Rp
1.629.111
-22%
Cashback 99%
Hari Ini 12:00
Surabaya",https://shopee.co.id/iTel-City-100-Ram-6-128GB-Ram-8-128GB-Second-Pusat-Gadget-i.1474904896.56105724166?extraParams=%7B%22display_model_id%22%3A390702384142%2C%22model_selection_logic%22%3A3%7D&sp_atk=50644147-cdab-474e-93b1-13c3c1a0e204&xptdk=50644147-cdab-474e-93b1-13c3c1a0e204,Hari Ini 12:00,https://deo.shopeemobile.com/shopee/modules-federation/live/0/shopee__item-card-standard-v2/0.2.8/pc/0614b8f0a8fdde22942d.svg,
https://down-id.img.susercontent.com/file/id-11134207-822wh-mmo3yjvyo0sj33,https://down-id.img.susercontent.com/file/id-11134258-822wr-mlx5y0tebegw04,iTel A70 Ram 3/64GB | 3/128GB | 4/64GB| 4/128GB | 4/256GB | 8/128GB Second Pusat Gadget,Rp,1.179.111,https://deo.shopeemobile.com/shopee/modules-federation/live/0/shopee__item-card-standard-v2/0.2.8/pc/38e203dc86172a6c6560.svg,,https://deo.shopeemobile.com/shopee/modules-federation/live/0/shopee__item-card-standard-v2/0.2.8/pc/5dd7b4560d0e2d3190e8.svg,Surabaya,https://deo.shopeemobile.com/shopee/modules-federation/live/0/shopee__item-card-standard-v2/0.2.8/pc/a425c915798471b33e5d.png,Cashback 99%,,5.0,https://deo.shopeemobile.com/shopee/modules-federation/live/0/shopee__item-card-standard-v2/0.2.8/pc/0614b8f0a8fdde22942d.svg,https://deo.shopeemobile.com/shopee/modules-federation/live/0/shopee__item-card-standard-v2/0.2.8/pc/d2a1900a0267d45fd0f5.png,-41%,,,"iTel A70 Ram 3/64GB | 3/128GB | 4/64GB| 4/128GB | 4/256GB | 8/128GB Second Pusat Gadget
Rp
1.179.111
-41%
Cashback 99%
5.0
3 Terjual
Hari Ini 12:00
Surabaya",https://shopee.co.id/iTel-A70-Ram-3-64GB-3-128GB-4-64GB-4-128GB-4-256GB-8-128GB-Second-Pusat-Gadget-i.1474904896.40403408968?extraParams=%7B%22display_model_id%22%3A262508227764%2C%22model_selection_logic%22%3A3%7D&sp_atk=4ea0a568-0736-4fd5-8fba-8c465a82476a&xptdk=4ea0a568-0736-4fd5-8fba-8c465a82476a,3 Terjual,https://deo.shopeemobile.com/shopee/modules-federation/live/0/shopee__item-card-standard-v2/0.2.8/pc/d7099d3fd1dfdaf705ab.svg,
https://down-id.img.susercontent.com/file/id-11134207-822wu-mn5femk78av7b7,https://down-id.img.susercontent.com/file/id-11134258-7r98w-lyezzaurybot13,ITEL S23 8/128 GB DUAL SIM 4G LTE SECOND NORMAL SIAP PAKAI,Rp,1.200.000,https://deo.shopeemobile.com/shopee/modules-federation/live/0/shopee__item-card-standard-v2/0.2.8/pc/76dff349290d20891fc1.svg,,https://deo.shopeemobile.com/shopee/modules-federation/live/0/shopee__item-card-standard-v2/0.2.8/pc/5dd7b4560d0e2d3190e8.svg,Tangerang Selatan,,,,,,,,,,"ITEL S23 8/128 GB DUAL SIM 4G LTE SECOND NORMAL SIAP PAKAI
Rp
1.200.000
2-4 Hari
Tangerang Selatan",https://shopee.co.id/ITEL-S23-8-128-GB-DUAL-SIM-4G-LTE-SECOND-NORMAL-SIAP-PAKAI-i.524141320.40030165139?extraParams=%7B%22display_model_id%22%3A390798003480%2C%22model_selection_logic%22%3A3%7D&sp_atk=0cda4c9b-351f-4c5c-b4d7-237ca45336b2&xptdk=0cda4c9b-351f-4c5c-b4d7-237ca45336b2,2-4 Hari,,
https://down-id.img.susercontent.com/file/id-11134207-822wt-mnbjwips8tmpa1,https://down-id.img.susercontent.com/file/id-11134258-7ra0q-mbesqwmkb0gu9c,ITEL A50 RAM 3/128 SECOND,Rp,1.000.000,https://deo.shopeemobile.com/shopee/modules-federation/live/0/shopee__item-card-standard-v2/0.2.8/pc/38e203dc86172a6c6560.svg,,https://deo.shopeemobile.com/shopee/modules-federation/live/0/shopee__item-card-standard-v2/0.2.8/pc/5dd7b4560d0e2d3190e8.svg,Serang,https://deo.shopeemobile.com/shopee/modules-federation/live/0/shopee__item-card-standard-v2/0.2.8/pc/a425c915798471b33e5d.png,< 2 Hari,,5.0,https://deo.shopeemobile.com/shopee/modules-federation/live/0/shopee__item-card-standard-v2/0.2.8/pc/0614b8f0a8fdde22942d.svg,https://deo.shopeemobile.com/shopee/modules-federation/live/0/shopee__item-card-standard-v2/0.2.8/pc/d2a1900a0267d45fd0f5.png,,,,"ITEL A50 RAM 3/128 SECOND
Rp
1.000.000
5.0
1 Terjual
< 2 Hari
Serang",https://shopee.co.id/ITEL-A50-RAM-3-128-SECOND-i.1044604091.25512938449?extraParams=%7B%22display_model_id%22%3A194911191465%2C%22model_selection_logic%22%3A3%7D&sp_atk=c000adda-3730-4816-878b-614602138ce5&xptdk=c000adda-3730-4816-878b-614602138ce5,1 Terjual,https://deo.shopeemobile.com/shopee/modules-federation/live/0/shopee__item-card-standard-v2/0.2.8/pc/d7099d3fd1dfdaf705ab.svg,
https://down-id.img.susercontent.com/file/id-11134207-7rbka-m6qstlkef92led,,Itel RS4 8/256 GB Garansi Resmi Indonesia Second Bekas Original,Rp,1.775.000,https://deo.shopeemobile.com/shopee/modules-federation/live/0/shopee__item-card-standard-v2/0.2.8/pc/38e203dc86172a6c6560.svg,,https://deo.shopeemobile.com/shopee/modules-federation/live/0/shopee__item-card-standard-v2/0.2.8/pc/5dd7b4560d0e2d3190e8.svg,Jakarta Utara,https://deo.shopeemobile.com/shopee/modules-federation/live/0/shopee__item-card-standard-v2/0.2.8/pc/e4734dab67ee2f9ebd5a.png,< 2 Hari,https://deo.shopeemobile.com/shopee/modules-federation/live/0/shopee__item-card-standard-v2/0.2.8/pc/0614b8f0a8fdde22942d.svg,,https://deo.shopeemobile.com/shopee/modules-federation/live/0/shopee__item-card-standard-v2/0.2.8/pc/0614b8f0a8fdde22942d.svg,,,,,"Itel RS4 8/256 GB Garansi Resmi Indonesia Second Bekas Original
Rp
1.775.000
< 2 Hari
Jakarta Utara",https://shopee.co.id/Itel-RS4-8-256-GB-Garansi-Resmi-Indonesia-Second-Bekas-Original-i.515774005.28377754995?extraParams=%7B%22display_model_id%22%3A247748191036%2C%22model_selection_logic%22%3A3%7D&sp_atk=901a67a7-028b-42a4-b560-dba73955b8bc&xptdk=901a67a7-028b-42a4-b560-dba73955b8bc,,,< 2 Hari
https://down-id.img.susercontent.com/file/id-11134207-7rbkc-m8dqc99k055d25,https://down-id.img.susercontent.com/file/id-11134258-7r98w-lyezzaurybot13,Itel Rs4 8/128 Garansi Resmi Second Fullset Hp,Rp,1.849.999,https://deo.shopeemobile.com/shopee/modules-federation/live/0/shopee__item-card-standard-v2/0.2.8/pc/38e203dc86172a6c6560.svg,,https://deo.shopeemobile.com/shopee/modules-federation/live/0/shopee__item-card-standard-v2/0.2.8/pc/5dd7b4560d0e2d3190e8.svg,Tangerang,,< 2 Hari,https://deo.shopeemobile.com/shopee/modules-federation/live/0/shopee__item-card-standard-v2/0.2.8/pc/d7099d3fd1dfdaf705ab.svg,5.0,https://deo.shopeemobile.com/shopee/modules-federation/live/0/shopee__item-card-standard-v2/0.2.8/pc/0614b8f0a8fdde22942d.svg,,,,,"Itel Rs4 8/128 Garansi Resmi Second Fullset Hp
Rp
1.849.999
5.0
2 Terjual
< 2 Hari
Tangerang",https://shopee.co.id/Itel-Rs4-8-128-Garansi-Resmi-Second-Fullset-Hp-i.862066073.29682796851?extraParams=%7B%22display_model_id%22%3A301869097830%2C%22model_selection_logic%22%3A3%7D&sp_atk=4757daf3-6a90-469f-9e79-006cfb78f35e&xptdk=4757daf3-6a90-469f-9e79-006cfb78f35e,,,2 Terjual
https://down-id.img.susercontent.com/file/id-11134207-81zto-meqtm4y8pxxff1,https://down-id.img.susercontent.com/file/id-11134258-822wr-mlx67rtd6r602f,Itel A90 4/64 4/128 4/256 GB Garansi Resmi Indonesia Second,Rp,1.270.000,https://deo.shopeemobile.com/shopee/modules-federation/live/0/shopee__item-card-standard-v2/0.2.8/pc/38e203dc86172a6c6560.svg,,https://deo.shopeemobile.com/shopee/modules-federation/live/0/shopee__item-card-standard-v2/0.2.8/pc/5dd7b4560d0e2d3190e8.svg,Kab. Purwakarta,https://deo.shopeemobile.com/shopee/modules-federation/live/0/shopee__item-card-standard-v2/0.2.8/pc/e4734dab67ee2f9ebd5a.png,< 2 Hari,https://deo.shopeemobile.com/shopee/modules-federation/live/0/shopee__item-card-standard-v2/0.2.8/pc/d7099d3fd1dfdaf705ab.svg,5.0,https://deo.shopeemobile.com/shopee/modules-federation/live/0/shopee__item-card-standard-v2/0.2.8/pc/0614b8f0a8fdde22942d.svg,,,,,"Itel A90 4/64 4/128 4/256 GB Garansi Resmi Indonesia Second
Rp
1.270.000
5.0
20 Terjual
< 2 Hari
Kab. Purwakarta",https://shopee.co.id/Itel-A90-4-64-4-128-4-256-GB-Garansi-Resmi-Indonesia-Second-i.42718474.14339450344?extraParams=%7B%22display_model_id%22%3A186025235289%2C%22model_selection_logic%22%3A3%7D&sp_atk=a585d14d-b181-49f9-819d-840881746be6&xptdk=a585d14d-b181-49f9-819d-840881746be6,,,20 Terjual
https://down-id.img.susercontent.com/file/id-11134207-7ra0l-mdr30knngaes48,https://down-id.img.susercontent.com/file/id-11134258-7r98w-lyezzaurybot13,Itel P55 5G Mediatek Dimensity 6080 (6 nm) 6/128Ggb Second Repack Garansi,Rp,1.650.000,https://deo.shopeemobile.com/shopee/modules-federation/live/0/shopee__item-card-standard-v2/0.2.8/pc/38e203dc86172a6c6560.svg,,https://deo.shopeemobile.com/shopee/modules-federation/live/0/shopee__item-card-standard-v2/0.2.8/pc/5dd7b4560d0e2d3190e8.svg,Jakarta Barat,,< 2 Hari,https://deo.shopeemobile.com/shopee/modules-federation/live/0/shopee__item-card-standard-v2/0.2.8/pc/0614b8f0a8fdde22942d.svg,,https://deo.shopeemobile.com/shopee/modules-federation/live/0/shopee__item-card-standard-v2/0.2.8/pc/0614b8f0a8fdde22942d.svg,,,,,"Itel P55 5G Mediatek Dimensity 6080 (6 nm) 6/128Ggb Second Repack Garansi
Rp
1.650.000
< 2 Hari
Jakarta Barat",https://shopee.co.id/Itel-P55-5G-Mediatek-Dimensity-6080-(6-nm)-6-128Ggb-Second-Repack-Garansi-i.1591127342.28990387418?extraParams=%7B%22display_model_id%22%3A243788553160%2C%22model_selection_logic%22%3A3%7D&sp_atk=c54aed24-b48b-4593-9f73-29897e4a952a&xptdk=c54aed24-b48b-4593-9f73-29897e4a952a,,,< 2 Hari
https://down-id.img.susercontent.com/file/id-11134207-8224x-mi31g0e2ul1jae,https://down-id.img.susercontent.com/file/id-11134258-8224v-mkvw0cu9r7k1a5,Itel S26 Ultra 8/128 8/256 Second Fullset Tested,Rp,2.399.000,https://deo.shopeemobile.com/shopee/modules-federation/live/0/shopee__item-card-standard-v2/0.2.8/pc/38e203dc86172a6c6560.svg,,https://deo.shopeemobile.com/shopee/modules-federation/live/0/shopee__item-card-standard-v2/0.2.8/pc/5dd7b4560d0e2d3190e8.svg,Jakarta Barat,https://deo.shopeemobile.com/shopee/modules-federation/live/0/shopee__item-card-standard-v2/0.2.8/pc/e4734dab67ee2f9ebd5a.png,< 2 Hari,https://deo.shopeemobile.com/shopee/modules-federation/live/0/shopee__item-card-standard-v2/0.2.8/pc/d7099d3fd1dfdaf705ab.svg,5.0,https://deo.shopeemobile.com/shopee/modules-federation/live/0/shopee__item-card-standard-v2/0.2.8/pc/0614b8f0a8fdde22942d.svg,,,,,"Itel S26 Ultra 8/128 8/256 Second Fullset Tested
Rp
2.399.000
5.0
2 Terjual
< 2 Hari
Jakarta Barat",https://shopee.co.id/Itel-S26-Ultra-8-128-8-256-Second-Fullset-Tested-i.365327344.54502878828?extraParams=%7B%22display_model_id%22%3A435384015424%2C%22model_selection_logic%22%3A3%7D&sp_atk=b8763eee-6d51-4779-88f4-9d33c5736ea8&xptdk=b8763eee-6d51-4779-88f4-9d33c5736ea8,,,2 Terjual
https://down-id.img.susercontent.com/file/id-11134207-7ra0j-mcqk2zxchsfje4,,ITEL A90 4/64GB & 4/128GB SECOND FULLSET,Rp,1.180.000,https://deo.shopeemobile.com/shopee/modules-federation/live/0/shopee__item-card-standard-v2/0.2.8/pc/38e203dc86172a6c6560.svg,,https://deo.shopeemobile.com/shopee/modules-federation/live/0/shopee__item-card-standard-v2/0.2.8/pc/5dd7b4560d0e2d3190e8.svg,Jakarta Barat,https://deo.shopeemobile.com/shopee/modules-federation/live/0/shopee__item-card-standard-v2/0.2.8/pc/e4734dab67ee2f9ebd5a.png,< 2 Hari,https://deo.shopeemobile.com/shopee/modules-federation/live/0/shopee__item-card-standard-v2/0.2.8/pc/d7099d3fd1dfdaf705ab.svg,4.9,https://deo.shopeemobile.com/shopee/modules-federation/live/0/shopee__item-card-standard-v2/0.2.8/pc/0614b8f0a8fdde22942d.svg,https://deo.shopeemobile.com/shopee/modules-federation/live/0/shopee__item-card-standard-v2/0.2.8/pc/d2a1900a0267d45fd0f5.png,,,,"ITEL A90 4/64GB & 4/128GB SECOND FULLSET
Rp
1.180.000
4.9
36 Terjual
< 2 Hari
Jakarta Barat",https://shopee.co.id/ITEL-A90-4-64GB-4-128GB-SECOND-FULLSET-i.86064906.43110676584?extraParams=%7B%22display_model_id%22%3A249024596826%2C%22model_selection_logic%22%3A3%7D&sp_atk=3a62d04e-84d2-42ec-9c61-7349351bb2a8&xptdk=3a62d04e-84d2-42ec-9c61-7349351bb2a8,,,36 Terjual
https://down-id.img.susercontent.com/file/id-11134207-7rasa-m52hif89jel470,,Itel RS4 8/128 GB Garansi Resmi Indonesia Second Bekas Original,Rp,1.675.000,https://deo.shopeemobile.com/shopee/modules-federation/live/0/shopee__item-card-standard-v2/0.2.8/pc/38e203dc86172a6c6560.svg,,https://deo.shopeemobile.com/shopee/modules-federation/live/0/shopee__item-card-standard-v2/0.2.8/pc/5dd7b4560d0e2d3190e8.svg,Jakarta Utara,https://deo.shopeemobile.com/shopee/modules-federation/live/0/shopee__item-card-standard-v2/0.2.8/pc/e4734dab67ee2f9ebd5a.png,< 2 Hari,https://deo.shopeemobile.com/shopee/modules-federation/live/0/shopee__item-card-standard-v2/0.2.8/pc/d7099d3fd1dfdaf705ab.svg,5.0,https://deo.shopeemobile.com/shopee/modules-federation/live/0/shopee__item-card-standard-v2/0.2.8/pc/0614b8f0a8fdde22942d.svg,,,,,"Itel RS4 8/128 GB Garansi Resmi Indonesia Second Bekas Original
Rp
1.675.000
5.0
4 Terjual
< 2 Hari
Jakarta Utara",https://shopee.co.id/Itel-RS4-8-128-GB-Garansi-Resmi-Indonesia-Second-Bekas-Original-i.515774005.24440509308?extraParams=%7B%22display_model_id%22%3A49861387275%2C%22model_selection_logic%22%3A3%7D&sp_atk=d3ced7b5-df35-4c50-8577-043709227e56&xptdk=d3ced7b5-df35-4c50-8577-043709227e56,,,4 Terjual
https://down-id.img.susercontent.com/file/id-11134207-822wl-mn04aqy1g5c5de,https://down-id.img.susercontent.com/file/id-11134258-8224v-mkvw0cu9r7k1a5,ITEL S23 4G 8/128GB SECOND UNIT ONLY,Rp,1.350.000,https://deo.shopeemobile.com/shopee/modules-federation/live/0/shopee__item-card-standard-v2/0.2.8/pc/38e203dc86172a6c6560.svg,,https://deo.shopeemobile.com/shopee/modules-federation/live/0/shopee__item-card-standard-v2/0.2.8/pc/5dd7b4560d0e2d3190e8.svg,Jakarta Pusat,https://deo.shopeemobile.com/shopee/modules-federation/live/0/shopee__item-card-standard-v2/0.2.8/pc/a425c915798471b33e5d.png,< 2 Hari,https://deo.shopeemobile.com/shopee/modules-federation/live/0/shopee__item-card-standard-v2/0.2.8/pc/0614b8f0a8fdde22942d.svg,,https://deo.shopeemobile.com/shopee/modules-federation/live/0/shopee__item-card-standard-v2/0.2.8/pc/0614b8f0a8fdde22942d.svg,,,,,"ITEL S23 4G 8/128GB SECOND UNIT ONLY
Rp
1.350.000
< 2 Hari
Jakarta Pusat",https://shopee.co.id/ITEL-S23-4G-8-128GB-SECOND-UNIT-ONLY-i.444768334.44707476569?extraParams=%7B%22display_model_id%22%3A297467325149%2C%22model_selection_logic%22%3A3%7D&sp_atk=6acee568-44cb-4a29-b7af-3175159d7551&xptdk=6acee568-44cb-4a29-b7af-3175159d7551,,,< 2 Hari
https://down-id.img.susercontent.com/file/id-11134207-8224t-mifre2jp4w0719,https://down-id.img.susercontent.com/file/id-11134258-7r98w-lyezzaurybot13,second android Itel A 50 3/128gb Likenew,Rp,1.000.000,https://deo.shopeemobile.com/shopee/modules-federation/live/0/shopee__item-card-standard-v2/0.2.8/pc/38e203dc86172a6c6560.svg,,https://deo.shopeemobile.com/shopee/modules-federation/live/0/shopee__item-card-standard-v2/0.2.8/pc/5dd7b4560d0e2d3190e8.svg,Bandung,,< 2 Hari,https://deo.shopeemobile.com/shopee/modules-federation/live/0/shopee__item-card-standard-v2/0.2.8/pc/0614b8f0a8fdde22942d.svg,,https://deo.shopeemobile.com/shopee/modules-federation/live/0/shopee__item-card-standard-v2/0.2.8/pc/0614b8f0a8fdde22942d.svg,,,Produk Baru,,"second android Itel A 50 3/128gb Likenew
Rp
1.000.000
Produk Baru
< 2 Hari
Bandung",https://shopee.co.id/second-android-Itel-A-50-3-128gb-Likenew-i.1595000456.51103328109?extraParams=%7B%22display_model_id%22%3A307268394529%2C%22model_selection_logic%22%3A3%7D&sp_atk=f4fb5f39-edfc-4dd5-a8a1-aa0465b41b6a&xptdk=f4fb5f39-edfc-4dd5-a8a1-aa0465b41b6a,,,< 2 Hari
https://down-id.img.susercontent.com/file/id-11134207-7rbk7-m9fgj4qfw6xd29,https://down-id.img.susercontent.com/file/id-11134258-8224v-mkvw0cu9r7k1a5,Itel P55 NFC 8/256GB Fullset Mulus Second 5G,Rp,1.450.000,https://deo.shopeemobile.com/shopee/modules-federation/live/0/shopee__item-card-standard-v2/0.2.8/pc/38e203dc86172a6c6560.svg,,https://deo.shopeemobile.com/shopee/modules-federation/live/0/shopee__item-card-standard-v2/0.2.8/pc/5dd7b4560d0e2d3190e8.svg,Jakarta Barat,,< 2 Hari,https://deo.shopeemobile.com/shopee/modules-federation/live/0/shopee__item-card-standard-v2/0.2.8/pc/d7099d3fd1dfdaf705ab.svg,5.0,https://deo.shopeemobile.com/shopee/modules-federation/live/0/shopee__item-card-standard-v2/0.2.8/pc/0614b8f0a8fdde22942d.svg,,,,,"Itel P55 NFC 8/256GB Fullset Mulus Second 5G
Rp
1.450.000
5.0
8 Terjual
< 2 Hari
Jakarta Barat",https://shopee.co.id/Itel-P55-NFC-8-256GB-Fullset-Mulus-Second-5G-i.795353877.26421900032?extraParams=%7B%22display_model_id%22%3A227774301273%2C%22model_selection_logic%22%3A3%7D&sp_atk=49804930-bbb1-4388-945f-3dd2e95a2238&xptdk=49804930-bbb1-4388-945f-3dd2e95a2238,,,8 Terjual
https://down-id.img.susercontent.com/file/id-11134207-8224p-mknhqffwyx3940,https://down-id.img.susercontent.com/file/id-11134258-8224v-mkvw0cu9r7k1a5,ITEL VISTATAB 11 4/128GB SECOND FULLSET ORIGINAL BERGARANSI,Rp,1.640.000,https://deo.shopeemobile.com/shopee/modules-federation/live/0/shopee__item-card-standard-v2/0.2.8/pc/38e203dc86172a6c6560.svg,,https://deo.shopeemobile.com/shopee/modules-federation/live/0/shopee__item-card-standard-v2/0.2.8/pc/5dd7b4560d0e2d3190e8.svg,Jakarta Selatan,https://deo.shopeemobile.com/shopee/modules-federation/live/0/shopee__item-card-standard-v2/0.2.8/pc/a425c915798471b33e5d.png,< 2 Hari,https://deo.shopeemobile.com/shopee/modules-federation/live/0/shopee__item-card-standard-v2/0.2.8/pc/d7099d3fd1dfdaf705ab.svg,5.0,https://deo.shopeemobile.com/shopee/modules-federation/live/0/shopee__item-card-standard-v2/0.2.8/pc/0614b8f0a8fdde22942d.svg,,,Cicilan,,"ITEL VISTATAB 11 4/128GB SECOND FULLSET ORIGINAL BERGARANSI
Rp
1.640.000
Cicilan
5.0
2 Terjual
< 2 Hari
Jakarta Selatan",https://shopee.co.id/ITEL-VISTATAB-11-4-128GB-SECOND-FULLSET-ORIGINAL-BERGARANSI-i.281286305.7791317118?extraParams=%7B%22display_model_id%22%3A134537108870%2C%22model_selection_logic%22%3A3%7D&sp_atk=273e6959-07fa-4845-b7b9-94b0854690b2&xptdk=273e6959-07fa-4845-b7b9-94b0854690b2,,,2 Terjual
https://down-id.img.susercontent.com/file/id-11134207-7ra0k-mbp5o1sflxb2c6,,Itel S25 8/128 GB Garansi Resmi Indonesia Second Bekas Original,Rp,1.575.000,https://deo.shopeemobile.com/shopee/modules-federation/live/0/shopee__item-card-standard-v2/0.2.8/pc/38e203dc86172a6c6560.svg,,https://deo.shopeemobile.com/shopee/modules-federation/live/0/shopee__item-card-standard-v2/0.2.8/pc/5dd7b4560d0e2d3190e8.svg,Jakarta Utara,https://deo.shopeemobile.com/shopee/modules-federation/live/0/shopee__item-card-standard-v2/0.2.8/pc/a425c915798471b33e5d.png,< 2 Hari,https://deo.shopeemobile.com/shopee/modules-federation/live/0/shopee__item-card-standard-v2/0.2.8/pc/0614b8f0a8fdde22942d.svg,,https://deo.shopeemobile.com/shopee/modules-federation/live/0/shopee__item-card-standard-v2/0.2.8/pc/0614b8f0a8fdde22942d.svg,,,,,"Itel S25 8/128 GB Garansi Resmi Indonesia Second Bekas Original
Rp
1.575.000
< 2 Hari
Jakarta Utara",https://shopee.co.id/Itel-S25-8-128-GB-Garansi-Resmi-Indonesia-Second-Bekas-Original-i.1388801445.43657031633?extraParams=%7B%22display_model_id%22%3A280596517206%2C%22model_selection_logic%22%3A3%7D&sp_atk=ccd8fc55-98a3-468c-97d1-3fcaa639c48b&xptdk=ccd8fc55-98a3-468c-97d1-3fcaa639c48b,,,< 2 Hari
https://down-id.img.susercontent.com/file/id-11134207-7r98w-lrzw1ke7qvck67,https://down-id.img.susercontent.com/file/id-11134258-8224v-mkvw0cu9r7k1a5,ITEL A70 3/64 4/64 4/128 4/256GB SECOND FULLSET,Rp,1.125.000,https://deo.shopeemobile.com/shopee/modules-federation/live/0/shopee__item-card-standard-v2/0.2.8/pc/38e203dc86172a6c6560.svg,,https://deo.shopeemobile.com/shopee/modules-federation/live/0/shopee__item-card-standard-v2/0.2.8/pc/5dd7b4560d0e2d3190e8.svg,Jakarta Barat,https://deo.shopeemobile.com/shopee/modules-federation/live/0/shopee__item-card-standard-v2/0.2.8/pc/e4734dab67ee2f9ebd5a.png,< 2 Hari,https://deo.shopeemobile.com/shopee/modules-federation/live/0/shopee__item-card-standard-v2/0.2.8/pc/d7099d3fd1dfdaf705ab.svg,5.0,https://deo.shopeemobile.com/shopee/modules-federation/live/0/shopee__item-card-standard-v2/0.2.8/pc/0614b8f0a8fdde22942d.svg,,,,,"ITEL A70 3/64 4/64 4/128 4/256GB SECOND FULLSET
Rp
1.125.000
5.0
27 Terjual
< 2 Hari
Jakarta Barat",https://shopee.co.id/ITEL-A70-3-64-4-64-4-128-4-256GB-SECOND-FULLSET-i.365327344.24264501464?extraParams=%7B%22display_model_id%22%3A240988166335%2C%22model_selection_logic%22%3A3%7D&sp_atk=2654db60-b56b-4c89-9941-ff6281e0448b&xptdk=2654db60-b56b-4c89-9941-ff6281e0448b,,,27 Terjual
https://down-id.img.susercontent.com/file/id-11134207-822wm-mnb6mo6zl9tu6d,https://down-id.img.susercontent.com/file/id-11134258-8224v-mkvw0cu9r7k1a5,ITEL A100C 4/64GB HANDPHONE SECOND FULLSET BATANGAN ORIGINAL BERGARANSI,Rp,1.240.000,https://deo.shopeemobile.com/shopee/modules-federation/live/0/shopee__item-card-standard-v2/0.2.8/pc/38e203dc86172a6c6560.svg,,https://deo.shopeemobile.com/shopee/modules-federation/live/0/shopee__item-card-standard-v2/0.2.8/pc/5dd7b4560d0e2d3190e8.svg,Jakarta Selatan,https://deo.shopeemobile.com/shopee/modules-federation/live/0/shopee__item-card-standard-v2/0.2.8/pc/a425c915798471b33e5d.png,< 2 Hari,https://deo.shopeemobile.com/shopee/modules-federation/live/0/shopee__item-card-standard-v2/0.2.8/pc/0614b8f0a8fdde22942d.svg,,https://deo.shopeemobile.com/shopee/modules-federation/live/0/shopee__item-card-standard-v2/0.2.8/pc/0614b8f0a8fdde22942d.svg,,,,,"ITEL A100C 4/64GB HANDPHONE SECOND FULLSET BATANGAN ORIGINAL BERGARANSI
Rp
1.240.000
< 2 Hari
Jakarta Selatan",https://shopee.co.id/ITEL-A100C-4-64GB-HANDPHONE-SECOND-FULLSET-BATANGAN-ORIGINAL-BERGARANSI-i.281286305.43330257700?extraParams=%7B%22display_model_id%22%3A360818280075%2C%22model_selection_logic%22%3A3%7D&sp_atk=b1b97a20-52d2-4a3e-aabb-14f0b770ec5b&xptdk=b1b97a20-52d2-4a3e-aabb-14f0b770ec5b,,,< 2 Hari
https://down-id.img.susercontent.com/file/id-11134207-7r98t-m09qdj9r9kyk92,https://down-id.img.susercontent.com/file/id-11134258-8224v-mkvw0cu9r7k1a5,Itel S23 Ram 8/128 GB Second Nominus Second Segel Garansi,Rp,1.500.000,https://deo.shopeemobile.com/shopee/modules-federation/live/0/shopee__item-card-standard-v2/0.2.8/pc/76dff349290d20891fc1.svg,,https://deo.shopeemobile.com/shopee/modules-federation/live/0/shopee__item-card-standard-v2/0.2.8/pc/5dd7b4560d0e2d3190e8.svg,Kab. Karawang,https://deo.shopeemobile.com/shopee/modules-federation/live/0/shopee__item-card-standard-v2/0.2.8/pc/a425c915798471b33e5d.png,,,,,https://deo.shopeemobile.com/shopee/modules-federation/live/0/shopee__item-card-standard-v2/0.2.8/pc/d2a1900a0267d45fd0f5.png,,,,"Itel S23 Ram 8/128 GB Second Nominus Second Segel Garansi
Rp
1.500.000
2 Terjual
3-6 Hari
Kab. Karawang",https://shopee.co.id/Itel-S23-Ram-8-128-GB-Second-Nominus-Second-Segel-Garansi-i.958183516.28061510607?extraParams=%7B%22display_model_id%22%3A207812597038%2C%22model_selection_logic%22%3A3%7D&sp_atk=18a57739-d638-4763-8035-f84722f4df36&xptdk=18a57739-d638-4763-8035-f84722f4df36,,,2 Terjual
https://down-id.img.susercontent.com/file/id-11134207-822wt-mna577nzpf5xaa,https://down-id.img.susercontent.com/file/id-11134258-8224v-mkvw0cu9r7k1a5,ITEL A100C 4/64GB HP SECOND FULLSET,Rp,1.245.000,https://deo.shopeemobile.com/shopee/modules-federation/live/0/shopee__item-card-standard-v2/0.2.8/pc/38e203dc86172a6c6560.svg,,https://deo.shopeemobile.com/shopee/modules-federation/live/0/shopee__item-card-standard-v2/0.2.8/pc/5dd7b4560d0e2d3190e8.svg,Jakarta Selatan,https://deo.shopeemobile.com/shopee/modules-federation/live/0/shopee__item-card-standard-v2/0.2.8/pc/e4734dab67ee2f9ebd5a.png,< 2 Hari,https://deo.shopeemobile.com/shopee/modules-federation/live/0/shopee__item-card-standard-v2/0.2.8/pc/0614b8f0a8fdde22942d.svg,,https://deo.shopeemobile.com/shopee/modules-federation/live/0/shopee__item-card-standard-v2/0.2.8/pc/0614b8f0a8fdde22942d.svg,,,,,"ITEL A100C 4/64GB HP SECOND FULLSET
Rp
1.245.000
< 2 Hari
Jakarta Selatan",https://shopee.co.id/ITEL-A100C-4-64GB-HP-SECOND-FULLSET-i.1215776218.45409193981?extraParams=%7B%22display_model_id%22%3A395813685239%2C%22model_selection_logic%22%3A3%7D&sp_atk=00589d97-3cd4-4c48-8ffc-2602d8ccd995&xptdk=00589d97-3cd4-4c48-8ffc-2602d8ccd995,,,< 2 Hari
https://down-id.img.susercontent.com/file/id-11134207-8224t-milclufmzpxk20,https://down-id.img.susercontent.com/file/id-11134258-7r98w-lyezzaurybot13,second android likenew itel a90 4/64gb,Rp,1.000.000,https://deo.shopeemobile.com/shopee/modules-federation/live/0/shopee__item-card-standard-v2/0.2.8/pc/38e203dc86172a6c6560.svg,,https://deo.shopeemobile.com/shopee/modules-federation/live/0/shopee__item-card-standard-v2/0.2.8/pc/5dd7b4560d0e2d3190e8.svg,Bandung,,< 2 Hari,https://deo.shopeemobile.com/shopee/modules-federation/live/0/shopee__item-card-standard-v2/0.2.8/pc/0614b8f0a8fdde22942d.svg,,https://deo.shopeemobile.com/shopee/modules-federation/live/0/shopee__item-card-standard-v2/0.2.8/pc/0614b8f0a8fdde22942d.svg,,,Produk Baru,,"second android likenew itel a90 4/64gb
Rp
1.000.000
Produk Baru
< 2 Hari
Bandung",https://shopee.co.id/second-android-likenew-itel-a90-4-64gb-i.1595000456.40827446039?extraParams=%7B%22display_model_id%22%3A390336416762%2C%22model_selection_logic%22%3A3%7D&sp_atk=9d0a20e7-261c-42cd-88e1-9ce22b71065a&xptdk=9d0a20e7-261c-42cd-88e1-9ce22b71065a,,,< 2 Hari
https://down-id.img.susercontent.com/file/id-11134207-81ztq-mfjfj16dpiq04e,,Itel City 100 8/128 GB Garansi Resmi Indonesia Second Bekas Original,Rp,1.490.000,https://deo.shopeemobile.com/shopee/modules-federation/live/0/shopee__item-card-standard-v2/0.2.8/pc/38e203dc86172a6c6560.svg,,https://deo.shopeemobile.com/shopee/modules-federation/live/0/shopee__item-card-standard-v2/0.2.8/pc/5dd7b4560d0e2d3190e8.svg,Jakarta Utara,https://deo.shopeemobile.com/shopee/modules-federation/live/0/shopee__item-card-standard-v2/0.2.8/pc/e4734dab67ee2f9ebd5a.png,< 2 Hari,https://deo.shopeemobile.com/shopee/modules-federation/live/0/shopee__item-card-standard-v2/0.2.8/pc/d7099d3fd1dfdaf705ab.svg,5.0,https://deo.shopeemobile.com/shopee/modules-federation/live/0/shopee__item-card-standard-v2/0.2.8/pc/0614b8f0a8fdde22942d.svg,,,,,"Itel City 100 8/128 GB Garansi Resmi Indonesia Second Bekas Original
Rp
1.490.000
5.0
5 Terjual
< 2 Hari
Jakarta Utara",https://shopee.co.id/Itel-City-100-8-128-GB-Garansi-Resmi-Indonesia-Second-Bekas-Original-i.304735900.41773092384?extraParams=%7B%22display_model_id%22%3A99892996851%2C%22model_selection_logic%22%3A3%7D&sp_atk=2f22645b-5143-4bc4-b65e-c6839c92ea1d&xptdk=2f22645b-5143-4bc4-b65e-c6839c92ea1d,,,5 Terjual
https://down-id.img.susercontent.com/file/id-11134207-81ztq-mf5bkavj3nda29,,Itel P40 4/64 GB Garansi Resmi Indonesia Second Bekas Original,Rp,1.075.000,https://deo.shopeemobile.com/shopee/modules-federation/live/0/shopee__item-card-standard-v2/0.2.8/pc/38e203dc86172a6c6560.svg,,https://deo.shopeemobile.com/shopee/modules-federation/live/0/shopee__item-card-standard-v2/0.2.8/pc/5dd7b4560d0e2d3190e8.svg,Jakarta Utara,https://deo.shopeemobile.com/shopee/modules-federation/live/0/shopee__item-card-standard-v2/0.2.8/pc/e4734dab67ee2f9ebd5a.png,< 2 Hari,https://deo.shopeemobile.com/shopee/modules-federation/live/0/shopee__item-card-standard-v2/0.2.8/pc/d7099d3fd1dfdaf705ab.svg,5.0,https://deo.shopeemobile.com/shopee/modules-federation/live/0/shopee__item-card-standard-v2/0.2.8/pc/0614b8f0a8fdde22942d.svg,,,,,"Itel P40 4/64 GB Garansi Resmi Indonesia Second Bekas Original
Rp
1.075.000
5.0
2 Terjual
< 2 Hari
Jakarta Utara",https://shopee.co.id/Itel-P40-4-64-GB-Garansi-Resmi-Indonesia-Second-Bekas-Original-i.515774005.40171872789?extraParams=%7B%22display_model_id%22%3A296779236442%2C%22model_selection_logic%22%3A3%7D&sp_atk=1a53ec88-d411-4488-8c21-74b4c4ac2f0b&xptdk=1a53ec88-d411-4488-8c21-74b4c4ac2f0b,,,2 Terjual
https://down-id.img.susercontent.com/file/id-11134207-8224w-mk3texvoye4jef,,Itel S25 Ultra 8/256GB SECOND FULLSET ORIGINAL,Rp,1.900.000,https://deo.shopeemobile.com/shopee/modules-federation/live/0/shopee__item-card-standard-v2/0.2.8/pc/76dff349290d20891fc1.svg,,https://deo.shopeemobile.com/shopee/modules-federation/live/0/shopee__item-card-standard-v2/0.2.8/pc/5dd7b4560d0e2d3190e8.svg,Kab. Sukabumi,,,https://deo.shopeemobile.com/shopee/modules-federation/live/0/shopee__item-card-standard-v2/0.2.8/pc/d7099d3fd1dfdaf705ab.svg,5.0,,,,,,"Itel S25 Ultra 8/256GB SECOND FULLSET ORIGINAL
Rp
1.900.000
5.0
1 Terjual
2-5 Hari
Kab. Sukabumi",https://shopee.co.id/Itel-S25-Ultra-8-256GB-SECOND-FULLSET-ORIGINAL-i.308163219.52705624863?extraParams=%7B%22display_model_id%22%3A405509322841%2C%22model_selection_logic%22%3A3%7D&sp_atk=bf61b00c-2819-4fd2-a777-eaf904c45a0e&xptdk=bf61b00c-2819-4fd2-a777-eaf904c45a0e,,,1 Terjual
https://down-id.img.susercontent.com/file/id-11134207-82252-mipq6cfheoe898,https://down-id.img.susercontent.com/file/id-11134258-7r98w-lyezzaurybot13,second android Likenew itel a90 4/128gb,Rp,1.050.000,https://deo.shopeemobile.com/shopee/modules-federation/live/0/shopee__item-card-standard-v2/0.2.8/pc/38e203dc86172a6c6560.svg,,https://deo.shopeemobile.com/shopee/modules-federation/live/0/shopee__item-card-standard-v2/0.2.8/pc/5dd7b4560d0e2d3190e8.svg,Bandung,,< 2 Hari,https://deo.shopeemobile.com/shopee/modules-federation/live/0/shopee__item-card-standard-v2/0.2.8/pc/0614b8f0a8fdde22942d.svg,,https://deo.shopeemobile.com/shopee/modules-federation/live/0/shopee__item-card-standard-v2/0.2.8/pc/0614b8f0a8fdde22942d.svg,,,Produk Baru,,"second android Likenew itel a90 4/128gb
Rp
1.050.000
Produk Baru
< 2 Hari
Bandung",https://shopee.co.id/second-android-Likenew-itel-a90-4-128gb-i.1595000456.53353785004?extraParams=%7B%22display_model_id%22%3A445359314615%2C%22model_selection_logic%22%3A3%7D&sp_atk=b51b4225-1c3d-4480-b03b-deac23ec0b3d&xptdk=b51b4225-1c3d-4480-b03b-deac23ec0b3d,,,< 2 Hari
https://down-id.img.susercontent.com/file/id-11134207-81zti-mfkzjdv06h3f42,https://down-id.img.susercontent.com/file/id-11134258-8224v-mkvw0cu9r7k1a5,Itel A90 4/64 4/128 Second Fullset Kinerja Mulus,Rp,1.449.000,https://deo.shopeemobile.com/shopee/modules-federation/live/0/shopee__item-card-standard-v2/0.2.8/pc/76dff349290d20891fc1.svg,,https://deo.shopeemobile.com/shopee/modules-federation/live/0/shopee__item-card-standard-v2/0.2.8/pc/5dd7b4560d0e2d3190e8.svg,Jakarta Barat,https://deo.shopeemobile.com/shopee/modules-federation/live/0/shopee__item-card-standard-v2/0.2.8/pc/e4734dab67ee2f9ebd5a.png,,https://deo.shopeemobile.com/shopee/modules-federation/live/0/shopee__item-card-standard-v2/0.2.8/pc/d7099d3fd1dfdaf705ab.svg,4.8,,,,,,"Itel A90 4/64 4/128 Second Fullset Kinerja Mulus
Rp
1.449.000
4.8
16 Terjual
2-4 Hari
Jakarta Barat",https://shopee.co.id/Itel-A90-4-64-4-128-Second-Fullset-Kinerja-Mulus-i.365327344.40511302790?extraParams=%7B%22display_model_id%22%3A420834290502%2C%22model_selection_logic%22%3A3%7D&sp_atk=084c4453-5e00-46ac-80bc-6ef76ffbf5b0&xptdk=084c4453-5e00-46ac-80bc-6ef76ffbf5b0,,,16 Terjual
https://down-id.img.susercontent.com/file/id-11134207-7rasc-m2fbw7fy0tbo4d,https://down-id.img.susercontent.com/file/id-11134258-8224v-mkvw0cu9r7k1a5,Itel P55 Ram 8/128 GB fulset nominus second,Rp,1.500.000,https://deo.shopeemobile.com/shopee/modules-federation/live/0/shopee__item-card-standard-v2/0.2.8/pc/38e203dc86172a6c6560.svg,,https://deo.shopeemobile.com/shopee/modules-federation/live/0/shopee__item-card-standard-v2/0.2.8/pc/5dd7b4560d0e2d3190e8.svg,Kab. Karawang,https://deo.shopeemobile.com/shopee/modules-federation/live/0/shopee__item-card-standard-v2/0.2.8/pc/a425c915798471b33e5d.png,< 2 Hari,https://deo.shopeemobile.com/shopee/modules-federation/live/0/shopee__item-card-standard-v2/0.2.8/pc/d7099d3fd1dfdaf705ab.svg,4.2,https://deo.shopeemobile.com/shopee/modules-federation/live/0/shopee__item-card-standard-v2/0.2.8/pc/0614b8f0a8fdde22942d.svg,https://deo.shopeemobile.com/shopee/modules-federation/live/0/shopee__item-card-standard-v2/0.2.8/pc/d2a1900a0267d45fd0f5.png,,,,"Itel P55 Ram 8/128 GB fulset nominus second
Rp
1.500.000
4.2
12 Terjual
< 2 Hari
Kab. Karawang",https://shopee.co.id/Itel-P55-Ram-8-128-GB-fulset-nominus-second-i.958183516.26254557723?extraParams=%7B%22display_model_id%22%3A265134711656%2C%22model_selection_logic%22%3A3%7D&sp_atk=679be5ca-fee6-4cc3-9b5e-31c7a9b09e92&xptdk=679be5ca-fee6-4cc3-9b5e-31c7a9b09e92,,,12 Terjual
https://down-id.img.susercontent.com/file/id-11134207-7rasc-m5ag507lqtoz5f,,"Itel Vision 1 Pro 3/32GB Second 4G LTE 6,5"" Display",Rp,849.000,https://deo.shopeemobile.com/shopee/modules-federation/live/0/shopee__item-card-standard-v2/0.2.8/pc/38e203dc86172a6c6560.svg,,https://deo.shopeemobile.com/shopee/modules-federation/live/0/shopee__item-card-standard-v2/0.2.8/pc/5dd7b4560d0e2d3190e8.svg,Jakarta Barat,https://deo.shopeemobile.com/shopee/modules-federation/live/0/shopee__item-card-standard-v2/0.2.8/pc/e4734dab67ee2f9ebd5a.png,< 2 Hari,https://deo.shopeemobile.com/shopee/modules-federation/live/0/shopee__item-card-standard-v2/0.2.8/pc/0614b8f0a8fdde22942d.svg,,https://deo.shopeemobile.com/shopee/modules-federation/live/0/shopee__item-card-standard-v2/0.2.8/pc/0614b8f0a8fdde22942d.svg,https://deo.shopeemobile.com/shopee/modules-federation/live/0/shopee__item-card-standard-v2/0.2.8/pc/d2a1900a0267d45fd0f5.png,,,,"Itel Vision 1 Pro 3/32GB Second 4G LTE 6,5"" Display
Rp
849.000
< 2 Hari
Jakarta Barat",https://shopee.co.id/Itel-Vision-1-Pro-3-32GB-Second-4G-LTE-6-5-Display-i.86064906.18171498126?extraParams=%7B%22display_model_id%22%3A242519212601%2C%22model_selection_logic%22%3A3%7D&sp_atk=a28892ca-cace-4461-a9b0-1f7a06cf482a&xptdk=a28892ca-cace-4461-a9b0-1f7a06cf482a,,,< 2 Hari
https://down-id.img.susercontent.com/file/id-11134207-7rasf-m5s54xrfr15kbc,,Itel S23 8/128 GB | 8/256 GB Garansi Resmi Indonesia Second Bekas Original,Rp,1.325.000,https://deo.shopeemobile.com/shopee/modules-federation/live/0/shopee__item-card-standard-v2/0.2.8/pc/38e203dc86172a6c6560.svg,,https://deo.shopeemobile.com/shopee/modules-federation/live/0/shopee__item-card-standard-v2/0.2.8/pc/5dd7b4560d0e2d3190e8.svg,Jakarta Utara,https://deo.shopeemobile.com/shopee/modules-federation/live/0/shopee__item-card-standard-v2/0.2.8/pc/e4734dab67ee2f9ebd5a.png,< 2 Hari,https://deo.shopeemobile.com/shopee/modules-federation/live/0/shopee__item-card-standard-v2/0.2.8/pc/0614b8f0a8fdde22942d.svg,,https://deo.shopeemobile.com/shopee/modules-federation/live/0/shopee__item-card-standard-v2/0.2.8/pc/0614b8f0a8fdde22942d.svg,,,,,"Itel S23 8/128 GB | 8/256 GB Garansi Resmi Indonesia Second Bekas Original
Rp
1.325.000
1 Terjual
< 2 Hari
Jakarta Utara",https://shopee.co.id/Itel-S23-8-128-GB-8-256-GB-Garansi-Resmi-Indonesia-Second-Bekas-Original-i.515774005.27874968455?extraParams=%7B%22display_model_id%22%3A89099525285%2C%22model_selection_logic%22%3A3%7D&sp_atk=c70317d8-8ac3-464e-b5db-d9381a28d4f1&xptdk=c70317d8-8ac3-464e-b5db-d9381a28d4f1,,,1 Terjual
https://down-id.img.susercontent.com/file/sg-11134201-824iz-mfqehrktgvexe4,https://down-id.img.susercontent.com/file/id-11134258-822wr-mlx5y0tebegw04,Itel A90 Ram 4/64GB | Ram 4/128GB | Ram 4/256GB ( Second ),Rp,1.299.111,https://deo.shopeemobile.com/shopee/modules-federation/live/0/shopee__item-card-standard-v2/0.2.8/pc/76dff349290d20891fc1.svg,,https://deo.shopeemobile.com/shopee/modules-federation/live/0/shopee__item-card-standard-v2/0.2.8/pc/5dd7b4560d0e2d3190e8.svg,Surabaya,https://deo.shopeemobile.com/shopee/modules-federation/live/0/shopee__item-card-standard-v2/0.2.8/pc/e4734dab67ee2f9ebd5a.png,Cashback 99%,,,,,-13%,,,"Itel A90 Ram 4/64GB | Ram 4/128GB | Ram 4/256GB ( Second )
Rp
1.299.111
-13%
Cashback 99%
1-3 Hari
Surabaya",https://shopee.co.id/Itel-A90-Ram-4-64GB-Ram-4-128GB-Ram-4-256GB-(-Second-)-i.288677122.42873767501?extraParams=%7B%22display_model_id%22%3A355112042100%2C%22model_selection_logic%22%3A3%7D&sp_atk=5a2dba92-171a-4c56-8790-c9c39501a0ca&xptdk=5a2dba92-171a-4c56-8790-c9c39501a0ca,,,1-3 Hari
https://down-id.img.susercontent.com/file/id-11134207-822wg-mm7fujirdrlx80,https://down-id.img.susercontent.com/file/id-11134258-822wr-mlx5y0tebegw04,iTel A80 Ram 4 Rom 128GB Second Mobile Style Store,Rp,1.229.111,https://deo.shopeemobile.com/shopee/modules-federation/live/0/shopee__item-card-standard-v2/0.2.8/pc/38e203dc86172a6c6560.svg,,https://deo.shopeemobile.com/shopee/modules-federation/live/0/shopee__item-card-standard-v2/0.2.8/pc/5dd7b4560d0e2d3190e8.svg,Surabaya,,Besok 11:00,https://deo.shopeemobile.com/shopee/modules-federation/live/0/shopee__item-card-standard-v2/0.2.8/pc/d7099d3fd1dfdaf705ab.svg,5.0,https://deo.shopeemobile.com/shopee/modules-federation/live/0/shopee__item-card-standard-v2/0.2.8/pc/0614b8f0a8fdde22942d.svg,https://deo.shopeemobile.com/shopee/modules-federation/live/0/shopee__item-card-standard-v2/0.2.8/pc/d2a1900a0267d45fd0f5.png,-17%,,,"iTel A80 Ram 4 Rom 128GB Second Mobile Style Store
Rp
1.229.111
-17%
5.0
2 Terjual
Besok 11:00
Surabaya",https://shopee.co.id/iTel-A80-Ram-4-Rom-128GB-Second-Mobile-Style-Store-i.1544768134.42761576835?extraParams=%7B%22display_model_id%22%3A285970939580%2C%22model_selection_logic%22%3A3%7D&sp_atk=751fc8db-1bad-4345-bcdf-564c5bf47450&xptdk=751fc8db-1bad-4345-bcdf-564c5bf47450,,,2 Terjual
https://down-id.img.susercontent.com/file/id-11134207-7rasm-m1u47t9kh0ae1f,,Itel P55 5G 6/128 GB Garansi Resmi Indonesia Second Bekas Original,Rp,1.549.000,https://deo.shopeemobile.com/shopee/modules-federation/live/0/shopee__item-card-standard-v2/0.2.8/pc/38e203dc86172a6c6560.svg,,https://deo.shopeemobile.com/shopee/modules-federation/live/0/shopee__item-card-standard-v2/0.2.8/pc/5dd7b4560d0e2d3190e8.svg,Jakarta Utara,https://deo.shopeemobile.com/shopee/modules-federation/live/0/shopee__item-card-standard-v2/0.2.8/pc/e4734dab67ee2f9ebd5a.png,< 2 Hari,https://deo.shopeemobile.com/shopee/modules-federation/live/0/shopee__item-card-standard-v2/0.2.8/pc/d7099d3fd1dfdaf705ab.svg,5.0,https://deo.shopeemobile.com/shopee/modules-federation/live/0/shopee__item-card-standard-v2/0.2.8/pc/0614b8f0a8fdde22942d.svg,,,,,"Itel P55 5G 6/128 GB Garansi Resmi Indonesia Second Bekas Original
Rp
1.549.000
5.0
8 Terjual
< 2 Hari
Jakarta Utara",https://shopee.co.id/Itel-P55-5G-6-128-GB-Garansi-Resmi-Indonesia-Second-Bekas-Original-i.304735900.29315629492?extraParams=%7B%22display_model_id%22%3A241884353175%2C%22model_selection_logic%22%3A3%7D&sp_atk=fe96054d-b06c-4625-ab0d-8edfc36fa140&xptdk=fe96054d-b06c-4625-ab0d-8edfc36fa140,,,8 Terjual
https://down-id.img.susercontent.com/file/id-11134207-82251-mkjbwqzbxszsac,https://down-id.img.susercontent.com/file/id-11134258-822wr-mlx5y0tebegw04,Itel Super 26 Ultra Ram 8/128GB | Ram 8/256GB ( Second ),Rp,2.380.100,https://deo.shopeemobile.com/shopee/modules-federation/live/0/shopee__item-card-standard-v2/0.2.8/pc/38e203dc86172a6c6560.svg,,https://deo.shopeemobile.com/shopee/modules-federation/live/0/shopee__item-card-standard-v2/0.2.8/pc/5dd7b4560d0e2d3190e8.svg,Surabaya,https://deo.shopeemobile.com/shopee/modules-federation/live/0/shopee__item-card-standard-v2/0.2.8/pc/a425c915798471b33e5d.png,Besok 12:00,https://deo.shopeemobile.com/shopee/modules-federation/live/0/shopee__item-card-standard-v2/0.2.8/pc/0614b8f0a8fdde22942d.svg,,https://deo.shopeemobile.com/shopee/modules-federation/live/0/shopee__item-card-standard-v2/0.2.8/pc/0614b8f0a8fdde22942d.svg,,-21%,,,"Itel Super 26 Ultra Ram 8/128GB | Ram 8/256GB ( Second )
Rp
2.380.100
-21%
Besok 12:00
Surabaya",https://shopee.co.id/Itel-Super-26-Ultra-Ram-8-128GB-Ram-8-256GB-(-Second-)-i.194632330.44328692676?extraParams=%7B%22display_model_id%22%3A445550244476%2C%22model_selection_logic%22%3A3%7D&sp_atk=64c42831-a617-4892-8058-1063ad1bcf83&xptdk=64c42831-a617-4892-8058-1063ad1bcf83,,,Besok 12:00
https://down-id.img.susercontent.com/file/id-11134207-81ztl-mfp6nc64foy2d4,,Itel City 100 8/128 GB Ex Resmi Indonesia Original Second Bekas,Rp,1.475.000,https://deo.shopeemobile.com/shopee/modules-federation/live/0/shopee__item-card-standard-v2/0.2.8/pc/38e203dc86172a6c6560.svg,,https://deo.shopeemobile.com/shopee/modules-federation/live/0/shopee__item-card-standard-v2/0.2.8/pc/5dd7b4560d0e2d3190e8.svg,Jakarta Utara,https://deo.shopeemobile.com/shopee/modules-federation/live/0/shopee__item-card-standard-v2/0.2.8/pc/e4734dab67ee2f9ebd5a.png,< 2 Hari,https://deo.shopeemobile.com/shopee/modules-federation/live/0/shopee__item-card-standard-v2/0.2.8/pc/d7099d3fd1dfdaf705ab.svg,5.0,https://deo.shopeemobile.com/shopee/modules-federation/live/0/shopee__item-card-standard-v2/0.2.8/pc/0614b8f0a8fdde22942d.svg,,,,,"Itel City 100 8/128 GB Ex Resmi Indonesia Original Second Bekas
Rp
1.475.000
5.0
3 Terjual
< 2 Hari
Jakarta Utara",https://shopee.co.id/Itel-City-100-8-128-GB-Ex-Resmi-Indonesia-Original-Second-Bekas-i.1032487382.42773666083?extraParams=%7B%22display_model_id%22%3A261922757739%2C%22model_selection_logic%22%3A3%7D&sp_atk=1da34f54-77cd-4b25-9840-8bea4324ce96&xptdk=1da34f54-77cd-4b25-9840-8bea4324ce96,,,3 Terjual
https://down-id.img.susercontent.com/file/sg-11134201-7rdyg-md1mpo678htofb,https://down-id.img.susercontent.com/file/id-11134258-822wr-mlx5y0tebegw04,iTel A50 Ram 4/64GB | Ram 3/64GB | Ram 3/128GB Second Pusat Gadget,Rp,1.179.111,https://deo.shopeemobile.com/shopee/modules-federation/live/0/shopee__item-card-standard-v2/0.2.8/pc/38e203dc86172a6c6560.svg,,https://deo.shopeemobile.com/shopee/modules-federation/live/0/shopee__item-card-standard-v2/0.2.8/pc/5dd7b4560d0e2d3190e8.svg,Surabaya,https://deo.shopeemobile.com/shopee/modules-federation/live/0/shopee__item-card-standard-v2/0.2.8/pc/a425c915798471b33e5d.png,Cashback 99%,https://deo.shopeemobile.com/shopee/modules-federation/live/0/shopee__item-card-standard-v2/0.2.8/pc/0614b8f0a8fdde22942d.svg,,https://deo.shopeemobile.com/shopee/modules-federation/live/0/shopee__item-card-standard-v2/0.2.8/pc/0614b8f0a8fdde22942d.svg,https://deo.shopeemobile.com/shopee/modules-federation/live/0/shopee__item-card-standard-v2/0.2.8/pc/d2a1900a0267d45fd0f5.png,-25%,,,"iTel A50 Ram 4/64GB | Ram 3/64GB | Ram 3/128GB Second Pusat Gadget
Rp
1.179.111
-25%
Cashback 99%
Hari Ini 12:00
Surabaya",https://shopee.co.id/iTel-A50-Ram-4-64GB-Ram-3-64GB-Ram-3-128GB-Second-Pusat-Gadget-i.1474904896.26839521828?extraParams=%7B%22display_model_id%22%3A305973094604%2C%22model_selection_logic%22%3A3%7D&sp_atk=23e7d295-7807-4048-8277-0bd9136953d5&xptdk=23e7d295-7807-4048-8277-0bd9136953d5,,,Hari Ini 12:00
https://down-id.img.susercontent.com/file/id-11134207-7ra0o-mc0i03db6eykce,https://down-id.img.susercontent.com/file/id-11134258-822wr-mlx67rtd6r602f,itel A70 4G 3/128 4/64 4/128 4/256 GB Garansi Resmi Indonesia Second,Rp,1.135.000,https://deo.shopeemobile.com/shopee/modules-federation/live/0/shopee__item-card-standard-v2/0.2.8/pc/38e203dc86172a6c6560.svg,,https://deo.shopeemobile.com/shopee/modules-federation/live/0/shopee__item-card-standard-v2/0.2.8/pc/5dd7b4560d0e2d3190e8.svg,Kab. Purwakarta,https://deo.shopeemobile.com/shopee/modules-federation/live/0/shopee__item-card-standard-v2/0.2.8/pc/e4734dab67ee2f9ebd5a.png,< 2 Hari,https://deo.shopeemobile.com/shopee/modules-federation/live/0/shopee__item-card-standard-v2/0.2.8/pc/d7099d3fd1dfdaf705ab.svg,5.0,https://deo.shopeemobile.com/shopee/modules-federation/live/0/shopee__item-card-standard-v2/0.2.8/pc/0614b8f0a8fdde22942d.svg,,,,,"itel A70 4G 3/128 4/64 4/128 4/256 GB Garansi Resmi Indonesia Second
Rp
1.135.000
5.0
2 Terjual
< 2 Hari
Kab. Purwakarta",https://shopee.co.id/itel-A70-4G-3-128-4-64-4-128-4-256-GB-Garansi-Resmi-Indonesia-Second-i.980430222.28861508884?extraParams=%7B%22display_model_id%22%3A223407286734%2C%22model_selection_logic%22%3A3%7D&sp_atk=ff4918af-d2a0-4f10-9e9e-fef8c1e1345f&xptdk=ff4918af-d2a0-4f10-9e9e-fef8c1e1345f,,,2 Terjual
https://down-id.img.susercontent.com/file/id-11134207-822wo-mn6k03m3dt6o44,,ITEL A100C 4/64GB SECOND,Rp,1.249.000,https://deo.shopeemobile.com/shopee/modules-federation/live/0/shopee__item-card-standard-v2/0.2.8/pc/38e203dc86172a6c6560.svg,,https://deo.shopeemobile.com/shopee/modules-federation/live/0/shopee__item-card-standard-v2/0.2.8/pc/5dd7b4560d0e2d3190e8.svg,Jakarta Barat,https://deo.shopeemobile.com/shopee/modules-federation/live/0/shopee__item-card-standard-v2/0.2.8/pc/e4734dab67ee2f9ebd5a.png,< 2 Hari,https://deo.shopeemobile.com/shopee/modules-federation/live/0/shopee__item-card-standard-v2/0.2.8/pc/0614b8f0a8fdde22942d.svg,,https://deo.shopeemobile.com/shopee/modules-federation/live/0/shopee__item-card-standard-v2/0.2.8/pc/0614b8f0a8fdde22942d.svg,https://deo.shopeemobile.com/shopee/modules-federation/live/0/shopee__item-card-standard-v2/0.2.8/pc/d2a1900a0267d45fd0f5.png,,,,"ITEL A100C 4/64GB SECOND
Rp
1.249.000
< 2 Hari
Jakarta Barat",https://shopee.co.id/ITEL-A100C-4-64GB-SECOND-i.86064906.53509032548?extraParams=%7B%22display_model_id%22%3A370801102105%2C%22model_selection_logic%22%3A3%7D&sp_atk=23b6321d-7c3d-42dd-803d-2ef5d18c45e4&xptdk=23b6321d-7c3d-42dd-803d-2ef5d18c45e4,,,< 2 Hari
https://down-id.img.susercontent.com/file/id-11134207-822wh-mmo3yjvyo0sj33,https://down-id.img.susercontent.com/file/id-11134258-822wr-mlx5y0tebegw04,iTel A70 Ram 3/64GB | 3/128GB | 4/64GB| 4/128GB | 4/256GB | 8/128GB Second Pusat Gadget,Rp,1.179.111,https://deo.shopeemobile.com/shopee/modules-federation/live/0/shopee__item-card-standard-v2/0.2.8/pc/38e203dc86172a6c6560.svg,,https://deo.shopeemobile.com/shopee/modules-federation/live/0/shopee__item-card-standard-v2/0.2.8/pc/5dd7b4560d0e2d3190e8.svg,Surabaya,https://deo.shopeemobile.com/shopee/modules-federation/live/0/shopee__item-card-standard-v2/0.2.8/pc/a425c915798471b33e5d.png,Cashback 99%,https://deo.shopeemobile.com/shopee/modules-federation/live/0/shopee__item-card-standard-v2/0.2.8/pc/d7099d3fd1dfdaf705ab.svg,5.0,https://deo.shopeemobile.com/shopee/modules-federation/live/0/shopee__item-card-standard-v2/0.2.8/pc/0614b8f0a8fdde22942d.svg,https://deo.shopeemobile.com/shopee/modules-federation/live/0/shopee__item-card-standard-v2/0.2.8/pc/d2a1900a0267d45fd0f5.png,-41%,,,"iTel A70 Ram 3/64GB | 3/128GB | 4/64GB| 4/128GB | 4/256GB | 8/128GB Second Pusat Gadget
Rp
1.179.111
-41%
Cashback 99%
5.0
3 Terjual
Hari Ini 12:00
Surabaya",https://shopee.co.id/iTel-A70-Ram-3-64GB-3-128GB-4-64GB-4-128GB-4-256GB-8-128GB-Second-Pusat-Gadget-i.1474904896.40403408968?extraParams=%7B%22display_model_id%22%3A262508227764%2C%22model_selection_logic%22%3A3%7D&sp_atk=e601e5ea-692d-45a4-9c88-09052f9dfde6&xptdk=e601e5ea-692d-45a4-9c88-09052f9dfde6,,,3 Terjual
https://down-id.img.susercontent.com/file/id-11134207-822wl-mlby7y60zifja2,https://down-id.img.susercontent.com/file/id-11134258-8224v-mkvw0cu9r7k1a5,itel super 26 ultra 8/128gb second fullset bergaransi,Rp,2.300.000,https://deo.shopeemobile.com/shopee/modules-federation/live/0/shopee__item-card-standard-v2/0.2.8/pc/38e203dc86172a6c6560.svg,,https://deo.shopeemobile.com/shopee/modules-federation/live/0/shopee__item-card-standard-v2/0.2.8/pc/5dd7b4560d0e2d3190e8.svg,Jakarta Pusat,https://deo.shopeemobile.com/shopee/modules-federation/live/0/shopee__item-card-standard-v2/0.2.8/pc/a425c915798471b33e5d.png,< 2 Hari,https://deo.shopeemobile.com/shopee/modules-federation/live/0/shopee__item-card-standard-v2/0.2.8/pc/0614b8f0a8fdde22942d.svg,,https://deo.shopeemobile.com/shopee/modules-federation/live/0/shopee__item-card-standard-v2/0.2.8/pc/0614b8f0a8fdde22942d.svg,,,,,"itel super 26 ultra 8/128gb second fullset bergaransi
Rp
2.300.000
< 2 Hari
Jakarta Pusat",https://shopee.co.id/itel-super-26-ultra-8-128gb-second-fullset-bergaransi-i.444768334.44278991436?extraParams=%7B%22display_model_id%22%3A430597877263%2C%22model_selection_logic%22%3A3%7D&sp_atk=f81bf78a-0457-4ccd-bb76-5ab95d019ca7&xptdk=f81bf78a-0457-4ccd-bb76-5ab95d019ca7,,,< 2 Hari
https://down-id.img.susercontent.com/file/id-11134207-822wk-mlzp6uyp8ljc8b,https://down-id.img.susercontent.com/file/id-11134258-7r98w-lyezzaurybot13,ITEL CITY 100  8/128 - SECOND TERAWAT - MULUS NO BONCEL,Rp,1.550.000,https://deo.shopeemobile.com/shopee/modules-federation/live/0/shopee__item-card-standard-v2/0.2.8/pc/38e203dc86172a6c6560.svg,,https://deo.shopeemobile.com/shopee/modules-federation/live/0/shopee__item-card-standard-v2/0.2.8/pc/5dd7b4560d0e2d3190e8.svg,Kab. Sidoarjo,,< 2 Hari,https://deo.shopeemobile.com/shopee/modules-federation/live/0/shopee__item-card-standard-v2/0.2.8/pc/0614b8f0a8fdde22942d.svg,,https://deo.shopeemobile.com/shopee/modules-federation/live/0/shopee__item-card-standard-v2/0.2.8/pc/0614b8f0a8fdde22942d.svg,,,,,"ITEL CITY 100 8/128 - SECOND TERAWAT - MULUS NO BONCEL
Rp
1.550.000
< 2 Hari
Kab. Sidoarjo",https://shopee.co.id/ITEL-CITY-100-8-128-SECOND-TERAWAT-MULUS-NO-BONCEL-i.1384988424.52807396360?extraParams=%7B%22display_model_id%22%3A99910842537%2C%22model_selection_logic%22%3A3%7D&sp_atk=c9327bfd-ef6b-4b3b-822f-fa1918421477&xptdk=c9327bfd-ef6b-4b3b-822f-fa1918421477,,,< 2 Hari
https://down-id.img.susercontent.com/file/id-11134207-8224o-mgdx1fijlkwcac,https://down-id.img.susercontent.com/file/id-11134258-7r98w-lyezzaurybot13,ITEL VISION 1 PRO 2/32 ORIGINAL 4G LTE HANDPHONE ANDROID SECOND MURAH,Rp,469.000,https://deo.shopeemobile.com/shopee/modules-federation/live/0/shopee__item-card-standard-v2/0.2.8/pc/38e203dc86172a6c6560.svg,,https://deo.shopeemobile.com/shopee/modules-federation/live/0/shopee__item-card-standard-v2/0.2.8/pc/5dd7b4560d0e2d3190e8.svg,Kab. Kudus,https://deo.shopeemobile.com/shopee/modules-federation/live/0/shopee__item-card-standard-v2/0.2.8/pc/a425c915798471b33e5d.png,< 2 Hari,https://deo.shopeemobile.com/shopee/modules-federation/live/0/shopee__item-card-standard-v2/0.2.8/pc/0614b8f0a8fdde22942d.svg,,https://deo.shopeemobile.com/shopee/modules-federation/live/0/shopee__item-card-standard-v2/0.2.8/pc/0614b8f0a8fdde22942d.svg,https://deo.shopeemobile.com/shopee/modules-federation/live/0/shopee__item-card-standard-v2/0.2.8/pc/d2a1900a0267d45fd0f5.png,-1%,,https://deo.shopeemobile.com/shopee/modules-federation/live/0/shopee__item-card-standard-v2/0.2.8/pc/b4d1b8a78b3621dbdf4a.svg,"ITEL VISION 1 PRO 2/32 ORIGINAL 4G LTE HANDPHONE ANDROID SECOND MURAH
Rp
469.000
-1%
1 Terjual
< 2 Hari
Kab. Kudus",https://shopee.co.id/ITEL-VISION-1-PRO-2-32-ORIGINAL-4G-LTE-HANDPHONE-ANDROID-SECOND-MURAH-i.427220262.25297673342?extraParams=%7B%22display_model_id%22%3A149321586750%2C%22model_selection_logic%22%3A3%7D&sp_atk=c6fdf766-7c24-42c1-b4fa-7f35eeeb7f78&xptdk=c6fdf766-7c24-42c1-b4fa-7f35eeeb7f78,,,1 Terjual
https://down-id.img.susercontent.com/file/sg-11134201-7rbkh-m5fmqyvs5jnka4,https://down-id.img.susercontent.com/file/id-11134258-822wr-mlx5y0tebegw04,Itel A50 Ram 3/64GB | Ram 3/128GB | Ram 4/64GB ( Second ),Rp,1.180.999,https://deo.shopeemobile.com/shopee/modules-federation/live/0/shopee__item-card-standard-v2/0.2.8/pc/38e203dc86172a6c6560.svg,,https://deo.shopeemobile.com/shopee/modules-federation/live/0/shopee__item-card-standard-v2/0.2.8/pc/5dd7b4560d0e2d3190e8.svg,Surabaya,https://deo.shopeemobile.com/shopee/modules-federation/live/0/shopee__item-card-standard-v2/0.2.8/pc/e4734dab67ee2f9ebd5a.png,Cashback 99%,https://deo.shopeemobile.com/shopee/modules-federation/live/0/shopee__item-card-standard-v2/0.2.8/pc/d7099d3fd1dfdaf705ab.svg,5.0,https://deo.shopeemobile.com/shopee/modules-federation/live/0/shopee__item-card-standard-v2/0.2.8/pc/0614b8f0a8fdde22942d.svg,,-41%,,,"Itel A50 Ram 3/64GB | Ram 3/128GB | Ram 4/64GB ( Second )
Rp
1.180.999
-41%
Cashback 99%
5.0
9 Terjual
Besok 12:00
Surabaya",https://shopee.co.id/Itel-A50-Ram-3-64GB-Ram-3-128GB-Ram-4-64GB-(-Second-)-i.288677122.27124613101?extraParams=%7B%22display_model_id%22%3A159161259143%2C%22model_selection_logic%22%3A3%7D&sp_atk=95d7d422-4f61-46da-a92a-855f20b9c75b&xptdk=95d7d422-4f61-46da-a92a-855f20b9c75b,,,9 Terjual
https://down-id.img.susercontent.com/file/sg-11134201-821fz-mh7nebbpwd8o6b,https://down-id.img.susercontent.com/file/id-11134258-822wr-mlx5y0tebegw04,iTel A90 Ram 4/64GB | Ram 4/128GB | Ram 4/256GB Second Mobile Style Store,Rp,1.193.111,https://deo.shopeemobile.com/shopee/modules-federation/live/0/shopee__item-card-standard-v2/0.2.8/pc/38e203dc86172a6c6560.svg,,https://deo.shopeemobile.com/shopee/modules-federation/live/0/shopee__item-card-standard-v2/0.2.8/pc/5dd7b4560d0e2d3190e8.svg,Surabaya,,Besok 11:00,https://deo.shopeemobile.com/shopee/modules-federation/live/0/shopee__item-card-standard-v2/0.2.8/pc/0614b8f0a8fdde22942d.svg,,https://deo.shopeemobile.com/shopee/modules-federation/live/0/shopee__item-card-standard-v2/0.2.8/pc/0614b8f0a8fdde22942d.svg,https://deo.shopeemobile.com/shopee/modules-federation/live/0/shopee__item-card-standard-v2/0.2.8/pc/d2a1900a0267d45fd0f5.png,-37%,,,"iTel A90 Ram 4/64GB | Ram 4/128GB | Ram 4/256GB Second Mobile Style Store
Rp
1.193.111
-37%
Besok 11:00
Surabaya",https://shopee.co.id/iTel-A90-Ram-4-64GB-Ram-4-128GB-Ram-4-256GB-Second-Mobile-Style-Store-i.1544768134.47501663313?extraParams=%7B%22display_model_id%22%3A415681579636%2C%22model_selection_logic%22%3A3%7D&sp_atk=b03a253c-fdb7-4159-a325-bfa70bd4bdf2&xptdk=b03a253c-fdb7-4159-a325-bfa70bd4bdf2,,,Besok 11:00
https://down-id.img.susercontent.com/file/id-11134207-822wn-mn9pecwyb3ep44,https://down-id.img.susercontent.com/file/id-11134258-8224v-mkvw0cu9r7k1a5,ITEL A100C 4/64GB SECOND FULLSET ORIGINAL BERGARANSI,Rp,1.245.000,https://deo.shopeemobile.com/shopee/modules-federation/live/0/shopee__item-card-standard-v2/0.2.8/pc/38e203dc86172a6c6560.svg,,https://deo.shopeemobile.com/shopee/modules-federation/live/0/shopee__item-card-standard-v2/0.2.8/pc/5dd7b4560d0e2d3190e8.svg,Jakarta Selatan,https://deo.shopeemobile.com/shopee/modules-federation/live/0/shopee__item-card-standard-v2/0.2.8/pc/e4734dab67ee2f9ebd5a.png,< 2 Hari,https://deo.shopeemobile.com/shopee/modules-federation/live/0/shopee__item-card-standard-v2/0.2.8/pc/d7099d3fd1dfdaf705ab.svg,5.0,https://deo.shopeemobile.com/shopee/modules-federation/live/0/shopee__item-card-standard-v2/0.2.8/pc/0614b8f0a8fdde22942d.svg,,,,,"ITEL A100C 4/64GB SECOND FULLSET ORIGINAL BERGARANSI
Rp
1.245.000
5.0
2 Terjual
< 2 Hari
Jakarta Selatan",https://shopee.co.id/ITEL-A100C-4-64GB-SECOND-FULLSET-ORIGINAL-BERGARANSI-i.451756410.22853222432?extraParams=%7B%22display_model_id%22%3A244214380249%2C%22model_selection_logic%22%3A3%7D&sp_atk=205b40eb-000f-4d45-bd67-9f36d88e6985&xptdk=205b40eb-000f-4d45-bd67-9f36d88e6985,,,2 Terjual
https://down-id.img.susercontent.com/file/id-11134207-7rash-m0n0q2f1jv4m57,https://down-id.img.susercontent.com/file/id-11134258-8224v-mkvw0cu9r7k1a5,ITEL Vision 5 3/32 Second Fullset Bekas Resmi,Rp,975.000,https://deo.shopeemobile.com/shopee/modules-federation/live/0/shopee__item-card-standard-v2/0.2.8/pc/76dff349290d20891fc1.svg,,https://deo.shopeemobile.com/shopee/modules-federation/live/0/shopee__item-card-standard-v2/0.2.8/pc/5dd7b4560d0e2d3190e8.svg,Jakarta Utara,https://deo.shopeemobile.com/shopee/modules-federation/live/0/shopee__item-card-standard-v2/0.2.8/pc/e4734dab67ee2f9ebd5a.png,,,,,,,,,"ITEL Vision 5 3/32 Second Fullset Bekas Resmi
Rp
975.000
2-4 Hari
Jakarta Utara",https://shopee.co.id/ITEL-Vision-5-3-32-Second-Fullset-Bekas-Resmi-i.845119748.24636523110?extraParams=%7B%22display_model_id%22%3A118465926948%2C%22model_selection_logic%22%3A3%7D&sp_atk=fb047e1c-f9e7-496a-a523-efd65574ed80&xptdk=fb047e1c-f9e7-496a-a523-efd65574ed80,,,2-4 Hari
https://down-id.img.susercontent.com/file/id-11134207-8224t-mkouf9eldczqdb,,Itel S25 Ultra 8/256 GB Garansi Resmi Indonesia Second Bekas Original,Rp,2.075.000,https://deo.shopeemobile.com/shopee/modules-federation/live/0/shopee__item-card-standard-v2/0.2.8/pc/38e203dc86172a6c6560.svg,,https://deo.shopeemobile.com/shopee/modules-federation/live/0/shopee__item-card-standard-v2/0.2.8/pc/5dd7b4560d0e2d3190e8.svg,Jakarta Utara,https://deo.shopeemobile.com/shopee/modules-federation/live/0/shopee__item-card-standard-v2/0.2.8/pc/e4734dab67ee2f9ebd5a.png,< 2 Hari,https://deo.shopeemobile.com/shopee/modules-federation/live/0/shopee__item-card-standard-v2/0.2.8/pc/0614b8f0a8fdde22942d.svg,,https://deo.shopeemobile.com/shopee/modules-federation/live/0/shopee__item-card-standard-v2/0.2.8/pc/0614b8f0a8fdde22942d.svg,,,,,"Itel S25 Ultra 8/256 GB Garansi Resmi Indonesia Second Bekas Original
Rp
2.075.000
2 Terjual
< 2 Hari
Jakarta Utara",https://shopee.co.id/Itel-S25-Ultra-8-256-GB-Garansi-Resmi-Indonesia-Second-Bekas-Original-i.515774005.51756197470?extraParams=%7B%22display_model_id%22%3A390563095935%2C%22model_selection_logic%22%3A3%7D&sp_atk=cd817c31-faa8-4737-8182-f2563ab27e8d&xptdk=cd817c31-faa8-4737-8182-f2563ab27e8d,,,2 Terjual
https://down-id.img.susercontent.com/file/id-11134207-822wk-mlzp6uyp8ljc8b,https://down-id.img.susercontent.com/file/id-11134258-8224v-mkvw0cu9r7k1a5,ITEL CITY 100 RAM 8+16/128 - Second like new,Rp,1.550.000,https://deo.shopeemobile.com/shopee/modules-federation/live/0/shopee__item-card-standard-v2/0.2.8/pc/76dff349290d20891fc1.svg,,https://deo.shopeemobile.com/shopee/modules-federation/live/0/shopee__item-card-standard-v2/0.2.8/pc/5dd7b4560d0e2d3190e8.svg,Kab. Sidoarjo,https://deo.shopeemobile.com/shopee/modules-federation/live/0/shopee__item-card-standard-v2/0.2.8/pc/a425c915798471b33e5d.png,,,,,https://deo.shopeemobile.com/shopee/modules-federation/live/0/shopee__item-card-standard-v2/0.2.8/pc/d2a1900a0267d45fd0f5.png,,,,"ITEL CITY 100 RAM 8+16/128 - Second like new
Rp
1.550.000
1-3 Hari
Kab. Sidoarjo",https://shopee.co.id/ITEL-CITY-100-RAM-8-16-128-Second-like-new-i.209312499.48057402904?extraParams=%7B%22display_model_id%22%3A310657889926%2C%22model_selection_logic%22%3A3%7D&sp_atk=8f3ef2fb-aa10-4648-9973-551319fcfe76&xptdk=8f3ef2fb-aa10-4648-9973-551319fcfe76,,,1-3 Hari
https://down-id.img.susercontent.com/file/id-11134207-822wm-mmh3j5d6f9jca1,https://down-id.img.susercontent.com/file/id-11134258-8224v-mkvw0cu9r7k1a5,itel super S26 ultra 8/256gb second fullset,Rp,2.450.000,https://deo.shopeemobile.com/shopee/modules-federation/live/0/shopee__item-card-standard-v2/0.2.8/pc/76dff349290d20891fc1.svg,,https://deo.shopeemobile.com/shopee/modules-federation/live/0/shopee__item-card-standard-v2/0.2.8/pc/5dd7b4560d0e2d3190e8.svg,Jakarta Barat,,,,,,https://deo.shopeemobile.com/shopee/modules-federation/live/0/shopee__item-card-standard-v2/0.2.8/pc/d2a1900a0267d45fd0f5.png,,,,"itel super S26 ultra 8/256gb second fullset
Rp
2.450.000
6-11 Hari
Jakarta Barat",https://shopee.co.id/itel-super-S26-ultra-8-256gb-second-fullset-i.150379076.54208000053?extraParams=%7B%22display_model_id%22%3A310710547418%2C%22model_selection_logic%22%3A3%7D&sp_atk=caf2231a-e35b-4761-9e44-1f361abea677&xptdk=caf2231a-e35b-4761-9e44-1f361abea677,,,6-11 Hari
https://down-id.img.susercontent.com/file/id-11134207-7rash-m5b3da0vc4ye82,https://down-id.img.susercontent.com/file/id-11134258-822wr-mlx5y0tebegw04,iTel A50 Ram 3/64GB I Ram 3/128GB I Ram 4/64GB ( Second ),Rp,1.180.199,https://deo.shopeemobile.com/shopee/modules-federation/live/0/shopee__item-card-standard-v2/0.2.8/pc/38e203dc86172a6c6560.svg,,https://deo.shopeemobile.com/shopee/modules-federation/live/0/shopee__item-card-standard-v2/0.2.8/pc/5dd7b4560d0e2d3190e8.svg,Surabaya,https://deo.shopeemobile.com/shopee/modules-federation/live/0/shopee__item-card-standard-v2/0.2.8/pc/a425c915798471b33e5d.png,Besok 12:00,https://deo.shopeemobile.com/shopee/modules-federation/live/0/shopee__item-card-standard-v2/0.2.8/pc/d7099d3fd1dfdaf705ab.svg,4.3,https://deo.shopeemobile.com/shopee/modules-federation/live/0/shopee__item-card-standard-v2/0.2.8/pc/0614b8f0a8fdde22942d.svg,,-13%,,,"iTel A50 Ram 3/64GB I Ram 3/128GB I Ram 4/64GB ( Second )
Rp
1.180.199
-13%
4.3
10 Terjual
Besok 12:00
Surabaya",https://shopee.co.id/iTel-A50-Ram-3-64GB-I-Ram-3-128GB-I-Ram-4-64GB-(-Second-)-i.194632330.26474220632?extraParams=%7B%22display_model_id%22%3A224189202550%2C%22model_selection_logic%22%3A3%7D&sp_atk=bc81a8c9-9e21-44b7-9da7-b6fce4c6b268&xptdk=bc81a8c9-9e21-44b7-9da7-b6fce4c6b268,,,10 Terjual
https://down-id.img.susercontent.com/file/id-11134207-7rbk8-m6rzm0pwitf0c9,https://down-id.img.susercontent.com/file/id-11134258-822wr-mlx5y0tebegw04,iTel P65 Second Ram 8GB Rom 128GB Berkualitas,Rp,1.729.111,https://deo.shopeemobile.com/shopee/modules-federation/live/0/shopee__item-card-standard-v2/0.2.8/pc/38e203dc86172a6c6560.svg,,https://deo.shopeemobile.com/shopee/modules-federation/live/0/shopee__item-card-standard-v2/0.2.8/pc/5dd7b4560d0e2d3190e8.svg,Surabaya,https://deo.shopeemobile.com/shopee/modules-federation/live/0/shopee__item-card-standard-v2/0.2.8/pc/e4734dab67ee2f9ebd5a.png,Cashback 99%,https://deo.shopeemobile.com/shopee/modules-federation/live/0/shopee__item-card-standard-v2/0.2.8/pc/d7099d3fd1dfdaf705ab.svg,5.0,https://deo.shopeemobile.com/shopee/modules-federation/live/0/shopee__item-card-standard-v2/0.2.8/pc/0614b8f0a8fdde22942d.svg,,-33%,,,"iTel P65 Second Ram 8GB Rom 128GB Berkualitas
Rp
1.729.111
-33%
Cashback 99%
5.0
4 Terjual
Besok 12:00
Surabaya",https://shopee.co.id/iTel-P65-Second-Ram-8GB-Rom-128GB-Berkualitas-i.288677122.27577859149?extraParams=%7B%22display_model_id%22%3A445600896717%2C%22model_selection_logic%22%3A3%7D&sp_atk=d87f53da-89e3-4bae-b721-66381043ccce&xptdk=d87f53da-89e3-4bae-b721-66381043ccce,,,4 Terjual
https://down-id.img.susercontent.com/file/id-11134207-7rbk9-mahu6ctm652c91,https://down-id.img.susercontent.com/file/id-11134258-7r98w-lyezzaurybot13,ITEL P40 4/64GB Second Unit Only,Rp,750.000,https://deo.shopeemobile.com/shopee/modules-federation/live/0/shopee__item-card-standard-v2/0.2.8/pc/76dff349290d20891fc1.svg,,https://deo.shopeemobile.com/shopee/modules-federation/live/0/shopee__item-card-standard-v2/0.2.8/pc/5dd7b4560d0e2d3190e8.svg,Jakarta Timur,,,,,,,,,,"ITEL P40 4/64GB Second Unit Only
Rp
750.000
3-5 Hari
Jakarta Timur",https://shopee.co.id/ITEL-P40-4-64GB-Second-Unit-Only-i.1287043639.41152930825?extraParams=%7B%22display_model_id%22%3A280241036072%2C%22model_selection_logic%22%3A3%7D&sp_atk=75846d80-a2d8-4a4d-b3e4-a26c7f1eea28&xptdk=75846d80-a2d8-4a4d-b3e4-a26c7f1eea28,,,3-5 Hari
https://down-id.img.susercontent.com/file/id-11134207-822wt-mnbjwips8tmpa1,https://down-id.img.susercontent.com/file/id-11134258-7ra0q-mbesqwmkb0gu9c,ITEL A50 RAM 3/128 SECOND,Rp,1.000.000,https://deo.shopeemobile.com/shopee/modules-federation/live/0/shopee__item-card-standard-v2/0.2.8/pc/38e203dc86172a6c6560.svg,,https://deo.shopeemobile.com/shopee/modules-federation/live/0/shopee__item-card-standard-v2/0.2.8/pc/5dd7b4560d0e2d3190e8.svg,Serang,https://deo.shopeemobile.com/shopee/modules-federation/live/0/shopee__item-card-standard-v2/0.2.8/pc/a425c915798471b33e5d.png,< 2 Hari,https://deo.shopeemobile.com/shopee/modules-federation/live/0/shopee__item-card-standard-v2/0.2.8/pc/d7099d3fd1dfdaf705ab.svg,5.0,https://deo.shopeemobile.com/shopee/modules-federation/live/0/shopee__item-card-standard-v2/0.2.8/pc/0614b8f0a8fdde22942d.svg,https://deo.shopeemobile.com/shopee/modules-federation/live/0/shopee__item-card-standard-v2/0.2.8/pc/d2a1900a0267d45fd0f5.png,,,,"ITEL A50 RAM 3/128 SECOND
Rp
1.000.000
5.0
1 Terjual
< 2 Hari
Serang",https://shopee.co.id/ITEL-A50-RAM-3-128-SECOND-i.1044604091.25512938449?extraParams=%7B%22display_model_id%22%3A194911191465%2C%22model_selection_logic%22%3A3%7D&sp_atk=67553e1d-85e4-467c-9c32-b32cfd5ed82e&xptdk=67553e1d-85e4-467c-9c32-b32cfd5ed82e,,,1 Terjual
https://down-id.img.susercontent.com/file/id-11134207-8224r-mftjza2y1e6n38,https://down-id.img.susercontent.com/file/id-11134258-7r98w-lyezzaurybot13,Itel S23 Plus 8/256 Second,Rp,1.750.000,https://deo.shopeemobile.com/shopee/modules-federation/live/0/shopee__item-card-standard-v2/0.2.8/pc/38e203dc86172a6c6560.svg,,https://deo.shopeemobile.com/shopee/modules-federation/live/0/shopee__item-card-standard-v2/0.2.8/pc/5dd7b4560d0e2d3190e8.svg,Kab. Kendal,,< 2 Hari,https://deo.shopeemobile.com/shopee/modules-federation/live/0/shopee__item-card-standard-v2/0.2.8/pc/0614b8f0a8fdde22942d.svg,,https://deo.shopeemobile.com/shopee/modules-federation/live/0/shopee__item-card-standard-v2/0.2.8/pc/0614b8f0a8fdde22942d.svg,,,,,"Itel S23 Plus 8/256 Second
Rp
1.750.000
< 2 Hari
Kab. Kendal",https://shopee.co.id/Itel-S23-Plus-8-256-Second-i.590965054.41674110958?extraParams=%7B%22display_model_id%22%3A286957294771%2C%22model_selection_logic%22%3A3%7D&sp_atk=01ce6e70-10ad-4235-97b8-c9c334fa2376&xptdk=01ce6e70-10ad-4235-97b8-c9c334fa2376,,,< 2 Hari
https://down-id.img.susercontent.com/file/id-11134207-7rbkb-m8dqiucx09ox56,https://down-id.img.susercontent.com/file/id-11134258-7r98w-lyezzaurybot13,Itel Rs4 8/128 garansi resmi second fullset,Rp,1.699.999,https://deo.shopeemobile.com/shopee/modules-federation/live/0/shopee__item-card-standard-v2/0.2.8/pc/38e203dc86172a6c6560.svg,,https://deo.shopeemobile.com/shopee/modules-federation/live/0/shopee__item-card-standard-v2/0.2.8/pc/5dd7b4560d0e2d3190e8.svg,Tangerang,,< 2 Hari,https://deo.shopeemobile.com/shopee/modules-federation/live/0/shopee__item-card-standard-v2/0.2.8/pc/0614b8f0a8fdde22942d.svg,,https://deo.shopeemobile.com/shopee/modules-federation/live/0/shopee__item-card-standard-v2/0.2.8/pc/0614b8f0a8fdde22942d.svg,,,,,"Itel Rs4 8/128 garansi resmi second fullset
Rp
1.699.999
< 2 Hari
Tangerang",https://shopee.co.id/Itel-Rs4-8-128-garansi-resmi-second-fullset-i.1384671317.24343812044?extraParams=%7B%22display_model_id%22%3A177101242652%2C%22model_selection_logic%22%3A3%7D&sp_atk=deb708d8-0090-49a9-967f-903953a972bd&xptdk=deb708d8-0090-49a9-967f-903953a972bd,,,< 2 Hari
https://down-id.img.susercontent.com/file/sg-11134201-822y7-mi7a0559glxgff,https://down-id.img.susercontent.com/file/id-11134258-822wr-mlx5y0tebegw04,iTel City 100 Ram 6/128GB | Ram 8/128GB Second Mobile Style Store,Rp,1.429.111,https://deo.shopeemobile.com/shopee/modules-federation/live/0/shopee__item-card-standard-v2/0.2.8/pc/38e203dc86172a6c6560.svg,,https://deo.shopeemobile.com/shopee/modules-federation/live/0/shopee__item-card-standard-v2/0.2.8/pc/5dd7b4560d0e2d3190e8.svg,Surabaya,,Besok 11:00,https://deo.shopeemobile.com/shopee/modules-federation/live/0/shopee__item-card-standard-v2/0.2.8/pc/0614b8f0a8fdde22942d.svg,,https://deo.shopeemobile.com/shopee/modules-federation/live/0/shopee__item-card-standard-v2/0.2.8/pc/0614b8f0a8fdde22942d.svg,https://deo.shopeemobile.com/shopee/modules-federation/live/0/shopee__item-card-standard-v2/0.2.8/pc/d2a1900a0267d45fd0f5.png,-25%,,,"iTel City 100 Ram 6/128GB | Ram 8/128GB Second Mobile Style Store
Rp
1.429.111
-25%
Besok 11:00
Surabaya",https://shopee.co.id/iTel-City-100-Ram-6-128GB-Ram-8-128GB-Second-Mobile-Style-Store-i.1544768134.48103044781?extraParams=%7B%22display_model_id%22%3A335757842827%2C%22model_selection_logic%22%3A3%7D&sp_atk=444f268e-e502-4030-af43-e8f05a9788a1&xptdk=444f268e-e502-4030-af43-e8f05a9788a1,,,Besok 11:00
https://down-id.img.susercontent.com/file/id-11134207-8224p-mki6sgm0ters4a,https://down-id.img.susercontent.com/file/id-11134258-822wr-mlx5y0tebegw04,Itel Super 26 Ultra Ram 8/128GB | Ram 8/256GB ( Second ),Rp,2.499.999,https://deo.shopeemobile.com/shopee/modules-federation/live/0/shopee__item-card-standard-v2/0.2.8/pc/38e203dc86172a6c6560.svg,,https://deo.shopeemobile.com/shopee/modules-federation/live/0/shopee__item-card-standard-v2/0.2.8/pc/5dd7b4560d0e2d3190e8.svg,Surabaya,https://deo.shopeemobile.com/shopee/modules-federation/live/0/shopee__item-card-standard-v2/0.2.8/pc/e4734dab67ee2f9ebd5a.png,Cashback 99%,https://deo.shopeemobile.com/shopee/modules-federation/live/0/shopee__item-card-standard-v2/0.2.8/pc/0614b8f0a8fdde22942d.svg,,https://deo.shopeemobile.com/shopee/modules-federation/live/0/shopee__item-card-standard-v2/0.2.8/pc/0614b8f0a8fdde22942d.svg,,-17%,,,"Itel Super 26 Ultra Ram 8/128GB | Ram 8/256GB ( Second )
Rp
2.499.999
-17%
Cashback 99%
2 Terjual
Besok 12:00
Surabaya",https://shopee.co.id/Itel-Super-26-Ultra-Ram-8-128GB-Ram-8-256GB-(-Second-)-i.288677122.54005994247?extraParams=%7B%22display_model_id%22%3A272399085124%2C%22model_selection_logic%22%3A3%7D&sp_atk=aefbff69-9b7e-4a1e-aa42-3ba83530939e&xptdk=aefbff69-9b7e-4a1e-aa42-3ba83530939e,,,2 Terjual
https://down-id.img.susercontent.com/file/id-11134207-7ra0r-mbl70g8xa0lv77,,"Itel Vision 1 Pro 3/32GB Second 4G LTE 6,5"" Blue",Rp,849.000,https://deo.shopeemobile.com/shopee/modules-federation/live/0/shopee__item-card-standard-v2/0.2.8/pc/38e203dc86172a6c6560.svg,,https://deo.shopeemobile.com/shopee/modules-federation/live/0/shopee__item-card-standard-v2/0.2.8/pc/5dd7b4560d0e2d3190e8.svg,Jakarta Barat,https://deo.shopeemobile.com/shopee/modules-federation/live/0/shopee__item-card-standard-v2/0.2.8/pc/e4734dab67ee2f9ebd5a.png,< 2 Hari,https://deo.shopeemobile.com/shopee/modules-federation/live/0/shopee__item-card-standard-v2/0.2.8/pc/0614b8f0a8fdde22942d.svg,,https://deo.shopeemobile.com/shopee/modules-federation/live/0/shopee__item-card-standard-v2/0.2.8/pc/0614b8f0a8fdde22942d.svg,https://deo.shopeemobile.com/shopee/modules-federation/live/0/shopee__item-card-standard-v2/0.2.8/pc/d2a1900a0267d45fd0f5.png,,,,"Itel Vision 1 Pro 3/32GB Second 4G LTE 6,5"" Blue
Rp
849.000
< 2 Hari
Jakarta Barat",https://shopee.co.id/Itel-Vision-1-Pro-3-32GB-Second-4G-LTE-6-5-Blue-i.329854774.22988667953?extraParams=%7B%22display_model_id%22%3A295559325516%2C%22model_selection_logic%22%3A3%7D&sp_atk=5971e572-9b7e-4f64-91ef-de77442fe9a4&xptdk=5971e572-9b7e-4f64-91ef-de77442fe9a4,,,< 2 Hari
https://down-id.img.susercontent.com/file/id-11134207-7rbke-m6gcqe7g1kax99,,Itel A70 4/64 GB | 3/128 GB | 4/128 GB| 4/256 GB Garansi Resmi Indonesia Second Bekas Original,Rp,1.075.000,https://deo.shopeemobile.com/shopee/modules-federation/live/0/shopee__item-card-standard-v2/0.2.8/pc/38e203dc86172a6c6560.svg,,https://deo.shopeemobile.com/shopee/modules-federation/live/0/shopee__item-card-standard-v2/0.2.8/pc/5dd7b4560d0e2d3190e8.svg,Jakarta Utara,https://deo.shopeemobile.com/shopee/modules-federation/live/0/shopee__item-card-standard-v2/0.2.8/pc/e4734dab67ee2f9ebd5a.png,< 2 Hari,https://deo.shopeemobile.com/shopee/modules-federation/live/0/shopee__item-card-standard-v2/0.2.8/pc/d7099d3fd1dfdaf705ab.svg,5.0,https://deo.shopeemobile.com/shopee/modules-federation/live/0/shopee__item-card-standard-v2/0.2.8/pc/0614b8f0a8fdde22942d.svg,,,,,"Itel A70 4/64 GB | 3/128 GB | 4/128 GB| 4/256 GB Garansi Resmi Indonesia Second Bekas Original
Rp
1.075.000
5.0
4 Terjual
< 2 Hari
Jakarta Utara",https://shopee.co.id/Itel-A70-4-64-GB-3-128-GB-4-128-GB-4-256-GB-Garansi-Resmi-Indonesia-Second-Bekas-Original-i.515774005.27926242043?extraParams=%7B%22display_model_id%22%3A149081338549%2C%22model_selection_logic%22%3A3%7D&sp_atk=8aae8b72-8fa5-4810-9563-6362fbed92e6&xptdk=8aae8b72-8fa5-4810-9563-6362fbed92e6,,,4 Terjual
https://down-id.img.susercontent.com/file/id-11134207-8224z-mhzt9hmhnqq074,https://down-id.img.susercontent.com/file/id-11134258-8224v-mkvw0cu9r7k1a5,Itel A50 3/128GB 3/64GB Handphone Second Bekas Fullset,Rp,1.035.000,https://deo.shopeemobile.com/shopee/modules-federation/live/0/shopee__item-card-standard-v2/0.2.8/pc/38e203dc86172a6c6560.svg,,https://deo.shopeemobile.com/shopee/modules-federation/live/0/shopee__item-card-standard-v2/0.2.8/pc/5dd7b4560d0e2d3190e8.svg,Jakarta Selatan,https://deo.shopeemobile.com/shopee/modules-federation/live/0/shopee__item-card-standard-v2/0.2.8/pc/a425c915798471b33e5d.png,< 2 Hari,https://deo.shopeemobile.com/shopee/modules-federation/live/0/shopee__item-card-standard-v2/0.2.8/pc/d7099d3fd1dfdaf705ab.svg,5.0,https://deo.shopeemobile.com/shopee/modules-federation/live/0/shopee__item-card-standard-v2/0.2.8/pc/0614b8f0a8fdde22942d.svg,,,,,"Itel A50 3/128GB 3/64GB Handphone Second Bekas Fullset
Rp
1.035.000
5.0
1 Terjual
< 2 Hari
Jakarta Selatan",https://shopee.co.id/Itel-A50-3-128GB-3-64GB-Handphone-Second-Bekas-Fullset-i.1687434367.29593771728?extraParams=%7B%22display_model_id%22%3A375266234691%2C%22model_selection_logic%22%3A3%7D&sp_atk=25959c09-3b1a-426a-a0e7-728fcdd4a364&xptdk=25959c09-3b1a-426a-a0e7-728fcdd4a364,,,1 Terjual
https://down-id.img.susercontent.com/file/id-11134207-8224v-mjtt1680r30g82,https://down-id.img.susercontent.com/file/id-11134258-822wr-mlx5y0tebegw04,iTel A50 Ram 3/64GB | Ram 3/128GB | Ram 4/64GB Second Resmi Gadget Style Store,Rp,1.155.229,https://deo.shopeemobile.com/shopee/modules-federation/live/0/shopee__item-card-standard-v2/0.2.8/pc/38e203dc86172a6c6560.svg,,https://deo.shopeemobile.com/shopee/modules-federation/live/0/shopee__item-card-standard-v2/0.2.8/pc/5dd7b4560d0e2d3190e8.svg,Surabaya,https://deo.shopeemobile.com/shopee/modules-federation/live/0/shopee__item-card-standard-v2/0.2.8/pc/a425c915798471b33e5d.png,Hari Ini 12:00,https://deo.shopeemobile.com/shopee/modules-federation/live/0/shopee__item-card-standard-v2/0.2.8/pc/0614b8f0a8fdde22942d.svg,,https://deo.shopeemobile.com/shopee/modules-federation/live/0/shopee__item-card-standard-v2/0.2.8/pc/0614b8f0a8fdde22942d.svg,https://deo.shopeemobile.com/shopee/modules-federation/live/0/shopee__item-card-standard-v2/0.2.8/pc/d2a1900a0267d45fd0f5.png,-8%,,https://deo.shopeemobile.com/shopee/modules-federation/live/0/shopee__item-card-standard-v2/0.2.8/pc/b4d1b8a78b3621dbdf4a.svg,"iTel A50 Ram 3/64GB | Ram 3/128GB | Ram 4/64GB Second Resmi Gadget Style Store
Rp
1.155.229
-8%
Hari Ini 12:00
Surabaya",https://shopee.co.id/iTel-A50-Ram-3-64GB-Ram-3-128GB-Ram-4-64GB-Second-Resmi-Gadget-Style-Store-i.1544060692.56500869308?extraParams=%7B%22display_model_id%22%3A365078323840%2C%22model_selection_logic%22%3A3%7D&sp_atk=ef1cb107-13c5-471e-b320-26e795d7ee4b&xptdk=ef1cb107-13c5-471e-b320-26e795d7ee4b,,,Hari Ini 12:00
https://down-id.img.susercontent.com/file/id-11134207-7rasc-m0k2yqj7txdja2,,Itel S23+ 8/256 GB Garansi Resmi Indonesia Second Bekas Original,Rp,1.790.000,https://deo.shopeemobile.com/shopee/modules-federation/live/0/shopee__item-card-standard-v2/0.2.8/pc/38e203dc86172a6c6560.svg,,https://deo.shopeemobile.com/shopee/modules-federation/live/0/shopee__item-card-standard-v2/0.2.8/pc/5dd7b4560d0e2d3190e8.svg,Jakarta Utara,https://deo.shopeemobile.com/shopee/modules-federation/live/0/shopee__item-card-standard-v2/0.2.8/pc/e4734dab67ee2f9ebd5a.png,< 2 Hari,https://deo.shopeemobile.com/shopee/modules-federation/live/0/shopee__item-card-standard-v2/0.2.8/pc/d7099d3fd1dfdaf705ab.svg,5.0,https://deo.shopeemobile.com/shopee/modules-federation/live/0/shopee__item-card-standard-v2/0.2.8/pc/0614b8f0a8fdde22942d.svg,,,,,"Itel S23+ 8/256 GB Garansi Resmi Indonesia Second Bekas Original
Rp
1.790.000
5.0
3 Terjual
< 2 Hari
Jakarta Utara",https://shopee.co.id/Itel-S23-8-256-GB-Garansi-Resmi-Indonesia-Second-Bekas-Original-i.304735900.28412262731?extraParams=%7B%22display_model_id%22%3A218092974105%2C%22model_selection_logic%22%3A3%7D&sp_atk=07d62c2e-c970-4258-8d6c-f443550e1365&xptdk=07d62c2e-c970-4258-8d6c-f443550e1365,,,3 Terjual
https://down-id.img.susercontent.com/file/id-11134207-81ztk-mdzzaooe87wg4e,https://down-id.img.susercontent.com/file/id-11134258-8224v-mkvw0cu9r7k1a5,Itel A50 Ram 3/64GB Handphone second fullset original bergaransi,Rp,1.040.000,https://deo.shopeemobile.com/shopee/modules-federation/live/0/shopee__item-card-standard-v2/0.2.8/pc/38e203dc86172a6c6560.svg,,https://deo.shopeemobile.com/shopee/modules-federation/live/0/shopee__item-card-standard-v2/0.2.8/pc/5dd7b4560d0e2d3190e8.svg,Jakarta Selatan,https://deo.shopeemobile.com/shopee/modules-federation/live/0/shopee__item-card-standard-v2/0.2.8/pc/a425c915798471b33e5d.png,< 2 Hari,https://deo.shopeemobile.com/shopee/modules-federation/live/0/shopee__item-card-standard-v2/0.2.8/pc/d7099d3fd1dfdaf705ab.svg,5.0,https://deo.shopeemobile.com/shopee/modules-federation/live/0/shopee__item-card-standard-v2/0.2.8/pc/0614b8f0a8fdde22942d.svg,,,,,"Itel A50 Ram 3/64GB Handphone second fullset original bergaransi
Rp
1.040.000
5.0
4 Terjual
< 2 Hari
Jakarta Selatan",https://shopee.co.id/Itel-A50-Ram-3-64GB-Handphone-second-fullset-original-bergaransi-i.281286305.26126428381?extraParams=%7B%22display_model_id%22%3A108680801679%2C%22model_selection_logic%22%3A3%7D&sp_atk=28ddfebe-f721-4574-920e-9e60837b5ca0&xptdk=28ddfebe-f721-4574-920e-9e60837b5ca0,,,4 Terjual
https://down-id.img.susercontent.com/file/id-11134207-8224x-mjtstwv62z2ac2,https://down-id.img.susercontent.com/file/id-11134258-822wr-mlx5y0tebegw04,iTel P55 4G Ram 8/128GB | Ram 8/256GB Second Resmi Gadget Style Store,Rp,1.505.988,https://deo.shopeemobile.com/shopee/modules-federation/live/0/shopee__item-card-standard-v2/0.2.8/pc/38e203dc86172a6c6560.svg,,https://deo.shopeemobile.com/shopee/modules-federation/live/0/shopee__item-card-standard-v2/0.2.8/pc/5dd7b4560d0e2d3190e8.svg,Surabaya,https://deo.shopeemobile.com/shopee/modules-federation/live/0/shopee__item-card-standard-v2/0.2.8/pc/a425c915798471b33e5d.png,Hari Ini 12:00,https://deo.shopeemobile.com/shopee/modules-federation/live/0/shopee__item-card-standard-v2/0.2.8/pc/0614b8f0a8fdde22942d.svg,,https://deo.shopeemobile.com/shopee/modules-federation/live/0/shopee__item-card-standard-v2/0.2.8/pc/0614b8f0a8fdde22942d.svg,https://deo.shopeemobile.com/shopee/modules-federation/live/0/shopee__item-card-standard-v2/0.2.8/pc/d2a1900a0267d45fd0f5.png,-16%,,https://deo.shopeemobile.com/shopee/modules-federation/live/0/shopee__item-card-standard-v2/0.2.8/pc/b4d1b8a78b3621dbdf4a.svg,"iTel P55 4G Ram 8/128GB | Ram 8/256GB Second Resmi Gadget Style Store
Rp
1.505.988
-16%
Hari Ini 12:00
Surabaya",https://shopee.co.id/iTel-P55-4G-Ram-8-128GB-Ram-8-256GB-Second-Resmi-Gadget-Style-Store-i.1544060692.44376149675?extraParams=%7B%22display_model_id%22%3A445078330253%2C%22model_selection_logic%22%3A3%7D&sp_atk=6b34160a-a716-432a-a4dc-a2c11fb3d86d&xptdk=6b34160a-a716-432a-a4dc-a2c11fb3d86d,,,Hari Ini 12:00
https://down-id.img.susercontent.com/file/id-11134207-8224s-mkmbvs0ilbluc4,,Itel A90 4/64 GB Garansi Resmi Indonesia Second Bekas Original,Rp,1.190.000,https://deo.shopeemobile.com/shopee/modules-federation/live/0/shopee__item-card-standard-v2/0.2.8/pc/38e203dc86172a6c6560.svg,,https://deo.shopeemobile.com/shopee/modules-federation/live/0/shopee__item-card-standard-v2/0.2.8/pc/5dd7b4560d0e2d3190e8.svg,Jakarta Utara,https://deo.shopeemobile.com/shopee/modules-federation/live/0/shopee__item-card-standard-v2/0.2.8/pc/e4734dab67ee2f9ebd5a.png,< 2 Hari,https://deo.shopeemobile.com/shopee/modules-federation/live/0/shopee__item-card-standard-v2/0.2.8/pc/d7099d3fd1dfdaf705ab.svg,5.0,https://deo.shopeemobile.com/shopee/modules-federation/live/0/shopee__item-card-standard-v2/0.2.8/pc/0614b8f0a8fdde22942d.svg,,,,,"Itel A90 4/64 GB Garansi Resmi Indonesia Second Bekas Original
Rp
1.190.000
5.0
2 Terjual
< 2 Hari
Jakarta Utara",https://shopee.co.id/Itel-A90-4-64-GB-Garansi-Resmi-Indonesia-Second-Bekas-Original-i.304735900.55806114461?extraParams=%7B%22display_model_id%22%3A345556902412%2C%22model_selection_logic%22%3A3%7D&sp_atk=1b408335-e642-4f69-80c3-a28c14f9607b&xptdk=1b408335-e642-4f69-80c3-a28c14f9607b,,,2 Terjual
https://down-id.img.susercontent.com/file/id-11134207-822wp-mmmqes21416p44,https://down-id.img.susercontent.com/file/id-11134258-7r98w-lyezzaurybot13,DZL - HP ITEL City200 4/128 GB Original Resmi Official Store Mall Handphone Ori Penerus City 100,Rp,1.649.000,https://deo.shopeemobile.com/shopee/modules-federation/live/0/shopee__item-card-standard-v2/0.2.8/pc/76dff349290d20891fc1.svg,332 Terjual,https://deo.shopeemobile.com/shopee/modules-federation/live/0/shopee__item-card-standard-v2/0.2.8/pc/5dd7b4560d0e2d3190e8.svg,Kab. Sleman,https://deo.shopeemobile.com/shopee/modules-federation/live/0/shopee__item-card-standard-v2/0.2.8/pc/7c9110f78e069acbced7.png,,,4.9,,,-53%,,,"DZL - HP ITEL City200 4/128 GB Original Resmi Official Store Mall Handphone Ori Penerus City 100
Rp
1.649.000
-53%
4.9
332 Terjual
2-4 Hari
Kab. Sleman",https://shopee.co.id/DZL-HP-ITEL-City200-4-128-GB-Original-Resmi-Official-Store-Mall-Handphone-Ori-Penerus-City-100-i.1460001275.28286833349?extraParams=%7B%22display_model_id%22%3A216377681785%2C%22model_selection_logic%22%3A3%7D&sp_atk=1d618c00-4401-4f6e-ad54-d0ecc2f9d0ab&xptdk=1d618c00-4401-4f6e-ad54-d0ecc2f9d0ab,,https://deo.shopeemobile.com/shopee/modules-federation/live/0/shopee__item-card-standard-v2/0.2.8/pc/d7099d3fd1dfdaf705ab.svg,
https://down-id.img.susercontent.com/file/id-11134207-8224t-mj57ev6ln8jm6c,https://down-id.img.susercontent.com/file/id-11134258-822wr-mlx5y0tebegw04,iTel S23 Plus Ram 8 Rom 256GB Bekas Original Flasher Store,Rp,1.899.888,https://deo.shopeemobile.com/shopee/modules-federation/live/0/shopee__item-card-standard-v2/0.2.8/pc/38e203dc86172a6c6560.svg,1 Terjual,https://deo.shopeemobile.com/shopee/modules-federation/live/0/shopee__item-card-standard-v2/0.2.8/pc/5dd7b4560d0e2d3190e8.svg,Surabaya,https://deo.shopeemobile.com/shopee/modules-federation/live/0/shopee__item-card-standard-v2/0.2.8/pc/a425c915798471b33e5d.png,Cashback 60%,,5.0,https://deo.shopeemobile.com/shopee/modules-federation/live/0/shopee__item-card-standard-v2/0.2.8/pc/0614b8f0a8fdde22942d.svg,https://deo.shopeemobile.com/shopee/modules-federation/live/0/shopee__item-card-standard-v2/0.2.8/pc/d2a1900a0267d45fd0f5.png,-18%,,,"iTel S23 Plus Ram 8 Rom 256GB Bekas Original Flasher Store
Rp
1.899.888
-18%
Cashback 60%
5.0
1 Terjual
Hari Ini 12:00
Surabaya",https://shopee.co.id/iTel-S23-Plus-Ram-8-Rom-256GB-Bekas-Original-Flasher-Store-i.509810770.44006263135?extraParams=%7B%22display_model_id%22%3A275524689480%2C%22model_selection_logic%22%3A3%7D&sp_atk=aab57d0b-fa61-4a84-9301-369fdb85fb5c&xptdk=aab57d0b-fa61-4a84-9301-369fdb85fb5c,,https://deo.shopeemobile.com/shopee/modules-federation/live/0/shopee__item-card-standard-v2/0.2.8/pc/d7099d3fd1dfdaf705ab.svg,
https://down-id.img.susercontent.com/file/id-11134207-7ra0o-mc0qw6cgdw3v3e,https://down-id.img.susercontent.com/file/id-11134258-8224v-mkvw0cu9r7k1a5,Itel City 100 | City 200 6/128 GB - 8/128 GB UNISOC T7250,Rp,1.669.000,https://deo.shopeemobile.com/shopee/modules-federation/live/0/shopee__item-card-standard-v2/0.2.8/pc/38e203dc86172a6c6560.svg,12 Terjual,https://deo.shopeemobile.com/shopee/modules-federation/live/0/shopee__item-card-standard-v2/0.2.8/pc/5dd7b4560d0e2d3190e8.svg,Surabaya,https://deo.shopeemobile.com/shopee/modules-federation/live/0/shopee__item-card-standard-v2/0.2.8/pc/a425c915798471b33e5d.png,Hari Ini 12:00,,5.0,https://deo.shopeemobile.com/shopee/modules-federation/live/0/shopee__item-card-standard-v2/0.2.8/pc/0614b8f0a8fdde22942d.svg,,,,,"Itel City 100 | City 200 6/128 GB - 8/128 GB UNISOC T7250
Rp
1.669.000
5.0
12 Terjual
Hari Ini 12:00
Surabaya",https://shopee.co.id/Itel-City-100-City-200-6-128-GB-8-128-GB-UNISOC-T7250-i.162737639.41158182625?extraParams=%7B%22display_model_id%22%3A425600191458%2C%22model_selection_logic%22%3A3%7D&sp_atk=9001e7de-38cd-45a3-900f-e051208a4c0e&xptdk=9001e7de-38cd-45a3-900f-e051208a4c0e,,https://deo.shopeemobile.com/shopee/modules-federation/live/0/shopee__item-card-standard-v2/0.2.8/pc/d7099d3fd1dfdaf705ab.svg,
https://down-id.img.susercontent.com/file/id-11134207-8224r-mippv3j39vrb62,https://down-id.img.susercontent.com/file/id-11134258-7r98w-lyezzaurybot13,Itel A100C [4GB+64GB] - Garansi Resmi 1 Tahun,Rp,1.389.000,https://deo.shopeemobile.com/shopee/modules-federation/live/0/shopee__item-card-standard-v2/0.2.8/pc/76dff349290d20891fc1.svg,74 Terjual,https://deo.shopeemobile.com/shopee/modules-federation/live/0/shopee__item-card-standard-v2/0.2.8/pc/5dd7b4560d0e2d3190e8.svg,Jakarta Utara,https://deo.shopeemobile.com/shopee/modules-federation/live/0/shopee__item-card-standard-v2/0.2.8/pc/7c9110f78e069acbced7.png,,,4.9,,,,Produk Baru,,"Itel A100C [4GB+64GB] - Garansi Resmi 1 Tahun
Rp
1.389.000
Produk Baru
4.9
74 Terjual
2-4 Hari
Jakarta Utara",https://shopee.co.id/Itel-A100C-4GB-64GB-Garansi-Resmi-1-Tahun-i.552568054.49403464304?extraParams=%7B%22display_model_id%22%3A400332476889%2C%22model_selection_logic%22%3A3%7D&sp_atk=8ec923fa-8a32-4d76-ad18-e9620ae1eaff&xptdk=8ec923fa-8a32-4d76-ad18-e9620ae1eaff,,https://deo.shopeemobile.com/shopee/modules-federation/live/0/shopee__item-card-standard-v2/0.2.8/pc/d7099d3fd1dfdaf705ab.svg,
https://down-id.img.susercontent.com/file/id-11134207-7rasb-m2ouh66fbdki4f,https://down-id.img.susercontent.com/file/id-11134258-822wr-mlx5y0tebegw04,Itel P55 4G Ram 8/128GB | Ram 8/256GB,Rp,1.487.779,https://deo.shopeemobile.com/shopee/modules-federation/live/0/shopee__item-card-standard-v2/0.2.8/pc/76dff349290d20891fc1.svg,6 Terjual,https://deo.shopeemobile.com/shopee/modules-federation/live/0/shopee__item-card-standard-v2/0.2.8/pc/5dd7b4560d0e2d3190e8.svg,Surabaya,https://deo.shopeemobile.com/shopee/modules-federation/live/0/shopee__item-card-standard-v2/0.2.8/pc/e4734dab67ee2f9ebd5a.png,,,5.0,,,-32%,,,"Itel P55 4G Ram 8/128GB | Ram 8/256GB
Rp
1.487.779
-32%
5.0
6 Terjual
1-3 Hari
Surabaya",https://shopee.co.id/Itel-P55-4G-Ram-8-128GB-Ram-8-256GB-i.433115955.27309944826?extraParams=%7B%22display_model_id%22%3A108513112753%2C%22model_selection_logic%22%3A3%7D&sp_atk=7e6197d7-bade-4547-9fc1-9b85df021961&xptdk=7e6197d7-bade-4547-9fc1-9b85df021961,,https://deo.shopeemobile.com/shopee/modules-federation/live/0/shopee__item-card-standard-v2/0.2.8/pc/d7099d3fd1dfdaf705ab.svg,
https://down-id.img.susercontent.com/file/id-11134207-82252-mhloi0da89hha6,https://down-id.img.susercontent.com/file/id-11134258-822wr-mlx5y0tebegw04,Itel City 100 Ram 6 Rom 128GB Segel Original & Bergaransi Resmi,Rp,1.499.970,https://deo.shopeemobile.com/shopee/modules-federation/live/0/shopee__item-card-standard-v2/0.2.8/pc/76dff349290d20891fc1.svg,3 Terjual,https://deo.shopeemobile.com/shopee/modules-federation/live/0/shopee__item-card-standard-v2/0.2.8/pc/5dd7b4560d0e2d3190e8.svg,Surabaya,https://deo.shopeemobile.com/shopee/modules-federation/live/0/shopee__item-card-standard-v2/0.2.8/pc/a425c915798471b33e5d.png,,,,,,-12%,,,"Itel City 100 Ram 6 Rom 128GB Segel Original & Bergaransi Resmi
Rp
1.499.970
-12%
3 Terjual
1-3 Hari
Surabaya",https://shopee.co.id/Itel-City-100-Ram-6-Rom-128GB-Segel-Original-Bergaransi-Resmi-i.1570248701.46702287880?extraParams=%7B%22display_model_id%22%3A435220050789%2C%22model_selection_logic%22%3A3%7D&sp_atk=e5f7a1ce-6500-4f14-a6a5-7c45a1218acc&xptdk=e5f7a1ce-6500-4f14-a6a5-7c45a1218acc,,,
https://down-id.img.susercontent.com/file/id-11134207-8224z-mipncxma97gh2c,https://down-id.img.susercontent.com/file/id-11134258-7r98w-lyezzaurybot13,Itel A100C [4GB+64GB] - Garansi Resmi 1 Tahun,Rp,1.389.000,https://deo.shopeemobile.com/shopee/modules-federation/live/0/shopee__item-card-standard-v2/0.2.8/pc/76dff349290d20891fc1.svg,28 Terjual,https://deo.shopeemobile.com/shopee/modules-federation/live/0/shopee__item-card-standard-v2/0.2.8/pc/5dd7b4560d0e2d3190e8.svg,Jakarta Utara,https://deo.shopeemobile.com/shopee/modules-federation/live/0/shopee__item-card-standard-v2/0.2.8/pc/7c9110f78e069acbced7.png,,,5.0,,,,Produk Baru,,"Itel A100C [4GB+64GB] - Garansi Resmi 1 Tahun
Rp
1.389.000
Produk Baru
5.0
28 Terjual
2-4 Hari
Jakarta Utara",https://shopee.co.id/Itel-A100C-4GB-64GB-Garansi-Resmi-1-Tahun-i.395020669.47153464407?extraParams=%7B%22display_model_id%22%3A410332473149%2C%22model_selection_logic%22%3A3%7D&sp_atk=ec7509c2-f954-4d11-9bc2-46d797b7db29&xptdk=ec7509c2-f954-4d11-9bc2-46d797b7db29,,https://deo.shopeemobile.com/shopee/modules-federation/live/0/shopee__item-card-standard-v2/0.2.8/pc/d7099d3fd1dfdaf705ab.svg,
https://down-id.img.susercontent.com/file/id-11134207-8224p-ml3rq5kq9wqv45,https://down-id.img.susercontent.com/file/id-11134258-8224v-mkvw0cu9r7k1a5,"itel City 200 NFC RAM 128+12GB(4+8GB) Big Battery 5200mAh - 6.78"" 120Hz IP65 High Bri...",Rp,1.797.000,https://deo.shopeemobile.com/shopee/modules-federation/live/0/shopee__item-card-standard-v2/0.2.8/pc/38e203dc86172a6c6560.svg,11 Terjual,https://deo.shopeemobile.com/shopee/modules-federation/live/0/shopee__item-card-standard-v2/0.2.8/pc/5dd7b4560d0e2d3190e8.svg,Makassar,https://deo.shopeemobile.com/shopee/modules-federation/live/0/shopee__item-card-standard-v2/0.2.8/pc/e4734dab67ee2f9ebd5a.png,< 2 Hari,,5.0,https://deo.shopeemobile.com/shopee/modules-federation/live/0/shopee__item-card-standard-v2/0.2.8/pc/0614b8f0a8fdde22942d.svg,https://deo.shopeemobile.com/shopee/modules-federation/live/0/shopee__item-card-standard-v2/0.2.8/pc/d2a1900a0267d45fd0f5.png,-40%,,,"itel City 200 NFC RAM 128+12GB(4+8GB) Big Battery 5200mAh - 6.78"" 120Hz IP65 High Bri...
Rp
1.797.000
-40%
5.0
11 Terjual
< 2 Hari
Makassar",https://shopee.co.id/itel-City-200-NFC-RAM-128-12GB(4-8GB)-Big-Battery-5200mAh-6.78-120Hz-IP65-High-Bri...-i.1405728224.26336873045?extraParams=%7B%22display_model_id%22%3A292417378753%2C%22model_selection_logic%22%3A3%7D&sp_atk=30255c48-d8b7-4e04-8e28-8dca93d00407&xptdk=30255c48-d8b7-4e04-8e28-8dca93d00407,,https://deo.shopeemobile.com/shopee/modules-federation/live/0/shopee__item-card-standard-v2/0.2.8/pc/d7099d3fd1dfdaf705ab.svg,
https://down-id.img.susercontent.com/file/id-11134207-8224y-mir6xps8wm4g79,https://down-id.img.susercontent.com/file/id-11134258-8224v-mkvw0cu9r7k1a5,Itel A100C 4GB/64GB Garansi Resmi Itel Indonesia,Rp,1.369.000,https://deo.shopeemobile.com/shopee/modules-federation/live/0/shopee__item-card-standard-v2/0.2.8/pc/38e203dc86172a6c6560.svg,711 Terjual,https://deo.shopeemobile.com/shopee/modules-federation/live/0/shopee__item-card-standard-v2/0.2.8/pc/5dd7b4560d0e2d3190e8.svg,Jakarta Pusat,https://deo.shopeemobile.com/shopee/modules-federation/live/0/shopee__item-card-standard-v2/0.2.8/pc/7c9110f78e069acbced7.png,< 2 Hari,,5.0,https://deo.shopeemobile.com/shopee/modules-federation/live/0/shopee__item-card-standard-v2/0.2.8/pc/0614b8f0a8fdde22942d.svg,,-9%,Produk Baru,,"Itel A100C 4GB/64GB Garansi Resmi Itel Indonesia
Rp
1.369.000
-9%
Produk Baru
5.0
711 Terjual
< 2 Hari
Jakarta Pusat",https://shopee.co.id/Itel-A100C-4GB-64GB-Garansi-Resmi-Itel-Indonesia-i.1119892890.49953839637?extraParams=%7B%22display_model_id%22%3A287293267409%2C%22model_selection_logic%22%3A3%7D&sp_atk=e37e2f87-1cd8-4fb6-82aa-d91785c90252&xptdk=e37e2f87-1cd8-4fb6-82aa-d91785c90252,,https://deo.shopeemobile.com/shopee/modules-federation/live/0/shopee__item-card-standard-v2/0.2.8/pc/d7099d3fd1dfdaf705ab.svg,
https://down-id.img.susercontent.com/file/id-11134207-822wo-mmseyisaiih27a,https://down-id.img.susercontent.com/file/id-11134258-7r98w-lyezzaurybot13,Itel S26 Ultra 8GB/ 128GB I 256GB Garansi Resmi Itel Indonesia,Rp,2.534.000,https://deo.shopeemobile.com/shopee/modules-federation/live/0/shopee__item-card-standard-v2/0.2.8/pc/38e203dc86172a6c6560.svg,4 Terjual,https://deo.shopeemobile.com/shopee/modules-federation/live/0/shopee__item-card-standard-v2/0.2.8/pc/5dd7b4560d0e2d3190e8.svg,Jakarta Pusat,https://deo.shopeemobile.com/shopee/modules-federation/live/0/shopee__item-card-standard-v2/0.2.8/pc/7c9110f78e069acbced7.png,< 2 Hari,,5.0,https://deo.shopeemobile.com/shopee/modules-federation/live/0/shopee__item-card-standard-v2/0.2.8/pc/0614b8f0a8fdde22942d.svg,,-37%,,https://deo.shopeemobile.com/shopee/modules-federation/live/0/shopee__item-card-standard-v2/0.2.8/pc/b4d1b8a78b3621dbdf4a.svg,"Itel S26 Ultra 8GB/ 128GB I 256GB Garansi Resmi Itel Indonesia
Rp
2.534.000
-37%
5.0
4 Terjual
< 2 Hari
Jakarta Pusat",https://shopee.co.id/Itel-S26-Ultra-8GB-128GB-I-256GB-Garansi-Resmi-Itel-Indonesia-i.1345303945.40021248953?extraParams=%7B%22display_model_id%22%3A291732359068%2C%22model_selection_logic%22%3A3%7D&sp_atk=f9851ebe-94be-40ad-ac55-e6fe8ba172ac&xptdk=f9851ebe-94be-40ad-ac55-e6fe8ba172ac,,https://deo.shopeemobile.com/shopee/modules-federation/live/0/shopee__item-card-standard-v2/0.2.8/pc/d7099d3fd1dfdaf705ab.svg,
https://down-id.img.susercontent.com/file/id-11134207-8224s-mi2j5glwbitkad,https://down-id.img.susercontent.com/file/id-11134258-822ws-mnciva8io4qu2f,ITEL SUPER S26 ULTRA 8GB 256GB GARANSI RESMI,Rp,2.619.000,https://deo.shopeemobile.com/shopee/modules-federation/live/0/shopee__item-card-standard-v2/0.2.8/pc/76dff349290d20891fc1.svg,18 Terjual,https://deo.shopeemobile.com/shopee/modules-federation/live/0/shopee__item-card-standard-v2/0.2.8/pc/5dd7b4560d0e2d3190e8.svg,Jakarta Selatan,https://deo.shopeemobile.com/shopee/modules-federation/live/0/shopee__item-card-standard-v2/0.2.8/pc/e4734dab67ee2f9ebd5a.png,,,5.0,,,,,,"ITEL SUPER S26 ULTRA 8GB 256GB GARANSI RESMI
Rp
2.619.000
5.0
18 Terjual
2-4 Hari
Jakarta Selatan",https://shopee.co.id/ITEL-SUPER-S26-ULTRA-8GB-256GB-GARANSI-RESMI-i.30962556.28474738179?extraParams=%7B%22display_model_id%22%3A247560931785%2C%22model_selection_logic%22%3A3%7D&sp_atk=01daaf63-b134-47ab-8aed-cf06ebdd94a8&xptdk=01daaf63-b134-47ab-8aed-cf06ebdd94a8,,https://deo.shopeemobile.com/shopee/modules-federation/live/0/shopee__item-card-standard-v2/0.2.8/pc/d7099d3fd1dfdaf705ab.svg,
https://down-id.img.susercontent.com/file/sg-11134201-821e2-mh4qetnviy3124,https://down-id.img.susercontent.com/file/id-11134258-822wr-mlx5y0tebegw04,iTel S23 Ram 8/128GB | Ram 8/256GB,Rp,1.471.870,https://deo.shopeemobile.com/shopee/modules-federation/live/0/shopee__item-card-standard-v2/0.2.8/pc/76dff349290d20891fc1.svg,1-3 Hari,https://deo.shopeemobile.com/shopee/modules-federation/live/0/shopee__item-card-standard-v2/0.2.8/pc/5dd7b4560d0e2d3190e8.svg,Surabaya,https://deo.shopeemobile.com/shopee/modules-federation/live/0/shopee__item-card-standard-v2/0.2.8/pc/a425c915798471b33e5d.png,,,,,,-41%,,,"iTel S23 Ram 8/128GB | Ram 8/256GB
Rp
1.471.870
-41%
1-3 Hari
Surabaya",https://shopee.co.id/iTel-S23-Ram-8-128GB-Ram-8-256GB-i.1570248701.58051505923?extraParams=%7B%22display_model_id%22%3A345137270403%2C%22model_selection_logic%22%3A3%7D&sp_atk=d45f0862-8ffc-45dd-a460-839c377f54b5&xptdk=d45f0862-8ffc-45dd-a460-839c377f54b5,,,
https://down-id.img.susercontent.com/file/id-11134207-7rbk0-m7uknk44l0skca,,ITEL A80 4GB 128GB BLACK BLUE WHITE GARANSI RESMI ITEL INDONESIA,Rp,1.079.000,https://deo.shopeemobile.com/shopee/modules-federation/live/0/shopee__item-card-standard-v2/0.2.8/pc/38e203dc86172a6c6560.svg,< 2 Hari,https://deo.shopeemobile.com/shopee/modules-federation/live/0/shopee__item-card-standard-v2/0.2.8/pc/5dd7b4560d0e2d3190e8.svg,Tangerang Selatan,,< 2 Hari,,,https://deo.shopeemobile.com/shopee/modules-federation/live/0/shopee__item-card-standard-v2/0.2.8/pc/0614b8f0a8fdde22942d.svg,,,,,"ITEL A80 4GB 128GB BLACK BLUE WHITE GARANSI RESMI ITEL INDONESIA
Rp
1.079.000
< 2 Hari
Tangerang Selatan",https://shopee.co.id/ITEL-A80-4GB-128GB-BLACK-BLUE-WHITE-GARANSI-RESMI-ITEL-INDONESIA-i.1471321499.28381037686?extraParams=%7B%22display_model_id%22%3A253004424949%2C%22model_selection_logic%22%3A3%7D&sp_atk=dde97d86-f902-41a2-8431-50f7e5a160d4&xptdk=dde97d86-f902-41a2-8431-50f7e5a160d4,,https://deo.shopeemobile.com/shopee/modules-federation/live/0/shopee__item-card-standard-v2/0.2.8/pc/0614b8f0a8fdde22942d.svg,
https://down-id.img.susercontent.com/file/id-11134207-7ra0h-md32l14nm1ycf3,https://down-id.img.susercontent.com/file/id-11134258-7ra0q-mbesqwmkb0gu9c,Itel A80 Ram 4GB+4GB / 128GB  Garansi Resmi 1 Tahun di s,Rp,1.595.000,https://deo.shopeemobile.com/shopee/modules-federation/live/0/shopee__item-card-standard-v2/0.2.8/pc/76dff349290d20891fc1.svg,248 Terjual,https://deo.shopeemobile.com/shopee/modules-federation/live/0/shopee__item-card-standard-v2/0.2.8/pc/5dd7b4560d0e2d3190e8.svg,Jakarta Timur,https://deo.shopeemobile.com/shopee/modules-federation/live/0/shopee__item-card-standard-v2/0.2.8/pc/e4734dab67ee2f9ebd5a.png,,,4.9,,,,,,"Itel A80 Ram 4GB+4GB / 128GB Garansi Resmi 1 Tahun di s
Rp
1.595.000
4.9
248 Terjual
2-4 Hari
Jakarta Timur",https://shopee.co.id/Itel-A80-Ram-4GB-4GB-128GB-Garansi-Resmi-1-Tahun-di-s-i.182118960.20685004478?extraParams=%7B%22display_model_id%22%3A270320341277%2C%22model_selection_logic%22%3A3%7D&sp_atk=9c041bcd-61e3-42ce-9100-395a51248216&xptdk=9c041bcd-61e3-42ce-9100-395a51248216,,https://deo.shopeemobile.com/shopee/modules-federation/live/0/shopee__item-card-standard-v2/0.2.8/pc/d7099d3fd1dfdaf705ab.svg,
https://down-id.img.susercontent.com/file/id-11134207-822wm-ml92z6uc8kxvd5,https://down-id.img.susercontent.com/file/id-11134258-8224v-mkvw0cu9r7k1a5,NEW ITEL CITY 200 128GB BERGARANSI RESMI INDONESIA 1 TAHUN,Rp,1.899.000,https://deo.shopeemobile.com/shopee/modules-federation/live/0/shopee__item-card-standard-v2/0.2.8/pc/76dff349290d20891fc1.svg,3-5 Hari,https://deo.shopeemobile.com/shopee/modules-federation/live/0/shopee__item-card-standard-v2/0.2.8/pc/5dd7b4560d0e2d3190e8.svg,Kab. Gianyar,,,,,,,,,,"NEW ITEL CITY 200 128GB BERGARANSI RESMI INDONESIA 1 TAHUN
Rp
1.899.000
3-5 Hari
Kab. Gianyar",https://shopee.co.id/NEW-ITEL-CITY-200-128GB-BERGARANSI-RESMI-INDONESIA-1-TAHUN-i.350634382.50806581558?extraParams=%7B%22display_model_id%22%3A435591028288%2C%22model_selection_logic%22%3A3%7D&sp_atk=0cb9bc1c-711a-4072-aec9-41271c7b6c8f&xptdk=0cb9bc1c-711a-4072-aec9-41271c7b6c8f,,,
https://down-id.img.susercontent.com/file/id-11134207-8224w-mir1mw03ykn59f,https://down-id.img.susercontent.com/file/id-11134258-7r98w-lyezzaurybot13,Itel A100C [4GB+64GB] - Garansi Resmi 1 Tahun,Rp,1.399.000,https://deo.shopeemobile.com/shopee/modules-federation/live/0/shopee__item-card-standard-v2/0.2.8/pc/76dff349290d20891fc1.svg,65 Terjual,https://deo.shopeemobile.com/shopee/modules-federation/live/0/shopee__item-card-standard-v2/0.2.8/pc/5dd7b4560d0e2d3190e8.svg,Jakarta Utara,https://deo.shopeemobile.com/shopee/modules-federation/live/0/shopee__item-card-standard-v2/0.2.8/pc/7c9110f78e069acbced7.png,,,4.9,,,,Produk Baru,,"Itel A100C [4GB+64GB] - Garansi Resmi 1 Tahun
Rp
1.399.000
Produk Baru
4.9
65 Terjual
2-4 Hari
Jakarta Utara",https://shopee.co.id/Itel-A100C-4GB-64GB-Garansi-Resmi-1-Tahun-i.927728909.50953444766?extraParams=%7B%22display_model_id%22%3A254125185678%2C%22model_selection_logic%22%3A3%7D&sp_atk=c277221d-e7e7-48cf-8d0b-607956d4e8b4&xptdk=c277221d-e7e7-48cf-8d0b-607956d4e8b4,,https://deo.shopeemobile.com/shopee/modules-federation/live/0/shopee__item-card-standard-v2/0.2.8/pc/d7099d3fd1dfdaf705ab.svg,
https://down-id.img.susercontent.com/file/id-11134207-82250-mj26si2brmyq73,https://down-id.img.susercontent.com/file/id-11134258-8224v-mkvw0cu9r7k1a5,Itel A100C 4+8GB RAM / 64GB ROM - Military Grade Durability - Dynamic Bar - Ultra-Link Controll Bluetooth - IR Control - Side Finger and Face Lock,Rp,1.449.000,https://deo.shopeemobile.com/shopee/modules-federation/live/0/shopee__item-card-standard-v2/0.2.8/pc/38e203dc86172a6c6560.svg,13 Terjual,https://deo.shopeemobile.com/shopee/modules-federation/live/0/shopee__item-card-standard-v2/0.2.8/pc/5dd7b4560d0e2d3190e8.svg,Denpasar,https://deo.shopeemobile.com/shopee/modules-federation/live/0/shopee__item-card-standard-v2/0.2.8/pc/e4734dab67ee2f9ebd5a.png,< 2 Hari,,5.0,https://deo.shopeemobile.com/shopee/modules-federation/live/0/shopee__item-card-standard-v2/0.2.8/pc/0614b8f0a8fdde22942d.svg,,,Produk Baru,,"Itel A100C 4+8GB RAM / 64GB ROM - Military Grade Durability - Dynamic Bar - Ultra-Link Controll Bluetooth - IR Control - Side Finger and Face Lock
Rp
1.449.000
Produk Baru
5.0
13 Terjual
< 2 Hari
Denpasar",https://shopee.co.id/Itel-A100C-4-8GB-RAM-64GB-ROM-Military-Grade-Durability-Dynamic-Bar-Ultra-Link-Controll-Bluetooth-IR-Control-Side-Finger-and-Face-Lock-i.195238438.51104105890?extraParams=%7B%22display_model_id%22%3A380389985938%2C%22model_selection_logic%22%3A3%7D&sp_atk=d2bfdf45-6ead-49da-afd0-557569d56d7e&xptdk=d2bfdf45-6ead-49da-afd0-557569d56d7e,,https://deo.shopeemobile.com/shopee/modules-federation/live/0/shopee__item-card-standard-v2/0.2.8/pc/d7099d3fd1dfdaf705ab.svg,
https://down-id.img.susercontent.com/file/id-11134207-8224s-mj44fom20lqf3f,https://down-id.img.susercontent.com/file/id-11134258-822ws-mnciva8io4qu2f,"itel A100C 4+64GB Layar 6.6"" 90Hz Tahan Banting Military-Grade UltraLink Free Call 5000mAh Battery",Rp,1.359.000,https://deo.shopeemobile.com/shopee/modules-federation/live/0/shopee__item-card-standard-v2/0.2.8/pc/38e203dc86172a6c6560.svg,137 Terjual,https://deo.shopeemobile.com/shopee/modules-federation/live/0/shopee__item-card-standard-v2/0.2.8/pc/5dd7b4560d0e2d3190e8.svg,Jakarta Selatan,https://deo.shopeemobile.com/shopee/modules-federation/live/0/shopee__item-card-standard-v2/0.2.8/pc/e4734dab67ee2f9ebd5a.png,< 2 Hari,,4.9,https://deo.shopeemobile.com/shopee/modules-federation/live/0/shopee__item-card-standard-v2/0.2.8/pc/0614b8f0a8fdde22942d.svg,https://deo.shopeemobile.com/shopee/modules-federation/live/0/shopee__item-card-standard-v2/0.2.8/pc/d2a1900a0267d45fd0f5.png,-1%,,https://deo.shopeemobile.com/shopee/modules-federation/live/0/shopee__item-card-standard-v2/0.2.8/pc/b4d1b8a78b3621dbdf4a.svg,"itel A100C 4+64GB Layar 6.6"" 90Hz Tahan Banting Military-Grade UltraLink Free Call 5000mAh Battery
Rp
1.359.000
-1%
4.9
137 Terjual
< 2 Hari
Jakarta Selatan",https://shopee.co.id/itel-A100C-4-64GB-Layar-6.6-90Hz-Tahan-Banting-Military-Grade-UltraLink-Free-Call-5000mAh-Battery-i.257997524.29220902141?extraParams=%7B%22display_model_id%22%3A400565441943%2C%22model_selection_logic%22%3A3%7D&sp_atk=e419b106-702e-4835-94ea-c26f4d6000cc&xptdk=e419b106-702e-4835-94ea-c26f4d6000cc,,https://deo.shopeemobile.com/shopee/modules-federation/live/0/shopee__item-card-standard-v2/0.2.8/pc/d7099d3fd1dfdaf705ab.svg,
https://down-id.img.susercontent.com/file/id-11134207-7r98r-lmocvgfkl6esbc,https://down-id.img.susercontent.com/file/id-11134258-7r98w-lyezzaurybot13,ITEL S23 4G 8GB/128GB S.BLACK,Rp,1.450.000,https://deo.shopeemobile.com/shopee/modules-federation/live/0/shopee__item-card-standard-v2/0.2.8/pc/76dff349290d20891fc1.svg,1-3 Hari,https://deo.shopeemobile.com/shopee/modules-federation/live/0/shopee__item-card-standard-v2/0.2.8/pc/5dd7b4560d0e2d3190e8.svg,Kab. Tuban,,,,,,,,,,"ITEL S23 4G 8GB/128GB S.BLACK
Rp
1.450.000
1-3 Hari
Kab. Tuban",https://shopee.co.id/ITEL-S23-4G-8GB-128GB-S.BLACK-i.269092366.18294029167?extraParams=%7B%22display_model_id%22%3A148398302580%2C%22model_selection_logic%22%3A3%7D&sp_atk=5126adf7-e076-4449-be7f-8fe5118197e2&xptdk=5126adf7-e076-4449-be7f-8fe5118197e2,,,
https://down-id.img.susercontent.com/file/id-11134207-7ra0j-mcvvjnbm45z03c,https://down-id.img.susercontent.com/file/id-11134258-8224v-mkvw0cu9r7k1a5,Itel S25 Ram 8/128 GB NFC Garansi Resmi Itel,Rp,1.799.000,https://deo.shopeemobile.com/shopee/modules-federation/live/0/shopee__item-card-standard-v2/0.2.8/pc/76dff349290d20891fc1.svg,3-5 Hari,https://deo.shopeemobile.com/shopee/modules-federation/live/0/shopee__item-card-standard-v2/0.2.8/pc/5dd7b4560d0e2d3190e8.svg,Jakarta Barat,https://deo.shopeemobile.com/shopee/modules-federation/live/0/shopee__item-card-standard-v2/0.2.8/pc/a425c915798471b33e5d.png,,,,,https://deo.shopeemobile.com/shopee/modules-federation/live/0/shopee__item-card-standard-v2/0.2.8/pc/d2a1900a0267d45fd0f5.png,,,,"Itel S25 Ram 8/128 GB NFC Garansi Resmi Itel
Rp
1.799.000
3-5 Hari
Jakarta Barat",https://shopee.co.id/Itel-S25-Ram-8-128-GB-NFC-Garansi-Resmi-Itel-i.27781153.44261160700?extraParams=%7B%22display_model_id%22%3A186187554865%2C%22model_selection_logic%22%3A3%7D&sp_atk=d45f03af-589f-43af-a815-4e5b40049458&xptdk=d45f03af-589f-43af-a815-4e5b40049458,,,
https://down-id.img.susercontent.com/file/sg-11134201-7rdyb-mbrv4fayd0zd70,https://down-id.img.susercontent.com/file/id-11134258-822wr-mlx5y0tebegw04,iTel S25 Ultra Ram 8/128GB | Ram 8/256GB | Ram 8/512GB,Rp,2.058.970,https://deo.shopeemobile.com/shopee/modules-federation/live/0/shopee__item-card-standard-v2/0.2.8/pc/76dff349290d20891fc1.svg,3 Terjual,https://deo.shopeemobile.com/shopee/modules-federation/live/0/shopee__item-card-standard-v2/0.2.8/pc/5dd7b4560d0e2d3190e8.svg,Surabaya,https://deo.shopeemobile.com/shopee/modules-federation/live/0/shopee__item-card-standard-v2/0.2.8/pc/a425c915798471b33e5d.png,,,5.0,,,-21%,,,"iTel S25 Ultra Ram 8/128GB | Ram 8/256GB | Ram 8/512GB
Rp
2.058.970
-21%
5.0
3 Terjual
1-3 Hari
Surabaya",https://shopee.co.id/iTel-S25-Ultra-Ram-8-128GB-Ram-8-256GB-Ram-8-512GB-i.1570248701.41507297140?extraParams=%7B%22display_model_id%22%3A69570950461%2C%22model_selection_logic%22%3A3%7D&sp_atk=01e27a66-b88b-4f3f-9de4-cd1fb5281ee8&xptdk=01e27a66-b88b-4f3f-9de4-cd1fb5281ee8,,https://deo.shopeemobile.com/shopee/modules-federation/live/0/shopee__item-card-standard-v2/0.2.8/pc/d7099d3fd1dfdaf705ab.svg,
https://down-id.img.susercontent.com/file/sg-11134201-81zty-mitqmem6xeyqc8,https://down-id.img.susercontent.com/file/id-11134258-7r98w-lyezzaurybot13,Itel A100C 4GB/64GB Garansi Resmi Itel Indonesia,Rp,1.364.000,https://deo.shopeemobile.com/shopee/modules-federation/live/0/shopee__item-card-standard-v2/0.2.8/pc/38e203dc86172a6c6560.svg,600 Terjual,https://deo.shopeemobile.com/shopee/modules-federation/live/0/shopee__item-card-standard-v2/0.2.8/pc/5dd7b4560d0e2d3190e8.svg,Jakarta Pusat,https://deo.shopeemobile.com/shopee/modules-federation/live/0/shopee__item-card-standard-v2/0.2.8/pc/7c9110f78e069acbced7.png,< 2 Hari,,4.9,https://deo.shopeemobile.com/shopee/modules-federation/live/0/shopee__item-card-standard-v2/0.2.8/pc/0614b8f0a8fdde22942d.svg,,-32%,Produk Baru,https://deo.shopeemobile.com/shopee/modules-federation/live/0/shopee__item-card-standard-v2/0.2.8/pc/b4d1b8a78b3621dbdf4a.svg,"Itel A100C 4GB/64GB Garansi Resmi Itel Indonesia
Rp
1.364.000
-32%
Produk Baru
4.9
600 Terjual
< 2 Hari
Jakarta Pusat",https://shopee.co.id/Itel-A100C-4GB-64GB-Garansi-Resmi-Itel-Indonesia-i.1345303945.47103893455?extraParams=%7B%22display_model_id%22%3A400368276827%2C%22model_selection_logic%22%3A3%7D&sp_atk=5da96e93-2100-4b8b-b9fd-3bb8f14a6d60&xptdk=5da96e93-2100-4b8b-b9fd-3bb8f14a6d60,,https://deo.shopeemobile.com/shopee/modules-federation/live/0/shopee__item-card-standard-v2/0.2.8/pc/d7099d3fd1dfdaf705ab.svg,
https://down-id.img.susercontent.com/file/id-11134207-7rbkb-m8lkkfghfo0uf0,https://down-id.img.susercontent.com/file/id-11134258-822wr-mlx5y0tebegw04,iTel S25 Ram 8GB Rom 128GB Segel Original & Bergaransi Resmi,Rp,1.973.609,https://deo.shopeemobile.com/shopee/modules-federation/live/0/shopee__item-card-standard-v2/0.2.8/pc/76dff349290d20891fc1.svg,3 Terjual,https://deo.shopeemobile.com/shopee/modules-federation/live/0/shopee__item-card-standard-v2/0.2.8/pc/5dd7b4560d0e2d3190e8.svg,Surabaya,https://deo.shopeemobile.com/shopee/modules-federation/live/0/shopee__item-card-standard-v2/0.2.8/pc/e4734dab67ee2f9ebd5a.png,,,5.0,,,-32%,,,"iTel S25 Ram 8GB Rom 128GB Segel Original & Bergaransi Resmi
Rp
1.973.609
-32%
5.0
3 Terjual
1-3 Hari
Surabaya",https://shopee.co.id/iTel-S25-Ram-8GB-Rom-128GB-Segel-Original-Bergaransi-Resmi-i.233982802.29533492797?extraParams=%7B%22display_model_id%22%3A138302112704%2C%22model_selection_logic%22%3A3%7D&sp_atk=2757b948-f9bf-479a-982a-1e8075795945&xptdk=2757b948-f9bf-479a-982a-1e8075795945,,https://deo.shopeemobile.com/shopee/modules-federation/live/0/shopee__item-card-standard-v2/0.2.8/pc/d7099d3fd1dfdaf705ab.svg,
https://down-id.img.susercontent.com/file/id-11134207-8224x-mkt1a4a2g9vkfb,https://down-id.img.susercontent.com/file/id-11134258-8224v-mkvw0cu9r7k1a5,Itel S26 Ultra 8/256 GB Up to 16 GB RAM Garansi Resmi ITEL,Rp,2.880.000,https://deo.shopeemobile.com/shopee/modules-federation/live/0/shopee__item-card-standard-v2/0.2.8/pc/38e203dc86172a6c6560.svg,124 Terjual,https://deo.shopeemobile.com/shopee/modules-federation/live/0/shopee__item-card-standard-v2/0.2.8/pc/5dd7b4560d0e2d3190e8.svg,Palembang,https://deo.shopeemobile.com/shopee/modules-federation/live/0/shopee__item-card-standard-v2/0.2.8/pc/e4734dab67ee2f9ebd5a.png,< 2 Hari,,5.0,https://deo.shopeemobile.com/shopee/modules-federation/live/0/shopee__item-card-standard-v2/0.2.8/pc/0614b8f0a8fdde22942d.svg,https://deo.shopeemobile.com/shopee/modules-federation/live/0/shopee__item-card-standard-v2/0.2.8/pc/d2a1900a0267d45fd0f5.png,-4%,,,"Itel S26 Ultra 8/256 GB Up to 16 GB RAM Garansi Resmi ITEL
Rp
2.880.000
-4%
5.0
124 Terjual
< 2 Hari
Palembang",https://shopee.co.id/Itel-S26-Ultra-8-256-GB-Up-to-16-GB-RAM-Garansi-Resmi-ITEL-i.213701015.19484858016?extraParams=%7B%22display_model_id%22%3A227042400369%2C%22model_selection_logic%22%3A3%7D&sp_atk=f7abcde9-28bd-4aee-94b7-13467e740ba5&xptdk=f7abcde9-28bd-4aee-94b7-13467e740ba5,,https://deo.shopeemobile.com/shopee/modules-federation/live/0/shopee__item-card-standard-v2/0.2.8/pc/d7099d3fd1dfdaf705ab.svg,
https://down-id.img.susercontent.com/file/id-11134207-822wj-mn8aq3mza4g333,https://down-id.img.susercontent.com/file/id-11134258-8224v-mkvw0cu9r7k1a5,ITEL CITY 200 RAM 8GB ( 4+4GB) ROM 128GB GARANSI RESMI ITEL INDONESIA,Rp,1.449.000,https://deo.shopeemobile.com/shopee/modules-federation/live/0/shopee__item-card-standard-v2/0.2.8/pc/76dff349290d20891fc1.svg,2 Terjual,https://deo.shopeemobile.com/shopee/modules-federation/live/0/shopee__item-card-standard-v2/0.2.8/pc/5dd7b4560d0e2d3190e8.svg,Kab. Banyuwangi,,,,5.0,,https://deo.shopeemobile.com/shopee/modules-federation/live/0/shopee__item-card-standard-v2/0.2.8/pc/d2a1900a0267d45fd0f5.png,,,,"ITEL CITY 200 RAM 8GB ( 4+4GB) ROM 128GB GARANSI RESMI ITEL INDONESIA
Rp
1.449.000
5.0
2 Terjual
3-4 Hari
Kab. Banyuwangi",https://shopee.co.id/ITEL-CITY-200-RAM-8GB-(-4-4GB)-ROM-128GB-GARANSI-RESMI-ITEL-INDONESIA-i.126276682.23481560041?extraParams=%7B%22display_model_id%22%3A262387336820%2C%22model_selection_logic%22%3A3%7D&sp_atk=6b4580b1-40ca-4a95-b1db-f837d0a68f74&xptdk=6b4580b1-40ca-4a95-b1db-f837d0a68f74,,https://deo.shopeemobile.com/shopee/modules-federation/live/0/shopee__item-card-standard-v2/0.2.8/pc/d7099d3fd1dfdaf705ab.svg,
https://down-id.img.susercontent.com/file/id-11134207-82252-mjfirf05pipz4b,https://down-id.img.susercontent.com/file/id-11134258-8224v-mkvw0cu9r7k1a5,"NEW ITEL A100C RAM 4(4+8) GB + 64GB BATERAI 5000 mAh layar 6,6 inch",Rp,1.369.000,https://deo.shopeemobile.com/shopee/modules-federation/live/0/shopee__item-card-standard-v2/0.2.8/pc/38e203dc86172a6c6560.svg,49 Terjual,https://deo.shopeemobile.com/shopee/modules-federation/live/0/shopee__item-card-standard-v2/0.2.8/pc/5dd7b4560d0e2d3190e8.svg,Depok,https://deo.shopeemobile.com/shopee/modules-federation/live/0/shopee__item-card-standard-v2/0.2.8/pc/7c9110f78e069acbced7.png,< 2 Hari,,4.9,https://deo.shopeemobile.com/shopee/modules-federation/live/0/shopee__item-card-standard-v2/0.2.8/pc/0614b8f0a8fdde22942d.svg,https://deo.shopeemobile.com/shopee/modules-federation/live/0/shopee__item-card-standard-v2/0.2.8/pc/d2a1900a0267d45fd0f5.png,,,,"NEW ITEL A100C RAM 4(4+8) GB + 64GB BATERAI 5000 mAh layar 6,6 inch
Rp
1.369.000
4.9
49 Terjual
< 2 Hari
Depok",https://shopee.co.id/NEW-ITEL-A100C-RAM-4(4-8)-GB-64GB-BATERAI-5000-mAh-layar-6-6-inch-i.1367937206.46154635524?extraParams=%7B%22display_model_id%22%3A350428457333%2C%22model_selection_logic%22%3A3%7D&sp_atk=52c0777a-5eb5-4232-aa62-88197d5e44e8&xptdk=52c0777a-5eb5-4232-aa62-88197d5e44e8,,https://deo.shopeemobile.com/shopee/modules-federation/live/0/shopee__item-card-standard-v2/0.2.8/pc/d7099d3fd1dfdaf705ab.svg,
https://down-id.img.susercontent.com/file/id-11134207-81zti-mfqeestb8tu6a8,https://down-id.img.susercontent.com/file/id-11134258-822ws-mnciva8io4qu2f,Itel Super 26 Ultra 8/256GB | T7300 | Corning Gorilla 7i | IP65 | 144Hz 1.5K 3D-Curved AMOLED | S26,Rp,2.599.000,https://deo.shopeemobile.com/shopee/modules-federation/live/0/shopee__item-card-standard-v2/0.2.8/pc/38e203dc86172a6c6560.svg,15 Terjual,https://deo.shopeemobile.com/shopee/modules-federation/live/0/shopee__item-card-standard-v2/0.2.8/pc/5dd7b4560d0e2d3190e8.svg,Depok,https://deo.shopeemobile.com/shopee/modules-federation/live/0/shopee__item-card-standard-v2/0.2.8/pc/e4734dab67ee2f9ebd5a.png,< 2 Hari,,4.8,https://deo.shopeemobile.com/shopee/modules-federation/live/0/shopee__item-card-standard-v2/0.2.8/pc/0614b8f0a8fdde22942d.svg,,,,,"Itel Super 26 Ultra 8/256GB | T7300 | Corning Gorilla 7i | IP65 | 144Hz 1.5K 3D-Curved AMOLED | S26
Rp
2.599.000
4.8
15 Terjual
< 2 Hari
Depok",https://shopee.co.id/Itel-Super-26-Ultra-8-256GB-T7300-Corning-Gorilla-7i-IP65-144Hz-1.5K-3D-Curved-AMOLED-S26-i.649625196.41223767414?extraParams=%7B%22display_model_id%22%3A179104440744%2C%22model_selection_logic%22%3A3%7D&sp_atk=52974dbf-a10f-4b3c-a88e-cb131876fa0a&xptdk=52974dbf-a10f-4b3c-a88e-cb131876fa0a,,https://deo.shopeemobile.com/shopee/modules-federation/live/0/shopee__item-card-standard-v2/0.2.8/pc/d7099d3fd1dfdaf705ab.svg,
https://down-id.img.susercontent.com/file/id-11134207-7rbk8-macdncu8mvel3c,https://down-id.img.susercontent.com/file/id-11134258-822wr-mlx67rtd6r602f,ITEL A80 RAM 4/128 GB GARANSI 1 TAHUN,Rp,1.599.000,https://deo.shopeemobile.com/shopee/modules-federation/live/0/shopee__item-card-standard-v2/0.2.8/pc/76dff349290d20891fc1.svg,1-3 Hari,https://deo.shopeemobile.com/shopee/modules-federation/live/0/shopee__item-card-standard-v2/0.2.8/pc/5dd7b4560d0e2d3190e8.svg,Surabaya,https://deo.shopeemobile.com/shopee/modules-federation/live/0/shopee__item-card-standard-v2/0.2.8/pc/e4734dab67ee2f9ebd5a.png,,,,,,,,,"ITEL A80 RAM 4/128 GB GARANSI 1 TAHUN
Rp
1.599.000
1-3 Hari
Surabaya",https://shopee.co.id/ITEL-A80-RAM-4-128-GB-GARANSI-1-TAHUN-i.7850895.24195349989?extraParams=%7B%22display_model_id%22%3A290208267099%2C%22model_selection_logic%22%3A3%7D&sp_atk=a5a4df62-7be4-4b99-8a6e-3637c3916c77&xptdk=a5a4df62-7be4-4b99-8a6e-3637c3916c77,,,
https://down-id.img.susercontent.com/file/id-11134207-7r98z-lw88ilyhovvffa,https://down-id.img.susercontent.com/file/id-11134258-8224v-mkvw0cu9r7k1a5,Itel 5026 feature phone hp murah garansi resmi it5026,Rp,185.000,https://deo.shopeemobile.com/shopee/modules-federation/live/0/shopee__item-card-standard-v2/0.2.8/pc/38e203dc86172a6c6560.svg,49 Terjual,https://deo.shopeemobile.com/shopee/modules-federation/live/0/shopee__item-card-standard-v2/0.2.8/pc/5dd7b4560d0e2d3190e8.svg,Surabaya,https://deo.shopeemobile.com/shopee/modules-federation/live/0/shopee__item-card-standard-v2/0.2.8/pc/e4734dab67ee2f9ebd5a.png,Besok,,4.9,https://deo.shopeemobile.com/shopee/modules-federation/live/0/shopee__item-card-standard-v2/0.2.8/pc/0614b8f0a8fdde22942d.svg,,,Cicilan,,"Itel 5026 feature phone hp murah garansi resmi it5026
Rp
185.000
Cicilan
4.9
49 Terjual
Besok
Surabaya",https://shopee.co.id/Itel-5026-feature-phone-hp-murah-garansi-resmi-it5026-i.691632493.16456894666?extraParams=%7B%22display_model_id%22%3A144053625148%2C%22model_selection_logic%22%3A3%7D&sp_atk=dd511b88-b90c-4b79-a705-a9aae07bb79c&xptdk=dd511b88-b90c-4b79-a705-a9aae07bb79c,,https://deo.shopeemobile.com/shopee/modules-federation/live/0/shopee__item-card-standard-v2/0.2.8/pc/d7099d3fd1dfdaf705ab.svg,
https://down-id.img.susercontent.com/file/id-11134207-8224z-mke0qerbspold5,https://down-id.img.susercontent.com/file/id-11134258-822ws-mnciva8io4qu2f,ITEL A100C 4GB/64GB [Unisoc T7100] 5000mAh,Rp,1.364.000,https://deo.shopeemobile.com/shopee/modules-federation/live/0/shopee__item-card-standard-v2/0.2.8/pc/76dff349290d20891fc1.svg,19 Terjual,https://deo.shopeemobile.com/shopee/modules-federation/live/0/shopee__item-card-standard-v2/0.2.8/pc/5dd7b4560d0e2d3190e8.svg,Jakarta Timur,https://deo.shopeemobile.com/shopee/modules-federation/live/0/shopee__item-card-standard-v2/0.2.8/pc/e4734dab67ee2f9ebd5a.png,,,4.9,,,-1%,,https://deo.shopeemobile.com/shopee/modules-federation/live/0/shopee__item-card-standard-v2/0.2.8/pc/b4d1b8a78b3621dbdf4a.svg,"ITEL A100C 4GB/64GB [Unisoc T7100] 5000mAh
Rp
1.364.000
-1%
4.9
19 Terjual
2-4 Hari
Jakarta Timur",https://shopee.co.id/ITEL-A100C-4GB-64GB-Unisoc-T7100-5000mAh-i.291375862.24090312601?extraParams=%7B%22display_model_id%22%3A215777183070%2C%22model_selection_logic%22%3A3%7D&sp_atk=d5f8f132-68a8-40a8-b92d-2371bee9def1&xptdk=d5f8f132-68a8-40a8-b92d-2371bee9def1,,https://deo.shopeemobile.com/shopee/modules-federation/live/0/shopee__item-card-standard-v2/0.2.8/pc/d7099d3fd1dfdaf705ab.svg,
https://down-id.img.susercontent.com/file/id-11134207-81ztd-mfqeu2gxzmz342,https://down-id.img.susercontent.com/file/id-11134258-822wr-mlx5y0tebegw04,iTel P70 Ram 4GB Rom 128GB Segel Original & Bergaransi Resmi,Rp,1.461.751,https://deo.shopeemobile.com/shopee/modules-federation/live/0/shopee__item-card-standard-v2/0.2.8/pc/76dff349290d20891fc1.svg,6 Terjual,https://deo.shopeemobile.com/shopee/modules-federation/live/0/shopee__item-card-standard-v2/0.2.8/pc/5dd7b4560d0e2d3190e8.svg,Surabaya,https://deo.shopeemobile.com/shopee/modules-federation/live/0/shopee__item-card-standard-v2/0.2.8/pc/e4734dab67ee2f9ebd5a.png,,,5.0,,,-19%,,,"iTel P70 Ram 4GB Rom 128GB Segel Original & Bergaransi Resmi
Rp
1.461.751
-19%
5.0
6 Terjual
1-3 Hari
Surabaya",https://shopee.co.id/iTel-P70-Ram-4GB-Rom-128GB-Segel-Original-Bergaransi-Resmi-i.233982802.44223784764?extraParams=%7B%22display_model_id%22%3A286933090008%2C%22model_selection_logic%22%3A3%7D&sp_atk=e8e1b41e-a7c9-4506-aa39-a2f11a313b5a&xptdk=e8e1b41e-a7c9-4506-aa39-a2f11a313b5a,,https://deo.shopeemobile.com/shopee/modules-federation/live/0/shopee__item-card-standard-v2/0.2.8/pc/d7099d3fd1dfdaf705ab.svg,
https://down-id.img.susercontent.com/file/id-11134207-822wh-mn2ectqftog232,https://down-id.img.susercontent.com/file/id-11134258-7r98w-lyezzaurybot13,Handphone Itel S26 Super 26 Ultra Ram 8 128 GB,Rp,2.250.000,https://deo.shopeemobile.com/shopee/modules-federation/live/0/shopee__item-card-standard-v2/0.2.8/pc/38e203dc86172a6c6560.svg,< 2 Hari,https://deo.shopeemobile.com/shopee/modules-federation/live/0/shopee__item-card-standard-v2/0.2.8/pc/5dd7b4560d0e2d3190e8.svg,Tangerang,https://deo.shopeemobile.com/shopee/modules-federation/live/0/shopee__item-card-standard-v2/0.2.8/pc/a425c915798471b33e5d.png,< 2 Hari,,,https://deo.shopeemobile.com/shopee/modules-federation/live/0/shopee__item-card-standard-v2/0.2.8/pc/0614b8f0a8fdde22942d.svg,,,,,"Handphone Itel S26 Super 26 Ultra Ram 8 128 GB
Rp
2.250.000
< 2 Hari
Tangerang",https://shopee.co.id/Handphone-Itel-S26-Super-26-Ultra-Ram-8-128-GB-i.1170410584.52858856113?extraParams=%7B%22display_model_id%22%3A238272128452%2C%22model_selection_logic%22%3A3%7D&sp_atk=0632c50b-4c30-45fc-9c35-6d9e7fa4726b&xptdk=0632c50b-4c30-45fc-9c35-6d9e7fa4726b,,https://deo.shopeemobile.com/shopee/modules-federation/live/0/shopee__item-card-standard-v2/0.2.8/pc/0614b8f0a8fdde22942d.svg,
https://down-id.img.susercontent.com/file/id-11134207-8224q-miubq4l015vr10,https://down-id.img.susercontent.com/file/id-11134258-822ws-mnciva8io4qu2f,"ITEL A100C [3/64GB ] [4/64GB] - Unisoc T7100 Octa-core, 5000mAh - itel A100 C  - A 100C Garansi Resmi",Rp,1.379.900,https://deo.shopeemobile.com/shopee/modules-federation/live/0/shopee__item-card-standard-v2/0.2.8/pc/38e203dc86172a6c6560.svg,48 Terjual,https://deo.shopeemobile.com/shopee/modules-federation/live/0/shopee__item-card-standard-v2/0.2.8/pc/5dd7b4560d0e2d3190e8.svg,Jakarta Barat,https://deo.shopeemobile.com/shopee/modules-federation/live/0/shopee__item-card-standard-v2/0.2.8/pc/e4734dab67ee2f9ebd5a.png,< 2 Hari,,5.0,https://deo.shopeemobile.com/shopee/modules-federation/live/0/shopee__item-card-standard-v2/0.2.8/pc/0614b8f0a8fdde22942d.svg,,-8%,Produk Baru,,"ITEL A100C [3/64GB ] [4/64GB] - Unisoc T7100 Octa-core, 5000mAh - itel A100 C - A 100C Garansi Resmi
Rp
1.379.900
-8%
Produk Baru
5.0
48 Terjual
< 2 Hari
Jakarta Barat",https://shopee.co.id/ITEL-A100C-3-64GB-4-64GB-Unisoc-T7100-Octa-core-5000mAh-itel-A100-C-A-100C-Garansi-Resmi-i.191032679.46403921025?extraParams=%7B%22display_model_id%22%3A310538223590%2C%22model_selection_logic%22%3A3%7D&sp_atk=f5da66c1-aaf8-42a1-aa93-f9af06943aa3&xptdk=f5da66c1-aaf8-42a1-aa93-f9af06943aa3,,https://deo.shopeemobile.com/shopee/modules-federation/live/0/shopee__item-card-standard-v2/0.2.8/pc/d7099d3fd1dfdaf705ab.svg,
https://down-id.img.susercontent.com/file/id-11134207-822wg-mlfzr5oekruo4a,https://down-id.img.susercontent.com/file/id-11134258-822ws-mnciva8io4qu2f,"ITEL A100C 4GB 64GB - Layar 6.6"" 90Hz - Military-Grade UltraLink Free Call 5000mAh Battery",Rp,1.368.000,https://deo.shopeemobile.com/shopee/modules-federation/live/0/shopee__item-card-standard-v2/0.2.8/pc/38e203dc86172a6c6560.svg,191 Terjual,https://deo.shopeemobile.com/shopee/modules-federation/live/0/shopee__item-card-standard-v2/0.2.8/pc/5dd7b4560d0e2d3190e8.svg,Jakarta Utara,https://deo.shopeemobile.com/shopee/modules-federation/live/0/shopee__item-card-standard-v2/0.2.8/pc/7c9110f78e069acbced7.png,< 2 Hari,,5.0,https://deo.shopeemobile.com/shopee/modules-federation/live/0/shopee__item-card-standard-v2/0.2.8/pc/0614b8f0a8fdde22942d.svg,,-2%,,https://deo.shopeemobile.com/shopee/modules-federation/live/0/shopee__item-card-standard-v2/0.2.8/pc/b4d1b8a78b3621dbdf4a.svg,"ITEL A100C 4GB 64GB - Layar 6.6"" 90Hz - Military-Grade UltraLink Free Call 5000mAh Battery
Rp
1.368.000
-2%
5.0
191 Terjual
< 2 Hari
Jakarta Utara",https://shopee.co.id/ITEL-A100C-4GB-64GB-Layar-6.6-90Hz-Military-Grade-UltraLink-Free-Call-5000mAh-Battery-i.250649369.25786037013?extraParams=%7B%22display_model_id%22%3A370609444966%2C%22model_selection_logic%22%3A3%7D&sp_atk=05936045-53f4-4933-80f5-56ce5f61230a&xptdk=05936045-53f4-4933-80f5-56ce5f61230a,,https://deo.shopeemobile.com/shopee/modules-federation/live/0/shopee__item-card-standard-v2/0.2.8/pc/d7099d3fd1dfdaf705ab.svg,
https://down-id.img.susercontent.com/file/id-11134207-82250-mj9gc1dfsdtw19,https://down-id.img.susercontent.com/file/id-11134258-8224v-mkvw0cu9r7k1a5,ITEL A100C RAM 3/64GB 4G,Rp,1.280.000,https://deo.shopeemobile.com/shopee/modules-federation/live/0/shopee__item-card-standard-v2/0.2.8/pc/76dff349290d20891fc1.svg,3 Terjual,https://deo.shopeemobile.com/shopee/modules-federation/live/0/shopee__item-card-standard-v2/0.2.8/pc/5dd7b4560d0e2d3190e8.svg,Samarinda,https://deo.shopeemobile.com/shopee/modules-federation/live/0/shopee__item-card-standard-v2/0.2.8/pc/a425c915798471b33e5d.png,,,5.0,,,-9%,Produk Baru,,"ITEL A100C RAM 3/64GB 4G
Rp
1.280.000
-9%
Produk Baru
5.0
3 Terjual
1-4 Hari
Samarinda",https://shopee.co.id/ITEL-A100C-RAM-3-64GB-4G-i.35541502.46054388548?extraParams=%7B%22display_model_id%22%3A315410852157%2C%22model_selection_logic%22%3A3%7D&sp_atk=6008f5a6-d109-42e3-b3be-1d44e5d859af&xptdk=6008f5a6-d109-42e3-b3be-1d44e5d859af,,https://deo.shopeemobile.com/shopee/modules-federation/live/0/shopee__item-card-standard-v2/0.2.8/pc/d7099d3fd1dfdaf705ab.svg,
https://down-id.img.susercontent.com/file/id-11134207-7rask-m2hh970gbl9e42,https://down-id.img.susercontent.com/file/id-11134258-8224v-mkvw0cu9r7k1a5,ITEL P40 RAM 4GB 64GB GARANSI RESMI ITEL INDONESIA,Rp,1.099.000,https://deo.shopeemobile.com/shopee/modules-federation/live/0/shopee__item-card-standard-v2/0.2.8/pc/38e203dc86172a6c6560.svg,< 2 Hari,https://deo.shopeemobile.com/shopee/modules-federation/live/0/shopee__item-card-standard-v2/0.2.8/pc/5dd7b4560d0e2d3190e8.svg,Kab. Tangerang,,< 2 Hari,,,https://deo.shopeemobile.com/shopee/modules-federation/live/0/shopee__item-card-standard-v2/0.2.8/pc/0614b8f0a8fdde22942d.svg,,,,,"ITEL P40 RAM 4GB 64GB GARANSI RESMI ITEL INDONESIA
Rp
1.099.000
< 2 Hari
Kab. Tangerang",https://shopee.co.id/ITEL-P40-RAM-4GB-64GB-GARANSI-RESMI-ITEL-INDONESIA-i.251344613.29867317669?extraParams=%7B%22display_model_id%22%3A168533897046%2C%22model_selection_logic%22%3A3%7D&sp_atk=317ba3d8-309e-4ea6-bf29-0efc690c70a4&xptdk=317ba3d8-309e-4ea6-bf29-0efc690c70a4,,https://deo.shopeemobile.com/shopee/modules-federation/live/0/shopee__item-card-standard-v2/0.2.8/pc/0614b8f0a8fdde22942d.svg,
https://down-id.img.susercontent.com/file/id-11134207-822wj-mmtv4db7gj5wc0,https://down-id.img.susercontent.com/file/id-11134258-8224v-mkvw0cu9r7k1a5,Era 2000 - ITEL A100C 4GB/64GB,Rp,1.444.000,https://deo.shopeemobile.com/shopee/modules-federation/live/0/shopee__item-card-standard-v2/0.2.8/pc/38e203dc86172a6c6560.svg,1 Terjual,https://deo.shopeemobile.com/shopee/modules-federation/live/0/shopee__item-card-standard-v2/0.2.8/pc/5dd7b4560d0e2d3190e8.svg,Bandung,https://deo.shopeemobile.com/shopee/modules-federation/live/0/shopee__item-card-standard-v2/0.2.8/pc/7c9110f78e069acbced7.png,< 2 Hari,,5.0,https://deo.shopeemobile.com/shopee/modules-federation/live/0/shopee__item-card-standard-v2/0.2.8/pc/0614b8f0a8fdde22942d.svg,,-44%,Kombo Hemat,,"Era 2000 - ITEL A100C 4GB/64GB
Rp
1.444.000
-44%
Kombo Hemat
5.0
1 Terjual
< 2 Hari
Bandung",https://shopee.co.id/Era-2000-ITEL-A100C-4GB-64GB-i.95126305.28994560834?extraParams=%7B%22display_model_id%22%3A345751394201%2C%22model_selection_logic%22%3A3%7D&sp_atk=94a02fc4-502a-4ebe-97c1-f437dacd7395&xptdk=94a02fc4-502a-4ebe-97c1-f437dacd7395,,https://deo.shopeemobile.com/shopee/modules-federation/live/0/shopee__item-card-standard-v2/0.2.8/pc/d7099d3fd1dfdaf705ab.svg,
https://down-id.img.susercontent.com/file/id-11134207-822wh-mmeh42o0pzig61,https://down-id.img.susercontent.com/file/id-11134258-7r98w-lyezzaurybot13,HP Itel city 100 mulus plus case dan anti gores 2,Rp,1.300.000,https://deo.shopeemobile.com/shopee/modules-federation/live/0/shopee__item-card-standard-v2/0.2.8/pc/38e203dc86172a6c6560.svg,< 2 Hari,https://deo.shopeemobile.com/shopee/modules-federation/live/0/shopee__item-card-standard-v2/0.2.8/pc/5dd7b4560d0e2d3190e8.svg,Bogor,,< 2 Hari,,,https://deo.shopeemobile.com/shopee/modules-federation/live/0/shopee__item-card-standard-v2/0.2.8/pc/0614b8f0a8fdde22942d.svg,https://deo.shopeemobile.com/shopee/modules-federation/live/0/shopee__item-card-standard-v2/0.2.8/pc/d2a1900a0267d45fd0f5.png,,,,"HP Itel city 100 mulus plus case dan anti gores 2
Rp
1.300.000
< 2 Hari
Bogor",https://shopee.co.id/HP-Itel-city-100-mulus-plus-case-dan-anti-gores-2-i.11709855.40779615300?extraParams=%7B%22display_model_id%22%3A375702690546%2C%22model_selection_logic%22%3A3%7D&sp_atk=fcb7a50a-393b-4cd7-aa5f-970961f83de8&xptdk=fcb7a50a-393b-4cd7-aa5f-970961f83de8,,https://deo.shopeemobile.com/shopee/modules-federation/live/0/shopee__item-card-standard-v2/0.2.8/pc/0614b8f0a8fdde22942d.svg,
https://down-id.img.susercontent.com/file/id-11134207-81ztf-mdzr5x0u6tc2c5,https://down-id.img.susercontent.com/file/id-11134258-822wr-mlx5y0tebegw04,iTel P55 5G Ram 6GB Rom 128GB,Rp,1.498.650,https://deo.shopeemobile.com/shopee/modules-federation/live/0/shopee__item-card-standard-v2/0.2.8/pc/76dff349290d20891fc1.svg,1 Terjual,https://deo.shopeemobile.com/shopee/modules-federation/live/0/shopee__item-card-standard-v2/0.2.8/pc/5dd7b4560d0e2d3190e8.svg,Surabaya,https://deo.shopeemobile.com/shopee/modules-federation/live/0/shopee__item-card-standard-v2/0.2.8/pc/a425c915798471b33e5d.png,,,,,,-21%,,,"iTel P55 5G Ram 6GB Rom 128GB
Rp
1.498.650
-21%
1 Terjual
1-3 Hari
Surabaya",https://shopee.co.id/iTel-P55-5G-Ram-6GB-Rom-128GB-i.1570248701.40615695085?extraParams=%7B%22display_model_id%22%3A286292330124%2C%22model_selection_logic%22%3A3%7D&sp_atk=23280024-ce03-4375-9e83-6618852ff027&xptdk=23280024-ce03-4375-9e83-6618852ff027,,,
https://down-id.img.susercontent.com/file/id-11134207-7rbk8-m7mwcpugpi8ga9,https://down-id.img.susercontent.com/file/id-11134258-822ws-mnciva8io4qu2f,Itel P70 RAM 8/128GB Power 70 RAM 8/128GB Garansi Resmi,Rp,1.741.000,https://deo.shopeemobile.com/shopee/modules-federation/live/0/shopee__item-card-standard-v2/0.2.8/pc/76dff349290d20891fc1.svg,32 Terjual,https://deo.shopeemobile.com/shopee/modules-federation/live/0/shopee__item-card-standard-v2/0.2.8/pc/5dd7b4560d0e2d3190e8.svg,Tangerang,https://deo.shopeemobile.com/shopee/modules-federation/live/0/shopee__item-card-standard-v2/0.2.8/pc/7c9110f78e069acbced7.png,,,4.8,,,,,,"Itel P70 RAM 8/128GB Power 70 RAM 8/128GB Garansi Resmi
Rp
1.741.000
4.8
32 Terjual
2-3 Hari
Tangerang",https://shopee.co.id/Itel-P70-RAM-8-128GB-Power-70-RAM-8-128GB-Garansi-Resmi-i.228771622.28629940863?extraParams=%7B%22display_model_id%22%3A405388199499%2C%22model_selection_logic%22%3A3%7D&sp_atk=26395263-024c-4b73-b977-713ed91bb63d&xptdk=26395263-024c-4b73-b977-713ed91bb63d,,https://deo.shopeemobile.com/shopee/modules-federation/live/0/shopee__item-card-standard-v2/0.2.8/pc/d7099d3fd1dfdaf705ab.svg,
https://down-id.img.susercontent.com/file/id-11134207-822wr-mnbayymquuiob9,https://down-id.img.susercontent.com/file/id-11134258-822ws-mnciva8io4qu2f,Itel S26 Ultra 8GB 256GB Garansi Resmi Indonesia,Rp,2.789.000,https://deo.shopeemobile.com/shopee/modules-federation/live/0/shopee__item-card-standard-v2/0.2.8/pc/76dff349290d20891fc1.svg,21 Terjual,https://deo.shopeemobile.com/shopee/modules-federation/live/0/shopee__item-card-standard-v2/0.2.8/pc/5dd7b4560d0e2d3190e8.svg,Tangerang,https://deo.shopeemobile.com/shopee/modules-federation/live/0/shopee__item-card-standard-v2/0.2.8/pc/a425c915798471b33e5d.png,,,5.0,,https://deo.shopeemobile.com/shopee/modules-federation/live/0/shopee__item-card-standard-v2/0.2.8/pc/d2a1900a0267d45fd0f5.png,,,,"Itel S26 Ultra 8GB 256GB Garansi Resmi Indonesia
Rp
2.789.000
5.0
21 Terjual
2-4 Hari
Tangerang",https://shopee.co.id/Itel-S26-Ultra-8GB-256GB-Garansi-Resmi-Indonesia-i.755249536.28972596369?extraParams=%7B%22display_model_id%22%3A415818189223%2C%22model_selection_logic%22%3A3%7D&sp_atk=f42f3e0c-0fc5-472c-bd36-0d52f2c37160&xptdk=f42f3e0c-0fc5-472c-bd36-0d52f2c37160,,https://deo.shopeemobile.com/shopee/modules-federation/live/0/shopee__item-card-standard-v2/0.2.8/pc/d7099d3fd1dfdaf705ab.svg,
https://down-id.img.susercontent.com/file/sg-11134201-81zv7-mir61weujl6u37,https://down-id.img.susercontent.com/file/id-11134258-8224v-mkvw0cu9r7k1a5,Itel A100C [4GB+64GB] - Garansi Resmi 1 Tahun,Rp,1.309.000,https://deo.shopeemobile.com/shopee/modules-federation/live/0/shopee__item-card-standard-v2/0.2.8/pc/38e203dc86172a6c6560.svg,251 Terjual,https://deo.shopeemobile.com/shopee/modules-federation/live/0/shopee__item-card-standard-v2/0.2.8/pc/5dd7b4560d0e2d3190e8.svg,Jakarta Pusat,https://deo.shopeemobile.com/shopee/modules-federation/live/0/shopee__item-card-standard-v2/0.2.8/pc/a425c915798471b33e5d.png,< 2 Hari,,5.0,https://deo.shopeemobile.com/shopee/modules-federation/live/0/shopee__item-card-standard-v2/0.2.8/pc/0614b8f0a8fdde22942d.svg,,-35%,Produk Baru,,"Itel A100C [4GB+64GB] - Garansi Resmi 1 Tahun
Rp
1.309.000
-35%
Produk Baru
5.0
251 Terjual
< 2 Hari
Jakarta Pusat",https://shopee.co.id/Itel-A100C-4GB-64GB-Garansi-Resmi-1-Tahun-i.1336070151.53203809860?extraParams=%7B%22display_model_id%22%3A340569762617%2C%22model_selection_logic%22%3A3%7D&sp_atk=4b5f6e25-9de3-42f8-9d4e-6299411b310f&xptdk=4b5f6e25-9de3-42f8-9d4e-6299411b310f,,https://deo.shopeemobile.com/shopee/modules-federation/live/0/shopee__item-card-standard-v2/0.2.8/pc/d7099d3fd1dfdaf705ab.svg,
https://down-id.img.susercontent.com/file/id-11134207-7ras9-m29483sk8uwk13,https://down-id.img.susercontent.com/file/id-11134258-8224v-mkvw0cu9r7k1a5,HP ITEL S23 plus 8/256gb Bergaransi resmi free gift,Rp,1.876.000,https://deo.shopeemobile.com/shopee/modules-federation/live/0/shopee__item-card-standard-v2/0.2.8/pc/76dff349290d20891fc1.svg,6 Terjual,https://deo.shopeemobile.com/shopee/modules-federation/live/0/shopee__item-card-standard-v2/0.2.8/pc/5dd7b4560d0e2d3190e8.svg,Jakarta Barat,,,,3.8,,https://deo.shopeemobile.com/shopee/modules-federation/live/0/shopee__item-card-standard-v2/0.2.8/pc/d2a1900a0267d45fd0f5.png,,,,"HP ITEL S23 plus 8/256gb Bergaransi resmi free gift
Rp
1.876.000
3.8
6 Terjual
2-5 Hari
Jakarta Barat",https://shopee.co.id/HP-ITEL-S23-plus-8-256gb-Bergaransi-resmi-free-gift-i.268701180.27416702061?extraParams=%7B%22display_model_id%22%3A147540224178%2C%22model_selection_logic%22%3A3%7D&sp_atk=92aa20e2-8759-4241-af14-729940e08c63&xptdk=92aa20e2-8759-4241-af14-729940e08c63,,https://deo.shopeemobile.com/shopee/modules-federation/live/0/shopee__item-card-standard-v2/0.2.8/pc/d7099d3fd1dfdaf705ab.svg,
https://down-id.img.susercontent.com/file/id-11134207-8224r-mk0n0w6h6bcy8f,https://down-id.img.susercontent.com/file/id-11134258-8224v-mkvw0cu9r7k1a5,NEW ITEL CITY 200 4-128 | NON REPACK BNIB (RESMI),Rp,1.738.000,https://deo.shopeemobile.com/shopee/modules-federation/live/0/shopee__item-card-standard-v2/0.2.8/pc/76dff349290d20891fc1.svg,1 Terjual,https://deo.shopeemobile.com/shopee/modules-federation/live/0/shopee__item-card-standard-v2/0.2.8/pc/5dd7b4560d0e2d3190e8.svg,Kab. Indramayu,https://deo.shopeemobile.com/shopee/modules-federation/live/0/shopee__item-card-standard-v2/0.2.8/pc/a425c915798471b33e5d.png,,,5.0,,,,,,"NEW ITEL CITY 200 4-128 | NON REPACK BNIB (RESMI)
Rp
1.738.000
5.0
1 Terjual
2-4 Hari
Kab. Indramayu",https://shopee.co.id/NEW-ITEL-CITY-200-4-128-NON-REPACK-BNIB-(RESMI)-i.34727920.27272060073?extraParams=%7B%22display_model_id%22%3A320498221481%2C%22model_selection_logic%22%3A3%7D&sp_atk=38fe4f2c-c6ce-406d-809c-d29538442822&xptdk=38fe4f2c-c6ce-406d-809c-d29538442822,,https://deo.shopeemobile.com/shopee/modules-federation/live/0/shopee__item-card-standard-v2/0.2.8/pc/d7099d3fd1dfdaf705ab.svg,
https://down-id.img.susercontent.com/file/id-11134207-7rbk1-m7ukaee1s56f4c,,ITEL A50 3/64 GB 4/64GB GARANSI RESMI ITEL INDONESIA,Rp,919.000,https://deo.shopeemobile.com/shopee/modules-federation/live/0/shopee__item-card-standard-v2/0.2.8/pc/76dff349290d20891fc1.svg,3-6 Hari,https://deo.shopeemobile.com/shopee/modules-federation/live/0/shopee__item-card-standard-v2/0.2.8/pc/5dd7b4560d0e2d3190e8.svg,Tangerang Selatan,,,,,,,,,,"ITEL A50 3/64 GB 4/64GB GARANSI RESMI ITEL INDONESIA
Rp
919.000
3-6 Hari
Tangerang Selatan",https://shopee.co.id/ITEL-A50-3-64-GB-4-64GB-GARANSI-RESMI-ITEL-INDONESIA-i.1471321499.25291247460?extraParams=%7B%22display_model_id%22%3A168702637863%2C%22model_selection_logic%22%3A3%7D&sp_atk=efa65872-5027-45f8-8e5b-bd714253b934&xptdk=efa65872-5027-45f8-8e5b-bd714253b934,,,
https://down-id.img.susercontent.com/file/id-11134207-8224p-mkz2qhyctp1fd7,https://down-id.img.susercontent.com/file/id-11134258-822ws-mnciva8io4qu2f,"[BOX, CHARGER, SCREEN] HANDPHONE ITEL A100C 4GB 64GB TITANIUM GOLD",Rp,1.369.000,https://deo.shopeemobile.com/shopee/modules-federation/live/0/shopee__item-card-standard-v2/0.2.8/pc/38e203dc86172a6c6560.svg,80 Terjual,https://deo.shopeemobile.com/shopee/modules-federation/live/0/shopee__item-card-standard-v2/0.2.8/pc/5dd7b4560d0e2d3190e8.svg,Surabaya,,Hari Ini 12:00,,5.0,https://deo.shopeemobile.com/shopee/modules-federation/live/0/shopee__item-card-standard-v2/0.2.8/pc/0614b8f0a8fdde22942d.svg,https://deo.shopeemobile.com/shopee/modules-federation/live/0/shopee__item-card-standard-v2/0.2.8/pc/d2a1900a0267d45fd0f5.png,,,,"[BOX, CHARGER, SCREEN] HANDPHONE ITEL A100C 4GB 64GB TITANIUM GOLD
Rp
1.369.000
5.0
80 Terjual
Hari Ini 12:00
Surabaya",https://shopee.co.id/-BOX-CHARGER-SCREEN-HANDPHONE-ITEL-A100C-4GB-64GB-TITANIUM-GOLD-i.1471988966.42378818672?extraParams=%7B%22display_model_id%22%3A420791046260%2C%22model_selection_logic%22%3A3%7D&sp_atk=aaa1893a-c30f-4a90-913b-2f3cfcbdbbc2&xptdk=aaa1893a-c30f-4a90-913b-2f3cfcbdbbc2,,https://deo.shopeemobile.com/shopee/modules-federation/live/0/shopee__item-card-standard-v2/0.2.8/pc/d7099d3fd1dfdaf705ab.svg,
https://down-id.img.susercontent.com/file/5c21166230567089b8635590db94480f,https://down-id.img.susercontent.com/file/id-11134258-8224v-mkvw0cu9r7k1a5,ITEL IT5026 Featured Phone,Rp,205.000,https://deo.shopeemobile.com/shopee/modules-federation/live/0/shopee__item-card-standard-v2/0.2.8/pc/76dff349290d20891fc1.svg,525 Terjual,https://deo.shopeemobile.com/shopee/modules-federation/live/0/shopee__item-card-standard-v2/0.2.8/pc/5dd7b4560d0e2d3190e8.svg,Jakarta Utara,https://deo.shopeemobile.com/shopee/modules-federation/live/0/shopee__item-card-standard-v2/0.2.8/pc/7c9110f78e069acbced7.png,,,4.9,,https://deo.shopeemobile.com/shopee/modules-federation/live/0/shopee__item-card-standard-v2/0.2.8/pc/d2a1900a0267d45fd0f5.png,-31%,,,"ITEL IT5026 Featured Phone
Rp
205.000
-31%
4.9
525 Terjual
2-5 Hari
Jakarta Utara",https://shopee.co.id/ITEL-IT5026-Featured-Phone-i.21756668.11291182156?extraParams=%7B%22display_model_id%22%3A171346310454%2C%22model_selection_logic%22%3A3%7D&sp_atk=6f9f88db-de9b-4fa1-92b7-5feceb7dd017&xptdk=6f9f88db-de9b-4fa1-92b7-5feceb7dd017,,https://deo.shopeemobile.com/shopee/modules-federation/live/0/shopee__item-card-standard-v2/0.2.8/pc/d7099d3fd1dfdaf705ab.svg,
https://down-id.img.susercontent.com/file/id-11134207-7r98q-lxky1h10tkwu41,https://down-id.img.susercontent.com/file/id-11134258-822wr-mlx67rtd6r602f,LCD TOUCHSCREEN ITEL P55 4G/P55 NFC/KJ5/A666LN/S23 PLUS/BG6M/BG6H/BG6i/BG7/POP8/SPARK GO 2024/S18 PRO/POWER 50/P663L/P55T/P665L/S24/PHILIPS S6310/S6210 ORIGINAL,Rp,105.840,https://deo.shopeemobile.com/shopee/modules-federation/live/0/shopee__item-card-standard-v2/0.2.8/pc/38e203dc86172a6c6560.svg,1RB+ Terjual,https://deo.shopeemobile.com/shopee/modules-federation/live/0/shopee__item-card-standard-v2/0.2.8/pc/5dd7b4560d0e2d3190e8.svg,Jakarta Pusat,https://deo.shopeemobile.com/shopee/modules-federation/live/0/shopee__item-card-standard-v2/0.2.8/pc/e4734dab67ee2f9ebd5a.png,< 2 Hari,,4.7,https://deo.shopeemobile.com/shopee/modules-federation/live/0/shopee__item-card-standard-v2/0.2.8/pc/0614b8f0a8fdde22942d.svg,https://deo.shopeemobile.com/shopee/modules-federation/live/0/shopee__item-card-standard-v2/0.2.8/pc/d2a1900a0267d45fd0f5.png,-2%,,,"LCD TOUCHSCREEN ITEL P55 4G/P55 NFC/KJ5/A666LN/S23 PLUS/BG6M/BG6H/BG6i/BG7/POP8/SPARK GO 2024/S18 PRO/POWER 50/P663L/P55T/P665L/S24/PHILIPS S6310/S6210 ORIGINAL
Rp
105.840
-2%
4.7
1RB+ Terjual
< 2 Hari
Jakarta Pusat",https://shopee.co.id/LCD-TOUCHSCREEN-ITEL-P55-4G-P55-NFC-KJ5-A666LN-S23-PLUS-BG6M-BG6H-BG6i-BG7-POP8-SPARK-GO-2024-S18-PRO-POWER-50-P663L-P55T-P665L-S24-PHILIPS-S6310-S6210-ORIGINAL-i.296189903.25281940704?extraParams=%7B%22display_model_id%22%3A272134063711%2C%22model_selection_logic%22%3A3%7D&sp_atk=431940e6-3850-46e3-9ab2-769d35a2138d&xptdk=431940e6-3850-46e3-9ab2-769d35a2138d,,https://deo.shopeemobile.com/shopee/modules-federation/live/0/shopee__item-card-standard-v2/0.2.8/pc/d7099d3fd1dfdaf705ab.svg,
https://down-id.img.susercontent.com/file/id-11134207-7rasm-m3suk8a3wltb6f,https://down-id.img.susercontent.com/file/id-11134258-8224v-mkvw0cu9r7k1a5,ITEL S25 RAM 8+8/128GB 6.78 FHD AMOLED 120HZ RESMI,Rp,2.099.000,https://deo.shopeemobile.com/shopee/modules-federation/live/0/shopee__item-card-standard-v2/0.2.8/pc/38e203dc86172a6c6560.svg,6 Terjual,https://deo.shopeemobile.com/shopee/modules-federation/live/0/shopee__item-card-standard-v2/0.2.8/pc/5dd7b4560d0e2d3190e8.svg,Makassar,https://deo.shopeemobile.com/shopee/modules-federation/live/0/shopee__item-card-standard-v2/0.2.8/pc/e4734dab67ee2f9ebd5a.png,< 2 Hari,,5.0,https://deo.shopeemobile.com/shopee/modules-federation/live/0/shopee__item-card-standard-v2/0.2.8/pc/0614b8f0a8fdde22942d.svg,,,,,"ITEL S25 RAM 8+8/128GB 6.78 FHD AMOLED 120HZ RESMI
Rp
2.099.000
5.0
6 Terjual
< 2 Hari
Makassar",https://shopee.co.id/ITEL-S25-RAM-8-8-128GB-6.78-FHD-AMOLED-120HZ-RESMI-i.26568538.26120723983?extraParams=%7B%22display_model_id%22%3A237153383211%2C%22model_selection_logic%22%3A3%7D&sp_atk=c8c8f323-ac59-4603-9b41-885019da2f5f&xptdk=c8c8f323-ac59-4603-9b41-885019da2f5f,,https://deo.shopeemobile.com/shopee/modules-federation/live/0/shopee__item-card-standard-v2/0.2.8/pc/d7099d3fd1dfdaf705ab.svg,
https://down-id.img.susercontent.com/file/id-11134207-8224u-mg4uukngrdah00,https://down-id.img.susercontent.com/file/id-11134258-822wr-mlx67rtd6r602f,ITEL P55 4G 8/256 GARANSI 1 TAHUN,Rp,1.825.000,https://deo.shopeemobile.com/shopee/modules-federation/live/0/shopee__item-card-standard-v2/0.2.8/pc/76dff349290d20891fc1.svg,2 Terjual,https://deo.shopeemobile.com/shopee/modules-federation/live/0/shopee__item-card-standard-v2/0.2.8/pc/5dd7b4560d0e2d3190e8.svg,Surabaya,https://deo.shopeemobile.com/shopee/modules-federation/live/0/shopee__item-card-standard-v2/0.2.8/pc/e4734dab67ee2f9ebd5a.png,,,5.0,,,,,,"ITEL P55 4G 8/256 GARANSI 1 TAHUN
Rp
1.825.000
5.0
2 Terjual
1-3 Hari
Surabaya",https://shopee.co.id/ITEL-P55-4G-8-256-GARANSI-1-TAHUN-i.7850895.40353031713?extraParams=%7B%22display_model_id%22%3A248477746516%2C%22model_selection_logic%22%3A3%7D&sp_atk=586cd9f5-9ece-43ce-adda-e7f43feea1b4&xptdk=586cd9f5-9ece-43ce-adda-e7f43feea1b4,,https://deo.shopeemobile.com/shopee/modules-federation/live/0/shopee__item-card-standard-v2/0.2.8/pc/d7099d3fd1dfdaf705ab.svg,
https://down-id.img.susercontent.com/file/id-11134207-8224r-mhloi0dhixokf3,https://down-id.img.susercontent.com/file/id-11134258-822wr-mlx5y0tebegw04,Itel City 100 Ram 6 Rom 128GB Segel Original & Bergaransi Resmi,Rp,1.337.970,https://deo.shopeemobile.com/shopee/modules-federation/live/0/shopee__item-card-standard-v2/0.2.8/pc/76dff349290d20891fc1.svg,2-3 Hari,https://deo.shopeemobile.com/shopee/modules-federation/live/0/shopee__item-card-standard-v2/0.2.8/pc/5dd7b4560d0e2d3190e8.svg,Surabaya,,,,,,,-21%,,,"Itel City 100 Ram 6 Rom 128GB Segel Original & Bergaransi Resmi
Rp
1.337.970
-21%
2-3 Hari
Surabaya",https://shopee.co.id/Itel-City-100-Ram-6-Rom-128GB-Segel-Original-Bergaransi-Resmi-i.1568095600.56852262207?extraParams=%7B%22display_model_id%22%3A340219794133%2C%22model_selection_logic%22%3A3%7D&sp_atk=54985c44-4685-41cc-8a1f-210057d9e463&xptdk=54985c44-4685-41cc-8a1f-210057d9e463,,,
https://down-id.img.susercontent.com/file/id-11134207-7rasm-m4zp8x5ntw5y13,https://down-id.img.susercontent.com/file/id-11134258-822wr-mlx5y0tebegw04,iTel A50 Ram 3/64GB I Ram 3/128GB I Ram 4/64GB Segel Original & Bergaransi Resmi,Rp,1.399.000,https://deo.shopeemobile.com/shopee/modules-federation/live/0/shopee__item-card-standard-v2/0.2.8/pc/76dff349290d20891fc1.svg,21 Terjual,https://deo.shopeemobile.com/shopee/modules-federation/live/0/shopee__item-card-standard-v2/0.2.8/pc/5dd7b4560d0e2d3190e8.svg,Surabaya,https://deo.shopeemobile.com/shopee/modules-federation/live/0/shopee__item-card-standard-v2/0.2.8/pc/e4734dab67ee2f9ebd5a.png,,,4.9,,,,,,"iTel A50 Ram 3/64GB I Ram 3/128GB I Ram 4/64GB Segel Original & Bergaransi Resmi
Rp
1.399.000
4.9
21 Terjual
1-3 Hari
Surabaya",https://shopee.co.id/iTel-A50-Ram-3-64GB-I-Ram-3-128GB-I-Ram-4-64GB-Segel-Original-Bergaransi-Resmi-i.233982802.25840446866?extraParams=%7B%22display_model_id%22%3A305750401950%2C%22model_selection_logic%22%3A3%7D&sp_atk=648daf54-e76c-4c93-8941-af9254e49b5e&xptdk=648daf54-e76c-4c93-8941-af9254e49b5e,,https://deo.shopeemobile.com/shopee/modules-federation/live/0/shopee__item-card-standard-v2/0.2.8/pc/d7099d3fd1dfdaf705ab.svg,
https://down-id.img.susercontent.com/file/id-11134207-822wi-mmyaxa4k8g79ef,https://down-id.img.susercontent.com/file/id-11134258-8224v-mkvw0cu9r7k1a5,ITEL S25 8/128 GB GARANSI RESMI,Rp,2.199.000,https://deo.shopeemobile.com/shopee/modules-federation/live/0/shopee__item-card-standard-v2/0.2.8/pc/76dff349290d20891fc1.svg,3 Terjual,https://deo.shopeemobile.com/shopee/modules-federation/live/0/shopee__item-card-standard-v2/0.2.8/pc/5dd7b4560d0e2d3190e8.svg,Samarinda,https://deo.shopeemobile.com/shopee/modules-federation/live/0/shopee__item-card-standard-v2/0.2.8/pc/e4734dab67ee2f9ebd5a.png,,,5.0,,,-12%,,,"ITEL S25 8/128 GB GARANSI RESMI
Rp
2.199.000
-12%
5.0
3 Terjual
1-4 Hari
Samarinda",https://shopee.co.id/ITEL-S25-8-128-GB-GARANSI-RESMI-i.1159910408.26673973408?extraParams=%7B%22display_model_id%22%3A218744405309%2C%22model_selection_logic%22%3A3%7D&sp_atk=365aec7f-5aa2-4131-9aac-e6b3b272c8dd&xptdk=365aec7f-5aa2-4131-9aac-e6b3b272c8dd,,https://deo.shopeemobile.com/shopee/modules-federation/live/0/shopee__item-card-standard-v2/0.2.8/pc/d7099d3fd1dfdaf705ab.svg,
https://down-id.img.susercontent.com/file/id-11134207-7ra0k-mck75jagbdwn7c,https://down-id.img.susercontent.com/file/id-11134258-8224v-mkvw0cu9r7k1a5,ITEL VISION 1 PRO 2/32 LAYAR BESAR KONDISI NORMAL SIAP PAKAI DAN BERKUALITAS,Rp,520.000,https://deo.shopeemobile.com/shopee/modules-federation/live/0/shopee__item-card-standard-v2/0.2.8/pc/76dff349290d20891fc1.svg,24 Terjual,https://deo.shopeemobile.com/shopee/modules-federation/live/0/shopee__item-card-standard-v2/0.2.8/pc/5dd7b4560d0e2d3190e8.svg,Kab. Kudus,https://deo.shopeemobile.com/shopee/modules-federation/live/0/shopee__item-card-standard-v2/0.2.8/pc/a425c915798471b33e5d.png,,,4.8,,https://deo.shopeemobile.com/shopee/modules-federation/live/0/shopee__item-card-standard-v2/0.2.8/pc/d2a1900a0267d45fd0f5.png,,,,"ITEL VISION 1 PRO 2/32 LAYAR BESAR KONDISI NORMAL SIAP PAKAI DAN BERKUALITAS
Rp
520.000
4.8
24 Terjual
2-5 Hari
Kab. Kudus",https://shopee.co.id/ITEL-VISION-1-PRO-2-32-LAYAR-BESAR-KONDISI-NORMAL-SIAP-PAKAI-DAN-BERKUALITAS-i.333519876.16396079025?extraParams=%7B%22display_model_id%22%3A49350245117%2C%22model_selection_logic%22%3A3%7D&sp_atk=bc5bc9a2-43c8-43b1-933a-a8b4ac95b908&xptdk=bc5bc9a2-43c8-43b1-933a-a8b4ac95b908,,https://deo.shopeemobile.com/shopee/modules-federation/live/0/shopee__item-card-standard-v2/0.2.8/pc/d7099d3fd1dfdaf705ab.svg,
https://down-id.img.susercontent.com/file/id-11134207-8224o-mjicdbxyc1dv3f,https://down-id.img.susercontent.com/file/id-11134258-822ws-mnciva8io4qu2f,"Itel A100C {3/64GB}{4/64GB} Extend 8Gb Memory | Layar 6.6"" 90Hz | Baterai 5000mAh | Military-Grade",Rp,1.369.000,https://deo.shopeemobile.com/shopee/modules-federation/live/0/shopee__item-card-standard-v2/0.2.8/pc/38e203dc86172a6c6560.svg,2 Terjual,https://deo.shopeemobile.com/shopee/modules-federation/live/0/shopee__item-card-standard-v2/0.2.8/pc/5dd7b4560d0e2d3190e8.svg,Jakarta Selatan,https://deo.shopeemobile.com/shopee/modules-federation/live/0/shopee__item-card-standard-v2/0.2.8/pc/e4734dab67ee2f9ebd5a.png,< 2 Hari,,,https://deo.shopeemobile.com/shopee/modules-federation/live/0/shopee__item-card-standard-v2/0.2.8/pc/0614b8f0a8fdde22942d.svg,https://deo.shopeemobile.com/shopee/modules-federation/live/0/shopee__item-card-standard-v2/0.2.8/pc/d2a1900a0267d45fd0f5.png,,,,"Itel A100C {3/64GB}{4/64GB} Extend 8Gb Memory | Layar 6.6"" 90Hz | Baterai 5000mAh | Military-Grade
Rp
1.369.000
2 Terjual
< 2 Hari
Jakarta Selatan",https://shopee.co.id/Itel-A100C-3-64GB-4-64GB-Extend-8Gb-Memory-Layar-6.6-90Hz-Baterai-5000mAh-Military-Grade-i.666954722.52304722143?extraParams=%7B%22display_model_id%22%3A345589970788%2C%22model_selection_logic%22%3A3%7D&sp_atk=579dcef2-ca8e-4985-b956-f6714dba5290&xptdk=579dcef2-ca8e-4985-b956-f6714dba5290,,https://deo.shopeemobile.com/shopee/modules-federation/live/0/shopee__item-card-standard-v2/0.2.8/pc/0614b8f0a8fdde22942d.svg,
https://down-id.img.susercontent.com/file/id-11134201-81ztn-mf961yymi9sb0a,https://down-id.img.susercontent.com/file/id-11134258-8224v-mkvw0cu9r7k1a5,"itel S26 Ultra NFC (8/128GB - 8/256GB) Extended RAM 8GB - Unisoc T7300 - 6.78 inci AMOLED Curve - 50MP Dual Camera - Li-Po 6000mAh, IP65 Waterproof - Gorilla Glass 7i - AI Eraser Garansi Resmi 1 Tahun",Rp,2.799.000,https://deo.shopeemobile.com/shopee/modules-federation/live/0/shopee__item-card-standard-v2/0.2.8/pc/38e203dc86172a6c6560.svg,4 Terjual,https://deo.shopeemobile.com/shopee/modules-federation/live/0/shopee__item-card-standard-v2/0.2.8/pc/5dd7b4560d0e2d3190e8.svg,Kab. Bekasi,https://deo.shopeemobile.com/shopee/modules-federation/live/0/shopee__item-card-standard-v2/0.2.8/pc/e4734dab67ee2f9ebd5a.png,< 2 Hari,,5.0,https://deo.shopeemobile.com/shopee/modules-federation/live/0/shopee__item-card-standard-v2/0.2.8/pc/0614b8f0a8fdde22942d.svg,,,,,"itel S26 Ultra NFC (8/128GB - 8/256GB) Extended RAM 8GB - Unisoc T7300 - 6.78 inci AMOLED Curve - 50MP Dual Camera - Li-Po 6000mAh, IP65 Waterproof - Gorilla Glass 7i - AI Eraser Garansi Resmi 1 Tahun
Rp
2.799.000
5.0
4 Terjual
< 2 Hari
Kab. Bekasi",https://shopee.co.id/itel-S26-Ultra-NFC-(8-128GB-8-256GB)-Extended-RAM-8GB-Unisoc-T7300-6.78-inci-AMOLED-Curve-50MP-Dual-Camera-Li-Po-6000mAh-IP65-Waterproof-Gorilla-Glass-7i-AI-Eraser-Garansi-Resmi-1-Tahun-i.6357391.41222370966?extraParams=%7B%22display_model_id%22%3A271819670950%2C%22model_selection_logic%22%3A3%7D&sp_atk=916bef3a-909c-4c67-8792-e787113ac9e8&xptdk=916bef3a-909c-4c67-8792-e787113ac9e8,,https://deo.shopeemobile.com/shopee/modules-federation/live/0/shopee__item-card-standard-v2/0.2.8/pc/d7099d3fd1dfdaf705ab.svg,
https://down-id.img.susercontent.com/file/id-11134207-7r98w-lulrercf3sbr58,https://down-id.img.susercontent.com/file/id-11134258-8224v-mkvw0cu9r7k1a5,"Itel S23 plus.Ram 8gb, internal 256. Layar lengkung mewah.garansi nominus",Rp,2.100.000,https://deo.shopeemobile.com/shopee/modules-federation/live/0/shopee__item-card-standard-v2/0.2.8/pc/76dff349290d20891fc1.svg,11 Terjual,https://deo.shopeemobile.com/shopee/modules-federation/live/0/shopee__item-card-standard-v2/0.2.8/pc/5dd7b4560d0e2d3190e8.svg,Kab. Karawang,https://deo.shopeemobile.com/shopee/modules-federation/live/0/shopee__item-card-standard-v2/0.2.8/pc/a425c915798471b33e5d.png,,,4.8,,https://deo.shopeemobile.com/shopee/modules-federation/live/0/shopee__item-card-standard-v2/0.2.8/pc/d2a1900a0267d45fd0f5.png,,,,"Itel S23 plus.Ram 8gb, internal 256. Layar lengkung mewah.garansi nominus
Rp
2.100.000
4.8
11 Terjual
3-6 Hari
Kab. Karawang",https://shopee.co.id/Itel-S23-plus.Ram-8gb-internal-256.-Layar-lengkung-mewah.garansi-nominus-i.958183516.20796493133?extraParams=%7B%22display_model_id%22%3A340693753852%2C%22model_selection_logic%22%3A3%7D&sp_atk=f966da66-eb14-4d59-8519-a6f597e94eae&xptdk=f966da66-eb14-4d59-8519-a6f597e94eae,,https://deo.shopeemobile.com/shopee/modules-federation/live/0/shopee__item-card-standard-v2/0.2.8/pc/d7099d3fd1dfdaf705ab.svg,
https://down-id.img.susercontent.com/file/id-11134207-7rbk2-m8ka9g8kl6ul95,https://down-id.img.susercontent.com/file/id-11134258-822wr-mlx5y0tebegw04,iTel P65 Ram 8 Rom 128GB,Rp,1.740.592,https://deo.shopeemobile.com/shopee/modules-federation/live/0/shopee__item-card-standard-v2/0.2.8/pc/76dff349290d20891fc1.svg,9 Terjual,https://deo.shopeemobile.com/shopee/modules-federation/live/0/shopee__item-card-standard-v2/0.2.8/pc/5dd7b4560d0e2d3190e8.svg,Surabaya,https://deo.shopeemobile.com/shopee/modules-federation/live/0/shopee__item-card-standard-v2/0.2.8/pc/e4734dab67ee2f9ebd5a.png,,,5.0,,,-8%,,,"iTel P65 Ram 8 Rom 128GB
Rp
1.740.592
-8%
5.0
9 Terjual
1-3 Hari
Surabaya",https://shopee.co.id/iTel-P65-Ram-8-Rom-128GB-i.433115955.27833381959?extraParams=%7B%22display_model_id%22%3A237680930327%2C%22model_selection_logic%22%3A3%7D&sp_atk=5099a30f-2bf0-4384-963d-3ddcd1cc61ce&xptdk=5099a30f-2bf0-4384-963d-3ddcd1cc61ce,,https://deo.shopeemobile.com/shopee/modules-federation/live/0/shopee__item-card-standard-v2/0.2.8/pc/d7099d3fd1dfdaf705ab.svg,
https://down-id.img.susercontent.com/file/id-11134207-822wp-mlrhemjl82kgd1,https://down-id.img.susercontent.com/file/id-11134258-8224v-mkvw0cu9r7k1a5,ITEL CITY 200 RAM 4/128GB GARANSI RESMI,Rp,1.700.000,https://deo.shopeemobile.com/shopee/modules-federation/live/0/shopee__item-card-standard-v2/0.2.8/pc/76dff349290d20891fc1.svg,2 Terjual,https://deo.shopeemobile.com/shopee/modules-federation/live/0/shopee__item-card-standard-v2/0.2.8/pc/5dd7b4560d0e2d3190e8.svg,Samarinda,https://deo.shopeemobile.com/shopee/modules-federation/live/0/shopee__item-card-standard-v2/0.2.8/pc/a425c915798471b33e5d.png,,,5.0,,,-15%,,,"ITEL CITY 200 RAM 4/128GB GARANSI RESMI
Rp
1.700.000
-15%
5.0
2 Terjual
1-4 Hari
Samarinda",https://shopee.co.id/ITEL-CITY-200-RAM-4-128GB-GARANSI-RESMI-i.35541502.50854683187?extraParams=%7B%22display_model_id%22%3A360435569869%2C%22model_selection_logic%22%3A3%7D&sp_atk=13ed8839-45c5-48a1-97f6-a6d094efe9e0&xptdk=13ed8839-45c5-48a1-97f6-a6d094efe9e0,,https://deo.shopeemobile.com/shopee/modules-federation/live/0/shopee__item-card-standard-v2/0.2.8/pc/d7099d3fd1dfdaf705ab.svg,
https://down-id.img.susercontent.com/file/id-11134207-7rbk6-madnj1b3h9x431,https://down-id.img.susercontent.com/file/id-11134258-822wr-mlx5y0tebegw04,HP GSM ITEL CITY 100 4+128GB / 8+128GB Garansi Resmi + Segel,Rp,1.764.000,https://deo.shopeemobile.com/shopee/modules-federation/live/0/shopee__item-card-standard-v2/0.2.8/pc/38e203dc86172a6c6560.svg,36 Terjual,https://deo.shopeemobile.com/shopee/modules-federation/live/0/shopee__item-card-standard-v2/0.2.8/pc/5dd7b4560d0e2d3190e8.svg,Denpasar,https://deo.shopeemobile.com/shopee/modules-federation/live/0/shopee__item-card-standard-v2/0.2.8/pc/e4734dab67ee2f9ebd5a.png,< 2 Hari,,5.0,https://deo.shopeemobile.com/shopee/modules-federation/live/0/shopee__item-card-standard-v2/0.2.8/pc/0614b8f0a8fdde22942d.svg,,-1%,,https://deo.shopeemobile.com/shopee/modules-federation/live/0/shopee__item-card-standard-v2/0.2.8/pc/b4d1b8a78b3621dbdf4a.svg,"HP GSM ITEL CITY 100 4+128GB / 8+128GB Garansi Resmi + Segel
Rp
1.764.000
-1%
5.0
36 Terjual
< 2 Hari
Denpasar",https://shopee.co.id/HP-GSM-ITEL-CITY-100-4-128GB-8-128GB-Garansi-Resmi-Segel-i.42736260.43902666353?extraParams=%7B%22display_model_id%22%3A237847230211%2C%22model_selection_logic%22%3A3%7D&sp_atk=2d83083b-434e-4b99-827c-66e3b9d93f8b&xptdk=2d83083b-434e-4b99-827c-66e3b9d93f8b,,https://deo.shopeemobile.com/shopee/modules-federation/live/0/shopee__item-card-standard-v2/0.2.8/pc/d7099d3fd1dfdaf705ab.svg,
