-image-yazkc-11,-image-yazkc-11_2,text-sm,inline-block,text-xs/sp14,font-medium,truncate,img,text-xs/sp14_2,text-xs,pointer-events-none,text-shopee-green,pointer-events-none_2,align-middle,text-shopee-primary,w-auto,text-white,pointer-events-none_3,text-ellipsis,_container,_container_link,img_2,text-xs_2
https://down-id.img.susercontent.com/file/id-11134207-8224o-mjdy0y1692px68,https://down-id.img.susercontent.com/file/id-11134258-822ws-mnciva8io4qu2f,Apple Iphone 15 - Garansi Resmi,https://deo.shopeemobile.com/shopee/modules-federation/live/0/shopee__item-card-standard-v2/0.2.8/pc/a425c915798471b33e5d.png,Rp,12.050.000,Kombo Hemat,https://deo.shopeemobile.com/shopee/modules-federation/live/0/shopee__item-card-standard-v2/0.2.8/pc/d7099d3fd1dfdaf705ab.svg,5.0,1RB+ Terjual,https://deo.shopeemobile.com/shopee/modules-federation/live/0/shopee__item-card-standard-v2/0.2.8/pc/76dff349290d20891fc1.svg,4-6 Hari,https://deo.shopeemobile.com/shopee/modules-federation/live/0/shopee__item-card-standard-v2/0.2.8/pc/5dd7b4560d0e2d3190e8.svg,Banjarmasin,,,,,,"Apple Iphone 15 - Garansi Resmi
Rp
12.050.000
Kombo Hemat
5.0
1RB+ Terjual
4-6 Hari
Banjarmasin",https://shopee.co.id/Apple-Iphone-15-Garansi-Resmi-i.53222836.24445740227?extraParams=%7B%22display_model_id%22%3A272327450029%2C%22model_selection_logic%22%3A3%7D&sp_atk=ba29c734-6e3d-4115-8be2-daa7893fbc41&xptdk=ba29c734-6e3d-4115-8be2-daa7893fbc41,,
https://down-id.img.susercontent.com/file/id-11134201-7r98t-lmpk42301ctbbc,https://down-id.img.susercontent.com/file/id-11134258-822wr-mlx67rtd6r602f,Apple iPhone 15,https://deo.shopeemobile.com/shopee/modules-federation/live/0/shopee__item-card-standard-v2/0.2.8/pc/7c9110f78e069acbced7.png,Rp,12.249.000,,https://deo.shopeemobile.com/shopee/modules-federation/live/0/shopee__item-card-standard-v2/0.2.8/pc/d7099d3fd1dfdaf705ab.svg,5.0,10RB+ Terjual,https://deo.shopeemobile.com/shopee/modules-federation/live/0/shopee__item-card-standard-v2/0.2.8/pc/76dff349290d20891fc1.svg,2-3 Hari,https://deo.shopeemobile.com/shopee/modules-federation/live/0/shopee__item-card-standard-v2/0.2.8/pc/5dd7b4560d0e2d3190e8.svg,Jakarta Selatan,-28%,,,,,"Apple iPhone 15
Rp
12.249.000
-28%
5.0
10RB+ Terjual
2-3 Hari
Jakarta Selatan",https://shopee.co.id/Apple-iPhone-15-i.255563049.23157471408?extraParams=%7B%22display_model_id%22%3A185496650529%2C%22model_selection_logic%22%3A3%7D&sp_atk=254fcb0c-1054-40cd-9e74-c79c4ccb9276&xptdk=254fcb0c-1054-40cd-9e74-c79c4ccb9276,,
https://down-id.img.susercontent.com/file/id-11134207-8224r-mkvxmfr8jzt056,https://down-id.img.susercontent.com/file/id-11134258-822ws-mnciva8io4qu2f,IP 14 [ Garansi Resmi ] [Iphone@] 256GB Resmi Garansi 1 Tahun,https://deo.shopeemobile.com/shopee/modules-federation/live/0/shopee__item-card-standard-v2/0.2.8/pc/7c9110f78e069acbced7.png,Rp,10.900.000,Kombo Hemat,https://deo.shopeemobile.com/shopee/modules-federation/live/0/shopee__item-card-standard-v2/0.2.8/pc/d7099d3fd1dfdaf705ab.svg,5.0,46 Terjual,https://deo.shopeemobile.com/shopee/modules-federation/live/0/shopee__item-card-standard-v2/0.2.8/pc/38e203dc86172a6c6560.svg,,https://deo.shopeemobile.com/shopee/modules-federation/live/0/shopee__item-card-standard-v2/0.2.8/pc/5dd7b4560d0e2d3190e8.svg,Jakarta Barat,-27%,https://deo.shopeemobile.com/shopee/modules-federation/live/0/shopee__item-card-standard-v2/0.2.8/pc/0614b8f0a8fdde22942d.svg,< 2 Hari,,,"IP 14 [ Garansi Resmi ] [Iphone@] 256GB Resmi Garansi 1 Tahun
Rp
10.900.000
-27%
Kombo Hemat
5.0
46 Terjual
< 2 Hari
Jakarta Barat",https://shopee.co.id/IP-14-Garansi-Resmi-Iphone-256GB-Resmi-Garansi-1-Tahun-i.1516969716.51206282013?extraParams=%7B%22display_model_id%22%3A340568502076%2C%22model_selection_logic%22%3A3%7D&sp_atk=459e56f6-2db8-49b2-b01d-6c0d0dca2ecb&xptdk=459e56f6-2db8-49b2-b01d-6c0d0dca2ecb,,
https://down-id.img.susercontent.com/file/id-11134207-7ra0j-mdr9anv0bjbj6c,https://down-id.img.susercontent.com/file/id-11134258-8224v-mkvw0cu9r7k1a5,"Apple iPhone 14 256GB, Starlight",https://deo.shopeemobile.com/shopee/modules-federation/live/0/shopee__item-card-standard-v2/0.2.8/pc/7c9110f78e069acbced7.png,Rp,10.799.000,,https://deo.shopeemobile.com/shopee/modules-federation/live/0/shopee__item-card-standard-v2/0.2.8/pc/d7099d3fd1dfdaf705ab.svg,5.0,325 Terjual,https://deo.shopeemobile.com/shopee/modules-federation/live/0/shopee__item-card-standard-v2/0.2.8/pc/76dff349290d20891fc1.svg,2-3 Hari,https://deo.shopeemobile.com/shopee/modules-federation/live/0/shopee__item-card-standard-v2/0.2.8/pc/5dd7b4560d0e2d3190e8.svg,Jakarta Barat,-29%,,,https://deo.shopeemobile.com/shopee/modules-federation/live/0/shopee__item-card-standard-v2/0.2.8/pc/b4d1b8a78b3621dbdf4a.svg,,"Apple iPhone 14 256GB, Starlight
Rp
10.799.000
-29%
5.0
325 Terjual
2-3 Hari
Jakarta Barat",https://shopee.co.id/Apple-iPhone-14-256GB-Starlight-i.241308147.18053793259?extraParams=%7B%22display_model_id%22%3A192700497903%2C%22model_selection_logic%22%3A3%7D&sp_atk=0edf4fea-a2a7-41bc-aa5a-2aabce550c4f&xptdk=0edf4fea-a2a7-41bc-aa5a-2aabce550c4f,,
https://down-id.img.susercontent.com/file/id-11134207-7ra0j-mb55nceyjxq018,https://down-id.img.susercontent.com/file/id-11134258-822wr-mlx67rtd6r602f,ipphooneee seri 13 memory 128GB resmi,https://deo.shopeemobile.com/shopee/modules-federation/live/0/shopee__item-card-standard-v2/0.2.8/pc/e4734dab67ee2f9ebd5a.png,Rp,7.599.000,,https://deo.shopeemobile.com/shopee/modules-federation/live/0/shopee__item-card-standard-v2/0.2.8/pc/d7099d3fd1dfdaf705ab.svg,5.0,28 Terjual,https://deo.shopeemobile.com/shopee/modules-federation/live/0/shopee__item-card-standard-v2/0.2.8/pc/76dff349290d20891fc1.svg,1-3 Hari,https://deo.shopeemobile.com/shopee/modules-federation/live/0/shopee__item-card-standard-v2/0.2.8/pc/5dd7b4560d0e2d3190e8.svg,Surabaya,,,,,https://deo.shopeemobile.com/shopee/modules-federation/live/0/shopee__item-card-standard-v2/0.2.8/pc/d2a1900a0267d45fd0f5.png,"ipphooneee seri 13 memory 128GB resmi
Rp
7.599.000
5.0
28 Terjual
1-3 Hari
Surabaya",https://shopee.co.id/ipphooneee-seri-13-memory-128GB-resmi-i.94985634.29080394693?extraParams=%7B%22display_model_id%22%3A290133104006%2C%22model_selection_logic%22%3A3%7D&sp_atk=bbc51009-bba4-4a76-9244-a0ee0afddcde&xptdk=bbc51009-bba4-4a76-9244-a0ee0afddcde,,
https://down-id.img.susercontent.com/file/id-11134207-822wt-mn0zo6nz1a125a,https://down-id.img.susercontent.com/file/id-11134258-8224v-mkvw0cu9r7k1a5,Iphone 13 128GB New Garansi resmi,,Rp,8.042.000,,https://deo.shopeemobile.com/shopee/modules-federation/live/0/shopee__item-card-standard-v2/0.2.8/pc/d7099d3fd1dfdaf705ab.svg,5.0,1 Terjual,https://deo.shopeemobile.com/shopee/modules-federation/live/0/shopee__item-card-standard-v2/0.2.8/pc/76dff349290d20891fc1.svg,2-4 Hari,https://deo.shopeemobile.com/shopee/modules-federation/live/0/shopee__item-card-standard-v2/0.2.8/pc/5dd7b4560d0e2d3190e8.svg,Kab. Rembang,,,,,,"Iphone 13 128GB New Garansi resmi
Rp
8.042.000
5.0
1 Terjual
2-4 Hari
Kab. Rembang",https://shopee.co.id/Iphone-13-128GB-New-Garansi-resmi-i.868925169.56808772266?extraParams=%7B%22display_model_id%22%3A375779630021%2C%22model_selection_logic%22%3A3%7D&sp_atk=09719936-5812-4990-9374-cd2a8f33d37f&xptdk=09719936-5812-4990-9374-cd2a8f33d37f,,
https://down-id.img.susercontent.com/file/id-11134207-7ra0n-mdr868y1rkmn6a,https://down-id.img.susercontent.com/file/id-11134258-8224v-mkvw0cu9r7k1a5,"Apple iPhone 15 128GB, Pink",https://deo.shopeemobile.com/shopee/modules-federation/live/0/shopee__item-card-standard-v2/0.2.8/pc/7c9110f78e069acbced7.png,Rp,11.799.000,,https://deo.shopeemobile.com/shopee/modules-federation/live/0/shopee__item-card-standard-v2/0.2.8/pc/d7099d3fd1dfdaf705ab.svg,4.9,10RB+ Terjual,https://deo.shopeemobile.com/shopee/modules-federation/live/0/shopee__item-card-standard-v2/0.2.8/pc/76dff349290d20891fc1.svg,2-3 Hari,https://deo.shopeemobile.com/shopee/modules-federation/live/0/shopee__item-card-standard-v2/0.2.8/pc/5dd7b4560d0e2d3190e8.svg,Jakarta Barat,-19%,,,https://deo.shopeemobile.com/shopee/modules-federation/live/0/shopee__item-card-standard-v2/0.2.8/pc/b4d1b8a78b3621dbdf4a.svg,,"Apple iPhone 15 128GB, Pink
Rp
11.799.000
-19%
4.9
10RB+ Terjual
2-3 Hari
Jakarta Barat",https://shopee.co.id/Apple-iPhone-15-128GB-Pink-i.241308147.22982495280?extraParams=%7B%22display_model_id%22%3A177898467848%2C%22model_selection_logic%22%3A3%7D&sp_atk=44d44388-952e-45e8-a421-993a4d60b925&xptdk=44d44388-952e-45e8-a421-993a4d60b925,,
https://down-id.img.susercontent.com/file/id-11134207-7rbk1-m7x4wa0vusjx31,https://down-id.img.susercontent.com/file/id-11134258-8224v-mkvw0cu9r7k1a5,IP 13 / 14 / 15 / 15 Plus 128GB 256GB 512GB,https://deo.shopeemobile.com/shopee/modules-federation/live/0/shopee__item-card-standard-v2/0.2.8/pc/e4734dab67ee2f9ebd5a.png,Rp,11.489.000,,https://deo.shopeemobile.com/shopee/modules-federation/live/0/shopee__item-card-standard-v2/0.2.8/pc/d7099d3fd1dfdaf705ab.svg,5.0,205 Terjual,https://deo.shopeemobile.com/shopee/modules-federation/live/0/shopee__item-card-standard-v2/0.2.8/pc/38e203dc86172a6c6560.svg,,https://deo.shopeemobile.com/shopee/modules-federation/live/0/shopee__item-card-standard-v2/0.2.8/pc/5dd7b4560d0e2d3190e8.svg,Malang,-18%,https://deo.shopeemobile.com/shopee/modules-federation/live/0/shopee__item-card-standard-v2/0.2.8/pc/0614b8f0a8fdde22942d.svg,< 2 Hari,,,"IP 13 / 14 / 15 / 15 Plus 128GB 256GB 512GB
Rp
11.489.000
-18%
5.0
205 Terjual
< 2 Hari
Malang",https://shopee.co.id/IP-13-14-15-15-Plus-128GB-256GB-512GB-i.10625226.28181198200?extraParams=%7B%22display_model_id%22%3A287353706686%2C%22model_selection_logic%22%3A3%7D&sp_atk=3f3c0c7e-0180-45ae-a142-a9f936fb2c40&xptdk=3f3c0c7e-0180-45ae-a142-a9f936fb2c40,,
https://down-id.img.susercontent.com/file/id-11134207-82251-mipyfekozrwiae,https://down-id.img.susercontent.com/file/id-11134258-7r98w-lyezzaurybot13,iPhone 15 & 13 New segel bnib 128,,Rp,8.400.000,,https://deo.shopeemobile.com/shopee/modules-federation/live/0/shopee__item-card-standard-v2/0.2.8/pc/d7099d3fd1dfdaf705ab.svg,5.0,24 Terjual,https://deo.shopeemobile.com/shopee/modules-federation/live/0/shopee__item-card-standard-v2/0.2.8/pc/38e203dc86172a6c6560.svg,,https://deo.shopeemobile.com/shopee/modules-federation/live/0/shopee__item-card-standard-v2/0.2.8/pc/5dd7b4560d0e2d3190e8.svg,Jakarta Pusat,,https://deo.shopeemobile.com/shopee/modules-federation/live/0/shopee__item-card-standard-v2/0.2.8/pc/0614b8f0a8fdde22942d.svg,< 2 Hari,,,"iPhone 15 & 13 New segel bnib 128
Rp
8.400.000
5.0
24 Terjual
< 2 Hari
Jakarta Pusat",https://shopee.co.id/iPhone-15-13-New-segel-bnib-128-i.294817697.45652788726?extraParams=%7B%22display_model_id%22%3A405364392426%2C%22model_selection_logic%22%3A3%7D&sp_atk=a6417ea2-2d7f-4e70-9ea7-c02bc92dcd51&xptdk=a6417ea2-2d7f-4e70-9ea7-c02bc92dcd51,,
https://down-id.img.susercontent.com/file/id-11134207-822wq-mn9n0350oqh127,https://down-id.img.susercontent.com/file/id-11134258-822ws-mnciva8io4qu2f,IPHONE 14 128GB / 256GB GRS RSMI INDONESIA,https://deo.shopeemobile.com/shopee/modules-federation/live/0/shopee__item-card-standard-v2/0.2.8/pc/7c9110f78e069acbced7.png,Rp,11.154.000,,https://deo.shopeemobile.com/shopee/modules-federation/live/0/shopee__item-card-standard-v2/0.2.8/pc/d7099d3fd1dfdaf705ab.svg,4.9,3RB+ Terjual,https://deo.shopeemobile.com/shopee/modules-federation/live/0/shopee__item-card-standard-v2/0.2.8/pc/38e203dc86172a6c6560.svg,,https://deo.shopeemobile.com/shopee/modules-federation/live/0/shopee__item-card-standard-v2/0.2.8/pc/5dd7b4560d0e2d3190e8.svg,Jakarta Utara,-44%,https://deo.shopeemobile.com/shopee/modules-federation/live/0/shopee__item-card-standard-v2/0.2.8/pc/0614b8f0a8fdde22942d.svg,< 2 Hari,https://deo.shopeemobile.com/shopee/modules-federation/live/0/shopee__item-card-standard-v2/0.2.8/pc/b4d1b8a78b3621dbdf4a.svg,,"IPHONE 14 128GB / 256GB GRS RSMI INDONESIA
Rp
11.154.000
-44%
4.9
3RB+ Terjual
< 2 Hari
Jakarta Utara",https://shopee.co.id/IPHONE-14-128GB-256GB-GRS-RSMI-INDONESIA-i.383392952.22140852608?extraParams=%7B%22display_model_id%22%3A340810268553%2C%22model_selection_logic%22%3A3%7D&sp_atk=592aabfe-cb46-430a-bcf6-1543e35c3458&xptdk=592aabfe-cb46-430a-bcf6-1543e35c3458,,
https://down-id.img.susercontent.com/file/id-11134207-7rash-m12fwkovdw2s3b,https://down-id.img.susercontent.com/file/id-11134258-822wr-mlx67rtd6r602f,Apple iPhone 16,https://deo.shopeemobile.com/shopee/modules-federation/live/0/shopee__item-card-standard-v2/0.2.8/pc/7c9110f78e069acbced7.png,Rp,14.499.000,,https://deo.shopeemobile.com/shopee/modules-federation/live/0/shopee__item-card-standard-v2/0.2.8/pc/d7099d3fd1dfdaf705ab.svg,5.0,6RB+ Terjual,https://deo.shopeemobile.com/shopee/modules-federation/live/0/shopee__item-card-standard-v2/0.2.8/pc/76dff349290d20891fc1.svg,2-3 Hari,https://deo.shopeemobile.com/shopee/modules-federation/live/0/shopee__item-card-standard-v2/0.2.8/pc/5dd7b4560d0e2d3190e8.svg,Jakarta Selatan,-3%,,,,,"Apple iPhone 16
Rp
14.499.000
-3%
5.0
6RB+ Terjual
2-3 Hari
Jakarta Selatan",https://shopee.co.id/Apple-iPhone-16-i.255563049.27763189001?extraParams=%7B%22display_model_id%22%3A241719576811%2C%22model_selection_logic%22%3A3%7D&sp_atk=b59bc5f9-c748-4f3e-9837-58595b9f2c28&xptdk=b59bc5f9-c748-4f3e-9837-58595b9f2c28,,
https://down-id.img.susercontent.com/file/id-11134207-81zth-merzrno2scg240,https://down-id.img.susercontent.com/file/id-11134258-8224v-mkvw0cu9r7k1a5,iPhone 15 128GB Garansi Resmi Indonesia,https://deo.shopeemobile.com/shopee/modules-federation/live/0/shopee__item-card-standard-v2/0.2.8/pc/7c9110f78e069acbced7.png,Rp,13.099.000,,https://deo.shopeemobile.com/shopee/modules-federation/live/0/shopee__item-card-standard-v2/0.2.8/pc/d7099d3fd1dfdaf705ab.svg,5.0,155 Terjual,https://deo.shopeemobile.com/shopee/modules-federation/live/0/shopee__item-card-standard-v2/0.2.8/pc/38e203dc86172a6c6560.svg,,https://deo.shopeemobile.com/shopee/modules-federation/live/0/shopee__item-card-standard-v2/0.2.8/pc/5dd7b4560d0e2d3190e8.svg,Surabaya,,https://deo.shopeemobile.com/shopee/modules-federation/live/0/shopee__item-card-standard-v2/0.2.8/pc/0614b8f0a8fdde22942d.svg,Besok 12:00,,,"iPhone 15 128GB Garansi Resmi Indonesia
Rp
13.099.000
5.0
155 Terjual
Besok 12:00
Surabaya",https://shopee.co.id/iPhone-15-128GB-Garansi-Resmi-Indonesia-i.143199398.40369581349?extraParams=%7B%22display_model_id%22%3A296602948034%2C%22model_selection_logic%22%3A3%7D&sp_atk=a40e1388-3a08-49d8-a8ad-6ee7f3bbf8e3&xptdk=a40e1388-3a08-49d8-a8ad-6ee7f3bbf8e3,,
https://down-id.img.susercontent.com/file/id-11134207-822wu-mmxiu75jtddw8e,https://down-id.img.susercontent.com/file/id-11134258-8224v-mkvw0cu9r7k1a5,iPhone 14 128 new BNIB,,Rp,9.360.000,,,,1 Terjual,https://deo.shopeemobile.com/shopee/modules-federation/live/0/shopee__item-card-standard-v2/0.2.8/pc/76dff349290d20891fc1.svg,3-5 Hari,https://deo.shopeemobile.com/shopee/modules-federation/live/0/shopee__item-card-standard-v2/0.2.8/pc/5dd7b4560d0e2d3190e8.svg,Kab. Sukoharjo,,,,,,"iPhone 14 128 new BNIB
Rp
9.360.000
1 Terjual
3-5 Hari
Kab. Sukoharjo",https://shopee.co.id/iPhone-14-128-new-BNIB-i.794203169.29994581620?extraParams=%7B%22display_model_id%22%3A375766769824%2C%22model_selection_logic%22%3A3%7D&sp_atk=2f135349-1e54-4bf0-8851-8baa9478ba98&xptdk=2f135349-1e54-4bf0-8851-8baa9478ba98,,
https://down-id.img.susercontent.com/file/id-11134207-8224x-mjzsscgixb0i17,https://down-id.img.susercontent.com/file/id-11134258-822ws-mnciva8io4qu2f,Apple iPhone 15 128GB - Garansi Resmi Indonesia,https://deo.shopeemobile.com/shopee/modules-federation/live/0/shopee__item-card-standard-v2/0.2.8/pc/7c9110f78e069acbced7.png,Rp,11.830.000,,https://deo.shopeemobile.com/shopee/modules-federation/live/0/shopee__item-card-standard-v2/0.2.8/pc/d7099d3fd1dfdaf705ab.svg,4.9,1RB+ Terjual,https://deo.shopeemobile.com/shopee/modules-federation/live/0/shopee__item-card-standard-v2/0.2.8/pc/38e203dc86172a6c6560.svg,,https://deo.shopeemobile.com/shopee/modules-federation/live/0/shopee__item-card-standard-v2/0.2.8/pc/5dd7b4560d0e2d3190e8.svg,Jakarta Utara,-66%,https://deo.shopeemobile.com/shopee/modules-federation/live/0/shopee__item-card-standard-v2/0.2.8/pc/0614b8f0a8fdde22942d.svg,< 2 Hari,https://deo.shopeemobile.com/shopee/modules-federation/live/0/shopee__item-card-standard-v2/0.2.8/pc/b4d1b8a78b3621dbdf4a.svg,,"Apple iPhone 15 128GB - Garansi Resmi Indonesia
Rp
11.830.000
-66%
4.9
1RB+ Terjual
< 2 Hari
Jakarta Utara",https://shopee.co.id/Apple-iPhone-15-128GB-Garansi-Resmi-Indonesia-i.1105655476.43410284303?extraParams=%7B%22display_model_id%22%3A350493411165%2C%22model_selection_logic%22%3A3%7D&sp_atk=41d3d205-66f2-4dac-85c1-63a3f3a03f58&xptdk=41d3d205-66f2-4dac-85c1-63a3f3a03f58,,
https://down-id.img.susercontent.com/file/id-11134207-7r990-lm8mlqt53e3oa5,https://down-id.img.susercontent.com/file/id-11134258-8224v-mkvw0cu9r7k1a5,13 128GB Baru Segel Garansi Resmi Ibox Indonesia 1 Tahun,https://deo.shopeemobile.com/shopee/modules-federation/live/0/shopee__item-card-standard-v2/0.2.8/pc/a425c915798471b33e5d.png,Rp,9.100.000,,https://deo.shopeemobile.com/shopee/modules-federation/live/0/shopee__item-card-standard-v2/0.2.8/pc/d7099d3fd1dfdaf705ab.svg,5.0,3 Terjual,https://deo.shopeemobile.com/shopee/modules-federation/live/0/shopee__item-card-standard-v2/0.2.8/pc/38e203dc86172a6c6560.svg,,https://deo.shopeemobile.com/shopee/modules-federation/live/0/shopee__item-card-standard-v2/0.2.8/pc/5dd7b4560d0e2d3190e8.svg,Surabaya,,https://deo.shopeemobile.com/shopee/modules-federation/live/0/shopee__item-card-standard-v2/0.2.8/pc/0614b8f0a8fdde22942d.svg,Hari Ini 12:00,,https://deo.shopeemobile.com/shopee/modules-federation/live/0/shopee__item-card-standard-v2/0.2.8/pc/d2a1900a0267d45fd0f5.png,"13 128GB Baru Segel Garansi Resmi Ibox Indonesia 1 Tahun
Rp
9.100.000
5.0
3 Terjual
Hari Ini 12:00
Surabaya",https://shopee.co.id/13-128GB-Baru-Segel-Garansi-Resmi-Ibox-Indonesia-1-Tahun-i.162746231.23656364099?extraParams=%7B%22display_model_id%22%3A204619233271%2C%22model_selection_logic%22%3A3%7D&sp_atk=ee927ade-c2c0-431e-8d4e-4311e8102941&xptdk=ee927ade-c2c0-431e-8d4e-4311e8102941,,
https://down-id.img.susercontent.com/file/id-11134207-7ra0t-md5rzmeisyzc58,https://down-id.img.susercontent.com/file/id-11134258-822ws-mnciva8io4qu2f,IP 14 [ Garansi Resmi ] [Iphone@] 128GB Resmii,https://deo.shopeemobile.com/shopee/modules-federation/live/0/shopee__item-card-standard-v2/0.2.8/pc/7c9110f78e069acbced7.png,Rp,9.949.000,Kombo Hemat,https://deo.shopeemobile.com/shopee/modules-federation/live/0/shopee__item-card-standard-v2/0.2.8/pc/d7099d3fd1dfdaf705ab.svg,4.9,757 Terjual,https://deo.shopeemobile.com/shopee/modules-federation/live/0/shopee__item-card-standard-v2/0.2.8/pc/38e203dc86172a6c6560.svg,,https://deo.shopeemobile.com/shopee/modules-federation/live/0/shopee__item-card-standard-v2/0.2.8/pc/5dd7b4560d0e2d3190e8.svg,Jakarta Barat,-9%,https://deo.shopeemobile.com/shopee/modules-federation/live/0/shopee__item-card-standard-v2/0.2.8/pc/0614b8f0a8fdde22942d.svg,< 2 Hari,,,"IP 14 [ Garansi Resmi ] [Iphone@] 128GB Resmii
Rp
9.949.000
-9%
Kombo Hemat
4.9
757 Terjual
< 2 Hari
Jakarta Barat",https://shopee.co.id/IP-14-Garansi-Resmi-Iphone-128GB-Resmii-i.1516969716.42061977102?extraParams=%7B%22display_model_id%22%3A306003254090%2C%22model_selection_logic%22%3A3%7D&sp_atk=b274449c-c334-4c5c-87df-53afa964fc97&xptdk=b274449c-c334-4c5c-87df-53afa964fc97,,
https://down-id.img.susercontent.com/file/id-11134207-7ra0i-mc9b9vroafsr28,https://down-id.img.susercontent.com/file/id-11134258-822ws-mnciva8io4qu2f,APPLE iPhone 15 128GB 256GB 512GB A16 Bionic CPU 6C / GPU 5C Resmi IBOX,https://deo.shopeemobile.com/shopee/modules-federation/live/0/shopee__item-card-standard-v2/0.2.8/pc/7c9110f78e069acbced7.png,Rp,12.221.000,Kombo Hemat,https://deo.shopeemobile.com/shopee/modules-federation/live/0/shopee__item-card-standard-v2/0.2.8/pc/d7099d3fd1dfdaf705ab.svg,4.9,185 Terjual,https://deo.shopeemobile.com/shopee/modules-federation/live/0/shopee__item-card-standard-v2/0.2.8/pc/38e203dc86172a6c6560.svg,,https://deo.shopeemobile.com/shopee/modules-federation/live/0/shopee__item-card-standard-v2/0.2.8/pc/5dd7b4560d0e2d3190e8.svg,Kab. Sidoarjo,,https://deo.shopeemobile.com/shopee/modules-federation/live/0/shopee__item-card-standard-v2/0.2.8/pc/0614b8f0a8fdde22942d.svg,Besok,,,"APPLE iPhone 15 128GB 256GB 512GB A16 Bionic CPU 6C / GPU 5C Resmi IBOX
Rp
12.221.000
Kombo Hemat
4.9
185 Terjual
Besok
Kab. Sidoarjo",https://shopee.co.id/APPLE-iPhone-15-128GB-256GB-512GB-A16-Bionic-CPU-6C-GPU-5C-Resmi-IBOX-i.71769871.40758418361?extraParams=%7B%22display_model_id%22%3A277145561802%2C%22model_selection_logic%22%3A3%7D&sp_atk=40101c1d-3cc1-4f9d-b45e-9795f1245240&xptdk=40101c1d-3cc1-4f9d-b45e-9795f1245240,,
https://down-id.img.susercontent.com/file/id-11134207-7ra0u-mdr8co9v8tgv07,https://down-id.img.susercontent.com/file/id-11134258-8224v-mkvw0cu9r7k1a5,"Apple iPhone 15 128GB, Black",https://deo.shopeemobile.com/shopee/modules-federation/live/0/shopee__item-card-standard-v2/0.2.8/pc/7c9110f78e069acbced7.png,Rp,11.799.000,,https://deo.shopeemobile.com/shopee/modules-federation/live/0/shopee__item-card-standard-v2/0.2.8/pc/d7099d3fd1dfdaf705ab.svg,5.0,8RB+ Terjual,https://deo.shopeemobile.com/shopee/modules-federation/live/0/shopee__item-card-standard-v2/0.2.8/pc/76dff349290d20891fc1.svg,2-3 Hari,https://deo.shopeemobile.com/shopee/modules-federation/live/0/shopee__item-card-standard-v2/0.2.8/pc/5dd7b4560d0e2d3190e8.svg,Jakarta Barat,-19%,,,https://deo.shopeemobile.com/shopee/modules-federation/live/0/shopee__item-card-standard-v2/0.2.8/pc/b4d1b8a78b3621dbdf4a.svg,,"Apple iPhone 15 128GB, Black
Rp
11.799.000
-19%
5.0
8RB+ Terjual
2-3 Hari
Jakarta Barat",https://shopee.co.id/Apple-iPhone-15-128GB-Black-i.241308147.15198254976?extraParams=%7B%22display_model_id%22%3A109021980808%2C%22model_selection_logic%22%3A3%7D&sp_atk=dea8e159-b2fc-4ef2-93b8-e7d8dd49bd8a&xptdk=dea8e159-b2fc-4ef2-93b8-e7d8dd49bd8a,,
https://down-id.img.susercontent.com/file/id-11134207-7ra0i-mdv8sc9pxfgnad,https://down-id.img.susercontent.com/file/id-11134258-8224v-mkvw0cu9r7k1a5,iphone 13 baru,,Rp,8.150.000,Grosir,https://deo.shopeemobile.com/shopee/modules-federation/live/0/shopee__item-card-standard-v2/0.2.8/pc/d7099d3fd1dfdaf705ab.svg,5.0,14 Terjual,https://deo.shopeemobile.com/shopee/modules-federation/live/0/shopee__item-card-standard-v2/0.2.8/pc/38e203dc86172a6c6560.svg,,https://deo.shopeemobile.com/shopee/modules-federation/live/0/shopee__item-card-standard-v2/0.2.8/pc/5dd7b4560d0e2d3190e8.svg,Pasuruan,,https://deo.shopeemobile.com/shopee/modules-federation/live/0/shopee__item-card-standard-v2/0.2.8/pc/0614b8f0a8fdde22942d.svg,< 2 Hari,,https://deo.shopeemobile.com/shopee/modules-federation/live/0/shopee__item-card-standard-v2/0.2.8/pc/d2a1900a0267d45fd0f5.png,"iphone 13 baru
Rp
8.150.000
Grosir
5.0
14 Terjual
< 2 Hari
Pasuruan",https://shopee.co.id/iphone-13-baru-i.124796933.43065088421?extraParams=%7B%22display_model_id%22%3A291248442114%2C%22model_selection_logic%22%3A3%7D&sp_atk=5e60a4fd-446a-4349-b81a-7bad106b2597&xptdk=5e60a4fd-446a-4349-b81a-7bad106b2597,,
https://down-id.img.susercontent.com/file/id-11134207-7ra0j-mdr8co9v0e27f7,https://down-id.img.susercontent.com/file/id-11134258-8224v-mkvw0cu9r7k1a5,"Apple iPhone 15 128GB, Blue",https://deo.shopeemobile.com/shopee/modules-federation/live/0/shopee__item-card-standard-v2/0.2.8/pc/7c9110f78e069acbced7.png,Rp,11.799.000,,https://deo.shopeemobile.com/shopee/modules-federation/live/0/shopee__item-card-standard-v2/0.2.8/pc/d7099d3fd1dfdaf705ab.svg,5.0,10RB+ Terjual,https://deo.shopeemobile.com/shopee/modules-federation/live/0/shopee__item-card-standard-v2/0.2.8/pc/76dff349290d20891fc1.svg,2-3 Hari,https://deo.shopeemobile.com/shopee/modules-federation/live/0/shopee__item-card-standard-v2/0.2.8/pc/5dd7b4560d0e2d3190e8.svg,Jakarta Barat,-19%,,,https://deo.shopeemobile.com/shopee/modules-federation/live/0/shopee__item-card-standard-v2/0.2.8/pc/b4d1b8a78b3621dbdf4a.svg,,"Apple iPhone 15 128GB, Blue
Rp
11.799.000
-19%
5.0
10RB+ Terjual
2-3 Hari
Jakarta Barat",https://shopee.co.id/Apple-iPhone-15-128GB-Blue-i.241308147.21493872655?extraParams=%7B%22display_model_id%22%3A204632870431%2C%22model_selection_logic%22%3A3%7D&sp_atk=392a1742-bb74-4bb0-b97a-2a088e0b269b&xptdk=392a1742-bb74-4bb0-b97a-2a088e0b269b,,
https://down-id.img.susercontent.com/file/id-11134207-7ra0n-mcrk7cdtz1ko3d,https://down-id.img.susercontent.com/file/id-11134258-822ws-mnciva8io4qu2f,iPhone@ 15 128GB Garansi Resmi,https://deo.shopeemobile.com/shopee/modules-federation/live/0/shopee__item-card-standard-v2/0.2.8/pc/7c9110f78e069acbced7.png,Rp,11.839.000,,https://deo.shopeemobile.com/shopee/modules-federation/live/0/shopee__item-card-standard-v2/0.2.8/pc/d7099d3fd1dfdaf705ab.svg,5.0,203 Terjual,https://deo.shopeemobile.com/shopee/modules-federation/live/0/shopee__item-card-standard-v2/0.2.8/pc/38e203dc86172a6c6560.svg,,https://deo.shopeemobile.com/shopee/modules-federation/live/0/shopee__item-card-standard-v2/0.2.8/pc/5dd7b4560d0e2d3190e8.svg,Jakarta Barat,-21%,https://deo.shopeemobile.com/shopee/modules-federation/live/0/shopee__item-card-standard-v2/0.2.8/pc/0614b8f0a8fdde22942d.svg,< 2 Hari,,,"iPhone@ 15 128GB Garansi Resmi
Rp
11.839.000
-21%
5.0
203 Terjual
< 2 Hari
Jakarta Barat",https://shopee.co.id/iPhone-15-128GB-Garansi-Resmi-i.1516969716.41610760422?extraParams=%7B%22display_model_id%22%3A167251735474%2C%22model_selection_logic%22%3A3%7D&sp_atk=2c4bb15a-4b7b-4275-bb22-0eecb4a597de&xptdk=2c4bb15a-4b7b-4275-bb22-0eecb4a597de,,
https://down-id.img.susercontent.com/file/id-11134207-822wl-mmfv9navpuz371,https://down-id.img.susercontent.com/file/id-11134258-8224v-mkvw0cu9r7k1a5,Apple iPhone 15 NEW 128GB 256GB Original Garansi Resmi,https://deo.shopeemobile.com/shopee/modules-federation/live/0/shopee__item-card-standard-v2/0.2.8/pc/e4734dab67ee2f9ebd5a.png,Rp,13.419.000,,https://deo.shopeemobile.com/shopee/modules-federation/live/0/shopee__item-card-standard-v2/0.2.8/pc/d7099d3fd1dfdaf705ab.svg,5.0,278 Terjual,https://deo.shopeemobile.com/shopee/modules-federation/live/0/shopee__item-card-standard-v2/0.2.8/pc/38e203dc86172a6c6560.svg,,https://deo.shopeemobile.com/shopee/modules-federation/live/0/shopee__item-card-standard-v2/0.2.8/pc/5dd7b4560d0e2d3190e8.svg,Bandung,,https://deo.shopeemobile.com/shopee/modules-federation/live/0/shopee__item-card-standard-v2/0.2.8/pc/0614b8f0a8fdde22942d.svg,< 2 Hari,,,"Apple iPhone 15 NEW 128GB 256GB Original Garansi Resmi
Rp
13.419.000
5.0
278 Terjual
< 2 Hari
Bandung",https://shopee.co.id/Apple-iPhone-15-NEW-128GB-256GB-Original-Garansi-Resmi-i.163046751.28484229197?extraParams=%7B%22display_model_id%22%3A149145805983%2C%22model_selection_logic%22%3A3%7D&sp_atk=e3d2b0da-4e2c-4c24-a42b-0883cfdb2968&xptdk=e3d2b0da-4e2c-4c24-a42b-0883cfdb2968,,
https://down-id.img.susercontent.com/file/id-11134207-7ra0o-mdr927badolned,https://down-id.img.susercontent.com/file/id-11134258-8224v-mkvw0cu9r7k1a5,"Apple iPhone 14 256GB, Blue",https://deo.shopeemobile.com/shopee/modules-federation/live/0/shopee__item-card-standard-v2/0.2.8/pc/7c9110f78e069acbced7.png,Rp,14.999.000,,https://deo.shopeemobile.com/shopee/modules-federation/live/0/shopee__item-card-standard-v2/0.2.8/pc/d7099d3fd1dfdaf705ab.svg,5.0,310 Terjual,https://deo.shopeemobile.com/shopee/modules-federation/live/0/shopee__item-card-standard-v2/0.2.8/pc/76dff349290d20891fc1.svg,2-3 Hari,https://deo.shopeemobile.com/shopee/modules-federation/live/0/shopee__item-card-standard-v2/0.2.8/pc/5dd7b4560d0e2d3190e8.svg,Jakarta Barat,-2%,,,https://deo.shopeemobile.com/shopee/modules-federation/live/0/shopee__item-card-standard-v2/0.2.8/pc/b4d1b8a78b3621dbdf4a.svg,,"Apple iPhone 14 256GB, Blue
Rp
14.999.000
-2%
5.0
310 Terjual
2-3 Hari
Jakarta Barat",https://shopee.co.id/Apple-iPhone-14-256GB-Blue-i.241308147.15193817920?extraParams=%7B%22display_model_id%22%3A182700832429%2C%22model_selection_logic%22%3A3%7D&sp_atk=6a111d80-b27d-4ade-8ace-ee326d797d8b&xptdk=6a111d80-b27d-4ade-8ace-ee326d797d8b,,
https://down-id.img.susercontent.com/file/id-11134207-7rbk8-maccmv9yn27006,https://down-id.img.susercontent.com/file/id-11134258-8224v-mkvw0cu9r7k1a5,IP 15 128GB Resmi IBOX NEW BERGARANSI Resmi,https://deo.shopeemobile.com/shopee/modules-federation/live/0/shopee__item-card-standard-v2/0.2.8/pc/e4734dab67ee2f9ebd5a.png,Rp,12.099.000,,https://deo.shopeemobile.com/shopee/modules-federation/live/0/shopee__item-card-standard-v2/0.2.8/pc/d7099d3fd1dfdaf705ab.svg,5.0,10 Terjual,https://deo.shopeemobile.com/shopee/modules-federation/live/0/shopee__item-card-standard-v2/0.2.8/pc/38e203dc86172a6c6560.svg,,https://deo.shopeemobile.com/shopee/modules-federation/live/0/shopee__item-card-standard-v2/0.2.8/pc/5dd7b4560d0e2d3190e8.svg,Kab. Sidoarjo,,https://deo.shopeemobile.com/shopee/modules-federation/live/0/shopee__item-card-standard-v2/0.2.8/pc/0614b8f0a8fdde22942d.svg,Besok 12:00,,,"IP 15 128GB Resmi IBOX NEW BERGARANSI Resmi
Rp
12.099.000
5.0
10 Terjual
Besok 12:00
Kab. Sidoarjo",https://shopee.co.id/IP-15-128GB-Resmi-IBOX-NEW-BERGARANSI-Resmi-i.309409025.24695354783?extraParams=%7B%22display_model_id%22%3A355518564789%2C%22model_selection_logic%22%3A3%7D&sp_atk=076eb993-9836-4c16-a77d-c6c02650ba0d&xptdk=076eb993-9836-4c16-a77d-c6c02650ba0d,,
https://down-id.img.susercontent.com/file/id-11134207-7ra0g-mcrec0rqoffz06,https://down-id.img.susercontent.com/file/id-11134258-7r98w-lyezzaurybot13,Apple iPhone 15 128GB Apple iPhone15 128GB iBox Indonesia,https://deo.shopeemobile.com/shopee/modules-federation/live/0/shopee__item-card-standard-v2/0.2.8/pc/e4734dab67ee2f9ebd5a.png,Rp,9.000.000,,https://deo.shopeemobile.com/shopee/modules-federation/live/0/shopee__item-card-standard-v2/0.2.8/pc/d7099d3fd1dfdaf705ab.svg,5.0,30 Terjual,https://deo.shopeemobile.com/shopee/modules-federation/live/0/shopee__item-card-standard-v2/0.2.8/pc/38e203dc86172a6c6560.svg,,https://deo.shopeemobile.com/shopee/modules-federation/live/0/shopee__item-card-standard-v2/0.2.8/pc/5dd7b4560d0e2d3190e8.svg,Tangerang,,https://deo.shopeemobile.com/shopee/modules-federation/live/0/shopee__item-card-standard-v2/0.2.8/pc/0614b8f0a8fdde22942d.svg,< 2 Hari,,,"Apple iPhone 15 128GB Apple iPhone15 128GB iBox Indonesia
Rp
9.000.000
5.0
30 Terjual
< 2 Hari
Tangerang",https://shopee.co.id/Apple-iPhone-15-128GB-Apple-iPhone15-128GB-iBox-Indonesia-i.853782271.40552421164?extraParams=%7B%22display_model_id%22%3A395802061206%2C%22model_selection_logic%22%3A3%7D&sp_atk=afc5d221-4dcc-460e-820b-faf34d090782&xptdk=afc5d221-4dcc-460e-820b-faf34d090782,,
https://down-id.img.susercontent.com/file/id-11134207-82251-mjuqnts1i4g270,https://down-id.img.susercontent.com/file/id-11134258-8224v-mkvw0cu9r7k1a5,Apple Iphone 14 128GB Super Retina XDR OLED,https://deo.shopeemobile.com/shopee/modules-federation/live/0/shopee__item-card-standard-v2/0.2.8/pc/a425c915798471b33e5d.png,Rp,9.920.000,,https://deo.shopeemobile.com/shopee/modules-federation/live/0/shopee__item-card-standard-v2/0.2.8/pc/d7099d3fd1dfdaf705ab.svg,5.0,5 Terjual,https://deo.shopeemobile.com/shopee/modules-federation/live/0/shopee__item-card-standard-v2/0.2.8/pc/76dff349290d20891fc1.svg,1-3 Hari,https://deo.shopeemobile.com/shopee/modules-federation/live/0/shopee__item-card-standard-v2/0.2.8/pc/5dd7b4560d0e2d3190e8.svg,Semarang,,,,,,"Apple Iphone 14 128GB Super Retina XDR OLED
Rp
9.920.000
5.0
5 Terjual
1-3 Hari
Semarang",https://shopee.co.id/Apple-Iphone-14-128GB-Super-Retina-XDR-OLED-i.1543134989.48805257120?extraParams=%7B%22display_model_id%22%3A292360303492%2C%22model_selection_logic%22%3A3%7D&sp_atk=64931563-afd9-4745-8299-f32aeacf9143&xptdk=64931563-afd9-4745-8299-f32aeacf9143,,
https://down-id.img.susercontent.com/file/id-11134207-822wg-mn16wo7txedd12,https://down-id.img.susercontent.com/file/id-11134258-7r98w-lyezzaurybot13,Apple Iphone 13 128GB NEW Resmi,,Rp,8.950.000,,,,4-8 Hari,https://deo.shopeemobile.com/shopee/modules-federation/live/0/shopee__item-card-standard-v2/0.2.8/pc/76dff349290d20891fc1.svg,4-8 Hari,https://deo.shopeemobile.com/shopee/modules-federation/live/0/shopee__item-card-standard-v2/0.2.8/pc/5dd7b4560d0e2d3190e8.svg,Medan,,,,,,"Apple Iphone 13 128GB NEW Resmi
Rp
8.950.000
4-8 Hari
Medan",https://shopee.co.id/Apple-Iphone-13-128GB-NEW-Resmi-i.63039400.49258820117?extraParams=%7B%22display_model_id%22%3A420781055755%2C%22model_selection_logic%22%3A3%7D&sp_atk=5a271d0e-944f-4d6b-94ca-36c1739ecdb2&xptdk=5a271d0e-944f-4d6b-94ca-36c1739ecdb2,,
https://down-id.img.susercontent.com/file/id-11134207-81ztj-mfko576539jd86,https://down-id.img.susercontent.com/file/id-11134258-822ws-mnciva8io4qu2f,IPHONE 17 256GB / 512GB NEW SEGEL GARANSI RESMI,https://deo.shopeemobile.com/shopee/modules-federation/live/0/shopee__item-card-standard-v2/0.2.8/pc/7c9110f78e069acbced7.png,Rp,17.454.000,,https://deo.shopeemobile.com/shopee/modules-federation/live/0/shopee__item-card-standard-v2/0.2.8/pc/d7099d3fd1dfdaf705ab.svg,5.0,593 Terjual,https://deo.shopeemobile.com/shopee/modules-federation/live/0/shopee__item-card-standard-v2/0.2.8/pc/38e203dc86172a6c6560.svg,,https://deo.shopeemobile.com/shopee/modules-federation/live/0/shopee__item-card-standard-v2/0.2.8/pc/5dd7b4560d0e2d3190e8.svg,Jakarta Utara,-13%,https://deo.shopeemobile.com/shopee/modules-federation/live/0/shopee__item-card-standard-v2/0.2.8/pc/0614b8f0a8fdde22942d.svg,< 2 Hari,https://deo.shopeemobile.com/shopee/modules-federation/live/0/shopee__item-card-standard-v2/0.2.8/pc/b4d1b8a78b3621dbdf4a.svg,,"IPHONE 17 256GB / 512GB NEW SEGEL GARANSI RESMI
Rp
17.454.000
-13%
5.0
593 Terjual
< 2 Hari
Jakarta Utara",https://shopee.co.id/IPHONE-17-256GB-512GB-NEW-SEGEL-GARANSI-RESMI-i.383392952.40573182179?extraParams=%7B%22display_model_id%22%3A276884324821%2C%22model_selection_logic%22%3A3%7D&sp_atk=803de242-d011-4012-9063-303220bfe826&xptdk=803de242-d011-4012-9063-303220bfe826,,
https://down-id.img.susercontent.com/file/id-11134207-822wo-mml5q13zvnk6a7,https://down-id.img.susercontent.com/file/id-11134258-822wr-mlx5y0tebegw04,Apple iPhone 12 Pro 128GB/256GB - Garansi 24 bulan,,Rp,5.762.800,,https://deo.shopeemobile.com/shopee/modules-federation/live/0/shopee__item-card-standard-v2/0.2.8/pc/d7099d3fd1dfdaf705ab.svg,5.0,51 Terjual,https://deo.shopeemobile.com/shopee/modules-federation/live/0/shopee__item-card-standard-v2/0.2.8/pc/76dff349290d20891fc1.svg,2-4 Hari,https://deo.shopeemobile.com/shopee/modules-federation/live/0/shopee__item-card-standard-v2/0.2.8/pc/5dd7b4560d0e2d3190e8.svg,Jakarta Barat,-56%,,,,,"Apple iPhone 12 Pro 128GB/256GB - Garansi 24 bulan
Rp
5.762.800
-56%
5.0
51 Terjual
2-4 Hari
Jakarta Barat",https://shopee.co.id/Apple-iPhone-12-Pro-128GB-256GB-Garansi-24-bulan-i.1731549773.53058165740?extraParams=%7B%22display_model_id%22%3A350831863448%2C%22model_selection_logic%22%3A3%7D&sp_atk=35070008-4281-46ec-91bf-2427f6fb86d6&xptdk=35070008-4281-46ec-91bf-2427f6fb86d6,,
https://down-id.img.susercontent.com/file/id-11134207-7rbk3-m74rfg2yx56kfb,https://down-id.img.susercontent.com/file/id-11134258-8224v-mkvw0cu9r7k1a5,"iPhone 13 , 128GB / 256GB , Variant Color",,Rp,8.849.000,,https://deo.shopeemobile.com/shopee/modules-federation/live/0/shopee__item-card-standard-v2/0.2.8/pc/0614b8f0a8fdde22942d.svg,,1 Terjual,https://deo.shopeemobile.com/shopee/modules-federation/live/0/shopee__item-card-standard-v2/0.2.8/pc/38e203dc86172a6c6560.svg,,https://deo.shopeemobile.com/shopee/modules-federation/live/0/shopee__item-card-standard-v2/0.2.8/pc/5dd7b4560d0e2d3190e8.svg,Surabaya,-12%,https://deo.shopeemobile.com/shopee/modules-federation/live/0/shopee__item-card-standard-v2/0.2.8/pc/0614b8f0a8fdde22942d.svg,Hari Ini 12:00,,,"iPhone 13 , 128GB / 256GB , Variant Color
Rp
8.849.000
-12%
1 Terjual
Hari Ini 12:00
Surabaya",https://shopee.co.id/iPhone-13-128GB-256GB-Variant-Color-i.239661779.25892434935?extraParams=%7B%22display_model_id%22%3A59530525309%2C%22model_selection_logic%22%3A3%7D&sp_atk=bcdf2612-dfdb-449d-84eb-13383766eb1d&xptdk=bcdf2612-dfdb-449d-84eb-13383766eb1d,,
https://down-id.img.susercontent.com/file/id-11134207-8224t-mhtu0em1snpede,https://down-id.img.susercontent.com/file/id-11134258-822ws-mnciva8io4qu2f,iPhone 17 5G 256GB New Apple Garansi Resmi,https://deo.shopeemobile.com/shopee/modules-federation/live/0/shopee__item-card-standard-v2/0.2.8/pc/e4734dab67ee2f9ebd5a.png,Rp,12.229.000,,https://deo.shopeemobile.com/shopee/modules-federation/live/0/shopee__item-card-standard-v2/0.2.8/pc/d7099d3fd1dfdaf705ab.svg,5.0,8 Terjual,https://deo.shopeemobile.com/shopee/modules-federation/live/0/shopee__item-card-standard-v2/0.2.8/pc/38e203dc86172a6c6560.svg,,https://deo.shopeemobile.com/shopee/modules-federation/live/0/shopee__item-card-standard-v2/0.2.8/pc/5dd7b4560d0e2d3190e8.svg,Surabaya,,https://deo.shopeemobile.com/shopee/modules-federation/live/0/shopee__item-card-standard-v2/0.2.8/pc/0614b8f0a8fdde22942d.svg,Besok,,https://deo.shopeemobile.com/shopee/modules-federation/live/0/shopee__item-card-standard-v2/0.2.8/pc/d2a1900a0267d45fd0f5.png,"iPhone 17 5G 256GB New Apple Garansi Resmi
Rp
12.229.000
5.0
8 Terjual
Besok
Surabaya",https://shopee.co.id/iPhone-17-5G-256GB-New-Apple-Garansi-Resmi-i.107897411.53002904889?extraParams=%7B%22display_model_id%22%3A297428781955%2C%22model_selection_logic%22%3A3%7D&sp_atk=655c2e3b-3c63-46a5-98a7-aa3e2183a703&xptdk=655c2e3b-3c63-46a5-98a7-aa3e2183a703,,
https://down-id.img.susercontent.com/file/id-11134207-8224u-mjzf36xmxkhz7e,https://down-id.img.susercontent.com/file/id-11134258-822ws-mnciva8io4qu2f,APPLE IPHONE 14 128GB GARANSI RESMI INDONESIA,https://deo.shopeemobile.com/shopee/modules-federation/live/0/shopee__item-card-standard-v2/0.2.8/pc/7c9110f78e069acbced7.png,Rp,11.154.000,,https://deo.shopeemobile.com/shopee/modules-federation/live/0/shopee__item-card-standard-v2/0.2.8/pc/d7099d3fd1dfdaf705ab.svg,5.0,654 Terjual,https://deo.shopeemobile.com/shopee/modules-federation/live/0/shopee__item-card-standard-v2/0.2.8/pc/38e203dc86172a6c6560.svg,,https://deo.shopeemobile.com/shopee/modules-federation/live/0/shopee__item-card-standard-v2/0.2.8/pc/5dd7b4560d0e2d3190e8.svg,Jakarta Utara,-44%,https://deo.shopeemobile.com/shopee/modules-federation/live/0/shopee__item-card-standard-v2/0.2.8/pc/0614b8f0a8fdde22942d.svg,< 2 Hari,https://deo.shopeemobile.com/shopee/modules-federation/live/0/shopee__item-card-standard-v2/0.2.8/pc/b4d1b8a78b3621dbdf4a.svg,,"APPLE IPHONE 14 128GB GARANSI RESMI INDONESIA
Rp
11.154.000
-44%
5.0
654 Terjual
< 2 Hari
Jakarta Utara",https://shopee.co.id/APPLE-IPHONE-14-128GB-GARANSI-RESMI-INDONESIA-i.383392952.43258131251?extraParams=%7B%22display_model_id%22%3A262565193308%2C%22model_selection_logic%22%3A3%7D&sp_atk=18d1d516-6332-4b71-b30a-c9d2d8189e91&xptdk=18d1d516-6332-4b71-b30a-c9d2d8189e91,,
https://down-id.img.susercontent.com/file/id-11134207-8224v-mgrwu249ih3he3,https://down-id.img.susercontent.com/file/id-11134258-822ws-mnciva8io4qu2f,IP iphone 15 128GB GDN Garansi Resmi,https://deo.shopeemobile.com/shopee/modules-federation/live/0/shopee__item-card-standard-v2/0.2.8/pc/7c9110f78e069acbced7.png,Rp,11.839.000,Kombo Hemat,https://deo.shopeemobile.com/shopee/modules-federation/live/0/shopee__item-card-standard-v2/0.2.8/pc/d7099d3fd1dfdaf705ab.svg,5.0,312 Terjual,https://deo.shopeemobile.com/shopee/modules-federation/live/0/shopee__item-card-standard-v2/0.2.8/pc/38e203dc86172a6c6560.svg,,https://deo.shopeemobile.com/shopee/modules-federation/live/0/shopee__item-card-standard-v2/0.2.8/pc/5dd7b4560d0e2d3190e8.svg,Jakarta Barat,-21%,https://deo.shopeemobile.com/shopee/modules-federation/live/0/shopee__item-card-standard-v2/0.2.8/pc/0614b8f0a8fdde22942d.svg,< 2 Hari,,,"IP iphone 15 128GB GDN Garansi Resmi
Rp
11.839.000
-21%
Kombo Hemat
5.0
312 Terjual
< 2 Hari
Jakarta Barat",https://shopee.co.id/IP-iphone-15-128GB-GDN-Garansi-Resmi-i.1516969716.27339290257?extraParams=%7B%22display_model_id%22%3A285903289159%2C%22model_selection_logic%22%3A3%7D&sp_atk=62796079-3598-4f48-a49e-aada8021989a&xptdk=62796079-3598-4f48-a49e-aada8021989a,,
https://down-id.img.susercontent.com/file/id-11134207-7ra0h-mdoide9zo1cb57,https://down-id.img.susercontent.com/file/id-11134258-822ws-mnciva8io4qu2f,iPhone 15 Series Original Garansi Resmi,https://deo.shopeemobile.com/shopee/modules-federation/live/0/shopee__item-card-standard-v2/0.2.8/pc/7c9110f78e069acbced7.png,Rp,11.790.000,,https://deo.shopeemobile.com/shopee/modules-federation/live/0/shopee__item-card-standard-v2/0.2.8/pc/d7099d3fd1dfdaf705ab.svg,5.0,236 Terjual,https://deo.shopeemobile.com/shopee/modules-federation/live/0/shopee__item-card-standard-v2/0.2.8/pc/38e203dc86172a6c6560.svg,,https://deo.shopeemobile.com/shopee/modules-federation/live/0/shopee__item-card-standard-v2/0.2.8/pc/5dd7b4560d0e2d3190e8.svg,Jakarta Utara,-49%,https://deo.shopeemobile.com/shopee/modules-federation/live/0/shopee__item-card-standard-v2/0.2.8/pc/0614b8f0a8fdde22942d.svg,< 2 Hari,https://deo.shopeemobile.com/shopee/modules-federation/live/0/shopee__item-card-standard-v2/0.2.8/pc/b4d1b8a78b3621dbdf4a.svg,,"iPhone 15 Series Original Garansi Resmi
Rp
11.790.000
-49%
5.0
236 Terjual
< 2 Hari
Jakarta Utara",https://shopee.co.id/iPhone-15-Series-Original-Garansi-Resmi-i.383392952.42364341867?extraParams=%7B%22display_model_id%22%3A360220238613%2C%22model_selection_logic%22%3A3%7D&sp_atk=c6671e12-496a-4434-8c39-d16bae3f334e&xptdk=c6671e12-496a-4434-8c39-d16bae3f334e,,
https://down-id.img.susercontent.com/file/sg-11134201-7rdxy-mcjf95e2o8dm39,https://down-id.img.susercontent.com/file/id-11134258-822ws-mnciva8io4qu2f,[NEW] Apple iPhone 16 256 GB,https://deo.shopeemobile.com/shopee/modules-federation/live/0/shopee__item-card-standard-v2/0.2.8/pc/7c9110f78e069acbced7.png,Rp,14.644.000,,https://deo.shopeemobile.com/shopee/modules-federation/live/0/shopee__item-card-standard-v2/0.2.8/pc/d7099d3fd1dfdaf705ab.svg,4.9,947 Terjual,https://deo.shopeemobile.com/shopee/modules-federation/live/0/shopee__item-card-standard-v2/0.2.8/pc/38e203dc86172a6c6560.svg,,https://deo.shopeemobile.com/shopee/modules-federation/live/0/shopee__item-card-standard-v2/0.2.8/pc/5dd7b4560d0e2d3190e8.svg,Jakarta Pusat,-27%,https://deo.shopeemobile.com/shopee/modules-federation/live/0/shopee__item-card-standard-v2/0.2.8/pc/0614b8f0a8fdde22942d.svg,< 2 Hari,https://deo.shopeemobile.com/shopee/modules-federation/live/0/shopee__item-card-standard-v2/0.2.8/pc/b4d1b8a78b3621dbdf4a.svg,,"[NEW] Apple iPhone 16 256 GB
Rp
14.644.000
-27%
4.9
947 Terjual
< 2 Hari
Jakarta Pusat",https://shopee.co.id/-NEW-Apple-iPhone-16-256-GB-i.958170979.41609712165?extraParams=%7B%22display_model_id%22%3A139408460307%2C%22model_selection_logic%22%3A3%7D&sp_atk=63fb5c06-cca1-4453-b062-305fbf9b0dd3&xptdk=63fb5c06-cca1-4453-b062-305fbf9b0dd3,,
https://down-id.img.susercontent.com/file/sg-11134201-22120-pnrkaeyk1dlvc4,https://down-id.img.susercontent.com/file/id-11134258-8224v-mkvw0cu9r7k1a5,iphone 14 128 GB Garansi Resmi indonesia,https://deo.shopeemobile.com/shopee/modules-federation/live/0/shopee__item-card-standard-v2/0.2.8/pc/a425c915798471b33e5d.png,Rp,8.799.999,,https://deo.shopeemobile.com/shopee/modules-federation/live/0/shopee__item-card-standard-v2/0.2.8/pc/d7099d3fd1dfdaf705ab.svg,5.0,3 Terjual,https://deo.shopeemobile.com/shopee/modules-federation/live/0/shopee__item-card-standard-v2/0.2.8/pc/38e203dc86172a6c6560.svg,,https://deo.shopeemobile.com/shopee/modules-federation/live/0/shopee__item-card-standard-v2/0.2.8/pc/5dd7b4560d0e2d3190e8.svg,Mojokerto,,https://deo.shopeemobile.com/shopee/modules-federation/live/0/shopee__item-card-standard-v2/0.2.8/pc/0614b8f0a8fdde22942d.svg,< 2 Hari,,,"iphone 14 128 GB Garansi Resmi indonesia
Rp
8.799.999
5.0
3 Terjual
< 2 Hari
Mojokerto",https://shopee.co.id/iphone-14-128-GB-Garansi-Resmi-indonesia-i.72666055.20769497967?extraParams=%7B%22display_model_id%22%3A235768572788%2C%22model_selection_logic%22%3A3%7D&sp_atk=23b40f44-001b-4b12-8aa5-fbccafe2ec52&xptdk=23b40f44-001b-4b12-8aa5-fbccafe2ec52,,
https://down-id.img.susercontent.com/file/id-11134207-7ra0g-mc6b517hyhixd4,https://down-id.img.susercontent.com/file/id-11134258-822ws-mnciva8io4qu2f,"Apple Iphone 15/15+ (128GB, 256GB) Super Retina XDR",https://deo.shopeemobile.com/shopee/modules-federation/live/0/shopee__item-card-standard-v2/0.2.8/pc/e4734dab67ee2f9ebd5a.png,Rp,12.619.000,,https://deo.shopeemobile.com/shopee/modules-federation/live/0/shopee__item-card-standard-v2/0.2.8/pc/d7099d3fd1dfdaf705ab.svg,4.9,68 Terjual,https://deo.shopeemobile.com/shopee/modules-federation/live/0/shopee__item-card-standard-v2/0.2.8/pc/76dff349290d20891fc1.svg,1-3 Hari,https://deo.shopeemobile.com/shopee/modules-federation/live/0/shopee__item-card-standard-v2/0.2.8/pc/5dd7b4560d0e2d3190e8.svg,Pasuruan,,,,,,"Apple Iphone 15/15+ (128GB, 256GB) Super Retina XDR
Rp
12.619.000
4.9
68 Terjual
1-3 Hari
Pasuruan",https://shopee.co.id/Apple-Iphone-15-15-(128GB-256GB)-Super-Retina-XDR-i.49893858.43558463605?extraParams=%7B%22display_model_id%22%3A270713808008%2C%22model_selection_logic%22%3A3%7D&sp_atk=4140a827-9d0d-447b-bb59-e849dd6bb92d&xptdk=4140a827-9d0d-447b-bb59-e849dd6bb92d,,
https://down-id.img.susercontent.com/file/id-11134207-82250-mi1jb4odg4jmc1,https://down-id.img.susercontent.com/file/id-11134258-822ws-mnciva8io4qu2f,[NEW] Apple iPhone 15 128 GB Garansi Resmi Indonesia,https://deo.shopeemobile.com/shopee/modules-federation/live/0/shopee__item-card-standard-v2/0.2.8/pc/7c9110f78e069acbced7.png,Rp,10.274.000,,https://deo.shopeemobile.com/shopee/modules-federation/live/0/shopee__item-card-standard-v2/0.2.8/pc/d7099d3fd1dfdaf705ab.svg,4.8,271 Terjual,https://deo.shopeemobile.com/shopee/modules-federation/live/0/shopee__item-card-standard-v2/0.2.8/pc/38e203dc86172a6c6560.svg,,https://deo.shopeemobile.com/shopee/modules-federation/live/0/shopee__item-card-standard-v2/0.2.8/pc/5dd7b4560d0e2d3190e8.svg,Jakarta Pusat,-32%,https://deo.shopeemobile.com/shopee/modules-federation/live/0/shopee__item-card-standard-v2/0.2.8/pc/0614b8f0a8fdde22942d.svg,< 2 Hari,https://deo.shopeemobile.com/shopee/modules-federation/live/0/shopee__item-card-standard-v2/0.2.8/pc/b4d1b8a78b3621dbdf4a.svg,,"[NEW] Apple iPhone 15 128 GB Garansi Resmi Indonesia
Rp
10.274.000
-32%
4.8
271 Terjual
< 2 Hari
Jakarta Pusat",https://shopee.co.id/-NEW-Apple-iPhone-15-128-GB-Garansi-Resmi-Indonesia-i.958170979.43917311129?extraParams=%7B%22display_model_id%22%3A350420725306%2C%22model_selection_logic%22%3A3%7D&sp_atk=dd3b8b8f-f9ce-48d2-b677-9af4cf0cd67b&xptdk=dd3b8b8f-f9ce-48d2-b677-9af4cf0cd67b,,
https://down-id.img.susercontent.com/file/id-11134207-8224u-mkryjnwwwkjoc8,https://down-id.img.susercontent.com/file/id-11134258-822ws-mnciva8io4qu2f,IPHONE 14 128GB / 256GB GARANSI RESMI INDONESIA,https://deo.shopeemobile.com/shopee/modules-federation/live/0/shopee__item-card-standard-v2/0.2.8/pc/7c9110f78e069acbced7.png,Rp,11.154.000,,https://deo.shopeemobile.com/shopee/modules-federation/live/0/shopee__item-card-standard-v2/0.2.8/pc/d7099d3fd1dfdaf705ab.svg,5.0,48 Terjual,https://deo.shopeemobile.com/shopee/modules-federation/live/0/shopee__item-card-standard-v2/0.2.8/pc/38e203dc86172a6c6560.svg,,https://deo.shopeemobile.com/shopee/modules-federation/live/0/shopee__item-card-standard-v2/0.2.8/pc/5dd7b4560d0e2d3190e8.svg,Jakarta Utara,-44%,https://deo.shopeemobile.com/shopee/modules-federation/live/0/shopee__item-card-standard-v2/0.2.8/pc/0614b8f0a8fdde22942d.svg,< 2 Hari,https://deo.shopeemobile.com/shopee/modules-federation/live/0/shopee__item-card-standard-v2/0.2.8/pc/b4d1b8a78b3621dbdf4a.svg,,"IPHONE 14 128GB / 256GB GARANSI RESMI INDONESIA
Rp
11.154.000
-44%
5.0
48 Terjual
< 2 Hari
Jakarta Utara",https://shopee.co.id/IPHONE-14-128GB-256GB-GARANSI-RESMI-INDONESIA-i.383392952.48306256799?extraParams=%7B%22display_model_id%22%3A370565698200%2C%22model_selection_logic%22%3A3%7D&sp_atk=0e74309b-54c3-413f-897e-07882350e026&xptdk=0e74309b-54c3-413f-897e-07882350e026,,
https://down-id.img.susercontent.com/file/id-11134207-822wm-mn82gyj7wq9wa6,https://down-id.img.susercontent.com/file/id-11134258-8224v-mkvw0cu9r7k1a5,IPHONE 14 NEW SEGEL BNIB GARANSI RESMI INDONESIA,,Rp,8.900.000,,,,3-5 Hari,https://deo.shopeemobile.com/shopee/modules-federation/live/0/shopee__item-card-standard-v2/0.2.8/pc/76dff349290d20891fc1.svg,3-5 Hari,https://deo.shopeemobile.com/shopee/modules-federation/live/0/shopee__item-card-standard-v2/0.2.8/pc/5dd7b4560d0e2d3190e8.svg,Kab. Sukoharjo,,,,,,"IPHONE 14 NEW SEGEL BNIB GARANSI RESMI INDONESIA
Rp
8.900.000
3-5 Hari
Kab. Sukoharjo",https://shopee.co.id/IPHONE-14-NEW-SEGEL-BNIB-GARANSI-RESMI-INDONESIA-i.1227615678.46509120194?extraParams=%7B%22display_model_id%22%3A375805727528%2C%22model_selection_logic%22%3A3%7D&sp_atk=8c7f654c-c2a4-49b1-8261-bd087a363d3b&xptdk=8c7f654c-c2a4-49b1-8261-bd087a363d3b,,
https://down-id.img.susercontent.com/file/id-11134207-82250-mjj9ityxv47bca,https://down-id.img.susercontent.com/file/id-11134258-822ws-mnciva8io4qu2f,IP 14 [ Garansi Resmi ] [Iphone@] 128GB Resmi,https://deo.shopeemobile.com/shopee/modules-federation/live/0/shopee__item-card-standard-v2/0.2.8/pc/7c9110f78e069acbced7.png,Rp,9.949.000,Kombo Hemat,https://deo.shopeemobile.com/shopee/modules-federation/live/0/shopee__item-card-standard-v2/0.2.8/pc/d7099d3fd1dfdaf705ab.svg,5.0,315 Terjual,https://deo.shopeemobile.com/shopee/modules-federation/live/0/shopee__item-card-standard-v2/0.2.8/pc/38e203dc86172a6c6560.svg,,https://deo.shopeemobile.com/shopee/modules-federation/live/0/shopee__item-card-standard-v2/0.2.8/pc/5dd7b4560d0e2d3190e8.svg,Jakarta Barat,-9%,https://deo.shopeemobile.com/shopee/modules-federation/live/0/shopee__item-card-standard-v2/0.2.8/pc/0614b8f0a8fdde22942d.svg,< 2 Hari,,,"IP 14 [ Garansi Resmi ] [Iphone@] 128GB Resmi
Rp
9.949.000
-9%
Kombo Hemat
5.0
315 Terjual
< 2 Hari
Jakarta Barat",https://shopee.co.id/IP-14-Garansi-Resmi-Iphone-128GB-Resmi-i.1516969716.47954790925?extraParams=%7B%22display_model_id%22%3A259145450021%2C%22model_selection_logic%22%3A3%7D&sp_atk=6e24af99-191a-4e8d-9edb-772fa8bc3790&xptdk=6e24af99-191a-4e8d-9edb-772fa8bc3790,,
https://down-id.img.susercontent.com/file/id-11134207-822wt-mmrlij7jrx8l95,https://down-id.img.susercontent.com/file/id-11134258-8224v-mkvw0cu9r7k1a5,Iphone 13 128GB New Garansi Resmi,,Rp,8.050.000,,,,3-5 Hari,https://deo.shopeemobile.com/shopee/modules-federation/live/0/shopee__item-card-standard-v2/0.2.8/pc/76dff349290d20891fc1.svg,3-5 Hari,https://deo.shopeemobile.com/shopee/modules-federation/live/0/shopee__item-card-standard-v2/0.2.8/pc/5dd7b4560d0e2d3190e8.svg,Kab. Rembang,,,,,,"Iphone 13 128GB New Garansi Resmi
Rp
8.050.000
3-5 Hari
Kab. Rembang",https://shopee.co.id/Iphone-13-128GB-New-Garansi-Resmi-i.425930350.41479826880?extraParams=%7B%22display_model_id%22%3A330741821268%2C%22model_selection_logic%22%3A3%7D&sp_atk=a9465b48-5d6c-43ad-8a11-1318b72a7ac7&xptdk=a9465b48-5d6c-43ad-8a11-1318b72a7ac7,,
https://down-id.img.susercontent.com/file/id-11134207-8224r-mjpu0068wiyvbd,https://down-id.img.susercontent.com/file/id-11134258-8224v-mkvw0cu9r7k1a5,iphone 14 128GB garansi resmi pa/a sa/a id/a,,Rp,9.199.000,,https://deo.shopeemobile.com/shopee/modules-federation/live/0/shopee__item-card-standard-v2/0.2.8/pc/d7099d3fd1dfdaf705ab.svg,5.0,5 Terjual,https://deo.shopeemobile.com/shopee/modules-federation/live/0/shopee__item-card-standard-v2/0.2.8/pc/38e203dc86172a6c6560.svg,,https://deo.shopeemobile.com/shopee/modules-federation/live/0/shopee__item-card-standard-v2/0.2.8/pc/5dd7b4560d0e2d3190e8.svg,Surabaya,,https://deo.shopeemobile.com/shopee/modules-federation/live/0/shopee__item-card-standard-v2/0.2.8/pc/0614b8f0a8fdde22942d.svg,< 2 Hari,,,"iphone 14 128GB garansi resmi pa/a sa/a id/a
Rp
9.199.000
5.0
5 Terjual
< 2 Hari
Surabaya",https://shopee.co.id/iphone-14-128GB-garansi-resmi-pa-a-sa-a-id-a-i.203472191.47154998539?extraParams=%7B%22display_model_id%22%3A405804680849%2C%22model_selection_logic%22%3A3%7D&sp_atk=193567f2-fbda-4ab4-bd84-9083633c9e77&xptdk=193567f2-fbda-4ab4-bd84-9083633c9e77,,
https://down-id.img.susercontent.com/file/id-11134207-81ztj-menwsivadpfk51,https://down-id.img.susercontent.com/file/id-11134258-8224v-mkvw0cu9r7k1a5,Apple iPhone 15 128 GB,https://deo.shopeemobile.com/shopee/modules-federation/live/0/shopee__item-card-standard-v2/0.2.8/pc/7c9110f78e069acbced7.png,Rp,11.999.000,,https://deo.shopeemobile.com/shopee/modules-federation/live/0/shopee__item-card-standard-v2/0.2.8/pc/d7099d3fd1dfdaf705ab.svg,5.0,3RB+ Terjual,https://deo.shopeemobile.com/shopee/modules-federation/live/0/shopee__item-card-standard-v2/0.2.8/pc/38e203dc86172a6c6560.svg,,https://deo.shopeemobile.com/shopee/modules-federation/live/0/shopee__item-card-standard-v2/0.2.8/pc/5dd7b4560d0e2d3190e8.svg,Bekasi,-27%,https://deo.shopeemobile.com/shopee/modules-federation/live/0/shopee__item-card-standard-v2/0.2.8/pc/0614b8f0a8fdde22942d.svg,< 2 Hari,,,"Apple iPhone 15 128 GB
Rp
11.999.000
-27%
5.0
3RB+ Terjual
< 2 Hari
Bekasi",https://shopee.co.id/Apple-iPhone-15-128-GB-i.1269032741.29551480769?extraParams=%7B%22display_model_id%22%3A250931789053%2C%22model_selection_logic%22%3A3%7D&sp_atk=497aa7ad-723d-47b3-a05b-4c50cd23fa6c&xptdk=497aa7ad-723d-47b3-a05b-4c50cd23fa6c,,
https://down-id.img.susercontent.com/file/id-11134207-822wg-mmwo8jafs1zc91,https://down-id.img.susercontent.com/file/id-11134258-8224v-mkvw0cu9r7k1a5,Iphone 13 128 GB New BNIB,,Rp,8.049.000,,,,3 Terjual,https://deo.shopeemobile.com/shopee/modules-federation/live/0/shopee__item-card-standard-v2/0.2.8/pc/76dff349290d20891fc1.svg,1-3 Hari,https://deo.shopeemobile.com/shopee/modules-federation/live/0/shopee__item-card-standard-v2/0.2.8/pc/5dd7b4560d0e2d3190e8.svg,Kab. Demak,,,,,,"Iphone 13 128 GB New BNIB
Rp
8.049.000
3 Terjual
1-3 Hari
Kab. Demak",https://shopee.co.id/Iphone-13-128-GB-New-BNIB-i.1559034470.48358623422?extraParams=%7B%22display_model_id%22%3A244205486025%2C%22model_selection_logic%22%3A3%7D&sp_atk=e29e9519-fb66-4128-b19f-f842722c36e0&xptdk=e29e9519-fb66-4128-b19f-f842722c36e0,,
https://down-id.img.susercontent.com/file/id-11134207-8224w-mgrwu249la8d56,https://down-id.img.susercontent.com/file/id-11134258-822ws-mnciva8io4qu2f,Iphone IP 15 128 Garansi Resmi Indo,https://deo.shopeemobile.com/shopee/modules-federation/live/0/shopee__item-card-standard-v2/0.2.8/pc/7c9110f78e069acbced7.png,Rp,11.839.000,Kombo Hemat,https://deo.shopeemobile.com/shopee/modules-federation/live/0/shopee__item-card-standard-v2/0.2.8/pc/d7099d3fd1dfdaf705ab.svg,5.0,127 Terjual,https://deo.shopeemobile.com/shopee/modules-federation/live/0/shopee__item-card-standard-v2/0.2.8/pc/38e203dc86172a6c6560.svg,,https://deo.shopeemobile.com/shopee/modules-federation/live/0/shopee__item-card-standard-v2/0.2.8/pc/5dd7b4560d0e2d3190e8.svg,Jakarta Barat,-21%,https://deo.shopeemobile.com/shopee/modules-federation/live/0/shopee__item-card-standard-v2/0.2.8/pc/0614b8f0a8fdde22942d.svg,< 2 Hari,,,"Iphone IP 15 128 Garansi Resmi Indo
Rp
11.839.000
-21%
Kombo Hemat
5.0
127 Terjual
< 2 Hari
Jakarta Barat",https://shopee.co.id/Iphone-IP-15-128-Garansi-Resmi-Indo-i.1516969716.41660748693?extraParams=%7B%22display_model_id%22%3A265904120420%2C%22model_selection_logic%22%3A3%7D&sp_atk=bf59fdd6-1d2d-4539-8b36-20e0acd0cb02&xptdk=bf59fdd6-1d2d-4539-8b36-20e0acd0cb02,,
https://down-id.img.susercontent.com/file/id-11134207-82252-ml1hev33jd3ab4,https://down-id.img.susercontent.com/file/id-11134258-8224v-mkvw0cu9r7k1a5,iPhone 14 New/Baru Resmi Indonesia,,Rp,9.150.000,,https://deo.shopeemobile.com/shopee/modules-federation/live/0/shopee__item-card-standard-v2/0.2.8/pc/d7099d3fd1dfdaf705ab.svg,5.0,4 Terjual,https://deo.shopeemobile.com/shopee/modules-federation/live/0/shopee__item-card-standard-v2/0.2.8/pc/76dff349290d20891fc1.svg,4-7 Hari,https://deo.shopeemobile.com/shopee/modules-federation/live/0/shopee__item-card-standard-v2/0.2.8/pc/5dd7b4560d0e2d3190e8.svg,Banjarbaru,,,,,,"iPhone 14 New/Baru Resmi Indonesia
Rp
9.150.000
5.0
4 Terjual
4-7 Hari
Banjarbaru",https://shopee.co.id/iPhone-14-New-Baru-Resmi-Indonesia-i.886008799.25805861987?extraParams=%7B%22display_model_id%22%3A240153328939%2C%22model_selection_logic%22%3A3%7D&sp_atk=a3cd70cb-8117-41f1-a057-e150804bebae&xptdk=a3cd70cb-8117-41f1-a057-e150804bebae,,
https://down-id.img.susercontent.com/file/id-11134207-81zti-mef81bnoedj919,https://down-id.img.susercontent.com/file/id-11134258-822ws-mnciva8io4qu2f,Iphone IP 15 128GB Garansi Resmi,https://deo.shopeemobile.com/shopee/modules-federation/live/0/shopee__item-card-standard-v2/0.2.8/pc/7c9110f78e069acbced7.png,Rp,11.839.000,Kombo Hemat,https://deo.shopeemobile.com/shopee/modules-federation/live/0/shopee__item-card-standard-v2/0.2.8/pc/d7099d3fd1dfdaf705ab.svg,4.9,181 Terjual,https://deo.shopeemobile.com/shopee/modules-federation/live/0/shopee__item-card-standard-v2/0.2.8/pc/38e203dc86172a6c6560.svg,,https://deo.shopeemobile.com/shopee/modules-federation/live/0/shopee__item-card-standard-v2/0.2.8/pc/5dd7b4560d0e2d3190e8.svg,Jakarta Barat,-9%,https://deo.shopeemobile.com/shopee/modules-federation/live/0/shopee__item-card-standard-v2/0.2.8/pc/0614b8f0a8fdde22942d.svg,< 2 Hari,,,"Iphone IP 15 128GB Garansi Resmi
Rp
11.839.000
-9%
Kombo Hemat
4.9
181 Terjual
< 2 Hari
Jakarta Barat",https://shopee.co.id/Iphone-IP-15-128GB-Garansi-Resmi-i.1516969716.29191310429?extraParams=%7B%22display_model_id%22%3A291493165292%2C%22model_selection_logic%22%3A3%7D&sp_atk=ff93a1cf-d33f-4181-9dd1-0c41f3c30b41&xptdk=ff93a1cf-d33f-4181-9dd1-0c41f3c30b41,,
https://down-id.img.susercontent.com/file/id-11134207-7rbk2-madsnkibyjqw87,https://down-id.img.susercontent.com/file/id-11134258-8224v-mkvw0cu9r7k1a5,iPhone 15 128GB 256GB 512GB Garansi Resmi iBox GDN Digimap,https://deo.shopeemobile.com/shopee/modules-federation/live/0/shopee__item-card-standard-v2/0.2.8/pc/e4734dab67ee2f9ebd5a.png,Rp,11.990.000,,https://deo.shopeemobile.com/shopee/modules-federation/live/0/shopee__item-card-standard-v2/0.2.8/pc/d7099d3fd1dfdaf705ab.svg,5.0,106 Terjual,https://deo.shopeemobile.com/shopee/modules-federation/live/0/shopee__item-card-standard-v2/0.2.8/pc/38e203dc86172a6c6560.svg,,https://deo.shopeemobile.com/shopee/modules-federation/live/0/shopee__item-card-standard-v2/0.2.8/pc/5dd7b4560d0e2d3190e8.svg,Kab. Sukoharjo,-6%,https://deo.shopeemobile.com/shopee/modules-federation/live/0/shopee__item-card-standard-v2/0.2.8/pc/0614b8f0a8fdde22942d.svg,< 2 Hari,,,"iPhone 15 128GB 256GB 512GB Garansi Resmi iBox GDN Digimap
Rp
11.990.000
-6%
5.0
106 Terjual
< 2 Hari
Kab. Sukoharjo",https://shopee.co.id/iPhone-15-128GB-256GB-512GB-Garansi-Resmi-iBox-GDN-Digimap-i.40255164.27937067543?extraParams=%7B%22display_model_id%22%3A260223292378%2C%22model_selection_logic%22%3A3%7D&sp_atk=a2c7ea52-92e0-4a47-becb-5dd7ec828c28&xptdk=a2c7ea52-92e0-4a47-becb-5dd7ec828c28,,
https://down-id.img.susercontent.com/file/id-11134207-8224s-mhppkceyry8053,https://down-id.img.susercontent.com/file/id-11134258-822wr-mlx67rtd6r602f,iPhone 13 128Gb New Segel Resmi,https://deo.shopeemobile.com/shopee/modules-federation/live/0/shopee__item-card-standard-v2/0.2.8/pc/e4734dab67ee2f9ebd5a.png,Rp,10.000.000,,https://deo.shopeemobile.com/shopee/modules-federation/live/0/shopee__item-card-standard-v2/0.2.8/pc/d7099d3fd1dfdaf705ab.svg,5.0,9 Terjual,https://deo.shopeemobile.com/shopee/modules-federation/live/0/shopee__item-card-standard-v2/0.2.8/pc/76dff349290d20891fc1.svg,2-3 Hari,https://deo.shopeemobile.com/shopee/modules-federation/live/0/shopee__item-card-standard-v2/0.2.8/pc/5dd7b4560d0e2d3190e8.svg,Malang,,,,,,"iPhone 13 128Gb New Segel Resmi
Rp
10.000.000
5.0
9 Terjual
2-3 Hari
Malang",https://shopee.co.id/iPhone-13-128Gb-New-Segel-Resmi-i.206680820.26565446460?extraParams=%7B%22display_model_id%22%3A320326901908%2C%22model_selection_logic%22%3A3%7D&sp_atk=1a46e7a5-488e-4b07-a6e6-2c44df785277&xptdk=1a46e7a5-488e-4b07-a6e6-2c44df785277,,
https://down-id.img.susercontent.com/file/id-11134207-8224t-mhfpyej1yww89b,https://down-id.img.susercontent.com/file/id-11134258-8224v-mkvw0cu9r7k1a5,iPhone Air 5G internal 256gb,https://deo.shopeemobile.com/shopee/modules-federation/live/0/shopee__item-card-standard-v2/0.2.8/pc/a425c915798471b33e5d.png,Rp,8.100.000,,https://deo.shopeemobile.com/shopee/modules-federation/live/0/shopee__item-card-standard-v2/0.2.8/pc/0614b8f0a8fdde22942d.svg,,1 Terjual,https://deo.shopeemobile.com/shopee/modules-federation/live/0/shopee__item-card-standard-v2/0.2.8/pc/38e203dc86172a6c6560.svg,,https://deo.shopeemobile.com/shopee/modules-federation/live/0/shopee__item-card-standard-v2/0.2.8/pc/5dd7b4560d0e2d3190e8.svg,Jakarta Pusat,,https://deo.shopeemobile.com/shopee/modules-federation/live/0/shopee__item-card-standard-v2/0.2.8/pc/0614b8f0a8fdde22942d.svg,< 2 Hari,,,"iPhone Air 5G internal 256gb
Rp
8.100.000
1 Terjual
< 2 Hari
Jakarta Pusat",https://shopee.co.id/iPhone-Air-5G-internal-256gb-i.1172650728.41626711869?extraParams=%7B%22display_model_id%22%3A350195790473%2C%22model_selection_logic%22%3A3%7D&sp_atk=b3506402-6bb1-4ed1-848c-f6eb5c9b09eb&xptdk=b3506402-6bb1-4ed1-848c-f6eb5c9b09eb,,
https://down-id.img.susercontent.com/file/id-11134207-7rbke-m6x4x9yfp9bw1f,https://down-id.img.susercontent.com/file/id-11134258-8224v-mkvw0cu9r7k1a5,Iphone 13 Ibox Baru Terbatas,,Rp,8.050.000,,,,3-6 Hari,https://deo.shopeemobile.com/shopee/modules-federation/live/0/shopee__item-card-standard-v2/0.2.8/pc/76dff349290d20891fc1.svg,3-6 Hari,https://deo.shopeemobile.com/shopee/modules-federation/live/0/shopee__item-card-standard-v2/0.2.8/pc/5dd7b4560d0e2d3190e8.svg,Tangerang Selatan,,,,,https://deo.shopeemobile.com/shopee/modules-federation/live/0/shopee__item-card-standard-v2/0.2.8/pc/d2a1900a0267d45fd0f5.png,"Iphone 13 Ibox Baru Terbatas
Rp
8.050.000
3-6 Hari
Tangerang Selatan",https://shopee.co.id/Iphone-13-Ibox-Baru-Terbatas-i.50853425.27428217399?extraParams=%7B%22display_model_id%22%3A118606753183%2C%22model_selection_logic%22%3A3%7D&sp_atk=fe8e3774-55b9-4cbc-b33c-11b474019383&xptdk=fe8e3774-55b9-4cbc-b33c-11b474019383,,
https://down-id.img.susercontent.com/file/id-11134207-81ztp-metluvondp8kd5,https://down-id.img.susercontent.com/file/id-11134258-822ws-mnciva8io4qu2f,𝐈𝐩𝐡𝐨𝐧𝐞 15 128GB / 256GB,https://deo.shopeemobile.com/shopee/modules-federation/live/0/shopee__item-card-standard-v2/0.2.8/pc/7c9110f78e069acbced7.png,Rp,11.940.000,,https://deo.shopeemobile.com/shopee/modules-federation/live/0/shopee__item-card-standard-v2/0.2.8/pc/d7099d3fd1dfdaf705ab.svg,5.0,1RB+ Terjual,https://deo.shopeemobile.com/shopee/modules-federation/live/0/shopee__item-card-standard-v2/0.2.8/pc/38e203dc86172a6c6560.svg,,https://deo.shopeemobile.com/shopee/modules-federation/live/0/shopee__item-card-standard-v2/0.2.8/pc/5dd7b4560d0e2d3190e8.svg,Jakarta Utara,-30%,https://deo.shopeemobile.com/shopee/modules-federation/live/0/shopee__item-card-standard-v2/0.2.8/pc/0614b8f0a8fdde22942d.svg,< 2 Hari,https://deo.shopeemobile.com/shopee/modules-federation/live/0/shopee__item-card-standard-v2/0.2.8/pc/b4d1b8a78b3621dbdf4a.svg,,"𝐈𝐩𝐡𝐨𝐧𝐞 15 128GB / 256GB
Rp
11.940.000
-30%
5.0
1RB+ Terjual
< 2 Hari
Jakarta Utara",https://shopee.co.id/%F0%9D%90%88%F0%9D%90%A9%F0%9D%90%A1%F0%9D%90%A8%F0%9D%90%A7%F0%9D%90%9E-15-128GB-256GB-i.383392952.40703164076?extraParams=%7B%22display_model_id%22%3A285262030400%2C%22model_selection_logic%22%3A3%7D&sp_atk=183bafde-7def-4191-b125-ce2ddc5c1b13&xptdk=183bafde-7def-4191-b125-ce2ddc5c1b13,,
https://down-id.img.susercontent.com/file/id-11134207-822wp-mnb7pn0raarpce,https://down-id.img.susercontent.com/file/id-11134258-822ws-mnciva8io4qu2f,IPHONE 16 128GB GARANSI RESMI INDONESIA,https://deo.shopeemobile.com/shopee/modules-federation/live/0/shopee__item-card-standard-v2/0.2.8/pc/7c9110f78e069acbced7.png,Rp,14.704.000,,https://deo.shopeemobile.com/shopee/modules-federation/live/0/shopee__item-card-standard-v2/0.2.8/pc/d7099d3fd1dfdaf705ab.svg,4.9,1RB+ Terjual,https://deo.shopeemobile.com/shopee/modules-federation/live/0/shopee__item-card-standard-v2/0.2.8/pc/38e203dc86172a6c6560.svg,,https://deo.shopeemobile.com/shopee/modules-federation/live/0/shopee__item-card-standard-v2/0.2.8/pc/5dd7b4560d0e2d3190e8.svg,Jakarta Utara,-26%,https://deo.shopeemobile.com/shopee/modules-federation/live/0/shopee__item-card-standard-v2/0.2.8/pc/0614b8f0a8fdde22942d.svg,< 2 Hari,https://deo.shopeemobile.com/shopee/modules-federation/live/0/shopee__item-card-standard-v2/0.2.8/pc/b4d1b8a78b3621dbdf4a.svg,,"IPHONE 16 128GB GARANSI RESMI INDONESIA
Rp
14.704.000
-26%
4.9
1RB+ Terjual
< 2 Hari
Jakarta Utara",https://shopee.co.id/IPHONE-16-128GB-GARANSI-RESMI-INDONESIA-i.383392952.24493346244?extraParams=%7B%22display_model_id%22%3A179152120958%2C%22model_selection_logic%22%3A3%7D&sp_atk=bfa406f1-0f91-404f-bed5-fbb482688d34&xptdk=bfa406f1-0f91-404f-bed5-fbb482688d34,,
https://down-id.img.susercontent.com/file/id-11134207-81ztj-mexu0zxtwykh53,https://down-id.img.susercontent.com/file/id-11134258-822ws-mnciva8io4qu2f,Apple [iPhone] 16 128GB 256GB 512GB,https://deo.shopeemobile.com/shopee/modules-federation/live/0/shopee__item-card-standard-v2/0.2.8/pc/7c9110f78e069acbced7.png,Rp,14.799.000,,https://deo.shopeemobile.com/shopee/modules-federation/live/0/shopee__item-card-standard-v2/0.2.8/pc/d7099d3fd1dfdaf705ab.svg,4.9,423 Terjual,https://deo.shopeemobile.com/shopee/modules-federation/live/0/shopee__item-card-standard-v2/0.2.8/pc/38e203dc86172a6c6560.svg,,https://deo.shopeemobile.com/shopee/modules-federation/live/0/shopee__item-card-standard-v2/0.2.8/pc/5dd7b4560d0e2d3190e8.svg,Jakarta Barat,-8%,https://deo.shopeemobile.com/shopee/modules-federation/live/0/shopee__item-card-standard-v2/0.2.8/pc/0614b8f0a8fdde22942d.svg,< 2 Hari,,,"Apple [iPhone] 16 128GB 256GB 512GB
Rp
14.799.000
-8%
4.9
423 Terjual
< 2 Hari
Jakarta Barat",https://shopee.co.id/Apple-iPhone-16-128GB-256GB-512GB-i.1516969716.29691934924?extraParams=%7B%22display_model_id%22%3A271676332935%2C%22model_selection_logic%22%3A3%7D&sp_atk=efa40399-a786-47fb-9d69-c087994a6285&xptdk=efa40399-a786-47fb-9d69-c087994a6285,,
https://down-id.img.susercontent.com/file/id-11134207-7ra0l-mdpeam4l0jv073,https://down-id.img.susercontent.com/file/id-11134258-822ws-mnciva8io4qu2f,Iphone 14 128 GB Garansi Resmi Ibox Indonesia,https://deo.shopeemobile.com/shopee/modules-federation/live/0/shopee__item-card-standard-v2/0.2.8/pc/e4734dab67ee2f9ebd5a.png,Rp,10.199.000,,https://deo.shopeemobile.com/shopee/modules-federation/live/0/shopee__item-card-standard-v2/0.2.8/pc/d7099d3fd1dfdaf705ab.svg,5.0,50 Terjual,https://deo.shopeemobile.com/shopee/modules-federation/live/0/shopee__item-card-standard-v2/0.2.8/pc/38e203dc86172a6c6560.svg,,https://deo.shopeemobile.com/shopee/modules-federation/live/0/shopee__item-card-standard-v2/0.2.8/pc/5dd7b4560d0e2d3190e8.svg,Surabaya,,https://deo.shopeemobile.com/shopee/modules-federation/live/0/shopee__item-card-standard-v2/0.2.8/pc/0614b8f0a8fdde22942d.svg,< 2 Hari,,,"Iphone 14 128 GB Garansi Resmi Ibox Indonesia
Rp
10.199.000
5.0
50 Terjual
< 2 Hari
Surabaya",https://shopee.co.id/Iphone-14-128-GB-Garansi-Resmi-Ibox-Indonesia-i.36898663.42864422520?extraParams=%7B%22display_model_id%22%3A296188980526%2C%22model_selection_logic%22%3A3%7D&sp_atk=119f3235-63d5-4749-a225-747bc34cbcb1&xptdk=119f3235-63d5-4749-a225-747bc34cbcb1,,
https://down-id.img.susercontent.com/file/id-11134207-81zti-mfo2zvm60o3te9,https://down-id.img.susercontent.com/file/id-11134258-822ws-mnciva8io4qu2f,Apple iPhone 17 256GB 512GB Garansi Resmi Ibox / Digimap / GDN Original,https://deo.shopeemobile.com/shopee/modules-federation/live/0/shopee__item-card-standard-v2/0.2.8/pc/7c9110f78e069acbced7.png,Rp,18.211.000,Kombo Hemat,https://deo.shopeemobile.com/shopee/modules-federation/live/0/shopee__item-card-standard-v2/0.2.8/pc/d7099d3fd1dfdaf705ab.svg,5.0,79 Terjual,https://deo.shopeemobile.com/shopee/modules-federation/live/0/shopee__item-card-standard-v2/0.2.8/pc/38e203dc86172a6c6560.svg,,https://deo.shopeemobile.com/shopee/modules-federation/live/0/shopee__item-card-standard-v2/0.2.8/pc/5dd7b4560d0e2d3190e8.svg,Semarang,,https://deo.shopeemobile.com/shopee/modules-federation/live/0/shopee__item-card-standard-v2/0.2.8/pc/0614b8f0a8fdde22942d.svg,< 2 Hari,,https://deo.shopeemobile.com/shopee/modules-federation/live/0/shopee__item-card-standard-v2/0.2.8/pc/d2a1900a0267d45fd0f5.png,"Apple iPhone 17 256GB 512GB Garansi Resmi Ibox / Digimap / GDN Original
Rp
18.211.000
Kombo Hemat
5.0
79 Terjual
< 2 Hari
Semarang",https://shopee.co.id/Apple-iPhone-17-256GB-512GB-Garansi-Resmi-Ibox-Digimap-GDN-Original-i.71769871.40323544684?extraParams=%7B%22display_model_id%22%3A301914807318%2C%22model_selection_logic%22%3A3%7D&sp_atk=97766304-a552-442d-ba76-c91d93e07e76&xptdk=97766304-a552-442d-ba76-c91d93e07e76,,
https://down-id.img.susercontent.com/file/id-11134207-822wp-mmfvpwruj4lhf5,https://down-id.img.susercontent.com/file/id-11134258-8224v-mkvw0cu9r7k1a5,Apple iPhone 16 New 128GB 256GB 512GB 1TB Original Garansi Resmi,https://deo.shopeemobile.com/shopee/modules-federation/live/0/shopee__item-card-standard-v2/0.2.8/pc/e4734dab67ee2f9ebd5a.png,Rp,15.787.000,,https://deo.shopeemobile.com/shopee/modules-federation/live/0/shopee__item-card-standard-v2/0.2.8/pc/d7099d3fd1dfdaf705ab.svg,5.0,100 Terjual,https://deo.shopeemobile.com/shopee/modules-federation/live/0/shopee__item-card-standard-v2/0.2.8/pc/38e203dc86172a6c6560.svg,,https://deo.shopeemobile.com/shopee/modules-federation/live/0/shopee__item-card-standard-v2/0.2.8/pc/5dd7b4560d0e2d3190e8.svg,Bandung,,https://deo.shopeemobile.com/shopee/modules-federation/live/0/shopee__item-card-standard-v2/0.2.8/pc/0614b8f0a8fdde22942d.svg,< 2 Hari,,,"Apple iPhone 16 New 128GB 256GB 512GB 1TB Original Garansi Resmi
Rp
15.787.000
5.0
100 Terjual
< 2 Hari
Bandung",https://shopee.co.id/Apple-iPhone-16-New-128GB-256GB-512GB-1TB-Original-Garansi-Resmi-i.163046751.29686754758?extraParams=%7B%22display_model_id%22%3A260127412023%2C%22model_selection_logic%22%3A3%7D&sp_atk=47a1a61f-d53f-4b0d-924c-a22e6a20fcd4&xptdk=47a1a61f-d53f-4b0d-924c-a22e6a20fcd4,,
https://down-id.img.susercontent.com/file/id-11134207-8224w-mftk6a9iyv497e,https://down-id.img.susercontent.com/file/id-11134258-822ws-mnciva8io4qu2f,Apple iPhone 15 Garansi Resmi - 128GB 256GB 512GB Garansi TAM,https://deo.shopeemobile.com/shopee/modules-federation/live/0/shopee__item-card-standard-v2/0.2.8/pc/7c9110f78e069acbced7.png,Rp,12.221.000,,https://deo.shopeemobile.com/shopee/modules-federation/live/0/shopee__item-card-standard-v2/0.2.8/pc/d7099d3fd1dfdaf705ab.svg,5.0,11 Terjual,https://deo.shopeemobile.com/shopee/modules-federation/live/0/shopee__item-card-standard-v2/0.2.8/pc/38e203dc86172a6c6560.svg,,,,,https://deo.shopeemobile.com/shopee/modules-federation/live/0/shopee__item-card-standard-v2/0.2.8/pc/0614b8f0a8fdde22942d.svg,< 2 Hari,,https://deo.shopeemobile.com/shopee/modules-federation/live/0/shopee__item-card-standard-v2/0.2.8/pc/d2a1900a0267d45fd0f5.png,"Apple iPhone 15 Garansi Resmi - 128GB 256GB 512GB Garansi TAM
Rp
12.221.000
5.0
11 Terjual
< 2 Hari",https://shopee.co.id/Apple-iPhone-15-Garansi-Resmi-128GB-256GB-512GB-Garansi-TAM-i.810267424.44373180216?extraParams=%7B%22display_model_id%22%3A425549843630%2C%22model_selection_logic%22%3A3%7D&sp_atk=1fa98dcc-05a2-48ed-ab27-d1a10e09212f&xptdk=1fa98dcc-05a2-48ed-ab27-d1a10e09212f,,
https://down-id.img.susercontent.com/file/id-11134207-81ztq-mexp2uugzn5x38,https://down-id.img.susercontent.com/file/id-11134258-8224v-mkvw0cu9r7k1a5,iPhone 15 256GB Garansi Resmi Indonesia,https://deo.shopeemobile.com/shopee/modules-federation/live/0/shopee__item-card-standard-v2/0.2.8/pc/7c9110f78e069acbced7.png,Rp,15.399.000,,https://deo.shopeemobile.com/shopee/modules-federation/live/0/shopee__item-card-standard-v2/0.2.8/pc/d7099d3fd1dfdaf705ab.svg,5.0,23 Terjual,https://deo.shopeemobile.com/shopee/modules-federation/live/0/shopee__item-card-standard-v2/0.2.8/pc/38e203dc86172a6c6560.svg,,https://deo.shopeemobile.com/shopee/modules-federation/live/0/shopee__item-card-standard-v2/0.2.8/pc/5dd7b4560d0e2d3190e8.svg,Surabaya,,https://deo.shopeemobile.com/shopee/modules-federation/live/0/shopee__item-card-standard-v2/0.2.8/pc/0614b8f0a8fdde22942d.svg,Besok 12:00,,,"iPhone 15 256GB Garansi Resmi Indonesia
Rp
15.399.000
5.0
23 Terjual
Besok 12:00
Surabaya",https://shopee.co.id/iPhone-15-256GB-Garansi-Resmi-Indonesia-i.143199398.29891928147?extraParams=%7B%22display_model_id%22%3A281674235001%2C%22model_selection_logic%22%3A3%7D&sp_atk=7ab82bb3-cf15-4038-a7d1-dda43bf53a1d&xptdk=7ab82bb3-cf15-4038-a7d1-dda43bf53a1d,,
https://down-id.img.susercontent.com/file/id-11134207-822wg-mlm607vqadcff4,https://down-id.img.susercontent.com/file/id-11134258-7r98w-lyezzaurybot13,iPhone 13 128gb,,Rp,3.600.000,,,,,https://deo.shopeemobile.com/shopee/modules-federation/live/0/shopee__item-card-standard-v2/0.2.8/pc/76dff349290d20891fc1.svg,2-4 Hari,https://deo.shopeemobile.com/shopee/modules-federation/live/0/shopee__item-card-standard-v2/0.2.8/pc/5dd7b4560d0e2d3190e8.svg,Malang,,,,,,"iPhone 13 128gb
Rp
3.600.000
2-4 Hari
Malang",https://shopee.co.id/iPhone-13-128gb-i.1528650842.49007005505?extraParams=%7B%22display_model_id%22%3A385623702785%2C%22model_selection_logic%22%3A3%7D&sp_atk=111a2792-bd65-4937-ba42-2fa8e5681eb1&xptdk=111a2792-bd65-4937-ba42-2fa8e5681eb1,,
https://down-id.img.susercontent.com/file/id-11134207-822wk-mmsph2fnvoco59,https://down-id.img.susercontent.com/file/id-11134258-822wr-mlx5y0tebegw04,aipone 14 new garansi resmi,,Rp,9.750.000,,https://deo.shopeemobile.com/shopee/modules-federation/live/0/shopee__item-card-standard-v2/0.2.8/pc/d7099d3fd1dfdaf705ab.svg,5.0,,https://deo.shopeemobile.com/shopee/modules-federation/live/0/shopee__item-card-standard-v2/0.2.8/pc/76dff349290d20891fc1.svg,27 Terjual,https://deo.shopeemobile.com/shopee/modules-federation/live/0/shopee__item-card-standard-v2/0.2.8/pc/5dd7b4560d0e2d3190e8.svg,Kab. Tuban,,,,,https://deo.shopeemobile.com/shopee/modules-federation/live/0/shopee__item-card-standard-v2/0.2.8/pc/d2a1900a0267d45fd0f5.png,"aipone 14 new garansi resmi
Rp
9.750.000
5.0
27 Terjual
1-3 Hari
Kab. Tuban",https://shopee.co.id/aipone-14-new-garansi-resmi-i.727742206.28241223496?extraParams=%7B%22display_model_id%22%3A297490811314%2C%22model_selection_logic%22%3A3%7D&sp_atk=dd988e41-d9ac-4ec4-8216-9171fcb9d6c8&xptdk=dd988e41-d9ac-4ec4-8216-9171fcb9d6c8,,
https://down-id.img.susercontent.com/file/id-11134207-822wr-ml8qs0emjzet48,https://down-id.img.susercontent.com/file/id-11134258-822ws-mnciva8io4qu2f,Apple iPhone 14 128GB Garansi Resmi Indonesia,https://deo.shopeemobile.com/shopee/modules-federation/live/0/shopee__item-card-standard-v2/0.2.8/pc/7c9110f78e069acbced7.png,Rp,10.174.000,,https://deo.shopeemobile.com/shopee/modules-federation/live/0/shopee__item-card-standard-v2/0.2.8/pc/d7099d3fd1dfdaf705ab.svg,4.9,,https://deo.shopeemobile.com/shopee/modules-federation/live/0/shopee__item-card-standard-v2/0.2.8/pc/38e203dc86172a6c6560.svg,1RB+ Terjual,https://deo.shopeemobile.com/shopee/modules-federation/live/0/shopee__item-card-standard-v2/0.2.8/pc/5dd7b4560d0e2d3190e8.svg,Jakarta Pusat,-8%,https://deo.shopeemobile.com/shopee/modules-federation/live/0/shopee__item-card-standard-v2/0.2.8/pc/0614b8f0a8fdde22942d.svg,< 2 Hari,https://deo.shopeemobile.com/shopee/modules-federation/live/0/shopee__item-card-standard-v2/0.2.8/pc/b4d1b8a78b3621dbdf4a.svg,,"Apple iPhone 14 128GB Garansi Resmi Indonesia
Rp
10.174.000
-8%
4.9
1RB+ Terjual
< 2 Hari
Jakarta Pusat",https://shopee.co.id/Apple-iPhone-14-128GB-Garansi-Resmi-Indonesia-i.958170979.27339005295?extraParams=%7B%22display_model_id%22%3A350096674785%2C%22model_selection_logic%22%3A3%7D&sp_atk=3a9951f0-ffa8-4f36-bfd5-f24f7489e6ff&xptdk=3a9951f0-ffa8-4f36-bfd5-f24f7489e6ff,,
https://down-id.img.susercontent.com/file/id-11134207-8224r-mfw8p2dmvle309,https://down-id.img.susercontent.com/file/id-11134258-8224v-mkvw0cu9r7k1a5,Appleee i-Phone Air / i-Phone 17 256GB 512GB 1TB,https://deo.shopeemobile.com/shopee/modules-federation/live/0/shopee__item-card-standard-v2/0.2.8/pc/7c9110f78e069acbced7.png,Rp,17.619.000,,https://deo.shopeemobile.com/shopee/modules-federation/live/0/shopee__item-card-standard-v2/0.2.8/pc/d7099d3fd1dfdaf705ab.svg,5.0,,https://deo.shopeemobile.com/shopee/modules-federation/live/0/shopee__item-card-standard-v2/0.2.8/pc/38e203dc86172a6c6560.svg,45 Terjual,https://deo.shopeemobile.com/shopee/modules-federation/live/0/shopee__item-card-standard-v2/0.2.8/pc/5dd7b4560d0e2d3190e8.svg,Malang,-19%,https://deo.shopeemobile.com/shopee/modules-federation/live/0/shopee__item-card-standard-v2/0.2.8/pc/0614b8f0a8fdde22942d.svg,< 2 Hari,,,"Appleee i-Phone Air / i-Phone 17 256GB 512GB 1TB
Rp
17.619.000
-19%
5.0
45 Terjual
< 2 Hari
Malang",https://shopee.co.id/Appleee-i-Phone-Air-i-Phone-17-256GB-512GB-1TB-i.26681244.47900101893?extraParams=%7B%22display_model_id%22%3A330006994029%2C%22model_selection_logic%22%3A3%7D&sp_atk=c5dd7791-5bb1-40e0-a178-09f057a8c168&xptdk=c5dd7791-5bb1-40e0-a178-09f057a8c168,,
https://down-id.img.susercontent.com/file/id-11134207-81ztj-menzdguv8h6rda,https://down-id.img.susercontent.com/file/id-11134258-8224v-mkvw0cu9r7k1a5,Apple iPhone 16,https://deo.shopeemobile.com/shopee/modules-federation/live/0/shopee__item-card-standard-v2/0.2.8/pc/7c9110f78e069acbced7.png,Rp,14.499.000,,https://deo.shopeemobile.com/shopee/modules-federation/live/0/shopee__item-card-standard-v2/0.2.8/pc/d7099d3fd1dfdaf705ab.svg,4.9,,https://deo.shopeemobile.com/shopee/modules-federation/live/0/shopee__item-card-standard-v2/0.2.8/pc/38e203dc86172a6c6560.svg,1RB+ Terjual,https://deo.shopeemobile.com/shopee/modules-federation/live/0/shopee__item-card-standard-v2/0.2.8/pc/5dd7b4560d0e2d3190e8.svg,Bekasi,-15%,https://deo.shopeemobile.com/shopee/modules-federation/live/0/shopee__item-card-standard-v2/0.2.8/pc/0614b8f0a8fdde22942d.svg,< 2 Hari,,,"Apple iPhone 16
Rp
14.499.000
-15%
4.9
1RB+ Terjual
< 2 Hari
Bekasi",https://shopee.co.id/Apple-iPhone-16-i.1269032741.25086975525?extraParams=%7B%22display_model_id%22%3A187875531741%2C%22model_selection_logic%22%3A3%7D&sp_atk=397e0d04-6674-4ff2-8dd9-d303b1a1ef10&xptdk=397e0d04-6674-4ff2-8dd9-d303b1a1ef10,,
https://down-id.img.susercontent.com/file/id-11134207-7ra0u-mbny42tezttye7,https://down-id.img.susercontent.com/file/id-11134258-822ws-mnciva8io4qu2f,iPh@ne 13 [ ip 13 128 ] GB,https://deo.shopeemobile.com/shopee/modules-federation/live/0/shopee__item-card-standard-v2/0.2.8/pc/e4734dab67ee2f9ebd5a.png,Rp,9.499.000,,https://deo.shopeemobile.com/shopee/modules-federation/live/0/shopee__item-card-standard-v2/0.2.8/pc/d7099d3fd1dfdaf705ab.svg,4.9,,https://deo.shopeemobile.com/shopee/modules-federation/live/0/shopee__item-card-standard-v2/0.2.8/pc/38e203dc86172a6c6560.svg,154 Terjual,https://deo.shopeemobile.com/shopee/modules-federation/live/0/shopee__item-card-standard-v2/0.2.8/pc/5dd7b4560d0e2d3190e8.svg,Surabaya,,https://deo.shopeemobile.com/shopee/modules-federation/live/0/shopee__item-card-standard-v2/0.2.8/pc/0614b8f0a8fdde22942d.svg,< 2 Hari,,,"iPh@ne 13 [ ip 13 128 ] GB
Rp
9.499.000
4.9
154 Terjual
< 2 Hari
Surabaya",https://shopee.co.id/iPh-ne-13-ip-13-128-GB-i.36898663.24095803307?extraParams=%7B%22display_model_id%22%3A260588204142%2C%22model_selection_logic%22%3A3%7D&sp_atk=2c694656-44f6-43e8-a867-ba9821f6cdf9&xptdk=2c694656-44f6-43e8-a867-ba9821f6cdf9,,
https://down-id.img.susercontent.com/file/sg-11134201-821ge-mh0i1t0bmi3063,https://down-id.img.susercontent.com/file/id-11134258-822ws-mnciva8io4qu2f,iPhone 16 128GB - Garansi Resmi,https://deo.shopeemobile.com/shopee/modules-federation/live/0/shopee__item-card-standard-v2/0.2.8/pc/a425c915798471b33e5d.png,Rp,15.149.000,Kombo Hemat,https://deo.shopeemobile.com/shopee/modules-federation/live/0/shopee__item-card-standard-v2/0.2.8/pc/d7099d3fd1dfdaf705ab.svg,5.0,,https://deo.shopeemobile.com/shopee/modules-federation/live/0/shopee__item-card-standard-v2/0.2.8/pc/76dff349290d20891fc1.svg,469 Terjual,https://deo.shopeemobile.com/shopee/modules-federation/live/0/shopee__item-card-standard-v2/0.2.8/pc/5dd7b4560d0e2d3190e8.svg,Pontianak,,,,,,"iPhone 16 128GB - Garansi Resmi
Rp
15.149.000
Kombo Hemat
5.0
469 Terjual
2-5 Hari
Pontianak",https://shopee.co.id/iPhone-16-128GB-Garansi-Resmi-i.53222836.43405585394?extraParams=%7B%22display_model_id%22%3A262328184625%2C%22model_selection_logic%22%3A3%7D&sp_atk=d3fc0110-5a03-4ba7-b3dd-7973c22a302d&xptdk=d3fc0110-5a03-4ba7-b3dd-7973c22a302d,,
https://down-id.img.susercontent.com/file/id-11134207-81zti-mfnyhkdvc8aw2d,https://down-id.img.susercontent.com/file/id-11134258-8224v-mkvw0cu9r7k1a5,iPhone 15 IBOX 256 GB & 128 GB NEW Garansi Resmi,https://deo.shopeemobile.com/shopee/modules-federation/live/0/shopee__item-card-standard-v2/0.2.8/pc/e4734dab67ee2f9ebd5a.png,Rp,9.762.000,,https://deo.shopeemobile.com/shopee/modules-federation/live/0/shopee__item-card-standard-v2/0.2.8/pc/d7099d3fd1dfdaf705ab.svg,5.0,,https://deo.shopeemobile.com/shopee/modules-federation/live/0/shopee__item-card-standard-v2/0.2.8/pc/38e203dc86172a6c6560.svg,70 Terjual,https://deo.shopeemobile.com/shopee/modules-federation/live/0/shopee__item-card-standard-v2/0.2.8/pc/5dd7b4560d0e2d3190e8.svg,Bogor,,https://deo.shopeemobile.com/shopee/modules-federation/live/0/shopee__item-card-standard-v2/0.2.8/pc/0614b8f0a8fdde22942d.svg,< 2 Hari,,https://deo.shopeemobile.com/shopee/modules-federation/live/0/shopee__item-card-standard-v2/0.2.8/pc/d2a1900a0267d45fd0f5.png,"iPhone 15 IBOX 256 GB & 128 GB NEW Garansi Resmi
Rp
9.762.000
5.0
70 Terjual
< 2 Hari
Bogor",https://shopee.co.id/iPhone-15-IBOX-256-GB-128-GB-NEW-Garansi-Resmi-i.389328160.24420966347?extraParams=%7B%22display_model_id%22%3A405210752194%2C%22model_selection_logic%22%3A3%7D&sp_atk=27563829-eee2-4ddf-b1aa-393613e6f437&xptdk=27563829-eee2-4ddf-b1aa-393613e6f437,,
https://down-id.img.susercontent.com/file/id-11134207-8224v-mhjzd8rzutj7b1,https://down-id.img.susercontent.com/file/id-11134258-822ws-mnciva8io4qu2f,IPHONE 15 128GB / 256GB GARANSI RESMI APPLE INDONESIA,https://deo.shopeemobile.com/shopee/modules-federation/live/0/shopee__item-card-standard-v2/0.2.8/pc/7c9110f78e069acbced7.png,Rp,11.790.000,,https://deo.shopeemobile.com/shopee/modules-federation/live/0/shopee__item-card-standard-v2/0.2.8/pc/d7099d3fd1dfdaf705ab.svg,5.0,,https://deo.shopeemobile.com/shopee/modules-federation/live/0/shopee__item-card-standard-v2/0.2.8/pc/38e203dc86172a6c6560.svg,33 Terjual,https://deo.shopeemobile.com/shopee/modules-federation/live/0/shopee__item-card-standard-v2/0.2.8/pc/5dd7b4560d0e2d3190e8.svg,Jakarta Utara,-26%,https://deo.shopeemobile.com/shopee/modules-federation/live/0/shopee__item-card-standard-v2/0.2.8/pc/0614b8f0a8fdde22942d.svg,< 2 Hari,https://deo.shopeemobile.com/shopee/modules-federation/live/0/shopee__item-card-standard-v2/0.2.8/pc/b4d1b8a78b3621dbdf4a.svg,,"IPHONE 15 128GB / 256GB GARANSI RESMI APPLE INDONESIA
Rp
11.790.000
-26%
5.0
33 Terjual
< 2 Hari
Jakarta Utara",https://shopee.co.id/IPHONE-15-128GB-256GB-GARANSI-RESMI-APPLE-INDONESIA-i.383392952.42319884620?extraParams=%7B%22display_model_id%22%3A291626538884%2C%22model_selection_logic%22%3A3%7D&sp_atk=e2d56ac0-821d-412f-b801-aed5e0cb60a1&xptdk=e2d56ac0-821d-412f-b801-aed5e0cb60a1,,
https://down-id.img.susercontent.com/file/id-11134207-7rbke-m850w6ajy4wu49,https://down-id.img.susercontent.com/file/id-11134258-822ws-mnciva8io4qu2f,iPhone 14 [ Garansi Resmi ] 128GB + Adaptor Ori 20watt,https://deo.shopeemobile.com/shopee/modules-federation/live/0/shopee__item-card-standard-v2/0.2.8/pc/e4734dab67ee2f9ebd5a.png,Rp,9.949.000,,https://deo.shopeemobile.com/shopee/modules-federation/live/0/shopee__item-card-standard-v2/0.2.8/pc/d7099d3fd1dfdaf705ab.svg,4.9,,https://deo.shopeemobile.com/shopee/modules-federation/live/0/shopee__item-card-standard-v2/0.2.8/pc/76dff349290d20891fc1.svg,317 Terjual,https://deo.shopeemobile.com/shopee/modules-federation/live/0/shopee__item-card-standard-v2/0.2.8/pc/5dd7b4560d0e2d3190e8.svg,Jakarta Barat,-17%,,,,,"iPhone 14 [ Garansi Resmi ] 128GB + Adaptor Ori 20watt
Rp
9.949.000
-17%
4.9
317 Terjual
2-4 Hari
Jakarta Barat",https://shopee.co.id/iPhone-14-Garansi-Resmi-128GB-Adaptor-Ori-20watt-i.37667557.29731893510?extraParams=%7B%22display_model_id%22%3A198381775050%2C%22model_selection_logic%22%3A3%7D&sp_atk=5f2de015-510a-4282-bcf8-4177ad6d9903&xptdk=5f2de015-510a-4282-bcf8-4177ad6d9903,,
https://down-id.img.susercontent.com/file/id-11134207-82252-mhjzd8rzme4j3f,https://down-id.img.susercontent.com/file/id-11134258-822ws-mnciva8io4qu2f,Iphone 15 128GB / 256GB RESMI INDONESIA,https://deo.shopeemobile.com/shopee/modules-federation/live/0/shopee__item-card-standard-v2/0.2.8/pc/7c9110f78e069acbced7.png,Rp,11.790.000,,https://deo.shopeemobile.com/shopee/modules-federation/live/0/shopee__item-card-standard-v2/0.2.8/pc/d7099d3fd1dfdaf705ab.svg,4.9,,https://deo.shopeemobile.com/shopee/modules-federation/live/0/shopee__item-card-standard-v2/0.2.8/pc/38e203dc86172a6c6560.svg,127 Terjual,https://deo.shopeemobile.com/shopee/modules-federation/live/0/shopee__item-card-standard-v2/0.2.8/pc/5dd7b4560d0e2d3190e8.svg,Jakarta Utara,-26%,https://deo.shopeemobile.com/shopee/modules-federation/live/0/shopee__item-card-standard-v2/0.2.8/pc/0614b8f0a8fdde22942d.svg,< 2 Hari,https://deo.shopeemobile.com/shopee/modules-federation/live/0/shopee__item-card-standard-v2/0.2.8/pc/b4d1b8a78b3621dbdf4a.svg,,"Iphone 15 128GB / 256GB RESMI INDONESIA
Rp
11.790.000
-26%
4.9
127 Terjual
< 2 Hari
Jakarta Utara",https://shopee.co.id/Iphone-15-128GB-256GB-RESMI-INDONESIA-i.383392952.40158944172?extraParams=%7B%22display_model_id%22%3A290750029429%2C%22model_selection_logic%22%3A3%7D&sp_atk=5c9d8dc9-cc78-4d48-859e-d9223cbe861b&xptdk=5c9d8dc9-cc78-4d48-859e-d9223cbe861b,,
https://down-id.img.susercontent.com/file/id-11134207-81ztk-metiguznbm6c5b,https://down-id.img.susercontent.com/file/id-11134258-822ws-mnciva8io4qu2f,iPhone 13 128GB 256GB 512GB Green Starlight Midnight Pink Blue -Garansi Resmi,https://deo.shopeemobile.com/shopee/modules-federation/live/0/shopee__item-card-standard-v2/0.2.8/pc/7c9110f78e069acbced7.png,Rp,12.221.000,,https://deo.shopeemobile.com/shopee/modules-federation/live/0/shopee__item-card-standard-v2/0.2.8/pc/d7099d3fd1dfdaf705ab.svg,5.0,,https://deo.shopeemobile.com/shopee/modules-federation/live/0/shopee__item-card-standard-v2/0.2.8/pc/38e203dc86172a6c6560.svg,6 Terjual,https://deo.shopeemobile.com/shopee/modules-federation/live/0/shopee__item-card-standard-v2/0.2.8/pc/5dd7b4560d0e2d3190e8.svg,Surabaya,,https://deo.shopeemobile.com/shopee/modules-federation/live/0/shopee__item-card-standard-v2/0.2.8/pc/0614b8f0a8fdde22942d.svg,Besok 12:00,,https://deo.shopeemobile.com/shopee/modules-federation/live/0/shopee__item-card-standard-v2/0.2.8/pc/d2a1900a0267d45fd0f5.png,"iPhone 13 128GB 256GB 512GB Green Starlight Midnight Pink Blue -Garansi Resmi
Rp
12.221.000
5.0
6 Terjual
Besok 12:00
Surabaya",https://shopee.co.id/iPhone-13-128GB-256GB-512GB-Green-Starlight-Midnight-Pink-Blue-Garansi-Resmi-i.1541304119.27641620676?extraParams=%7B%22display_model_id%22%3A390586915869%2C%22model_selection_logic%22%3A3%7D&sp_atk=0a8bdddb-7e98-41f7-8a2d-2bade8912656&xptdk=0a8bdddb-7e98-41f7-8a2d-2bade8912656,,
https://down-id.img.susercontent.com/file/sg-11134201-821d0-mgytiplxdpmycc,https://down-id.img.susercontent.com/file/id-11134258-822ws-mnciva8io4qu2f,APPLE iPhone 16 128GB 256GB 512GB A18 CPU 6C GPU 5C OLED - Garansi Resmi,https://deo.shopeemobile.com/shopee/modules-federation/live/0/shopee__item-card-standard-v2/0.2.8/pc/7c9110f78e069acbced7.png,Rp,12.221.000,,https://deo.shopeemobile.com/shopee/modules-federation/live/0/shopee__item-card-standard-v2/0.2.8/pc/d7099d3fd1dfdaf705ab.svg,5.0,,https://deo.shopeemobile.com/shopee/modules-federation/live/0/shopee__item-card-standard-v2/0.2.8/pc/38e203dc86172a6c6560.svg,7 Terjual,https://deo.shopeemobile.com/shopee/modules-federation/live/0/shopee__item-card-standard-v2/0.2.8/pc/5dd7b4560d0e2d3190e8.svg,Surabaya,,https://deo.shopeemobile.com/shopee/modules-federation/live/0/shopee__item-card-standard-v2/0.2.8/pc/0614b8f0a8fdde22942d.svg,Besok 12:00,,https://deo.shopeemobile.com/shopee/modules-federation/live/0/shopee__item-card-standard-v2/0.2.8/pc/d2a1900a0267d45fd0f5.png,"APPLE iPhone 16 128GB 256GB 512GB A18 CPU 6C GPU 5C OLED - Garansi Resmi
Rp
12.221.000
5.0
7 Terjual
Besok 12:00
Surabaya",https://shopee.co.id/APPLE-iPhone-16-128GB-256GB-512GB-A18-CPU-6C-GPU-5C-OLED-Garansi-Resmi-i.620055636.45201237685?extraParams=%7B%22display_model_id%22%3A370596499482%2C%22model_selection_logic%22%3A3%7D&sp_atk=0c710e49-6bcb-46ad-974c-a32252af339b&xptdk=0c710e49-6bcb-46ad-974c-a32252af339b,,
https://down-id.img.susercontent.com/file/sg-11134201-8260j-mjs7d1de6eboaf,https://down-id.img.susercontent.com/file/id-11134258-822ws-mnciva8io4qu2f,Apple iPhone 17 512GB Garansi Resmi,https://deo.shopeemobile.com/shopee/modules-federation/live/0/shopee__item-card-standard-v2/0.2.8/pc/7c9110f78e069acbced7.png,Rp,17.494.000,,https://deo.shopeemobile.com/shopee/modules-federation/live/0/shopee__item-card-standard-v2/0.2.8/pc/d7099d3fd1dfdaf705ab.svg,5.0,,https://deo.shopeemobile.com/shopee/modules-federation/live/0/shopee__item-card-standard-v2/0.2.8/pc/38e203dc86172a6c6560.svg,131 Terjual,https://deo.shopeemobile.com/shopee/modules-federation/live/0/shopee__item-card-standard-v2/0.2.8/pc/5dd7b4560d0e2d3190e8.svg,Jakarta Pusat,-33%,https://deo.shopeemobile.com/shopee/modules-federation/live/0/shopee__item-card-standard-v2/0.2.8/pc/0614b8f0a8fdde22942d.svg,< 2 Hari,https://deo.shopeemobile.com/shopee/modules-federation/live/0/shopee__item-card-standard-v2/0.2.8/pc/b4d1b8a78b3621dbdf4a.svg,,"Apple iPhone 17 512GB Garansi Resmi
Rp
17.494.000
-33%
5.0
131 Terjual
< 2 Hari
Jakarta Pusat",https://shopee.co.id/Apple-iPhone-17-512GB-Garansi-Resmi-i.958170979.45605082814?extraParams=%7B%22display_model_id%22%3A410467113417%2C%22model_selection_logic%22%3A3%7D&sp_atk=3ec0deda-17bd-4519-9532-0ef08b071ae2&xptdk=3ec0deda-17bd-4519-9532-0ef08b071ae2,,
https://down-id.img.susercontent.com/file/id-11134207-7rbk9-ma457tzw6vfl43,https://down-id.img.susercontent.com/file/id-11134258-822ws-mnciva8io4qu2f,Apple iPhone 13 5G 128GB Garansi Resmi TAM/GDN Indonesia,,Rp,9.599.000,,https://deo.shopeemobile.com/shopee/modules-federation/live/0/shopee__item-card-standard-v2/0.2.8/pc/d7099d3fd1dfdaf705ab.svg,5.0,,https://deo.shopeemobile.com/shopee/modules-federation/live/0/shopee__item-card-standard-v2/0.2.8/pc/38e203dc86172a6c6560.svg,5 Terjual,https://deo.shopeemobile.com/shopee/modules-federation/live/0/shopee__item-card-standard-v2/0.2.8/pc/5dd7b4560d0e2d3190e8.svg,Tasikmalaya,,https://deo.shopeemobile.com/shopee/modules-federation/live/0/shopee__item-card-standard-v2/0.2.8/pc/0614b8f0a8fdde22942d.svg,< 2 Hari,,,"Apple iPhone 13 5G 128GB Garansi Resmi TAM/GDN Indonesia
Rp
9.599.000
5.0
5 Terjual
< 2 Hari
Tasikmalaya",https://shopee.co.id/Apple-iPhone-13-5G-128GB-Garansi-Resmi-TAM-GDN-Indonesia-i.427460714.42854710437?extraParams=%7B%22display_model_id%22%3A265400778737%2C%22model_selection_logic%22%3A3%7D&sp_atk=8cd6ec9e-782a-438d-84a7-585667f74274&xptdk=8cd6ec9e-782a-438d-84a7-585667f74274,,
https://down-id.img.susercontent.com/file/sg-11134201-8261z-mjoyysl8fv9hcd,https://down-id.img.susercontent.com/file/id-11134258-822ws-mnciva8io4qu2f,iPhone 17 Super Retina XDR - Garansi Resmi,https://deo.shopeemobile.com/shopee/modules-federation/live/0/shopee__item-card-standard-v2/0.2.8/pc/a425c915798471b33e5d.png,Rp,17.649.000,Kombo Hemat,https://deo.shopeemobile.com/shopee/modules-federation/live/0/shopee__item-card-standard-v2/0.2.8/pc/d7099d3fd1dfdaf705ab.svg,4.9,,https://deo.shopeemobile.com/shopee/modules-federation/live/0/shopee__item-card-standard-v2/0.2.8/pc/76dff349290d20891fc1.svg,335 Terjual,https://deo.shopeemobile.com/shopee/modules-federation/live/0/shopee__item-card-standard-v2/0.2.8/pc/5dd7b4560d0e2d3190e8.svg,Kab. Kota Waringin Timur,,,,,,"iPhone 17 Super Retina XDR - Garansi Resmi
Rp
17.649.000
Kombo Hemat
4.9
335 Terjual
2-5 Hari
Kab. Kota Waringin Timur",https://shopee.co.id/iPhone-17-Super-Retina-XDR-Garansi-Resmi-i.53222836.54604937780?extraParams=%7B%22display_model_id%22%3A335495423493%2C%22model_selection_logic%22%3A3%7D&sp_atk=c2c622e7-be4f-473b-ab70-aad505b972ef&xptdk=c2c622e7-be4f-473b-ab70-aad505b972ef,,
https://down-id.img.susercontent.com/file/id-11134207-7rasf-m1jbvil9l3drb0,https://down-id.img.susercontent.com/file/id-11134258-822ws-mnciva8io4qu2f,iPhhon 13 128 GB Garansi Resmi,https://deo.shopeemobile.com/shopee/modules-federation/live/0/shopee__item-card-standard-v2/0.2.8/pc/e4734dab67ee2f9ebd5a.png,Rp,9.499.000,,https://deo.shopeemobile.com/shopee/modules-federation/live/0/shopee__item-card-standard-v2/0.2.8/pc/d7099d3fd1dfdaf705ab.svg,4.9,,https://deo.shopeemobile.com/shopee/modules-federation/live/0/shopee__item-card-standard-v2/0.2.8/pc/38e203dc86172a6c6560.svg,327 Terjual,https://deo.shopeemobile.com/shopee/modules-federation/live/0/shopee__item-card-standard-v2/0.2.8/pc/5dd7b4560d0e2d3190e8.svg,Surabaya,,https://deo.shopeemobile.com/shopee/modules-federation/live/0/shopee__item-card-standard-v2/0.2.8/pc/0614b8f0a8fdde22942d.svg,< 2 Hari,,,"iPhhon 13 128 GB Garansi Resmi
Rp
9.499.000
4.9
327 Terjual
< 2 Hari
Surabaya",https://shopee.co.id/iPhhon-13-128-GB-Garansi-Resmi-i.36898663.28214569326?extraParams=%7B%22display_model_id%22%3A99022957129%2C%22model_selection_logic%22%3A3%7D&sp_atk=b34c83d4-f901-4d94-bf01-342750576623&xptdk=b34c83d4-f901-4d94-bf01-342750576623,,
https://down-id.img.susercontent.com/file/id-11134207-7r98r-lvyvq1u79l4e85,https://down-id.img.susercontent.com/file/id-11134258-8224v-mkvw0cu9r7k1a5,Apple iPhone 12 128 GB,https://deo.shopeemobile.com/shopee/modules-federation/live/0/shopee__item-card-standard-v2/0.2.8/pc/7c9110f78e069acbced7.png,Rp,10.999.000,,https://deo.shopeemobile.com/shopee/modules-federation/live/0/shopee__item-card-standard-v2/0.2.8/pc/d7099d3fd1dfdaf705ab.svg,4.9,,https://deo.shopeemobile.com/shopee/modules-federation/live/0/shopee__item-card-standard-v2/0.2.8/pc/38e203dc86172a6c6560.svg,1RB+ Terjual,https://deo.shopeemobile.com/shopee/modules-federation/live/0/shopee__item-card-standard-v2/0.2.8/pc/5dd7b4560d0e2d3190e8.svg,Bekasi,,https://deo.shopeemobile.com/shopee/modules-federation/live/0/shopee__item-card-standard-v2/0.2.8/pc/0614b8f0a8fdde22942d.svg,< 2 Hari,,,"Apple iPhone 12 128 GB
Rp
10.999.000
4.9
1RB+ Terjual
< 2 Hari
Bekasi",https://shopee.co.id/Apple-iPhone-12-128-GB-i.1269032741.28501492469?extraParams=%7B%22display_model_id%22%3A226394280120%2C%22model_selection_logic%22%3A3%7D&sp_atk=e3db2c60-d65c-42ce-88df-3c98c23f1c09&xptdk=e3db2c60-d65c-42ce-88df-3c98c23f1c09,,
https://down-id.img.susercontent.com/file/id-11134207-81ztc-mdvg5cdz56o2ce,https://down-id.img.susercontent.com/file/id-11134258-8224v-mkvw0cu9r7k1a5,New iPhone 15 128GB Super Retina XDR Garansi Resmi,,Rp,13.313.000,,https://deo.shopeemobile.com/shopee/modules-federation/live/0/shopee__item-card-standard-v2/0.2.8/pc/d7099d3fd1dfdaf705ab.svg,4.9,,https://deo.shopeemobile.com/shopee/modules-federation/live/0/shopee__item-card-standard-v2/0.2.8/pc/38e203dc86172a6c6560.svg,95 Terjual,https://deo.shopeemobile.com/shopee/modules-federation/live/0/shopee__item-card-standard-v2/0.2.8/pc/5dd7b4560d0e2d3190e8.svg,Semarang,,https://deo.shopeemobile.com/shopee/modules-federation/live/0/shopee__item-card-standard-v2/0.2.8/pc/0614b8f0a8fdde22942d.svg,< 2 Hari,,,"New iPhone 15 128GB Super Retina XDR Garansi Resmi
Rp
13.313.000
4.9
95 Terjual
< 2 Hari
Semarang",https://shopee.co.id/New-iPhone-15-128GB-Super-Retina-XDR-Garansi-Resmi-i.429290579.10185950113?extraParams=%7B%22display_model_id%22%3A286250597157%2C%22model_selection_logic%22%3A3%7D&sp_atk=653319df-0fca-4125-a096-eb65c37e5b75&xptdk=653319df-0fca-4125-a096-eb65c37e5b75,,
https://down-id.img.susercontent.com/file/id-11134207-82251-mhvd6laf4qvc2c,https://down-id.img.susercontent.com/file/id-11134258-822ws-mnciva8io4qu2f,iPhone 17 Air [256GB] [512GB] RESMI,https://deo.shopeemobile.com/shopee/modules-federation/live/0/shopee__item-card-standard-v2/0.2.8/pc/7c9110f78e069acbced7.png,Rp,17.099.000,,https://deo.shopeemobile.com/shopee/modules-federation/live/0/shopee__item-card-standard-v2/0.2.8/pc/d7099d3fd1dfdaf705ab.svg,5.0,,https://deo.shopeemobile.com/shopee/modules-federation/live/0/shopee__item-card-standard-v2/0.2.8/pc/38e203dc86172a6c6560.svg,43 Terjual,https://deo.shopeemobile.com/shopee/modules-federation/live/0/shopee__item-card-standard-v2/0.2.8/pc/5dd7b4560d0e2d3190e8.svg,Jakarta Barat,-28%,https://deo.shopeemobile.com/shopee/modules-federation/live/0/shopee__item-card-standard-v2/0.2.8/pc/0614b8f0a8fdde22942d.svg,< 2 Hari,,,"iPhone 17 Air [256GB] [512GB] RESMI
Rp
17.099.000
-28%
5.0
43 Terjual
< 2 Hari
Jakarta Barat",https://shopee.co.id/iPhone-17-Air-256GB-512GB-RESMI-i.1516969716.57652604917?extraParams=%7B%22display_model_id%22%3A350252916144%2C%22model_selection_logic%22%3A3%7D&sp_atk=6b028efb-bd66-4b70-9f47-6cee44d9e571&xptdk=6b028efb-bd66-4b70-9f47-6cee44d9e571,,
https://down-id.img.susercontent.com/file/id-11134207-81ztg-mesjxqjognpcb4,https://down-id.img.susercontent.com/file/id-11134258-7r98w-lyezzaurybot13,Apple Iphone 16 Pro Titanium 128GB Garansi Resmi - Ibox PA/A SA/A ID/A,,Rp,10.000.000,,https://deo.shopeemobile.com/shopee/modules-federation/live/0/shopee__item-card-standard-v2/0.2.8/pc/d7099d3fd1dfdaf705ab.svg,5.0,,https://deo.shopeemobile.com/shopee/modules-federation/live/0/shopee__item-card-standard-v2/0.2.8/pc/76dff349290d20891fc1.svg,1 Terjual,https://deo.shopeemobile.com/shopee/modules-federation/live/0/shopee__item-card-standard-v2/0.2.8/pc/5dd7b4560d0e2d3190e8.svg,Jakarta Timur,,,,,,"Apple Iphone 16 Pro Titanium 128GB Garansi Resmi - Ibox PA/A SA/A ID/A
Rp
10.000.000
5.0
1 Terjual
3-5 Hari
Jakarta Timur",https://shopee.co.id/Apple-Iphone-16-Pro-Titanium-128GB-Garansi-Resmi-Ibox-PA-A-SA-A-ID-A-i.113259825.41719725041?extraParams=%7B%22display_model_id%22%3A306613214803%2C%22model_selection_logic%22%3A3%7D&sp_atk=a4bd0853-bdc9-4fcb-a64e-f1fd0694777c&xptdk=a4bd0853-bdc9-4fcb-a64e-f1fd0694777c,,
https://down-id.img.susercontent.com/file/id-11134207-8224r-mhvb7ex33cas7d,https://down-id.img.susercontent.com/file/id-11134258-822ws-mnciva8io4qu2f,Apple iPhone 15 - Garansi Resmi,https://deo.shopeemobile.com/shopee/modules-federation/live/0/shopee__item-card-standard-v2/0.2.8/pc/7c9110f78e069acbced7.png,Rp,12.221.000,Kombo Hemat,https://deo.shopeemobile.com/shopee/modules-federation/live/0/shopee__item-card-standard-v2/0.2.8/pc/d7099d3fd1dfdaf705ab.svg,4.9,,https://deo.shopeemobile.com/shopee/modules-federation/live/0/shopee__item-card-standard-v2/0.2.8/pc/38e203dc86172a6c6560.svg,37 Terjual,https://deo.shopeemobile.com/shopee/modules-federation/live/0/shopee__item-card-standard-v2/0.2.8/pc/5dd7b4560d0e2d3190e8.svg,Kab. Sidoarjo,,https://deo.shopeemobile.com/shopee/modules-federation/live/0/shopee__item-card-standard-v2/0.2.8/pc/0614b8f0a8fdde22942d.svg,Besok 12:00,,https://deo.shopeemobile.com/shopee/modules-federation/live/0/shopee__item-card-standard-v2/0.2.8/pc/d2a1900a0267d45fd0f5.png,"Apple iPhone 15 - Garansi Resmi
Rp
12.221.000
Kombo Hemat
4.9
37 Terjual
Besok 12:00
Kab. Sidoarjo",https://shopee.co.id/Apple-iPhone-15-Garansi-Resmi-i.34907167.40869177342?extraParams=%7B%22display_model_id%22%3A435411719667%2C%22model_selection_logic%22%3A3%7D&sp_atk=823d61be-12f6-42fa-8db4-9c5511976b6b&xptdk=823d61be-12f6-42fa-8db4-9c5511976b6b,,
https://down-id.img.susercontent.com/file/id-11134207-7rbk8-mahzu8vsub20a7,https://down-id.img.susercontent.com/file/id-11134258-7r98w-lyezzaurybot13,IP 13 128 Baru Segel Resmi Indonesia Galaxy Resmi,https://deo.shopeemobile.com/shopee/modules-federation/live/0/shopee__item-card-standard-v2/0.2.8/pc/e4734dab67ee2f9ebd5a.png,Rp,9.000.000,Cicilan,https://deo.shopeemobile.com/shopee/modules-federation/live/0/shopee__item-card-standard-v2/0.2.8/pc/d7099d3fd1dfdaf705ab.svg,5.0,,https://deo.shopeemobile.com/shopee/modules-federation/live/0/shopee__item-card-standard-v2/0.2.8/pc/38e203dc86172a6c6560.svg,8 Terjual,https://deo.shopeemobile.com/shopee/modules-federation/live/0/shopee__item-card-standard-v2/0.2.8/pc/5dd7b4560d0e2d3190e8.svg,Kab. Sleman,,https://deo.shopeemobile.com/shopee/modules-federation/live/0/shopee__item-card-standard-v2/0.2.8/pc/0614b8f0a8fdde22942d.svg,< 2 Hari,,,"IP 13 128 Baru Segel Resmi Indonesia Galaxy Resmi
Rp
9.000.000
Cicilan
5.0
8 Terjual
< 2 Hari
Kab. Sleman",https://shopee.co.id/IP-13-128-Baru-Segel-Resmi-Indonesia-Galaxy-Resmi-i.2764201.10460571197?extraParams=%7B%22display_model_id%22%3A270255818773%2C%22model_selection_logic%22%3A3%7D&sp_atk=a324138a-39da-4a68-9e78-bc0a16f85afd&xptdk=a324138a-39da-4a68-9e78-bc0a16f85afd,,
https://down-id.img.susercontent.com/file/id-11134207-8224o-mjdy0y1692px68,https://down-id.img.susercontent.com/file/id-11134258-822ws-mnciva8io4qu2f,Apple Iphone 15 - Garansi Resmi,https://deo.shopeemobile.com/shopee/modules-federation/live/0/shopee__item-card-standard-v2/0.2.8/pc/a425c915798471b33e5d.png,Rp,12.050.000,Kombo Hemat,https://deo.shopeemobile.com/shopee/modules-federation/live/0/shopee__item-card-standard-v2/0.2.8/pc/d7099d3fd1dfdaf705ab.svg,5.0,,https://deo.shopeemobile.com/shopee/modules-federation/live/0/shopee__item-card-standard-v2/0.2.8/pc/76dff349290d20891fc1.svg,1RB+ Terjual,https://deo.shopeemobile.com/shopee/modules-federation/live/0/shopee__item-card-standard-v2/0.2.8/pc/5dd7b4560d0e2d3190e8.svg,Banjarmasin,,,,,,"Apple Iphone 15 - Garansi Resmi
Rp
12.050.000
Kombo Hemat
5.0
1RB+ Terjual
4-6 Hari
Banjarmasin",https://shopee.co.id/Apple-Iphone-15-Garansi-Resmi-i.53222836.24445740227?extraParams=%7B%22display_model_id%22%3A272327450029%2C%22model_selection_logic%22%3A3%7D&sp_atk=9a7609b8-66e2-484b-beaa-fc3f29568e80&xptdk=9a7609b8-66e2-484b-beaa-fc3f29568e80,,
https://down-id.img.susercontent.com/file/id-11134207-7rbk9-m7asjjtdoba842,https://down-id.img.susercontent.com/file/id-11134258-822ws-mnciva8io4qu2f,𝗔𝗽𝗽𝗹𝗲® [iPhone@] 15 dan 15 Plus 128GB 256GB,https://deo.shopeemobile.com/shopee/modules-federation/live/0/shopee__item-card-standard-v2/0.2.8/pc/e4734dab67ee2f9ebd5a.png,Rp,11.829.000,,https://deo.shopeemobile.com/shopee/modules-federation/live/0/shopee__item-card-standard-v2/0.2.8/pc/d7099d3fd1dfdaf705ab.svg,4.9,,https://deo.shopeemobile.com/shopee/modules-federation/live/0/shopee__item-card-standard-v2/0.2.8/pc/76dff349290d20891fc1.svg,1RB+ Terjual,https://deo.shopeemobile.com/shopee/modules-federation/live/0/shopee__item-card-standard-v2/0.2.8/pc/5dd7b4560d0e2d3190e8.svg,Jakarta Barat,-21%,,,,,"𝗔𝗽𝗽𝗹𝗲® [iPhone@] 15 dan 15 Plus 128GB 256GB
Rp
11.829.000
-21%
4.9
1RB+ Terjual
2-4 Hari
Jakarta Barat",https://shopee.co.id/%F0%9D%97%94%F0%9D%97%BD%F0%9D%97%BD%F0%9D%97%B9%F0%9D%97%B2%C2%AE-iPhone-15-dan-15-Plus-128GB-256GB-i.37667557.28979462593?extraParams=%7B%22display_model_id%22%3A198306089876%2C%22model_selection_logic%22%3A3%7D&sp_atk=632557a3-c2fc-4c3c-b5f5-3f3f60069ebe&xptdk=632557a3-c2fc-4c3c-b5f5-3f3f60069ebe,,
https://down-id.img.susercontent.com/file/id-11134207-822wi-mlug42ck52ipcf,https://down-id.img.susercontent.com/file/id-11134258-822wh-mncisnffoni9b9,Apple iPhone 15 | Resmi Indonesia | Garansi | Ready Stock,https://deo.shopeemobile.com/shopee/modules-federation/live/0/shopee__item-card-standard-v2/0.2.8/pc/e4734dab67ee2f9ebd5a.png,Rp,13.465.000,,https://deo.shopeemobile.com/shopee/modules-federation/live/0/shopee__item-card-standard-v2/0.2.8/pc/d7099d3fd1dfdaf705ab.svg,5.0,,https://deo.shopeemobile.com/shopee/modules-federation/live/0/shopee__item-card-standard-v2/0.2.8/pc/38e203dc86172a6c6560.svg,28 Terjual,https://deo.shopeemobile.com/shopee/modules-federation/live/0/shopee__item-card-standard-v2/0.2.8/pc/5dd7b4560d0e2d3190e8.svg,Sukabumi,-1%,https://deo.shopeemobile.com/shopee/modules-federation/live/0/shopee__item-card-standard-v2/0.2.8/pc/0614b8f0a8fdde22942d.svg,< 2 Hari,https://deo.shopeemobile.com/shopee/modules-federation/live/0/shopee__item-card-standard-v2/0.2.8/pc/b4d1b8a78b3621dbdf4a.svg,https://deo.shopeemobile.com/shopee/modules-federation/live/0/shopee__item-card-standard-v2/0.2.8/pc/d2a1900a0267d45fd0f5.png,"Apple iPhone 15 | Resmi Indonesia | Garansi | Ready Stock
Rp
13.465.000
-1%
5.0
28 Terjual
< 2 Hari
Sukabumi",https://shopee.co.id/Apple-iPhone-15-Resmi-Indonesia-Garansi-Ready-Stock-i.755201975.27163403069?extraParams=%7B%22display_model_id%22%3A188555593906%2C%22model_selection_logic%22%3A3%7D&sp_atk=bc2de75a-9e3a-4fe7-9ad8-6e61b758d96b&xptdk=bc2de75a-9e3a-4fe7-9ad8-6e61b758d96b,,
https://down-id.img.susercontent.com/file/id-11134207-81zth-meo2gdvo4jk41a,https://down-id.img.susercontent.com/file/id-11134258-8224v-mkvw0cu9r7k1a5,Apple iPhone 16e,https://deo.shopeemobile.com/shopee/modules-federation/live/0/shopee__item-card-standard-v2/0.2.8/pc/7c9110f78e069acbced7.png,Rp,12.749.000,,https://deo.shopeemobile.com/shopee/modules-federation/live/0/shopee__item-card-standard-v2/0.2.8/pc/d7099d3fd1dfdaf705ab.svg,4.8,,https://deo.shopeemobile.com/shopee/modules-federation/live/0/shopee__item-card-standard-v2/0.2.8/pc/38e203dc86172a6c6560.svg,114 Terjual,https://deo.shopeemobile.com/shopee/modules-federation/live/0/shopee__item-card-standard-v2/0.2.8/pc/5dd7b4560d0e2d3190e8.svg,Bekasi,,https://deo.shopeemobile.com/shopee/modules-federation/live/0/shopee__item-card-standard-v2/0.2.8/pc/0614b8f0a8fdde22942d.svg,< 2 Hari,,,"Apple iPhone 16e
Rp
12.749.000
4.8
114 Terjual
< 2 Hari
Bekasi",https://shopee.co.id/Apple-iPhone-16e-i.1269032741.27330647884?extraParams=%7B%22display_model_id%22%3A185913699594%2C%22model_selection_logic%22%3A3%7D&sp_atk=cd6a86d0-e1c7-42b2-923d-32cde12a0c1c&xptdk=cd6a86d0-e1c7-42b2-923d-32cde12a0c1c,,
https://down-id.img.susercontent.com/file/id-11134207-822wq-mmekj0kabg1ud5,https://down-id.img.susercontent.com/file/id-11134258-8224v-mkvw0cu9r7k1a5,Apple iPhone 15 128GB | 256GB Garansi Resmi Indonesia,https://deo.shopeemobile.com/shopee/modules-federation/live/0/shopee__item-card-standard-v2/0.2.8/pc/7c9110f78e069acbced7.png,Rp,11.929.000,,https://deo.shopeemobile.com/shopee/modules-federation/live/0/shopee__item-card-standard-v2/0.2.8/pc/d7099d3fd1dfdaf705ab.svg,5.0,,https://deo.shopeemobile.com/shopee/modules-federation/live/0/shopee__item-card-standard-v2/0.2.8/pc/76dff349290d20891fc1.svg,128 Terjual,https://deo.shopeemobile.com/shopee/modules-federation/live/0/shopee__item-card-standard-v2/0.2.8/pc/5dd7b4560d0e2d3190e8.svg,Tangerang,-14%,,,,,"Apple iPhone 15 128GB | 256GB Garansi Resmi Indonesia
Rp
11.929.000
-14%
5.0
128 Terjual
2-3 Hari
Tangerang",https://shopee.co.id/Apple-iPhone-15-128GB-256GB-Garansi-Resmi-Indonesia-i.1517186678.28686974537?extraParams=%7B%22display_model_id%22%3A365691557997%2C%22model_selection_logic%22%3A3%7D&sp_atk=6ea823ea-e1da-4d3e-b958-dbbfb95b85e7&xptdk=6ea823ea-e1da-4d3e-b958-dbbfb95b85e7,,
https://down-id.img.susercontent.com/file/id-11134207-81ztn-mdy3qx3nwdmta3,https://down-id.img.susercontent.com/file/id-11134258-8224v-mkvw0cu9r7k1a5,iPhone 15 Plus 128Gb | iPhone 15 128Gb & 256Gb iBox,,Rp,10.500.000,,https://deo.shopeemobile.com/shopee/modules-federation/live/0/shopee__item-card-standard-v2/0.2.8/pc/d7099d3fd1dfdaf705ab.svg,5.0,,https://deo.shopeemobile.com/shopee/modules-federation/live/0/shopee__item-card-standard-v2/0.2.8/pc/76dff349290d20891fc1.svg,64 Terjual,https://deo.shopeemobile.com/shopee/modules-federation/live/0/shopee__item-card-standard-v2/0.2.8/pc/5dd7b4560d0e2d3190e8.svg,Jakarta Selatan,,,,,https://deo.shopeemobile.com/shopee/modules-federation/live/0/shopee__item-card-standard-v2/0.2.8/pc/d2a1900a0267d45fd0f5.png,"iPhone 15 Plus 128Gb | iPhone 15 128Gb & 256Gb iBox
Rp
10.500.000
5.0
64 Terjual
3-5 Hari
Jakarta Selatan",https://shopee.co.id/iPhone-15-Plus-128Gb-iPhone-15-128Gb-256Gb-iBox-i.696728148.44315417642?extraParams=%7B%22display_model_id%22%3A248803971489%2C%22model_selection_logic%22%3A3%7D&sp_atk=b1ed1111-4006-484f-aeff-43b2845a0f6f&xptdk=b1ed1111-4006-484f-aeff-43b2845a0f6f,,
https://down-id.img.susercontent.com/file/id-11134207-81ztp-mfrx08mbdbt92a,https://down-id.img.susercontent.com/file/id-11134258-8224v-mkvw0cu9r7k1a5,Iphone 15 128Gb Baru Segel Garansi Resmi Blibli,https://deo.shopeemobile.com/shopee/modules-federation/live/0/shopee__item-card-standard-v2/0.2.8/pc/a425c915798471b33e5d.png,Rp,12.399.000,,https://deo.shopeemobile.com/shopee/modules-federation/live/0/shopee__item-card-standard-v2/0.2.8/pc/d7099d3fd1dfdaf705ab.svg,4.9,,https://deo.shopeemobile.com/shopee/modules-federation/live/0/shopee__item-card-standard-v2/0.2.8/pc/38e203dc86172a6c6560.svg,22 Terjual,https://deo.shopeemobile.com/shopee/modules-federation/live/0/shopee__item-card-standard-v2/0.2.8/pc/5dd7b4560d0e2d3190e8.svg,Surabaya,,https://deo.shopeemobile.com/shopee/modules-federation/live/0/shopee__item-card-standard-v2/0.2.8/pc/0614b8f0a8fdde22942d.svg,Besok,,https://deo.shopeemobile.com/shopee/modules-federation/live/0/shopee__item-card-standard-v2/0.2.8/pc/d2a1900a0267d45fd0f5.png,"Iphone 15 128Gb Baru Segel Garansi Resmi Blibli
Rp
12.399.000
4.9
22 Terjual
Besok
Surabaya",https://shopee.co.id/Iphone-15-128Gb-Baru-Segel-Garansi-Resmi-Blibli-i.134819232.27292867270?extraParams=%7B%22display_model_id%22%3A291941525662%2C%22model_selection_logic%22%3A3%7D&sp_atk=1a49c89a-b5d9-4471-8eab-6dc259852104&xptdk=1a49c89a-b5d9-4471-8eab-6dc259852104,,
https://down-id.img.susercontent.com/file/id-11134207-81ztg-menyo0n4oxkw87,https://down-id.img.susercontent.com/file/id-11134258-8224v-mkvw0cu9r7k1a5,Apple iPhone 15 256 GB,https://deo.shopeemobile.com/shopee/modules-federation/live/0/shopee__item-card-standard-v2/0.2.8/pc/7c9110f78e069acbced7.png,Rp,14.499.000,,https://deo.shopeemobile.com/shopee/modules-federation/live/0/shopee__item-card-standard-v2/0.2.8/pc/d7099d3fd1dfdaf705ab.svg,5.0,,https://deo.shopeemobile.com/shopee/modules-federation/live/0/shopee__item-card-standard-v2/0.2.8/pc/38e203dc86172a6c6560.svg,481 Terjual,https://deo.shopeemobile.com/shopee/modules-federation/live/0/shopee__item-card-standard-v2/0.2.8/pc/5dd7b4560d0e2d3190e8.svg,Bekasi,-26%,https://deo.shopeemobile.com/shopee/modules-federation/live/0/shopee__item-card-standard-v2/0.2.8/pc/0614b8f0a8fdde22942d.svg,< 2 Hari,,,"Apple iPhone 15 256 GB
Rp
14.499.000
-26%
5.0
481 Terjual
< 2 Hari
Bekasi",https://shopee.co.id/Apple-iPhone-15-256-GB-i.1269032741.27451481212?extraParams=%7B%22display_model_id%22%3A166501089247%2C%22model_selection_logic%22%3A3%7D&sp_atk=21ec38e1-bfd4-408f-9fa8-229a9d9154f1&xptdk=21ec38e1-bfd4-408f-9fa8-229a9d9154f1,,
https://down-id.img.susercontent.com/file/6075744db5ec69e1d92e66c5534abd18,https://down-id.img.susercontent.com/file/id-11134258-8224v-mkvw0cu9r7k1a5,"IPhone 11 Pro Max 64GB , 256GB , 512GB Original",https://deo.shopeemobile.com/shopee/modules-federation/live/0/shopee__item-card-standard-v2/0.2.8/pc/a425c915798471b33e5d.png,Rp,4.799.000,Cicilan,https://deo.shopeemobile.com/shopee/modules-federation/live/0/shopee__item-card-standard-v2/0.2.8/pc/d7099d3fd1dfdaf705ab.svg,5.0,,https://deo.shopeemobile.com/shopee/modules-federation/live/0/shopee__item-card-standard-v2/0.2.8/pc/76dff349290d20891fc1.svg,105 Terjual,https://deo.shopeemobile.com/shopee/modules-federation/live/0/shopee__item-card-standard-v2/0.2.8/pc/5dd7b4560d0e2d3190e8.svg,Batam,-28%,,,,https://deo.shopeemobile.com/shopee/modules-federation/live/0/shopee__item-card-standard-v2/0.2.8/pc/d2a1900a0267d45fd0f5.png,"IPhone 11 Pro Max 64GB , 256GB , 512GB Original
Rp
4.799.000
-28%
Cicilan
5.0
105 Terjual
2-4 Hari
Batam",https://shopee.co.id/IPhone-11-Pro-Max-64GB-256GB-512GB-Original-i.59123220.2847002735?extraParams=%7B%22display_model_id%22%3A186986808497%2C%22model_selection_logic%22%3A3%7D&sp_atk=f53585c0-720f-4307-b9b1-7e01d38a17f2&xptdk=f53585c0-720f-4307-b9b1-7e01d38a17f2,,
https://down-id.img.susercontent.com/file/id-11134207-822wi-mn5cy08u6dj577,,iphone 13 mini 128gb blue garansi resmi indonesia,,Rp,7.170.000,,https://deo.shopeemobile.com/shopee/modules-federation/live/0/shopee__item-card-standard-v2/0.2.8/pc/0614b8f0a8fdde22942d.svg,,,https://deo.shopeemobile.com/shopee/modules-federation/live/0/shopee__item-card-standard-v2/0.2.8/pc/38e203dc86172a6c6560.svg,Besok,https://deo.shopeemobile.com/shopee/modules-federation/live/0/shopee__item-card-standard-v2/0.2.8/pc/5dd7b4560d0e2d3190e8.svg,Surabaya,,https://deo.shopeemobile.com/shopee/modules-federation/live/0/shopee__item-card-standard-v2/0.2.8/pc/0614b8f0a8fdde22942d.svg,Besok,,,"iphone 13 mini 128gb blue garansi resmi indonesia
Rp
7.170.000
Besok
Surabaya",https://shopee.co.id/iphone-13-mini-128gb-blue-garansi-resmi-indonesia-i.403980607.53058979746?extraParams=%7B%22display_model_id%22%3A158009973206%2C%22model_selection_logic%22%3A3%7D&sp_atk=d2025ce0-877e-4fb2-876d-6a140921fce8&xptdk=d2025ce0-877e-4fb2-876d-6a140921fce8,,
https://down-id.img.susercontent.com/file/id-11134207-822wg-mleg7lqrsikkf4,https://down-id.img.susercontent.com/file/id-11134258-822wr-mlx67rtd6r602f,Apple iPhone 17 Pro 256GB 512GB Garansi Resmi,https://deo.shopeemobile.com/shopee/modules-federation/live/0/shopee__item-card-standard-v2/0.2.8/pc/e4734dab67ee2f9ebd5a.png,Rp,25.789.000,,https://deo.shopeemobile.com/shopee/modules-federation/live/0/shopee__item-card-standard-v2/0.2.8/pc/d7099d3fd1dfdaf705ab.svg,5.0,,https://deo.shopeemobile.com/shopee/modules-federation/live/0/shopee__item-card-standard-v2/0.2.8/pc/76dff349290d20891fc1.svg,3 Terjual,https://deo.shopeemobile.com/shopee/modules-federation/live/0/shopee__item-card-standard-v2/0.2.8/pc/5dd7b4560d0e2d3190e8.svg,Kab. Ponorogo,-19%,,,,,"Apple iPhone 17 Pro 256GB 512GB Garansi Resmi
Rp
25.789.000
-19%
5.0
3 Terjual
1-3 Hari
Kab. Ponorogo",https://shopee.co.id/Apple-iPhone-17-Pro-256GB-512GB-Garansi-Resmi-i.62356570.45956738828?extraParams=%7B%22display_model_id%22%3A370604255384%2C%22model_selection_logic%22%3A3%7D&sp_atk=b5bf6381-ef63-4b55-87ae-c819a392c6af&xptdk=b5bf6381-ef63-4b55-87ae-c819a392c6af,,
https://down-id.img.susercontent.com/file/id-11134207-81ztn-mexqidm6p14w16,https://down-id.img.susercontent.com/file/id-11134258-8224v-mkvw0cu9r7k1a5,iPhone 16 128GB Garansi Resmi Indonesia,https://deo.shopeemobile.com/shopee/modules-federation/live/0/shopee__item-card-standard-v2/0.2.8/pc/7c9110f78e069acbced7.png,Rp,15.399.000,,https://deo.shopeemobile.com/shopee/modules-federation/live/0/shopee__item-card-standard-v2/0.2.8/pc/d7099d3fd1dfdaf705ab.svg,5.0,,https://deo.shopeemobile.com/shopee/modules-federation/live/0/shopee__item-card-standard-v2/0.2.8/pc/38e203dc86172a6c6560.svg,75 Terjual,https://deo.shopeemobile.com/shopee/modules-federation/live/0/shopee__item-card-standard-v2/0.2.8/pc/5dd7b4560d0e2d3190e8.svg,Surabaya,,https://deo.shopeemobile.com/shopee/modules-federation/live/0/shopee__item-card-standard-v2/0.2.8/pc/0614b8f0a8fdde22942d.svg,Besok 12:00,,,"iPhone 16 128GB Garansi Resmi Indonesia
Rp
15.399.000
5.0
75 Terjual
Besok 12:00
Surabaya",https://shopee.co.id/iPhone-16-128GB-Garansi-Resmi-Indonesia-i.143199398.26491933639?extraParams=%7B%22display_model_id%22%3A234523117188%2C%22model_selection_logic%22%3A3%7D&sp_atk=de5f082a-e145-4c1a-beeb-4bc11aa55485&xptdk=de5f082a-e145-4c1a-beeb-4bc11aa55485,,
https://down-id.img.susercontent.com/file/id-11134207-8224q-mivhj5xhxuypf9,https://down-id.img.susercontent.com/file/id-11134258-8224v-mkvw0cu9r7k1a5,Iphone 16 Series Garansi Resmi Konfirmasi Stock,https://deo.shopeemobile.com/shopee/modules-federation/live/0/shopee__item-card-standard-v2/0.2.8/pc/e4734dab67ee2f9ebd5a.png,Rp,11.099.000,Produk Baru,https://deo.shopeemobile.com/shopee/modules-federation/live/0/shopee__item-card-standard-v2/0.2.8/pc/d7099d3fd1dfdaf705ab.svg,4.2,,https://deo.shopeemobile.com/shopee/modules-federation/live/0/shopee__item-card-standard-v2/0.2.8/pc/76dff349290d20891fc1.svg,18 Terjual,https://deo.shopeemobile.com/shopee/modules-federation/live/0/shopee__item-card-standard-v2/0.2.8/pc/5dd7b4560d0e2d3190e8.svg,Pekanbaru,,,,,,"Iphone 16 Series Garansi Resmi Konfirmasi Stock
Rp
11.099.000
Produk Baru
4.2
18 Terjual
2-4 Hari
Pekanbaru",https://shopee.co.id/Iphone-16-Series-Garansi-Resmi-Konfirmasi-Stock-i.36074564.49403959687?extraParams=%7B%22display_model_id%22%3A385374439810%2C%22model_selection_logic%22%3A3%7D&sp_atk=5435f245-4db2-406c-8e8f-5984c724bd23&xptdk=5435f245-4db2-406c-8e8f-5984c724bd23,,
https://down-id.img.susercontent.com/file/id-11134207-8224v-mhfr4je1pl3fc3,https://down-id.img.susercontent.com/file/id-11134258-822ws-mnciva8io4qu2f,Apple Iphone 15 128gb 256gb - Garansi Resmi Indonesia,https://deo.shopeemobile.com/shopee/modules-federation/live/0/shopee__item-card-standard-v2/0.2.8/pc/7c9110f78e069acbced7.png,Rp,12.221.000,,https://deo.shopeemobile.com/shopee/modules-federation/live/0/shopee__item-card-standard-v2/0.2.8/pc/d7099d3fd1dfdaf705ab.svg,5.0,,https://deo.shopeemobile.com/shopee/modules-federation/live/0/shopee__item-card-standard-v2/0.2.8/pc/38e203dc86172a6c6560.svg,5 Terjual,https://deo.shopeemobile.com/shopee/modules-federation/live/0/shopee__item-card-standard-v2/0.2.8/pc/5dd7b4560d0e2d3190e8.svg,Semarang,,https://deo.shopeemobile.com/shopee/modules-federation/live/0/shopee__item-card-standard-v2/0.2.8/pc/0614b8f0a8fdde22942d.svg,< 2 Hari,,https://deo.shopeemobile.com/shopee/modules-federation/live/0/shopee__item-card-standard-v2/0.2.8/pc/d2a1900a0267d45fd0f5.png,"Apple Iphone 15 128gb 256gb - Garansi Resmi Indonesia
Rp
12.221.000
5.0
5 Terjual
< 2 Hari
Semarang",https://shopee.co.id/Apple-Iphone-15-128gb-256gb-Garansi-Resmi-Indonesia-i.35790461.29391910735?extraParams=%7B%22display_model_id%22%3A271664593502%2C%22model_selection_logic%22%3A3%7D&sp_atk=c59be414-0ab6-4e3e-9991-66840401eb19&xptdk=c59be414-0ab6-4e3e-9991-66840401eb19,,
https://down-id.img.susercontent.com/file/id-11134207-8224p-mk2bowwwllhj3c,https://down-id.img.susercontent.com/file/id-11134258-8224v-mkvw0cu9r7k1a5,Handphone Iphone 13 128gb Garansi Resmi Indonesia,,Rp,6.899.000,,,,,https://deo.shopeemobile.com/shopee/modules-federation/live/0/shopee__item-card-standard-v2/0.2.8/pc/76dff349290d20891fc1.svg,3-5 Hari,https://deo.shopeemobile.com/shopee/modules-federation/live/0/shopee__item-card-standard-v2/0.2.8/pc/5dd7b4560d0e2d3190e8.svg,Madiun,-8%,,,,https://deo.shopeemobile.com/shopee/modules-federation/live/0/shopee__item-card-standard-v2/0.2.8/pc/d2a1900a0267d45fd0f5.png,"Handphone Iphone 13 128gb Garansi Resmi Indonesia
Rp
6.899.000
-8%
3-5 Hari
Madiun",https://shopee.co.id/Handphone-Iphone-13-128gb-Garansi-Resmi-Indonesia-i.172955220.43928471432?extraParams=%7B%22display_model_id%22%3A370504689244%2C%22model_selection_logic%22%3A3%7D&sp_atk=c5dce772-378c-4368-a5ed-4e972bbfeb05&xptdk=c5dce772-378c-4368-a5ed-4e972bbfeb05,,
https://down-id.img.susercontent.com/file/id-11134207-822wj-mnctadmpqi9u55,https://down-id.img.susercontent.com/file/id-11134258-8224v-mkvw0cu9r7k1a5,iPhone 15 128gb BH 85% Garansi Resmi ibox fulset original,,Rp,9.800.000,,https://deo.shopeemobile.com/shopee/modules-federation/live/0/shopee__item-card-standard-v2/0.2.8/pc/d7099d3fd1dfdaf705ab.svg,5.0,,https://deo.shopeemobile.com/shopee/modules-federation/live/0/shopee__item-card-standard-v2/0.2.8/pc/38e203dc86172a6c6560.svg,1 Terjual,https://deo.shopeemobile.com/shopee/modules-federation/live/0/shopee__item-card-standard-v2/0.2.8/pc/5dd7b4560d0e2d3190e8.svg,Malang,,https://deo.shopeemobile.com/shopee/modules-federation/live/0/shopee__item-card-standard-v2/0.2.8/pc/0614b8f0a8fdde22942d.svg,< 2 Hari,,,"iPhone 15 128gb BH 85% Garansi Resmi ibox fulset original
Rp
9.800.000
5.0
1 Terjual
< 2 Hari
Malang",https://shopee.co.id/iPhone-15-128gb-BH-85-Garansi-Resmi-ibox-fulset-original-i.386162338.43276727551?extraParams=%7B%22display_model_id%22%3A425197938538%2C%22model_selection_logic%22%3A3%7D&sp_atk=ca00a941-8193-4a88-aacf-fec1150af97b&xptdk=ca00a941-8193-4a88-aacf-fec1150af97b,,
https://down-id.img.susercontent.com/file/id-11134207-822ws-mlbhudh437cw1c,https://down-id.img.susercontent.com/file/id-11134258-822ws-mnciva8io4qu2f,APPLE iPHONE 17 PRO (256GB / 512GB / 1TB) Garansi Resmi Original 100%,https://deo.shopeemobile.com/shopee/modules-federation/live/0/shopee__item-card-standard-v2/0.2.8/pc/a425c915798471b33e5d.png,Rp,24.499.000,Kombo Hemat,https://deo.shopeemobile.com/shopee/modules-federation/live/0/shopee__item-card-standard-v2/0.2.8/pc/d7099d3fd1dfdaf705ab.svg,4.9,,https://deo.shopeemobile.com/shopee/modules-federation/live/0/shopee__item-card-standard-v2/0.2.8/pc/76dff349290d20891fc1.svg,114 Terjual,https://deo.shopeemobile.com/shopee/modules-federation/live/0/shopee__item-card-standard-v2/0.2.8/pc/5dd7b4560d0e2d3190e8.svg,Banjarmasin,,,,,,"APPLE iPHONE 17 PRO (256GB / 512GB / 1TB) Garansi Resmi Original 100%
Rp
24.499.000
Kombo Hemat
4.9
114 Terjual
4-6 Hari
Banjarmasin",https://shopee.co.id/APPLE-iPHONE-17-PRO-(256GB-512GB-1TB)-Garansi-Resmi-Original-100--i.53222836.40778151844?extraParams=%7B%22display_model_id%22%3A330495572938%2C%22model_selection_logic%22%3A3%7D&sp_atk=fc45b4ee-fc86-4392-9d58-a31bfad9a7cf&xptdk=fc45b4ee-fc86-4392-9d58-a31bfad9a7cf,,
https://down-id.img.susercontent.com/file/sg-11134201-82635-mjoyzuqgc7b8ab,https://down-id.img.susercontent.com/file/id-11134258-8224v-mkvw0cu9r7k1a5,Apple Iphone 17 Pro - Garansi Resmi,https://deo.shopeemobile.com/shopee/modules-federation/live/0/shopee__item-card-standard-v2/0.2.8/pc/7c9110f78e069acbced7.png,Rp,24.499.000,,https://deo.shopeemobile.com/shopee/modules-federation/live/0/shopee__item-card-standard-v2/0.2.8/pc/d7099d3fd1dfdaf705ab.svg,4.7,,https://deo.shopeemobile.com/shopee/modules-federation/live/0/shopee__item-card-standard-v2/0.2.8/pc/76dff349290d20891fc1.svg,21 Terjual,https://deo.shopeemobile.com/shopee/modules-federation/live/0/shopee__item-card-standard-v2/0.2.8/pc/5dd7b4560d0e2d3190e8.svg,Banjarmasin,,,,,,"Apple Iphone 17 Pro - Garansi Resmi
Rp
24.499.000
4.7
21 Terjual
3-5 Hari
Banjarmasin",https://shopee.co.id/Apple-Iphone-17-Pro-Garansi-Resmi-i.813315322.56804923739?extraParams=%7B%22display_model_id%22%3A277346928097%2C%22model_selection_logic%22%3A3%7D&sp_atk=79be07f2-5f27-486e-8564-b4309aae0ac6&xptdk=79be07f2-5f27-486e-8564-b4309aae0ac6,,
https://down-id.img.susercontent.com/file/id-11134207-8224r-mjjixcixm2o32f,https://down-id.img.susercontent.com/file/id-11134258-822ws-mnciva8io4qu2f,Ip 14 [ Garansi Resmi ] 128GB + Adaptor 20W Ori,https://deo.shopeemobile.com/shopee/modules-federation/live/0/shopee__item-card-standard-v2/0.2.8/pc/e4734dab67ee2f9ebd5a.png,Rp,9.949.000,,https://deo.shopeemobile.com/shopee/modules-federation/live/0/shopee__item-card-standard-v2/0.2.8/pc/d7099d3fd1dfdaf705ab.svg,5.0,,https://deo.shopeemobile.com/shopee/modules-federation/live/0/shopee__item-card-standard-v2/0.2.8/pc/76dff349290d20891fc1.svg,255 Terjual,https://deo.shopeemobile.com/shopee/modules-federation/live/0/shopee__item-card-standard-v2/0.2.8/pc/5dd7b4560d0e2d3190e8.svg,Jakarta Barat,-10%,,,,,"Ip 14 [ Garansi Resmi ] 128GB + Adaptor 20W Ori
Rp
9.949.000
-10%
5.0
255 Terjual
2-4 Hari
Jakarta Barat",https://shopee.co.id/Ip-14-Garansi-Resmi-128GB-Adaptor-20W-Ori-i.37667557.28932253357?extraParams=%7B%22display_model_id%22%3A258094376508%2C%22model_selection_logic%22%3A3%7D&sp_atk=9493bcf1-40b7-4fa2-a608-8f34b7cbbf43&xptdk=9493bcf1-40b7-4fa2-a608-8f34b7cbbf43,,
https://down-id.img.susercontent.com/file/id-11134207-82252-ml38kb7k8tmu0c,https://down-id.img.susercontent.com/file/id-11134258-822ws-mnciva8io4qu2f,Apple iPhone 15 128GB 256GB Garansi Resmi indonesia 1 Tahun - Ibox/GDN/TAM,https://deo.shopeemobile.com/shopee/modules-federation/live/0/shopee__item-card-standard-v2/0.2.8/pc/7c9110f78e069acbced7.png,Rp,12.221.000,,https://deo.shopeemobile.com/shopee/modules-federation/live/0/shopee__item-card-standard-v2/0.2.8/pc/d7099d3fd1dfdaf705ab.svg,4.9,,https://deo.shopeemobile.com/shopee/modules-federation/live/0/shopee__item-card-standard-v2/0.2.8/pc/38e203dc86172a6c6560.svg,38 Terjual,https://deo.shopeemobile.com/shopee/modules-federation/live/0/shopee__item-card-standard-v2/0.2.8/pc/5dd7b4560d0e2d3190e8.svg,Kab. Sidoarjo,,https://deo.shopeemobile.com/shopee/modules-federation/live/0/shopee__item-card-standard-v2/0.2.8/pc/0614b8f0a8fdde22942d.svg,Besok,,https://deo.shopeemobile.com/shopee/modules-federation/live/0/shopee__item-card-standard-v2/0.2.8/pc/d2a1900a0267d45fd0f5.png,"Apple iPhone 15 128GB 256GB Garansi Resmi indonesia 1 Tahun - Ibox/GDN/TAM
Rp
12.221.000
4.9
38 Terjual
Besok
Kab. Sidoarjo",https://shopee.co.id/Apple-iPhone-15-128GB-256GB-Garansi-Resmi-indonesia-1-Tahun-Ibox-GDN-TAM-i.1102849498.28693200761?extraParams=%7B%22display_model_id%22%3A410154651363%2C%22model_selection_logic%22%3A3%7D&sp_atk=bbbc98ab-05e4-4c96-91e4-e9197e608d7c&xptdk=bbbc98ab-05e4-4c96-91e4-e9197e608d7c,,
https://down-id.img.susercontent.com/file/id-11134207-822wj-mmohz0qdkao3b1,https://down-id.img.susercontent.com/file/id-11134258-7r98w-lyezzaurybot13,IPHONE 15 128GB GARANSI RESMI INDONESIA NEW SECOND IBOX,,Rp,10.000.000,,https://deo.shopeemobile.com/shopee/modules-federation/live/0/shopee__item-card-standard-v2/0.2.8/pc/0614b8f0a8fdde22942d.svg,,,https://deo.shopeemobile.com/shopee/modules-federation/live/0/shopee__item-card-standard-v2/0.2.8/pc/38e203dc86172a6c6560.svg,Hari Ini 12:00,https://deo.shopeemobile.com/shopee/modules-federation/live/0/shopee__item-card-standard-v2/0.2.8/pc/5dd7b4560d0e2d3190e8.svg,Surabaya,,https://deo.shopeemobile.com/shopee/modules-federation/live/0/shopee__item-card-standard-v2/0.2.8/pc/0614b8f0a8fdde22942d.svg,Hari Ini 12:00,,,"IPHONE 15 128GB GARANSI RESMI INDONESIA NEW SECOND IBOX
Rp
10.000.000
Hari Ini 12:00
Surabaya",https://shopee.co.id/IPHONE-15-128GB-GARANSI-RESMI-INDONESIA-NEW-SECOND-IBOX-i.73493048.46058277207?extraParams=%7B%22display_model_id%22%3A340733556148%2C%22model_selection_logic%22%3A3%7D&sp_atk=17c25436-266c-489a-ab45-68e8c3d0222f&xptdk=17c25436-266c-489a-ab45-68e8c3d0222f,,
https://down-id.img.susercontent.com/file/id-11134207-7r98t-lmn136mfhczr52,https://down-id.img.susercontent.com/file/id-11134258-7r98w-lyezzaurybot13,"Apple iPhone 15 128GB, Blue",https://deo.shopeemobile.com/shopee/modules-federation/live/0/shopee__item-card-standard-v2/0.2.8/pc/7c9110f78e069acbced7.png,Rp,11.999.000,,https://deo.shopeemobile.com/shopee/modules-federation/live/0/shopee__item-card-standard-v2/0.2.8/pc/d7099d3fd1dfdaf705ab.svg,4.9,,https://deo.shopeemobile.com/shopee/modules-federation/live/0/shopee__item-card-standard-v2/0.2.8/pc/76dff349290d20891fc1.svg,949 Terjual,https://deo.shopeemobile.com/shopee/modules-federation/live/0/shopee__item-card-standard-v2/0.2.8/pc/5dd7b4560d0e2d3190e8.svg,Jakarta Barat,-17%,,,,,"Apple iPhone 15 128GB, Blue
Rp
11.999.000
-17%
4.9
949 Terjual
2-3 Hari
Jakarta Barat",https://shopee.co.id/Apple-iPhone-15-128GB-Blue-i.21092366.18785047811?extraParams=%7B%22display_model_id%22%3A207089591718%2C%22model_selection_logic%22%3A3%7D&sp_atk=796c6e47-182b-439e-bf06-dbd610e3774f&xptdk=796c6e47-182b-439e-bf06-dbd610e3774f,,
https://down-id.img.susercontent.com/file/id-11134207-81zto-mfkolp5iyosu6c,https://down-id.img.susercontent.com/file/id-11134258-822ws-mnciva8io4qu2f,IPHONE AIR 256GB / 512GB NEW SEGEL GARANSI RESMI,https://deo.shopeemobile.com/shopee/modules-federation/live/0/shopee__item-card-standard-v2/0.2.8/pc/7c9110f78e069acbced7.png,Rp,16.654.000,,https://deo.shopeemobile.com/shopee/modules-federation/live/0/shopee__item-card-standard-v2/0.2.8/pc/d7099d3fd1dfdaf705ab.svg,5.0,,https://deo.shopeemobile.com/shopee/modules-federation/live/0/shopee__item-card-standard-v2/0.2.8/pc/38e203dc86172a6c6560.svg,15 Terjual,https://deo.shopeemobile.com/shopee/modules-federation/live/0/shopee__item-card-standard-v2/0.2.8/pc/5dd7b4560d0e2d3190e8.svg,Jakarta Utara,-41%,https://deo.shopeemobile.com/shopee/modules-federation/live/0/shopee__item-card-standard-v2/0.2.8/pc/0614b8f0a8fdde22942d.svg,< 2 Hari,https://deo.shopeemobile.com/shopee/modules-federation/live/0/shopee__item-card-standard-v2/0.2.8/pc/b4d1b8a78b3621dbdf4a.svg,,"IPHONE AIR 256GB / 512GB NEW SEGEL GARANSI RESMI
Rp
16.654.000
-41%
5.0
15 Terjual
< 2 Hari
Jakarta Utara",https://shopee.co.id/IPHONE-AIR-256GB-512GB-NEW-SEGEL-GARANSI-RESMI-i.383392952.29042649704?extraParams=%7B%22display_model_id%22%3A291884436979%2C%22model_selection_logic%22%3A3%7D&sp_atk=b8fe57c6-9443-447b-b6e9-a7c3d79f47a9&xptdk=b8fe57c6-9443-447b-b6e9-a7c3d79f47a9,,
https://down-id.img.susercontent.com/file/id-11134207-7ra0t-md362014isrc63,https://down-id.img.susercontent.com/file/id-11134258-822ws-mnciva8io4qu2f,APPLE iPhone 15 128GB 256GB 512GB A16 Bionic CPU 6C / GPU 5C - Garansi Resmi,https://deo.shopeemobile.com/shopee/modules-federation/live/0/shopee__item-card-standard-v2/0.2.8/pc/7c9110f78e069acbced7.png,Rp,12.221.000,,https://deo.shopeemobile.com/shopee/modules-federation/live/0/shopee__item-card-standard-v2/0.2.8/pc/d7099d3fd1dfdaf705ab.svg,5.0,,https://deo.shopeemobile.com/shopee/modules-federation/live/0/shopee__item-card-standard-v2/0.2.8/pc/38e203dc86172a6c6560.svg,9 Terjual,https://deo.shopeemobile.com/shopee/modules-federation/live/0/shopee__item-card-standard-v2/0.2.8/pc/5dd7b4560d0e2d3190e8.svg,Surabaya,,https://deo.shopeemobile.com/shopee/modules-federation/live/0/shopee__item-card-standard-v2/0.2.8/pc/0614b8f0a8fdde22942d.svg,Besok 12:00,,https://deo.shopeemobile.com/shopee/modules-federation/live/0/shopee__item-card-standard-v2/0.2.8/pc/d2a1900a0267d45fd0f5.png,"APPLE iPhone 15 128GB 256GB 512GB A16 Bionic CPU 6C / GPU 5C - Garansi Resmi
Rp
12.221.000
5.0
9 Terjual
Besok 12:00
Surabaya",https://shopee.co.id/APPLE-iPhone-15-128GB-256GB-512GB-A16-Bionic-CPU-6C-GPU-5C-Garansi-Resmi-i.1107182645.42219383928?extraParams=%7B%22display_model_id%22%3A277283977300%2C%22model_selection_logic%22%3A3%7D&sp_atk=44716184-b437-453f-a20f-cee653cfb5cc&xptdk=44716184-b437-453f-a20f-cee653cfb5cc,,
https://down-id.img.susercontent.com/file/id-11134207-7rbke-m6i2uf8abgoa2d,https://down-id.img.susercontent.com/file/id-11134258-8224v-mkvw0cu9r7k1a5,IPHONE 15 BRAND NEW GARANSI RESMI INDONESIA 12 BULAN,,Rp,11.749.000,,https://deo.shopeemobile.com/shopee/modules-federation/live/0/shopee__item-card-standard-v2/0.2.8/pc/d7099d3fd1dfdaf705ab.svg,5.0,,https://deo.shopeemobile.com/shopee/modules-federation/live/0/shopee__item-card-standard-v2/0.2.8/pc/76dff349290d20891fc1.svg,53 Terjual,https://deo.shopeemobile.com/shopee/modules-federation/live/0/shopee__item-card-standard-v2/0.2.8/pc/5dd7b4560d0e2d3190e8.svg,Kab. Sleman,,,,,https://deo.shopeemobile.com/shopee/modules-federation/live/0/shopee__item-card-standard-v2/0.2.8/pc/d2a1900a0267d45fd0f5.png,"IPHONE 15 BRAND NEW GARANSI RESMI INDONESIA 12 BULAN
Rp
11.749.000
5.0
53 Terjual
2-4 Hari
Kab. Sleman",https://shopee.co.id/IPHONE-15-BRAND-NEW-GARANSI-RESMI-INDONESIA-12-BULAN-i.165230265.26721917159?extraParams=%7B%22display_model_id%22%3A252354526996%2C%22model_selection_logic%22%3A3%7D&sp_atk=7da0d289-4f42-4fc1-b11d-af262bddd3d7&xptdk=7da0d289-4f42-4fc1-b11d-af262bddd3d7,,
https://down-id.img.susercontent.com/file/id-11134207-81ztp-menz2jbc816r88,https://down-id.img.susercontent.com/file/id-11134258-822ws-mnciva8io4qu2f,APPLE IPHONE 16 128GB GARANSI RESMI INDONESIA,https://deo.shopeemobile.com/shopee/modules-federation/live/0/shopee__item-card-standard-v2/0.2.8/pc/7c9110f78e069acbced7.png,Rp,14.704.000,,https://deo.shopeemobile.com/shopee/modules-federation/live/0/shopee__item-card-standard-v2/0.2.8/pc/d7099d3fd1dfdaf705ab.svg,4.9,,https://deo.shopeemobile.com/shopee/modules-federation/live/0/shopee__item-card-standard-v2/0.2.8/pc/38e203dc86172a6c6560.svg,292 Terjual,https://deo.shopeemobile.com/shopee/modules-federation/live/0/shopee__item-card-standard-v2/0.2.8/pc/5dd7b4560d0e2d3190e8.svg,Jakarta Utara,-26%,https://deo.shopeemobile.com/shopee/modules-federation/live/0/shopee__item-card-standard-v2/0.2.8/pc/0614b8f0a8fdde22942d.svg,< 2 Hari,https://deo.shopeemobile.com/shopee/modules-federation/live/0/shopee__item-card-standard-v2/0.2.8/pc/b4d1b8a78b3621dbdf4a.svg,,"APPLE IPHONE 16 128GB GARANSI RESMI INDONESIA
Rp
14.704.000
-26%
4.9
292 Terjual
< 2 Hari
Jakarta Utara",https://shopee.co.id/APPLE-IPHONE-16-128GB-GARANSI-RESMI-INDONESIA-i.383392952.44469028725?extraParams=%7B%22display_model_id%22%3A271560049968%2C%22model_selection_logic%22%3A3%7D&sp_atk=37baaad0-714f-4f36-a5f3-57aaef94fe05&xptdk=37baaad0-714f-4f36-a5f3-57aaef94fe05,,
https://down-id.img.susercontent.com/file/id-11134207-8224z-ml20aws0q48w25,https://down-id.img.susercontent.com/file/id-11134258-8224v-mkvw0cu9r7k1a5,iPhone 14 128GB 256GB - Garansi RESMI,https://deo.shopeemobile.com/shopee/modules-federation/live/0/shopee__item-card-standard-v2/0.2.8/pc/e4734dab67ee2f9ebd5a.png,Rp,10.190.000,,https://deo.shopeemobile.com/shopee/modules-federation/live/0/shopee__item-card-standard-v2/0.2.8/pc/d7099d3fd1dfdaf705ab.svg,5.0,,https://deo.shopeemobile.com/shopee/modules-federation/live/0/shopee__item-card-standard-v2/0.2.8/pc/38e203dc86172a6c6560.svg,198 Terjual,https://deo.shopeemobile.com/shopee/modules-federation/live/0/shopee__item-card-standard-v2/0.2.8/pc/5dd7b4560d0e2d3190e8.svg,Depok,,https://deo.shopeemobile.com/shopee/modules-federation/live/0/shopee__item-card-standard-v2/0.2.8/pc/0614b8f0a8fdde22942d.svg,< 2 Hari,,,"iPhone 14 128GB 256GB - Garansi RESMI
Rp
10.190.000
5.0
198 Terjual
< 2 Hari
Depok",https://shopee.co.id/iPhone-14-128GB-256GB-Garansi-RESMI-i.243655547.26475705533?extraParams=%7B%22display_model_id%22%3A198202882125%2C%22model_selection_logic%22%3A3%7D&sp_atk=5944f660-3a96-4223-90ff-97b82155b97d&xptdk=5944f660-3a96-4223-90ff-97b82155b97d,,
https://down-id.img.susercontent.com/file/id-11134207-7ra0o-mcdfgzw7qm3kb9,https://down-id.img.susercontent.com/file/id-11134258-822ws-mnciva8io4qu2f,IPhone 15 Plus 128GB Resmi iBox,https://deo.shopeemobile.com/shopee/modules-federation/live/0/shopee__item-card-standard-v2/0.2.8/pc/e4734dab67ee2f9ebd5a.png,Rp,11.100.000,,https://deo.shopeemobile.com/shopee/modules-federation/live/0/shopee__item-card-standard-v2/0.2.8/pc/d7099d3fd1dfdaf705ab.svg,5.0,,https://deo.shopeemobile.com/shopee/modules-federation/live/0/shopee__item-card-standard-v2/0.2.8/pc/38e203dc86172a6c6560.svg,22 Terjual,https://deo.shopeemobile.com/shopee/modules-federation/live/0/shopee__item-card-standard-v2/0.2.8/pc/5dd7b4560d0e2d3190e8.svg,Kab. Bogor,,https://deo.shopeemobile.com/shopee/modules-federation/live/0/shopee__item-card-standard-v2/0.2.8/pc/0614b8f0a8fdde22942d.svg,< 2 Hari,,https://deo.shopeemobile.com/shopee/modules-federation/live/0/shopee__item-card-standard-v2/0.2.8/pc/d2a1900a0267d45fd0f5.png,"IPhone 15 Plus 128GB Resmi iBox
Rp
11.100.000
5.0
22 Terjual
< 2 Hari
Kab. Bogor",https://shopee.co.id/IPhone-15-Plus-128GB-Resmi-iBox-i.305701809.40909120814?extraParams=%7B%22display_model_id%22%3A430599083528%2C%22model_selection_logic%22%3A3%7D&sp_atk=ef02db9e-1b15-47ed-883b-ba047db7bda0&xptdk=ef02db9e-1b15-47ed-883b-ba047db7bda0,,
https://down-id.img.susercontent.com/file/id-11134207-822wk-mme746yin95bac,https://down-id.img.susercontent.com/file/id-11134258-8224v-mkvw0cu9r7k1a5,iPhone 14  128GB 256GB 512GB Bergaransi  Resmi 1 Tahun,,Rp,9.799.000,,https://deo.shopeemobile.com/shopee/modules-federation/live/0/shopee__item-card-standard-v2/0.2.8/pc/d7099d3fd1dfdaf705ab.svg,4.5,,https://deo.shopeemobile.com/shopee/modules-federation/live/0/shopee__item-card-standard-v2/0.2.8/pc/76dff349290d20891fc1.svg,3 Terjual,https://deo.shopeemobile.com/shopee/modules-federation/live/0/shopee__item-card-standard-v2/0.2.8/pc/5dd7b4560d0e2d3190e8.svg,Kab. Gianyar,,,,,,"iPhone 14 128GB 256GB 512GB Bergaransi Resmi 1 Tahun
Rp
9.799.000
4.5
3 Terjual
3-5 Hari
Kab. Gianyar",https://shopee.co.id/iPhone-14-128GB-256GB-512GB-Bergaransi-Resmi-1-Tahun-i.350634382.19494172426?extraParams=%7B%22display_model_id%22%3A380507460572%2C%22model_selection_logic%22%3A3%7D&sp_atk=3baad7af-e0f4-44fa-a83b-81fa92963011&xptdk=3baad7af-e0f4-44fa-a83b-81fa92963011,,
https://down-id.img.susercontent.com/file/id-11134207-7rbk6-matijlx18pkbfe,https://down-id.img.susercontent.com/file/id-11134258-8224v-mkvw0cu9r7k1a5,iPhone 15 128GB | 256GB New Garansi Resmi,https://deo.shopeemobile.com/shopee/modules-federation/live/0/shopee__item-card-standard-v2/0.2.8/pc/e4734dab67ee2f9ebd5a.png,Rp,12.530.000,Kombo Hemat,https://deo.shopeemobile.com/shopee/modules-federation/live/0/shopee__item-card-standard-v2/0.2.8/pc/d7099d3fd1dfdaf705ab.svg,5.0,,https://deo.shopeemobile.com/shopee/modules-federation/live/0/shopee__item-card-standard-v2/0.2.8/pc/76dff349290d20891fc1.svg,41 Terjual,https://deo.shopeemobile.com/shopee/modules-federation/live/0/shopee__item-card-standard-v2/0.2.8/pc/5dd7b4560d0e2d3190e8.svg,Padang,-16%,,,https://deo.shopeemobile.com/shopee/modules-federation/live/0/shopee__item-card-standard-v2/0.2.8/pc/b4d1b8a78b3621dbdf4a.svg,,"iPhone 15 128GB | 256GB New Garansi Resmi
Rp
12.530.000
-16%
Kombo Hemat
5.0
41 Terjual
2-4 Hari
Padang",https://shopee.co.id/iPhone-15-128GB-256GB-New-Garansi-Resmi-i.736101903.43057283317?extraParams=%7B%22display_model_id%22%3A265617292477%2C%22model_selection_logic%22%3A3%7D&sp_atk=3d62f420-110c-4a68-b0be-9231ec27f31a&xptdk=3d62f420-110c-4a68-b0be-9231ec27f31a,,
https://down-id.img.susercontent.com/file/id-11134207-7rasa-m3qed08jt21s45,https://down-id.img.susercontent.com/file/id-11134258-822ws-mnciva8io4qu2f,iphone 13 128 gb brand new ibox/gdn/digimap segel,,Rp,8.850.000,,https://deo.shopeemobile.com/shopee/modules-federation/live/0/shopee__item-card-standard-v2/0.2.8/pc/d7099d3fd1dfdaf705ab.svg,4.0,,https://deo.shopeemobile.com/shopee/modules-federation/live/0/shopee__item-card-standard-v2/0.2.8/pc/38e203dc86172a6c6560.svg,4 Terjual,https://deo.shopeemobile.com/shopee/modules-federation/live/0/shopee__item-card-standard-v2/0.2.8/pc/5dd7b4560d0e2d3190e8.svg,Depok,,https://deo.shopeemobile.com/shopee/modules-federation/live/0/shopee__item-card-standard-v2/0.2.8/pc/0614b8f0a8fdde22942d.svg,< 2 Hari,,,"iphone 13 128 gb brand new ibox/gdn/digimap segel
Rp
8.850.000
4.0
4 Terjual
< 2 Hari
Depok",https://shopee.co.id/iphone-13-128-gb-brand-new-ibox-gdn-digimap-segel-i.256025460.27470579123?extraParams=%7B%22display_model_id%22%3A237146820281%2C%22model_selection_logic%22%3A3%7D&sp_atk=fbf3eaf1-cc2c-46d4-8ac9-12e92e479bb8&xptdk=fbf3eaf1-cc2c-46d4-8ac9-12e92e479bb8,,
https://down-id.img.susercontent.com/file/id-11134207-8224o-mk1y6dwcvsw1d0,https://down-id.img.susercontent.com/file/id-11134258-8224v-mkvw0cu9r7k1a5,iPhone 15 128GB/256GB Garansi Resmi Baru Asli,https://deo.shopeemobile.com/shopee/modules-federation/live/0/shopee__item-card-standard-v2/0.2.8/pc/e4734dab67ee2f9ebd5a.png,Rp,12.090.000,Produk Baru,https://deo.shopeemobile.com/shopee/modules-federation/live/0/shopee__item-card-standard-v2/0.2.8/pc/d7099d3fd1dfdaf705ab.svg,5.0,,https://deo.shopeemobile.com/shopee/modules-federation/live/0/shopee__item-card-standard-v2/0.2.8/pc/38e203dc86172a6c6560.svg,180 Terjual,https://deo.shopeemobile.com/shopee/modules-federation/live/0/shopee__item-card-standard-v2/0.2.8/pc/5dd7b4560d0e2d3190e8.svg,Depok,,https://deo.shopeemobile.com/shopee/modules-federation/live/0/shopee__item-card-standard-v2/0.2.8/pc/0614b8f0a8fdde22942d.svg,< 2 Hari,,,"iPhone 15 128GB/256GB Garansi Resmi Baru Asli
Rp
12.090.000
Produk Baru
5.0
180 Terjual
< 2 Hari
Depok",https://shopee.co.id/iPhone-15-128GB-256GB-Garansi-Resmi-Baru-Asli-i.243655547.47403469300?extraParams=%7B%22display_model_id%22%3A405332488014%2C%22model_selection_logic%22%3A3%7D&sp_atk=62b65347-78fd-4103-81f3-e2201a03211b&xptdk=62b65347-78fd-4103-81f3-e2201a03211b,,
https://down-id.img.susercontent.com/file/id-11134207-822wi-mlpx42akuqys29,https://down-id.img.susercontent.com/file/id-11134258-822ws-mnciva8io4qu2f,"iPhone 15 128GB,256GB A16 Bionic, [Garansi Resmi] - iPhone@ 15",https://deo.shopeemobile.com/shopee/modules-federation/live/0/shopee__item-card-standard-v2/0.2.8/pc/a425c915798471b33e5d.png,Rp,11.799.000,Kombo Hemat,https://deo.shopeemobile.com/shopee/modules-federation/live/0/shopee__item-card-standard-v2/0.2.8/pc/d7099d3fd1dfdaf705ab.svg,5.0,,https://deo.shopeemobile.com/shopee/modules-federation/live/0/shopee__item-card-standard-v2/0.2.8/pc/38e203dc86172a6c6560.svg,21 Terjual,https://deo.shopeemobile.com/shopee/modules-federation/live/0/shopee__item-card-standard-v2/0.2.8/pc/5dd7b4560d0e2d3190e8.svg,Jakarta Utara,-9%,https://deo.shopeemobile.com/shopee/modules-federation/live/0/shopee__item-card-standard-v2/0.2.8/pc/0614b8f0a8fdde22942d.svg,< 2 Hari,,,"iPhone 15 128GB,256GB A16 Bionic, [Garansi Resmi] - iPhone@ 15
Rp
11.799.000
-9%
Kombo Hemat
5.0
21 Terjual
< 2 Hari
Jakarta Utara",https://shopee.co.id/iPhone-15-128GB-256GB-A16-Bionic-Garansi-Resmi-iPhone-15-i.1531741891.50101406740?extraParams=%7B%22display_model_id%22%3A430400771482%2C%22model_selection_logic%22%3A3%7D&sp_atk=4069534b-95f4-4cb1-94cf-bfc784da1a4f&xptdk=4069534b-95f4-4cb1-94cf-bfc784da1a4f,,
https://down-id.img.susercontent.com/file/id-11134207-7rbk1-m8ctssa7dbm5ed,https://down-id.img.susercontent.com/file/id-11134258-822ws-mnciva8io4qu2f,iPhone 16 | 16 plus | 16+ [128GB | 256GB | 512GB],https://deo.shopeemobile.com/shopee/modules-federation/live/0/shopee__item-card-standard-v2/0.2.8/pc/a425c915798471b33e5d.png,Rp,14.679.000,,https://deo.shopeemobile.com/shopee/modules-federation/live/0/shopee__item-card-standard-v2/0.2.8/pc/d7099d3fd1dfdaf705ab.svg,5.0,,https://deo.shopeemobile.com/shopee/modules-federation/live/0/shopee__item-card-standard-v2/0.2.8/pc/38e203dc86172a6c6560.svg,204 Terjual,https://deo.shopeemobile.com/shopee/modules-federation/live/0/shopee__item-card-standard-v2/0.2.8/pc/5dd7b4560d0e2d3190e8.svg,Jakarta Pusat,-14%,https://deo.shopeemobile.com/shopee/modules-federation/live/0/shopee__item-card-standard-v2/0.2.8/pc/0614b8f0a8fdde22942d.svg,< 2 Hari,,,"iPhone 16 | 16 plus | 16+ [128GB | 256GB | 512GB]
Rp
14.679.000
-14%
5.0
204 Terjual
< 2 Hari
Jakarta Pusat",https://shopee.co.id/iPhone-16-16-plus-16-128GB-256GB-512GB--i.30846303.26082717716?extraParams=%7B%22display_model_id%22%3A205969189643%2C%22model_selection_logic%22%3A3%7D&sp_atk=e96a7035-f9e8-4624-98b7-6773bfddeb99&xptdk=e96a7035-f9e8-4624-98b7-6773bfddeb99,,
https://down-id.img.susercontent.com/file/id-11134207-822wq-mlbprt8j3d3c95,https://down-id.img.susercontent.com/file/id-11134258-822ws-mnciva8io4qu2f,APPLE iPhone 15 128GB 256GB 512GB A16 Bionic CPU 6C / GPU 5C Resmi IBOX,https://deo.shopeemobile.com/shopee/modules-federation/live/0/shopee__item-card-standard-v2/0.2.8/pc/7c9110f78e069acbced7.png,Rp,12.221.000,,https://deo.shopeemobile.com/shopee/modules-federation/live/0/shopee__item-card-standard-v2/0.2.8/pc/d7099d3fd1dfdaf705ab.svg,5.0,,https://deo.shopeemobile.com/shopee/modules-federation/live/0/shopee__item-card-standard-v2/0.2.8/pc/76dff349290d20891fc1.svg,20 Terjual,https://deo.shopeemobile.com/shopee/modules-federation/live/0/shopee__item-card-standard-v2/0.2.8/pc/5dd7b4560d0e2d3190e8.svg,Semarang,,,,,https://deo.shopeemobile.com/shopee/modules-federation/live/0/shopee__item-card-standard-v2/0.2.8/pc/d2a1900a0267d45fd0f5.png,"APPLE iPhone 15 128GB 256GB 512GB A16 Bionic CPU 6C / GPU 5C Resmi IBOX
Rp
12.221.000
5.0
20 Terjual
2-3 Hari
Semarang",https://shopee.co.id/APPLE-iPhone-15-128GB-256GB-512GB-A16-Bionic-CPU-6C-GPU-5C-Resmi-IBOX-i.620055636.40876424177?extraParams=%7B%22display_model_id%22%3A167360740585%2C%22model_selection_logic%22%3A3%7D&sp_atk=847fac6d-3dd4-4a6a-8257-30b41b71667b&xptdk=847fac6d-3dd4-4a6a-8257-30b41b71667b,,
https://down-id.img.susercontent.com/file/id-11134207-7r98x-lmn136m5c52jec,https://down-id.img.susercontent.com/file/id-11134258-7r98w-lyezzaurybot13,"Apple iPhone 15 128GB, Pink",https://deo.shopeemobile.com/shopee/modules-federation/live/0/shopee__item-card-standard-v2/0.2.8/pc/7c9110f78e069acbced7.png,Rp,11.999.000,,https://deo.shopeemobile.com/shopee/modules-federation/live/0/shopee__item-card-standard-v2/0.2.8/pc/d7099d3fd1dfdaf705ab.svg,5.0,,https://deo.shopeemobile.com/shopee/modules-federation/live/0/shopee__item-card-standard-v2/0.2.8/pc/76dff349290d20891fc1.svg,1RB+ Terjual,https://deo.shopeemobile.com/shopee/modules-federation/live/0/shopee__item-card-standard-v2/0.2.8/pc/5dd7b4560d0e2d3190e8.svg,Jakarta Barat,-17%,,,,,"Apple iPhone 15 128GB, Pink
Rp
11.999.000
-17%
5.0
1RB+ Terjual
2-3 Hari
Jakarta Barat",https://shopee.co.id/Apple-iPhone-15-128GB-Pink-i.21092366.21885019722?extraParams=%7B%22display_model_id%22%3A232110516633%2C%22model_selection_logic%22%3A3%7D&sp_atk=49dcdef3-7e9e-4323-b695-fd1f86b074b0&xptdk=49dcdef3-7e9e-4323-b695-fd1f86b074b0,,
https://down-id.img.susercontent.com/file/id-11134207-8224p-mhhzbnjcpeyr02,https://down-id.img.susercontent.com/file/id-11134258-8224v-mkvw0cu9r7k1a5,iPhone 15 - 128GB / 256GB - Black / Blue / Pink - Garansi Resmi 1 Tahun,https://deo.shopeemobile.com/shopee/modules-federation/live/0/shopee__item-card-standard-v2/0.2.8/pc/7c9110f78e069acbced7.png,Rp,11.929.000,,https://deo.shopeemobile.com/shopee/modules-federation/live/0/shopee__item-card-standard-v2/0.2.8/pc/d7099d3fd1dfdaf705ab.svg,5.0,,https://deo.shopeemobile.com/shopee/modules-federation/live/0/shopee__item-card-standard-v2/0.2.8/pc/38e203dc86172a6c6560.svg,24 Terjual,https://deo.shopeemobile.com/shopee/modules-federation/live/0/shopee__item-card-standard-v2/0.2.8/pc/5dd7b4560d0e2d3190e8.svg,Kab. Tangerang,,https://deo.shopeemobile.com/shopee/modules-federation/live/0/shopee__item-card-standard-v2/0.2.8/pc/0614b8f0a8fdde22942d.svg,< 2 Hari,,,"iPhone 15 - 128GB / 256GB - Black / Blue / Pink - Garansi Resmi 1 Tahun
Rp
11.929.000
5.0
24 Terjual
< 2 Hari
Kab. Tangerang",https://shopee.co.id/iPhone-15-128GB-256GB-Black-Blue-Pink-Garansi-Resmi-1-Tahun-i.1367956498.47102109208?extraParams=%7B%22display_model_id%22%3A355204503012%2C%22model_selection_logic%22%3A3%7D&sp_atk=7d63a82b-be3b-4c0c-acc3-a8e67cbae008&xptdk=7d63a82b-be3b-4c0c-acc3-a8e67cbae008,,
https://down-id.img.susercontent.com/file/id-11134207-7rasa-m3qed08jt21s45,https://down-id.img.susercontent.com/file/id-11134258-822ws-mnciva8io4qu2f,iphone 13 128 gb brand new ibox/gdn/digimap segel,,Rp,8.850.000,,,4.0,,https://deo.shopeemobile.com/shopee/modules-federation/live/0/shopee__item-card-standard-v2/0.2.8/pc/38e203dc86172a6c6560.svg,,https://deo.shopeemobile.com/shopee/modules-federation/live/0/shopee__item-card-standard-v2/0.2.8/pc/5dd7b4560d0e2d3190e8.svg,Depok,,https://deo.shopeemobile.com/shopee/modules-federation/live/0/shopee__item-card-standard-v2/0.2.8/pc/0614b8f0a8fdde22942d.svg,< 2 Hari,,,"iphone 13 128 gb brand new ibox/gdn/digimap segel
Rp
8.850.000
4.0
4 Terjual
< 2 Hari
Depok",https://shopee.co.id/iphone-13-128-gb-brand-new-ibox-gdn-digimap-segel-i.256025460.27470579123?extraParams=%7B%22display_model_id%22%3A237146820281%2C%22model_selection_logic%22%3A3%7D&sp_atk=e90f1ea7-397c-456c-ba8a-dd4ff29ce143&xptdk=e90f1ea7-397c-456c-ba8a-dd4ff29ce143,https://deo.shopeemobile.com/shopee/modules-federation/live/0/shopee__item-card-standard-v2/0.2.8/pc/d7099d3fd1dfdaf705ab.svg,4 Terjual
https://down-id.img.susercontent.com/file/id-11134207-822wi-mn5cy08u6dj577,,iphone 13 mini 128gb blue garansi resmi indonesia,,Rp,7.170.000,,,,,https://deo.shopeemobile.com/shopee/modules-federation/live/0/shopee__item-card-standard-v2/0.2.8/pc/38e203dc86172a6c6560.svg,,https://deo.shopeemobile.com/shopee/modules-federation/live/0/shopee__item-card-standard-v2/0.2.8/pc/5dd7b4560d0e2d3190e8.svg,Surabaya,,https://deo.shopeemobile.com/shopee/modules-federation/live/0/shopee__item-card-standard-v2/0.2.8/pc/0614b8f0a8fdde22942d.svg,Besok,,,"iphone 13 mini 128gb blue garansi resmi indonesia
Rp
7.170.000
Besok
Surabaya",https://shopee.co.id/iphone-13-mini-128gb-blue-garansi-resmi-indonesia-i.403980607.53058979746?extraParams=%7B%22display_model_id%22%3A158009973206%2C%22model_selection_logic%22%3A3%7D&sp_atk=46d77ada-d8c1-4d46-a373-754a966f93e4&xptdk=46d77ada-d8c1-4d46-a373-754a966f93e4,https://deo.shopeemobile.com/shopee/modules-federation/live/0/shopee__item-card-standard-v2/0.2.8/pc/0614b8f0a8fdde22942d.svg,Besok
https://down-id.img.susercontent.com/file/id-11134207-8224p-mhhzbnjcpeyr02,https://down-id.img.susercontent.com/file/id-11134258-8224v-mkvw0cu9r7k1a5,iPhone 15 - 128GB / 256GB - Black / Blue / Pink - Garansi Resmi 1 Tahun,https://deo.shopeemobile.com/shopee/modules-federation/live/0/shopee__item-card-standard-v2/0.2.8/pc/7c9110f78e069acbced7.png,Rp,11.929.000,,,5.0,,https://deo.shopeemobile.com/shopee/modules-federation/live/0/shopee__item-card-standard-v2/0.2.8/pc/38e203dc86172a6c6560.svg,,https://deo.shopeemobile.com/shopee/modules-federation/live/0/shopee__item-card-standard-v2/0.2.8/pc/5dd7b4560d0e2d3190e8.svg,Kab. Tangerang,,https://deo.shopeemobile.com/shopee/modules-federation/live/0/shopee__item-card-standard-v2/0.2.8/pc/0614b8f0a8fdde22942d.svg,< 2 Hari,,,"iPhone 15 - 128GB / 256GB - Black / Blue / Pink - Garansi Resmi 1 Tahun
Rp
11.929.000
5.0
24 Terjual
< 2 Hari
Kab. Tangerang",https://shopee.co.id/iPhone-15-128GB-256GB-Black-Blue-Pink-Garansi-Resmi-1-Tahun-i.1367956498.47102109208?extraParams=%7B%22display_model_id%22%3A355204503012%2C%22model_selection_logic%22%3A3%7D&sp_atk=6c74b975-e8f7-4614-a3a8-fb7035335332&xptdk=6c74b975-e8f7-4614-a3a8-fb7035335332,https://deo.shopeemobile.com/shopee/modules-federation/live/0/shopee__item-card-standard-v2/0.2.8/pc/d7099d3fd1dfdaf705ab.svg,24 Terjual
https://down-id.img.susercontent.com/file/id-11134207-81ztn-mexu0zxu169tec,https://down-id.img.susercontent.com/file/id-11134258-822ws-mnciva8io4qu2f,Ip 16 plus  [ Garansi Resmi ] [Iphone@] 128GB,https://deo.shopeemobile.com/shopee/modules-federation/live/0/shopee__item-card-standard-v2/0.2.8/pc/7c9110f78e069acbced7.png,Rp,16.689.000,Kombo Hemat,,4.9,,https://deo.shopeemobile.com/shopee/modules-federation/live/0/shopee__item-card-standard-v2/0.2.8/pc/38e203dc86172a6c6560.svg,,https://deo.shopeemobile.com/shopee/modules-federation/live/0/shopee__item-card-standard-v2/0.2.8/pc/5dd7b4560d0e2d3190e8.svg,Jakarta Barat,-7%,https://deo.shopeemobile.com/shopee/modules-federation/live/0/shopee__item-card-standard-v2/0.2.8/pc/0614b8f0a8fdde22942d.svg,< 2 Hari,,,"Ip 16 plus [ Garansi Resmi ] [Iphone@] 128GB
Rp
16.689.000
-7%
Kombo Hemat
4.9
29 Terjual
< 2 Hari
Jakarta Barat",https://shopee.co.id/Ip-16-plus-Garansi-Resmi-Iphone-128GB-i.1516969716.42020518031?extraParams=%7B%22display_model_id%22%3A266676780196%2C%22model_selection_logic%22%3A3%7D&sp_atk=9b7ade13-4e35-4b07-beaf-3edb56257fd3&xptdk=9b7ade13-4e35-4b07-beaf-3edb56257fd3,https://deo.shopeemobile.com/shopee/modules-federation/live/0/shopee__item-card-standard-v2/0.2.8/pc/d7099d3fd1dfdaf705ab.svg,29 Terjual
https://down-id.img.susercontent.com/file/id-11134207-8224r-mhevzy7ak7bj46,https://down-id.img.susercontent.com/file/id-11134258-822wr-mlx67rtd6r602f,IPHONE 17 256 Gb RESMI IBOX,https://deo.shopeemobile.com/shopee/modules-federation/live/0/shopee__item-card-standard-v2/0.2.8/pc/a425c915798471b33e5d.png,Rp,17.250.000,,,5.0,,https://deo.shopeemobile.com/shopee/modules-federation/live/0/shopee__item-card-standard-v2/0.2.8/pc/38e203dc86172a6c6560.svg,,https://deo.shopeemobile.com/shopee/modules-federation/live/0/shopee__item-card-standard-v2/0.2.8/pc/5dd7b4560d0e2d3190e8.svg,Jakarta Pusat,,https://deo.shopeemobile.com/shopee/modules-federation/live/0/shopee__item-card-standard-v2/0.2.8/pc/0614b8f0a8fdde22942d.svg,< 2 Hari,,,"IPHONE 17 256 Gb RESMI IBOX
Rp
17.250.000
5.0
2 Terjual
< 2 Hari
Jakarta Pusat",https://shopee.co.id/IPHONE-17-256-Gb-RESMI-IBOX-i.348952502.41576709313?extraParams=%7B%22display_model_id%22%3A375193705949%2C%22model_selection_logic%22%3A3%7D&sp_atk=0ec588b2-b4c7-4ac5-af40-53a8118bfafe&xptdk=0ec588b2-b4c7-4ac5-af40-53a8118bfafe,https://deo.shopeemobile.com/shopee/modules-federation/live/0/shopee__item-card-standard-v2/0.2.8/pc/d7099d3fd1dfdaf705ab.svg,2 Terjual
https://down-id.img.susercontent.com/file/id-11134207-8224z-ml20aws0q48w25,https://down-id.img.susercontent.com/file/id-11134258-8224v-mkvw0cu9r7k1a5,iPhone 14 128GB 256GB - Garansi RESMI,https://deo.shopeemobile.com/shopee/modules-federation/live/0/shopee__item-card-standard-v2/0.2.8/pc/e4734dab67ee2f9ebd5a.png,Rp,10.190.000,,,5.0,,https://deo.shopeemobile.com/shopee/modules-federation/live/0/shopee__item-card-standard-v2/0.2.8/pc/38e203dc86172a6c6560.svg,,https://deo.shopeemobile.com/shopee/modules-federation/live/0/shopee__item-card-standard-v2/0.2.8/pc/5dd7b4560d0e2d3190e8.svg,Depok,,https://deo.shopeemobile.com/shopee/modules-federation/live/0/shopee__item-card-standard-v2/0.2.8/pc/0614b8f0a8fdde22942d.svg,< 2 Hari,,,"iPhone 14 128GB 256GB - Garansi RESMI
Rp
10.190.000
5.0
198 Terjual
< 2 Hari
Depok",https://shopee.co.id/iPhone-14-128GB-256GB-Garansi-RESMI-i.243655547.26475705533?extraParams=%7B%22display_model_id%22%3A198202882125%2C%22model_selection_logic%22%3A3%7D&sp_atk=02989e28-f1c6-41c7-8ccb-6f4b77787685&xptdk=02989e28-f1c6-41c7-8ccb-6f4b77787685,https://deo.shopeemobile.com/shopee/modules-federation/live/0/shopee__item-card-standard-v2/0.2.8/pc/d7099d3fd1dfdaf705ab.svg,198 Terjual
https://down-id.img.susercontent.com/file/id-11134207-7rbke-m6i2uf8abgoa2d,https://down-id.img.susercontent.com/file/id-11134258-8224v-mkvw0cu9r7k1a5,IPHONE 15 BRAND NEW GARANSI RESMI INDONESIA 12 BULAN,,Rp,11.749.000,,,5.0,,https://deo.shopeemobile.com/shopee/modules-federation/live/0/shopee__item-card-standard-v2/0.2.8/pc/76dff349290d20891fc1.svg,,https://deo.shopeemobile.com/shopee/modules-federation/live/0/shopee__item-card-standard-v2/0.2.8/pc/5dd7b4560d0e2d3190e8.svg,Kab. Sleman,,,,,https://deo.shopeemobile.com/shopee/modules-federation/live/0/shopee__item-card-standard-v2/0.2.8/pc/d2a1900a0267d45fd0f5.png,"IPHONE 15 BRAND NEW GARANSI RESMI INDONESIA 12 BULAN
Rp
11.749.000
5.0
53 Terjual
2-4 Hari
Kab. Sleman",https://shopee.co.id/IPHONE-15-BRAND-NEW-GARANSI-RESMI-INDONESIA-12-BULAN-i.165230265.26721917159?extraParams=%7B%22display_model_id%22%3A252354526996%2C%22model_selection_logic%22%3A3%7D&sp_atk=d2b3abf6-1825-4189-a907-fbb27cb9d843&xptdk=d2b3abf6-1825-4189-a907-fbb27cb9d843,https://deo.shopeemobile.com/shopee/modules-federation/live/0/shopee__item-card-standard-v2/0.2.8/pc/d7099d3fd1dfdaf705ab.svg,53 Terjual
https://down-id.img.susercontent.com/file/id-11134207-7ra0r-mbz00tsnf7eh8b,https://down-id.img.susercontent.com/file/id-11134258-822wr-mlx5y0tebegw04,IP 16 128GB SEGEL RESMI,https://deo.shopeemobile.com/shopee/modules-federation/live/0/shopee__item-card-standard-v2/0.2.8/pc/7c9110f78e069acbced7.png,Rp,14.775.000,,,4.9,,https://deo.shopeemobile.com/shopee/modules-federation/live/0/shopee__item-card-standard-v2/0.2.8/pc/38e203dc86172a6c6560.svg,,https://deo.shopeemobile.com/shopee/modules-federation/live/0/shopee__item-card-standard-v2/0.2.8/pc/5dd7b4560d0e2d3190e8.svg,Jakarta Selatan,-13%,https://deo.shopeemobile.com/shopee/modules-federation/live/0/shopee__item-card-standard-v2/0.2.8/pc/0614b8f0a8fdde22942d.svg,< 2 Hari,,,"IP 16 128GB SEGEL RESMI
Rp
14.775.000
-13%
4.9
554 Terjual
< 2 Hari
Jakarta Selatan",https://shopee.co.id/IP-16-128GB-SEGEL-RESMI-i.1107924286.40557854755?extraParams=%7B%22display_model_id%22%3A216154795825%2C%22model_selection_logic%22%3A3%7D&sp_atk=4803d924-6a73-4a50-93e4-c2237195f368&xptdk=4803d924-6a73-4a50-93e4-c2237195f368,https://deo.shopeemobile.com/shopee/modules-federation/live/0/shopee__item-card-standard-v2/0.2.8/pc/d7099d3fd1dfdaf705ab.svg,554 Terjual
https://down-id.img.susercontent.com/file/id-11134207-81ztj-mfannyv08uffe2,https://down-id.img.susercontent.com/file/id-11134258-8224v-mkvw0cu9r7k1a5,Apple iPhone 13 128GB 256GB Garansi Resmi Indonesia Midnight Starlight Red Blue Pink Green,https://deo.shopeemobile.com/shopee/modules-federation/live/0/shopee__item-card-standard-v2/0.2.8/pc/a425c915798471b33e5d.png,Rp,9.276.000,Hadiah Gratis,,,,https://deo.shopeemobile.com/shopee/modules-federation/live/0/shopee__item-card-standard-v2/0.2.8/pc/38e203dc86172a6c6560.svg,,https://deo.shopeemobile.com/shopee/modules-federation/live/0/shopee__item-card-standard-v2/0.2.8/pc/5dd7b4560d0e2d3190e8.svg,Jakarta Pusat,-38%,https://deo.shopeemobile.com/shopee/modules-federation/live/0/shopee__item-card-standard-v2/0.2.8/pc/0614b8f0a8fdde22942d.svg,< 2 Hari,https://deo.shopeemobile.com/shopee/modules-federation/live/0/shopee__item-card-standard-v2/0.2.8/pc/b4d1b8a78b3621dbdf4a.svg,,"Apple iPhone 13 128GB 256GB Garansi Resmi Indonesia Midnight Starlight Red Blue Pink Green
Rp
9.276.000
-38%
Hadiah Gratis
< 2 Hari
Jakarta Pusat",https://shopee.co.id/Apple-iPhone-13-128GB-256GB-Garansi-Resmi-Indonesia-Midnight-Starlight-Red-Blue-Pink-Green-i.377012400.41672513208?extraParams=%7B%22display_model_id%22%3A286834285025%2C%22model_selection_logic%22%3A3%7D&sp_atk=687a2da7-0cf3-47c4-bcc5-8b9835b26a99&xptdk=687a2da7-0cf3-47c4-bcc5-8b9835b26a99,https://deo.shopeemobile.com/shopee/modules-federation/live/0/shopee__item-card-standard-v2/0.2.8/pc/0614b8f0a8fdde22942d.svg,< 2 Hari
https://down-id.img.susercontent.com/file/id-11134207-7ra0j-mcvoscg3qv53e0,https://down-id.img.susercontent.com/file/id-11134258-8224v-mkvw0cu9r7k1a5,iPhone 13 128GB Baru Resmi Garansi Resni,,Rp,9.350.000,,,5.0,,https://deo.shopeemobile.com/shopee/modules-federation/live/0/shopee__item-card-standard-v2/0.2.8/pc/76dff349290d20891fc1.svg,,https://deo.shopeemobile.com/shopee/modules-federation/live/0/shopee__item-card-standard-v2/0.2.8/pc/5dd7b4560d0e2d3190e8.svg,Pekanbaru,,,,,,"iPhone 13 128GB Baru Resmi Garansi Resni
Rp
9.350.000
5.0
4 Terjual
3-5 Hari
Pekanbaru",https://shopee.co.id/iPhone-13-128GB-Baru-Resmi-Garansi-Resni-i.136969207.27739384472?extraParams=%7B%22display_model_id%22%3A265934157643%2C%22model_selection_logic%22%3A3%7D&sp_atk=2f64c9b4-e48e-4cc1-9a4c-03e290401e84&xptdk=2f64c9b4-e48e-4cc1-9a4c-03e290401e84,https://deo.shopeemobile.com/shopee/modules-federation/live/0/shopee__item-card-standard-v2/0.2.8/pc/d7099d3fd1dfdaf705ab.svg,4 Terjual
https://down-id.img.susercontent.com/file/id-11134207-82252-ml38kb7k8tmu0c,https://down-id.img.susercontent.com/file/id-11134258-822ws-mnciva8io4qu2f,Apple iPhone 15 128GB 256GB Garansi Resmi indonesia 1 Tahun - Ibox/GDN/TAM,https://deo.shopeemobile.com/shopee/modules-federation/live/0/shopee__item-card-standard-v2/0.2.8/pc/7c9110f78e069acbced7.png,Rp,12.221.000,,,4.9,,https://deo.shopeemobile.com/shopee/modules-federation/live/0/shopee__item-card-standard-v2/0.2.8/pc/38e203dc86172a6c6560.svg,,https://deo.shopeemobile.com/shopee/modules-federation/live/0/shopee__item-card-standard-v2/0.2.8/pc/5dd7b4560d0e2d3190e8.svg,Kab. Sidoarjo,,https://deo.shopeemobile.com/shopee/modules-federation/live/0/shopee__item-card-standard-v2/0.2.8/pc/0614b8f0a8fdde22942d.svg,Besok,,https://deo.shopeemobile.com/shopee/modules-federation/live/0/shopee__item-card-standard-v2/0.2.8/pc/d2a1900a0267d45fd0f5.png,"Apple iPhone 15 128GB 256GB Garansi Resmi indonesia 1 Tahun - Ibox/GDN/TAM
Rp
12.221.000
4.9
38 Terjual
Besok
Kab. Sidoarjo",https://shopee.co.id/Apple-iPhone-15-128GB-256GB-Garansi-Resmi-indonesia-1-Tahun-Ibox-GDN-TAM-i.1102849498.28693200761?extraParams=%7B%22display_model_id%22%3A410154651363%2C%22model_selection_logic%22%3A3%7D&sp_atk=0e6fb50b-965f-4c9d-ab3c-6401ff83d3c3&xptdk=0e6fb50b-965f-4c9d-ab3c-6401ff83d3c3,https://deo.shopeemobile.com/shopee/modules-federation/live/0/shopee__item-card-standard-v2/0.2.8/pc/d7099d3fd1dfdaf705ab.svg,38 Terjual
https://down-id.img.susercontent.com/file/id-11134207-82251-mhvd6laf4qvc2c,https://down-id.img.susercontent.com/file/id-11134258-822ws-mnciva8io4qu2f,iPhone 17 Air [256GB] [512GB] RESMI,https://deo.shopeemobile.com/shopee/modules-federation/live/0/shopee__item-card-standard-v2/0.2.8/pc/7c9110f78e069acbced7.png,Rp,17.099.000,,,5.0,,https://deo.shopeemobile.com/shopee/modules-federation/live/0/shopee__item-card-standard-v2/0.2.8/pc/38e203dc86172a6c6560.svg,,https://deo.shopeemobile.com/shopee/modules-federation/live/0/shopee__item-card-standard-v2/0.2.8/pc/5dd7b4560d0e2d3190e8.svg,Jakarta Barat,-28%,https://deo.shopeemobile.com/shopee/modules-federation/live/0/shopee__item-card-standard-v2/0.2.8/pc/0614b8f0a8fdde22942d.svg,< 2 Hari,,,"iPhone 17 Air [256GB] [512GB] RESMI
Rp
17.099.000
-28%
5.0
43 Terjual
< 2 Hari
Jakarta Barat",https://shopee.co.id/iPhone-17-Air-256GB-512GB-RESMI-i.1516969716.57652604917?extraParams=%7B%22display_model_id%22%3A350252916144%2C%22model_selection_logic%22%3A3%7D&sp_atk=ccc70530-c802-4540-8815-33340d49c86c&xptdk=ccc70530-c802-4540-8815-33340d49c86c,https://deo.shopeemobile.com/shopee/modules-federation/live/0/shopee__item-card-standard-v2/0.2.8/pc/d7099d3fd1dfdaf705ab.svg,43 Terjual
https://down-id.img.susercontent.com/file/id-11134207-7r98r-lvyvq1u79l4e85,https://down-id.img.susercontent.com/file/id-11134258-8224v-mkvw0cu9r7k1a5,Apple iPhone 12 128 GB,https://deo.shopeemobile.com/shopee/modules-federation/live/0/shopee__item-card-standard-v2/0.2.8/pc/7c9110f78e069acbced7.png,Rp,10.999.000,,,4.9,,https://deo.shopeemobile.com/shopee/modules-federation/live/0/shopee__item-card-standard-v2/0.2.8/pc/38e203dc86172a6c6560.svg,,https://deo.shopeemobile.com/shopee/modules-federation/live/0/shopee__item-card-standard-v2/0.2.8/pc/5dd7b4560d0e2d3190e8.svg,Bekasi,,https://deo.shopeemobile.com/shopee/modules-federation/live/0/shopee__item-card-standard-v2/0.2.8/pc/0614b8f0a8fdde22942d.svg,< 2 Hari,,,"Apple iPhone 12 128 GB
Rp
10.999.000
4.9
1RB+ Terjual
< 2 Hari
Bekasi",https://shopee.co.id/Apple-iPhone-12-128-GB-i.1269032741.28501492469?extraParams=%7B%22display_model_id%22%3A226394280120%2C%22model_selection_logic%22%3A3%7D&sp_atk=bb1019bf-976d-4e65-a604-75c966eb4ee7&xptdk=bb1019bf-976d-4e65-a604-75c966eb4ee7,https://deo.shopeemobile.com/shopee/modules-federation/live/0/shopee__item-card-standard-v2/0.2.8/pc/d7099d3fd1dfdaf705ab.svg,1RB+ Terjual
https://down-id.img.susercontent.com/file/id-11134207-81zti-mf11tpjlf85ldd,https://down-id.img.susercontent.com/file/id-11134258-8224v-mkvw0cu9r7k1a5,Apple iPhone 15 New 256GB Garansi Resmi + Adapter Charger,https://deo.shopeemobile.com/shopee/modules-federation/live/0/shopee__item-card-standard-v2/0.2.8/pc/e4734dab67ee2f9ebd5a.png,Rp,14.312.000,,,4.9,,https://deo.shopeemobile.com/shopee/modules-federation/live/0/shopee__item-card-standard-v2/0.2.8/pc/38e203dc86172a6c6560.svg,,https://deo.shopeemobile.com/shopee/modules-federation/live/0/shopee__item-card-standard-v2/0.2.8/pc/5dd7b4560d0e2d3190e8.svg,Bandung,,https://deo.shopeemobile.com/shopee/modules-federation/live/0/shopee__item-card-standard-v2/0.2.8/pc/0614b8f0a8fdde22942d.svg,< 2 Hari,,,"Apple iPhone 15 New 256GB Garansi Resmi + Adapter Charger
Rp
14.312.000
4.9
37 Terjual
< 2 Hari
Bandung",https://shopee.co.id/Apple-iPhone-15-New-256GB-Garansi-Resmi-Adapter-Charger-i.163046751.25446172107?extraParams=%7B%22display_model_id%22%3A234529934769%2C%22model_selection_logic%22%3A3%7D&sp_atk=8b5abeb4-ede8-4346-8299-d75845d5c543&xptdk=8b5abeb4-ede8-4346-8299-d75845d5c543,https://deo.shopeemobile.com/shopee/modules-federation/live/0/shopee__item-card-standard-v2/0.2.8/pc/d7099d3fd1dfdaf705ab.svg,37 Terjual
https://down-id.img.susercontent.com/file/id-11134207-81ztf-mfm9tnayg8aw04,https://down-id.img.susercontent.com/file/id-11134258-8224v-mkvw0cu9r7k1a5,iPhone 17 256GB 512GB Garansi Resmi Ibox Gdn Digimap,https://deo.shopeemobile.com/shopee/modules-federation/live/0/shopee__item-card-standard-v2/0.2.8/pc/e4734dab67ee2f9ebd5a.png,Rp,18.090.000,,,5.0,,https://deo.shopeemobile.com/shopee/modules-federation/live/0/shopee__item-card-standard-v2/0.2.8/pc/38e203dc86172a6c6560.svg,,https://deo.shopeemobile.com/shopee/modules-federation/live/0/shopee__item-card-standard-v2/0.2.8/pc/5dd7b4560d0e2d3190e8.svg,Kab. Sleman,,https://deo.shopeemobile.com/shopee/modules-federation/live/0/shopee__item-card-standard-v2/0.2.8/pc/0614b8f0a8fdde22942d.svg,< 2 Hari,,,"iPhone 17 256GB 512GB Garansi Resmi Ibox Gdn Digimap
Rp
18.090.000
5.0
47 Terjual
< 2 Hari
Kab. Sleman",https://shopee.co.id/iPhone-17-256GB-512GB-Garansi-Resmi-Ibox-Gdn-Digimap-i.40255164.43623328537?extraParams=%7B%22display_model_id%22%3A296897366014%2C%22model_selection_logic%22%3A3%7D&sp_atk=0e81abb6-9440-4bca-af89-fb595e45c92d&xptdk=0e81abb6-9440-4bca-af89-fb595e45c92d,https://deo.shopeemobile.com/shopee/modules-federation/live/0/shopee__item-card-standard-v2/0.2.8/pc/d7099d3fd1dfdaf705ab.svg,47 Terjual
https://down-id.img.susercontent.com/file/id-11134207-7ra0n-mc0egth3wxtl12,https://down-id.img.susercontent.com/file/id-11134258-8224v-mkvw0cu9r7k1a5,"IPH 15 128GB 256GB NEW GRS RESMI 1 TAHUN - FREE ADAPTOR 20W, CASE & ANTIGORES",https://deo.shopeemobile.com/shopee/modules-federation/live/0/shopee__item-card-standard-v2/0.2.8/pc/e4734dab67ee2f9ebd5a.png,Rp,12.359.000,,,5.0,,https://deo.shopeemobile.com/shopee/modules-federation/live/0/shopee__item-card-standard-v2/0.2.8/pc/38e203dc86172a6c6560.svg,,https://deo.shopeemobile.com/shopee/modules-federation/live/0/shopee__item-card-standard-v2/0.2.8/pc/5dd7b4560d0e2d3190e8.svg,Medan,,https://deo.shopeemobile.com/shopee/modules-federation/live/0/shopee__item-card-standard-v2/0.2.8/pc/0614b8f0a8fdde22942d.svg,< 2 Hari,,,"IPH 15 128GB 256GB NEW GRS RESMI 1 TAHUN - FREE ADAPTOR 20W, CASE & ANTIGORES
Rp
12.359.000
5.0
67 Terjual
< 2 Hari
Medan",https://shopee.co.id/IPH-15-128GB-256GB-NEW-GRS-RESMI-1-TAHUN-FREE-ADAPTOR-20W-CASE-ANTIGORES-i.25145573.44257996184?extraParams=%7B%22display_model_id%22%3A295676087699%2C%22model_selection_logic%22%3A3%7D&sp_atk=0177d169-d162-414d-bb67-a3da921c3a43&xptdk=0177d169-d162-414d-bb67-a3da921c3a43,https://deo.shopeemobile.com/shopee/modules-federation/live/0/shopee__item-card-standard-v2/0.2.8/pc/d7099d3fd1dfdaf705ab.svg,67 Terjual
https://down-id.img.susercontent.com/file/id-11134207-8224p-mk2bowwwllhj3c,https://down-id.img.susercontent.com/file/id-11134258-8224v-mkvw0cu9r7k1a5,Handphone Iphone 13 128gb Garansi Resmi Indonesia,,Rp,6.899.000,,,,,https://deo.shopeemobile.com/shopee/modules-federation/live/0/shopee__item-card-standard-v2/0.2.8/pc/76dff349290d20891fc1.svg,,https://deo.shopeemobile.com/shopee/modules-federation/live/0/shopee__item-card-standard-v2/0.2.8/pc/5dd7b4560d0e2d3190e8.svg,Madiun,-8%,,,,https://deo.shopeemobile.com/shopee/modules-federation/live/0/shopee__item-card-standard-v2/0.2.8/pc/d2a1900a0267d45fd0f5.png,"Handphone Iphone 13 128gb Garansi Resmi Indonesia
Rp
6.899.000
-8%
3-5 Hari
Madiun",https://shopee.co.id/Handphone-Iphone-13-128gb-Garansi-Resmi-Indonesia-i.172955220.43928471432?extraParams=%7B%22display_model_id%22%3A370504689244%2C%22model_selection_logic%22%3A3%7D&sp_atk=85bb807d-cc9d-434c-b639-e4840b7b557f&xptdk=85bb807d-cc9d-434c-b639-e4840b7b557f,,3-5 Hari
https://down-id.img.susercontent.com/file/id-11134207-81ztn-mdy3qx3nwdmta3,https://down-id.img.susercontent.com/file/id-11134258-8224v-mkvw0cu9r7k1a5,iPhone 15 Plus 128Gb | iPhone 15 128Gb & 256Gb iBox,,Rp,10.500.000,,,5.0,,https://deo.shopeemobile.com/shopee/modules-federation/live/0/shopee__item-card-standard-v2/0.2.8/pc/76dff349290d20891fc1.svg,,https://deo.shopeemobile.com/shopee/modules-federation/live/0/shopee__item-card-standard-v2/0.2.8/pc/5dd7b4560d0e2d3190e8.svg,Jakarta Selatan,,,,,https://deo.shopeemobile.com/shopee/modules-federation/live/0/shopee__item-card-standard-v2/0.2.8/pc/d2a1900a0267d45fd0f5.png,"iPhone 15 Plus 128Gb | iPhone 15 128Gb & 256Gb iBox
Rp
10.500.000
5.0
64 Terjual
3-5 Hari
Jakarta Selatan",https://shopee.co.id/iPhone-15-Plus-128Gb-iPhone-15-128Gb-256Gb-iBox-i.696728148.44315417642?extraParams=%7B%22display_model_id%22%3A248803971489%2C%22model_selection_logic%22%3A3%7D&sp_atk=f718ff26-cacc-4159-8795-67b6b1b2e55e&xptdk=f718ff26-cacc-4159-8795-67b6b1b2e55e,https://deo.shopeemobile.com/shopee/modules-federation/live/0/shopee__item-card-standard-v2/0.2.8/pc/d7099d3fd1dfdaf705ab.svg,64 Terjual
https://down-id.img.susercontent.com/file/id-11134207-7rbk0-m9futuljke19e3,https://down-id.img.susercontent.com/file/id-11134258-7r98w-lyezzaurybot13,Iphone 11 128gb,,Rp,2.500.000,,,,,https://deo.shopeemobile.com/shopee/modules-federation/live/0/shopee__item-card-standard-v2/0.2.8/pc/76dff349290d20891fc1.svg,,https://deo.shopeemobile.com/shopee/modules-federation/live/0/shopee__item-card-standard-v2/0.2.8/pc/5dd7b4560d0e2d3190e8.svg,Kab. Bengkulu Utara,,,,,,"Iphone 11 128gb
Rp
2.500.000
3-6 Hari
Kab. Bengkulu Utara",https://shopee.co.id/Iphone-11-128gb-i.1535300022.24795042166?extraParams=%7B%22display_model_id%22%3A243391540501%2C%22model_selection_logic%22%3A3%7D&sp_atk=6ad7cda5-c385-46f4-8e86-7f10d928752c&xptdk=6ad7cda5-c385-46f4-8e86-7f10d928752c,,3-6 Hari
https://down-id.img.susercontent.com/file/id-11134207-81ztg-mez4j0kk191qfb,https://down-id.img.susercontent.com/file/id-11134258-822ws-mnciva8io4qu2f,APPLE iPhone 15 Garansi Resmi iBox | A16 Bionic CPU | 128GB 256GB 512GB,https://deo.shopeemobile.com/shopee/modules-federation/live/0/shopee__item-card-standard-v2/0.2.8/pc/7c9110f78e069acbced7.png,Rp,12.221.000,,,5.0,,https://deo.shopeemobile.com/shopee/modules-federation/live/0/shopee__item-card-standard-v2/0.2.8/pc/38e203dc86172a6c6560.svg,,https://deo.shopeemobile.com/shopee/modules-federation/live/0/shopee__item-card-standard-v2/0.2.8/pc/5dd7b4560d0e2d3190e8.svg,Kab. Sidoarjo,,https://deo.shopeemobile.com/shopee/modules-federation/live/0/shopee__item-card-standard-v2/0.2.8/pc/0614b8f0a8fdde22942d.svg,Besok 12:00,,https://deo.shopeemobile.com/shopee/modules-federation/live/0/shopee__item-card-standard-v2/0.2.8/pc/d2a1900a0267d45fd0f5.png,"APPLE iPhone 15 Garansi Resmi iBox | A16 Bionic CPU | 128GB 256GB 512GB
Rp
12.221.000
5.0
64 Terjual
Besok 12:00
Kab. Sidoarjo",https://shopee.co.id/APPLE-iPhone-15-Garansi-Resmi-iBox-A16-Bionic-CPU-128GB-256GB-512GB-i.993320485.41920671549?extraParams=%7B%22display_model_id%22%3A249086895889%2C%22model_selection_logic%22%3A3%7D&sp_atk=2e71ec02-fdc6-47b1-ba56-1bb43b89fa06&xptdk=2e71ec02-fdc6-47b1-ba56-1bb43b89fa06,https://deo.shopeemobile.com/shopee/modules-federation/live/0/shopee__item-card-standard-v2/0.2.8/pc/d7099d3fd1dfdaf705ab.svg,64 Terjual
https://down-id.img.susercontent.com/file/6075744db5ec69e1d92e66c5534abd18,https://down-id.img.susercontent.com/file/id-11134258-8224v-mkvw0cu9r7k1a5,"IPhone 11 Pro Max 64GB , 256GB , 512GB Original",https://deo.shopeemobile.com/shopee/modules-federation/live/0/shopee__item-card-standard-v2/0.2.8/pc/a425c915798471b33e5d.png,Rp,4.799.000,Cicilan,,5.0,,https://deo.shopeemobile.com/shopee/modules-federation/live/0/shopee__item-card-standard-v2/0.2.8/pc/76dff349290d20891fc1.svg,,https://deo.shopeemobile.com/shopee/modules-federation/live/0/shopee__item-card-standard-v2/0.2.8/pc/5dd7b4560d0e2d3190e8.svg,Batam,-28%,,,,https://deo.shopeemobile.com/shopee/modules-federation/live/0/shopee__item-card-standard-v2/0.2.8/pc/d2a1900a0267d45fd0f5.png,"IPhone 11 Pro Max 64GB , 256GB , 512GB Original
Rp
4.799.000
-28%
Cicilan
5.0
105 Terjual
2-4 Hari
Batam",https://shopee.co.id/IPhone-11-Pro-Max-64GB-256GB-512GB-Original-i.59123220.2847002735?extraParams=%7B%22display_model_id%22%3A186986808497%2C%22model_selection_logic%22%3A3%7D&sp_atk=6c739ae0-42bc-4cd7-ab00-b58ca22f76d1&xptdk=6c739ae0-42bc-4cd7-ab00-b58ca22f76d1,https://deo.shopeemobile.com/shopee/modules-federation/live/0/shopee__item-card-standard-v2/0.2.8/pc/d7099d3fd1dfdaf705ab.svg,105 Terjual
https://down-id.img.susercontent.com/file/id-11134207-8224q-mhbqccslqvpqa5,https://down-id.img.susercontent.com/file/id-11134258-8224v-mkvw0cu9r7k1a5,Iphone [15 128GB] Garansi Resmi &@,https://deo.shopeemobile.com/shopee/modules-federation/live/0/shopee__item-card-standard-v2/0.2.8/pc/e4734dab67ee2f9ebd5a.png,Rp,12.444.000,,,5.0,,https://deo.shopeemobile.com/shopee/modules-federation/live/0/shopee__item-card-standard-v2/0.2.8/pc/38e203dc86172a6c6560.svg,,https://deo.shopeemobile.com/shopee/modules-federation/live/0/shopee__item-card-standard-v2/0.2.8/pc/5dd7b4560d0e2d3190e8.svg,Medan,-1%,https://deo.shopeemobile.com/shopee/modules-federation/live/0/shopee__item-card-standard-v2/0.2.8/pc/0614b8f0a8fdde22942d.svg,< 2 Hari,https://deo.shopeemobile.com/shopee/modules-federation/live/0/shopee__item-card-standard-v2/0.2.8/pc/b4d1b8a78b3621dbdf4a.svg,,"Iphone [15 128GB] Garansi Resmi &@
Rp
12.444.000
-1%
5.0
59 Terjual
< 2 Hari
Medan",https://shopee.co.id/Iphone-15-128GB-Garansi-Resmi--i.1098981339.28985945797?extraParams=%7B%22display_model_id%22%3A188499558812%2C%22model_selection_logic%22%3A3%7D&sp_atk=8716bda9-9a11-47bd-8bee-e93e6a963ebe&xptdk=8716bda9-9a11-47bd-8bee-e93e6a963ebe,https://deo.shopeemobile.com/shopee/modules-federation/live/0/shopee__item-card-standard-v2/0.2.8/pc/d7099d3fd1dfdaf705ab.svg,59 Terjual
https://down-id.img.susercontent.com/file/id-11134207-82251-mkeq47clvvutc9,https://down-id.img.susercontent.com/file/id-11134258-822ws-mnciva8io4qu2f,Apple iPhone 17 256GB 512GB A19 Chip with Ceramic Shield Garansi Resmi,https://deo.shopeemobile.com/shopee/modules-federation/live/0/shopee__item-card-standard-v2/0.2.8/pc/7c9110f78e069acbced7.png,Rp,18.211.000,,,5.0,,https://deo.shopeemobile.com/shopee/modules-federation/live/0/shopee__item-card-standard-v2/0.2.8/pc/38e203dc86172a6c6560.svg,,https://deo.shopeemobile.com/shopee/modules-federation/live/0/shopee__item-card-standard-v2/0.2.8/pc/5dd7b4560d0e2d3190e8.svg,Surabaya,,https://deo.shopeemobile.com/shopee/modules-federation/live/0/shopee__item-card-standard-v2/0.2.8/pc/0614b8f0a8fdde22942d.svg,Besok 12:00,,https://deo.shopeemobile.com/shopee/modules-federation/live/0/shopee__item-card-standard-v2/0.2.8/pc/d2a1900a0267d45fd0f5.png,"Apple iPhone 17 256GB 512GB A19 Chip with Ceramic Shield Garansi Resmi
Rp
18.211.000
5.0
50 Terjual
Besok 12:00
Surabaya",https://shopee.co.id/Apple-iPhone-17-256GB-512GB-A19-Chip-with-Ceramic-Shield-Garansi-Resmi-i.1541304119.48702477425?extraParams=%7B%22display_model_id%22%3A360238146127%2C%22model_selection_logic%22%3A3%7D&sp_atk=75409d46-509c-4e2c-892c-e57dc5fd5fa4&xptdk=75409d46-509c-4e2c-892c-e57dc5fd5fa4,https://deo.shopeemobile.com/shopee/modules-federation/live/0/shopee__item-card-standard-v2/0.2.8/pc/d7099d3fd1dfdaf705ab.svg,50 Terjual
https://down-id.img.susercontent.com/file/id-11134207-822wq-mnffv8eq68029c,https://down-id.img.susercontent.com/file/id-11134258-822ws-mnciva8io4qu2f,"iPhone 14 / 14+ (Ram 6GB, Rom 128GB/256GB/512GB)",https://deo.shopeemobile.com/shopee/modules-federation/live/0/shopee__item-card-standard-v2/0.2.8/pc/e4734dab67ee2f9ebd5a.png,Rp,24.899.000,Produk Baru,,5.0,,https://deo.shopeemobile.com/shopee/modules-federation/live/0/shopee__item-card-standard-v2/0.2.8/pc/38e203dc86172a6c6560.svg,,https://deo.shopeemobile.com/shopee/modules-federation/live/0/shopee__item-card-standard-v2/0.2.8/pc/5dd7b4560d0e2d3190e8.svg,Malang,,https://deo.shopeemobile.com/shopee/modules-federation/live/0/shopee__item-card-standard-v2/0.2.8/pc/0614b8f0a8fdde22942d.svg,< 2 Hari,,,"iPhone 14 / 14+ (Ram 6GB, Rom 128GB/256GB/512GB)
Rp
24.899.000
Produk Baru
5.0
92 Terjual
< 2 Hari
Malang",https://shopee.co.id/iPhone-14-14-(Ram-6GB-Rom-128GB-256GB-512GB)-i.49893858.27543836212?extraParams=%7B%22display_model_id%22%3A425314689091%2C%22model_selection_logic%22%3A3%7D&sp_atk=74e732b6-2391-402c-874f-dfc662f3272d&xptdk=74e732b6-2391-402c-874f-dfc662f3272d,https://deo.shopeemobile.com/shopee/modules-federation/live/0/shopee__item-card-standard-v2/0.2.8/pc/d7099d3fd1dfdaf705ab.svg,92 Terjual
https://down-id.img.susercontent.com/file/id-11134207-8224s-mjh56q5i8x6v54,https://down-id.img.susercontent.com/file/id-11134258-822ws-mnciva8io4qu2f,iPh@ne 17 Ram [ 256 ] GB Garansi Resmi,https://deo.shopeemobile.com/shopee/modules-federation/live/0/shopee__item-card-standard-v2/0.2.8/pc/e4734dab67ee2f9ebd5a.png,Rp,17.699.000,,,5.0,,https://deo.shopeemobile.com/shopee/modules-federation/live/0/shopee__item-card-standard-v2/0.2.8/pc/38e203dc86172a6c6560.svg,,https://deo.shopeemobile.com/shopee/modules-federation/live/0/shopee__item-card-standard-v2/0.2.8/pc/5dd7b4560d0e2d3190e8.svg,Surabaya,,https://deo.shopeemobile.com/shopee/modules-federation/live/0/shopee__item-card-standard-v2/0.2.8/pc/0614b8f0a8fdde22942d.svg,< 2 Hari,,,"iPh@ne 17 Ram [ 256 ] GB Garansi Resmi
Rp
17.699.000
5.0
6 Terjual
< 2 Hari
Surabaya",https://shopee.co.id/iPh-ne-17-Ram-256-GB-Garansi-Resmi-i.36898663.51554672989?extraParams=%7B%22display_model_id%22%3A355434211504%2C%22model_selection_logic%22%3A3%7D&sp_atk=36a32002-0aba-487a-871c-20912e8bd497&xptdk=36a32002-0aba-487a-871c-20912e8bd497,https://deo.shopeemobile.com/shopee/modules-federation/live/0/shopee__item-card-standard-v2/0.2.8/pc/d7099d3fd1dfdaf705ab.svg,6 Terjual
https://down-id.img.susercontent.com/file/id-11134207-8224q-mivhj5xhxuypf9,https://down-id.img.susercontent.com/file/id-11134258-8224v-mkvw0cu9r7k1a5,Iphone 16 Series Garansi Resmi Konfirmasi Stock,https://deo.shopeemobile.com/shopee/modules-federation/live/0/shopee__item-card-standard-v2/0.2.8/pc/e4734dab67ee2f9ebd5a.png,Rp,11.099.000,Produk Baru,,4.2,,https://deo.shopeemobile.com/shopee/modules-federation/live/0/shopee__item-card-standard-v2/0.2.8/pc/76dff349290d20891fc1.svg,,https://deo.shopeemobile.com/shopee/modules-federation/live/0/shopee__item-card-standard-v2/0.2.8/pc/5dd7b4560d0e2d3190e8.svg,Pekanbaru,,,,,,"Iphone 16 Series Garansi Resmi Konfirmasi Stock
Rp
11.099.000
Produk Baru
4.2
18 Terjual
2-4 Hari
Pekanbaru",https://shopee.co.id/Iphone-16-Series-Garansi-Resmi-Konfirmasi-Stock-i.36074564.49403959687?extraParams=%7B%22display_model_id%22%3A385374439810%2C%22model_selection_logic%22%3A3%7D&sp_atk=5d4e057e-f416-4b7d-a6d2-4a41d6a17158&xptdk=5d4e057e-f416-4b7d-a6d2-4a41d6a17158,https://deo.shopeemobile.com/shopee/modules-federation/live/0/shopee__item-card-standard-v2/0.2.8/pc/d7099d3fd1dfdaf705ab.svg,18 Terjual
https://down-id.img.susercontent.com/file/id-11134207-822wj-mn5g5ocwpwcoeb,https://down-id.img.susercontent.com/file/id-11134258-822ws-mnciva8io4qu2f,Apple iPhone 15 128GB Garansi Resmi Indonesia,https://deo.shopeemobile.com/shopee/modules-federation/live/0/shopee__item-card-standard-v2/0.2.8/pc/a425c915798471b33e5d.png,Rp,11.929.000,,,5.0,,https://deo.shopeemobile.com/shopee/modules-federation/live/0/shopee__item-card-standard-v2/0.2.8/pc/76dff349290d20891fc1.svg,,https://deo.shopeemobile.com/shopee/modules-federation/live/0/shopee__item-card-standard-v2/0.2.8/pc/5dd7b4560d0e2d3190e8.svg,Tangerang,,,,,https://deo.shopeemobile.com/shopee/modules-federation/live/0/shopee__item-card-standard-v2/0.2.8/pc/d2a1900a0267d45fd0f5.png,"Apple iPhone 15 128GB Garansi Resmi Indonesia
Rp
11.929.000
5.0
108 Terjual
2-4 Hari
Tangerang",https://shopee.co.id/Apple-iPhone-15-128GB-Garansi-Resmi-Indonesia-i.755249536.26283050266?extraParams=%7B%22display_model_id%22%3A243151242935%2C%22model_selection_logic%22%3A3%7D&sp_atk=bf3d8fa4-fef0-47d3-bf54-787103169b68&xptdk=bf3d8fa4-fef0-47d3-bf54-787103169b68,https://deo.shopeemobile.com/shopee/modules-federation/live/0/shopee__item-card-standard-v2/0.2.8/pc/d7099d3fd1dfdaf705ab.svg,108 Terjual
https://down-id.img.susercontent.com/file/id-11134207-7ra0q-md362014of140b,https://down-id.img.susercontent.com/file/id-11134258-822ws-mnciva8io4qu2f,Apple Iphone 15 256GB Black - Garansi Resmi 1 Tahun,https://deo.shopeemobile.com/shopee/modules-federation/live/0/shopee__item-card-standard-v2/0.2.8/pc/7c9110f78e069acbced7.png,Rp,12.221.000,,,,,https://deo.shopeemobile.com/shopee/modules-federation/live/0/shopee__item-card-standard-v2/0.2.8/pc/38e203dc86172a6c6560.svg,,https://deo.shopeemobile.com/shopee/modules-federation/live/0/shopee__item-card-standard-v2/0.2.8/pc/5dd7b4560d0e2d3190e8.svg,Kab. Sleman,-7%,https://deo.shopeemobile.com/shopee/modules-federation/live/0/shopee__item-card-standard-v2/0.2.8/pc/0614b8f0a8fdde22942d.svg,< 2 Hari,,https://deo.shopeemobile.com/shopee/modules-federation/live/0/shopee__item-card-standard-v2/0.2.8/pc/d2a1900a0267d45fd0f5.png,"Apple Iphone 15 256GB Black - Garansi Resmi 1 Tahun
Rp
12.221.000
-7%
3 Terjual
< 2 Hari
Kab. Sleman",https://shopee.co.id/Apple-Iphone-15-256GB-Black-Garansi-Resmi-1-Tahun-i.458616363.44320394258?extraParams=%7B%22display_model_id%22%3A395491650941%2C%22model_selection_logic%22%3A3%7D&sp_atk=b636f2a9-dd64-4324-a6e7-7b6207114a63&xptdk=b636f2a9-dd64-4324-a6e7-7b6207114a63,https://deo.shopeemobile.com/shopee/modules-federation/live/0/shopee__item-card-standard-v2/0.2.8/pc/0614b8f0a8fdde22942d.svg,3 Terjual
https://down-id.img.susercontent.com/file/id-11134207-7rase-m4po9ltqero621,https://down-id.img.susercontent.com/file/id-11134258-8224v-mkvw0cu9r7k1a5,iPhone 15 6/128GB Dynamic Island [Garansi Resmi],https://deo.shopeemobile.com/shopee/modules-federation/live/0/shopee__item-card-standard-v2/0.2.8/pc/7c9110f78e069acbced7.png,Rp,14.349.000,,,5.0,,https://deo.shopeemobile.com/shopee/modules-federation/live/0/shopee__item-card-standard-v2/0.2.8/pc/76dff349290d20891fc1.svg,,https://deo.shopeemobile.com/shopee/modules-federation/live/0/shopee__item-card-standard-v2/0.2.8/pc/5dd7b4560d0e2d3190e8.svg,Kupang,-13%,,,,,"iPhone 15 6/128GB Dynamic Island [Garansi Resmi]
Rp
14.349.000
-13%
5.0
37 Terjual
2-3 Hari
Kupang",https://shopee.co.id/iPhone-15-6-128GB-Dynamic-Island-Garansi-Resmi--i.261010358.22860370529?extraParams=%7B%22display_model_id%22%3A197130507993%2C%22model_selection_logic%22%3A3%7D&sp_atk=9fa47254-005f-4e46-96e4-06192175b82e&xptdk=9fa47254-005f-4e46-96e4-06192175b82e,https://deo.shopeemobile.com/shopee/modules-federation/live/0/shopee__item-card-standard-v2/0.2.8/pc/d7099d3fd1dfdaf705ab.svg,37 Terjual
https://down-id.img.susercontent.com/file/id-11134207-8224z-mfvxn3n12fim86,https://down-id.img.susercontent.com/file/id-11134258-8224v-mkvw0cu9r7k1a5,Iphone 15 128 Garansi Resmi Ibox - Pink,,Rp,9.999.000,,,5.0,,https://deo.shopeemobile.com/shopee/modules-federation/live/0/shopee__item-card-standard-v2/0.2.8/pc/38e203dc86172a6c6560.svg,,https://deo.shopeemobile.com/shopee/modules-federation/live/0/shopee__item-card-standard-v2/0.2.8/pc/5dd7b4560d0e2d3190e8.svg,Denpasar,,https://deo.shopeemobile.com/shopee/modules-federation/live/0/shopee__item-card-standard-v2/0.2.8/pc/0614b8f0a8fdde22942d.svg,< 2 Hari,,,"Iphone 15 128 Garansi Resmi Ibox - Pink
Rp
9.999.000
5.0
1 Terjual
< 2 Hari
Denpasar",https://shopee.co.id/Iphone-15-128-Garansi-Resmi-Ibox-Pink-i.98856976.24797491662?extraParams=%7B%22display_model_id%22%3A296979624816%2C%22model_selection_logic%22%3A3%7D&sp_atk=a556a5dc-2ef5-41f3-8a7e-476247fa0ce9&xptdk=a556a5dc-2ef5-41f3-8a7e-476247fa0ce9,https://deo.shopeemobile.com/shopee/modules-federation/live/0/shopee__item-card-standard-v2/0.2.8/pc/d7099d3fd1dfdaf705ab.svg,1 Terjual
https://down-id.img.susercontent.com/file/id-11134207-822wo-mma5wb2hhc0889,https://down-id.img.susercontent.com/file/id-11134258-822ws-mnciva8io4qu2f,APPLE IPHONE 15 128GB GRS RSMI INDONESIA,https://deo.shopeemobile.com/shopee/modules-federation/live/0/shopee__item-card-standard-v2/0.2.8/pc/7c9110f78e069acbced7.png,Rp,11.929.000,,,4.8,,https://deo.shopeemobile.com/shopee/modules-federation/live/0/shopee__item-card-standard-v2/0.2.8/pc/76dff349290d20891fc1.svg,,https://deo.shopeemobile.com/shopee/modules-federation/live/0/shopee__item-card-standard-v2/0.2.8/pc/5dd7b4560d0e2d3190e8.svg,Bekasi,,,,,https://deo.shopeemobile.com/shopee/modules-federation/live/0/shopee__item-card-standard-v2/0.2.8/pc/d2a1900a0267d45fd0f5.png,"APPLE IPHONE 15 128GB GRS RSMI INDONESIA
Rp
11.929.000
4.8
74 Terjual
2-3 Hari
Bekasi",https://shopee.co.id/APPLE-IPHONE-15-128GB-GRS-RSMI-INDONESIA-i.1368552879.42505275302?extraParams=%7B%22display_model_id%22%3A400688591072%2C%22model_selection_logic%22%3A3%7D&sp_atk=ac201494-82ff-4c67-88a0-8fa2e3787328&xptdk=ac201494-82ff-4c67-88a0-8fa2e3787328,https://deo.shopeemobile.com/shopee/modules-federation/live/0/shopee__item-card-standard-v2/0.2.8/pc/d7099d3fd1dfdaf705ab.svg,74 Terjual
https://down-id.img.susercontent.com/file/id-11134207-8224r-mjjixcixm2o32f,https://down-id.img.susercontent.com/file/id-11134258-822ws-mnciva8io4qu2f,Ip 14 [ Garansi Resmi ] 128GB + Adaptor 20W Ori,https://deo.shopeemobile.com/shopee/modules-federation/live/0/shopee__item-card-standard-v2/0.2.8/pc/e4734dab67ee2f9ebd5a.png,Rp,9.949.000,,,5.0,,https://deo.shopeemobile.com/shopee/modules-federation/live/0/shopee__item-card-standard-v2/0.2.8/pc/76dff349290d20891fc1.svg,,https://deo.shopeemobile.com/shopee/modules-federation/live/0/shopee__item-card-standard-v2/0.2.8/pc/5dd7b4560d0e2d3190e8.svg,Jakarta Barat,-10%,,,,,"Ip 14 [ Garansi Resmi ] 128GB + Adaptor 20W Ori
Rp
9.949.000
-10%
5.0
255 Terjual
2-4 Hari
Jakarta Barat",https://shopee.co.id/Ip-14-Garansi-Resmi-128GB-Adaptor-20W-Ori-i.37667557.28932253357?extraParams=%7B%22display_model_id%22%3A258094376508%2C%22model_selection_logic%22%3A3%7D&sp_atk=3ca0e590-65d1-402f-b76a-136ef91fbe61&xptdk=3ca0e590-65d1-402f-b76a-136ef91fbe61,https://deo.shopeemobile.com/shopee/modules-federation/live/0/shopee__item-card-standard-v2/0.2.8/pc/d7099d3fd1dfdaf705ab.svg,255 Terjual
https://down-id.img.susercontent.com/file/id-11134207-8224z-mkdaqu4a2holc8,https://down-id.img.susercontent.com/file/id-11134258-822ws-mnciva8io4qu2f,"Apple iPhone 15 128GB 256GB 512GB Kamera 48MP, USB-C",https://deo.shopeemobile.com/shopee/modules-federation/live/0/shopee__item-card-standard-v2/0.2.8/pc/7c9110f78e069acbced7.png,Rp,12.221.000,,,5.0,,https://deo.shopeemobile.com/shopee/modules-federation/live/0/shopee__item-card-standard-v2/0.2.8/pc/38e203dc86172a6c6560.svg,,https://deo.shopeemobile.com/shopee/modules-federation/live/0/shopee__item-card-standard-v2/0.2.8/pc/5dd7b4560d0e2d3190e8.svg,Surabaya,,https://deo.shopeemobile.com/shopee/modules-federation/live/0/shopee__item-card-standard-v2/0.2.8/pc/0614b8f0a8fdde22942d.svg,Besok,,https://deo.shopeemobile.com/shopee/modules-federation/live/0/shopee__item-card-standard-v2/0.2.8/pc/d2a1900a0267d45fd0f5.png,"Apple iPhone 15 128GB 256GB 512GB Kamera 48MP, USB-C
Rp
12.221.000
5.0
4 Terjual
Besok
Surabaya",https://shopee.co.id/Apple-iPhone-15-128GB-256GB-512GB-Kamera-48MP-USB-C-i.308460192.41307710417?extraParams=%7B%22display_model_id%22%3A445531619579%2C%22model_selection_logic%22%3A3%7D&sp_atk=9d086721-c446-488d-be05-43f0b042d4e9&xptdk=9d086721-c446-488d-be05-43f0b042d4e9,https://deo.shopeemobile.com/shopee/modules-federation/live/0/shopee__item-card-standard-v2/0.2.8/pc/d7099d3fd1dfdaf705ab.svg,4 Terjual
https://down-id.img.susercontent.com/file/id-11134207-7rbk3-m7op3i6r4n0w3a,https://down-id.img.susercontent.com/file/id-11134258-822wr-mlx67rtd6r602f,iPhone 11 Pro Max | iPhone 11 Pro | iPhone 11 64Gb | 128Gb | 256Gb | 512Gb Fullset,https://deo.shopeemobile.com/shopee/modules-federation/live/0/shopee__item-card-standard-v2/0.2.8/pc/a425c915798471b33e5d.png,Rp,3.725.508,,,4.8,,https://deo.shopeemobile.com/shopee/modules-federation/live/0/shopee__item-card-standard-v2/0.2.8/pc/76dff349290d20891fc1.svg,,https://deo.shopeemobile.com/shopee/modules-federation/live/0/shopee__item-card-standard-v2/0.2.8/pc/5dd7b4560d0e2d3190e8.svg,Jakarta Timur,,,,,https://deo.shopeemobile.com/shopee/modules-federation/live/0/shopee__item-card-standard-v2/0.2.8/pc/d2a1900a0267d45fd0f5.png,"iPhone 11 Pro Max | iPhone 11 Pro | iPhone 11 64Gb | 128Gb | 256Gb | 512Gb Fullset
Rp
3.725.508
4.8
42 Terjual
3-5 Hari
Jakarta Timur",https://shopee.co.id/iPhone-11-Pro-Max-iPhone-11-Pro-iPhone-11-64Gb-128Gb-256Gb-512Gb-Fullset-i.1329260312.28380572212?extraParams=%7B%22display_model_id%22%3A223985021306%2C%22model_selection_logic%22%3A3%7D&sp_atk=4d3be35b-50cf-43a2-9eb4-9f301b113e0d&xptdk=4d3be35b-50cf-43a2-9eb4-9f301b113e0d,https://deo.shopeemobile.com/shopee/modules-federation/live/0/shopee__item-card-standard-v2/0.2.8/pc/d7099d3fd1dfdaf705ab.svg,42 Terjual
https://down-id.img.susercontent.com/file/id-11134207-7ra0t-mbou3dvrvqrg91,https://down-id.img.susercontent.com/file/id-11134258-8224v-mkvw0cu9r7k1a5,iPhone 15 128 GB 256 GB New Segel Garansi Resmi,https://deo.shopeemobile.com/shopee/modules-federation/live/0/shopee__item-card-standard-v2/0.2.8/pc/e4734dab67ee2f9ebd5a.png,Rp,12.530.000,,,5.0,,https://deo.shopeemobile.com/shopee/modules-federation/live/0/shopee__item-card-standard-v2/0.2.8/pc/38e203dc86172a6c6560.svg,,https://deo.shopeemobile.com/shopee/modules-federation/live/0/shopee__item-card-standard-v2/0.2.8/pc/5dd7b4560d0e2d3190e8.svg,Padang,-16%,https://deo.shopeemobile.com/shopee/modules-federation/live/0/shopee__item-card-standard-v2/0.2.8/pc/0614b8f0a8fdde22942d.svg,< 2 Hari,https://deo.shopeemobile.com/shopee/modules-federation/live/0/shopee__item-card-standard-v2/0.2.8/pc/b4d1b8a78b3621dbdf4a.svg,,"iPhone 15 128 GB 256 GB New Segel Garansi Resmi
Rp
12.530.000
-16%
5.0
45 Terjual
< 2 Hari
Padang",https://shopee.co.id/iPhone-15-128-GB-256-GB-New-Segel-Garansi-Resmi-i.558354664.27138248817?extraParams=%7B%22display_model_id%22%3A224663548569%2C%22model_selection_logic%22%3A3%7D&sp_atk=40206f8d-493b-40d7-97ba-badf1bd07696&xptdk=40206f8d-493b-40d7-97ba-badf1bd07696,https://deo.shopeemobile.com/shopee/modules-federation/live/0/shopee__item-card-standard-v2/0.2.8/pc/d7099d3fd1dfdaf705ab.svg,45 Terjual
https://down-id.img.susercontent.com/file/id-11134207-8224w-mjzfjx5fev4259,https://down-id.img.susercontent.com/file/id-11134258-822ws-mnciva8io4qu2f,APPLE IPHONE 17 256GB GARANSI RESMI INDONESIA,https://deo.shopeemobile.com/shopee/modules-federation/live/0/shopee__item-card-standard-v2/0.2.8/pc/7c9110f78e069acbced7.png,Rp,17.494.000,,,5.0,,https://deo.shopeemobile.com/shopee/modules-federation/live/0/shopee__item-card-standard-v2/0.2.8/pc/38e203dc86172a6c6560.svg,,https://deo.shopeemobile.com/shopee/modules-federation/live/0/shopee__item-card-standard-v2/0.2.8/pc/5dd7b4560d0e2d3190e8.svg,Jakarta Utara,-13%,https://deo.shopeemobile.com/shopee/modules-federation/live/0/shopee__item-card-standard-v2/0.2.8/pc/0614b8f0a8fdde22942d.svg,< 2 Hari,https://deo.shopeemobile.com/shopee/modules-federation/live/0/shopee__item-card-standard-v2/0.2.8/pc/b4d1b8a78b3621dbdf4a.svg,,"APPLE IPHONE 17 256GB GARANSI RESMI INDONESIA
Rp
17.494.000
-13%
5.0
20 Terjual
< 2 Hari
Jakarta Utara",https://shopee.co.id/APPLE-IPHONE-17-256GB-GARANSI-RESMI-INDONESIA-i.383392952.26486927956?extraParams=%7B%22display_model_id%22%3A435492502382%2C%22model_selection_logic%22%3A3%7D&sp_atk=9115cc48-0f06-4337-b3aa-9f2fb6c79789&xptdk=9115cc48-0f06-4337-b3aa-9f2fb6c79789,https://deo.shopeemobile.com/shopee/modules-federation/live/0/shopee__item-card-standard-v2/0.2.8/pc/d7099d3fd1dfdaf705ab.svg,20 Terjual
https://down-id.img.susercontent.com/file/id-11134207-8224q-mkeq47cm03k518,https://down-id.img.susercontent.com/file/id-11134258-822ws-mnciva8io4qu2f,Apple Iphone 15 256GB Original Garansi Resmi,https://deo.shopeemobile.com/shopee/modules-federation/live/0/shopee__item-card-standard-v2/0.2.8/pc/7c9110f78e069acbced7.png,Rp,12.221.000,,,5.0,,https://deo.shopeemobile.com/shopee/modules-federation/live/0/shopee__item-card-standard-v2/0.2.8/pc/38e203dc86172a6c6560.svg,,https://deo.shopeemobile.com/shopee/modules-federation/live/0/shopee__item-card-standard-v2/0.2.8/pc/5dd7b4560d0e2d3190e8.svg,Surabaya,,https://deo.shopeemobile.com/shopee/modules-federation/live/0/shopee__item-card-standard-v2/0.2.8/pc/0614b8f0a8fdde22942d.svg,Besok 12:00,,https://deo.shopeemobile.com/shopee/modules-federation/live/0/shopee__item-card-standard-v2/0.2.8/pc/d2a1900a0267d45fd0f5.png,"Apple Iphone 15 256GB Original Garansi Resmi
Rp
12.221.000
5.0
11 Terjual
Besok 12:00
Surabaya",https://shopee.co.id/Apple-Iphone-15-256GB-Original-Garansi-Resmi-i.1541304119.44319355785?extraParams=%7B%22display_model_id%22%3A400397688252%2C%22model_selection_logic%22%3A3%7D&sp_atk=bd3bcc5f-cc35-480a-bef5-6652c2c6a833&xptdk=bd3bcc5f-cc35-480a-bef5-6652c2c6a833,https://deo.shopeemobile.com/shopee/modules-federation/live/0/shopee__item-card-standard-v2/0.2.8/pc/d7099d3fd1dfdaf705ab.svg,11 Terjual
https://down-id.img.susercontent.com/file/id-11134207-81zth-mfm9tnayhmvcb0,https://down-id.img.susercontent.com/file/id-11134258-8224v-mkvw0cu9r7k1a5,iPhone 17 Air 256GB 512GB 1TB Garansi Resmi iBox GDN Digimap,https://deo.shopeemobile.com/shopee/modules-federation/live/0/shopee__item-card-standard-v2/0.2.8/pc/e4734dab67ee2f9ebd5a.png,Rp,17.490.000,,,,,https://deo.shopeemobile.com/shopee/modules-federation/live/0/shopee__item-card-standard-v2/0.2.8/pc/38e203dc86172a6c6560.svg,,https://deo.shopeemobile.com/shopee/modules-federation/live/0/shopee__item-card-standard-v2/0.2.8/pc/5dd7b4560d0e2d3190e8.svg,Kab. Sleman,,https://deo.shopeemobile.com/shopee/modules-federation/live/0/shopee__item-card-standard-v2/0.2.8/pc/0614b8f0a8fdde22942d.svg,< 2 Hari,,,"iPhone 17 Air 256GB 512GB 1TB Garansi Resmi iBox GDN Digimap
Rp
17.490.000
< 2 Hari
Kab. Sleman",https://shopee.co.id/iPhone-17-Air-256GB-512GB-1TB-Garansi-Resmi-iBox-GDN-Digimap-i.40255164.28242699641?extraParams=%7B%22display_model_id%22%3A276897831822%2C%22model_selection_logic%22%3A3%7D&sp_atk=7fc010d8-3a49-4f13-ab1c-4dc60d79d190&xptdk=7fc010d8-3a49-4f13-ab1c-4dc60d79d190,https://deo.shopeemobile.com/shopee/modules-federation/live/0/shopee__item-card-standard-v2/0.2.8/pc/0614b8f0a8fdde22942d.svg,< 2 Hari
https://down-id.img.susercontent.com/file/id-11134207-8224w-mgorfwyvjo5n7c,https://down-id.img.susercontent.com/file/id-11134258-822ws-mnciva8io4qu2f,Apple iPhone 17 256GB Series Garansi Resmi Indonesia,https://deo.shopeemobile.com/shopee/modules-federation/live/0/shopee__item-card-standard-v2/0.2.8/pc/7c9110f78e069acbced7.png,Rp,17.494.000,,,4.9,,https://deo.shopeemobile.com/shopee/modules-federation/live/0/shopee__item-card-standard-v2/0.2.8/pc/38e203dc86172a6c6560.svg,,https://deo.shopeemobile.com/shopee/modules-federation/live/0/shopee__item-card-standard-v2/0.2.8/pc/5dd7b4560d0e2d3190e8.svg,Jakarta Utara,-10%,https://deo.shopeemobile.com/shopee/modules-federation/live/0/shopee__item-card-standard-v2/0.2.8/pc/0614b8f0a8fdde22942d.svg,< 2 Hari,https://deo.shopeemobile.com/shopee/modules-federation/live/0/shopee__item-card-standard-v2/0.2.8/pc/b4d1b8a78b3621dbdf4a.svg,,"Apple iPhone 17 256GB Series Garansi Resmi Indonesia
Rp
17.494.000
-10%
4.9
415 Terjual
< 2 Hari
Jakarta Utara",https://shopee.co.id/Apple-iPhone-17-256GB-Series-Garansi-Resmi-Indonesia-i.1105655476.56600865614?extraParams=%7B%22display_model_id%22%3A390190338413%2C%22model_selection_logic%22%3A3%7D&sp_atk=626bf3fd-5146-4cd4-b47e-5b4726595ad9&xptdk=626bf3fd-5146-4cd4-b47e-5b4726595ad9,https://deo.shopeemobile.com/shopee/modules-federation/live/0/shopee__item-card-standard-v2/0.2.8/pc/d7099d3fd1dfdaf705ab.svg,415 Terjual
https://down-id.img.susercontent.com/file/id-11134207-81ztn-me5hsyyrwide1e,https://down-id.img.susercontent.com/file/id-11134258-7r98w-lyezzaurybot13,APPLE IPHONE 15 128GB DAN 256 GB ORIGINAL BNIB SEGEL RESMI 100%,https://deo.shopeemobile.com/shopee/modules-federation/live/0/shopee__item-card-standard-v2/0.2.8/pc/a425c915798471b33e5d.png,Rp,11.950.000,,,5.0,,https://deo.shopeemobile.com/shopee/modules-federation/live/0/shopee__item-card-standard-v2/0.2.8/pc/38e203dc86172a6c6560.svg,,https://deo.shopeemobile.com/shopee/modules-federation/live/0/shopee__item-card-standard-v2/0.2.8/pc/5dd7b4560d0e2d3190e8.svg,Depok,,https://deo.shopeemobile.com/shopee/modules-federation/live/0/shopee__item-card-standard-v2/0.2.8/pc/0614b8f0a8fdde22942d.svg,< 2 Hari,,,"APPLE IPHONE 15 128GB DAN 256 GB ORIGINAL BNIB SEGEL RESMI 100%
Rp
11.950.000
5.0
13 Terjual
< 2 Hari
Depok",https://shopee.co.id/APPLE-IPHONE-15-128GB-DAN-256-GB-ORIGINAL-BNIB-SEGEL-RESMI-100--i.1590532133.43368245272?extraParams=%7B%22display_model_id%22%3A196382874939%2C%22model_selection_logic%22%3A3%7D&sp_atk=5b382a95-69f5-429f-8e2a-efb3503ea791&xptdk=5b382a95-69f5-429f-8e2a-efb3503ea791,https://deo.shopeemobile.com/shopee/modules-federation/live/0/shopee__item-card-standard-v2/0.2.8/pc/d7099d3fd1dfdaf705ab.svg,13 Terjual
https://down-id.img.susercontent.com/file/id-11134207-7rbk1-m6qhjshp43u47d,https://down-id.img.susercontent.com/file/id-11134258-8224v-mkvw0cu9r7k1a5,iPhone 11 64Gb 128Gb 256Gb Fullset Original Resmi,https://deo.shopeemobile.com/shopee/modules-federation/live/0/shopee__item-card-standard-v2/0.2.8/pc/a425c915798471b33e5d.png,Rp,3.725.508,,,4.9,,https://deo.shopeemobile.com/shopee/modules-federation/live/0/shopee__item-card-standard-v2/0.2.8/pc/76dff349290d20891fc1.svg,,https://deo.shopeemobile.com/shopee/modules-federation/live/0/shopee__item-card-standard-v2/0.2.8/pc/5dd7b4560d0e2d3190e8.svg,Jakarta Timur,,,,,https://deo.shopeemobile.com/shopee/modules-federation/live/0/shopee__item-card-standard-v2/0.2.8/pc/d2a1900a0267d45fd0f5.png,"iPhone 11 64Gb 128Gb 256Gb Fullset Original Resmi
Rp
3.725.508
4.9
28 Terjual
2-4 Hari
Jakarta Timur",https://shopee.co.id/iPhone-11-64Gb-128Gb-256Gb-Fullset-Original-Resmi-i.289541809.27727350163?extraParams=%7B%22display_model_id%22%3A257719510057%2C%22model_selection_logic%22%3A3%7D&sp_atk=f44de326-5682-4d7e-8d01-8c215c24c5dc&xptdk=f44de326-5682-4d7e-8d01-8c215c24c5dc,https://deo.shopeemobile.com/shopee/modules-federation/live/0/shopee__item-card-standard-v2/0.2.8/pc/d7099d3fd1dfdaf705ab.svg,28 Terjual
https://down-id.img.susercontent.com/file/id-11134207-8224v-mgncdipkwcngbb,https://down-id.img.susercontent.com/file/id-11134258-822ws-mnciva8io4qu2f,iP 15 NEW SEGEL RESMI 128GB,https://deo.shopeemobile.com/shopee/modules-federation/live/0/shopee__item-card-standard-v2/0.2.8/pc/e4734dab67ee2f9ebd5a.png,Rp,12.050.000,,,5.0,,https://deo.shopeemobile.com/shopee/modules-federation/live/0/shopee__item-card-standard-v2/0.2.8/pc/38e203dc86172a6c6560.svg,,https://deo.shopeemobile.com/shopee/modules-federation/live/0/shopee__item-card-standard-v2/0.2.8/pc/5dd7b4560d0e2d3190e8.svg,Kab. Bogor,,https://deo.shopeemobile.com/shopee/modules-federation/live/0/shopee__item-card-standard-v2/0.2.8/pc/0614b8f0a8fdde22942d.svg,< 2 Hari,,https://deo.shopeemobile.com/shopee/modules-federation/live/0/shopee__item-card-standard-v2/0.2.8/pc/d2a1900a0267d45fd0f5.png,"iP 15 NEW SEGEL RESMI 128GB
Rp
12.050.000
5.0
50 Terjual
< 2 Hari
Kab. Bogor",https://shopee.co.id/iP-15-NEW-SEGEL-RESMI-128GB-i.305701809.43856422315?extraParams=%7B%22display_model_id%22%3A275538350907%2C%22model_selection_logic%22%3A3%7D&sp_atk=0089b94b-4563-424b-a88b-b64e1e42b482&xptdk=0089b94b-4563-424b-a88b-b64e1e42b482,https://deo.shopeemobile.com/shopee/modules-federation/live/0/shopee__item-card-standard-v2/0.2.8/pc/d7099d3fd1dfdaf705ab.svg,50 Terjual
https://down-id.img.susercontent.com/file/id-11134207-7ra0j-mdd5o27ual2fdc,https://down-id.img.susercontent.com/file/id-11134258-8224v-mkvw0cu9r7k1a5,"IPHONE 13/128, IPHONE 15/128, IPHONE 15/256. GARANSI RESMI/IBOX",,Rp,9.179.000,,,5.0,,https://deo.shopeemobile.com/shopee/modules-federation/live/0/shopee__item-card-standard-v2/0.2.8/pc/38e203dc86172a6c6560.svg,,https://deo.shopeemobile.com/shopee/modules-federation/live/0/shopee__item-card-standard-v2/0.2.8/pc/5dd7b4560d0e2d3190e8.svg,Denpasar,,https://deo.shopeemobile.com/shopee/modules-federation/live/0/shopee__item-card-standard-v2/0.2.8/pc/0614b8f0a8fdde22942d.svg,< 2 Hari,,https://deo.shopeemobile.com/shopee/modules-federation/live/0/shopee__item-card-standard-v2/0.2.8/pc/d2a1900a0267d45fd0f5.png,"IPHONE 13/128, IPHONE 15/128, IPHONE 15/256. GARANSI RESMI/IBOX
Rp
9.179.000
5.0
2 Terjual
< 2 Hari
Denpasar",https://shopee.co.id/IPHONE-13-128-IPHONE-15-128-IPHONE-15-256.-GARANSI-RESMI-IBOX-i.176502148.40762606925?extraParams=%7B%22display_model_id%22%3A291261062826%2C%22model_selection_logic%22%3A3%7D&sp_atk=fae29f13-32e6-4c71-8560-b56400801388&xptdk=fae29f13-32e6-4c71-8560-b56400801388,https://deo.shopeemobile.com/shopee/modules-federation/live/0/shopee__item-card-standard-v2/0.2.8/pc/d7099d3fd1dfdaf705ab.svg,2 Terjual
https://down-id.img.susercontent.com/file/id-11134207-7rbk6-matkfk6lmeu156,https://down-id.img.susercontent.com/file/id-11134258-8224v-mkvw0cu9r7k1a5,NEW IP 13 128GB  Garansi Resmi Indonesia 1 Tahun,https://deo.shopeemobile.com/shopee/modules-federation/live/0/shopee__item-card-standard-v2/0.2.8/pc/7c9110f78e069acbced7.png,Rp,11.985.000,,,5.0,,https://deo.shopeemobile.com/shopee/modules-federation/live/0/shopee__item-card-standard-v2/0.2.8/pc/38e203dc86172a6c6560.svg,,https://deo.shopeemobile.com/shopee/modules-federation/live/0/shopee__item-card-standard-v2/0.2.8/pc/5dd7b4560d0e2d3190e8.svg,Depok,,https://deo.shopeemobile.com/shopee/modules-federation/live/0/shopee__item-card-standard-v2/0.2.8/pc/0614b8f0a8fdde22942d.svg,< 2 Hari,,https://deo.shopeemobile.com/shopee/modules-federation/live/0/shopee__item-card-standard-v2/0.2.8/pc/d2a1900a0267d45fd0f5.png,"NEW IP 13 128GB Garansi Resmi Indonesia 1 Tahun
Rp
11.985.000
5.0
120 Terjual
< 2 Hari
Depok",https://shopee.co.id/NEW-IP-13-128GB-Garansi-Resmi-Indonesia-1-Tahun-i.1367937206.40353990582?extraParams=%7B%22display_model_id%22%3A370202120338%2C%22model_selection_logic%22%3A3%7D&sp_atk=6ce6e767-1e95-4a87-8c5d-e329b319ff52&xptdk=6ce6e767-1e95-4a87-8c5d-e329b319ff52,https://deo.shopeemobile.com/shopee/modules-federation/live/0/shopee__item-card-standard-v2/0.2.8/pc/d7099d3fd1dfdaf705ab.svg,120 Terjual
https://down-id.img.susercontent.com/file/id-11134207-7rbk2-m70byh3cmhah3b,https://down-id.img.susercontent.com/file/id-11134258-8224v-mkvw0cu9r7k1a5,APPLE IPHONE 15 128GB 100% NEW ORIGINAL i-Phone 15 128 GARANSI RESMI,https://deo.shopeemobile.com/shopee/modules-federation/live/0/shopee__item-card-standard-v2/0.2.8/pc/a425c915798471b33e5d.png,Rp,12.699.000,,,5.0,,https://deo.shopeemobile.com/shopee/modules-federation/live/0/shopee__item-card-standard-v2/0.2.8/pc/76dff349290d20891fc1.svg,,https://deo.shopeemobile.com/shopee/modules-federation/live/0/shopee__item-card-standard-v2/0.2.8/pc/5dd7b4560d0e2d3190e8.svg,Pekanbaru,,,,,,"APPLE IPHONE 15 128GB 100% NEW ORIGINAL i-Phone 15 128 GARANSI RESMI
Rp
12.699.000
5.0
7 Terjual
2-4 Hari
Pekanbaru",https://shopee.co.id/APPLE-IPHONE-15-128GB-100-NEW-ORIGINAL-i-Phone-15-128-GARANSI-RESMI-i.9151441.28378573068?extraParams=%7B%22display_model_id%22%3A99123088422%2C%22model_selection_logic%22%3A3%7D&sp_atk=d41c0dea-402f-4c4b-a6ca-f34a0f969c0e&xptdk=d41c0dea-402f-4c4b-a6ca-f34a0f969c0e,https://deo.shopeemobile.com/shopee/modules-federation/live/0/shopee__item-card-standard-v2/0.2.8/pc/d7099d3fd1dfdaf705ab.svg,7 Terjual
https://down-id.img.susercontent.com/file/id-11134207-81ztm-mez5rrqihq17cc,https://down-id.img.susercontent.com/file/id-11134258-8224v-mkvw0cu9r7k1a5,"Apple iPhone 15 128GB [Dynamic Island, kamera utama 48MP, Chip A16 Bionic] - Garansi Resmi",https://deo.shopeemobile.com/shopee/modules-federation/live/0/shopee__item-card-standard-v2/0.2.8/pc/e4734dab67ee2f9ebd5a.png,Rp,12.389.000,,,5.0,,https://deo.shopeemobile.com/shopee/modules-federation/live/0/shopee__item-card-standard-v2/0.2.8/pc/76dff349290d20891fc1.svg,,https://deo.shopeemobile.com/shopee/modules-federation/live/0/shopee__item-card-standard-v2/0.2.8/pc/5dd7b4560d0e2d3190e8.svg,Madiun,,,,,,"Apple iPhone 15 128GB [Dynamic Island, kamera utama 48MP, Chip A16 Bionic] - Garansi Resmi
Rp
12.389.000
5.0
32 Terjual
1-3 Hari
Madiun",https://shopee.co.id/Apple-iPhone-15-128GB-Dynamic-Island-kamera-utama-48MP-Chip-A16-Bionic-Garansi-Resmi-i.55231304.42470676019?extraParams=%7B%22display_model_id%22%3A169075298917%2C%22model_selection_logic%22%3A3%7D&sp_atk=c8d65376-a57b-4286-8ca9-aab90cf56a4d&xptdk=c8d65376-a57b-4286-8ca9-aab90cf56a4d,https://deo.shopeemobile.com/shopee/modules-federation/live/0/shopee__item-card-standard-v2/0.2.8/pc/d7099d3fd1dfdaf705ab.svg,32 Terjual
https://down-id.img.susercontent.com/file/id-11134207-7r98s-lzok6l2kk4ywec,https://down-id.img.susercontent.com/file/id-11134258-8224v-mkvw0cu9r7k1a5,Apple iPhone 15 128GB 256GB 512GB Garansi Resmi TAM/GDN Indonesia,https://deo.shopeemobile.com/shopee/modules-federation/live/0/shopee__item-card-standard-v2/0.2.8/pc/e4734dab67ee2f9ebd5a.png,Rp,13.559.000,,,5.0,,https://deo.shopeemobile.com/shopee/modules-federation/live/0/shopee__item-card-standard-v2/0.2.8/pc/76dff349290d20891fc1.svg,,https://deo.shopeemobile.com/shopee/modules-federation/live/0/shopee__item-card-standard-v2/0.2.8/pc/5dd7b4560d0e2d3190e8.svg,Tasikmalaya,,,,,,"Apple iPhone 15 128GB 256GB 512GB Garansi Resmi TAM/GDN Indonesia
Rp
13.559.000
5.0
23 Terjual
2-4 Hari
Tasikmalaya",https://shopee.co.id/Apple-iPhone-15-128GB-256GB-512GB-Garansi-Resmi-TAM-GDN-Indonesia-i.211475721.26259941988?extraParams=%7B%22display_model_id%22%3A258723957314%2C%22model_selection_logic%22%3A3%7D&sp_atk=8f9f277b-441d-4278-8faa-7664afe73fa1&xptdk=8f9f277b-441d-4278-8faa-7664afe73fa1,https://deo.shopeemobile.com/shopee/modules-federation/live/0/shopee__item-card-standard-v2/0.2.8/pc/d7099d3fd1dfdaf705ab.svg,23 Terjual
https://down-id.img.susercontent.com/file/id-11134207-822wn-mmu4gnmhm7euff,https://down-id.img.susercontent.com/file/id-11134258-8224v-mkvw0cu9r7k1a5,iPhone 15 128GB / 256GB / 512GB Garansi Resmi TAM iBOX,https://deo.shopeemobile.com/shopee/modules-federation/live/0/shopee__item-card-standard-v2/0.2.8/pc/e4734dab67ee2f9ebd5a.png,Rp,13.199.000,,,5.0,,https://deo.shopeemobile.com/shopee/modules-federation/live/0/shopee__item-card-standard-v2/0.2.8/pc/76dff349290d20891fc1.svg,,https://deo.shopeemobile.com/shopee/modules-federation/live/0/shopee__item-card-standard-v2/0.2.8/pc/5dd7b4560d0e2d3190e8.svg,Denpasar,,,,,,"iPhone 15 128GB / 256GB / 512GB Garansi Resmi TAM iBOX
Rp
13.199.000
5.0
88 Terjual
2-5 Hari
Denpasar",https://shopee.co.id/iPhone-15-128GB-256GB-512GB-Garansi-Resmi-TAM-iBOX-i.25468108.28737927726?extraParams=%7B%22display_model_id%22%3A275487023852%2C%22model_selection_logic%22%3A3%7D&sp_atk=f0023f4f-8d81-4458-9b92-52868051adfa&xptdk=f0023f4f-8d81-4458-9b92-52868051adfa,https://deo.shopeemobile.com/shopee/modules-federation/live/0/shopee__item-card-standard-v2/0.2.8/pc/d7099d3fd1dfdaf705ab.svg,88 Terjual
https://down-id.img.susercontent.com/file/id-11134207-7rbk6-m70kstw762pgcc,https://down-id.img.susercontent.com/file/id-11134258-822ws-mnciva8io4qu2f,Apple iPhones 15 (Garansi Resmi Apple Indonesia),https://deo.shopeemobile.com/shopee/modules-federation/live/0/shopee__item-card-standard-v2/0.2.8/pc/e4734dab67ee2f9ebd5a.png,Rp,12.499.900,,,4.9,,https://deo.shopeemobile.com/shopee/modules-federation/live/0/shopee__item-card-standard-v2/0.2.8/pc/76dff349290d20891fc1.svg,,https://deo.shopeemobile.com/shopee/modules-federation/live/0/shopee__item-card-standard-v2/0.2.8/pc/5dd7b4560d0e2d3190e8.svg,Jambi,,,,,,"Apple iPhones 15 (Garansi Resmi Apple Indonesia)
Rp
12.499.900
4.9
32 Terjual
2-4 Hari
Jambi",https://shopee.co.id/Apple-iPhones-15-(Garansi-Resmi-Apple-Indonesia)-i.25229367.29728605797?extraParams=%7B%22display_model_id%22%3A167012397167%2C%22model_selection_logic%22%3A3%7D&sp_atk=83ed4c0e-0b7e-4d49-8b78-b3d2e7b95efb&xptdk=83ed4c0e-0b7e-4d49-8b78-b3d2e7b95efb,https://deo.shopeemobile.com/shopee/modules-federation/live/0/shopee__item-card-standard-v2/0.2.8/pc/d7099d3fd1dfdaf705ab.svg,32 Terjual
https://down-id.img.susercontent.com/file/id-11134207-822wt-mmsdzo58onb85d,https://down-id.img.susercontent.com/file/id-11134258-822ws-mnciva8io4qu2f,iPhone 14 128GB 256GB [RESMI] [SEGEL],https://deo.shopeemobile.com/shopee/modules-federation/live/0/shopee__item-card-standard-v2/0.2.8/pc/a425c915798471b33e5d.png,Rp,11.249.000,,,4.9,,https://deo.shopeemobile.com/shopee/modules-federation/live/0/shopee__item-card-standard-v2/0.2.8/pc/38e203dc86172a6c6560.svg,,https://deo.shopeemobile.com/shopee/modules-federation/live/0/shopee__item-card-standard-v2/0.2.8/pc/5dd7b4560d0e2d3190e8.svg,Jakarta Pusat,-41%,https://deo.shopeemobile.com/shopee/modules-federation/live/0/shopee__item-card-standard-v2/0.2.8/pc/0614b8f0a8fdde22942d.svg,< 2 Hari,,,"iPhone 14 128GB 256GB [RESMI] [SEGEL]
Rp
11.249.000
-41%
4.9
47 Terjual
< 2 Hari
Jakarta Pusat",https://shopee.co.id/iPhone-14-128GB-256GB-RESMI-SEGEL--i.30846303.27778567966?extraParams=%7B%22display_model_id%22%3A320745341365%2C%22model_selection_logic%22%3A3%7D&sp_atk=2080446f-5cc5-4f0c-8872-440ceeb5f52d&xptdk=2080446f-5cc5-4f0c-8872-440ceeb5f52d,https://deo.shopeemobile.com/shopee/modules-federation/live/0/shopee__item-card-standard-v2/0.2.8/pc/d7099d3fd1dfdaf705ab.svg,47 Terjual
https://down-id.img.susercontent.com/file/id-11134207-7ra0k-mbx7wtnuvs6cd4,https://down-id.img.susercontent.com/file/id-11134258-822ws-mnciva8io4qu2f,Apple iPhone 16 128Gb | 256GB | 512GB Kamera 48MP,https://deo.shopeemobile.com/shopee/modules-federation/live/0/shopee__item-card-standard-v2/0.2.8/pc/7c9110f78e069acbced7.png,Rp,15.515.000,,,5.0,,https://deo.shopeemobile.com/shopee/modules-federation/live/0/shopee__item-card-standard-v2/0.2.8/pc/38e203dc86172a6c6560.svg,,https://deo.shopeemobile.com/shopee/modules-federation/live/0/shopee__item-card-standard-v2/0.2.8/pc/5dd7b4560d0e2d3190e8.svg,Surabaya,,https://deo.shopeemobile.com/shopee/modules-federation/live/0/shopee__item-card-standard-v2/0.2.8/pc/0614b8f0a8fdde22942d.svg,Besok 12:00,,https://deo.shopeemobile.com/shopee/modules-federation/live/0/shopee__item-card-standard-v2/0.2.8/pc/d2a1900a0267d45fd0f5.png,"Apple iPhone 16 128Gb | 256GB | 512GB Kamera 48MP
Rp
15.515.000
5.0
6 Terjual
Besok 12:00
Surabaya",https://shopee.co.id/Apple-iPhone-16-128Gb-256GB-512GB-Kamera-48MP-i.308460192.41307704683?extraParams=%7B%22display_model_id%22%3A147883914709%2C%22model_selection_logic%22%3A3%7D&sp_atk=9ab27880-ead9-47eb-a8f9-cec101ba5e01&xptdk=9ab27880-ead9-47eb-a8f9-cec101ba5e01,https://deo.shopeemobile.com/shopee/modules-federation/live/0/shopee__item-card-standard-v2/0.2.8/pc/d7099d3fd1dfdaf705ab.svg,6 Terjual
https://down-id.img.susercontent.com/file/id-11134207-822wl-mlbk18du8i6997,https://down-id.img.susercontent.com/file/id-11134258-822ws-mnciva8io4qu2f,APPLE iPhone 16 128GB 256GB 512GB A18 CPU 6C GPU 5C OLED - Garansi Resmi,https://deo.shopeemobile.com/shopee/modules-federation/live/0/shopee__item-card-standard-v2/0.2.8/pc/7c9110f78e069acbced7.png,Rp,15.515.000,,,4.9,,https://deo.shopeemobile.com/shopee/modules-federation/live/0/shopee__item-card-standard-v2/0.2.8/pc/38e203dc86172a6c6560.svg,,https://deo.shopeemobile.com/shopee/modules-federation/live/0/shopee__item-card-standard-v2/0.2.8/pc/5dd7b4560d0e2d3190e8.svg,Surabaya,,https://deo.shopeemobile.com/shopee/modules-federation/live/0/shopee__item-card-standard-v2/0.2.8/pc/0614b8f0a8fdde22942d.svg,Besok 12:00,,https://deo.shopeemobile.com/shopee/modules-federation/live/0/shopee__item-card-standard-v2/0.2.8/pc/d2a1900a0267d45fd0f5.png,"APPLE iPhone 16 128GB 256GB 512GB A18 CPU 6C GPU 5C OLED - Garansi Resmi
Rp
15.515.000
4.9
13 Terjual
Besok 12:00
Surabaya",https://shopee.co.id/APPLE-iPhone-16-128GB-256GB-512GB-A18-CPU-6C-GPU-5C-OLED-Garansi-Resmi-i.1107182645.42568511900?extraParams=%7B%22display_model_id%22%3A296679177443%2C%22model_selection_logic%22%3A3%7D&sp_atk=0e0c4ccd-fb3d-4d98-a247-a783fdb97bfc&xptdk=0e0c4ccd-fb3d-4d98-a247-a783fdb97bfc,https://deo.shopeemobile.com/shopee/modules-federation/live/0/shopee__item-card-standard-v2/0.2.8/pc/d7099d3fd1dfdaf705ab.svg,13 Terjual
https://down-id.img.susercontent.com/file/id-11134207-7rbk6-m7d80gkm0i52d3,https://down-id.img.susercontent.com/file/id-11134258-8224v-mkvw0cu9r7k1a5,Iphone 13 128GB Baru Resmi Ibox/GDN Super Retina XDR,https://deo.shopeemobile.com/shopee/modules-federation/live/0/shopee__item-card-standard-v2/0.2.8/pc/a425c915798471b33e5d.png,Rp,9.575.000,,,5.0,,https://deo.shopeemobile.com/shopee/modules-federation/live/0/shopee__item-card-standard-v2/0.2.8/pc/76dff349290d20891fc1.svg,,https://deo.shopeemobile.com/shopee/modules-federation/live/0/shopee__item-card-standard-v2/0.2.8/pc/5dd7b4560d0e2d3190e8.svg,Kab. Tangerang,,,,,,"Iphone 13 128GB Baru Resmi Ibox/GDN Super Retina XDR
Rp
9.575.000
5.0
11 Terjual
19 Hari
Kab. Tangerang",https://shopee.co.id/Iphone-13-128GB-Baru-Resmi-Ibox-GDN-Super-Retina-XDR-i.930453491.26429712441?extraParams=%7B%22display_model_id%22%3A185884916328%2C%22model_selection_logic%22%3A3%7D&sp_atk=788f423c-80d5-4a50-b222-56b70eb5512c&xptdk=788f423c-80d5-4a50-b222-56b70eb5512c,https://deo.shopeemobile.com/shopee/modules-federation/live/0/shopee__item-card-standard-v2/0.2.8/pc/d7099d3fd1dfdaf705ab.svg,11 Terjual
https://down-id.img.susercontent.com/file/id-11134207-822wo-mlytbtf1a5mqa6,https://down-id.img.susercontent.com/file/id-11134258-8224v-mkvw0cu9r7k1a5,iPhone 15 128GB BNIB Garansi Resmi Indonesia,,Rp,11.600.000,,,5.0,,https://deo.shopeemobile.com/shopee/modules-federation/live/0/shopee__item-card-standard-v2/0.2.8/pc/76dff349290d20891fc1.svg,,https://deo.shopeemobile.com/shopee/modules-federation/live/0/shopee__item-card-standard-v2/0.2.8/pc/5dd7b4560d0e2d3190e8.svg,Kab. Tulang Bawang,,,,,,"iPhone 15 128GB BNIB Garansi Resmi Indonesia
Rp
11.600.000
5.0
15 Terjual
5-9 Hari
Kab. Tulang Bawang",https://shopee.co.id/iPhone-15-128GB-BNIB-Garansi-Resmi-Indonesia-i.205102527.26292475168?extraParams=%7B%22display_model_id%22%3A405458480337%2C%22model_selection_logic%22%3A3%7D&sp_atk=80cb4b77-8902-4552-b790-fbacdd736956&xptdk=80cb4b77-8902-4552-b790-fbacdd736956,https://deo.shopeemobile.com/shopee/modules-federation/live/0/shopee__item-card-standard-v2/0.2.8/pc/d7099d3fd1dfdaf705ab.svg,15 Terjual
https://down-id.img.susercontent.com/file/id-11134207-8224y-miykljebovepc0,https://down-id.img.susercontent.com/file/id-11134258-822wr-mlx67rtd6r602f,iPhone 15 128/256GB - Garansi Resmi 1 Tahun,https://deo.shopeemobile.com/shopee/modules-federation/live/0/shopee__item-card-standard-v2/0.2.8/pc/e4734dab67ee2f9ebd5a.png,Rp,12.599.999,Produk Baru,,5.0,,https://deo.shopeemobile.com/shopee/modules-federation/live/0/shopee__item-card-standard-v2/0.2.8/pc/38e203dc86172a6c6560.svg,,https://deo.shopeemobile.com/shopee/modules-federation/live/0/shopee__item-card-standard-v2/0.2.8/pc/5dd7b4560d0e2d3190e8.svg,Jakarta Pusat,,https://deo.shopeemobile.com/shopee/modules-federation/live/0/shopee__item-card-standard-v2/0.2.8/pc/0614b8f0a8fdde22942d.svg,< 2 Hari,,,"iPhone 15 128/256GB - Garansi Resmi 1 Tahun
Rp
12.599.999
Produk Baru
5.0
17 Terjual
< 2 Hari
Jakarta Pusat",https://shopee.co.id/iPhone-15-128-256GB-Garansi-Resmi-1-Tahun-i.25832910.50504013964?extraParams=%7B%22display_model_id%22%3A259184911668%2C%22model_selection_logic%22%3A3%7D&sp_atk=e9327719-96fb-48c9-b2ed-7f13d4aedb61&xptdk=e9327719-96fb-48c9-b2ed-7f13d4aedb61,https://deo.shopeemobile.com/shopee/modules-federation/live/0/shopee__item-card-standard-v2/0.2.8/pc/d7099d3fd1dfdaf705ab.svg,17 Terjual
https://down-id.img.susercontent.com/file/id-11134207-8224w-mibday5ze9s895,https://down-id.img.susercontent.com/file/id-11134258-8224v-mkvw0cu9r7k1a5,New iPhone 15 Garansi Resmi 1 Tahun Indonesia,https://deo.shopeemobile.com/shopee/modules-federation/live/0/shopee__item-card-standard-v2/0.2.8/pc/a425c915798471b33e5d.png,Rp,13.149.000,Produk Baru,,5.0,,https://deo.shopeemobile.com/shopee/modules-federation/live/0/shopee__item-card-standard-v2/0.2.8/pc/76dff349290d20891fc1.svg,,https://deo.shopeemobile.com/shopee/modules-federation/live/0/shopee__item-card-standard-v2/0.2.8/pc/5dd7b4560d0e2d3190e8.svg,Denpasar,,,,,,"New iPhone 15 Garansi Resmi 1 Tahun Indonesia
Rp
13.149.000
Produk Baru
5.0
10 Terjual
3-5 Hari
Denpasar",https://shopee.co.id/New-iPhone-15-Garansi-Resmi-1-Tahun-Indonesia-i.877265679.57653154500?extraParams=%7B%22display_model_id%22%3A315305102423%2C%22model_selection_logic%22%3A3%7D&sp_atk=2acd1262-5909-476e-b9f0-1869c3822aff&xptdk=2acd1262-5909-476e-b9f0-1869c3822aff,https://deo.shopeemobile.com/shopee/modules-federation/live/0/shopee__item-card-standard-v2/0.2.8/pc/d7099d3fd1dfdaf705ab.svg,10 Terjual
https://down-id.img.susercontent.com/file/id-11134207-7ra0r-mcrmg9twjaxj13,https://down-id.img.susercontent.com/file/id-11134258-822ws-mnciva8io4qu2f,Apple iPhones 16 (Garansi Resmi Apple Indonesia) #DIGIPHONE,https://deo.shopeemobile.com/shopee/modules-federation/live/0/shopee__item-card-standard-v2/0.2.8/pc/e4734dab67ee2f9ebd5a.png,Rp,15.099.000,,,5.0,,https://deo.shopeemobile.com/shopee/modules-federation/live/0/shopee__item-card-standard-v2/0.2.8/pc/38e203dc86172a6c6560.svg,,https://deo.shopeemobile.com/shopee/modules-federation/live/0/shopee__item-card-standard-v2/0.2.8/pc/5dd7b4560d0e2d3190e8.svg,Jambi,,https://deo.shopeemobile.com/shopee/modules-federation/live/0/shopee__item-card-standard-v2/0.2.8/pc/0614b8f0a8fdde22942d.svg,< 2 Hari,,,"Apple iPhones 16 (Garansi Resmi Apple Indonesia) #DIGIPHONE
Rp
15.099.000
5.0
19 Terjual
< 2 Hari
Jambi",https://shopee.co.id/Apple-iPhones-16-(Garansi-Resmi-Apple-Indonesia)-DIGIPHONE-i.25229367.18480076771?extraParams=%7B%22display_model_id%22%3A300904418946%2C%22model_selection_logic%22%3A3%7D&sp_atk=a0a90a84-0cd8-4695-932a-03907fedbeb0&xptdk=a0a90a84-0cd8-4695-932a-03907fedbeb0,https://deo.shopeemobile.com/shopee/modules-federation/live/0/shopee__item-card-standard-v2/0.2.8/pc/d7099d3fd1dfdaf705ab.svg,19 Terjual
https://down-id.img.susercontent.com/file/id-11134207-7ra0m-mdh0hwd80k265b,https://down-id.img.susercontent.com/file/id-11134258-8224v-mkvw0cu9r7k1a5,iPhone 16 128GB New iBox,,Rp,15.700.000,,,5.0,,https://deo.shopeemobile.com/shopee/modules-federation/live/0/shopee__item-card-standard-v2/0.2.8/pc/38e203dc86172a6c6560.svg,,https://deo.shopeemobile.com/shopee/modules-federation/live/0/shopee__item-card-standard-v2/0.2.8/pc/5dd7b4560d0e2d3190e8.svg,Surakarta (Solo),,https://deo.shopeemobile.com/shopee/modules-federation/live/0/shopee__item-card-standard-v2/0.2.8/pc/0614b8f0a8fdde22942d.svg,< 2 Hari,,,"iPhone 16 128GB New iBox
Rp
15.700.000
5.0
5 Terjual
< 2 Hari
Surakarta (Solo)",https://shopee.co.id/iPhone-16-128GB-New-iBox-i.371457859.40713546229?extraParams=%7B%22display_model_id%22%3A276120481626%2C%22model_selection_logic%22%3A3%7D&sp_atk=b1609b75-e3bc-401a-9c41-4d5391bc5cde&xptdk=b1609b75-e3bc-401a-9c41-4d5391bc5cde,https://deo.shopeemobile.com/shopee/modules-federation/live/0/shopee__item-card-standard-v2/0.2.8/pc/d7099d3fd1dfdaf705ab.svg,5 Terjual
https://down-id.img.susercontent.com/file/sg-11134201-7rbm1-ln0zlrj5niu95c,https://down-id.img.susercontent.com/file/id-11134258-7r98w-lyezzaurybot13,Iphone 15 128GB Garansi Resmi Indonesia,https://deo.shopeemobile.com/shopee/modules-federation/live/0/shopee__item-card-standard-v2/0.2.8/pc/7c9110f78e069acbced7.png,Rp,12.299.000,,,5.0,,https://deo.shopeemobile.com/shopee/modules-federation/live/0/shopee__item-card-standard-v2/0.2.8/pc/38e203dc86172a6c6560.svg,,https://deo.shopeemobile.com/shopee/modules-federation/live/0/shopee__item-card-standard-v2/0.2.8/pc/5dd7b4560d0e2d3190e8.svg,Semarang,-8%,https://deo.shopeemobile.com/shopee/modules-federation/live/0/shopee__item-card-standard-v2/0.2.8/pc/0614b8f0a8fdde22942d.svg,< 2 Hari,,,"Iphone 15 128GB Garansi Resmi Indonesia
Rp
12.299.000
-8%
5.0
236 Terjual
< 2 Hari
Semarang",https://shopee.co.id/Iphone-15-128GB-Garansi-Resmi-Indonesia-i.287662257.22283735987?extraParams=%7B%22display_model_id%22%3A207109763117%2C%22model_selection_logic%22%3A3%7D&sp_atk=e517c549-d654-4265-9c71-a2d8f574a3d2&xptdk=e517c549-d654-4265-9c71-a2d8f574a3d2,https://deo.shopeemobile.com/shopee/modules-federation/live/0/shopee__item-card-standard-v2/0.2.8/pc/d7099d3fd1dfdaf705ab.svg,236 Terjual
https://down-id.img.susercontent.com/file/id-11134207-82252-mgg7lx76pvym2b,https://down-id.img.susercontent.com/file/id-11134258-8224v-mkvw0cu9r7k1a5,Apple iPhone 17 256GB Garansi Resmi Indonesia,https://deo.shopeemobile.com/shopee/modules-federation/live/0/shopee__item-card-standard-v2/0.2.8/pc/7c9110f78e069acbced7.png,Rp,17.499.000,,,5.0,,https://deo.shopeemobile.com/shopee/modules-federation/live/0/shopee__item-card-standard-v2/0.2.8/pc/38e203dc86172a6c6560.svg,,https://deo.shopeemobile.com/shopee/modules-federation/live/0/shopee__item-card-standard-v2/0.2.8/pc/5dd7b4560d0e2d3190e8.svg,Tangerang,-11%,https://deo.shopeemobile.com/shopee/modules-federation/live/0/shopee__item-card-standard-v2/0.2.8/pc/0614b8f0a8fdde22942d.svg,< 2 Hari,,,"Apple iPhone 17 256GB Garansi Resmi Indonesia
Rp
17.499.000
-11%
5.0
19 Terjual
< 2 Hari
Tangerang",https://shopee.co.id/Apple-iPhone-17-256GB-Garansi-Resmi-Indonesia-i.1517186678.40375985510?extraParams=%7B%22display_model_id%22%3A440692231043%2C%22model_selection_logic%22%3A3%7D&sp_atk=53436c37-b9d8-4ccf-97a1-3feeadc4009e&xptdk=53436c37-b9d8-4ccf-97a1-3feeadc4009e,https://deo.shopeemobile.com/shopee/modules-federation/live/0/shopee__item-card-standard-v2/0.2.8/pc/d7099d3fd1dfdaf705ab.svg,19 Terjual
https://down-id.img.susercontent.com/file/id-11134207-8224z-mfvxn3n12fim86,https://down-id.img.susercontent.com/file/id-11134258-8224v-mkvw0cu9r7k1a5,Iphone 15 128 Garansi Resmi Ibox - Pink,,Rp,9.999.000,,,5.0,,https://deo.shopeemobile.com/shopee/modules-federation/live/0/shopee__item-card-standard-v2/0.2.8/pc/38e203dc86172a6c6560.svg,1 Terjual,https://deo.shopeemobile.com/shopee/modules-federation/live/0/shopee__item-card-standard-v2/0.2.8/pc/5dd7b4560d0e2d3190e8.svg,Denpasar,,https://deo.shopeemobile.com/shopee/modules-federation/live/0/shopee__item-card-standard-v2/0.2.8/pc/0614b8f0a8fdde22942d.svg,< 2 Hari,,,"Iphone 15 128 Garansi Resmi Ibox - Pink
Rp
9.999.000
5.0
1 Terjual
< 2 Hari
Denpasar",https://shopee.co.id/Iphone-15-128-Garansi-Resmi-Ibox-Pink-i.98856976.24797491662?extraParams=%7B%22display_model_id%22%3A296979624816%2C%22model_selection_logic%22%3A3%7D&sp_atk=c82f46e6-f8ca-46ae-be3e-bc8d4e4c41b4&xptdk=c82f46e6-f8ca-46ae-be3e-bc8d4e4c41b4,https://deo.shopeemobile.com/shopee/modules-federation/live/0/shopee__item-card-standard-v2/0.2.8/pc/d7099d3fd1dfdaf705ab.svg,
https://down-id.img.susercontent.com/file/id-11134207-7rbkb-m7vog9efl6cp8d,https://down-id.img.susercontent.com/file/id-11134258-7r98w-lyezzaurybot13,Apple iPhone 16,https://deo.shopeemobile.com/shopee/modules-federation/live/0/shopee__item-card-standard-v2/0.2.8/pc/7c9110f78e069acbced7.png,Rp,14.499.000,,,4.9,,https://deo.shopeemobile.com/shopee/modules-federation/live/0/shopee__item-card-standard-v2/0.2.8/pc/76dff349290d20891fc1.svg,501 Terjual,https://deo.shopeemobile.com/shopee/modules-federation/live/0/shopee__item-card-standard-v2/0.2.8/pc/5dd7b4560d0e2d3190e8.svg,Jakarta Barat,-15%,,,,,"Apple iPhone 16
Rp
14.499.000
-15%
4.9
501 Terjual
2-3 Hari
Jakarta Barat",https://shopee.co.id/Apple-iPhone-16-i.21092366.26230424805?extraParams=%7B%22display_model_id%22%3A242956547612%2C%22model_selection_logic%22%3A3%7D&sp_atk=1db79a81-827d-4e37-995d-9259fef40504&xptdk=1db79a81-827d-4e37-995d-9259fef40504,https://deo.shopeemobile.com/shopee/modules-federation/live/0/shopee__item-card-standard-v2/0.2.8/pc/d7099d3fd1dfdaf705ab.svg,
https://down-id.img.susercontent.com/file/id-11134207-822wj-mn5g5ocwpwcoeb,https://down-id.img.susercontent.com/file/id-11134258-822ws-mnciva8io4qu2f,Apple iPhone 15 128GB Garansi Resmi Indonesia,https://deo.shopeemobile.com/shopee/modules-federation/live/0/shopee__item-card-standard-v2/0.2.8/pc/a425c915798471b33e5d.png,Rp,11.929.000,,,5.0,,https://deo.shopeemobile.com/shopee/modules-federation/live/0/shopee__item-card-standard-v2/0.2.8/pc/76dff349290d20891fc1.svg,108 Terjual,https://deo.shopeemobile.com/shopee/modules-federation/live/0/shopee__item-card-standard-v2/0.2.8/pc/5dd7b4560d0e2d3190e8.svg,Tangerang,,,,,https://deo.shopeemobile.com/shopee/modules-federation/live/0/shopee__item-card-standard-v2/0.2.8/pc/d2a1900a0267d45fd0f5.png,"Apple iPhone 15 128GB Garansi Resmi Indonesia
Rp
11.929.000
5.0
108 Terjual
2-4 Hari
Tangerang",https://shopee.co.id/Apple-iPhone-15-128GB-Garansi-Resmi-Indonesia-i.755249536.26283050266?extraParams=%7B%22display_model_id%22%3A243151242935%2C%22model_selection_logic%22%3A3%7D&sp_atk=b80947dd-e8a1-4cb6-bcdb-73968ff9c021&xptdk=b80947dd-e8a1-4cb6-bcdb-73968ff9c021,https://deo.shopeemobile.com/shopee/modules-federation/live/0/shopee__item-card-standard-v2/0.2.8/pc/d7099d3fd1dfdaf705ab.svg,
https://down-id.img.susercontent.com/file/id-11134207-81ztf-mfm9tnayg8aw04,https://down-id.img.susercontent.com/file/id-11134258-8224v-mkvw0cu9r7k1a5,iPhone 17 256GB 512GB Garansi Resmi Ibox Gdn Digimap,https://deo.shopeemobile.com/shopee/modules-federation/live/0/shopee__item-card-standard-v2/0.2.8/pc/e4734dab67ee2f9ebd5a.png,Rp,18.090.000,,,5.0,,https://deo.shopeemobile.com/shopee/modules-federation/live/0/shopee__item-card-standard-v2/0.2.8/pc/38e203dc86172a6c6560.svg,47 Terjual,https://deo.shopeemobile.com/shopee/modules-federation/live/0/shopee__item-card-standard-v2/0.2.8/pc/5dd7b4560d0e2d3190e8.svg,Kab. Sleman,,https://deo.shopeemobile.com/shopee/modules-federation/live/0/shopee__item-card-standard-v2/0.2.8/pc/0614b8f0a8fdde22942d.svg,< 2 Hari,,,"iPhone 17 256GB 512GB Garansi Resmi Ibox Gdn Digimap
Rp
18.090.000
5.0
47 Terjual
< 2 Hari
Kab. Sleman",https://shopee.co.id/iPhone-17-256GB-512GB-Garansi-Resmi-Ibox-Gdn-Digimap-i.40255164.43623328537?extraParams=%7B%22display_model_id%22%3A296897366014%2C%22model_selection_logic%22%3A3%7D&sp_atk=0492e254-165c-4dd6-9f50-eac597a9b3ee&xptdk=0492e254-165c-4dd6-9f50-eac597a9b3ee,https://deo.shopeemobile.com/shopee/modules-federation/live/0/shopee__item-card-standard-v2/0.2.8/pc/d7099d3fd1dfdaf705ab.svg,
https://down-id.img.susercontent.com/file/id-11134207-8224z-mkdaqu4a2holc8,https://down-id.img.susercontent.com/file/id-11134258-822ws-mnciva8io4qu2f,"Apple iPhone 15 128GB 256GB 512GB Kamera 48MP, USB-C",https://deo.shopeemobile.com/shopee/modules-federation/live/0/shopee__item-card-standard-v2/0.2.8/pc/7c9110f78e069acbced7.png,Rp,12.221.000,,,5.0,,https://deo.shopeemobile.com/shopee/modules-federation/live/0/shopee__item-card-standard-v2/0.2.8/pc/38e203dc86172a6c6560.svg,4 Terjual,https://deo.shopeemobile.com/shopee/modules-federation/live/0/shopee__item-card-standard-v2/0.2.8/pc/5dd7b4560d0e2d3190e8.svg,Surabaya,,https://deo.shopeemobile.com/shopee/modules-federation/live/0/shopee__item-card-standard-v2/0.2.8/pc/0614b8f0a8fdde22942d.svg,Besok,,https://deo.shopeemobile.com/shopee/modules-federation/live/0/shopee__item-card-standard-v2/0.2.8/pc/d2a1900a0267d45fd0f5.png,"Apple iPhone 15 128GB 256GB 512GB Kamera 48MP, USB-C
Rp
12.221.000
5.0
4 Terjual
Besok
Surabaya",https://shopee.co.id/Apple-iPhone-15-128GB-256GB-512GB-Kamera-48MP-USB-C-i.308460192.41307710417?extraParams=%7B%22display_model_id%22%3A445531619579%2C%22model_selection_logic%22%3A3%7D&sp_atk=5142bc76-955f-420c-8a50-22d528080038&xptdk=5142bc76-955f-420c-8a50-22d528080038,https://deo.shopeemobile.com/shopee/modules-federation/live/0/shopee__item-card-standard-v2/0.2.8/pc/d7099d3fd1dfdaf705ab.svg,
https://down-id.img.susercontent.com/file/id-11134207-8224z-mki20n77dmva27,,iPhone 14 128GB New,,Rp,9.500.000,,,5.0,,https://deo.shopeemobile.com/shopee/modules-federation/live/0/shopee__item-card-standard-v2/0.2.8/pc/76dff349290d20891fc1.svg,4 Terjual,https://deo.shopeemobile.com/shopee/modules-federation/live/0/shopee__item-card-standard-v2/0.2.8/pc/5dd7b4560d0e2d3190e8.svg,Tangerang,,,,,,"iPhone 14 128GB New
Rp
9.500.000
5.0
4 Terjual
2-4 Hari
Tangerang",https://shopee.co.id/iPhone-14-128GB-New-i.1745503306.56306045805?extraParams=%7B%22display_model_id%22%3A400550015575%2C%22model_selection_logic%22%3A3%7D&sp_atk=ae75cad0-325a-4e84-9c8c-eedce6cf2602&xptdk=ae75cad0-325a-4e84-9c8c-eedce6cf2602,https://deo.shopeemobile.com/shopee/modules-federation/live/0/shopee__item-card-standard-v2/0.2.8/pc/d7099d3fd1dfdaf705ab.svg,
https://down-id.img.susercontent.com/file/id-11134207-8224q-mkeq47cm03k518,https://down-id.img.susercontent.com/file/id-11134258-822ws-mnciva8io4qu2f,Apple Iphone 15 256GB Original Garansi Resmi,https://deo.shopeemobile.com/shopee/modules-federation/live/0/shopee__item-card-standard-v2/0.2.8/pc/7c9110f78e069acbced7.png,Rp,12.221.000,,,5.0,,https://deo.shopeemobile.com/shopee/modules-federation/live/0/shopee__item-card-standard-v2/0.2.8/pc/38e203dc86172a6c6560.svg,11 Terjual,https://deo.shopeemobile.com/shopee/modules-federation/live/0/shopee__item-card-standard-v2/0.2.8/pc/5dd7b4560d0e2d3190e8.svg,Surabaya,,https://deo.shopeemobile.com/shopee/modules-federation/live/0/shopee__item-card-standard-v2/0.2.8/pc/0614b8f0a8fdde22942d.svg,Besok 12:00,,https://deo.shopeemobile.com/shopee/modules-federation/live/0/shopee__item-card-standard-v2/0.2.8/pc/d2a1900a0267d45fd0f5.png,"Apple Iphone 15 256GB Original Garansi Resmi
Rp
12.221.000
5.0
11 Terjual
Besok 12:00
Surabaya",https://shopee.co.id/Apple-Iphone-15-256GB-Original-Garansi-Resmi-i.1541304119.44319355785?extraParams=%7B%22display_model_id%22%3A400397688252%2C%22model_selection_logic%22%3A3%7D&sp_atk=a80d589b-4ad2-4518-b147-a8daeb5b69c6&xptdk=a80d589b-4ad2-4518-b147-a8daeb5b69c6,https://deo.shopeemobile.com/shopee/modules-federation/live/0/shopee__item-card-standard-v2/0.2.8/pc/d7099d3fd1dfdaf705ab.svg,
https://down-id.img.susercontent.com/file/id-11134207-81ztf-mefk0syg0kjoea,https://down-id.img.susercontent.com/file/id-11134258-7r98w-lyezzaurybot13,Apple iPhone 13 128GB Original BNIB Segel Resmi 100%,https://deo.shopeemobile.com/shopee/modules-federation/live/0/shopee__item-card-standard-v2/0.2.8/pc/a425c915798471b33e5d.png,Rp,8.988.000,,,,,https://deo.shopeemobile.com/shopee/modules-federation/live/0/shopee__item-card-standard-v2/0.2.8/pc/38e203dc86172a6c6560.svg,< 2 Hari,https://deo.shopeemobile.com/shopee/modules-federation/live/0/shopee__item-card-standard-v2/0.2.8/pc/5dd7b4560d0e2d3190e8.svg,Depok,,https://deo.shopeemobile.com/shopee/modules-federation/live/0/shopee__item-card-standard-v2/0.2.8/pc/0614b8f0a8fdde22942d.svg,< 2 Hari,,,"Apple iPhone 13 128GB Original BNIB Segel Resmi 100%
Rp
8.988.000
< 2 Hari
Depok",https://shopee.co.id/Apple-iPhone-13-128GB-Original-BNIB-Segel-Resmi-100--i.1590532133.43518237482?extraParams=%7B%22display_model_id%22%3A248876698959%2C%22model_selection_logic%22%3A3%7D&sp_atk=6b26ab3c-6f46-4d22-a002-9a957a3d56b1&xptdk=6b26ab3c-6f46-4d22-a002-9a957a3d56b1,https://deo.shopeemobile.com/shopee/modules-federation/live/0/shopee__item-card-standard-v2/0.2.8/pc/0614b8f0a8fdde22942d.svg,
https://down-id.img.susercontent.com/file/id-11134207-82251-mimmv03sjbb5ee,https://down-id.img.susercontent.com/file/id-11134258-7r98w-lyezzaurybot13,iPhone 13 128GB Midnight,https://deo.shopeemobile.com/shopee/modules-federation/live/0/shopee__item-card-standard-v2/0.2.8/pc/a425c915798471b33e5d.png,Rp,8.950.000,Produk Baru,,5.0,,https://deo.shopeemobile.com/shopee/modules-federation/live/0/shopee__item-card-standard-v2/0.2.8/pc/76dff349290d20891fc1.svg,2 Terjual,https://deo.shopeemobile.com/shopee/modules-federation/live/0/shopee__item-card-standard-v2/0.2.8/pc/5dd7b4560d0e2d3190e8.svg,Balikpapan,,,,,,"iPhone 13 128GB Midnight
Rp
8.950.000
Produk Baru
5.0
2 Terjual
1-4 Hari
Balikpapan",https://shopee.co.id/iPhone-13-128GB-Midnight-i.1428966426.57203552705?extraParams=%7B%22display_model_id%22%3A365383417305%2C%22model_selection_logic%22%3A3%7D&sp_atk=5e715313-c9dc-4be1-b268-210813255b45&xptdk=5e715313-c9dc-4be1-b268-210813255b45,https://deo.shopeemobile.com/shopee/modules-federation/live/0/shopee__item-card-standard-v2/0.2.8/pc/d7099d3fd1dfdaf705ab.svg,
https://down-id.img.susercontent.com/file/id-11134207-7ra0q-md362014of140b,https://down-id.img.susercontent.com/file/id-11134258-822ws-mnciva8io4qu2f,Apple Iphone 15 256GB Black - Garansi Resmi 1 Tahun,https://deo.shopeemobile.com/shopee/modules-federation/live/0/shopee__item-card-standard-v2/0.2.8/pc/7c9110f78e069acbced7.png,Rp,12.221.000,,,,,https://deo.shopeemobile.com/shopee/modules-federation/live/0/shopee__item-card-standard-v2/0.2.8/pc/38e203dc86172a6c6560.svg,3 Terjual,https://deo.shopeemobile.com/shopee/modules-federation/live/0/shopee__item-card-standard-v2/0.2.8/pc/5dd7b4560d0e2d3190e8.svg,Kab. Sleman,-7%,https://deo.shopeemobile.com/shopee/modules-federation/live/0/shopee__item-card-standard-v2/0.2.8/pc/0614b8f0a8fdde22942d.svg,< 2 Hari,,https://deo.shopeemobile.com/shopee/modules-federation/live/0/shopee__item-card-standard-v2/0.2.8/pc/d2a1900a0267d45fd0f5.png,"Apple Iphone 15 256GB Black - Garansi Resmi 1 Tahun
Rp
12.221.000
-7%
3 Terjual
< 2 Hari
Kab. Sleman",https://shopee.co.id/Apple-Iphone-15-256GB-Black-Garansi-Resmi-1-Tahun-i.458616363.44320394258?extraParams=%7B%22display_model_id%22%3A395491650941%2C%22model_selection_logic%22%3A3%7D&sp_atk=8da07829-9adf-4f8e-a1bc-eca02c17e8d9&xptdk=8da07829-9adf-4f8e-a1bc-eca02c17e8d9,https://deo.shopeemobile.com/shopee/modules-federation/live/0/shopee__item-card-standard-v2/0.2.8/pc/0614b8f0a8fdde22942d.svg,
https://down-id.img.susercontent.com/file/id-11134207-82251-mkeq47clvvutc9,https://down-id.img.susercontent.com/file/id-11134258-822ws-mnciva8io4qu2f,Apple iPhone 17 256GB 512GB A19 Chip with Ceramic Shield Garansi Resmi,https://deo.shopeemobile.com/shopee/modules-federation/live/0/shopee__item-card-standard-v2/0.2.8/pc/7c9110f78e069acbced7.png,Rp,18.211.000,,,5.0,,https://deo.shopeemobile.com/shopee/modules-federation/live/0/shopee__item-card-standard-v2/0.2.8/pc/38e203dc86172a6c6560.svg,50 Terjual,https://deo.shopeemobile.com/shopee/modules-federation/live/0/shopee__item-card-standard-v2/0.2.8/pc/5dd7b4560d0e2d3190e8.svg,Surabaya,,https://deo.shopeemobile.com/shopee/modules-federation/live/0/shopee__item-card-standard-v2/0.2.8/pc/0614b8f0a8fdde22942d.svg,Besok 12:00,,https://deo.shopeemobile.com/shopee/modules-federation/live/0/shopee__item-card-standard-v2/0.2.8/pc/d2a1900a0267d45fd0f5.png,"Apple iPhone 17 256GB 512GB A19 Chip with Ceramic Shield Garansi Resmi
Rp
18.211.000
5.0
50 Terjual
Besok 12:00
Surabaya",https://shopee.co.id/Apple-iPhone-17-256GB-512GB-A19-Chip-with-Ceramic-Shield-Garansi-Resmi-i.1541304119.48702477425?extraParams=%7B%22display_model_id%22%3A360238146127%2C%22model_selection_logic%22%3A3%7D&sp_atk=92d37c9a-f3ab-4233-a075-b0f37892033f&xptdk=92d37c9a-f3ab-4233-a075-b0f37892033f,https://deo.shopeemobile.com/shopee/modules-federation/live/0/shopee__item-card-standard-v2/0.2.8/pc/d7099d3fd1dfdaf705ab.svg,
https://down-id.img.susercontent.com/file/id-11134207-8224z-mjl4m8z7jwu95f,https://down-id.img.susercontent.com/file/id-11134258-8224v-mkvw0cu9r7k1a5,iPhone 17 Air New iBox Garansi Original iPhone Fullset | NEW iBox 256GB 512GB 1TB,,Rp,18.795.000,,,,,https://deo.shopeemobile.com/shopee/modules-federation/live/0/shopee__item-card-standard-v2/0.2.8/pc/38e203dc86172a6c6560.svg,< 2 Hari,https://deo.shopeemobile.com/shopee/modules-federation/live/0/shopee__item-card-standard-v2/0.2.8/pc/5dd7b4560d0e2d3190e8.svg,Bandung,-1%,https://deo.shopeemobile.com/shopee/modules-federation/live/0/shopee__item-card-standard-v2/0.2.8/pc/0614b8f0a8fdde22942d.svg,< 2 Hari,https://deo.shopeemobile.com/shopee/modules-federation/live/0/shopee__item-card-standard-v2/0.2.8/pc/b4d1b8a78b3621dbdf4a.svg,https://deo.shopeemobile.com/shopee/modules-federation/live/0/shopee__item-card-standard-v2/0.2.8/pc/d2a1900a0267d45fd0f5.png,"iPhone 17 Air New iBox Garansi Original iPhone Fullset | NEW iBox 256GB 512GB 1TB
Rp
18.795.000
-1%
< 2 Hari
Bandung",https://shopee.co.id/iPhone-17-Air-New-iBox-Garansi-Original-iPhone-Fullset-NEW-iBox-256GB-512GB-1TB-i.102041973.49554851299?extraParams=%7B%22display_model_id%22%3A410446406659%2C%22model_selection_logic%22%3A3%7D&sp_atk=55564daf-9b74-4580-92f6-85d53bfdab81&xptdk=55564daf-9b74-4580-92f6-85d53bfdab81,https://deo.shopeemobile.com/shopee/modules-federation/live/0/shopee__item-card-standard-v2/0.2.8/pc/0614b8f0a8fdde22942d.svg,
https://down-id.img.susercontent.com/file/id-11134207-8224r-mkm07bcduhacd5,https://down-id.img.susercontent.com/file/id-11134258-8224v-mkvw0cu9r7k1a5,IPhone 14 128 GB new,,Rp,10.990.000,,,5.0,,https://deo.shopeemobile.com/shopee/modules-federation/live/0/shopee__item-card-standard-v2/0.2.8/pc/76dff349290d20891fc1.svg,4 Terjual,https://deo.shopeemobile.com/shopee/modules-federation/live/0/shopee__item-card-standard-v2/0.2.8/pc/5dd7b4560d0e2d3190e8.svg,Kab. Wonogiri,-1%,,,https://deo.shopeemobile.com/shopee/modules-federation/live/0/shopee__item-card-standard-v2/0.2.8/pc/b4d1b8a78b3621dbdf4a.svg,,"IPhone 14 128 GB new
Rp
10.990.000
-1%
5.0
4 Terjual
3-5 Hari
Kab. Wonogiri",https://shopee.co.id/IPhone-14-128-GB-new-i.1624524889.25396809934?extraParams=%7B%22display_model_id%22%3A375190474729%2C%22model_selection_logic%22%3A3%7D&sp_atk=c869e82e-3d83-45aa-a3b9-01b61b26767a&xptdk=c869e82e-3d83-45aa-a3b9-01b61b26767a,https://deo.shopeemobile.com/shopee/modules-federation/live/0/shopee__item-card-standard-v2/0.2.8/pc/d7099d3fd1dfdaf705ab.svg,
https://down-id.img.susercontent.com/file/id-11134207-822wl-mldnb8deud542e,https://down-id.img.susercontent.com/file/id-11134258-7r98w-lyezzaurybot13,iphone 14 128gb new resmi ibox/GDN,,Rp,8.600.000,,,,,https://deo.shopeemobile.com/shopee/modules-federation/live/0/shopee__item-card-standard-v2/0.2.8/pc/76dff349290d20891fc1.svg,3-5 Hari,https://deo.shopeemobile.com/shopee/modules-federation/live/0/shopee__item-card-standard-v2/0.2.8/pc/5dd7b4560d0e2d3190e8.svg,Kab. Temanggung,,,,,,"iphone 14 128gb new resmi ibox/GDN
Rp
8.600.000
3-5 Hari
Kab. Temanggung",https://shopee.co.id/iphone-14-128gb-new-resmi-ibox-GDN-i.425063049.50006689905?extraParams=%7B%22display_model_id%22%3A425601829971%2C%22model_selection_logic%22%3A3%7D&sp_atk=bd3c724a-6dc5-49d5-948b-e04d5e309e5c&xptdk=bd3c724a-6dc5-49d5-948b-e04d5e309e5c,,
https://down-id.img.susercontent.com/file/id-11134207-7r98s-lsh37asnwmvh94,https://down-id.img.susercontent.com/file/id-11134258-8224v-mkvw0cu9r7k1a5,Handphone iPhone 15 New iBox & Ex iBox,,Rp,10.535.000,,,,,https://deo.shopeemobile.com/shopee/modules-federation/live/0/shopee__item-card-standard-v2/0.2.8/pc/38e203dc86172a6c6560.svg,Besok 12:00,https://deo.shopeemobile.com/shopee/modules-federation/live/0/shopee__item-card-standard-v2/0.2.8/pc/5dd7b4560d0e2d3190e8.svg,Kab. Gresik,,https://deo.shopeemobile.com/shopee/modules-federation/live/0/shopee__item-card-standard-v2/0.2.8/pc/0614b8f0a8fdde22942d.svg,Besok 12:00,,,"Handphone iPhone 15 New iBox & Ex iBox
Rp
10.535.000
Besok 12:00
Kab. Gresik",https://shopee.co.id/Handphone-iPhone-15-New-iBox-Ex-iBox-i.376895994.23263995208?extraParams=%7B%22display_model_id%22%3A445578415637%2C%22model_selection_logic%22%3A3%7D&sp_atk=a62e4fc6-59c3-4cce-a658-152ff2444487&xptdk=a62e4fc6-59c3-4cce-a658-152ff2444487,https://deo.shopeemobile.com/shopee/modules-federation/live/0/shopee__item-card-standard-v2/0.2.8/pc/0614b8f0a8fdde22942d.svg,
https://down-id.img.susercontent.com/file/id-11134207-7rbk2-m70byh3cmhah3b,https://down-id.img.susercontent.com/file/id-11134258-8224v-mkvw0cu9r7k1a5,APPLE IPHONE 15 128GB 100% NEW ORIGINAL i-Phone 15 128 GARANSI RESMI,https://deo.shopeemobile.com/shopee/modules-federation/live/0/shopee__item-card-standard-v2/0.2.8/pc/a425c915798471b33e5d.png,Rp,12.699.000,,,5.0,,https://deo.shopeemobile.com/shopee/modules-federation/live/0/shopee__item-card-standard-v2/0.2.8/pc/76dff349290d20891fc1.svg,7 Terjual,https://deo.shopeemobile.com/shopee/modules-federation/live/0/shopee__item-card-standard-v2/0.2.8/pc/5dd7b4560d0e2d3190e8.svg,Pekanbaru,,,,,,"APPLE IPHONE 15 128GB 100% NEW ORIGINAL i-Phone 15 128 GARANSI RESMI
Rp
12.699.000
5.0
7 Terjual
2-4 Hari
Pekanbaru",https://shopee.co.id/APPLE-IPHONE-15-128GB-100-NEW-ORIGINAL-i-Phone-15-128-GARANSI-RESMI-i.9151441.28378573068?extraParams=%7B%22display_model_id%22%3A99123088422%2C%22model_selection_logic%22%3A3%7D&sp_atk=d1eea5f1-d360-4713-81eb-e673af2c1ea4&xptdk=d1eea5f1-d360-4713-81eb-e673af2c1ea4,https://deo.shopeemobile.com/shopee/modules-federation/live/0/shopee__item-card-standard-v2/0.2.8/pc/d7099d3fd1dfdaf705ab.svg,
https://down-id.img.susercontent.com/file/id-11134207-822wh-mm1cfk35clc1af,https://down-id.img.susercontent.com/file/id-11134258-8224v-mkvw0cu9r7k1a5,New IPHONE 14 256GB Garansi Resmi INDONESIA TAM,https://deo.shopeemobile.com/shopee/modules-federation/live/0/shopee__item-card-standard-v2/0.2.8/pc/a425c915798471b33e5d.png,Rp,11.199.000,,,,,https://deo.shopeemobile.com/shopee/modules-federation/live/0/shopee__item-card-standard-v2/0.2.8/pc/76dff349290d20891fc1.svg,2-4 Hari,https://deo.shopeemobile.com/shopee/modules-federation/live/0/shopee__item-card-standard-v2/0.2.8/pc/5dd7b4560d0e2d3190e8.svg,Bandung,,,,,,"New IPHONE 14 256GB Garansi Resmi INDONESIA TAM
Rp
11.199.000
2-4 Hari
Bandung",https://shopee.co.id/New-IPHONE-14-256GB-Garansi-Resmi-INDONESIA-TAM-i.1465113863.48956951896?extraParams=%7B%22display_model_id%22%3A380619821163%2C%22model_selection_logic%22%3A3%7D&sp_atk=6c4e3d76-5cfd-4d18-a0e6-dac5200fd109&xptdk=6c4e3d76-5cfd-4d18-a0e6-dac5200fd109,,
https://down-id.img.susercontent.com/file/id-11134207-7rbkc-m768joed9aqv44,https://down-id.img.susercontent.com/file/id-11134258-8224v-mkvw0cu9r7k1a5,iPhone 15Plus 128gb New iBox,,Rp,13.250.000,,,,,https://deo.shopeemobile.com/shopee/modules-federation/live/0/shopee__item-card-standard-v2/0.2.8/pc/38e203dc86172a6c6560.svg,< 2 Hari,https://deo.shopeemobile.com/shopee/modules-federation/live/0/shopee__item-card-standard-v2/0.2.8/pc/5dd7b4560d0e2d3190e8.svg,Malang,,https://deo.shopeemobile.com/shopee/modules-federation/live/0/shopee__item-card-standard-v2/0.2.8/pc/0614b8f0a8fdde22942d.svg,< 2 Hari,,,"iPhone 15Plus 128gb New iBox
Rp
13.250.000
< 2 Hari
Malang",https://shopee.co.id/iPhone-15Plus-128gb-New-iBox-i.160408037.27929027872?extraParams=%7B%22display_model_id%22%3A118614246613%2C%22model_selection_logic%22%3A3%7D&sp_atk=4857e8df-6932-4287-b825-bb9facee9fc0&xptdk=4857e8df-6932-4287-b825-bb9facee9fc0,https://deo.shopeemobile.com/shopee/modules-federation/live/0/shopee__item-card-standard-v2/0.2.8/pc/0614b8f0a8fdde22942d.svg,
https://down-id.img.susercontent.com/file/id-11134207-822wq-mnffv8eq68029c,https://down-id.img.susercontent.com/file/id-11134258-822ws-mnciva8io4qu2f,"iPhone 14 / 14+ (Ram 6GB, Rom 128GB/256GB/512GB)",https://deo.shopeemobile.com/shopee/modules-federation/live/0/shopee__item-card-standard-v2/0.2.8/pc/e4734dab67ee2f9ebd5a.png,Rp,24.899.000,Produk Baru,,5.0,,https://deo.shopeemobile.com/shopee/modules-federation/live/0/shopee__item-card-standard-v2/0.2.8/pc/38e203dc86172a6c6560.svg,92 Terjual,https://deo.shopeemobile.com/shopee/modules-federation/live/0/shopee__item-card-standard-v2/0.2.8/pc/5dd7b4560d0e2d3190e8.svg,Malang,,https://deo.shopeemobile.com/shopee/modules-federation/live/0/shopee__item-card-standard-v2/0.2.8/pc/0614b8f0a8fdde22942d.svg,< 2 Hari,,,"iPhone 14 / 14+ (Ram 6GB, Rom 128GB/256GB/512GB)
Rp
24.899.000
Produk Baru
5.0
92 Terjual
< 2 Hari
Malang",https://shopee.co.id/iPhone-14-14-(Ram-6GB-Rom-128GB-256GB-512GB)-i.49893858.27543836212?extraParams=%7B%22display_model_id%22%3A425314689091%2C%22model_selection_logic%22%3A3%7D&sp_atk=4a58090a-6af8-4592-8804-26c8da55bc56&xptdk=4a58090a-6af8-4592-8804-26c8da55bc56,https://deo.shopeemobile.com/shopee/modules-federation/live/0/shopee__item-card-standard-v2/0.2.8/pc/d7099d3fd1dfdaf705ab.svg,
https://down-id.img.susercontent.com/file/id-11134207-822wi-mmy25xb4ctfm7f,https://down-id.img.susercontent.com/file/id-11134258-7r98w-lyezzaurybot13,iphone 15 128gb NEW iBox,,Rp,10.700.000,,,,,https://deo.shopeemobile.com/shopee/modules-federation/live/0/shopee__item-card-standard-v2/0.2.8/pc/38e203dc86172a6c6560.svg,< 2 Hari,https://deo.shopeemobile.com/shopee/modules-federation/live/0/shopee__item-card-standard-v2/0.2.8/pc/5dd7b4560d0e2d3190e8.svg,Kab. Banyumas,,https://deo.shopeemobile.com/shopee/modules-federation/live/0/shopee__item-card-standard-v2/0.2.8/pc/0614b8f0a8fdde22942d.svg,< 2 Hari,,,"iphone 15 128gb NEW iBox
Rp
10.700.000
< 2 Hari
Kab. Banyumas",https://shopee.co.id/iphone-15-128gb-NEW-iBox-i.184969522.49408673058?extraParams=%7B%22display_model_id%22%3A262528550955%2C%22model_selection_logic%22%3A3%7D&sp_atk=36a6c8ca-11e8-46ad-a571-55cf574497cf&xptdk=36a6c8ca-11e8-46ad-a571-55cf574497cf,https://deo.shopeemobile.com/shopee/modules-federation/live/0/shopee__item-card-standard-v2/0.2.8/pc/0614b8f0a8fdde22942d.svg,
https://down-id.img.susercontent.com/file/id-11134207-81ztm-mez5rrqihq17cc,https://down-id.img.susercontent.com/file/id-11134258-8224v-mkvw0cu9r7k1a5,"Apple iPhone 15 128GB [Dynamic Island, kamera utama 48MP, Chip A16 Bionic] - Garansi Resmi",https://deo.shopeemobile.com/shopee/modules-federation/live/0/shopee__item-card-standard-v2/0.2.8/pc/e4734dab67ee2f9ebd5a.png,Rp,12.389.000,,,5.0,,https://deo.shopeemobile.com/shopee/modules-federation/live/0/shopee__item-card-standard-v2/0.2.8/pc/76dff349290d20891fc1.svg,32 Terjual,https://deo.shopeemobile.com/shopee/modules-federation/live/0/shopee__item-card-standard-v2/0.2.8/pc/5dd7b4560d0e2d3190e8.svg,Madiun,,,,,,"Apple iPhone 15 128GB [Dynamic Island, kamera utama 48MP, Chip A16 Bionic] - Garansi Resmi
Rp
12.389.000
5.0
32 Terjual
1-3 Hari
Madiun",https://shopee.co.id/Apple-iPhone-15-128GB-Dynamic-Island-kamera-utama-48MP-Chip-A16-Bionic-Garansi-Resmi-i.55231304.42470676019?extraParams=%7B%22display_model_id%22%3A169075298917%2C%22model_selection_logic%22%3A3%7D&sp_atk=aa0aa48b-55cd-4cc7-8d92-82a08671d7aa&xptdk=aa0aa48b-55cd-4cc7-8d92-82a08671d7aa,https://deo.shopeemobile.com/shopee/modules-federation/live/0/shopee__item-card-standard-v2/0.2.8/pc/d7099d3fd1dfdaf705ab.svg,
https://down-id.img.susercontent.com/file/id-11134207-822wq-mlbqlbgdrkzz27,https://down-id.img.susercontent.com/file/id-11134258-822wr-mlx5y0tebegw04,New iPhone 17 256GB Resmi,,Rp,16.960.000,,,,,https://deo.shopeemobile.com/shopee/modules-federation/live/0/shopee__item-card-standard-v2/0.2.8/pc/76dff349290d20891fc1.svg,1 Terjual,https://deo.shopeemobile.com/shopee/modules-federation/live/0/shopee__item-card-standard-v2/0.2.8/pc/5dd7b4560d0e2d3190e8.svg,Kab. Paser,,,,,,"New iPhone 17 256GB Resmi
Rp
16.960.000
1 Terjual
1-4 Hari
Kab. Paser",https://shopee.co.id/New-iPhone-17-256GB-Resmi-i.955642879.48806656305?extraParams=%7B%22display_model_id%22%3A340596604603%2C%22model_selection_logic%22%3A3%7D&sp_atk=d431712d-c2b4-43a3-883b-a7a7777c43e6&xptdk=d431712d-c2b4-43a3-883b-a7a7777c43e6,,
https://down-id.img.susercontent.com/file/id-11134207-7rbk6-m70kstw762pgcc,https://down-id.img.susercontent.com/file/id-11134258-822ws-mnciva8io4qu2f,Apple iPhones 15 (Garansi Resmi Apple Indonesia),https://deo.shopeemobile.com/shopee/modules-federation/live/0/shopee__item-card-standard-v2/0.2.8/pc/e4734dab67ee2f9ebd5a.png,Rp,12.499.900,,,4.9,,https://deo.shopeemobile.com/shopee/modules-federation/live/0/shopee__item-card-standard-v2/0.2.8/pc/76dff349290d20891fc1.svg,32 Terjual,https://deo.shopeemobile.com/shopee/modules-federation/live/0/shopee__item-card-standard-v2/0.2.8/pc/5dd7b4560d0e2d3190e8.svg,Jambi,,,,,,"Apple iPhones 15 (Garansi Resmi Apple Indonesia)
Rp
12.499.900
4.9
32 Terjual
2-4 Hari
Jambi",https://shopee.co.id/Apple-iPhones-15-(Garansi-Resmi-Apple-Indonesia)-i.25229367.29728605797?extraParams=%7B%22display_model_id%22%3A167012397167%2C%22model_selection_logic%22%3A3%7D&sp_atk=0c6c5c30-7b07-4d67-bccc-aa256141e0ef&xptdk=0c6c5c30-7b07-4d67-bccc-aa256141e0ef,https://deo.shopeemobile.com/shopee/modules-federation/live/0/shopee__item-card-standard-v2/0.2.8/pc/d7099d3fd1dfdaf705ab.svg,
https://down-id.img.susercontent.com/file/id-11134207-822wm-mluidlrmhbt1f8,https://down-id.img.susercontent.com/file/id-11134258-8224v-mkvw0cu9r7k1a5,(NEW) IPHONE 14 - BERGARANSI RESMI 100%,,Rp,11.599.000,,,,,https://deo.shopeemobile.com/shopee/modules-federation/live/0/shopee__item-card-standard-v2/0.2.8/pc/38e203dc86172a6c6560.svg,< 2 Hari,https://deo.shopeemobile.com/shopee/modules-federation/live/0/shopee__item-card-standard-v2/0.2.8/pc/5dd7b4560d0e2d3190e8.svg,Yogyakarta,,https://deo.shopeemobile.com/shopee/modules-federation/live/0/shopee__item-card-standard-v2/0.2.8/pc/0614b8f0a8fdde22942d.svg,< 2 Hari,,,"(NEW) IPHONE 14 - BERGARANSI RESMI 100%
Rp
11.599.000
< 2 Hari
Yogyakarta",https://shopee.co.id/(NEW)-IPHONE-14-BERGARANSI-RESMI-100--i.253297584.45857249229?extraParams=%7B%22display_model_id%22%3A355644335155%2C%22model_selection_logic%22%3A3%7D&sp_atk=8b93b599-4959-4e83-94c0-32ea7218d08d&xptdk=8b93b599-4959-4e83-94c0-32ea7218d08d,https://deo.shopeemobile.com/shopee/modules-federation/live/0/shopee__item-card-standard-v2/0.2.8/pc/0614b8f0a8fdde22942d.svg,
https://down-id.img.susercontent.com/file/id-11134207-81ztn-me5hsyyrwide1e,https://down-id.img.susercontent.com/file/id-11134258-7r98w-lyezzaurybot13,APPLE IPHONE 15 128GB DAN 256 GB ORIGINAL BNIB SEGEL RESMI 100%,https://deo.shopeemobile.com/shopee/modules-federation/live/0/shopee__item-card-standard-v2/0.2.8/pc/a425c915798471b33e5d.png,Rp,11.950.000,,,5.0,,https://deo.shopeemobile.com/shopee/modules-federation/live/0/shopee__item-card-standard-v2/0.2.8/pc/38e203dc86172a6c6560.svg,13 Terjual,https://deo.shopeemobile.com/shopee/modules-federation/live/0/shopee__item-card-standard-v2/0.2.8/pc/5dd7b4560d0e2d3190e8.svg,Depok,,https://deo.shopeemobile.com/shopee/modules-federation/live/0/shopee__item-card-standard-v2/0.2.8/pc/0614b8f0a8fdde22942d.svg,< 2 Hari,,,"APPLE IPHONE 15 128GB DAN 256 GB ORIGINAL BNIB SEGEL RESMI 100%
Rp
11.950.000
5.0
13 Terjual
< 2 Hari
Depok",https://shopee.co.id/APPLE-IPHONE-15-128GB-DAN-256-GB-ORIGINAL-BNIB-SEGEL-RESMI-100--i.1590532133.43368245272?extraParams=%7B%22display_model_id%22%3A196382874939%2C%22model_selection_logic%22%3A3%7D&sp_atk=1c2e1b1b-6323-49d3-8c9c-5ece1ea40aa6&xptdk=1c2e1b1b-6323-49d3-8c9c-5ece1ea40aa6,https://deo.shopeemobile.com/shopee/modules-federation/live/0/shopee__item-card-standard-v2/0.2.8/pc/d7099d3fd1dfdaf705ab.svg,
https://down-id.img.susercontent.com/file/sg-11134201-8260h-mkd9boxibn5wf2,https://down-id.img.susercontent.com/file/id-11134258-822ws-mnciva8io4qu2f,iPhone 15 128GB Garansi Resmi New,https://deo.shopeemobile.com/shopee/modules-federation/live/0/shopee__item-card-standard-v2/0.2.8/pc/e4734dab67ee2f9ebd5a.png,Rp,12.467.000,Hadiah Gratis,,5.0,,https://deo.shopeemobile.com/shopee/modules-federation/live/0/shopee__item-card-standard-v2/0.2.8/pc/76dff349290d20891fc1.svg,382 Terjual,https://deo.shopeemobile.com/shopee/modules-federation/live/0/shopee__item-card-standard-v2/0.2.8/pc/5dd7b4560d0e2d3190e8.svg,Jakarta Pusat,,,,,,"iPhone 15 128GB Garansi Resmi New
Rp
12.467.000
Hadiah Gratis
5.0
382 Terjual
2-4 Hari
Jakarta Pusat",https://shopee.co.id/iPhone-15-128GB-Garansi-Resmi-New-i.304902524.27477232097?extraParams=%7B%22display_model_id%22%3A205814311921%2C%22model_selection_logic%22%3A3%7D&sp_atk=12c99863-3f49-4c7b-90a3-4f8d559dd1bb&xptdk=12c99863-3f49-4c7b-90a3-4f8d559dd1bb,https://deo.shopeemobile.com/shopee/modules-federation/live/0/shopee__item-card-standard-v2/0.2.8/pc/d7099d3fd1dfdaf705ab.svg,
https://down-id.img.susercontent.com/file/id-11134207-8224w-mibday5ze9s895,https://down-id.img.susercontent.com/file/id-11134258-8224v-mkvw0cu9r7k1a5,New iPhone 15 Garansi Resmi 1 Tahun Indonesia,https://deo.shopeemobile.com/shopee/modules-federation/live/0/shopee__item-card-standard-v2/0.2.8/pc/a425c915798471b33e5d.png,Rp,13.149.000,Produk Baru,,5.0,,https://deo.shopeemobile.com/shopee/modules-federation/live/0/shopee__item-card-standard-v2/0.2.8/pc/76dff349290d20891fc1.svg,10 Terjual,https://deo.shopeemobile.com/shopee/modules-federation/live/0/shopee__item-card-standard-v2/0.2.8/pc/5dd7b4560d0e2d3190e8.svg,Denpasar,,,,,,"New iPhone 15 Garansi Resmi 1 Tahun Indonesia
Rp
13.149.000
Produk Baru
5.0
10 Terjual
3-5 Hari
Denpasar",https://shopee.co.id/New-iPhone-15-Garansi-Resmi-1-Tahun-Indonesia-i.877265679.57653154500?extraParams=%7B%22display_model_id%22%3A315305102423%2C%22model_selection_logic%22%3A3%7D&sp_atk=632c64da-33d8-4018-8273-f8bceeaa30a9&xptdk=632c64da-33d8-4018-8273-f8bceeaa30a9,https://deo.shopeemobile.com/shopee/modules-federation/live/0/shopee__item-card-standard-v2/0.2.8/pc/d7099d3fd1dfdaf705ab.svg,
https://down-id.img.susercontent.com/file/id-11134207-7ra0t-mbou3dvrvqrg91,https://down-id.img.susercontent.com/file/id-11134258-8224v-mkvw0cu9r7k1a5,iPhone 15 128 GB 256 GB New Segel Garansi Resmi,https://deo.shopeemobile.com/shopee/modules-federation/live/0/shopee__item-card-standard-v2/0.2.8/pc/e4734dab67ee2f9ebd5a.png,Rp,12.530.000,,,5.0,,https://deo.shopeemobile.com/shopee/modules-federation/live/0/shopee__item-card-standard-v2/0.2.8/pc/38e203dc86172a6c6560.svg,45 Terjual,https://deo.shopeemobile.com/shopee/modules-federation/live/0/shopee__item-card-standard-v2/0.2.8/pc/5dd7b4560d0e2d3190e8.svg,Padang,-16%,https://deo.shopeemobile.com/shopee/modules-federation/live/0/shopee__item-card-standard-v2/0.2.8/pc/0614b8f0a8fdde22942d.svg,< 2 Hari,https://deo.shopeemobile.com/shopee/modules-federation/live/0/shopee__item-card-standard-v2/0.2.8/pc/b4d1b8a78b3621dbdf4a.svg,,"iPhone 15 128 GB 256 GB New Segel Garansi Resmi
Rp
12.530.000
-16%
5.0
45 Terjual
< 2 Hari
Padang",https://shopee.co.id/iPhone-15-128-GB-256-GB-New-Segel-Garansi-Resmi-i.558354664.27138248817?extraParams=%7B%22display_model_id%22%3A224663548569%2C%22model_selection_logic%22%3A3%7D&sp_atk=b51d23f5-4bdc-45b4-8489-ed93c2532dd6&xptdk=b51d23f5-4bdc-45b4-8489-ed93c2532dd6,https://deo.shopeemobile.com/shopee/modules-federation/live/0/shopee__item-card-standard-v2/0.2.8/pc/d7099d3fd1dfdaf705ab.svg,
https://down-id.img.susercontent.com/file/id-11134207-7r98s-lzok6l2kk4ywec,https://down-id.img.susercontent.com/file/id-11134258-8224v-mkvw0cu9r7k1a5,Apple iPhone 15 128GB 256GB 512GB Garansi Resmi TAM/GDN Indonesia,https://deo.shopeemobile.com/shopee/modules-federation/live/0/shopee__item-card-standard-v2/0.2.8/pc/e4734dab67ee2f9ebd5a.png,Rp,13.559.000,,,5.0,,https://deo.shopeemobile.com/shopee/modules-federation/live/0/shopee__item-card-standard-v2/0.2.8/pc/76dff349290d20891fc1.svg,23 Terjual,https://deo.shopeemobile.com/shopee/modules-federation/live/0/shopee__item-card-standard-v2/0.2.8/pc/5dd7b4560d0e2d3190e8.svg,Tasikmalaya,,,,,,"Apple iPhone 15 128GB 256GB 512GB Garansi Resmi TAM/GDN Indonesia
Rp
13.559.000
5.0
23 Terjual
2-4 Hari
Tasikmalaya",https://shopee.co.id/Apple-iPhone-15-128GB-256GB-512GB-Garansi-Resmi-TAM-GDN-Indonesia-i.211475721.26259941988?extraParams=%7B%22display_model_id%22%3A258723957314%2C%22model_selection_logic%22%3A3%7D&sp_atk=50f28972-9f78-459d-a35b-6ded69fb1a27&xptdk=50f28972-9f78-459d-a35b-6ded69fb1a27,https://deo.shopeemobile.com/shopee/modules-federation/live/0/shopee__item-card-standard-v2/0.2.8/pc/d7099d3fd1dfdaf705ab.svg,
https://down-id.img.susercontent.com/file/id-11134207-8224x-mktlez0a5p1idd,https://down-id.img.susercontent.com/file/id-11134258-8224v-mkvw0cu9r7k1a5,(New) iPhone 16 128GB iBox Baru Garansi Resmi - Pink,,Rp,15.000.000,,,,,https://deo.shopeemobile.com/shopee/modules-federation/live/0/shopee__item-card-standard-v2/0.2.8/pc/38e203dc86172a6c6560.svg,< 2 Hari,https://deo.shopeemobile.com/shopee/modules-federation/live/0/shopee__item-card-standard-v2/0.2.8/pc/5dd7b4560d0e2d3190e8.svg,Yogyakarta,,https://deo.shopeemobile.com/shopee/modules-federation/live/0/shopee__item-card-standard-v2/0.2.8/pc/0614b8f0a8fdde22942d.svg,< 2 Hari,,,"(New) iPhone 16 128GB iBox Baru Garansi Resmi - Pink
Rp
15.000.000
< 2 Hari
Yogyakarta",https://shopee.co.id/(New)-iPhone-16-128GB-iBox-Baru-Garansi-Resmi-Pink-i.140848626.45602708361?extraParams=%7B%22display_model_id%22%3A380259841528%2C%22model_selection_logic%22%3A3%7D&sp_atk=877f2499-d08e-4c26-968e-1820d05f9f99&xptdk=877f2499-d08e-4c26-968e-1820d05f9f99,https://deo.shopeemobile.com/shopee/modules-federation/live/0/shopee__item-card-standard-v2/0.2.8/pc/0614b8f0a8fdde22942d.svg,
https://down-id.img.susercontent.com/file/id-11134207-7ra0k-mbx7wtnuvs6cd4,https://down-id.img.susercontent.com/file/id-11134258-822ws-mnciva8io4qu2f,Apple iPhone 16 128Gb | 256GB | 512GB Kamera 48MP,https://deo.shopeemobile.com/shopee/modules-federation/live/0/shopee__item-card-standard-v2/0.2.8/pc/7c9110f78e069acbced7.png,Rp,15.515.000,,,5.0,,https://deo.shopeemobile.com/shopee/modules-federation/live/0/shopee__item-card-standard-v2/0.2.8/pc/38e203dc86172a6c6560.svg,6 Terjual,https://deo.shopeemobile.com/shopee/modules-federation/live/0/shopee__item-card-standard-v2/0.2.8/pc/5dd7b4560d0e2d3190e8.svg,Surabaya,,https://deo.shopeemobile.com/shopee/modules-federation/live/0/shopee__item-card-standard-v2/0.2.8/pc/0614b8f0a8fdde22942d.svg,Besok 12:00,,https://deo.shopeemobile.com/shopee/modules-federation/live/0/shopee__item-card-standard-v2/0.2.8/pc/d2a1900a0267d45fd0f5.png,"Apple iPhone 16 128Gb | 256GB | 512GB Kamera 48MP
Rp
15.515.000
5.0
6 Terjual
Besok 12:00
Surabaya",https://shopee.co.id/Apple-iPhone-16-128Gb-256GB-512GB-Kamera-48MP-i.308460192.41307704683?extraParams=%7B%22display_model_id%22%3A147883914709%2C%22model_selection_logic%22%3A3%7D&sp_atk=23f28bbd-0065-456a-86ae-42c9b452e018&xptdk=23f28bbd-0065-456a-86ae-42c9b452e018,https://deo.shopeemobile.com/shopee/modules-federation/live/0/shopee__item-card-standard-v2/0.2.8/pc/d7099d3fd1dfdaf705ab.svg,
https://down-id.img.susercontent.com/file/id-11134207-8224u-mkweu1rhai9t81,https://down-id.img.susercontent.com/file/id-11134258-7r98w-lyezzaurybot13,iPhone 14 128gb segel garansi resmi ibox BNIB new,,Rp,9.699.999,,,5.0,,https://deo.shopeemobile.com/shopee/modules-federation/live/0/shopee__item-card-standard-v2/0.2.8/pc/38e203dc86172a6c6560.svg,1 Terjual,https://deo.shopeemobile.com/shopee/modules-federation/live/0/shopee__item-card-standard-v2/0.2.8/pc/5dd7b4560d0e2d3190e8.svg,Kab. Bogor,,https://deo.shopeemobile.com/shopee/modules-federation/live/0/shopee__item-card-standard-v2/0.2.8/pc/0614b8f0a8fdde22942d.svg,< 2 Hari,,,"iPhone 14 128gb segel garansi resmi ibox BNIB new
Rp
9.699.999
5.0
1 Terjual
< 2 Hari
Kab. Bogor",https://shopee.co.id/iPhone-14-128gb-segel-garansi-resmi-ibox-BNIB-new-i.15518100.29628653917?extraParams=%7B%22display_model_id%22%3A247811905041%2C%22model_selection_logic%22%3A3%7D&sp_atk=369489b6-820f-4356-bb4c-390e50bfe299&xptdk=369489b6-820f-4356-bb4c-390e50bfe299,https://deo.shopeemobile.com/shopee/modules-federation/live/0/shopee__item-card-standard-v2/0.2.8/pc/d7099d3fd1dfdaf705ab.svg,
https://down-id.img.susercontent.com/file/id-11134207-8224w-mjzfjx5fev4259,https://down-id.img.susercontent.com/file/id-11134258-822ws-mnciva8io4qu2f,APPLE IPHONE 17 256GB GARANSI RESMI INDONESIA,https://deo.shopeemobile.com/shopee/modules-federation/live/0/shopee__item-card-standard-v2/0.2.8/pc/7c9110f78e069acbced7.png,Rp,17.494.000,,,5.0,,https://deo.shopeemobile.com/shopee/modules-federation/live/0/shopee__item-card-standard-v2/0.2.8/pc/38e203dc86172a6c6560.svg,20 Terjual,https://deo.shopeemobile.com/shopee/modules-federation/live/0/shopee__item-card-standard-v2/0.2.8/pc/5dd7b4560d0e2d3190e8.svg,Jakarta Utara,-13%,https://deo.shopeemobile.com/shopee/modules-federation/live/0/shopee__item-card-standard-v2/0.2.8/pc/0614b8f0a8fdde22942d.svg,< 2 Hari,https://deo.shopeemobile.com/shopee/modules-federation/live/0/shopee__item-card-standard-v2/0.2.8/pc/b4d1b8a78b3621dbdf4a.svg,,"APPLE IPHONE 17 256GB GARANSI RESMI INDONESIA
Rp
17.494.000
-13%
5.0
20 Terjual
< 2 Hari
Jakarta Utara",https://shopee.co.id/APPLE-IPHONE-17-256GB-GARANSI-RESMI-INDONESIA-i.383392952.26486927956?extraParams=%7B%22display_model_id%22%3A435492502382%2C%22model_selection_logic%22%3A3%7D&sp_atk=4fec2a76-b241-4fd2-a693-c4a8db7d96d7&xptdk=4fec2a76-b241-4fd2-a693-c4a8db7d96d7,https://deo.shopeemobile.com/shopee/modules-federation/live/0/shopee__item-card-standard-v2/0.2.8/pc/d7099d3fd1dfdaf705ab.svg,
https://down-id.img.susercontent.com/file/id-11134207-7rase-m3st1dbrxnbs6f,https://down-id.img.susercontent.com/file/id-11134258-7r98w-lyezzaurybot13,Iphone 13 128gb Starlight Segel Warna Midnight,,Rp,8.600.000,,,5.0,,https://deo.shopeemobile.com/shopee/modules-federation/live/0/shopee__item-card-standard-v2/0.2.8/pc/38e203dc86172a6c6560.svg,11 Terjual,https://deo.shopeemobile.com/shopee/modules-federation/live/0/shopee__item-card-standard-v2/0.2.8/pc/5dd7b4560d0e2d3190e8.svg,Surabaya,,https://deo.shopeemobile.com/shopee/modules-federation/live/0/shopee__item-card-standard-v2/0.2.8/pc/0614b8f0a8fdde22942d.svg,Besok 12:00,,,"Iphone 13 128gb Starlight Segel Warna Midnight
Rp
8.600.000
5.0
11 Terjual
Besok 12:00
Surabaya",https://shopee.co.id/Iphone-13-128gb-Starlight-Segel-Warna-Midnight-i.16271478.28470693824?extraParams=%7B%22display_model_id%22%3A205641327955%2C%22model_selection_logic%22%3A3%7D&sp_atk=af26b14a-6cb9-406c-a610-2414ca92977b&xptdk=af26b14a-6cb9-406c-a610-2414ca92977b,https://deo.shopeemobile.com/shopee/modules-federation/live/0/shopee__item-card-standard-v2/0.2.8/pc/d7099d3fd1dfdaf705ab.svg,
https://down-id.img.susercontent.com/file/id-11134207-7rasb-m4vv87onhvxkd0,https://down-id.img.susercontent.com/file/id-11134258-8224v-mkvw0cu9r7k1a5,iPhone 13 128gb NEW Garansi Resmi Indonesia,,Rp,8.900.000,,,,,https://deo.shopeemobile.com/shopee/modules-federation/live/0/shopee__item-card-standard-v2/0.2.8/pc/38e203dc86172a6c6560.svg,< 2 Hari,https://deo.shopeemobile.com/shopee/modules-federation/live/0/shopee__item-card-standard-v2/0.2.8/pc/5dd7b4560d0e2d3190e8.svg,Yogyakarta,,https://deo.shopeemobile.com/shopee/modules-federation/live/0/shopee__item-card-standard-v2/0.2.8/pc/0614b8f0a8fdde22942d.svg,< 2 Hari,,,"iPhone 13 128gb NEW Garansi Resmi Indonesia
Rp
8.900.000
< 2 Hari
Yogyakarta",https://shopee.co.id/iPhone-13-128gb-NEW-Garansi-Resmi-Indonesia-i.222980007.26723272336?extraParams=%7B%22display_model_id%22%3A129208425972%2C%22model_selection_logic%22%3A3%7D&sp_atk=c99dafc2-48aa-4f9b-a74a-58bcade111c8&xptdk=c99dafc2-48aa-4f9b-a74a-58bcade111c8,https://deo.shopeemobile.com/shopee/modules-federation/live/0/shopee__item-card-standard-v2/0.2.8/pc/0614b8f0a8fdde22942d.svg,
https://down-id.img.susercontent.com/file/id-11134207-822wh-mmqy0ut2hb0k56,https://down-id.img.susercontent.com/file/id-11134258-8224v-mkvw0cu9r7k1a5,NEW I PHONE 16 PRO MAX 256GB,https://deo.shopeemobile.com/shopee/modules-federation/live/0/shopee__item-card-standard-v2/0.2.8/pc/a425c915798471b33e5d.png,Rp,20.669.000,,,,,https://deo.shopeemobile.com/shopee/modules-federation/live/0/shopee__item-card-standard-v2/0.2.8/pc/76dff349290d20891fc1.svg,1 Terjual,https://deo.shopeemobile.com/shopee/modules-federation/live/0/shopee__item-card-standard-v2/0.2.8/pc/5dd7b4560d0e2d3190e8.svg,Bandung,,,,,,"NEW I PHONE 16 PRO MAX 256GB
Rp
20.669.000
1 Terjual
2-4 Hari
Bandung",https://shopee.co.id/NEW-I-PHONE-16-PRO-MAX-256GB-i.1465113863.43229815171?extraParams=%7B%22display_model_id%22%3A340738823842%2C%22model_selection_logic%22%3A3%7D&sp_atk=1afb75cd-10cd-4453-93cd-ce87a5c68f49&xptdk=1afb75cd-10cd-4453-93cd-ce87a5c68f49,,
https://down-id.img.susercontent.com/file/sg-11134201-8260l-mkd9bsmkkttwec,https://down-id.img.susercontent.com/file/id-11134258-822ws-mnciva8io4qu2f,iPhone 15 128GB 256GB 512GB New Garansi Resmi,https://deo.shopeemobile.com/shopee/modules-federation/live/0/shopee__item-card-standard-v2/0.2.8/pc/e4734dab67ee2f9ebd5a.png,Rp,12.467.000,Hadiah Gratis,,5.0,,https://deo.shopeemobile.com/shopee/modules-federation/live/0/shopee__item-card-standard-v2/0.2.8/pc/76dff349290d20891fc1.svg,38 Terjual,https://deo.shopeemobile.com/shopee/modules-federation/live/0/shopee__item-card-standard-v2/0.2.8/pc/5dd7b4560d0e2d3190e8.svg,Jakarta Pusat,,,,,,"iPhone 15 128GB 256GB 512GB New Garansi Resmi
Rp
12.467.000
Hadiah Gratis
5.0
38 Terjual
2-4 Hari
Jakarta Pusat",https://shopee.co.id/iPhone-15-128GB-256GB-512GB-New-Garansi-Resmi-i.304902524.25687220638?extraParams=%7B%22display_model_id%22%3A147507159125%2C%22model_selection_logic%22%3A3%7D&sp_atk=6fbf45cc-7e83-405e-85b5-895a28d1af70&xptdk=6fbf45cc-7e83-405e-85b5-895a28d1af70,https://deo.shopeemobile.com/shopee/modules-federation/live/0/shopee__item-card-standard-v2/0.2.8/pc/d7099d3fd1dfdaf705ab.svg,
https://down-id.img.susercontent.com/file/id-11134207-81zte-mek5ohtjpwjk58,https://down-id.img.susercontent.com/file/id-11134258-8224v-mkvw0cu9r7k1a5,(NEW) iPhone 15 128GB iBox Baru Garansi Resmi,,Rp,12.450.000,,,5.0,,https://deo.shopeemobile.com/shopee/modules-federation/live/0/shopee__item-card-standard-v2/0.2.8/pc/38e203dc86172a6c6560.svg,3 Terjual,https://deo.shopeemobile.com/shopee/modules-federation/live/0/shopee__item-card-standard-v2/0.2.8/pc/5dd7b4560d0e2d3190e8.svg,Yogyakarta,,https://deo.shopeemobile.com/shopee/modules-federation/live/0/shopee__item-card-standard-v2/0.2.8/pc/0614b8f0a8fdde22942d.svg,< 2 Hari,,,"(NEW) iPhone 15 128GB iBox Baru Garansi Resmi
Rp
12.450.000
5.0
3 Terjual
< 2 Hari
Yogyakarta",https://shopee.co.id/(NEW)-iPhone-15-128GB-iBox-Baru-Garansi-Resmi-i.140848626.26691443169?extraParams=%7B%22display_model_id%22%3A291535345183%2C%22model_selection_logic%22%3A3%7D&sp_atk=bd702f59-566e-4f2e-89c3-4ed806293e62&xptdk=bd702f59-566e-4f2e-89c3-4ed806293e62,https://deo.shopeemobile.com/shopee/modules-federation/live/0/shopee__item-card-standard-v2/0.2.8/pc/d7099d3fd1dfdaf705ab.svg,
https://down-id.img.susercontent.com/file/id-11134207-8224v-mi9lyx13xl3415,https://down-id.img.susercontent.com/file/id-11134258-7r98w-lyezzaurybot13,IPHONE 13 128 GB MIDNIGHT BLACK RESMI IBOX,,Rp,8.500.000,Produk Baru,,,,https://deo.shopeemobile.com/shopee/modules-federation/live/0/shopee__item-card-standard-v2/0.2.8/pc/76dff349290d20891fc1.svg,3-5 Hari,https://deo.shopeemobile.com/shopee/modules-federation/live/0/shopee__item-card-standard-v2/0.2.8/pc/5dd7b4560d0e2d3190e8.svg,Kab. Sumbawa Barat,,,,,https://deo.shopeemobile.com/shopee/modules-federation/live/0/shopee__item-card-standard-v2/0.2.8/pc/d2a1900a0267d45fd0f5.png,"IPHONE 13 128 GB MIDNIGHT BLACK RESMI IBOX
Rp
8.500.000
Produk Baru
3-5 Hari
Kab. Sumbawa Barat",https://shopee.co.id/IPHONE-13-128-GB-MIDNIGHT-BLACK-RESMI-IBOX-i.1314478483.54003082944?extraParams=%7B%22display_model_id%22%3A262255694076%2C%22model_selection_logic%22%3A3%7D&sp_atk=e490558f-c2af-4a53-9de3-8def7257b15f&xptdk=e490558f-c2af-4a53-9de3-8def7257b15f,,
https://down-id.img.susercontent.com/file/id-11134207-822wl-mlbk18du8i6997,https://down-id.img.susercontent.com/file/id-11134258-822ws-mnciva8io4qu2f,APPLE iPhone 16 128GB 256GB 512GB A18 CPU 6C GPU 5C OLED - Garansi Resmi,https://deo.shopeemobile.com/shopee/modules-federation/live/0/shopee__item-card-standard-v2/0.2.8/pc/7c9110f78e069acbced7.png,Rp,15.515.000,,,4.9,,https://deo.shopeemobile.com/shopee/modules-federation/live/0/shopee__item-card-standard-v2/0.2.8/pc/38e203dc86172a6c6560.svg,13 Terjual,https://deo.shopeemobile.com/shopee/modules-federation/live/0/shopee__item-card-standard-v2/0.2.8/pc/5dd7b4560d0e2d3190e8.svg,Surabaya,,https://deo.shopeemobile.com/shopee/modules-federation/live/0/shopee__item-card-standard-v2/0.2.8/pc/0614b8f0a8fdde22942d.svg,Besok 12:00,,https://deo.shopeemobile.com/shopee/modules-federation/live/0/shopee__item-card-standard-v2/0.2.8/pc/d2a1900a0267d45fd0f5.png,"APPLE iPhone 16 128GB 256GB 512GB A18 CPU 6C GPU 5C OLED - Garansi Resmi
Rp
15.515.000
4.9
13 Terjual
Besok 12:00
Surabaya",https://shopee.co.id/APPLE-iPhone-16-128GB-256GB-512GB-A18-CPU-6C-GPU-5C-OLED-Garansi-Resmi-i.1107182645.42568511900?extraParams=%7B%22display_model_id%22%3A296679177443%2C%22model_selection_logic%22%3A3%7D&sp_atk=8b5aeb3e-8e97-4309-b2fa-f2c7a1b51b2b&xptdk=8b5aeb3e-8e97-4309-b2fa-f2c7a1b51b2b,https://deo.shopeemobile.com/shopee/modules-federation/live/0/shopee__item-card-standard-v2/0.2.8/pc/d7099d3fd1dfdaf705ab.svg,
https://down-id.img.susercontent.com/file/id-11134207-822wo-mlytbtf1a5mqa6,https://down-id.img.susercontent.com/file/id-11134258-8224v-mkvw0cu9r7k1a5,iPhone 15 128GB BNIB Garansi Resmi Indonesia,,Rp,11.600.000,,,5.0,,https://deo.shopeemobile.com/shopee/modules-federation/live/0/shopee__item-card-standard-v2/0.2.8/pc/76dff349290d20891fc1.svg,15 Terjual,https://deo.shopeemobile.com/shopee/modules-federation/live/0/shopee__item-card-standard-v2/0.2.8/pc/5dd7b4560d0e2d3190e8.svg,Kab. Tulang Bawang,,,,,,"iPhone 15 128GB BNIB Garansi Resmi Indonesia
Rp
11.600.000
5.0
15 Terjual
5-9 Hari
Kab. Tulang Bawang",https://shopee.co.id/iPhone-15-128GB-BNIB-Garansi-Resmi-Indonesia-i.205102527.26292475168?extraParams=%7B%22display_model_id%22%3A405458480337%2C%22model_selection_logic%22%3A3%7D&sp_atk=cb5c0cc4-9c65-4530-9d40-6d92da78f402&xptdk=cb5c0cc4-9c65-4530-9d40-6d92da78f402,https://deo.shopeemobile.com/shopee/modules-federation/live/0/shopee__item-card-standard-v2/0.2.8/pc/d7099d3fd1dfdaf705ab.svg,
https://down-id.img.susercontent.com/file/id-11134207-8224s-mk2pwn6xtg5f08,https://down-id.img.susercontent.com/file/id-11134258-7r98w-lyezzaurybot13,iPhone 16 128 iBox New / Baru,,Rp,13.800.000,,,,,https://deo.shopeemobile.com/shopee/modules-federation/live/0/shopee__item-card-standard-v2/0.2.8/pc/76dff349290d20891fc1.svg,3-5 Hari,https://deo.shopeemobile.com/shopee/modules-federation/live/0/shopee__item-card-standard-v2/0.2.8/pc/5dd7b4560d0e2d3190e8.svg,Kab. Sleman,,,,,,"iPhone 16 128 iBox New / Baru
Rp
13.800.000
3-5 Hari
Kab. Sleman",https://shopee.co.id/iPhone-16-128-iBox-New-Baru-i.49653611.56855600894?extraParams=%7B%22display_model_id%22%3A292376284062%2C%22model_selection_logic%22%3A3%7D&sp_atk=08f0b64c-75e1-4b81-aceb-a8196a78cf62&xptdk=08f0b64c-75e1-4b81-aceb-a8196a78cf62,,
https://down-id.img.susercontent.com/file/id-11134207-81zth-mecjh0ejb1mu50,https://down-id.img.susercontent.com/file/id-11134258-8224v-mkvw0cu9r7k1a5,iphone 15 128gb new garansi resmi,,Rp,12.170.000,,,5.0,,https://deo.shopeemobile.com/shopee/modules-federation/live/0/shopee__item-card-standard-v2/0.2.8/pc/76dff349290d20891fc1.svg,3 Terjual,https://deo.shopeemobile.com/shopee/modules-federation/live/0/shopee__item-card-standard-v2/0.2.8/pc/5dd7b4560d0e2d3190e8.svg,Yogyakarta,,,,,,"iphone 15 128gb new garansi resmi
Rp
12.170.000
5.0
3 Terjual
3-5 Hari
Yogyakarta",https://shopee.co.id/iphone-15-128gb-new-garansi-resmi-i.1452854481.41267889252?extraParams=%7B%22display_model_id%22%3A138410403205%2C%22model_selection_logic%22%3A3%7D&sp_atk=f5e2e296-2a3f-4183-9f0e-1bfe48030145&xptdk=f5e2e296-2a3f-4183-9f0e-1bfe48030145,https://deo.shopeemobile.com/shopee/modules-federation/live/0/shopee__item-card-standard-v2/0.2.8/pc/d7099d3fd1dfdaf705ab.svg,
https://down-id.img.susercontent.com/file/id-11134207-8224o-mhiryhrauqkjf4,https://down-id.img.susercontent.com/file/id-11134258-822wr-mlx67rtd6r602f,Iphone 13 128gb Baru resmi indonesia,https://deo.shopeemobile.com/shopee/modules-federation/live/0/shopee__item-card-standard-v2/0.2.8/pc/e4734dab67ee2f9ebd5a.png,Rp,9.300.000,,,5.0,,https://deo.shopeemobile.com/shopee/modules-federation/live/0/shopee__item-card-standard-v2/0.2.8/pc/38e203dc86172a6c6560.svg,6 Terjual,https://deo.shopeemobile.com/shopee/modules-federation/live/0/shopee__item-card-standard-v2/0.2.8/pc/5dd7b4560d0e2d3190e8.svg,Surakarta (Solo),,https://deo.shopeemobile.com/shopee/modules-federation/live/0/shopee__item-card-standard-v2/0.2.8/pc/0614b8f0a8fdde22942d.svg,< 2 Hari,,,"Iphone 13 128gb Baru resmi indonesia
Rp
9.300.000
5.0
6 Terjual
< 2 Hari
Surakarta (Solo)",https://shopee.co.id/Iphone-13-128gb-Baru-resmi-indonesia-i.1452967692.54052135767?extraParams=%7B%22display_model_id%22%3A445207140054%2C%22model_selection_logic%22%3A3%7D&sp_atk=87d2ac90-882d-47df-bf84-d3045e51ad7a&xptdk=87d2ac90-882d-47df-bf84-d3045e51ad7a,https://deo.shopeemobile.com/shopee/modules-federation/live/0/shopee__item-card-standard-v2/0.2.8/pc/d7099d3fd1dfdaf705ab.svg,
https://down-id.img.susercontent.com/file/id-11134207-8224w-mhywmn664u85c4,https://down-id.img.susercontent.com/file/id-11134258-8224v-mkvw0cu9r7k1a5,iPhone @ ip 13 ( 128GB / 256GB )  Full Segel Garansi Resmi Indonesi,https://deo.shopeemobile.com/shopee/modules-federation/live/0/shopee__item-card-standard-v2/0.2.8/pc/e4734dab67ee2f9ebd5a.png,Rp,9.497.000,,,5.0,,https://deo.shopeemobile.com/shopee/modules-federation/live/0/shopee__item-card-standard-v2/0.2.8/pc/38e203dc86172a6c6560.svg,18 Terjual,https://deo.shopeemobile.com/shopee/modules-federation/live/0/shopee__item-card-standard-v2/0.2.8/pc/5dd7b4560d0e2d3190e8.svg,Jakarta Barat,-1%,https://deo.shopeemobile.com/shopee/modules-federation/live/0/shopee__item-card-standard-v2/0.2.8/pc/0614b8f0a8fdde22942d.svg,< 2 Hari,https://deo.shopeemobile.com/shopee/modules-federation/live/0/shopee__item-card-standard-v2/0.2.8/pc/b4d1b8a78b3621dbdf4a.svg,,"iPhone @ ip 13 ( 128GB / 256GB ) Full Segel Garansi Resmi Indonesi
Rp
9.497.000
-1%
5.0
18 Terjual
< 2 Hari
Jakarta Barat",https://shopee.co.id/iPhone-ip-13-(-128GB-256GB-)-Full-Segel-Garansi-Resmi-Indonesi-i.177974962.41427067348?extraParams=%7B%22display_model_id%22%3A350729678746%2C%22model_selection_logic%22%3A3%7D&sp_atk=6fd0a1e2-aff3-4511-8279-fe63737ea282&xptdk=6fd0a1e2-aff3-4511-8279-fe63737ea282,https://deo.shopeemobile.com/shopee/modules-federation/live/0/shopee__item-card-standard-v2/0.2.8/pc/d7099d3fd1dfdaf705ab.svg,
https://down-id.img.susercontent.com/file/id-11134207-822wi-mlpqnjp5grgj49,https://down-id.img.susercontent.com/file/id-11134258-822ws-mnciva8io4qu2f,Apple iPhone 14 128GB Midnight Purple Starlight Red Blue New Garansi Resmi,https://deo.shopeemobile.com/shopee/modules-federation/live/0/shopee__item-card-standard-v2/0.2.8/pc/7c9110f78e069acbced7.png,Rp,10.349.000,,,5.0,,https://deo.shopeemobile.com/shopee/modules-federation/live/0/shopee__item-card-standard-v2/0.2.8/pc/38e203dc86172a6c6560.svg,4 Terjual,https://deo.shopeemobile.com/shopee/modules-federation/live/0/shopee__item-card-standard-v2/0.2.8/pc/5dd7b4560d0e2d3190e8.svg,Jakarta Pusat,-14%,https://deo.shopeemobile.com/shopee/modules-federation/live/0/shopee__item-card-standard-v2/0.2.8/pc/0614b8f0a8fdde22942d.svg,< 2 Hari,,,"Apple iPhone 14 128GB Midnight Purple Starlight Red Blue New Garansi Resmi
Rp
10.349.000
-14%
5.0
4 Terjual
< 2 Hari
Jakarta Pusat",https://shopee.co.id/Apple-iPhone-14-128GB-Midnight-Purple-Starlight-Red-Blue-New-Garansi-Resmi-i.1648296247.56507087930?extraParams=%7B%22display_model_id%22%3A360780019274%2C%22model_selection_logic%22%3A3%7D&sp_atk=3aa97bae-483b-4cb9-aa4c-0a66611bf15a&xptdk=3aa97bae-483b-4cb9-aa4c-0a66611bf15a,https://deo.shopeemobile.com/shopee/modules-federation/live/0/shopee__item-card-standard-v2/0.2.8/pc/d7099d3fd1dfdaf705ab.svg,
https://down-id.img.susercontent.com/file/id-11134207-822wu-mm3iyx4po4xvf0,https://down-id.img.susercontent.com/file/id-11134258-8224v-mkvw0cu9r7k1a5,iPhone 15 128GB Baru Segel Garansi Resmi Indonesia,,Rp,11.999.000,,,5.0,,https://deo.shopeemobile.com/shopee/modules-federation/live/0/shopee__item-card-standard-v2/0.2.8/pc/76dff349290d20891fc1.svg,4 Terjual,https://deo.shopeemobile.com/shopee/modules-federation/live/0/shopee__item-card-standard-v2/0.2.8/pc/5dd7b4560d0e2d3190e8.svg,Kab. Bantul,,,,,,"iPhone 15 128GB Baru Segel Garansi Resmi Indonesia
Rp
11.999.000
5.0
4 Terjual
1-3 Hari
Kab. Bantul",https://shopee.co.id/iPhone-15-128GB-Baru-Segel-Garansi-Resmi-Indonesia-i.1564151653.28342570384?extraParams=%7B%22display_model_id%22%3A301854309677%2C%22model_selection_logic%22%3A3%7D&sp_atk=d7b413d9-3d3c-4cb9-9314-431bfdb300f4&xptdk=d7b413d9-3d3c-4cb9-9314-431bfdb300f4,https://deo.shopeemobile.com/shopee/modules-federation/live/0/shopee__item-card-standard-v2/0.2.8/pc/d7099d3fd1dfdaf705ab.svg,
https://down-id.img.susercontent.com/file/id-11134207-81zth-mfm9tnayhmvcb0,https://down-id.img.susercontent.com/file/id-11134258-8224v-mkvw0cu9r7k1a5,iPhone 17 Air 256GB 512GB 1TB Garansi Resmi iBox GDN Digimap,https://deo.shopeemobile.com/shopee/modules-federation/live/0/shopee__item-card-standard-v2/0.2.8/pc/e4734dab67ee2f9ebd5a.png,Rp,17.490.000,,,,,https://deo.shopeemobile.com/shopee/modules-federation/live/0/shopee__item-card-standard-v2/0.2.8/pc/38e203dc86172a6c6560.svg,< 2 Hari,https://deo.shopeemobile.com/shopee/modules-federation/live/0/shopee__item-card-standard-v2/0.2.8/pc/5dd7b4560d0e2d3190e8.svg,Kab. Sleman,,https://deo.shopeemobile.com/shopee/modules-federation/live/0/shopee__item-card-standard-v2/0.2.8/pc/0614b8f0a8fdde22942d.svg,< 2 Hari,,,"iPhone 17 Air 256GB 512GB 1TB Garansi Resmi iBox GDN Digimap
Rp
17.490.000
< 2 Hari
Kab. Sleman",https://shopee.co.id/iPhone-17-Air-256GB-512GB-1TB-Garansi-Resmi-iBox-GDN-Digimap-i.40255164.28242699641?extraParams=%7B%22display_model_id%22%3A276897831822%2C%22model_selection_logic%22%3A3%7D&sp_atk=bfe4e046-1d7d-4de1-8b0f-b04db84d0e33&xptdk=bfe4e046-1d7d-4de1-8b0f-b04db84d0e33,https://deo.shopeemobile.com/shopee/modules-federation/live/0/shopee__item-card-standard-v2/0.2.8/pc/0614b8f0a8fdde22942d.svg,
https://down-id.img.susercontent.com/file/id-11134207-82252-mgg7lx76pvym2b,https://down-id.img.susercontent.com/file/id-11134258-8224v-mkvw0cu9r7k1a5,Apple iPhone 17 256GB Garansi Resmi Indonesia,https://deo.shopeemobile.com/shopee/modules-federation/live/0/shopee__item-card-standard-v2/0.2.8/pc/7c9110f78e069acbced7.png,Rp,17.499.000,,,5.0,,https://deo.shopeemobile.com/shopee/modules-federation/live/0/shopee__item-card-standard-v2/0.2.8/pc/38e203dc86172a6c6560.svg,19 Terjual,https://deo.shopeemobile.com/shopee/modules-federation/live/0/shopee__item-card-standard-v2/0.2.8/pc/5dd7b4560d0e2d3190e8.svg,Tangerang,-11%,https://deo.shopeemobile.com/shopee/modules-federation/live/0/shopee__item-card-standard-v2/0.2.8/pc/0614b8f0a8fdde22942d.svg,< 2 Hari,,,"Apple iPhone 17 256GB Garansi Resmi Indonesia
Rp
17.499.000
-11%
5.0
19 Terjual
< 2 Hari
Tangerang",https://shopee.co.id/Apple-iPhone-17-256GB-Garansi-Resmi-Indonesia-i.1517186678.40375985510?extraParams=%7B%22display_model_id%22%3A440692231043%2C%22model_selection_logic%22%3A3%7D&sp_atk=4fbe7502-cdb2-4955-8dd5-da203dd88397&xptdk=4fbe7502-cdb2-4955-8dd5-da203dd88397,https://deo.shopeemobile.com/shopee/modules-federation/live/0/shopee__item-card-standard-v2/0.2.8/pc/d7099d3fd1dfdaf705ab.svg,
https://down-id.img.susercontent.com/file/id-11134207-8224y-mhvsu7c440libd,https://down-id.img.susercontent.com/file/id-11134258-8224v-mkvw0cu9r7k1a5,iPhone 13 128GB Starlight Garansi Resmi Indonesia Midnight Brand New in Box Original,,Rp,9.375.000,,,5.0,,https://deo.shopeemobile.com/shopee/modules-federation/live/0/shopee__item-card-standard-v2/0.2.8/pc/38e203dc86172a6c6560.svg,12 Terjual,https://deo.shopeemobile.com/shopee/modules-federation/live/0/shopee__item-card-standard-v2/0.2.8/pc/5dd7b4560d0e2d3190e8.svg,Jakarta Barat,,https://deo.shopeemobile.com/shopee/modules-federation/live/0/shopee__item-card-standard-v2/0.2.8/pc/0614b8f0a8fdde22942d.svg,< 2 Hari,,https://deo.shopeemobile.com/shopee/modules-federation/live/0/shopee__item-card-standard-v2/0.2.8/pc/d2a1900a0267d45fd0f5.png,"iPhone 13 128GB Starlight Garansi Resmi Indonesia Midnight Brand New in Box Original
Rp
9.375.000
5.0
12 Terjual
< 2 Hari
Jakarta Barat",https://shopee.co.id/iPhone-13-128GB-Starlight-Garansi-Resmi-Indonesia-Midnight-Brand-New-in-Box-Original-i.219247426.47552659766?extraParams=%7B%22display_model_id%22%3A340254995747%2C%22model_selection_logic%22%3A3%7D&sp_atk=6b1af2eb-1606-4467-bb42-efb06266a905&xptdk=6b1af2eb-1606-4467-bb42-efb06266a905,https://deo.shopeemobile.com/shopee/modules-federation/live/0/shopee__item-card-standard-v2/0.2.8/pc/d7099d3fd1dfdaf705ab.svg,
https://down-id.img.susercontent.com/file/id-11134207-7ra0n-mcgje0jafiuf19,https://down-id.img.susercontent.com/file/id-11134258-7r98w-lyezzaurybot13,iPhone 13 128GB Ibox GDN Baru Segel Bnib,,Rp,8.280.000,,,,,https://deo.shopeemobile.com/shopee/modules-federation/live/0/shopee__item-card-standard-v2/0.2.8/pc/38e203dc86172a6c6560.svg,< 2 Hari,https://deo.shopeemobile.com/shopee/modules-federation/live/0/shopee__item-card-standard-v2/0.2.8/pc/5dd7b4560d0e2d3190e8.svg,Semarang,,https://deo.shopeemobile.com/shopee/modules-federation/live/0/shopee__item-card-standard-v2/0.2.8/pc/0614b8f0a8fdde22942d.svg,< 2 Hari,,,"iPhone 13 128GB Ibox GDN Baru Segel Bnib
Rp
8.280.000
< 2 Hari
Semarang",https://shopee.co.id/iPhone-13-128GB-Ibox-GDN-Baru-Segel-Bnib-i.122795415.40608579778?extraParams=%7B%22display_model_id%22%3A300723132273%2C%22model_selection_logic%22%3A3%7D&sp_atk=38d4b380-df05-4a33-8471-fe42f514e5b5&xptdk=38d4b380-df05-4a33-8471-fe42f514e5b5,https://deo.shopeemobile.com/shopee/modules-federation/live/0/shopee__item-card-standard-v2/0.2.8/pc/0614b8f0a8fdde22942d.svg,
https://down-id.img.susercontent.com/file/id-11134207-81zti-mf6ia29jugwfd3,https://down-id.img.susercontent.com/file/id-11134258-7r98w-lyezzaurybot13,iPhone 16 E 128Gb White New Garansi BliBli,,Rp,11.457.000,,,,,https://deo.shopeemobile.com/shopee/modules-federation/live/0/shopee__item-card-standard-v2/0.2.8/pc/76dff349290d20891fc1.svg,3-5 Hari,https://deo.shopeemobile.com/shopee/modules-federation/live/0/shopee__item-card-standard-v2/0.2.8/pc/5dd7b4560d0e2d3190e8.svg,Jakarta Selatan,,,,,https://deo.shopeemobile.com/shopee/modules-federation/live/0/shopee__item-card-standard-v2/0.2.8/pc/d2a1900a0267d45fd0f5.png,"iPhone 16 E 128Gb White New Garansi BliBli
Rp
11.457.000
3-5 Hari
Jakarta Selatan",https://shopee.co.id/iPhone-16-E-128Gb-White-New-Garansi-BliBli-i.566726003.44022049766?extraParams=%7B%22display_model_id%22%3A248970350736%2C%22model_selection_logic%22%3A3%7D&sp_atk=586eed44-da46-49fb-9f20-1b18727d05c6&xptdk=586eed44-da46-49fb-9f20-1b18727d05c6,,
https://down-id.img.susercontent.com/file/id-11134207-8224z-mi2w277q5xqga9,https://down-id.img.susercontent.com/file/id-11134258-7r98w-lyezzaurybot13,(NEW) Apple iPhone 13 128GB,,Rp,9.999.999,,,,,,,https://deo.shopeemobile.com/shopee/modules-federation/live/0/shopee__item-card-standard-v2/0.2.8/pc/5dd7b4560d0e2d3190e8.svg,Jakarta Timur,,,,,,"(NEW) Apple iPhone 13 128GB
Rp
9.999.999
Jakarta Timur",https://shopee.co.id/(NEW)-Apple-iPhone-13-128GB-i.168488045.47652883788?extraParams=%7B%22display_model_id%22%3A405277198528%2C%22model_selection_logic%22%3A3%7D&sp_atk=e539e05e-1c72-4aab-b4ba-48f0a7144302&xptdk=e539e05e-1c72-4aab-b4ba-48f0a7144302,,
https://down-id.img.susercontent.com/file/id-11134207-7rbk8-m768f6obx54a1c,https://down-id.img.susercontent.com/file/id-11134258-8224v-mkvw0cu9r7k1a5,iPhone 13 128gb New iBox,,Rp,9.000.000,,,,,https://deo.shopeemobile.com/shopee/modules-federation/live/0/shopee__item-card-standard-v2/0.2.8/pc/38e203dc86172a6c6560.svg,< 2 Hari,https://deo.shopeemobile.com/shopee/modules-federation/live/0/shopee__item-card-standard-v2/0.2.8/pc/5dd7b4560d0e2d3190e8.svg,Malang,,https://deo.shopeemobile.com/shopee/modules-federation/live/0/shopee__item-card-standard-v2/0.2.8/pc/0614b8f0a8fdde22942d.svg,< 2 Hari,,,"iPhone 13 128gb New iBox
Rp
9.000.000
< 2 Hari
Malang",https://shopee.co.id/iPhone-13-128gb-New-iBox-i.160408037.28979042091?extraParams=%7B%22display_model_id%22%3A257841614429%2C%22model_selection_logic%22%3A3%7D&sp_atk=a6fbc82b-ef03-4db4-8c3e-709e771f9c9b&xptdk=a6fbc82b-ef03-4db4-8c3e-709e771f9c9b,https://deo.shopeemobile.com/shopee/modules-federation/live/0/shopee__item-card-standard-v2/0.2.8/pc/0614b8f0a8fdde22942d.svg,
https://down-id.img.susercontent.com/file/id-11134207-8224w-mgorfwyvjo5n7c,https://down-id.img.susercontent.com/file/id-11134258-822ws-mnciva8io4qu2f,Apple iPhone 17 256GB Series Garansi Resmi Indonesia,https://deo.shopeemobile.com/shopee/modules-federation/live/0/shopee__item-card-standard-v2/0.2.8/pc/7c9110f78e069acbced7.png,Rp,17.494.000,,,4.9,,https://deo.shopeemobile.com/shopee/modules-federation/live/0/shopee__item-card-standard-v2/0.2.8/pc/38e203dc86172a6c6560.svg,415 Terjual,https://deo.shopeemobile.com/shopee/modules-federation/live/0/shopee__item-card-standard-v2/0.2.8/pc/5dd7b4560d0e2d3190e8.svg,Jakarta Utara,-10%,https://deo.shopeemobile.com/shopee/modules-federation/live/0/shopee__item-card-standard-v2/0.2.8/pc/0614b8f0a8fdde22942d.svg,< 2 Hari,https://deo.shopeemobile.com/shopee/modules-federation/live/0/shopee__item-card-standard-v2/0.2.8/pc/b4d1b8a78b3621dbdf4a.svg,,"Apple iPhone 17 256GB Series Garansi Resmi Indonesia
Rp
17.494.000
-10%
4.9
415 Terjual
< 2 Hari
Jakarta Utara",https://shopee.co.id/Apple-iPhone-17-256GB-Series-Garansi-Resmi-Indonesia-i.1105655476.56600865614?extraParams=%7B%22display_model_id%22%3A390190338413%2C%22model_selection_logic%22%3A3%7D&sp_atk=0c862382-e052-4773-aa2c-2dd125ac21b3&xptdk=0c862382-e052-4773-aa2c-2dd125ac21b3,https://deo.shopeemobile.com/shopee/modules-federation/live/0/shopee__item-card-standard-v2/0.2.8/pc/d7099d3fd1dfdaf705ab.svg,
https://down-id.img.susercontent.com/file/id-11134207-7ra0k-mbzo7mbgje1ub1,https://down-id.img.susercontent.com/file/id-11134258-8224v-mkvw0cu9r7k1a5,Iphone 13 128gb New iBox Bundling free adaptor original 20w softcase temperglass,,Rp,9.250.000,,,5.0,,https://deo.shopeemobile.com/shopee/modules-federation/live/0/shopee__item-card-standard-v2/0.2.8/pc/38e203dc86172a6c6560.svg,2 Terjual,https://deo.shopeemobile.com/shopee/modules-federation/live/0/shopee__item-card-standard-v2/0.2.8/pc/5dd7b4560d0e2d3190e8.svg,Yogyakarta,,https://deo.shopeemobile.com/shopee/modules-federation/live/0/shopee__item-card-standard-v2/0.2.8/pc/0614b8f0a8fdde22942d.svg,< 2 Hari,,https://deo.shopeemobile.com/shopee/modules-federation/live/0/shopee__item-card-standard-v2/0.2.8/pc/d2a1900a0267d45fd0f5.png,"Iphone 13 128gb New iBox Bundling free adaptor original 20w softcase temperglass
Rp
9.250.000
5.0
2 Terjual
< 2 Hari
Yogyakarta",https://shopee.co.id/Iphone-13-128gb-New-iBox-Bundling-free-adaptor-original-20w-softcase-temperglass-i.98429298.40857914455?extraParams=%7B%22display_model_id%22%3A49922486762%2C%22model_selection_logic%22%3A3%7D&sp_atk=12b7d4b5-bb06-4e58-8ae8-9f3cd589d616&xptdk=12b7d4b5-bb06-4e58-8ae8-9f3cd589d616,https://deo.shopeemobile.com/shopee/modules-federation/live/0/shopee__item-card-standard-v2/0.2.8/pc/d7099d3fd1dfdaf705ab.svg,
https://down-id.img.susercontent.com/file/id-11134207-8224w-mgeuwhadtzwr5b,https://down-id.img.susercontent.com/file/id-11134258-822wr-mlx5y0tebegw04,IP 14 128GB 256GB 512GB  SEGEL RESMI,https://deo.shopeemobile.com/shopee/modules-federation/live/0/shopee__item-card-standard-v2/0.2.8/pc/7c9110f78e069acbced7.png,Rp,11.055.000,,,5.0,,https://deo.shopeemobile.com/shopee/modules-federation/live/0/shopee__item-card-standard-v2/0.2.8/pc/38e203dc86172a6c6560.svg,8 Terjual,https://deo.shopeemobile.com/shopee/modules-federation/live/0/shopee__item-card-standard-v2/0.2.8/pc/5dd7b4560d0e2d3190e8.svg,Jakarta Selatan,-26%,https://deo.shopeemobile.com/shopee/modules-federation/live/0/shopee__item-card-standard-v2/0.2.8/pc/0614b8f0a8fdde22942d.svg,< 2 Hari,,,"IP 14 128GB 256GB 512GB SEGEL RESMI
Rp
11.055.000
-26%
5.0
8 Terjual
< 2 Hari
Jakarta Selatan",https://shopee.co.id/IP-14-128GB-256GB-512GB-SEGEL-RESMI-i.1608142138.57250352588?extraParams=%7B%22display_model_id%22%3A350033603881%2C%22model_selection_logic%22%3A3%7D&sp_atk=f952ad88-ef92-4755-8805-01f24fb81e72&xptdk=f952ad88-ef92-4755-8805-01f24fb81e72,https://deo.shopeemobile.com/shopee/modules-federation/live/0/shopee__item-card-standard-v2/0.2.8/pc/d7099d3fd1dfdaf705ab.svg,
https://down-id.img.susercontent.com/file/id-11134207-8224v-mk4v5cyai7et21,https://down-id.img.susercontent.com/file/id-11134258-8224v-mkvw0cu9r7k1a5,Handphone 14 128GB IPHONE 14 128 Phone 14 100% NEW ORIGINAL GARANSI RESMI iBox,https://deo.shopeemobile.com/shopee/modules-federation/live/0/shopee__item-card-standard-v2/0.2.8/pc/a425c915798471b33e5d.png,Rp,10.199.000,,,5.0,,https://deo.shopeemobile.com/shopee/modules-federation/live/0/shopee__item-card-standard-v2/0.2.8/pc/76dff349290d20891fc1.svg,5 Terjual,https://deo.shopeemobile.com/shopee/modules-federation/live/0/shopee__item-card-standard-v2/0.2.8/pc/5dd7b4560d0e2d3190e8.svg,Pekanbaru,,,,,,"Handphone 14 128GB IPHONE 14 128 Phone 14 100% NEW ORIGINAL GARANSI RESMI iBox
Rp
10.199.000
5.0
5 Terjual
2-4 Hari
Pekanbaru",https://shopee.co.id/Handphone-14-128GB-IPHONE-14-128-Phone-14-100-NEW-ORIGINAL-GARANSI-RESMI-iBox-i.9151441.25922487608?extraParams=%7B%22display_model_id%22%3A178616020518%2C%22model_selection_logic%22%3A3%7D&sp_atk=b07f06e2-1bbe-4690-831f-0a15fc8105d1&xptdk=b07f06e2-1bbe-4690-831f-0a15fc8105d1,https://deo.shopeemobile.com/shopee/modules-federation/live/0/shopee__item-card-standard-v2/0.2.8/pc/d7099d3fd1dfdaf705ab.svg,
https://down-id.img.susercontent.com/file/id-11134207-8224v-mgxi1wtvq9zd0c,https://down-id.img.susercontent.com/file/id-11134258-7r98w-lyezzaurybot13,New Apple iPhone 13 128GB Garansi Resmi Indo,,Rp,8.100.000,,,,,https://deo.shopeemobile.com/shopee/modules-federation/live/0/shopee__item-card-standard-v2/0.2.8/pc/76dff349290d20891fc1.svg,3-6 Hari,https://deo.shopeemobile.com/shopee/modules-federation/live/0/shopee__item-card-standard-v2/0.2.8/pc/5dd7b4560d0e2d3190e8.svg,Jakarta Barat,,,,,,"New Apple iPhone 13 128GB Garansi Resmi Indo
Rp
8.100.000
3-6 Hari
Jakarta Barat",https://shopee.co.id/New-Apple-iPhone-13-128GB-Garansi-Resmi-Indo-i.369068777.46251195588?extraParams=%7B%22display_model_id%22%3A282144144307%2C%22model_selection_logic%22%3A3%7D&sp_atk=8f0abe5c-5ff9-4c3a-b3a9-0f7f585a22d4&xptdk=8f0abe5c-5ff9-4c3a-b3a9-0f7f585a22d4,,
https://down-id.img.susercontent.com/file/id-11134207-82250-mkyvgojcyt4y97,https://down-id.img.susercontent.com/file/id-11134258-8224v-mkvw0cu9r7k1a5,iphone 15 128 gb new ibox garansi resmi || bnib,,Rp,12.000.000,,,5.0,,https://deo.shopeemobile.com/shopee/modules-federation/live/0/shopee__item-card-standard-v2/0.2.8/pc/38e203dc86172a6c6560.svg,2 Terjual,https://deo.shopeemobile.com/shopee/modules-federation/live/0/shopee__item-card-standard-v2/0.2.8/pc/5dd7b4560d0e2d3190e8.svg,Surakarta (Solo),,https://deo.shopeemobile.com/shopee/modules-federation/live/0/shopee__item-card-standard-v2/0.2.8/pc/0614b8f0a8fdde22942d.svg,< 2 Hari,,,"iphone 15 128 gb new ibox garansi resmi || bnib
Rp
12.000.000
5.0
2 Terjual
< 2 Hari
Surakarta (Solo)",https://shopee.co.id/iphone-15-128-gb-new-ibox-garansi-resmi-bnib-i.262263769.40128541321?extraParams=%7B%22display_model_id%22%3A335570484637%2C%22model_selection_logic%22%3A3%7D&sp_atk=0fbb0216-f308-441a-b2aa-e1d703c07969&xptdk=0fbb0216-f308-441a-b2aa-e1d703c07969,https://deo.shopeemobile.com/shopee/modules-federation/live/0/shopee__item-card-standard-v2/0.2.8/pc/d7099d3fd1dfdaf705ab.svg,
https://down-id.img.susercontent.com/file/id-11134207-8224v-mgxi1wtvq9zd0c,https://down-id.img.susercontent.com/file/id-11134258-7r98w-lyezzaurybot13,New Apple iPhone 13 128GB Garansi Resmi Indo,,Rp,8.100.000,,,,,https://deo.shopeemobile.com/shopee/modules-federation/live/0/shopee__item-card-standard-v2/0.2.8/pc/76dff349290d20891fc1.svg,3-6 Hari,https://deo.shopeemobile.com/shopee/modules-federation/live/0/shopee__item-card-standard-v2/0.2.8/pc/5dd7b4560d0e2d3190e8.svg,Jakarta Barat,,,,,,"New Apple iPhone 13 128GB Garansi Resmi Indo
Rp
8.100.000
3-6 Hari
Jakarta Barat",https://shopee.co.id/New-Apple-iPhone-13-128GB-Garansi-Resmi-Indo-i.369068777.46251195588?extraParams=%7B%22display_model_id%22%3A282144144307%2C%22model_selection_logic%22%3A3%7D&sp_atk=c0b0950a-ea3b-4e55-b22e-fa18c16a2e12&xptdk=c0b0950a-ea3b-4e55-b22e-fa18c16a2e12,,
https://down-id.img.susercontent.com/file/id-11134207-81ztk-mff8w4nznvuw76,https://down-id.img.susercontent.com/file/id-11134258-8224v-mkvw0cu9r7k1a5,iphone 16 pro 128gb ibox new segel white titanium,,Rp,18.300.000,,https://deo.shopeemobile.com/shopee/modules-federation/live/0/shopee__item-card-standard-v2/0.2.8/pc/0614b8f0a8fdde22942d.svg,,,https://deo.shopeemobile.com/shopee/modules-federation/live/0/shopee__item-card-standard-v2/0.2.8/pc/38e203dc86172a6c6560.svg,1 Terjual,https://deo.shopeemobile.com/shopee/modules-federation/live/0/shopee__item-card-standard-v2/0.2.8/pc/5dd7b4560d0e2d3190e8.svg,Surakarta (Solo),,https://deo.shopeemobile.com/shopee/modules-federation/live/0/shopee__item-card-standard-v2/0.2.8/pc/0614b8f0a8fdde22942d.svg,< 2 Hari,,,"iphone 16 pro 128gb ibox new segel white titanium
Rp
18.300.000
1 Terjual
< 2 Hari
Surakarta (Solo)",https://shopee.co.id/iphone-16-pro-128gb-ibox-new-segel-white-titanium-i.370831434.24197322594?extraParams=%7B%22display_model_id%22%3A243990731439%2C%22model_selection_logic%22%3A3%7D&sp_atk=c04c8391-2f36-43cd-987a-0ac4ab92a9d8&xptdk=c04c8391-2f36-43cd-987a-0ac4ab92a9d8,,
https://down-id.img.susercontent.com/file/sg-11134201-8260l-mjoyyfwink7994,https://down-id.img.susercontent.com/file/id-11134258-8224v-mkvw0cu9r7k1a5,iPhone 17 - Garansi Resmi,https://deo.shopeemobile.com/shopee/modules-federation/live/0/shopee__item-card-standard-v2/0.2.8/pc/7c9110f78e069acbced7.png,Rp,17.649.000,,https://deo.shopeemobile.com/shopee/modules-federation/live/0/shopee__item-card-standard-v2/0.2.8/pc/d7099d3fd1dfdaf705ab.svg,5.0,,https://deo.shopeemobile.com/shopee/modules-federation/live/0/shopee__item-card-standard-v2/0.2.8/pc/76dff349290d20891fc1.svg,37 Terjual,https://deo.shopeemobile.com/shopee/modules-federation/live/0/shopee__item-card-standard-v2/0.2.8/pc/5dd7b4560d0e2d3190e8.svg,Banjarmasin,,,,,,"iPhone 17 - Garansi Resmi
Rp
17.649.000
5.0
37 Terjual
3-5 Hari
Banjarmasin",https://shopee.co.id/iPhone-17-Garansi-Resmi-i.813315322.56404933120?extraParams=%7B%22display_model_id%22%3A292346931256%2C%22model_selection_logic%22%3A3%7D&sp_atk=e7caf612-02e6-4d6d-80e6-b52e5ee5e8f6&xptdk=e7caf612-02e6-4d6d-80e6-b52e5ee5e8f6,,
https://down-id.img.susercontent.com/file/id-11134207-8224w-mgeuwhadtzwr5b,https://down-id.img.susercontent.com/file/id-11134258-822wr-mlx5y0tebegw04,IP 14 128GB 256GB 512GB  SEGEL RESMI,https://deo.shopeemobile.com/shopee/modules-federation/live/0/shopee__item-card-standard-v2/0.2.8/pc/7c9110f78e069acbced7.png,Rp,11.055.000,,https://deo.shopeemobile.com/shopee/modules-federation/live/0/shopee__item-card-standard-v2/0.2.8/pc/d7099d3fd1dfdaf705ab.svg,5.0,,https://deo.shopeemobile.com/shopee/modules-federation/live/0/shopee__item-card-standard-v2/0.2.8/pc/38e203dc86172a6c6560.svg,8 Terjual,https://deo.shopeemobile.com/shopee/modules-federation/live/0/shopee__item-card-standard-v2/0.2.8/pc/5dd7b4560d0e2d3190e8.svg,Jakarta Selatan,-26%,https://deo.shopeemobile.com/shopee/modules-federation/live/0/shopee__item-card-standard-v2/0.2.8/pc/0614b8f0a8fdde22942d.svg,< 2 Hari,,,"IP 14 128GB 256GB 512GB SEGEL RESMI
Rp
11.055.000
-26%
5.0
8 Terjual
< 2 Hari
Jakarta Selatan",https://shopee.co.id/IP-14-128GB-256GB-512GB-SEGEL-RESMI-i.1608142138.57250352588?extraParams=%7B%22display_model_id%22%3A350033603881%2C%22model_selection_logic%22%3A3%7D&sp_atk=97a6eecb-6551-4950-a72b-4d8d22309769&xptdk=97a6eecb-6551-4950-a72b-4d8d22309769,,
https://down-id.img.susercontent.com/file/id-11134207-822wo-mldau3q5byf8b5,https://down-id.img.susercontent.com/file/id-11134258-7r98w-lyezzaurybot13,iphone 13 128gb all sim,,Rp,5.620.000,,,,,https://deo.shopeemobile.com/shopee/modules-federation/live/0/shopee__item-card-standard-v2/0.2.8/pc/76dff349290d20891fc1.svg,3-5 Hari,https://deo.shopeemobile.com/shopee/modules-federation/live/0/shopee__item-card-standard-v2/0.2.8/pc/5dd7b4560d0e2d3190e8.svg,Kab. Temanggung,,,,,,"iphone 13 128gb all sim
Rp
5.620.000
3-5 Hari
Kab. Temanggung",https://shopee.co.id/iphone-13-128gb-all-sim-i.425063049.46706710031?extraParams=%7B%22display_model_id%22%3A425600965502%2C%22model_selection_logic%22%3A3%7D&sp_atk=2dfab04c-3abd-4afe-82a6-64049f2bdd6d&xptdk=2dfab04c-3abd-4afe-82a6-64049f2bdd6d,,
https://down-id.img.susercontent.com/file/id-11134207-7rbk9-m7yi6ae5vzg810,https://down-id.img.susercontent.com/file/id-11134258-8224v-mkvw0cu9r7k1a5,Apple iPhone 15 128GB/256GB - New Unit Garansi Resmi,https://deo.shopeemobile.com/shopee/modules-federation/live/0/shopee__item-card-standard-v2/0.2.8/pc/a425c915798471b33e5d.png,Rp,13.720.000,,https://deo.shopeemobile.com/shopee/modules-federation/live/0/shopee__item-card-standard-v2/0.2.8/pc/d7099d3fd1dfdaf705ab.svg,4.8,,https://deo.shopeemobile.com/shopee/modules-federation/live/0/shopee__item-card-standard-v2/0.2.8/pc/38e203dc86172a6c6560.svg,13 Terjual,https://deo.shopeemobile.com/shopee/modules-federation/live/0/shopee__item-card-standard-v2/0.2.8/pc/5dd7b4560d0e2d3190e8.svg,Jakarta Timur,,https://deo.shopeemobile.com/shopee/modules-federation/live/0/shopee__item-card-standard-v2/0.2.8/pc/0614b8f0a8fdde22942d.svg,< 2 Hari,,https://deo.shopeemobile.com/shopee/modules-federation/live/0/shopee__item-card-standard-v2/0.2.8/pc/d2a1900a0267d45fd0f5.png,"Apple iPhone 15 128GB/256GB - New Unit Garansi Resmi
Rp
13.720.000
4.8
13 Terjual
< 2 Hari
Jakarta Timur",https://shopee.co.id/Apple-iPhone-15-128GB-256GB-New-Unit-Garansi-Resmi-i.921529700.22942557637?extraParams=%7B%22display_model_id%22%3A223867378486%2C%22model_selection_logic%22%3A3%7D&sp_atk=32fae25b-4cfd-4d99-b092-36d0e66c4a70&xptdk=32fae25b-4cfd-4d99-b092-36d0e66c4a70,,
https://down-id.img.susercontent.com/file/id-11134207-7rasd-m358m086hpmz75,https://down-id.img.susercontent.com/file/id-11134258-822wr-mlx67rtd6r602f,iphone 12 pro max 128gb resmi ibox,https://deo.shopeemobile.com/shopee/modules-federation/live/0/shopee__item-card-standard-v2/0.2.8/pc/a425c915798471b33e5d.png,Rp,9.500.000,,https://deo.shopeemobile.com/shopee/modules-federation/live/0/shopee__item-card-standard-v2/0.2.8/pc/d7099d3fd1dfdaf705ab.svg,4.7,,https://deo.shopeemobile.com/shopee/modules-federation/live/0/shopee__item-card-standard-v2/0.2.8/pc/76dff349290d20891fc1.svg,17 Terjual,https://deo.shopeemobile.com/shopee/modules-federation/live/0/shopee__item-card-standard-v2/0.2.8/pc/5dd7b4560d0e2d3190e8.svg,Jakarta Pusat,,,,,,"iphone 12 pro max 128gb resmi ibox
Rp
9.500.000
4.7
17 Terjual
2-4 Hari
Jakarta Pusat",https://shopee.co.id/iphone-12-pro-max-128gb-resmi-ibox-i.348952502.20774492084?extraParams=%7B%22display_model_id%22%3A310190785523%2C%22model_selection_logic%22%3A3%7D&sp_atk=2c6330fd-b56f-41fe-84a7-7138c807eebd&xptdk=2c6330fd-b56f-41fe-84a7-7138c807eebd,,
https://down-id.img.susercontent.com/file/id-11134207-8224p-mjl4m8z4nytf7c,https://down-id.img.susercontent.com/file/id-11134258-8224v-mkvw0cu9r7k1a5,iPhone 17 New iBox Garansi Original iPhone Fullset | NEW iBox 256GB 512GB 1TB,,Rp,17.750.000,,https://deo.shopeemobile.com/shopee/modules-federation/live/0/shopee__item-card-standard-v2/0.2.8/pc/d7099d3fd1dfdaf705ab.svg,5.0,,https://deo.shopeemobile.com/shopee/modules-federation/live/0/shopee__item-card-standard-v2/0.2.8/pc/38e203dc86172a6c6560.svg,2 Terjual,https://deo.shopeemobile.com/shopee/modules-federation/live/0/shopee__item-card-standard-v2/0.2.8/pc/5dd7b4560d0e2d3190e8.svg,Bandung,-1%,https://deo.shopeemobile.com/shopee/modules-federation/live/0/shopee__item-card-standard-v2/0.2.8/pc/0614b8f0a8fdde22942d.svg,< 2 Hari,https://deo.shopeemobile.com/shopee/modules-federation/live/0/shopee__item-card-standard-v2/0.2.8/pc/b4d1b8a78b3621dbdf4a.svg,https://deo.shopeemobile.com/shopee/modules-federation/live/0/shopee__item-card-standard-v2/0.2.8/pc/d2a1900a0267d45fd0f5.png,"iPhone 17 New iBox Garansi Original iPhone Fullset | NEW iBox 256GB 512GB 1TB
Rp
17.750.000
-1%
5.0
2 Terjual
< 2 Hari
Bandung",https://shopee.co.id/iPhone-17-New-iBox-Garansi-Original-iPhone-Fullset-NEW-iBox-256GB-512GB-1TB-i.102041973.54254836174?extraParams=%7B%22display_model_id%22%3A345446472990%2C%22model_selection_logic%22%3A3%7D&sp_atk=558693fc-29b5-47aa-ac89-566781587372&xptdk=558693fc-29b5-47aa-ac89-566781587372,,
https://down-id.img.susercontent.com/file/id-11134207-7rbk8-m6wnewr4dnnt54,https://down-id.img.susercontent.com/file/id-11134258-8224v-mkvw0cu9r7k1a5,APPLE IPHONE 13 128 NEW RESMI INDONESIA SEGEL,,Rp,9.084.000,,https://deo.shopeemobile.com/shopee/modules-federation/live/0/shopee__item-card-standard-v2/0.2.8/pc/d7099d3fd1dfdaf705ab.svg,5.0,,https://deo.shopeemobile.com/shopee/modules-federation/live/0/shopee__item-card-standard-v2/0.2.8/pc/76dff349290d20891fc1.svg,1 Terjual,https://deo.shopeemobile.com/shopee/modules-federation/live/0/shopee__item-card-standard-v2/0.2.8/pc/5dd7b4560d0e2d3190e8.svg,Malang,,,,,,"APPLE IPHONE 13 128 NEW RESMI INDONESIA SEGEL
Rp
9.084.000
5.0
1 Terjual
3-4 Hari
Malang",https://shopee.co.id/APPLE-IPHONE-13-128-NEW-RESMI-INDONESIA-SEGEL-i.77957295.29128184544?extraParams=%7B%22display_model_id%22%3A49877656109%2C%22model_selection_logic%22%3A3%7D&sp_atk=fa93bb0c-153c-4792-8123-07e73719051d&xptdk=fa93bb0c-153c-4792-8123-07e73719051d,,
https://down-id.img.susercontent.com/file/id-11134207-81ztk-mexrpcdf4jr8f2,https://down-id.img.susercontent.com/file/id-11134258-8224v-mkvw0cu9r7k1a5,iPhone 16 Plus 128GB Garansi Resmi Indonesia,https://deo.shopeemobile.com/shopee/modules-federation/live/0/shopee__item-card-standard-v2/0.2.8/pc/7c9110f78e069acbced7.png,Rp,17.499.000,,https://deo.shopeemobile.com/shopee/modules-federation/live/0/shopee__item-card-standard-v2/0.2.8/pc/d7099d3fd1dfdaf705ab.svg,5.0,,https://deo.shopeemobile.com/shopee/modules-federation/live/0/shopee__item-card-standard-v2/0.2.8/pc/38e203dc86172a6c6560.svg,5 Terjual,https://deo.shopeemobile.com/shopee/modules-federation/live/0/shopee__item-card-standard-v2/0.2.8/pc/5dd7b4560d0e2d3190e8.svg,Surabaya,,https://deo.shopeemobile.com/shopee/modules-federation/live/0/shopee__item-card-standard-v2/0.2.8/pc/0614b8f0a8fdde22942d.svg,Besok 12:00,,,"iPhone 16 Plus 128GB Garansi Resmi Indonesia
Rp
17.499.000
5.0
5 Terjual
Besok 12:00
Surabaya",https://shopee.co.id/iPhone-16-Plus-128GB-Garansi-Resmi-Indonesia-i.143199398.28141929042?extraParams=%7B%22display_model_id%22%3A216277297919%2C%22model_selection_logic%22%3A3%7D&sp_atk=4fba5f79-dba7-42e5-9a9b-deb6e0910408&xptdk=4fba5f79-dba7-42e5-9a9b-deb6e0910408,,
https://down-id.img.susercontent.com/file/id-11134207-7qul2-lg9k0faboxdnb9,https://down-id.img.susercontent.com/file/id-11134258-822ws-mnciva8io4qu2f,iPhone SE 3 5G 128GB iBox New Open Box Aktiv,https://deo.shopeemobile.com/shopee/modules-federation/live/0/shopee__item-card-standard-v2/0.2.8/pc/a425c915798471b33e5d.png,Rp,7.499.000,,,,,https://deo.shopeemobile.com/shopee/modules-federation/live/0/shopee__item-card-standard-v2/0.2.8/pc/76dff349290d20891fc1.svg,1-3 Hari,https://deo.shopeemobile.com/shopee/modules-federation/live/0/shopee__item-card-standard-v2/0.2.8/pc/5dd7b4560d0e2d3190e8.svg,Kab. Lamongan,,,,,,"iPhone SE 3 5G 128GB iBox New Open Box Aktiv
Rp
7.499.000
1-3 Hari
Kab. Lamongan",https://shopee.co.id/iPhone-SE-3-5G-128GB-iBox-New-Open-Box-Aktiv-i.523499909.20379352975?extraParams=%7B%22display_model_id%22%3A225164763049%2C%22model_selection_logic%22%3A3%7D&sp_atk=4dd5da6c-0f6e-4f00-9918-e938e3ac90d1&xptdk=4dd5da6c-0f6e-4f00-9918-e938e3ac90d1,,
https://down-id.img.susercontent.com/file/id-11134207-81ztg-mfp27g3zhceib5,https://down-id.img.susercontent.com/file/id-11134258-7r98w-lyezzaurybot13,Apple Iphone 17 256GB Garansi Resmi Indonesia,https://deo.shopeemobile.com/shopee/modules-federation/live/0/shopee__item-card-standard-v2/0.2.8/pc/7c9110f78e069acbced7.png,Rp,18.099.000,,https://deo.shopeemobile.com/shopee/modules-federation/live/0/shopee__item-card-standard-v2/0.2.8/pc/d7099d3fd1dfdaf705ab.svg,4.9,,https://deo.shopeemobile.com/shopee/modules-federation/live/0/shopee__item-card-standard-v2/0.2.8/pc/38e203dc86172a6c6560.svg,26 Terjual,https://deo.shopeemobile.com/shopee/modules-federation/live/0/shopee__item-card-standard-v2/0.2.8/pc/5dd7b4560d0e2d3190e8.svg,Semarang,,https://deo.shopeemobile.com/shopee/modules-federation/live/0/shopee__item-card-standard-v2/0.2.8/pc/0614b8f0a8fdde22942d.svg,< 2 Hari,,,"Apple Iphone 17 256GB Garansi Resmi Indonesia
Rp
18.099.000
4.9
26 Terjual
< 2 Hari
Semarang",https://shopee.co.id/Apple-Iphone-17-256GB-Garansi-Resmi-Indonesia-i.287662257.28992795040?extraParams=%7B%22display_model_id%22%3A281920456484%2C%22model_selection_logic%22%3A3%7D&sp_atk=1725619c-eda0-4323-ba3a-5323217f0d8c&xptdk=1725619c-eda0-4323-ba3a-5323217f0d8c,,
https://down-id.img.susercontent.com/file/id-11134207-8224r-mg7mn304etca35,https://down-id.img.susercontent.com/file/id-11134258-822wr-mlx5y0tebegw04,[DZAKIYAH STORE] IPHONE 16E NEW GARANSI RESMI,https://deo.shopeemobile.com/shopee/modules-federation/live/0/shopee__item-card-standard-v2/0.2.8/pc/a425c915798471b33e5d.png,Rp,11.109.000,,,,,https://deo.shopeemobile.com/shopee/modules-federation/live/0/shopee__item-card-standard-v2/0.2.8/pc/76dff349290d20891fc1.svg,1-3 Hari,https://deo.shopeemobile.com/shopee/modules-federation/live/0/shopee__item-card-standard-v2/0.2.8/pc/5dd7b4560d0e2d3190e8.svg,Surakarta (Solo),,,,,https://deo.shopeemobile.com/shopee/modules-federation/live/0/shopee__item-card-standard-v2/0.2.8/pc/d2a1900a0267d45fd0f5.png,"[DZAKIYAH STORE] IPHONE 16E NEW GARANSI RESMI
Rp
11.109.000
1-3 Hari
Surakarta (Solo)",https://shopee.co.id/-DZAKIYAH-STORE-IPHONE-16E-NEW-GARANSI-RESMI-i.795463323.58050090430?extraParams=%7B%22display_model_id%22%3A228221054910%2C%22model_selection_logic%22%3A3%7D&sp_atk=b91a4b75-ee85-4f24-8f2d-42149695e024&xptdk=b91a4b75-ee85-4f24-8f2d-42149695e024,,
https://down-id.img.susercontent.com/file/id-11134207-81ztp-mexs60bh3vnm9e,https://down-id.img.susercontent.com/file/id-11134258-8224v-mkvw0cu9r7k1a5,iPhone 16 Plus 256GB Garansi Resmi Indonesia,https://deo.shopeemobile.com/shopee/modules-federation/live/0/shopee__item-card-standard-v2/0.2.8/pc/7c9110f78e069acbced7.png,Rp,19.699.000,,https://deo.shopeemobile.com/shopee/modules-federation/live/0/shopee__item-card-standard-v2/0.2.8/pc/0614b8f0a8fdde22942d.svg,,,https://deo.shopeemobile.com/shopee/modules-federation/live/0/shopee__item-card-standard-v2/0.2.8/pc/38e203dc86172a6c6560.svg,4 Terjual,https://deo.shopeemobile.com/shopee/modules-federation/live/0/shopee__item-card-standard-v2/0.2.8/pc/5dd7b4560d0e2d3190e8.svg,Surabaya,,https://deo.shopeemobile.com/shopee/modules-federation/live/0/shopee__item-card-standard-v2/0.2.8/pc/0614b8f0a8fdde22942d.svg,Besok 12:00,,,"iPhone 16 Plus 256GB Garansi Resmi Indonesia
Rp
19.699.000
4 Terjual
Besok 12:00
Surabaya",https://shopee.co.id/iPhone-16-Plus-256GB-Garansi-Resmi-Indonesia-i.143199398.24047111450?extraParams=%7B%22display_model_id%22%3A301675474594%2C%22model_selection_logic%22%3A3%7D&sp_atk=e18eebd7-30c1-4c27-b5c6-f2d00f261edc&xptdk=e18eebd7-30c1-4c27-b5c6-f2d00f261edc,,
https://down-id.img.susercontent.com/file/id-11134207-822wn-mn8g4l0htjb5e2,https://down-id.img.susercontent.com/file/id-11134258-8224v-mkvw0cu9r7k1a5,iPhone 17 256GB NEW iBox,,Rp,17.800.000,,https://deo.shopeemobile.com/shopee/modules-federation/live/0/shopee__item-card-standard-v2/0.2.8/pc/0614b8f0a8fdde22942d.svg,,,https://deo.shopeemobile.com/shopee/modules-federation/live/0/shopee__item-card-standard-v2/0.2.8/pc/38e203dc86172a6c6560.svg,< 2 Hari,https://deo.shopeemobile.com/shopee/modules-federation/live/0/shopee__item-card-standard-v2/0.2.8/pc/5dd7b4560d0e2d3190e8.svg,Surakarta (Solo),,https://deo.shopeemobile.com/shopee/modules-federation/live/0/shopee__item-card-standard-v2/0.2.8/pc/0614b8f0a8fdde22942d.svg,< 2 Hari,,,"iPhone 17 256GB NEW iBox
Rp
17.800.000
< 2 Hari
Surakarta (Solo)",https://shopee.co.id/iPhone-17-256GB-NEW-iBox-i.371457859.53559107583?extraParams=%7B%22display_model_id%22%3A395806823355%2C%22model_selection_logic%22%3A3%7D&sp_atk=fb9fa749-511e-4107-b9e8-87c51db8efb9&xptdk=fb9fa749-511e-4107-b9e8-87c51db8efb9,,
https://down-id.img.susercontent.com/file/sg-11134201-8259l-mfxoj7tgjwnf5a,https://down-id.img.susercontent.com/file/id-11134258-8224v-mkvw0cu9r7k1a5,iPhone 17 256GB / 512GB [Garansi Resmi],https://deo.shopeemobile.com/shopee/modules-federation/live/0/shopee__item-card-standard-v2/0.2.8/pc/7c9110f78e069acbced7.png,Rp,19.249.000,,https://deo.shopeemobile.com/shopee/modules-federation/live/0/shopee__item-card-standard-v2/0.2.8/pc/d7099d3fd1dfdaf705ab.svg,4.9,,https://deo.shopeemobile.com/shopee/modules-federation/live/0/shopee__item-card-standard-v2/0.2.8/pc/76dff349290d20891fc1.svg,43 Terjual,https://deo.shopeemobile.com/shopee/modules-federation/live/0/shopee__item-card-standard-v2/0.2.8/pc/5dd7b4560d0e2d3190e8.svg,Denpasar,,,,,https://deo.shopeemobile.com/shopee/modules-federation/live/0/shopee__item-card-standard-v2/0.2.8/pc/d2a1900a0267d45fd0f5.png,"iPhone 17 256GB / 512GB [Garansi Resmi]
Rp
19.249.000
4.9
43 Terjual
3-4 Hari
Denpasar",https://shopee.co.id/iPhone-17-256GB-512GB-Garansi-Resmi--i.261010358.42274658246?extraParams=%7B%22display_model_id%22%3A276999151661%2C%22model_selection_logic%22%3A3%7D&sp_atk=78dea0a0-5db7-499c-973c-aadbfebd1def&xptdk=78dea0a0-5db7-499c-973c-aadbfebd1def,,
https://down-id.img.susercontent.com/file/id-11134207-8224x-mibh3zf9qfwh83,https://down-id.img.susercontent.com/file/id-11134258-8224v-mkvw0cu9r7k1a5,New iPhone 17 Pro Max Garansi Resmi 1 Tahun Indonesia,https://deo.shopeemobile.com/shopee/modules-federation/live/0/shopee__item-card-standard-v2/0.2.8/pc/a425c915798471b33e5d.png,Rp,27.649.000,Produk Baru,https://deo.shopeemobile.com/shopee/modules-federation/live/0/shopee__item-card-standard-v2/0.2.8/pc/d7099d3fd1dfdaf705ab.svg,5.0,,https://deo.shopeemobile.com/shopee/modules-federation/live/0/shopee__item-card-standard-v2/0.2.8/pc/76dff349290d20891fc1.svg,7 Terjual,https://deo.shopeemobile.com/shopee/modules-federation/live/0/shopee__item-card-standard-v2/0.2.8/pc/5dd7b4560d0e2d3190e8.svg,Denpasar,,,,,,"New iPhone 17 Pro Max Garansi Resmi 1 Tahun Indonesia
Rp
27.649.000
Produk Baru
5.0
7 Terjual
3-5 Hari
Denpasar",https://shopee.co.id/New-iPhone-17-Pro-Max-Garansi-Resmi-1-Tahun-Indonesia-i.877265679.52303154779?extraParams=%7B%22display_model_id%22%3A380304649846%2C%22model_selection_logic%22%3A3%7D&sp_atk=7d800140-bead-4c19-9cae-86eef77558af&xptdk=7d800140-bead-4c19-9cae-86eef77558af,,
https://down-id.img.susercontent.com/file/id-11134207-82250-mib526nio0sk57,https://down-id.img.susercontent.com/file/id-11134258-8224v-mkvw0cu9r7k1a5,Apple iPhone 17 Pro Max New 256GB Garansi Resmi,https://deo.shopeemobile.com/shopee/modules-federation/live/0/shopee__item-card-standard-v2/0.2.8/pc/e4734dab67ee2f9ebd5a.png,Rp,27.628.000,,https://deo.shopeemobile.com/shopee/modules-federation/live/0/shopee__item-card-standard-v2/0.2.8/pc/d7099d3fd1dfdaf705ab.svg,5.0,,https://deo.shopeemobile.com/shopee/modules-federation/live/0/shopee__item-card-standard-v2/0.2.8/pc/38e203dc86172a6c6560.svg,11 Terjual,https://deo.shopeemobile.com/shopee/modules-federation/live/0/shopee__item-card-standard-v2/0.2.8/pc/5dd7b4560d0e2d3190e8.svg,Bandung,,https://deo.shopeemobile.com/shopee/modules-federation/live/0/shopee__item-card-standard-v2/0.2.8/pc/0614b8f0a8fdde22942d.svg,< 2 Hari,,,"Apple iPhone 17 Pro Max New 256GB Garansi Resmi
Rp
27.628.000
5.0
11 Terjual
< 2 Hari
Bandung",https://shopee.co.id/Apple-iPhone-17-Pro-Max-New-256GB-Garansi-Resmi-i.163046751.56251979542?extraParams=%7B%22display_model_id%22%3A410193688223%2C%22model_selection_logic%22%3A3%7D&sp_atk=02015085-4c6a-4ca9-a770-e054cdecca4a&xptdk=02015085-4c6a-4ca9-a770-e054cdecca4a,,
https://down-id.img.susercontent.com/file/id-11134207-822wu-mmu44mtsg2debb,https://down-id.img.susercontent.com/file/id-11134258-8224v-mkvw0cu9r7k1a5,iphone 16 pro 128 ibox new,,Rp,18.800.000,,https://deo.shopeemobile.com/shopee/modules-federation/live/0/shopee__item-card-standard-v2/0.2.8/pc/0614b8f0a8fdde22942d.svg,,,https://deo.shopeemobile.com/shopee/modules-federation/live/0/shopee__item-card-standard-v2/0.2.8/pc/38e203dc86172a6c6560.svg,< 2 Hari,https://deo.shopeemobile.com/shopee/modules-federation/live/0/shopee__item-card-standard-v2/0.2.8/pc/5dd7b4560d0e2d3190e8.svg,Surakarta (Solo),,https://deo.shopeemobile.com/shopee/modules-federation/live/0/shopee__item-card-standard-v2/0.2.8/pc/0614b8f0a8fdde22942d.svg,< 2 Hari,,https://deo.shopeemobile.com/shopee/modules-federation/live/0/shopee__item-card-standard-v2/0.2.8/pc/d2a1900a0267d45fd0f5.png,"iphone 16 pro 128 ibox new
Rp
18.800.000
< 2 Hari
Surakarta (Solo)",https://shopee.co.id/iphone-16-pro-128-ibox-new-i.1113581588.57108474252?extraParams=%7B%22display_model_id%22%3A272519591858%2C%22model_selection_logic%22%3A3%7D&sp_atk=ca97b416-ce68-4f1c-8ae0-9b391398058f&xptdk=ca97b416-ce68-4f1c-8ae0-9b391398058f,,
https://down-id.img.susercontent.com/file/id-11134207-822wg-mnbk3bogjvuqab,https://down-id.img.susercontent.com/file/id-11134258-8224v-mkvw0cu9r7k1a5,iPhone 17 256GB Sage New segel Greenpel,,Rp,17.799.000,,,,,https://deo.shopeemobile.com/shopee/modules-federation/live/0/shopee__item-card-standard-v2/0.2.8/pc/76dff349290d20891fc1.svg,1-3 Hari,https://deo.shopeemobile.com/shopee/modules-federation/live/0/shopee__item-card-standard-v2/0.2.8/pc/5dd7b4560d0e2d3190e8.svg,Kab. Bantul,,,,,,"iPhone 17 256GB Sage New segel Greenpel
Rp
17.799.000
1-3 Hari
Kab. Bantul",https://shopee.co.id/iPhone-17-256GB-Sage-New-segel-Greenpel-i.1564151653.50959266237?extraParams=%7B%22display_model_id%22%3A445838654681%2C%22model_selection_logic%22%3A3%7D&sp_atk=4279234a-7126-4827-9f4b-30f4f13093bd&xptdk=4279234a-7126-4827-9f4b-30f4f13093bd,,
https://down-id.img.susercontent.com/file/id-11134207-7r98o-ll0i03ebp74wb1,https://down-id.img.susercontent.com/file/id-11134258-822ws-mnciva8io4qu2f,IPHONE 11 64GB IBOX GARANSI RESMI NEW SEGEL,https://deo.shopeemobile.com/shopee/modules-federation/live/0/shopee__item-card-standard-v2/0.2.8/pc/a425c915798471b33e5d.png,Rp,6.999.000,,,,,https://deo.shopeemobile.com/shopee/modules-federation/live/0/shopee__item-card-standard-v2/0.2.8/pc/76dff349290d20891fc1.svg,1-3 Hari,https://deo.shopeemobile.com/shopee/modules-federation/live/0/shopee__item-card-standard-v2/0.2.8/pc/5dd7b4560d0e2d3190e8.svg,Kab. Lamongan,,,,,,"IPHONE 11 64GB IBOX GARANSI RESMI NEW SEGEL
Rp
6.999.000
1-3 Hari
Kab. Lamongan",https://shopee.co.id/IPHONE-11-64GB-IBOX-GARANSI-RESMI-NEW-SEGEL-i.523499909.19092452022?extraParams=%7B%22display_model_id%22%3A186992073128%2C%22model_selection_logic%22%3A3%7D&sp_atk=b0cc760a-23fb-4baf-83c5-08160268f898&xptdk=b0cc760a-23fb-4baf-83c5-08160268f898,,
https://down-id.img.susercontent.com/file/id-11134207-7ras8-m59txmxzpm2u65,https://down-id.img.susercontent.com/file/id-11134258-7r98w-lyezzaurybot13,iPhone 12 | 13 | 14  | 15 | 15+ | 17 Pro | 17 Pro Max | Garansi Resmi,https://deo.shopeemobile.com/shopee/modules-federation/live/0/shopee__item-card-standard-v2/0.2.8/pc/e4734dab67ee2f9ebd5a.png,Rp,27.663.000,,https://deo.shopeemobile.com/shopee/modules-federation/live/0/shopee__item-card-standard-v2/0.2.8/pc/d7099d3fd1dfdaf705ab.svg,5.0,,https://deo.shopeemobile.com/shopee/modules-federation/live/0/shopee__item-card-standard-v2/0.2.8/pc/76dff349290d20891fc1.svg,17 Terjual,https://deo.shopeemobile.com/shopee/modules-federation/live/0/shopee__item-card-standard-v2/0.2.8/pc/5dd7b4560d0e2d3190e8.svg,Kab. Jember,,,,,,"iPhone 12 | 13 | 14 | 15 | 15+ | 17 Pro | 17 Pro Max | Garansi Resmi
Rp
27.663.000
5.0
17 Terjual
1-3 Hari
Kab. Jember",https://shopee.co.id/iPhone-12-13-14-15-15-17-Pro-17-Pro-Max-Garansi-Resmi-i.155584273.25740689579?extraParams=%7B%22display_model_id%22%3A405702843044%2C%22model_selection_logic%22%3A3%7D&sp_atk=7bb416c2-2b27-457d-8c46-41e27ad6d89e&xptdk=7bb416c2-2b27-457d-8c46-41e27ad6d89e,,
https://down-id.img.susercontent.com/file/id-11134207-7rbkb-m7vtumkhx6wne2,https://down-id.img.susercontent.com/file/id-11134258-8224v-mkvw0cu9r7k1a5,iPhone 16e 512GB 256GB 128GB NEW Garansi Resmi,https://deo.shopeemobile.com/shopee/modules-federation/live/0/shopee__item-card-standard-v2/0.2.8/pc/e4734dab67ee2f9ebd5a.png,Rp,11.099.000,,,,,https://deo.shopeemobile.com/shopee/modules-federation/live/0/shopee__item-card-standard-v2/0.2.8/pc/76dff349290d20891fc1.svg,1 Terjual,https://deo.shopeemobile.com/shopee/modules-federation/live/0/shopee__item-card-standard-v2/0.2.8/pc/5dd7b4560d0e2d3190e8.svg,Kab. Sleman,,,,,,"iPhone 16e 512GB 256GB 128GB NEW Garansi Resmi
Rp
11.099.000
1 Terjual
4 Hari
Kab. Sleman",https://shopee.co.id/iPhone-16e-512GB-256GB-128GB-NEW-Garansi-Resmi-i.40255164.27281142173?extraParams=%7B%22display_model_id%22%3A234009655332%2C%22model_selection_logic%22%3A3%7D&sp_atk=694647fa-2c9d-4dac-a298-9b42cdf7df0f&xptdk=694647fa-2c9d-4dac-a298-9b42cdf7df0f,,
https://down-id.img.susercontent.com/file/id-11134207-822wo-mmurq7fy74e9fd,,Iphone 16 Pro White Titanium 256GB BNIB,,Rp,24.499.000,,,,,,,https://deo.shopeemobile.com/shopee/modules-federation/live/0/shopee__item-card-standard-v2/0.2.8/pc/5dd7b4560d0e2d3190e8.svg,Jakarta Timur,,,,,,"Iphone 16 Pro White Titanium 256GB BNIB
Rp
24.499.000
Jakarta Timur",https://shopee.co.id/Iphone-16-Pro-White-Titanium-256GB-BNIB-i.113805867.50608566946?extraParams=%7B%22display_model_id%22%3A440759394242%2C%22model_selection_logic%22%3A3%7D&sp_atk=2c77fa95-e68d-4257-b0ad-3e0773e7a7ff&xptdk=2c77fa95-e68d-4257-b0ad-3e0773e7a7ff,,
https://down-id.img.susercontent.com/file/id-11134207-8224s-mkkn12wkg7wg0e,https://down-id.img.susercontent.com/file/id-11134258-822ws-mnciva8io4qu2f,Apple iPhone 16 128Gb | 256GB | 512GB Kamera 48MP,https://deo.shopeemobile.com/shopee/modules-federation/live/0/shopee__item-card-standard-v2/0.2.8/pc/7c9110f78e069acbced7.png,Rp,15.515.000,Kombo Hemat,https://deo.shopeemobile.com/shopee/modules-federation/live/0/shopee__item-card-standard-v2/0.2.8/pc/d7099d3fd1dfdaf705ab.svg,5.0,,https://deo.shopeemobile.com/shopee/modules-federation/live/0/shopee__item-card-standard-v2/0.2.8/pc/38e203dc86172a6c6560.svg,3 Terjual,https://deo.shopeemobile.com/shopee/modules-federation/live/0/shopee__item-card-standard-v2/0.2.8/pc/5dd7b4560d0e2d3190e8.svg,Kab. Sidoarjo,,https://deo.shopeemobile.com/shopee/modules-federation/live/0/shopee__item-card-standard-v2/0.2.8/pc/0614b8f0a8fdde22942d.svg,Besok 12:00,,https://deo.shopeemobile.com/shopee/modules-federation/live/0/shopee__item-card-standard-v2/0.2.8/pc/d2a1900a0267d45fd0f5.png,"Apple iPhone 16 128Gb | 256GB | 512GB Kamera 48MP
Rp
15.515.000
Kombo Hemat
5.0
3 Terjual
Besok 12:00
Kab. Sidoarjo",https://shopee.co.id/Apple-iPhone-16-128Gb-256GB-512GB-Kamera-48MP-i.34907167.42661144298?extraParams=%7B%22display_model_id%22%3A260936132124%2C%22model_selection_logic%22%3A3%7D&sp_atk=a67cf310-d165-45c0-9cc2-0ac9ac3592d6&xptdk=a67cf310-d165-45c0-9cc2-0ac9ac3592d6,,
https://down-id.img.susercontent.com/file/sg-11134201-8260d-mkc9plg5id54ab,https://down-id.img.susercontent.com/file/id-11134258-822ws-mnciva8io4qu2f,Apple iPhone 16 128GB 256GB 512GB Black White Pink Teal Ultramarine Resmi,https://deo.shopeemobile.com/shopee/modules-federation/live/0/shopee__item-card-standard-v2/0.2.8/pc/e4734dab67ee2f9ebd5a.png,Rp,15.062.000,Hadiah Gratis,https://deo.shopeemobile.com/shopee/modules-federation/live/0/shopee__item-card-standard-v2/0.2.8/pc/d7099d3fd1dfdaf705ab.svg,5.0,,https://deo.shopeemobile.com/shopee/modules-federation/live/0/shopee__item-card-standard-v2/0.2.8/pc/76dff349290d20891fc1.svg,26 Terjual,https://deo.shopeemobile.com/shopee/modules-federation/live/0/shopee__item-card-standard-v2/0.2.8/pc/5dd7b4560d0e2d3190e8.svg,Jakarta Pusat,,,,,,"Apple iPhone 16 128GB 256GB 512GB Black White Pink Teal Ultramarine Resmi
Rp
15.062.000
Hadiah Gratis
5.0
26 Terjual
2-4 Hari
Jakarta Pusat",https://shopee.co.id/Apple-iPhone-16-128GB-256GB-512GB-Black-White-Pink-Teal-Ultramarine-Resmi-i.304902524.27832316437?extraParams=%7B%22display_model_id%22%3A109458972463%2C%22model_selection_logic%22%3A3%7D&sp_atk=f82560db-8998-4a2c-aa7f-a38d3a2c06fc&xptdk=f82560db-8998-4a2c-aa7f-a38d3a2c06fc,,
https://down-id.img.susercontent.com/file/id-11134207-8224p-mfw69we57x1mef,https://down-id.img.susercontent.com/file/id-11134258-822ws-mnciva8io4qu2f,//IPHONE// 16 128GB I 256GB I New I Segel Box - Garansi Resmi Indonesia,https://deo.shopeemobile.com/shopee/modules-federation/live/0/shopee__item-card-standard-v2/0.2.8/pc/e4734dab67ee2f9ebd5a.png,Rp,14.949.000,,https://deo.shopeemobile.com/shopee/modules-federation/live/0/shopee__item-card-standard-v2/0.2.8/pc/d7099d3fd1dfdaf705ab.svg,5.0,,https://deo.shopeemobile.com/shopee/modules-federation/live/0/shopee__item-card-standard-v2/0.2.8/pc/38e203dc86172a6c6560.svg,65 Terjual,https://deo.shopeemobile.com/shopee/modules-federation/live/0/shopee__item-card-standard-v2/0.2.8/pc/5dd7b4560d0e2d3190e8.svg,Depok,,https://deo.shopeemobile.com/shopee/modules-federation/live/0/shopee__item-card-standard-v2/0.2.8/pc/0614b8f0a8fdde22942d.svg,< 2 Hari,,https://deo.shopeemobile.com/shopee/modules-federation/live/0/shopee__item-card-standard-v2/0.2.8/pc/d2a1900a0267d45fd0f5.png,"//IPHONE// 16 128GB I 256GB I New I Segel Box - Garansi Resmi Indonesia
Rp
14.949.000
5.0
65 Terjual
< 2 Hari
Depok",https://shopee.co.id/-IPHONE-16-128GB-I-256GB-I-New-I-Segel-Box-Garansi-Resmi-Indonesia-i.15641210.44124443001?extraParams=%7B%22display_model_id%22%3A296983374647%2C%22model_selection_logic%22%3A3%7D&sp_atk=12a59b55-f230-43b2-9762-341868f73fc6&xptdk=12a59b55-f230-43b2-9762-341868f73fc6,,
https://down-id.img.susercontent.com/file/sg-11134201-82591-mg8tfjzb10jv9a,https://down-id.img.susercontent.com/file/id-11134258-8224v-mkvw0cu9r7k1a5,Apple Iphone 15 - Garansi Resmi,https://deo.shopeemobile.com/shopee/modules-federation/live/0/shopee__item-card-standard-v2/0.2.8/pc/7c9110f78e069acbced7.png,Rp,13.099.000,,https://deo.shopeemobile.com/shopee/modules-federation/live/0/shopee__item-card-standard-v2/0.2.8/pc/d7099d3fd1dfdaf705ab.svg,5.0,,https://deo.shopeemobile.com/shopee/modules-federation/live/0/shopee__item-card-standard-v2/0.2.8/pc/76dff349290d20891fc1.svg,95 Terjual,https://deo.shopeemobile.com/shopee/modules-federation/live/0/shopee__item-card-standard-v2/0.2.8/pc/5dd7b4560d0e2d3190e8.svg,Banjarmasin,,,,,,"Apple Iphone 15 - Garansi Resmi
Rp
13.099.000
5.0
95 Terjual
3-5 Hari
Banjarmasin",https://shopee.co.id/Apple-Iphone-15-Garansi-Resmi-i.813315322.53850141774?extraParams=%7B%22display_model_id%22%3A159336142258%2C%22model_selection_logic%22%3A3%7D&sp_atk=22e8d29b-a08c-40e8-b7c0-7db384be335b&xptdk=22e8d29b-a08c-40e8-b7c0-7db384be335b,,
https://down-id.img.susercontent.com/file/id-11134207-822wi-mmt810wl9w5d18,https://down-id.img.susercontent.com/file/id-11134258-8224v-mkvw0cu9r7k1a5,iPhone 14 128 GB  New Garansi Resmi iBox,,Rp,9.900.000,,https://deo.shopeemobile.com/shopee/modules-federation/live/0/shopee__item-card-standard-v2/0.2.8/pc/0614b8f0a8fdde22942d.svg,,,https://deo.shopeemobile.com/shopee/modules-federation/live/0/shopee__item-card-standard-v2/0.2.8/pc/38e203dc86172a6c6560.svg,< 2 Hari,https://deo.shopeemobile.com/shopee/modules-federation/live/0/shopee__item-card-standard-v2/0.2.8/pc/5dd7b4560d0e2d3190e8.svg,Surakarta (Solo),,https://deo.shopeemobile.com/shopee/modules-federation/live/0/shopee__item-card-standard-v2/0.2.8/pc/0614b8f0a8fdde22942d.svg,< 2 Hari,,,"iPhone 14 128 GB New Garansi Resmi iBox
Rp
9.900.000
< 2 Hari
Surakarta (Solo)",https://shopee.co.id/iPhone-14-128-GB-New-Garansi-Resmi-iBox-i.302391495.50256649381?extraParams=%7B%22display_model_id%22%3A297429907788%2C%22model_selection_logic%22%3A3%7D&sp_atk=872c0bfe-1fbe-4171-9c5c-2d41b9fa6208&xptdk=872c0bfe-1fbe-4171-9c5c-2d41b9fa6208,,
https://down-id.img.susercontent.com/file/id-11134207-8224p-ml36eyfaolc2af,https://down-id.img.susercontent.com/file/id-11134258-7r98w-lyezzaurybot13,IPhone 17 256GB Lavender New Segel Garansi Resmi Indonesia,,Rp,17.850.000,,https://deo.shopeemobile.com/shopee/modules-federation/live/0/shopee__item-card-standard-v2/0.2.8/pc/0614b8f0a8fdde22942d.svg,,,https://deo.shopeemobile.com/shopee/modules-federation/live/0/shopee__item-card-standard-v2/0.2.8/pc/38e203dc86172a6c6560.svg,< 2 Hari,https://deo.shopeemobile.com/shopee/modules-federation/live/0/shopee__item-card-standard-v2/0.2.8/pc/5dd7b4560d0e2d3190e8.svg,Jakarta Selatan,,https://deo.shopeemobile.com/shopee/modules-federation/live/0/shopee__item-card-standard-v2/0.2.8/pc/0614b8f0a8fdde22942d.svg,< 2 Hari,,,"IPhone 17 256GB Lavender New Segel Garansi Resmi Indonesia
Rp
17.850.000
< 2 Hari
Jakarta Selatan",https://shopee.co.id/IPhone-17-256GB-Lavender-New-Segel-Garansi-Resmi-Indonesia-i.1242570607.47856363182?extraParams=%7B%22display_model_id%22%3A282415417605%2C%22model_selection_logic%22%3A3%7D&sp_atk=b15511ac-d241-450a-af76-586b328e3269&xptdk=b15511ac-d241-450a-af76-586b328e3269,,
https://down-id.img.susercontent.com/file/id-11134207-822wu-mlacel2o6rcze5,https://down-id.img.susercontent.com/file/id-11134258-7r98w-lyezzaurybot13,IPhone 17 Pro 1TB Silver New Segel Garansi Resmi IBox,,Rp,34.680.000,,https://deo.shopeemobile.com/shopee/modules-federation/live/0/shopee__item-card-standard-v2/0.2.8/pc/0614b8f0a8fdde22942d.svg,,,https://deo.shopeemobile.com/shopee/modules-federation/live/0/shopee__item-card-standard-v2/0.2.8/pc/38e203dc86172a6c6560.svg,< 2 Hari,https://deo.shopeemobile.com/shopee/modules-federation/live/0/shopee__item-card-standard-v2/0.2.8/pc/5dd7b4560d0e2d3190e8.svg,Jakarta Selatan,,https://deo.shopeemobile.com/shopee/modules-federation/live/0/shopee__item-card-standard-v2/0.2.8/pc/0614b8f0a8fdde22942d.svg,< 2 Hari,,,"IPhone 17 Pro 1TB Silver New Segel Garansi Resmi IBox
Rp
34.680.000
< 2 Hari
Jakarta Selatan",https://shopee.co.id/IPhone-17-Pro-1TB-Silver-New-Segel-Garansi-Resmi-IBox-i.1242570607.25897998989?extraParams=%7B%22display_model_id%22%3A297427153158%2C%22model_selection_logic%22%3A3%7D&sp_atk=d36c52bd-de0a-4d47-be2c-bb9f9fe2ffa0&xptdk=d36c52bd-de0a-4d47-be2c-bb9f9fe2ffa0,,
https://down-id.img.susercontent.com/file/id-11134207-8224o-mjdy0y1692px68,https://down-id.img.susercontent.com/file/id-11134258-822ws-mnciva8io4qu2f,Apple Iphone 15 - Garansi Resmi,https://deo.shopeemobile.com/shopee/modules-federation/live/0/shopee__item-card-standard-v2/0.2.8/pc/a425c915798471b33e5d.png,Rp,12.050.000,Kombo Hemat,https://deo.shopeemobile.com/shopee/modules-federation/live/0/shopee__item-card-standard-v2/0.2.8/pc/d7099d3fd1dfdaf705ab.svg,5.0,,https://deo.shopeemobile.com/shopee/modules-federation/live/0/shopee__item-card-standard-v2/0.2.8/pc/76dff349290d20891fc1.svg,1RB+ Terjual,https://deo.shopeemobile.com/shopee/modules-federation/live/0/shopee__item-card-standard-v2/0.2.8/pc/5dd7b4560d0e2d3190e8.svg,Banjarmasin,,,,,,"Apple Iphone 15 - Garansi Resmi
Rp
12.050.000
Kombo Hemat
5.0
1RB+ Terjual
4-6 Hari
Banjarmasin",https://shopee.co.id/Apple-Iphone-15-Garansi-Resmi-i.53222836.24445740227?extraParams=%7B%22display_model_id%22%3A272327450029%2C%22model_selection_logic%22%3A3%7D&sp_atk=8dc445b3-2c1b-421c-8f11-eff3990caacb&xptdk=8dc445b3-2c1b-421c-8f11-eff3990caacb,,
https://down-id.img.susercontent.com/file/id-11134207-7rash-m12fwkovdw2s3b,https://down-id.img.susercontent.com/file/id-11134258-822wr-mlx67rtd6r602f,Apple iPhone 16,https://deo.shopeemobile.com/shopee/modules-federation/live/0/shopee__item-card-standard-v2/0.2.8/pc/7c9110f78e069acbced7.png,Rp,14.499.000,,https://deo.shopeemobile.com/shopee/modules-federation/live/0/shopee__item-card-standard-v2/0.2.8/pc/d7099d3fd1dfdaf705ab.svg,5.0,,https://deo.shopeemobile.com/shopee/modules-federation/live/0/shopee__item-card-standard-v2/0.2.8/pc/76dff349290d20891fc1.svg,6RB+ Terjual,https://deo.shopeemobile.com/shopee/modules-federation/live/0/shopee__item-card-standard-v2/0.2.8/pc/5dd7b4560d0e2d3190e8.svg,Jakarta Selatan,-3%,,,,,"Apple iPhone 16
Rp
14.499.000
-3%
5.0
6RB+ Terjual
2-3 Hari
Jakarta Selatan",https://shopee.co.id/Apple-iPhone-16-i.255563049.27763189001?extraParams=%7B%22display_model_id%22%3A241719576811%2C%22model_selection_logic%22%3A3%7D&sp_atk=e5521d59-dc1e-4023-906d-531d7a566198&xptdk=e5521d59-dc1e-4023-906d-531d7a566198,,
https://down-id.img.susercontent.com/file/id-11134207-822wl-mmfv9navpuz371,https://down-id.img.susercontent.com/file/id-11134258-8224v-mkvw0cu9r7k1a5,Apple iPhone 15 NEW 128GB 256GB Original Garansi Resmi,https://deo.shopeemobile.com/shopee/modules-federation/live/0/shopee__item-card-standard-v2/0.2.8/pc/e4734dab67ee2f9ebd5a.png,Rp,13.419.000,,https://deo.shopeemobile.com/shopee/modules-federation/live/0/shopee__item-card-standard-v2/0.2.8/pc/d7099d3fd1dfdaf705ab.svg,5.0,,https://deo.shopeemobile.com/shopee/modules-federation/live/0/shopee__item-card-standard-v2/0.2.8/pc/38e203dc86172a6c6560.svg,278 Terjual,https://deo.shopeemobile.com/shopee/modules-federation/live/0/shopee__item-card-standard-v2/0.2.8/pc/5dd7b4560d0e2d3190e8.svg,Bandung,,https://deo.shopeemobile.com/shopee/modules-federation/live/0/shopee__item-card-standard-v2/0.2.8/pc/0614b8f0a8fdde22942d.svg,< 2 Hari,,,"Apple iPhone 15 NEW 128GB 256GB Original Garansi Resmi
Rp
13.419.000
5.0
278 Terjual
< 2 Hari
Bandung",https://shopee.co.id/Apple-iPhone-15-NEW-128GB-256GB-Original-Garansi-Resmi-i.163046751.28484229197?extraParams=%7B%22display_model_id%22%3A149145805983%2C%22model_selection_logic%22%3A3%7D&sp_atk=c65308e0-1f93-42e1-83c0-d81ca4934f43&xptdk=c65308e0-1f93-42e1-83c0-d81ca4934f43,,
https://down-id.img.susercontent.com/file/id-11134207-7ra0k-mdr81gak2hlafb,https://down-id.img.susercontent.com/file/id-11134258-8224v-mkvw0cu9r7k1a5,Apple iPhone 16,https://deo.shopeemobile.com/shopee/modules-federation/live/0/shopee__item-card-standard-v2/0.2.8/pc/7c9110f78e069acbced7.png,Rp,14.299.000,,https://deo.shopeemobile.com/shopee/modules-federation/live/0/shopee__item-card-standard-v2/0.2.8/pc/d7099d3fd1dfdaf705ab.svg,5.0,,https://deo.shopeemobile.com/shopee/modules-federation/live/0/shopee__item-card-standard-v2/0.2.8/pc/76dff349290d20891fc1.svg,10RB+ Terjual,https://deo.shopeemobile.com/shopee/modules-federation/live/0/shopee__item-card-standard-v2/0.2.8/pc/5dd7b4560d0e2d3190e8.svg,Jakarta Barat,-16%,,,https://deo.shopeemobile.com/shopee/modules-federation/live/0/shopee__item-card-standard-v2/0.2.8/pc/b4d1b8a78b3621dbdf4a.svg,,"Apple iPhone 16
Rp
14.299.000
-16%
5.0
10RB+ Terjual
2-3 Hari
Jakarta Barat",https://shopee.co.id/Apple-iPhone-16-i.241308147.25992970267?extraParams=%7B%22display_model_id%22%3A242956083350%2C%22model_selection_logic%22%3A3%7D&sp_atk=e7d8bbf4-b01e-4d1b-9ff1-bfb0c25fb1c7&xptdk=e7d8bbf4-b01e-4d1b-9ff1-bfb0c25fb1c7,,
https://down-id.img.susercontent.com/file/id-11134207-822wp-mmfvpwruj4lhf5,https://down-id.img.susercontent.com/file/id-11134258-8224v-mkvw0cu9r7k1a5,Apple iPhone 16 New 128GB 256GB 512GB 1TB Original Garansi Resmi,https://deo.shopeemobile.com/shopee/modules-federation/live/0/shopee__item-card-standard-v2/0.2.8/pc/e4734dab67ee2f9ebd5a.png,Rp,15.787.000,,https://deo.shopeemobile.com/shopee/modules-federation/live/0/shopee__item-card-standard-v2/0.2.8/pc/d7099d3fd1dfdaf705ab.svg,5.0,,https://deo.shopeemobile.com/shopee/modules-federation/live/0/shopee__item-card-standard-v2/0.2.8/pc/38e203dc86172a6c6560.svg,100 Terjual,https://deo.shopeemobile.com/shopee/modules-federation/live/0/shopee__item-card-standard-v2/0.2.8/pc/5dd7b4560d0e2d3190e8.svg,Bandung,,https://deo.shopeemobile.com/shopee/modules-federation/live/0/shopee__item-card-standard-v2/0.2.8/pc/0614b8f0a8fdde22942d.svg,< 2 Hari,,,"Apple iPhone 16 New 128GB 256GB 512GB 1TB Original Garansi Resmi
Rp
15.787.000
5.0
100 Terjual
< 2 Hari
Bandung",https://shopee.co.id/Apple-iPhone-16-New-128GB-256GB-512GB-1TB-Original-Garansi-Resmi-i.163046751.29686754758?extraParams=%7B%22display_model_id%22%3A260127412023%2C%22model_selection_logic%22%3A3%7D&sp_atk=aad3cda7-a522-4bc0-a7b2-4da426c36826&xptdk=aad3cda7-a522-4bc0-a7b2-4da426c36826,,
https://down-id.img.susercontent.com/file/id-11134207-822wg-mmzzp2bcxr7oe5,https://down-id.img.susercontent.com/file/id-11134258-8224v-mkvw0cu9r7k1a5,NEW iPhone 15 Plus 128gb,,Rp,14.300.000,,https://deo.shopeemobile.com/shopee/modules-federation/live/0/shopee__item-card-standard-v2/0.2.8/pc/0614b8f0a8fdde22942d.svg,,,https://deo.shopeemobile.com/shopee/modules-federation/live/0/shopee__item-card-standard-v2/0.2.8/pc/38e203dc86172a6c6560.svg,< 2 Hari,https://deo.shopeemobile.com/shopee/modules-federation/live/0/shopee__item-card-standard-v2/0.2.8/pc/5dd7b4560d0e2d3190e8.svg,Malang,,https://deo.shopeemobile.com/shopee/modules-federation/live/0/shopee__item-card-standard-v2/0.2.8/pc/0614b8f0a8fdde22942d.svg,< 2 Hari,,,"NEW iPhone 15 Plus 128gb
Rp
14.300.000
< 2 Hari
Malang",https://shopee.co.id/NEW-iPhone-15-Plus-128gb-i.160408037.47608765577?extraParams=%7B%22display_model_id%22%3A390775813635%2C%22model_selection_logic%22%3A3%7D&sp_atk=413d1bf9-5ff9-4765-986e-a1b10d06fe38&xptdk=413d1bf9-5ff9-4765-986e-a1b10d06fe38,,
https://down-id.img.susercontent.com/file/id-11134207-7rbk7-m7yln2hc9g4tf2,https://down-id.img.susercontent.com/file/id-11134258-7r98w-lyezzaurybot13,Apple Iphone 16 128GB Garansi Resmi Indonesia,https://deo.shopeemobile.com/shopee/modules-federation/live/0/shopee__item-card-standard-v2/0.2.8/pc/7c9110f78e069acbced7.png,Rp,14.999.000,,https://deo.shopeemobile.com/shopee/modules-federation/live/0/shopee__item-card-standard-v2/0.2.8/pc/d7099d3fd1dfdaf705ab.svg,5.0,,https://deo.shopeemobile.com/shopee/modules-federation/live/0/shopee__item-card-standard-v2/0.2.8/pc/38e203dc86172a6c6560.svg,48 Terjual,https://deo.shopeemobile.com/shopee/modules-federation/live/0/shopee__item-card-standard-v2/0.2.8/pc/5dd7b4560d0e2d3190e8.svg,Semarang,-4%,https://deo.shopeemobile.com/shopee/modules-federation/live/0/shopee__item-card-standard-v2/0.2.8/pc/0614b8f0a8fdde22942d.svg,< 2 Hari,,,"Apple Iphone 16 128GB Garansi Resmi Indonesia
Rp
14.999.000
-4%
5.0
48 Terjual
< 2 Hari
Semarang",https://shopee.co.id/Apple-Iphone-16-128GB-Garansi-Resmi-Indonesia-i.287662257.26831334328?extraParams=%7B%22display_model_id%22%3A227594906698%2C%22model_selection_logic%22%3A3%7D&sp_atk=6a502e18-50ea-4282-b25a-83ee59938159&xptdk=6a502e18-50ea-4282-b25a-83ee59938159,,
https://down-id.img.susercontent.com/file/id-11134207-7rbkb-m6o4xvnulf7813,https://down-id.img.susercontent.com/file/id-11134258-7r98w-lyezzaurybot13,Apple Iphone 14 256GB Garansi Resmi Indonesia,https://deo.shopeemobile.com/shopee/modules-federation/live/0/shopee__item-card-standard-v2/0.2.8/pc/7c9110f78e069acbced7.png,Rp,11.499.000,,https://deo.shopeemobile.com/shopee/modules-federation/live/0/shopee__item-card-standard-v2/0.2.8/pc/0614b8f0a8fdde22942d.svg,,,https://deo.shopeemobile.com/shopee/modules-federation/live/0/shopee__item-card-standard-v2/0.2.8/pc/38e203dc86172a6c6560.svg,1 Terjual,https://deo.shopeemobile.com/shopee/modules-federation/live/0/shopee__item-card-standard-v2/0.2.8/pc/5dd7b4560d0e2d3190e8.svg,Semarang,-2%,https://deo.shopeemobile.com/shopee/modules-federation/live/0/shopee__item-card-standard-v2/0.2.8/pc/0614b8f0a8fdde22942d.svg,< 2 Hari,,,"Apple Iphone 14 256GB Garansi Resmi Indonesia
Rp
11.499.000
-2%
1 Terjual
< 2 Hari
Semarang",https://shopee.co.id/Apple-Iphone-14-256GB-Garansi-Resmi-Indonesia-i.287662257.24987593172?extraParams=%7B%22display_model_id%22%3A215497699653%2C%22model_selection_logic%22%3A3%7D&sp_atk=a35a846b-d744-4102-9642-4900a30f9dd9&xptdk=a35a846b-d744-4102-9642-4900a30f9dd9,,
https://down-id.img.susercontent.com/file/id-11134207-822wl-mmfw5jf6tr0vf1,https://down-id.img.susercontent.com/file/id-11134258-8224v-mkvw0cu9r7k1a5,Apple iPhone 17 Super Retina XDR 6.3 Inci Garansi Resmi,https://deo.shopeemobile.com/shopee/modules-federation/live/0/shopee__item-card-standard-v2/0.2.8/pc/e4734dab67ee2f9ebd5a.png,Rp,18.418.000,,https://deo.shopeemobile.com/shopee/modules-federation/live/0/shopee__item-card-standard-v2/0.2.8/pc/d7099d3fd1dfdaf705ab.svg,4.9,,https://deo.shopeemobile.com/shopee/modules-federation/live/0/shopee__item-card-standard-v2/0.2.8/pc/38e203dc86172a6c6560.svg,72 Terjual,https://deo.shopeemobile.com/shopee/modules-federation/live/0/shopee__item-card-standard-v2/0.2.8/pc/5dd7b4560d0e2d3190e8.svg,Bandung,,https://deo.shopeemobile.com/shopee/modules-federation/live/0/shopee__item-card-standard-v2/0.2.8/pc/0614b8f0a8fdde22942d.svg,< 2 Hari,,,"Apple iPhone 17 Super Retina XDR 6.3 Inci Garansi Resmi
Rp
18.418.000
4.9
72 Terjual
< 2 Hari
Bandung",https://shopee.co.id/Apple-iPhone-17-Super-Retina-XDR-6.3-Inci-Garansi-Resmi-i.163046751.24097359015?extraParams=%7B%22display_model_id%22%3A109577487004%2C%22model_selection_logic%22%3A3%7D&sp_atk=5fac2e58-e74d-4188-9e5b-1930d22c3938&xptdk=5fac2e58-e74d-4188-9e5b-1930d22c3938,,
https://down-id.img.susercontent.com/file/sg-11134201-8258b-mg8tgyi0zn66c9,https://down-id.img.susercontent.com/file/id-11134258-8224v-mkvw0cu9r7k1a5,iPhone 16 128GB - Garansi Resmi,https://deo.shopeemobile.com/shopee/modules-federation/live/0/shopee__item-card-standard-v2/0.2.8/pc/7c9110f78e069acbced7.png,Rp,15.399.000,,https://deo.shopeemobile.com/shopee/modules-federation/live/0/shopee__item-card-standard-v2/0.2.8/pc/d7099d3fd1dfdaf705ab.svg,5.0,,https://deo.shopeemobile.com/shopee/modules-federation/live/0/shopee__item-card-standard-v2/0.2.8/pc/76dff349290d20891fc1.svg,36 Terjual,https://deo.shopeemobile.com/shopee/modules-federation/live/0/shopee__item-card-standard-v2/0.2.8/pc/5dd7b4560d0e2d3190e8.svg,Banjarmasin,,,,,,"iPhone 16 128GB - Garansi Resmi
Rp
15.399.000
5.0
36 Terjual
3-5 Hari
Banjarmasin",https://shopee.co.id/iPhone-16-128GB-Garansi-Resmi-i.813315322.24447691460?extraParams=%7B%22display_model_id%22%3A99906259777%2C%22model_selection_logic%22%3A3%7D&sp_atk=65bff604-879e-4192-95a4-c1223fa8b055&xptdk=65bff604-879e-4192-95a4-c1223fa8b055,,
https://down-id.img.susercontent.com/file/sg-11134201-7rdy5-mbywcy2946ag3e,https://down-id.img.susercontent.com/file/id-11134258-8224v-mkvw0cu9r7k1a5,iPhone 16e Black Chip A18 Kamera 48MP [Garansi Resmi],https://deo.shopeemobile.com/shopee/modules-federation/live/0/shopee__item-card-standard-v2/0.2.8/pc/7c9110f78e069acbced7.png,Rp,11.749.000,,,,,https://deo.shopeemobile.com/shopee/modules-federation/live/0/shopee__item-card-standard-v2/0.2.8/pc/76dff349290d20891fc1.svg,1 Terjual,https://deo.shopeemobile.com/shopee/modules-federation/live/0/shopee__item-card-standard-v2/0.2.8/pc/5dd7b4560d0e2d3190e8.svg,Denpasar,-6%,,,,,"iPhone 16e Black Chip A18 Kamera 48MP [Garansi Resmi]
Rp
11.749.000
-6%
1 Terjual
3-4 Hari
Denpasar",https://shopee.co.id/iPhone-16e-Black-Chip-A18-Kamera-48MP-Garansi-Resmi--i.261010358.41507847992?extraParams=%7B%22display_model_id%22%3A167231041452%2C%22model_selection_logic%22%3A3%7D&sp_atk=922bc873-4742-43b5-a979-d85d6b5b4aca&xptdk=922bc873-4742-43b5-a979-d85d6b5b4aca,,
https://down-id.img.susercontent.com/file/id-11134207-8224v-mh8viyzuz8jy3e,https://down-id.img.susercontent.com/file/id-11134258-822wp-mnaxy73qunep28,iPhone 13 Pro Max ex iBox Beacukai IMEI Permanen Garansi 12 Bln 100% Original Second iPhone FULLSET 128GB 256GB 512GB 1TB,https://deo.shopeemobile.com/shopee/modules-federation/live/0/shopee__item-card-standard-v2/0.2.8/pc/e4734dab67ee2f9ebd5a.png,Rp,9.979.227,Hadiah Gratis,https://deo.shopeemobile.com/shopee/modules-federation/live/0/shopee__item-card-standard-v2/0.2.8/pc/d7099d3fd1dfdaf705ab.svg,4.9,,https://deo.shopeemobile.com/shopee/modules-federation/live/0/shopee__item-card-standard-v2/0.2.8/pc/76dff349290d20891fc1.svg,1RB+ Terjual,https://deo.shopeemobile.com/shopee/modules-federation/live/0/shopee__item-card-standard-v2/0.2.8/pc/5dd7b4560d0e2d3190e8.svg,Jakarta Selatan,-36%,,,https://deo.shopeemobile.com/shopee/modules-federation/live/0/shopee__item-card-standard-v2/0.2.8/pc/b4d1b8a78b3621dbdf4a.svg,https://deo.shopeemobile.com/shopee/modules-federation/live/0/shopee__item-card-standard-v2/0.2.8/pc/d2a1900a0267d45fd0f5.png,"iPhone 13 Pro Max ex iBox Beacukai IMEI Permanen Garansi 12 Bln 100% Original Second iPhone FULLSET 128GB 256GB 512GB 1TB
Rp
9.979.227
-36%
Hadiah Gratis
4.9
1RB+ Terjual
2-4 Hari
Jakarta Selatan",https://shopee.co.id/iPhone-13-Pro-Max-ex-iBox-Beacukai-IMEI-Permanen-Garansi-12-Bln-100-Original-Second-iPhone-FULLSET-128GB-256GB-512GB-1TB-i.1437255344.26077462969?extraParams=%7B%22display_model_id%22%3A252721319867%2C%22model_selection_logic%22%3A3%7D&sp_atk=5ac9d1c8-b654-4bff-9929-3fc85275eedd&xptdk=5ac9d1c8-b654-4bff-9929-3fc85275eedd,,
https://down-id.img.susercontent.com/file/id-11134207-7rasb-m2ypv6gm15zl3f,https://down-id.img.susercontent.com/file/id-11134258-7r98w-lyezzaurybot13,NEW iPhone 15 128GB/256GB GARANSI RESMI INDONESIA FULLSET ORIGINAL,,Rp,10.700.000,,,,,https://deo.shopeemobile.com/shopee/modules-federation/live/0/shopee__item-card-standard-v2/0.2.8/pc/76dff349290d20891fc1.svg,3-5 Hari,https://deo.shopeemobile.com/shopee/modules-federation/live/0/shopee__item-card-standard-v2/0.2.8/pc/5dd7b4560d0e2d3190e8.svg,Kab. Tuban,,,,,,"NEW iPhone 15 128GB/256GB GARANSI RESMI INDONESIA FULLSET ORIGINAL
Rp
10.700.000
3-5 Hari
Kab. Tuban",https://shopee.co.id/NEW-iPhone-15-128GB-256GB-GARANSI-RESMI-INDONESIA-FULLSET-ORIGINAL-i.222816607.25738681636?extraParams=%7B%22display_model_id%22%3A195659367701%2C%22model_selection_logic%22%3A3%7D&sp_atk=54560d8c-e0f7-40b5-918f-941be73071b0&xptdk=54560d8c-e0f7-40b5-918f-941be73071b0,,
https://down-id.img.susercontent.com/file/id-11134207-8224w-mhaghel8ofey4a,https://down-id.img.susercontent.com/file/id-11134258-8224v-mkvw0cu9r7k1a5,Iphone 15 128GB Resmi Ibox/GDN A16 Bionic,https://deo.shopeemobile.com/shopee/modules-federation/live/0/shopee__item-card-standard-v2/0.2.8/pc/a425c915798471b33e5d.png,Rp,13.540.000,,https://deo.shopeemobile.com/shopee/modules-federation/live/0/shopee__item-card-standard-v2/0.2.8/pc/d7099d3fd1dfdaf705ab.svg,5.0,,https://deo.shopeemobile.com/shopee/modules-federation/live/0/shopee__item-card-standard-v2/0.2.8/pc/38e203dc86172a6c6560.svg,9 Terjual,https://deo.shopeemobile.com/shopee/modules-federation/live/0/shopee__item-card-standard-v2/0.2.8/pc/5dd7b4560d0e2d3190e8.svg,Kab. Tangerang,,https://deo.shopeemobile.com/shopee/modules-federation/live/0/shopee__item-card-standard-v2/0.2.8/pc/0614b8f0a8fdde22942d.svg,< 2 Hari,,,"Iphone 15 128GB Resmi Ibox/GDN A16 Bionic
Rp
13.540.000
5.0
9 Terjual
< 2 Hari
Kab. Tangerang",https://shopee.co.id/Iphone-15-128GB-Resmi-Ibox-GDN-A16-Bionic-i.930453491.26470678472?extraParams=%7B%22display_model_id%22%3A287563475680%2C%22model_selection_logic%22%3A3%7D&sp_atk=644d4f40-4211-41d2-9ac6-9a993ef89453&xptdk=644d4f40-4211-41d2-9ac6-9a993ef89453,,
https://down-id.img.susercontent.com/file/id-11134207-822wn-mn9p9jfwxiiqd5,https://down-id.img.susercontent.com/file/id-11134258-822wr-mlx67rtd6r602f,New iPhone 17 Pro Silver,https://deo.shopeemobile.com/shopee/modules-federation/live/0/shopee__item-card-standard-v2/0.2.8/pc/e4734dab67ee2f9ebd5a.png,Rp,26.215.000,,https://deo.shopeemobile.com/shopee/modules-federation/live/0/shopee__item-card-standard-v2/0.2.8/pc/0614b8f0a8fdde22942d.svg,,,https://deo.shopeemobile.com/shopee/modules-federation/live/0/shopee__item-card-standard-v2/0.2.8/pc/38e203dc86172a6c6560.svg,< 2 Hari,https://deo.shopeemobile.com/shopee/modules-federation/live/0/shopee__item-card-standard-v2/0.2.8/pc/5dd7b4560d0e2d3190e8.svg,Jakarta Selatan,,https://deo.shopeemobile.com/shopee/modules-federation/live/0/shopee__item-card-standard-v2/0.2.8/pc/0614b8f0a8fdde22942d.svg,< 2 Hari,,,"New iPhone 17 Pro Silver
Rp
26.215.000
< 2 Hari
Jakarta Selatan",https://shopee.co.id/New-iPhone-17-Pro-Silver-i.974865050.46209164164?extraParams=%7B%22display_model_id%22%3A179151774739%2C%22model_selection_logic%22%3A3%7D&sp_atk=f6596fd1-029f-4e64-8c2c-306a9e63fa47&xptdk=f6596fd1-029f-4e64-8c2c-306a9e63fa47,,
https://down-id.img.susercontent.com/file/id-11134207-822wh-mlyu0nkldg5rc0,https://down-id.img.susercontent.com/file/id-11134258-7r98w-lyezzaurybot13,Apple iPhone 15 128GB 256GB BNIB New Baru Segel Garansi Resmi iBox GDN Digimap Indonesia,https://deo.shopeemobile.com/shopee/modules-federation/live/0/shopee__item-card-standard-v2/0.2.8/pc/a425c915798471b33e5d.png,Rp,13.013.000,,https://deo.shopeemobile.com/shopee/modules-federation/live/0/shopee__item-card-standard-v2/0.2.8/pc/d7099d3fd1dfdaf705ab.svg,5.0,,https://deo.shopeemobile.com/shopee/modules-federation/live/0/shopee__item-card-standard-v2/0.2.8/pc/38e203dc86172a6c6560.svg,2 Terjual,https://deo.shopeemobile.com/shopee/modules-federation/live/0/shopee__item-card-standard-v2/0.2.8/pc/5dd7b4560d0e2d3190e8.svg,Jakarta Timur,-9%,https://deo.shopeemobile.com/shopee/modules-federation/live/0/shopee__item-card-standard-v2/0.2.8/pc/0614b8f0a8fdde22942d.svg,< 2 Hari,,,"Apple iPhone 15 128GB 256GB BNIB New Baru Segel Garansi Resmi iBox GDN Digimap Indonesia
Rp
13.013.000
-9%
5.0
2 Terjual
< 2 Hari
Jakarta Timur",https://shopee.co.id/Apple-iPhone-15-128GB-256GB-BNIB-New-Baru-Segel-Garansi-Resmi-iBox-GDN-Digimap-Indonesia-i.1721491803.42779346028?extraParams=%7B%22display_model_id%22%3A320655806083%2C%22model_selection_logic%22%3A3%7D&sp_atk=c5b7227b-f820-49dd-b44b-b1792fb0ef88&xptdk=c5b7227b-f820-49dd-b44b-b1792fb0ef88,,
https://down-id.img.susercontent.com/file/id-11134207-822wm-mn2pd6q9xu6958,https://down-id.img.susercontent.com/file/id-11134258-7r98w-lyezzaurybot13,Iphone 16 128 New Ibox,,Rp,13.899.000,,https://deo.shopeemobile.com/shopee/modules-federation/live/0/shopee__item-card-standard-v2/0.2.8/pc/0614b8f0a8fdde22942d.svg,,,https://deo.shopeemobile.com/shopee/modules-federation/live/0/shopee__item-card-standard-v2/0.2.8/pc/38e203dc86172a6c6560.svg,< 2 Hari,https://deo.shopeemobile.com/shopee/modules-federation/live/0/shopee__item-card-standard-v2/0.2.8/pc/5dd7b4560d0e2d3190e8.svg,Kab. Boyolali,,https://deo.shopeemobile.com/shopee/modules-federation/live/0/shopee__item-card-standard-v2/0.2.8/pc/0614b8f0a8fdde22942d.svg,< 2 Hari,,,"Iphone 16 128 New Ibox
Rp
13.899.000
< 2 Hari
Kab. Boyolali",https://shopee.co.id/Iphone-16-128-New-Ibox-i.77508207.52658869263?extraParams=%7B%22display_model_id%22%3A435787140147%2C%22model_selection_logic%22%3A3%7D&sp_atk=4a77c276-06ba-459f-9a98-68222f6ccac6&xptdk=4a77c276-06ba-459f-9a98-68222f6ccac6,,
https://down-id.img.susercontent.com/file/id-11134207-822wm-mmft3lzv4a9w29,https://down-id.img.susercontent.com/file/id-11134258-822wr-mlx5y0tebegw04,iPhone 15 128 pink new,,Rp,11.500.000,,,,,https://deo.shopeemobile.com/shopee/modules-federation/live/0/shopee__item-card-standard-v2/0.2.8/pc/76dff349290d20891fc1.svg,3-5 Hari,https://deo.shopeemobile.com/shopee/modules-federation/live/0/shopee__item-card-standard-v2/0.2.8/pc/5dd7b4560d0e2d3190e8.svg,Kab. Kediri,,,,,,"iPhone 15 128 pink new
Rp
11.500.000
3-5 Hari
Kab. Kediri",https://shopee.co.id/iPhone-15-128-pink-new-i.1645526609.41229627530?extraParams=%7B%22display_model_id%22%3A330706189946%2C%22model_selection_logic%22%3A3%7D&sp_atk=3a37d86f-a897-4f07-94f8-160b93cdc956&xptdk=3a37d86f-a897-4f07-94f8-160b93cdc956,,
https://down-id.img.susercontent.com/file/id-11134207-7ra0u-mbw786q4bxic9e,https://down-id.img.susercontent.com/file/id-11134258-822ws-mnciva8io4qu2f,Apple iPhone 15 128GB | 256GB A16 Bionic CPU 6C / GPU 5C - Garansi Resmi,https://deo.shopeemobile.com/shopee/modules-federation/live/0/shopee__item-card-standard-v2/0.2.8/pc/7c9110f78e069acbced7.png,Rp,12.221.000,,https://deo.shopeemobile.com/shopee/modules-federation/live/0/shopee__item-card-standard-v2/0.2.8/pc/d7099d3fd1dfdaf705ab.svg,5.0,,https://deo.shopeemobile.com/shopee/modules-federation/live/0/shopee__item-card-standard-v2/0.2.8/pc/38e203dc86172a6c6560.svg,6 Terjual,https://deo.shopeemobile.com/shopee/modules-federation/live/0/shopee__item-card-standard-v2/0.2.8/pc/5dd7b4560d0e2d3190e8.svg,Kab. Sidoarjo,,https://deo.shopeemobile.com/shopee/modules-federation/live/0/shopee__item-card-standard-v2/0.2.8/pc/0614b8f0a8fdde22942d.svg,Besok,,https://deo.shopeemobile.com/shopee/modules-federation/live/0/shopee__item-card-standard-v2/0.2.8/pc/d2a1900a0267d45fd0f5.png,"Apple iPhone 15 128GB | 256GB A16 Bionic CPU 6C / GPU 5C - Garansi Resmi
Rp
12.221.000
5.0
6 Terjual
Besok
Kab. Sidoarjo",https://shopee.co.id/Apple-iPhone-15-128GB-256GB-A16-Bionic-CPU-6C-GPU-5C-Garansi-Resmi-i.601498575.26638440833?extraParams=%7B%22display_model_id%22%3A305648259556%2C%22model_selection_logic%22%3A3%7D&sp_atk=d0c07bb1-6413-45ce-ab9a-5283e27b1547&xptdk=d0c07bb1-6413-45ce-ab9a-5283e27b1547,,
https://down-id.img.susercontent.com/file/id-11134207-82250-mh8viyzuxtzi5c,https://down-id.img.susercontent.com/file/id-11134258-822wp-mnaxy73qunep28,iPhone 15 ex iBox Beacukai IMEI Permanen Garansi 12 Bln 100% Original Second Resmi FULLSET BC 128GB 256GB 512GB,https://deo.shopeemobile.com/shopee/modules-federation/live/0/shopee__item-card-standard-v2/0.2.8/pc/e4734dab67ee2f9ebd5a.png,Rp,10.499.000,Hadiah Gratis,https://deo.shopeemobile.com/shopee/modules-federation/live/0/shopee__item-card-standard-v2/0.2.8/pc/d7099d3fd1dfdaf705ab.svg,5.0,,https://deo.shopeemobile.com/shopee/modules-federation/live/0/shopee__item-card-standard-v2/0.2.8/pc/76dff349290d20891fc1.svg,1RB+ Terjual,https://deo.shopeemobile.com/shopee/modules-federation/live/0/shopee__item-card-standard-v2/0.2.8/pc/5dd7b4560d0e2d3190e8.svg,Jakarta Selatan,-28%,,,https://deo.shopeemobile.com/shopee/modules-federation/live/0/shopee__item-card-standard-v2/0.2.8/pc/b4d1b8a78b3621dbdf4a.svg,https://deo.shopeemobile.com/shopee/modules-federation/live/0/shopee__item-card-standard-v2/0.2.8/pc/d2a1900a0267d45fd0f5.png,"iPhone 15 ex iBox Beacukai IMEI Permanen Garansi 12 Bln 100% Original Second Resmi FULLSET BC 128GB 256GB 512GB
Rp
10.499.000
-28%
Hadiah Gratis
5.0
1RB+ Terjual
2-4 Hari
Jakarta Selatan",https://shopee.co.id/iPhone-15-ex-iBox-Beacukai-IMEI-Permanen-Garansi-12-Bln-100-Original-Second-Resmi-FULLSET-BC-128GB-256GB-512GB-i.1437255344.26027463688?extraParams=%7B%22display_model_id%22%3A195817979601%2C%22model_selection_logic%22%3A3%7D&sp_atk=07ae19ad-b1c2-4c60-8aad-341e17e02ed6&xptdk=07ae19ad-b1c2-4c60-8aad-341e17e02ed6,,
https://down-id.img.susercontent.com/file/id-11134207-7r98x-lzeik06kdgrs05,https://down-id.img.susercontent.com/file/id-11134258-8224v-mkvw0cu9r7k1a5,Iphone 11 64GB Garansi Resmi,,Rp,7.500.000,,https://deo.shopeemobile.com/shopee/modules-federation/live/0/shopee__item-card-standard-v2/0.2.8/pc/0614b8f0a8fdde22942d.svg,,,https://deo.shopeemobile.com/shopee/modules-federation/live/0/shopee__item-card-standard-v2/0.2.8/pc/38e203dc86172a6c6560.svg,2 Terjual,https://deo.shopeemobile.com/shopee/modules-federation/live/0/shopee__item-card-standard-v2/0.2.8/pc/5dd7b4560d0e2d3190e8.svg,Makassar,,https://deo.shopeemobile.com/shopee/modules-federation/live/0/shopee__item-card-standard-v2/0.2.8/pc/0614b8f0a8fdde22942d.svg,< 2 Hari,,,"Iphone 11 64GB Garansi Resmi
Rp
7.500.000
2 Terjual
< 2 Hari
Makassar",https://shopee.co.id/Iphone-11-64GB-Garansi-Resmi-i.96587283.24135267745?extraParams=%7B%22display_model_id%22%3A246463039173%2C%22model_selection_logic%22%3A3%7D&sp_atk=450133eb-0869-425f-ab02-6221ca27da97&xptdk=450133eb-0869-425f-ab02-6221ca27da97,,
https://down-id.img.susercontent.com/file/id-11134207-822wo-mlbqxmxd5qtk68,https://down-id.img.susercontent.com/file/id-11134258-7r98w-lyezzaurybot13,IPhone 17 Pro Max 256GB Deep Blue New BNIB Garansi Resmi IBox,,Rp,26.316.000,,https://deo.shopeemobile.com/shopee/modules-federation/live/0/shopee__item-card-standard-v2/0.2.8/pc/0614b8f0a8fdde22942d.svg,,,https://deo.shopeemobile.com/shopee/modules-federation/live/0/shopee__item-card-standard-v2/0.2.8/pc/38e203dc86172a6c6560.svg,< 2 Hari,https://deo.shopeemobile.com/shopee/modules-federation/live/0/shopee__item-card-standard-v2/0.2.8/pc/5dd7b4560d0e2d3190e8.svg,Jakarta Selatan,,https://deo.shopeemobile.com/shopee/modules-federation/live/0/shopee__item-card-standard-v2/0.2.8/pc/0614b8f0a8fdde22942d.svg,< 2 Hari,,,"IPhone 17 Pro Max 256GB Deep Blue New BNIB Garansi Resmi IBox
Rp
26.316.000
< 2 Hari
Jakarta Selatan",https://shopee.co.id/IPhone-17-Pro-Max-256GB-Deep-Blue-New-BNIB-Garansi-Resmi-IBox-i.1242570607.50506629896?extraParams=%7B%22display_model_id%22%3A380596644762%2C%22model_selection_logic%22%3A3%7D&sp_atk=54f617ec-acb2-4429-ba20-7212d305ebf9&xptdk=54f617ec-acb2-4429-ba20-7212d305ebf9,,
https://down-id.img.susercontent.com/file/id-11134207-82252-mh8viyzv69e676,https://down-id.img.susercontent.com/file/id-11134258-822wp-mnaxy73qunep28,iPhone 13 ex iBox Beacukai IMEI Permanen Garansi 12 Bln 100% Original Second IP Fullset,https://deo.shopeemobile.com/shopee/modules-federation/live/0/shopee__item-card-standard-v2/0.2.8/pc/e4734dab67ee2f9ebd5a.png,Rp,7.744.000,Hadiah Gratis,https://deo.shopeemobile.com/shopee/modules-federation/live/0/shopee__item-card-standard-v2/0.2.8/pc/d7099d3fd1dfdaf705ab.svg,4.9,,https://deo.shopeemobile.com/shopee/modules-federation/live/0/shopee__item-card-standard-v2/0.2.8/pc/76dff349290d20891fc1.svg,3RB+ Terjual,https://deo.shopeemobile.com/shopee/modules-federation/live/0/shopee__item-card-standard-v2/0.2.8/pc/5dd7b4560d0e2d3190e8.svg,Jakarta Selatan,-24%,,,https://deo.shopeemobile.com/shopee/modules-federation/live/0/shopee__item-card-standard-v2/0.2.8/pc/b4d1b8a78b3621dbdf4a.svg,https://deo.shopeemobile.com/shopee/modules-federation/live/0/shopee__item-card-standard-v2/0.2.8/pc/d2a1900a0267d45fd0f5.png,"iPhone 13 ex iBox Beacukai IMEI Permanen Garansi 12 Bln 100% Original Second IP Fullset
Rp
7.744.000
-24%
Hadiah Gratis
4.9
3RB+ Terjual
2-4 Hari
Jakarta Selatan",https://shopee.co.id/iPhone-13-ex-iBox-Beacukai-IMEI-Permanen-Garansi-12-Bln-100-Original-Second-IP-Fullset-i.1437255344.26827366384?extraParams=%7B%22display_model_id%22%3A242720744561%2C%22model_selection_logic%22%3A3%7D&sp_atk=272f02d1-9c44-4d00-8fc4-dee5d7c249b1&xptdk=272f02d1-9c44-4d00-8fc4-dee5d7c249b1,,
https://down-id.img.susercontent.com/file/id-11134207-82251-mh8vns18untbb7,https://down-id.img.susercontent.com/file/id-11134258-822wp-mnaxy73qunep28,iPhone 12 Pro Max ex iBox Beacukai IMEI Permanen Garansi 12 Bln 100% Original Second iPhone FULLSET 128GB 256GB 512GB,https://deo.shopeemobile.com/shopee/modules-federation/live/0/shopee__item-card-standard-v2/0.2.8/pc/e4734dab67ee2f9ebd5a.png,Rp,8.699.000,Hadiah Gratis,https://deo.shopeemobile.com/shopee/modules-federation/live/0/shopee__item-card-standard-v2/0.2.8/pc/d7099d3fd1dfdaf705ab.svg,4.9,,https://deo.shopeemobile.com/shopee/modules-federation/live/0/shopee__item-card-standard-v2/0.2.8/pc/76dff349290d20891fc1.svg,527 Terjual,https://deo.shopeemobile.com/shopee/modules-federation/live/0/shopee__item-card-standard-v2/0.2.8/pc/5dd7b4560d0e2d3190e8.svg,Jakarta Selatan,-32%,,,https://deo.shopeemobile.com/shopee/modules-federation/live/0/shopee__item-card-standard-v2/0.2.8/pc/b4d1b8a78b3621dbdf4a.svg,https://deo.shopeemobile.com/shopee/modules-federation/live/0/shopee__item-card-standard-v2/0.2.8/pc/d2a1900a0267d45fd0f5.png,"iPhone 12 Pro Max ex iBox Beacukai IMEI Permanen Garansi 12 Bln 100% Original Second iPhone FULLSET 128GB 256GB 512GB
Rp
8.699.000
-32%
Hadiah Gratis
4.9
527 Terjual
2-4 Hari
Jakarta Selatan",https://shopee.co.id/iPhone-12-Pro-Max-ex-iBox-Beacukai-IMEI-Permanen-Garansi-12-Bln-100-Original-Second-iPhone-FULLSET-128GB-256GB-512GB-i.1437255344.28427376868?extraParams=%7B%22display_model_id%22%3A188245951777%2C%22model_selection_logic%22%3A3%7D&sp_atk=ab0464e3-3b93-4869-98a0-4e9d31c226ab&xptdk=ab0464e3-3b93-4869-98a0-4e9d31c226ab,,
https://down-id.img.susercontent.com/file/id-11134207-8224t-mjno9ixbsw069f,https://down-id.img.susercontent.com/file/id-11134258-822wp-mnaxy73qunep28,iPhone 13 Pro ex iBox Beacukai IMEI Permanen Garansi 12 Bln 100% Original Second Resmi FULLSET BC 128GB 256GB 512GB 1TB,https://deo.shopeemobile.com/shopee/modules-federation/live/0/shopee__item-card-standard-v2/0.2.8/pc/e4734dab67ee2f9ebd5a.png,Rp,9.719.000,Hadiah Gratis,https://deo.shopeemobile.com/shopee/modules-federation/live/0/shopee__item-card-standard-v2/0.2.8/pc/d7099d3fd1dfdaf705ab.svg,4.9,,https://deo.shopeemobile.com/shopee/modules-federation/live/0/shopee__item-card-standard-v2/0.2.8/pc/76dff349290d20891fc1.svg,615 Terjual,https://deo.shopeemobile.com/shopee/modules-federation/live/0/shopee__item-card-standard-v2/0.2.8/pc/5dd7b4560d0e2d3190e8.svg,Jakarta Selatan,-32%,,,https://deo.shopeemobile.com/shopee/modules-federation/live/0/shopee__item-card-standard-v2/0.2.8/pc/b4d1b8a78b3621dbdf4a.svg,https://deo.shopeemobile.com/shopee/modules-federation/live/0/shopee__item-card-standard-v2/0.2.8/pc/d2a1900a0267d45fd0f5.png,"iPhone 13 Pro ex iBox Beacukai IMEI Permanen Garansi 12 Bln 100% Original Second Resmi FULLSET BC 128GB 256GB 512GB 1TB
Rp
9.719.000
-32%
Hadiah Gratis
4.9
615 Terjual
2-4 Hari
Jakarta Selatan",https://shopee.co.id/iPhone-13-Pro-ex-iBox-Beacukai-IMEI-Permanen-Garansi-12-Bln-100-Original-Second-Resmi-FULLSET-BC-128GB-256GB-512GB-1TB-i.1437255344.26027453678?extraParams=%7B%22display_model_id%22%3A176988815831%2C%22model_selection_logic%22%3A3%7D&sp_atk=185fb9cd-9368-4429-8bbb-1bb004dc1fa4&xptdk=185fb9cd-9368-4429-8bbb-1bb004dc1fa4,,
https://down-id.img.susercontent.com/file/id-11134207-8224o-mh8trjjq4yyw2f,https://down-id.img.susercontent.com/file/id-11134258-822wp-mnaxy73qunep28,iPhone 12 ex iBox Beacukai IMEI Permanen Garansi 12 Bln 100% Original Second Resmi FULLSET BC 128GB 256GB 512GB 1TB,https://deo.shopeemobile.com/shopee/modules-federation/live/0/shopee__item-card-standard-v2/0.2.8/pc/e4734dab67ee2f9ebd5a.png,Rp,5.799.000,Hadiah Gratis,https://deo.shopeemobile.com/shopee/modules-federation/live/0/shopee__item-card-standard-v2/0.2.8/pc/d7099d3fd1dfdaf705ab.svg,4.9,,https://deo.shopeemobile.com/shopee/modules-federation/live/0/shopee__item-card-standard-v2/0.2.8/pc/76dff349290d20891fc1.svg,1RB+ Terjual,https://deo.shopeemobile.com/shopee/modules-federation/live/0/shopee__item-card-standard-v2/0.2.8/pc/5dd7b4560d0e2d3190e8.svg,Jakarta Selatan,-31%,,,https://deo.shopeemobile.com/shopee/modules-federation/live/0/shopee__item-card-standard-v2/0.2.8/pc/b4d1b8a78b3621dbdf4a.svg,https://deo.shopeemobile.com/shopee/modules-federation/live/0/shopee__item-card-standard-v2/0.2.8/pc/d2a1900a0267d45fd0f5.png,"iPhone 12 ex iBox Beacukai IMEI Permanen Garansi 12 Bln 100% Original Second Resmi FULLSET BC 128GB 256GB 512GB 1TB
Rp
5.799.000
-31%
Hadiah Gratis
4.9
1RB+ Terjual
2-4 Hari
Jakarta Selatan",https://shopee.co.id/iPhone-12-ex-iBox-Beacukai-IMEI-Permanen-Garansi-12-Bln-100-Original-Second-Resmi-FULLSET-BC-128GB-256GB-512GB-1TB-i.1437255344.25591856419?extraParams=%7B%22display_model_id%22%3A237419038296%2C%22model_selection_logic%22%3A3%7D&sp_atk=b3076cf6-90ed-4a28-8bfc-1f5247efe9a1&xptdk=b3076cf6-90ed-4a28-8bfc-1f5247efe9a1,,
https://down-id.img.susercontent.com/file/id-11134207-7ra0m-mbcko31dpbtw10,https://down-id.img.susercontent.com/file/id-11134258-8224v-mkvw0cu9r7k1a5,Iphone 13 128gb Baru Ibox Original Apple,,Rp,9.000.000,,https://deo.shopeemobile.com/shopee/modules-federation/live/0/shopee__item-card-standard-v2/0.2.8/pc/0614b8f0a8fdde22942d.svg,,,https://deo.shopeemobile.com/shopee/modules-federation/live/0/shopee__item-card-standard-v2/0.2.8/pc/38e203dc86172a6c6560.svg,< 2 Hari,https://deo.shopeemobile.com/shopee/modules-federation/live/0/shopee__item-card-standard-v2/0.2.8/pc/5dd7b4560d0e2d3190e8.svg,Semarang,,https://deo.shopeemobile.com/shopee/modules-federation/live/0/shopee__item-card-standard-v2/0.2.8/pc/0614b8f0a8fdde22942d.svg,< 2 Hari,,,"Iphone 13 128gb Baru Ibox Original Apple
Rp
9.000.000
< 2 Hari
Semarang",https://shopee.co.id/Iphone-13-128gb-Baru-Ibox-Original-Apple-i.81576063.42205839995?extraParams=%7B%22display_model_id%22%3A248554676262%2C%22model_selection_logic%22%3A3%7D&sp_atk=05426efc-fd27-4560-a952-f9166db7c7ad&xptdk=05426efc-fd27-4560-a952-f9166db7c7ad,,
https://down-id.img.susercontent.com/file/id-11134207-8224t-mik38re93taf66,https://down-id.img.susercontent.com/file/id-11134258-822ws-mnciva8io4qu2f,iPhone 15 256GB BNOB New Garansi Resmi IBox Digimap GDN,,Rp,12.700.000,Produk Baru,https://deo.shopeemobile.com/shopee/modules-federation/live/0/shopee__item-card-standard-v2/0.2.8/pc/0614b8f0a8fdde22942d.svg,,,https://deo.shopeemobile.com/shopee/modules-federation/live/0/shopee__item-card-standard-v2/0.2.8/pc/38e203dc86172a6c6560.svg,< 2 Hari,https://deo.shopeemobile.com/shopee/modules-federation/live/0/shopee__item-card-standard-v2/0.2.8/pc/5dd7b4560d0e2d3190e8.svg,Tangerang Selatan,,https://deo.shopeemobile.com/shopee/modules-federation/live/0/shopee__item-card-standard-v2/0.2.8/pc/0614b8f0a8fdde22942d.svg,< 2 Hari,,,"iPhone 15 256GB BNOB New Garansi Resmi IBox Digimap GDN
Rp
12.700.000
Produk Baru
< 2 Hari
Tangerang Selatan",https://shopee.co.id/iPhone-15-256GB-BNOB-New-Garansi-Resmi-IBox-Digimap-GDN-i.27795976.55903443440?extraParams=%7B%22display_model_id%22%3A420332273170%2C%22model_selection_logic%22%3A3%7D&sp_atk=88a2911b-c6d7-4dbb-9f08-0f52e7cd5dd9&xptdk=88a2911b-c6d7-4dbb-9f08-0f52e7cd5dd9,,
https://down-id.img.susercontent.com/file/id-11134207-7rasi-m56u30lecoqo4f,https://down-id.img.susercontent.com/file/id-11134258-8224v-mkvw0cu9r7k1a5,iPhone 15 Pro 512GB Blue Titanium New Garansi Resmi,,Rp,30.000.000,,https://deo.shopeemobile.com/shopee/modules-federation/live/0/shopee__item-card-standard-v2/0.2.8/pc/0614b8f0a8fdde22942d.svg,,,https://deo.shopeemobile.com/shopee/modules-federation/live/0/shopee__item-card-standard-v2/0.2.8/pc/38e203dc86172a6c6560.svg,< 2 Hari,https://deo.shopeemobile.com/shopee/modules-federation/live/0/shopee__item-card-standard-v2/0.2.8/pc/5dd7b4560d0e2d3190e8.svg,Jakarta Selatan,,https://deo.shopeemobile.com/shopee/modules-federation/live/0/shopee__item-card-standard-v2/0.2.8/pc/0614b8f0a8fdde22942d.svg,< 2 Hari,,https://deo.shopeemobile.com/shopee/modules-federation/live/0/shopee__item-card-standard-v2/0.2.8/pc/d2a1900a0267d45fd0f5.png,"iPhone 15 Pro 512GB Blue Titanium New Garansi Resmi
Rp
30.000.000
< 2 Hari
Jakarta Selatan",https://shopee.co.id/iPhone-15-Pro-512GB-Blue-Titanium-New-Garansi-Resmi-i.462317345.29573925791?extraParams=%7B%22display_model_id%22%3A188159020532%2C%22model_selection_logic%22%3A3%7D&sp_atk=768a9bb4-9677-475f-99be-87312132912a&xptdk=768a9bb4-9677-475f-99be-87312132912a,,
https://down-id.img.susercontent.com/file/id-11134207-81ztm-mdyjpb5qx0qs96,https://down-id.img.susercontent.com/file/id-11134258-8224v-mkvw0cu9r7k1a5,iPhone 16 Pro 128GB/256GB iBox Original Titanium,,Rp,17.500.000,,https://deo.shopeemobile.com/shopee/modules-federation/live/0/shopee__item-card-standard-v2/0.2.8/pc/d7099d3fd1dfdaf705ab.svg,5.0,27 Terjual,https://deo.shopeemobile.com/shopee/modules-federation/live/0/shopee__item-card-standard-v2/0.2.8/pc/76dff349290d20891fc1.svg,3-5 Hari,https://deo.shopeemobile.com/shopee/modules-federation/live/0/shopee__item-card-standard-v2/0.2.8/pc/5dd7b4560d0e2d3190e8.svg,Jakarta Selatan,,,,,https://deo.shopeemobile.com/shopee/modules-federation/live/0/shopee__item-card-standard-v2/0.2.8/pc/d2a1900a0267d45fd0f5.png,"iPhone 16 Pro 128GB/256GB iBox Original Titanium
Rp
17.500.000
5.0
27 Terjual
3-5 Hari
Jakarta Selatan",https://shopee.co.id/iPhone-16-Pro-128GB-256GB-iBox-Original-Titanium-i.696728148.24996624781?extraParams=%7B%22display_model_id%22%3A261277601525%2C%22model_selection_logic%22%3A3%7D&sp_atk=81190d65-7bf5-44a2-9616-06ef3ecbbc8e&xptdk=81190d65-7bf5-44a2-9616-06ef3ecbbc8e,,
https://down-id.img.susercontent.com/file/id-11134207-7rasi-m56u30lecoqo4f,https://down-id.img.susercontent.com/file/id-11134258-8224v-mkvw0cu9r7k1a5,iPhone 15 Pro 512GB Blue Titanium New Garansi Resmi,,Rp,30.000.000,,https://deo.shopeemobile.com/shopee/modules-federation/live/0/shopee__item-card-standard-v2/0.2.8/pc/0614b8f0a8fdde22942d.svg,,< 2 Hari,https://deo.shopeemobile.com/shopee/modules-federation/live/0/shopee__item-card-standard-v2/0.2.8/pc/38e203dc86172a6c6560.svg,,https://deo.shopeemobile.com/shopee/modules-federation/live/0/shopee__item-card-standard-v2/0.2.8/pc/5dd7b4560d0e2d3190e8.svg,Jakarta Selatan,,https://deo.shopeemobile.com/shopee/modules-federation/live/0/shopee__item-card-standard-v2/0.2.8/pc/0614b8f0a8fdde22942d.svg,< 2 Hari,,https://deo.shopeemobile.com/shopee/modules-federation/live/0/shopee__item-card-standard-v2/0.2.8/pc/d2a1900a0267d45fd0f5.png,"iPhone 15 Pro 512GB Blue Titanium New Garansi Resmi
Rp
30.000.000
< 2 Hari
Jakarta Selatan",https://shopee.co.id/iPhone-15-Pro-512GB-Blue-Titanium-New-Garansi-Resmi-i.462317345.29573925791?extraParams=%7B%22display_model_id%22%3A188159020532%2C%22model_selection_logic%22%3A3%7D&sp_atk=a06c4120-c46c-4a71-9804-e87f79e69804&xptdk=a06c4120-c46c-4a71-9804-e87f79e69804,,
https://down-id.img.susercontent.com/file/id-11134207-7qul2-lg9k0faboxdnb9,https://down-id.img.susercontent.com/file/id-11134258-822ws-mnciva8io4qu2f,iPhone SE 3 5G 128GB iBox New Open Box Aktiv,https://deo.shopeemobile.com/shopee/modules-federation/live/0/shopee__item-card-standard-v2/0.2.8/pc/a425c915798471b33e5d.png,Rp,7.499.000,,,,1-3 Hari,https://deo.shopeemobile.com/shopee/modules-federation/live/0/shopee__item-card-standard-v2/0.2.8/pc/76dff349290d20891fc1.svg,1-3 Hari,https://deo.shopeemobile.com/shopee/modules-federation/live/0/shopee__item-card-standard-v2/0.2.8/pc/5dd7b4560d0e2d3190e8.svg,Kab. Lamongan,,,,,,"iPhone SE 3 5G 128GB iBox New Open Box Aktiv
Rp
7.499.000
1-3 Hari
Kab. Lamongan",https://shopee.co.id/iPhone-SE-3-5G-128GB-iBox-New-Open-Box-Aktiv-i.523499909.20379352975?extraParams=%7B%22display_model_id%22%3A225164763049%2C%22model_selection_logic%22%3A3%7D&sp_atk=840fe83b-07cd-4d8a-97e8-aa93f38f37ea&xptdk=840fe83b-07cd-4d8a-97e8-aa93f38f37ea,,
https://down-id.img.susercontent.com/file/sg-11134201-822zi-mhwucfcx9ceb0f,https://down-id.img.susercontent.com/file/id-11134258-822ws-mnciva8io4qu2f,Apple Iphone 16  Series 128GB Garansi Resmi Indonesia,https://deo.shopeemobile.com/shopee/modules-federation/live/0/shopee__item-card-standard-v2/0.2.8/pc/7c9110f78e069acbced7.png,Rp,14.744.000,,https://deo.shopeemobile.com/shopee/modules-federation/live/0/shopee__item-card-standard-v2/0.2.8/pc/d7099d3fd1dfdaf705ab.svg,5.0,12 Terjual,https://deo.shopeemobile.com/shopee/modules-federation/live/0/shopee__item-card-standard-v2/0.2.8/pc/76dff349290d20891fc1.svg,2-4 Hari,https://deo.shopeemobile.com/shopee/modules-federation/live/0/shopee__item-card-standard-v2/0.2.8/pc/5dd7b4560d0e2d3190e8.svg,Jakarta Utara,-18%,,,https://deo.shopeemobile.com/shopee/modules-federation/live/0/shopee__item-card-standard-v2/0.2.8/pc/b4d1b8a78b3621dbdf4a.svg,,"Apple Iphone 16 Series 128GB Garansi Resmi Indonesia
Rp
14.744.000
-18%
5.0
12 Terjual
2-4 Hari
Jakarta Utara",https://shopee.co.id/Apple-Iphone-16-Series-128GB-Garansi-Resmi-Indonesia-i.1273188903.52352677684?extraParams=%7B%22display_model_id%22%3A435511586983%2C%22model_selection_logic%22%3A3%7D&sp_atk=9c716962-a65c-4ed4-a2bb-8c39b2496559&xptdk=9c716962-a65c-4ed4-a2bb-8c39b2496559,,
https://down-id.img.susercontent.com/file/id-11134207-822wh-mlkadjb0stfpfb,https://down-id.img.susercontent.com/file/id-11134258-822wr-mlx67rtd6r602f,Iphone 14 128gb Baru Resmi Apple Indonesia,https://deo.shopeemobile.com/shopee/modules-federation/live/0/shopee__item-card-standard-v2/0.2.8/pc/e4734dab67ee2f9ebd5a.png,Rp,10.500.000,,https://deo.shopeemobile.com/shopee/modules-federation/live/0/shopee__item-card-standard-v2/0.2.8/pc/d7099d3fd1dfdaf705ab.svg,5.0,1 Terjual,https://deo.shopeemobile.com/shopee/modules-federation/live/0/shopee__item-card-standard-v2/0.2.8/pc/76dff349290d20891fc1.svg,1-3 Hari,https://deo.shopeemobile.com/shopee/modules-federation/live/0/shopee__item-card-standard-v2/0.2.8/pc/5dd7b4560d0e2d3190e8.svg,Surakarta (Solo),,,,,,"Iphone 14 128gb Baru Resmi Apple Indonesia
Rp
10.500.000
5.0
1 Terjual
1-3 Hari
Surakarta (Solo)",https://shopee.co.id/Iphone-14-128gb-Baru-Resmi-Apple-Indonesia-i.47268880.44606515306?extraParams=%7B%22display_model_id%22%3A440583857323%2C%22model_selection_logic%22%3A3%7D&sp_atk=366e8098-0617-421c-b338-13d6f53192be&xptdk=366e8098-0617-421c-b338-13d6f53192be,,
https://down-id.img.susercontent.com/file/id-11134207-8224p-mjtnq67kwe83e7,https://down-id.img.susercontent.com/file/id-11134258-8224v-mkvw0cu9r7k1a5,iPhone 15 128GB iBox NEW Segel - Pink - Hitam - Biru,,Rp,12.998.000,,https://deo.shopeemobile.com/shopee/modules-federation/live/0/shopee__item-card-standard-v2/0.2.8/pc/0614b8f0a8fdde22942d.svg,,< 2 Hari,https://deo.shopeemobile.com/shopee/modules-federation/live/0/shopee__item-card-standard-v2/0.2.8/pc/38e203dc86172a6c6560.svg,,https://deo.shopeemobile.com/shopee/modules-federation/live/0/shopee__item-card-standard-v2/0.2.8/pc/5dd7b4560d0e2d3190e8.svg,Bogor,,https://deo.shopeemobile.com/shopee/modules-federation/live/0/shopee__item-card-standard-v2/0.2.8/pc/0614b8f0a8fdde22942d.svg,< 2 Hari,,,"iPhone 15 128GB iBox NEW Segel - Pink - Hitam - Biru
Rp
12.998.000
< 2 Hari
Bogor",https://shopee.co.id/iPhone-15-128GB-iBox-NEW-Segel-Pink-Hitam-Biru-i.325457930.53755178255?extraParams=%7B%22display_model_id%22%3A355475170872%2C%22model_selection_logic%22%3A3%7D&sp_atk=baa1c8e9-3e29-49ae-920e-6676aebb135a&xptdk=baa1c8e9-3e29-49ae-920e-6676aebb135a,,
https://down-id.img.susercontent.com/file/id-11134207-822wl-mmxey5pmpr7ka0,https://down-id.img.susercontent.com/file/id-11134258-7r98w-lyezzaurybot13,new iphone 16 pro 256gb resmi ibox,,Rp,19.200.000,,,,1-4 Hari,https://deo.shopeemobile.com/shopee/modules-federation/live/0/shopee__item-card-standard-v2/0.2.8/pc/76dff349290d20891fc1.svg,1-4 Hari,https://deo.shopeemobile.com/shopee/modules-federation/live/0/shopee__item-card-standard-v2/0.2.8/pc/5dd7b4560d0e2d3190e8.svg,Jakarta Pusat,,,,,,"new iphone 16 pro 256gb resmi ibox
Rp
19.200.000
1-4 Hari
Jakarta Pusat",https://shopee.co.id/new-iphone-16-pro-256gb-resmi-ibox-i.1451150915.50658633330?extraParams=%7B%22display_model_id%22%3A380766395824%2C%22model_selection_logic%22%3A3%7D&sp_atk=cc1aa713-6beb-46b0-bef9-fbbbead45386&xptdk=cc1aa713-6beb-46b0-bef9-fbbbead45386,,
https://down-id.img.susercontent.com/file/id-11134207-822wh-mlbgmu4g1g5fa0,https://down-id.img.susercontent.com/file/id-11134258-822ws-mnciva8io4qu2f,Apple iPhone 17 256GB 512GB A19 Chip with Ceramic Shield Garansi Resmi -,https://deo.shopeemobile.com/shopee/modules-federation/live/0/shopee__item-card-standard-v2/0.2.8/pc/7c9110f78e069acbced7.png,Rp,18.211.000,Kombo Hemat,https://deo.shopeemobile.com/shopee/modules-federation/live/0/shopee__item-card-standard-v2/0.2.8/pc/d7099d3fd1dfdaf705ab.svg,5.0,12 Terjual,https://deo.shopeemobile.com/shopee/modules-federation/live/0/shopee__item-card-standard-v2/0.2.8/pc/76dff349290d20891fc1.svg,2-4 Hari,https://deo.shopeemobile.com/shopee/modules-federation/live/0/shopee__item-card-standard-v2/0.2.8/pc/5dd7b4560d0e2d3190e8.svg,Kab. Sleman,,,,,https://deo.shopeemobile.com/shopee/modules-federation/live/0/shopee__item-card-standard-v2/0.2.8/pc/d2a1900a0267d45fd0f5.png,"Apple iPhone 17 256GB 512GB A19 Chip with Ceramic Shield Garansi Resmi -
Rp
18.211.000
Kombo Hemat
5.0
12 Terjual
2-4 Hari
Kab. Sleman",https://shopee.co.id/Apple-iPhone-17-256GB-512GB-A19-Chip-with-Ceramic-Shield-Garansi-Resmi--i.1107182645.49702569134?extraParams=%7B%22display_model_id%22%3A350247185920%2C%22model_selection_logic%22%3A3%7D&sp_atk=fb937dfe-c849-4d62-ae08-17acb6a6c7d9&xptdk=fb937dfe-c849-4d62-ae08-17acb6a6c7d9,,
https://down-id.img.susercontent.com/file/id-11134207-82250-ml7at1x9b4eae9,https://down-id.img.susercontent.com/file/id-11134258-7r98w-lyezzaurybot13,iphone 17 pro 256Gb Garansi resmi indonesia,,Rp,23.000.000,,https://deo.shopeemobile.com/shopee/modules-federation/live/0/shopee__item-card-standard-v2/0.2.8/pc/0614b8f0a8fdde22942d.svg,,< 2 Hari,https://deo.shopeemobile.com/shopee/modules-federation/live/0/shopee__item-card-standard-v2/0.2.8/pc/38e203dc86172a6c6560.svg,,https://deo.shopeemobile.com/shopee/modules-federation/live/0/shopee__item-card-standard-v2/0.2.8/pc/5dd7b4560d0e2d3190e8.svg,Kab. Tangerang,,https://deo.shopeemobile.com/shopee/modules-federation/live/0/shopee__item-card-standard-v2/0.2.8/pc/0614b8f0a8fdde22942d.svg,< 2 Hari,,https://deo.shopeemobile.com/shopee/modules-federation/live/0/shopee__item-card-standard-v2/0.2.8/pc/d2a1900a0267d45fd0f5.png,"iphone 17 pro 256Gb Garansi resmi indonesia
Rp
23.000.000
< 2 Hari
Kab. Tangerang",https://shopee.co.id/iphone-17-pro-256Gb-Garansi-resmi-indonesia-i.1715905133.47606529892?extraParams=%7B%22display_model_id%22%3A415585767939%2C%22model_selection_logic%22%3A3%7D&sp_atk=2f27c601-ec8b-401e-940b-0f28d511513c&xptdk=2f27c601-ec8b-401e-940b-0f28d511513c,,
https://down-id.img.susercontent.com/file/id-11134207-82252-mkt9ko07v30l87,https://down-id.img.susercontent.com/file/id-11134258-7r98w-lyezzaurybot13,Iphone 15 128gb new resmi iBox,,Rp,11.500.000,,https://deo.shopeemobile.com/shopee/modules-federation/live/0/shopee__item-card-standard-v2/0.2.8/pc/0614b8f0a8fdde22942d.svg,,< 2 Hari,https://deo.shopeemobile.com/shopee/modules-federation/live/0/shopee__item-card-standard-v2/0.2.8/pc/38e203dc86172a6c6560.svg,,https://deo.shopeemobile.com/shopee/modules-federation/live/0/shopee__item-card-standard-v2/0.2.8/pc/5dd7b4560d0e2d3190e8.svg,Jakarta Selatan,,https://deo.shopeemobile.com/shopee/modules-federation/live/0/shopee__item-card-standard-v2/0.2.8/pc/0614b8f0a8fdde22942d.svg,< 2 Hari,,,"Iphone 15 128gb new resmi iBox
Rp
11.500.000
< 2 Hari
Jakarta Selatan",https://shopee.co.id/Iphone-15-128gb-new-resmi-iBox-i.566362320.54806247572?extraParams=%7B%22display_model_id%22%3A320566350429%2C%22model_selection_logic%22%3A3%7D&sp_atk=775ba48d-c929-4ea8-bb06-5984ac339e1b&xptdk=775ba48d-c929-4ea8-bb06-5984ac339e1b,,
https://down-id.img.susercontent.com/file/id-11134207-7rbk4-m8osurqg4cn6b9,https://down-id.img.susercontent.com/file/id-11134258-7r98w-lyezzaurybot13,Iphone 14 ibox 128 gb new,,Rp,9.479.850,,https://deo.shopeemobile.com/shopee/modules-federation/live/0/shopee__item-card-standard-v2/0.2.8/pc/0614b8f0a8fdde22942d.svg,,< 2 Hari,https://deo.shopeemobile.com/shopee/modules-federation/live/0/shopee__item-card-standard-v2/0.2.8/pc/38e203dc86172a6c6560.svg,,https://deo.shopeemobile.com/shopee/modules-federation/live/0/shopee__item-card-standard-v2/0.2.8/pc/5dd7b4560d0e2d3190e8.svg,Kab. Bogor,,https://deo.shopeemobile.com/shopee/modules-federation/live/0/shopee__item-card-standard-v2/0.2.8/pc/0614b8f0a8fdde22942d.svg,< 2 Hari,,,"Iphone 14 ibox 128 gb new
Rp
9.479.850
< 2 Hari
Kab. Bogor",https://shopee.co.id/Iphone-14-ibox-128-gb-new-i.1474866604.24844189679?extraParams=%7B%22display_model_id%22%3A139335040276%2C%22model_selection_logic%22%3A3%7D&sp_atk=a669809a-d8cf-4ca7-a52d-20a8efc0b8c8&xptdk=a669809a-d8cf-4ca7-a52d-20a8efc0b8c8,,
https://down-id.img.susercontent.com/file/id-11134207-81ztl-mfqouuyutgqxbe,https://down-id.img.susercontent.com/file/id-11134258-7r98w-lyezzaurybot13,Apple Iphone 17 Pro 256GB Garansi Resmi Indonesia,https://deo.shopeemobile.com/shopee/modules-federation/live/0/shopee__item-card-standard-v2/0.2.8/pc/7c9110f78e069acbced7.png,Rp,24.799.000,,https://deo.shopeemobile.com/shopee/modules-federation/live/0/shopee__item-card-standard-v2/0.2.8/pc/d7099d3fd1dfdaf705ab.svg,5.0,10 Terjual,https://deo.shopeemobile.com/shopee/modules-federation/live/0/shopee__item-card-standard-v2/0.2.8/pc/38e203dc86172a6c6560.svg,,https://deo.shopeemobile.com/shopee/modules-federation/live/0/shopee__item-card-standard-v2/0.2.8/pc/5dd7b4560d0e2d3190e8.svg,Semarang,,https://deo.shopeemobile.com/shopee/modules-federation/live/0/shopee__item-card-standard-v2/0.2.8/pc/0614b8f0a8fdde22942d.svg,< 2 Hari,,,"Apple Iphone 17 Pro 256GB Garansi Resmi Indonesia
Rp
24.799.000
5.0
10 Terjual
< 2 Hari
Semarang",https://shopee.co.id/Apple-Iphone-17-Pro-256GB-Garansi-Resmi-Indonesia-i.287662257.26992840793?extraParams=%7B%22display_model_id%22%3A291933283200%2C%22model_selection_logic%22%3A3%7D&sp_atk=2858e659-24dd-47bb-9dec-6d25bc8e06df&xptdk=2858e659-24dd-47bb-9dec-6d25bc8e06df,,
https://down-id.img.susercontent.com/file/id-11134207-81ztl-me01vtcejmrq7d,https://down-id.img.susercontent.com/file/id-11134258-8224v-mkvw0cu9r7k1a5,Apple iP 16 Pro 128GB 256GB Garansi Resmi Indonesia,https://deo.shopeemobile.com/shopee/modules-federation/live/0/shopee__item-card-standard-v2/0.2.8/pc/7c9110f78e069acbced7.png,Rp,23.499.000,,https://deo.shopeemobile.com/shopee/modules-federation/live/0/shopee__item-card-standard-v2/0.2.8/pc/0614b8f0a8fdde22942d.svg,,< 2 Hari,https://deo.shopeemobile.com/shopee/modules-federation/live/0/shopee__item-card-standard-v2/0.2.8/pc/38e203dc86172a6c6560.svg,,https://deo.shopeemobile.com/shopee/modules-federation/live/0/shopee__item-card-standard-v2/0.2.8/pc/5dd7b4560d0e2d3190e8.svg,Tangerang,,https://deo.shopeemobile.com/shopee/modules-federation/live/0/shopee__item-card-standard-v2/0.2.8/pc/0614b8f0a8fdde22942d.svg,< 2 Hari,,,"Apple iP 16 Pro 128GB 256GB Garansi Resmi Indonesia
Rp
23.499.000
< 2 Hari
Tangerang",https://shopee.co.id/Apple-iP-16-Pro-128GB-256GB-Garansi-Resmi-Indonesia-i.18182651.40915763735?extraParams=%7B%22display_model_id%22%3A261299193910%2C%22model_selection_logic%22%3A3%7D&sp_atk=7ce4ac12-2ec1-4e23-a36c-683020affe25&xptdk=7ce4ac12-2ec1-4e23-a36c-683020affe25,,
https://down-id.img.susercontent.com/file/id-11134207-822wu-mld3me3rnhmq97,https://down-id.img.susercontent.com/file/id-11134258-8224v-mkvw0cu9r7k1a5,RESMI Apple iPhone 15 512GB 256GB 128GB Garansi Resmi iBox GDN Digimap,https://deo.shopeemobile.com/shopee/modules-federation/live/0/shopee__item-card-standard-v2/0.2.8/pc/e4734dab67ee2f9ebd5a.png,Rp,12.446.001,,https://deo.shopeemobile.com/shopee/modules-federation/live/0/shopee__item-card-standard-v2/0.2.8/pc/d7099d3fd1dfdaf705ab.svg,5.0,84 Terjual,https://deo.shopeemobile.com/shopee/modules-federation/live/0/shopee__item-card-standard-v2/0.2.8/pc/76dff349290d20891fc1.svg,2-4 Hari,https://deo.shopeemobile.com/shopee/modules-federation/live/0/shopee__item-card-standard-v2/0.2.8/pc/5dd7b4560d0e2d3190e8.svg,Jakarta Pusat,-4%,,,https://deo.shopeemobile.com/shopee/modules-federation/live/0/shopee__item-card-standard-v2/0.2.8/pc/b4d1b8a78b3621dbdf4a.svg,,"RESMI Apple iPhone 15 512GB 256GB 128GB Garansi Resmi iBox GDN Digimap
Rp
12.446.001
-4%
5.0
84 Terjual
2-4 Hari
Jakarta Pusat",https://shopee.co.id/RESMI-Apple-iPhone-15-512GB-256GB-128GB-Garansi-Resmi-iBox-GDN-Digimap-i.226715244.22345903769?extraParams=%7B%22display_model_id%22%3A276956948295%2C%22model_selection_logic%22%3A3%7D&sp_atk=f8122ea2-8312-456d-9df2-2647a2a94f7c&xptdk=f8122ea2-8312-456d-9df2-2647a2a94f7c,,
https://down-id.img.susercontent.com/file/id-11134207-8224u-mihs6jhvrzlza0,https://down-id.img.susercontent.com/file/id-11134258-8224v-mkvw0cu9r7k1a5,APPLE IPHONE 17 RAM 8/256GB OR 8/512GB A19 CHIP GARANSI RESMI,https://deo.shopeemobile.com/shopee/modules-federation/live/0/shopee__item-card-standard-v2/0.2.8/pc/a425c915798471b33e5d.png,Rp,18.019.000,,https://deo.shopeemobile.com/shopee/modules-federation/live/0/shopee__item-card-standard-v2/0.2.8/pc/d7099d3fd1dfdaf705ab.svg,5.0,4 Terjual,https://deo.shopeemobile.com/shopee/modules-federation/live/0/shopee__item-card-standard-v2/0.2.8/pc/38e203dc86172a6c6560.svg,,https://deo.shopeemobile.com/shopee/modules-federation/live/0/shopee__item-card-standard-v2/0.2.8/pc/5dd7b4560d0e2d3190e8.svg,Medan,,https://deo.shopeemobile.com/shopee/modules-federation/live/0/shopee__item-card-standard-v2/0.2.8/pc/0614b8f0a8fdde22942d.svg,< 2 Hari,,,"APPLE IPHONE 17 RAM 8/256GB OR 8/512GB A19 CHIP GARANSI RESMI
Rp
18.019.000
5.0
4 Terjual
< 2 Hari
Medan",https://shopee.co.id/APPLE-IPHONE-17-RAM-8-256GB-OR-8-512GB-A19-CHIP-GARANSI-RESMI-i.1598052667.40072355112?extraParams=%7B%22display_model_id%22%3A179086596936%2C%22model_selection_logic%22%3A3%7D&sp_atk=65a52b3f-a48c-4f74-8cfe-a6875890dcf2&xptdk=65a52b3f-a48c-4f74-8cfe-a6875890dcf2,,
https://down-id.img.susercontent.com/file/id-11134207-81ztd-me8893dvkpa93e,https://down-id.img.susercontent.com/file/id-11134258-8224v-mkvw0cu9r7k1a5,IPhone 15 128GB 256GB NEW Resmi Indonesia,,Rp,13.530.000,,https://deo.shopeemobile.com/shopee/modules-federation/live/0/shopee__item-card-standard-v2/0.2.8/pc/d7099d3fd1dfdaf705ab.svg,5.0,1 Terjual,https://deo.shopeemobile.com/shopee/modules-federation/live/0/shopee__item-card-standard-v2/0.2.8/pc/38e203dc86172a6c6560.svg,,https://deo.shopeemobile.com/shopee/modules-federation/live/0/shopee__item-card-standard-v2/0.2.8/pc/5dd7b4560d0e2d3190e8.svg,Samarinda,,https://deo.shopeemobile.com/shopee/modules-federation/live/0/shopee__item-card-standard-v2/0.2.8/pc/0614b8f0a8fdde22942d.svg,< 2 Hari,,https://deo.shopeemobile.com/shopee/modules-federation/live/0/shopee__item-card-standard-v2/0.2.8/pc/d2a1900a0267d45fd0f5.png,"IPhone 15 128GB 256GB NEW Resmi Indonesia
Rp
13.530.000
5.0
1 Terjual
< 2 Hari
Samarinda",https://shopee.co.id/IPhone-15-128GB-256GB-NEW-Resmi-Indonesia-i.8656139.41767421805?extraParams=%7B%22display_model_id%22%3A266436386998%2C%22model_selection_logic%22%3A3%7D&sp_atk=3f57b695-f2f2-4b79-aae1-cd59c6553500&xptdk=3f57b695-f2f2-4b79-aae1-cd59c6553500,,
https://down-id.img.susercontent.com/file/id-11134207-8224v-mjmf8ef2imfa10,https://down-id.img.susercontent.com/file/id-11134258-8224v-mkvw0cu9r7k1a5,Iphone 11 128 Garansi Resmi Ibox - Black,,Rp,5.299.000,,https://deo.shopeemobile.com/shopee/modules-federation/live/0/shopee__item-card-standard-v2/0.2.8/pc/0614b8f0a8fdde22942d.svg,,< 2 Hari,https://deo.shopeemobile.com/shopee/modules-federation/live/0/shopee__item-card-standard-v2/0.2.8/pc/38e203dc86172a6c6560.svg,,https://deo.shopeemobile.com/shopee/modules-federation/live/0/shopee__item-card-standard-v2/0.2.8/pc/5dd7b4560d0e2d3190e8.svg,Denpasar,,https://deo.shopeemobile.com/shopee/modules-federation/live/0/shopee__item-card-standard-v2/0.2.8/pc/0614b8f0a8fdde22942d.svg,< 2 Hari,,,"Iphone 11 128 Garansi Resmi Ibox - Black
Rp
5.299.000
< 2 Hari
Denpasar",https://shopee.co.id/Iphone-11-128-Garansi-Resmi-Ibox-Black-i.98856976.24844346012?extraParams=%7B%22display_model_id%22%3A39553006335%2C%22model_selection_logic%22%3A3%7D&sp_atk=a9ce272f-8980-49c4-9da1-a4e2453bcc41&xptdk=a9ce272f-8980-49c4-9da1-a4e2453bcc41,,
https://down-id.img.susercontent.com/file/id-11134207-81zte-mexpj89rfgg503,https://down-id.img.susercontent.com/file/id-11134258-822ws-mnciva8io4qu2f,APPLE iPhone 16 128GB/256GB/512GB - A18 Bionic Chip - Resmi iBOX,https://deo.shopeemobile.com/shopee/modules-federation/live/0/shopee__item-card-standard-v2/0.2.8/pc/7c9110f78e069acbced7.png,Rp,15.515.000,,https://deo.shopeemobile.com/shopee/modules-federation/live/0/shopee__item-card-standard-v2/0.2.8/pc/d7099d3fd1dfdaf705ab.svg,4.6,17 Terjual,https://deo.shopeemobile.com/shopee/modules-federation/live/0/shopee__item-card-standard-v2/0.2.8/pc/38e203dc86172a6c6560.svg,,https://deo.shopeemobile.com/shopee/modules-federation/live/0/shopee__item-card-standard-v2/0.2.8/pc/5dd7b4560d0e2d3190e8.svg,Kab. Sidoarjo,,https://deo.shopeemobile.com/shopee/modules-federation/live/0/shopee__item-card-standard-v2/0.2.8/pc/0614b8f0a8fdde22942d.svg,Besok 12:00,,https://deo.shopeemobile.com/shopee/modules-federation/live/0/shopee__item-card-standard-v2/0.2.8/pc/d2a1900a0267d45fd0f5.png,"APPLE iPhone 16 128GB/256GB/512GB - A18 Bionic Chip - Resmi iBOX
Rp
15.515.000
4.6
17 Terjual
Besok 12:00
Kab. Sidoarjo",https://shopee.co.id/APPLE-iPhone-16-128GB-256GB-512GB-A18-Bionic-Chip-Resmi-iBOX-i.993320485.43120510080?extraParams=%7B%22display_model_id%22%3A261675174664%2C%22model_selection_logic%22%3A3%7D&sp_atk=27c36338-96b5-4841-941f-b4bd34496db8&xptdk=27c36338-96b5-4841-941f-b4bd34496db8,,
https://down-id.img.susercontent.com/file/id-11134207-7ra0l-mbqgaexar0tab4,https://down-id.img.susercontent.com/file/id-11134258-8224v-mkvw0cu9r7k1a5,iPhone 16 128 GB 256 GB 512 GB New Segel Garansi Resmi,https://deo.shopeemobile.com/shopee/modules-federation/live/0/shopee__item-card-standard-v2/0.2.8/pc/e4734dab67ee2f9ebd5a.png,Rp,15.665.000,,https://deo.shopeemobile.com/shopee/modules-federation/live/0/shopee__item-card-standard-v2/0.2.8/pc/d7099d3fd1dfdaf705ab.svg,5.0,12 Terjual,https://deo.shopeemobile.com/shopee/modules-federation/live/0/shopee__item-card-standard-v2/0.2.8/pc/38e203dc86172a6c6560.svg,,https://deo.shopeemobile.com/shopee/modules-federation/live/0/shopee__item-card-standard-v2/0.2.8/pc/5dd7b4560d0e2d3190e8.svg,Padang,-2%,https://deo.shopeemobile.com/shopee/modules-federation/live/0/shopee__item-card-standard-v2/0.2.8/pc/0614b8f0a8fdde22942d.svg,< 2 Hari,https://deo.shopeemobile.com/shopee/modules-federation/live/0/shopee__item-card-standard-v2/0.2.8/pc/b4d1b8a78b3621dbdf4a.svg,,"iPhone 16 128 GB 256 GB 512 GB New Segel Garansi Resmi
Rp
15.665.000
-2%
5.0
12 Terjual
< 2 Hari
Padang",https://shopee.co.id/iPhone-16-128-GB-256-GB-512-GB-New-Segel-Garansi-Resmi-i.558354664.40357287443?extraParams=%7B%22display_model_id%22%3A260617498636%2C%22model_selection_logic%22%3A3%7D&sp_atk=48a4d149-6174-4a68-ae51-ccee5e7bea14&xptdk=48a4d149-6174-4a68-ae51-ccee5e7bea14,,
https://down-id.img.susercontent.com/file/id-11134207-822wq-mmzygyfgts7634,https://down-id.img.susercontent.com/file/id-11134258-7r98w-lyezzaurybot13,iPhone 15 128Gb Pink New Resmi,,Rp,12.000.000,,https://deo.shopeemobile.com/shopee/modules-federation/live/0/shopee__item-card-standard-v2/0.2.8/pc/0614b8f0a8fdde22942d.svg,,< 2 Hari,https://deo.shopeemobile.com/shopee/modules-federation/live/0/shopee__item-card-standard-v2/0.2.8/pc/38e203dc86172a6c6560.svg,,https://deo.shopeemobile.com/shopee/modules-federation/live/0/shopee__item-card-standard-v2/0.2.8/pc/5dd7b4560d0e2d3190e8.svg,Bandung,,https://deo.shopeemobile.com/shopee/modules-federation/live/0/shopee__item-card-standard-v2/0.2.8/pc/0614b8f0a8fdde22942d.svg,< 2 Hari,,,"iPhone 15 128Gb Pink New Resmi
Rp
12.000.000
< 2 Hari
Bandung",https://shopee.co.id/iPhone-15-128Gb-Pink-New-Resmi-i.191081544.55708735966?extraParams=%7B%22display_model_id%22%3A350775628269%2C%22model_selection_logic%22%3A3%7D&sp_atk=efcbbea2-fd32-4961-b6a3-8bcb3b0bb322&xptdk=efcbbea2-fd32-4961-b6a3-8bcb3b0bb322,,
https://down-id.img.susercontent.com/file/id-11134207-81zth-mf0lb8bhwd8v78,https://down-id.img.susercontent.com/file/id-11134258-8224v-mkvw0cu9r7k1a5,"Apple iPhone 16 128GB [A18 Bionic, Super Retina XDR 6.3 inci, 3561 mAh] - Garansi Resmi",https://deo.shopeemobile.com/shopee/modules-federation/live/0/shopee__item-card-standard-v2/0.2.8/pc/e4734dab67ee2f9ebd5a.png,Rp,14.934.000,,https://deo.shopeemobile.com/shopee/modules-federation/live/0/shopee__item-card-standard-v2/0.2.8/pc/d7099d3fd1dfdaf705ab.svg,5.0,7 Terjual,https://deo.shopeemobile.com/shopee/modules-federation/live/0/shopee__item-card-standard-v2/0.2.8/pc/76dff349290d20891fc1.svg,1-3 Hari,https://deo.shopeemobile.com/shopee/modules-federation/live/0/shopee__item-card-standard-v2/0.2.8/pc/5dd7b4560d0e2d3190e8.svg,Madiun,,,,,,"Apple iPhone 16 128GB [A18 Bionic, Super Retina XDR 6.3 inci, 3561 mAh] - Garansi Resmi
Rp
14.934.000
5.0
7 Terjual
1-3 Hari
Madiun",https://shopee.co.id/Apple-iPhone-16-128GB-A18-Bionic-Super-Retina-XDR-6.3-inci-3561-mAh-Garansi-Resmi-i.55231304.26692037716?extraParams=%7B%22display_model_id%22%3A108752549016%2C%22model_selection_logic%22%3A3%7D&sp_atk=c8c60746-08d3-4bbb-9a35-b929a338efd4&xptdk=c8c60746-08d3-4bbb-9a35-b929a338efd4,,
https://down-id.img.susercontent.com/file/id-11134207-7ra0l-mdqxsu9f5ktwea,https://down-id.img.susercontent.com/file/id-11134258-7r98w-lyezzaurybot13,NEW IPHONE 16 GARANSI RESMI TAM DAN FREE TECPROTEC,,Rp,14.500.000,,https://deo.shopeemobile.com/shopee/modules-federation/live/0/shopee__item-card-standard-v2/0.2.8/pc/0614b8f0a8fdde22942d.svg,,1 Terjual,https://deo.shopeemobile.com/shopee/modules-federation/live/0/shopee__item-card-standard-v2/0.2.8/pc/38e203dc86172a6c6560.svg,,https://deo.shopeemobile.com/shopee/modules-federation/live/0/shopee__item-card-standard-v2/0.2.8/pc/5dd7b4560d0e2d3190e8.svg,Bandar Lampung,,https://deo.shopeemobile.com/shopee/modules-federation/live/0/shopee__item-card-standard-v2/0.2.8/pc/0614b8f0a8fdde22942d.svg,< 2 Hari,,,"NEW IPHONE 16 GARANSI RESMI TAM DAN FREE TECPROTEC
Rp
14.500.000
1 Terjual
< 2 Hari
Bandar Lampung",https://shopee.co.id/NEW-IPHONE-16-GARANSI-RESMI-TAM-DAN-FREE-TECPROTEC-i.809804063.43664732799?extraParams=%7B%22display_model_id%22%3A89871774285%2C%22model_selection_logic%22%3A3%7D&sp_atk=334e6706-8758-4e1a-96f1-f3c632296932&xptdk=334e6706-8758-4e1a-96f1-f3c632296932,,
https://down-id.img.susercontent.com/file/id-11134207-82251-mkrrthevfrid22,https://down-id.img.susercontent.com/file/id-11134258-8224v-mkvw0cu9r7k1a5,Apple iPhone 16 128GB / 256GB New Bergaransi Resmi Indonesia,https://deo.shopeemobile.com/shopee/modules-federation/live/0/shopee__item-card-standard-v2/0.2.8/pc/a425c915798471b33e5d.png,Rp,15.235.000,,,,3-5 Hari,https://deo.shopeemobile.com/shopee/modules-federation/live/0/shopee__item-card-standard-v2/0.2.8/pc/76dff349290d20891fc1.svg,3-5 Hari,https://deo.shopeemobile.com/shopee/modules-federation/live/0/shopee__item-card-standard-v2/0.2.8/pc/5dd7b4560d0e2d3190e8.svg,Kab. Gianyar,,,,,https://deo.shopeemobile.com/shopee/modules-federation/live/0/shopee__item-card-standard-v2/0.2.8/pc/d2a1900a0267d45fd0f5.png,"Apple iPhone 16 128GB / 256GB New Bergaransi Resmi Indonesia
Rp
15.235.000
3-5 Hari
Kab. Gianyar",https://shopee.co.id/Apple-iPhone-16-128GB-256GB-New-Bergaransi-Resmi-Indonesia-i.21126138.29825822958?extraParams=%7B%22display_model_id%22%3A159011601621%2C%22model_selection_logic%22%3A3%7D&sp_atk=d736645b-000d-445e-a365-25584826c3a4&xptdk=d736645b-000d-445e-a365-25584826c3a4,,
https://down-id.img.susercontent.com/file/id-11134207-822ws-mmsyve37tm2p99,https://down-id.img.susercontent.com/file/id-11134258-7r98w-lyezzaurybot13,iPhone 15 Pro White Titanium 256GB iBox,,Rp,14.000.000,,,,,,,https://deo.shopeemobile.com/shopee/modules-federation/live/0/shopee__item-card-standard-v2/0.2.8/pc/5dd7b4560d0e2d3190e8.svg,Tangerang,,,,,,"iPhone 15 Pro White Titanium 256GB iBox
Rp
14.000.000
Tangerang",https://shopee.co.id/iPhone-15-Pro-White-Titanium-256GB-iBox-i.87891488.49308441689?extraParams=%7B%22display_model_id%22%3A292516334041%2C%22model_selection_logic%22%3A3%7D&sp_atk=360fd683-9e79-4540-b106-c546cac03b20&xptdk=360fd683-9e79-4540-b106-c546cac03b20,,
https://down-id.img.susercontent.com/file/id-11134207-81ztf-mfmhoac433ey38,https://down-id.img.susercontent.com/file/id-11134258-7r98w-lyezzaurybot13,Apple Iphone 14 128 GB - New Garansi Resmi,https://deo.shopeemobile.com/shopee/modules-federation/live/0/shopee__item-card-standard-v2/0.2.8/pc/a425c915798471b33e5d.png,Rp,9.880.000,,https://deo.shopeemobile.com/shopee/modules-federation/live/0/shopee__item-card-standard-v2/0.2.8/pc/0614b8f0a8fdde22942d.svg,,1 Terjual,https://deo.shopeemobile.com/shopee/modules-federation/live/0/shopee__item-card-standard-v2/0.2.8/pc/38e203dc86172a6c6560.svg,,https://deo.shopeemobile.com/shopee/modules-federation/live/0/shopee__item-card-standard-v2/0.2.8/pc/5dd7b4560d0e2d3190e8.svg,Depok,,https://deo.shopeemobile.com/shopee/modules-federation/live/0/shopee__item-card-standard-v2/0.2.8/pc/0614b8f0a8fdde22942d.svg,< 2 Hari,,,"Apple Iphone 14 128 GB - New Garansi Resmi
Rp
9.880.000
1 Terjual
< 2 Hari
Depok",https://shopee.co.id/Apple-Iphone-14-128-GB-New-Garansi-Resmi-i.1590532133.43923369790?extraParams=%7B%22display_model_id%22%3A291901039823%2C%22model_selection_logic%22%3A3%7D&sp_atk=8eabae91-c909-4033-b3d9-064d194c38b3&xptdk=8eabae91-c909-4033-b3d9-064d194c38b3,,
https://down-id.img.susercontent.com/file/id-11134207-7ra0m-mca5d85iawqtad,https://down-id.img.susercontent.com/file/id-11134258-822wr-mlx5y0tebegw04,"Apple iPhone 15 256GB [Dynamic Island, kamera utama 48MP, Chip A16 Bionic] - Garansi Resmi",https://deo.shopeemobile.com/shopee/modules-federation/live/0/shopee__item-card-standard-v2/0.2.8/pc/e4734dab67ee2f9ebd5a.png,Rp,14.933.000,,https://deo.shopeemobile.com/shopee/modules-federation/live/0/shopee__item-card-standard-v2/0.2.8/pc/0614b8f0a8fdde22942d.svg,,1 Terjual,https://deo.shopeemobile.com/shopee/modules-federation/live/0/shopee__item-card-standard-v2/0.2.8/pc/38e203dc86172a6c6560.svg,,https://deo.shopeemobile.com/shopee/modules-federation/live/0/shopee__item-card-standard-v2/0.2.8/pc/5dd7b4560d0e2d3190e8.svg,Madiun,,https://deo.shopeemobile.com/shopee/modules-federation/live/0/shopee__item-card-standard-v2/0.2.8/pc/0614b8f0a8fdde22942d.svg,< 2 Hari,,,"Apple iPhone 15 256GB [Dynamic Island, kamera utama 48MP, Chip A16 Bionic] - Garansi Resmi
Rp
14.933.000
1 Terjual
< 2 Hari
Madiun",https://shopee.co.id/Apple-iPhone-15-256GB-Dynamic-Island-kamera-utama-48MP-Chip-A16-Bionic-Garansi-Resmi-i.1102776336.40708833934?extraParams=%7B%22display_model_id%22%3A265743357877%2C%22model_selection_logic%22%3A3%7D&sp_atk=10be4906-c24f-43b4-9030-442ae8f9f649&xptdk=10be4906-c24f-43b4-9030-442ae8f9f649,,
https://down-id.img.susercontent.com/file/id-11134207-822wr-mlyt1u6xk1z8dd,https://down-id.img.susercontent.com/file/id-11134258-7r98w-lyezzaurybot13,Apple iPhone 17 Pro  256GB 512GB 1TB 2TB BNIB New Baru Segel Garansi Resmi iBox GDN Digimap Indonesia,https://deo.shopeemobile.com/shopee/modules-federation/live/0/shopee__item-card-standard-v2/0.2.8/pc/a425c915798471b33e5d.png,Rp,25.415.000,,https://deo.shopeemobile.com/shopee/modules-federation/live/0/shopee__item-card-standard-v2/0.2.8/pc/d7099d3fd1dfdaf705ab.svg,4.5,7 Terjual,https://deo.shopeemobile.com/shopee/modules-federation/live/0/shopee__item-card-standard-v2/0.2.8/pc/38e203dc86172a6c6560.svg,,https://deo.shopeemobile.com/shopee/modules-federation/live/0/shopee__item-card-standard-v2/0.2.8/pc/5dd7b4560d0e2d3190e8.svg,Jakarta Timur,-15%,https://deo.shopeemobile.com/shopee/modules-federation/live/0/shopee__item-card-standard-v2/0.2.8/pc/0614b8f0a8fdde22942d.svg,< 2 Hari,,,"Apple iPhone 17 Pro 256GB 512GB 1TB 2TB BNIB New Baru Segel Garansi Resmi iBox GDN Digimap Indonesia
Rp
25.415.000
-15%
4.5
7 Terjual
< 2 Hari
Jakarta Timur",https://shopee.co.id/Apple-iPhone-17-Pro-256GB-512GB-1TB-2TB-BNIB-New-Baru-Segel-Garansi-Resmi-iBox-GDN-Digimap-Indonesia-i.1721491803.46607392524?extraParams=%7B%22display_model_id%22%3A365655736131%2C%22model_selection_logic%22%3A3%7D&sp_atk=14b8ff8e-5ac8-4411-ae25-e3df1b7bc2c8&xptdk=14b8ff8e-5ac8-4411-ae25-e3df1b7bc2c8,,
https://down-id.img.susercontent.com/file/id-11134207-7r98x-lripg3j5ztu54e,https://down-id.img.susercontent.com/file/id-11134258-8224v-mkvw0cu9r7k1a5,Apple iPhone 13 512 GB Garansi Resmi IBox Termurah,https://deo.shopeemobile.com/shopee/modules-federation/live/0/shopee__item-card-standard-v2/0.2.8/pc/a425c915798471b33e5d.png,Rp,14.442.300,,https://deo.shopeemobile.com/shopee/modules-federation/live/0/shopee__item-card-standard-v2/0.2.8/pc/0614b8f0a8fdde22942d.svg,,1 Terjual,https://deo.shopeemobile.com/shopee/modules-federation/live/0/shopee__item-card-standard-v2/0.2.8/pc/38e203dc86172a6c6560.svg,,https://deo.shopeemobile.com/shopee/modules-federation/live/0/shopee__item-card-standard-v2/0.2.8/pc/5dd7b4560d0e2d3190e8.svg,Surabaya,-32%,https://deo.shopeemobile.com/shopee/modules-federation/live/0/shopee__item-card-standard-v2/0.2.8/pc/0614b8f0a8fdde22942d.svg,Besok,,,"Apple iPhone 13 512 GB Garansi Resmi IBox Termurah
Rp
14.442.300
-32%
1 Terjual
Besok
Surabaya",https://shopee.co.id/Apple-iPhone-13-512-GB-Garansi-Resmi-IBox-Termurah-i.91322698.24211358131?extraParams=%7B%22display_model_id%22%3A232491836402%2C%22model_selection_logic%22%3A3%7D&sp_atk=6b8255a1-edaa-4781-8f1c-734cb9bcc04a&xptdk=6b8255a1-edaa-4781-8f1c-734cb9bcc04a,,
https://down-id.img.susercontent.com/file/id-11134207-8224x-mfujvl39wumh16,https://down-id.img.susercontent.com/file/id-11134258-822ws-mnciva8io4qu2f,Iphone 17 Pro/Pro Max Series - Garansi Resmi Indonesia,https://deo.shopeemobile.com/shopee/modules-federation/live/0/shopee__item-card-standard-v2/0.2.8/pc/7c9110f78e069acbced7.png,Rp,24.905.000,,https://deo.shopeemobile.com/shopee/modules-federation/live/0/shopee__item-card-standard-v2/0.2.8/pc/d7099d3fd1dfdaf705ab.svg,5.0,5 Terjual,https://deo.shopeemobile.com/shopee/modules-federation/live/0/shopee__item-card-standard-v2/0.2.8/pc/38e203dc86172a6c6560.svg,,https://deo.shopeemobile.com/shopee/modules-federation/live/0/shopee__item-card-standard-v2/0.2.8/pc/5dd7b4560d0e2d3190e8.svg,Surabaya,,https://deo.shopeemobile.com/shopee/modules-federation/live/0/shopee__item-card-standard-v2/0.2.8/pc/0614b8f0a8fdde22942d.svg,Besok 12:00,,https://deo.shopeemobile.com/shopee/modules-federation/live/0/shopee__item-card-standard-v2/0.2.8/pc/d2a1900a0267d45fd0f5.png,"Iphone 17 Pro/Pro Max Series - Garansi Resmi Indonesia
Rp
24.905.000
5.0
5 Terjual
Besok 12:00
Surabaya",https://shopee.co.id/Iphone-17-Pro-Pro-Max-Series-Garansi-Resmi-Indonesia-i.35790461.44074226278?extraParams=%7B%22display_model_id%22%3A301965779241%2C%22model_selection_logic%22%3A3%7D&sp_atk=686e5a28-11a5-4df9-a82d-664bb0134905&xptdk=686e5a28-11a5-4df9-a82d-664bb0134905,,
https://down-id.img.susercontent.com/file/id-11134207-8224x-mfwbfl4l7axa2c,https://down-id.img.susercontent.com/file/id-11134258-8224v-mkvw0cu9r7k1a5,iPhone 17 256GB 512GB Original Bersegel Garansi Resmi,https://deo.shopeemobile.com/shopee/modules-federation/live/0/shopee__item-card-standard-v2/0.2.8/pc/a425c915798471b33e5d.png,Rp,18.277.500,Kombo Hemat,https://deo.shopeemobile.com/shopee/modules-federation/live/0/shopee__item-card-standard-v2/0.2.8/pc/d7099d3fd1dfdaf705ab.svg,5.0,4 Terjual,https://deo.shopeemobile.com/shopee/modules-federation/live/0/shopee__item-card-standard-v2/0.2.8/pc/76dff349290d20891fc1.svg,2-4 Hari,https://deo.shopeemobile.com/shopee/modules-federation/live/0/shopee__item-card-standard-v2/0.2.8/pc/5dd7b4560d0e2d3190e8.svg,Padang,-17%,,,https://deo.shopeemobile.com/shopee/modules-federation/live/0/shopee__item-card-standard-v2/0.2.8/pc/b4d1b8a78b3621dbdf4a.svg,,"iPhone 17 256GB 512GB Original Bersegel Garansi Resmi
Rp
18.277.500
-17%
Kombo Hemat
5.0
4 Terjual
2-4 Hari
Padang",https://shopee.co.id/iPhone-17-256GB-512GB-Original-Bersegel-Garansi-Resmi-i.373054918.44474522940?extraParams=%7B%22display_model_id%22%3A89896630227%2C%22model_selection_logic%22%3A3%7D&sp_atk=d0727d91-f5a0-4ce3-9037-24a735e55ddc&xptdk=d0727d91-f5a0-4ce3-9037-24a735e55ddc,,
https://down-id.img.susercontent.com/file/id-11134207-81ztc-mfqouuyv4pah5c,https://down-id.img.susercontent.com/file/id-11134258-7r98w-lyezzaurybot13,Apple IPhone 17 Pro 512GB Garansi Resmi Indonesia,https://deo.shopeemobile.com/shopee/modules-federation/live/0/shopee__item-card-standard-v2/0.2.8/pc/7c9110f78e069acbced7.png,Rp,29.499.000,,https://deo.shopeemobile.com/shopee/modules-federation/live/0/shopee__item-card-standard-v2/0.2.8/pc/0614b8f0a8fdde22942d.svg,,1 Terjual,https://deo.shopeemobile.com/shopee/modules-federation/live/0/shopee__item-card-standard-v2/0.2.8/pc/38e203dc86172a6c6560.svg,,https://deo.shopeemobile.com/shopee/modules-federation/live/0/shopee__item-card-standard-v2/0.2.8/pc/5dd7b4560d0e2d3190e8.svg,Semarang,,https://deo.shopeemobile.com/shopee/modules-federation/live/0/shopee__item-card-standard-v2/0.2.8/pc/0614b8f0a8fdde22942d.svg,< 2 Hari,,,"Apple IPhone 17 Pro 512GB Garansi Resmi Indonesia
Rp
29.499.000
1 Terjual
< 2 Hari
Semarang",https://shopee.co.id/Apple-IPhone-17-Pro-512GB-Garansi-Resmi-Indonesia-i.287662257.44423796049?extraParams=%7B%22display_model_id%22%3A276933319490%2C%22model_selection_logic%22%3A3%7D&sp_atk=22ce8d5d-3d70-4ac1-a838-71689aae878d&xptdk=22ce8d5d-3d70-4ac1-a838-71689aae878d,,
https://down-id.img.susercontent.com/file/id-11134207-7rasj-m4sk3f683h5kf7,https://down-id.img.susercontent.com/file/id-11134258-8224v-mkvw0cu9r7k1a5,Apple iPhone 13 128 Resmi Ibox & GDN,https://deo.shopeemobile.com/shopee/modules-federation/live/0/shopee__item-card-standard-v2/0.2.8/pc/e4734dab67ee2f9ebd5a.png,Rp,13.499.000,,https://deo.shopeemobile.com/shopee/modules-federation/live/0/shopee__item-card-standard-v2/0.2.8/pc/d7099d3fd1dfdaf705ab.svg,5.0,3 Terjual,https://deo.shopeemobile.com/shopee/modules-federation/live/0/shopee__item-card-standard-v2/0.2.8/pc/38e203dc86172a6c6560.svg,,https://deo.shopeemobile.com/shopee/modules-federation/live/0/shopee__item-card-standard-v2/0.2.8/pc/5dd7b4560d0e2d3190e8.svg,Surabaya,,https://deo.shopeemobile.com/shopee/modules-federation/live/0/shopee__item-card-standard-v2/0.2.8/pc/0614b8f0a8fdde22942d.svg,Besok,,,"Apple iPhone 13 128 Resmi Ibox & GDN
Rp
13.499.000
5.0
3 Terjual
Besok
Surabaya",https://shopee.co.id/Apple-iPhone-13-128-Resmi-Ibox-GDN-i.174706429.26974737926?extraParams=%7B%22display_model_id%22%3A247560868136%2C%22model_selection_logic%22%3A3%7D&sp_atk=7f1d9f13-3699-404f-a901-0f5917b17345&xptdk=7f1d9f13-3699-404f-a901-0f5917b17345,,
https://down-id.img.susercontent.com/file/id-11134207-7rasc-m5k5bww3f9wo31,https://down-id.img.susercontent.com/file/id-11134258-8224v-mkvw0cu9r7k1a5,(NEW) IPHONE 15 BERGARANSI RESMI,,Rp,13.299.000,,https://deo.shopeemobile.com/shopee/modules-federation/live/0/shopee__item-card-standard-v2/0.2.8/pc/d7099d3fd1dfdaf705ab.svg,5.0,4 Terjual,https://deo.shopeemobile.com/shopee/modules-federation/live/0/shopee__item-card-standard-v2/0.2.8/pc/38e203dc86172a6c6560.svg,,https://deo.shopeemobile.com/shopee/modules-federation/live/0/shopee__item-card-standard-v2/0.2.8/pc/5dd7b4560d0e2d3190e8.svg,Yogyakarta,,https://deo.shopeemobile.com/shopee/modules-federation/live/0/shopee__item-card-standard-v2/0.2.8/pc/0614b8f0a8fdde22942d.svg,< 2 Hari,,,"(NEW) IPHONE 15 BERGARANSI RESMI
Rp
13.299.000
5.0
4 Terjual
< 2 Hari
Yogyakarta",https://shopee.co.id/(NEW)-IPHONE-15-BERGARANSI-RESMI-i.253297584.29674755620?extraParams=%7B%22display_model_id%22%3A208183634663%2C%22model_selection_logic%22%3A3%7D&sp_atk=a45a1028-c818-4b53-bec4-927e4a074224&xptdk=a45a1028-c818-4b53-bec4-927e4a074224,,
https://down-id.img.susercontent.com/file/id-11134207-7ra0m-mc5zen6m4r4h22,https://down-id.img.susercontent.com/file/id-11134258-8224v-mkvw0cu9r7k1a5,iPhone 16 Pro Max 256Gb | 512Gb | 1Tb New Garansi Resmi,https://deo.shopeemobile.com/shopee/modules-federation/live/0/shopee__item-card-standard-v2/0.2.8/pc/e4734dab67ee2f9ebd5a.png,Rp,21.617.500,Kombo Hemat,https://deo.shopeemobile.com/shopee/modules-federation/live/0/shopee__item-card-standard-v2/0.2.8/pc/d7099d3fd1dfdaf705ab.svg,5.0,4 Terjual,https://deo.shopeemobile.com/shopee/modules-federation/live/0/shopee__item-card-standard-v2/0.2.8/pc/76dff349290d20891fc1.svg,2-4 Hari,https://deo.shopeemobile.com/shopee/modules-federation/live/0/shopee__item-card-standard-v2/0.2.8/pc/5dd7b4560d0e2d3190e8.svg,Padang,-40%,,,https://deo.shopeemobile.com/shopee/modules-federation/live/0/shopee__item-card-standard-v2/0.2.8/pc/b4d1b8a78b3621dbdf4a.svg,,"iPhone 16 Pro Max 256Gb | 512Gb | 1Tb New Garansi Resmi
Rp
21.617.500
-40%
Kombo Hemat
5.0
4 Terjual
2-4 Hari
Padang",https://shopee.co.id/iPhone-16-Pro-Max-256Gb-512Gb-1Tb-New-Garansi-Resmi-i.736101903.28638657605?extraParams=%7B%22display_model_id%22%3A248624505009%2C%22model_selection_logic%22%3A3%7D&sp_atk=ebd92d91-aa30-4250-8ed4-6bf6b418cfee&xptdk=ebd92d91-aa30-4250-8ed4-6bf6b418cfee,,
https://down-id.img.susercontent.com/file/id-11134207-7ra0r-mc5yn0b8h53z74,https://down-id.img.susercontent.com/file/id-11134258-8224v-mkvw0cu9r7k1a5,iPhone 16 Pro 128GB | 256GB | 512GB New Garansi Resmi,https://deo.shopeemobile.com/shopee/modules-federation/live/0/shopee__item-card-standard-v2/0.2.8/pc/e4734dab67ee2f9ebd5a.png,Rp,24.547.500,Kombo Hemat,https://deo.shopeemobile.com/shopee/modules-federation/live/0/shopee__item-card-standard-v2/0.2.8/pc/d7099d3fd1dfdaf705ab.svg,5.0,6 Terjual,https://deo.shopeemobile.com/shopee/modules-federation/live/0/shopee__item-card-standard-v2/0.2.8/pc/76dff349290d20891fc1.svg,2-4 Hari,https://deo.shopeemobile.com/shopee/modules-federation/live/0/shopee__item-card-standard-v2/0.2.8/pc/5dd7b4560d0e2d3190e8.svg,Padang,-9%,,,https://deo.shopeemobile.com/shopee/modules-federation/live/0/shopee__item-card-standard-v2/0.2.8/pc/b4d1b8a78b3621dbdf4a.svg,,"iPhone 16 Pro 128GB | 256GB | 512GB New Garansi Resmi
Rp
24.547.500
-9%
Kombo Hemat
5.0
6 Terjual
2-4 Hari
Padang",https://shopee.co.id/iPhone-16-Pro-128GB-256GB-512GB-New-Garansi-Resmi-i.736101903.27188652875?extraParams=%7B%22display_model_id%22%3A285709952346%2C%22model_selection_logic%22%3A3%7D&sp_atk=541f74bd-88be-4729-9ffa-fb312ce71128&xptdk=541f74bd-88be-4729-9ffa-fb312ce71128,,
https://down-id.img.susercontent.com/file/id-11134207-822wn-mnguo9sdtzwk44,https://down-id.img.susercontent.com/file/id-11134258-8224v-mkvw0cu9r7k1a5,Apple iPhone 16 128GB | 256GB 512GB | Super Retina XDR OLED | Apple A18 |Garansi Resmi Indonesia,https://deo.shopeemobile.com/shopee/modules-federation/live/0/shopee__item-card-standard-v2/0.2.8/pc/e4734dab67ee2f9ebd5a.png,Rp,15.350.000,,https://deo.shopeemobile.com/shopee/modules-federation/live/0/shopee__item-card-standard-v2/0.2.8/pc/d7099d3fd1dfdaf705ab.svg,5.0,17 Terjual,https://deo.shopeemobile.com/shopee/modules-federation/live/0/shopee__item-card-standard-v2/0.2.8/pc/38e203dc86172a6c6560.svg,,https://deo.shopeemobile.com/shopee/modules-federation/live/0/shopee__item-card-standard-v2/0.2.8/pc/5dd7b4560d0e2d3190e8.svg,Padang,-7%,https://deo.shopeemobile.com/shopee/modules-federation/live/0/shopee__item-card-standard-v2/0.2.8/pc/0614b8f0a8fdde22942d.svg,< 2 Hari,,,"Apple iPhone 16 128GB | 256GB 512GB | Super Retina XDR OLED | Apple A18 |Garansi Resmi Indonesia
Rp
15.350.000
-7%
5.0
17 Terjual
< 2 Hari
Padang",https://shopee.co.id/Apple-iPhone-16-128GB-256GB-512GB-Super-Retina-XDR-OLED-Apple-A18-Garansi-Resmi-Indonesia-i.448289408.42401667744?extraParams=%7B%22display_model_id%22%3A305143835854%2C%22model_selection_logic%22%3A3%7D&sp_atk=acfc3346-7207-49fd-a1c5-2536b5c5a589&xptdk=acfc3346-7207-49fd-a1c5-2536b5c5a589,,
https://down-id.img.susercontent.com/file/id-11134207-7r98o-ll0i03ebp74wb1,https://down-id.img.susercontent.com/file/id-11134258-822ws-mnciva8io4qu2f,IPHONE 11 64GB IBOX GARANSI RESMI NEW SEGEL,https://deo.shopeemobile.com/shopee/modules-federation/live/0/shopee__item-card-standard-v2/0.2.8/pc/a425c915798471b33e5d.png,Rp,6.999.000,,,,1-3 Hari,https://deo.shopeemobile.com/shopee/modules-federation/live/0/shopee__item-card-standard-v2/0.2.8/pc/76dff349290d20891fc1.svg,1-3 Hari,https://deo.shopeemobile.com/shopee/modules-federation/live/0/shopee__item-card-standard-v2/0.2.8/pc/5dd7b4560d0e2d3190e8.svg,Kab. Lamongan,,,,,,"IPHONE 11 64GB IBOX GARANSI RESMI NEW SEGEL
Rp
6.999.000
1-3 Hari
Kab. Lamongan",https://shopee.co.id/IPHONE-11-64GB-IBOX-GARANSI-RESMI-NEW-SEGEL-i.523499909.19092452022?extraParams=%7B%22display_model_id%22%3A186992073128%2C%22model_selection_logic%22%3A3%7D&sp_atk=88a04130-e8bb-42bb-813a-8e3e90f16010&xptdk=88a04130-e8bb-42bb-813a-8e3e90f16010,,
https://down-id.img.susercontent.com/file/id-11134207-8224t-mibday5zihhk9b,https://down-id.img.susercontent.com/file/id-11134258-8224v-mkvw0cu9r7k1a5,New iPhone 16 Garansi Resmi 1 Tahun Indonesia,https://deo.shopeemobile.com/shopee/modules-federation/live/0/shopee__item-card-standard-v2/0.2.8/pc/a425c915798471b33e5d.png,Rp,15.449.000,Produk Baru,https://deo.shopeemobile.com/shopee/modules-federation/live/0/shopee__item-card-standard-v2/0.2.8/pc/d7099d3fd1dfdaf705ab.svg,5.0,3 Terjual,https://deo.shopeemobile.com/shopee/modules-federation/live/0/shopee__item-card-standard-v2/0.2.8/pc/76dff349290d20891fc1.svg,3-5 Hari,https://deo.shopeemobile.com/shopee/modules-federation/live/0/shopee__item-card-standard-v2/0.2.8/pc/5dd7b4560d0e2d3190e8.svg,Denpasar,,,,,,"New iPhone 16 Garansi Resmi 1 Tahun Indonesia
Rp
15.449.000
Produk Baru
5.0
3 Terjual
3-5 Hari
Denpasar",https://shopee.co.id/New-iPhone-16-Garansi-Resmi-1-Tahun-Indonesia-i.877265679.46803180233?extraParams=%7B%22display_model_id%22%3A350304551676%2C%22model_selection_logic%22%3A3%7D&sp_atk=ea3af901-3311-4645-bfae-945fed33a227&xptdk=ea3af901-3311-4645-bfae-945fed33a227,,
https://down-id.img.susercontent.com/file/id-11134207-7ra0m-mdectvancm2d3d,https://down-id.img.susercontent.com/file/id-11134258-7r98w-lyezzaurybot13,Apple iPhone 15 128GB | 256GB | New IBox | Garansi Resmi Indonesia,,Rp,13.250.000,,,,3-5 Hari,https://deo.shopeemobile.com/shopee/modules-federation/live/0/shopee__item-card-standard-v2/0.2.8/pc/76dff349290d20891fc1.svg,3-5 Hari,https://deo.shopeemobile.com/shopee/modules-federation/live/0/shopee__item-card-standard-v2/0.2.8/pc/5dd7b4560d0e2d3190e8.svg,Payakumbuh,,,,,,"Apple iPhone 15 128GB | 256GB | New IBox | Garansi Resmi Indonesia
Rp
13.250.000
3-5 Hari
Payakumbuh",https://shopee.co.id/Apple-iPhone-15-128GB-256GB-New-IBox-Garansi-Resmi-Indonesia-i.1527874531.44212799499?extraParams=%7B%22display_model_id%22%3A276073196784%2C%22model_selection_logic%22%3A3%7D&sp_atk=ee9a1dd8-7074-45d9-a5f6-d8ed579ad328&xptdk=ee9a1dd8-7074-45d9-a5f6-d8ed579ad328,,
https://down-id.img.susercontent.com/file/id-11134207-82251-mi46dphe6b5w1d,https://down-id.img.susercontent.com/file/id-11134258-822ws-mnciva8io4qu2f,Apple iPhone 17 Pro 256GB 512GB 1TB - Garansi Resmi,https://deo.shopeemobile.com/shopee/modules-federation/live/0/shopee__item-card-standard-v2/0.2.8/pc/7c9110f78e069acbced7.png,Rp,24.905.000,Kombo Hemat,https://deo.shopeemobile.com/shopee/modules-federation/live/0/shopee__item-card-standard-v2/0.2.8/pc/d7099d3fd1dfdaf705ab.svg,5.0,3 Terjual,https://deo.shopeemobile.com/shopee/modules-federation/live/0/shopee__item-card-standard-v2/0.2.8/pc/38e203dc86172a6c6560.svg,,https://deo.shopeemobile.com/shopee/modules-federation/live/0/shopee__item-card-standard-v2/0.2.8/pc/5dd7b4560d0e2d3190e8.svg,Jakarta Pusat,,https://deo.shopeemobile.com/shopee/modules-federation/live/0/shopee__item-card-standard-v2/0.2.8/pc/0614b8f0a8fdde22942d.svg,< 2 Hari,,https://deo.shopeemobile.com/shopee/modules-federation/live/0/shopee__item-card-standard-v2/0.2.8/pc/d2a1900a0267d45fd0f5.png,"Apple iPhone 17 Pro 256GB 512GB 1TB - Garansi Resmi
Rp
24.905.000
Kombo Hemat
5.0
3 Terjual
< 2 Hari
Jakarta Pusat",https://shopee.co.id/Apple-iPhone-17-Pro-256GB-512GB-1TB-Garansi-Resmi-i.34907167.53352926035?extraParams=%7B%22display_model_id%22%3A320281970998%2C%22model_selection_logic%22%3A3%7D&sp_atk=395edf20-3b0f-41cc-ba81-f095f51b7016&xptdk=395edf20-3b0f-41cc-ba81-f095f51b7016,,
https://down-id.img.susercontent.com/file/id-11134207-8224r-mipdev90qeiw95,https://down-id.img.susercontent.com/file/id-11134258-7r98w-lyezzaurybot13,New Iphone 14 Garansi Resmi 128GB/256GB,https://deo.shopeemobile.com/shopee/modules-federation/live/0/shopee__item-card-standard-v2/0.2.8/pc/a425c915798471b33e5d.png,Rp,11.550.000,Produk Baru,https://deo.shopeemobile.com/shopee/modules-federation/live/0/shopee__item-card-standard-v2/0.2.8/pc/d7099d3fd1dfdaf705ab.svg,5.0,1 Terjual,https://deo.shopeemobile.com/shopee/modules-federation/live/0/shopee__item-card-standard-v2/0.2.8/pc/38e203dc86172a6c6560.svg,,https://deo.shopeemobile.com/shopee/modules-federation/live/0/shopee__item-card-standard-v2/0.2.8/pc/5dd7b4560d0e2d3190e8.svg,Palembang,,https://deo.shopeemobile.com/shopee/modules-federation/live/0/shopee__item-card-standard-v2/0.2.8/pc/0614b8f0a8fdde22942d.svg,< 2 Hari,,https://deo.shopeemobile.com/shopee/modules-federation/live/0/shopee__item-card-standard-v2/0.2.8/pc/d2a1900a0267d45fd0f5.png,"New Iphone 14 Garansi Resmi 128GB/256GB
Rp
11.550.000
Produk Baru
5.0
1 Terjual
< 2 Hari
Palembang",https://shopee.co.id/New-Iphone-14-Garansi-Resmi-128GB-256GB-i.55287003.50203765166?extraParams=%7B%22display_model_id%22%3A282395848351%2C%22model_selection_logic%22%3A3%7D&sp_atk=180b37d4-27e7-4481-92dd-641976266086&xptdk=180b37d4-27e7-4481-92dd-641976266086,,
https://down-id.img.susercontent.com/file/id-11134207-82250-mifo0unr0mbrd5,https://down-id.img.susercontent.com/file/id-11134258-8224v-mkvw0cu9r7k1a5,iPhone 17 256GB 512GB Garansi Resmi iBox GDN Digimap,https://deo.shopeemobile.com/shopee/modules-federation/live/0/shopee__item-card-standard-v2/0.2.8/pc/e4734dab67ee2f9ebd5a.png,Rp,18.090.000,,https://deo.shopeemobile.com/shopee/modules-federation/live/0/shopee__item-card-standard-v2/0.2.8/pc/d7099d3fd1dfdaf705ab.svg,5.0,2 Terjual,https://deo.shopeemobile.com/shopee/modules-federation/live/0/shopee__item-card-standard-v2/0.2.8/pc/76dff349290d20891fc1.svg,3-5 Hari,https://deo.shopeemobile.com/shopee/modules-federation/live/0/shopee__item-card-standard-v2/0.2.8/pc/5dd7b4560d0e2d3190e8.svg,Kab. Banyumas,,,,,,"iPhone 17 256GB 512GB Garansi Resmi iBox GDN Digimap
Rp
18.090.000
5.0
2 Terjual
3-5 Hari
Kab. Banyumas",https://shopee.co.id/iPhone-17-256GB-512GB-Garansi-Resmi-iBox-GDN-Digimap-i.467406516.50754820377?extraParams=%7B%22display_model_id%22%3A445445859232%2C%22model_selection_logic%22%3A3%7D&sp_atk=a014cad9-87bb-4a68-a6c4-ccadca5a95c6&xptdk=a014cad9-87bb-4a68-a6c4-ccadca5a95c6,,
https://down-id.img.susercontent.com/file/id-11134207-7ra0n-mb44a8u4lg3865,https://down-id.img.susercontent.com/file/id-11134258-822ws-mnciva8io4qu2f,Iphone 15 128gb Ibox Baru Resmi Indonesia,,Rp,12.000.000,,,,1-3 Hari,https://deo.shopeemobile.com/shopee/modules-federation/live/0/shopee__item-card-standard-v2/0.2.8/pc/76dff349290d20891fc1.svg,1-3 Hari,https://deo.shopeemobile.com/shopee/modules-federation/live/0/shopee__item-card-standard-v2/0.2.8/pc/5dd7b4560d0e2d3190e8.svg,Surabaya,,,,,,"Iphone 15 128gb Ibox Baru Resmi Indonesia
Rp
12.000.000
1-3 Hari
Surabaya",https://shopee.co.id/Iphone-15-128gb-Ibox-Baru-Resmi-Indonesia-i.188059247.27530704890?extraParams=%7B%22display_model_id%22%3A252979284930%2C%22model_selection_logic%22%3A3%7D&sp_atk=747e6fb0-8e83-4244-9409-f38c4fc50724&xptdk=747e6fb0-8e83-4244-9409-f38c4fc50724,,
https://down-id.img.susercontent.com/file/id-11134207-7ra0p-mca5d85i9i6d25,https://down-id.img.susercontent.com/file/id-11134258-822wr-mlx5y0tebegw04,"Apple iPhone 15 128GB [Dynamic Island, kamera utama 48MP, Chip A16 Bionic] - Garansi Resmi",https://deo.shopeemobile.com/shopee/modules-federation/live/0/shopee__item-card-standard-v2/0.2.8/pc/e4734dab67ee2f9ebd5a.png,Rp,12.389.000,,https://deo.shopeemobile.com/shopee/modules-federation/live/0/shopee__item-card-standard-v2/0.2.8/pc/d7099d3fd1dfdaf705ab.svg,5.0,3 Terjual,https://deo.shopeemobile.com/shopee/modules-federation/live/0/shopee__item-card-standard-v2/0.2.8/pc/38e203dc86172a6c6560.svg,,https://deo.shopeemobile.com/shopee/modules-federation/live/0/shopee__item-card-standard-v2/0.2.8/pc/5dd7b4560d0e2d3190e8.svg,Madiun,,https://deo.shopeemobile.com/shopee/modules-federation/live/0/shopee__item-card-standard-v2/0.2.8/pc/0614b8f0a8fdde22942d.svg,< 2 Hari,,,"Apple iPhone 15 128GB [Dynamic Island, kamera utama 48MP, Chip A16 Bionic] - Garansi Resmi
Rp
12.389.000
5.0
3 Terjual
< 2 Hari
Madiun",https://shopee.co.id/Apple-iPhone-15-128GB-Dynamic-Island-kamera-utama-48MP-Chip-A16-Bionic-Garansi-Resmi-i.1102776336.44108837374?extraParams=%7B%22display_model_id%22%3A275742621923%2C%22model_selection_logic%22%3A3%7D&sp_atk=04cb47dc-201e-4c37-819b-a9114e1f81bb&xptdk=04cb47dc-201e-4c37-819b-a9114e1f81bb,,
https://down-id.img.susercontent.com/file/id-11134207-822wu-mmui4gqrk7wh01,https://down-id.img.susercontent.com/file/id-11134258-7r98w-lyezzaurybot13,IPhone 17 Pro Max 512GB Cosmic Orange New Segel Garansi IBOX,,Rp,31.110.000,,https://deo.shopeemobile.com/shopee/modules-federation/live/0/shopee__item-card-standard-v2/0.2.8/pc/0614b8f0a8fdde22942d.svg,,< 2 Hari,https://deo.shopeemobile.com/shopee/modules-federation/live/0/shopee__item-card-standard-v2/0.2.8/pc/38e203dc86172a6c6560.svg,,https://deo.shopeemobile.com/shopee/modules-federation/live/0/shopee__item-card-standard-v2/0.2.8/pc/5dd7b4560d0e2d3190e8.svg,Jakarta Selatan,,https://deo.shopeemobile.com/shopee/modules-federation/live/0/shopee__item-card-standard-v2/0.2.8/pc/0614b8f0a8fdde22942d.svg,< 2 Hari,,,"IPhone 17 Pro Max 512GB Cosmic Orange New Segel Garansi IBOX
Rp
31.110.000
< 2 Hari
Jakarta Selatan",https://shopee.co.id/IPhone-17-Pro-Max-512GB-Cosmic-Orange-New-Segel-Garansi-IBOX-i.1242570607.56808507777?extraParams=%7B%22display_model_id%22%3A405754751583%2C%22model_selection_logic%22%3A3%7D&sp_atk=8bdd9f0f-36cd-494b-be3d-738c4d38c388&xptdk=8bdd9f0f-36cd-494b-be3d-738c4d38c388,,
https://down-id.img.susercontent.com/file/id-11134207-8224r-miqvzto3a4g7ee,https://down-id.img.susercontent.com/file/id-11134258-8224v-mkvw0cu9r7k1a5,Iphone 16 128gb Garansi Resmi Unit Segel Bnib,,Rp,14.500.000,,https://deo.shopeemobile.com/shopee/modules-federation/live/0/shopee__item-card-standard-v2/0.2.8/pc/d7099d3fd1dfdaf705ab.svg,5.0,4 Terjual,https://deo.shopeemobile.com/shopee/modules-federation/live/0/shopee__item-card-standard-v2/0.2.8/pc/76dff349290d20891fc1.svg,3-5 Hari,https://deo.shopeemobile.com/shopee/modules-federation/live/0/shopee__item-card-standard-v2/0.2.8/pc/5dd7b4560d0e2d3190e8.svg,Yogyakarta,,,,,,"Iphone 16 128gb Garansi Resmi Unit Segel Bnib
Rp
14.500.000
5.0
4 Terjual
3-5 Hari
Yogyakarta",https://shopee.co.id/Iphone-16-128gb-Garansi-Resmi-Unit-Segel-Bnib-i.1452854481.44064130648?extraParams=%7B%22display_model_id%22%3A340344920044%2C%22model_selection_logic%22%3A3%7D&sp_atk=74b341a9-b0ba-4de0-ab3e-657cc725117b&xptdk=74b341a9-b0ba-4de0-ab3e-657cc725117b,,
https://down-id.img.susercontent.com/file/id-11134207-8224u-mkxkubhyn9xc9f,https://down-id.img.susercontent.com/file/id-11134258-8224v-mkvw0cu9r7k1a5,iphone 15 128 GB New ibox BNIB,https://deo.shopeemobile.com/shopee/modules-federation/live/0/shopee__item-card-standard-v2/0.2.8/pc/a425c915798471b33e5d.png,Rp,12.500.000,,,,2-4 Hari,https://deo.shopeemobile.com/shopee/modules-federation/live/0/shopee__item-card-standard-v2/0.2.8/pc/76dff349290d20891fc1.svg,2-4 Hari,https://deo.shopeemobile.com/shopee/modules-federation/live/0/shopee__item-card-standard-v2/0.2.8/pc/5dd7b4560d0e2d3190e8.svg,Tangerang,,,,,https://deo.shopeemobile.com/shopee/modules-federation/live/0/shopee__item-card-standard-v2/0.2.8/pc/d2a1900a0267d45fd0f5.png,"iphone 15 128 GB New ibox BNIB
Rp
12.500.000
2-4 Hari
Tangerang",https://shopee.co.id/iphone-15-128-GB-New-ibox-BNIB-i.479981697.47256313035?extraParams=%7B%22display_model_id%22%3A297413162871%2C%22model_selection_logic%22%3A3%7D&sp_atk=c14566ac-b553-45a6-8b84-2af0622f46da&xptdk=c14566ac-b553-45a6-8b84-2af0622f46da,,
https://down-id.img.susercontent.com/file/id-11134207-7rbkb-m7u9vhksqd2a98,https://down-id.img.susercontent.com/file/id-11134258-8224v-mkvw0cu9r7k1a5,Apple iPhone 16 128GB Garansi Resmi,https://deo.shopeemobile.com/shopee/modules-federation/live/0/shopee__item-card-standard-v2/0.2.8/pc/7c9110f78e069acbced7.png,Rp,14.689.000,,https://deo.shopeemobile.com/shopee/modules-federation/live/0/shopee__item-card-standard-v2/0.2.8/pc/d7099d3fd1dfdaf705ab.svg,4.8,7 Terjual,https://deo.shopeemobile.com/shopee/modules-federation/live/0/shopee__item-card-standard-v2/0.2.8/pc/38e203dc86172a6c6560.svg,,https://deo.shopeemobile.com/shopee/modules-federation/live/0/shopee__item-card-standard-v2/0.2.8/pc/5dd7b4560d0e2d3190e8.svg,Jakarta Pusat,-8%,https://deo.shopeemobile.com/shopee/modules-federation/live/0/shopee__item-card-standard-v2/0.2.8/pc/0614b8f0a8fdde22942d.svg,< 2 Hari,,,"Apple iPhone 16 128GB Garansi Resmi
Rp
14.689.000
-8%
4.8
7 Terjual
< 2 Hari
Jakarta Pusat",https://shopee.co.id/Apple-iPhone-16-128GB-Garansi-Resmi-i.27662413.25593166103?extraParams=%7B%22display_model_id%22%3A157757223577%2C%22model_selection_logic%22%3A3%7D&sp_atk=f8cba5a9-8844-476b-a544-4b4a78679acd&xptdk=f8cba5a9-8844-476b-a544-4b4a78679acd,,
https://down-id.img.susercontent.com/file/id-11134207-822wg-ml8qnd285u6d5c,https://down-id.img.susercontent.com/file/id-11134258-822ws-mnciva8io4qu2f,Apple Iphone 15 128GB 256GB Dynamic Island,https://deo.shopeemobile.com/shopee/modules-federation/live/0/shopee__item-card-standard-v2/0.2.8/pc/7c9110f78e069acbced7.png,Rp,12.221.000,,https://deo.shopeemobile.com/shopee/modules-federation/live/0/shopee__item-card-standard-v2/0.2.8/pc/0614b8f0a8fdde22942d.svg,,1 Terjual,https://deo.shopeemobile.com/shopee/modules-federation/live/0/shopee__item-card-standard-v2/0.2.8/pc/38e203dc86172a6c6560.svg,,https://deo.shopeemobile.com/shopee/modules-federation/live/0/shopee__item-card-standard-v2/0.2.8/pc/5dd7b4560d0e2d3190e8.svg,Surabaya,,https://deo.shopeemobile.com/shopee/modules-federation/live/0/shopee__item-card-standard-v2/0.2.8/pc/0614b8f0a8fdde22942d.svg,Besok 12:00,,https://deo.shopeemobile.com/shopee/modules-federation/live/0/shopee__item-card-standard-v2/0.2.8/pc/d2a1900a0267d45fd0f5.png,"Apple Iphone 15 128GB 256GB Dynamic Island
Rp
12.221.000
1 Terjual
Besok 12:00
Surabaya",https://shopee.co.id/Apple-Iphone-15-128GB-256GB-Dynamic-Island-i.282971736.43108424144?extraParams=%7B%22display_model_id%22%3A400361781727%2C%22model_selection_logic%22%3A3%7D&sp_atk=38709797-fc49-4c14-93eb-989afe93d8d4&xptdk=38709797-fc49-4c14-93eb-989afe93d8d4,,
https://down-id.img.susercontent.com/file/id-11134207-822ws-mlme6idjxw5g0b,https://down-id.img.susercontent.com/file/id-11134258-7r98w-lyezzaurybot13,iPhone 13 iBox - 128GB (Midnight),,Rp,7.350.000,,https://deo.shopeemobile.com/shopee/modules-federation/live/0/shopee__item-card-standard-v2/0.2.8/pc/d7099d3fd1dfdaf705ab.svg,5.0,1 Terjual,https://deo.shopeemobile.com/shopee/modules-federation/live/0/shopee__item-card-standard-v2/0.2.8/pc/38e203dc86172a6c6560.svg,,https://deo.shopeemobile.com/shopee/modules-federation/live/0/shopee__item-card-standard-v2/0.2.8/pc/5dd7b4560d0e2d3190e8.svg,Medan,,https://deo.shopeemobile.com/shopee/modules-federation/live/0/shopee__item-card-standard-v2/0.2.8/pc/0614b8f0a8fdde22942d.svg,< 2 Hari,,,"iPhone 13 iBox - 128GB (Midnight)
Rp
7.350.000
5.0
1 Terjual
< 2 Hari
Medan",https://shopee.co.id/iPhone-13-iBox-128GB-(Midnight)-i.1515088431.43219091618?extraParams=%7B%22display_model_id%22%3A296564850473%2C%22model_selection_logic%22%3A3%7D&sp_atk=dbd9c196-6af2-4a4d-b35d-bad72699d574&xptdk=dbd9c196-6af2-4a4d-b35d-bad72699d574,,
https://down-id.img.susercontent.com/file/id-11134207-7rbk5-mb29gm772i60df,https://down-id.img.susercontent.com/file/id-11134258-8224v-mkvw0cu9r7k1a5,iPhone 16 Pro 128GB dan Pro Max 256GB iBox NEW BNIB,,Rp,18.399.900,,https://deo.shopeemobile.com/shopee/modules-federation/live/0/shopee__item-card-standard-v2/0.2.8/pc/0614b8f0a8fdde22942d.svg,,< 2 Hari,https://deo.shopeemobile.com/shopee/modules-federation/live/0/shopee__item-card-standard-v2/0.2.8/pc/38e203dc86172a6c6560.svg,,https://deo.shopeemobile.com/shopee/modules-federation/live/0/shopee__item-card-standard-v2/0.2.8/pc/5dd7b4560d0e2d3190e8.svg,Kab. Cirebon,,https://deo.shopeemobile.com/shopee/modules-federation/live/0/shopee__item-card-standard-v2/0.2.8/pc/0614b8f0a8fdde22942d.svg,< 2 Hari,,,"iPhone 16 Pro 128GB dan Pro Max 256GB iBox NEW BNIB
Rp
18.399.900
< 2 Hari
Kab. Cirebon",https://shopee.co.id/iPhone-16-Pro-128GB-dan-Pro-Max-256GB-iBox-NEW-BNIB-i.960116777.29737969226?extraParams=%7B%22display_model_id%22%3A301695679300%2C%22model_selection_logic%22%3A3%7D&sp_atk=35789b1c-351f-444b-919a-57b5a79cded4&xptdk=35789b1c-351f-444b-919a-57b5a79cded4,,
https://down-id.img.susercontent.com/file/id-11134207-8224q-mibdw5cd9mo3f0,https://down-id.img.susercontent.com/file/id-11134258-8224v-mkvw0cu9r7k1a5,New iPhone Air Garansi Resmi 1 Tahun Indonesia,https://deo.shopeemobile.com/shopee/modules-federation/live/0/shopee__item-card-standard-v2/0.2.8/pc/a425c915798471b33e5d.png,Rp,17.899.000,Produk Baru,,,1 Terjual,https://deo.shopeemobile.com/shopee/modules-federation/live/0/shopee__item-card-standard-v2/0.2.8/pc/76dff349290d20891fc1.svg,3-5 Hari,https://deo.shopeemobile.com/shopee/modules-federation/live/0/shopee__item-card-standard-v2/0.2.8/pc/5dd7b4560d0e2d3190e8.svg,Denpasar,,,,,,"New iPhone Air Garansi Resmi 1 Tahun Indonesia
Rp
17.899.000
Produk Baru
1 Terjual
3-5 Hari
Denpasar",https://shopee.co.id/New-iPhone-Air-Garansi-Resmi-1-Tahun-Indonesia-i.877265679.56303154632?extraParams=%7B%22display_model_id%22%3A380304598639%2C%22model_selection_logic%22%3A3%7D&sp_atk=34da9747-e2f5-4c31-8b0a-3893af27c2af&xptdk=34da9747-e2f5-4c31-8b0a-3893af27c2af,,
https://down-id.img.susercontent.com/file/id-11134207-822wn-mlhl9lurzhtvd8,https://down-id.img.susercontent.com/file/id-11134258-7r98w-lyezzaurybot13,IPhone 17 Pro 1TB Silver New BNIB Garansi Resmi Indonesia,,Rp,34.680.000,,https://deo.shopeemobile.com/shopee/modules-federation/live/0/shopee__item-card-standard-v2/0.2.8/pc/0614b8f0a8fdde22942d.svg,,< 2 Hari,https://deo.shopeemobile.com/shopee/modules-federation/live/0/shopee__item-card-standard-v2/0.2.8/pc/38e203dc86172a6c6560.svg,,https://deo.shopeemobile.com/shopee/modules-federation/live/0/shopee__item-card-standard-v2/0.2.8/pc/5dd7b4560d0e2d3190e8.svg,Jakarta Selatan,,https://deo.shopeemobile.com/shopee/modules-federation/live/0/shopee__item-card-standard-v2/0.2.8/pc/0614b8f0a8fdde22942d.svg,< 2 Hari,,,"IPhone 17 Pro 1TB Silver New BNIB Garansi Resmi Indonesia
Rp
34.680.000
< 2 Hari
Jakarta Selatan",https://shopee.co.id/IPhone-17-Pro-1TB-Silver-New-BNIB-Garansi-Resmi-Indonesia-i.1242570607.52456872965?extraParams=%7B%22display_model_id%22%3A335615055328%2C%22model_selection_logic%22%3A3%7D&sp_atk=d8fdcaa2-a0f5-40ee-814c-2da22ed1ea0c&xptdk=d8fdcaa2-a0f5-40ee-814c-2da22ed1ea0c,,
https://down-id.img.susercontent.com/file/id-11134207-822wr-mmh27zoxz2f477,https://down-id.img.susercontent.com/file/id-11134258-822wr-mlx67rtd6r602f,iphone 15 128gb new resmi,https://deo.shopeemobile.com/shopee/modules-federation/live/0/shopee__item-card-standard-v2/0.2.8/pc/e4734dab67ee2f9ebd5a.png,Rp,12.500.000,,,,1-3 Hari,https://deo.shopeemobile.com/shopee/modules-federation/live/0/shopee__item-card-standard-v2/0.2.8/pc/76dff349290d20891fc1.svg,1-3 Hari,https://deo.shopeemobile.com/shopee/modules-federation/live/0/shopee__item-card-standard-v2/0.2.8/pc/5dd7b4560d0e2d3190e8.svg,Surakarta (Solo),,,,,,"iphone 15 128gb new resmi
Rp
12.500.000
1-3 Hari
Surakarta (Solo)",https://shopee.co.id/iphone-15-128gb-new-resmi-i.47268880.42829643614?extraParams=%7B%22display_model_id%22%3A420709825012%2C%22model_selection_logic%22%3A3%7D&sp_atk=70ef00c4-4ea4-433c-a668-967e4f7ab520&xptdk=70ef00c4-4ea4-433c-a668-967e4f7ab520,,
https://down-id.img.susercontent.com/file/id-11134207-822wt-mloksm8mhtz78d,https://down-id.img.susercontent.com/file/id-11134258-822wr-mlx67rtd6r602f,Iphone 15 256gb Ibox New resmi indonesia,https://deo.shopeemobile.com/shopee/modules-federation/live/0/shopee__item-card-standard-v2/0.2.8/pc/e4734dab67ee2f9ebd5a.png,Rp,15.600.000,,https://deo.shopeemobile.com/shopee/modules-federation/live/0/shopee__item-card-standard-v2/0.2.8/pc/0614b8f0a8fdde22942d.svg,,< 2 Hari,https://deo.shopeemobile.com/shopee/modules-federation/live/0/shopee__item-card-standard-v2/0.2.8/pc/38e203dc86172a6c6560.svg,,https://deo.shopeemobile.com/shopee/modules-federation/live/0/shopee__item-card-standard-v2/0.2.8/pc/5dd7b4560d0e2d3190e8.svg,Surakarta (Solo),,https://deo.shopeemobile.com/shopee/modules-federation/live/0/shopee__item-card-standard-v2/0.2.8/pc/0614b8f0a8fdde22942d.svg,< 2 Hari,,,"Iphone 15 256gb Ibox New resmi indonesia
Rp
15.600.000
< 2 Hari
Surakarta (Solo)",https://shopee.co.id/Iphone-15-256gb-Ibox-New-resmi-indonesia-i.1452967692.52507051924?extraParams=%7B%22display_model_id%22%3A350629531013%2C%22model_selection_logic%22%3A3%7D&sp_atk=7d56785d-1290-448a-a5a1-608a4a70bbca&xptdk=7d56785d-1290-448a-a5a1-608a4a70bbca,,
https://down-id.img.susercontent.com/file/sg-11134201-7reon-m8rgy3pwwkd113,https://down-id.img.susercontent.com/file/id-11134258-8224v-mkvw0cu9r7k1a5,[READY STOCK] IPHONEE 15 NEW RAM 128 -  GARANSI RESMI 1 TAHUN,https://deo.shopeemobile.com/shopee/modules-federation/live/0/shopee__item-card-standard-v2/0.2.8/pc/a425c915798471b33e5d.png,Rp,14.749.000,,https://deo.shopeemobile.com/shopee/modules-federation/live/0/shopee__item-card-standard-v2/0.2.8/pc/d7099d3fd1dfdaf705ab.svg,5.0,18 Terjual,https://deo.shopeemobile.com/shopee/modules-federation/live/0/shopee__item-card-standard-v2/0.2.8/pc/38e203dc86172a6c6560.svg,,https://deo.shopeemobile.com/shopee/modules-federation/live/0/shopee__item-card-standard-v2/0.2.8/pc/5dd7b4560d0e2d3190e8.svg,Banjarbaru,,https://deo.shopeemobile.com/shopee/modules-federation/live/0/shopee__item-card-standard-v2/0.2.8/pc/0614b8f0a8fdde22942d.svg,< 2 Hari,,https://deo.shopeemobile.com/shopee/modules-federation/live/0/shopee__item-card-standard-v2/0.2.8/pc/d2a1900a0267d45fd0f5.png,"[READY STOCK] IPHONEE 15 NEW RAM 128 - GARANSI RESMI 1 TAHUN
Rp
14.749.000
5.0
18 Terjual
< 2 Hari
Banjarbaru",https://shopee.co.id/-READY-STOCK-IPHONEE-15-NEW-RAM-128-GARANSI-RESMI-1-TAHUN-i.1285362927.26575575126?extraParams=%7B%22display_model_id%22%3A129291101993%2C%22model_selection_logic%22%3A3%7D&sp_atk=ed86c618-0b40-4ece-a743-c16d9cb3b001&xptdk=ed86c618-0b40-4ece-a743-c16d9cb3b001,,
https://down-id.img.susercontent.com/file/id-11134207-81ztl-mfkm6on7yxaj26,https://down-id.img.susercontent.com/file/id-11134258-7r98w-lyezzaurybot13,Apple iPhone 15 Plus 128GB - New Garansi Resmi,,Rp,14.390.000,,https://deo.shopeemobile.com/shopee/modules-federation/live/0/shopee__item-card-standard-v2/0.2.8/pc/0614b8f0a8fdde22942d.svg,,< 2 Hari,https://deo.shopeemobile.com/shopee/modules-federation/live/0/shopee__item-card-standard-v2/0.2.8/pc/38e203dc86172a6c6560.svg,,https://deo.shopeemobile.com/shopee/modules-federation/live/0/shopee__item-card-standard-v2/0.2.8/pc/5dd7b4560d0e2d3190e8.svg,Depok,,https://deo.shopeemobile.com/shopee/modules-federation/live/0/shopee__item-card-standard-v2/0.2.8/pc/0614b8f0a8fdde22942d.svg,< 2 Hari,,,"Apple iPhone 15 Plus 128GB - New Garansi Resmi
Rp
14.390.000
< 2 Hari
Depok",https://shopee.co.id/Apple-iPhone-15-Plus-128GB-New-Garansi-Resmi-i.1590435275.43173113626?extraParams=%7B%22display_model_id%22%3A149306379734%2C%22model_selection_logic%22%3A3%7D&sp_atk=94b82e65-a514-48dc-81b3-a7d07999274b&xptdk=94b82e65-a514-48dc-81b3-a7d07999274b,,
https://down-id.img.susercontent.com/file/id-11134207-8224t-mkpe1a3926120e,https://down-id.img.susercontent.com/file/id-11134258-8224v-mkvw0cu9r7k1a5,NEW iPhone 16 pro 512gb ibox,,Rp,23.100.000,,https://deo.shopeemobile.com/shopee/modules-federation/live/0/shopee__item-card-standard-v2/0.2.8/pc/0614b8f0a8fdde22942d.svg,,< 2 Hari,https://deo.shopeemobile.com/shopee/modules-federation/live/0/shopee__item-card-standard-v2/0.2.8/pc/38e203dc86172a6c6560.svg,,https://deo.shopeemobile.com/shopee/modules-federation/live/0/shopee__item-card-standard-v2/0.2.8/pc/5dd7b4560d0e2d3190e8.svg,Malang,,https://deo.shopeemobile.com/shopee/modules-federation/live/0/shopee__item-card-standard-v2/0.2.8/pc/0614b8f0a8fdde22942d.svg,< 2 Hari,,,"NEW iPhone 16 pro 512gb ibox
Rp
23.100.000
< 2 Hari
Malang",https://shopee.co.id/NEW-iPhone-16-pro-512gb-ibox-i.160408037.57756210766?extraParams=%7B%22display_model_id%22%3A375563752645%2C%22model_selection_logic%22%3A3%7D&sp_atk=88c588a9-58f6-426e-9287-23288c20fa2a&xptdk=88c588a9-58f6-426e-9287-23288c20fa2a,,
https://down-id.img.susercontent.com/file/id-11134207-822ws-mmmz7x1u9fd07f,https://down-id.img.susercontent.com/file/id-11134258-7r98w-lyezzaurybot13,IPhone 17 Pro 512GB Deep Blue New Segel Garansi Resmi IBox,,Rp,28.305.000,,https://deo.shopeemobile.com/shopee/modules-federation/live/0/shopee__item-card-standard-v2/0.2.8/pc/0614b8f0a8fdde22942d.svg,,< 2 Hari,https://deo.shopeemobile.com/shopee/modules-federation/live/0/shopee__item-card-standard-v2/0.2.8/pc/38e203dc86172a6c6560.svg,,https://deo.shopeemobile.com/shopee/modules-federation/live/0/shopee__item-card-standard-v2/0.2.8/pc/5dd7b4560d0e2d3190e8.svg,Jakarta Selatan,,https://deo.shopeemobile.com/shopee/modules-federation/live/0/shopee__item-card-standard-v2/0.2.8/pc/0614b8f0a8fdde22942d.svg,< 2 Hari,,,"IPhone 17 Pro 512GB Deep Blue New Segel Garansi Resmi IBox
Rp
28.305.000
< 2 Hari
Jakarta Selatan",https://shopee.co.id/IPhone-17-Pro-512GB-Deep-Blue-New-Segel-Garansi-Resmi-IBox-i.1242570607.27694518131?extraParams=%7B%22display_model_id%22%3A405730673715%2C%22model_selection_logic%22%3A3%7D&sp_atk=058e6d8b-b5c3-49c9-94e8-47743347842a&xptdk=058e6d8b-b5c3-49c9-94e8-47743347842a,,
