-image-yazkc-11,-image-yazkc-11_2,text-sm,inline-block,text-xs/sp14,font-medium,text-shopee-primary,pointer-events-none,text-ellipsis,truncate,img,text-xs/sp14_2,text-xs,pointer-events-none_2,text-shopee-green,pointer-events-none_3,align-middle,w-auto,text-white,_container,_container_link,text-white_2,text-xs/sp14_3,img_2
https://down-id.img.susercontent.com/file/id-11134207-82252-mh8viyzv69e676,https://down-id.img.susercontent.com/file/id-11134258-822wp-mnaxy73qunep28,iPhone 13 ex iBox Beacukai IMEI Permanen Garansi 12 Bln 100% Original Second IP Fullset,https://deo.shopeemobile.com/shopee/modules-federation/live/0/shopee__item-card-standard-v2/0.2.8/pc/e4734dab67ee2f9ebd5a.png,Rp,7.744.000,-24%,https://deo.shopeemobile.com/shopee/modules-federation/live/0/shopee__item-card-standard-v2/0.2.8/pc/b4d1b8a78b3621dbdf4a.svg,https://deo.shopeemobile.com/shopee/modules-federation/live/0/shopee__item-card-standard-v2/0.2.8/pc/d2a1900a0267d45fd0f5.png,Hadiah Gratis,https://deo.shopeemobile.com/shopee/modules-federation/live/0/shopee__item-card-standard-v2/0.2.8/pc/d7099d3fd1dfdaf705ab.svg,4.9,3RB+ Terjual,https://deo.shopeemobile.com/shopee/modules-federation/live/0/shopee__item-card-standard-v2/0.2.8/pc/76dff349290d20891fc1.svg,2-4 Hari,https://deo.shopeemobile.com/shopee/modules-federation/live/0/shopee__item-card-standard-v2/0.2.8/pc/5dd7b4560d0e2d3190e8.svg,Jakarta Selatan,,,"iPhone 13 ex iBox Beacukai IMEI Permanen Garansi 12 Bln 100% Original Second IP Fullset
Rp
7.744.000
-24%
Hadiah Gratis
4.9
3RB+ Terjual
2-4 Hari
Jakarta Selatan",https://shopee.co.id/iPhone-13-ex-iBox-Beacukai-IMEI-Permanen-Garansi-12-Bln-100-Original-Second-IP-Fullset-i.1437255344.26827366384?extraParams=%7B%22display_model_id%22%3A242720744561%2C%22model_selection_logic%22%3A3%7D&sp_atk=69ddbcb5-eb18-41b1-9a73-27b5429d60bf&xptdk=69ddbcb5-eb18-41b1-9a73-27b5429d60bf,,,
https://down-id.img.susercontent.com/file/id-11134207-82250-mh8viyzuxtzi5c,https://down-id.img.susercontent.com/file/id-11134258-822wp-mnaxy73qunep28,iPhone 15 ex iBox Beacukai IMEI Permanen Garansi 12 Bln 100% Original Second Resmi FULLSET BC 128GB 256GB 512GB,https://deo.shopeemobile.com/shopee/modules-federation/live/0/shopee__item-card-standard-v2/0.2.8/pc/e4734dab67ee2f9ebd5a.png,Rp,10.499.000,-28%,https://deo.shopeemobile.com/shopee/modules-federation/live/0/shopee__item-card-standard-v2/0.2.8/pc/b4d1b8a78b3621dbdf4a.svg,https://deo.shopeemobile.com/shopee/modules-federation/live/0/shopee__item-card-standard-v2/0.2.8/pc/d2a1900a0267d45fd0f5.png,Hadiah Gratis,https://deo.shopeemobile.com/shopee/modules-federation/live/0/shopee__item-card-standard-v2/0.2.8/pc/d7099d3fd1dfdaf705ab.svg,5.0,1RB+ Terjual,https://deo.shopeemobile.com/shopee/modules-federation/live/0/shopee__item-card-standard-v2/0.2.8/pc/76dff349290d20891fc1.svg,2-4 Hari,https://deo.shopeemobile.com/shopee/modules-federation/live/0/shopee__item-card-standard-v2/0.2.8/pc/5dd7b4560d0e2d3190e8.svg,Jakarta Selatan,,,"iPhone 15 ex iBox Beacukai IMEI Permanen Garansi 12 Bln 100% Original Second Resmi FULLSET BC 128GB 256GB 512GB
Rp
10.499.000
-28%
Hadiah Gratis
5.0
1RB+ Terjual
2-4 Hari
Jakarta Selatan",https://shopee.co.id/iPhone-15-ex-iBox-Beacukai-IMEI-Permanen-Garansi-12-Bln-100-Original-Second-Resmi-FULLSET-BC-128GB-256GB-512GB-i.1437255344.26027463688?extraParams=%7B%22display_model_id%22%3A195817979601%2C%22model_selection_logic%22%3A3%7D&sp_atk=29f51922-a570-4642-ad31-b234fac0e8e4&xptdk=29f51922-a570-4642-ad31-b234fac0e8e4,,,
https://down-id.img.susercontent.com/file/id-11134207-8224v-mh8viyzuz8jy3e,https://down-id.img.susercontent.com/file/id-11134258-822wp-mnaxy73qunep28,iPhone 13 Pro Max ex iBox Beacukai IMEI Permanen Garansi 12 Bln 100% Original Second iPhone FULLSET 128GB 256GB 512GB 1TB,https://deo.shopeemobile.com/shopee/modules-federation/live/0/shopee__item-card-standard-v2/0.2.8/pc/e4734dab67ee2f9ebd5a.png,Rp,9.979.227,-36%,https://deo.shopeemobile.com/shopee/modules-federation/live/0/shopee__item-card-standard-v2/0.2.8/pc/b4d1b8a78b3621dbdf4a.svg,https://deo.shopeemobile.com/shopee/modules-federation/live/0/shopee__item-card-standard-v2/0.2.8/pc/d2a1900a0267d45fd0f5.png,Hadiah Gratis,https://deo.shopeemobile.com/shopee/modules-federation/live/0/shopee__item-card-standard-v2/0.2.8/pc/d7099d3fd1dfdaf705ab.svg,4.9,1RB+ Terjual,https://deo.shopeemobile.com/shopee/modules-federation/live/0/shopee__item-card-standard-v2/0.2.8/pc/76dff349290d20891fc1.svg,2-4 Hari,https://deo.shopeemobile.com/shopee/modules-federation/live/0/shopee__item-card-standard-v2/0.2.8/pc/5dd7b4560d0e2d3190e8.svg,Jakarta Selatan,,,"iPhone 13 Pro Max ex iBox Beacukai IMEI Permanen Garansi 12 Bln 100% Original Second iPhone FULLSET 128GB 256GB 512GB 1TB
Rp
9.979.227
-36%
Hadiah Gratis
4.9
1RB+ Terjual
2-4 Hari
Jakarta Selatan",https://shopee.co.id/iPhone-13-Pro-Max-ex-iBox-Beacukai-IMEI-Permanen-Garansi-12-Bln-100-Original-Second-iPhone-FULLSET-128GB-256GB-512GB-1TB-i.1437255344.26077462969?extraParams=%7B%22display_model_id%22%3A252721319867%2C%22model_selection_logic%22%3A3%7D&sp_atk=3aaf4855-2d08-4dbf-94ad-9262d2c79754&xptdk=3aaf4855-2d08-4dbf-94ad-9262d2c79754,,,
https://down-id.img.susercontent.com/file/id-11134207-82251-mh8vns18untbb7,https://down-id.img.susercontent.com/file/id-11134258-822wp-mnaxy73qunep28,iPhone 12 Pro Max ex iBox Beacukai IMEI Permanen Garansi 12 Bln 100% Original Second iPhone FULLSET 128GB 256GB 512GB,https://deo.shopeemobile.com/shopee/modules-federation/live/0/shopee__item-card-standard-v2/0.2.8/pc/e4734dab67ee2f9ebd5a.png,Rp,8.699.000,-32%,https://deo.shopeemobile.com/shopee/modules-federation/live/0/shopee__item-card-standard-v2/0.2.8/pc/b4d1b8a78b3621dbdf4a.svg,https://deo.shopeemobile.com/shopee/modules-federation/live/0/shopee__item-card-standard-v2/0.2.8/pc/d2a1900a0267d45fd0f5.png,Hadiah Gratis,https://deo.shopeemobile.com/shopee/modules-federation/live/0/shopee__item-card-standard-v2/0.2.8/pc/d7099d3fd1dfdaf705ab.svg,4.9,527 Terjual,https://deo.shopeemobile.com/shopee/modules-federation/live/0/shopee__item-card-standard-v2/0.2.8/pc/76dff349290d20891fc1.svg,2-4 Hari,https://deo.shopeemobile.com/shopee/modules-federation/live/0/shopee__item-card-standard-v2/0.2.8/pc/5dd7b4560d0e2d3190e8.svg,Jakarta Selatan,,,"iPhone 12 Pro Max ex iBox Beacukai IMEI Permanen Garansi 12 Bln 100% Original Second iPhone FULLSET 128GB 256GB 512GB
Rp
8.699.000
-32%
Hadiah Gratis
4.9
527 Terjual
2-4 Hari
Jakarta Selatan",https://shopee.co.id/iPhone-12-Pro-Max-ex-iBox-Beacukai-IMEI-Permanen-Garansi-12-Bln-100-Original-Second-iPhone-FULLSET-128GB-256GB-512GB-i.1437255344.28427376868?extraParams=%7B%22display_model_id%22%3A188245951777%2C%22model_selection_logic%22%3A3%7D&sp_atk=cab26713-2a22-4aeb-a47b-aa3408b78414&xptdk=cab26713-2a22-4aeb-a47b-aa3408b78414,,,
https://down-id.img.susercontent.com/file/id-11134207-8224q-mh8vns18t98v67,https://down-id.img.susercontent.com/file/id-11134258-822wp-mnaxy73qunep28,iPhone 11 ex iBox Beacukai IMEI Permanen Garansi 12 Bln 100% Original Second iPhone FULLSET 64GB 128GB 256GB,https://deo.shopeemobile.com/shopee/modules-federation/live/0/shopee__item-card-standard-v2/0.2.8/pc/e4734dab67ee2f9ebd5a.png,Rp,4.899.000,-32%,https://deo.shopeemobile.com/shopee/modules-federation/live/0/shopee__item-card-standard-v2/0.2.8/pc/b4d1b8a78b3621dbdf4a.svg,https://deo.shopeemobile.com/shopee/modules-federation/live/0/shopee__item-card-standard-v2/0.2.8/pc/d2a1900a0267d45fd0f5.png,Hadiah Gratis,https://deo.shopeemobile.com/shopee/modules-federation/live/0/shopee__item-card-standard-v2/0.2.8/pc/d7099d3fd1dfdaf705ab.svg,4.9,2RB+ Terjual,https://deo.shopeemobile.com/shopee/modules-federation/live/0/shopee__item-card-standard-v2/0.2.8/pc/76dff349290d20891fc1.svg,2-4 Hari,https://deo.shopeemobile.com/shopee/modules-federation/live/0/shopee__item-card-standard-v2/0.2.8/pc/5dd7b4560d0e2d3190e8.svg,Jakarta Selatan,,,"iPhone 11 ex iBox Beacukai IMEI Permanen Garansi 12 Bln 100% Original Second iPhone FULLSET 64GB 128GB 256GB
Rp
4.899.000
-32%
Hadiah Gratis
4.9
2RB+ Terjual
2-4 Hari
Jakarta Selatan",https://shopee.co.id/iPhone-11-ex-iBox-Beacukai-IMEI-Permanen-Garansi-12-Bln-100-Original-Second-iPhone-FULLSET-64GB-128GB-256GB-i.1437255344.28377371619?extraParams=%7B%22display_model_id%22%3A233847569858%2C%22model_selection_logic%22%3A3%7D&sp_atk=52d0391b-e311-4f5e-926d-5781dfb9d02e&xptdk=52d0391b-e311-4f5e-926d-5781dfb9d02e,,,
https://down-id.img.susercontent.com/file/id-11134207-8224o-mh8trjjq4yyw2f,https://down-id.img.susercontent.com/file/id-11134258-822wp-mnaxy73qunep28,iPhone 12 ex iBox Beacukai IMEI Permanen Garansi 12 Bln 100% Original Second Resmi FULLSET BC 128GB 256GB 512GB 1TB,https://deo.shopeemobile.com/shopee/modules-federation/live/0/shopee__item-card-standard-v2/0.2.8/pc/e4734dab67ee2f9ebd5a.png,Rp,5.799.000,-31%,https://deo.shopeemobile.com/shopee/modules-federation/live/0/shopee__item-card-standard-v2/0.2.8/pc/b4d1b8a78b3621dbdf4a.svg,https://deo.shopeemobile.com/shopee/modules-federation/live/0/shopee__item-card-standard-v2/0.2.8/pc/d2a1900a0267d45fd0f5.png,Hadiah Gratis,https://deo.shopeemobile.com/shopee/modules-federation/live/0/shopee__item-card-standard-v2/0.2.8/pc/d7099d3fd1dfdaf705ab.svg,4.9,1RB+ Terjual,https://deo.shopeemobile.com/shopee/modules-federation/live/0/shopee__item-card-standard-v2/0.2.8/pc/76dff349290d20891fc1.svg,2-4 Hari,https://deo.shopeemobile.com/shopee/modules-federation/live/0/shopee__item-card-standard-v2/0.2.8/pc/5dd7b4560d0e2d3190e8.svg,Jakarta Selatan,,,"iPhone 12 ex iBox Beacukai IMEI Permanen Garansi 12 Bln 100% Original Second Resmi FULLSET BC 128GB 256GB 512GB 1TB
Rp
5.799.000
-31%
Hadiah Gratis
4.9
1RB+ Terjual
2-4 Hari
Jakarta Selatan",https://shopee.co.id/iPhone-12-ex-iBox-Beacukai-IMEI-Permanen-Garansi-12-Bln-100-Original-Second-Resmi-FULLSET-BC-128GB-256GB-512GB-1TB-i.1437255344.25591856419?extraParams=%7B%22display_model_id%22%3A237419038296%2C%22model_selection_logic%22%3A3%7D&sp_atk=ed4a5018-6f69-4aa6-9f8d-85dbe89a61da&xptdk=ed4a5018-6f69-4aa6-9f8d-85dbe89a61da,,,
https://down-id.img.susercontent.com/file/id-11134207-8224t-mjno9ixbsw069f,https://down-id.img.susercontent.com/file/id-11134258-822wp-mnaxy73qunep28,iPhone 13 Pro ex iBox Beacukai IMEI Permanen Garansi 12 Bln 100% Original Second Resmi FULLSET BC 128GB 256GB 512GB 1TB,https://deo.shopeemobile.com/shopee/modules-federation/live/0/shopee__item-card-standard-v2/0.2.8/pc/e4734dab67ee2f9ebd5a.png,Rp,9.719.000,-32%,https://deo.shopeemobile.com/shopee/modules-federation/live/0/shopee__item-card-standard-v2/0.2.8/pc/b4d1b8a78b3621dbdf4a.svg,https://deo.shopeemobile.com/shopee/modules-federation/live/0/shopee__item-card-standard-v2/0.2.8/pc/d2a1900a0267d45fd0f5.png,Hadiah Gratis,https://deo.shopeemobile.com/shopee/modules-federation/live/0/shopee__item-card-standard-v2/0.2.8/pc/d7099d3fd1dfdaf705ab.svg,4.9,615 Terjual,https://deo.shopeemobile.com/shopee/modules-federation/live/0/shopee__item-card-standard-v2/0.2.8/pc/76dff349290d20891fc1.svg,2-4 Hari,https://deo.shopeemobile.com/shopee/modules-federation/live/0/shopee__item-card-standard-v2/0.2.8/pc/5dd7b4560d0e2d3190e8.svg,Jakarta Selatan,,,"iPhone 13 Pro ex iBox Beacukai IMEI Permanen Garansi 12 Bln 100% Original Second Resmi FULLSET BC 128GB 256GB 512GB 1TB
Rp
9.719.000
-32%
Hadiah Gratis
4.9
615 Terjual
2-4 Hari
Jakarta Selatan",https://shopee.co.id/iPhone-13-Pro-ex-iBox-Beacukai-IMEI-Permanen-Garansi-12-Bln-100-Original-Second-Resmi-FULLSET-BC-128GB-256GB-512GB-1TB-i.1437255344.26027453678?extraParams=%7B%22display_model_id%22%3A176988815831%2C%22model_selection_logic%22%3A3%7D&sp_atk=bb4d8dc7-5f3d-4bc7-8dc7-1b17119497b0&xptdk=bb4d8dc7-5f3d-4bc7-8dc7-1b17119497b0,,,
https://down-id.img.susercontent.com/file/id-11134207-822ws-mn9rk5g25vcye8,https://down-id.img.susercontent.com/file/id-11134258-8224v-mkvw0cu9r7k1a5,iPhone 14 128GB BH95+ NO SIM WIFI ONLY  FULLSET MULUS SECOND GOOD CONDITIONS,,Rp,3.480.000,-40%,https://deo.shopeemobile.com/shopee/modules-federation/live/0/shopee__item-card-standard-v2/0.2.8/pc/b4d1b8a78b3621dbdf4a.svg,,,,,3-6 Hari,https://deo.shopeemobile.com/shopee/modules-federation/live/0/shopee__item-card-standard-v2/0.2.8/pc/76dff349290d20891fc1.svg,3-6 Hari,https://deo.shopeemobile.com/shopee/modules-federation/live/0/shopee__item-card-standard-v2/0.2.8/pc/5dd7b4560d0e2d3190e8.svg,Jakarta Timur,,,"iPhone 14 128GB BH95+ NO SIM WIFI ONLY FULLSET MULUS SECOND GOOD CONDITIONS
Rp
3.480.000
-40%
3-6 Hari
Jakarta Timur",https://shopee.co.id/iPhone-14-128GB-BH95-NO-SIM-WIFI-ONLY-FULLSET-MULUS-SECOND-GOOD-CONDITIONS-i.1653628951.47709180163?extraParams=%7B%22display_model_id%22%3A360810855338%2C%22model_selection_logic%22%3A3%7D&sp_atk=549d8a58-c1c3-4b20-a05c-12286af89ae0&xptdk=549d8a58-c1c3-4b20-a05c-12286af89ae0,,,
https://down-id.img.susercontent.com/file/id-11134207-822wp-mmr9kjvq2akk59,https://down-id.img.susercontent.com/file/id-11134258-8224v-mkvw0cu9r7k1a5,Apple iPhone 14 512GB 256GB 128GB FULLSET  SECOND iINTER ORIGINAL BERGARANSI,https://deo.shopeemobile.com/shopee/modules-federation/live/0/shopee__item-card-standard-v2/0.2.8/pc/a425c915798471b33e5d.png,Rp,3.999.000,-27%,,https://deo.shopeemobile.com/shopee/modules-federation/live/0/shopee__item-card-standard-v2/0.2.8/pc/d2a1900a0267d45fd0f5.png,,https://deo.shopeemobile.com/shopee/modules-federation/live/0/shopee__item-card-standard-v2/0.2.8/pc/d7099d3fd1dfdaf705ab.svg,4.9,1RB+ Terjual,,,https://deo.shopeemobile.com/shopee/modules-federation/live/0/shopee__item-card-standard-v2/0.2.8/pc/5dd7b4560d0e2d3190e8.svg,Jakarta Barat,,,"Apple iPhone 14 512GB 256GB 128GB FULLSET SECOND iINTER ORIGINAL BERGARANSI
Rp
3.999.000
-27%
4.9
1RB+ Terjual
Jakarta Barat",https://shopee.co.id/Apple-iPhone-14-512GB-256GB-128GB-FULLSET-SECOND-iINTER-ORIGINAL-BERGARANSI-i.919711412.53906624217?extraParams=%7B%22display_model_id%22%3A430740372169%2C%22model_selection_logic%22%3A3%7D&sp_atk=768a6dfb-0523-4881-b865-e18ece0e05b0&xptdk=768a6dfb-0523-4881-b865-e18ece0e05b0,,,
https://down-id.img.susercontent.com/file/id-11134207-8224q-mh8trjjqal8oe4,https://down-id.img.susercontent.com/file/id-11134258-822wp-mnaxy73qunep28,iPhone 11 Pro Max ex iBox Beacukai IMEI Permanen Garansi 12 Bln 100% Original Second iPhone FULLSET 64GB 256GB 512GB 1TB,https://deo.shopeemobile.com/shopee/modules-federation/live/0/shopee__item-card-standard-v2/0.2.8/pc/e4734dab67ee2f9ebd5a.png,Rp,6.199.000,-21%,https://deo.shopeemobile.com/shopee/modules-federation/live/0/shopee__item-card-standard-v2/0.2.8/pc/b4d1b8a78b3621dbdf4a.svg,https://deo.shopeemobile.com/shopee/modules-federation/live/0/shopee__item-card-standard-v2/0.2.8/pc/d2a1900a0267d45fd0f5.png,Hadiah Gratis,https://deo.shopeemobile.com/shopee/modules-federation/live/0/shopee__item-card-standard-v2/0.2.8/pc/d7099d3fd1dfdaf705ab.svg,4.9,440 Terjual,https://deo.shopeemobile.com/shopee/modules-federation/live/0/shopee__item-card-standard-v2/0.2.8/pc/76dff349290d20891fc1.svg,2-4 Hari,https://deo.shopeemobile.com/shopee/modules-federation/live/0/shopee__item-card-standard-v2/0.2.8/pc/5dd7b4560d0e2d3190e8.svg,Jakarta Selatan,,,"iPhone 11 Pro Max ex iBox Beacukai IMEI Permanen Garansi 12 Bln 100% Original Second iPhone FULLSET 64GB 256GB 512GB 1TB
Rp
6.199.000
-21%
Hadiah Gratis
4.9
440 Terjual
2-4 Hari
Jakarta Selatan",https://shopee.co.id/iPhone-11-Pro-Max-ex-iBox-Beacukai-IMEI-Permanen-Garansi-12-Bln-100-Original-Second-iPhone-FULLSET-64GB-256GB-512GB-1TB-i.1437255344.25895377270?extraParams=%7B%22display_model_id%22%3A270217235338%2C%22model_selection_logic%22%3A3%7D&sp_atk=f73b0127-b74a-4268-b23c-0f09fd3d4e11&xptdk=f73b0127-b74a-4268-b23c-0f09fd3d4e11,,,
https://down-id.img.susercontent.com/file/id-11134207-822wn-mn5ssq7vg075ba,https://down-id.img.susercontent.com/file/id-11134258-7r98w-lyezzaurybot13,Iphone 11/12/13 ex iBox dan inter tersedia baru dan second,,Rp,2.490.000,-1%,https://deo.shopeemobile.com/shopee/modules-federation/live/0/shopee__item-card-standard-v2/0.2.8/pc/b4d1b8a78b3621dbdf4a.svg,https://deo.shopeemobile.com/shopee/modules-federation/live/0/shopee__item-card-standard-v2/0.2.8/pc/d2a1900a0267d45fd0f5.png,Hadiah Gratis,,,3-6 Hari,https://deo.shopeemobile.com/shopee/modules-federation/live/0/shopee__item-card-standard-v2/0.2.8/pc/76dff349290d20891fc1.svg,3-6 Hari,https://deo.shopeemobile.com/shopee/modules-federation/live/0/shopee__item-card-standard-v2/0.2.8/pc/5dd7b4560d0e2d3190e8.svg,Kab. Tangerang,,,"Iphone 11/12/13 ex iBox dan inter tersedia baru dan second
Rp
2.490.000
-1%
Hadiah Gratis
3-6 Hari
Kab. Tangerang",https://shopee.co.id/Iphone-11-12-13-ex-iBox-dan-inter-tersedia-baru-dan-second-i.310228063.44609036505?extraParams=%7B%22display_model_id%22%3A310800106048%2C%22model_selection_logic%22%3A3%7D&sp_atk=8014a441-ea4a-497e-8dd9-13827f110cf2&xptdk=8014a441-ea4a-497e-8dd9-13827f110cf2,,,
https://down-id.img.susercontent.com/file/id-11134207-822wh-mmuiv7oc5gqqee,https://down-id.img.susercontent.com/file/id-11134258-7r98w-lyezzaurybot13,[LSPreloved] iPhone 13 256GB Pink Second Inter Mulus,,Rp,5.775.000,,,,,https://deo.shopeemobile.com/shopee/modules-federation/live/0/shopee__item-card-standard-v2/0.2.8/pc/0614b8f0a8fdde22942d.svg,,< 2 Hari,https://deo.shopeemobile.com/shopee/modules-federation/live/0/shopee__item-card-standard-v2/0.2.8/pc/38e203dc86172a6c6560.svg,,https://deo.shopeemobile.com/shopee/modules-federation/live/0/shopee__item-card-standard-v2/0.2.8/pc/5dd7b4560d0e2d3190e8.svg,Jakarta Barat,https://deo.shopeemobile.com/shopee/modules-federation/live/0/shopee__item-card-standard-v2/0.2.8/pc/0614b8f0a8fdde22942d.svg,< 2 Hari,"[LSPreloved] iPhone 13 256GB Pink Second Inter Mulus
Rp
5.775.000
< 2 Hari
Jakarta Barat",https://shopee.co.id/-LSPreloved-iPhone-13-256GB-Pink-Second-Inter-Mulus-i.9238620.52908498251?extraParams=%7B%22display_model_id%22%3A249203912091%2C%22model_selection_logic%22%3A3%7D&sp_atk=d0811f20-94bb-476c-8590-d3aece191662&xptdk=d0811f20-94bb-476c-8590-d3aece191662,,,
https://down-id.img.susercontent.com/file/id-11134207-822wu-mlb49kryp2pw0a,https://down-id.img.susercontent.com/file/id-11134258-7r98w-lyezzaurybot13,Iphone 14 256gb second original,,Rp,3.500.000,,,,,https://deo.shopeemobile.com/shopee/modules-federation/live/0/shopee__item-card-standard-v2/0.2.8/pc/0614b8f0a8fdde22942d.svg,,< 2 Hari,https://deo.shopeemobile.com/shopee/modules-federation/live/0/shopee__item-card-standard-v2/0.2.8/pc/38e203dc86172a6c6560.svg,,https://deo.shopeemobile.com/shopee/modules-federation/live/0/shopee__item-card-standard-v2/0.2.8/pc/5dd7b4560d0e2d3190e8.svg,Jakarta Timur,https://deo.shopeemobile.com/shopee/modules-federation/live/0/shopee__item-card-standard-v2/0.2.8/pc/0614b8f0a8fdde22942d.svg,< 2 Hari,"Iphone 14 256gb second original
Rp
3.500.000
< 2 Hari
Jakarta Timur",https://shopee.co.id/Iphone-14-256gb-second-original-i.141739424.46706646464?extraParams=%7B%22display_model_id%22%3A385595348349%2C%22model_selection_logic%22%3A3%7D&sp_atk=3d200cbc-c208-4e27-9464-2b6f65fab243&xptdk=3d200cbc-c208-4e27-9464-2b6f65fab243,,,
https://down-id.img.susercontent.com/file/id-11134207-81ztg-mf724pwxeaywba,https://down-id.img.susercontent.com/file/id-11134258-8224v-mkvw0cu9r7k1a5,iP12 RAM256GB128GB64GB Second BEKAS ORIGINAL100%MULUS NORMAL FULLSET Kondisi Perfect 12mini / iPhone,https://deo.shopeemobile.com/shopee/modules-federation/live/0/shopee__item-card-standard-v2/0.2.8/pc/e4734dab67ee2f9ebd5a.png,Rp,3.500.000,-13%,https://deo.shopeemobile.com/shopee/modules-federation/live/0/shopee__item-card-standard-v2/0.2.8/pc/b4d1b8a78b3621dbdf4a.svg,https://deo.shopeemobile.com/shopee/modules-federation/live/0/shopee__item-card-standard-v2/0.2.8/pc/d2a1900a0267d45fd0f5.png,,https://deo.shopeemobile.com/shopee/modules-federation/live/0/shopee__item-card-standard-v2/0.2.8/pc/d7099d3fd1dfdaf705ab.svg,4.8,1RB+ Terjual,https://deo.shopeemobile.com/shopee/modules-federation/live/0/shopee__item-card-standard-v2/0.2.8/pc/76dff349290d20891fc1.svg,2-4 Hari,https://deo.shopeemobile.com/shopee/modules-federation/live/0/shopee__item-card-standard-v2/0.2.8/pc/5dd7b4560d0e2d3190e8.svg,Jakarta Barat,,,"iP12 RAM256GB128GB64GB Second BEKAS ORIGINAL100%MULUS NORMAL FULLSET Kondisi Perfect 12mini / iPhone
Rp
3.500.000
-13%
4.8
1RB+ Terjual
2-4 Hari
Jakarta Barat",https://shopee.co.id/iP12-RAM256GB128GB64GB-Second-BEKAS-ORIGINAL100-MULUS-NORMAL-FULLSET-Kondisi-Perfect-12mini-iPhone-i.1207128718.27481029787?extraParams=%7B%22display_model_id%22%3A258004664969%2C%22model_selection_logic%22%3A3%7D&sp_atk=5290eede-99c9-430c-a3ed-d3aaaf35fc04&xptdk=5290eede-99c9-430c-a3ed-d3aaaf35fc04,,,
https://down-id.img.susercontent.com/file/sg-11134201-81ztw-mmr4hldsyex142,,Iphone 11 IP 11 Second 256GB/128GB/64GB Normal Inter Original 100% FULLSET MULUS Tali Gantungan Ponsel,,Rp,2.090.000,-56%,,https://deo.shopeemobile.com/shopee/modules-federation/live/0/shopee__item-card-standard-v2/0.2.8/pc/d2a1900a0267d45fd0f5.png,,https://deo.shopeemobile.com/shopee/modules-federation/live/0/shopee__item-card-standard-v2/0.2.8/pc/d7099d3fd1dfdaf705ab.svg,5.0,1 Terjual,,,https://deo.shopeemobile.com/shopee/modules-federation/live/0/shopee__item-card-standard-v2/0.2.8/pc/5dd7b4560d0e2d3190e8.svg,Malang,,,"Iphone 11 IP 11 Second 256GB/128GB/64GB Normal Inter Original 100% FULLSET MULUS Tali Gantungan Ponsel
Rp
2.090.000
-56%
5.0
1 Terjual
Malang",https://shopee.co.id/Iphone-11-IP-11-Second-256GB-128GB-64GB-Normal-Inter-Original-100-FULLSET-MULUS-Tali-Gantungan-Ponsel-i.1786700569.48908348421?extraParams=%7B%22display_model_id%22%3A445739532285%2C%22model_selection_logic%22%3A3%7D&sp_atk=6cf96d25-4437-4347-bc1b-25ce88837b0b&xptdk=6cf96d25-4437-4347-bc1b-25ce88837b0b,,,
https://down-id.img.susercontent.com/file/id-11134207-822wg-mlx7uafa00e94e,https://down-id.img.susercontent.com/file/id-11134258-7r98w-lyezzaurybot13,iphone 13 prelove,,Rp,3.800.000,,,,,,,2-4 Hari,https://deo.shopeemobile.com/shopee/modules-federation/live/0/shopee__item-card-standard-v2/0.2.8/pc/76dff349290d20891fc1.svg,2-4 Hari,https://deo.shopeemobile.com/shopee/modules-federation/live/0/shopee__item-card-standard-v2/0.2.8/pc/5dd7b4560d0e2d3190e8.svg,Kab. Sidoarjo,,,"iphone 13 prelove
Rp
3.800.000
2-4 Hari
Kab. Sidoarjo",https://shopee.co.id/iphone-13-prelove-i.265872448.56007313237?extraParams=%7B%22display_model_id%22%3A355650958993%2C%22model_selection_logic%22%3A3%7D&sp_atk=7d581eba-09c9-4541-abd6-3cf7a8aea262&xptdk=7d581eba-09c9-4541-abd6-3cf7a8aea262,,,
https://down-id.img.susercontent.com/file/id-11134207-822wu-mmrhib87oa2uca,,"iPhone 12 Second Original 128GB -Ungu, Fisik Mulus, Face ID Aktif, Garansi 7 Hari",,Rp,2.154.000,,,,,,,4-6 Hari,https://deo.shopeemobile.com/shopee/modules-federation/live/0/shopee__item-card-standard-v2/0.2.8/pc/76dff349290d20891fc1.svg,4-6 Hari,https://deo.shopeemobile.com/shopee/modules-federation/live/0/shopee__item-card-standard-v2/0.2.8/pc/5dd7b4560d0e2d3190e8.svg,Kab. Banyumas,,,"iPhone 12 Second Original 128GB -Ungu, Fisik Mulus, Face ID Aktif, Garansi 7 Hari
Rp
2.154.000
4-6 Hari
Kab. Banyumas",https://shopee.co.id/iPhone-12-Second-Original-128GB-Ungu-Fisik-Mulus-Face-ID-Aktif-Garansi-7-Hari-i.987789660.49908364577?extraParams=%7B%22display_model_id%22%3A365741347365%2C%22model_selection_logic%22%3A3%7D&sp_atk=97d54f0b-3fff-41aa-82d1-6e0fd21588da&xptdk=97d54f0b-3fff-41aa-82d1-6e0fd21588da,,,
https://down-id.img.susercontent.com/file/id-11134207-822wh-mmojrnci2kundd,,Iphone 16 pro second 128 Gb garansi IBOx,,Rp,7.500.000,,,,,,,,,,https://deo.shopeemobile.com/shopee/modules-federation/live/0/shopee__item-card-standard-v2/0.2.8/pc/5dd7b4560d0e2d3190e8.svg,Jakarta Utara,,,"Iphone 16 pro second 128 Gb garansi IBOx
Rp
7.500.000
Jakarta Utara",https://shopee.co.id/Iphone-16-pro-second-128-Gb-garansi-IBOx-i.1356258007.48608282169?extraParams=%7B%22display_model_id%22%3A355733594346%2C%22model_selection_logic%22%3A3%7D&sp_atk=1222d3ae-8e9f-4d8a-a327-e3c40d1a9727&xptdk=1222d3ae-8e9f-4d8a-a327-e3c40d1a9727,,,
https://down-id.img.susercontent.com/file/id-11134207-822wm-ml7qlnxek6ip9b,https://down-id.img.susercontent.com/file/id-11134258-7r98w-lyezzaurybot13,iPhone 15 256gb second original,,Rp,4.000.000,,,,,https://deo.shopeemobile.com/shopee/modules-federation/live/0/shopee__item-card-standard-v2/0.2.8/pc/0614b8f0a8fdde22942d.svg,,< 2 Hari,https://deo.shopeemobile.com/shopee/modules-federation/live/0/shopee__item-card-standard-v2/0.2.8/pc/38e203dc86172a6c6560.svg,,https://deo.shopeemobile.com/shopee/modules-federation/live/0/shopee__item-card-standard-v2/0.2.8/pc/5dd7b4560d0e2d3190e8.svg,Jakarta Timur,https://deo.shopeemobile.com/shopee/modules-federation/live/0/shopee__item-card-standard-v2/0.2.8/pc/0614b8f0a8fdde22942d.svg,< 2 Hari,"iPhone 15 256gb second original
Rp
4.000.000
< 2 Hari
Jakarta Timur",https://shopee.co.id/iPhone-15-256gb-second-original-i.141739424.53606537316?extraParams=%7B%22display_model_id%22%3A390587662050%2C%22model_selection_logic%22%3A3%7D&sp_atk=5d14680b-1941-43d2-ab62-2c291af5c2db&xptdk=5d14680b-1941-43d2-ab62-2c291af5c2db,,,
https://down-id.img.susercontent.com/file/id-11134207-822wo-mn0yoiwxj6di4a,https://down-id.img.susercontent.com/file/id-11134258-7r98w-lyezzaurybot13,Iphone 13 128 Second,,Rp,4.900.000,,,,,,,6-9 Hari,https://deo.shopeemobile.com/shopee/modules-federation/live/0/shopee__item-card-standard-v2/0.2.8/pc/76dff349290d20891fc1.svg,6-9 Hari,https://deo.shopeemobile.com/shopee/modules-federation/live/0/shopee__item-card-standard-v2/0.2.8/pc/5dd7b4560d0e2d3190e8.svg,Kab. Pringsewu,,,"Iphone 13 128 Second
Rp
4.900.000
6-9 Hari
Kab. Pringsewu",https://shopee.co.id/Iphone-13-128-Second-i.621682104.48008796096?extraParams=%7B%22display_model_id%22%3A385779531056%2C%22model_selection_logic%22%3A3%7D&sp_atk=2b3fc0ef-325c-4671-a439-2655a1d108d2&xptdk=2b3fc0ef-325c-4671-a439-2655a1d108d2,,,
https://down-id.img.susercontent.com/file/id-11134207-822wp-mn40nw41e4n90c,https://down-id.img.susercontent.com/file/id-11134258-7r98w-lyezzaurybot13,Iphone XS MAX 256GB second Ori Fullset Beacukai 2sim(SIM-card+Esim),,Rp,2.800.000,,,,,,,3-6 Hari,https://deo.shopeemobile.com/shopee/modules-federation/live/0/shopee__item-card-standard-v2/0.2.8/pc/76dff349290d20891fc1.svg,3-6 Hari,https://deo.shopeemobile.com/shopee/modules-federation/live/0/shopee__item-card-standard-v2/0.2.8/pc/5dd7b4560d0e2d3190e8.svg,Kab. Subang,,,"Iphone XS MAX 256GB second Ori Fullset Beacukai 2sim(SIM-card+Esim)
Rp
2.800.000
3-6 Hari
Kab. Subang",https://shopee.co.id/Iphone-XS-MAX-256GB-second-Ori-Fullset-Beacukai-2sim(SIM-card-Esim)-i.79230295.56158936334?extraParams=%7B%22display_model_id%22%3A370792232411%2C%22model_selection_logic%22%3A3%7D&sp_atk=7afe00f0-8af5-4241-8192-258da942ca2a&xptdk=7afe00f0-8af5-4241-8192-258da942ca2a,,,
https://down-id.img.susercontent.com/file/id-11134207-822wl-mnfef50uqtxk2d,https://down-id.img.susercontent.com/file/id-11134258-7r98w-lyezzaurybot13,iPhone 13 Second 256GB,,Rp,4.800.000,,,https://deo.shopeemobile.com/shopee/modules-federation/live/0/shopee__item-card-standard-v2/0.2.8/pc/d2a1900a0267d45fd0f5.png,,,,2-4 Hari,https://deo.shopeemobile.com/shopee/modules-federation/live/0/shopee__item-card-standard-v2/0.2.8/pc/76dff349290d20891fc1.svg,2-4 Hari,https://deo.shopeemobile.com/shopee/modules-federation/live/0/shopee__item-card-standard-v2/0.2.8/pc/5dd7b4560d0e2d3190e8.svg,Kab. Jepara,,,"iPhone 13 Second 256GB
Rp
4.800.000
2-4 Hari
Kab. Jepara",https://shopee.co.id/iPhone-13-Second-256GB-i.969678251.41278334101?extraParams=%7B%22display_model_id%22%3A259153745534%2C%22model_selection_logic%22%3A3%7D&sp_atk=9fff9071-7433-452e-9692-7614e2e66132&xptdk=9fff9071-7433-452e-9692-7614e2e66132,,,
https://down-id.img.susercontent.com/file/id-11134207-822wj-mn6jcrwlhpfpe9,https://down-id.img.susercontent.com/file/id-11134258-7r98w-lyezzaurybot13,iPhone 16e Inter Unlock Putih 128Gb Second,,Rp,7.500.000,,,,,,,3-5 Hari,https://deo.shopeemobile.com/shopee/modules-federation/live/0/shopee__item-card-standard-v2/0.2.8/pc/76dff349290d20891fc1.svg,3-5 Hari,https://deo.shopeemobile.com/shopee/modules-federation/live/0/shopee__item-card-standard-v2/0.2.8/pc/5dd7b4560d0e2d3190e8.svg,Pontianak,,,"iPhone 16e Inter Unlock Putih 128Gb Second
Rp
7.500.000
3-5 Hari
Pontianak",https://shopee.co.id/iPhone-16e-Inter-Unlock-Putih-128Gb-Second-i.4871998.46359026037?extraParams=%7B%22display_model_id%22%3A395797678581%2C%22model_selection_logic%22%3A3%7D&sp_atk=d2864c61-ba44-49a1-b7f2-dc43e362d484&xptdk=d2864c61-ba44-49a1-b7f2-dc43e362d484,,,
https://down-id.img.susercontent.com/file/id-11134207-822wi-mlb4l1d9aux474,https://down-id.img.susercontent.com/file/id-11134258-7r98w-lyezzaurybot13,Iphone 15 pro 128gb second original,,Rp,4.500.000,,,,,https://deo.shopeemobile.com/shopee/modules-federation/live/0/shopee__item-card-standard-v2/0.2.8/pc/0614b8f0a8fdde22942d.svg,,< 2 Hari,https://deo.shopeemobile.com/shopee/modules-federation/live/0/shopee__item-card-standard-v2/0.2.8/pc/38e203dc86172a6c6560.svg,,https://deo.shopeemobile.com/shopee/modules-federation/live/0/shopee__item-card-standard-v2/0.2.8/pc/5dd7b4560d0e2d3190e8.svg,Jakarta Timur,https://deo.shopeemobile.com/shopee/modules-federation/live/0/shopee__item-card-standard-v2/0.2.8/pc/0614b8f0a8fdde22942d.svg,< 2 Hari,"Iphone 15 pro 128gb second original
Rp
4.500.000
< 2 Hari
Jakarta Timur",https://shopee.co.id/Iphone-15-pro-128gb-second-original-i.141739424.44856637956?extraParams=%7B%22display_model_id%22%3A292428090696%2C%22model_selection_logic%22%3A3%7D&sp_atk=2bdf1154-4c85-48fe-a81e-9b4f0df82e74&xptdk=2bdf1154-4c85-48fe-a81e-9b4f0df82e74,,,
https://down-id.img.susercontent.com/file/id-11134207-822wl-mmh7cw2vzfgv71,https://down-id.img.susercontent.com/file/id-11134258-7r98w-lyezzaurybot13,IPHONE XR IBOX SECOND,,Rp,3.200.000,,,,,,,3-6 Hari,https://deo.shopeemobile.com/shopee/modules-federation/live/0/shopee__item-card-standard-v2/0.2.8/pc/76dff349290d20891fc1.svg,3-6 Hari,https://deo.shopeemobile.com/shopee/modules-federation/live/0/shopee__item-card-standard-v2/0.2.8/pc/5dd7b4560d0e2d3190e8.svg,Cilegon,,,"IPHONE XR IBOX SECOND
Rp
3.200.000
3-6 Hari
Cilegon",https://shopee.co.id/IPHONE-XR-IBOX-SECOND-i.97927133.47358021642?extraParams=%7B%22display_model_id%22%3A234668224263%2C%22model_selection_logic%22%3A3%7D&sp_atk=9b8b696c-9d86-43c7-aefd-27a0b54ec7e5&xptdk=9b8b696c-9d86-43c7-aefd-27a0b54ec7e5,,,
https://down-id.img.susercontent.com/file/id-11134207-822wq-mlb3xysfshs297,https://down-id.img.susercontent.com/file/id-11134258-7r98w-lyezzaurybot13,Iphone 12 Pro Max 256gb second original,,Rp,2.500.000,,,,,https://deo.shopeemobile.com/shopee/modules-federation/live/0/shopee__item-card-standard-v2/0.2.8/pc/0614b8f0a8fdde22942d.svg,,< 2 Hari,https://deo.shopeemobile.com/shopee/modules-federation/live/0/shopee__item-card-standard-v2/0.2.8/pc/38e203dc86172a6c6560.svg,,https://deo.shopeemobile.com/shopee/modules-federation/live/0/shopee__item-card-standard-v2/0.2.8/pc/5dd7b4560d0e2d3190e8.svg,Jakarta Timur,https://deo.shopeemobile.com/shopee/modules-federation/live/0/shopee__item-card-standard-v2/0.2.8/pc/0614b8f0a8fdde22942d.svg,< 2 Hari,"Iphone 12 Pro Max 256gb second original
Rp
2.500.000
< 2 Hari
Jakarta Timur",https://shopee.co.id/Iphone-12-Pro-Max-256gb-second-original-i.141739424.58006614189?extraParams=%7B%22display_model_id%22%3A307428059667%2C%22model_selection_logic%22%3A3%7D&sp_atk=e5012bb4-e872-4e78-b27a-4cffd4324dae&xptdk=e5012bb4-e872-4e78-b27a-4cffd4324dae,,,
https://down-id.img.susercontent.com/file/id-11134207-822wm-mmgy9eh3h1c54e,https://down-id.img.susercontent.com/file/id-11134258-8224v-mkvw0cu9r7k1a5,[Ready Stock] iPhone 13 128GB / 256GB SECOND ORIGINAL 100% MULUS / Fullset Like New / Face ID Normal / Chat Normal / Wifi Only / Game,https://deo.shopeemobile.com/shopee/modules-federation/live/0/shopee__item-card-standard-v2/0.2.8/pc/a425c915798471b33e5d.png,Rp,3.520.000,-30%,https://deo.shopeemobile.com/shopee/modules-federation/live/0/shopee__item-card-standard-v2/0.2.8/pc/b4d1b8a78b3621dbdf4a.svg,https://deo.shopeemobile.com/shopee/modules-federation/live/0/shopee__item-card-standard-v2/0.2.8/pc/d2a1900a0267d45fd0f5.png,Hadiah Gratis,https://deo.shopeemobile.com/shopee/modules-federation/live/0/shopee__item-card-standard-v2/0.2.8/pc/d7099d3fd1dfdaf705ab.svg,5.0,9 Terjual,,,https://deo.shopeemobile.com/shopee/modules-federation/live/0/shopee__item-card-standard-v2/0.2.8/pc/5dd7b4560d0e2d3190e8.svg,Jakarta Barat,,,"[Ready Stock] iPhone 13 128GB / 256GB SECOND ORIGINAL 100% MULUS / Fullset Like New / Face ID Normal / Chat Normal / Wifi Only / Game
Rp
3.520.000
-30%
Hadiah Gratis
5.0
9 Terjual
Jakarta Barat",https://shopee.co.id/-Ready-Stock-iPhone-13-128GB-256GB-SECOND-ORIGINAL-100-MULUS-Fullset-Like-New-Face-ID-Normal-Chat-Normal-Wifi-Only-Game-i.1705342319.51557983488?extraParams=%7B%22display_model_id%22%3A345709394898%2C%22model_selection_logic%22%3A3%7D&sp_atk=cd7885ac-bd18-4248-92f1-5d1f6855a595&xptdk=cd7885ac-bd18-4248-92f1-5d1f6855a595,,,
https://down-id.img.susercontent.com/file/id-11134207-822wg-mm5tp2lqno5k9e,https://down-id.img.susercontent.com/file/id-11134258-8224v-mkvw0cu9r7k1a5,[Ready Stock]iphone 13 128GB 256GB SECOND Original FULLSET WIFI ONLY GARANSI INTERNASIONAL/ Face ID Normal / Chat Normal /,https://deo.shopeemobile.com/shopee/modules-federation/live/0/shopee__item-card-standard-v2/0.2.8/pc/a425c915798471b33e5d.png,Rp,3.540.000,-29%,,https://deo.shopeemobile.com/shopee/modules-federation/live/0/shopee__item-card-standard-v2/0.2.8/pc/d2a1900a0267d45fd0f5.png,Hadiah Gratis,https://deo.shopeemobile.com/shopee/modules-federation/live/0/shopee__item-card-standard-v2/0.2.8/pc/d7099d3fd1dfdaf705ab.svg,5.0,17 Terjual,,,https://deo.shopeemobile.com/shopee/modules-federation/live/0/shopee__item-card-standard-v2/0.2.8/pc/5dd7b4560d0e2d3190e8.svg,Jakarta Barat,,,"[Ready Stock]iphone 13 128GB 256GB SECOND Original FULLSET WIFI ONLY GARANSI INTERNASIONAL/ Face ID Normal / Chat Normal /
Rp
3.540.000
-29%
Hadiah Gratis
5.0
17 Terjual
Jakarta Barat",https://shopee.co.id/-Ready-Stock-iphone-13-128GB-256GB-SECOND-Original-FULLSET-WIFI-ONLY-GARANSI-INTERNASIONAL-Face-ID-Normal-Chat-Normal--i.1705358101.56007561596?extraParams=%7B%22display_model_id%22%3A430673544665%2C%22model_selection_logic%22%3A3%7D&sp_atk=ed0ae6ae-06a4-42bb-9b28-e575b027ce40&xptdk=ed0ae6ae-06a4-42bb-9b28-e575b027ce40,,,
https://down-id.img.susercontent.com/file/id-11134207-7rasg-m4sdcnwaytbc65,https://down-id.img.susercontent.com/file/id-11134258-7r98w-lyezzaurybot13,iPhone 15 128 GB Fullset NEW / Second Resmi Original,,Rp,7.699.000,,,,,https://deo.shopeemobile.com/shopee/modules-federation/live/0/shopee__item-card-standard-v2/0.2.8/pc/d7099d3fd1dfdaf705ab.svg,5.0,1 Terjual,https://deo.shopeemobile.com/shopee/modules-federation/live/0/shopee__item-card-standard-v2/0.2.8/pc/76dff349290d20891fc1.svg,3-4 Hari,https://deo.shopeemobile.com/shopee/modules-federation/live/0/shopee__item-card-standard-v2/0.2.8/pc/5dd7b4560d0e2d3190e8.svg,Malang,,,"iPhone 15 128 GB Fullset NEW / Second Resmi Original
Rp
7.699.000
5.0
1 Terjual
3-4 Hari
Malang",https://shopee.co.id/iPhone-15-128-GB-Fullset-NEW-Second-Resmi-Original-i.113265257.27373025624?extraParams=%7B%22display_model_id%22%3A325086671433%2C%22model_selection_logic%22%3A3%7D&sp_atk=c57f7e80-1678-4219-991f-3e259ca1abad&xptdk=c57f7e80-1678-4219-991f-3e259ca1abad,,,
https://down-id.img.susercontent.com/file/id-11134207-822wg-mn40enpinjeu3f,https://down-id.img.susercontent.com/file/id-11134258-8224v-mkvw0cu9r7k1a5,IPHONE 15 ONLY WIFI 128GB/256GB SECOND FULLSET Second HandPhone Garansi 1 Bulan,https://deo.shopeemobile.com/shopee/modules-federation/live/0/shopee__item-card-standard-v2/0.2.8/pc/a425c915798471b33e5d.png,Rp,4.250.000,-47%,https://deo.shopeemobile.com/shopee/modules-federation/live/0/shopee__item-card-standard-v2/0.2.8/pc/b4d1b8a78b3621dbdf4a.svg,https://deo.shopeemobile.com/shopee/modules-federation/live/0/shopee__item-card-standard-v2/0.2.8/pc/d2a1900a0267d45fd0f5.png,Hadiah Gratis,,,,,,https://deo.shopeemobile.com/shopee/modules-federation/live/0/shopee__item-card-standard-v2/0.2.8/pc/5dd7b4560d0e2d3190e8.svg,Jakarta Barat,,,"IPHONE 15 ONLY WIFI 128GB/256GB SECOND FULLSET Second HandPhone Garansi 1 Bulan
Rp
4.250.000
-47%
Hadiah Gratis
Jakarta Barat",https://shopee.co.id/IPHONE-15-ONLY-WIFI-128GB-256GB-SECOND-FULLSET-Second-HandPhone-Garansi-1-Bulan-i.1705358101.43880103653?extraParams=%7B%22display_model_id%22%3A350792165658%2C%22model_selection_logic%22%3A3%7D&sp_atk=a44d4c69-7b44-414d-9758-d74b1b3c667c&xptdk=a44d4c69-7b44-414d-9758-d74b1b3c667c,,,
https://down-id.img.susercontent.com/file/id-11134207-822wg-mlac0zuo94oz45,https://down-id.img.susercontent.com/file/id-11134258-7r98w-lyezzaurybot13,iPhone 15 PLUS Second Resmi Original Fullset,,Rp,8.150.000,,,,,https://deo.shopeemobile.com/shopee/modules-federation/live/0/shopee__item-card-standard-v2/0.2.8/pc/0614b8f0a8fdde22942d.svg,,< 2 Hari,https://deo.shopeemobile.com/shopee/modules-federation/live/0/shopee__item-card-standard-v2/0.2.8/pc/38e203dc86172a6c6560.svg,,https://deo.shopeemobile.com/shopee/modules-federation/live/0/shopee__item-card-standard-v2/0.2.8/pc/5dd7b4560d0e2d3190e8.svg,Jakarta Barat,https://deo.shopeemobile.com/shopee/modules-federation/live/0/shopee__item-card-standard-v2/0.2.8/pc/0614b8f0a8fdde22942d.svg,< 2 Hari,"iPhone 15 PLUS Second Resmi Original Fullset
Rp
8.150.000
< 2 Hari
Jakarta Barat",https://shopee.co.id/iPhone-15-PLUS-Second-Resmi-Original-Fullset-i.210869558.47556630593?extraParams=%7B%22display_model_id%22%3A277427202986%2C%22model_selection_logic%22%3A3%7D&sp_atk=0b6bc5e6-47af-450c-9b87-351ef1f41108&xptdk=0b6bc5e6-47af-450c-9b87-351ef1f41108,,,
https://down-id.img.susercontent.com/file/id-11134207-822wp-mn89b3i0j1u04b,https://down-id.img.susercontent.com/file/id-11134258-8224v-mkvw0cu9r7k1a5,IPHONE 15 PRO / PRO MAX WIFI ONLY 128GB/256GB SECOND FULLSET,https://deo.shopeemobile.com/shopee/modules-federation/live/0/shopee__item-card-standard-v2/0.2.8/pc/a425c915798471b33e5d.png,Rp,5.050.000,-37%,https://deo.shopeemobile.com/shopee/modules-federation/live/0/shopee__item-card-standard-v2/0.2.8/pc/b4d1b8a78b3621dbdf4a.svg,https://deo.shopeemobile.com/shopee/modules-federation/live/0/shopee__item-card-standard-v2/0.2.8/pc/d2a1900a0267d45fd0f5.png,Hadiah Gratis,,,,,,https://deo.shopeemobile.com/shopee/modules-federation/live/0/shopee__item-card-standard-v2/0.2.8/pc/5dd7b4560d0e2d3190e8.svg,Jakarta Barat,,,"IPHONE 15 PRO / PRO MAX WIFI ONLY 128GB/256GB SECOND FULLSET
Rp
5.050.000
-37%
Hadiah Gratis
Jakarta Barat",https://shopee.co.id/IPHONE-15-PRO-PRO-MAX-WIFI-ONLY-128GB-256GB-SECOND-FULLSET-i.1705358101.54559105984?extraParams=%7B%22display_model_id%22%3A262550736714%2C%22model_selection_logic%22%3A3%7D&sp_atk=21111660-36b6-4c4c-94e6-8a93e1a485b8&xptdk=21111660-36b6-4c4c-94e6-8a93e1a485b8,,,
https://down-id.img.susercontent.com/file/id-11134207-8224y-mjuodvskk2yqbd,https://down-id.img.susercontent.com/file/id-11134258-8224v-mkvw0cu9r7k1a5,iPhone 11 256GB 128GB FULLSET  SECOND INTER ORIGINAL BERGARANSI,https://deo.shopeemobile.com/shopee/modules-federation/live/0/shopee__item-card-standard-v2/0.2.8/pc/a425c915798471b33e5d.png,Rp,2.880.000,-22%,,https://deo.shopeemobile.com/shopee/modules-federation/live/0/shopee__item-card-standard-v2/0.2.8/pc/d2a1900a0267d45fd0f5.png,,https://deo.shopeemobile.com/shopee/modules-federation/live/0/shopee__item-card-standard-v2/0.2.8/pc/d7099d3fd1dfdaf705ab.svg,4.6,2RB+ Terjual,,,https://deo.shopeemobile.com/shopee/modules-federation/live/0/shopee__item-card-standard-v2/0.2.8/pc/5dd7b4560d0e2d3190e8.svg,Jakarta Barat,,,"iPhone 11 256GB 128GB FULLSET SECOND INTER ORIGINAL BERGARANSI
Rp
2.880.000
-22%
4.6
2RB+ Terjual
Jakarta Barat",https://shopee.co.id/iPhone-11-256GB-128GB-FULLSET-SECOND-INTER-ORIGINAL-BERGARANSI-i.919711412.26894131659?extraParams=%7B%22display_model_id%22%3A375544567602%2C%22model_selection_logic%22%3A3%7D&sp_atk=51d20e68-86cd-4b67-a119-2e6487a376db&xptdk=51d20e68-86cd-4b67-a119-2e6487a376db,,,
https://down-id.img.susercontent.com/file/id-11134207-8224v-mjw2t4hi39c522,https://down-id.img.susercontent.com/file/id-11134258-8224v-mkvw0cu9r7k1a5,"Iphone 12 Mini Green Second Inter 256gb (box,charger,Free 7 case,Free SKINTIFIC COOLINGPAD)",,Rp,4.750.000,,,,,,,4-8 Hari,https://deo.shopeemobile.com/shopee/modules-federation/live/0/shopee__item-card-standard-v2/0.2.8/pc/76dff349290d20891fc1.svg,4-8 Hari,https://deo.shopeemobile.com/shopee/modules-federation/live/0/shopee__item-card-standard-v2/0.2.8/pc/5dd7b4560d0e2d3190e8.svg,Medan,,,"Iphone 12 Mini Green Second Inter 256gb (box,charger,Free 7 case,Free SKINTIFIC COOLINGPAD)
Rp
4.750.000
4-8 Hari
Medan",https://shopee.co.id/Iphone-12-Mini-Green-Second-Inter-256gb-(box-charger-Free-7-case-Free-SKINTIFIC-COOLINGPAD)-i.761945518.56205269239?extraParams=%7B%22display_model_id%22%3A315482617502%2C%22model_selection_logic%22%3A3%7D&sp_atk=926df4b6-85ea-4077-be26-fb348e74f34e&xptdk=926df4b6-85ea-4077-be26-fb348e74f34e,,,
https://down-id.img.susercontent.com/file/id-11134207-822ws-mn9hdj9ybthc92,https://down-id.img.susercontent.com/file/id-11134258-7r98w-lyezzaurybot13,Iphone Second,,Rp,700.000,,,,,,,3-5 Hari,https://deo.shopeemobile.com/shopee/modules-federation/live/0/shopee__item-card-standard-v2/0.2.8/pc/76dff349290d20891fc1.svg,3-5 Hari,https://deo.shopeemobile.com/shopee/modules-federation/live/0/shopee__item-card-standard-v2/0.2.8/pc/5dd7b4560d0e2d3190e8.svg,Kab. Muara Enim,,,"Iphone Second
Rp
700.000
3-5 Hari
Kab. Muara Enim",https://shopee.co.id/Iphone-Second-i.39212489.46559160271?extraParams=%7B%22display_model_id%22%3A445809115529%2C%22model_selection_logic%22%3A3%7D&sp_atk=219627ba-3dde-4d95-ae87-5d93c26d4afc&xptdk=219627ba-3dde-4d95-ae87-5d93c26d4afc,,,
https://down-id.img.susercontent.com/file/id-11134207-822ws-mmz9jai8mk92f0,https://down-id.img.susercontent.com/file/id-11134258-7r98w-lyezzaurybot13,APPLE iPhone 15 128GB Black second iBox,,Rp,9.050.000,,,,,https://deo.shopeemobile.com/shopee/modules-federation/live/0/shopee__item-card-standard-v2/0.2.8/pc/0614b8f0a8fdde22942d.svg,,< 2 Hari,https://deo.shopeemobile.com/shopee/modules-federation/live/0/shopee__item-card-standard-v2/0.2.8/pc/38e203dc86172a6c6560.svg,,https://deo.shopeemobile.com/shopee/modules-federation/live/0/shopee__item-card-standard-v2/0.2.8/pc/5dd7b4560d0e2d3190e8.svg,Kab. Bekasi,https://deo.shopeemobile.com/shopee/modules-federation/live/0/shopee__item-card-standard-v2/0.2.8/pc/0614b8f0a8fdde22942d.svg,< 2 Hari,"APPLE iPhone 15 128GB Black second iBox
Rp
9.050.000
< 2 Hari
Kab. Bekasi",https://shopee.co.id/APPLE-iPhone-15-128GB-Black-second-iBox-i.122661222.52558701818?extraParams=%7B%22display_model_id%22%3A282530648682%2C%22model_selection_logic%22%3A3%7D&sp_atk=6f45261a-b777-4ca8-b7ae-910c6d2f6642&xptdk=6f45261a-b777-4ca8-b7ae-910c6d2f6642,,,
https://down-id.img.susercontent.com/file/id-11134207-822wq-mncfrtw0terq56,https://down-id.img.susercontent.com/file/id-11134258-7r98w-lyezzaurybot13,iphone 11 second wifi only,,Rp,2.800.000,,,,,https://deo.shopeemobile.com/shopee/modules-federation/live/0/shopee__item-card-standard-v2/0.2.8/pc/0614b8f0a8fdde22942d.svg,,< 2 Hari,https://deo.shopeemobile.com/shopee/modules-federation/live/0/shopee__item-card-standard-v2/0.2.8/pc/38e203dc86172a6c6560.svg,,https://deo.shopeemobile.com/shopee/modules-federation/live/0/shopee__item-card-standard-v2/0.2.8/pc/5dd7b4560d0e2d3190e8.svg,Kab. Jember,https://deo.shopeemobile.com/shopee/modules-federation/live/0/shopee__item-card-standard-v2/0.2.8/pc/0614b8f0a8fdde22942d.svg,< 2 Hari,"iphone 11 second wifi only
Rp
2.800.000
< 2 Hari
Kab. Jember",https://shopee.co.id/iphone-11-second-wifi-only-i.21327886.48308674535?extraParams=%7B%22display_model_id%22%3A420768589648%2C%22model_selection_logic%22%3A3%7D&sp_atk=9de41107-454b-4ea7-931a-728ebefc0884&xptdk=9de41107-454b-4ea7-931a-728ebefc0884,,,
https://down-id.img.susercontent.com/file/id-11134207-822wi-mncz324b3pq872,https://down-id.img.susercontent.com/file/id-11134258-7r98w-lyezzaurybot13,IPHONE 11 PRO 64 GB Second inter,,Rp,3.300.000,,,,,,,4-7 Hari,https://deo.shopeemobile.com/shopee/modules-federation/live/0/shopee__item-card-standard-v2/0.2.8/pc/76dff349290d20891fc1.svg,4-7 Hari,https://deo.shopeemobile.com/shopee/modules-federation/live/0/shopee__item-card-standard-v2/0.2.8/pc/5dd7b4560d0e2d3190e8.svg,Makassar,,,"IPHONE 11 PRO 64 GB Second inter
Rp
3.300.000
4-7 Hari
Makassar",https://shopee.co.id/IPHONE-11-PRO-64-GB-Second-inter-i.61662303.51009317274?extraParams=%7B%22display_model_id%22%3A405824487918%2C%22model_selection_logic%22%3A3%7D&sp_atk=d7db58f8-72b9-422e-adc4-62e7285334b9&xptdk=d7db58f8-72b9-422e-adc4-62e7285334b9,,,
https://down-id.img.susercontent.com/file/id-11134207-822wt-mnavoa7iamtc51,,Second iPhone 5/5G - iPhone JADUL MURAH (Baca Deskripsi),,Rp,290.350,,,,,https://deo.shopeemobile.com/shopee/modules-federation/live/0/shopee__item-card-standard-v2/0.2.8/pc/0614b8f0a8fdde22942d.svg,,< 2 Hari,https://deo.shopeemobile.com/shopee/modules-federation/live/0/shopee__item-card-standard-v2/0.2.8/pc/38e203dc86172a6c6560.svg,,https://deo.shopeemobile.com/shopee/modules-federation/live/0/shopee__item-card-standard-v2/0.2.8/pc/5dd7b4560d0e2d3190e8.svg,Kab. Brebes,https://deo.shopeemobile.com/shopee/modules-federation/live/0/shopee__item-card-standard-v2/0.2.8/pc/0614b8f0a8fdde22942d.svg,< 2 Hari,"Second iPhone 5/5G - iPhone JADUL MURAH (Baca Deskripsi)
Rp
290.350
< 2 Hari
Kab. Brebes",https://shopee.co.id/Second-iPhone-5-5G-iPhone-JADUL-MURAH-(Baca-Deskripsi)-i.23336889.44859247878?extraParams=%7B%22display_model_id%22%3A325816923727%2C%22model_selection_logic%22%3A3%7D&sp_atk=dc7882a0-b2ff-455e-8184-2c52ad681a59&xptdk=dc7882a0-b2ff-455e-8184-2c52ad681a59,,,
https://down-id.img.susercontent.com/file/id-11134207-8224w-mkhy8udgni8804,https://down-id.img.susercontent.com/file/id-11134258-7r98w-lyezzaurybot13,Iphone 14 128gb ibox Second like new,,Rp,7.600.000,,,,,https://deo.shopeemobile.com/shopee/modules-federation/live/0/shopee__item-card-standard-v2/0.2.8/pc/0614b8f0a8fdde22942d.svg,,< 2 Hari,https://deo.shopeemobile.com/shopee/modules-federation/live/0/shopee__item-card-standard-v2/0.2.8/pc/38e203dc86172a6c6560.svg,,https://deo.shopeemobile.com/shopee/modules-federation/live/0/shopee__item-card-standard-v2/0.2.8/pc/5dd7b4560d0e2d3190e8.svg,Bekasi,https://deo.shopeemobile.com/shopee/modules-federation/live/0/shopee__item-card-standard-v2/0.2.8/pc/0614b8f0a8fdde22942d.svg,< 2 Hari,"Iphone 14 128gb ibox Second like new
Rp
7.600.000
< 2 Hari
Bekasi",https://shopee.co.id/Iphone-14-128gb-ibox-Second-like-new-i.867152212.54855996174?extraParams=%7B%22display_model_id%22%3A375544345228%2C%22model_selection_logic%22%3A3%7D&sp_atk=ff038c52-9f2f-467b-8732-3d8f880b3ace&xptdk=ff038c52-9f2f-467b-8732-3d8f880b3ace,,,
https://down-id.img.susercontent.com/file/id-11134207-822ws-mm7hx9y8r7r643,https://down-id.img.susercontent.com/file/id-11134258-7r98w-lyezzaurybot13,iPhone 15 128Gb Blue Second iBox,,Rp,8.850.000,,,,,https://deo.shopeemobile.com/shopee/modules-federation/live/0/shopee__item-card-standard-v2/0.2.8/pc/0614b8f0a8fdde22942d.svg,,< 2 Hari,https://deo.shopeemobile.com/shopee/modules-federation/live/0/shopee__item-card-standard-v2/0.2.8/pc/38e203dc86172a6c6560.svg,,https://deo.shopeemobile.com/shopee/modules-federation/live/0/shopee__item-card-standard-v2/0.2.8/pc/5dd7b4560d0e2d3190e8.svg,Jakarta Pusat,https://deo.shopeemobile.com/shopee/modules-federation/live/0/shopee__item-card-standard-v2/0.2.8/pc/0614b8f0a8fdde22942d.svg,< 2 Hari,"iPhone 15 128Gb Blue Second iBox
Rp
8.850.000
< 2 Hari
Jakarta Pusat",https://shopee.co.id/iPhone-15-128Gb-Blue-Second-iBox-i.1603111541.58101467749?extraParams=%7B%22display_model_id%22%3A350134145696%2C%22model_selection_logic%22%3A3%7D&sp_atk=a9b3ea99-a7dc-4ad9-8731-b1c5f1a57165&xptdk=a9b3ea99-a7dc-4ad9-8731-b1c5f1a57165,,,
https://down-id.img.susercontent.com/file/id-11134207-822wk-mn84qv6wly4l27,https://down-id.img.susercontent.com/file/id-11134258-8224v-mkvw0cu9r7k1a5,SPayLater IPHONE 15 PRO / PRO MAX WIFI ONLY 128GB/256GB SECOND FULLSET,https://deo.shopeemobile.com/shopee/modules-federation/live/0/shopee__item-card-standard-v2/0.2.8/pc/a425c915798471b33e5d.png,Rp,5.200.000,-35%,,https://deo.shopeemobile.com/shopee/modules-federation/live/0/shopee__item-card-standard-v2/0.2.8/pc/d2a1900a0267d45fd0f5.png,Hadiah Gratis,,,,,,https://deo.shopeemobile.com/shopee/modules-federation/live/0/shopee__item-card-standard-v2/0.2.8/pc/5dd7b4560d0e2d3190e8.svg,Jakarta Barat,,,"SPayLater IPHONE 15 PRO / PRO MAX WIFI ONLY 128GB/256GB SECOND FULLSET
Rp
5.200.000
-35%
Hadiah Gratis
Jakarta Barat",https://shopee.co.id/SPayLater-IPHONE-15-PRO-PRO-MAX-WIFI-ONLY-128GB-256GB-SECOND-FULLSET-i.1697551689.45159109958?extraParams=%7B%22display_model_id%22%3A365805888242%2C%22model_selection_logic%22%3A3%7D&sp_atk=449c47e5-b822-421f-aad5-c87cf1068fef&xptdk=449c47e5-b822-421f-aad5-c87cf1068fef,,,
https://down-id.img.susercontent.com/file/id-11134207-822wp-mls34phlab5v85,https://down-id.img.susercontent.com/file/id-11134258-7r98w-lyezzaurybot13,IPHONE 12 64GB 128GB 256GB Normal Second Sinyal Permanen,,Rp,3.800.000,,,,,https://deo.shopeemobile.com/shopee/modules-federation/live/0/shopee__item-card-standard-v2/0.2.8/pc/0614b8f0a8fdde22942d.svg,,1 Terjual,https://deo.shopeemobile.com/shopee/modules-federation/live/0/shopee__item-card-standard-v2/0.2.8/pc/38e203dc86172a6c6560.svg,,https://deo.shopeemobile.com/shopee/modules-federation/live/0/shopee__item-card-standard-v2/0.2.8/pc/5dd7b4560d0e2d3190e8.svg,Kab. Madiun,https://deo.shopeemobile.com/shopee/modules-federation/live/0/shopee__item-card-standard-v2/0.2.8/pc/0614b8f0a8fdde22942d.svg,< 2 Hari,"IPHONE 12 64GB 128GB 256GB Normal Second Sinyal Permanen
Rp
3.800.000
1 Terjual
< 2 Hari
Kab. Madiun",https://shopee.co.id/IPHONE-12-64GB-128GB-256GB-Normal-Second-Sinyal-Permanen-i.1083690489.51407168468?extraParams=%7B%22display_model_id%22%3A385639608158%2C%22model_selection_logic%22%3A3%7D&sp_atk=06aaa092-255f-44ac-9c06-69fecbe2a764&xptdk=06aaa092-255f-44ac-9c06-69fecbe2a764,,,
https://down-id.img.susercontent.com/file/id-11134207-81ztn-mev214l2gk5cb4,https://down-id.img.susercontent.com/file/id-11134258-8224v-mkvw0cu9r7k1a5,Second iPhone 15 128gb Ibox & Blibli Kondisi Mulus Terawat,https://deo.shopeemobile.com/shopee/modules-federation/live/0/shopee__item-card-standard-v2/0.2.8/pc/a425c915798471b33e5d.png,Rp,10.000.000,,,https://deo.shopeemobile.com/shopee/modules-federation/live/0/shopee__item-card-standard-v2/0.2.8/pc/d2a1900a0267d45fd0f5.png,,https://deo.shopeemobile.com/shopee/modules-federation/live/0/shopee__item-card-standard-v2/0.2.8/pc/d7099d3fd1dfdaf705ab.svg,4.8,10 Terjual,https://deo.shopeemobile.com/shopee/modules-federation/live/0/shopee__item-card-standard-v2/0.2.8/pc/38e203dc86172a6c6560.svg,,https://deo.shopeemobile.com/shopee/modules-federation/live/0/shopee__item-card-standard-v2/0.2.8/pc/5dd7b4560d0e2d3190e8.svg,Surabaya,https://deo.shopeemobile.com/shopee/modules-federation/live/0/shopee__item-card-standard-v2/0.2.8/pc/0614b8f0a8fdde22942d.svg,Besok,"Second iPhone 15 128gb Ibox & Blibli Kondisi Mulus Terawat
Rp
10.000.000
4.8
10 Terjual
Besok
Surabaya",https://shopee.co.id/Second-iPhone-15-128gb-Ibox-Blibli-Kondisi-Mulus-Terawat-i.134819232.42420269279?extraParams=%7B%22display_model_id%22%3A420715732715%2C%22model_selection_logic%22%3A3%7D&sp_atk=5730369d-1e8f-4372-a43f-5be904af4c04&xptdk=5730369d-1e8f-4372-a43f-5be904af4c04,,,
https://down-id.img.susercontent.com/file/id-11134207-822wl-mlb43frdtber7f,https://down-id.img.susercontent.com/file/id-11134258-7r98w-lyezzaurybot13,Iphone 13 128gb second origina,,Rp,2.000.000,,,,,https://deo.shopeemobile.com/shopee/modules-federation/live/0/shopee__item-card-standard-v2/0.2.8/pc/0614b8f0a8fdde22942d.svg,,< 2 Hari,https://deo.shopeemobile.com/shopee/modules-federation/live/0/shopee__item-card-standard-v2/0.2.8/pc/38e203dc86172a6c6560.svg,,https://deo.shopeemobile.com/shopee/modules-federation/live/0/shopee__item-card-standard-v2/0.2.8/pc/5dd7b4560d0e2d3190e8.svg,Jakarta Timur,https://deo.shopeemobile.com/shopee/modules-federation/live/0/shopee__item-card-standard-v2/0.2.8/pc/0614b8f0a8fdde22942d.svg,< 2 Hari,"Iphone 13 128gb second origina
Rp
2.000.000
< 2 Hari
Jakarta Timur",https://shopee.co.id/Iphone-13-128gb-second-origina-i.141739424.51556626507?extraParams=%7B%22display_model_id%22%3A292428069209%2C%22model_selection_logic%22%3A3%7D&sp_atk=1996d92f-6a61-44e2-87bb-54d1105999db&xptdk=1996d92f-6a61-44e2-87bb-54d1105999db,,,
https://down-id.img.susercontent.com/file/id-11134207-822ws-mn87e2fibwn7fe,https://down-id.img.susercontent.com/file/id-11134258-7r98w-lyezzaurybot13,Iphone 14 Pro Inter 128GB Deep Purple Second Bekas Nego,,Rp,8.599.000,,,,,,,3-5 Hari,https://deo.shopeemobile.com/shopee/modules-federation/live/0/shopee__item-card-standard-v2/0.2.8/pc/76dff349290d20891fc1.svg,3-5 Hari,https://deo.shopeemobile.com/shopee/modules-federation/live/0/shopee__item-card-standard-v2/0.2.8/pc/5dd7b4560d0e2d3190e8.svg,Kab. Tulungagung,,,"Iphone 14 Pro Inter 128GB Deep Purple Second Bekas Nego
Rp
8.599.000
3-5 Hari
Kab. Tulungagung",https://shopee.co.id/Iphone-14-Pro-Inter-128GB-Deep-Purple-Second-Bekas-Nego-i.571442190.57805728513?extraParams=%7B%22display_model_id%22%3A430518608253%2C%22model_selection_logic%22%3A3%7D&sp_atk=1c1cf5ba-66ad-47e7-9f64-e9ff2881ed3f&xptdk=1c1cf5ba-66ad-47e7-9f64-e9ff2881ed3f,,,
https://down-id.img.susercontent.com/file/id-11134207-8224t-miyjqor1l69ydd,https://down-id.img.susercontent.com/file/id-11134258-8224v-mkvw0cu9r7k1a5,iphone 14 pro 128 gb second like new alloperator,,Rp,9.000.000,,,,,https://deo.shopeemobile.com/shopee/modules-federation/live/0/shopee__item-card-standard-v2/0.2.8/pc/d7099d3fd1dfdaf705ab.svg,5.0,4 Terjual,https://deo.shopeemobile.com/shopee/modules-federation/live/0/shopee__item-card-standard-v2/0.2.8/pc/38e203dc86172a6c6560.svg,,https://deo.shopeemobile.com/shopee/modules-federation/live/0/shopee__item-card-standard-v2/0.2.8/pc/5dd7b4560d0e2d3190e8.svg,Surakarta (Solo),https://deo.shopeemobile.com/shopee/modules-federation/live/0/shopee__item-card-standard-v2/0.2.8/pc/0614b8f0a8fdde22942d.svg,< 2 Hari,"iphone 14 pro 128 gb second like new alloperator
Rp
9.000.000
5.0
4 Terjual
< 2 Hari
Surakarta (Solo)",https://shopee.co.id/iphone-14-pro-128-gb-second-like-new-alloperator-i.262263769.53404966425?extraParams=%7B%22display_model_id%22%3A400458267484%2C%22model_selection_logic%22%3A3%7D&sp_atk=905e9ee6-86a0-4ef4-b927-eedb5dd286a3&xptdk=905e9ee6-86a0-4ef4-b927-eedb5dd286a3,,,
https://down-id.img.susercontent.com/file/id-11134207-82251-mikwdox51csn74,https://down-id.img.susercontent.com/file/id-11134258-7r98w-lyezzaurybot13,iphone 13 pro 256 sierra blue ex resmi digimap apple second mulus bonus case n tempered,,Rp,9.299.000,,,,Produk Baru,,,4-9 Hari,https://deo.shopeemobile.com/shopee/modules-federation/live/0/shopee__item-card-standard-v2/0.2.8/pc/76dff349290d20891fc1.svg,4-9 Hari,https://deo.shopeemobile.com/shopee/modules-federation/live/0/shopee__item-card-standard-v2/0.2.8/pc/5dd7b4560d0e2d3190e8.svg,Jakarta Barat,,,"iphone 13 pro 256 sierra blue ex resmi digimap apple second mulus bonus case n tempered
Rp
9.299.000
Produk Baru
4-9 Hari
Jakarta Barat",https://shopee.co.id/iphone-13-pro-256-sierra-blue-ex-resmi-digimap-apple-second-mulus-bonus-case-n-tempered-i.18607967.56003480034?extraParams=%7B%22display_model_id%22%3A320334250319%2C%22model_selection_logic%22%3A3%7D&sp_atk=16a022c7-ebf4-4b16-b457-470dea0e9d05&xptdk=16a022c7-ebf4-4b16-b457-470dea0e9d05,,,
https://down-id.img.susercontent.com/file/id-11134207-822wp-mn3683ejkx6pa7,https://down-id.img.susercontent.com/file/id-11134258-7r98w-lyezzaurybot13,IPHONE 12 PRO MAX 128GB SECOND IBOX,,Rp,6.500.000,,,,,https://deo.shopeemobile.com/shopee/modules-federation/live/0/shopee__item-card-standard-v2/0.2.8/pc/0614b8f0a8fdde22942d.svg,,< 2 Hari,https://deo.shopeemobile.com/shopee/modules-federation/live/0/shopee__item-card-standard-v2/0.2.8/pc/38e203dc86172a6c6560.svg,,https://deo.shopeemobile.com/shopee/modules-federation/live/0/shopee__item-card-standard-v2/0.2.8/pc/5dd7b4560d0e2d3190e8.svg,Jakarta Barat,https://deo.shopeemobile.com/shopee/modules-federation/live/0/shopee__item-card-standard-v2/0.2.8/pc/0614b8f0a8fdde22942d.svg,< 2 Hari,"IPHONE 12 PRO MAX 128GB SECOND IBOX
Rp
6.500.000
< 2 Hari
Jakarta Barat",https://shopee.co.id/IPHONE-12-PRO-MAX-128GB-SECOND-IBOX-i.48365234.47558913172?extraParams=%7B%22display_model_id%22%3A440789166345%2C%22model_selection_logic%22%3A3%7D&sp_atk=e5dc75c7-53a6-479e-b3b9-9120f93a2ee7&xptdk=e5dc75c7-53a6-479e-b3b9-9120f93a2ee7,,,
https://down-id.img.susercontent.com/file/id-11134207-822wu-mnbjzrf4ojd213,https://down-id.img.susercontent.com/file/id-11134258-7r98w-lyezzaurybot13,IPHONE 6 SECOND 128GB - BH 100 (FULLSET),,Rp,440.000,,,,,,,3-5 Hari,https://deo.shopeemobile.com/shopee/modules-federation/live/0/shopee__item-card-standard-v2/0.2.8/pc/76dff349290d20891fc1.svg,3-5 Hari,https://deo.shopeemobile.com/shopee/modules-federation/live/0/shopee__item-card-standard-v2/0.2.8/pc/5dd7b4560d0e2d3190e8.svg,Blitar,,,"IPHONE 6 SECOND 128GB - BH 100 (FULLSET)
Rp
440.000
3-5 Hari
Blitar",https://shopee.co.id/IPHONE-6-SECOND-128GB-BH-100-(FULLSET)-i.876449184.58159253093?extraParams=%7B%22display_model_id%22%3A415819335620%2C%22model_selection_logic%22%3A3%7D&sp_atk=769c7e48-0357-44cf-878d-9d10a776792e&xptdk=769c7e48-0357-44cf-878d-9d10a776792e,,,
https://down-id.img.susercontent.com/file/id-11134207-822wh-mnbzzj35jnr938,https://down-id.img.susercontent.com/file/id-11134258-7r98w-lyezzaurybot13,preloved iPhone 5 32gb second wifi only,https://deo.shopeemobile.com/shopee/modules-federation/live/0/shopee__item-card-standard-v2/0.2.8/pc/a425c915798471b33e5d.png,Rp,535.000,,,,,https://deo.shopeemobile.com/shopee/modules-federation/live/0/shopee__item-card-standard-v2/0.2.8/pc/0614b8f0a8fdde22942d.svg,,< 2 Hari,https://deo.shopeemobile.com/shopee/modules-federation/live/0/shopee__item-card-standard-v2/0.2.8/pc/38e203dc86172a6c6560.svg,,https://deo.shopeemobile.com/shopee/modules-federation/live/0/shopee__item-card-standard-v2/0.2.8/pc/5dd7b4560d0e2d3190e8.svg,Surakarta (Solo),https://deo.shopeemobile.com/shopee/modules-federation/live/0/shopee__item-card-standard-v2/0.2.8/pc/0614b8f0a8fdde22942d.svg,< 2 Hari,"preloved iPhone 5 32gb second wifi only
Rp
535.000
< 2 Hari
Surakarta (Solo)",https://shopee.co.id/preloved-iPhone-5-32gb-second-wifi-only-i.101252680.51459280702?extraParams=%7B%22display_model_id%22%3A345820367542%2C%22model_selection_logic%22%3A3%7D&sp_atk=e39aca60-8469-4b64-920b-764d49617a55&xptdk=e39aca60-8469-4b64-920b-764d49617a55,,,
https://down-id.img.susercontent.com/file/id-11134207-7rbkc-m7z62en5dr0t14,https://down-id.img.susercontent.com/file/id-11134258-7r98w-lyezzaurybot13,iphone ip 13 pro 256 gb graphite second beacukai,,Rp,8.500.000,,,,,,,3-5 Hari,https://deo.shopeemobile.com/shopee/modules-federation/live/0/shopee__item-card-standard-v2/0.2.8/pc/76dff349290d20891fc1.svg,3-5 Hari,https://deo.shopeemobile.com/shopee/modules-federation/live/0/shopee__item-card-standard-v2/0.2.8/pc/5dd7b4560d0e2d3190e8.svg,Kab. Bantul,,,"iphone ip 13 pro 256 gb graphite second beacukai
Rp
8.500.000
3-5 Hari
Kab. Bantul",https://shopee.co.id/iphone-ip-13-pro-256-gb-graphite-second-beacukai-i.46919406.26431377156?extraParams=%7B%22display_model_id%22%3A99145940368%2C%22model_selection_logic%22%3A3%7D&sp_atk=e1b7f6cd-6db7-42c1-8daf-9e5e010d66d1&xptdk=e1b7f6cd-6db7-42c1-8daf-9e5e010d66d1,,,
https://down-id.img.susercontent.com/file/id-11134207-82251-milln4ug6o7690,https://down-id.img.susercontent.com/file/id-11134258-7r98w-lyezzaurybot13,IPHONE 13 128GB PINK BLIBLI SECOND,,Rp,7.500.000,,,,Produk Baru,https://deo.shopeemobile.com/shopee/modules-federation/live/0/shopee__item-card-standard-v2/0.2.8/pc/0614b8f0a8fdde22942d.svg,,< 2 Hari,https://deo.shopeemobile.com/shopee/modules-federation/live/0/shopee__item-card-standard-v2/0.2.8/pc/38e203dc86172a6c6560.svg,,https://deo.shopeemobile.com/shopee/modules-federation/live/0/shopee__item-card-standard-v2/0.2.8/pc/5dd7b4560d0e2d3190e8.svg,Surabaya,https://deo.shopeemobile.com/shopee/modules-federation/live/0/shopee__item-card-standard-v2/0.2.8/pc/0614b8f0a8fdde22942d.svg,< 2 Hari,"IPHONE 13 128GB PINK BLIBLI SECOND
Rp
7.500.000
Produk Baru
< 2 Hari
Surabaya",https://shopee.co.id/IPHONE-13-128GB-PINK-BLIBLI-SECOND-i.73493048.57453504987?extraParams=%7B%22display_model_id%22%3A330337844959%2C%22model_selection_logic%22%3A3%7D&sp_atk=5955df06-3ea3-455a-82c7-180ace5bb094&xptdk=5955df06-3ea3-455a-82c7-180ace5bb094,,,
https://down-id.img.susercontent.com/file/id-11134207-822wp-mn5xox0i0v7n33,https://down-id.img.susercontent.com/file/id-11134258-7r98w-lyezzaurybot13,iPhone 14 128GB Esim ( No simlock ) Second ori,,Rp,5.200.000,,,https://deo.shopeemobile.com/shopee/modules-federation/live/0/shopee__item-card-standard-v2/0.2.8/pc/d2a1900a0267d45fd0f5.png,,,,3-5 Hari,https://deo.shopeemobile.com/shopee/modules-federation/live/0/shopee__item-card-standard-v2/0.2.8/pc/76dff349290d20891fc1.svg,3-5 Hari,https://deo.shopeemobile.com/shopee/modules-federation/live/0/shopee__item-card-standard-v2/0.2.8/pc/5dd7b4560d0e2d3190e8.svg,Kab. Sleman,,,"iPhone 14 128GB Esim ( No simlock ) Second ori
Rp
5.200.000
3-5 Hari
Kab. Sleman",https://shopee.co.id/iPhone-14-128GB-Esim-(-No-simlock-)-Second-ori-i.155935497.56159017087?extraParams=%7B%22display_model_id%22%3A310800320873%2C%22model_selection_logic%22%3A3%7D&sp_atk=601bc5cf-3ca5-49f0-b7f1-bacdb83380a4&xptdk=601bc5cf-3ca5-49f0-b7f1-bacdb83380a4,,,
https://down-id.img.susercontent.com/file/id-11134207-7rbk9-m9mufywyy22q26,https://down-id.img.susercontent.com/file/id-11134258-822wp-mnaxy73qunep28,[Pre-Order] EX IBOX iPhone 11 | 12 | 13 Second iBox Resmi IMEI Permanen 100% Original FULLSET 64GB 128GB 256GB,https://deo.shopeemobile.com/shopee/modules-federation/live/0/shopee__item-card-standard-v2/0.2.8/pc/e4734dab67ee2f9ebd5a.png,Rp,7.649.000,-4%,https://deo.shopeemobile.com/shopee/modules-federation/live/0/shopee__item-card-standard-v2/0.2.8/pc/b4d1b8a78b3621dbdf4a.svg,,Hadiah Gratis,https://deo.shopeemobile.com/shopee/modules-federation/live/0/shopee__item-card-standard-v2/0.2.8/pc/d7099d3fd1dfdaf705ab.svg,4.9,952 Terjual,https://deo.shopeemobile.com/shopee/modules-federation/live/0/shopee__item-card-standard-v2/0.2.8/pc/76dff349290d20891fc1.svg,8-12 Hari,https://deo.shopeemobile.com/shopee/modules-federation/live/0/shopee__item-card-standard-v2/0.2.8/pc/5dd7b4560d0e2d3190e8.svg,Jakarta Selatan,,,"[Pre-Order] EX IBOX iPhone 11 | 12 | 13 Second iBox Resmi IMEI Permanen 100% Original FULLSET 64GB 128GB 256GB
Rp
7.649.000
-4%
Hadiah Gratis
4.9
952 Terjual
8-12 Hari
Jakarta Selatan",https://shopee.co.id/-Pre-Order-EX-IBOX-iPhone-11-12-13-Second-iBox-Resmi-IMEI-Permanen-100-Original-FULLSET-64GB-128GB-256GB-i.1437255344.40750319817?extraParams=%7B%22display_model_id%22%3A270026410315%2C%22model_selection_logic%22%3A3%7D&sp_atk=2a29937a-aafe-4bee-a2c8-675fb7240752&xptdk=2a29937a-aafe-4bee-a2c8-675fb7240752,,,
https://down-id.img.susercontent.com/file/id-11134207-822wp-mn3xstkbwzra50,https://down-id.img.susercontent.com/file/id-11134258-8224v-mkvw0cu9r7k1a5,SPayLater IPHONE 15 ONLY WIFI 128GB/256GB SECOND FULLSET Second HandPhone Garansi 1 Bulan,https://deo.shopeemobile.com/shopee/modules-federation/live/0/shopee__item-card-standard-v2/0.2.8/pc/a425c915798471b33e5d.png,Rp,4.400.000,-45%,https://deo.shopeemobile.com/shopee/modules-federation/live/0/shopee__item-card-standard-v2/0.2.8/pc/b4d1b8a78b3621dbdf4a.svg,https://deo.shopeemobile.com/shopee/modules-federation/live/0/shopee__item-card-standard-v2/0.2.8/pc/d2a1900a0267d45fd0f5.png,Hadiah Gratis,,,,,,https://deo.shopeemobile.com/shopee/modules-federation/live/0/shopee__item-card-standard-v2/0.2.8/pc/5dd7b4560d0e2d3190e8.svg,Jakarta Barat,,,"SPayLater IPHONE 15 ONLY WIFI 128GB/256GB SECOND FULLSET Second HandPhone Garansi 1 Bulan
Rp
4.400.000
-45%
Hadiah Gratis
Jakarta Barat",https://shopee.co.id/SPayLater-IPHONE-15-ONLY-WIFI-128GB-256GB-SECOND-FULLSET-Second-HandPhone-Garansi-1-Bulan-i.1697551689.41930103031?extraParams=%7B%22display_model_id%22%3A355791710812%2C%22model_selection_logic%22%3A3%7D&sp_atk=02744284-a967-4087-8d51-12ce595a5dac&xptdk=02744284-a967-4087-8d51-12ce595a5dac,,,
https://down-id.img.susercontent.com/file/id-11134207-8224y-mjv2miou06py85,https://down-id.img.susercontent.com/file/id-11134258-8224v-mkvw0cu9r7k1a5,iPhone 11 Second Ori Fullset 64GB 128GB 256GB | iCloud Aman | Face ID Normal | All Operator,https://deo.shopeemobile.com/shopee/modules-federation/live/0/shopee__item-card-standard-v2/0.2.8/pc/a425c915798471b33e5d.png,Rp,3.036.000,-56%,,https://deo.shopeemobile.com/shopee/modules-federation/live/0/shopee__item-card-standard-v2/0.2.8/pc/d2a1900a0267d45fd0f5.png,,https://deo.shopeemobile.com/shopee/modules-federation/live/0/shopee__item-card-standard-v2/0.2.8/pc/d7099d3fd1dfdaf705ab.svg,4.9,186 Terjual,,,https://deo.shopeemobile.com/shopee/modules-federation/live/0/shopee__item-card-standard-v2/0.2.8/pc/5dd7b4560d0e2d3190e8.svg,Jakarta Utara,,,"iPhone 11 Second Ori Fullset 64GB 128GB 256GB | iCloud Aman | Face ID Normal | All Operator
Rp
3.036.000
-56%
4.9
186 Terjual
Jakarta Utara",https://shopee.co.id/iPhone-11-Second-Ori-Fullset-64GB-128GB-256GB-iCloud-Aman-Face-ID-Normal-All-Operator-i.1455285410.41823999779?extraParams=%7B%22display_model_id%22%3A415479742383%2C%22model_selection_logic%22%3A3%7D&sp_atk=7df33725-c698-446d-8b92-5cdb070c00d1&xptdk=7df33725-c698-446d-8b92-5cdb070c00d1,,,
https://down-id.img.susercontent.com/file/id-11134207-8224p-mkltw46rrzlydc,https://down-id.img.susercontent.com/file/id-11134258-8224v-mkvw0cu9r7k1a5,IPHONE APPLE 13 256GB/128GB FULLSET MULUS SECOND NEW 100% ORIGINAL,https://deo.shopeemobile.com/shopee/modules-federation/live/0/shopee__item-card-standard-v2/0.2.8/pc/a425c915798471b33e5d.png,Rp,3.949.000,-1%,,https://deo.shopeemobile.com/shopee/modules-federation/live/0/shopee__item-card-standard-v2/0.2.8/pc/d2a1900a0267d45fd0f5.png,,https://deo.shopeemobile.com/shopee/modules-federation/live/0/shopee__item-card-standard-v2/0.2.8/pc/d7099d3fd1dfdaf705ab.svg,4.9,929 Terjual,,,https://deo.shopeemobile.com/shopee/modules-federation/live/0/shopee__item-card-standard-v2/0.2.8/pc/5dd7b4560d0e2d3190e8.svg,Jakarta Barat,,,"IPHONE APPLE 13 256GB/128GB FULLSET MULUS SECOND NEW 100% ORIGINAL
Rp
3.949.000
-1%
4.9
929 Terjual
Jakarta Barat",https://shopee.co.id/IPHONE-APPLE-13-256GB-128GB-FULLSET-MULUS-SECOND-NEW-100-ORIGINAL-i.984565322.58155513978?extraParams=%7B%22display_model_id%22%3A435555436922%2C%22model_selection_logic%22%3A3%7D&sp_atk=75bd3a2b-e42d-4e9c-97d6-a63e0ffbbbbe&xptdk=75bd3a2b-e42d-4e9c-97d6-a63e0ffbbbbe,,,
https://down-id.img.susercontent.com/file/id-11134207-822wp-mngocr5qdr0h94,https://down-id.img.susercontent.com/file/id-11134258-8224v-mkvw0cu9r7k1a5,IPHONE APPLE 12 PRO 128GB SECOND,,Rp,1.500.000,,,,,https://deo.shopeemobile.com/shopee/modules-federation/live/0/shopee__item-card-standard-v2/0.2.8/pc/0614b8f0a8fdde22942d.svg,,< 2 Hari,https://deo.shopeemobile.com/shopee/modules-federation/live/0/shopee__item-card-standard-v2/0.2.8/pc/38e203dc86172a6c6560.svg,,https://deo.shopeemobile.com/shopee/modules-federation/live/0/shopee__item-card-standard-v2/0.2.8/pc/5dd7b4560d0e2d3190e8.svg,Kab. Tangerang,https://deo.shopeemobile.com/shopee/modules-federation/live/0/shopee__item-card-standard-v2/0.2.8/pc/0614b8f0a8fdde22942d.svg,< 2 Hari,"IPHONE APPLE 12 PRO 128GB SECOND
Rp
1.500.000
< 2 Hari
Kab. Tangerang",https://shopee.co.id/IPHONE-APPLE-12-PRO-128GB-SECOND-i.28068946.49906939933?extraParams=%7B%22display_model_id%22%3A440619579487%2C%22model_selection_logic%22%3A3%7D&sp_atk=4d389f60-ae28-40a5-8e84-5890bea32d9d&xptdk=4d389f60-ae28-40a5-8e84-5890bea32d9d,,,
https://down-id.img.susercontent.com/file/id-11134207-8224p-mkk4hcvcsxe0ad,https://down-id.img.susercontent.com/file/id-11134258-7r98w-lyezzaurybot13,iPhone 15 256GB Second iBOX Good Condition (Masih Garansi),,Rp,10.955.000,,https://deo.shopeemobile.com/shopee/modules-federation/live/0/shopee__item-card-standard-v2/0.2.8/pc/38e203dc86172a6c6560.svg,,,https://deo.shopeemobile.com/shopee/modules-federation/live/0/shopee__item-card-standard-v2/0.2.8/pc/0614b8f0a8fdde22942d.svg,,,https://deo.shopeemobile.com/shopee/modules-federation/live/0/shopee__item-card-standard-v2/0.2.8/pc/5dd7b4560d0e2d3190e8.svg,< 2 Hari,,Kab. Badung,https://deo.shopeemobile.com/shopee/modules-federation/live/0/shopee__item-card-standard-v2/0.2.8/pc/0614b8f0a8fdde22942d.svg,< 2 Hari,"iPhone 15 256GB Second iBOX Good Condition (Masih Garansi)
Rp
10.955.000
< 2 Hari
Kab. Badung",https://shopee.co.id/iPhone-15-256GB-Second-iBOX-Good-Condition-(Masih-Garansi)-i.45301398.56256070781?extraParams=%7B%22display_model_id%22%3A400552861298%2C%22model_selection_logic%22%3A3%7D&sp_atk=4f0ad645-b628-427f-81f3-5ee487dc6e8f&xptdk=4f0ad645-b628-427f-81f3-5ee487dc6e8f,< 2 Hari,,
https://down-id.img.susercontent.com/file/id-11134207-822wh-mn5epkjwsf7p7f,https://down-id.img.susercontent.com/file/id-11134258-7r98w-lyezzaurybot13,iPhone 6s+plus 64gb second normal sinyal aman,,Rp,699.950,,https://deo.shopeemobile.com/shopee/modules-federation/live/0/shopee__item-card-standard-v2/0.2.8/pc/76dff349290d20891fc1.svg,https://deo.shopeemobile.com/shopee/modules-federation/live/0/shopee__item-card-standard-v2/0.2.8/pc/d2a1900a0267d45fd0f5.png,,,,,https://deo.shopeemobile.com/shopee/modules-federation/live/0/shopee__item-card-standard-v2/0.2.8/pc/5dd7b4560d0e2d3190e8.svg,3-6 Hari,,Banjarbaru,,,"iPhone 6s+plus 64gb second normal sinyal aman
Rp
699.950
3-6 Hari
Banjarbaru",https://shopee.co.id/iPhone-6s-plus-64gb-second-normal-sinyal-aman-i.42232371.44959009793?extraParams=%7B%22display_model_id%22%3A395797241006%2C%22model_selection_logic%22%3A3%7D&sp_atk=c5716863-1edc-446a-a526-a7f4f0a60e8a&xptdk=c5716863-1edc-446a-a526-a7f4f0a60e8a,,,
https://down-id.img.susercontent.com/file/id-11134207-822ws-mn5ddes2gg7a7b,https://down-id.img.susercontent.com/file/id-11134258-8224v-mkvw0cu9r7k1a5,IPHONE 11 SECOND RESMI INDONESIA,https://deo.shopeemobile.com/shopee/modules-federation/live/0/shopee__item-card-standard-v2/0.2.8/pc/a425c915798471b33e5d.png,Rp,5.575.000,,https://deo.shopeemobile.com/shopee/modules-federation/live/0/shopee__item-card-standard-v2/0.2.8/pc/76dff349290d20891fc1.svg,https://deo.shopeemobile.com/shopee/modules-federation/live/0/shopee__item-card-standard-v2/0.2.8/pc/d2a1900a0267d45fd0f5.png,,,,,https://deo.shopeemobile.com/shopee/modules-federation/live/0/shopee__item-card-standard-v2/0.2.8/pc/5dd7b4560d0e2d3190e8.svg,1 Terjual,,Kab. Gianyar,,,"IPHONE 11 SECOND RESMI INDONESIA
Rp
5.575.000
1 Terjual
3-5 Hari
Kab. Gianyar",https://shopee.co.id/IPHONE-11-SECOND-RESMI-INDONESIA-i.21126138.40330133799?extraParams=%7B%22display_model_id%22%3A435796962590%2C%22model_selection_logic%22%3A3%7D&sp_atk=5b6c466b-76c1-4e1d-8f03-c44c2ffe2ed1&xptdk=5b6c466b-76c1-4e1d-8f03-c44c2ffe2ed1,,,
https://down-id.img.susercontent.com/file/id-11134207-8224v-mk0f2oi5vcw4e3,https://down-id.img.susercontent.com/file/id-11134258-7r98w-lyezzaurybot13,iPhone 12 Pro Max iBox Second Resmi | Garansi 12Bln | IMEI Permanen | Fullset | 128GB/256GB | 100% Original,,Rp,3.800.000,,https://deo.shopeemobile.com/shopee/modules-federation/live/0/shopee__item-card-standard-v2/0.2.8/pc/76dff349290d20891fc1.svg,,,,,,https://deo.shopeemobile.com/shopee/modules-federation/live/0/shopee__item-card-standard-v2/0.2.8/pc/5dd7b4560d0e2d3190e8.svg,2-5 Hari,,Jakarta Barat,,,"iPhone 12 Pro Max iBox Second Resmi | Garansi 12Bln | IMEI Permanen | Fullset | 128GB/256GB | 100% Original
Rp
3.800.000
2-5 Hari
Jakarta Barat",https://shopee.co.id/iPhone-12-Pro-Max-iBox-Second-Resmi-Garansi-12Bln-IMEI-Permanen-Fullset-128GB-256GB-100-Original-i.1590580134.49958076448?extraParams=%7B%22display_model_id%22%3A365792911283%2C%22model_selection_logic%22%3A3%7D&sp_atk=61f46c2f-2bb6-4291-9d34-033e10c5a77e&xptdk=61f46c2f-2bb6-4291-9d34-033e10c5a77e,,,
https://down-id.img.susercontent.com/file/id-11134207-7rbk5-m98kwytb90jf6a,https://down-id.img.susercontent.com/file/id-11134258-822wr-mlx5y0tebegw04,!Phone 13 iBox 128GB | 256GB Resmi Indonesia ( Second ),https://deo.shopeemobile.com/shopee/modules-federation/live/0/shopee__item-card-standard-v2/0.2.8/pc/e4734dab67ee2f9ebd5a.png,Rp,7.480.999,-27%,https://deo.shopeemobile.com/shopee/modules-federation/live/0/shopee__item-card-standard-v2/0.2.8/pc/38e203dc86172a6c6560.svg,,,https://deo.shopeemobile.com/shopee/modules-federation/live/0/shopee__item-card-standard-v2/0.2.8/pc/d7099d3fd1dfdaf705ab.svg,,,https://deo.shopeemobile.com/shopee/modules-federation/live/0/shopee__item-card-standard-v2/0.2.8/pc/5dd7b4560d0e2d3190e8.svg,20 Terjual,,Surabaya,https://deo.shopeemobile.com/shopee/modules-federation/live/0/shopee__item-card-standard-v2/0.2.8/pc/0614b8f0a8fdde22942d.svg,Besok 12:00,"!Phone 13 iBox 128GB | 256GB Resmi Indonesia ( Second )
Rp
7.480.999
-27%
Cashback 99%
5.0
20 Terjual
Besok 12:00
Surabaya",https://shopee.co.id/!Phone-13-iBox-128GB-256GB-Resmi-Indonesia-(-Second-)-i.288677122.27735620870?extraParams=%7B%22display_model_id%22%3A253578653226%2C%22model_selection_logic%22%3A3%7D&sp_atk=02c3d676-7068-4144-8a51-cd8b96a8caeb&xptdk=02c3d676-7068-4144-8a51-cd8b96a8caeb,Cashback 99%,5.0,
https://down-id.img.susercontent.com/file/id-11134207-7rbk8-m6m9ppzmjmes25,https://down-id.img.susercontent.com/file/id-11134258-8224v-mkvw0cu9r7k1a5,APPLE IP 13 128 256 512 IB0X SECOND FULLSET,https://deo.shopeemobile.com/shopee/modules-federation/live/0/shopee__item-card-standard-v2/0.2.8/pc/e4734dab67ee2f9ebd5a.png,Rp,7.499.000,,https://deo.shopeemobile.com/shopee/modules-federation/live/0/shopee__item-card-standard-v2/0.2.8/pc/38e203dc86172a6c6560.svg,,,https://deo.shopeemobile.com/shopee/modules-federation/live/0/shopee__item-card-standard-v2/0.2.8/pc/d7099d3fd1dfdaf705ab.svg,,,https://deo.shopeemobile.com/shopee/modules-federation/live/0/shopee__item-card-standard-v2/0.2.8/pc/5dd7b4560d0e2d3190e8.svg,145 Terjual,,Jakarta Barat,https://deo.shopeemobile.com/shopee/modules-federation/live/0/shopee__item-card-standard-v2/0.2.8/pc/0614b8f0a8fdde22942d.svg,< 2 Hari,"APPLE IP 13 128 256 512 IB0X SECOND FULLSET
Rp
7.499.000
4.9
145 Terjual
< 2 Hari
Jakarta Barat",https://shopee.co.id/APPLE-IP-13-128-256-512-IB0X-SECOND-FULLSET-i.37906250.28727263186?extraParams=%7B%22display_model_id%22%3A315568189565%2C%22model_selection_logic%22%3A3%7D&sp_atk=669da925-e601-4040-9745-7145cc6625f9&xptdk=669da925-e601-4040-9745-7145cc6625f9,< 2 Hari,4.9,
https://down-id.img.susercontent.com/file/sg-11134201-7rfgw-m97avkqiqq5jb8,https://down-id.img.susercontent.com/file/id-11134258-822wr-mlx5y0tebegw04,¡Phone 14 iBox 128GB ( Second ),https://deo.shopeemobile.com/shopee/modules-federation/live/0/shopee__item-card-standard-v2/0.2.8/pc/e4734dab67ee2f9ebd5a.png,Rp,8.143.662,-41%,https://deo.shopeemobile.com/shopee/modules-federation/live/0/shopee__item-card-standard-v2/0.2.8/pc/38e203dc86172a6c6560.svg,,,https://deo.shopeemobile.com/shopee/modules-federation/live/0/shopee__item-card-standard-v2/0.2.8/pc/d7099d3fd1dfdaf705ab.svg,,,https://deo.shopeemobile.com/shopee/modules-federation/live/0/shopee__item-card-standard-v2/0.2.8/pc/5dd7b4560d0e2d3190e8.svg,2 Terjual,,Surabaya,https://deo.shopeemobile.com/shopee/modules-federation/live/0/shopee__item-card-standard-v2/0.2.8/pc/0614b8f0a8fdde22942d.svg,Besok 12:00,"¡Phone 14 iBox 128GB ( Second )
Rp
8.143.662
-41%
Cashback 99%
5.0
2 Terjual
Besok 12:00
Surabaya",https://shopee.co.id/%C2%A1Phone-14-iBox-128GB-(-Second-)-i.288677122.26135614802?extraParams=%7B%22display_model_id%22%3A224197510102%2C%22model_selection_logic%22%3A3%7D&sp_atk=867cd867-8c9c-4876-aa71-aa84a6278f6c&xptdk=867cd867-8c9c-4876-aa71-aa84a6278f6c,Cashback 99%,5.0,
https://down-id.img.susercontent.com/file/id-11134207-8224y-mktfr5siugap24,https://down-id.img.susercontent.com/file/id-11134258-8224v-mkvw0cu9r7k1a5,iphone 15 128 second like new alloperator,,Rp,8.650.000,,https://deo.shopeemobile.com/shopee/modules-federation/live/0/shopee__item-card-standard-v2/0.2.8/pc/38e203dc86172a6c6560.svg,,Produk Baru,https://deo.shopeemobile.com/shopee/modules-federation/live/0/shopee__item-card-standard-v2/0.2.8/pc/0614b8f0a8fdde22942d.svg,,,https://deo.shopeemobile.com/shopee/modules-federation/live/0/shopee__item-card-standard-v2/0.2.8/pc/5dd7b4560d0e2d3190e8.svg,< 2 Hari,,Surakarta (Solo),https://deo.shopeemobile.com/shopee/modules-federation/live/0/shopee__item-card-standard-v2/0.2.8/pc/0614b8f0a8fdde22942d.svg,< 2 Hari,"iphone 15 128 second like new alloperator
Rp
8.650.000
Produk Baru
< 2 Hari
Surakarta (Solo)",https://shopee.co.id/iphone-15-128-second-like-new-alloperator-i.262263769.45854070454?extraParams=%7B%22display_model_id%22%3A385383845696%2C%22model_selection_logic%22%3A3%7D&sp_atk=73cb9342-18d5-40cd-b454-14587df629ec&xptdk=73cb9342-18d5-40cd-b454-14587df629ec,< 2 Hari,,
https://down-id.img.susercontent.com/file/id-11134207-8224q-mk7q9daa7d3407,https://down-id.img.susercontent.com/file/id-11134258-8224v-mkvw0cu9r7k1a5,iPhone 16 pro white titanium 128gb garansi (ex iBox) SECOND.,,Rp,16.400.000,,https://deo.shopeemobile.com/shopee/modules-federation/live/0/shopee__item-card-standard-v2/0.2.8/pc/76dff349290d20891fc1.svg,,,,,,https://deo.shopeemobile.com/shopee/modules-federation/live/0/shopee__item-card-standard-v2/0.2.8/pc/5dd7b4560d0e2d3190e8.svg,1 Terjual,,Kab. Tangerang,,,"iPhone 16 pro white titanium 128gb garansi (ex iBox) SECOND.
Rp
16.400.000
1 Terjual
3-6 Hari
Kab. Tangerang",https://shopee.co.id/iPhone-16-pro-white-titanium-128gb-garansi-(ex-iBox)-SECOND.-i.99362226.43500658253?extraParams=%7B%22display_model_id%22%3A305052578221%2C%22model_selection_logic%22%3A3%7D&sp_atk=b0bd8019-eea5-41b5-9bd0-edeab01e04a3&xptdk=b0bd8019-eea5-41b5-9bd0-edeab01e04a3,,,
https://down-id.img.susercontent.com/file/id-11134207-822wj-mn6wvl3vzw1s5e,https://down-id.img.susercontent.com/file/id-11134258-7r98w-lyezzaurybot13,IPHONE 16 128GB 256GB SECOND IBOX GARANSI RESMI INDONESIA,,Rp,13.500.000,,https://deo.shopeemobile.com/shopee/modules-federation/live/0/shopee__item-card-standard-v2/0.2.8/pc/38e203dc86172a6c6560.svg,,,https://deo.shopeemobile.com/shopee/modules-federation/live/0/shopee__item-card-standard-v2/0.2.8/pc/d7099d3fd1dfdaf705ab.svg,,,https://deo.shopeemobile.com/shopee/modules-federation/live/0/shopee__item-card-standard-v2/0.2.8/pc/5dd7b4560d0e2d3190e8.svg,1 Terjual,,Surabaya,https://deo.shopeemobile.com/shopee/modules-federation/live/0/shopee__item-card-standard-v2/0.2.8/pc/0614b8f0a8fdde22942d.svg,Hari Ini 12:00,"IPHONE 16 128GB 256GB SECOND IBOX GARANSI RESMI INDONESIA
Rp
13.500.000
5.0
1 Terjual
Hari Ini 12:00
Surabaya",https://shopee.co.id/IPHONE-16-128GB-256GB-SECOND-IBOX-GARANSI-RESMI-INDONESIA-i.73493048.49956026668?extraParams=%7B%22display_model_id%22%3A405802540737%2C%22model_selection_logic%22%3A3%7D&sp_atk=3b368737-c38e-466f-96d5-1bfa805f05bc&xptdk=3b368737-c38e-466f-96d5-1bfa805f05bc,Hari Ini 12:00,5.0,
https://down-id.img.susercontent.com/file/id-11134207-822wl-mlb43frdtber7f,https://down-id.img.susercontent.com/file/id-11134258-7r98w-lyezzaurybot13,Iphone 13 128gb second origina,,Rp,2.000.000,,https://deo.shopeemobile.com/shopee/modules-federation/live/0/shopee__item-card-standard-v2/0.2.8/pc/38e203dc86172a6c6560.svg,,,https://deo.shopeemobile.com/shopee/modules-federation/live/0/shopee__item-card-standard-v2/0.2.8/pc/0614b8f0a8fdde22942d.svg,,,https://deo.shopeemobile.com/shopee/modules-federation/live/0/shopee__item-card-standard-v2/0.2.8/pc/5dd7b4560d0e2d3190e8.svg,< 2 Hari,,Jakarta Timur,https://deo.shopeemobile.com/shopee/modules-federation/live/0/shopee__item-card-standard-v2/0.2.8/pc/0614b8f0a8fdde22942d.svg,< 2 Hari,"Iphone 13 128gb second origina
Rp
2.000.000
< 2 Hari
Jakarta Timur",https://shopee.co.id/Iphone-13-128gb-second-origina-i.141739424.51556626507?extraParams=%7B%22display_model_id%22%3A292428069209%2C%22model_selection_logic%22%3A3%7D&sp_atk=5d5d1438-278c-43c6-b1f2-a9da7ab87eaa&xptdk=5d5d1438-278c-43c6-b1f2-a9da7ab87eaa,< 2 Hari,,
https://down-id.img.susercontent.com/file/id-11134207-822wh-mmvtkwtsgmx1c9,https://down-id.img.susercontent.com/file/id-11134258-8224v-mkvw0cu9r7k1a5,iPhone 11 Pro GREY 64GB Inter SECOND LIKE NEW ‼️,,Rp,3.966.969,,https://deo.shopeemobile.com/shopee/modules-federation/live/0/shopee__item-card-standard-v2/0.2.8/pc/38e203dc86172a6c6560.svg,,,https://deo.shopeemobile.com/shopee/modules-federation/live/0/shopee__item-card-standard-v2/0.2.8/pc/0614b8f0a8fdde22942d.svg,,,https://deo.shopeemobile.com/shopee/modules-federation/live/0/shopee__item-card-standard-v2/0.2.8/pc/5dd7b4560d0e2d3190e8.svg,< 2 Hari,,Bogor,https://deo.shopeemobile.com/shopee/modules-federation/live/0/shopee__item-card-standard-v2/0.2.8/pc/0614b8f0a8fdde22942d.svg,< 2 Hari,"iPhone 11 Pro GREY 64GB Inter SECOND LIKE NEW ‼️
Rp
3.966.969
< 2 Hari
Bogor",https://shopee.co.id/iPhone-11-Pro-GREY-64GB-Inter-SECOND-LIKE-NEW-%E2%80%BC%EF%B8%8F-i.66778691.46408574789?extraParams=%7B%22display_model_id%22%3A355759936539%2C%22model_selection_logic%22%3A3%7D&sp_atk=06f85c6f-c892-47d3-b210-66ab814f8515&xptdk=06f85c6f-c892-47d3-b210-66ab814f8515,< 2 Hari,,
https://down-id.img.susercontent.com/file/sg-11134201-8260j-mk7ad4qof56v68,https://down-id.img.susercontent.com/file/id-11134258-7r98w-lyezzaurybot13,iphone 11 64gb second original fullset,,Rp,3.200.000,,https://deo.shopeemobile.com/shopee/modules-federation/live/0/shopee__item-card-standard-v2/0.2.8/pc/38e203dc86172a6c6560.svg,,,https://deo.shopeemobile.com/shopee/modules-federation/live/0/shopee__item-card-standard-v2/0.2.8/pc/0614b8f0a8fdde22942d.svg,,,https://deo.shopeemobile.com/shopee/modules-federation/live/0/shopee__item-card-standard-v2/0.2.8/pc/5dd7b4560d0e2d3190e8.svg,1 Terjual,,Denpasar,https://deo.shopeemobile.com/shopee/modules-federation/live/0/shopee__item-card-standard-v2/0.2.8/pc/0614b8f0a8fdde22942d.svg,< 2 Hari,"iphone 11 64gb second original fullset
Rp
3.200.000
1 Terjual
< 2 Hari
Denpasar",https://shopee.co.id/iphone-11-64gb-second-original-fullset-i.942335660.57305693448?extraParams=%7B%22display_model_id%22%3A355515863977%2C%22model_selection_logic%22%3A3%7D&sp_atk=7e51283a-cda7-449a-94e8-8e24f5944406&xptdk=7e51283a-cda7-449a-94e8-8e24f5944406,< 2 Hari,,
https://down-id.img.susercontent.com/file/id-11134207-8224t-mk22iwxezxts6b,https://down-id.img.susercontent.com/file/id-11134258-8224v-mkvw0cu9r7k1a5,IPHONE 15 256GB/128GB FULLSET MULUS SECOND GOOD CONDITIONS BH 95+,https://deo.shopeemobile.com/shopee/modules-federation/live/0/shopee__item-card-standard-v2/0.2.8/pc/a425c915798471b33e5d.png,Rp,4.999.000,-17%,,https://deo.shopeemobile.com/shopee/modules-federation/live/0/shopee__item-card-standard-v2/0.2.8/pc/d2a1900a0267d45fd0f5.png,,,,,https://deo.shopeemobile.com/shopee/modules-federation/live/0/shopee__item-card-standard-v2/0.2.8/pc/5dd7b4560d0e2d3190e8.svg,1 Terjual,,Jakarta Barat,,,"IPHONE 15 256GB/128GB FULLSET MULUS SECOND GOOD CONDITIONS BH 95+
Rp
4.999.000
-17%
1 Terjual
Jakarta Barat",https://shopee.co.id/IPHONE-15-256GB-128GB-FULLSET-MULUS-SECOND-GOOD-CONDITIONS-BH-95--i.984565322.47855563642?extraParams=%7B%22display_model_id%22%3A335752214320%2C%22model_selection_logic%22%3A3%7D&sp_atk=adc6aec5-d53b-40c0-859e-6c033f385a9e&xptdk=adc6aec5-d53b-40c0-859e-6c033f385a9e,,,
https://down-id.img.susercontent.com/file/id-11134207-822wh-mn2jb8b6ql8h59,https://down-id.img.susercontent.com/file/id-11134258-8224v-mkvw0cu9r7k1a5,IPHONE 14 WIFI ONLY 128GB/256GB SECOND FULLSET Second HandPhone Garansi 1 Bulan,https://deo.shopeemobile.com/shopee/modules-federation/live/0/shopee__item-card-standard-v2/0.2.8/pc/a425c915798471b33e5d.png,Rp,3.650.000,-39%,,https://deo.shopeemobile.com/shopee/modules-federation/live/0/shopee__item-card-standard-v2/0.2.8/pc/d2a1900a0267d45fd0f5.png,Hadiah Gratis,,,,https://deo.shopeemobile.com/shopee/modules-federation/live/0/shopee__item-card-standard-v2/0.2.8/pc/5dd7b4560d0e2d3190e8.svg,,https://deo.shopeemobile.com/shopee/modules-federation/live/0/shopee__item-card-standard-v2/0.2.8/pc/b4d1b8a78b3621dbdf4a.svg,Jakarta Barat,,,"IPHONE 14 WIFI ONLY 128GB/256GB SECOND FULLSET Second HandPhone Garansi 1 Bulan
Rp
3.650.000
-39%
Hadiah Gratis
Jakarta Barat",https://shopee.co.id/IPHONE-14-WIFI-ONLY-128GB-256GB-SECOND-FULLSET-Second-HandPhone-Garansi-1-Bulan-i.1705358101.52008867936?extraParams=%7B%22display_model_id%22%3A350786680509%2C%22model_selection_logic%22%3A3%7D&sp_atk=7903ff90-f6b0-4a02-8821-bd782676ee34&xptdk=7903ff90-f6b0-4a02-8821-bd782676ee34,,,
https://down-id.img.susercontent.com/file/id-11134207-81ztk-mee1y8j2hnnl4a,https://down-id.img.susercontent.com/file/id-11134258-8224v-mkvw0cu9r7k1a5,Apple iPhone 15 Second 128GB 256GB Fullset Original Garansi Resmi,https://deo.shopeemobile.com/shopee/modules-federation/live/0/shopee__item-card-standard-v2/0.2.8/pc/e4734dab67ee2f9ebd5a.png,Rp,10.631.000,,https://deo.shopeemobile.com/shopee/modules-federation/live/0/shopee__item-card-standard-v2/0.2.8/pc/38e203dc86172a6c6560.svg,,,https://deo.shopeemobile.com/shopee/modules-federation/live/0/shopee__item-card-standard-v2/0.2.8/pc/d7099d3fd1dfdaf705ab.svg,,,https://deo.shopeemobile.com/shopee/modules-federation/live/0/shopee__item-card-standard-v2/0.2.8/pc/5dd7b4560d0e2d3190e8.svg,75 Terjual,,Bandung,https://deo.shopeemobile.com/shopee/modules-federation/live/0/shopee__item-card-standard-v2/0.2.8/pc/0614b8f0a8fdde22942d.svg,< 2 Hari,"Apple iPhone 15 Second 128GB 256GB Fullset Original Garansi Resmi
Rp
10.631.000
5.0
75 Terjual
< 2 Hari
Bandung",https://shopee.co.id/Apple-iPhone-15-Second-128GB-256GB-Fullset-Original-Garansi-Resmi-i.163046751.43611877557?extraParams=%7B%22display_model_id%22%3A385055976150%2C%22model_selection_logic%22%3A3%7D&sp_atk=85dd0f41-aaaa-402a-acda-26eb36dbf163&xptdk=85dd0f41-aaaa-402a-acda-26eb36dbf163,< 2 Hari,5.0,
https://down-id.img.susercontent.com/file/id-11134207-822wq-mmdbpo82madrc2,https://down-id.img.susercontent.com/file/id-11134258-8224v-mkvw0cu9r7k1a5,"Second , iPhone 13 , 256GB , Pink , MLQ83PA/A",,Rp,8.999.000,,https://deo.shopeemobile.com/shopee/modules-federation/live/0/shopee__item-card-standard-v2/0.2.8/pc/38e203dc86172a6c6560.svg,,,https://deo.shopeemobile.com/shopee/modules-federation/live/0/shopee__item-card-standard-v2/0.2.8/pc/0614b8f0a8fdde22942d.svg,,,https://deo.shopeemobile.com/shopee/modules-federation/live/0/shopee__item-card-standard-v2/0.2.8/pc/5dd7b4560d0e2d3190e8.svg,Hari Ini 12:00,,Surabaya,https://deo.shopeemobile.com/shopee/modules-federation/live/0/shopee__item-card-standard-v2/0.2.8/pc/0614b8f0a8fdde22942d.svg,Hari Ini 12:00,"Second , iPhone 13 , 256GB , Pink , MLQ83PA/A
Rp
8.999.000
Hari Ini 12:00
Surabaya",https://shopee.co.id/Second-iPhone-13-256GB-Pink-MLQ83PA-A-i.239661779.42279592212?extraParams=%7B%22display_model_id%22%3A277488313104%2C%22model_selection_logic%22%3A3%7D&sp_atk=a739926c-7abe-40ca-bbd6-1b3a3a9354f3&xptdk=a739926c-7abe-40ca-bbd6-1b3a3a9354f3,Hari Ini 12:00,,
https://down-id.img.susercontent.com/file/sg-11134201-22110-ip1fnff4ftjv8d,https://down-id.img.susercontent.com/file/id-11134258-7r98w-lyezzaurybot13,iphone xr 64gb second perfect,,Rp,1.499.000,,https://deo.shopeemobile.com/shopee/modules-federation/live/0/shopee__item-card-standard-v2/0.2.8/pc/38e203dc86172a6c6560.svg,,,https://deo.shopeemobile.com/shopee/modules-federation/live/0/shopee__item-card-standard-v2/0.2.8/pc/0614b8f0a8fdde22942d.svg,,,https://deo.shopeemobile.com/shopee/modules-federation/live/0/shopee__item-card-standard-v2/0.2.8/pc/5dd7b4560d0e2d3190e8.svg,Besok,,Surabaya,https://deo.shopeemobile.com/shopee/modules-federation/live/0/shopee__item-card-standard-v2/0.2.8/pc/0614b8f0a8fdde22942d.svg,Besok,"iphone xr 64gb second perfect
Rp
1.499.000
Besok
Surabaya",https://shopee.co.id/iphone-xr-64gb-second-perfect-i.125914182.17489647823?extraParams=%7B%22display_model_id%22%3A165084479511%2C%22model_selection_logic%22%3A3%7D&sp_atk=e1919e9d-5e82-4fff-b857-fe1161e9107b&xptdk=e1919e9d-5e82-4fff-b857-fe1161e9107b,Besok,,
https://down-id.img.susercontent.com/file/id-11134207-7ra0p-md0geus1nz8n5e,https://down-id.img.susercontent.com/file/id-11134258-8224v-mkvw0cu9r7k1a5,"Preloved iPhone 14 Pro Max 128GB, Space Black ex iBox",,Rp,12.500.000,,https://deo.shopeemobile.com/shopee/modules-federation/live/0/shopee__item-card-standard-v2/0.2.8/pc/76dff349290d20891fc1.svg,,,,,,https://deo.shopeemobile.com/shopee/modules-federation/live/0/shopee__item-card-standard-v2/0.2.8/pc/5dd7b4560d0e2d3190e8.svg,3-5 Hari,,Kab. Dharmasraya,,,"Preloved iPhone 14 Pro Max 128GB, Space Black ex iBox
Rp
12.500.000
3-5 Hari
Kab. Dharmasraya",https://shopee.co.id/Preloved-iPhone-14-Pro-Max-128GB-Space-Black-ex-iBox-i.1167701181.40660449967?extraParams=%7B%22display_model_id%22%3A260879824739%2C%22model_selection_logic%22%3A3%7D&sp_atk=1b1a7332-11de-4336-a481-4ba645d0fcd1&xptdk=1b1a7332-11de-4336-a481-4ba645d0fcd1,,,
https://down-id.img.susercontent.com/file/id-11134207-7rbk7-m8c5z9y43dapdb,https://down-id.img.susercontent.com/file/id-11134258-7ra0r-mbetcosmf42z25,"iphone 6g,6s,7g,7plus,8g dan 8 plus / Iphone X Bypass Cell LTE 4G / Wifi Only Second murah",https://deo.shopeemobile.com/shopee/modules-federation/live/0/shopee__item-card-standard-v2/0.2.8/pc/e4734dab67ee2f9ebd5a.png,Rp,716.000,-16%,https://deo.shopeemobile.com/shopee/modules-federation/live/0/shopee__item-card-standard-v2/0.2.8/pc/38e203dc86172a6c6560.svg,https://deo.shopeemobile.com/shopee/modules-federation/live/0/shopee__item-card-standard-v2/0.2.8/pc/d2a1900a0267d45fd0f5.png,,https://deo.shopeemobile.com/shopee/modules-federation/live/0/shopee__item-card-standard-v2/0.2.8/pc/d7099d3fd1dfdaf705ab.svg,,,https://deo.shopeemobile.com/shopee/modules-federation/live/0/shopee__item-card-standard-v2/0.2.8/pc/5dd7b4560d0e2d3190e8.svg,784 Terjual,https://deo.shopeemobile.com/shopee/modules-federation/live/0/shopee__item-card-standard-v2/0.2.8/pc/b4d1b8a78b3621dbdf4a.svg,Jakarta Barat,https://deo.shopeemobile.com/shopee/modules-federation/live/0/shopee__item-card-standard-v2/0.2.8/pc/0614b8f0a8fdde22942d.svg,< 2 Hari,"iphone 6g,6s,7g,7plus,8g dan 8 plus / Iphone X Bypass Cell LTE 4G / Wifi Only Second murah
Rp
716.000
-16%
4.8
784 Terjual
< 2 Hari
Jakarta Barat",https://shopee.co.id/iphone-6g-6s-7g-7plus-8g-dan-8-plus-Iphone-X-Bypass-Cell-LTE-4G-Wifi-Only-Second-murah-i.83208607.29327296409?extraParams=%7B%22display_model_id%22%3A188243894991%2C%22model_selection_logic%22%3A3%7D&sp_atk=1c0e8b80-c68b-44c7-aa91-3ee71640d057&xptdk=1c0e8b80-c68b-44c7-aa91-3ee71640d057,< 2 Hari,4.8,
https://down-id.img.susercontent.com/file/id-11134207-822wh-mn2ipn7tvrwi86,https://down-id.img.susercontent.com/file/id-11134258-8224v-mkvw0cu9r7k1a5,SPayLater IPHONE 14 WIFI ONLY 128GB/256GB SECOND FULLSET Second HandPhone Garansi 1 Bulan,https://deo.shopeemobile.com/shopee/modules-federation/live/0/shopee__item-card-standard-v2/0.2.8/pc/a425c915798471b33e5d.png,Rp,3.600.000,-40%,,https://deo.shopeemobile.com/shopee/modules-federation/live/0/shopee__item-card-standard-v2/0.2.8/pc/d2a1900a0267d45fd0f5.png,Hadiah Gratis,,,,https://deo.shopeemobile.com/shopee/modules-federation/live/0/shopee__item-card-standard-v2/0.2.8/pc/5dd7b4560d0e2d3190e8.svg,,https://deo.shopeemobile.com/shopee/modules-federation/live/0/shopee__item-card-standard-v2/0.2.8/pc/b4d1b8a78b3621dbdf4a.svg,Jakarta Barat,,,"SPayLater IPHONE 14 WIFI ONLY 128GB/256GB SECOND FULLSET Second HandPhone Garansi 1 Bulan
Rp
3.600.000
-40%
Hadiah Gratis
Jakarta Barat",https://shopee.co.id/SPayLater-IPHONE-14-WIFI-ONLY-128GB-256GB-SECOND-FULLSET-Second-HandPhone-Garansi-1-Bulan-i.1697551689.46008885403?extraParams=%7B%22display_model_id%22%3A262538897975%2C%22model_selection_logic%22%3A3%7D&sp_atk=05fb3fa1-3932-4da1-bfc4-2a33e0fcdf45&xptdk=05fb3fa1-3932-4da1-bfc4-2a33e0fcdf45,,,
https://down-id.img.susercontent.com/file/id-11134207-7rasl-m4puzju4fyxve7,https://down-id.img.susercontent.com/file/id-11134258-8224v-mkvw0cu9r7k1a5,IPHONE 13 128GB 256GB SECOND BEKAS ORIGINAL 100% | MULUS LIKE NEW NORMAL Cyrus Cell,https://deo.shopeemobile.com/shopee/modules-federation/live/0/shopee__item-card-standard-v2/0.2.8/pc/a425c915798471b33e5d.png,Rp,5.910.000,,https://deo.shopeemobile.com/shopee/modules-federation/live/0/shopee__item-card-standard-v2/0.2.8/pc/38e203dc86172a6c6560.svg,https://deo.shopeemobile.com/shopee/modules-federation/live/0/shopee__item-card-standard-v2/0.2.8/pc/d2a1900a0267d45fd0f5.png,,https://deo.shopeemobile.com/shopee/modules-federation/live/0/shopee__item-card-standard-v2/0.2.8/pc/d7099d3fd1dfdaf705ab.svg,,,https://deo.shopeemobile.com/shopee/modules-federation/live/0/shopee__item-card-standard-v2/0.2.8/pc/5dd7b4560d0e2d3190e8.svg,29 Terjual,,Bandung,https://deo.shopeemobile.com/shopee/modules-federation/live/0/shopee__item-card-standard-v2/0.2.8/pc/0614b8f0a8fdde22942d.svg,< 2 Hari,"IPHONE 13 128GB 256GB SECOND BEKAS ORIGINAL 100% | MULUS LIKE NEW NORMAL Cyrus Cell
Rp
5.910.000
4.9
29 Terjual
< 2 Hari
Bandung",https://shopee.co.id/IPHONE-13-128GB-256GB-SECOND-BEKAS-ORIGINAL-100-MULUS-LIKE-NEW-NORMAL-Cyrus-Cell-i.216254942.20126225793?extraParams=%7B%22display_model_id%22%3A38957791942%2C%22model_selection_logic%22%3A3%7D&sp_atk=c05bd55c-0521-4cca-b27e-bbfd169eab4d&xptdk=c05bd55c-0521-4cca-b27e-bbfd169eab4d,< 2 Hari,4.9,
https://down-id.img.susercontent.com/file/id-11134207-822wn-mmpx1fz2o3ycfc,https://down-id.img.susercontent.com/file/id-11134258-8224v-mkvw0cu9r7k1a5,100% Original iPhone 16 128GB 256GB SECOND LIKE NEW  Fullset Mulus‌  Jaminan kualitas Terdaftar Beacukai,https://deo.shopeemobile.com/shopee/modules-federation/live/0/shopee__item-card-standard-v2/0.2.8/pc/a425c915798471b33e5d.png,Rp,9.800.000,-39%,,,,https://deo.shopeemobile.com/shopee/modules-federation/live/0/shopee__item-card-standard-v2/0.2.8/pc/d7099d3fd1dfdaf705ab.svg,,,https://deo.shopeemobile.com/shopee/modules-federation/live/0/shopee__item-card-standard-v2/0.2.8/pc/5dd7b4560d0e2d3190e8.svg,96 Terjual,,Jakarta Utara,,,"100% Original iPhone 16 128GB 256GB SECOND LIKE NEW Fullset Mulus‌ Jaminan kualitas Terdaftar Beacukai
Rp
9.800.000
-39%
5.0
96 Terjual
Jakarta Utara",https://shopee.co.id/100-Original-iPhone-16-128GB-256GB-SECOND-LIKE-NEW-Fullset-Mulus%E2%80%8C-Jaminan-kualitas-Terdaftar-Beacukai-i.1455285410.57752753846?extraParams=%7B%22display_model_id%22%3A315737289790%2C%22model_selection_logic%22%3A3%7D&sp_atk=c4d01a1b-c18b-4dff-8787-32b038faa887&xptdk=c4d01a1b-c18b-4dff-8787-32b038faa887,,5.0,
https://down-id.img.susercontent.com/file/sg-11134201-81ztx-mmqzdac0sphfca,,IP 11 Second 64GB/256GB/128GB Iphone 11 Normal Inter Original 100% FULLSET MULUS,,Rp,2.090.000,-56%,,https://deo.shopeemobile.com/shopee/modules-federation/live/0/shopee__item-card-standard-v2/0.2.8/pc/d2a1900a0267d45fd0f5.png,,,,,https://deo.shopeemobile.com/shopee/modules-federation/live/0/shopee__item-card-standard-v2/0.2.8/pc/5dd7b4560d0e2d3190e8.svg,,,Malang,,,"IP 11 Second 64GB/256GB/128GB Iphone 11 Normal Inter Original 100% FULLSET MULUS
Rp
2.090.000
-56%
Malang",https://shopee.co.id/IP-11-Second-64GB-256GB-128GB-Iphone-11-Normal-Inter-Original-100-FULLSET-MULUS-i.1786700569.52658313394?extraParams=%7B%22display_model_id%22%3A330738985678%2C%22model_selection_logic%22%3A3%7D&sp_atk=8aaad71d-30fa-49c9-ad1b-534010e1d1e6&xptdk=8aaad71d-30fa-49c9-ad1b-534010e1d1e6,,,
https://down-id.img.susercontent.com/file/id-11134207-822wo-mlu7z5sbtnno16,https://down-id.img.susercontent.com/file/id-11134258-7r98w-lyezzaurybot13,IPHONE 7 PLUS 256GB SECOND INTER,,Rp,1.800.000,,https://deo.shopeemobile.com/shopee/modules-federation/live/0/shopee__item-card-standard-v2/0.2.8/pc/38e203dc86172a6c6560.svg,,,https://deo.shopeemobile.com/shopee/modules-federation/live/0/shopee__item-card-standard-v2/0.2.8/pc/0614b8f0a8fdde22942d.svg,,,https://deo.shopeemobile.com/shopee/modules-federation/live/0/shopee__item-card-standard-v2/0.2.8/pc/5dd7b4560d0e2d3190e8.svg,Hari Ini 12:00,,Surabaya,https://deo.shopeemobile.com/shopee/modules-federation/live/0/shopee__item-card-standard-v2/0.2.8/pc/0614b8f0a8fdde22942d.svg,Hari Ini 12:00,"IPHONE 7 PLUS 256GB SECOND INTER
Rp
1.800.000
Hari Ini 12:00
Surabaya",https://shopee.co.id/IPHONE-7-PLUS-256GB-SECOND-INTER-i.73493048.53307227208?extraParams=%7B%22display_model_id%22%3A218814107917%2C%22model_selection_logic%22%3A3%7D&sp_atk=bb07e679-f558-48be-bb7a-fe0d94521acf&xptdk=bb07e679-f558-48be-bb7a-fe0d94521acf,Hari Ini 12:00,,
https://down-id.img.susercontent.com/file/id-11134207-7ra0r-mcqjfb3w7rnce1,https://down-id.img.susercontent.com/file/id-11134258-8224v-mkvw0cu9r7k1a5,iPhone 11 Pro Max 64GB 256GB 512GB second Original 100% Mulus Fullset,,Rp,4.850.000,,https://deo.shopeemobile.com/shopee/modules-federation/live/0/shopee__item-card-standard-v2/0.2.8/pc/76dff349290d20891fc1.svg,https://deo.shopeemobile.com/shopee/modules-federation/live/0/shopee__item-card-standard-v2/0.2.8/pc/d2a1900a0267d45fd0f5.png,,https://deo.shopeemobile.com/shopee/modules-federation/live/0/shopee__item-card-standard-v2/0.2.8/pc/d7099d3fd1dfdaf705ab.svg,,,https://deo.shopeemobile.com/shopee/modules-federation/live/0/shopee__item-card-standard-v2/0.2.8/pc/5dd7b4560d0e2d3190e8.svg,10RB+ Terjual,,Jakarta Pusat,,,"iPhone 11 Pro Max 64GB 256GB 512GB second Original 100% Mulus Fullset
Rp
4.850.000
5.0
10RB+ Terjual
3-5 Hari
Jakarta Pusat",https://shopee.co.id/iPhone-11-Pro-Max-64GB-256GB-512GB-second-Original-100-Mulus-Fullset-i.854979118.17585974639?extraParams=%7B%22display_model_id%22%3A224384383515%2C%22model_selection_logic%22%3A3%7D&sp_atk=888f66cd-3dcb-4c4d-a5bb-a5a2dc48b1e0&xptdk=888f66cd-3dcb-4c4d-a5bb-a5a2dc48b1e0,,5.0,
https://down-id.img.susercontent.com/file/id-11134207-822wn-mn5hdcvikv0g31,https://down-id.img.susercontent.com/file/id-11134258-8224v-mkvw0cu9r7k1a5,IP 11 64GB 128GB 256GB SECOND Original FULLSET WIFI ONLY GARANSI INTERNASIONAL iphone 11,https://deo.shopeemobile.com/shopee/modules-federation/live/0/shopee__item-card-standard-v2/0.2.8/pc/a425c915798471b33e5d.png,Rp,2.300.000,-34%,,https://deo.shopeemobile.com/shopee/modules-federation/live/0/shopee__item-card-standard-v2/0.2.8/pc/d2a1900a0267d45fd0f5.png,Hadiah Gratis,,,,https://deo.shopeemobile.com/shopee/modules-federation/live/0/shopee__item-card-standard-v2/0.2.8/pc/5dd7b4560d0e2d3190e8.svg,,https://deo.shopeemobile.com/shopee/modules-federation/live/0/shopee__item-card-standard-v2/0.2.8/pc/b4d1b8a78b3621dbdf4a.svg,Jakarta Barat,,,"IP 11 64GB 128GB 256GB SECOND Original FULLSET WIFI ONLY GARANSI INTERNASIONAL iphone 11
Rp
2.300.000
-34%
Hadiah Gratis
Jakarta Barat",https://shopee.co.id/IP-11-64GB-128GB-256GB-SECOND-Original-FULLSET-WIFI-ONLY-GARANSI-INTERNASIONAL-iphone-11-i.1705342319.57408996702?extraParams=%7B%22display_model_id%22%3A380797650256%2C%22model_selection_logic%22%3A3%7D&sp_atk=ffec3f03-e7d6-49ed-8a41-22852b96b1e3&xptdk=ffec3f03-e7d6-49ed-8a41-22852b96b1e3,,,
https://down-id.img.susercontent.com/file/id-11134207-8224p-mk912jmlnw914c,https://down-id.img.susercontent.com/file/id-11134258-7r98w-lyezzaurybot13,IP XR 256GB 128GB 64GB Second handphone inter Normal Like New,,Rp,2.690.000,-33%,https://deo.shopeemobile.com/shopee/modules-federation/live/0/shopee__item-card-standard-v2/0.2.8/pc/76dff349290d20891fc1.svg,https://deo.shopeemobile.com/shopee/modules-federation/live/0/shopee__item-card-standard-v2/0.2.8/pc/d2a1900a0267d45fd0f5.png,,https://deo.shopeemobile.com/shopee/modules-federation/live/0/shopee__item-card-standard-v2/0.2.8/pc/d7099d3fd1dfdaf705ab.svg,,,https://deo.shopeemobile.com/shopee/modules-federation/live/0/shopee__item-card-standard-v2/0.2.8/pc/5dd7b4560d0e2d3190e8.svg,28 Terjual,,Kab. Tangerang,,,"IP XR 256GB 128GB 64GB Second handphone inter Normal Like New
Rp
2.690.000
-33%
5.0
28 Terjual
2-4 Hari
Kab. Tangerang",https://shopee.co.id/IP-XR-256GB-128GB-64GB-Second-handphone-inter-Normal-Like-New-i.1725757622.45505771163?extraParams=%7B%22display_model_id%22%3A325520323677%2C%22model_selection_logic%22%3A3%7D&sp_atk=04409536-9f68-4134-97af-746e5403b3cf&xptdk=04409536-9f68-4134-97af-746e5403b3cf,,5.0,
https://down-id.img.susercontent.com/file/id-11134207-822wr-mnblp8fqmvpi0e,https://down-id.img.susercontent.com/file/id-11134258-8224v-mkvw0cu9r7k1a5,iphone 13 256 ibox second resmi mulus,,Rp,7.860.000,,https://deo.shopeemobile.com/shopee/modules-federation/live/0/shopee__item-card-standard-v2/0.2.8/pc/76dff349290d20891fc1.svg,,,,,,https://deo.shopeemobile.com/shopee/modules-federation/live/0/shopee__item-card-standard-v2/0.2.8/pc/5dd7b4560d0e2d3190e8.svg,1-3 Hari,,Surakarta (Solo),,,"iphone 13 256 ibox second resmi mulus
Rp
7.860.000
1-3 Hari
Surakarta (Solo)",https://shopee.co.id/iphone-13-256-ibox-second-resmi-mulus-i.262263769.51951296572?extraParams=%7B%22display_model_id%22%3A430117214854%2C%22model_selection_logic%22%3A3%7D&sp_atk=12048603-ad3c-403b-a71b-669adb353886&xptdk=12048603-ad3c-403b-a71b-669adb353886,,,
https://down-id.img.susercontent.com/file/id-11134207-8224v-mh8viyzuz8jy3e,https://down-id.img.susercontent.com/file/id-11134258-822wp-mnaxy73qunep28,iPhone 13 Pro Max ex iBox Beacukai IMEI Permanen Garansi 12 Bln 100% Original Second iPhone FULLSET 128GB 256GB 512GB 1TB,https://deo.shopeemobile.com/shopee/modules-federation/live/0/shopee__item-card-standard-v2/0.2.8/pc/e4734dab67ee2f9ebd5a.png,Rp,9.979.227,-36%,https://deo.shopeemobile.com/shopee/modules-federation/live/0/shopee__item-card-standard-v2/0.2.8/pc/76dff349290d20891fc1.svg,https://deo.shopeemobile.com/shopee/modules-federation/live/0/shopee__item-card-standard-v2/0.2.8/pc/d2a1900a0267d45fd0f5.png,Hadiah Gratis,https://deo.shopeemobile.com/shopee/modules-federation/live/0/shopee__item-card-standard-v2/0.2.8/pc/d7099d3fd1dfdaf705ab.svg,,,https://deo.shopeemobile.com/shopee/modules-federation/live/0/shopee__item-card-standard-v2/0.2.8/pc/5dd7b4560d0e2d3190e8.svg,1RB+ Terjual,https://deo.shopeemobile.com/shopee/modules-federation/live/0/shopee__item-card-standard-v2/0.2.8/pc/b4d1b8a78b3621dbdf4a.svg,Jakarta Selatan,,,"iPhone 13 Pro Max ex iBox Beacukai IMEI Permanen Garansi 12 Bln 100% Original Second iPhone FULLSET 128GB 256GB 512GB 1TB
Rp
9.979.227
-36%
Hadiah Gratis
4.9
1RB+ Terjual
2-4 Hari
Jakarta Selatan",https://shopee.co.id/iPhone-13-Pro-Max-ex-iBox-Beacukai-IMEI-Permanen-Garansi-12-Bln-100-Original-Second-iPhone-FULLSET-128GB-256GB-512GB-1TB-i.1437255344.26077462969?extraParams=%7B%22display_model_id%22%3A252721319867%2C%22model_selection_logic%22%3A3%7D&sp_atk=998d19b5-0bad-446b-bf63-8d3b4ff3e281&xptdk=998d19b5-0bad-446b-bf63-8d3b4ff3e281,,4.9,
https://down-id.img.susercontent.com/file/id-11134207-8224r-mkt9o20pih3459,https://down-id.img.susercontent.com/file/id-11134258-8224v-mkvw0cu9r7k1a5,iphone 13 128 gb second like new alloperatoro,,Rp,5.600.000,,https://deo.shopeemobile.com/shopee/modules-federation/live/0/shopee__item-card-standard-v2/0.2.8/pc/38e203dc86172a6c6560.svg,,,https://deo.shopeemobile.com/shopee/modules-federation/live/0/shopee__item-card-standard-v2/0.2.8/pc/d7099d3fd1dfdaf705ab.svg,,,https://deo.shopeemobile.com/shopee/modules-federation/live/0/shopee__item-card-standard-v2/0.2.8/pc/5dd7b4560d0e2d3190e8.svg,1 Terjual,,Surakarta (Solo),https://deo.shopeemobile.com/shopee/modules-federation/live/0/shopee__item-card-standard-v2/0.2.8/pc/0614b8f0a8fdde22942d.svg,< 2 Hari,"iphone 13 128 gb second like new alloperatoro
Rp
5.600.000
5.0
1 Terjual
< 2 Hari
Surakarta (Solo)",https://shopee.co.id/iphone-13-128-gb-second-like-new-alloperatoro-i.262263769.54856245914?extraParams=%7B%22display_model_id%22%3A330565871979%2C%22model_selection_logic%22%3A3%7D&sp_atk=617a8659-766c-445b-afeb-2eb01800e1f0&xptdk=617a8659-766c-445b-afeb-2eb01800e1f0,< 2 Hari,5.0,
https://down-id.img.susercontent.com/file/id-11134207-8224w-mksyn8l1xaf6ce,https://down-id.img.susercontent.com/file/id-11134258-7r98w-lyezzaurybot13,iPhone 8 256 GB Grey Second,,Rp,1.849.000,,https://deo.shopeemobile.com/shopee/modules-federation/live/0/shopee__item-card-standard-v2/0.2.8/pc/76dff349290d20891fc1.svg,,,,,,https://deo.shopeemobile.com/shopee/modules-federation/live/0/shopee__item-card-standard-v2/0.2.8/pc/5dd7b4560d0e2d3190e8.svg,4-6 Hari,,Bekasi,,,"iPhone 8 256 GB Grey Second
Rp
1.849.000
4-6 Hari
Bekasi",https://shopee.co.id/iPhone-8-256-GB-Grey-Second-i.26934295.50106238269?extraParams=%7B%22display_model_id%22%3A330566106663%2C%22model_selection_logic%22%3A3%7D&sp_atk=858e5f50-e8cf-46a1-8321-e7cbbef4c208&xptdk=858e5f50-e8cf-46a1-8321-e7cbbef4c208,,,
https://down-id.img.susercontent.com/file/id-11134207-822wp-mngocr5qdr0h94,https://down-id.img.susercontent.com/file/id-11134258-8224v-mkvw0cu9r7k1a5,IPHONE APPLE 12 PRO 128GB SECOND,,Rp,1.500.000,,https://deo.shopeemobile.com/shopee/modules-federation/live/0/shopee__item-card-standard-v2/0.2.8/pc/38e203dc86172a6c6560.svg,,,https://deo.shopeemobile.com/shopee/modules-federation/live/0/shopee__item-card-standard-v2/0.2.8/pc/0614b8f0a8fdde22942d.svg,,,https://deo.shopeemobile.com/shopee/modules-federation/live/0/shopee__item-card-standard-v2/0.2.8/pc/5dd7b4560d0e2d3190e8.svg,< 2 Hari,,Kab. Tangerang,https://deo.shopeemobile.com/shopee/modules-federation/live/0/shopee__item-card-standard-v2/0.2.8/pc/0614b8f0a8fdde22942d.svg,< 2 Hari,"IPHONE APPLE 12 PRO 128GB SECOND
Rp
1.500.000
< 2 Hari
Kab. Tangerang",https://shopee.co.id/IPHONE-APPLE-12-PRO-128GB-SECOND-i.28068946.49906939933?extraParams=%7B%22display_model_id%22%3A440619579487%2C%22model_selection_logic%22%3A3%7D&sp_atk=8bb1bb48-2c04-432e-9ef2-524e50d01816&xptdk=8bb1bb48-2c04-432e-9ef2-524e50d01816,< 2 Hari,,
https://down-id.img.susercontent.com/file/id-11134207-7rbk2-m8w6dssit50212,https://down-id.img.susercontent.com/file/id-11134258-7r98w-lyezzaurybot13,Smartphone iPhone 7 & 8 64 GB Second Ex Resmi & International All Operator,,Rp,685.000,-1%,https://deo.shopeemobile.com/shopee/modules-federation/live/0/shopee__item-card-standard-v2/0.2.8/pc/38e203dc86172a6c6560.svg,https://deo.shopeemobile.com/shopee/modules-federation/live/0/shopee__item-card-standard-v2/0.2.8/pc/d2a1900a0267d45fd0f5.png,Cicilan,https://deo.shopeemobile.com/shopee/modules-federation/live/0/shopee__item-card-standard-v2/0.2.8/pc/d7099d3fd1dfdaf705ab.svg,,,https://deo.shopeemobile.com/shopee/modules-federation/live/0/shopee__item-card-standard-v2/0.2.8/pc/5dd7b4560d0e2d3190e8.svg,47 Terjual,https://deo.shopeemobile.com/shopee/modules-federation/live/0/shopee__item-card-standard-v2/0.2.8/pc/b4d1b8a78b3621dbdf4a.svg,Kab. Gresik,https://deo.shopeemobile.com/shopee/modules-federation/live/0/shopee__item-card-standard-v2/0.2.8/pc/0614b8f0a8fdde22942d.svg,< 2 Hari,"Smartphone iPhone 7 & 8 64 GB Second Ex Resmi & International All Operator
Rp
685.000
-1%
Cicilan
4.8
47 Terjual
< 2 Hari
Kab. Gresik",https://shopee.co.id/Smartphone-iPhone-7-8-64-GB-Second-Ex-Resmi-International-All-Operator-i.309337020.6759834478?extraParams=%7B%22display_model_id%22%3A69873833436%2C%22model_selection_logic%22%3A3%7D&sp_atk=80f9868e-8802-4827-9fd4-d497a9bbcfcf&xptdk=80f9868e-8802-4827-9fd4-d497a9bbcfcf,< 2 Hari,4.8,
https://down-id.img.susercontent.com/file/id-11134207-822wl-mlrd4kalo2ki1d,https://down-id.img.susercontent.com/file/id-11134258-8224v-mkvw0cu9r7k1a5,iPhone 11 64GB BH82 Second (8245 Black),https://deo.shopeemobile.com/shopee/modules-federation/live/0/shopee__item-card-standard-v2/0.2.8/pc/a425c915798471b33e5d.png,Rp,4.495.000,,https://deo.shopeemobile.com/shopee/modules-federation/live/0/shopee__item-card-standard-v2/0.2.8/pc/76dff349290d20891fc1.svg,,,,,,https://deo.shopeemobile.com/shopee/modules-federation/live/0/shopee__item-card-standard-v2/0.2.8/pc/5dd7b4560d0e2d3190e8.svg,1-3 Hari,,Kediri,,,"iPhone 11 64GB BH82 Second (8245 Black)
Rp
4.495.000
1-3 Hari
Kediri",https://shopee.co.id/iPhone-11-64GB-BH82-Second-(8245-Black)-i.147840320.40529229445?extraParams=%7B%22display_model_id%22%3A315637853671%2C%22model_selection_logic%22%3A3%7D&sp_atk=64f8cd14-778c-49a2-8d52-d6cd65165b75&xptdk=64f8cd14-778c-49a2-8d52-d6cd65165b75,,,
https://down-id.img.susercontent.com/file/id-11134207-81ztm-mee27yq658g35e,https://down-id.img.susercontent.com/file/id-11134258-8224v-mkvw0cu9r7k1a5,Apple iPhone 14 Pro Second 128GB 256GB 512GB Fullset Original Garansi Resmi,https://deo.shopeemobile.com/shopee/modules-federation/live/0/shopee__item-card-standard-v2/0.2.8/pc/e4734dab67ee2f9ebd5a.png,Rp,12.525.000,,https://deo.shopeemobile.com/shopee/modules-federation/live/0/shopee__item-card-standard-v2/0.2.8/pc/38e203dc86172a6c6560.svg,,,https://deo.shopeemobile.com/shopee/modules-federation/live/0/shopee__item-card-standard-v2/0.2.8/pc/d7099d3fd1dfdaf705ab.svg,,,https://deo.shopeemobile.com/shopee/modules-federation/live/0/shopee__item-card-standard-v2/0.2.8/pc/5dd7b4560d0e2d3190e8.svg,73 Terjual,,Bandung,https://deo.shopeemobile.com/shopee/modules-federation/live/0/shopee__item-card-standard-v2/0.2.8/pc/0614b8f0a8fdde22942d.svg,< 2 Hari,"Apple iPhone 14 Pro Second 128GB 256GB 512GB Fullset Original Garansi Resmi
Rp
12.525.000
5.0
73 Terjual
< 2 Hari
Bandung",https://shopee.co.id/Apple-iPhone-14-Pro-Second-128GB-256GB-512GB-Fullset-Original-Garansi-Resmi-i.163046751.27784227360?extraParams=%7B%22display_model_id%22%3A380055809764%2C%22model_selection_logic%22%3A3%7D&sp_atk=ee7e0616-e6d1-46ec-b359-6cf74847a25c&xptdk=ee7e0616-e6d1-46ec-b359-6cf74847a25c,< 2 Hari,5.0,
https://down-id.img.susercontent.com/file/id-11134207-8224s-mjjpxm8n9j431b,https://down-id.img.susercontent.com/file/id-11134258-822wr-mlx5y0tebegw04,Second iPhone 15 128GB 256GB | Fullset Lengkap | All Operator | Bergaransi,https://deo.shopeemobile.com/shopee/modules-federation/live/0/shopee__item-card-standard-v2/0.2.8/pc/a425c915798471b33e5d.png,Rp,9.172.000,,https://deo.shopeemobile.com/shopee/modules-federation/live/0/shopee__item-card-standard-v2/0.2.8/pc/76dff349290d20891fc1.svg,,Produk Baru,https://deo.shopeemobile.com/shopee/modules-federation/live/0/shopee__item-card-standard-v2/0.2.8/pc/d7099d3fd1dfdaf705ab.svg,,,https://deo.shopeemobile.com/shopee/modules-federation/live/0/shopee__item-card-standard-v2/0.2.8/pc/5dd7b4560d0e2d3190e8.svg,16 Terjual,,Medan,,,"Second iPhone 15 128GB 256GB | Fullset Lengkap | All Operator | Bergaransi
Rp
9.172.000
Produk Baru
4.7
16 Terjual
4-8 Hari
Medan",https://shopee.co.id/Second-iPhone-15-128GB-256GB-Fullset-Lengkap-All-Operator-Bergaransi-i.475428334.46404558072?extraParams=%7B%22display_model_id%22%3A234640960898%2C%22model_selection_logic%22%3A3%7D&sp_atk=352dedc7-62cc-451f-99be-0b0019f6476c&xptdk=352dedc7-62cc-451f-99be-0b0019f6476c,,4.7,
https://down-id.img.susercontent.com/file/id-11134207-7rbk8-m9pnrw7ka5n1d9,https://down-id.img.susercontent.com/file/id-11134258-8224v-mkvw0cu9r7k1a5,IPhone 13mini 128gb Second ibox,,Rp,7.575.000,,https://deo.shopeemobile.com/shopee/modules-federation/live/0/shopee__item-card-standard-v2/0.2.8/pc/38e203dc86172a6c6560.svg,,,https://deo.shopeemobile.com/shopee/modules-federation/live/0/shopee__item-card-standard-v2/0.2.8/pc/0614b8f0a8fdde22942d.svg,,,https://deo.shopeemobile.com/shopee/modules-federation/live/0/shopee__item-card-standard-v2/0.2.8/pc/5dd7b4560d0e2d3190e8.svg,< 2 Hari,,Malang,https://deo.shopeemobile.com/shopee/modules-federation/live/0/shopee__item-card-standard-v2/0.2.8/pc/0614b8f0a8fdde22942d.svg,< 2 Hari,"IPhone 13mini 128gb Second ibox
Rp
7.575.000
< 2 Hari
Malang",https://shopee.co.id/IPhone-13mini-128gb-Second-ibox-i.160408037.43350724929?extraParams=%7B%22display_model_id%22%3A295057841391%2C%22model_selection_logic%22%3A3%7D&sp_atk=100768e0-82d5-4883-b6e1-01603d731af9&xptdk=100768e0-82d5-4883-b6e1-01603d731af9,< 2 Hari,,
https://down-id.img.susercontent.com/file/id-11134207-822wt-mmub8qi9se84e8,https://down-id.img.susercontent.com/file/id-11134258-7r98w-lyezzaurybot13,iPhone 14 Pro 256 Second All operator,,Rp,9.000.000,,https://deo.shopeemobile.com/shopee/modules-federation/live/0/shopee__item-card-standard-v2/0.2.8/pc/76dff349290d20891fc1.svg,https://deo.shopeemobile.com/shopee/modules-federation/live/0/shopee__item-card-standard-v2/0.2.8/pc/d2a1900a0267d45fd0f5.png,,,,,https://deo.shopeemobile.com/shopee/modules-federation/live/0/shopee__item-card-standard-v2/0.2.8/pc/5dd7b4560d0e2d3190e8.svg,3-5 Hari,,Kab. Sleman,,,"iPhone 14 Pro 256 Second All operator
Rp
9.000.000
3-5 Hari
Kab. Sleman",https://shopee.co.id/iPhone-14-Pro-256-Second-All-operator-i.155935497.49258509977?extraParams=%7B%22display_model_id%22%3A415753776138%2C%22model_selection_logic%22%3A3%7D&sp_atk=744c86eb-c7f3-4d19-9aac-7c2efef78192&xptdk=744c86eb-c7f3-4d19-9aac-7c2efef78192,,,
https://down-id.img.susercontent.com/file/id-11134207-822ws-mn7ddoxq3x1c58,https://down-id.img.susercontent.com/file/id-11134258-7r98w-lyezzaurybot13,IPHONE 14 PRO MAX 256 GB SECOND IBOX,,Rp,12.700.000,,https://deo.shopeemobile.com/shopee/modules-federation/live/0/shopee__item-card-standard-v2/0.2.8/pc/76dff349290d20891fc1.svg,,,,,,https://deo.shopeemobile.com/shopee/modules-federation/live/0/shopee__item-card-standard-v2/0.2.8/pc/5dd7b4560d0e2d3190e8.svg,3-6 Hari,,Bekasi,,,"IPHONE 14 PRO MAX 256 GB SECOND IBOX
Rp
12.700.000
3-6 Hari
Bekasi",https://shopee.co.id/IPHONE-14-PRO-MAX-256-GB-SECOND-IBOX-i.36904558.53509071326?extraParams=%7B%22display_model_id%22%3A425804249394%2C%22model_selection_logic%22%3A3%7D&sp_atk=a4320435-3018-4277-a98f-30095362086d&xptdk=a4320435-3018-4277-a98f-30095362086d,,,
https://down-id.img.susercontent.com/file/id-11134207-8224v-mkcn1u1l8gsn9a,https://down-id.img.susercontent.com/file/id-11134258-8224v-mkvw0cu9r7k1a5,iphone 13 128 gb beacukai second like new,,Rp,6.900.000,,https://deo.shopeemobile.com/shopee/modules-federation/live/0/shopee__item-card-standard-v2/0.2.8/pc/38e203dc86172a6c6560.svg,,,https://deo.shopeemobile.com/shopee/modules-federation/live/0/shopee__item-card-standard-v2/0.2.8/pc/d7099d3fd1dfdaf705ab.svg,,,https://deo.shopeemobile.com/shopee/modules-federation/live/0/shopee__item-card-standard-v2/0.2.8/pc/5dd7b4560d0e2d3190e8.svg,1 Terjual,,Surakarta (Solo),https://deo.shopeemobile.com/shopee/modules-federation/live/0/shopee__item-card-standard-v2/0.2.8/pc/0614b8f0a8fdde22942d.svg,< 2 Hari,"iphone 13 128 gb beacukai second like new
Rp
6.900.000
5.0
1 Terjual
< 2 Hari
Surakarta (Solo)",https://shopee.co.id/iphone-13-128-gb-beacukai-second-like-new-i.262263769.46355308462?extraParams=%7B%22display_model_id%22%3A297363257350%2C%22model_selection_logic%22%3A3%7D&sp_atk=cccd36ec-50e8-4881-816c-e38d78ae236f&xptdk=cccd36ec-50e8-4881-816c-e38d78ae236f,< 2 Hari,5.0,
https://down-id.img.susercontent.com/file/id-11134207-822wq-mmcxeuhdvqbn11,https://down-id.img.susercontent.com/file/id-11134258-8224v-mkvw0cu9r7k1a5,SPayLater IPHONE 13 ONLY WIFI 128GB/256GB SECOND FULLSET Simlock Second HandPhone Garansi 1 Bulan,https://deo.shopeemobile.com/shopee/modules-federation/live/0/shopee__item-card-standard-v2/0.2.8/pc/a425c915798471b33e5d.png,Rp,3.650.000,-27%,,https://deo.shopeemobile.com/shopee/modules-federation/live/0/shopee__item-card-standard-v2/0.2.8/pc/d2a1900a0267d45fd0f5.png,Hadiah Gratis,https://deo.shopeemobile.com/shopee/modules-federation/live/0/shopee__item-card-standard-v2/0.2.8/pc/d7099d3fd1dfdaf705ab.svg,,,https://deo.shopeemobile.com/shopee/modules-federation/live/0/shopee__item-card-standard-v2/0.2.8/pc/5dd7b4560d0e2d3190e8.svg,8 Terjual,https://deo.shopeemobile.com/shopee/modules-federation/live/0/shopee__item-card-standard-v2/0.2.8/pc/b4d1b8a78b3621dbdf4a.svg,Jakarta Barat,,,"SPayLater IPHONE 13 ONLY WIFI 128GB/256GB SECOND FULLSET Simlock Second HandPhone Garansi 1 Bulan
Rp
3.650.000
-27%
Hadiah Gratis
4.8
8 Terjual
Jakarta Barat",https://shopee.co.id/SPayLater-IPHONE-13-ONLY-WIFI-128GB-256GB-SECOND-FULLSET-Simlock-Second-HandPhone-Garansi-1-Bulan-i.1697551689.42379580653?extraParams=%7B%22display_model_id%22%3A335696880768%2C%22model_selection_logic%22%3A3%7D&sp_atk=f678475b-bfae-4e3c-9a17-254e9b4c1d81&xptdk=f678475b-bfae-4e3c-9a17-254e9b4c1d81,,4.8,
https://down-id.img.susercontent.com/file/id-11134207-8224p-mivl6cdzd7up54,https://down-id.img.susercontent.com/file/id-11134258-8224v-mkvw0cu9r7k1a5,iphone 14 promax 128 ibox second like new,,Rp,13.000.000,,https://deo.shopeemobile.com/shopee/modules-federation/live/0/shopee__item-card-standard-v2/0.2.8/pc/38e203dc86172a6c6560.svg,,Produk Baru,https://deo.shopeemobile.com/shopee/modules-federation/live/0/shopee__item-card-standard-v2/0.2.8/pc/d7099d3fd1dfdaf705ab.svg,,,https://deo.shopeemobile.com/shopee/modules-federation/live/0/shopee__item-card-standard-v2/0.2.8/pc/5dd7b4560d0e2d3190e8.svg,1 Terjual,,Surakarta (Solo),https://deo.shopeemobile.com/shopee/modules-federation/live/0/shopee__item-card-standard-v2/0.2.8/pc/0614b8f0a8fdde22942d.svg,< 2 Hari,"iphone 14 promax 128 ibox second like new
Rp
13.000.000
Produk Baru
5.0
1 Terjual
< 2 Hari
Surakarta (Solo)",https://shopee.co.id/iphone-14-promax-128-ibox-second-like-new-i.262263769.48453975694?extraParams=%7B%22display_model_id%22%3A385374738215%2C%22model_selection_logic%22%3A3%7D&sp_atk=b8fe0745-756e-418a-a437-da85a2ed28b2&xptdk=b8fe0745-756e-418a-a437-da85a2ed28b2,< 2 Hari,5.0,
https://down-id.img.susercontent.com/file/id-11134207-7rbk8-m6o1pnbu3f71ae,https://down-id.img.susercontent.com/file/id-11134258-8224v-mkvw0cu9r7k1a5,Second iPhone 14 Pro 128gb 256gb Fullset No Minus,https://deo.shopeemobile.com/shopee/modules-federation/live/0/shopee__item-card-standard-v2/0.2.8/pc/a425c915798471b33e5d.png,Rp,9.095.000,,https://deo.shopeemobile.com/shopee/modules-federation/live/0/shopee__item-card-standard-v2/0.2.8/pc/38e203dc86172a6c6560.svg,,,https://deo.shopeemobile.com/shopee/modules-federation/live/0/shopee__item-card-standard-v2/0.2.8/pc/d7099d3fd1dfdaf705ab.svg,,,https://deo.shopeemobile.com/shopee/modules-federation/live/0/shopee__item-card-standard-v2/0.2.8/pc/5dd7b4560d0e2d3190e8.svg,17 Terjual,,Medan,https://deo.shopeemobile.com/shopee/modules-federation/live/0/shopee__item-card-standard-v2/0.2.8/pc/0614b8f0a8fdde22942d.svg,< 2 Hari,"Second iPhone 14 Pro 128gb 256gb Fullset No Minus
Rp
9.095.000
4.7
17 Terjual
< 2 Hari
Medan",https://shopee.co.id/Second-iPhone-14-Pro-128gb-256gb-Fullset-No-Minus-i.765446301.29577461186?extraParams=%7B%22display_model_id%22%3A109410693657%2C%22model_selection_logic%22%3A3%7D&sp_atk=ea854cd0-e754-471d-8e72-581d44611aee&xptdk=ea854cd0-e754-471d-8e72-581d44611aee,< 2 Hari,4.7,
https://down-id.img.susercontent.com/file/sg-11134201-22120-kk89vj644ukv15,https://down-id.img.susercontent.com/file/id-11134258-8224v-mkvw0cu9r7k1a5,SECOND IBOX IPHONE 13 PRO MAX 128GB,https://deo.shopeemobile.com/shopee/modules-federation/live/0/shopee__item-card-standard-v2/0.2.8/pc/a425c915798471b33e5d.png,Rp,10.605.000,,https://deo.shopeemobile.com/shopee/modules-federation/live/0/shopee__item-card-standard-v2/0.2.8/pc/38e203dc86172a6c6560.svg,,,https://deo.shopeemobile.com/shopee/modules-federation/live/0/shopee__item-card-standard-v2/0.2.8/pc/d7099d3fd1dfdaf705ab.svg,,,https://deo.shopeemobile.com/shopee/modules-federation/live/0/shopee__item-card-standard-v2/0.2.8/pc/5dd7b4560d0e2d3190e8.svg,6 Terjual,,Malang,https://deo.shopeemobile.com/shopee/modules-federation/live/0/shopee__item-card-standard-v2/0.2.8/pc/0614b8f0a8fdde22942d.svg,< 2 Hari,"SECOND IBOX IPHONE 13 PRO MAX 128GB
Rp
10.605.000
5.0
6 Terjual
< 2 Hari
Malang",https://shopee.co.id/SECOND-IBOX-IPHONE-13-PRO-MAX-128GB-i.331191248.20267725379?extraParams=%7B%22display_model_id%22%3A203489857045%2C%22model_selection_logic%22%3A3%7D&sp_atk=f1addcfc-8a5f-4268-85fe-0eaa528bf708&xptdk=f1addcfc-8a5f-4268-85fe-0eaa528bf708,< 2 Hari,5.0,
https://down-id.img.susercontent.com/file/id-11134207-822wu-mlfuvzu6tlhe92,https://down-id.img.susercontent.com/file/id-11134258-7r98w-lyezzaurybot13,Apple iPhone X 64GB ex iBOX plus Nota beli | iCloud Reset Bersih + FaceID + True Tone + Kamera Aman | iPhoneX Second Resmi i Box Indonesia masih bagus buat Vlogging buat bikin konten dsb,,Rp,2.800.000,,https://deo.shopeemobile.com/shopee/modules-federation/live/0/shopee__item-card-standard-v2/0.2.8/pc/38e203dc86172a6c6560.svg,,,https://deo.shopeemobile.com/shopee/modules-federation/live/0/shopee__item-card-standard-v2/0.2.8/pc/0614b8f0a8fdde22942d.svg,,,https://deo.shopeemobile.com/shopee/modules-federation/live/0/shopee__item-card-standard-v2/0.2.8/pc/5dd7b4560d0e2d3190e8.svg,< 2 Hari,,Semarang,https://deo.shopeemobile.com/shopee/modules-federation/live/0/shopee__item-card-standard-v2/0.2.8/pc/0614b8f0a8fdde22942d.svg,< 2 Hari,"Apple iPhone X 64GB ex iBOX plus Nota beli | iCloud Reset Bersih + FaceID + True Tone + Kamera Aman | iPhoneX Second Resmi i Box Indonesia masih bagus buat Vlogging buat bikin konten dsb
Rp
2.800.000
< 2 Hari
Semarang",https://shopee.co.id/Apple-iPhone-X-64GB-ex-iBOX-plus-Nota-beli-iCloud-Reset-Bersih-FaceID-True-Tone-Kamera-Aman-iPhoneX-Second-Resmi-i-Box-Indonesia-masih-bagus-buat-Vlogging-buat-bikin-konten-dsb-i.1704403126.47656790368?extraParams=%7B%22display_model_id%22%3A350607659162%2C%22model_selection_logic%22%3A3%7D&sp_atk=003886d8-b323-40b1-8882-8bf1b7532a4a&xptdk=003886d8-b323-40b1-8882-8bf1b7532a4a,< 2 Hari,,
https://down-id.img.susercontent.com/file/id-11134207-7rbka-m78g32w4h2mt88,https://down-id.img.susercontent.com/file/id-11134258-8224v-mkvw0cu9r7k1a5,IPHONE 11 128GB IBOX SECOND MULUS TERAWAT,https://deo.shopeemobile.com/shopee/modules-federation/live/0/shopee__item-card-standard-v2/0.2.8/pc/e4734dab67ee2f9ebd5a.png,Rp,5.900.000,,https://deo.shopeemobile.com/shopee/modules-federation/live/0/shopee__item-card-standard-v2/0.2.8/pc/38e203dc86172a6c6560.svg,,,https://deo.shopeemobile.com/shopee/modules-federation/live/0/shopee__item-card-standard-v2/0.2.8/pc/d7099d3fd1dfdaf705ab.svg,,,https://deo.shopeemobile.com/shopee/modules-federation/live/0/shopee__item-card-standard-v2/0.2.8/pc/5dd7b4560d0e2d3190e8.svg,70 Terjual,,Kab. Sidoarjo,https://deo.shopeemobile.com/shopee/modules-federation/live/0/shopee__item-card-standard-v2/0.2.8/pc/0614b8f0a8fdde22942d.svg,< 2 Hari,"IPHONE 11 128GB IBOX SECOND MULUS TERAWAT
Rp
5.900.000
5.0
70 Terjual
< 2 Hari
Kab. Sidoarjo",https://shopee.co.id/IPHONE-11-128GB-IBOX-SECOND-MULUS-TERAWAT-i.309409025.27927152439?extraParams=%7B%22display_model_id%22%3A395443725519%2C%22model_selection_logic%22%3A3%7D&sp_atk=7ec7e34d-4a18-4302-930e-9d67e4cbddb7&xptdk=7ec7e34d-4a18-4302-930e-9d67e4cbddb7,< 2 Hari,5.0,
https://down-id.img.susercontent.com/file/id-11134207-7ra0u-mdv7b9bgdipa04,https://down-id.img.susercontent.com/file/id-11134258-8224v-mkvw0cu9r7k1a5,iPhone 14 Second - Resmi Garansi Indonesia,,Rp,8.787.000,,https://deo.shopeemobile.com/shopee/modules-federation/live/0/shopee__item-card-standard-v2/0.2.8/pc/38e203dc86172a6c6560.svg,,,https://deo.shopeemobile.com/shopee/modules-federation/live/0/shopee__item-card-standard-v2/0.2.8/pc/0614b8f0a8fdde22942d.svg,,,https://deo.shopeemobile.com/shopee/modules-federation/live/0/shopee__item-card-standard-v2/0.2.8/pc/5dd7b4560d0e2d3190e8.svg,< 2 Hari,,Semarang,https://deo.shopeemobile.com/shopee/modules-federation/live/0/shopee__item-card-standard-v2/0.2.8/pc/0614b8f0a8fdde22942d.svg,< 2 Hari,"iPhone 14 Second - Resmi Garansi Indonesia
Rp
8.787.000
< 2 Hari
Semarang",https://shopee.co.id/iPhone-14-Second-Resmi-Garansi-Indonesia-i.429290579.29625506313?extraParams=%7B%22display_model_id%22%3A286235134670%2C%22model_selection_logic%22%3A3%7D&sp_atk=34b9ffac-1155-4c0b-b2d7-f78f3ccfa80d&xptdk=34b9ffac-1155-4c0b-b2d7-f78f3ccfa80d,< 2 Hari,,
https://down-id.img.susercontent.com/file/id-11134207-7rbke-m83cckzagx8854,https://down-id.img.susercontent.com/file/id-11134258-8224v-mkvw0cu9r7k1a5,IPHONE SECOND 11 64GB / 128GB / 256GB FULLSET LIKE NEW,,Rp,3.618.000,,https://deo.shopeemobile.com/shopee/modules-federation/live/0/shopee__item-card-standard-v2/0.2.8/pc/38e203dc86172a6c6560.svg,https://deo.shopeemobile.com/shopee/modules-federation/live/0/shopee__item-card-standard-v2/0.2.8/pc/d2a1900a0267d45fd0f5.png,Cicilan,https://deo.shopeemobile.com/shopee/modules-federation/live/0/shopee__item-card-standard-v2/0.2.8/pc/d7099d3fd1dfdaf705ab.svg,,,https://deo.shopeemobile.com/shopee/modules-federation/live/0/shopee__item-card-standard-v2/0.2.8/pc/5dd7b4560d0e2d3190e8.svg,139 Terjual,,Kab. Sidoarjo,https://deo.shopeemobile.com/shopee/modules-federation/live/0/shopee__item-card-standard-v2/0.2.8/pc/0614b8f0a8fdde22942d.svg,Hari Ini 12:00,"IPHONE SECOND 11 64GB / 128GB / 256GB FULLSET LIKE NEW
Rp
3.618.000
Cicilan
4.7
139 Terjual
Hari Ini 12:00
Kab. Sidoarjo",https://shopee.co.id/IPHONE-SECOND-11-64GB-128GB-256GB-FULLSET-LIKE-NEW-i.32229628.3891868717?extraParams=%7B%22display_model_id%22%3A167748325688%2C%22model_selection_logic%22%3A3%7D&sp_atk=31f4d81a-0fb8-4bb7-b99c-cf2f81ed6d59&xptdk=31f4d81a-0fb8-4bb7-b99c-cf2f81ed6d59,Hari Ini 12:00,4.7,
https://down-id.img.susercontent.com/file/id-11134207-7r98w-lompj02v22nk9f,https://down-id.img.susercontent.com/file/id-11134258-8224v-mkvw0cu9r7k1a5,Second iBox iP 15 256GB All Colour Fullset,,Rp,11.530.000,,https://deo.shopeemobile.com/shopee/modules-federation/live/0/shopee__item-card-standard-v2/0.2.8/pc/76dff349290d20891fc1.svg,,,,,,https://deo.shopeemobile.com/shopee/modules-federation/live/0/shopee__item-card-standard-v2/0.2.8/pc/5dd7b4560d0e2d3190e8.svg,3-6 Hari,,Kab. Sleman,,,"Second iBox iP 15 256GB All Colour Fullset
Rp
11.530.000
3-6 Hari
Kab. Sleman",https://shopee.co.id/Second-iBox-iP-15-256GB-All-Colour-Fullset-i.619354787.24602143150?extraParams=%7B%22display_model_id%22%3A215323622981%2C%22model_selection_logic%22%3A3%7D&sp_atk=2eecb61b-b95a-4e98-bdfe-8047ad1c1c20&xptdk=2eecb61b-b95a-4e98-bdfe-8047ad1c1c20,,,
https://down-id.img.susercontent.com/file/id-11134207-81ztf-meicljombrwmcf,https://down-id.img.susercontent.com/file/id-11134258-7r98w-lyezzaurybot13,Apple Iphone 14 128gb Second Mulus Fullset Bergaransi,,Rp,7.700.000,,https://deo.shopeemobile.com/shopee/modules-federation/live/0/shopee__item-card-standard-v2/0.2.8/pc/76dff349290d20891fc1.svg,,,,,,https://deo.shopeemobile.com/shopee/modules-federation/live/0/shopee__item-card-standard-v2/0.2.8/pc/5dd7b4560d0e2d3190e8.svg,4-7 Hari,,Jakarta Timur,,,"Apple Iphone 14 128gb Second Mulus Fullset Bergaransi
Rp
7.700.000
4-7 Hari
Jakarta Timur",https://shopee.co.id/Apple-Iphone-14-128gb-Second-Mulus-Fullset-Bergaransi-i.1566042749.41118565804?extraParams=%7B%22display_model_id%22%3A281523408394%2C%22model_selection_logic%22%3A3%7D&sp_atk=5a231848-121f-423f-9f3e-8e75b4de9e88&xptdk=5a231848-121f-423f-9f3e-8e75b4de9e88,,,
https://down-id.img.susercontent.com/file/id-11134207-7rbk2-m9l9q29m9kh95b,https://down-id.img.susercontent.com/file/id-11134258-8224v-mkvw0cu9r7k1a5,iPhonee 13 Second All Provider & Bea Cukai 128GB 256GB 512GB Bergaransi,https://deo.shopeemobile.com/shopee/modules-federation/live/0/shopee__item-card-standard-v2/0.2.8/pc/e4734dab67ee2f9ebd5a.png,Rp,5.880.000,-7%,https://deo.shopeemobile.com/shopee/modules-federation/live/0/shopee__item-card-standard-v2/0.2.8/pc/76dff349290d20891fc1.svg,https://deo.shopeemobile.com/shopee/modules-federation/live/0/shopee__item-card-standard-v2/0.2.8/pc/d2a1900a0267d45fd0f5.png,Hadiah Gratis,https://deo.shopeemobile.com/shopee/modules-federation/live/0/shopee__item-card-standard-v2/0.2.8/pc/d7099d3fd1dfdaf705ab.svg,,,https://deo.shopeemobile.com/shopee/modules-federation/live/0/shopee__item-card-standard-v2/0.2.8/pc/5dd7b4560d0e2d3190e8.svg,54 Terjual,https://deo.shopeemobile.com/shopee/modules-federation/live/0/shopee__item-card-standard-v2/0.2.8/pc/b4d1b8a78b3621dbdf4a.svg,Kab. Sleman,,,"iPhonee 13 Second All Provider & Bea Cukai 128GB 256GB 512GB Bergaransi
Rp
5.880.000
-7%
Hadiah Gratis
4.9
54 Terjual
2-4 Hari
Kab. Sleman",https://shopee.co.id/iPhonee-13-Second-All-Provider-Bea-Cukai-128GB-256GB-512GB-Bergaransi-i.313018280.40100425314?extraParams=%7B%22display_model_id%22%3A305032471792%2C%22model_selection_logic%22%3A3%7D&sp_atk=1160a81a-21dc-40ff-9f3a-8ad110aee8c0&xptdk=1160a81a-21dc-40ff-9f3a-8ad110aee8c0,,4.9,
https://down-id.img.susercontent.com/file/id-11134207-8224q-mkbvvsogs83nc3,https://down-id.img.susercontent.com/file/id-11134258-8224v-mkvw0cu9r7k1a5,Apple iPhone 15 512GB 256GB 128GB FULLSET  SECOND iINTER ORIGINAL BERGARANSI,https://deo.shopeemobile.com/shopee/modules-federation/live/0/shopee__item-card-standard-v2/0.2.8/pc/a425c915798471b33e5d.png,Rp,4.979.000,-17%,,https://deo.shopeemobile.com/shopee/modules-federation/live/0/shopee__item-card-standard-v2/0.2.8/pc/d2a1900a0267d45fd0f5.png,,,,,https://deo.shopeemobile.com/shopee/modules-federation/live/0/shopee__item-card-standard-v2/0.2.8/pc/5dd7b4560d0e2d3190e8.svg,,,Jakarta Barat,,,"Apple iPhone 15 512GB 256GB 128GB FULLSET SECOND iINTER ORIGINAL BERGARANSI
Rp
4.979.000
-17%
Jakarta Barat",https://shopee.co.id/Apple-iPhone-15-512GB-256GB-128GB-FULLSET-SECOND-iINTER-ORIGINAL-BERGARANSI-i.919711412.46205857447?extraParams=%7B%22display_model_id%22%3A395779039781%2C%22model_selection_logic%22%3A3%7D&sp_atk=e8482bae-79f7-4795-a1b9-7ad0d2bfadb6&xptdk=e8482bae-79f7-4795-a1b9-7ad0d2bfadb6,,,
https://down-id.img.susercontent.com/file/id-11134207-822wh-mn2j36d0kh6wce,https://down-id.img.susercontent.com/file/id-11134258-8224v-mkvw0cu9r7k1a5,iphone 11 64GB 128GB SECOND ORIGINAL FULLSET WIFI ONLY GARANSI INTERNASIONAL,https://deo.shopeemobile.com/shopee/modules-federation/live/0/shopee__item-card-standard-v2/0.2.8/pc/a425c915798471b33e5d.png,Rp,2.300.000,-34%,,https://deo.shopeemobile.com/shopee/modules-federation/live/0/shopee__item-card-standard-v2/0.2.8/pc/d2a1900a0267d45fd0f5.png,Hadiah Gratis,,,,https://deo.shopeemobile.com/shopee/modules-federation/live/0/shopee__item-card-standard-v2/0.2.8/pc/5dd7b4560d0e2d3190e8.svg,,https://deo.shopeemobile.com/shopee/modules-federation/live/0/shopee__item-card-standard-v2/0.2.8/pc/b4d1b8a78b3621dbdf4a.svg,Jakarta Barat,,,"iphone 11 64GB 128GB SECOND ORIGINAL FULLSET WIFI ONLY GARANSI INTERNASIONAL
Rp
2.300.000
-34%
Hadiah Gratis
Jakarta Barat",https://shopee.co.id/iphone-11-64GB-128GB-SECOND-ORIGINAL-FULLSET-WIFI-ONLY-GARANSI-INTERNASIONAL-i.1705358101.29594594219?extraParams=%7B%22display_model_id%22%3A335785951446%2C%22model_selection_logic%22%3A3%7D&sp_atk=38f923d4-145d-4f94-b747-fd265e1b1e99&xptdk=38f923d4-145d-4f94-b747-fd265e1b1e99,,,
https://down-id.img.susercontent.com/file/510e575c83ee365234af3f57672f8d13,https://down-id.img.susercontent.com/file/id-11134258-8224v-mkvw0cu9r7k1a5,iPhone X 256GB/64GB Second iPhone X Bekas Fullset Mulus 100% Original,https://deo.shopeemobile.com/shopee/modules-federation/live/0/shopee__item-card-standard-v2/0.2.8/pc/a425c915798471b33e5d.png,Rp,2.650.000,,https://deo.shopeemobile.com/shopee/modules-federation/live/0/shopee__item-card-standard-v2/0.2.8/pc/38e203dc86172a6c6560.svg,,,https://deo.shopeemobile.com/shopee/modules-federation/live/0/shopee__item-card-standard-v2/0.2.8/pc/d7099d3fd1dfdaf705ab.svg,,,https://deo.shopeemobile.com/shopee/modules-federation/live/0/shopee__item-card-standard-v2/0.2.8/pc/5dd7b4560d0e2d3190e8.svg,10RB+ Terjual,,Jakarta Pusat,https://deo.shopeemobile.com/shopee/modules-federation/live/0/shopee__item-card-standard-v2/0.2.8/pc/0614b8f0a8fdde22942d.svg,< 2 Hari,"iPhone X 256GB/64GB Second iPhone X Bekas Fullset Mulus 100% Original
Rp
2.650.000
5.0
10RB+ Terjual
< 2 Hari
Jakarta Pusat",https://shopee.co.id/iPhone-X-256GB-64GB-Second-iPhone-X-Bekas-Fullset-Mulus-100-Original-i.213794467.21344206649?extraParams=%7B%22display_model_id%22%3A202240004970%2C%22model_selection_logic%22%3A3%7D&sp_atk=3f99b52c-66aa-43a0-a0f5-dfd5abff590e&xptdk=3f99b52c-66aa-43a0-a0f5-dfd5abff590e,< 2 Hari,5.0,
https://down-id.img.susercontent.com/file/id-11134207-822wj-mmsg5hxzooaob4,https://down-id.img.susercontent.com/file/id-11134258-7r98w-lyezzaurybot13,iPhone 14 128GB All operator Second likenew,,Rp,5.700.000,,https://deo.shopeemobile.com/shopee/modules-federation/live/0/shopee__item-card-standard-v2/0.2.8/pc/76dff349290d20891fc1.svg,https://deo.shopeemobile.com/shopee/modules-federation/live/0/shopee__item-card-standard-v2/0.2.8/pc/d2a1900a0267d45fd0f5.png,,,,,https://deo.shopeemobile.com/shopee/modules-federation/live/0/shopee__item-card-standard-v2/0.2.8/pc/5dd7b4560d0e2d3190e8.svg,3-5 Hari,,Kab. Sleman,,,"iPhone 14 128GB All operator Second likenew
Rp
5.700.000
3-5 Hari
Kab. Sleman",https://shopee.co.id/iPhone-14-128GB-All-operator-Second-likenew-i.155935497.48658407474?extraParams=%7B%22display_model_id%22%3A282514450906%2C%22model_selection_logic%22%3A3%7D&sp_atk=a324a77e-e292-442f-82bd-c406d24760ca&xptdk=a324a77e-e292-442f-82bd-c406d24760ca,,,
https://down-id.img.susercontent.com/file/id-11134207-8224t-mh8vns18xgy7f9,https://down-id.img.susercontent.com/file/id-11134258-822wp-mnaxy73qunep28,iPhone 15 Pro Max ex iBox Beacukai IMEI Permanen Garansi 12 Bln 100% Original Second iPhone FULLSET 128GB 256GB 512GB 1TB,https://deo.shopeemobile.com/shopee/modules-federation/live/0/shopee__item-card-standard-v2/0.2.8/pc/e4734dab67ee2f9ebd5a.png,Rp,16.699.000,-2%,https://deo.shopeemobile.com/shopee/modules-federation/live/0/shopee__item-card-standard-v2/0.2.8/pc/76dff349290d20891fc1.svg,https://deo.shopeemobile.com/shopee/modules-federation/live/0/shopee__item-card-standard-v2/0.2.8/pc/d2a1900a0267d45fd0f5.png,Hadiah Gratis,https://deo.shopeemobile.com/shopee/modules-federation/live/0/shopee__item-card-standard-v2/0.2.8/pc/d7099d3fd1dfdaf705ab.svg,,,https://deo.shopeemobile.com/shopee/modules-federation/live/0/shopee__item-card-standard-v2/0.2.8/pc/5dd7b4560d0e2d3190e8.svg,468 Terjual,https://deo.shopeemobile.com/shopee/modules-federation/live/0/shopee__item-card-standard-v2/0.2.8/pc/b4d1b8a78b3621dbdf4a.svg,Jakarta Selatan,,,"iPhone 15 Pro Max ex iBox Beacukai IMEI Permanen Garansi 12 Bln 100% Original Second iPhone FULLSET 128GB 256GB 512GB 1TB
Rp
16.699.000
-2%
Hadiah Gratis
5.0
468 Terjual
2-4 Hari
Jakarta Selatan",https://shopee.co.id/iPhone-15-Pro-Max-ex-iBox-Beacukai-IMEI-Permanen-Garansi-12-Bln-100-Original-Second-iPhone-FULLSET-128GB-256GB-512GB-1TB-i.1437255344.28482489764?extraParams=%7B%22display_model_id%22%3A248110101083%2C%22model_selection_logic%22%3A3%7D&sp_atk=4d3cf7ee-635f-461a-884e-490c90f7cc17&xptdk=4d3cf7ee-635f-461a-884e-490c90f7cc17,,5.0,
https://down-id.img.susercontent.com/file/id-11134207-7rbk4-m9ckuk5vrh1t3d,,iPhone 14 128 GB Garansi Resmi iBox Indonesia Second Bekas Original,https://deo.shopeemobile.com/shopee/modules-federation/live/0/shopee__item-card-standard-v2/0.2.8/pc/e4734dab67ee2f9ebd5a.png,Rp,7.490.000,,https://deo.shopeemobile.com/shopee/modules-federation/live/0/shopee__item-card-standard-v2/0.2.8/pc/38e203dc86172a6c6560.svg,,,https://deo.shopeemobile.com/shopee/modules-federation/live/0/shopee__item-card-standard-v2/0.2.8/pc/d7099d3fd1dfdaf705ab.svg,,,https://deo.shopeemobile.com/shopee/modules-federation/live/0/shopee__item-card-standard-v2/0.2.8/pc/5dd7b4560d0e2d3190e8.svg,2 Terjual,,Jakarta Utara,https://deo.shopeemobile.com/shopee/modules-federation/live/0/shopee__item-card-standard-v2/0.2.8/pc/0614b8f0a8fdde22942d.svg,< 2 Hari,"iPhone 14 128 GB Garansi Resmi iBox Indonesia Second Bekas Original
Rp
7.490.000
5.0
2 Terjual
< 2 Hari
Jakarta Utara",https://shopee.co.id/iPhone-14-128-GB-Garansi-Resmi-iBox-Indonesia-Second-Bekas-Original-i.304735900.28185942245?extraParams=%7B%22display_model_id%22%3A198499615624%2C%22model_selection_logic%22%3A3%7D&sp_atk=268fe503-8b24-4ebf-88ee-7354bc3241ad&xptdk=268fe503-8b24-4ebf-88ee-7354bc3241ad,< 2 Hari,5.0,
https://down-id.img.susercontent.com/file/id-11134207-822wt-mlq27wz4zlky64,https://down-id.img.susercontent.com/file/id-11134258-8224v-mkvw0cu9r7k1a5,iphone 11 pro max 64GB second resmi ibox fullset ori,https://deo.shopeemobile.com/shopee/modules-federation/live/0/shopee__item-card-standard-v2/0.2.8/pc/a425c915798471b33e5d.png,Rp,6.200.000,,https://deo.shopeemobile.com/shopee/modules-federation/live/0/shopee__item-card-standard-v2/0.2.8/pc/38e203dc86172a6c6560.svg,https://deo.shopeemobile.com/shopee/modules-federation/live/0/shopee__item-card-standard-v2/0.2.8/pc/d2a1900a0267d45fd0f5.png,,https://deo.shopeemobile.com/shopee/modules-federation/live/0/shopee__item-card-standard-v2/0.2.8/pc/0614b8f0a8fdde22942d.svg,,,https://deo.shopeemobile.com/shopee/modules-federation/live/0/shopee__item-card-standard-v2/0.2.8/pc/5dd7b4560d0e2d3190e8.svg,Hari Ini 12:00,,Surabaya,https://deo.shopeemobile.com/shopee/modules-federation/live/0/shopee__item-card-standard-v2/0.2.8/pc/0614b8f0a8fdde22942d.svg,Hari Ini 12:00,"iphone 11 pro max 64GB second resmi ibox fullset ori
Rp
6.200.000
Hari Ini 12:00
Surabaya",https://shopee.co.id/iphone-11-pro-max-64GB-second-resmi-ibox-fullset-ori-i.162746231.26744357171?extraParams=%7B%22display_model_id%22%3A254181359876%2C%22model_selection_logic%22%3A3%7D&sp_atk=7b8bf238-fa0c-4942-af89-e48fbe20851b&xptdk=7b8bf238-fa0c-4942-af89-e48fbe20851b,Hari Ini 12:00,,
https://down-id.img.susercontent.com/file/id-11134207-7qula-lfh9epr054um71,https://down-id.img.susercontent.com/file/id-11134258-8224v-mkvw0cu9r7k1a5,iPhone XR 64GB / 128 GB / 256 GB Second Fullset Original Mulus / Like new,,Rp,3.390.000,,https://deo.shopeemobile.com/shopee/modules-federation/live/0/shopee__item-card-standard-v2/0.2.8/pc/76dff349290d20891fc1.svg,https://deo.shopeemobile.com/shopee/modules-federation/live/0/shopee__item-card-standard-v2/0.2.8/pc/d2a1900a0267d45fd0f5.png,,https://deo.shopeemobile.com/shopee/modules-federation/live/0/shopee__item-card-standard-v2/0.2.8/pc/d7099d3fd1dfdaf705ab.svg,,,https://deo.shopeemobile.com/shopee/modules-federation/live/0/shopee__item-card-standard-v2/0.2.8/pc/5dd7b4560d0e2d3190e8.svg,10RB+ Terjual,,Jakarta Pusat,,,"iPhone XR 64GB / 128 GB / 256 GB Second Fullset Original Mulus / Like new
Rp
3.390.000
5.0
10RB+ Terjual
4-6 Hari
Jakarta Pusat",https://shopee.co.id/iPhone-XR-64GB-128-GB-256-GB-Second-Fullset-Original-Mulus-Like-new-i.50200636.20639246773?extraParams=%7B%22display_model_id%22%3A194195941706%2C%22model_selection_logic%22%3A3%7D&sp_atk=f38d621d-dacb-458c-8378-21ccf5dccf8c&xptdk=f38d621d-dacb-458c-8378-21ccf5dccf8c,,5.0,
https://down-id.img.susercontent.com/file/id-11134207-8224v-mkcn1u1l8gsn9a,https://down-id.img.susercontent.com/file/id-11134258-8224v-mkvw0cu9r7k1a5,iphone 13 128 gb beacukai second like new,,Rp,6.900.000,,https://deo.shopeemobile.com/shopee/modules-federation/live/0/shopee__item-card-standard-v2/0.2.8/pc/38e203dc86172a6c6560.svg,,,,5.0,1 Terjual,https://deo.shopeemobile.com/shopee/modules-federation/live/0/shopee__item-card-standard-v2/0.2.8/pc/5dd7b4560d0e2d3190e8.svg,,,Surakarta (Solo),https://deo.shopeemobile.com/shopee/modules-federation/live/0/shopee__item-card-standard-v2/0.2.8/pc/0614b8f0a8fdde22942d.svg,< 2 Hari,"iphone 13 128 gb beacukai second like new
Rp
6.900.000
5.0
1 Terjual
< 2 Hari
Surakarta (Solo)",https://shopee.co.id/iphone-13-128-gb-beacukai-second-like-new-i.262263769.46355308462?extraParams=%7B%22display_model_id%22%3A297363257350%2C%22model_selection_logic%22%3A3%7D&sp_atk=de06ad66-1b25-40ce-8d5b-6bc1c9edc7a4&xptdk=de06ad66-1b25-40ce-8d5b-6bc1c9edc7a4,,,https://deo.shopeemobile.com/shopee/modules-federation/live/0/shopee__item-card-standard-v2/0.2.8/pc/d7099d3fd1dfdaf705ab.svg
https://down-id.img.susercontent.com/file/id-11134207-822wj-mmsg5hxzooaob4,https://down-id.img.susercontent.com/file/id-11134258-7r98w-lyezzaurybot13,iPhone 14 128GB All operator Second likenew,,Rp,5.700.000,,https://deo.shopeemobile.com/shopee/modules-federation/live/0/shopee__item-card-standard-v2/0.2.8/pc/76dff349290d20891fc1.svg,https://deo.shopeemobile.com/shopee/modules-federation/live/0/shopee__item-card-standard-v2/0.2.8/pc/d2a1900a0267d45fd0f5.png,,,,3-5 Hari,https://deo.shopeemobile.com/shopee/modules-federation/live/0/shopee__item-card-standard-v2/0.2.8/pc/5dd7b4560d0e2d3190e8.svg,,,Kab. Sleman,,,"iPhone 14 128GB All operator Second likenew
Rp
5.700.000
3-5 Hari
Kab. Sleman",https://shopee.co.id/iPhone-14-128GB-All-operator-Second-likenew-i.155935497.48658407474?extraParams=%7B%22display_model_id%22%3A282514450906%2C%22model_selection_logic%22%3A3%7D&sp_atk=bce8b2da-59df-4e2d-8341-94dc15958f70&xptdk=bce8b2da-59df-4e2d-8341-94dc15958f70,,,
https://down-id.img.susercontent.com/file/id-11134207-7rbk8-m6o1pnbu3f71ae,https://down-id.img.susercontent.com/file/id-11134258-8224v-mkvw0cu9r7k1a5,Second iPhone 14 Pro 128gb 256gb Fullset No Minus,https://deo.shopeemobile.com/shopee/modules-federation/live/0/shopee__item-card-standard-v2/0.2.8/pc/a425c915798471b33e5d.png,Rp,9.095.000,,https://deo.shopeemobile.com/shopee/modules-federation/live/0/shopee__item-card-standard-v2/0.2.8/pc/38e203dc86172a6c6560.svg,,,,4.7,17 Terjual,https://deo.shopeemobile.com/shopee/modules-federation/live/0/shopee__item-card-standard-v2/0.2.8/pc/5dd7b4560d0e2d3190e8.svg,,,Medan,https://deo.shopeemobile.com/shopee/modules-federation/live/0/shopee__item-card-standard-v2/0.2.8/pc/0614b8f0a8fdde22942d.svg,< 2 Hari,"Second iPhone 14 Pro 128gb 256gb Fullset No Minus
Rp
9.095.000
4.7
17 Terjual
< 2 Hari
Medan",https://shopee.co.id/Second-iPhone-14-Pro-128gb-256gb-Fullset-No-Minus-i.765446301.29577461186?extraParams=%7B%22display_model_id%22%3A109410693657%2C%22model_selection_logic%22%3A3%7D&sp_atk=40901852-630d-4973-8dff-ff2af75fb8fe&xptdk=40901852-630d-4973-8dff-ff2af75fb8fe,,,https://deo.shopeemobile.com/shopee/modules-federation/live/0/shopee__item-card-standard-v2/0.2.8/pc/d7099d3fd1dfdaf705ab.svg
https://down-id.img.susercontent.com/file/id-11134207-81zte-mewhmptomuiraa,https://down-id.img.susercontent.com/file/id-11134258-8224v-mkvw0cu9r7k1a5,Second resmi iPhone 14 PRO platinum gadget,https://deo.shopeemobile.com/shopee/modules-federation/live/0/shopee__item-card-standard-v2/0.2.8/pc/a425c915798471b33e5d.png,Rp,12.390.000,,https://deo.shopeemobile.com/shopee/modules-federation/live/0/shopee__item-card-standard-v2/0.2.8/pc/38e203dc86172a6c6560.svg,,,,,< 2 Hari,https://deo.shopeemobile.com/shopee/modules-federation/live/0/shopee__item-card-standard-v2/0.2.8/pc/5dd7b4560d0e2d3190e8.svg,,,Malang,https://deo.shopeemobile.com/shopee/modules-federation/live/0/shopee__item-card-standard-v2/0.2.8/pc/0614b8f0a8fdde22942d.svg,< 2 Hari,"Second resmi iPhone 14 PRO platinum gadget
Rp
12.390.000
< 2 Hari
Malang",https://shopee.co.id/Second-resmi-iPhone-14-PRO-platinum-gadget-i.331191248.42670398207?extraParams=%7B%22display_model_id%22%3A405501987286%2C%22model_selection_logic%22%3A3%7D&sp_atk=41d35860-55b8-4ccf-867e-df76bb18b7bc&xptdk=41d35860-55b8-4ccf-867e-df76bb18b7bc,,,https://deo.shopeemobile.com/shopee/modules-federation/live/0/shopee__item-card-standard-v2/0.2.8/pc/0614b8f0a8fdde22942d.svg
https://down-id.img.susercontent.com/file/id-11134207-8224o-mjtng0shg0lfd7,https://down-id.img.susercontent.com/file/id-11134258-8224v-mkvw0cu9r7k1a5,Apple iPhone 13 512GB 256GB 128GB FULLSET  SECOND iINTER ORIGINAL BERGARANSI,https://deo.shopeemobile.com/shopee/modules-federation/live/0/shopee__item-card-standard-v2/0.2.8/pc/a425c915798471b33e5d.png,Rp,3.949.000,-1%,,https://deo.shopeemobile.com/shopee/modules-federation/live/0/shopee__item-card-standard-v2/0.2.8/pc/d2a1900a0267d45fd0f5.png,,,4.6,57 Terjual,https://deo.shopeemobile.com/shopee/modules-federation/live/0/shopee__item-card-standard-v2/0.2.8/pc/5dd7b4560d0e2d3190e8.svg,,,Jakarta Barat,,,"Apple iPhone 13 512GB 256GB 128GB FULLSET SECOND iINTER ORIGINAL BERGARANSI
Rp
3.949.000
-1%
4.6
57 Terjual
Jakarta Barat",https://shopee.co.id/Apple-iPhone-13-512GB-256GB-128GB-FULLSET-SECOND-iINTER-ORIGINAL-BERGARANSI-i.919711412.47705541654?extraParams=%7B%22display_model_id%22%3A147998661062%2C%22model_selection_logic%22%3A3%7D&sp_atk=2eb19d0f-e078-4a25-b5da-ab00fe9fd09b&xptdk=2eb19d0f-e078-4a25-b5da-ab00fe9fd09b,,,https://deo.shopeemobile.com/shopee/modules-federation/live/0/shopee__item-card-standard-v2/0.2.8/pc/d7099d3fd1dfdaf705ab.svg
https://down-id.img.susercontent.com/file/id-11134207-822wt-mlx8teadtybm16,https://down-id.img.susercontent.com/file/id-11134258-8224v-mkvw0cu9r7k1a5,iPhone 13 128GB 256GB SECOND 100% Original LIKE NEW  Fullse No Refurbish Ibox‌ Fullset Mulus BERGARANSI,https://deo.shopeemobile.com/shopee/modules-federation/live/0/shopee__item-card-standard-v2/0.2.8/pc/a425c915798471b33e5d.png,Rp,5.100.000,-22%,,,,,4.7,46 Terjual,https://deo.shopeemobile.com/shopee/modules-federation/live/0/shopee__item-card-standard-v2/0.2.8/pc/5dd7b4560d0e2d3190e8.svg,,,Jakarta Utara,,,"iPhone 13 128GB 256GB SECOND 100% Original LIKE NEW Fullse No Refurbish Ibox‌ Fullset Mulus BERGARANSI
Rp
5.100.000
-22%
4.7
46 Terjual
Jakarta Utara",https://shopee.co.id/iPhone-13-128GB-256GB-SECOND-100-Original-LIKE-NEW-Fullse-No-Refurbish-Ibox%E2%80%8C-Fullset-Mulus-BERGARANSI-i.1455285410.42473183034?extraParams=%7B%22display_model_id%22%3A405651117205%2C%22model_selection_logic%22%3A3%7D&sp_atk=acaf57a8-c705-43d9-9cf2-b5a5e15e9a9c&xptdk=acaf57a8-c705-43d9-9cf2-b5a5e15e9a9c,,,https://deo.shopeemobile.com/shopee/modules-federation/live/0/shopee__item-card-standard-v2/0.2.8/pc/d7099d3fd1dfdaf705ab.svg
https://down-id.img.susercontent.com/file/id-11134207-7rbk2-m8w6dssit50212,https://down-id.img.susercontent.com/file/id-11134258-7r98w-lyezzaurybot13,Smartphone iPhone 7 & 8 64 GB Second Ex Resmi & International All Operator,,Rp,685.000,-1%,https://deo.shopeemobile.com/shopee/modules-federation/live/0/shopee__item-card-standard-v2/0.2.8/pc/38e203dc86172a6c6560.svg,https://deo.shopeemobile.com/shopee/modules-federation/live/0/shopee__item-card-standard-v2/0.2.8/pc/d2a1900a0267d45fd0f5.png,Cicilan,,4.8,47 Terjual,https://deo.shopeemobile.com/shopee/modules-federation/live/0/shopee__item-card-standard-v2/0.2.8/pc/5dd7b4560d0e2d3190e8.svg,,https://deo.shopeemobile.com/shopee/modules-federation/live/0/shopee__item-card-standard-v2/0.2.8/pc/b4d1b8a78b3621dbdf4a.svg,Kab. Gresik,https://deo.shopeemobile.com/shopee/modules-federation/live/0/shopee__item-card-standard-v2/0.2.8/pc/0614b8f0a8fdde22942d.svg,< 2 Hari,"Smartphone iPhone 7 & 8 64 GB Second Ex Resmi & International All Operator
Rp
685.000
-1%
Cicilan
4.8
47 Terjual
< 2 Hari
Kab. Gresik",https://shopee.co.id/Smartphone-iPhone-7-8-64-GB-Second-Ex-Resmi-International-All-Operator-i.309337020.6759834478?extraParams=%7B%22display_model_id%22%3A69873833436%2C%22model_selection_logic%22%3A3%7D&sp_atk=ce757a16-8e3a-4a49-80bd-c1806891900c&xptdk=ce757a16-8e3a-4a49-80bd-c1806891900c,,,https://deo.shopeemobile.com/shopee/modules-federation/live/0/shopee__item-card-standard-v2/0.2.8/pc/d7099d3fd1dfdaf705ab.svg
https://down-id.img.susercontent.com/file/id-11134207-7rbk1-m930s1pdoxhucc,https://down-id.img.susercontent.com/file/id-11134258-822wr-mlx5y0tebegw04,iPhone 15 Plus 128GB iBox ( Second ),https://deo.shopeemobile.com/shopee/modules-federation/live/0/shopee__item-card-standard-v2/0.2.8/pc/a425c915798471b33e5d.png,Rp,11.800.199,-21%,https://deo.shopeemobile.com/shopee/modules-federation/live/0/shopee__item-card-standard-v2/0.2.8/pc/38e203dc86172a6c6560.svg,,,,,1 Terjual,https://deo.shopeemobile.com/shopee/modules-federation/live/0/shopee__item-card-standard-v2/0.2.8/pc/5dd7b4560d0e2d3190e8.svg,,,Surabaya,https://deo.shopeemobile.com/shopee/modules-federation/live/0/shopee__item-card-standard-v2/0.2.8/pc/0614b8f0a8fdde22942d.svg,Besok 12:00,"iPhone 15 Plus 128GB iBox ( Second )
Rp
11.800.199
-21%
1 Terjual
Besok 12:00
Surabaya",https://shopee.co.id/iPhone-15-Plus-128GB-iBox-(-Second-)-i.194632330.27885148906?extraParams=%7B%22display_model_id%22%3A248314041153%2C%22model_selection_logic%22%3A3%7D&sp_atk=3120bba5-ca3f-4426-94ee-f0d21ff53e6f&xptdk=3120bba5-ca3f-4426-94ee-f0d21ff53e6f,,,https://deo.shopeemobile.com/shopee/modules-federation/live/0/shopee__item-card-standard-v2/0.2.8/pc/0614b8f0a8fdde22942d.svg
https://down-id.img.susercontent.com/file/sg-11134201-22120-kk89vj644ukv15,https://down-id.img.susercontent.com/file/id-11134258-8224v-mkvw0cu9r7k1a5,SECOND IBOX IPHONE 13 PRO MAX 128GB,https://deo.shopeemobile.com/shopee/modules-federation/live/0/shopee__item-card-standard-v2/0.2.8/pc/a425c915798471b33e5d.png,Rp,10.605.000,,https://deo.shopeemobile.com/shopee/modules-federation/live/0/shopee__item-card-standard-v2/0.2.8/pc/38e203dc86172a6c6560.svg,,,,5.0,6 Terjual,https://deo.shopeemobile.com/shopee/modules-federation/live/0/shopee__item-card-standard-v2/0.2.8/pc/5dd7b4560d0e2d3190e8.svg,,,Malang,https://deo.shopeemobile.com/shopee/modules-federation/live/0/shopee__item-card-standard-v2/0.2.8/pc/0614b8f0a8fdde22942d.svg,< 2 Hari,"SECOND IBOX IPHONE 13 PRO MAX 128GB
Rp
10.605.000
5.0
6 Terjual
< 2 Hari
Malang",https://shopee.co.id/SECOND-IBOX-IPHONE-13-PRO-MAX-128GB-i.331191248.20267725379?extraParams=%7B%22display_model_id%22%3A203489857045%2C%22model_selection_logic%22%3A3%7D&sp_atk=96a9e0d4-57e8-4c42-aee7-d20d86fe68e8&xptdk=96a9e0d4-57e8-4c42-aee7-d20d86fe68e8,,,https://deo.shopeemobile.com/shopee/modules-federation/live/0/shopee__item-card-standard-v2/0.2.8/pc/d7099d3fd1dfdaf705ab.svg
https://down-id.img.susercontent.com/file/id-11134207-8224t-mkdianf4jksif4,https://down-id.img.susercontent.com/file/id-11134258-7r98w-lyezzaurybot13,iPhone 12 Pro iBox Second Resmi | Garansi 12Bln | IMEI Permanen | Fullset | 128GB/256GB | 100% Original,,Rp,5.772.800,-41%,https://deo.shopeemobile.com/shopee/modules-federation/live/0/shopee__item-card-standard-v2/0.2.8/pc/76dff349290d20891fc1.svg,,Produk Baru,,5.0,37 Terjual,https://deo.shopeemobile.com/shopee/modules-federation/live/0/shopee__item-card-standard-v2/0.2.8/pc/5dd7b4560d0e2d3190e8.svg,,,Jakarta Barat,,,"iPhone 12 Pro iBox Second Resmi | Garansi 12Bln | IMEI Permanen | Fullset | 128GB/256GB | 100% Original
Rp
5.772.800
-41%
Produk Baru
5.0
37 Terjual
2-5 Hari
Jakarta Barat",https://shopee.co.id/iPhone-12-Pro-iBox-Second-Resmi-Garansi-12Bln-IMEI-Permanen-Fullset-128GB-256GB-100-Original-i.1590580134.45354310734?extraParams=%7B%22display_model_id%22%3A310773149483%2C%22model_selection_logic%22%3A3%7D&sp_atk=6a60503f-19c2-4d12-9739-24502f72e045&xptdk=6a60503f-19c2-4d12-9739-24502f72e045,,,https://deo.shopeemobile.com/shopee/modules-federation/live/0/shopee__item-card-standard-v2/0.2.8/pc/d7099d3fd1dfdaf705ab.svg
https://down-id.img.susercontent.com/file/id-11134207-7rbka-m78g32w4h2mt88,https://down-id.img.susercontent.com/file/id-11134258-8224v-mkvw0cu9r7k1a5,IPHONE 11 128GB IBOX SECOND MULUS TERAWAT,https://deo.shopeemobile.com/shopee/modules-federation/live/0/shopee__item-card-standard-v2/0.2.8/pc/e4734dab67ee2f9ebd5a.png,Rp,5.900.000,,https://deo.shopeemobile.com/shopee/modules-federation/live/0/shopee__item-card-standard-v2/0.2.8/pc/38e203dc86172a6c6560.svg,,,,5.0,70 Terjual,https://deo.shopeemobile.com/shopee/modules-federation/live/0/shopee__item-card-standard-v2/0.2.8/pc/5dd7b4560d0e2d3190e8.svg,,,Kab. Sidoarjo,https://deo.shopeemobile.com/shopee/modules-federation/live/0/shopee__item-card-standard-v2/0.2.8/pc/0614b8f0a8fdde22942d.svg,< 2 Hari,"IPHONE 11 128GB IBOX SECOND MULUS TERAWAT
Rp
5.900.000
5.0
70 Terjual
< 2 Hari
Kab. Sidoarjo",https://shopee.co.id/IPHONE-11-128GB-IBOX-SECOND-MULUS-TERAWAT-i.309409025.27927152439?extraParams=%7B%22display_model_id%22%3A395443725519%2C%22model_selection_logic%22%3A3%7D&sp_atk=5c72ac39-8533-4f28-ad05-f12909a2da99&xptdk=5c72ac39-8533-4f28-ad05-f12909a2da99,,,https://deo.shopeemobile.com/shopee/modules-federation/live/0/shopee__item-card-standard-v2/0.2.8/pc/d7099d3fd1dfdaf705ab.svg
https://down-id.img.susercontent.com/file/id-11134207-822wl-mmtqtdw020p085,,IPHONE 12mini 64GB 128GB SECOND  ORIGINAL Fullset Mulus‌ Jaminan kualitas,https://deo.shopeemobile.com/shopee/modules-federation/live/0/shopee__item-card-standard-v2/0.2.8/pc/a425c915798471b33e5d.png,Rp,3.080.000,-50%,,,,,5.0,48 Terjual,https://deo.shopeemobile.com/shopee/modules-federation/live/0/shopee__item-card-standard-v2/0.2.8/pc/5dd7b4560d0e2d3190e8.svg,,,Jakarta Utara,,,"IPHONE 12mini 64GB 128GB SECOND ORIGINAL Fullset Mulus‌ Jaminan kualitas
Rp
3.080.000
-50%
5.0
48 Terjual
Jakarta Utara",https://shopee.co.id/IPHONE-12mini-64GB-128GB-SECOND-ORIGINAL-Fullset-Mulus%E2%80%8C-Jaminan-kualitas-i.1761137412.45857063865?extraParams=%7B%22display_model_id%22%3A320750724674%2C%22model_selection_logic%22%3A3%7D&sp_atk=1262c55b-bdbe-4866-bae3-031673f2d6de&xptdk=1262c55b-bdbe-4866-bae3-031673f2d6de,,,https://deo.shopeemobile.com/shopee/modules-federation/live/0/shopee__item-card-standard-v2/0.2.8/pc/d7099d3fd1dfdaf705ab.svg
https://down-id.img.susercontent.com/file/id-11134207-7qul8-lfha7cm5lg5x14,https://down-id.img.susercontent.com/file/id-11134258-8224v-mkvw0cu9r7k1a5,iPhone 11 256GB/128GB/64GB SECOND ORIGINAL FULLSET MULUS,,Rp,4.190.000,,https://deo.shopeemobile.com/shopee/modules-federation/live/0/shopee__item-card-standard-v2/0.2.8/pc/76dff349290d20891fc1.svg,https://deo.shopeemobile.com/shopee/modules-federation/live/0/shopee__item-card-standard-v2/0.2.8/pc/d2a1900a0267d45fd0f5.png,,,4.9,10RB+ Terjual,https://deo.shopeemobile.com/shopee/modules-federation/live/0/shopee__item-card-standard-v2/0.2.8/pc/5dd7b4560d0e2d3190e8.svg,,,Jakarta Pusat,,,"iPhone 11 256GB/128GB/64GB SECOND ORIGINAL FULLSET MULUS
Rp
4.190.000
4.9
10RB+ Terjual
4-6 Hari
Jakarta Pusat",https://shopee.co.id/iPhone-11-256GB-128GB-64GB-SECOND-ORIGINAL-FULLSET-MULUS-i.50200636.21539244162?extraParams=%7B%22display_model_id%22%3A175819878225%2C%22model_selection_logic%22%3A3%7D&sp_atk=78ece26a-2c3b-4803-b594-adddf4e643e8&xptdk=78ece26a-2c3b-4803-b594-adddf4e643e8,,,https://deo.shopeemobile.com/shopee/modules-federation/live/0/shopee__item-card-standard-v2/0.2.8/pc/d7099d3fd1dfdaf705ab.svg
https://down-id.img.susercontent.com/file/id-11134207-822wj-mlz1jq3yzkeg25,https://down-id.img.susercontent.com/file/id-11134258-8224v-mkvw0cu9r7k1a5,"Second , iPhone 16 Plus , 256GB , Pink , MXY13ID/A",,Rp,15.499.000,,https://deo.shopeemobile.com/shopee/modules-federation/live/0/shopee__item-card-standard-v2/0.2.8/pc/38e203dc86172a6c6560.svg,,Produk Baru,,,Hari Ini 12:00,https://deo.shopeemobile.com/shopee/modules-federation/live/0/shopee__item-card-standard-v2/0.2.8/pc/5dd7b4560d0e2d3190e8.svg,,,Surabaya,https://deo.shopeemobile.com/shopee/modules-federation/live/0/shopee__item-card-standard-v2/0.2.8/pc/0614b8f0a8fdde22942d.svg,Hari Ini 12:00,"Second , iPhone 16 Plus , 256GB , Pink , MXY13ID/A
Rp
15.499.000
Produk Baru
Hari Ini 12:00
Surabaya",https://shopee.co.id/Second-iPhone-16-Plus-256GB-Pink-MXY13ID-A-i.239661779.54153046825?extraParams=%7B%22display_model_id%22%3A425293801651%2C%22model_selection_logic%22%3A3%7D&sp_atk=c1bd5f5a-5c16-4420-b0e6-4d1ce01956ea&xptdk=c1bd5f5a-5c16-4420-b0e6-4d1ce01956ea,,,https://deo.shopeemobile.com/shopee/modules-federation/live/0/shopee__item-card-standard-v2/0.2.8/pc/0614b8f0a8fdde22942d.svg
https://down-id.img.susercontent.com/file/id-11134207-82250-mjibf6ws2iv7af,https://down-id.img.susercontent.com/file/id-11134258-8224v-mkvw0cu9r7k1a5,iPhone 14 Pro 128GB 256GB 512GB iBox Second Original Fullset Imei Terdaftar,https://deo.shopeemobile.com/shopee/modules-federation/live/0/shopee__item-card-standard-v2/0.2.8/pc/e4734dab67ee2f9ebd5a.png,Rp,11.960.000,-1%,https://deo.shopeemobile.com/shopee/modules-federation/live/0/shopee__item-card-standard-v2/0.2.8/pc/38e203dc86172a6c6560.svg,,,,5.0,14 Terjual,https://deo.shopeemobile.com/shopee/modules-federation/live/0/shopee__item-card-standard-v2/0.2.8/pc/5dd7b4560d0e2d3190e8.svg,,https://deo.shopeemobile.com/shopee/modules-federation/live/0/shopee__item-card-standard-v2/0.2.8/pc/b4d1b8a78b3621dbdf4a.svg,Tangerang Selatan,https://deo.shopeemobile.com/shopee/modules-federation/live/0/shopee__item-card-standard-v2/0.2.8/pc/0614b8f0a8fdde22942d.svg,< 2 Hari,"iPhone 14 Pro 128GB 256GB 512GB iBox Second Original Fullset Imei Terdaftar
Rp
11.960.000
-1%
5.0
14 Terjual
< 2 Hari
Tangerang Selatan",https://shopee.co.id/iPhone-14-Pro-128GB-256GB-512GB-iBox-Second-Original-Fullset-Imei-Terdaftar-i.961724677.43750605452?extraParams=%7B%22display_model_id%22%3A285046841975%2C%22model_selection_logic%22%3A3%7D&sp_atk=d291f915-1703-4d4e-8c86-f3b690c951b8&xptdk=d291f915-1703-4d4e-8c86-f3b690c951b8,,,https://deo.shopeemobile.com/shopee/modules-federation/live/0/shopee__item-card-standard-v2/0.2.8/pc/d7099d3fd1dfdaf705ab.svg
https://down-id.img.susercontent.com/file/id-11134207-822wh-mldom6h3r7yb66,https://down-id.img.susercontent.com/file/id-11134258-7ra0q-mbesqwmkb0gu9c,IP SE 2020 / IP 11 / IP 13 Second INTER Wifi Only,https://deo.shopeemobile.com/shopee/modules-federation/live/0/shopee__item-card-standard-v2/0.2.8/pc/e4734dab67ee2f9ebd5a.png,Rp,1.561.000,-16%,https://deo.shopeemobile.com/shopee/modules-federation/live/0/shopee__item-card-standard-v2/0.2.8/pc/38e203dc86172a6c6560.svg,https://deo.shopeemobile.com/shopee/modules-federation/live/0/shopee__item-card-standard-v2/0.2.8/pc/d2a1900a0267d45fd0f5.png,,,5.0,10 Terjual,https://deo.shopeemobile.com/shopee/modules-federation/live/0/shopee__item-card-standard-v2/0.2.8/pc/5dd7b4560d0e2d3190e8.svg,,https://deo.shopeemobile.com/shopee/modules-federation/live/0/shopee__item-card-standard-v2/0.2.8/pc/b4d1b8a78b3621dbdf4a.svg,Jakarta Barat,https://deo.shopeemobile.com/shopee/modules-federation/live/0/shopee__item-card-standard-v2/0.2.8/pc/0614b8f0a8fdde22942d.svg,< 2 Hari,"IP SE 2020 / IP 11 / IP 13 Second INTER Wifi Only
Rp
1.561.000
-16%
5.0
10 Terjual
< 2 Hari
Jakarta Barat",https://shopee.co.id/IP-SE-2020-IP-11-IP-13-Second-INTER-Wifi-Only-i.83208607.28856891949?extraParams=%7B%22display_model_id%22%3A325627061875%2C%22model_selection_logic%22%3A3%7D&sp_atk=9aba3c93-2892-4da4-b850-64f3ebb821af&xptdk=9aba3c93-2892-4da4-b850-64f3ebb821af,,,https://deo.shopeemobile.com/shopee/modules-federation/live/0/shopee__item-card-standard-v2/0.2.8/pc/d7099d3fd1dfdaf705ab.svg
https://down-id.img.susercontent.com/file/id-11134207-822wm-mn1h20bpf2mc8b,https://down-id.img.susercontent.com/file/id-11134258-822wp-mlyjp115kz5tc6,iPhone SE 2022 Gen 3 / 2020 gen 2 ex RESMI SECOND FULLSET,,Rp,2.789.000,-9%,https://deo.shopeemobile.com/shopee/modules-federation/live/0/shopee__item-card-standard-v2/0.2.8/pc/76dff349290d20891fc1.svg,https://deo.shopeemobile.com/shopee/modules-federation/live/0/shopee__item-card-standard-v2/0.2.8/pc/d2a1900a0267d45fd0f5.png,,,4.9,257 Terjual,https://deo.shopeemobile.com/shopee/modules-federation/live/0/shopee__item-card-standard-v2/0.2.8/pc/5dd7b4560d0e2d3190e8.svg,,https://deo.shopeemobile.com/shopee/modules-federation/live/0/shopee__item-card-standard-v2/0.2.8/pc/b4d1b8a78b3621dbdf4a.svg,Tangerang Selatan,,,"iPhone SE 2022 Gen 3 / 2020 gen 2 ex RESMI SECOND FULLSET
Rp
2.789.000
-9%
4.9
257 Terjual
3-5 Hari
Tangerang Selatan",https://shopee.co.id/iPhone-SE-2022-Gen-3-2020-gen-2-ex-RESMI-SECOND-FULLSET-i.188288191.26867384947?extraParams=%7B%22display_model_id%22%3A258080113084%2C%22model_selection_logic%22%3A3%7D&sp_atk=45bc42a5-3b5a-4a70-9c00-c9fc9d087e6d&xptdk=45bc42a5-3b5a-4a70-9c00-c9fc9d087e6d,,,https://deo.shopeemobile.com/shopee/modules-federation/live/0/shopee__item-card-standard-v2/0.2.8/pc/d7099d3fd1dfdaf705ab.svg
https://down-id.img.susercontent.com/file/id-11134207-822wr-mmy7bfehrls03a,,IPHONE X 64 256GB ALL OPERATOR SECOND ORIGINAL APPLE BERGARANSI,,Rp,1.596.000,,https://deo.shopeemobile.com/shopee/modules-federation/live/0/shopee__item-card-standard-v2/0.2.8/pc/76dff349290d20891fc1.svg,https://deo.shopeemobile.com/shopee/modules-federation/live/0/shopee__item-card-standard-v2/0.2.8/pc/d2a1900a0267d45fd0f5.png,,,,20 Hari,https://deo.shopeemobile.com/shopee/modules-federation/live/0/shopee__item-card-standard-v2/0.2.8/pc/5dd7b4560d0e2d3190e8.svg,,,Kab. Bekasi,,,"IPHONE X 64 256GB ALL OPERATOR SECOND ORIGINAL APPLE BERGARANSI
Rp
1.596.000
20 Hari
Kab. Bekasi",https://shopee.co.id/IPHONE-X-64-256GB-ALL-OPERATOR-SECOND-ORIGINAL-APPLE-BERGARANSI-i.204317555.45858134837?extraParams=%7B%22display_model_id%22%3A345721975623%2C%22model_selection_logic%22%3A3%7D&sp_atk=20aa614b-7b0d-4915-b60f-b6cf13d1b82d&xptdk=20aa614b-7b0d-4915-b60f-b6cf13d1b82d,,,
https://down-id.img.susercontent.com/file/b09510c0e19d332b6cad58dd49b8f600,https://down-id.img.susercontent.com/file/id-11134258-8224v-mkvw0cu9r7k1a5,Iphone 11 128GB Second Original Kondisi Mulus,https://deo.shopeemobile.com/shopee/modules-federation/live/0/shopee__item-card-standard-v2/0.2.8/pc/a425c915798471b33e5d.png,Rp,4.350.000,,https://deo.shopeemobile.com/shopee/modules-federation/live/0/shopee__item-card-standard-v2/0.2.8/pc/38e203dc86172a6c6560.svg,https://deo.shopeemobile.com/shopee/modules-federation/live/0/shopee__item-card-standard-v2/0.2.8/pc/d2a1900a0267d45fd0f5.png,Cicilan,,4.8,684 Terjual,https://deo.shopeemobile.com/shopee/modules-federation/live/0/shopee__item-card-standard-v2/0.2.8/pc/5dd7b4560d0e2d3190e8.svg,,,Surabaya,https://deo.shopeemobile.com/shopee/modules-federation/live/0/shopee__item-card-standard-v2/0.2.8/pc/0614b8f0a8fdde22942d.svg,Hari Ini 12:00,"Iphone 11 128GB Second Original Kondisi Mulus
Rp
4.350.000
Cicilan
4.8
684 Terjual
Hari Ini 12:00
Surabaya",https://shopee.co.id/Iphone-11-128GB-Second-Original-Kondisi-Mulus-i.162746231.4537369115?extraParams=%7B%22display_model_id%22%3A87482719803%2C%22model_selection_logic%22%3A3%7D&sp_atk=ade2a828-fea6-48a8-ae68-cd69a1414ac0&xptdk=ade2a828-fea6-48a8-ae68-cd69a1414ac0,,,https://deo.shopeemobile.com/shopee/modules-federation/live/0/shopee__item-card-standard-v2/0.2.8/pc/d7099d3fd1dfdaf705ab.svg
https://down-id.img.susercontent.com/file/id-11134207-8224q-mj2lgpwo87ic0e,https://down-id.img.susercontent.com/file/id-11134258-8224v-mkvw0cu9r7k1a5,iPhone 13 128 Second Like New,,Rp,5.600.000,,https://deo.shopeemobile.com/shopee/modules-federation/live/0/shopee__item-card-standard-v2/0.2.8/pc/38e203dc86172a6c6560.svg,,Produk Baru,,,< 2 Hari,https://deo.shopeemobile.com/shopee/modules-federation/live/0/shopee__item-card-standard-v2/0.2.8/pc/5dd7b4560d0e2d3190e8.svg,,,Surakarta (Solo),https://deo.shopeemobile.com/shopee/modules-federation/live/0/shopee__item-card-standard-v2/0.2.8/pc/0614b8f0a8fdde22942d.svg,< 2 Hari,"iPhone 13 128 Second Like New
Rp
5.600.000
Produk Baru
< 2 Hari
Surakarta (Solo)",https://shopee.co.id/iPhone-13-128-Second-Like-New-i.262263769.52254099829?extraParams=%7B%22display_model_id%22%3A292308789091%2C%22model_selection_logic%22%3A3%7D&sp_atk=06ec4c78-1434-4859-8767-fb360cbca911&xptdk=06ec4c78-1434-4859-8767-fb360cbca911,,,https://deo.shopeemobile.com/shopee/modules-federation/live/0/shopee__item-card-standard-v2/0.2.8/pc/0614b8f0a8fdde22942d.svg
https://down-id.img.susercontent.com/file/id-11134207-8224w-mh8vns194hsff7,https://down-id.img.susercontent.com/file/id-11134258-822wp-mnaxy73qunep28,iPhone 14 Pro | 14 Pro Max ex iBox Beacukai IMEI Permanen Garansi 12 Bln 100% Original Second Resmi FULLSET BC 128GB 256GB 512GB 1TB,https://deo.shopeemobile.com/shopee/modules-federation/live/0/shopee__item-card-standard-v2/0.2.8/pc/e4734dab67ee2f9ebd5a.png,Rp,13.549.000,-2%,https://deo.shopeemobile.com/shopee/modules-federation/live/0/shopee__item-card-standard-v2/0.2.8/pc/76dff349290d20891fc1.svg,https://deo.shopeemobile.com/shopee/modules-federation/live/0/shopee__item-card-standard-v2/0.2.8/pc/d2a1900a0267d45fd0f5.png,Hadiah Gratis,,4.9,708 Terjual,https://deo.shopeemobile.com/shopee/modules-federation/live/0/shopee__item-card-standard-v2/0.2.8/pc/5dd7b4560d0e2d3190e8.svg,,https://deo.shopeemobile.com/shopee/modules-federation/live/0/shopee__item-card-standard-v2/0.2.8/pc/b4d1b8a78b3621dbdf4a.svg,Jakarta Selatan,,,"iPhone 14 Pro | 14 Pro Max ex iBox Beacukai IMEI Permanen Garansi 12 Bln 100% Original Second Resmi FULLSET BC 128GB 256GB 512GB 1TB
Rp
13.549.000
-2%
Hadiah Gratis
4.9
708 Terjual
2-4 Hari
Jakarta Selatan",https://shopee.co.id/iPhone-14-Pro-14-Pro-Max-ex-iBox-Beacukai-IMEI-Permanen-Garansi-12-Bln-100-Original-Second-Resmi-FULLSET-BC-128GB-256GB-512GB-1TB-i.1437255344.29277373316?extraParams=%7B%22display_model_id%22%3A237419252314%2C%22model_selection_logic%22%3A3%7D&sp_atk=3b0795fb-f44d-420d-87ba-57d93896f3df&xptdk=3b0795fb-f44d-420d-87ba-57d93896f3df,,,https://deo.shopeemobile.com/shopee/modules-federation/live/0/shopee__item-card-standard-v2/0.2.8/pc/d7099d3fd1dfdaf705ab.svg
https://down-id.img.susercontent.com/file/id-11134207-8224q-mkgs5hq79csg42,https://down-id.img.susercontent.com/file/id-11134258-7r98w-lyezzaurybot13,Iphone 15 plus pink second ibox,,Rp,10.700.000,,https://deo.shopeemobile.com/shopee/modules-federation/live/0/shopee__item-card-standard-v2/0.2.8/pc/76dff349290d20891fc1.svg,https://deo.shopeemobile.com/shopee/modules-federation/live/0/shopee__item-card-standard-v2/0.2.8/pc/d2a1900a0267d45fd0f5.png,,,,3-5 Hari,https://deo.shopeemobile.com/shopee/modules-federation/live/0/shopee__item-card-standard-v2/0.2.8/pc/5dd7b4560d0e2d3190e8.svg,,,Kab. Jepara,,,"Iphone 15 plus pink second ibox
Rp
10.700.000
3-5 Hari
Kab. Jepara",https://shopee.co.id/Iphone-15-plus-pink-second-ibox-i.1313451186.57155957373?extraParams=%7B%22display_model_id%22%3A272396126818%2C%22model_selection_logic%22%3A3%7D&sp_atk=2d065813-7c4c-4c1a-85a7-35f8099d3e18&xptdk=2d065813-7c4c-4c1a-85a7-35f8099d3e18,,,
https://down-id.img.susercontent.com/file/id-11134207-7r98u-lyjbctyfnup4b8,https://down-id.img.susercontent.com/file/id-11134258-8224v-mkvw0cu9r7k1a5,iPHONE XS 64GB SECOND LIKE NEW BERGARANSI,,Rp,2.568.000,,https://deo.shopeemobile.com/shopee/modules-federation/live/0/shopee__item-card-standard-v2/0.2.8/pc/76dff349290d20891fc1.svg,,,,5.0,12 Terjual,https://deo.shopeemobile.com/shopee/modules-federation/live/0/shopee__item-card-standard-v2/0.2.8/pc/5dd7b4560d0e2d3190e8.svg,,,Semarang,,,"iPHONE XS 64GB SECOND LIKE NEW BERGARANSI
Rp
2.568.000
5.0
12 Terjual
2-3 Hari
Semarang",https://shopee.co.id/iPHONE-XS-64GB-SECOND-LIKE-NEW-BERGARANSI-i.1320343086.28407008727?extraParams=%7B%22display_model_id%22%3A205287167208%2C%22model_selection_logic%22%3A3%7D&sp_atk=eadc2b04-3948-403e-99a1-8991152ca7dc&xptdk=eadc2b04-3948-403e-99a1-8991152ca7dc,,,https://deo.shopeemobile.com/shopee/modules-federation/live/0/shopee__item-card-standard-v2/0.2.8/pc/d7099d3fd1dfdaf705ab.svg
https://down-id.img.susercontent.com/file/id-11134207-822ws-mndz4z8qbr4882,https://down-id.img.susercontent.com/file/id-11134258-8224v-mkvw0cu9r7k1a5,Hp Second iPhone 16 Pro Max 256GB IBOX Fullset Garansi,https://deo.shopeemobile.com/shopee/modules-federation/live/0/shopee__item-card-standard-v2/0.2.8/pc/a425c915798471b33e5d.png,Rp,18.900.000,,https://deo.shopeemobile.com/shopee/modules-federation/live/0/shopee__item-card-standard-v2/0.2.8/pc/38e203dc86172a6c6560.svg,,,,5.0,6 Terjual,https://deo.shopeemobile.com/shopee/modules-federation/live/0/shopee__item-card-standard-v2/0.2.8/pc/5dd7b4560d0e2d3190e8.svg,,,Jakarta Pusat,https://deo.shopeemobile.com/shopee/modules-federation/live/0/shopee__item-card-standard-v2/0.2.8/pc/0614b8f0a8fdde22942d.svg,< 2 Hari,"Hp Second iPhone 16 Pro Max 256GB IBOX Fullset Garansi
Rp
18.900.000
5.0
6 Terjual
< 2 Hari
Jakarta Pusat",https://shopee.co.id/Hp-Second-iPhone-16-Pro-Max-256GB-IBOX-Fullset-Garansi-i.150306253.45750525949?extraParams=%7B%22display_model_id%22%3A400127041236%2C%22model_selection_logic%22%3A3%7D&sp_atk=817ac1cb-6399-4e3b-8906-4b91acf567f1&xptdk=817ac1cb-6399-4e3b-8906-4b91acf567f1,,,https://deo.shopeemobile.com/shopee/modules-federation/live/0/shopee__item-card-standard-v2/0.2.8/pc/d7099d3fd1dfdaf705ab.svg
https://down-id.img.susercontent.com/file/510e575c83ee365234af3f57672f8d13,https://down-id.img.susercontent.com/file/id-11134258-8224v-mkvw0cu9r7k1a5,iPhone X 256GB/64GB Second iPhone X Bekas Fullset Mulus 100% Original,https://deo.shopeemobile.com/shopee/modules-federation/live/0/shopee__item-card-standard-v2/0.2.8/pc/a425c915798471b33e5d.png,Rp,2.650.000,,https://deo.shopeemobile.com/shopee/modules-federation/live/0/shopee__item-card-standard-v2/0.2.8/pc/38e203dc86172a6c6560.svg,,,,5.0,10RB+ Terjual,https://deo.shopeemobile.com/shopee/modules-federation/live/0/shopee__item-card-standard-v2/0.2.8/pc/5dd7b4560d0e2d3190e8.svg,,,Jakarta Pusat,https://deo.shopeemobile.com/shopee/modules-federation/live/0/shopee__item-card-standard-v2/0.2.8/pc/0614b8f0a8fdde22942d.svg,< 2 Hari,"iPhone X 256GB/64GB Second iPhone X Bekas Fullset Mulus 100% Original
Rp
2.650.000
5.0
10RB+ Terjual
< 2 Hari
Jakarta Pusat",https://shopee.co.id/iPhone-X-256GB-64GB-Second-iPhone-X-Bekas-Fullset-Mulus-100-Original-i.213794467.21344206649?extraParams=%7B%22display_model_id%22%3A202240004970%2C%22model_selection_logic%22%3A3%7D&sp_atk=6cc3f9bc-a042-49b2-984d-1340799dc9c4&xptdk=6cc3f9bc-a042-49b2-984d-1340799dc9c4,,,https://deo.shopeemobile.com/shopee/modules-federation/live/0/shopee__item-card-standard-v2/0.2.8/pc/d7099d3fd1dfdaf705ab.svg
https://down-id.img.susercontent.com/file/id-11134207-822wl-mmwxl4dcq7eqbd,https://down-id.img.susercontent.com/file/id-11134258-8224v-mkvw0cu9r7k1a5,Hp Second iPhone 16 Pro 128GB IBOX Fullset Garansi,https://deo.shopeemobile.com/shopee/modules-federation/live/0/shopee__item-card-standard-v2/0.2.8/pc/a425c915798471b33e5d.png,Rp,17.000.000,,https://deo.shopeemobile.com/shopee/modules-federation/live/0/shopee__item-card-standard-v2/0.2.8/pc/38e203dc86172a6c6560.svg,,,,5.0,9 Terjual,https://deo.shopeemobile.com/shopee/modules-federation/live/0/shopee__item-card-standard-v2/0.2.8/pc/5dd7b4560d0e2d3190e8.svg,,,Jakarta Pusat,https://deo.shopeemobile.com/shopee/modules-federation/live/0/shopee__item-card-standard-v2/0.2.8/pc/0614b8f0a8fdde22942d.svg,< 2 Hari,"Hp Second iPhone 16 Pro 128GB IBOX Fullset Garansi
Rp
17.000.000
5.0
9 Terjual
< 2 Hari
Jakarta Pusat",https://shopee.co.id/Hp-Second-iPhone-16-Pro-128GB-IBOX-Fullset-Garansi-i.150306253.41611877323?extraParams=%7B%22display_model_id%22%3A325362202804%2C%22model_selection_logic%22%3A3%7D&sp_atk=3148ecfe-daf9-4a15-afa7-c109a797769d&xptdk=3148ecfe-daf9-4a15-afa7-c109a797769d,,,https://deo.shopeemobile.com/shopee/modules-federation/live/0/shopee__item-card-standard-v2/0.2.8/pc/d7099d3fd1dfdaf705ab.svg
https://down-id.img.susercontent.com/file/id-11134207-7r990-lr80tthigha5f5,https://down-id.img.susercontent.com/file/id-11134258-8224v-mkvw0cu9r7k1a5,Iphone 6g second 16gb 32gb 64gb,,Rp,621.000,-44%,https://deo.shopeemobile.com/shopee/modules-federation/live/0/shopee__item-card-standard-v2/0.2.8/pc/76dff349290d20891fc1.svg,https://deo.shopeemobile.com/shopee/modules-federation/live/0/shopee__item-card-standard-v2/0.2.8/pc/d2a1900a0267d45fd0f5.png,,,4.4,65 Terjual,https://deo.shopeemobile.com/shopee/modules-federation/live/0/shopee__item-card-standard-v2/0.2.8/pc/5dd7b4560d0e2d3190e8.svg,,,Kab. Jember,,,"Iphone 6g second 16gb 32gb 64gb
Rp
621.000
-44%
4.4
65 Terjual
4-6 Hari
Kab. Jember",https://shopee.co.id/Iphone-6g-second-16gb-32gb-64gb-i.853258473.24361924748?extraParams=%7B%22display_model_id%22%3A236033491882%2C%22model_selection_logic%22%3A3%7D&sp_atk=8f71d8bd-f2bd-4e74-8b51-aba9b2f27ee6&xptdk=8f71d8bd-f2bd-4e74-8b51-aba9b2f27ee6,,,https://deo.shopeemobile.com/shopee/modules-federation/live/0/shopee__item-card-standard-v2/0.2.8/pc/d7099d3fd1dfdaf705ab.svg
https://down-id.img.susercontent.com/file/id-11134207-822wh-mn3surt2e22tb1,,Second iPhone 7 128 GB - iPhone JADUL MURAH (Baca Deskripsi),,Rp,765.350,,https://deo.shopeemobile.com/shopee/modules-federation/live/0/shopee__item-card-standard-v2/0.2.8/pc/76dff349290d20891fc1.svg,,,,5.0,2 Terjual,https://deo.shopeemobile.com/shopee/modules-federation/live/0/shopee__item-card-standard-v2/0.2.8/pc/5dd7b4560d0e2d3190e8.svg,,,Kab. Brebes,,,"Second iPhone 7 128 GB - iPhone JADUL MURAH (Baca Deskripsi)
Rp
765.350
5.0
2 Terjual
2-4 Hari
Kab. Brebes",https://shopee.co.id/Second-iPhone-7-128-GB-iPhone-JADUL-MURAH-(Baca-Deskripsi)-i.23336889.26233774964?extraParams=%7B%22display_model_id%22%3A108785116486%2C%22model_selection_logic%22%3A3%7D&sp_atk=943e4fe8-b581-4e83-9bdf-6984c981dcc2&xptdk=943e4fe8-b581-4e83-9bdf-6984c981dcc2,,,https://deo.shopeemobile.com/shopee/modules-federation/live/0/shopee__item-card-standard-v2/0.2.8/pc/d7099d3fd1dfdaf705ab.svg
https://down-id.img.susercontent.com/file/sg-11134201-82625-mk7aa4kllfr810,https://down-id.img.susercontent.com/file/id-11134258-7r98w-lyezzaurybot13,iPhone 13 256gb Second Original Fullset Mulus,,Rp,6.100.000,,https://deo.shopeemobile.com/shopee/modules-federation/live/0/shopee__item-card-standard-v2/0.2.8/pc/38e203dc86172a6c6560.svg,,,,,< 2 Hari,https://deo.shopeemobile.com/shopee/modules-federation/live/0/shopee__item-card-standard-v2/0.2.8/pc/5dd7b4560d0e2d3190e8.svg,,,Denpasar,https://deo.shopeemobile.com/shopee/modules-federation/live/0/shopee__item-card-standard-v2/0.2.8/pc/0614b8f0a8fdde22942d.svg,< 2 Hari,"iPhone 13 256gb Second Original Fullset Mulus
Rp
6.100.000
< 2 Hari
Denpasar",https://shopee.co.id/iPhone-13-256gb-Second-Original-Fullset-Mulus-i.942335660.55605706052?extraParams=%7B%22display_model_id%22%3A302381927855%2C%22model_selection_logic%22%3A3%7D&sp_atk=fd73c0dc-b451-4fe1-b010-2bf6a3fa2574&xptdk=fd73c0dc-b451-4fe1-b010-2bf6a3fa2574,,,https://deo.shopeemobile.com/shopee/modules-federation/live/0/shopee__item-card-standard-v2/0.2.8/pc/0614b8f0a8fdde22942d.svg
https://down-id.img.susercontent.com/file/id-11134207-8224x-mkyvluvxfthg8e,https://down-id.img.susercontent.com/file/id-11134258-7r98w-lyezzaurybot13,Iphone 13 128GB Second pemakaian pribadi resmi IBOX,,Rp,7.200.000,,https://deo.shopeemobile.com/shopee/modules-federation/live/0/shopee__item-card-standard-v2/0.2.8/pc/76dff349290d20891fc1.svg,,,,,2-4 Hari,https://deo.shopeemobile.com/shopee/modules-federation/live/0/shopee__item-card-standard-v2/0.2.8/pc/5dd7b4560d0e2d3190e8.svg,,,Kab. Sidoarjo,,,"Iphone 13 128GB Second pemakaian pribadi resmi IBOX
Rp
7.200.000
2-4 Hari
Kab. Sidoarjo",https://shopee.co.id/Iphone-13-128GB-Second-pemakaian-pribadi-resmi-IBOX-i.8539304.47006319462?extraParams=%7B%22display_model_id%22%3A360570497191%2C%22model_selection_logic%22%3A3%7D&sp_atk=90dcfc40-80e9-494f-81dd-071a51cfd710&xptdk=90dcfc40-80e9-494f-81dd-071a51cfd710,,,
https://down-id.img.susercontent.com/file/id-11134207-7rbk8-m8bo76o3c3r699,https://down-id.img.susercontent.com/file/id-11134258-8224v-mkvw0cu9r7k1a5,iPhone 14 512GB 256GB 128GB Second Fullset Resmi,https://deo.shopeemobile.com/shopee/modules-federation/live/0/shopee__item-card-standard-v2/0.2.8/pc/e4734dab67ee2f9ebd5a.png,Rp,8.030.000,-1%,https://deo.shopeemobile.com/shopee/modules-federation/live/0/shopee__item-card-standard-v2/0.2.8/pc/38e203dc86172a6c6560.svg,,,,5.0,3 Terjual,https://deo.shopeemobile.com/shopee/modules-federation/live/0/shopee__item-card-standard-v2/0.2.8/pc/5dd7b4560d0e2d3190e8.svg,,https://deo.shopeemobile.com/shopee/modules-federation/live/0/shopee__item-card-standard-v2/0.2.8/pc/b4d1b8a78b3621dbdf4a.svg,Tangerang Selatan,https://deo.shopeemobile.com/shopee/modules-federation/live/0/shopee__item-card-standard-v2/0.2.8/pc/0614b8f0a8fdde22942d.svg,< 2 Hari,"iPhone 14 512GB 256GB 128GB Second Fullset Resmi
Rp
8.030.000
-1%
5.0
3 Terjual
< 2 Hari
Tangerang Selatan",https://shopee.co.id/iPhone-14-512GB-256GB-128GB-Second-Fullset-Resmi-i.961724677.25143714409?extraParams=%7B%22display_model_id%22%3A185966344702%2C%22model_selection_logic%22%3A3%7D&sp_atk=e8712230-0b81-422d-954b-942de765caec&xptdk=e8712230-0b81-422d-954b-942de765caec,,,https://deo.shopeemobile.com/shopee/modules-federation/live/0/shopee__item-card-standard-v2/0.2.8/pc/d7099d3fd1dfdaf705ab.svg
https://down-id.img.susercontent.com/file/id-11134207-81zti-mfnyhkdvc8aw2d,https://down-id.img.susercontent.com/file/id-11134258-8224v-mkvw0cu9r7k1a5,iPhone 15 iBox 256GB & 128GB - Second Garansi Resmi,https://deo.shopeemobile.com/shopee/modules-federation/live/0/shopee__item-card-standard-v2/0.2.8/pc/e4734dab67ee2f9ebd5a.png,Rp,9.762.000,,https://deo.shopeemobile.com/shopee/modules-federation/live/0/shopee__item-card-standard-v2/0.2.8/pc/38e203dc86172a6c6560.svg,https://deo.shopeemobile.com/shopee/modules-federation/live/0/shopee__item-card-standard-v2/0.2.8/pc/d2a1900a0267d45fd0f5.png,,,5.0,54 Terjual,https://deo.shopeemobile.com/shopee/modules-federation/live/0/shopee__item-card-standard-v2/0.2.8/pc/5dd7b4560d0e2d3190e8.svg,,,Bogor,https://deo.shopeemobile.com/shopee/modules-federation/live/0/shopee__item-card-standard-v2/0.2.8/pc/0614b8f0a8fdde22942d.svg,< 2 Hari,"iPhone 15 iBox 256GB & 128GB - Second Garansi Resmi
Rp
9.762.000
5.0
54 Terjual
< 2 Hari
Bogor",https://shopee.co.id/iPhone-15-iBox-256GB-128GB-Second-Garansi-Resmi-i.389328160.43903203323?extraParams=%7B%22display_model_id%22%3A365210779828%2C%22model_selection_logic%22%3A3%7D&sp_atk=1f7f7fd5-2dd3-4d8b-82f7-aeb723d7029d&xptdk=1f7f7fd5-2dd3-4d8b-82f7-aeb723d7029d,,,https://deo.shopeemobile.com/shopee/modules-federation/live/0/shopee__item-card-standard-v2/0.2.8/pc/d7099d3fd1dfdaf705ab.svg
https://down-id.img.susercontent.com/file/id-11134207-822wi-mmvdlpoizt391f,https://down-id.img.susercontent.com/file/id-11134258-8224v-mkvw0cu9r7k1a5,i phone 12 (second),,Rp,5.000.000,,https://deo.shopeemobile.com/shopee/modules-federation/live/0/shopee__item-card-standard-v2/0.2.8/pc/38e203dc86172a6c6560.svg,https://deo.shopeemobile.com/shopee/modules-federation/live/0/shopee__item-card-standard-v2/0.2.8/pc/d2a1900a0267d45fd0f5.png,,,,< 2 Hari,https://deo.shopeemobile.com/shopee/modules-federation/live/0/shopee__item-card-standard-v2/0.2.8/pc/5dd7b4560d0e2d3190e8.svg,,,Kab. Majalengka,https://deo.shopeemobile.com/shopee/modules-federation/live/0/shopee__item-card-standard-v2/0.2.8/pc/0614b8f0a8fdde22942d.svg,< 2 Hari,"i phone 12 (second)
Rp
5.000.000
< 2 Hari
Kab. Majalengka",https://shopee.co.id/i-phone-12-(second)-i.209703449.44758552538?extraParams=%7B%22display_model_id%22%3A430757165150%2C%22model_selection_logic%22%3A3%7D&sp_atk=0f7c2065-04b3-41db-a863-7baf96e919b0&xptdk=0f7c2065-04b3-41db-a863-7baf96e919b0,,,https://deo.shopeemobile.com/shopee/modules-federation/live/0/shopee__item-card-standard-v2/0.2.8/pc/0614b8f0a8fdde22942d.svg
https://down-id.img.susercontent.com/file/id-11134207-822wm-mngko603kqv5ce,https://down-id.img.susercontent.com/file/id-11134258-8224v-mkvw0cu9r7k1a5,iPhone 14 Plus 128GB Inter- Second Original Apple,https://deo.shopeemobile.com/shopee/modules-federation/live/0/shopee__item-card-standard-v2/0.2.8/pc/a425c915798471b33e5d.png,Rp,6.800.000,,https://deo.shopeemobile.com/shopee/modules-federation/live/0/shopee__item-card-standard-v2/0.2.8/pc/38e203dc86172a6c6560.svg,,,,5.0,3 Terjual,https://deo.shopeemobile.com/shopee/modules-federation/live/0/shopee__item-card-standard-v2/0.2.8/pc/5dd7b4560d0e2d3190e8.svg,,,Kab. Badung,https://deo.shopeemobile.com/shopee/modules-federation/live/0/shopee__item-card-standard-v2/0.2.8/pc/0614b8f0a8fdde22942d.svg,< 2 Hari,"iPhone 14 Plus 128GB Inter- Second Original Apple
Rp
6.800.000
5.0
3 Terjual
< 2 Hari
Kab. Badung",https://shopee.co.id/iPhone-14-Plus-128GB-Inter-Second-Original-Apple-i.170742776.42961541145?extraParams=%7B%22display_model_id%22%3A350798220359%2C%22model_selection_logic%22%3A3%7D&sp_atk=8c9e9c29-1dba-4821-9395-73cd293df3f2&xptdk=8c9e9c29-1dba-4821-9395-73cd293df3f2,,,https://deo.shopeemobile.com/shopee/modules-federation/live/0/shopee__item-card-standard-v2/0.2.8/pc/d7099d3fd1dfdaf705ab.svg
https://down-id.img.susercontent.com/file/id-11134207-81ztg-mee27yq69g5f88,https://down-id.img.susercontent.com/file/id-11134258-8224v-mkvw0cu9r7k1a5,Apple iPhone 14 Pro Max Second 128GB 256GB Fullset Original Garansi Resmi,https://deo.shopeemobile.com/shopee/modules-federation/live/0/shopee__item-card-standard-v2/0.2.8/pc/e4734dab67ee2f9ebd5a.png,Rp,13.157.000,,https://deo.shopeemobile.com/shopee/modules-federation/live/0/shopee__item-card-standard-v2/0.2.8/pc/38e203dc86172a6c6560.svg,,,,4.9,39 Terjual,https://deo.shopeemobile.com/shopee/modules-federation/live/0/shopee__item-card-standard-v2/0.2.8/pc/5dd7b4560d0e2d3190e8.svg,,,Bandung,https://deo.shopeemobile.com/shopee/modules-federation/live/0/shopee__item-card-standard-v2/0.2.8/pc/0614b8f0a8fdde22942d.svg,< 2 Hari,"Apple iPhone 14 Pro Max Second 128GB 256GB Fullset Original Garansi Resmi
Rp
13.157.000
4.9
39 Terjual
< 2 Hari
Bandung",https://shopee.co.id/Apple-iPhone-14-Pro-Max-Second-128GB-256GB-Fullset-Original-Garansi-Resmi-i.163046751.29034231209?extraParams=%7B%22display_model_id%22%3A287114885630%2C%22model_selection_logic%22%3A3%7D&sp_atk=b9e3e718-05b5-474d-949d-15b5ba830f4c&xptdk=b9e3e718-05b5-474d-949d-15b5ba830f4c,,,https://deo.shopeemobile.com/shopee/modules-federation/live/0/shopee__item-card-standard-v2/0.2.8/pc/d7099d3fd1dfdaf705ab.svg
https://down-id.img.susercontent.com/file/66a5171e0390406ea3de3d59a4f5eded,https://down-id.img.susercontent.com/file/id-11134258-8224v-mkvw0cu9r7k1a5,iPhone X 256Gb Gb Second Orginal  Like New 100% Fullset,,Rp,2.100.000,,https://deo.shopeemobile.com/shopee/modules-federation/live/0/shopee__item-card-standard-v2/0.2.8/pc/38e203dc86172a6c6560.svg,,,,3.3,11 Terjual,https://deo.shopeemobile.com/shopee/modules-federation/live/0/shopee__item-card-standard-v2/0.2.8/pc/5dd7b4560d0e2d3190e8.svg,,,Surabaya,https://deo.shopeemobile.com/shopee/modules-federation/live/0/shopee__item-card-standard-v2/0.2.8/pc/0614b8f0a8fdde22942d.svg,Besok 12:00,"iPhone X 256Gb Gb Second Orginal Like New 100% Fullset
Rp
2.100.000
3.3
11 Terjual
Besok 12:00
Surabaya",https://shopee.co.id/iPhone-X-256Gb-Gb-Second-Orginal-Like-New-100-Fullset-i.238012104.18912524527?extraParams=%7B%22display_model_id%22%3A230110019708%2C%22model_selection_logic%22%3A3%7D&sp_atk=13701774-79b9-4bac-a78b-14544e4e8773&xptdk=13701774-79b9-4bac-a78b-14544e4e8773,,,https://deo.shopeemobile.com/shopee/modules-federation/live/0/shopee__item-card-standard-v2/0.2.8/pc/d7099d3fd1dfdaf705ab.svg
https://down-id.img.susercontent.com/file/id-11134207-7rbke-m83cckzagx8854,https://down-id.img.susercontent.com/file/id-11134258-8224v-mkvw0cu9r7k1a5,IPHONE SECOND 11 64GB / 128GB / 256GB FULLSET LIKE NEW,,Rp,3.618.000,,https://deo.shopeemobile.com/shopee/modules-federation/live/0/shopee__item-card-standard-v2/0.2.8/pc/38e203dc86172a6c6560.svg,https://deo.shopeemobile.com/shopee/modules-federation/live/0/shopee__item-card-standard-v2/0.2.8/pc/d2a1900a0267d45fd0f5.png,Cicilan,,4.7,139 Terjual,https://deo.shopeemobile.com/shopee/modules-federation/live/0/shopee__item-card-standard-v2/0.2.8/pc/5dd7b4560d0e2d3190e8.svg,,,Kab. Sidoarjo,https://deo.shopeemobile.com/shopee/modules-federation/live/0/shopee__item-card-standard-v2/0.2.8/pc/0614b8f0a8fdde22942d.svg,Hari Ini 12:00,"IPHONE SECOND 11 64GB / 128GB / 256GB FULLSET LIKE NEW
Rp
3.618.000
Cicilan
4.7
139 Terjual
Hari Ini 12:00
Kab. Sidoarjo",https://shopee.co.id/IPHONE-SECOND-11-64GB-128GB-256GB-FULLSET-LIKE-NEW-i.32229628.3891868717?extraParams=%7B%22display_model_id%22%3A167748325688%2C%22model_selection_logic%22%3A3%7D&sp_atk=690605ba-0c8d-4248-81c0-15f2e2fd4943&xptdk=690605ba-0c8d-4248-81c0-15f2e2fd4943,,,https://deo.shopeemobile.com/shopee/modules-federation/live/0/shopee__item-card-standard-v2/0.2.8/pc/d7099d3fd1dfdaf705ab.svg
https://down-id.img.susercontent.com/file/id-11134207-81ztg-mf28uf9qvkln12,https://down-id.img.susercontent.com/file/id-11134258-822wp-mlyjp115kz5tc6,iPhone 15 128GB Second Ex Resmi Fullset Original,,Rp,10.279.020,-2%,https://deo.shopeemobile.com/shopee/modules-federation/live/0/shopee__item-card-standard-v2/0.2.8/pc/76dff349290d20891fc1.svg,https://deo.shopeemobile.com/shopee/modules-federation/live/0/shopee__item-card-standard-v2/0.2.8/pc/d2a1900a0267d45fd0f5.png,,,5.0,74 Terjual,https://deo.shopeemobile.com/shopee/modules-federation/live/0/shopee__item-card-standard-v2/0.2.8/pc/5dd7b4560d0e2d3190e8.svg,,https://deo.shopeemobile.com/shopee/modules-federation/live/0/shopee__item-card-standard-v2/0.2.8/pc/b4d1b8a78b3621dbdf4a.svg,Tangerang Selatan,,,"iPhone 15 128GB Second Ex Resmi Fullset Original
Rp
10.279.020
-2%
5.0
74 Terjual
3-5 Hari
Tangerang Selatan",https://shopee.co.id/iPhone-15-128GB-Second-Ex-Resmi-Fullset-Original-i.188288191.43621297487?extraParams=%7B%22display_model_id%22%3A266739048440%2C%22model_selection_logic%22%3A3%7D&sp_atk=21e1eb76-6b27-460a-bdc5-e73c0c2d1cd0&xptdk=21e1eb76-6b27-460a-bdc5-e73c0c2d1cd0,,,https://deo.shopeemobile.com/shopee/modules-federation/live/0/shopee__item-card-standard-v2/0.2.8/pc/d7099d3fd1dfdaf705ab.svg
https://down-id.img.susercontent.com/file/id-11134207-822wh-mngko601iark18,https://down-id.img.susercontent.com/file/id-11134258-8224v-mkvw0cu9r7k1a5,IPHONE 12 PRO MAX 256GB SECOND BEA CUKAI ORIGINAL APPLE,https://deo.shopeemobile.com/shopee/modules-federation/live/0/shopee__item-card-standard-v2/0.2.8/pc/a425c915798471b33e5d.png,Rp,7.500.000,,https://deo.shopeemobile.com/shopee/modules-federation/live/0/shopee__item-card-standard-v2/0.2.8/pc/38e203dc86172a6c6560.svg,,,,,< 2 Hari,https://deo.shopeemobile.com/shopee/modules-federation/live/0/shopee__item-card-standard-v2/0.2.8/pc/5dd7b4560d0e2d3190e8.svg,,,Kab. Badung,https://deo.shopeemobile.com/shopee/modules-federation/live/0/shopee__item-card-standard-v2/0.2.8/pc/0614b8f0a8fdde22942d.svg,< 2 Hari,"IPHONE 12 PRO MAX 256GB SECOND BEA CUKAI ORIGINAL APPLE
Rp
7.500.000
< 2 Hari
Kab. Badung",https://shopee.co.id/IPHONE-12-PRO-MAX-256GB-SECOND-BEA-CUKAI-ORIGINAL-APPLE-i.170742776.53056837144?extraParams=%7B%22display_model_id%22%3A400835845891%2C%22model_selection_logic%22%3A3%7D&sp_atk=437ea57e-b300-499e-9668-fbd51405039f&xptdk=437ea57e-b300-499e-9668-fbd51405039f,,,https://deo.shopeemobile.com/shopee/modules-federation/live/0/shopee__item-card-standard-v2/0.2.8/pc/0614b8f0a8fdde22942d.svg
https://down-id.img.susercontent.com/file/id-11134207-7rbkb-m6jq25zwdld8ef,https://down-id.img.susercontent.com/file/id-11134258-8224v-mkvw0cu9r7k1a5,APPLE IP 15 128 256 IB0X SECOND FULLSET,https://deo.shopeemobile.com/shopee/modules-federation/live/0/shopee__item-card-standard-v2/0.2.8/pc/e4734dab67ee2f9ebd5a.png,Rp,9.999.000,,https://deo.shopeemobile.com/shopee/modules-federation/live/0/shopee__item-card-standard-v2/0.2.8/pc/38e203dc86172a6c6560.svg,,,,5.0,21 Terjual,https://deo.shopeemobile.com/shopee/modules-federation/live/0/shopee__item-card-standard-v2/0.2.8/pc/5dd7b4560d0e2d3190e8.svg,,,Jakarta Barat,https://deo.shopeemobile.com/shopee/modules-federation/live/0/shopee__item-card-standard-v2/0.2.8/pc/0614b8f0a8fdde22942d.svg,< 2 Hari,"APPLE IP 15 128 256 IB0X SECOND FULLSET
Rp
9.999.000
5.0
21 Terjual
< 2 Hari
Jakarta Barat",https://shopee.co.id/APPLE-IP-15-128-256-IB0X-SECOND-FULLSET-i.203572497.29477091195?extraParams=%7B%22display_model_id%22%3A227407725861%2C%22model_selection_logic%22%3A3%7D&sp_atk=3a6428fe-5671-4b7d-a27e-0a2cf463ae4b&xptdk=3a6428fe-5671-4b7d-a27e-0a2cf463ae4b,,,https://deo.shopeemobile.com/shopee/modules-federation/live/0/shopee__item-card-standard-v2/0.2.8/pc/d7099d3fd1dfdaf705ab.svg
https://down-id.img.susercontent.com/file/id-11134207-8224y-misfzpq2m5msf2,https://down-id.img.susercontent.com/file/id-11134258-822wr-mlx67rtd6r602f,iphone 13 128gb iBox Second Fullset Original Like New,https://deo.shopeemobile.com/shopee/modules-federation/live/0/shopee__item-card-standard-v2/0.2.8/pc/a425c915798471b33e5d.png,Rp,7.999.000,,https://deo.shopeemobile.com/shopee/modules-federation/live/0/shopee__item-card-standard-v2/0.2.8/pc/38e203dc86172a6c6560.svg,,,,5.0,19 Terjual,https://deo.shopeemobile.com/shopee/modules-federation/live/0/shopee__item-card-standard-v2/0.2.8/pc/5dd7b4560d0e2d3190e8.svg,,,Jakarta Selatan,https://deo.shopeemobile.com/shopee/modules-federation/live/0/shopee__item-card-standard-v2/0.2.8/pc/0614b8f0a8fdde22942d.svg,< 2 Hari,"iphone 13 128gb iBox Second Fullset Original Like New
Rp
7.999.000
5.0
19 Terjual
< 2 Hari
Jakarta Selatan",https://shopee.co.id/iphone-13-128gb-iBox-Second-Fullset-Original-Like-New-i.27073567.18321938359?extraParams=%7B%22display_model_id%22%3A181384912556%2C%22model_selection_logic%22%3A3%7D&sp_atk=e23cbcf6-ec1e-46f4-a952-72bc9b14e87f&xptdk=e23cbcf6-ec1e-46f4-a952-72bc9b14e87f,,,https://deo.shopeemobile.com/shopee/modules-federation/live/0/shopee__item-card-standard-v2/0.2.8/pc/d7099d3fd1dfdaf705ab.svg
https://down-id.img.susercontent.com/file/id-11134207-82251-mkdrzejw03ycf9,https://down-id.img.susercontent.com/file/id-11134258-8224v-mkvw0cu9r7k1a5,iphone 13 128 alloperator second like new,,Rp,5.650.000,,https://deo.shopeemobile.com/shopee/modules-federation/live/0/shopee__item-card-standard-v2/0.2.8/pc/38e203dc86172a6c6560.svg,,,,,< 2 Hari,https://deo.shopeemobile.com/shopee/modules-federation/live/0/shopee__item-card-standard-v2/0.2.8/pc/5dd7b4560d0e2d3190e8.svg,,,Surakarta (Solo),https://deo.shopeemobile.com/shopee/modules-federation/live/0/shopee__item-card-standard-v2/0.2.8/pc/0614b8f0a8fdde22942d.svg,< 2 Hari,"iphone 13 128 alloperator second like new
Rp
5.650.000
< 2 Hari
Surakarta (Solo)",https://shopee.co.id/iphone-13-128-alloperator-second-like-new-i.262263769.51155893936?extraParams=%7B%22display_model_id%22%3A179137672108%2C%22model_selection_logic%22%3A3%7D&sp_atk=235bf98e-9274-417f-93b8-0c0d0813690c&xptdk=235bf98e-9274-417f-93b8-0c0d0813690c,,,https://deo.shopeemobile.com/shopee/modules-federation/live/0/shopee__item-card-standard-v2/0.2.8/pc/0614b8f0a8fdde22942d.svg
https://down-id.img.susercontent.com/file/id-11134207-7ra0j-mdbkvte0hj94ab,https://down-id.img.susercontent.com/file/id-11134258-7r98w-lyezzaurybot13,Iphone 14 Pro 512GB Second Fullset Original Bekas Resmi,,Rp,12.700.000,,https://deo.shopeemobile.com/shopee/modules-federation/live/0/shopee__item-card-standard-v2/0.2.8/pc/76dff349290d20891fc1.svg,,,,,4-8 Hari,https://deo.shopeemobile.com/shopee/modules-federation/live/0/shopee__item-card-standard-v2/0.2.8/pc/5dd7b4560d0e2d3190e8.svg,,,Medan,,,"Iphone 14 Pro 512GB Second Fullset Original Bekas Resmi
Rp
12.700.000
4-8 Hari
Medan",https://shopee.co.id/Iphone-14-Pro-512GB-Second-Fullset-Original-Bekas-Resmi-i.63039400.40062434316?extraParams=%7B%22display_model_id%22%3A291037495650%2C%22model_selection_logic%22%3A3%7D&sp_atk=52cc5f04-e327-4fb6-a9af-c66376c911ee&xptdk=52cc5f04-e327-4fb6-a9af-c66376c911ee,,,
https://down-id.img.susercontent.com/file/id-11134207-822wq-mlx2kfbuwk5eda,,Dalam stok iPhone 11pro 64G 128G 256G SECOND 100% Original LIKE NEW  Fullse No Refurbish Ibox‌ Fullset Mulus BERGARANSI,https://deo.shopeemobile.com/shopee/modules-federation/live/0/shopee__item-card-standard-v2/0.2.8/pc/a425c915798471b33e5d.png,Rp,3.600.000,-50%,,https://deo.shopeemobile.com/shopee/modules-federation/live/0/shopee__item-card-standard-v2/0.2.8/pc/d2a1900a0267d45fd0f5.png,,,5.0,1 Terjual,https://deo.shopeemobile.com/shopee/modules-federation/live/0/shopee__item-card-standard-v2/0.2.8/pc/5dd7b4560d0e2d3190e8.svg,,,Jakarta Utara,,,"Dalam stok iPhone 11pro 64G 128G 256G SECOND 100% Original LIKE NEW Fullse No Refurbish Ibox‌ Fullset Mulus BERGARANSI
Rp
3.600.000
-50%
5.0
1 Terjual
Jakarta Utara",https://shopee.co.id/Dalam-stok-iPhone-11pro-64G-128G-256G-SECOND-100-Original-LIKE-NEW-Fullse-No-Refurbish-Ibox%E2%80%8C-Fullset-Mulus-BERGARANSI-i.1739583428.49957375644?extraParams=%7B%22display_model_id%22%3A400653651624%2C%22model_selection_logic%22%3A3%7D&sp_atk=7933a294-8f89-4833-85a1-21a0aa88fc1a&xptdk=7933a294-8f89-4833-85a1-21a0aa88fc1a,,,https://deo.shopeemobile.com/shopee/modules-federation/live/0/shopee__item-card-standard-v2/0.2.8/pc/d7099d3fd1dfdaf705ab.svg
https://down-id.img.susercontent.com/file/id-11134207-7r98u-lvzne8qc6qzya8,https://down-id.img.susercontent.com/file/id-11134258-8224v-mkvw0cu9r7k1a5,Second iBox iPhone 15,https://deo.shopeemobile.com/shopee/modules-federation/live/0/shopee__item-card-standard-v2/0.2.8/pc/a425c915798471b33e5d.png,Rp,13.387.500,,https://deo.shopeemobile.com/shopee/modules-federation/live/0/shopee__item-card-standard-v2/0.2.8/pc/38e203dc86172a6c6560.svg,,,,5.0,5 Terjual,https://deo.shopeemobile.com/shopee/modules-federation/live/0/shopee__item-card-standard-v2/0.2.8/pc/5dd7b4560d0e2d3190e8.svg,,,Malang,https://deo.shopeemobile.com/shopee/modules-federation/live/0/shopee__item-card-standard-v2/0.2.8/pc/0614b8f0a8fdde22942d.svg,< 2 Hari,"Second iBox iPhone 15
Rp
13.387.500
5.0
5 Terjual
< 2 Hari
Malang",https://shopee.co.id/Second-iBox-iPhone-15-i.331191248.26351522124?extraParams=%7B%22display_model_id%22%3A176502027904%2C%22model_selection_logic%22%3A3%7D&sp_atk=3a7a1688-cef8-45d9-88a0-601850a5d395&xptdk=3a7a1688-cef8-45d9-88a0-601850a5d395,,,https://deo.shopeemobile.com/shopee/modules-federation/live/0/shopee__item-card-standard-v2/0.2.8/pc/d7099d3fd1dfdaf705ab.svg
https://down-id.img.susercontent.com/file/id-11134207-822wu-mmi6zllh2iof40,,IPHONE 14 PROMAX 256GB ALL OPERATOR SECOND,,Rp,9.800.000,,https://deo.shopeemobile.com/shopee/modules-federation/live/0/shopee__item-card-standard-v2/0.2.8/pc/76dff349290d20891fc1.svg,,,,,3-5 Hari,https://deo.shopeemobile.com/shopee/modules-federation/live/0/shopee__item-card-standard-v2/0.2.8/pc/5dd7b4560d0e2d3190e8.svg,,,Kab. Kediri,,,"IPHONE 14 PROMAX 256GB ALL OPERATOR SECOND
Rp
9.800.000
3-5 Hari
Kab. Kediri",https://shopee.co.id/IPHONE-14-PROMAX-256GB-ALL-OPERATOR-SECOND-i.72293108.28694496819?extraParams=%7B%22display_model_id%22%3A390713585601%2C%22model_selection_logic%22%3A3%7D&sp_atk=cbdfff0f-3d75-45c5-878f-d8d1226d9563&xptdk=cbdfff0f-3d75-45c5-878f-d8d1226d9563,,,
https://down-id.img.susercontent.com/file/id-11134207-7rbkd-magovz68plyw3e,,iphone 13 128gb ibox second garansi masih aktif sampai bulan 11,,Rp,4.700.000,,,https://deo.shopeemobile.com/shopee/modules-federation/live/0/shopee__item-card-standard-v2/0.2.8/pc/d2a1900a0267d45fd0f5.png,,,,,https://deo.shopeemobile.com/shopee/modules-federation/live/0/shopee__item-card-standard-v2/0.2.8/pc/5dd7b4560d0e2d3190e8.svg,,,Kab. Banyuasin,,,"iphone 13 128gb ibox second garansi masih aktif sampai bulan 11
Rp
4.700.000
Kab. Banyuasin",https://shopee.co.id/iphone-13-128gb-ibox-second-garansi-masih-aktif-sampai-bulan-11-i.1554854065.43902881135?extraParams=%7B%22display_model_id%22%3A258473242332%2C%22model_selection_logic%22%3A3%7D&sp_atk=6fea8e40-cef4-4b8c-af43-e47337d284fa&xptdk=6fea8e40-cef4-4b8c-af43-e47337d284fa,,,
https://down-id.img.susercontent.com/file/id-11134207-7ra0n-mc96km7tmcwp03,https://down-id.img.susercontent.com/file/id-11134258-8224v-mkvw0cu9r7k1a5,iPhone 15 iBox 128GB 256GB 512GB Second Original Fullset Imei Terdaftar,https://deo.shopeemobile.com/shopee/modules-federation/live/0/shopee__item-card-standard-v2/0.2.8/pc/e4734dab67ee2f9ebd5a.png,Rp,9.945.000,-1%,https://deo.shopeemobile.com/shopee/modules-federation/live/0/shopee__item-card-standard-v2/0.2.8/pc/38e203dc86172a6c6560.svg,,,,5.0,5 Terjual,https://deo.shopeemobile.com/shopee/modules-federation/live/0/shopee__item-card-standard-v2/0.2.8/pc/5dd7b4560d0e2d3190e8.svg,,https://deo.shopeemobile.com/shopee/modules-federation/live/0/shopee__item-card-standard-v2/0.2.8/pc/b4d1b8a78b3621dbdf4a.svg,Tangerang Selatan,https://deo.shopeemobile.com/shopee/modules-federation/live/0/shopee__item-card-standard-v2/0.2.8/pc/0614b8f0a8fdde22942d.svg,< 2 Hari,"iPhone 15 iBox 128GB 256GB 512GB Second Original Fullset Imei Terdaftar
Rp
9.945.000
-1%
5.0
5 Terjual
< 2 Hari
Tangerang Selatan",https://shopee.co.id/iPhone-15-iBox-128GB-256GB-512GB-Second-Original-Fullset-Imei-Terdaftar-i.961724677.42900444283?extraParams=%7B%22display_model_id%22%3A227813550250%2C%22model_selection_logic%22%3A3%7D&sp_atk=460269e5-a733-4b25-ade5-241b7af77423&xptdk=460269e5-a733-4b25-ade5-241b7af77423,,,https://deo.shopeemobile.com/shopee/modules-federation/live/0/shopee__item-card-standard-v2/0.2.8/pc/d7099d3fd1dfdaf705ab.svg
https://down-id.img.susercontent.com/file/id-11134207-822wn-mngko601cohsab,https://down-id.img.susercontent.com/file/id-11134258-8224v-mkvw0cu9r7k1a5,iPhone 11 64/128/256GB - Second iBox Bea Cukai Original Apple,https://deo.shopeemobile.com/shopee/modules-federation/live/0/shopee__item-card-standard-v2/0.2.8/pc/a425c915798471b33e5d.png,Rp,4.500.000,,https://deo.shopeemobile.com/shopee/modules-federation/live/0/shopee__item-card-standard-v2/0.2.8/pc/38e203dc86172a6c6560.svg,,,,,1 Terjual,https://deo.shopeemobile.com/shopee/modules-federation/live/0/shopee__item-card-standard-v2/0.2.8/pc/5dd7b4560d0e2d3190e8.svg,,,Kab. Badung,https://deo.shopeemobile.com/shopee/modules-federation/live/0/shopee__item-card-standard-v2/0.2.8/pc/0614b8f0a8fdde22942d.svg,< 2 Hari,"iPhone 11 64/128/256GB - Second iBox Bea Cukai Original Apple
Rp
4.500.000
1 Terjual
< 2 Hari
Kab. Badung",https://shopee.co.id/iPhone-11-64-128-256GB-Second-iBox-Bea-Cukai-Original-Apple-i.170742776.54207228778?extraParams=%7B%22display_model_id%22%3A302456434034%2C%22model_selection_logic%22%3A3%7D&sp_atk=1013e4fc-6187-407d-acaa-d27b92a087c3&xptdk=1013e4fc-6187-407d-acaa-d27b92a087c3,,,https://deo.shopeemobile.com/shopee/modules-federation/live/0/shopee__item-card-standard-v2/0.2.8/pc/0614b8f0a8fdde22942d.svg
https://down-id.img.susercontent.com/file/id-11134207-8224y-mh6racjcmio975,https://down-id.img.susercontent.com/file/id-11134258-8224v-mkvw0cu9r7k1a5,Apple | Iphone 14 Pro Max iBox 512GB 256GB 128GB Second Fullset Original Sinyal Permanen,https://deo.shopeemobile.com/shopee/modules-federation/live/0/shopee__item-card-standard-v2/0.2.8/pc/e4734dab67ee2f9ebd5a.png,Rp,12.695.000,-1%,https://deo.shopeemobile.com/shopee/modules-federation/live/0/shopee__item-card-standard-v2/0.2.8/pc/38e203dc86172a6c6560.svg,https://deo.shopeemobile.com/shopee/modules-federation/live/0/shopee__item-card-standard-v2/0.2.8/pc/d2a1900a0267d45fd0f5.png,,,4.8,29 Terjual,https://deo.shopeemobile.com/shopee/modules-federation/live/0/shopee__item-card-standard-v2/0.2.8/pc/5dd7b4560d0e2d3190e8.svg,,https://deo.shopeemobile.com/shopee/modules-federation/live/0/shopee__item-card-standard-v2/0.2.8/pc/b4d1b8a78b3621dbdf4a.svg,Tangerang,https://deo.shopeemobile.com/shopee/modules-federation/live/0/shopee__item-card-standard-v2/0.2.8/pc/0614b8f0a8fdde22942d.svg,< 2 Hari,"Apple | Iphone 14 Pro Max iBox 512GB 256GB 128GB Second Fullset Original Sinyal Permanen
Rp
12.695.000
-1%
4.8
29 Terjual
< 2 Hari
Tangerang",https://shopee.co.id/Apple-Iphone-14-Pro-Max-iBox-512GB-256GB-128GB-Second-Fullset-Original-Sinyal-Permanen-i.1566969829.56301586505?extraParams=%7B%22display_model_id%22%3A365144894400%2C%22model_selection_logic%22%3A3%7D&sp_atk=67bc438d-fa6c-4426-ae99-c0b24525e3a5&xptdk=67bc438d-fa6c-4426-ae99-c0b24525e3a5,,,https://deo.shopeemobile.com/shopee/modules-federation/live/0/shopee__item-card-standard-v2/0.2.8/pc/d7099d3fd1dfdaf705ab.svg
https://down-id.img.susercontent.com/file/id-11134207-7rbkb-m6mbp0ww071j6c,https://down-id.img.susercontent.com/file/id-11134258-8224v-mkvw0cu9r7k1a5,IPHONE 11 promax 512GB // 256GB // 64GB SECOND RESMI IBOX,https://deo.shopeemobile.com/shopee/modules-federation/live/0/shopee__item-card-standard-v2/0.2.8/pc/e4734dab67ee2f9ebd5a.png,Rp,6.799.000,,https://deo.shopeemobile.com/shopee/modules-federation/live/0/shopee__item-card-standard-v2/0.2.8/pc/38e203dc86172a6c6560.svg,,,,5.0,16 Terjual,https://deo.shopeemobile.com/shopee/modules-federation/live/0/shopee__item-card-standard-v2/0.2.8/pc/5dd7b4560d0e2d3190e8.svg,,,Kab. Sidoarjo,https://deo.shopeemobile.com/shopee/modules-federation/live/0/shopee__item-card-standard-v2/0.2.8/pc/0614b8f0a8fdde22942d.svg,< 2 Hari,"IPHONE 11 promax 512GB // 256GB // 64GB SECOND RESMI IBOX
Rp
6.799.000
5.0
16 Terjual
< 2 Hari
Kab. Sidoarjo",https://shopee.co.id/IPHONE-11-promax-512GB-256GB-64GB-SECOND-RESMI-IBOX-i.309409025.27077270350?extraParams=%7B%22display_model_id%22%3A159298753440%2C%22model_selection_logic%22%3A3%7D&sp_atk=096986bb-b004-4629-a158-4fce531c6c26&xptdk=096986bb-b004-4629-a158-4fce531c6c26,,,https://deo.shopeemobile.com/shopee/modules-federation/live/0/shopee__item-card-standard-v2/0.2.8/pc/d7099d3fd1dfdaf705ab.svg
https://down-id.img.susercontent.com/file/id-11134207-7rbk9-m9h2i8c21hqpd2,https://down-id.img.susercontent.com/file/id-11134258-8224v-mkvw0cu9r7k1a5,iPhonee 14 Second All Provider & Bea Cukai 128GB 256GB 512GB Bergaransi,https://deo.shopeemobile.com/shopee/modules-federation/live/0/shopee__item-card-standard-v2/0.2.8/pc/e4734dab67ee2f9ebd5a.png,Rp,6.622.000,-12%,https://deo.shopeemobile.com/shopee/modules-federation/live/0/shopee__item-card-standard-v2/0.2.8/pc/76dff349290d20891fc1.svg,https://deo.shopeemobile.com/shopee/modules-federation/live/0/shopee__item-card-standard-v2/0.2.8/pc/d2a1900a0267d45fd0f5.png,Hadiah Gratis,,5.0,4 Terjual,https://deo.shopeemobile.com/shopee/modules-federation/live/0/shopee__item-card-standard-v2/0.2.8/pc/5dd7b4560d0e2d3190e8.svg,,https://deo.shopeemobile.com/shopee/modules-federation/live/0/shopee__item-card-standard-v2/0.2.8/pc/b4d1b8a78b3621dbdf4a.svg,Kab. Sleman,,,"iPhonee 14 Second All Provider & Bea Cukai 128GB 256GB 512GB Bergaransi
Rp
6.622.000
-12%
Hadiah Gratis
5.0
4 Terjual
2-4 Hari
Kab. Sleman",https://shopee.co.id/iPhonee-14-Second-All-Provider-Bea-Cukai-128GB-256GB-512GB-Bergaransi-i.313018280.42050422532?extraParams=%7B%22display_model_id%22%3A243408302119%2C%22model_selection_logic%22%3A3%7D&sp_atk=392a1204-d176-4a03-8a5d-10c3ef77da81&xptdk=392a1204-d176-4a03-8a5d-10c3ef77da81,,,https://deo.shopeemobile.com/shopee/modules-federation/live/0/shopee__item-card-standard-v2/0.2.8/pc/d7099d3fd1dfdaf705ab.svg
https://down-id.img.susercontent.com/file/id-11134207-822wn-mmjrzl2q8utg96,https://down-id.img.susercontent.com/file/id-11134258-7r98w-lyezzaurybot13,iPhone 11 iBox Second Resmi | Garansi 12Bln | IMEI Permanen | Fullset | 128GB | 100% Original,,Rp,4.398.900,-48%,https://deo.shopeemobile.com/shopee/modules-federation/live/0/shopee__item-card-standard-v2/0.2.8/pc/76dff349290d20891fc1.svg,,,,5.0,9 Terjual,https://deo.shopeemobile.com/shopee/modules-federation/live/0/shopee__item-card-standard-v2/0.2.8/pc/5dd7b4560d0e2d3190e8.svg,,,Jakarta Barat,,,"iPhone 11 iBox Second Resmi | Garansi 12Bln | IMEI Permanen | Fullset | 128GB | 100% Original
Rp
4.398.900
-48%
5.0
9 Terjual
2-5 Hari
Jakarta Barat",https://shopee.co.id/iPhone-11-iBox-Second-Resmi-Garansi-12Bln-IMEI-Permanen-Fullset-128GB-100-Original-i.1590580134.44658128518?extraParams=%7B%22display_model_id%22%3A410772550027%2C%22model_selection_logic%22%3A3%7D&sp_atk=24a9acd7-c649-4984-aecb-de74b6b4b211&xptdk=24a9acd7-c649-4984-aecb-de74b6b4b211,,,https://deo.shopeemobile.com/shopee/modules-federation/live/0/shopee__item-card-standard-v2/0.2.8/pc/d7099d3fd1dfdaf705ab.svg
https://down-id.img.susercontent.com/file/sg-11134201-82620-mk79kx8xuzgn1a,https://down-id.img.susercontent.com/file/id-11134258-7r98w-lyezzaurybot13,iPhone 11 128gb Second Original Fullset Mulus Like New,,Rp,3.500.000,,https://deo.shopeemobile.com/shopee/modules-federation/live/0/shopee__item-card-standard-v2/0.2.8/pc/38e203dc86172a6c6560.svg,,,,5.0,1 Terjual,https://deo.shopeemobile.com/shopee/modules-federation/live/0/shopee__item-card-standard-v2/0.2.8/pc/5dd7b4560d0e2d3190e8.svg,,,Denpasar,https://deo.shopeemobile.com/shopee/modules-federation/live/0/shopee__item-card-standard-v2/0.2.8/pc/0614b8f0a8fdde22942d.svg,< 2 Hari,"iPhone 11 128gb Second Original Fullset Mulus Like New
Rp
3.500.000
5.0
1 Terjual
< 2 Hari
Denpasar",https://shopee.co.id/iPhone-11-128gb-Second-Original-Fullset-Mulus-Like-New-i.942335660.48305722379?extraParams=%7B%22display_model_id%22%3A445515860092%2C%22model_selection_logic%22%3A3%7D&sp_atk=d2bf9a13-cad4-43de-8acd-35aefd428859&xptdk=d2bf9a13-cad4-43de-8acd-35aefd428859,,,https://deo.shopeemobile.com/shopee/modules-federation/live/0/shopee__item-card-standard-v2/0.2.8/pc/d7099d3fd1dfdaf705ab.svg
https://down-id.img.susercontent.com/file/id-11134207-822wr-mngmozvyc2yo06,https://down-id.img.susercontent.com/file/id-11134258-8224v-mkvw0cu9r7k1a5,iPhone 13 256GB ALL OPERATOR - Second Inter Original Apple,https://deo.shopeemobile.com/shopee/modules-federation/live/0/shopee__item-card-standard-v2/0.2.8/pc/a425c915798471b33e5d.png,Rp,6.500.000,,https://deo.shopeemobile.com/shopee/modules-federation/live/0/shopee__item-card-standard-v2/0.2.8/pc/38e203dc86172a6c6560.svg,,,,5.0,3 Terjual,https://deo.shopeemobile.com/shopee/modules-federation/live/0/shopee__item-card-standard-v2/0.2.8/pc/5dd7b4560d0e2d3190e8.svg,,,Kab. Badung,https://deo.shopeemobile.com/shopee/modules-federation/live/0/shopee__item-card-standard-v2/0.2.8/pc/0614b8f0a8fdde22942d.svg,< 2 Hari,"iPhone 13 256GB ALL OPERATOR - Second Inter Original Apple
Rp
6.500.000
5.0
3 Terjual
< 2 Hari
Kab. Badung",https://shopee.co.id/iPhone-13-256GB-ALL-OPERATOR-Second-Inter-Original-Apple-i.170742776.55505829413?extraParams=%7B%22display_model_id%22%3A420836015315%2C%22model_selection_logic%22%3A3%7D&sp_atk=22f70e70-b8c9-4e3e-9cee-722f104a4337&xptdk=22f70e70-b8c9-4e3e-9cee-722f104a4337,,,https://deo.shopeemobile.com/shopee/modules-federation/live/0/shopee__item-card-standard-v2/0.2.8/pc/d7099d3fd1dfdaf705ab.svg
https://down-id.img.susercontent.com/file/id-11134207-8224s-mkjfocdutm9s6d,https://down-id.img.susercontent.com/file/id-11134258-822wr-mlx5y0tebegw04,Apple iPhone 16 Rom 128GB | Rom 256GB iBox Second Original,https://deo.shopeemobile.com/shopee/modules-federation/live/0/shopee__item-card-standard-v2/0.2.8/pc/e4734dab67ee2f9ebd5a.png,Rp,13.750.999,-13%,https://deo.shopeemobile.com/shopee/modules-federation/live/0/shopee__item-card-standard-v2/0.2.8/pc/38e203dc86172a6c6560.svg,,,,,2 Terjual,https://deo.shopeemobile.com/shopee/modules-federation/live/0/shopee__item-card-standard-v2/0.2.8/pc/5dd7b4560d0e2d3190e8.svg,,,Surabaya,https://deo.shopeemobile.com/shopee/modules-federation/live/0/shopee__item-card-standard-v2/0.2.8/pc/0614b8f0a8fdde22942d.svg,Hari Ini 12:00,"Apple iPhone 16 Rom 128GB | Rom 256GB iBox Second Original
Rp
13.750.999
-13%
2 Terjual
Hari Ini 12:00
Surabaya",https://shopee.co.id/Apple-iPhone-16-Rom-128GB-Rom-256GB-iBox-Second-Original-i.358338280.27894227785?extraParams=%7B%22display_model_id%22%3A325551119535%2C%22model_selection_logic%22%3A3%7D&sp_atk=86104826-66cc-415e-ba0e-780247b8d3f7&xptdk=86104826-66cc-415e-ba0e-780247b8d3f7,,,https://deo.shopeemobile.com/shopee/modules-federation/live/0/shopee__item-card-standard-v2/0.2.8/pc/0614b8f0a8fdde22942d.svg
https://down-id.img.susercontent.com/file/id-11134207-7r98r-lyj974f5h7b953,https://down-id.img.susercontent.com/file/id-11134258-8224v-mkvw0cu9r7k1a5,iPHONE XS MAX 256GB SECOND LIKE NEW BERGARANSI,,Rp,2.890.000,,https://deo.shopeemobile.com/shopee/modules-federation/live/0/shopee__item-card-standard-v2/0.2.8/pc/76dff349290d20891fc1.svg,,,,4.8,30 Terjual,https://deo.shopeemobile.com/shopee/modules-federation/live/0/shopee__item-card-standard-v2/0.2.8/pc/5dd7b4560d0e2d3190e8.svg,,,Semarang,,,"iPHONE XS MAX 256GB SECOND LIKE NEW BERGARANSI
Rp
2.890.000
4.8
30 Terjual
2-3 Hari
Semarang",https://shopee.co.id/iPHONE-XS-MAX-256GB-SECOND-LIKE-NEW-BERGARANSI-i.1320343086.26557007657?extraParams=%7B%22display_model_id%22%3A241319042333%2C%22model_selection_logic%22%3A3%7D&sp_atk=aa386969-24bf-4629-a000-8536db6b31d7&xptdk=aa386969-24bf-4629-a000-8536db6b31d7,,,https://deo.shopeemobile.com/shopee/modules-federation/live/0/shopee__item-card-standard-v2/0.2.8/pc/d7099d3fd1dfdaf705ab.svg
https://down-id.img.susercontent.com/file/id-11134207-8224y-mgk3ee6109ajc4,https://down-id.img.susercontent.com/file/id-11134258-7r98w-lyezzaurybot13,iPhone XS MAX 512GB Second istimewa fullset.,,Rp,3.999.000,,https://deo.shopeemobile.com/shopee/modules-federation/live/0/shopee__item-card-standard-v2/0.2.8/pc/76dff349290d20891fc1.svg,,,,,5-9 Hari,https://deo.shopeemobile.com/shopee/modules-federation/live/0/shopee__item-card-standard-v2/0.2.8/pc/5dd7b4560d0e2d3190e8.svg,,,Palembang,,,"iPhone XS MAX 512GB Second istimewa fullset.
Rp
3.999.000
5-9 Hari
Palembang",https://shopee.co.id/iPhone-XS-MAX-512GB-Second-istimewa-fullset.-i.43891827.28467586427?extraParams=%7B%22display_model_id%22%3A185555104066%2C%22model_selection_logic%22%3A3%7D&sp_atk=de0b68dc-e4c8-46d0-a041-9d4d18129a37&xptdk=de0b68dc-e4c8-46d0-a041-9d4d18129a37,,,
https://down-id.img.susercontent.com/file/id-11134207-7ra0i-mcj5dz8fnw9j30,https://down-id.img.susercontent.com/file/id-11134258-8224v-mkvw0cu9r7k1a5,Second iPhone 15 Pro 128gb 256gb Fullset No Minus Resmi iBox,https://deo.shopeemobile.com/shopee/modules-federation/live/0/shopee__item-card-standard-v2/0.2.8/pc/a425c915798471b33e5d.png,Rp,11.350.000,,https://deo.shopeemobile.com/shopee/modules-federation/live/0/shopee__item-card-standard-v2/0.2.8/pc/38e203dc86172a6c6560.svg,,,,5.0,6 Terjual,https://deo.shopeemobile.com/shopee/modules-federation/live/0/shopee__item-card-standard-v2/0.2.8/pc/5dd7b4560d0e2d3190e8.svg,,,Medan,https://deo.shopeemobile.com/shopee/modules-federation/live/0/shopee__item-card-standard-v2/0.2.8/pc/0614b8f0a8fdde22942d.svg,< 2 Hari,"Second iPhone 15 Pro 128gb 256gb Fullset No Minus Resmi iBox
Rp
11.350.000
5.0
6 Terjual
< 2 Hari
Medan",https://shopee.co.id/Second-iPhone-15-Pro-128gb-256gb-Fullset-No-Minus-Resmi-iBox-i.765446301.40509645903?extraParams=%7B%22display_model_id%22%3A285807451762%2C%22model_selection_logic%22%3A3%7D&sp_atk=f6adbe85-cf14-448a-97b4-a8ab64136094&xptdk=f6adbe85-cf14-448a-97b4-a8ab64136094,,,https://deo.shopeemobile.com/shopee/modules-federation/live/0/shopee__item-card-standard-v2/0.2.8/pc/d7099d3fd1dfdaf705ab.svg
https://down-id.img.susercontent.com/file/id-11134207-23020-o67v7koeo5mvce,https://down-id.img.susercontent.com/file/id-11134258-7r98w-lyezzaurybot13,iPhone 8 64/256 GB Fullset Second Original Like New,,Rp,1.799.999,,https://deo.shopeemobile.com/shopee/modules-federation/live/0/shopee__item-card-standard-v2/0.2.8/pc/38e203dc86172a6c6560.svg,,,,5.0,5 Terjual,https://deo.shopeemobile.com/shopee/modules-federation/live/0/shopee__item-card-standard-v2/0.2.8/pc/5dd7b4560d0e2d3190e8.svg,,,Malang,https://deo.shopeemobile.com/shopee/modules-federation/live/0/shopee__item-card-standard-v2/0.2.8/pc/0614b8f0a8fdde22942d.svg,< 2 Hari,"iPhone 8 64/256 GB Fullset Second Original Like New
Rp
1.799.999
5.0
5 Terjual
< 2 Hari
Malang",https://shopee.co.id/iPhone-8-64-256-GB-Fullset-Second-Original-Like-New-i.113265257.23721849070?extraParams=%7B%22display_model_id%22%3A282127073415%2C%22model_selection_logic%22%3A3%7D&sp_atk=9653c867-8e1e-441b-af96-4b794fe95074&xptdk=9653c867-8e1e-441b-af96-4b794fe95074,,,https://deo.shopeemobile.com/shopee/modules-federation/live/0/shopee__item-card-standard-v2/0.2.8/pc/d7099d3fd1dfdaf705ab.svg
https://down-id.img.susercontent.com/file/id-11134207-822ws-mlnbgmlzv4lk4c,https://down-id.img.susercontent.com/file/id-11134258-8224v-mkvw0cu9r7k1a5,iphone 15 128 alloperator second like new,,Rp,8.450.000,,https://deo.shopeemobile.com/shopee/modules-federation/live/0/shopee__item-card-standard-v2/0.2.8/pc/38e203dc86172a6c6560.svg,,,https://deo.shopeemobile.com/shopee/modules-federation/live/0/shopee__item-card-standard-v2/0.2.8/pc/0614b8f0a8fdde22942d.svg,,< 2 Hari,https://deo.shopeemobile.com/shopee/modules-federation/live/0/shopee__item-card-standard-v2/0.2.8/pc/5dd7b4560d0e2d3190e8.svg,,,Surakarta (Solo),https://deo.shopeemobile.com/shopee/modules-federation/live/0/shopee__item-card-standard-v2/0.2.8/pc/0614b8f0a8fdde22942d.svg,< 2 Hari,"iphone 15 128 alloperator second like new
Rp
8.450.000
< 2 Hari
Surakarta (Solo)",https://shopee.co.id/iphone-15-128-alloperator-second-like-new-i.262263769.48106763781?extraParams=%7B%22display_model_id%22%3A259176187870%2C%22model_selection_logic%22%3A3%7D&sp_atk=c17d3d9b-6b2c-4195-aa60-6487e0e53036&xptdk=c17d3d9b-6b2c-4195-aa60-6487e0e53036,,,
https://down-id.img.susercontent.com/file/id-11134207-8224s-mkjfocdutm9s6d,https://down-id.img.susercontent.com/file/id-11134258-822wr-mlx5y0tebegw04,Apple iPhone 16 Rom 128GB | Rom 256GB iBox Second Original,https://deo.shopeemobile.com/shopee/modules-federation/live/0/shopee__item-card-standard-v2/0.2.8/pc/e4734dab67ee2f9ebd5a.png,Rp,13.750.999,-13%,https://deo.shopeemobile.com/shopee/modules-federation/live/0/shopee__item-card-standard-v2/0.2.8/pc/38e203dc86172a6c6560.svg,,,https://deo.shopeemobile.com/shopee/modules-federation/live/0/shopee__item-card-standard-v2/0.2.8/pc/0614b8f0a8fdde22942d.svg,,2 Terjual,https://deo.shopeemobile.com/shopee/modules-federation/live/0/shopee__item-card-standard-v2/0.2.8/pc/5dd7b4560d0e2d3190e8.svg,,,Surabaya,https://deo.shopeemobile.com/shopee/modules-federation/live/0/shopee__item-card-standard-v2/0.2.8/pc/0614b8f0a8fdde22942d.svg,Hari Ini 12:00,"Apple iPhone 16 Rom 128GB | Rom 256GB iBox Second Original
Rp
13.750.999
-13%
2 Terjual
Hari Ini 12:00
Surabaya",https://shopee.co.id/Apple-iPhone-16-Rom-128GB-Rom-256GB-iBox-Second-Original-i.358338280.27894227785?extraParams=%7B%22display_model_id%22%3A325551119535%2C%22model_selection_logic%22%3A3%7D&sp_atk=c08e1ff7-e809-4a2b-99e3-0e4eabd44df3&xptdk=c08e1ff7-e809-4a2b-99e3-0e4eabd44df3,,,
https://down-id.img.susercontent.com/file/id-11134207-822wl-mn2j9ba5g7pd51,https://down-id.img.susercontent.com/file/id-11134258-7r98w-lyezzaurybot13,Iphone 16 Pro Max 256gb Second Bergaransi,,Rp,17.500.000,,https://deo.shopeemobile.com/shopee/modules-federation/live/0/shopee__item-card-standard-v2/0.2.8/pc/76dff349290d20891fc1.svg,,,,,3-6 Hari,https://deo.shopeemobile.com/shopee/modules-federation/live/0/shopee__item-card-standard-v2/0.2.8/pc/5dd7b4560d0e2d3190e8.svg,,,Jakarta Timur,,,"Iphone 16 Pro Max 256gb Second Bergaransi
Rp
17.500.000
3-6 Hari
Jakarta Timur",https://shopee.co.id/Iphone-16-Pro-Max-256gb-Second-Bergaransi-i.1566042749.54458875307?extraParams=%7B%22display_model_id%22%3A325787144240%2C%22model_selection_logic%22%3A3%7D&sp_atk=b941f9fe-206c-42e0-9469-1d61375b2186&xptdk=b941f9fe-206c-42e0-9469-1d61375b2186,,,
https://down-id.img.susercontent.com/file/id-11134207-81zte-mewhmptomuiraa,https://down-id.img.susercontent.com/file/id-11134258-8224v-mkvw0cu9r7k1a5,Second resmi iPhone 14 PRO platinum gadget,https://deo.shopeemobile.com/shopee/modules-federation/live/0/shopee__item-card-standard-v2/0.2.8/pc/a425c915798471b33e5d.png,Rp,12.390.000,,https://deo.shopeemobile.com/shopee/modules-federation/live/0/shopee__item-card-standard-v2/0.2.8/pc/38e203dc86172a6c6560.svg,,,https://deo.shopeemobile.com/shopee/modules-federation/live/0/shopee__item-card-standard-v2/0.2.8/pc/0614b8f0a8fdde22942d.svg,,< 2 Hari,https://deo.shopeemobile.com/shopee/modules-federation/live/0/shopee__item-card-standard-v2/0.2.8/pc/5dd7b4560d0e2d3190e8.svg,,,Malang,https://deo.shopeemobile.com/shopee/modules-federation/live/0/shopee__item-card-standard-v2/0.2.8/pc/0614b8f0a8fdde22942d.svg,< 2 Hari,"Second resmi iPhone 14 PRO platinum gadget
Rp
12.390.000
< 2 Hari
Malang",https://shopee.co.id/Second-resmi-iPhone-14-PRO-platinum-gadget-i.331191248.42670398207?extraParams=%7B%22display_model_id%22%3A405501987286%2C%22model_selection_logic%22%3A3%7D&sp_atk=41d35860-55b8-4ccf-867e-df76bb18b7bc&xptdk=41d35860-55b8-4ccf-867e-df76bb18b7bc,,,
https://down-id.img.susercontent.com/file/id-11134207-822wq-mm1kgi1jbojka3,,IPhone 14 Pro 128G 256G SECOND Ibox Fullset Mulus / Jaminan kualitas / BERGARANSI,https://deo.shopeemobile.com/shopee/modules-federation/live/0/shopee__item-card-standard-v2/0.2.8/pc/a425c915798471b33e5d.png,Rp,8.500.000,-50%,,https://deo.shopeemobile.com/shopee/modules-federation/live/0/shopee__item-card-standard-v2/0.2.8/pc/d2a1900a0267d45fd0f5.png,,,,,https://deo.shopeemobile.com/shopee/modules-federation/live/0/shopee__item-card-standard-v2/0.2.8/pc/5dd7b4560d0e2d3190e8.svg,,,Jakarta Utara,,,"IPhone 14 Pro 128G 256G SECOND Ibox Fullset Mulus / Jaminan kualitas / BERGARANSI
Rp
8.500.000
-50%
Jakarta Utara",https://shopee.co.id/IPhone-14-Pro-128G-256G-SECOND-Ibox-Fullset-Mulus-Jaminan-kualitas-BERGARANSI-i.1761137412.45507474140?extraParams=%7B%22display_model_id%22%3A330663514795%2C%22model_selection_logic%22%3A3%7D&sp_atk=b0142ffa-ac44-4c60-82af-25a079cfcbb0&xptdk=b0142ffa-ac44-4c60-82af-25a079cfcbb0,,,
https://down-id.img.susercontent.com/file/id-11134207-822wn-mmrcz9b4sb9f5e,https://down-id.img.susercontent.com/file/id-11134258-822wr-mlx67rtd6r602f,Iphone 15 128GB Ibox Second Bekas Pakai - Pink,https://deo.shopeemobile.com/shopee/modules-federation/live/0/shopee__item-card-standard-v2/0.2.8/pc/e4734dab67ee2f9ebd5a.png,Rp,11.200.000,,https://deo.shopeemobile.com/shopee/modules-federation/live/0/shopee__item-card-standard-v2/0.2.8/pc/38e203dc86172a6c6560.svg,,,https://deo.shopeemobile.com/shopee/modules-federation/live/0/shopee__item-card-standard-v2/0.2.8/pc/d7099d3fd1dfdaf705ab.svg,,2 Terjual,https://deo.shopeemobile.com/shopee/modules-federation/live/0/shopee__item-card-standard-v2/0.2.8/pc/5dd7b4560d0e2d3190e8.svg,,,Surakarta (Solo),https://deo.shopeemobile.com/shopee/modules-federation/live/0/shopee__item-card-standard-v2/0.2.8/pc/0614b8f0a8fdde22942d.svg,< 2 Hari,"Iphone 15 128GB Ibox Second Bekas Pakai - Pink
Rp
11.200.000
5.0
2 Terjual
< 2 Hari
Surakarta (Solo)",https://shopee.co.id/Iphone-15-128GB-Ibox-Second-Bekas-Pakai-Pink-i.1452967692.40126989480?extraParams=%7B%22display_model_id%22%3A325249531372%2C%22model_selection_logic%22%3A3%7D&sp_atk=88944e18-a722-4389-bda6-c9e52534a43a&xptdk=88944e18-a722-4389-bda6-c9e52534a43a,,5.0,
https://down-id.img.susercontent.com/file/id-11134207-8224z-mgrl2xalm9sa9a,https://down-id.img.susercontent.com/file/id-11134258-7r98w-lyezzaurybot13,iPhone 16 128 / 256 GB Fullset Second Resmi New Original,,Rp,13.399.000,,https://deo.shopeemobile.com/shopee/modules-federation/live/0/shopee__item-card-standard-v2/0.2.8/pc/38e203dc86172a6c6560.svg,,,https://deo.shopeemobile.com/shopee/modules-federation/live/0/shopee__item-card-standard-v2/0.2.8/pc/d7099d3fd1dfdaf705ab.svg,,2 Terjual,https://deo.shopeemobile.com/shopee/modules-federation/live/0/shopee__item-card-standard-v2/0.2.8/pc/5dd7b4560d0e2d3190e8.svg,,,Malang,https://deo.shopeemobile.com/shopee/modules-federation/live/0/shopee__item-card-standard-v2/0.2.8/pc/0614b8f0a8fdde22942d.svg,< 2 Hari,"iPhone 16 128 / 256 GB Fullset Second Resmi New Original
Rp
13.399.000
5.0
2 Terjual
< 2 Hari
Malang",https://shopee.co.id/iPhone-16-128-256-GB-Fullset-Second-Resmi-New-Original-i.113265257.19363825847?extraParams=%7B%22display_model_id%22%3A320077467923%2C%22model_selection_logic%22%3A3%7D&sp_atk=2abda3eb-97aa-446f-9a4e-7ce068455cd5&xptdk=2abda3eb-97aa-446f-9a4e-7ce068455cd5,,5.0,
https://down-id.img.susercontent.com/file/id-11134207-822wr-mngmozvyc2yo06,https://down-id.img.susercontent.com/file/id-11134258-8224v-mkvw0cu9r7k1a5,iPhone 13 256GB ALL OPERATOR - Second Inter Original Apple,https://deo.shopeemobile.com/shopee/modules-federation/live/0/shopee__item-card-standard-v2/0.2.8/pc/a425c915798471b33e5d.png,Rp,6.500.000,,https://deo.shopeemobile.com/shopee/modules-federation/live/0/shopee__item-card-standard-v2/0.2.8/pc/38e203dc86172a6c6560.svg,,,https://deo.shopeemobile.com/shopee/modules-federation/live/0/shopee__item-card-standard-v2/0.2.8/pc/d7099d3fd1dfdaf705ab.svg,,3 Terjual,https://deo.shopeemobile.com/shopee/modules-federation/live/0/shopee__item-card-standard-v2/0.2.8/pc/5dd7b4560d0e2d3190e8.svg,,,Kab. Badung,https://deo.shopeemobile.com/shopee/modules-federation/live/0/shopee__item-card-standard-v2/0.2.8/pc/0614b8f0a8fdde22942d.svg,< 2 Hari,"iPhone 13 256GB ALL OPERATOR - Second Inter Original Apple
Rp
6.500.000
5.0
3 Terjual
< 2 Hari
Kab. Badung",https://shopee.co.id/iPhone-13-256GB-ALL-OPERATOR-Second-Inter-Original-Apple-i.170742776.55505829413?extraParams=%7B%22display_model_id%22%3A420836015315%2C%22model_selection_logic%22%3A3%7D&sp_atk=635380ae-fe58-40fc-939a-a84bd1595ab5&xptdk=635380ae-fe58-40fc-939a-a84bd1595ab5,,5.0,
https://down-id.img.susercontent.com/file/id-11134207-7rbk2-m9l9q29m9kh95b,https://down-id.img.susercontent.com/file/id-11134258-8224v-mkvw0cu9r7k1a5,iPhonee 13 Second All Provider & Bea Cukai 128GB 256GB 512GB Bergaransi,https://deo.shopeemobile.com/shopee/modules-federation/live/0/shopee__item-card-standard-v2/0.2.8/pc/e4734dab67ee2f9ebd5a.png,Rp,5.880.000,-7%,https://deo.shopeemobile.com/shopee/modules-federation/live/0/shopee__item-card-standard-v2/0.2.8/pc/76dff349290d20891fc1.svg,https://deo.shopeemobile.com/shopee/modules-federation/live/0/shopee__item-card-standard-v2/0.2.8/pc/d2a1900a0267d45fd0f5.png,Hadiah Gratis,https://deo.shopeemobile.com/shopee/modules-federation/live/0/shopee__item-card-standard-v2/0.2.8/pc/d7099d3fd1dfdaf705ab.svg,,54 Terjual,https://deo.shopeemobile.com/shopee/modules-federation/live/0/shopee__item-card-standard-v2/0.2.8/pc/5dd7b4560d0e2d3190e8.svg,,https://deo.shopeemobile.com/shopee/modules-federation/live/0/shopee__item-card-standard-v2/0.2.8/pc/b4d1b8a78b3621dbdf4a.svg,Kab. Sleman,,,"iPhonee 13 Second All Provider & Bea Cukai 128GB 256GB 512GB Bergaransi
Rp
5.880.000
-7%
Hadiah Gratis
4.9
54 Terjual
2-4 Hari
Kab. Sleman",https://shopee.co.id/iPhonee-13-Second-All-Provider-Bea-Cukai-128GB-256GB-512GB-Bergaransi-i.313018280.40100425314?extraParams=%7B%22display_model_id%22%3A305032471792%2C%22model_selection_logic%22%3A3%7D&sp_atk=290e9e20-6912-4250-81a9-f51cf554e1fe&xptdk=290e9e20-6912-4250-81a9-f51cf554e1fe,,4.9,
https://down-id.img.susercontent.com/file/id-11134207-8224p-mkxikmsimznm66,https://down-id.img.susercontent.com/file/id-11134258-8224v-mkvw0cu9r7k1a5,iPhone 17 256GB Inter All Operator Sage Second,,Rp,15.998.000,,https://deo.shopeemobile.com/shopee/modules-federation/live/0/shopee__item-card-standard-v2/0.2.8/pc/38e203dc86172a6c6560.svg,,,https://deo.shopeemobile.com/shopee/modules-federation/live/0/shopee__item-card-standard-v2/0.2.8/pc/0614b8f0a8fdde22942d.svg,,< 2 Hari,https://deo.shopeemobile.com/shopee/modules-federation/live/0/shopee__item-card-standard-v2/0.2.8/pc/5dd7b4560d0e2d3190e8.svg,,,Bogor,https://deo.shopeemobile.com/shopee/modules-federation/live/0/shopee__item-card-standard-v2/0.2.8/pc/0614b8f0a8fdde22942d.svg,< 2 Hari,"iPhone 17 256GB Inter All Operator Sage Second
Rp
15.998.000
< 2 Hari
Bogor",https://shopee.co.id/iPhone-17-256GB-Inter-All-Operator-Sage-Second-i.325457930.55406292739?extraParams=%7B%22display_model_id%22%3A177383049969%2C%22model_selection_logic%22%3A3%7D&sp_atk=5e95369c-1235-4671-b387-c57677336636&xptdk=5e95369c-1235-4671-b387-c57677336636,,,
https://down-id.img.susercontent.com/file/id-11134207-822wj-mlz1jq3yzkeg25,https://down-id.img.susercontent.com/file/id-11134258-8224v-mkvw0cu9r7k1a5,"Second , iPhone 16 Plus , 256GB , Pink , MXY13ID/A",,Rp,15.499.000,,https://deo.shopeemobile.com/shopee/modules-federation/live/0/shopee__item-card-standard-v2/0.2.8/pc/38e203dc86172a6c6560.svg,,Produk Baru,https://deo.shopeemobile.com/shopee/modules-federation/live/0/shopee__item-card-standard-v2/0.2.8/pc/0614b8f0a8fdde22942d.svg,,Hari Ini 12:00,https://deo.shopeemobile.com/shopee/modules-federation/live/0/shopee__item-card-standard-v2/0.2.8/pc/5dd7b4560d0e2d3190e8.svg,,,Surabaya,https://deo.shopeemobile.com/shopee/modules-federation/live/0/shopee__item-card-standard-v2/0.2.8/pc/0614b8f0a8fdde22942d.svg,Hari Ini 12:00,"Second , iPhone 16 Plus , 256GB , Pink , MXY13ID/A
Rp
15.499.000
Produk Baru
Hari Ini 12:00
Surabaya",https://shopee.co.id/Second-iPhone-16-Plus-256GB-Pink-MXY13ID-A-i.239661779.54153046825?extraParams=%7B%22display_model_id%22%3A425293801651%2C%22model_selection_logic%22%3A3%7D&sp_atk=1bb94d3d-b0f3-467f-a49a-abe49b40c117&xptdk=1bb94d3d-b0f3-467f-a49a-abe49b40c117,,,
https://down-id.img.susercontent.com/file/id-11134207-7qula-lfh9epr054um71,https://down-id.img.susercontent.com/file/id-11134258-8224v-mkvw0cu9r7k1a5,iPhone XR 64GB / 128 GB / 256 GB Second Fullset Original Mulus / Like new,,Rp,3.390.000,,https://deo.shopeemobile.com/shopee/modules-federation/live/0/shopee__item-card-standard-v2/0.2.8/pc/76dff349290d20891fc1.svg,https://deo.shopeemobile.com/shopee/modules-federation/live/0/shopee__item-card-standard-v2/0.2.8/pc/d2a1900a0267d45fd0f5.png,,https://deo.shopeemobile.com/shopee/modules-federation/live/0/shopee__item-card-standard-v2/0.2.8/pc/d7099d3fd1dfdaf705ab.svg,,10RB+ Terjual,https://deo.shopeemobile.com/shopee/modules-federation/live/0/shopee__item-card-standard-v2/0.2.8/pc/5dd7b4560d0e2d3190e8.svg,,,Jakarta Pusat,,,"iPhone XR 64GB / 128 GB / 256 GB Second Fullset Original Mulus / Like new
Rp
3.390.000
5.0
10RB+ Terjual
4-6 Hari
Jakarta Pusat",https://shopee.co.id/iPhone-XR-64GB-128-GB-256-GB-Second-Fullset-Original-Mulus-Like-new-i.50200636.20639246773?extraParams=%7B%22display_model_id%22%3A194195941706%2C%22model_selection_logic%22%3A3%7D&sp_atk=c236e78f-5f6a-4267-8582-e5557a9abb3a&xptdk=c236e78f-5f6a-4267-8582-e5557a9abb3a,,5.0,
https://down-id.img.susercontent.com/file/sg-11134201-82620-mk79kx8xuzgn1a,https://down-id.img.susercontent.com/file/id-11134258-7r98w-lyezzaurybot13,iPhone 11 128gb Second Original Fullset Mulus Like New,,Rp,3.500.000,,https://deo.shopeemobile.com/shopee/modules-federation/live/0/shopee__item-card-standard-v2/0.2.8/pc/38e203dc86172a6c6560.svg,,,https://deo.shopeemobile.com/shopee/modules-federation/live/0/shopee__item-card-standard-v2/0.2.8/pc/d7099d3fd1dfdaf705ab.svg,,1 Terjual,https://deo.shopeemobile.com/shopee/modules-federation/live/0/shopee__item-card-standard-v2/0.2.8/pc/5dd7b4560d0e2d3190e8.svg,,,Denpasar,https://deo.shopeemobile.com/shopee/modules-federation/live/0/shopee__item-card-standard-v2/0.2.8/pc/0614b8f0a8fdde22942d.svg,< 2 Hari,"iPhone 11 128gb Second Original Fullset Mulus Like New
Rp
3.500.000
5.0
1 Terjual
< 2 Hari
Denpasar",https://shopee.co.id/iPhone-11-128gb-Second-Original-Fullset-Mulus-Like-New-i.942335660.48305722379?extraParams=%7B%22display_model_id%22%3A445515860092%2C%22model_selection_logic%22%3A3%7D&sp_atk=f542c759-305e-4ca8-9fee-49ce75a7e7a6&xptdk=f542c759-305e-4ca8-9fee-49ce75a7e7a6,,5.0,
https://down-id.img.susercontent.com/file/id-11134207-822wu-mlon2asihq0zd9,https://down-id.img.susercontent.com/file/id-11134258-8224v-mkvw0cu9r7k1a5,iphone 16 plus 128gb ibox second warna black,,Rp,13.400.000,,https://deo.shopeemobile.com/shopee/modules-federation/live/0/shopee__item-card-standard-v2/0.2.8/pc/38e203dc86172a6c6560.svg,,,https://deo.shopeemobile.com/shopee/modules-federation/live/0/shopee__item-card-standard-v2/0.2.8/pc/0614b8f0a8fdde22942d.svg,,< 2 Hari,https://deo.shopeemobile.com/shopee/modules-federation/live/0/shopee__item-card-standard-v2/0.2.8/pc/5dd7b4560d0e2d3190e8.svg,,,Surakarta (Solo),https://deo.shopeemobile.com/shopee/modules-federation/live/0/shopee__item-card-standard-v2/0.2.8/pc/0614b8f0a8fdde22942d.svg,< 2 Hari,"iphone 16 plus 128gb ibox second warna black
Rp
13.400.000
< 2 Hari
Surakarta (Solo)",https://shopee.co.id/iphone-16-plus-128gb-ibox-second-warna-black-i.370831434.45557069780?extraParams=%7B%22display_model_id%22%3A440629825777%2C%22model_selection_logic%22%3A3%7D&sp_atk=35b817cc-2794-4b14-a34f-b1e67c5f67fd&xptdk=35b817cc-2794-4b14-a34f-b1e67c5f67fd,,,
https://down-id.img.susercontent.com/file/id-11134207-822wn-mmppf4yitcsj1e,https://down-id.img.susercontent.com/file/id-11134258-8224v-mkvw0cu9r7k1a5,iPhone 15 128 GB - Green & Pink - ex i Box - Second,https://deo.shopeemobile.com/shopee/modules-federation/live/0/shopee__item-card-standard-v2/0.2.8/pc/a425c915798471b33e5d.png,Rp,10.000.000,,https://deo.shopeemobile.com/shopee/modules-federation/live/0/shopee__item-card-standard-v2/0.2.8/pc/38e203dc86172a6c6560.svg,,,https://deo.shopeemobile.com/shopee/modules-federation/live/0/shopee__item-card-standard-v2/0.2.8/pc/0614b8f0a8fdde22942d.svg,,1 Terjual,https://deo.shopeemobile.com/shopee/modules-federation/live/0/shopee__item-card-standard-v2/0.2.8/pc/5dd7b4560d0e2d3190e8.svg,,,Jakarta Selatan,https://deo.shopeemobile.com/shopee/modules-federation/live/0/shopee__item-card-standard-v2/0.2.8/pc/0614b8f0a8fdde22942d.svg,< 2 Hari,"iPhone 15 128 GB - Green & Pink - ex i Box - Second
Rp
10.000.000
1 Terjual
< 2 Hari
Jakarta Selatan",https://shopee.co.id/iPhone-15-128-GB-Green-Pink-ex-i-Box-Second-i.31331336.41903466098?extraParams=%7B%22display_model_id%22%3A335735831017%2C%22model_selection_logic%22%3A3%7D&sp_atk=bdc1f457-c3f7-4138-b73f-4f62b618965a&xptdk=bdc1f457-c3f7-4138-b73f-4f62b618965a,,,
https://down-id.img.susercontent.com/file/id-11134207-822wu-mn70yjd3v30obe,,Iphone 14 Plus RAM 128GB SECOND INTER 100% Fullset bergaransi,,Rp,5.500.000,-63%,https://deo.shopeemobile.com/shopee/modules-federation/live/0/shopee__item-card-standard-v2/0.2.8/pc/76dff349290d20891fc1.svg,,,,,3-6 Hari,https://deo.shopeemobile.com/shopee/modules-federation/live/0/shopee__item-card-standard-v2/0.2.8/pc/5dd7b4560d0e2d3190e8.svg,,,Jakarta Barat,,,"Iphone 14 Plus RAM 128GB SECOND INTER 100% Fullset bergaransi
Rp
5.500.000
-63%
3-6 Hari
Jakarta Barat",https://shopee.co.id/Iphone-14-Plus-RAM-128GB-SECOND-INTER-100-Fullset-bergaransi-i.1785473862.46459082057?extraParams=%7B%22display_model_id%22%3A188825599602%2C%22model_selection_logic%22%3A3%7D&sp_atk=c262a50d-96a1-4ec3-90e8-9db0d9aad6b5&xptdk=c262a50d-96a1-4ec3-90e8-9db0d9aad6b5,,,
https://down-id.img.susercontent.com/file/id-11134207-822wp-mm1agxyhrcaq73,,iPhone 11 256GB Pro Max A13 Bionic iBox Digimap Second,,Rp,4.000.000,,https://deo.shopeemobile.com/shopee/modules-federation/live/0/shopee__item-card-standard-v2/0.2.8/pc/76dff349290d20891fc1.svg,,Grosir,,,5-9 Hari,https://deo.shopeemobile.com/shopee/modules-federation/live/0/shopee__item-card-standard-v2/0.2.8/pc/5dd7b4560d0e2d3190e8.svg,,,Kab. Ogan Komering Ilir,,,"iPhone 11 256GB Pro Max A13 Bionic iBox Digimap Second
Rp
4.000.000
Grosir
5-9 Hari
Kab. Ogan Komering Ilir",https://shopee.co.id/iPhone-11-256GB-Pro-Max-A13-Bionic-iBox-Digimap-Second-i.1436959904.56357534327?extraParams=%7B%22display_model_id%22%3A345671166507%2C%22model_selection_logic%22%3A3%7D&sp_atk=d600ec9f-b01f-45f2-b22e-c6ce02bf178f&xptdk=d600ec9f-b01f-45f2-b22e-c6ce02bf178f,,,
https://down-id.img.susercontent.com/file/b09510c0e19d332b6cad58dd49b8f600,https://down-id.img.susercontent.com/file/id-11134258-8224v-mkvw0cu9r7k1a5,Iphone 11 128GB Second Original Kondisi Mulus,https://deo.shopeemobile.com/shopee/modules-federation/live/0/shopee__item-card-standard-v2/0.2.8/pc/a425c915798471b33e5d.png,Rp,4.350.000,,https://deo.shopeemobile.com/shopee/modules-federation/live/0/shopee__item-card-standard-v2/0.2.8/pc/38e203dc86172a6c6560.svg,https://deo.shopeemobile.com/shopee/modules-federation/live/0/shopee__item-card-standard-v2/0.2.8/pc/d2a1900a0267d45fd0f5.png,Cicilan,https://deo.shopeemobile.com/shopee/modules-federation/live/0/shopee__item-card-standard-v2/0.2.8/pc/d7099d3fd1dfdaf705ab.svg,,684 Terjual,https://deo.shopeemobile.com/shopee/modules-federation/live/0/shopee__item-card-standard-v2/0.2.8/pc/5dd7b4560d0e2d3190e8.svg,,,Surabaya,https://deo.shopeemobile.com/shopee/modules-federation/live/0/shopee__item-card-standard-v2/0.2.8/pc/0614b8f0a8fdde22942d.svg,Hari Ini 12:00,"Iphone 11 128GB Second Original Kondisi Mulus
Rp
4.350.000
Cicilan
4.8
684 Terjual
Hari Ini 12:00
Surabaya",https://shopee.co.id/Iphone-11-128GB-Second-Original-Kondisi-Mulus-i.162746231.4537369115?extraParams=%7B%22display_model_id%22%3A87482719803%2C%22model_selection_logic%22%3A3%7D&sp_atk=d11feeb4-0239-4242-ba03-f1316d9b1520&xptdk=d11feeb4-0239-4242-ba03-f1316d9b1520,,4.8,
https://down-id.img.susercontent.com/file/id-11134207-822wu-mmi6zllh2iof40,,IPHONE 14 PROMAX 256GB ALL OPERATOR SECOND,,Rp,9.800.000,,https://deo.shopeemobile.com/shopee/modules-federation/live/0/shopee__item-card-standard-v2/0.2.8/pc/76dff349290d20891fc1.svg,,,,,3-5 Hari,https://deo.shopeemobile.com/shopee/modules-federation/live/0/shopee__item-card-standard-v2/0.2.8/pc/5dd7b4560d0e2d3190e8.svg,,,Kab. Kediri,,,"IPHONE 14 PROMAX 256GB ALL OPERATOR SECOND
Rp
9.800.000
3-5 Hari
Kab. Kediri",https://shopee.co.id/IPHONE-14-PROMAX-256GB-ALL-OPERATOR-SECOND-i.72293108.28694496819?extraParams=%7B%22display_model_id%22%3A390713585601%2C%22model_selection_logic%22%3A3%7D&sp_atk=632cbf86-c06e-4256-b599-ee726fa54009&xptdk=632cbf86-c06e-4256-b599-ee726fa54009,,,
https://down-id.img.susercontent.com/file/id-11134207-81ztg-mf28uf9qvkln12,https://down-id.img.susercontent.com/file/id-11134258-822wp-mlyjp115kz5tc6,iPhone 15 128GB Second Ex Resmi Fullset Original,,Rp,10.279.020,-2%,https://deo.shopeemobile.com/shopee/modules-federation/live/0/shopee__item-card-standard-v2/0.2.8/pc/76dff349290d20891fc1.svg,https://deo.shopeemobile.com/shopee/modules-federation/live/0/shopee__item-card-standard-v2/0.2.8/pc/d2a1900a0267d45fd0f5.png,,https://deo.shopeemobile.com/shopee/modules-federation/live/0/shopee__item-card-standard-v2/0.2.8/pc/d7099d3fd1dfdaf705ab.svg,,74 Terjual,https://deo.shopeemobile.com/shopee/modules-federation/live/0/shopee__item-card-standard-v2/0.2.8/pc/5dd7b4560d0e2d3190e8.svg,,https://deo.shopeemobile.com/shopee/modules-federation/live/0/shopee__item-card-standard-v2/0.2.8/pc/b4d1b8a78b3621dbdf4a.svg,Tangerang Selatan,,,"iPhone 15 128GB Second Ex Resmi Fullset Original
Rp
10.279.020
-2%
5.0
74 Terjual
3-5 Hari
Tangerang Selatan",https://shopee.co.id/iPhone-15-128GB-Second-Ex-Resmi-Fullset-Original-i.188288191.43621297487?extraParams=%7B%22display_model_id%22%3A266739048440%2C%22model_selection_logic%22%3A3%7D&sp_atk=77156f70-c68b-4eb2-9586-c70af0678a8e&xptdk=77156f70-c68b-4eb2-9586-c70af0678a8e,,5.0,
https://down-id.img.susercontent.com/file/id-11134207-7r98r-lyj974f5h7b953,https://down-id.img.susercontent.com/file/id-11134258-8224v-mkvw0cu9r7k1a5,iPHONE XS MAX 256GB SECOND LIKE NEW BERGARANSI,,Rp,2.890.000,,https://deo.shopeemobile.com/shopee/modules-federation/live/0/shopee__item-card-standard-v2/0.2.8/pc/76dff349290d20891fc1.svg,,,https://deo.shopeemobile.com/shopee/modules-federation/live/0/shopee__item-card-standard-v2/0.2.8/pc/d7099d3fd1dfdaf705ab.svg,,30 Terjual,https://deo.shopeemobile.com/shopee/modules-federation/live/0/shopee__item-card-standard-v2/0.2.8/pc/5dd7b4560d0e2d3190e8.svg,,,Semarang,,,"iPHONE XS MAX 256GB SECOND LIKE NEW BERGARANSI
Rp
2.890.000
4.8
30 Terjual
2-3 Hari
Semarang",https://shopee.co.id/iPHONE-XS-MAX-256GB-SECOND-LIKE-NEW-BERGARANSI-i.1320343086.26557007657?extraParams=%7B%22display_model_id%22%3A241319042333%2C%22model_selection_logic%22%3A3%7D&sp_atk=adc42e61-7db4-43a6-b59b-364832c344b3&xptdk=adc42e61-7db4-43a6-b59b-364832c344b3,,4.8,
https://down-id.img.susercontent.com/file/id-11134207-822wm-mm5g2h4i2874e2,,"iPhone 17 256GB,512GB. Second Like New [Garansi Resmi Apple Indonesia]",,Rp,15.600.000,,https://deo.shopeemobile.com/shopee/modules-federation/live/0/shopee__item-card-standard-v2/0.2.8/pc/76dff349290d20891fc1.svg,,,,,3-5 Hari,https://deo.shopeemobile.com/shopee/modules-federation/live/0/shopee__item-card-standard-v2/0.2.8/pc/5dd7b4560d0e2d3190e8.svg,,,Jakarta Selatan,,,"iPhone 17 256GB,512GB. Second Like New [Garansi Resmi Apple Indonesia]
Rp
15.600.000
3-5 Hari
Jakarta Selatan",https://shopee.co.id/iPhone-17-256GB-512GB.-Second-Like-New-Garansi-Resmi-Apple-Indonesia--i.1746926382.56657547308?extraParams=%7B%22display_model_id%22%3A139494506626%2C%22model_selection_logic%22%3A3%7D&sp_atk=44a42d47-c89b-4935-8092-69953fa677e8&xptdk=44a42d47-c89b-4935-8092-69953fa677e8,,,
https://down-id.img.susercontent.com/file/id-11134207-8224w-mh8vns194hsff7,https://down-id.img.susercontent.com/file/id-11134258-822wp-mnaxy73qunep28,iPhone 14 Pro | 14 Pro Max ex iBox Beacukai IMEI Permanen Garansi 12 Bln 100% Original Second Resmi FULLSET BC 128GB 256GB 512GB 1TB,https://deo.shopeemobile.com/shopee/modules-federation/live/0/shopee__item-card-standard-v2/0.2.8/pc/e4734dab67ee2f9ebd5a.png,Rp,13.549.000,-2%,https://deo.shopeemobile.com/shopee/modules-federation/live/0/shopee__item-card-standard-v2/0.2.8/pc/76dff349290d20891fc1.svg,https://deo.shopeemobile.com/shopee/modules-federation/live/0/shopee__item-card-standard-v2/0.2.8/pc/d2a1900a0267d45fd0f5.png,Hadiah Gratis,https://deo.shopeemobile.com/shopee/modules-federation/live/0/shopee__item-card-standard-v2/0.2.8/pc/d7099d3fd1dfdaf705ab.svg,,708 Terjual,https://deo.shopeemobile.com/shopee/modules-federation/live/0/shopee__item-card-standard-v2/0.2.8/pc/5dd7b4560d0e2d3190e8.svg,,https://deo.shopeemobile.com/shopee/modules-federation/live/0/shopee__item-card-standard-v2/0.2.8/pc/b4d1b8a78b3621dbdf4a.svg,Jakarta Selatan,,,"iPhone 14 Pro | 14 Pro Max ex iBox Beacukai IMEI Permanen Garansi 12 Bln 100% Original Second Resmi FULLSET BC 128GB 256GB 512GB 1TB
Rp
13.549.000
-2%
Hadiah Gratis
4.9
708 Terjual
2-4 Hari
Jakarta Selatan",https://shopee.co.id/iPhone-14-Pro-14-Pro-Max-ex-iBox-Beacukai-IMEI-Permanen-Garansi-12-Bln-100-Original-Second-Resmi-FULLSET-BC-128GB-256GB-512GB-1TB-i.1437255344.29277373316?extraParams=%7B%22display_model_id%22%3A237419252314%2C%22model_selection_logic%22%3A3%7D&sp_atk=c7d04720-0c70-4293-960f-377a723112b0&xptdk=c7d04720-0c70-4293-960f-377a723112b0,,4.9,
https://down-id.img.susercontent.com/file/id-11134207-8224r-ml0cx63986it3b,https://down-id.img.susercontent.com/file/id-11134258-7ra0r-mbetcosmf42z25,IPHONE 12 128 128GB SECOND SEKEN BEKAS,https://deo.shopeemobile.com/shopee/modules-federation/live/0/shopee__item-card-standard-v2/0.2.8/pc/a425c915798471b33e5d.png,Rp,5.000.000,,https://deo.shopeemobile.com/shopee/modules-federation/live/0/shopee__item-card-standard-v2/0.2.8/pc/38e203dc86172a6c6560.svg,,,https://deo.shopeemobile.com/shopee/modules-federation/live/0/shopee__item-card-standard-v2/0.2.8/pc/0614b8f0a8fdde22942d.svg,,< 2 Hari,https://deo.shopeemobile.com/shopee/modules-federation/live/0/shopee__item-card-standard-v2/0.2.8/pc/5dd7b4560d0e2d3190e8.svg,,,Bandung,https://deo.shopeemobile.com/shopee/modules-federation/live/0/shopee__item-card-standard-v2/0.2.8/pc/0614b8f0a8fdde22942d.svg,< 2 Hari,"IPHONE 12 128 128GB SECOND SEKEN BEKAS
Rp
5.000.000
< 2 Hari
Bandung",https://shopee.co.id/IPHONE-12-128-128GB-SECOND-SEKEN-BEKAS-i.194040484.41678831680?extraParams=%7B%22display_model_id%22%3A310594315944%2C%22model_selection_logic%22%3A3%7D&sp_atk=ac2d6ea6-a682-4060-a8b8-477dd6b30bec&xptdk=ac2d6ea6-a682-4060-a8b8-477dd6b30bec,,,
https://down-id.img.susercontent.com/file/id-11134207-822wg-mmjxxfzux1ja75,https://down-id.img.susercontent.com/file/id-11134258-8224v-mkvw0cu9r7k1a5,iPhone 16 Pro Max 512GB iBox Second Fullset Ori,,Rp,19.900.000,,https://deo.shopeemobile.com/shopee/modules-federation/live/0/shopee__item-card-standard-v2/0.2.8/pc/38e203dc86172a6c6560.svg,,,https://deo.shopeemobile.com/shopee/modules-federation/live/0/shopee__item-card-standard-v2/0.2.8/pc/d7099d3fd1dfdaf705ab.svg,,2 Terjual,https://deo.shopeemobile.com/shopee/modules-federation/live/0/shopee__item-card-standard-v2/0.2.8/pc/5dd7b4560d0e2d3190e8.svg,,,Surakarta (Solo),https://deo.shopeemobile.com/shopee/modules-federation/live/0/shopee__item-card-standard-v2/0.2.8/pc/0614b8f0a8fdde22942d.svg,< 2 Hari,"iPhone 16 Pro Max 512GB iBox Second Fullset Ori
Rp
19.900.000
5.0
2 Terjual
< 2 Hari
Surakarta (Solo)",https://shopee.co.id/iPhone-16-Pro-Max-512GB-iBox-Second-Fullset-Ori-i.370831434.27542823949?extraParams=%7B%22display_model_id%22%3A306931547330%2C%22model_selection_logic%22%3A3%7D&sp_atk=1dc2c19d-6736-4130-8c5d-66c6b9aacdf5&xptdk=1dc2c19d-6736-4130-8c5d-66c6b9aacdf5,,5.0,
https://down-id.img.susercontent.com/file/id-11134207-822wn-mmrfs0kjy39eeb,https://down-id.img.susercontent.com/file/id-11134258-7r98w-lyezzaurybot13,IPhone 17 256GB Second iBox Fullset,,Rp,15.949.900,,https://deo.shopeemobile.com/shopee/modules-federation/live/0/shopee__item-card-standard-v2/0.2.8/pc/38e203dc86172a6c6560.svg,,,https://deo.shopeemobile.com/shopee/modules-federation/live/0/shopee__item-card-standard-v2/0.2.8/pc/0614b8f0a8fdde22942d.svg,,< 2 Hari,https://deo.shopeemobile.com/shopee/modules-federation/live/0/shopee__item-card-standard-v2/0.2.8/pc/5dd7b4560d0e2d3190e8.svg,,,Bogor,https://deo.shopeemobile.com/shopee/modules-federation/live/0/shopee__item-card-standard-v2/0.2.8/pc/0614b8f0a8fdde22942d.svg,< 2 Hari,"IPhone 17 256GB Second iBox Fullset
Rp
15.949.900
< 2 Hari
Bogor",https://shopee.co.id/IPhone-17-256GB-Second-iBox-Fullset-i.240801064.45658354743?extraParams=%7B%22display_model_id%22%3A365741125011%2C%22model_selection_logic%22%3A3%7D&sp_atk=f68510ce-b749-48b8-beb8-9fbdde790f11&xptdk=f68510ce-b749-48b8-beb8-9fbdde790f11,,,
https://down-id.img.susercontent.com/file/id-11134207-822ws-mndz4z8qbr4882,https://down-id.img.susercontent.com/file/id-11134258-8224v-mkvw0cu9r7k1a5,Hp Second iPhone 16 Pro Max 256GB IBOX Fullset Garansi,https://deo.shopeemobile.com/shopee/modules-federation/live/0/shopee__item-card-standard-v2/0.2.8/pc/a425c915798471b33e5d.png,Rp,18.900.000,,https://deo.shopeemobile.com/shopee/modules-federation/live/0/shopee__item-card-standard-v2/0.2.8/pc/38e203dc86172a6c6560.svg,,,https://deo.shopeemobile.com/shopee/modules-federation/live/0/shopee__item-card-standard-v2/0.2.8/pc/d7099d3fd1dfdaf705ab.svg,,6 Terjual,https://deo.shopeemobile.com/shopee/modules-federation/live/0/shopee__item-card-standard-v2/0.2.8/pc/5dd7b4560d0e2d3190e8.svg,,,Jakarta Pusat,https://deo.shopeemobile.com/shopee/modules-federation/live/0/shopee__item-card-standard-v2/0.2.8/pc/0614b8f0a8fdde22942d.svg,< 2 Hari,"Hp Second iPhone 16 Pro Max 256GB IBOX Fullset Garansi
Rp
18.900.000
5.0
6 Terjual
< 2 Hari
Jakarta Pusat",https://shopee.co.id/Hp-Second-iPhone-16-Pro-Max-256GB-IBOX-Fullset-Garansi-i.150306253.45750525949?extraParams=%7B%22display_model_id%22%3A400127041236%2C%22model_selection_logic%22%3A3%7D&sp_atk=32d434b6-4db4-48a7-95e8-11afb4c05dd7&xptdk=32d434b6-4db4-48a7-95e8-11afb4c05dd7,,5.0,
https://down-id.img.susercontent.com/file/id-11134207-7rbkb-m6jq25zwdld8ef,https://down-id.img.susercontent.com/file/id-11134258-8224v-mkvw0cu9r7k1a5,APPLE IP 15 128 256 IB0X SECOND FULLSET,https://deo.shopeemobile.com/shopee/modules-federation/live/0/shopee__item-card-standard-v2/0.2.8/pc/e4734dab67ee2f9ebd5a.png,Rp,9.999.000,,https://deo.shopeemobile.com/shopee/modules-federation/live/0/shopee__item-card-standard-v2/0.2.8/pc/38e203dc86172a6c6560.svg,,,https://deo.shopeemobile.com/shopee/modules-federation/live/0/shopee__item-card-standard-v2/0.2.8/pc/d7099d3fd1dfdaf705ab.svg,,21 Terjual,https://deo.shopeemobile.com/shopee/modules-federation/live/0/shopee__item-card-standard-v2/0.2.8/pc/5dd7b4560d0e2d3190e8.svg,,,Jakarta Barat,https://deo.shopeemobile.com/shopee/modules-federation/live/0/shopee__item-card-standard-v2/0.2.8/pc/0614b8f0a8fdde22942d.svg,< 2 Hari,"APPLE IP 15 128 256 IB0X SECOND FULLSET
Rp
9.999.000
5.0
21 Terjual
< 2 Hari
Jakarta Barat",https://shopee.co.id/APPLE-IP-15-128-256-IB0X-SECOND-FULLSET-i.203572497.29477091195?extraParams=%7B%22display_model_id%22%3A227407725861%2C%22model_selection_logic%22%3A3%7D&sp_atk=20c59356-bfc1-40d5-8aca-4e4dd471a27b&xptdk=20c59356-bfc1-40d5-8aca-4e4dd471a27b,,5.0,
https://down-id.img.susercontent.com/file/id-11134207-822wl-mmwxl4dcq7eqbd,https://down-id.img.susercontent.com/file/id-11134258-8224v-mkvw0cu9r7k1a5,Hp Second iPhone 16 Pro 128GB IBOX Fullset Garansi,https://deo.shopeemobile.com/shopee/modules-federation/live/0/shopee__item-card-standard-v2/0.2.8/pc/a425c915798471b33e5d.png,Rp,17.000.000,,https://deo.shopeemobile.com/shopee/modules-federation/live/0/shopee__item-card-standard-v2/0.2.8/pc/38e203dc86172a6c6560.svg,,,https://deo.shopeemobile.com/shopee/modules-federation/live/0/shopee__item-card-standard-v2/0.2.8/pc/d7099d3fd1dfdaf705ab.svg,,9 Terjual,https://deo.shopeemobile.com/shopee/modules-federation/live/0/shopee__item-card-standard-v2/0.2.8/pc/5dd7b4560d0e2d3190e8.svg,,,Jakarta Pusat,https://deo.shopeemobile.com/shopee/modules-federation/live/0/shopee__item-card-standard-v2/0.2.8/pc/0614b8f0a8fdde22942d.svg,< 2 Hari,"Hp Second iPhone 16 Pro 128GB IBOX Fullset Garansi
Rp
17.000.000
5.0
9 Terjual
< 2 Hari
Jakarta Pusat",https://shopee.co.id/Hp-Second-iPhone-16-Pro-128GB-IBOX-Fullset-Garansi-i.150306253.41611877323?extraParams=%7B%22display_model_id%22%3A325362202804%2C%22model_selection_logic%22%3A3%7D&sp_atk=6abba5c0-db59-4ea3-b5c1-b350df070987&xptdk=6abba5c0-db59-4ea3-b5c1-b350df070987,,5.0,
https://down-id.img.susercontent.com/file/sg-11134201-8262j-mkahom5kdts879,https://down-id.img.susercontent.com/file/id-11134258-822wp-mnaxy73qunep28,BEACUKAI iPhone 12 Mini | 13 Mini ex iBox IMEI Permanen Garansi 12 Bln 100% Original Second iPhone FULLSET 64GB 128GB 256GB 512GB,https://deo.shopeemobile.com/shopee/modules-federation/live/0/shopee__item-card-standard-v2/0.2.8/pc/e4734dab67ee2f9ebd5a.png,Rp,5.143.970,-1%,https://deo.shopeemobile.com/shopee/modules-federation/live/0/shopee__item-card-standard-v2/0.2.8/pc/76dff349290d20891fc1.svg,,Hadiah Gratis,https://deo.shopeemobile.com/shopee/modules-federation/live/0/shopee__item-card-standard-v2/0.2.8/pc/d7099d3fd1dfdaf705ab.svg,,5 Terjual,https://deo.shopeemobile.com/shopee/modules-federation/live/0/shopee__item-card-standard-v2/0.2.8/pc/5dd7b4560d0e2d3190e8.svg,,https://deo.shopeemobile.com/shopee/modules-federation/live/0/shopee__item-card-standard-v2/0.2.8/pc/b4d1b8a78b3621dbdf4a.svg,Jakarta Selatan,,,"BEACUKAI iPhone 12 Mini | 13 Mini ex iBox IMEI Permanen Garansi 12 Bln 100% Original Second iPhone FULLSET 64GB 128GB 256GB 512GB
Rp
5.143.970
-1%
Hadiah Gratis
5.0
5 Terjual
8-12 Hari
Jakarta Selatan",https://shopee.co.id/BEACUKAI-iPhone-12-Mini-13-Mini-ex-iBox-IMEI-Permanen-Garansi-12-Bln-100-Original-Second-iPhone-FULLSET-64GB-128GB-256GB-512GB-i.1437255344.44805816045?extraParams=%7B%22display_model_id%22%3A370524011896%2C%22model_selection_logic%22%3A3%7D&sp_atk=7f769c60-67b3-4281-b551-a9b812e326df&xptdk=7f769c60-67b3-4281-b551-a9b812e326df,,5.0,
https://down-id.img.susercontent.com/file/id-11134207-8224t-ml1xmu9rb2f909,https://down-id.img.susercontent.com/file/id-11134258-8224v-mkvw0cu9r7k1a5,iPhone 15 256GB iBox Second Fullset Original,,Rp,11.500.000,,https://deo.shopeemobile.com/shopee/modules-federation/live/0/shopee__item-card-standard-v2/0.2.8/pc/38e203dc86172a6c6560.svg,,,https://deo.shopeemobile.com/shopee/modules-federation/live/0/shopee__item-card-standard-v2/0.2.8/pc/0614b8f0a8fdde22942d.svg,,< 2 Hari,https://deo.shopeemobile.com/shopee/modules-federation/live/0/shopee__item-card-standard-v2/0.2.8/pc/5dd7b4560d0e2d3190e8.svg,,,Surakarta (Solo),https://deo.shopeemobile.com/shopee/modules-federation/live/0/shopee__item-card-standard-v2/0.2.8/pc/0614b8f0a8fdde22942d.svg,< 2 Hari,"iPhone 15 256GB iBox Second Fullset Original
Rp
11.500.000
< 2 Hari
Surakarta (Solo)",https://shopee.co.id/iPhone-15-256GB-iBox-Second-Fullset-Original-i.370831434.43368672044?extraParams=%7B%22display_model_id%22%3A266531785557%2C%22model_selection_logic%22%3A3%7D&sp_atk=4374c760-02d2-4623-9ffd-09073781b327&xptdk=4374c760-02d2-4623-9ffd-09073781b327,,,
https://down-id.img.susercontent.com/file/id-11134207-822wh-mngko601iark18,https://down-id.img.susercontent.com/file/id-11134258-8224v-mkvw0cu9r7k1a5,IPHONE 12 PRO MAX 256GB SECOND BEA CUKAI ORIGINAL APPLE,https://deo.shopeemobile.com/shopee/modules-federation/live/0/shopee__item-card-standard-v2/0.2.8/pc/a425c915798471b33e5d.png,Rp,7.500.000,,https://deo.shopeemobile.com/shopee/modules-federation/live/0/shopee__item-card-standard-v2/0.2.8/pc/38e203dc86172a6c6560.svg,,,https://deo.shopeemobile.com/shopee/modules-federation/live/0/shopee__item-card-standard-v2/0.2.8/pc/0614b8f0a8fdde22942d.svg,,< 2 Hari,https://deo.shopeemobile.com/shopee/modules-federation/live/0/shopee__item-card-standard-v2/0.2.8/pc/5dd7b4560d0e2d3190e8.svg,,,Kab. Badung,https://deo.shopeemobile.com/shopee/modules-federation/live/0/shopee__item-card-standard-v2/0.2.8/pc/0614b8f0a8fdde22942d.svg,< 2 Hari,"IPHONE 12 PRO MAX 256GB SECOND BEA CUKAI ORIGINAL APPLE
Rp
7.500.000
< 2 Hari
Kab. Badung",https://shopee.co.id/IPHONE-12-PRO-MAX-256GB-SECOND-BEA-CUKAI-ORIGINAL-APPLE-i.170742776.53056837144?extraParams=%7B%22display_model_id%22%3A400835845891%2C%22model_selection_logic%22%3A3%7D&sp_atk=eb3abbb8-2234-4fc1-b5d3-932a84388e6b&xptdk=eb3abbb8-2234-4fc1-b5d3-932a84388e6b,,,
https://down-id.img.susercontent.com/file/id-11134207-7ra0j-mdbkvte0hj94ab,https://down-id.img.susercontent.com/file/id-11134258-7r98w-lyezzaurybot13,Iphone 14 Pro 512GB Second Fullset Original Bekas Resmi,,Rp,12.700.000,,https://deo.shopeemobile.com/shopee/modules-federation/live/0/shopee__item-card-standard-v2/0.2.8/pc/76dff349290d20891fc1.svg,,,,,4-8 Hari,https://deo.shopeemobile.com/shopee/modules-federation/live/0/shopee__item-card-standard-v2/0.2.8/pc/5dd7b4560d0e2d3190e8.svg,,,Medan,,,"Iphone 14 Pro 512GB Second Fullset Original Bekas Resmi
Rp
12.700.000
4-8 Hari
Medan",https://shopee.co.id/Iphone-14-Pro-512GB-Second-Fullset-Original-Bekas-Resmi-i.63039400.40062434316?extraParams=%7B%22display_model_id%22%3A291037495650%2C%22model_selection_logic%22%3A3%7D&sp_atk=1e7f7a6d-ec9b-44e4-9018-874f229e1ed9&xptdk=1e7f7a6d-ec9b-44e4-9018-874f229e1ed9,,,
https://down-id.img.susercontent.com/file/id-11134207-822wq-mlx2kfbuwk5eda,,Dalam stok iPhone 11pro 64G 128G 256G SECOND 100% Original LIKE NEW  Fullse No Refurbish Ibox‌ Fullset Mulus BERGARANSI,https://deo.shopeemobile.com/shopee/modules-federation/live/0/shopee__item-card-standard-v2/0.2.8/pc/a425c915798471b33e5d.png,Rp,3.600.000,-50%,,https://deo.shopeemobile.com/shopee/modules-federation/live/0/shopee__item-card-standard-v2/0.2.8/pc/d2a1900a0267d45fd0f5.png,,https://deo.shopeemobile.com/shopee/modules-federation/live/0/shopee__item-card-standard-v2/0.2.8/pc/d7099d3fd1dfdaf705ab.svg,,1 Terjual,https://deo.shopeemobile.com/shopee/modules-federation/live/0/shopee__item-card-standard-v2/0.2.8/pc/5dd7b4560d0e2d3190e8.svg,,,Jakarta Utara,,,"Dalam stok iPhone 11pro 64G 128G 256G SECOND 100% Original LIKE NEW Fullse No Refurbish Ibox‌ Fullset Mulus BERGARANSI
Rp
3.600.000
-50%
5.0
1 Terjual
Jakarta Utara",https://shopee.co.id/Dalam-stok-iPhone-11pro-64G-128G-256G-SECOND-100-Original-LIKE-NEW-Fullse-No-Refurbish-Ibox%E2%80%8C-Fullset-Mulus-BERGARANSI-i.1739583428.49957375644?extraParams=%7B%22display_model_id%22%3A400653651624%2C%22model_selection_logic%22%3A3%7D&sp_atk=09a98c5d-84e4-4b06-ad94-5ec13bcd1aa8&xptdk=09a98c5d-84e4-4b06-ad94-5ec13bcd1aa8,,5.0,
https://down-id.img.susercontent.com/file/id-11134207-7r98u-lvzne8qc6qzya8,https://down-id.img.susercontent.com/file/id-11134258-8224v-mkvw0cu9r7k1a5,Second iBox iPhone 15,https://deo.shopeemobile.com/shopee/modules-federation/live/0/shopee__item-card-standard-v2/0.2.8/pc/a425c915798471b33e5d.png,Rp,13.387.500,,https://deo.shopeemobile.com/shopee/modules-federation/live/0/shopee__item-card-standard-v2/0.2.8/pc/38e203dc86172a6c6560.svg,,,https://deo.shopeemobile.com/shopee/modules-federation/live/0/shopee__item-card-standard-v2/0.2.8/pc/d7099d3fd1dfdaf705ab.svg,,5 Terjual,https://deo.shopeemobile.com/shopee/modules-federation/live/0/shopee__item-card-standard-v2/0.2.8/pc/5dd7b4560d0e2d3190e8.svg,,,Malang,https://deo.shopeemobile.com/shopee/modules-federation/live/0/shopee__item-card-standard-v2/0.2.8/pc/0614b8f0a8fdde22942d.svg,< 2 Hari,"Second iBox iPhone 15
Rp
13.387.500
5.0
5 Terjual
< 2 Hari
Malang",https://shopee.co.id/Second-iBox-iPhone-15-i.331191248.26351522124?extraParams=%7B%22display_model_id%22%3A176502027904%2C%22model_selection_logic%22%3A3%7D&sp_atk=f401bd25-1792-489f-b14f-6e4b73c201ea&xptdk=f401bd25-1792-489f-b14f-6e4b73c201ea,,5.0,
https://down-id.img.susercontent.com/file/id-11134207-822wn-mmjrzl2q8utg96,https://down-id.img.susercontent.com/file/id-11134258-7r98w-lyezzaurybot13,iPhone 11 iBox Second Resmi | Garansi 12Bln | IMEI Permanen | Fullset | 128GB | 100% Original,,Rp,4.398.900,-48%,https://deo.shopeemobile.com/shopee/modules-federation/live/0/shopee__item-card-standard-v2/0.2.8/pc/76dff349290d20891fc1.svg,,,https://deo.shopeemobile.com/shopee/modules-federation/live/0/shopee__item-card-standard-v2/0.2.8/pc/d7099d3fd1dfdaf705ab.svg,,9 Terjual,https://deo.shopeemobile.com/shopee/modules-federation/live/0/shopee__item-card-standard-v2/0.2.8/pc/5dd7b4560d0e2d3190e8.svg,,,Jakarta Barat,,,"iPhone 11 iBox Second Resmi | Garansi 12Bln | IMEI Permanen | Fullset | 128GB | 100% Original
Rp
4.398.900
-48%
5.0
9 Terjual
2-5 Hari
Jakarta Barat",https://shopee.co.id/iPhone-11-iBox-Second-Resmi-Garansi-12Bln-IMEI-Permanen-Fullset-128GB-100-Original-i.1590580134.44658128518?extraParams=%7B%22display_model_id%22%3A410772550027%2C%22model_selection_logic%22%3A3%7D&sp_atk=610ae569-f3eb-4f48-8156-0ef0c768ae49&xptdk=610ae569-f3eb-4f48-8156-0ef0c768ae49,,5.0,
https://down-id.img.susercontent.com/file/id-11134207-7rbk9-m9h2i8c21hqpd2,https://down-id.img.susercontent.com/file/id-11134258-8224v-mkvw0cu9r7k1a5,iPhonee 14 Second All Provider & Bea Cukai 128GB 256GB 512GB Bergaransi,https://deo.shopeemobile.com/shopee/modules-federation/live/0/shopee__item-card-standard-v2/0.2.8/pc/e4734dab67ee2f9ebd5a.png,Rp,6.622.000,-12%,https://deo.shopeemobile.com/shopee/modules-federation/live/0/shopee__item-card-standard-v2/0.2.8/pc/76dff349290d20891fc1.svg,https://deo.shopeemobile.com/shopee/modules-federation/live/0/shopee__item-card-standard-v2/0.2.8/pc/d2a1900a0267d45fd0f5.png,Hadiah Gratis,https://deo.shopeemobile.com/shopee/modules-federation/live/0/shopee__item-card-standard-v2/0.2.8/pc/d7099d3fd1dfdaf705ab.svg,,4 Terjual,https://deo.shopeemobile.com/shopee/modules-federation/live/0/shopee__item-card-standard-v2/0.2.8/pc/5dd7b4560d0e2d3190e8.svg,,https://deo.shopeemobile.com/shopee/modules-federation/live/0/shopee__item-card-standard-v2/0.2.8/pc/b4d1b8a78b3621dbdf4a.svg,Kab. Sleman,,,"iPhonee 14 Second All Provider & Bea Cukai 128GB 256GB 512GB Bergaransi
Rp
6.622.000
-12%
Hadiah Gratis
5.0
4 Terjual
2-4 Hari
Kab. Sleman",https://shopee.co.id/iPhonee-14-Second-All-Provider-Bea-Cukai-128GB-256GB-512GB-Bergaransi-i.313018280.42050422532?extraParams=%7B%22display_model_id%22%3A243408302119%2C%22model_selection_logic%22%3A3%7D&sp_atk=908a7c39-1d9f-41d4-a3c2-7c2416d25e9b&xptdk=908a7c39-1d9f-41d4-a3c2-7c2416d25e9b,,5.0,
https://down-id.img.susercontent.com/file/id-11134207-82250-mibho6nepeknd5,https://down-id.img.susercontent.com/file/id-11134258-7r98w-lyezzaurybot13,iPhone 15 Pro Max Second 256GB,,Rp,13.000.000,,https://deo.shopeemobile.com/shopee/modules-federation/live/0/shopee__item-card-standard-v2/0.2.8/pc/38e203dc86172a6c6560.svg,,Produk Baru,https://deo.shopeemobile.com/shopee/modules-federation/live/0/shopee__item-card-standard-v2/0.2.8/pc/0614b8f0a8fdde22942d.svg,,< 2 Hari,https://deo.shopeemobile.com/shopee/modules-federation/live/0/shopee__item-card-standard-v2/0.2.8/pc/5dd7b4560d0e2d3190e8.svg,,,Surabaya,https://deo.shopeemobile.com/shopee/modules-federation/live/0/shopee__item-card-standard-v2/0.2.8/pc/0614b8f0a8fdde22942d.svg,< 2 Hari,"iPhone 15 Pro Max Second 256GB
Rp
13.000.000
Produk Baru
< 2 Hari
Surabaya",https://shopee.co.id/iPhone-15-Pro-Max-Second-256GB-i.73493048.58053176165?extraParams=%7B%22display_model_id%22%3A320305425867%2C%22model_selection_logic%22%3A3%7D&sp_atk=8ebdf0ac-a0f0-4b31-9ecd-8fc204ab21cb&xptdk=8ebdf0ac-a0f0-4b31-9ecd-8fc204ab21cb,,,
https://down-id.img.susercontent.com/file/id-11134207-82252-mkl5l9obkx6t97,https://down-id.img.susercontent.com/file/id-11134258-7r98w-lyezzaurybot13,Apple iPhone 13 Pro 128GB Second iBox Mulus Fullset original murah,,Rp,7.800.000,,https://deo.shopeemobile.com/shopee/modules-federation/live/0/shopee__item-card-standard-v2/0.2.8/pc/38e203dc86172a6c6560.svg,,,https://deo.shopeemobile.com/shopee/modules-federation/live/0/shopee__item-card-standard-v2/0.2.8/pc/0614b8f0a8fdde22942d.svg,,< 2 Hari,https://deo.shopeemobile.com/shopee/modules-federation/live/0/shopee__item-card-standard-v2/0.2.8/pc/5dd7b4560d0e2d3190e8.svg,,,Jakarta Selatan,https://deo.shopeemobile.com/shopee/modules-federation/live/0/shopee__item-card-standard-v2/0.2.8/pc/0614b8f0a8fdde22942d.svg,< 2 Hari,"Apple iPhone 13 Pro 128GB Second iBox Mulus Fullset original murah
Rp
7.800.000
< 2 Hari
Jakarta Selatan",https://shopee.co.id/Apple-iPhone-13-Pro-128GB-Second-iBox-Mulus-Fullset-original-murah-i.1593677387.58006089174?extraParams=%7B%22display_model_id%22%3A415554509147%2C%22model_selection_logic%22%3A3%7D&sp_atk=f54f99d4-3dde-4fc7-b59f-4f08e50431ec&xptdk=f54f99d4-3dde-4fc7-b59f-4f08e50431ec,,,
https://down-id.img.susercontent.com/file/id-11134207-7ra0l-mc96km7tnrh562,https://down-id.img.susercontent.com/file/id-11134258-8224v-mkvw0cu9r7k1a5,iPhone 15 Pro iBox 128GB 256GB 512GB Second Original Fullset Imei Terdaftar,https://deo.shopeemobile.com/shopee/modules-federation/live/0/shopee__item-card-standard-v2/0.2.8/pc/e4734dab67ee2f9ebd5a.png,Rp,14.475.000,-1%,https://deo.shopeemobile.com/shopee/modules-federation/live/0/shopee__item-card-standard-v2/0.2.8/pc/38e203dc86172a6c6560.svg,,,https://deo.shopeemobile.com/shopee/modules-federation/live/0/shopee__item-card-standard-v2/0.2.8/pc/d7099d3fd1dfdaf705ab.svg,,18 Terjual,https://deo.shopeemobile.com/shopee/modules-federation/live/0/shopee__item-card-standard-v2/0.2.8/pc/5dd7b4560d0e2d3190e8.svg,,https://deo.shopeemobile.com/shopee/modules-federation/live/0/shopee__item-card-standard-v2/0.2.8/pc/b4d1b8a78b3621dbdf4a.svg,Tangerang Selatan,https://deo.shopeemobile.com/shopee/modules-federation/live/0/shopee__item-card-standard-v2/0.2.8/pc/0614b8f0a8fdde22942d.svg,< 2 Hari,"iPhone 15 Pro iBox 128GB 256GB 512GB Second Original Fullset Imei Terdaftar
Rp
14.475.000
-1%
5.0
18 Terjual
< 2 Hari
Tangerang Selatan",https://shopee.co.id/iPhone-15-Pro-iBox-128GB-256GB-512GB-Second-Original-Fullset-Imei-Terdaftar-i.961724677.42150437983?extraParams=%7B%22display_model_id%22%3A290034928392%2C%22model_selection_logic%22%3A3%7D&sp_atk=ca7aed15-cf36-44be-bffd-5c1f7ac50b68&xptdk=ca7aed15-cf36-44be-bffd-5c1f7ac50b68,,5.0,
https://down-id.img.susercontent.com/file/id-11134207-822ws-mmag63qir5s35b,,Iphone XR Second 64GB,,Rp,4.000.000,,https://deo.shopeemobile.com/shopee/modules-federation/live/0/shopee__item-card-standard-v2/0.2.8/pc/76dff349290d20891fc1.svg,,,,,3-4 Hari,https://deo.shopeemobile.com/shopee/modules-federation/live/0/shopee__item-card-standard-v2/0.2.8/pc/5dd7b4560d0e2d3190e8.svg,,,Surabaya,,,"Iphone XR Second 64GB
Rp
4.000.000
3-4 Hari
Surabaya",https://shopee.co.id/Iphone-XR-Second-64GB-i.519892148.53757766069?extraParams=%7B%22display_model_id%22%3A330689628593%2C%22model_selection_logic%22%3A3%7D&sp_atk=687fa8b5-ddf0-4b28-bd02-527125c4eeef&xptdk=687fa8b5-ddf0-4b28-bd02-527125c4eeef,,,
https://down-id.img.susercontent.com/file/id-11134207-822wu-mn897lslgkci70,https://down-id.img.susercontent.com/file/id-11134258-8224v-mkvw0cu9r7k1a5,Hp Second iPhone 17 256GB ID/A Fullset Garansi,https://deo.shopeemobile.com/shopee/modules-federation/live/0/shopee__item-card-standard-v2/0.2.8/pc/a425c915798471b33e5d.png,Rp,16.900.000,,https://deo.shopeemobile.com/shopee/modules-federation/live/0/shopee__item-card-standard-v2/0.2.8/pc/38e203dc86172a6c6560.svg,,,https://deo.shopeemobile.com/shopee/modules-federation/live/0/shopee__item-card-standard-v2/0.2.8/pc/d7099d3fd1dfdaf705ab.svg,,1 Terjual,https://deo.shopeemobile.com/shopee/modules-federation/live/0/shopee__item-card-standard-v2/0.2.8/pc/5dd7b4560d0e2d3190e8.svg,,,Jakarta Pusat,https://deo.shopeemobile.com/shopee/modules-federation/live/0/shopee__item-card-standard-v2/0.2.8/pc/0614b8f0a8fdde22942d.svg,< 2 Hari,"Hp Second iPhone 17 256GB ID/A Fullset Garansi
Rp
16.900.000
5.0
1 Terjual
< 2 Hari
Jakarta Pusat",https://shopee.co.id/Hp-Second-iPhone-17-256GB-ID-A-Fullset-Garansi-i.150306253.49456449812?extraParams=%7B%22display_model_id%22%3A315834413285%2C%22model_selection_logic%22%3A3%7D&sp_atk=f19bea82-662a-43d9-99f4-9c129450fe6d&xptdk=f19bea82-662a-43d9-99f4-9c129450fe6d,,5.0,
https://down-id.img.susercontent.com/file/id-11134207-7r98v-lr80ttfukbt9e5,https://down-id.img.susercontent.com/file/id-11134258-8224v-mkvw0cu9r7k1a5,Iphone 6g second 16gb 32gb 64gb,,Rp,621.000,-44%,https://deo.shopeemobile.com/shopee/modules-federation/live/0/shopee__item-card-standard-v2/0.2.8/pc/76dff349290d20891fc1.svg,https://deo.shopeemobile.com/shopee/modules-federation/live/0/shopee__item-card-standard-v2/0.2.8/pc/d2a1900a0267d45fd0f5.png,,https://deo.shopeemobile.com/shopee/modules-federation/live/0/shopee__item-card-standard-v2/0.2.8/pc/d7099d3fd1dfdaf705ab.svg,,65 Terjual,https://deo.shopeemobile.com/shopee/modules-federation/live/0/shopee__item-card-standard-v2/0.2.8/pc/5dd7b4560d0e2d3190e8.svg,,,Kab. Jember,,,"Iphone 6g second 16gb 32gb 64gb
Rp
621.000
-44%
4.4
65 Terjual
4-6 Hari
Kab. Jember",https://shopee.co.id/Iphone-6g-second-16gb-32gb-64gb-i.853258473.24361924748?extraParams=%7B%22display_model_id%22%3A236033491882%2C%22model_selection_logic%22%3A3%7D&sp_atk=6ce95454-8005-45af-af6f-faff144ff31a&xptdk=6ce95454-8005-45af-af6f-faff144ff31a,,4.4,
https://down-id.img.susercontent.com/file/id-11134207-8224x-mkyvluvxfthg8e,https://down-id.img.susercontent.com/file/id-11134258-7r98w-lyezzaurybot13,Iphone 13 128GB Second pemakaian pribadi resmi IBOX,,Rp,7.200.000,,https://deo.shopeemobile.com/shopee/modules-federation/live/0/shopee__item-card-standard-v2/0.2.8/pc/76dff349290d20891fc1.svg,,,,,2-4 Hari,https://deo.shopeemobile.com/shopee/modules-federation/live/0/shopee__item-card-standard-v2/0.2.8/pc/5dd7b4560d0e2d3190e8.svg,,,Kab. Sidoarjo,,,"Iphone 13 128GB Second pemakaian pribadi resmi IBOX
Rp
7.200.000
2-4 Hari
Kab. Sidoarjo",https://shopee.co.id/Iphone-13-128GB-Second-pemakaian-pribadi-resmi-IBOX-i.8539304.47006319462?extraParams=%7B%22display_model_id%22%3A360570497191%2C%22model_selection_logic%22%3A3%7D&sp_atk=742a3305-7aea-4cb3-ba2f-2ff60f3dd527&xptdk=742a3305-7aea-4cb3-ba2f-2ff60f3dd527,,,
https://down-id.img.susercontent.com/file/id-11134207-81zti-mfnyhkdvc8aw2d,https://down-id.img.susercontent.com/file/id-11134258-8224v-mkvw0cu9r7k1a5,iPhone 15 iBox 256GB & 128GB - Second Garansi Resmi,https://deo.shopeemobile.com/shopee/modules-federation/live/0/shopee__item-card-standard-v2/0.2.8/pc/e4734dab67ee2f9ebd5a.png,Rp,9.762.000,,https://deo.shopeemobile.com/shopee/modules-federation/live/0/shopee__item-card-standard-v2/0.2.8/pc/38e203dc86172a6c6560.svg,https://deo.shopeemobile.com/shopee/modules-federation/live/0/shopee__item-card-standard-v2/0.2.8/pc/d2a1900a0267d45fd0f5.png,,https://deo.shopeemobile.com/shopee/modules-federation/live/0/shopee__item-card-standard-v2/0.2.8/pc/d7099d3fd1dfdaf705ab.svg,,54 Terjual,https://deo.shopeemobile.com/shopee/modules-federation/live/0/shopee__item-card-standard-v2/0.2.8/pc/5dd7b4560d0e2d3190e8.svg,,,Bogor,https://deo.shopeemobile.com/shopee/modules-federation/live/0/shopee__item-card-standard-v2/0.2.8/pc/0614b8f0a8fdde22942d.svg,< 2 Hari,"iPhone 15 iBox 256GB & 128GB - Second Garansi Resmi
Rp
9.762.000
5.0
54 Terjual
< 2 Hari
Bogor",https://shopee.co.id/iPhone-15-iBox-256GB-128GB-Second-Garansi-Resmi-i.389328160.43903203323?extraParams=%7B%22display_model_id%22%3A365210779828%2C%22model_selection_logic%22%3A3%7D&sp_atk=d7ec08d1-4cd4-4593-b85e-5b85ae91a8ff&xptdk=d7ec08d1-4cd4-4593-b85e-5b85ae91a8ff,,5.0,
https://down-id.img.susercontent.com/file/id-11134207-81ztg-mee27yq69g5f88,https://down-id.img.susercontent.com/file/id-11134258-8224v-mkvw0cu9r7k1a5,Apple iPhone 14 Pro Max Second 128GB 256GB Fullset Original Garansi Resmi,https://deo.shopeemobile.com/shopee/modules-federation/live/0/shopee__item-card-standard-v2/0.2.8/pc/e4734dab67ee2f9ebd5a.png,Rp,13.157.000,,https://deo.shopeemobile.com/shopee/modules-federation/live/0/shopee__item-card-standard-v2/0.2.8/pc/38e203dc86172a6c6560.svg,,,https://deo.shopeemobile.com/shopee/modules-federation/live/0/shopee__item-card-standard-v2/0.2.8/pc/d7099d3fd1dfdaf705ab.svg,,39 Terjual,https://deo.shopeemobile.com/shopee/modules-federation/live/0/shopee__item-card-standard-v2/0.2.8/pc/5dd7b4560d0e2d3190e8.svg,,,Bandung,https://deo.shopeemobile.com/shopee/modules-federation/live/0/shopee__item-card-standard-v2/0.2.8/pc/0614b8f0a8fdde22942d.svg,< 2 Hari,"Apple iPhone 14 Pro Max Second 128GB 256GB Fullset Original Garansi Resmi
Rp
13.157.000
4.9
39 Terjual
< 2 Hari
Bandung",https://shopee.co.id/Apple-iPhone-14-Pro-Max-Second-128GB-256GB-Fullset-Original-Garansi-Resmi-i.163046751.29034231209?extraParams=%7B%22display_model_id%22%3A287114885630%2C%22model_selection_logic%22%3A3%7D&sp_atk=f19da63d-fb32-4b34-b684-29f8e2a5db85&xptdk=f19da63d-fb32-4b34-b684-29f8e2a5db85,,4.9,
https://down-id.img.susercontent.com/file/id-11134207-7qul8-lfha7cm5lg5x14,https://down-id.img.susercontent.com/file/id-11134258-8224v-mkvw0cu9r7k1a5,iPhone 11 256GB/128GB/64GB SECOND ORIGINAL FULLSET MULUS,,Rp,4.190.000,,https://deo.shopeemobile.com/shopee/modules-federation/live/0/shopee__item-card-standard-v2/0.2.8/pc/76dff349290d20891fc1.svg,https://deo.shopeemobile.com/shopee/modules-federation/live/0/shopee__item-card-standard-v2/0.2.8/pc/d2a1900a0267d45fd0f5.png,,https://deo.shopeemobile.com/shopee/modules-federation/live/0/shopee__item-card-standard-v2/0.2.8/pc/d7099d3fd1dfdaf705ab.svg,,10RB+ Terjual,https://deo.shopeemobile.com/shopee/modules-federation/live/0/shopee__item-card-standard-v2/0.2.8/pc/5dd7b4560d0e2d3190e8.svg,,,Jakarta Pusat,,,"iPhone 11 256GB/128GB/64GB SECOND ORIGINAL FULLSET MULUS
Rp
4.190.000
4.9
10RB+ Terjual
4-6 Hari
Jakarta Pusat",https://shopee.co.id/iPhone-11-256GB-128GB-64GB-SECOND-ORIGINAL-FULLSET-MULUS-i.50200636.21539244162?extraParams=%7B%22display_model_id%22%3A175819878225%2C%22model_selection_logic%22%3A3%7D&sp_atk=62806995-417c-4164-8cea-3bbf4eb42264&xptdk=62806995-417c-4164-8cea-3bbf4eb42264,,4.9,
https://down-id.img.susercontent.com/file/id-11134207-822wq-mm9y3bbqpiip39,https://down-id.img.susercontent.com/file/id-11134258-7r98w-lyezzaurybot13,iphone 16 pro 128 gb second ibox garansi on panjang,,Rp,14.600.000,,https://deo.shopeemobile.com/shopee/modules-federation/live/0/shopee__item-card-standard-v2/0.2.8/pc/76dff349290d20891fc1.svg,,,,,3-5 Hari,https://deo.shopeemobile.com/shopee/modules-federation/live/0/shopee__item-card-standard-v2/0.2.8/pc/5dd7b4560d0e2d3190e8.svg,,,Surakarta (Solo),,,"iphone 16 pro 128 gb second ibox garansi on panjang
Rp
14.600.000
3-5 Hari
Surakarta (Solo)",https://shopee.co.id/iphone-16-pro-128-gb-second-ibox-garansi-on-panjang-i.1634688207.48857749845?extraParams=%7B%22display_model_id%22%3A186374636913%2C%22model_selection_logic%22%3A3%7D&sp_atk=d7774bc1-bc00-4441-aef4-292bb741bc37&xptdk=d7774bc1-bc00-4441-aef4-292bb741bc37,,,
https://down-id.img.susercontent.com/file/id-11134207-8224v-mjwyulx3qygz13,https://down-id.img.susercontent.com/file/id-11134258-7r98w-lyezzaurybot13,iPhone X 256GB/64GB Second iPhone X Second fullset mulus 100% original No Refurbish,,Rp,1.799.000,,https://deo.shopeemobile.com/shopee/modules-federation/live/0/shopee__item-card-standard-v2/0.2.8/pc/76dff349290d20891fc1.svg,,,,,3-7 Hari,https://deo.shopeemobile.com/shopee/modules-federation/live/0/shopee__item-card-standard-v2/0.2.8/pc/5dd7b4560d0e2d3190e8.svg,,,Tasikmalaya,,,"iPhone X 256GB/64GB Second iPhone X Second fullset mulus 100% original No Refurbish
Rp
1.799.000
3-7 Hari
Tasikmalaya",https://shopee.co.id/iPhone-X-256GB-64GB-Second-iPhone-X-Second-fullset-mulus-100-original-No-Refurbish-i.1705209497.50805290847?extraParams=%7B%22display_model_id%22%3A440483763429%2C%22model_selection_logic%22%3A3%7D&sp_atk=f2bf98d7-f0f0-4b8a-a016-6135e0f295c8&xptdk=f2bf98d7-f0f0-4b8a-a016-6135e0f295c8,,,
https://down-id.img.susercontent.com/file/id-11134207-8224q-mkgs5hq79csg42,https://down-id.img.susercontent.com/file/id-11134258-7r98w-lyezzaurybot13,Iphone 15 plus pink second ibox,,Rp,10.700.000,,https://deo.shopeemobile.com/shopee/modules-federation/live/0/shopee__item-card-standard-v2/0.2.8/pc/76dff349290d20891fc1.svg,https://deo.shopeemobile.com/shopee/modules-federation/live/0/shopee__item-card-standard-v2/0.2.8/pc/d2a1900a0267d45fd0f5.png,,,,3-5 Hari,https://deo.shopeemobile.com/shopee/modules-federation/live/0/shopee__item-card-standard-v2/0.2.8/pc/5dd7b4560d0e2d3190e8.svg,,,Kab. Jepara,,,"Iphone 15 plus pink second ibox
Rp
10.700.000
3-5 Hari
Kab. Jepara",https://shopee.co.id/Iphone-15-plus-pink-second-ibox-i.1313451186.57155957373?extraParams=%7B%22display_model_id%22%3A272396126818%2C%22model_selection_logic%22%3A3%7D&sp_atk=908f1689-d14f-4c5c-8f50-f15b3510a464&xptdk=908f1689-d14f-4c5c-8f50-f15b3510a464,,,
https://down-id.img.susercontent.com/file/id-11134207-82250-mh8viyzuxtzi5c,https://down-id.img.susercontent.com/file/id-11134258-822wp-mnaxy73qunep28,iPhone 15 ex iBox Beacukai IMEI Permanen Garansi 12 Bln 100% Original Second Resmi FULLSET BC 128GB 256GB 512GB,https://deo.shopeemobile.com/shopee/modules-federation/live/0/shopee__item-card-standard-v2/0.2.8/pc/e4734dab67ee2f9ebd5a.png,Rp,10.499.000,-28%,https://deo.shopeemobile.com/shopee/modules-federation/live/0/shopee__item-card-standard-v2/0.2.8/pc/76dff349290d20891fc1.svg,https://deo.shopeemobile.com/shopee/modules-federation/live/0/shopee__item-card-standard-v2/0.2.8/pc/d2a1900a0267d45fd0f5.png,Hadiah Gratis,https://deo.shopeemobile.com/shopee/modules-federation/live/0/shopee__item-card-standard-v2/0.2.8/pc/d7099d3fd1dfdaf705ab.svg,,1RB+ Terjual,https://deo.shopeemobile.com/shopee/modules-federation/live/0/shopee__item-card-standard-v2/0.2.8/pc/5dd7b4560d0e2d3190e8.svg,,https://deo.shopeemobile.com/shopee/modules-federation/live/0/shopee__item-card-standard-v2/0.2.8/pc/b4d1b8a78b3621dbdf4a.svg,Jakarta Selatan,,,"iPhone 15 ex iBox Beacukai IMEI Permanen Garansi 12 Bln 100% Original Second Resmi FULLSET BC 128GB 256GB 512GB
Rp
10.499.000
-28%
Hadiah Gratis
5.0
1RB+ Terjual
2-4 Hari
Jakarta Selatan",https://shopee.co.id/iPhone-15-ex-iBox-Beacukai-IMEI-Permanen-Garansi-12-Bln-100-Original-Second-Resmi-FULLSET-BC-128GB-256GB-512GB-i.1437255344.26027463688?extraParams=%7B%22display_model_id%22%3A195817979601%2C%22model_selection_logic%22%3A3%7D&sp_atk=ee2ff7ea-4e93-4e93-bccd-d00e4b3c21b8&xptdk=ee2ff7ea-4e93-4e93-bccd-d00e4b3c21b8,,5.0,
https://down-id.img.susercontent.com/file/id-11134207-822wk-mm42a4679u69c3,https://down-id.img.susercontent.com/file/id-11134258-8224v-mkvw0cu9r7k1a5,Iphone 15promax 256 resmi ibox second,,Rp,16.000.000,,https://deo.shopeemobile.com/shopee/modules-federation/live/0/shopee__item-card-standard-v2/0.2.8/pc/76dff349290d20891fc1.svg,https://deo.shopeemobile.com/shopee/modules-federation/live/0/shopee__item-card-standard-v2/0.2.8/pc/d2a1900a0267d45fd0f5.png,,,,3-5 Hari,https://deo.shopeemobile.com/shopee/modules-federation/live/0/shopee__item-card-standard-v2/0.2.8/pc/5dd7b4560d0e2d3190e8.svg,,,Kab. Bojonegoro,,,"Iphone 15promax 256 resmi ibox second
Rp
16.000.000
3-5 Hari
Kab. Bojonegoro",https://shopee.co.id/Iphone-15promax-256-resmi-ibox-second-i.75612057.46157540190?extraParams=%7B%22display_model_id%22%3A430669237352%2C%22model_selection_logic%22%3A3%7D&sp_atk=f22b25b8-fa2d-4fed-9553-730a91877284&xptdk=f22b25b8-fa2d-4fed-9553-730a91877284,,,
https://down-id.img.susercontent.com/file/id-11134207-82252-mh8viyzv69e676,https://down-id.img.susercontent.com/file/id-11134258-822wp-mnaxy73qunep28,iPhone 13 ex iBox Beacukai IMEI Permanen Garansi 12 Bln 100% Original Second IP Fullset,https://deo.shopeemobile.com/shopee/modules-federation/live/0/shopee__item-card-standard-v2/0.2.8/pc/e4734dab67ee2f9ebd5a.png,Rp,7.744.000,-24%,https://deo.shopeemobile.com/shopee/modules-federation/live/0/shopee__item-card-standard-v2/0.2.8/pc/76dff349290d20891fc1.svg,https://deo.shopeemobile.com/shopee/modules-federation/live/0/shopee__item-card-standard-v2/0.2.8/pc/d2a1900a0267d45fd0f5.png,Hadiah Gratis,https://deo.shopeemobile.com/shopee/modules-federation/live/0/shopee__item-card-standard-v2/0.2.8/pc/d7099d3fd1dfdaf705ab.svg,,3RB+ Terjual,https://deo.shopeemobile.com/shopee/modules-federation/live/0/shopee__item-card-standard-v2/0.2.8/pc/5dd7b4560d0e2d3190e8.svg,,https://deo.shopeemobile.com/shopee/modules-federation/live/0/shopee__item-card-standard-v2/0.2.8/pc/b4d1b8a78b3621dbdf4a.svg,Jakarta Selatan,,,"iPhone 13 ex iBox Beacukai IMEI Permanen Garansi 12 Bln 100% Original Second IP Fullset
Rp
7.744.000
-24%
Hadiah Gratis
4.9
3RB+ Terjual
2-4 Hari
Jakarta Selatan",https://shopee.co.id/iPhone-13-ex-iBox-Beacukai-IMEI-Permanen-Garansi-12-Bln-100-Original-Second-IP-Fullset-i.1437255344.26827366384?extraParams=%7B%22display_model_id%22%3A242720744561%2C%22model_selection_logic%22%3A3%7D&sp_atk=728cdafa-0ff1-4860-99e4-3b9a46a36a8f&xptdk=728cdafa-0ff1-4860-99e4-3b9a46a36a8f,,4.9,
https://down-id.img.susercontent.com/file/id-11134207-8224v-mh8viyzuz8jy3e,https://down-id.img.susercontent.com/file/id-11134258-822wp-mnaxy73qunep28,iPhone 13 Pro Max ex iBox Beacukai IMEI Permanen Garansi 12 Bln 100% Original Second iPhone FULLSET 128GB 256GB 512GB 1TB,https://deo.shopeemobile.com/shopee/modules-federation/live/0/shopee__item-card-standard-v2/0.2.8/pc/e4734dab67ee2f9ebd5a.png,Rp,9.979.227,-36%,https://deo.shopeemobile.com/shopee/modules-federation/live/0/shopee__item-card-standard-v2/0.2.8/pc/76dff349290d20891fc1.svg,https://deo.shopeemobile.com/shopee/modules-federation/live/0/shopee__item-card-standard-v2/0.2.8/pc/d2a1900a0267d45fd0f5.png,Hadiah Gratis,https://deo.shopeemobile.com/shopee/modules-federation/live/0/shopee__item-card-standard-v2/0.2.8/pc/d7099d3fd1dfdaf705ab.svg,,1RB+ Terjual,https://deo.shopeemobile.com/shopee/modules-federation/live/0/shopee__item-card-standard-v2/0.2.8/pc/5dd7b4560d0e2d3190e8.svg,,https://deo.shopeemobile.com/shopee/modules-federation/live/0/shopee__item-card-standard-v2/0.2.8/pc/b4d1b8a78b3621dbdf4a.svg,Jakarta Selatan,,,"iPhone 13 Pro Max ex iBox Beacukai IMEI Permanen Garansi 12 Bln 100% Original Second iPhone FULLSET 128GB 256GB 512GB 1TB
Rp
9.979.227
-36%
Hadiah Gratis
4.9
1RB+ Terjual
2-4 Hari
Jakarta Selatan",https://shopee.co.id/iPhone-13-Pro-Max-ex-iBox-Beacukai-IMEI-Permanen-Garansi-12-Bln-100-Original-Second-iPhone-FULLSET-128GB-256GB-512GB-1TB-i.1437255344.26077462969?extraParams=%7B%22display_model_id%22%3A252721319867%2C%22model_selection_logic%22%3A3%7D&sp_atk=86728dfd-39a9-43e2-85b9-0546e656b4bf&xptdk=86728dfd-39a9-43e2-85b9-0546e656b4bf,,4.9,
https://down-id.img.susercontent.com/file/id-11134207-7r98u-lyjbctyfnup4b8,https://down-id.img.susercontent.com/file/id-11134258-8224v-mkvw0cu9r7k1a5,iPHONE XS 64GB SECOND LIKE NEW BERGARANSI,,Rp,2.568.000,,https://deo.shopeemobile.com/shopee/modules-federation/live/0/shopee__item-card-standard-v2/0.2.8/pc/76dff349290d20891fc1.svg,,,https://deo.shopeemobile.com/shopee/modules-federation/live/0/shopee__item-card-standard-v2/0.2.8/pc/d7099d3fd1dfdaf705ab.svg,,12 Terjual,https://deo.shopeemobile.com/shopee/modules-federation/live/0/shopee__item-card-standard-v2/0.2.8/pc/5dd7b4560d0e2d3190e8.svg,,,Semarang,,,"iPHONE XS 64GB SECOND LIKE NEW BERGARANSI
Rp
2.568.000
5.0
12 Terjual
2-3 Hari
Semarang",https://shopee.co.id/iPHONE-XS-64GB-SECOND-LIKE-NEW-BERGARANSI-i.1320343086.28407008727?extraParams=%7B%22display_model_id%22%3A205287167208%2C%22model_selection_logic%22%3A3%7D&sp_atk=a359e65d-03a5-4981-8c7c-ac089e917d34&xptdk=a359e65d-03a5-4981-8c7c-ac089e917d34,,5.0,
https://down-id.img.susercontent.com/file/id-11134207-82251-mh8vns18untbb7,https://down-id.img.susercontent.com/file/id-11134258-822wp-mnaxy73qunep28,iPhone 12 Pro Max ex iBox Beacukai IMEI Permanen Garansi 12 Bln 100% Original Second iPhone FULLSET 128GB 256GB 512GB,https://deo.shopeemobile.com/shopee/modules-federation/live/0/shopee__item-card-standard-v2/0.2.8/pc/e4734dab67ee2f9ebd5a.png,Rp,8.699.000,-32%,https://deo.shopeemobile.com/shopee/modules-federation/live/0/shopee__item-card-standard-v2/0.2.8/pc/76dff349290d20891fc1.svg,https://deo.shopeemobile.com/shopee/modules-federation/live/0/shopee__item-card-standard-v2/0.2.8/pc/d2a1900a0267d45fd0f5.png,Hadiah Gratis,https://deo.shopeemobile.com/shopee/modules-federation/live/0/shopee__item-card-standard-v2/0.2.8/pc/d7099d3fd1dfdaf705ab.svg,,527 Terjual,https://deo.shopeemobile.com/shopee/modules-federation/live/0/shopee__item-card-standard-v2/0.2.8/pc/5dd7b4560d0e2d3190e8.svg,,https://deo.shopeemobile.com/shopee/modules-federation/live/0/shopee__item-card-standard-v2/0.2.8/pc/b4d1b8a78b3621dbdf4a.svg,Jakarta Selatan,,,"iPhone 12 Pro Max ex iBox Beacukai IMEI Permanen Garansi 12 Bln 100% Original Second iPhone FULLSET 128GB 256GB 512GB
Rp
8.699.000
-32%
Hadiah Gratis
4.9
527 Terjual
2-4 Hari
Jakarta Selatan",https://shopee.co.id/iPhone-12-Pro-Max-ex-iBox-Beacukai-IMEI-Permanen-Garansi-12-Bln-100-Original-Second-iPhone-FULLSET-128GB-256GB-512GB-i.1437255344.28427376868?extraParams=%7B%22display_model_id%22%3A188245951777%2C%22model_selection_logic%22%3A3%7D&sp_atk=7c146361-1f6f-4154-8bed-7c0f8bd10cdb&xptdk=7c146361-1f6f-4154-8bed-7c0f8bd10cdb,,4.9,
https://down-id.img.susercontent.com/file/id-11134207-8224q-mh8vns18t98v67,https://down-id.img.susercontent.com/file/id-11134258-822wp-mnaxy73qunep28,iPhone 11 ex iBox Beacukai IMEI Permanen Garansi 12 Bln 100% Original Second iPhone FULLSET 64GB 128GB 256GB,https://deo.shopeemobile.com/shopee/modules-federation/live/0/shopee__item-card-standard-v2/0.2.8/pc/e4734dab67ee2f9ebd5a.png,Rp,4.899.000,-32%,https://deo.shopeemobile.com/shopee/modules-federation/live/0/shopee__item-card-standard-v2/0.2.8/pc/76dff349290d20891fc1.svg,https://deo.shopeemobile.com/shopee/modules-federation/live/0/shopee__item-card-standard-v2/0.2.8/pc/d2a1900a0267d45fd0f5.png,Hadiah Gratis,https://deo.shopeemobile.com/shopee/modules-federation/live/0/shopee__item-card-standard-v2/0.2.8/pc/d7099d3fd1dfdaf705ab.svg,,2RB+ Terjual,https://deo.shopeemobile.com/shopee/modules-federation/live/0/shopee__item-card-standard-v2/0.2.8/pc/5dd7b4560d0e2d3190e8.svg,,https://deo.shopeemobile.com/shopee/modules-federation/live/0/shopee__item-card-standard-v2/0.2.8/pc/b4d1b8a78b3621dbdf4a.svg,Jakarta Selatan,,,"iPhone 11 ex iBox Beacukai IMEI Permanen Garansi 12 Bln 100% Original Second iPhone FULLSET 64GB 128GB 256GB
Rp
4.899.000
-32%
Hadiah Gratis
4.9
2RB+ Terjual
2-4 Hari
Jakarta Selatan",https://shopee.co.id/iPhone-11-ex-iBox-Beacukai-IMEI-Permanen-Garansi-12-Bln-100-Original-Second-iPhone-FULLSET-64GB-128GB-256GB-i.1437255344.28377371619?extraParams=%7B%22display_model_id%22%3A233847569858%2C%22model_selection_logic%22%3A3%7D&sp_atk=9c8da83c-236d-4f8b-a1e3-356624d4adbc&xptdk=9c8da83c-236d-4f8b-a1e3-356624d4adbc,,4.9,
https://down-id.img.susercontent.com/file/id-11134207-822wh-mldom6h3r7yb66,https://down-id.img.susercontent.com/file/id-11134258-7ra0q-mbesqwmkb0gu9c,IP SE 2020 / IP 11 / IP 13 Second INTER Wifi Only,https://deo.shopeemobile.com/shopee/modules-federation/live/0/shopee__item-card-standard-v2/0.2.8/pc/e4734dab67ee2f9ebd5a.png,Rp,1.561.000,-16%,https://deo.shopeemobile.com/shopee/modules-federation/live/0/shopee__item-card-standard-v2/0.2.8/pc/38e203dc86172a6c6560.svg,https://deo.shopeemobile.com/shopee/modules-federation/live/0/shopee__item-card-standard-v2/0.2.8/pc/d2a1900a0267d45fd0f5.png,,https://deo.shopeemobile.com/shopee/modules-federation/live/0/shopee__item-card-standard-v2/0.2.8/pc/d7099d3fd1dfdaf705ab.svg,,10 Terjual,https://deo.shopeemobile.com/shopee/modules-federation/live/0/shopee__item-card-standard-v2/0.2.8/pc/5dd7b4560d0e2d3190e8.svg,,https://deo.shopeemobile.com/shopee/modules-federation/live/0/shopee__item-card-standard-v2/0.2.8/pc/b4d1b8a78b3621dbdf4a.svg,Jakarta Barat,https://deo.shopeemobile.com/shopee/modules-federation/live/0/shopee__item-card-standard-v2/0.2.8/pc/0614b8f0a8fdde22942d.svg,< 2 Hari,"IP SE 2020 / IP 11 / IP 13 Second INTER Wifi Only
Rp
1.561.000
-16%
5.0
10 Terjual
< 2 Hari
Jakarta Barat",https://shopee.co.id/IP-SE-2020-IP-11-IP-13-Second-INTER-Wifi-Only-i.83208607.28856891949?extraParams=%7B%22display_model_id%22%3A325627061875%2C%22model_selection_logic%22%3A3%7D&sp_atk=ed37898b-cd4e-41f1-8f81-805de63d17be&xptdk=ed37898b-cd4e-41f1-8f81-805de63d17be,,5.0,
https://down-id.img.susercontent.com/file/id-11134207-8224o-mh8trjjq4yyw2f,https://down-id.img.susercontent.com/file/id-11134258-822wp-mnaxy73qunep28,iPhone 12 ex iBox Beacukai IMEI Permanen Garansi 12 Bln 100% Original Second Resmi FULLSET BC 128GB 256GB 512GB 1TB,https://deo.shopeemobile.com/shopee/modules-federation/live/0/shopee__item-card-standard-v2/0.2.8/pc/e4734dab67ee2f9ebd5a.png,Rp,5.799.000,-31%,https://deo.shopeemobile.com/shopee/modules-federation/live/0/shopee__item-card-standard-v2/0.2.8/pc/76dff349290d20891fc1.svg,https://deo.shopeemobile.com/shopee/modules-federation/live/0/shopee__item-card-standard-v2/0.2.8/pc/d2a1900a0267d45fd0f5.png,Hadiah Gratis,https://deo.shopeemobile.com/shopee/modules-federation/live/0/shopee__item-card-standard-v2/0.2.8/pc/d7099d3fd1dfdaf705ab.svg,,1RB+ Terjual,https://deo.shopeemobile.com/shopee/modules-federation/live/0/shopee__item-card-standard-v2/0.2.8/pc/5dd7b4560d0e2d3190e8.svg,,https://deo.shopeemobile.com/shopee/modules-federation/live/0/shopee__item-card-standard-v2/0.2.8/pc/b4d1b8a78b3621dbdf4a.svg,Jakarta Selatan,,,"iPhone 12 ex iBox Beacukai IMEI Permanen Garansi 12 Bln 100% Original Second Resmi FULLSET BC 128GB 256GB 512GB 1TB
Rp
5.799.000
-31%
Hadiah Gratis
4.9
1RB+ Terjual
2-4 Hari
Jakarta Selatan",https://shopee.co.id/iPhone-12-ex-iBox-Beacukai-IMEI-Permanen-Garansi-12-Bln-100-Original-Second-Resmi-FULLSET-BC-128GB-256GB-512GB-1TB-i.1437255344.25591856419?extraParams=%7B%22display_model_id%22%3A237419038296%2C%22model_selection_logic%22%3A3%7D&sp_atk=09a4ba99-7ae6-4139-b402-95a967d3fe2e&xptdk=09a4ba99-7ae6-4139-b402-95a967d3fe2e,,4.9,
https://down-id.img.susercontent.com/file/id-11134207-81ztg-mf724pwxeaywba,https://down-id.img.susercontent.com/file/id-11134258-8224v-mkvw0cu9r7k1a5,iP12 RAM256GB128GB64GB Second BEKAS ORIGINAL100%MULUS NORMAL FULLSET Kondisi Perfect 12mini / iPhone,https://deo.shopeemobile.com/shopee/modules-federation/live/0/shopee__item-card-standard-v2/0.2.8/pc/e4734dab67ee2f9ebd5a.png,Rp,3.500.000,-13%,https://deo.shopeemobile.com/shopee/modules-federation/live/0/shopee__item-card-standard-v2/0.2.8/pc/76dff349290d20891fc1.svg,https://deo.shopeemobile.com/shopee/modules-federation/live/0/shopee__item-card-standard-v2/0.2.8/pc/d2a1900a0267d45fd0f5.png,,https://deo.shopeemobile.com/shopee/modules-federation/live/0/shopee__item-card-standard-v2/0.2.8/pc/d7099d3fd1dfdaf705ab.svg,,1RB+ Terjual,https://deo.shopeemobile.com/shopee/modules-federation/live/0/shopee__item-card-standard-v2/0.2.8/pc/5dd7b4560d0e2d3190e8.svg,,https://deo.shopeemobile.com/shopee/modules-federation/live/0/shopee__item-card-standard-v2/0.2.8/pc/b4d1b8a78b3621dbdf4a.svg,Jakarta Barat,,,"iP12 RAM256GB128GB64GB Second BEKAS ORIGINAL100%MULUS NORMAL FULLSET Kondisi Perfect 12mini / iPhone
Rp
3.500.000
-13%
4.8
1RB+ Terjual
2-4 Hari
Jakarta Barat",https://shopee.co.id/iP12-RAM256GB128GB64GB-Second-BEKAS-ORIGINAL100-MULUS-NORMAL-FULLSET-Kondisi-Perfect-12mini-iPhone-i.1207128718.27481029787?extraParams=%7B%22display_model_id%22%3A258004664969%2C%22model_selection_logic%22%3A3%7D&sp_atk=552ecfd7-5303-4986-8f98-d0a1b58cbfe9&xptdk=552ecfd7-5303-4986-8f98-d0a1b58cbfe9,,4.8,
https://down-id.img.susercontent.com/file/sg-11134201-8262j-mkahom5kdts879,https://down-id.img.susercontent.com/file/id-11134258-822wp-mnaxy73qunep28,BEACUKAI iPhone 12 Mini | 13 Mini ex iBox IMEI Permanen Garansi 12 Bln 100% Original Second iPhone FULLSET 64GB 128GB 256GB 512GB,https://deo.shopeemobile.com/shopee/modules-federation/live/0/shopee__item-card-standard-v2/0.2.8/pc/e4734dab67ee2f9ebd5a.png,Rp,5.143.970,-1%,https://deo.shopeemobile.com/shopee/modules-federation/live/0/shopee__item-card-standard-v2/0.2.8/pc/b4d1b8a78b3621dbdf4a.svg,,Hadiah Gratis,https://deo.shopeemobile.com/shopee/modules-federation/live/0/shopee__item-card-standard-v2/0.2.8/pc/d7099d3fd1dfdaf705ab.svg,5.0,5 Terjual,https://deo.shopeemobile.com/shopee/modules-federation/live/0/shopee__item-card-standard-v2/0.2.8/pc/76dff349290d20891fc1.svg,,https://deo.shopeemobile.com/shopee/modules-federation/live/0/shopee__item-card-standard-v2/0.2.8/pc/5dd7b4560d0e2d3190e8.svg,Jakarta Selatan,,,"BEACUKAI iPhone 12 Mini | 13 Mini ex iBox IMEI Permanen Garansi 12 Bln 100% Original Second iPhone FULLSET 64GB 128GB 256GB 512GB
Rp
5.143.970
-1%
Hadiah Gratis
5.0
5 Terjual
8-12 Hari
Jakarta Selatan",https://shopee.co.id/BEACUKAI-iPhone-12-Mini-13-Mini-ex-iBox-IMEI-Permanen-Garansi-12-Bln-100-Original-Second-iPhone-FULLSET-64GB-128GB-256GB-512GB-i.1437255344.44805816045?extraParams=%7B%22display_model_id%22%3A370524011896%2C%22model_selection_logic%22%3A3%7D&sp_atk=9e3b519b-0a74-4efb-a89e-9f3b89be3d59&xptdk=9e3b519b-0a74-4efb-a89e-9f3b89be3d59,,,
https://down-id.img.susercontent.com/file/id-11134207-8224z-mgrl2xalm9sa9a,https://down-id.img.susercontent.com/file/id-11134258-7r98w-lyezzaurybot13,iPhone 16 128 / 256 GB Fullset Second Resmi New Original,,Rp,13.399.000,,,,,https://deo.shopeemobile.com/shopee/modules-federation/live/0/shopee__item-card-standard-v2/0.2.8/pc/d7099d3fd1dfdaf705ab.svg,5.0,2 Terjual,https://deo.shopeemobile.com/shopee/modules-federation/live/0/shopee__item-card-standard-v2/0.2.8/pc/38e203dc86172a6c6560.svg,,https://deo.shopeemobile.com/shopee/modules-federation/live/0/shopee__item-card-standard-v2/0.2.8/pc/5dd7b4560d0e2d3190e8.svg,Malang,https://deo.shopeemobile.com/shopee/modules-federation/live/0/shopee__item-card-standard-v2/0.2.8/pc/0614b8f0a8fdde22942d.svg,< 2 Hari,"iPhone 16 128 / 256 GB Fullset Second Resmi New Original
Rp
13.399.000
5.0
2 Terjual
< 2 Hari
Malang",https://shopee.co.id/iPhone-16-128-256-GB-Fullset-Second-Resmi-New-Original-i.113265257.19363825847?extraParams=%7B%22display_model_id%22%3A320077467923%2C%22model_selection_logic%22%3A3%7D&sp_atk=7b9d5bee-b7e0-40fe-939e-b655029702ce&xptdk=7b9d5bee-b7e0-40fe-939e-b655029702ce,,,
https://down-id.img.susercontent.com/file/id-11134207-822wu-mmi6zllh2iof40,,IPHONE 14 PROMAX 256GB ALL OPERATOR SECOND,,Rp,9.800.000,,,,,,,3-5 Hari,https://deo.shopeemobile.com/shopee/modules-federation/live/0/shopee__item-card-standard-v2/0.2.8/pc/76dff349290d20891fc1.svg,,https://deo.shopeemobile.com/shopee/modules-federation/live/0/shopee__item-card-standard-v2/0.2.8/pc/5dd7b4560d0e2d3190e8.svg,Kab. Kediri,,,"IPHONE 14 PROMAX 256GB ALL OPERATOR SECOND
Rp
9.800.000
3-5 Hari
Kab. Kediri",https://shopee.co.id/IPHONE-14-PROMAX-256GB-ALL-OPERATOR-SECOND-i.72293108.28694496819?extraParams=%7B%22display_model_id%22%3A390713585601%2C%22model_selection_logic%22%3A3%7D&sp_atk=1877c7a9-0ce7-43ea-a615-eb27c4557407&xptdk=1877c7a9-0ce7-43ea-a615-eb27c4557407,,,
https://down-id.img.susercontent.com/file/id-11134207-8224r-mgt1b8zjogeg47,https://down-id.img.susercontent.com/file/id-11134258-822wr-mlx67rtd6r602f,Apple iPhone 14 256 GB Resmi Ibox Second,https://deo.shopeemobile.com/shopee/modules-federation/live/0/shopee__item-card-standard-v2/0.2.8/pc/a425c915798471b33e5d.png,Rp,9.050.000,,,,,https://deo.shopeemobile.com/shopee/modules-federation/live/0/shopee__item-card-standard-v2/0.2.8/pc/0614b8f0a8fdde22942d.svg,,1 Terjual,https://deo.shopeemobile.com/shopee/modules-federation/live/0/shopee__item-card-standard-v2/0.2.8/pc/38e203dc86172a6c6560.svg,,https://deo.shopeemobile.com/shopee/modules-federation/live/0/shopee__item-card-standard-v2/0.2.8/pc/5dd7b4560d0e2d3190e8.svg,Kab. Magelang,https://deo.shopeemobile.com/shopee/modules-federation/live/0/shopee__item-card-standard-v2/0.2.8/pc/0614b8f0a8fdde22942d.svg,< 2 Hari,"Apple iPhone 14 256 GB Resmi Ibox Second
Rp
9.050.000
1 Terjual
< 2 Hari
Kab. Magelang",https://shopee.co.id/Apple-iPhone-14-256-GB-Resmi-Ibox-Second-i.47806564.57601019884?extraParams=%7B%22display_model_id%22%3A425093147654%2C%22model_selection_logic%22%3A3%7D&sp_atk=aa3c8e78-15e0-4bc5-9f37-713c65709947&xptdk=aa3c8e78-15e0-4bc5-9f37-713c65709947,,,
https://down-id.img.susercontent.com/file/sg-11134201-8261y-mk79ks4sz9q916,https://down-id.img.susercontent.com/file/id-11134258-7r98w-lyezzaurybot13,Iphone 13 Mini 128gb Second Original FULLSET,,Rp,4.700.000,,,,,https://deo.shopeemobile.com/shopee/modules-federation/live/0/shopee__item-card-standard-v2/0.2.8/pc/0614b8f0a8fdde22942d.svg,,< 2 Hari,https://deo.shopeemobile.com/shopee/modules-federation/live/0/shopee__item-card-standard-v2/0.2.8/pc/38e203dc86172a6c6560.svg,,https://deo.shopeemobile.com/shopee/modules-federation/live/0/shopee__item-card-standard-v2/0.2.8/pc/5dd7b4560d0e2d3190e8.svg,Denpasar,https://deo.shopeemobile.com/shopee/modules-federation/live/0/shopee__item-card-standard-v2/0.2.8/pc/0614b8f0a8fdde22942d.svg,< 2 Hari,"Iphone 13 Mini 128gb Second Original FULLSET
Rp
4.700.000
< 2 Hari
Denpasar",https://shopee.co.id/Iphone-13-Mini-128gb-Second-Original-FULLSET-i.942335660.47955717699?extraParams=%7B%22display_model_id%22%3A420515844998%2C%22model_selection_logic%22%3A3%7D&sp_atk=b3ab3a60-4789-47f3-abae-80b61be918bf&xptdk=b3ab3a60-4789-47f3-abae-80b61be918bf,,,
https://down-id.img.susercontent.com/file/id-11134207-7r98u-lvzne8qc6qzya8,https://down-id.img.susercontent.com/file/id-11134258-8224v-mkvw0cu9r7k1a5,Second iBox iPhone 15,https://deo.shopeemobile.com/shopee/modules-federation/live/0/shopee__item-card-standard-v2/0.2.8/pc/a425c915798471b33e5d.png,Rp,13.387.500,,,,,https://deo.shopeemobile.com/shopee/modules-federation/live/0/shopee__item-card-standard-v2/0.2.8/pc/d7099d3fd1dfdaf705ab.svg,5.0,5 Terjual,https://deo.shopeemobile.com/shopee/modules-federation/live/0/shopee__item-card-standard-v2/0.2.8/pc/38e203dc86172a6c6560.svg,,https://deo.shopeemobile.com/shopee/modules-federation/live/0/shopee__item-card-standard-v2/0.2.8/pc/5dd7b4560d0e2d3190e8.svg,Malang,https://deo.shopeemobile.com/shopee/modules-federation/live/0/shopee__item-card-standard-v2/0.2.8/pc/0614b8f0a8fdde22942d.svg,< 2 Hari,"Second iBox iPhone 15
Rp
13.387.500
5.0
5 Terjual
< 2 Hari
Malang",https://shopee.co.id/Second-iBox-iPhone-15-i.331191248.26351522124?extraParams=%7B%22display_model_id%22%3A176502027904%2C%22model_selection_logic%22%3A3%7D&sp_atk=54076a94-aaf6-44e7-b1d9-c8564048daf3&xptdk=54076a94-aaf6-44e7-b1d9-c8564048daf3,,,
https://down-id.img.susercontent.com/file/id-11134207-822wk-mmylh2g81xj80d,https://down-id.img.susercontent.com/file/id-11134258-8224v-mkvw0cu9r7k1a5,iphone 12 128 second garansi resmi fullset original,,Rp,6.100.000,,,,,https://deo.shopeemobile.com/shopee/modules-federation/live/0/shopee__item-card-standard-v2/0.2.8/pc/0614b8f0a8fdde22942d.svg,,< 2 Hari,https://deo.shopeemobile.com/shopee/modules-federation/live/0/shopee__item-card-standard-v2/0.2.8/pc/38e203dc86172a6c6560.svg,,https://deo.shopeemobile.com/shopee/modules-federation/live/0/shopee__item-card-standard-v2/0.2.8/pc/5dd7b4560d0e2d3190e8.svg,Surakarta (Solo),https://deo.shopeemobile.com/shopee/modules-federation/live/0/shopee__item-card-standard-v2/0.2.8/pc/0614b8f0a8fdde22942d.svg,< 2 Hari,"iphone 12 128 second garansi resmi fullset original
Rp
6.100.000
< 2 Hari
Surakarta (Solo)",https://shopee.co.id/iphone-12-128-second-garansi-resmi-fullset-original-i.193332912.44229979002?extraParams=%7B%22display_model_id%22%3A355770251975%2C%22model_selection_logic%22%3A3%7D&sp_atk=e31e9a0e-62a3-42ec-928e-128d400da422&xptdk=e31e9a0e-62a3-42ec-928e-128d400da422,,,
https://down-id.img.susercontent.com/file/id-11134207-822wg-mmjxxfzux1ja75,https://down-id.img.susercontent.com/file/id-11134258-8224v-mkvw0cu9r7k1a5,iPhone 16 Pro Max 512GB iBox Second Fullset Ori,,Rp,19.900.000,,,,,https://deo.shopeemobile.com/shopee/modules-federation/live/0/shopee__item-card-standard-v2/0.2.8/pc/d7099d3fd1dfdaf705ab.svg,5.0,2 Terjual,https://deo.shopeemobile.com/shopee/modules-federation/live/0/shopee__item-card-standard-v2/0.2.8/pc/38e203dc86172a6c6560.svg,,https://deo.shopeemobile.com/shopee/modules-federation/live/0/shopee__item-card-standard-v2/0.2.8/pc/5dd7b4560d0e2d3190e8.svg,Surakarta (Solo),https://deo.shopeemobile.com/shopee/modules-federation/live/0/shopee__item-card-standard-v2/0.2.8/pc/0614b8f0a8fdde22942d.svg,< 2 Hari,"iPhone 16 Pro Max 512GB iBox Second Fullset Ori
Rp
19.900.000
5.0
2 Terjual
< 2 Hari
Surakarta (Solo)",https://shopee.co.id/iPhone-16-Pro-Max-512GB-iBox-Second-Fullset-Ori-i.370831434.27542823949?extraParams=%7B%22display_model_id%22%3A306931547330%2C%22model_selection_logic%22%3A3%7D&sp_atk=47d24ec2-084c-47a4-9c1e-4b033e0bdb4a&xptdk=47d24ec2-084c-47a4-9c1e-4b033e0bdb4a,,,
https://down-id.img.susercontent.com/file/id-11134207-8224p-mkfaqpui7kzq02,https://down-id.img.susercontent.com/file/id-11134258-8224v-mkvw0cu9r7k1a5,iPhone 17 Pro 256GB iBox Second Like New,,Rp,24.498.000,,,,,https://deo.shopeemobile.com/shopee/modules-federation/live/0/shopee__item-card-standard-v2/0.2.8/pc/0614b8f0a8fdde22942d.svg,,< 2 Hari,https://deo.shopeemobile.com/shopee/modules-federation/live/0/shopee__item-card-standard-v2/0.2.8/pc/38e203dc86172a6c6560.svg,,https://deo.shopeemobile.com/shopee/modules-federation/live/0/shopee__item-card-standard-v2/0.2.8/pc/5dd7b4560d0e2d3190e8.svg,Bogor,https://deo.shopeemobile.com/shopee/modules-federation/live/0/shopee__item-card-standard-v2/0.2.8/pc/0614b8f0a8fdde22942d.svg,< 2 Hari,"iPhone 17 Pro 256GB iBox Second Like New
Rp
24.498.000
< 2 Hari
Bogor",https://shopee.co.id/iPhone-17-Pro-256GB-iBox-Second-Like-New-i.325457930.47855956968?extraParams=%7B%22display_model_id%22%3A430537810944%2C%22model_selection_logic%22%3A3%7D&sp_atk=664ba6bd-ba9c-48e9-90f7-05d38c71de82&xptdk=664ba6bd-ba9c-48e9-90f7-05d38c71de82,,,
https://down-id.img.susercontent.com/file/id-11134207-7r98y-lwfadnhxt1ke2c,https://down-id.img.susercontent.com/file/id-11134258-7r98w-lyezzaurybot13,iPhone 11 64/128 GB Fullset Second Resmi BC Original,,Rp,3.699.000,,,,,https://deo.shopeemobile.com/shopee/modules-federation/live/0/shopee__item-card-standard-v2/0.2.8/pc/0614b8f0a8fdde22942d.svg,,< 2 Hari,https://deo.shopeemobile.com/shopee/modules-federation/live/0/shopee__item-card-standard-v2/0.2.8/pc/38e203dc86172a6c6560.svg,,https://deo.shopeemobile.com/shopee/modules-federation/live/0/shopee__item-card-standard-v2/0.2.8/pc/5dd7b4560d0e2d3190e8.svg,Malang,https://deo.shopeemobile.com/shopee/modules-federation/live/0/shopee__item-card-standard-v2/0.2.8/pc/0614b8f0a8fdde22942d.svg,< 2 Hari,"iPhone 11 64/128 GB Fullset Second Resmi BC Original
Rp
3.699.000
< 2 Hari
Malang",https://shopee.co.id/iPhone-11-64-128-GB-Fullset-Second-Resmi-BC-Original-i.113265257.27402559114?extraParams=%7B%22display_model_id%22%3A355076639581%2C%22model_selection_logic%22%3A3%7D&sp_atk=bb0b8b36-47e0-4a15-b417-eee83c589fb9&xptdk=bb0b8b36-47e0-4a15-b417-eee83c589fb9,,,
https://down-id.img.susercontent.com/file/id-11134207-8224v-mizipuu0vv9cfc,https://down-id.img.susercontent.com/file/id-11134258-8224v-mkvw0cu9r7k1a5,iPhone 15 Pro 128GB iBox Second Fullset Original Warna Natural Titanium,,Rp,14.350.000,,,,,https://deo.shopeemobile.com/shopee/modules-federation/live/0/shopee__item-card-standard-v2/0.2.8/pc/0614b8f0a8fdde22942d.svg,,1 Terjual,https://deo.shopeemobile.com/shopee/modules-federation/live/0/shopee__item-card-standard-v2/0.2.8/pc/38e203dc86172a6c6560.svg,,https://deo.shopeemobile.com/shopee/modules-federation/live/0/shopee__item-card-standard-v2/0.2.8/pc/5dd7b4560d0e2d3190e8.svg,Surakarta (Solo),https://deo.shopeemobile.com/shopee/modules-federation/live/0/shopee__item-card-standard-v2/0.2.8/pc/0614b8f0a8fdde22942d.svg,< 2 Hari,"iPhone 15 Pro 128GB iBox Second Fullset Original Warna Natural Titanium
Rp
14.350.000
1 Terjual
< 2 Hari
Surakarta (Solo)",https://shopee.co.id/iPhone-15-Pro-128GB-iBox-Second-Fullset-Original-Warna-Natural-Titanium-i.370831434.44322212099?extraParams=%7B%22display_model_id%22%3A266806565158%2C%22model_selection_logic%22%3A3%7D&sp_atk=9dd4e2a6-1e85-4f57-a722-1ded4a832d00&xptdk=9dd4e2a6-1e85-4f57-a722-1ded4a832d00,,,
https://down-id.img.susercontent.com/file/id-11134207-7qula-lfh9epr054um71,https://down-id.img.susercontent.com/file/id-11134258-8224v-mkvw0cu9r7k1a5,iPhone XR 64GB / 128 GB / 256 GB Second Fullset Original Mulus / Like new,,Rp,3.390.000,,,https://deo.shopeemobile.com/shopee/modules-federation/live/0/shopee__item-card-standard-v2/0.2.8/pc/d2a1900a0267d45fd0f5.png,,https://deo.shopeemobile.com/shopee/modules-federation/live/0/shopee__item-card-standard-v2/0.2.8/pc/d7099d3fd1dfdaf705ab.svg,5.0,10RB+ Terjual,https://deo.shopeemobile.com/shopee/modules-federation/live/0/shopee__item-card-standard-v2/0.2.8/pc/76dff349290d20891fc1.svg,,https://deo.shopeemobile.com/shopee/modules-federation/live/0/shopee__item-card-standard-v2/0.2.8/pc/5dd7b4560d0e2d3190e8.svg,Jakarta Pusat,,,"iPhone XR 64GB / 128 GB / 256 GB Second Fullset Original Mulus / Like new
Rp
3.390.000
5.0
10RB+ Terjual
4-6 Hari
Jakarta Pusat",https://shopee.co.id/iPhone-XR-64GB-128-GB-256-GB-Second-Fullset-Original-Mulus-Like-new-i.50200636.20639246773?extraParams=%7B%22display_model_id%22%3A194195941706%2C%22model_selection_logic%22%3A3%7D&sp_atk=c236e78f-5f6a-4267-8582-e5557a9abb3a&xptdk=c236e78f-5f6a-4267-8582-e5557a9abb3a,,,
https://down-id.img.susercontent.com/file/id-11134207-822wh-mm8o163opseged,https://down-id.img.susercontent.com/file/id-11134258-8224v-mkvw0cu9r7k1a5,iphone 15 128gb black ibox fulset ori second likenew,,Rp,9.750.000,,,,,https://deo.shopeemobile.com/shopee/modules-federation/live/0/shopee__item-card-standard-v2/0.2.8/pc/0614b8f0a8fdde22942d.svg,,< 2 Hari,https://deo.shopeemobile.com/shopee/modules-federation/live/0/shopee__item-card-standard-v2/0.2.8/pc/38e203dc86172a6c6560.svg,,https://deo.shopeemobile.com/shopee/modules-federation/live/0/shopee__item-card-standard-v2/0.2.8/pc/5dd7b4560d0e2d3190e8.svg,Kab. Sukoharjo,https://deo.shopeemobile.com/shopee/modules-federation/live/0/shopee__item-card-standard-v2/0.2.8/pc/0614b8f0a8fdde22942d.svg,< 2 Hari,"iphone 15 128gb black ibox fulset ori second likenew
Rp
9.750.000
< 2 Hari
Kab. Sukoharjo",https://shopee.co.id/iphone-15-128gb-black-ibox-fulset-ori-second-likenew-i.737990462.53757672798?extraParams=%7B%22display_model_id%22%3A335682684334%2C%22model_selection_logic%22%3A3%7D&sp_atk=7fa23b8f-3985-4cf6-ac46-527f25a4dd04&xptdk=7fa23b8f-3985-4cf6-ac46-527f25a4dd04,,,
https://down-id.img.susercontent.com/file/id-11134207-822wn-mm60qapchamg7f,https://down-id.img.susercontent.com/file/id-11134258-8224v-mkvw0cu9r7k1a5,Second iBox iPhone 11 64GB All Colour Fullset,,Rp,4.805.000,,,,,https://deo.shopeemobile.com/shopee/modules-federation/live/0/shopee__item-card-standard-v2/0.2.8/pc/0614b8f0a8fdde22942d.svg,,< 2 Hari,https://deo.shopeemobile.com/shopee/modules-federation/live/0/shopee__item-card-standard-v2/0.2.8/pc/38e203dc86172a6c6560.svg,,https://deo.shopeemobile.com/shopee/modules-federation/live/0/shopee__item-card-standard-v2/0.2.8/pc/5dd7b4560d0e2d3190e8.svg,Kab. Sleman,https://deo.shopeemobile.com/shopee/modules-federation/live/0/shopee__item-card-standard-v2/0.2.8/pc/0614b8f0a8fdde22942d.svg,< 2 Hari,"Second iBox iPhone 11 64GB All Colour Fullset
Rp
4.805.000
< 2 Hari
Kab. Sleman",https://shopee.co.id/Second-iBox-iPhone-11-64GB-All-Colour-Fullset-i.619354787.50257572864?extraParams=%7B%22display_model_id%22%3A330674190178%2C%22model_selection_logic%22%3A3%7D&sp_atk=cef208fb-f614-4921-b501-0ac3251ae8ad&xptdk=cef208fb-f614-4921-b501-0ac3251ae8ad,,,
https://down-id.img.susercontent.com/file/id-11134207-7r98r-lyj974f5h7b953,https://down-id.img.susercontent.com/file/id-11134258-8224v-mkvw0cu9r7k1a5,iPHONE XS MAX 256GB SECOND LIKE NEW BERGARANSI,,Rp,2.890.000,,,,,https://deo.shopeemobile.com/shopee/modules-federation/live/0/shopee__item-card-standard-v2/0.2.8/pc/d7099d3fd1dfdaf705ab.svg,4.8,30 Terjual,https://deo.shopeemobile.com/shopee/modules-federation/live/0/shopee__item-card-standard-v2/0.2.8/pc/76dff349290d20891fc1.svg,,https://deo.shopeemobile.com/shopee/modules-federation/live/0/shopee__item-card-standard-v2/0.2.8/pc/5dd7b4560d0e2d3190e8.svg,Semarang,,,"iPHONE XS MAX 256GB SECOND LIKE NEW BERGARANSI
Rp
2.890.000
4.8
30 Terjual
2-3 Hari
Semarang",https://shopee.co.id/iPHONE-XS-MAX-256GB-SECOND-LIKE-NEW-BERGARANSI-i.1320343086.26557007657?extraParams=%7B%22display_model_id%22%3A241319042333%2C%22model_selection_logic%22%3A3%7D&sp_atk=7a8ff4d4-9801-42f0-85c9-28a7419914cc&xptdk=7a8ff4d4-9801-42f0-85c9-28a7419914cc,,,
https://down-id.img.susercontent.com/file/id-11134207-7ra0j-mdbkvte0hj94ab,https://down-id.img.susercontent.com/file/id-11134258-7r98w-lyezzaurybot13,Iphone 14 Pro 512GB Second Fullset Original Bekas Resmi,,Rp,12.700.000,,,,,,,4-8 Hari,https://deo.shopeemobile.com/shopee/modules-federation/live/0/shopee__item-card-standard-v2/0.2.8/pc/76dff349290d20891fc1.svg,,https://deo.shopeemobile.com/shopee/modules-federation/live/0/shopee__item-card-standard-v2/0.2.8/pc/5dd7b4560d0e2d3190e8.svg,Medan,,,"Iphone 14 Pro 512GB Second Fullset Original Bekas Resmi
Rp
12.700.000
4-8 Hari
Medan",https://shopee.co.id/Iphone-14-Pro-512GB-Second-Fullset-Original-Bekas-Resmi-i.63039400.40062434316?extraParams=%7B%22display_model_id%22%3A291037495650%2C%22model_selection_logic%22%3A3%7D&sp_atk=12d9a73a-b04f-4df6-b77a-1ccdadd3be1d&xptdk=12d9a73a-b04f-4df6-b77a-1ccdadd3be1d,,,
https://down-id.img.susercontent.com/file/id-11134207-8224q-mkgs5hq79csg42,https://down-id.img.susercontent.com/file/id-11134258-7r98w-lyezzaurybot13,Iphone 15 plus pink second ibox,,Rp,10.700.000,,,https://deo.shopeemobile.com/shopee/modules-federation/live/0/shopee__item-card-standard-v2/0.2.8/pc/d2a1900a0267d45fd0f5.png,,,,3-5 Hari,https://deo.shopeemobile.com/shopee/modules-federation/live/0/shopee__item-card-standard-v2/0.2.8/pc/76dff349290d20891fc1.svg,,https://deo.shopeemobile.com/shopee/modules-federation/live/0/shopee__item-card-standard-v2/0.2.8/pc/5dd7b4560d0e2d3190e8.svg,Kab. Jepara,,,"Iphone 15 plus pink second ibox
Rp
10.700.000
3-5 Hari
Kab. Jepara",https://shopee.co.id/Iphone-15-plus-pink-second-ibox-i.1313451186.57155957373?extraParams=%7B%22display_model_id%22%3A272396126818%2C%22model_selection_logic%22%3A3%7D&sp_atk=63b8f233-465a-4e6b-9703-a5d8501ceae4&xptdk=63b8f233-465a-4e6b-9703-a5d8501ceae4,,,
https://down-id.img.susercontent.com/file/id-11134207-81zti-mfnyhkdvc8aw2d,https://down-id.img.susercontent.com/file/id-11134258-8224v-mkvw0cu9r7k1a5,iPhone 15 iBox 256GB & 128GB - Second Garansi Resmi,https://deo.shopeemobile.com/shopee/modules-federation/live/0/shopee__item-card-standard-v2/0.2.8/pc/e4734dab67ee2f9ebd5a.png,Rp,9.762.000,,,https://deo.shopeemobile.com/shopee/modules-federation/live/0/shopee__item-card-standard-v2/0.2.8/pc/d2a1900a0267d45fd0f5.png,,https://deo.shopeemobile.com/shopee/modules-federation/live/0/shopee__item-card-standard-v2/0.2.8/pc/d7099d3fd1dfdaf705ab.svg,5.0,54 Terjual,https://deo.shopeemobile.com/shopee/modules-federation/live/0/shopee__item-card-standard-v2/0.2.8/pc/38e203dc86172a6c6560.svg,,https://deo.shopeemobile.com/shopee/modules-federation/live/0/shopee__item-card-standard-v2/0.2.8/pc/5dd7b4560d0e2d3190e8.svg,Bogor,https://deo.shopeemobile.com/shopee/modules-federation/live/0/shopee__item-card-standard-v2/0.2.8/pc/0614b8f0a8fdde22942d.svg,< 2 Hari,"iPhone 15 iBox 256GB & 128GB - Second Garansi Resmi
Rp
9.762.000
5.0
54 Terjual
< 2 Hari
Bogor",https://shopee.co.id/iPhone-15-iBox-256GB-128GB-Second-Garansi-Resmi-i.389328160.43903203323?extraParams=%7B%22display_model_id%22%3A365210779828%2C%22model_selection_logic%22%3A3%7D&sp_atk=e2a395f1-869a-4068-baab-ea02d1c60c8e&xptdk=e2a395f1-869a-4068-baab-ea02d1c60c8e,,,
https://down-id.img.susercontent.com/file/id-11134207-822wu-mls8utxsxmgye5,https://down-id.img.susercontent.com/file/id-11134258-7r98w-lyezzaurybot13,iPhone 15 128GB Second iBox Fullset,,Rp,9.249.900,,,,,https://deo.shopeemobile.com/shopee/modules-federation/live/0/shopee__item-card-standard-v2/0.2.8/pc/0614b8f0a8fdde22942d.svg,,< 2 Hari,https://deo.shopeemobile.com/shopee/modules-federation/live/0/shopee__item-card-standard-v2/0.2.8/pc/38e203dc86172a6c6560.svg,,https://deo.shopeemobile.com/shopee/modules-federation/live/0/shopee__item-card-standard-v2/0.2.8/pc/5dd7b4560d0e2d3190e8.svg,Bogor,https://deo.shopeemobile.com/shopee/modules-federation/live/0/shopee__item-card-standard-v2/0.2.8/pc/0614b8f0a8fdde22942d.svg,< 2 Hari,"iPhone 15 128GB Second iBox Fullset
Rp
9.249.900
< 2 Hari
Bogor",https://shopee.co.id/iPhone-15-128GB-Second-iBox-Fullset-i.240801064.43579249547?extraParams=%7B%22display_model_id%22%3A307454520844%2C%22model_selection_logic%22%3A3%7D&sp_atk=8248b0fd-d092-4572-a045-6f6d1db107e6&xptdk=8248b0fd-d092-4572-a045-6f6d1db107e6,,,
https://down-id.img.susercontent.com/file/id-11134207-82252-mkafwg7gvkzs16,https://down-id.img.susercontent.com/file/id-11134258-8224v-mkvw0cu9r7k1a5,iPhone 12Pro Second Inter All Operator Sinyal Aman Garansi 3 Bulan,https://deo.shopeemobile.com/shopee/modules-federation/live/0/shopee__item-card-standard-v2/0.2.8/pc/a425c915798471b33e5d.png,Rp,6.366.500,,,,,https://deo.shopeemobile.com/shopee/modules-federation/live/0/shopee__item-card-standard-v2/0.2.8/pc/0614b8f0a8fdde22942d.svg,,< 2 Hari,https://deo.shopeemobile.com/shopee/modules-federation/live/0/shopee__item-card-standard-v2/0.2.8/pc/38e203dc86172a6c6560.svg,,https://deo.shopeemobile.com/shopee/modules-federation/live/0/shopee__item-card-standard-v2/0.2.8/pc/5dd7b4560d0e2d3190e8.svg,Jakarta Barat,https://deo.shopeemobile.com/shopee/modules-federation/live/0/shopee__item-card-standard-v2/0.2.8/pc/0614b8f0a8fdde22942d.svg,< 2 Hari,"iPhone 12Pro Second Inter All Operator Sinyal Aman Garansi 3 Bulan
Rp
6.366.500
< 2 Hari
Jakarta Barat",https://shopee.co.id/iPhone-12Pro-Second-Inter-All-Operator-Sinyal-Aman-Garansi-3-Bulan-i.1736138497.49055811664?extraParams=%7B%22display_model_id%22%3A435736087203%2C%22model_selection_logic%22%3A3%7D&sp_atk=67f3cc2e-3276-4336-9d6a-3771b71bb3e8&xptdk=67f3cc2e-3276-4336-9d6a-3771b71bb3e8,,,
https://down-id.img.susercontent.com/file/id-11134207-7rbkb-m945kytsgff5ec,https://down-id.img.susercontent.com/file/id-11134258-8224v-mkvw0cu9r7k1a5,IPHONE 13 FULLSET SECOND ORIGINAL LIKE NEW GARANSI GRATIIS ONGKIR,https://deo.shopeemobile.com/shopee/modules-federation/live/0/shopee__item-card-standard-v2/0.2.8/pc/e4734dab67ee2f9ebd5a.png,Rp,8.200.000,,,https://deo.shopeemobile.com/shopee/modules-federation/live/0/shopee__item-card-standard-v2/0.2.8/pc/d2a1900a0267d45fd0f5.png,,https://deo.shopeemobile.com/shopee/modules-federation/live/0/shopee__item-card-standard-v2/0.2.8/pc/d7099d3fd1dfdaf705ab.svg,5.0,2 Terjual,https://deo.shopeemobile.com/shopee/modules-federation/live/0/shopee__item-card-standard-v2/0.2.8/pc/76dff349290d20891fc1.svg,,https://deo.shopeemobile.com/shopee/modules-federation/live/0/shopee__item-card-standard-v2/0.2.8/pc/5dd7b4560d0e2d3190e8.svg,Kab. Jember,,,"IPHONE 13 FULLSET SECOND ORIGINAL LIKE NEW GARANSI GRATIIS ONGKIR
Rp
8.200.000
5.0
2 Terjual
1-4 Hari
Kab. Jember",https://shopee.co.id/IPHONE-13-FULLSET-SECOND-ORIGINAL-LIKE-NEW-GARANSI-GRATIIS-ONGKIR-i.41358807.27035224812?extraParams=%7B%22display_model_id%22%3A253320200362%2C%22model_selection_logic%22%3A3%7D&sp_atk=4585cb7c-3f2f-43c8-8ddb-272802033e7d&xptdk=4585cb7c-3f2f-43c8-8ddb-272802033e7d,,,
https://down-id.img.susercontent.com/file/id-11134207-7r98s-lwe1dprwqd8t99,https://down-id.img.susercontent.com/file/id-11134258-7r98w-lyezzaurybot13,iPhone 8 Plus 64 / 256 GB Fullset Second Original,,Rp,1.899.000,,,,,https://deo.shopeemobile.com/shopee/modules-federation/live/0/shopee__item-card-standard-v2/0.2.8/pc/d7099d3fd1dfdaf705ab.svg,5.0,2 Terjual,https://deo.shopeemobile.com/shopee/modules-federation/live/0/shopee__item-card-standard-v2/0.2.8/pc/38e203dc86172a6c6560.svg,,https://deo.shopeemobile.com/shopee/modules-federation/live/0/shopee__item-card-standard-v2/0.2.8/pc/5dd7b4560d0e2d3190e8.svg,Malang,https://deo.shopeemobile.com/shopee/modules-federation/live/0/shopee__item-card-standard-v2/0.2.8/pc/0614b8f0a8fdde22942d.svg,< 2 Hari,"iPhone 8 Plus 64 / 256 GB Fullset Second Original
Rp
1.899.000
5.0
2 Terjual
< 2 Hari
Malang",https://shopee.co.id/iPhone-8-Plus-64-256-GB-Fullset-Second-Original-i.113265257.24582016610?extraParams=%7B%22display_model_id%22%3A345086570828%2C%22model_selection_logic%22%3A3%7D&sp_atk=9e269259-f083-4114-a9d4-6ab1ce5c97e9&xptdk=9e269259-f083-4114-a9d4-6ab1ce5c97e9,,,
https://down-id.img.susercontent.com/file/id-11134207-822wl-mldppsa4l81t1f,https://down-id.img.susercontent.com/file/id-11134258-8224v-mkvw0cu9r7k1a5,iphone 13 128gb second resmi ex digimap fullset termurah,https://deo.shopeemobile.com/shopee/modules-federation/live/0/shopee__item-card-standard-v2/0.2.8/pc/a425c915798471b33e5d.png,Rp,7.999.000,,,,,https://deo.shopeemobile.com/shopee/modules-federation/live/0/shopee__item-card-standard-v2/0.2.8/pc/0614b8f0a8fdde22942d.svg,,< 2 Hari,https://deo.shopeemobile.com/shopee/modules-federation/live/0/shopee__item-card-standard-v2/0.2.8/pc/38e203dc86172a6c6560.svg,,https://deo.shopeemobile.com/shopee/modules-federation/live/0/shopee__item-card-standard-v2/0.2.8/pc/5dd7b4560d0e2d3190e8.svg,Bekasi,https://deo.shopeemobile.com/shopee/modules-federation/live/0/shopee__item-card-standard-v2/0.2.8/pc/0614b8f0a8fdde22942d.svg,< 2 Hari,"iphone 13 128gb second resmi ex digimap fullset termurah
Rp
7.999.000
< 2 Hari
Bekasi",https://shopee.co.id/iphone-13-128gb-second-resmi-ex-digimap-fullset-termurah-i.123384083.28288179926?extraParams=%7B%22display_model_id%22%3A265568561262%2C%22model_selection_logic%22%3A3%7D&sp_atk=915e02a1-e9ca-4512-90c1-b7e381de37b3&xptdk=915e02a1-e9ca-4512-90c1-b7e381de37b3,,,
https://down-id.img.susercontent.com/file/sg-11134201-81zwk-mmr4gck3swsoed,,Iphone 11 Ponsel IP 11 Second 256GB/128GB/64GB Normal Inter Original 100% FULLSET MULUS Tali Gantungan,,Rp,2.090.000,-56%,,https://deo.shopeemobile.com/shopee/modules-federation/live/0/shopee__item-card-standard-v2/0.2.8/pc/d2a1900a0267d45fd0f5.png,,,,,,,https://deo.shopeemobile.com/shopee/modules-federation/live/0/shopee__item-card-standard-v2/0.2.8/pc/5dd7b4560d0e2d3190e8.svg,Malang,,,"Iphone 11 Ponsel IP 11 Second 256GB/128GB/64GB Normal Inter Original 100% FULLSET MULUS Tali Gantungan
Rp
2.090.000
-56%
Malang",https://shopee.co.id/Iphone-11-Ponsel-IP-11-Second-256GB-128GB-64GB-Normal-Inter-Original-100-FULLSET-MULUS-Tali-Gantungan-i.1786700569.53458324122?extraParams=%7B%22display_model_id%22%3A208821024041%2C%22model_selection_logic%22%3A3%7D&sp_atk=7271f3c4-9312-422f-b188-71ca0d98e68f&xptdk=7271f3c4-9312-422f-b188-71ca0d98e68f,,,
https://down-id.img.susercontent.com/file/id-11134207-8224p-mh8vns162xhpf1,https://down-id.img.susercontent.com/file/id-11134258-822wp-mnaxy73qunep28,EX IBOX iPhone 12 Mini | 13 Mini ex iBox IMEI Permanen Garansi 12 Bln 100% Original Second iPhone FULLSET 64GB 128GB 256GB 512GB,https://deo.shopeemobile.com/shopee/modules-federation/live/0/shopee__item-card-standard-v2/0.2.8/pc/e4734dab67ee2f9ebd5a.png,Rp,5.298.470,-1%,https://deo.shopeemobile.com/shopee/modules-federation/live/0/shopee__item-card-standard-v2/0.2.8/pc/b4d1b8a78b3621dbdf4a.svg,,Hadiah Gratis,https://deo.shopeemobile.com/shopee/modules-federation/live/0/shopee__item-card-standard-v2/0.2.8/pc/d7099d3fd1dfdaf705ab.svg,4.9,140 Terjual,https://deo.shopeemobile.com/shopee/modules-federation/live/0/shopee__item-card-standard-v2/0.2.8/pc/76dff349290d20891fc1.svg,,https://deo.shopeemobile.com/shopee/modules-federation/live/0/shopee__item-card-standard-v2/0.2.8/pc/5dd7b4560d0e2d3190e8.svg,Jakarta Selatan,,,"EX IBOX iPhone 12 Mini | 13 Mini ex iBox IMEI Permanen Garansi 12 Bln 100% Original Second iPhone FULLSET 64GB 128GB 256GB 512GB
Rp
5.298.470
-1%
Hadiah Gratis
4.9
140 Terjual
8-12 Hari
Jakarta Selatan",https://shopee.co.id/EX-IBOX-iPhone-12-Mini-13-Mini-ex-iBox-IMEI-Permanen-Garansi-12-Bln-100-Original-Second-iPhone-FULLSET-64GB-128GB-256GB-512GB-i.1437255344.27629874350?extraParams=%7B%22display_model_id%22%3A243523280013%2C%22model_selection_logic%22%3A3%7D&sp_atk=7c10b0f7-b787-4245-a50d-37c5a33efac8&xptdk=7c10b0f7-b787-4245-a50d-37c5a33efac8,,,
https://down-id.img.susercontent.com/file/id-11134207-822wk-mm42a4679u69c3,https://down-id.img.susercontent.com/file/id-11134258-8224v-mkvw0cu9r7k1a5,Iphone 15promax 256 resmi ibox second,,Rp,16.000.000,,,https://deo.shopeemobile.com/shopee/modules-federation/live/0/shopee__item-card-standard-v2/0.2.8/pc/d2a1900a0267d45fd0f5.png,,,,3-5 Hari,https://deo.shopeemobile.com/shopee/modules-federation/live/0/shopee__item-card-standard-v2/0.2.8/pc/76dff349290d20891fc1.svg,,https://deo.shopeemobile.com/shopee/modules-federation/live/0/shopee__item-card-standard-v2/0.2.8/pc/5dd7b4560d0e2d3190e8.svg,Kab. Bojonegoro,,,"Iphone 15promax 256 resmi ibox second
Rp
16.000.000
3-5 Hari
Kab. Bojonegoro",https://shopee.co.id/Iphone-15promax-256-resmi-ibox-second-i.75612057.46157540190?extraParams=%7B%22display_model_id%22%3A430669237352%2C%22model_selection_logic%22%3A3%7D&sp_atk=7c237f44-758d-4134-96ce-287196681f67&xptdk=7c237f44-758d-4134-96ce-287196681f67,,,
https://down-id.img.susercontent.com/file/id-11134207-822wj-mnapas6wrtvqbb,https://down-id.img.susercontent.com/file/id-11134258-8224v-mkvw0cu9r7k1a5,iPhone 13 PRO 128GB Second iBox Sierra Blue Original Apple Resmi Indonesia,https://deo.shopeemobile.com/shopee/modules-federation/live/0/shopee__item-card-standard-v2/0.2.8/pc/a425c915798471b33e5d.png,Rp,9.500.000,,,,Produk Baru,https://deo.shopeemobile.com/shopee/modules-federation/live/0/shopee__item-card-standard-v2/0.2.8/pc/d7099d3fd1dfdaf705ab.svg,5.0,2 Terjual,https://deo.shopeemobile.com/shopee/modules-federation/live/0/shopee__item-card-standard-v2/0.2.8/pc/38e203dc86172a6c6560.svg,,https://deo.shopeemobile.com/shopee/modules-federation/live/0/shopee__item-card-standard-v2/0.2.8/pc/5dd7b4560d0e2d3190e8.svg,Kab. Badung,https://deo.shopeemobile.com/shopee/modules-federation/live/0/shopee__item-card-standard-v2/0.2.8/pc/0614b8f0a8fdde22942d.svg,< 2 Hari,"iPhone 13 PRO 128GB Second iBox Sierra Blue Original Apple Resmi Indonesia
Rp
9.500.000
Produk Baru
5.0
2 Terjual
< 2 Hari
Kab. Badung",https://shopee.co.id/iPhone-13-PRO-128GB-Second-iBox-Sierra-Blue-Original-Apple-Resmi-Indonesia-i.170742776.45003442362?extraParams=%7B%22display_model_id%22%3A315798792147%2C%22model_selection_logic%22%3A3%7D&sp_atk=d293fb94-4a27-4bde-9f72-e64c80a692ea&xptdk=d293fb94-4a27-4bde-9f72-e64c80a692ea,,,
https://down-id.img.susercontent.com/file/id-11134207-822wr-mlgkoc3zy5mo76,https://down-id.img.susercontent.com/file/id-11134258-8224v-mkvw0cu9r7k1a5,iphone 15 promax 256GB second alloperator,,Rp,13.160.000,,,,,https://deo.shopeemobile.com/shopee/modules-federation/live/0/shopee__item-card-standard-v2/0.2.8/pc/0614b8f0a8fdde22942d.svg,,< 2 Hari,https://deo.shopeemobile.com/shopee/modules-federation/live/0/shopee__item-card-standard-v2/0.2.8/pc/38e203dc86172a6c6560.svg,,https://deo.shopeemobile.com/shopee/modules-federation/live/0/shopee__item-card-standard-v2/0.2.8/pc/5dd7b4560d0e2d3190e8.svg,Surakarta (Solo),https://deo.shopeemobile.com/shopee/modules-federation/live/0/shopee__item-card-standard-v2/0.2.8/pc/0614b8f0a8fdde22942d.svg,< 2 Hari,"iphone 15 promax 256GB second alloperator
Rp
13.160.000
< 2 Hari
Surakarta (Solo)",https://shopee.co.id/iphone-15-promax-256GB-second-alloperator-i.262263769.55056815763?extraParams=%7B%22display_model_id%22%3A405610674682%2C%22model_selection_logic%22%3A3%7D&sp_atk=a363f748-edd7-40b2-a66c-035e84313f8b&xptdk=a363f748-edd7-40b2-a66c-035e84313f8b,,,
https://down-id.img.susercontent.com/file/id-11134207-822wu-mn897lslgkci70,https://down-id.img.susercontent.com/file/id-11134258-8224v-mkvw0cu9r7k1a5,Hp Second iPhone 17 256GB ID/A Fullset Garansi,https://deo.shopeemobile.com/shopee/modules-federation/live/0/shopee__item-card-standard-v2/0.2.8/pc/a425c915798471b33e5d.png,Rp,16.900.000,,,,,https://deo.shopeemobile.com/shopee/modules-federation/live/0/shopee__item-card-standard-v2/0.2.8/pc/d7099d3fd1dfdaf705ab.svg,5.0,1 Terjual,https://deo.shopeemobile.com/shopee/modules-federation/live/0/shopee__item-card-standard-v2/0.2.8/pc/38e203dc86172a6c6560.svg,,https://deo.shopeemobile.com/shopee/modules-federation/live/0/shopee__item-card-standard-v2/0.2.8/pc/5dd7b4560d0e2d3190e8.svg,Jakarta Pusat,https://deo.shopeemobile.com/shopee/modules-federation/live/0/shopee__item-card-standard-v2/0.2.8/pc/0614b8f0a8fdde22942d.svg,< 2 Hari,"Hp Second iPhone 17 256GB ID/A Fullset Garansi
Rp
16.900.000
5.0
1 Terjual
< 2 Hari
Jakarta Pusat",https://shopee.co.id/Hp-Second-iPhone-17-256GB-ID-A-Fullset-Garansi-i.150306253.49456449812?extraParams=%7B%22display_model_id%22%3A315834413285%2C%22model_selection_logic%22%3A3%7D&sp_atk=044ecbb8-d0c3-4183-98ad-51345057eb5f&xptdk=044ecbb8-d0c3-4183-98ad-51345057eb5f,,,
https://down-id.img.susercontent.com/file/id-11134207-822wn-mlegfdq6baio69,https://down-id.img.susercontent.com/file/id-11134258-8224v-mkvw0cu9r7k1a5,iPhone 12 Second 64GB INTER ALL OPERATOR - GREEN,,Rp,4.249.000,,,https://deo.shopeemobile.com/shopee/modules-federation/live/0/shopee__item-card-standard-v2/0.2.8/pc/d2a1900a0267d45fd0f5.png,,,,2-4 Hari,https://deo.shopeemobile.com/shopee/modules-federation/live/0/shopee__item-card-standard-v2/0.2.8/pc/76dff349290d20891fc1.svg,,https://deo.shopeemobile.com/shopee/modules-federation/live/0/shopee__item-card-standard-v2/0.2.8/pc/5dd7b4560d0e2d3190e8.svg,Kab. Purworejo,,,"iPhone 12 Second 64GB INTER ALL OPERATOR - GREEN
Rp
4.249.000
2-4 Hari
Kab. Purworejo",https://shopee.co.id/iPhone-12-Second-64GB-INTER-ALL-OPERATOR-GREEN-i.917244005.55856709906?extraParams=%7B%22display_model_id%22%3A355603381001%2C%22model_selection_logic%22%3A3%7D&sp_atk=52c98895-fadb-42cb-8690-777be3d1fe93&xptdk=52c98895-fadb-42cb-8690-777be3d1fe93,,,
https://down-id.img.susercontent.com/file/id-11134207-7ra0i-mcj5dz8fnw9j30,https://down-id.img.susercontent.com/file/id-11134258-8224v-mkvw0cu9r7k1a5,Second iPhone 15 Pro 128gb 256gb Fullset No Minus Resmi iBox,https://deo.shopeemobile.com/shopee/modules-federation/live/0/shopee__item-card-standard-v2/0.2.8/pc/a425c915798471b33e5d.png,Rp,11.350.000,,,,,https://deo.shopeemobile.com/shopee/modules-federation/live/0/shopee__item-card-standard-v2/0.2.8/pc/d7099d3fd1dfdaf705ab.svg,5.0,6 Terjual,https://deo.shopeemobile.com/shopee/modules-federation/live/0/shopee__item-card-standard-v2/0.2.8/pc/38e203dc86172a6c6560.svg,,https://deo.shopeemobile.com/shopee/modules-federation/live/0/shopee__item-card-standard-v2/0.2.8/pc/5dd7b4560d0e2d3190e8.svg,Medan,https://deo.shopeemobile.com/shopee/modules-federation/live/0/shopee__item-card-standard-v2/0.2.8/pc/0614b8f0a8fdde22942d.svg,< 2 Hari,"Second iPhone 15 Pro 128gb 256gb Fullset No Minus Resmi iBox
Rp
11.350.000
5.0
6 Terjual
< 2 Hari
Medan",https://shopee.co.id/Second-iPhone-15-Pro-128gb-256gb-Fullset-No-Minus-Resmi-iBox-i.765446301.40509645903?extraParams=%7B%22display_model_id%22%3A285807451762%2C%22model_selection_logic%22%3A3%7D&sp_atk=802bd2c9-1411-4d53-a08a-3b146b30d380&xptdk=802bd2c9-1411-4d53-a08a-3b146b30d380,,,
https://down-id.img.susercontent.com/file/id-11134207-8224p-mkxikmsimznm66,https://down-id.img.susercontent.com/file/id-11134258-8224v-mkvw0cu9r7k1a5,iPhone 17 256GB Inter All Operator Sage Second,,Rp,15.998.000,,,,,https://deo.shopeemobile.com/shopee/modules-federation/live/0/shopee__item-card-standard-v2/0.2.8/pc/0614b8f0a8fdde22942d.svg,,< 2 Hari,https://deo.shopeemobile.com/shopee/modules-federation/live/0/shopee__item-card-standard-v2/0.2.8/pc/38e203dc86172a6c6560.svg,,https://deo.shopeemobile.com/shopee/modules-federation/live/0/shopee__item-card-standard-v2/0.2.8/pc/5dd7b4560d0e2d3190e8.svg,Bogor,https://deo.shopeemobile.com/shopee/modules-federation/live/0/shopee__item-card-standard-v2/0.2.8/pc/0614b8f0a8fdde22942d.svg,< 2 Hari,"iPhone 17 256GB Inter All Operator Sage Second
Rp
15.998.000
< 2 Hari
Bogor",https://shopee.co.id/iPhone-17-256GB-Inter-All-Operator-Sage-Second-i.325457930.55406292739?extraParams=%7B%22display_model_id%22%3A177383049969%2C%22model_selection_logic%22%3A3%7D&sp_atk=00dece01-6021-4c34-bf8f-5fd111741b14&xptdk=00dece01-6021-4c34-bf8f-5fd111741b14,,,
https://down-id.img.susercontent.com/file/id-11134207-7rbk7-m9lc4qy57nr620,https://down-id.img.susercontent.com/file/id-11134258-8224v-mkvw0cu9r7k1a5,iPhone 14 Plus Second All Provider & Bea Cukai 128GB 256GB 512GB Bergaransi,https://deo.shopeemobile.com/shopee/modules-federation/live/0/shopee__item-card-standard-v2/0.2.8/pc/e4734dab67ee2f9ebd5a.png,Rp,8.292.000,-1%,https://deo.shopeemobile.com/shopee/modules-federation/live/0/shopee__item-card-standard-v2/0.2.8/pc/b4d1b8a78b3621dbdf4a.svg,https://deo.shopeemobile.com/shopee/modules-federation/live/0/shopee__item-card-standard-v2/0.2.8/pc/d2a1900a0267d45fd0f5.png,Hadiah Gratis,,,1 Terjual,https://deo.shopeemobile.com/shopee/modules-federation/live/0/shopee__item-card-standard-v2/0.2.8/pc/76dff349290d20891fc1.svg,,https://deo.shopeemobile.com/shopee/modules-federation/live/0/shopee__item-card-standard-v2/0.2.8/pc/5dd7b4560d0e2d3190e8.svg,Kab. Sleman,,,"iPhone 14 Plus Second All Provider & Bea Cukai 128GB 256GB 512GB Bergaransi
Rp
8.292.000
-1%
Hadiah Gratis
1 Terjual
2-4 Hari
Kab. Sleman",https://shopee.co.id/iPhone-14-Plus-Second-All-Provider-Bea-Cukai-128GB-256GB-512GB-Bergaransi-i.313018280.44250412834?extraParams=%7B%22display_model_id%22%3A265033779137%2C%22model_selection_logic%22%3A3%7D&sp_atk=f8ea5fa8-7f23-4a03-bf9e-760781b681cd&xptdk=f8ea5fa8-7f23-4a03-bf9e-760781b681cd,,,
https://down-id.img.susercontent.com/file/id-11134207-822wl-mn2j9ba5g7pd51,https://down-id.img.susercontent.com/file/id-11134258-7r98w-lyezzaurybot13,Iphone 16 Pro Max 256gb Second Bergaransi,,Rp,17.500.000,,,,,,,3-6 Hari,https://deo.shopeemobile.com/shopee/modules-federation/live/0/shopee__item-card-standard-v2/0.2.8/pc/76dff349290d20891fc1.svg,,https://deo.shopeemobile.com/shopee/modules-federation/live/0/shopee__item-card-standard-v2/0.2.8/pc/5dd7b4560d0e2d3190e8.svg,Jakarta Timur,,,"Iphone 16 Pro Max 256gb Second Bergaransi
Rp
17.500.000
3-6 Hari
Jakarta Timur",https://shopee.co.id/Iphone-16-Pro-Max-256gb-Second-Bergaransi-i.1566042749.54458875307?extraParams=%7B%22display_model_id%22%3A325787144240%2C%22model_selection_logic%22%3A3%7D&sp_atk=1d0c727c-f8a4-4119-9a86-cbfc37c7731d&xptdk=1d0c727c-f8a4-4119-9a86-cbfc37c7731d,,,
https://down-id.img.susercontent.com/file/id-11134207-82250-mkdbp6qzjapyc4,https://down-id.img.susercontent.com/file/id-11134258-7ra0q-mbesqwmkb0gu9c,IPHONE 15 128GB IBOX 128//256GB Second Fullset,,Rp,11.000.000,,,,,https://deo.shopeemobile.com/shopee/modules-federation/live/0/shopee__item-card-standard-v2/0.2.8/pc/d7099d3fd1dfdaf705ab.svg,5.0,1 Terjual,https://deo.shopeemobile.com/shopee/modules-federation/live/0/shopee__item-card-standard-v2/0.2.8/pc/76dff349290d20891fc1.svg,,https://deo.shopeemobile.com/shopee/modules-federation/live/0/shopee__item-card-standard-v2/0.2.8/pc/5dd7b4560d0e2d3190e8.svg,Kab. Mojokerto,,,"IPHONE 15 128GB IBOX 128//256GB Second Fullset
Rp
11.000.000
5.0
1 Terjual
1-3 Hari
Kab. Mojokerto",https://shopee.co.id/IPHONE-15-128GB-IBOX-128-256GB-Second-Fullset-i.383280400.28431202286?extraParams=%7B%22display_model_id%22%3A440531686169%2C%22model_selection_logic%22%3A3%7D&sp_atk=31869a59-62f7-4802-8bd4-261aa0a2a362&xptdk=31869a59-62f7-4802-8bd4-261aa0a2a362,,,
https://down-id.img.susercontent.com/file/id-11134207-822wq-mm6yjqdy9r7o62,https://down-id.img.susercontent.com/file/id-11134258-822wr-mlx67rtd6r602f,iPhone 15 PLUS 128 iBox Digimap SECOND LIKE NEW,,Rp,11.500.000,,,,,,,8-13 Hari,https://deo.shopeemobile.com/shopee/modules-federation/live/0/shopee__item-card-standard-v2/0.2.8/pc/76dff349290d20891fc1.svg,,https://deo.shopeemobile.com/shopee/modules-federation/live/0/shopee__item-card-standard-v2/0.2.8/pc/5dd7b4560d0e2d3190e8.svg,Kab. Klaten,,,"iPhone 15 PLUS 128 iBox Digimap SECOND LIKE NEW
Rp
11.500.000
8-13 Hari
Kab. Klaten",https://shopee.co.id/iPhone-15-PLUS-128-iBox-Digimap-SECOND-LIKE-NEW-i.715821094.42052100711?extraParams=%7B%22display_model_id%22%3A270171983752%2C%22model_selection_logic%22%3A3%7D&sp_atk=7e6d9947-f8a1-4a1c-84b2-075616a0998f&xptdk=7e6d9947-f8a1-4a1c-84b2-075616a0998f,,,
https://down-id.img.susercontent.com/file/id-11134207-8224q-mk15j6szl0ckf2,https://down-id.img.susercontent.com/file/id-11134258-7r98w-lyezzaurybot13,iPhone 14 Pro Max 256GB Second Ibox Purple,,Rp,13.000.000,,,,,https://deo.shopeemobile.com/shopee/modules-federation/live/0/shopee__item-card-standard-v2/0.2.8/pc/0614b8f0a8fdde22942d.svg,,< 2 Hari,https://deo.shopeemobile.com/shopee/modules-federation/live/0/shopee__item-card-standard-v2/0.2.8/pc/38e203dc86172a6c6560.svg,,https://deo.shopeemobile.com/shopee/modules-federation/live/0/shopee__item-card-standard-v2/0.2.8/pc/5dd7b4560d0e2d3190e8.svg,Surabaya,https://deo.shopeemobile.com/shopee/modules-federation/live/0/shopee__item-card-standard-v2/0.2.8/pc/0614b8f0a8fdde22942d.svg,< 2 Hari,"iPhone 14 Pro Max 256GB Second Ibox Purple
Rp
13.000.000
< 2 Hari
Surabaya",https://shopee.co.id/iPhone-14-Pro-Max-256GB-Second-Ibox-Purple-i.271503235.55702827474?extraParams=%7B%22display_model_id%22%3A355273223353%2C%22model_selection_logic%22%3A3%7D&sp_atk=efe6908d-32c7-427b-9396-3aa022d5925a&xptdk=efe6908d-32c7-427b-9396-3aa022d5925a,,,
https://down-id.img.susercontent.com/file/id-11134207-8224t-ml1xmu9rb2f909,https://down-id.img.susercontent.com/file/id-11134258-8224v-mkvw0cu9r7k1a5,iPhone 15 256GB iBox Second Fullset Original,,Rp,11.500.000,,,,,https://deo.shopeemobile.com/shopee/modules-federation/live/0/shopee__item-card-standard-v2/0.2.8/pc/0614b8f0a8fdde22942d.svg,,< 2 Hari,https://deo.shopeemobile.com/shopee/modules-federation/live/0/shopee__item-card-standard-v2/0.2.8/pc/38e203dc86172a6c6560.svg,,https://deo.shopeemobile.com/shopee/modules-federation/live/0/shopee__item-card-standard-v2/0.2.8/pc/5dd7b4560d0e2d3190e8.svg,Surakarta (Solo),https://deo.shopeemobile.com/shopee/modules-federation/live/0/shopee__item-card-standard-v2/0.2.8/pc/0614b8f0a8fdde22942d.svg,< 2 Hari,"iPhone 15 256GB iBox Second Fullset Original
Rp
11.500.000
< 2 Hari
Surakarta (Solo)",https://shopee.co.id/iPhone-15-256GB-iBox-Second-Fullset-Original-i.370831434.43368672044?extraParams=%7B%22display_model_id%22%3A266531785557%2C%22model_selection_logic%22%3A3%7D&sp_atk=901d3d8b-31ec-4e5b-a36a-0212cf40eb1f&xptdk=901d3d8b-31ec-4e5b-a36a-0212cf40eb1f,,,
https://down-id.img.susercontent.com/file/id-11134207-8224x-mkxxglufwefbff,https://down-id.img.susercontent.com/file/id-11134258-7r98w-lyezzaurybot13,Apple iPhone XR 64GB Second inter Wifi Murah,,Rp,1.700.000,,,,,https://deo.shopeemobile.com/shopee/modules-federation/live/0/shopee__item-card-standard-v2/0.2.8/pc/0614b8f0a8fdde22942d.svg,,< 2 Hari,https://deo.shopeemobile.com/shopee/modules-federation/live/0/shopee__item-card-standard-v2/0.2.8/pc/38e203dc86172a6c6560.svg,,https://deo.shopeemobile.com/shopee/modules-federation/live/0/shopee__item-card-standard-v2/0.2.8/pc/5dd7b4560d0e2d3190e8.svg,Jakarta Selatan,https://deo.shopeemobile.com/shopee/modules-federation/live/0/shopee__item-card-standard-v2/0.2.8/pc/0614b8f0a8fdde22942d.svg,< 2 Hari,"Apple iPhone XR 64GB Second inter Wifi Murah
Rp
1.700.000
< 2 Hari
Jakarta Selatan",https://shopee.co.id/Apple-iPhone-XR-64GB-Second-inter-Wifi-Murah-i.1593677387.47106313707?extraParams=%7B%22display_model_id%22%3A350569911277%2C%22model_selection_logic%22%3A3%7D&sp_atk=ee807684-69a5-4306-a0bf-531ae39a7816&xptdk=ee807684-69a5-4306-a0bf-531ae39a7816,,,
https://down-id.img.susercontent.com/file/id-11134207-822wp-mm1agxyhrcaq73,,iPhone 11 256GB Pro Max A13 Bionic iBox Digimap Second,,Rp,4.000.000,,,,Grosir,,,5-9 Hari,https://deo.shopeemobile.com/shopee/modules-federation/live/0/shopee__item-card-standard-v2/0.2.8/pc/76dff349290d20891fc1.svg,,https://deo.shopeemobile.com/shopee/modules-federation/live/0/shopee__item-card-standard-v2/0.2.8/pc/5dd7b4560d0e2d3190e8.svg,Kab. Ogan Komering Ilir,,,"iPhone 11 256GB Pro Max A13 Bionic iBox Digimap Second
Rp
4.000.000
Grosir
5-9 Hari
Kab. Ogan Komering Ilir",https://shopee.co.id/iPhone-11-256GB-Pro-Max-A13-Bionic-iBox-Digimap-Second-i.1436959904.56357534327?extraParams=%7B%22display_model_id%22%3A345671166507%2C%22model_selection_logic%22%3A3%7D&sp_atk=f118572d-f72b-4d4b-859d-f09587c52504&xptdk=f118572d-f72b-4d4b-859d-f09587c52504,,,
https://down-id.img.susercontent.com/file/c80f0f276330415bc80ff0370f604924,https://down-id.img.susercontent.com/file/id-11134258-822wr-mlx67rtd6r602f,Hp iphone xs ram 64 giga. Iphone second xs ram 64 gb,,Rp,20.000.000,,,,,https://deo.shopeemobile.com/shopee/modules-federation/live/0/shopee__item-card-standard-v2/0.2.8/pc/d7099d3fd1dfdaf705ab.svg,5.0,15 Terjual,https://deo.shopeemobile.com/shopee/modules-federation/live/0/shopee__item-card-standard-v2/0.2.8/pc/76dff349290d20891fc1.svg,,https://deo.shopeemobile.com/shopee/modules-federation/live/0/shopee__item-card-standard-v2/0.2.8/pc/5dd7b4560d0e2d3190e8.svg,Kab. Rembang,,,"Hp iphone xs ram 64 giga. Iphone second xs ram 64 gb
Rp
20.000.000
5.0
15 Terjual
2-5 Hari
Kab. Rembang",https://shopee.co.id/Hp-iphone-xs-ram-64-giga.-Iphone-second-xs-ram-64-gb-i.297343968.21406776630?extraParams=%7B%22display_model_id%22%3A144660300950%2C%22model_selection_logic%22%3A3%7D&sp_atk=1038b938-da76-474f-8c6f-b39d0cee4c4f&xptdk=1038b938-da76-474f-8c6f-b39d0cee4c4f,,,
https://down-id.img.susercontent.com/file/id-11134207-7rbkd-m9l9q29lybxp0c,https://down-id.img.susercontent.com/file/id-11134258-8224v-mkvw0cu9r7k1a5,iPhonee 12 Pro Second All Provider & Bea Cukai 128GB 256GB 512GB Bergaransi,https://deo.shopeemobile.com/shopee/modules-federation/live/0/shopee__item-card-standard-v2/0.2.8/pc/e4734dab67ee2f9ebd5a.png,Rp,5.562.000,-9%,https://deo.shopeemobile.com/shopee/modules-federation/live/0/shopee__item-card-standard-v2/0.2.8/pc/b4d1b8a78b3621dbdf4a.svg,https://deo.shopeemobile.com/shopee/modules-federation/live/0/shopee__item-card-standard-v2/0.2.8/pc/d2a1900a0267d45fd0f5.png,Hadiah Gratis,https://deo.shopeemobile.com/shopee/modules-federation/live/0/shopee__item-card-standard-v2/0.2.8/pc/d7099d3fd1dfdaf705ab.svg,5.0,15 Terjual,https://deo.shopeemobile.com/shopee/modules-federation/live/0/shopee__item-card-standard-v2/0.2.8/pc/76dff349290d20891fc1.svg,,https://deo.shopeemobile.com/shopee/modules-federation/live/0/shopee__item-card-standard-v2/0.2.8/pc/5dd7b4560d0e2d3190e8.svg,Kab. Sleman,,,"iPhonee 12 Pro Second All Provider & Bea Cukai 128GB 256GB 512GB Bergaransi
Rp
5.562.000
-9%
Hadiah Gratis
5.0
15 Terjual
2-4 Hari
Kab. Sleman",https://shopee.co.id/iPhonee-12-Pro-Second-All-Provider-Bea-Cukai-128GB-256GB-512GB-Bergaransi-i.313018280.42650420399?extraParams=%7B%22display_model_id%22%3A260033004709%2C%22model_selection_logic%22%3A3%7D&sp_atk=f023f556-6d5f-4e94-836e-5d86637f4532&xptdk=f023f556-6d5f-4e94-836e-5d86637f4532,,,
https://down-id.img.susercontent.com/file/id-11134207-7r98u-lyjbctyfnup4b8,https://down-id.img.susercontent.com/file/id-11134258-8224v-mkvw0cu9r7k1a5,iPHONE XS 64GB SECOND LIKE NEW BERGARANSI,,Rp,2.568.000,,,,,https://deo.shopeemobile.com/shopee/modules-federation/live/0/shopee__item-card-standard-v2/0.2.8/pc/d7099d3fd1dfdaf705ab.svg,5.0,12 Terjual,https://deo.shopeemobile.com/shopee/modules-federation/live/0/shopee__item-card-standard-v2/0.2.8/pc/76dff349290d20891fc1.svg,,https://deo.shopeemobile.com/shopee/modules-federation/live/0/shopee__item-card-standard-v2/0.2.8/pc/5dd7b4560d0e2d3190e8.svg,Semarang,,,"iPHONE XS 64GB SECOND LIKE NEW BERGARANSI
Rp
2.568.000
5.0
12 Terjual
2-3 Hari
Semarang",https://shopee.co.id/iPHONE-XS-64GB-SECOND-LIKE-NEW-BERGARANSI-i.1320343086.28407008727?extraParams=%7B%22display_model_id%22%3A205287167208%2C%22model_selection_logic%22%3A3%7D&sp_atk=c34958a2-d2d3-4f2a-bffc-f7de5afcb981&xptdk=c34958a2-d2d3-4f2a-bffc-f7de5afcb981,,,
https://down-id.img.susercontent.com/file/id-11134207-8224u-mj76zvky5s75b2,https://down-id.img.susercontent.com/file/id-11134258-7r98w-lyezzaurybot13,iphone 15 promax 1 tb second ibox like new,,Rp,17.200.000,,,,,https://deo.shopeemobile.com/shopee/modules-federation/live/0/shopee__item-card-standard-v2/0.2.8/pc/d7099d3fd1dfdaf705ab.svg,5.0,1 Terjual,https://deo.shopeemobile.com/shopee/modules-federation/live/0/shopee__item-card-standard-v2/0.2.8/pc/76dff349290d20891fc1.svg,,https://deo.shopeemobile.com/shopee/modules-federation/live/0/shopee__item-card-standard-v2/0.2.8/pc/5dd7b4560d0e2d3190e8.svg,Surakarta (Solo),,,"iphone 15 promax 1 tb second ibox like new
Rp
17.200.000
5.0
1 Terjual
3-5 Hari
Surakarta (Solo)",https://shopee.co.id/iphone-15-promax-1-tb-second-ibox-like-new-i.1634688207.43273965644?extraParams=%7B%22display_model_id%22%3A291946438598%2C%22model_selection_logic%22%3A3%7D&sp_atk=6fb43773-35a9-49f7-85a4-2a749c8856f5&xptdk=6fb43773-35a9-49f7-85a4-2a749c8856f5,,,
https://down-id.img.susercontent.com/file/id-11134207-822wu-mlon2asihq0zd9,https://down-id.img.susercontent.com/file/id-11134258-8224v-mkvw0cu9r7k1a5,iphone 16 plus 128gb ibox second warna black,,Rp,13.400.000,,,,,https://deo.shopeemobile.com/shopee/modules-federation/live/0/shopee__item-card-standard-v2/0.2.8/pc/0614b8f0a8fdde22942d.svg,,< 2 Hari,https://deo.shopeemobile.com/shopee/modules-federation/live/0/shopee__item-card-standard-v2/0.2.8/pc/38e203dc86172a6c6560.svg,,https://deo.shopeemobile.com/shopee/modules-federation/live/0/shopee__item-card-standard-v2/0.2.8/pc/5dd7b4560d0e2d3190e8.svg,Surakarta (Solo),https://deo.shopeemobile.com/shopee/modules-federation/live/0/shopee__item-card-standard-v2/0.2.8/pc/0614b8f0a8fdde22942d.svg,< 2 Hari,"iphone 16 plus 128gb ibox second warna black
Rp
13.400.000
< 2 Hari
Surakarta (Solo)",https://shopee.co.id/iphone-16-plus-128gb-ibox-second-warna-black-i.370831434.45557069780?extraParams=%7B%22display_model_id%22%3A440629825777%2C%22model_selection_logic%22%3A3%7D&sp_atk=c0f29c52-f246-4e04-ba76-6f53e736d478&xptdk=c0f29c52-f246-4e04-ba76-6f53e736d478,,,
https://down-id.img.susercontent.com/file/id-11134207-7rbk1-m8w6ekia91jl01,https://down-id.img.susercontent.com/file/id-11134258-7r98w-lyezzaurybot13,Smartphone iPhone 8 & 8 Plus 64 GB Second Ex Resmi International All Operator,,Rp,685.000,-1%,https://deo.shopeemobile.com/shopee/modules-federation/live/0/shopee__item-card-standard-v2/0.2.8/pc/b4d1b8a78b3621dbdf4a.svg,https://deo.shopeemobile.com/shopee/modules-federation/live/0/shopee__item-card-standard-v2/0.2.8/pc/d2a1900a0267d45fd0f5.png,Cicilan,https://deo.shopeemobile.com/shopee/modules-federation/live/0/shopee__item-card-standard-v2/0.2.8/pc/d7099d3fd1dfdaf705ab.svg,4.8,38 Terjual,https://deo.shopeemobile.com/shopee/modules-federation/live/0/shopee__item-card-standard-v2/0.2.8/pc/76dff349290d20891fc1.svg,,https://deo.shopeemobile.com/shopee/modules-federation/live/0/shopee__item-card-standard-v2/0.2.8/pc/5dd7b4560d0e2d3190e8.svg,Kab. Gresik,,,"Smartphone iPhone 8 & 8 Plus 64 GB Second Ex Resmi International All Operator
Rp
685.000
-1%
Cicilan
4.8
38 Terjual
1-3 Hari
Kab. Gresik",https://shopee.co.id/Smartphone-iPhone-8-8-Plus-64-GB-Second-Ex-Resmi-International-All-Operator-i.309337020.5761964777?extraParams=%7B%22display_model_id%22%3A59874059442%2C%22model_selection_logic%22%3A3%7D&sp_atk=f3c39a76-c73c-43b5-8149-06c271332065&xptdk=f3c39a76-c73c-43b5-8149-06c271332065,,,
https://down-id.img.susercontent.com/file/id-11134207-7r98v-lr80ttfukbt9e5,https://down-id.img.susercontent.com/file/id-11134258-8224v-mkvw0cu9r7k1a5,Iphone 6g second 16gb 32gb 64gb,,Rp,621.000,-44%,,https://deo.shopeemobile.com/shopee/modules-federation/live/0/shopee__item-card-standard-v2/0.2.8/pc/d2a1900a0267d45fd0f5.png,,https://deo.shopeemobile.com/shopee/modules-federation/live/0/shopee__item-card-standard-v2/0.2.8/pc/d7099d3fd1dfdaf705ab.svg,4.4,65 Terjual,https://deo.shopeemobile.com/shopee/modules-federation/live/0/shopee__item-card-standard-v2/0.2.8/pc/76dff349290d20891fc1.svg,,https://deo.shopeemobile.com/shopee/modules-federation/live/0/shopee__item-card-standard-v2/0.2.8/pc/5dd7b4560d0e2d3190e8.svg,Kab. Jember,,,"Iphone 6g second 16gb 32gb 64gb
Rp
621.000
-44%
4.4
65 Terjual
4-6 Hari
Kab. Jember",https://shopee.co.id/Iphone-6g-second-16gb-32gb-64gb-i.853258473.24361924748?extraParams=%7B%22display_model_id%22%3A236033491882%2C%22model_selection_logic%22%3A3%7D&sp_atk=9f029a4d-b68b-4315-b65f-4c36719921bb&xptdk=9f029a4d-b68b-4315-b65f-4c36719921bb,,,
https://down-id.img.susercontent.com/file/id-11134207-8224t-mjs3an7wagw4b4,https://down-id.img.susercontent.com/file/id-11134258-8224v-mkvw0cu9r7k1a5,Second Iphone 13 128GB imei bc,https://deo.shopeemobile.com/shopee/modules-federation/live/0/shopee__item-card-standard-v2/0.2.8/pc/a425c915798471b33e5d.png,Rp,8.050.000,,,,,https://deo.shopeemobile.com/shopee/modules-federation/live/0/shopee__item-card-standard-v2/0.2.8/pc/0614b8f0a8fdde22942d.svg,,< 2 Hari,https://deo.shopeemobile.com/shopee/modules-federation/live/0/shopee__item-card-standard-v2/0.2.8/pc/38e203dc86172a6c6560.svg,,https://deo.shopeemobile.com/shopee/modules-federation/live/0/shopee__item-card-standard-v2/0.2.8/pc/5dd7b4560d0e2d3190e8.svg,Pontianak,https://deo.shopeemobile.com/shopee/modules-federation/live/0/shopee__item-card-standard-v2/0.2.8/pc/0614b8f0a8fdde22942d.svg,< 2 Hari,"Second Iphone 13 128GB imei bc
Rp
8.050.000
< 2 Hari
Pontianak",https://shopee.co.id/Second-Iphone-13-128GB-imei-bc-i.210508145.57555078432?extraParams=%7B%22display_model_id%22%3A380532470194%2C%22model_selection_logic%22%3A3%7D&sp_atk=2e8a6306-9823-4b00-b824-8894e74d5956&xptdk=2e8a6306-9823-4b00-b824-8894e74d5956,,,
https://down-id.img.susercontent.com/file/id-11134207-7rasl-m0stgsyisb3rbf,https://down-id.img.susercontent.com/file/id-11134258-8224v-mkvw0cu9r7k1a5,second iPhone 12 Pro Max 128Gb fullset,,Rp,8.000.000,,,,,https://deo.shopeemobile.com/shopee/modules-federation/live/0/shopee__item-card-standard-v2/0.2.8/pc/0614b8f0a8fdde22942d.svg,,< 2 Hari,https://deo.shopeemobile.com/shopee/modules-federation/live/0/shopee__item-card-standard-v2/0.2.8/pc/38e203dc86172a6c6560.svg,,https://deo.shopeemobile.com/shopee/modules-federation/live/0/shopee__item-card-standard-v2/0.2.8/pc/5dd7b4560d0e2d3190e8.svg,Malang,https://deo.shopeemobile.com/shopee/modules-federation/live/0/shopee__item-card-standard-v2/0.2.8/pc/0614b8f0a8fdde22942d.svg,< 2 Hari,"second iPhone 12 Pro Max 128Gb fullset
Rp
8.000.000
< 2 Hari
Malang",https://shopee.co.id/second-iPhone-12-Pro-Max-128Gb-fullset-i.160408037.27112820273?extraParams=%7B%22display_model_id%22%3A197846919449%2C%22model_selection_logic%22%3A3%7D&sp_atk=4fd9b528-bcad-4ce7-b397-c7d8a51e301c&xptdk=4fd9b528-bcad-4ce7-b397-c7d8a51e301c,,,
https://down-id.img.susercontent.com/file/id-11134207-8224q-mj5ojt8m0o3n31,https://down-id.img.susercontent.com/file/id-11134258-7ra0q-mbesqwmkb0gu9c,I Phone 12 Pro 128GB // 256GB Second Fullset IBOX,,Rp,7.699.900,,,,,,,1 Terjual,https://deo.shopeemobile.com/shopee/modules-federation/live/0/shopee__item-card-standard-v2/0.2.8/pc/76dff349290d20891fc1.svg,,https://deo.shopeemobile.com/shopee/modules-federation/live/0/shopee__item-card-standard-v2/0.2.8/pc/5dd7b4560d0e2d3190e8.svg,Kab. Mojokerto,,,"I Phone 12 Pro 128GB // 256GB Second Fullset IBOX
Rp
7.699.900
1 Terjual
1-3 Hari
Kab. Mojokerto",https://shopee.co.id/I-Phone-12-Pro-128GB-256GB-Second-Fullset-IBOX-i.383280400.41906847292?extraParams=%7B%22display_model_id%22%3A315399368559%2C%22model_selection_logic%22%3A3%7D&sp_atk=4fb9ead0-e833-45f3-a20b-d6021fba854a&xptdk=4fb9ead0-e833-45f3-a20b-d6021fba854a,,,
https://down-id.img.susercontent.com/file/id-11134207-822wn-mlrhwpam8qv856,https://down-id.img.susercontent.com/file/id-11134258-7r98w-lyezzaurybot13,Apple iPhone 11 64GB 128GB Second Used Secondhand Bekas Ex Resmi Indonesia,https://deo.shopeemobile.com/shopee/modules-federation/live/0/shopee__item-card-standard-v2/0.2.8/pc/a425c915798471b33e5d.png,Rp,5.083.000,-15%,,,,https://deo.shopeemobile.com/shopee/modules-federation/live/0/shopee__item-card-standard-v2/0.2.8/pc/0614b8f0a8fdde22942d.svg,,< 2 Hari,https://deo.shopeemobile.com/shopee/modules-federation/live/0/shopee__item-card-standard-v2/0.2.8/pc/38e203dc86172a6c6560.svg,,https://deo.shopeemobile.com/shopee/modules-federation/live/0/shopee__item-card-standard-v2/0.2.8/pc/5dd7b4560d0e2d3190e8.svg,Jakarta Timur,https://deo.shopeemobile.com/shopee/modules-federation/live/0/shopee__item-card-standard-v2/0.2.8/pc/0614b8f0a8fdde22942d.svg,< 2 Hari,"Apple iPhone 11 64GB 128GB Second Used Secondhand Bekas Ex Resmi Indonesia
Rp
5.083.000
-15%
< 2 Hari
Jakarta Timur",https://shopee.co.id/Apple-iPhone-11-64GB-128GB-Second-Used-Secondhand-Bekas-Ex-Resmi-Indonesia-i.1721491803.50507155087?extraParams=%7B%22display_model_id%22%3A350637875570%2C%22model_selection_logic%22%3A3%7D&sp_atk=2e0d3838-1014-46b3-8d10-e7ed46d32fac&xptdk=2e0d3838-1014-46b3-8d10-e7ed46d32fac,,,
https://down-id.img.susercontent.com/file/id-11134207-822wh-mn3surt2e22tb1,,Second iPhone 7 128 GB - iPhone JADUL MURAH (Baca Deskripsi),,Rp,765.350,,,,,https://deo.shopeemobile.com/shopee/modules-federation/live/0/shopee__item-card-standard-v2/0.2.8/pc/d7099d3fd1dfdaf705ab.svg,5.0,2 Terjual,https://deo.shopeemobile.com/shopee/modules-federation/live/0/shopee__item-card-standard-v2/0.2.8/pc/76dff349290d20891fc1.svg,,https://deo.shopeemobile.com/shopee/modules-federation/live/0/shopee__item-card-standard-v2/0.2.8/pc/5dd7b4560d0e2d3190e8.svg,Kab. Brebes,,,"Second iPhone 7 128 GB - iPhone JADUL MURAH (Baca Deskripsi)
Rp
765.350
5.0
2 Terjual
2-4 Hari
Kab. Brebes",https://shopee.co.id/Second-iPhone-7-128-GB-iPhone-JADUL-MURAH-(Baca-Deskripsi)-i.23336889.26233774964?extraParams=%7B%22display_model_id%22%3A108785116486%2C%22model_selection_logic%22%3A3%7D&sp_atk=4be3d49d-12f1-48c7-b755-69b50ff2d3bb&xptdk=4be3d49d-12f1-48c7-b755-69b50ff2d3bb,,,
https://down-id.img.susercontent.com/file/id-11134207-7rbk9-m9h2i8c21hqpd2,https://down-id.img.susercontent.com/file/id-11134258-8224v-mkvw0cu9r7k1a5,iPhonee 14 Second All Provider & Bea Cukai 128GB 256GB 512GB Bergaransi,https://deo.shopeemobile.com/shopee/modules-federation/live/0/shopee__item-card-standard-v2/0.2.8/pc/e4734dab67ee2f9ebd5a.png,Rp,6.622.000,-12%,https://deo.shopeemobile.com/shopee/modules-federation/live/0/shopee__item-card-standard-v2/0.2.8/pc/b4d1b8a78b3621dbdf4a.svg,https://deo.shopeemobile.com/shopee/modules-federation/live/0/shopee__item-card-standard-v2/0.2.8/pc/d2a1900a0267d45fd0f5.png,Hadiah Gratis,https://deo.shopeemobile.com/shopee/modules-federation/live/0/shopee__item-card-standard-v2/0.2.8/pc/d7099d3fd1dfdaf705ab.svg,5.0,4 Terjual,https://deo.shopeemobile.com/shopee/modules-federation/live/0/shopee__item-card-standard-v2/0.2.8/pc/76dff349290d20891fc1.svg,,https://deo.shopeemobile.com/shopee/modules-federation/live/0/shopee__item-card-standard-v2/0.2.8/pc/5dd7b4560d0e2d3190e8.svg,Kab. Sleman,,,"iPhonee 14 Second All Provider & Bea Cukai 128GB 256GB 512GB Bergaransi
Rp
6.622.000
-12%
Hadiah Gratis
5.0
4 Terjual
2-4 Hari
Kab. Sleman",https://shopee.co.id/iPhonee-14-Second-All-Provider-Bea-Cukai-128GB-256GB-512GB-Bergaransi-i.313018280.42050422532?extraParams=%7B%22display_model_id%22%3A243408302119%2C%22model_selection_logic%22%3A3%7D&sp_atk=3eb3c799-3e85-4f0d-b831-b78e1aa8d7d5&xptdk=3eb3c799-3e85-4f0d-b831-b78e1aa8d7d5,,,
https://down-id.img.susercontent.com/file/id-11134207-8224z-mkezqvlff1fs0f,https://down-id.img.susercontent.com/file/id-11134258-8224v-mkvw0cu9r7k1a5,iPhone 13 Second All Operator Ex Inter Original – Bergaransi 3 bulan Siap Pakai,https://deo.shopeemobile.com/shopee/modules-federation/live/0/shopee__item-card-standard-v2/0.2.8/pc/a425c915798471b33e5d.png,Rp,6.964.200,,,https://deo.shopeemobile.com/shopee/modules-federation/live/0/shopee__item-card-standard-v2/0.2.8/pc/d2a1900a0267d45fd0f5.png,,https://deo.shopeemobile.com/shopee/modules-federation/live/0/shopee__item-card-standard-v2/0.2.8/pc/0614b8f0a8fdde22942d.svg,,< 2 Hari,https://deo.shopeemobile.com/shopee/modules-federation/live/0/shopee__item-card-standard-v2/0.2.8/pc/38e203dc86172a6c6560.svg,,https://deo.shopeemobile.com/shopee/modules-federation/live/0/shopee__item-card-standard-v2/0.2.8/pc/5dd7b4560d0e2d3190e8.svg,Jakarta Barat,https://deo.shopeemobile.com/shopee/modules-federation/live/0/shopee__item-card-standard-v2/0.2.8/pc/0614b8f0a8fdde22942d.svg,< 2 Hari,"iPhone 13 Second All Operator Ex Inter Original – Bergaransi 3 bulan Siap Pakai
Rp
6.964.200
< 2 Hari
Jakarta Barat",https://shopee.co.id/iPhone-13-Second-All-Operator-Ex-Inter-Original-%E2%80%93-Bergaransi-3-bulan-Siap-Pakai-i.1736138497.47755944671?extraParams=%7B%22display_model_id%22%3A365735218056%2C%22model_selection_logic%22%3A3%7D&sp_atk=dcc59903-a5f0-44ae-afd5-fe8c8a0922a9&xptdk=dcc59903-a5f0-44ae-afd5-fe8c8a0922a9,,,
https://down-id.img.susercontent.com/file/sg-11134201-82626-mk79m34y4q9x4f,https://down-id.img.susercontent.com/file/id-11134258-7r98w-lyezzaurybot13,iPhone 13 128gb Second Original FULLSET Mulus Like New,,Rp,5.400.000,,,,,https://deo.shopeemobile.com/shopee/modules-federation/live/0/shopee__item-card-standard-v2/0.2.8/pc/0614b8f0a8fdde22942d.svg,,< 2 Hari,https://deo.shopeemobile.com/shopee/modules-federation/live/0/shopee__item-card-standard-v2/0.2.8/pc/38e203dc86172a6c6560.svg,,https://deo.shopeemobile.com/shopee/modules-federation/live/0/shopee__item-card-standard-v2/0.2.8/pc/5dd7b4560d0e2d3190e8.svg,Denpasar,https://deo.shopeemobile.com/shopee/modules-federation/live/0/shopee__item-card-standard-v2/0.2.8/pc/0614b8f0a8fdde22942d.svg,< 2 Hari,"iPhone 13 128gb Second Original FULLSET Mulus Like New
Rp
5.400.000
< 2 Hari
Denpasar",https://shopee.co.id/iPhone-13-128gb-Second-Original-FULLSET-Mulus-Like-New-i.942335660.55355693545?extraParams=%7B%22display_model_id%22%3A315516437436%2C%22model_selection_logic%22%3A3%7D&sp_atk=1d7aa7af-e60e-4d72-96fd-9a04ff2ec68d&xptdk=1d7aa7af-e60e-4d72-96fd-9a04ff2ec68d,,,
https://down-id.img.susercontent.com/file/id-11134207-8224v-mk55gbyzn8y08f,https://down-id.img.susercontent.com/file/id-11134258-7r98w-lyezzaurybot13,iPhone 8 Plus 64GB Second Minus Murah,,Rp,1.500.000,,,,,,,2-4 Hari,https://deo.shopeemobile.com/shopee/modules-federation/live/0/shopee__item-card-standard-v2/0.2.8/pc/76dff349290d20891fc1.svg,,https://deo.shopeemobile.com/shopee/modules-federation/live/0/shopee__item-card-standard-v2/0.2.8/pc/5dd7b4560d0e2d3190e8.svg,Kab. Subang,,,"iPhone 8 Plus 64GB Second Minus Murah
Rp
1.500.000
2-4 Hari
Kab. Subang",https://shopee.co.id/iPhone-8-Plus-64GB-Second-Minus-Murah-i.161076001.51455654849?extraParams=%7B%22display_model_id%22%3A315513242997%2C%22model_selection_logic%22%3A3%7D&sp_atk=b95d6c38-3c36-4f2f-8393-140b1b784107&xptdk=b95d6c38-3c36-4f2f-8393-140b1b784107,,,
https://down-id.img.susercontent.com/file/id-11134207-822wu-mmriveela41u82,https://down-id.img.susercontent.com/file/id-11134258-8224v-mkvw0cu9r7k1a5,"Second , iPhone 17 , 256GB , Mist Blue , MG6L4PA/A",,Rp,17.249.000,,,,,https://deo.shopeemobile.com/shopee/modules-federation/live/0/shopee__item-card-standard-v2/0.2.8/pc/0614b8f0a8fdde22942d.svg,,Hari Ini 12:00,https://deo.shopeemobile.com/shopee/modules-federation/live/0/shopee__item-card-standard-v2/0.2.8/pc/38e203dc86172a6c6560.svg,,https://deo.shopeemobile.com/shopee/modules-federation/live/0/shopee__item-card-standard-v2/0.2.8/pc/5dd7b4560d0e2d3190e8.svg,Surabaya,https://deo.shopeemobile.com/shopee/modules-federation/live/0/shopee__item-card-standard-v2/0.2.8/pc/0614b8f0a8fdde22942d.svg,Hari Ini 12:00,"Second , iPhone 17 , 256GB , Mist Blue , MG6L4PA/A
Rp
17.249.000
Hari Ini 12:00
Surabaya",https://shopee.co.id/Second-iPhone-17-256GB-Mist-Blue-MG6L4PA-A-i.239661779.56756320394?extraParams=%7B%22display_model_id%22%3A430570915511%2C%22model_selection_logic%22%3A3%7D&sp_atk=aa079eda-7e42-45d8-af03-7d8b0e754a2b&xptdk=aa079eda-7e42-45d8-af03-7d8b0e754a2b,,,
https://down-id.img.susercontent.com/file/id-11134207-7rbk0-m9h2i8c1x9qq7a,https://down-id.img.susercontent.com/file/id-11134258-8224v-mkvw0cu9r7k1a5,iPhone 11 Pro Second All Provider & Bea Cukai 64GB 256GB 512GB Bergaransi,https://deo.shopeemobile.com/shopee/modules-federation/live/0/shopee__item-card-standard-v2/0.2.8/pc/e4734dab67ee2f9ebd5a.png,Rp,4.287.000,-11%,,https://deo.shopeemobile.com/shopee/modules-federation/live/0/shopee__item-card-standard-v2/0.2.8/pc/d2a1900a0267d45fd0f5.png,Hadiah Gratis,https://deo.shopeemobile.com/shopee/modules-federation/live/0/shopee__item-card-standard-v2/0.2.8/pc/d7099d3fd1dfdaf705ab.svg,4.8,23 Terjual,https://deo.shopeemobile.com/shopee/modules-federation/live/0/shopee__item-card-standard-v2/0.2.8/pc/76dff349290d20891fc1.svg,,https://deo.shopeemobile.com/shopee/modules-federation/live/0/shopee__item-card-standard-v2/0.2.8/pc/5dd7b4560d0e2d3190e8.svg,Kab. Sleman,,,"iPhone 11 Pro Second All Provider & Bea Cukai 64GB 256GB 512GB Bergaransi
Rp
4.287.000
-11%
Hadiah Gratis
4.8
23 Terjual
2-4 Hari
Kab. Sleman",https://shopee.co.id/iPhone-11-Pro-Second-All-Provider-Bea-Cukai-64GB-256GB-512GB-Bergaransi-i.313018280.27578873511?extraParams=%7B%22display_model_id%22%3A270038994734%2C%22model_selection_logic%22%3A3%7D&sp_atk=b5ae267a-705f-41a7-8d75-7781e7344ce1&xptdk=b5ae267a-705f-41a7-8d75-7781e7344ce1,,,
https://down-id.img.susercontent.com/file/id-11134207-7qul8-lfha7cm5lg5x14,https://down-id.img.susercontent.com/file/id-11134258-8224v-mkvw0cu9r7k1a5,iPhone 11 256GB/128GB/64GB SECOND ORIGINAL FULLSET MULUS,,Rp,4.190.000,,,https://deo.shopeemobile.com/shopee/modules-federation/live/0/shopee__item-card-standard-v2/0.2.8/pc/d2a1900a0267d45fd0f5.png,,https://deo.shopeemobile.com/shopee/modules-federation/live/0/shopee__item-card-standard-v2/0.2.8/pc/d7099d3fd1dfdaf705ab.svg,4.9,10RB+ Terjual,https://deo.shopeemobile.com/shopee/modules-federation/live/0/shopee__item-card-standard-v2/0.2.8/pc/76dff349290d20891fc1.svg,,https://deo.shopeemobile.com/shopee/modules-federation/live/0/shopee__item-card-standard-v2/0.2.8/pc/5dd7b4560d0e2d3190e8.svg,Jakarta Pusat,,,"iPhone 11 256GB/128GB/64GB SECOND ORIGINAL FULLSET MULUS
Rp
4.190.000
4.9
10RB+ Terjual
4-6 Hari
Jakarta Pusat",https://shopee.co.id/iPhone-11-256GB-128GB-64GB-SECOND-ORIGINAL-FULLSET-MULUS-i.50200636.21539244162?extraParams=%7B%22display_model_id%22%3A175819878225%2C%22model_selection_logic%22%3A3%7D&sp_atk=c7f723e9-6df4-41ff-abc4-9137338553e0&xptdk=c7f723e9-6df4-41ff-abc4-9137338553e0,,,
