-image-yazkc-11,text-sm,inline-block,text-xs/sp14,font-medium,text-ellipsis,img,text-xs/sp14_2,text-xs,pointer-events-none,w-auto,text-white,pointer-events-none_2,align-middle,-image-yazkc-11_2,text-shopee-primary,truncate,text-white_2,pointer-events-none_3,_container,_container_link,img_2,text-xs_2,text-shopee-green,text-xs/sp14_3
https://down-id.img.susercontent.com/file/id-11134207-81zte-mfrxhddtu2a425,REALME C71 4/128GB & 6/128GB & 8/128GB SECOND,https://deo.shopeemobile.com/shopee/modules-federation/live/0/shopee__item-card-standard-v2/0.2.8/pc/e4734dab67ee2f9ebd5a.png,Rp,1.999.000,https://deo.shopeemobile.com/shopee/modules-federation/live/0/shopee__item-card-standard-v2/0.2.8/pc/d2a1900a0267d45fd0f5.png,https://deo.shopeemobile.com/shopee/modules-federation/live/0/shopee__item-card-standard-v2/0.2.8/pc/d7099d3fd1dfdaf705ab.svg,4.7,34 Terjual,https://deo.shopeemobile.com/shopee/modules-federation/live/0/shopee__item-card-standard-v2/0.2.8/pc/38e203dc86172a6c6560.svg,https://deo.shopeemobile.com/shopee/modules-federation/live/0/shopee__item-card-standard-v2/0.2.8/pc/0614b8f0a8fdde22942d.svg,< 2 Hari,https://deo.shopeemobile.com/shopee/modules-federation/live/0/shopee__item-card-standard-v2/0.2.8/pc/5dd7b4560d0e2d3190e8.svg,Jakarta Barat,,,,< 2 Hari,,"REALME C71 4/128GB & 6/128GB & 8/128GB SECOND
Rp
1.999.000
4.7
34 Terjual
< 2 Hari
Jakarta Barat",https://shopee.co.id/REALME-C71-4-128GB-6-128GB-8-128GB-SECOND-i.86064906.43523916080?extraParams=%7B%22display_model_id%22%3A340005901427%2C%22model_selection_logic%22%3A3%7D&sp_atk=2d8dabaf-950e-4098-9503-177ceba043d3&xptdk=2d8dabaf-950e-4098-9503-177ceba043d3,,,,
https://down-id.img.susercontent.com/file/id-11134207-822wp-mn6inrl289he6d,Realme 15 5g 8/256gb second hp only,,Rp,2.900.000,,,,3-5 Hari,https://deo.shopeemobile.com/shopee/modules-federation/live/0/shopee__item-card-standard-v2/0.2.8/pc/76dff349290d20891fc1.svg,,,https://deo.shopeemobile.com/shopee/modules-federation/live/0/shopee__item-card-standard-v2/0.2.8/pc/5dd7b4560d0e2d3190e8.svg,Jakarta Timur,https://down-id.img.susercontent.com/file/id-11134258-7r98w-lyezzaurybot13,,,,,"Realme 15 5g 8/256gb second hp only
Rp
2.900.000
3-5 Hari
Jakarta Timur",https://shopee.co.id/Realme-15-5g-8-256gb-second-hp-only-i.98781325.51959035843?extraParams=%7B%22display_model_id%22%3A272547399315%2C%22model_selection_logic%22%3A3%7D&sp_atk=22b85843-3098-449e-bd7e-a1c84ef9aa29&xptdk=22b85843-3098-449e-bd7e-a1c84ef9aa29,,,,
https://down-id.img.susercontent.com/file/id-11134207-822wq-mmzp06slixoj35,Realme 12 Plus 8/256 Fulset (Second),,Rp,2.200.000,,,,4-6 Hari,https://deo.shopeemobile.com/shopee/modules-federation/live/0/shopee__item-card-standard-v2/0.2.8/pc/76dff349290d20891fc1.svg,,,https://deo.shopeemobile.com/shopee/modules-federation/live/0/shopee__item-card-standard-v2/0.2.8/pc/5dd7b4560d0e2d3190e8.svg,Kab. Demak,https://down-id.img.susercontent.com/file/id-11134258-7r98w-lyezzaurybot13,,,,,"Realme 12 Plus 8/256 Fulset (Second)
Rp
2.200.000
4-6 Hari
Kab. Demak",https://shopee.co.id/Realme-12-Plus-8-256-Fulset-(Second)-i.238073021.44508741705?extraParams=%7B%22display_model_id%22%3A365773888477%2C%22model_selection_logic%22%3A3%7D&sp_atk=6ed0bf37-9353-4b6e-a795-17a88e5c9617&xptdk=6ed0bf37-9353-4b6e-a795-17a88e5c9617,,,,
https://down-id.img.susercontent.com/file/id-11134207-7rbk8-m69fkqq5rifqc4,Realme C61 8/128 GB Resmi Realme Indonesia Second Bekas Original,https://deo.shopeemobile.com/shopee/modules-federation/live/0/shopee__item-card-standard-v2/0.2.8/pc/e4734dab67ee2f9ebd5a.png,Rp,1.249.000,,https://deo.shopeemobile.com/shopee/modules-federation/live/0/shopee__item-card-standard-v2/0.2.8/pc/d7099d3fd1dfdaf705ab.svg,5.0,13 Terjual,https://deo.shopeemobile.com/shopee/modules-federation/live/0/shopee__item-card-standard-v2/0.2.8/pc/38e203dc86172a6c6560.svg,https://deo.shopeemobile.com/shopee/modules-federation/live/0/shopee__item-card-standard-v2/0.2.8/pc/0614b8f0a8fdde22942d.svg,< 2 Hari,https://deo.shopeemobile.com/shopee/modules-federation/live/0/shopee__item-card-standard-v2/0.2.8/pc/5dd7b4560d0e2d3190e8.svg,Jakarta Utara,,,,< 2 Hari,,"Realme C61 8/128 GB Resmi Realme Indonesia Second Bekas Original
Rp
1.249.000
5.0
13 Terjual
< 2 Hari
Jakarta Utara",https://shopee.co.id/Realme-C61-8-128-GB-Resmi-Realme-Indonesia-Second-Bekas-Original-i.304735900.27320928225?extraParams=%7B%22display_model_id%22%3A178608296678%2C%22model_selection_logic%22%3A3%7D&sp_atk=c20418bb-7285-4ed1-8699-d5d1ec309139&xptdk=c20418bb-7285-4ed1-8699-d5d1ec309139,,,,
https://down-id.img.susercontent.com/file/id-11134207-822wo-mn9wnbfn239e5e,Handphone HP Realme 12Pro Plus 13 14 5G 8/256 Original Second resmi,https://deo.shopeemobile.com/shopee/modules-federation/live/0/shopee__item-card-standard-v2/0.2.8/pc/e4734dab67ee2f9ebd5a.png,Rp,2.499.000,,,,1 Terjual,https://deo.shopeemobile.com/shopee/modules-federation/live/0/shopee__item-card-standard-v2/0.2.8/pc/76dff349290d20891fc1.svg,,,https://deo.shopeemobile.com/shopee/modules-federation/live/0/shopee__item-card-standard-v2/0.2.8/pc/5dd7b4560d0e2d3190e8.svg,Jakarta Timur,https://down-id.img.susercontent.com/file/id-11134258-822wr-mlx67rtd6r602f,,,,,"Handphone HP Realme 12Pro Plus 13 14 5G 8/256 Original Second resmi
Rp
2.499.000
1 Terjual
3-5 Hari
Jakarta Timur",https://shopee.co.id/Handphone-HP-Realme-12Pro-Plus-13-14-5G-8-256-Original-Second-resmi-i.221779283.48909182584?extraParams=%7B%22display_model_id%22%3A307553786933%2C%22model_selection_logic%22%3A3%7D&sp_atk=e1a913cd-9af2-493a-b0dc-92fb250eaeb7&xptdk=e1a913cd-9af2-493a-b0dc-92fb250eaeb7,,,,
https://down-id.img.susercontent.com/file/id-11134207-81ztm-meqtvrhahfrb01,REALME NOTE 60 // NOTE60X 4/64GB SECOND MULUS TERAWAT,https://deo.shopeemobile.com/shopee/modules-federation/live/0/shopee__item-card-standard-v2/0.2.8/pc/e4734dab67ee2f9ebd5a.png,Rp,1.279.000,,https://deo.shopeemobile.com/shopee/modules-federation/live/0/shopee__item-card-standard-v2/0.2.8/pc/d7099d3fd1dfdaf705ab.svg,5.0,24 Terjual,https://deo.shopeemobile.com/shopee/modules-federation/live/0/shopee__item-card-standard-v2/0.2.8/pc/38e203dc86172a6c6560.svg,https://deo.shopeemobile.com/shopee/modules-federation/live/0/shopee__item-card-standard-v2/0.2.8/pc/0614b8f0a8fdde22942d.svg,Besok 12:00,https://deo.shopeemobile.com/shopee/modules-federation/live/0/shopee__item-card-standard-v2/0.2.8/pc/5dd7b4560d0e2d3190e8.svg,Kab. Sidoarjo,https://down-id.img.susercontent.com/file/id-11134258-8224v-mkvw0cu9r7k1a5,,,Besok 12:00,,"REALME NOTE 60 // NOTE60X 4/64GB SECOND MULUS TERAWAT
Rp
1.279.000
5.0
24 Terjual
Besok 12:00
Kab. Sidoarjo",https://shopee.co.id/REALME-NOTE-60-NOTE60X-4-64GB-SECOND-MULUS-TERAWAT-i.309409025.40769352124?extraParams=%7B%22display_model_id%22%3A267048898582%2C%22model_selection_logic%22%3A3%7D&sp_atk=fb05597b-2499-4c7d-9ed5-1cda73520792&xptdk=fb05597b-2499-4c7d-9ed5-1cda73520792,,,,
https://down-id.img.susercontent.com/file/id-11134207-7r98t-lxik2zcu12xq87,Realme C55 6/128 | 8/256 GB Garansi Resmi Indonesia Fullset Second Bekas Seken Original,https://deo.shopeemobile.com/shopee/modules-federation/live/0/shopee__item-card-standard-v2/0.2.8/pc/e4734dab67ee2f9ebd5a.png,Rp,1.449.000,,https://deo.shopeemobile.com/shopee/modules-federation/live/0/shopee__item-card-standard-v2/0.2.8/pc/d7099d3fd1dfdaf705ab.svg,4.9,108 Terjual,https://deo.shopeemobile.com/shopee/modules-federation/live/0/shopee__item-card-standard-v2/0.2.8/pc/38e203dc86172a6c6560.svg,https://deo.shopeemobile.com/shopee/modules-federation/live/0/shopee__item-card-standard-v2/0.2.8/pc/0614b8f0a8fdde22942d.svg,< 2 Hari,https://deo.shopeemobile.com/shopee/modules-federation/live/0/shopee__item-card-standard-v2/0.2.8/pc/5dd7b4560d0e2d3190e8.svg,Jakarta Utara,,,,< 2 Hari,,"Realme C55 6/128 | 8/256 GB Garansi Resmi Indonesia Fullset Second Bekas Seken Original
Rp
1.449.000
4.9
108 Terjual
< 2 Hari
Jakarta Utara",https://shopee.co.id/Realme-C55-6-128-8-256-GB-Garansi-Resmi-Indonesia-Fullset-Second-Bekas-Seken-Original-i.304735900.24652315289?extraParams=%7B%22display_model_id%22%3A168299330072%2C%22model_selection_logic%22%3A3%7D&sp_atk=1d031ea5-55ef-4f78-b855-f3e31f527c28&xptdk=1d031ea5-55ef-4f78-b855-f3e31f527c28,,,,
https://down-id.img.susercontent.com/file/id-11134207-8224w-mifrhhymgydc19,Realme 14T 5G 8/128 GB Garansi Resmi Indonesia Second Bekas Original,https://deo.shopeemobile.com/shopee/modules-federation/live/0/shopee__item-card-standard-v2/0.2.8/pc/e4734dab67ee2f9ebd5a.png,Rp,2.090.000,,https://deo.shopeemobile.com/shopee/modules-federation/live/0/shopee__item-card-standard-v2/0.2.8/pc/d7099d3fd1dfdaf705ab.svg,5.0,3 Terjual,https://deo.shopeemobile.com/shopee/modules-federation/live/0/shopee__item-card-standard-v2/0.2.8/pc/38e203dc86172a6c6560.svg,https://deo.shopeemobile.com/shopee/modules-federation/live/0/shopee__item-card-standard-v2/0.2.8/pc/0614b8f0a8fdde22942d.svg,< 2 Hari,https://deo.shopeemobile.com/shopee/modules-federation/live/0/shopee__item-card-standard-v2/0.2.8/pc/5dd7b4560d0e2d3190e8.svg,Jakarta Utara,,,,< 2 Hari,,"Realme 14T 5G 8/128 GB Garansi Resmi Indonesia Second Bekas Original
Rp
2.090.000
5.0
3 Terjual
< 2 Hari
Jakarta Utara",https://shopee.co.id/Realme-14T-5G-8-128-GB-Garansi-Resmi-Indonesia-Second-Bekas-Original-i.304735900.40617044518?extraParams=%7B%22display_model_id%22%3A385320312623%2C%22model_selection_logic%22%3A3%7D&sp_atk=9157d2c7-673a-45ee-b4ad-ac5d74755730&xptdk=9157d2c7-673a-45ee-b4ad-ac5d74755730,,,,
https://down-id.img.susercontent.com/file/id-11134207-7rbk2-m9ziqcikgd2559,Realme 13 8/128 | 8/256 GB Garansi Resmi Indonesia Second Bekas Original,https://deo.shopeemobile.com/shopee/modules-federation/live/0/shopee__item-card-standard-v2/0.2.8/pc/e4734dab67ee2f9ebd5a.png,Rp,1.749.000,,https://deo.shopeemobile.com/shopee/modules-federation/live/0/shopee__item-card-standard-v2/0.2.8/pc/d7099d3fd1dfdaf705ab.svg,4.9,27 Terjual,https://deo.shopeemobile.com/shopee/modules-federation/live/0/shopee__item-card-standard-v2/0.2.8/pc/38e203dc86172a6c6560.svg,https://deo.shopeemobile.com/shopee/modules-federation/live/0/shopee__item-card-standard-v2/0.2.8/pc/0614b8f0a8fdde22942d.svg,< 2 Hari,https://deo.shopeemobile.com/shopee/modules-federation/live/0/shopee__item-card-standard-v2/0.2.8/pc/5dd7b4560d0e2d3190e8.svg,Jakarta Utara,,,,< 2 Hari,,"Realme 13 8/128 | 8/256 GB Garansi Resmi Indonesia Second Bekas Original
Rp
1.749.000
4.9
27 Terjual
< 2 Hari
Jakarta Utara",https://shopee.co.id/Realme-13-8-128-8-256-GB-Garansi-Resmi-Indonesia-Second-Bekas-Original-i.304735900.27322865812?extraParams=%7B%22display_model_id%22%3A305123869228%2C%22model_selection_logic%22%3A3%7D&sp_atk=8b2f62a3-7ab3-4e54-932a-42dbff5c424c&xptdk=8b2f62a3-7ab3-4e54-932a-42dbff5c424c,,,,
https://down-id.img.susercontent.com/file/id-11134207-8224s-mjjdivcq95vlb8,Realme C71 4/128 GB Garansi Resmi Indonesia Second Bekas Original,https://deo.shopeemobile.com/shopee/modules-federation/live/0/shopee__item-card-standard-v2/0.2.8/pc/e4734dab67ee2f9ebd5a.png,Rp,1.349.000,,https://deo.shopeemobile.com/shopee/modules-federation/live/0/shopee__item-card-standard-v2/0.2.8/pc/d7099d3fd1dfdaf705ab.svg,5.0,6 Terjual,https://deo.shopeemobile.com/shopee/modules-federation/live/0/shopee__item-card-standard-v2/0.2.8/pc/38e203dc86172a6c6560.svg,https://deo.shopeemobile.com/shopee/modules-federation/live/0/shopee__item-card-standard-v2/0.2.8/pc/0614b8f0a8fdde22942d.svg,< 2 Hari,https://deo.shopeemobile.com/shopee/modules-federation/live/0/shopee__item-card-standard-v2/0.2.8/pc/5dd7b4560d0e2d3190e8.svg,Jakarta Utara,,,,< 2 Hari,,"Realme C71 4/128 GB Garansi Resmi Indonesia Second Bekas Original
Rp
1.349.000
5.0
6 Terjual
< 2 Hari
Jakarta Utara",https://shopee.co.id/Realme-C71-4-128-GB-Garansi-Resmi-Indonesia-Second-Bekas-Original-i.304735900.44271860852?extraParams=%7B%22display_model_id%22%3A365091193261%2C%22model_selection_logic%22%3A3%7D&sp_atk=d3866dab-83c0-4657-8858-a26a0f373c6e&xptdk=d3866dab-83c0-4657-8858-a26a0f373c6e,,,,
https://down-id.img.susercontent.com/file/83d963437db4b93c7d27faadde30de99,Realme 7i 8/128 GB Ex Resmi Realme Indonesia Second Bekas Seken Asli Ex Pemakaian Good Condition,https://deo.shopeemobile.com/shopee/modules-federation/live/0/shopee__item-card-standard-v2/0.2.8/pc/e4734dab67ee2f9ebd5a.png,Rp,1.190.000,,https://deo.shopeemobile.com/shopee/modules-federation/live/0/shopee__item-card-standard-v2/0.2.8/pc/d7099d3fd1dfdaf705ab.svg,4.9,31 Terjual,https://deo.shopeemobile.com/shopee/modules-federation/live/0/shopee__item-card-standard-v2/0.2.8/pc/76dff349290d20891fc1.svg,,,https://deo.shopeemobile.com/shopee/modules-federation/live/0/shopee__item-card-standard-v2/0.2.8/pc/5dd7b4560d0e2d3190e8.svg,Jakarta Utara,,,,,,"Realme 7i 8/128 GB Ex Resmi Realme Indonesia Second Bekas Seken Asli Ex Pemakaian Good Condition
Rp
1.190.000
4.9
31 Terjual
2-4 Hari
Jakarta Utara",https://shopee.co.id/Realme-7i-8-128-GB-Ex-Resmi-Realme-Indonesia-Second-Bekas-Seken-Asli-Ex-Pemakaian-Good-Condition-i.304735900.9835469861?extraParams=%7B%22display_model_id%22%3A144516162948%2C%22model_selection_logic%22%3A3%7D&sp_atk=ff921cec-8b5a-445b-86e4-976c925da82c&xptdk=ff921cec-8b5a-445b-86e4-976c925da82c,,,,
https://down-id.img.susercontent.com/file/id-11134207-7rbka-m7kicnvdvniua9,Realme 13 Ram 8/128GB | Ram 8/256GB ( SECOND ),https://deo.shopeemobile.com/shopee/modules-federation/live/0/shopee__item-card-standard-v2/0.2.8/pc/a425c915798471b33e5d.png,Rp,1.999.199,,https://deo.shopeemobile.com/shopee/modules-federation/live/0/shopee__item-card-standard-v2/0.2.8/pc/d7099d3fd1dfdaf705ab.svg,5.0,7 Terjual,https://deo.shopeemobile.com/shopee/modules-federation/live/0/shopee__item-card-standard-v2/0.2.8/pc/38e203dc86172a6c6560.svg,https://deo.shopeemobile.com/shopee/modules-federation/live/0/shopee__item-card-standard-v2/0.2.8/pc/0614b8f0a8fdde22942d.svg,Besok 12:00,https://deo.shopeemobile.com/shopee/modules-federation/live/0/shopee__item-card-standard-v2/0.2.8/pc/5dd7b4560d0e2d3190e8.svg,Surabaya,https://down-id.img.susercontent.com/file/id-11134258-822wr-mlx5y0tebegw04,-17%,,Besok 12:00,,"Realme 13 Ram 8/128GB | Ram 8/256GB ( SECOND )
Rp
1.999.199
-17%
5.0
7 Terjual
Besok 12:00
Surabaya",https://shopee.co.id/Realme-13-Ram-8-128GB-Ram-8-256GB-(-SECOND-)-i.194632330.29030283847?extraParams=%7B%22display_model_id%22%3A177259281469%2C%22model_selection_logic%22%3A3%7D&sp_atk=71d2c34e-6027-4c1f-9867-63c4b6a408ce&xptdk=71d2c34e-6027-4c1f-9867-63c4b6a408ce,,,,
https://down-id.img.susercontent.com/file/id-11134207-8224r-mhrdiej9rsw6fe,REALME 12 PLUS 5G 12/512GB // 8/256GB SECOND MULUS PEMAKAIAN,https://deo.shopeemobile.com/shopee/modules-federation/live/0/shopee__item-card-standard-v2/0.2.8/pc/e4734dab67ee2f9ebd5a.png,Rp,2.999.000,,https://deo.shopeemobile.com/shopee/modules-federation/live/0/shopee__item-card-standard-v2/0.2.8/pc/d7099d3fd1dfdaf705ab.svg,5.0,6 Terjual,https://deo.shopeemobile.com/shopee/modules-federation/live/0/shopee__item-card-standard-v2/0.2.8/pc/38e203dc86172a6c6560.svg,https://deo.shopeemobile.com/shopee/modules-federation/live/0/shopee__item-card-standard-v2/0.2.8/pc/0614b8f0a8fdde22942d.svg,Besok 12:00,https://deo.shopeemobile.com/shopee/modules-federation/live/0/shopee__item-card-standard-v2/0.2.8/pc/5dd7b4560d0e2d3190e8.svg,Kab. Sidoarjo,https://down-id.img.susercontent.com/file/id-11134258-8224v-mkvw0cu9r7k1a5,,,Besok 12:00,,"REALME 12 PLUS 5G 12/512GB // 8/256GB SECOND MULUS PEMAKAIAN
Rp
2.999.000
5.0
6 Terjual
Besok 12:00
Kab. Sidoarjo",https://shopee.co.id/REALME-12-PLUS-5G-12-512GB-8-256GB-SECOND-MULUS-PEMAKAIAN-i.309409025.46452475751?extraParams=%7B%22display_model_id%22%3A267485241048%2C%22model_selection_logic%22%3A3%7D&sp_atk=a76f64f3-32fc-411d-ab78-1eb5af30f773&xptdk=a76f64f3-32fc-411d-ab78-1eb5af30f773,,,,
https://down-id.img.susercontent.com/file/sg-11134201-825zp-mk66aussjrwge9,REALME C71 4/128 GB HP SECOND ORIGINAL SINAR MUTIARA CELL,https://deo.shopeemobile.com/shopee/modules-federation/live/0/shopee__item-card-standard-v2/0.2.8/pc/a425c915798471b33e5d.png,Rp,1.400.000,https://deo.shopeemobile.com/shopee/modules-federation/live/0/shopee__item-card-standard-v2/0.2.8/pc/d2a1900a0267d45fd0f5.png,https://deo.shopeemobile.com/shopee/modules-federation/live/0/shopee__item-card-standard-v2/0.2.8/pc/0614b8f0a8fdde22942d.svg,,1 Terjual,https://deo.shopeemobile.com/shopee/modules-federation/live/0/shopee__item-card-standard-v2/0.2.8/pc/38e203dc86172a6c6560.svg,https://deo.shopeemobile.com/shopee/modules-federation/live/0/shopee__item-card-standard-v2/0.2.8/pc/0614b8f0a8fdde22942d.svg,< 2 Hari,https://deo.shopeemobile.com/shopee/modules-federation/live/0/shopee__item-card-standard-v2/0.2.8/pc/5dd7b4560d0e2d3190e8.svg,Jakarta Barat,https://down-id.img.susercontent.com/file/id-11134258-8224v-mkvw0cu9r7k1a5,,,< 2 Hari,,"REALME C71 4/128 GB HP SECOND ORIGINAL SINAR MUTIARA CELL
Rp
1.400.000
1 Terjual
< 2 Hari
Jakarta Barat",https://shopee.co.id/REALME-C71-4-128-GB-HP-SECOND-ORIGINAL-SINAR-MUTIARA-CELL-i.412677581.50655682493?extraParams=%7B%22display_model_id%22%3A335513938483%2C%22model_selection_logic%22%3A3%7D&sp_atk=cf8abd2a-2319-4732-9d11-865a17c1036f&xptdk=cf8abd2a-2319-4732-9d11-865a17c1036f,,,,
https://down-id.img.susercontent.com/file/id-11134207-81ztg-meabf5d3auiq2b,Realme 13 4G 8/256GB Second Mulus Terawat,https://deo.shopeemobile.com/shopee/modules-federation/live/0/shopee__item-card-standard-v2/0.2.8/pc/e4734dab67ee2f9ebd5a.png,Rp,2.049.000,,https://deo.shopeemobile.com/shopee/modules-federation/live/0/shopee__item-card-standard-v2/0.2.8/pc/d7099d3fd1dfdaf705ab.svg,5.0,9 Terjual,https://deo.shopeemobile.com/shopee/modules-federation/live/0/shopee__item-card-standard-v2/0.2.8/pc/38e203dc86172a6c6560.svg,https://deo.shopeemobile.com/shopee/modules-federation/live/0/shopee__item-card-standard-v2/0.2.8/pc/0614b8f0a8fdde22942d.svg,Besok 12:00,https://deo.shopeemobile.com/shopee/modules-federation/live/0/shopee__item-card-standard-v2/0.2.8/pc/5dd7b4560d0e2d3190e8.svg,Kab. Sidoarjo,https://down-id.img.susercontent.com/file/id-11134258-8224v-mkvw0cu9r7k1a5,,,Besok 12:00,,"Realme 13 4G 8/256GB Second Mulus Terawat
Rp
2.049.000
5.0
9 Terjual
Besok 12:00
Kab. Sidoarjo",https://shopee.co.id/Realme-13-4G-8-256GB-Second-Mulus-Terawat-i.309409025.41367695824?extraParams=%7B%22display_model_id%22%3A330557055501%2C%22model_selection_logic%22%3A3%7D&sp_atk=2f1026c5-23ef-4a51-81c2-492314c4dfdf&xptdk=2f1026c5-23ef-4a51-81c2-492314c4dfdf,,,,
https://down-id.img.susercontent.com/file/id-11134207-7rbk9-m6g9pa7lwyuk65,Realme Note 60 4/64 | 6/128 GB Garansi Resmi Indonesia Second Bekas Ori,https://deo.shopeemobile.com/shopee/modules-federation/live/0/shopee__item-card-standard-v2/0.2.8/pc/e4734dab67ee2f9ebd5a.png,Rp,1.190.000,,https://deo.shopeemobile.com/shopee/modules-federation/live/0/shopee__item-card-standard-v2/0.2.8/pc/d7099d3fd1dfdaf705ab.svg,4.7,57 Terjual,https://deo.shopeemobile.com/shopee/modules-federation/live/0/shopee__item-card-standard-v2/0.2.8/pc/38e203dc86172a6c6560.svg,https://deo.shopeemobile.com/shopee/modules-federation/live/0/shopee__item-card-standard-v2/0.2.8/pc/0614b8f0a8fdde22942d.svg,< 2 Hari,https://deo.shopeemobile.com/shopee/modules-federation/live/0/shopee__item-card-standard-v2/0.2.8/pc/5dd7b4560d0e2d3190e8.svg,Jakarta Utara,,,,< 2 Hari,,"Realme Note 60 4/64 | 6/128 GB Garansi Resmi Indonesia Second Bekas Ori
Rp
1.190.000
4.7
57 Terjual
< 2 Hari
Jakarta Utara",https://shopee.co.id/Realme-Note-60-4-64-6-128-GB-Garansi-Resmi-Indonesia-Second-Bekas-Ori-i.304735900.28520951215?extraParams=%7B%22display_model_id%22%3A185724155811%2C%22model_selection_logic%22%3A3%7D&sp_atk=7b8ad1b3-1bbb-441b-86ff-aad86530cb7d&xptdk=7b8ad1b3-1bbb-441b-86ff-aad86530cb7d,,,,
https://down-id.img.susercontent.com/file/sg-11134201-7rdxt-lzratbx91s53d7,Realme 13 Ram 8/128GB | Ram 8/256GB | Ram 12/256GB Second Original,https://deo.shopeemobile.com/shopee/modules-federation/live/0/shopee__item-card-standard-v2/0.2.8/pc/e4734dab67ee2f9ebd5a.png,Rp,1.999.889,,https://deo.shopeemobile.com/shopee/modules-federation/live/0/shopee__item-card-standard-v2/0.2.8/pc/d7099d3fd1dfdaf705ab.svg,5.0,2 Terjual,https://deo.shopeemobile.com/shopee/modules-federation/live/0/shopee__item-card-standard-v2/0.2.8/pc/38e203dc86172a6c6560.svg,https://deo.shopeemobile.com/shopee/modules-federation/live/0/shopee__item-card-standard-v2/0.2.8/pc/0614b8f0a8fdde22942d.svg,Hari Ini 12:00,https://deo.shopeemobile.com/shopee/modules-federation/live/0/shopee__item-card-standard-v2/0.2.8/pc/5dd7b4560d0e2d3190e8.svg,Surabaya,https://down-id.img.susercontent.com/file/id-11134258-822wr-mlx5y0tebegw04,-35%,,Hari Ini 12:00,,"Realme 13 Ram 8/128GB | Ram 8/256GB | Ram 12/256GB Second Original
Rp
1.999.889
-35%
5.0
2 Terjual
Hari Ini 12:00
Surabaya",https://shopee.co.id/Realme-13-Ram-8-128GB-Ram-8-256GB-Ram-12-256GB-Second-Original-i.358338280.26360167145?extraParams=%7B%22display_model_id%22%3A224055265759%2C%22model_selection_logic%22%3A3%7D&sp_atk=869a61e9-0756-43fc-afee-18ca056cd806&xptdk=869a61e9-0756-43fc-afee-18ca056cd806,,,,
https://down-id.img.susercontent.com/file/id-11134207-7r990-lpw28tbtfbie17,Realme C55 Ram 6/128GB | Ram 8/256GB Second Original,https://deo.shopeemobile.com/shopee/modules-federation/live/0/shopee__item-card-standard-v2/0.2.8/pc/e4734dab67ee2f9ebd5a.png,Rp,1.578.465,,https://deo.shopeemobile.com/shopee/modules-federation/live/0/shopee__item-card-standard-v2/0.2.8/pc/d7099d3fd1dfdaf705ab.svg,4.9,33 Terjual,https://deo.shopeemobile.com/shopee/modules-federation/live/0/shopee__item-card-standard-v2/0.2.8/pc/38e203dc86172a6c6560.svg,https://deo.shopeemobile.com/shopee/modules-federation/live/0/shopee__item-card-standard-v2/0.2.8/pc/0614b8f0a8fdde22942d.svg,Hari Ini 12:00,https://deo.shopeemobile.com/shopee/modules-federation/live/0/shopee__item-card-standard-v2/0.2.8/pc/5dd7b4560d0e2d3190e8.svg,Surabaya,https://down-id.img.susercontent.com/file/id-11134258-822wr-mlx5y0tebegw04,-44%,,Hari Ini 12:00,,"Realme C55 Ram 6/128GB | Ram 8/256GB Second Original
Rp
1.578.465
-44%
4.9
33 Terjual
Hari Ini 12:00
Surabaya",https://shopee.co.id/Realme-C55-Ram-6-128GB-Ram-8-256GB-Second-Original-i.358338280.25055141438?extraParams=%7B%22display_model_id%22%3A232406388506%2C%22model_selection_logic%22%3A3%7D&sp_atk=76fbc99f-b1bf-4f09-b887-cddc9833ac19&xptdk=76fbc99f-b1bf-4f09-b887-cddc9833ac19,,,,
https://down-id.img.susercontent.com/file/19c8e0a539a529d7811d150c2541f695,Realme 8 NFC 8/128 GB Ex Resmi Realme Indonesia Second Bekas Seken Ex Pemakaian Good Condition,https://deo.shopeemobile.com/shopee/modules-federation/live/0/shopee__item-card-standard-v2/0.2.8/pc/e4734dab67ee2f9ebd5a.png,Rp,1.590.000,,https://deo.shopeemobile.com/shopee/modules-federation/live/0/shopee__item-card-standard-v2/0.2.8/pc/d7099d3fd1dfdaf705ab.svg,4.8,47 Terjual,https://deo.shopeemobile.com/shopee/modules-federation/live/0/shopee__item-card-standard-v2/0.2.8/pc/76dff349290d20891fc1.svg,,,https://deo.shopeemobile.com/shopee/modules-federation/live/0/shopee__item-card-standard-v2/0.2.8/pc/5dd7b4560d0e2d3190e8.svg,Jakarta Utara,,,,,,"Realme 8 NFC 8/128 GB Ex Resmi Realme Indonesia Second Bekas Seken Ex Pemakaian Good Condition
Rp
1.590.000
4.8
47 Terjual
2-4 Hari
Jakarta Utara",https://shopee.co.id/Realme-8-NFC-8-128-GB-Ex-Resmi-Realme-Indonesia-Second-Bekas-Seken-Ex-Pemakaian-Good-Condition-i.304735900.12534781024?extraParams=%7B%22display_model_id%22%3A135785246460%2C%22model_selection_logic%22%3A3%7D&sp_atk=bff1ddb4-4fec-4ea2-a3e2-e0ea08bcbb07&xptdk=bff1ddb4-4fec-4ea2-a3e2-e0ea08bcbb07,,,,
https://down-id.img.susercontent.com/file/id-11134207-7r98w-lv8xa8ew430tb9,REALME C65 8/128 8/256 SECOND FULLSET,https://deo.shopeemobile.com/shopee/modules-federation/live/0/shopee__item-card-standard-v2/0.2.8/pc/e4734dab67ee2f9ebd5a.png,Rp,1.899.000,,https://deo.shopeemobile.com/shopee/modules-federation/live/0/shopee__item-card-standard-v2/0.2.8/pc/d7099d3fd1dfdaf705ab.svg,4.9,79 Terjual,https://deo.shopeemobile.com/shopee/modules-federation/live/0/shopee__item-card-standard-v2/0.2.8/pc/76dff349290d20891fc1.svg,,,https://deo.shopeemobile.com/shopee/modules-federation/live/0/shopee__item-card-standard-v2/0.2.8/pc/5dd7b4560d0e2d3190e8.svg,Jakarta Barat,https://down-id.img.susercontent.com/file/id-11134258-8224v-mkvw0cu9r7k1a5,,,,,"REALME C65 8/128 8/256 SECOND FULLSET
Rp
1.899.000
4.9
79 Terjual
2-4 Hari
Jakarta Barat",https://shopee.co.id/REALME-C65-8-128-8-256-SECOND-FULLSET-i.203572497.23490099828?extraParams=%7B%22display_model_id%22%3A241065638527%2C%22model_selection_logic%22%3A3%7D&sp_atk=323e9c40-97f7-454c-a91b-bde53058c8ea&xptdk=323e9c40-97f7-454c-a91b-bde53058c8ea,,,,
https://down-id.img.susercontent.com/file/id-11134207-7rbk8-m8q4h3fcpv6l4b,REALME C55 SECOND ORIGINAL LIKENEW GRADE A,,Rp,1.400.000,,,,,,,,https://deo.shopeemobile.com/shopee/modules-federation/live/0/shopee__item-card-standard-v2/0.2.8/pc/5dd7b4560d0e2d3190e8.svg,Kab. Bogor,https://down-id.img.susercontent.com/file/id-11134258-8224v-mkvw0cu9r7k1a5,,,,,"REALME C55 SECOND ORIGINAL LIKENEW GRADE A
Rp
1.400.000
Kab. Bogor",https://shopee.co.id/REALME-C55-SECOND-ORIGINAL-LIKENEW-GRADE-A-i.20146682.26333971681?extraParams=%7B%22display_model_id%22%3A224126048797%2C%22model_selection_logic%22%3A3%7D&sp_atk=6d5315c9-a412-4b86-9a4d-22053cc2da61&xptdk=6d5315c9-a412-4b86-9a4d-22053cc2da61,,,,
https://down-id.img.susercontent.com/file/sg-11134201-7rdvc-lxfh3v3h2eli2a,Realme Note 50 Ram 3/64GB | Ram 4/64 | Ram 4/128GB (Second),https://deo.shopeemobile.com/shopee/modules-federation/live/0/shopee__item-card-standard-v2/0.2.8/pc/a425c915798471b33e5d.png,Rp,1.280.199,,https://deo.shopeemobile.com/shopee/modules-federation/live/0/shopee__item-card-standard-v2/0.2.8/pc/d7099d3fd1dfdaf705ab.svg,4.8,101 Terjual,https://deo.shopeemobile.com/shopee/modules-federation/live/0/shopee__item-card-standard-v2/0.2.8/pc/38e203dc86172a6c6560.svg,https://deo.shopeemobile.com/shopee/modules-federation/live/0/shopee__item-card-standard-v2/0.2.8/pc/0614b8f0a8fdde22942d.svg,Besok 12:00,https://deo.shopeemobile.com/shopee/modules-federation/live/0/shopee__item-card-standard-v2/0.2.8/pc/5dd7b4560d0e2d3190e8.svg,Surabaya,https://down-id.img.susercontent.com/file/id-11134258-822wr-mlx5y0tebegw04,-33%,,Besok 12:00,,"Realme Note 50 Ram 3/64GB | Ram 4/64 | Ram 4/128GB (Second)
Rp
1.280.199
-33%
4.8
101 Terjual
Besok 12:00
Surabaya",https://shopee.co.id/Realme-Note-50-Ram-3-64GB-Ram-4-64-Ram-4-128GB-(Second)-i.194632330.28904733555?extraParams=%7B%22display_model_id%22%3A425714990244%2C%22model_selection_logic%22%3A3%7D&sp_atk=3f395b23-be37-49f8-bb73-ff7b61c5d907&xptdk=3f395b23-be37-49f8-bb73-ff7b61c5d907,,,,
https://down-id.img.susercontent.com/file/e603b77b51e6f072703ab0518aeb776e,Realme 8i 4/64 | 6/128 GB Resmi Realme Indonesia Second Bekas Seken Original,https://deo.shopeemobile.com/shopee/modules-federation/live/0/shopee__item-card-standard-v2/0.2.8/pc/e4734dab67ee2f9ebd5a.png,Rp,1.190.000,,https://deo.shopeemobile.com/shopee/modules-federation/live/0/shopee__item-card-standard-v2/0.2.8/pc/d7099d3fd1dfdaf705ab.svg,4.9,41 Terjual,https://deo.shopeemobile.com/shopee/modules-federation/live/0/shopee__item-card-standard-v2/0.2.8/pc/38e203dc86172a6c6560.svg,https://deo.shopeemobile.com/shopee/modules-federation/live/0/shopee__item-card-standard-v2/0.2.8/pc/0614b8f0a8fdde22942d.svg,< 2 Hari,https://deo.shopeemobile.com/shopee/modules-federation/live/0/shopee__item-card-standard-v2/0.2.8/pc/5dd7b4560d0e2d3190e8.svg,Jakarta Utara,,,Cicilan,< 2 Hari,,"Realme 8i 4/64 | 6/128 GB Resmi Realme Indonesia Second Bekas Seken Original
Rp
1.190.000
Cicilan
4.9
41 Terjual
< 2 Hari
Jakarta Utara",https://shopee.co.id/Realme-8i-4-64-6-128-GB-Resmi-Realme-Indonesia-Second-Bekas-Seken-Original-i.304735900.16456353787?extraParams=%7B%22display_model_id%22%3A181003060159%2C%22model_selection_logic%22%3A3%7D&sp_atk=3980de3d-8e41-401d-b6a8-f3332cd80546&xptdk=3980de3d-8e41-401d-b6a8-f3332cd80546,,,,
https://down-id.img.susercontent.com/file/id-11134207-7ra0u-mcbuxq8r8h1ec4,Realme C75 8/128 GB Garansi Resmi Indonesia Second Bekas Original,https://deo.shopeemobile.com/shopee/modules-federation/live/0/shopee__item-card-standard-v2/0.2.8/pc/e4734dab67ee2f9ebd5a.png,Rp,1.649.000,,https://deo.shopeemobile.com/shopee/modules-federation/live/0/shopee__item-card-standard-v2/0.2.8/pc/d7099d3fd1dfdaf705ab.svg,5.0,28 Terjual,https://deo.shopeemobile.com/shopee/modules-federation/live/0/shopee__item-card-standard-v2/0.2.8/pc/38e203dc86172a6c6560.svg,https://deo.shopeemobile.com/shopee/modules-federation/live/0/shopee__item-card-standard-v2/0.2.8/pc/0614b8f0a8fdde22942d.svg,< 2 Hari,https://deo.shopeemobile.com/shopee/modules-federation/live/0/shopee__item-card-standard-v2/0.2.8/pc/5dd7b4560d0e2d3190e8.svg,Jakarta Utara,,,,< 2 Hari,,"Realme C75 8/128 GB Garansi Resmi Indonesia Second Bekas Original
Rp
1.649.000
5.0
28 Terjual
< 2 Hari
Jakarta Utara",https://shopee.co.id/Realme-C75-8-128-GB-Garansi-Resmi-Indonesia-Second-Bekas-Original-i.304735900.26478192137?extraParams=%7B%22display_model_id%22%3A257781015727%2C%22model_selection_logic%22%3A3%7D&sp_atk=d22cc256-2b96-45ba-87d1-89d72d8bb3c0&xptdk=d22cc256-2b96-45ba-87d1-89d72d8bb3c0,,,,
https://down-id.img.susercontent.com/file/id-11134207-7rbk4-m9ziqcikkkrhbe,Realme 12 5G 8/256 GB Garansi Resmi Indonesia Second Bekas Original,https://deo.shopeemobile.com/shopee/modules-federation/live/0/shopee__item-card-standard-v2/0.2.8/pc/e4734dab67ee2f9ebd5a.png,Rp,1.890.000,,https://deo.shopeemobile.com/shopee/modules-federation/live/0/shopee__item-card-standard-v2/0.2.8/pc/d7099d3fd1dfdaf705ab.svg,5.0,6 Terjual,https://deo.shopeemobile.com/shopee/modules-federation/live/0/shopee__item-card-standard-v2/0.2.8/pc/38e203dc86172a6c6560.svg,https://deo.shopeemobile.com/shopee/modules-federation/live/0/shopee__item-card-standard-v2/0.2.8/pc/0614b8f0a8fdde22942d.svg,< 2 Hari,https://deo.shopeemobile.com/shopee/modules-federation/live/0/shopee__item-card-standard-v2/0.2.8/pc/5dd7b4560d0e2d3190e8.svg,Jakarta Utara,,,,< 2 Hari,,"Realme 12 5G 8/256 GB Garansi Resmi Indonesia Second Bekas Original
Rp
1.890.000
5.0
6 Terjual
< 2 Hari
Jakarta Utara",https://shopee.co.id/Realme-12-5G-8-256-GB-Garansi-Resmi-Indonesia-Second-Bekas-Original-i.304735900.29086752528?extraParams=%7B%22display_model_id%22%3A275123952740%2C%22model_selection_logic%22%3A3%7D&sp_atk=d61512e4-4a99-41d0-8f90-952255ef4bdf&xptdk=d61512e4-4a99-41d0-8f90-952255ef4bdf,,,,
https://down-id.img.susercontent.com/file/id-11134207-7r98t-lzj3ng342k2o95,REALME 13 8/128 dan 8/256  SECOND FULLSET,https://deo.shopeemobile.com/shopee/modules-federation/live/0/shopee__item-card-standard-v2/0.2.8/pc/e4734dab67ee2f9ebd5a.png,Rp,2.199.000,,https://deo.shopeemobile.com/shopee/modules-federation/live/0/shopee__item-card-standard-v2/0.2.8/pc/d7099d3fd1dfdaf705ab.svg,5.0,43 Terjual,https://deo.shopeemobile.com/shopee/modules-federation/live/0/shopee__item-card-standard-v2/0.2.8/pc/38e203dc86172a6c6560.svg,https://deo.shopeemobile.com/shopee/modules-federation/live/0/shopee__item-card-standard-v2/0.2.8/pc/0614b8f0a8fdde22942d.svg,< 2 Hari,https://deo.shopeemobile.com/shopee/modules-federation/live/0/shopee__item-card-standard-v2/0.2.8/pc/5dd7b4560d0e2d3190e8.svg,Jakarta Barat,https://down-id.img.susercontent.com/file/id-11134258-8224v-mkvw0cu9r7k1a5,,,< 2 Hari,,"REALME 13 8/128 dan 8/256 SECOND FULLSET
Rp
2.199.000
5.0
43 Terjual
< 2 Hari
Jakarta Barat",https://shopee.co.id/REALME-13-8-128-dan-8-256-SECOND-FULLSET-i.37906250.26009659681?extraParams=%7B%22display_model_id%22%3A89016041236%2C%22model_selection_logic%22%3A3%7D&sp_atk=f425128c-c105-4b28-8b12-e8ba3c4f8188&xptdk=f425128c-c105-4b28-8b12-e8ba3c4f8188,,,,
https://down-id.img.susercontent.com/file/sg-11134201-7rdyk-lxgdov47h080ed,Realme Note 50 Ram 3/64GB | Ram 4/64 | Ram 4/128GB (Second),https://deo.shopeemobile.com/shopee/modules-federation/live/0/shopee__item-card-standard-v2/0.2.8/pc/e4734dab67ee2f9ebd5a.png,Rp,1.180.999,,https://deo.shopeemobile.com/shopee/modules-federation/live/0/shopee__item-card-standard-v2/0.2.8/pc/d7099d3fd1dfdaf705ab.svg,5.0,13 Terjual,https://deo.shopeemobile.com/shopee/modules-federation/live/0/shopee__item-card-standard-v2/0.2.8/pc/38e203dc86172a6c6560.svg,https://deo.shopeemobile.com/shopee/modules-federation/live/0/shopee__item-card-standard-v2/0.2.8/pc/0614b8f0a8fdde22942d.svg,Besok 12:00,https://deo.shopeemobile.com/shopee/modules-federation/live/0/shopee__item-card-standard-v2/0.2.8/pc/5dd7b4560d0e2d3190e8.svg,Surabaya,https://down-id.img.susercontent.com/file/id-11134258-822wr-mlx5y0tebegw04,-21%,,Cashback 99%,,"Realme Note 50 Ram 3/64GB | Ram 4/64 | Ram 4/128GB (Second)
Rp
1.180.999
-21%
Cashback 99%
5.0
13 Terjual
Besok 12:00
Surabaya",https://shopee.co.id/Realme-Note-50-Ram-3-64GB-Ram-4-64-Ram-4-128GB-(Second)-i.288677122.27204758893?extraParams=%7B%22display_model_id%22%3A157372052079%2C%22model_selection_logic%22%3A3%7D&sp_atk=2ad27ba1-b151-4075-af00-9717c8a65973&xptdk=2ad27ba1-b151-4075-af00-9717c8a65973,,,,
https://down-id.img.susercontent.com/file/id-11134207-7ra0t-mb4vobfn0dpn86,REALME NOTE 60 8/256GB SECOND FULLSET GARANSI,https://deo.shopeemobile.com/shopee/modules-federation/live/0/shopee__item-card-standard-v2/0.2.8/pc/e4734dab67ee2f9ebd5a.png,Rp,1.650.000,,https://deo.shopeemobile.com/shopee/modules-federation/live/0/shopee__item-card-standard-v2/0.2.8/pc/d7099d3fd1dfdaf705ab.svg,4.9,54 Terjual,https://deo.shopeemobile.com/shopee/modules-federation/live/0/shopee__item-card-standard-v2/0.2.8/pc/38e203dc86172a6c6560.svg,https://deo.shopeemobile.com/shopee/modules-federation/live/0/shopee__item-card-standard-v2/0.2.8/pc/0614b8f0a8fdde22942d.svg,< 2 Hari,https://deo.shopeemobile.com/shopee/modules-federation/live/0/shopee__item-card-standard-v2/0.2.8/pc/5dd7b4560d0e2d3190e8.svg,Jakarta Barat,https://down-id.img.susercontent.com/file/id-11134258-8224v-mkvw0cu9r7k1a5,,,< 2 Hari,,"REALME NOTE 60 8/256GB SECOND FULLSET GARANSI
Rp
1.650.000
4.9
54 Terjual
< 2 Hari
Jakarta Barat",https://shopee.co.id/REALME-NOTE-60-8-256GB-SECOND-FULLSET-GARANSI-i.270548838.42604971960?extraParams=%7B%22display_model_id%22%3A290421588854%2C%22model_selection_logic%22%3A3%7D&sp_atk=09262ed9-86cb-4280-ad67-9eda635d3866&xptdk=09262ed9-86cb-4280-ad67-9eda635d3866,,,,
https://down-id.img.susercontent.com/file/sg-11134201-7rdwj-lyoo6x9islk81b,Realme C65 4G Ram 8/128GB | Ram 8/256GB (Second),https://deo.shopeemobile.com/shopee/modules-federation/live/0/shopee__item-card-standard-v2/0.2.8/pc/a425c915798471b33e5d.png,Rp,1.699.100,,https://deo.shopeemobile.com/shopee/modules-federation/live/0/shopee__item-card-standard-v2/0.2.8/pc/d7099d3fd1dfdaf705ab.svg,4.8,56 Terjual,https://deo.shopeemobile.com/shopee/modules-federation/live/0/shopee__item-card-standard-v2/0.2.8/pc/38e203dc86172a6c6560.svg,https://deo.shopeemobile.com/shopee/modules-federation/live/0/shopee__item-card-standard-v2/0.2.8/pc/0614b8f0a8fdde22942d.svg,Besok 12:00,https://deo.shopeemobile.com/shopee/modules-federation/live/0/shopee__item-card-standard-v2/0.2.8/pc/5dd7b4560d0e2d3190e8.svg,Surabaya,https://down-id.img.susercontent.com/file/id-11134258-822wr-mlx5y0tebegw04,-43%,,Besok 12:00,,"Realme C65 4G Ram 8/128GB | Ram 8/256GB (Second)
Rp
1.699.100
-43%
4.8
56 Terjual
Besok 12:00
Surabaya",https://shopee.co.id/Realme-C65-4G-Ram-8-128GB-Ram-8-256GB-(Second)-i.194632330.29057355060?extraParams=%7B%22display_model_id%22%3A236627817934%2C%22model_selection_logic%22%3A3%7D&sp_atk=a71a31a9-2a04-475a-800e-363a45ecd962&xptdk=a71a31a9-2a04-475a-800e-363a45ecd962,,,,
https://down-id.img.susercontent.com/file/id-11134207-7rbk2-m8z749pa301u94,Realme C53 8/256GB // 6/128 Second Mulus Terawat,https://deo.shopeemobile.com/shopee/modules-federation/live/0/shopee__item-card-standard-v2/0.2.8/pc/e4734dab67ee2f9ebd5a.png,Rp,1.593.000,,https://deo.shopeemobile.com/shopee/modules-federation/live/0/shopee__item-card-standard-v2/0.2.8/pc/d7099d3fd1dfdaf705ab.svg,5.0,5 Terjual,https://deo.shopeemobile.com/shopee/modules-federation/live/0/shopee__item-card-standard-v2/0.2.8/pc/38e203dc86172a6c6560.svg,https://deo.shopeemobile.com/shopee/modules-federation/live/0/shopee__item-card-standard-v2/0.2.8/pc/0614b8f0a8fdde22942d.svg,Besok 12:00,https://deo.shopeemobile.com/shopee/modules-federation/live/0/shopee__item-card-standard-v2/0.2.8/pc/5dd7b4560d0e2d3190e8.svg,Kab. Sidoarjo,https://down-id.img.susercontent.com/file/id-11134258-8224v-mkvw0cu9r7k1a5,,,Besok 12:00,,"Realme C53 8/256GB // 6/128 Second Mulus Terawat
Rp
1.593.000
5.0
5 Terjual
Besok 12:00
Kab. Sidoarjo",https://shopee.co.id/Realme-C53-8-256GB-6-128-Second-Mulus-Terawat-i.309409025.26184817751?extraParams=%7B%22display_model_id%22%3A355316330274%2C%22model_selection_logic%22%3A3%7D&sp_atk=d6ff1438-74ef-474c-bcb0-1bf8d76f0c1a&xptdk=d6ff1438-74ef-474c-bcb0-1bf8d76f0c1a,,,,
https://down-id.img.susercontent.com/file/id-11134207-7r98t-lxjiio76t5m452,Realme 10 4/128 | 8/128 | 8/256 GB Resmi Realme Indonesia Second Bekas Original Seken,https://deo.shopeemobile.com/shopee/modules-federation/live/0/shopee__item-card-standard-v2/0.2.8/pc/e4734dab67ee2f9ebd5a.png,Rp,1.990.000,,https://deo.shopeemobile.com/shopee/modules-federation/live/0/shopee__item-card-standard-v2/0.2.8/pc/d7099d3fd1dfdaf705ab.svg,4.8,81 Terjual,https://deo.shopeemobile.com/shopee/modules-federation/live/0/shopee__item-card-standard-v2/0.2.8/pc/38e203dc86172a6c6560.svg,https://deo.shopeemobile.com/shopee/modules-federation/live/0/shopee__item-card-standard-v2/0.2.8/pc/0614b8f0a8fdde22942d.svg,< 2 Hari,https://deo.shopeemobile.com/shopee/modules-federation/live/0/shopee__item-card-standard-v2/0.2.8/pc/5dd7b4560d0e2d3190e8.svg,Jakarta Utara,,,,< 2 Hari,,"Realme 10 4/128 | 8/128 | 8/256 GB Resmi Realme Indonesia Second Bekas Original Seken
Rp
1.990.000
4.8
81 Terjual
< 2 Hari
Jakarta Utara",https://shopee.co.id/Realme-10-4-128-8-128-8-256-GB-Resmi-Realme-Indonesia-Second-Bekas-Original-Seken-i.304735900.23268090881?extraParams=%7B%22display_model_id%22%3A241713330824%2C%22model_selection_logic%22%3A3%7D&sp_atk=65e5dbb3-abcd-4d82-96b6-6b74c6d74ea2&xptdk=65e5dbb3-abcd-4d82-96b6-6b74c6d74ea2,,,,
https://down-id.img.susercontent.com/file/id-11134207-7r98o-lkq7hitnj3783c,Realme C53 6/128 8/256 Second Fullset Berkualitas,https://deo.shopeemobile.com/shopee/modules-federation/live/0/shopee__item-card-standard-v2/0.2.8/pc/e4734dab67ee2f9ebd5a.png,Rp,1.575.000,,https://deo.shopeemobile.com/shopee/modules-federation/live/0/shopee__item-card-standard-v2/0.2.8/pc/d7099d3fd1dfdaf705ab.svg,5.0,185 Terjual,https://deo.shopeemobile.com/shopee/modules-federation/live/0/shopee__item-card-standard-v2/0.2.8/pc/38e203dc86172a6c6560.svg,https://deo.shopeemobile.com/shopee/modules-federation/live/0/shopee__item-card-standard-v2/0.2.8/pc/0614b8f0a8fdde22942d.svg,< 2 Hari,https://deo.shopeemobile.com/shopee/modules-federation/live/0/shopee__item-card-standard-v2/0.2.8/pc/5dd7b4560d0e2d3190e8.svg,Jakarta Barat,https://down-id.img.susercontent.com/file/id-11134258-8224v-mkvw0cu9r7k1a5,,,< 2 Hari,,"Realme C53 6/128 8/256 Second Fullset Berkualitas
Rp
1.575.000
5.0
185 Terjual
< 2 Hari
Jakarta Barat",https://shopee.co.id/Realme-C53-6-128-8-256-Second-Fullset-Berkualitas-i.203572497.22146575374?extraParams=%7B%22display_model_id%22%3A250559189368%2C%22model_selection_logic%22%3A3%7D&sp_atk=8d60a825-4b8e-4961-9146-2931ea698afa&xptdk=8d60a825-4b8e-4961-9146-2931ea698afa,,,,
https://down-id.img.susercontent.com/file/sg-11134207-7rbmg-m5oek9er94dwf2,REALME 12 5G 8 256 SECOND BTG,,Rp,1.950.000,https://deo.shopeemobile.com/shopee/modules-federation/live/0/shopee__item-card-standard-v2/0.2.8/pc/d2a1900a0267d45fd0f5.png,,,3-6 Hari,https://deo.shopeemobile.com/shopee/modules-federation/live/0/shopee__item-card-standard-v2/0.2.8/pc/76dff349290d20891fc1.svg,,,https://deo.shopeemobile.com/shopee/modules-federation/live/0/shopee__item-card-standard-v2/0.2.8/pc/5dd7b4560d0e2d3190e8.svg,Tangerang,https://down-id.img.susercontent.com/file/id-11134258-8224v-mkvw0cu9r7k1a5,,,,,"REALME 12 5G 8 256 SECOND BTG
Rp
1.950.000
3-6 Hari
Tangerang",https://shopee.co.id/REALME-12-5G-8-256-SECOND-BTG-i.535645956.26974881524?extraParams=%7B%22display_model_id%22%3A188185955699%2C%22model_selection_logic%22%3A3%7D&sp_atk=cf2e2b74-8669-46af-b07d-7d5b7b813312&xptdk=cf2e2b74-8669-46af-b07d-7d5b7b813312,,,,
https://down-id.img.susercontent.com/file/id-11134207-7r991-lzrnb5j1phpkc1,Realme C67 8/256 GB Garansi Resmi Indonesia Second Bekas Original,https://deo.shopeemobile.com/shopee/modules-federation/live/0/shopee__item-card-standard-v2/0.2.8/pc/e4734dab67ee2f9ebd5a.png,Rp,1.549.000,,https://deo.shopeemobile.com/shopee/modules-federation/live/0/shopee__item-card-standard-v2/0.2.8/pc/d7099d3fd1dfdaf705ab.svg,4.9,14 Terjual,https://deo.shopeemobile.com/shopee/modules-federation/live/0/shopee__item-card-standard-v2/0.2.8/pc/38e203dc86172a6c6560.svg,https://deo.shopeemobile.com/shopee/modules-federation/live/0/shopee__item-card-standard-v2/0.2.8/pc/0614b8f0a8fdde22942d.svg,< 2 Hari,https://deo.shopeemobile.com/shopee/modules-federation/live/0/shopee__item-card-standard-v2/0.2.8/pc/5dd7b4560d0e2d3190e8.svg,Jakarta Utara,,,,< 2 Hari,,"Realme C67 8/256 GB Garansi Resmi Indonesia Second Bekas Original
Rp
1.549.000
4.9
14 Terjual
< 2 Hari
Jakarta Utara",https://shopee.co.id/Realme-C67-8-256-GB-Garansi-Resmi-Indonesia-Second-Bekas-Original-i.304735900.25685652006?extraParams=%7B%22display_model_id%22%3A118447220560%2C%22model_selection_logic%22%3A3%7D&sp_atk=2dcd8134-73b8-4822-9c80-bdc6a261dc81&xptdk=2dcd8134-73b8-4822-9c80-bdc6a261dc81,,,,
https://down-id.img.susercontent.com/file/id-11134207-822wm-mmy3ch9t2ps6f4,Realme C85 4G | 5G Ram 8/256GB I Ram 8/256GB & Ram 6/128GB (SECOND),https://deo.shopeemobile.com/shopee/modules-federation/live/0/shopee__item-card-standard-v2/0.2.8/pc/a425c915798471b33e5d.png,Rp,2.749.100,,https://deo.shopeemobile.com/shopee/modules-federation/live/0/shopee__item-card-standard-v2/0.2.8/pc/0614b8f0a8fdde22942d.svg,,1 Terjual,https://deo.shopeemobile.com/shopee/modules-federation/live/0/shopee__item-card-standard-v2/0.2.8/pc/38e203dc86172a6c6560.svg,https://deo.shopeemobile.com/shopee/modules-federation/live/0/shopee__item-card-standard-v2/0.2.8/pc/0614b8f0a8fdde22942d.svg,Besok 12:00,https://deo.shopeemobile.com/shopee/modules-federation/live/0/shopee__item-card-standard-v2/0.2.8/pc/5dd7b4560d0e2d3190e8.svg,Surabaya,https://down-id.img.susercontent.com/file/id-11134258-822wr-mlx5y0tebegw04,-61%,,Besok 12:00,,"Realme C85 4G | 5G Ram 8/256GB I Ram 8/256GB & Ram 6/128GB (SECOND)
Rp
2.749.100
-61%
1 Terjual
Besok 12:00
Surabaya",https://shopee.co.id/Realme-C85-4G-5G-Ram-8-256GB-I-Ram-8-256GB-Ram-6-128GB-(SECOND)-i.194632330.48758682276?extraParams=%7B%22display_model_id%22%3A350769980976%2C%22model_selection_logic%22%3A3%7D&sp_atk=54160e76-1965-4cf3-b53d-bf7499d09007&xptdk=54160e76-1965-4cf3-b53d-bf7499d09007,,,,
https://down-id.img.susercontent.com/file/30454dcd4bd57c55f2149c8d0e64911f,Realme X3 Superzoom 12/256 GB Ex Resmi Realme Indonesia Second Bekas OK Ex Pemakaian Good Condition,https://deo.shopeemobile.com/shopee/modules-federation/live/0/shopee__item-card-standard-v2/0.2.8/pc/e4734dab67ee2f9ebd5a.png,Rp,2.790.000,,https://deo.shopeemobile.com/shopee/modules-federation/live/0/shopee__item-card-standard-v2/0.2.8/pc/d7099d3fd1dfdaf705ab.svg,4.9,29 Terjual,https://deo.shopeemobile.com/shopee/modules-federation/live/0/shopee__item-card-standard-v2/0.2.8/pc/38e203dc86172a6c6560.svg,https://deo.shopeemobile.com/shopee/modules-federation/live/0/shopee__item-card-standard-v2/0.2.8/pc/0614b8f0a8fdde22942d.svg,< 2 Hari,https://deo.shopeemobile.com/shopee/modules-federation/live/0/shopee__item-card-standard-v2/0.2.8/pc/5dd7b4560d0e2d3190e8.svg,Jakarta Utara,,,,< 2 Hari,,"Realme X3 Superzoom 12/256 GB Ex Resmi Realme Indonesia Second Bekas OK Ex Pemakaian Good Condition
Rp
2.790.000
4.9
29 Terjual
< 2 Hari
Jakarta Utara",https://shopee.co.id/Realme-X3-Superzoom-12-256-GB-Ex-Resmi-Realme-Indonesia-Second-Bekas-OK-Ex-Pemakaian-Good-Condition-i.304735900.20711322265?extraParams=%7B%22display_model_id%22%3A39056409008%2C%22model_selection_logic%22%3A3%7D&sp_atk=9204a7b0-9fbb-4f99-a6c5-65bd12d544ec&xptdk=9204a7b0-9fbb-4f99-a6c5-65bd12d544ec,,,,
https://down-id.img.susercontent.com/file/id-11134207-7ras9-m4c2otyamovsb4,Realme C65 8/128GB // 8/256GB Second Mulus Terawat,https://deo.shopeemobile.com/shopee/modules-federation/live/0/shopee__item-card-standard-v2/0.2.8/pc/e4734dab67ee2f9ebd5a.png,Rp,1.749.000,,https://deo.shopeemobile.com/shopee/modules-federation/live/0/shopee__item-card-standard-v2/0.2.8/pc/0614b8f0a8fdde22942d.svg,,1 Terjual,https://deo.shopeemobile.com/shopee/modules-federation/live/0/shopee__item-card-standard-v2/0.2.8/pc/38e203dc86172a6c6560.svg,https://deo.shopeemobile.com/shopee/modules-federation/live/0/shopee__item-card-standard-v2/0.2.8/pc/0614b8f0a8fdde22942d.svg,Besok 12:00,https://deo.shopeemobile.com/shopee/modules-federation/live/0/shopee__item-card-standard-v2/0.2.8/pc/5dd7b4560d0e2d3190e8.svg,Kab. Sidoarjo,https://down-id.img.susercontent.com/file/id-11134258-8224v-mkvw0cu9r7k1a5,,,Besok 12:00,,"Realme C65 8/128GB // 8/256GB Second Mulus Terawat
Rp
1.749.000
1 Terjual
Besok 12:00
Kab. Sidoarjo",https://shopee.co.id/Realme-C65-8-128GB-8-256GB-Second-Mulus-Terawat-i.309409025.28472029618?extraParams=%7B%22display_model_id%22%3A370407179208%2C%22model_selection_logic%22%3A3%7D&sp_atk=8631f73b-9e01-4438-b121-575fe3f1da2f&xptdk=8631f73b-9e01-4438-b121-575fe3f1da2f,,,,
https://down-id.img.susercontent.com/file/id-11134207-7rbkc-m6xsa6lz9et023,Realme C75 Ram 8GB Rom 128GB I Ram 8GB Rom 256GB ( Second ),https://deo.shopeemobile.com/shopee/modules-federation/live/0/shopee__item-card-standard-v2/0.2.8/pc/a425c915798471b33e5d.png,Rp,2.278.188,,https://deo.shopeemobile.com/shopee/modules-federation/live/0/shopee__item-card-standard-v2/0.2.8/pc/d7099d3fd1dfdaf705ab.svg,4.9,60 Terjual,https://deo.shopeemobile.com/shopee/modules-federation/live/0/shopee__item-card-standard-v2/0.2.8/pc/38e203dc86172a6c6560.svg,https://deo.shopeemobile.com/shopee/modules-federation/live/0/shopee__item-card-standard-v2/0.2.8/pc/0614b8f0a8fdde22942d.svg,Besok 12:00,https://deo.shopeemobile.com/shopee/modules-federation/live/0/shopee__item-card-standard-v2/0.2.8/pc/5dd7b4560d0e2d3190e8.svg,Surabaya,https://down-id.img.susercontent.com/file/id-11134258-822wr-mlx5y0tebegw04,-1%,,Besok 12:00,,"Realme C75 Ram 8GB Rom 128GB I Ram 8GB Rom 256GB ( Second )
Rp
2.278.188
-1%
4.9
60 Terjual
Besok 12:00
Surabaya",https://shopee.co.id/Realme-C75-Ram-8GB-Rom-128GB-I-Ram-8GB-Rom-256GB-(-Second-)-i.194632330.29178295178?extraParams=%7B%22display_model_id%22%3A265232139531%2C%22model_selection_logic%22%3A3%7D&sp_atk=9aa89727-428c-4a31-bd61-676e826f2bad&xptdk=9aa89727-428c-4a31-bd61-676e826f2bad,,,,
https://down-id.img.susercontent.com/file/id-11134207-7r98w-lpw28tbtjj7q9c,Realme C53 Ram 6/128GB | Ram 8/256GB Second Original,https://deo.shopeemobile.com/shopee/modules-federation/live/0/shopee__item-card-standard-v2/0.2.8/pc/e4734dab67ee2f9ebd5a.png,Rp,1.455.760,,https://deo.shopeemobile.com/shopee/modules-federation/live/0/shopee__item-card-standard-v2/0.2.8/pc/d7099d3fd1dfdaf705ab.svg,5.0,8 Terjual,https://deo.shopeemobile.com/shopee/modules-federation/live/0/shopee__item-card-standard-v2/0.2.8/pc/38e203dc86172a6c6560.svg,https://deo.shopeemobile.com/shopee/modules-federation/live/0/shopee__item-card-standard-v2/0.2.8/pc/0614b8f0a8fdde22942d.svg,Hari Ini 12:00,https://deo.shopeemobile.com/shopee/modules-federation/live/0/shopee__item-card-standard-v2/0.2.8/pc/5dd7b4560d0e2d3190e8.svg,Surabaya,https://down-id.img.susercontent.com/file/id-11134258-822wr-mlx5y0tebegw04,-34%,,Hari Ini 12:00,,"Realme C53 Ram 6/128GB | Ram 8/256GB Second Original
Rp
1.455.760
-34%
5.0
8 Terjual
Hari Ini 12:00
Surabaya",https://shopee.co.id/Realme-C53-Ram-6-128GB-Ram-8-256GB-Second-Original-i.358338280.25405145250?extraParams=%7B%22display_model_id%22%3A214839870815%2C%22model_selection_logic%22%3A3%7D&sp_atk=0e31b100-2603-441b-bfe8-c2656e0b4348&xptdk=0e31b100-2603-441b-bfe8-c2656e0b4348,,,,
https://down-id.img.susercontent.com/file/id-11134207-7r98t-m0dc30jze5708b,Realme 11 4G 8/256 GB Garansi Resmi Indonesia Second Bekas Original,https://deo.shopeemobile.com/shopee/modules-federation/live/0/shopee__item-card-standard-v2/0.2.8/pc/e4734dab67ee2f9ebd5a.png,Rp,1.790.000,,https://deo.shopeemobile.com/shopee/modules-federation/live/0/shopee__item-card-standard-v2/0.2.8/pc/d7099d3fd1dfdaf705ab.svg,5.0,25 Terjual,https://deo.shopeemobile.com/shopee/modules-federation/live/0/shopee__item-card-standard-v2/0.2.8/pc/38e203dc86172a6c6560.svg,https://deo.shopeemobile.com/shopee/modules-federation/live/0/shopee__item-card-standard-v2/0.2.8/pc/0614b8f0a8fdde22942d.svg,< 2 Hari,https://deo.shopeemobile.com/shopee/modules-federation/live/0/shopee__item-card-standard-v2/0.2.8/pc/5dd7b4560d0e2d3190e8.svg,Jakarta Utara,,,,< 2 Hari,,"Realme 11 4G 8/256 GB Garansi Resmi Indonesia Second Bekas Original
Rp
1.790.000
5.0
25 Terjual
< 2 Hari
Jakarta Utara",https://shopee.co.id/Realme-11-4G-8-256-GB-Garansi-Resmi-Indonesia-Second-Bekas-Original-i.304735900.28755132610?extraParams=%7B%22display_model_id%22%3A187646454371%2C%22model_selection_logic%22%3A3%7D&sp_atk=cb9621ba-bbb7-42fb-8a7d-d2f42085f63f&xptdk=cb9621ba-bbb7-42fb-8a7d-d2f42085f63f,,,,
https://down-id.img.susercontent.com/file/id-11134207-7rasc-m2ug16vkjmy55b,Realme C65 8/128GB 8/256GB HP Bekas Second Fullset,https://deo.shopeemobile.com/shopee/modules-federation/live/0/shopee__item-card-standard-v2/0.2.8/pc/e4734dab67ee2f9ebd5a.png,Rp,1.595.000,,https://deo.shopeemobile.com/shopee/modules-federation/live/0/shopee__item-card-standard-v2/0.2.8/pc/d7099d3fd1dfdaf705ab.svg,5.0,10 Terjual,https://deo.shopeemobile.com/shopee/modules-federation/live/0/shopee__item-card-standard-v2/0.2.8/pc/38e203dc86172a6c6560.svg,https://deo.shopeemobile.com/shopee/modules-federation/live/0/shopee__item-card-standard-v2/0.2.8/pc/0614b8f0a8fdde22942d.svg,< 2 Hari,https://deo.shopeemobile.com/shopee/modules-federation/live/0/shopee__item-card-standard-v2/0.2.8/pc/5dd7b4560d0e2d3190e8.svg,Jakarta Selatan,https://down-id.img.susercontent.com/file/id-11134258-8224v-mkvw0cu9r7k1a5,,,< 2 Hari,,"Realme C65 8/128GB 8/256GB HP Bekas Second Fullset
Rp
1.595.000
5.0
10 Terjual
< 2 Hari
Jakarta Selatan",https://shopee.co.id/Realme-C65-8-128GB-8-256GB-HP-Bekas-Second-Fullset-i.11253738.28055821579?extraParams=%7B%22display_model_id%22%3A257821059248%2C%22model_selection_logic%22%3A3%7D&sp_atk=66f257e5-62ad-4aba-8667-ec8bc31b850c&xptdk=66f257e5-62ad-4aba-8667-ec8bc31b850c,,,,
https://down-id.img.susercontent.com/file/sg-11134201-7rdy2-lxfh5suszd0fa4,Realme Note 50 Ram 3/64GB | Ram 4/64 | Ram 4/128GB Second Original,https://deo.shopeemobile.com/shopee/modules-federation/live/0/shopee__item-card-standard-v2/0.2.8/pc/e4734dab67ee2f9ebd5a.png,Rp,1.179.888,,https://deo.shopeemobile.com/shopee/modules-federation/live/0/shopee__item-card-standard-v2/0.2.8/pc/d7099d3fd1dfdaf705ab.svg,5.0,5 Terjual,https://deo.shopeemobile.com/shopee/modules-federation/live/0/shopee__item-card-standard-v2/0.2.8/pc/38e203dc86172a6c6560.svg,https://deo.shopeemobile.com/shopee/modules-federation/live/0/shopee__item-card-standard-v2/0.2.8/pc/0614b8f0a8fdde22942d.svg,Hari Ini 12:00,https://deo.shopeemobile.com/shopee/modules-federation/live/0/shopee__item-card-standard-v2/0.2.8/pc/5dd7b4560d0e2d3190e8.svg,Surabaya,https://down-id.img.susercontent.com/file/id-11134258-822wr-mlx5y0tebegw04,-21%,,Hari Ini 12:00,,"Realme Note 50 Ram 3/64GB | Ram 4/64 | Ram 4/128GB Second Original
Rp
1.179.888
-21%
5.0
5 Terjual
Hari Ini 12:00
Surabaya",https://shopee.co.id/Realme-Note-50-Ram-3-64GB-Ram-4-64-Ram-4-128GB-Second-Original-i.358338280.24883196372?extraParams=%7B%22display_model_id%22%3A178295850606%2C%22model_selection_logic%22%3A3%7D&sp_atk=0099a8ad-a2f9-4454-b4d9-4e47e46f7ebe&xptdk=0099a8ad-a2f9-4454-b4d9-4e47e46f7ebe,,,,
https://down-id.img.susercontent.com/file/d7cb4636191e11a5f1a700ab4a1c4888,Realme 8i 6/128 Fullset Second Kondisi 98% Mulus,,Rp,1.335.000,https://deo.shopeemobile.com/shopee/modules-federation/live/0/shopee__item-card-standard-v2/0.2.8/pc/d2a1900a0267d45fd0f5.png,https://deo.shopeemobile.com/shopee/modules-federation/live/0/shopee__item-card-standard-v2/0.2.8/pc/d7099d3fd1dfdaf705ab.svg,5.0,2 Terjual,https://deo.shopeemobile.com/shopee/modules-federation/live/0/shopee__item-card-standard-v2/0.2.8/pc/38e203dc86172a6c6560.svg,https://deo.shopeemobile.com/shopee/modules-federation/live/0/shopee__item-card-standard-v2/0.2.8/pc/0614b8f0a8fdde22942d.svg,Besok,https://deo.shopeemobile.com/shopee/modules-federation/live/0/shopee__item-card-standard-v2/0.2.8/pc/5dd7b4560d0e2d3190e8.svg,Surabaya,https://down-id.img.susercontent.com/file/id-11134258-8224v-mkvw0cu9r7k1a5,,,Besok,,"Realme 8i 6/128 Fullset Second Kondisi 98% Mulus
Rp
1.335.000
5.0
2 Terjual
Besok
Surabaya",https://shopee.co.id/Realme-8i-6-128-Fullset-Second-Kondisi-98-Mulus-i.230315394.20239838344?extraParams=%7B%22display_model_id%22%3A226003081672%2C%22model_selection_logic%22%3A3%7D&sp_atk=936391a3-dfe2-4708-9b02-9121157edb37&xptdk=936391a3-dfe2-4708-9b02-9121157edb37,,,,
https://down-id.img.susercontent.com/file/id-11134207-7r98o-lt42q03exe7o6f,Realme C55 Fulset Ram 6+6/128GB second nominus mulus garansi 7 hari pengembalian,https://deo.shopeemobile.com/shopee/modules-federation/live/0/shopee__item-card-standard-v2/0.2.8/pc/a425c915798471b33e5d.png,Rp,1.150.000,https://deo.shopeemobile.com/shopee/modules-federation/live/0/shopee__item-card-standard-v2/0.2.8/pc/d2a1900a0267d45fd0f5.png,,,1 Terjual,https://deo.shopeemobile.com/shopee/modules-federation/live/0/shopee__item-card-standard-v2/0.2.8/pc/76dff349290d20891fc1.svg,,,https://deo.shopeemobile.com/shopee/modules-federation/live/0/shopee__item-card-standard-v2/0.2.8/pc/5dd7b4560d0e2d3190e8.svg,Kab. Karawang,https://down-id.img.susercontent.com/file/id-11134258-8224v-mkvw0cu9r7k1a5,,,,,"Realme C55 Fulset Ram 6+6/128GB second nominus mulus garansi 7 hari pengembalian
Rp
1.150.000
1 Terjual
3-6 Hari
Kab. Karawang",https://shopee.co.id/Realme-C55-Fulset-Ram-6-6-128GB-second-nominus-mulus-garansi-7-hari-pengembalian-i.958183516.24270041784?extraParams=%7B%22display_model_id%22%3A196379011763%2C%22model_selection_logic%22%3A3%7D&sp_atk=ff1e4c93-8e3f-4d34-8ecc-3d597d268506&xptdk=ff1e4c93-8e3f-4d34-8ecc-3d597d268506,,,,
https://down-id.img.susercontent.com/file/id-11134207-7r98o-lkkhes35askrc9,Realme C53 6/128 8/256 Second Fullset Tested,https://deo.shopeemobile.com/shopee/modules-federation/live/0/shopee__item-card-standard-v2/0.2.8/pc/e4734dab67ee2f9ebd5a.png,Rp,1.535.000,,https://deo.shopeemobile.com/shopee/modules-federation/live/0/shopee__item-card-standard-v2/0.2.8/pc/d7099d3fd1dfdaf705ab.svg,4.9,251 Terjual,https://deo.shopeemobile.com/shopee/modules-federation/live/0/shopee__item-card-standard-v2/0.2.8/pc/38e203dc86172a6c6560.svg,https://deo.shopeemobile.com/shopee/modules-federation/live/0/shopee__item-card-standard-v2/0.2.8/pc/0614b8f0a8fdde22942d.svg,< 2 Hari,https://deo.shopeemobile.com/shopee/modules-federation/live/0/shopee__item-card-standard-v2/0.2.8/pc/5dd7b4560d0e2d3190e8.svg,Jakarta Barat,https://down-id.img.susercontent.com/file/id-11134258-8224v-mkvw0cu9r7k1a5,,,< 2 Hari,,"Realme C53 6/128 8/256 Second Fullset Tested
Rp
1.535.000
4.9
251 Terjual
< 2 Hari
Jakarta Barat",https://shopee.co.id/Realme-C53-6-128-8-256-Second-Fullset-Tested-i.37906250.22646581795?extraParams=%7B%22display_model_id%22%3A250199868560%2C%22model_selection_logic%22%3A3%7D&sp_atk=d625868c-1671-437e-a737-a9c5ee100e42&xptdk=d625868c-1671-437e-a737-a9c5ee100e42,,,,
https://down-id.img.susercontent.com/file/id-11134207-7rbkc-m9zdu07yrl8045,Realme 13 8/128 | 8/256 GB Garansi Resmi Indonesia Second Bekas Original Fullset,https://deo.shopeemobile.com/shopee/modules-federation/live/0/shopee__item-card-standard-v2/0.2.8/pc/e4734dab67ee2f9ebd5a.png,Rp,1.775.000,,https://deo.shopeemobile.com/shopee/modules-federation/live/0/shopee__item-card-standard-v2/0.2.8/pc/d7099d3fd1dfdaf705ab.svg,5.0,9 Terjual,https://deo.shopeemobile.com/shopee/modules-federation/live/0/shopee__item-card-standard-v2/0.2.8/pc/38e203dc86172a6c6560.svg,https://deo.shopeemobile.com/shopee/modules-federation/live/0/shopee__item-card-standard-v2/0.2.8/pc/0614b8f0a8fdde22942d.svg,< 2 Hari,https://deo.shopeemobile.com/shopee/modules-federation/live/0/shopee__item-card-standard-v2/0.2.8/pc/5dd7b4560d0e2d3190e8.svg,Jakarta Utara,,,,< 2 Hari,,"Realme 13 8/128 | 8/256 GB Garansi Resmi Indonesia Second Bekas Original Fullset
Rp
1.775.000
5.0
9 Terjual
< 2 Hari
Jakarta Utara",https://shopee.co.id/Realme-13-8-128-8-256-GB-Garansi-Resmi-Indonesia-Second-Bekas-Original-Fullset-i.515774005.26572611865?extraParams=%7B%22display_model_id%22%3A285082196073%2C%22model_selection_logic%22%3A3%7D&sp_atk=536a4473-48fd-4b37-9ff2-9944d5931c48&xptdk=536a4473-48fd-4b37-9ff2-9944d5931c48,,,,
https://down-id.img.susercontent.com/file/id-11134207-7rash-m0xuq4t1pcxr5c,Realme 12 Pro Plus+ 5G 8/256 GB Garansi Resmi Indonesia Second Bekas Original,https://deo.shopeemobile.com/shopee/modules-federation/live/0/shopee__item-card-standard-v2/0.2.8/pc/e4734dab67ee2f9ebd5a.png,Rp,3.390.000,,https://deo.shopeemobile.com/shopee/modules-federation/live/0/shopee__item-card-standard-v2/0.2.8/pc/d7099d3fd1dfdaf705ab.svg,5.0,9 Terjual,https://deo.shopeemobile.com/shopee/modules-federation/live/0/shopee__item-card-standard-v2/0.2.8/pc/38e203dc86172a6c6560.svg,https://deo.shopeemobile.com/shopee/modules-federation/live/0/shopee__item-card-standard-v2/0.2.8/pc/0614b8f0a8fdde22942d.svg,< 2 Hari,https://deo.shopeemobile.com/shopee/modules-federation/live/0/shopee__item-card-standard-v2/0.2.8/pc/5dd7b4560d0e2d3190e8.svg,Jakarta Utara,,,,< 2 Hari,,"Realme 12 Pro Plus+ 5G 8/256 GB Garansi Resmi Indonesia Second Bekas Original
Rp
3.390.000
5.0
9 Terjual
< 2 Hari
Jakarta Utara",https://shopee.co.id/Realme-12-Pro-Plus-5G-8-256-GB-Garansi-Resmi-Indonesia-Second-Bekas-Original-i.304735900.28163140499?extraParams=%7B%22display_model_id%22%3A207854276136%2C%22model_selection_logic%22%3A3%7D&sp_atk=835003a0-0682-41c6-b062-0903e9d0cbbb&xptdk=835003a0-0682-41c6-b062-0903e9d0cbbb,,,,
https://down-id.img.susercontent.com/file/id-11134207-7rasc-m4vam9917swm31,Realme 13 8/256 GB Garansi Resmi Indonesia Second Bekas Original,https://deo.shopeemobile.com/shopee/modules-federation/live/0/shopee__item-card-standard-v2/0.2.8/pc/e4734dab67ee2f9ebd5a.png,Rp,1.725.000,,https://deo.shopeemobile.com/shopee/modules-federation/live/0/shopee__item-card-standard-v2/0.2.8/pc/d7099d3fd1dfdaf705ab.svg,5.0,3 Terjual,https://deo.shopeemobile.com/shopee/modules-federation/live/0/shopee__item-card-standard-v2/0.2.8/pc/38e203dc86172a6c6560.svg,https://deo.shopeemobile.com/shopee/modules-federation/live/0/shopee__item-card-standard-v2/0.2.8/pc/0614b8f0a8fdde22942d.svg,< 2 Hari,https://deo.shopeemobile.com/shopee/modules-federation/live/0/shopee__item-card-standard-v2/0.2.8/pc/5dd7b4560d0e2d3190e8.svg,Jakarta Utara,,,,< 2 Hari,,"Realme 13 8/256 GB Garansi Resmi Indonesia Second Bekas Original
Rp
1.725.000
5.0
3 Terjual
< 2 Hari
Jakarta Utara",https://shopee.co.id/Realme-13-8-256-GB-Garansi-Resmi-Indonesia-Second-Bekas-Original-i.515774005.29423242742?extraParams=%7B%22display_model_id%22%3A252447913787%2C%22model_selection_logic%22%3A3%7D&sp_atk=eb91840c-05b7-4a6a-ac93-88f9a38e926d&xptdk=eb91840c-05b7-4a6a-ac93-88f9a38e926d,,,,
https://down-id.img.susercontent.com/file/id-11134207-7rbk2-m70belqrevbdad,Realme C63 6/128 GB | 8/128 GB Garansi Resmi Indonesia Second Bekas Original,https://deo.shopeemobile.com/shopee/modules-federation/live/0/shopee__item-card-standard-v2/0.2.8/pc/e4734dab67ee2f9ebd5a.png,Rp,1.375.000,,https://deo.shopeemobile.com/shopee/modules-federation/live/0/shopee__item-card-standard-v2/0.2.8/pc/d7099d3fd1dfdaf705ab.svg,5.0,9 Terjual,https://deo.shopeemobile.com/shopee/modules-federation/live/0/shopee__item-card-standard-v2/0.2.8/pc/38e203dc86172a6c6560.svg,https://deo.shopeemobile.com/shopee/modules-federation/live/0/shopee__item-card-standard-v2/0.2.8/pc/0614b8f0a8fdde22942d.svg,< 2 Hari,https://deo.shopeemobile.com/shopee/modules-federation/live/0/shopee__item-card-standard-v2/0.2.8/pc/5dd7b4560d0e2d3190e8.svg,Jakarta Utara,,,,< 2 Hari,,"Realme C63 6/128 GB | 8/128 GB Garansi Resmi Indonesia Second Bekas Original
Rp
1.375.000
5.0
9 Terjual
< 2 Hari
Jakarta Utara",https://shopee.co.id/Realme-C63-6-128-GB-8-128-GB-Garansi-Resmi-Indonesia-Second-Bekas-Original-i.515774005.26925000012?extraParams=%7B%22display_model_id%22%3A257684085005%2C%22model_selection_logic%22%3A3%7D&sp_atk=396d6e7a-a248-48c5-a54a-c3ef9f222b33&xptdk=396d6e7a-a248-48c5-a54a-c3ef9f222b33,,,,
https://down-id.img.susercontent.com/file/id-11134207-7ra0u-mdk3zf8r5yqa07,REALME 11 SECOND 8/256GB [BACA DESKRIPSI],https://deo.shopeemobile.com/shopee/modules-federation/live/0/shopee__item-card-standard-v2/0.2.8/pc/a425c915798471b33e5d.png,Rp,1.600.000,,https://deo.shopeemobile.com/shopee/modules-federation/live/0/shopee__item-card-standard-v2/0.2.8/pc/d7099d3fd1dfdaf705ab.svg,5.0,2 Terjual,https://deo.shopeemobile.com/shopee/modules-federation/live/0/shopee__item-card-standard-v2/0.2.8/pc/76dff349290d20891fc1.svg,,,https://deo.shopeemobile.com/shopee/modules-federation/live/0/shopee__item-card-standard-v2/0.2.8/pc/5dd7b4560d0e2d3190e8.svg,Kab. Bogor,https://down-id.img.susercontent.com/file/id-11134258-8224v-mkvw0cu9r7k1a5,,,,,"REALME 11 SECOND 8/256GB [BACA DESKRIPSI]
Rp
1.600.000
5.0
2 Terjual
2-4 Hari
Kab. Bogor",https://shopee.co.id/REALME-11-SECOND-8-256GB-BACA-DESKRIPSI--i.391453485.24029118650?extraParams=%7B%22display_model_id%22%3A238143257192%2C%22model_selection_logic%22%3A3%7D&sp_atk=8774ca39-602c-4102-9855-f84337217c71&xptdk=8774ca39-602c-4102-9855-f84337217c71,,,,
https://down-id.img.susercontent.com/file/id-11134207-7ra0o-mb985dkdwa5n19,Realme C75 8/128 8/256 Second Fullset Mulus,https://deo.shopeemobile.com/shopee/modules-federation/live/0/shopee__item-card-standard-v2/0.2.8/pc/e4734dab67ee2f9ebd5a.png,Rp,2.049.000,,https://deo.shopeemobile.com/shopee/modules-federation/live/0/shopee__item-card-standard-v2/0.2.8/pc/d7099d3fd1dfdaf705ab.svg,4.8,113 Terjual,https://deo.shopeemobile.com/shopee/modules-federation/live/0/shopee__item-card-standard-v2/0.2.8/pc/38e203dc86172a6c6560.svg,https://deo.shopeemobile.com/shopee/modules-federation/live/0/shopee__item-card-standard-v2/0.2.8/pc/0614b8f0a8fdde22942d.svg,< 2 Hari,https://deo.shopeemobile.com/shopee/modules-federation/live/0/shopee__item-card-standard-v2/0.2.8/pc/5dd7b4560d0e2d3190e8.svg,Jakarta Barat,https://down-id.img.susercontent.com/file/id-11134258-8224v-mkvw0cu9r7k1a5,,,< 2 Hari,,"Realme C75 8/128 8/256 Second Fullset Mulus
Rp
2.049.000
4.8
113 Terjual
< 2 Hari
Jakarta Barat",https://shopee.co.id/Realme-C75-8-128-8-256-Second-Fullset-Mulus-i.203572497.29623267028?extraParams=%7B%22display_model_id%22%3A208441295837%2C%22model_selection_logic%22%3A3%7D&sp_atk=54127bae-d78f-45ed-9c0d-726efcb97fac&xptdk=54127bae-d78f-45ed-9c0d-726efcb97fac,,,,
https://down-id.img.susercontent.com/file/sg-11134201-7rdwe-lyujf1uqvsdwde,Realme C63 Ram 6/128GB | Ram 8/128GB ( Second ),https://deo.shopeemobile.com/shopee/modules-federation/live/0/shopee__item-card-standard-v2/0.2.8/pc/a425c915798471b33e5d.png,Rp,1.598.199,,https://deo.shopeemobile.com/shopee/modules-federation/live/0/shopee__item-card-standard-v2/0.2.8/pc/d7099d3fd1dfdaf705ab.svg,4.6,75 Terjual,https://deo.shopeemobile.com/shopee/modules-federation/live/0/shopee__item-card-standard-v2/0.2.8/pc/38e203dc86172a6c6560.svg,https://deo.shopeemobile.com/shopee/modules-federation/live/0/shopee__item-card-standard-v2/0.2.8/pc/0614b8f0a8fdde22942d.svg,Besok 12:00,https://deo.shopeemobile.com/shopee/modules-federation/live/0/shopee__item-card-standard-v2/0.2.8/pc/5dd7b4560d0e2d3190e8.svg,Surabaya,https://down-id.img.susercontent.com/file/id-11134258-822wr-mlx5y0tebegw04,-11%,,Besok 12:00,,"Realme C63 Ram 6/128GB | Ram 8/128GB ( Second )
Rp
1.598.199
-11%
4.6
75 Terjual
Besok 12:00
Surabaya",https://shopee.co.id/Realme-C63-Ram-6-128GB-Ram-8-128GB-(-Second-)-i.194632330.27057686504?extraParams=%7B%22display_model_id%22%3A233610170393%2C%22model_selection_logic%22%3A3%7D&sp_atk=122346ba-d1b0-4457-a910-4e3a8018a766&xptdk=122346ba-d1b0-4457-a910-4e3a8018a766,,,,
https://down-id.img.susercontent.com/file/id-11134207-7r98y-lyrz4vpma52g05,Realme 13 8/256GB Second Layar AMOLED 120Hz,https://deo.shopeemobile.com/shopee/modules-federation/live/0/shopee__item-card-standard-v2/0.2.8/pc/e4734dab67ee2f9ebd5a.png,Rp,2.999.000,https://deo.shopeemobile.com/shopee/modules-federation/live/0/shopee__item-card-standard-v2/0.2.8/pc/d2a1900a0267d45fd0f5.png,https://deo.shopeemobile.com/shopee/modules-federation/live/0/shopee__item-card-standard-v2/0.2.8/pc/d7099d3fd1dfdaf705ab.svg,5.0,41 Terjual,https://deo.shopeemobile.com/shopee/modules-federation/live/0/shopee__item-card-standard-v2/0.2.8/pc/76dff349290d20891fc1.svg,,,https://deo.shopeemobile.com/shopee/modules-federation/live/0/shopee__item-card-standard-v2/0.2.8/pc/5dd7b4560d0e2d3190e8.svg,Surabaya,https://down-id.img.susercontent.com/file/id-11134258-822wr-mlx67rtd6r602f,,Cicilan,,,"Realme 13 8/256GB Second Layar AMOLED 120Hz
Rp
2.999.000
Cicilan
5.0
41 Terjual
1-3 Hari
Surabaya",https://shopee.co.id/Realme-13-8-256GB-Second-Layar-AMOLED-120Hz-i.25028502.6423649845?extraParams=%7B%22display_model_id%22%3A15516045958%2C%22model_selection_logic%22%3A3%7D&sp_atk=139c455c-fb12-435d-a307-7cc00537a0b6&xptdk=139c455c-fb12-435d-a307-7cc00537a0b6,,,,
https://down-id.img.susercontent.com/file/id-11134207-7rbkb-m7kcxfrkgs0me8,Realme 13 Pro+ Plus 5G 12/512 GB Garansi Resmi Indonesia Second Bekas Original,https://deo.shopeemobile.com/shopee/modules-federation/live/0/shopee__item-card-standard-v2/0.2.8/pc/e4734dab67ee2f9ebd5a.png,Rp,3.990.000,,https://deo.shopeemobile.com/shopee/modules-federation/live/0/shopee__item-card-standard-v2/0.2.8/pc/d7099d3fd1dfdaf705ab.svg,5.0,23 Terjual,https://deo.shopeemobile.com/shopee/modules-federation/live/0/shopee__item-card-standard-v2/0.2.8/pc/38e203dc86172a6c6560.svg,https://deo.shopeemobile.com/shopee/modules-federation/live/0/shopee__item-card-standard-v2/0.2.8/pc/0614b8f0a8fdde22942d.svg,< 2 Hari,https://deo.shopeemobile.com/shopee/modules-federation/live/0/shopee__item-card-standard-v2/0.2.8/pc/5dd7b4560d0e2d3190e8.svg,Jakarta Utara,,,,< 2 Hari,,"Realme 13 Pro+ Plus 5G 12/512 GB Garansi Resmi Indonesia Second Bekas Original
Rp
3.990.000
5.0
23 Terjual
< 2 Hari
Jakarta Utara",https://shopee.co.id/Realme-13-Pro-Plus-5G-12-512-GB-Garansi-Resmi-Indonesia-Second-Bekas-Original-i.304735900.26580262019?extraParams=%7B%22display_model_id%22%3A291421874220%2C%22model_selection_logic%22%3A3%7D&sp_atk=6c28de39-3408-476c-b028-228405e51474&xptdk=6c28de39-3408-476c-b028-228405e51474,,,,
https://down-id.img.susercontent.com/file/id-11134207-23010-fbcjxgaj7pmv48,Realme 9 6/128 | 8/128 GB Resmi Realme Indonesia Second Bekas Seken Original,https://deo.shopeemobile.com/shopee/modules-federation/live/0/shopee__item-card-standard-v2/0.2.8/pc/e4734dab67ee2f9ebd5a.png,Rp,1.890.000,,https://deo.shopeemobile.com/shopee/modules-federation/live/0/shopee__item-card-standard-v2/0.2.8/pc/d7099d3fd1dfdaf705ab.svg,4.9,34 Terjual,https://deo.shopeemobile.com/shopee/modules-federation/live/0/shopee__item-card-standard-v2/0.2.8/pc/38e203dc86172a6c6560.svg,https://deo.shopeemobile.com/shopee/modules-federation/live/0/shopee__item-card-standard-v2/0.2.8/pc/0614b8f0a8fdde22942d.svg,< 2 Hari,https://deo.shopeemobile.com/shopee/modules-federation/live/0/shopee__item-card-standard-v2/0.2.8/pc/5dd7b4560d0e2d3190e8.svg,Jakarta Utara,,,,< 2 Hari,,"Realme 9 6/128 | 8/128 GB Resmi Realme Indonesia Second Bekas Seken Original
Rp
1.890.000
4.9
34 Terjual
< 2 Hari
Jakarta Utara",https://shopee.co.id/Realme-9-6-128-8-128-GB-Resmi-Realme-Indonesia-Second-Bekas-Seken-Original-i.304735900.18465113868?extraParams=%7B%22display_model_id%22%3A220875046689%2C%22model_selection_logic%22%3A3%7D&sp_atk=92c14196-f898-49c1-966d-d8d4fd12f4f9&xptdk=92c14196-f898-49c1-966d-d8d4fd12f4f9,,,,
https://down-id.img.susercontent.com/file/sg-11134201-7rdwl-m0myh5bqe3qd66,Realme C65 4G Ram 8/128GB | Ram 8/256GB ( Second ),https://deo.shopeemobile.com/shopee/modules-federation/live/0/shopee__item-card-standard-v2/0.2.8/pc/e4734dab67ee2f9ebd5a.png,Rp,1.730.999,,https://deo.shopeemobile.com/shopee/modules-federation/live/0/shopee__item-card-standard-v2/0.2.8/pc/d7099d3fd1dfdaf705ab.svg,4.9,10 Terjual,https://deo.shopeemobile.com/shopee/modules-federation/live/0/shopee__item-card-standard-v2/0.2.8/pc/38e203dc86172a6c6560.svg,https://deo.shopeemobile.com/shopee/modules-federation/live/0/shopee__item-card-standard-v2/0.2.8/pc/0614b8f0a8fdde22942d.svg,Besok 12:00,https://deo.shopeemobile.com/shopee/modules-federation/live/0/shopee__item-card-standard-v2/0.2.8/pc/5dd7b4560d0e2d3190e8.svg,Surabaya,https://down-id.img.susercontent.com/file/id-11134258-822wr-mlx5y0tebegw04,-42%,,Cashback 99%,,"Realme C65 4G Ram 8/128GB | Ram 8/256GB ( Second )
Rp
1.730.999
-42%
Cashback 99%
4.9
10 Terjual
Besok 12:00
Surabaya",https://shopee.co.id/Realme-C65-4G-Ram-8-128GB-Ram-8-256GB-(-Second-)-i.288677122.27762505547?extraParams=%7B%22display_model_id%22%3A185421709009%2C%22model_selection_logic%22%3A3%7D&sp_atk=1a348d35-1c72-43ae-b1d9-4508dce08593&xptdk=1a348d35-1c72-43ae-b1d9-4508dce08593,,,,
https://down-id.img.susercontent.com/file/id-11134207-7qul1-lgwhrfuvq4qa2a,Realme 3 Second 4/64 GB Kondisi Bagus,,Rp,2.600.000,https://deo.shopeemobile.com/shopee/modules-federation/live/0/shopee__item-card-standard-v2/0.2.8/pc/d2a1900a0267d45fd0f5.png,https://deo.shopeemobile.com/shopee/modules-federation/live/0/shopee__item-card-standard-v2/0.2.8/pc/d7099d3fd1dfdaf705ab.svg,5.0,12 Terjual,https://deo.shopeemobile.com/shopee/modules-federation/live/0/shopee__item-card-standard-v2/0.2.8/pc/38e203dc86172a6c6560.svg,https://deo.shopeemobile.com/shopee/modules-federation/live/0/shopee__item-card-standard-v2/0.2.8/pc/0614b8f0a8fdde22942d.svg,Besok,https://deo.shopeemobile.com/shopee/modules-federation/live/0/shopee__item-card-standard-v2/0.2.8/pc/5dd7b4560d0e2d3190e8.svg,Surabaya,https://down-id.img.susercontent.com/file/id-11134258-8224v-mkvw0cu9r7k1a5,,,Besok,,"Realme 3 Second 4/64 GB Kondisi Bagus
Rp
2.600.000
5.0
12 Terjual
Besok
Surabaya",https://shopee.co.id/Realme-3-Second-4-64-GB-Kondisi-Bagus-i.143640506.21888820449?extraParams=%7B%22display_model_id%22%3A175895303240%2C%22model_selection_logic%22%3A3%7D&sp_atk=11c02e1e-67e3-4785-a05e-9045bbe89386&xptdk=11c02e1e-67e3-4785-a05e-9045bbe89386,,,,
https://down-id.img.susercontent.com/file/id-11134207-7r98o-lvgomtburs2180,REALME C11 2/32 2021 ORIGINAL 4G LTE HANDPHONE ANDROID SECOND MURAH,https://deo.shopeemobile.com/shopee/modules-federation/live/0/shopee__item-card-standard-v2/0.2.8/pc/a425c915798471b33e5d.png,Rp,599.000,https://deo.shopeemobile.com/shopee/modules-federation/live/0/shopee__item-card-standard-v2/0.2.8/pc/d2a1900a0267d45fd0f5.png,https://deo.shopeemobile.com/shopee/modules-federation/live/0/shopee__item-card-standard-v2/0.2.8/pc/d7099d3fd1dfdaf705ab.svg,4.7,122 Terjual,https://deo.shopeemobile.com/shopee/modules-federation/live/0/shopee__item-card-standard-v2/0.2.8/pc/38e203dc86172a6c6560.svg,https://deo.shopeemobile.com/shopee/modules-federation/live/0/shopee__item-card-standard-v2/0.2.8/pc/0614b8f0a8fdde22942d.svg,< 2 Hari,https://deo.shopeemobile.com/shopee/modules-federation/live/0/shopee__item-card-standard-v2/0.2.8/pc/5dd7b4560d0e2d3190e8.svg,Kab. Kudus,https://down-id.img.susercontent.com/file/id-11134258-7r98w-lyezzaurybot13,-1%,,< 2 Hari,https://deo.shopeemobile.com/shopee/modules-federation/live/0/shopee__item-card-standard-v2/0.2.8/pc/b4d1b8a78b3621dbdf4a.svg,"REALME C11 2/32 2021 ORIGINAL 4G LTE HANDPHONE ANDROID SECOND MURAH
Rp
599.000
-1%
4.7
122 Terjual
< 2 Hari
Kab. Kudus",https://shopee.co.id/REALME-C11-2-32-2021-ORIGINAL-4G-LTE-HANDPHONE-ANDROID-SECOND-MURAH-i.427220262.23435184707?extraParams=%7B%22display_model_id%22%3A221348448189%2C%22model_selection_logic%22%3A3%7D&sp_atk=ccabb155-31dc-44c4-89f2-f839f5217454&xptdk=ccabb155-31dc-44c4-89f2-f839f5217454,,,,
https://down-id.img.susercontent.com/file/id-11134207-7rbk6-m6cexvz9kqtv04,Realme C65 8/128 | 8/256 GB Garansi Resmi Indonesia Second Bekas Original,https://deo.shopeemobile.com/shopee/modules-federation/live/0/shopee__item-card-standard-v2/0.2.8/pc/e4734dab67ee2f9ebd5a.png,Rp,1.590.000,,https://deo.shopeemobile.com/shopee/modules-federation/live/0/shopee__item-card-standard-v2/0.2.8/pc/d7099d3fd1dfdaf705ab.svg,5.0,19 Terjual,https://deo.shopeemobile.com/shopee/modules-federation/live/0/shopee__item-card-standard-v2/0.2.8/pc/38e203dc86172a6c6560.svg,https://deo.shopeemobile.com/shopee/modules-federation/live/0/shopee__item-card-standard-v2/0.2.8/pc/0614b8f0a8fdde22942d.svg,< 2 Hari,https://deo.shopeemobile.com/shopee/modules-federation/live/0/shopee__item-card-standard-v2/0.2.8/pc/5dd7b4560d0e2d3190e8.svg,Jakarta Utara,,,,< 2 Hari,,"Realme C65 8/128 | 8/256 GB Garansi Resmi Indonesia Second Bekas Original
Rp
1.590.000
5.0
19 Terjual
< 2 Hari
Jakarta Utara",https://shopee.co.id/Realme-C65-8-128-8-256-GB-Garansi-Resmi-Indonesia-Second-Bekas-Original-i.304735900.25539549734?extraParams=%7B%22display_model_id%22%3A206037216627%2C%22model_selection_logic%22%3A3%7D&sp_atk=f5ef4679-bde0-4f96-8f16-5c7c79d4fb35&xptdk=f5ef4679-bde0-4f96-8f16-5c7c79d4fb35,,,,
https://down-id.img.susercontent.com/file/5ee4cb0bb33a6e036f664804144229e0,Realme 5 Pro 4/128 GB Ex Resmi Indonesia Original Second Bekas Seken Ex Pemakaian Good Condition,https://deo.shopeemobile.com/shopee/modules-federation/live/0/shopee__item-card-standard-v2/0.2.8/pc/e4734dab67ee2f9ebd5a.png,Rp,1.290.000,,https://deo.shopeemobile.com/shopee/modules-federation/live/0/shopee__item-card-standard-v2/0.2.8/pc/d7099d3fd1dfdaf705ab.svg,4.9,47 Terjual,https://deo.shopeemobile.com/shopee/modules-federation/live/0/shopee__item-card-standard-v2/0.2.8/pc/76dff349290d20891fc1.svg,,,https://deo.shopeemobile.com/shopee/modules-federation/live/0/shopee__item-card-standard-v2/0.2.8/pc/5dd7b4560d0e2d3190e8.svg,Jakarta Utara,,,Cicilan,,,"Realme 5 Pro 4/128 GB Ex Resmi Indonesia Original Second Bekas Seken Ex Pemakaian Good Condition
Rp
1.290.000
Cicilan
4.9
47 Terjual
2-4 Hari
Jakarta Utara",https://shopee.co.id/Realme-5-Pro-4-128-GB-Ex-Resmi-Indonesia-Original-Second-Bekas-Seken-Ex-Pemakaian-Good-Condition-i.304735900.8235477706?extraParams=%7B%22display_model_id%22%3A131647773527%2C%22model_selection_logic%22%3A3%7D&sp_atk=1d72b325-0b88-4f7c-9246-519d8d56b519&xptdk=1d72b325-0b88-4f7c-9246-519d8d56b519,,,,
https://down-id.img.susercontent.com/file/sg-11134201-7rdy2-lxfh5suszd0fa4,Realme Note 50 Ram 3/64GB | Ram 4/64 | Ram 4/128GB Second Original,https://deo.shopeemobile.com/shopee/modules-federation/live/0/shopee__item-card-standard-v2/0.2.8/pc/e4734dab67ee2f9ebd5a.png,Rp,1.179.888,,,5.0,,https://deo.shopeemobile.com/shopee/modules-federation/live/0/shopee__item-card-standard-v2/0.2.8/pc/38e203dc86172a6c6560.svg,https://deo.shopeemobile.com/shopee/modules-federation/live/0/shopee__item-card-standard-v2/0.2.8/pc/0614b8f0a8fdde22942d.svg,Hari Ini 12:00,https://deo.shopeemobile.com/shopee/modules-federation/live/0/shopee__item-card-standard-v2/0.2.8/pc/5dd7b4560d0e2d3190e8.svg,Surabaya,https://down-id.img.susercontent.com/file/id-11134258-822wr-mlx5y0tebegw04,-21%,,,,"Realme Note 50 Ram 3/64GB | Ram 4/64 | Ram 4/128GB Second Original
Rp
1.179.888
-21%
5.0
5 Terjual
Hari Ini 12:00
Surabaya",https://shopee.co.id/Realme-Note-50-Ram-3-64GB-Ram-4-64-Ram-4-128GB-Second-Original-i.358338280.24883196372?extraParams=%7B%22display_model_id%22%3A178295850606%2C%22model_selection_logic%22%3A3%7D&sp_atk=d8ee2025-2504-459a-9803-068932cec7c6&xptdk=d8ee2025-2504-459a-9803-068932cec7c6,https://deo.shopeemobile.com/shopee/modules-federation/live/0/shopee__item-card-standard-v2/0.2.8/pc/d7099d3fd1dfdaf705ab.svg,5 Terjual,,
https://down-id.img.susercontent.com/file/5ee4cb0bb33a6e036f664804144229e0,Realme 5 Pro 4/128 GB Ex Resmi Indonesia Original Second Bekas Seken Ex Pemakaian Good Condition,https://deo.shopeemobile.com/shopee/modules-federation/live/0/shopee__item-card-standard-v2/0.2.8/pc/e4734dab67ee2f9ebd5a.png,Rp,1.290.000,,,4.9,,https://deo.shopeemobile.com/shopee/modules-federation/live/0/shopee__item-card-standard-v2/0.2.8/pc/76dff349290d20891fc1.svg,,,https://deo.shopeemobile.com/shopee/modules-federation/live/0/shopee__item-card-standard-v2/0.2.8/pc/5dd7b4560d0e2d3190e8.svg,Jakarta Utara,,,Cicilan,,,"Realme 5 Pro 4/128 GB Ex Resmi Indonesia Original Second Bekas Seken Ex Pemakaian Good Condition
Rp
1.290.000
Cicilan
4.9
47 Terjual
2-4 Hari
Jakarta Utara",https://shopee.co.id/Realme-5-Pro-4-128-GB-Ex-Resmi-Indonesia-Original-Second-Bekas-Seken-Ex-Pemakaian-Good-Condition-i.304735900.8235477706?extraParams=%7B%22display_model_id%22%3A131647773527%2C%22model_selection_logic%22%3A3%7D&sp_atk=23044188-5b90-4c38-8396-56073be5b19a&xptdk=23044188-5b90-4c38-8396-56073be5b19a,https://deo.shopeemobile.com/shopee/modules-federation/live/0/shopee__item-card-standard-v2/0.2.8/pc/d7099d3fd1dfdaf705ab.svg,47 Terjual,,
https://down-id.img.susercontent.com/file/id-11134207-7rbke-m9sxe0ju3gk22f,Realme 13 Plus+ 5G 12/256 GB Garansi Resmi Indonesia Second Bekas Original,https://deo.shopeemobile.com/shopee/modules-federation/live/0/shopee__item-card-standard-v2/0.2.8/pc/e4734dab67ee2f9ebd5a.png,Rp,2.990.000,,,5.0,,https://deo.shopeemobile.com/shopee/modules-federation/live/0/shopee__item-card-standard-v2/0.2.8/pc/38e203dc86172a6c6560.svg,https://deo.shopeemobile.com/shopee/modules-federation/live/0/shopee__item-card-standard-v2/0.2.8/pc/0614b8f0a8fdde22942d.svg,< 2 Hari,https://deo.shopeemobile.com/shopee/modules-federation/live/0/shopee__item-card-standard-v2/0.2.8/pc/5dd7b4560d0e2d3190e8.svg,Jakarta Utara,,,,,,"Realme 13 Plus+ 5G 12/256 GB Garansi Resmi Indonesia Second Bekas Original
Rp
2.990.000
5.0
8 Terjual
< 2 Hari
Jakarta Utara",https://shopee.co.id/Realme-13-Plus-5G-12-256-GB-Garansi-Resmi-Indonesia-Second-Bekas-Original-i.304735900.28934608070?extraParams=%7B%22display_model_id%22%3A290082191958%2C%22model_selection_logic%22%3A3%7D&sp_atk=b4dae1fe-82b5-45b5-bc55-1c9e112bf04e&xptdk=b4dae1fe-82b5-45b5-bc55-1c9e112bf04e,https://deo.shopeemobile.com/shopee/modules-federation/live/0/shopee__item-card-standard-v2/0.2.8/pc/d7099d3fd1dfdaf705ab.svg,8 Terjual,,
https://down-id.img.susercontent.com/file/id-11134207-7rbke-m9kh92ngdun2ef,Realme 13 Plus 5G 12/256 Fullset Second Hp Seken Istimewa,,Rp,3.100.000,https://deo.shopeemobile.com/shopee/modules-federation/live/0/shopee__item-card-standard-v2/0.2.8/pc/d2a1900a0267d45fd0f5.png,,4.3,,https://deo.shopeemobile.com/shopee/modules-federation/live/0/shopee__item-card-standard-v2/0.2.8/pc/76dff349290d20891fc1.svg,,,https://deo.shopeemobile.com/shopee/modules-federation/live/0/shopee__item-card-standard-v2/0.2.8/pc/5dd7b4560d0e2d3190e8.svg,Kab. Semarang,https://down-id.img.susercontent.com/file/id-11134258-822wr-mlx5y0tebegw04,,,,,"Realme 13 Plus 5G 12/256 Fullset Second Hp Seken Istimewa
Rp
3.100.000
4.3
3 Terjual
2-4 Hari
Kab. Semarang",https://shopee.co.id/Realme-13-Plus-5G-12-256-Fullset-Second-Hp-Seken-Istimewa-i.375168195.44150353132?extraParams=%7B%22display_model_id%22%3A270028800634%2C%22model_selection_logic%22%3A3%7D&sp_atk=ea87fcb0-9563-482f-bc04-4d52bcb118dc&xptdk=ea87fcb0-9563-482f-bc04-4d52bcb118dc,https://deo.shopeemobile.com/shopee/modules-federation/live/0/shopee__item-card-standard-v2/0.2.8/pc/d7099d3fd1dfdaf705ab.svg,3 Terjual,,
https://down-id.img.susercontent.com/file/id-11134207-7rbkc-m9zdu07yrl8045,Realme 13 8/128 | 8/256 GB Garansi Resmi Indonesia Second Bekas Original Fullset,https://deo.shopeemobile.com/shopee/modules-federation/live/0/shopee__item-card-standard-v2/0.2.8/pc/e4734dab67ee2f9ebd5a.png,Rp,1.775.000,,,5.0,,https://deo.shopeemobile.com/shopee/modules-federation/live/0/shopee__item-card-standard-v2/0.2.8/pc/38e203dc86172a6c6560.svg,https://deo.shopeemobile.com/shopee/modules-federation/live/0/shopee__item-card-standard-v2/0.2.8/pc/0614b8f0a8fdde22942d.svg,< 2 Hari,https://deo.shopeemobile.com/shopee/modules-federation/live/0/shopee__item-card-standard-v2/0.2.8/pc/5dd7b4560d0e2d3190e8.svg,Jakarta Utara,,,,,,"Realme 13 8/128 | 8/256 GB Garansi Resmi Indonesia Second Bekas Original Fullset
Rp
1.775.000
5.0
9 Terjual
< 2 Hari
Jakarta Utara",https://shopee.co.id/Realme-13-8-128-8-256-GB-Garansi-Resmi-Indonesia-Second-Bekas-Original-Fullset-i.515774005.26572611865?extraParams=%7B%22display_model_id%22%3A285082196073%2C%22model_selection_logic%22%3A3%7D&sp_atk=3d5dd879-86b6-4ca1-a354-afa89a823f98&xptdk=3d5dd879-86b6-4ca1-a354-afa89a823f98,https://deo.shopeemobile.com/shopee/modules-federation/live/0/shopee__item-card-standard-v2/0.2.8/pc/d7099d3fd1dfdaf705ab.svg,9 Terjual,,
https://down-id.img.susercontent.com/file/id-11134207-7r98t-m0dc30jze5708b,Realme 11 4G 8/256 GB Garansi Resmi Indonesia Second Bekas Original,https://deo.shopeemobile.com/shopee/modules-federation/live/0/shopee__item-card-standard-v2/0.2.8/pc/e4734dab67ee2f9ebd5a.png,Rp,1.790.000,,,5.0,,https://deo.shopeemobile.com/shopee/modules-federation/live/0/shopee__item-card-standard-v2/0.2.8/pc/38e203dc86172a6c6560.svg,https://deo.shopeemobile.com/shopee/modules-federation/live/0/shopee__item-card-standard-v2/0.2.8/pc/0614b8f0a8fdde22942d.svg,< 2 Hari,https://deo.shopeemobile.com/shopee/modules-federation/live/0/shopee__item-card-standard-v2/0.2.8/pc/5dd7b4560d0e2d3190e8.svg,Jakarta Utara,,,,,,"Realme 11 4G 8/256 GB Garansi Resmi Indonesia Second Bekas Original
Rp
1.790.000
5.0
25 Terjual
< 2 Hari
Jakarta Utara",https://shopee.co.id/Realme-11-4G-8-256-GB-Garansi-Resmi-Indonesia-Second-Bekas-Original-i.304735900.28755132610?extraParams=%7B%22display_model_id%22%3A187646454371%2C%22model_selection_logic%22%3A3%7D&sp_atk=13b09003-af44-41dd-bdcb-9f8d82efdc81&xptdk=13b09003-af44-41dd-bdcb-9f8d82efdc81,https://deo.shopeemobile.com/shopee/modules-federation/live/0/shopee__item-card-standard-v2/0.2.8/pc/d7099d3fd1dfdaf705ab.svg,25 Terjual,,
https://down-id.img.susercontent.com/file/id-11134207-7rasc-m4vam9917swm31,Realme 13 8/256 GB Garansi Resmi Indonesia Second Bekas Original,https://deo.shopeemobile.com/shopee/modules-federation/live/0/shopee__item-card-standard-v2/0.2.8/pc/e4734dab67ee2f9ebd5a.png,Rp,1.725.000,,,5.0,,https://deo.shopeemobile.com/shopee/modules-federation/live/0/shopee__item-card-standard-v2/0.2.8/pc/38e203dc86172a6c6560.svg,https://deo.shopeemobile.com/shopee/modules-federation/live/0/shopee__item-card-standard-v2/0.2.8/pc/0614b8f0a8fdde22942d.svg,< 2 Hari,https://deo.shopeemobile.com/shopee/modules-federation/live/0/shopee__item-card-standard-v2/0.2.8/pc/5dd7b4560d0e2d3190e8.svg,Jakarta Utara,,,,,,"Realme 13 8/256 GB Garansi Resmi Indonesia Second Bekas Original
Rp
1.725.000
5.0
3 Terjual
< 2 Hari
Jakarta Utara",https://shopee.co.id/Realme-13-8-256-GB-Garansi-Resmi-Indonesia-Second-Bekas-Original-i.515774005.29423242742?extraParams=%7B%22display_model_id%22%3A252447913787%2C%22model_selection_logic%22%3A3%7D&sp_atk=6dc4250c-6f0b-4dbf-b901-e84dce526156&xptdk=6dc4250c-6f0b-4dbf-b901-e84dce526156,https://deo.shopeemobile.com/shopee/modules-federation/live/0/shopee__item-card-standard-v2/0.2.8/pc/d7099d3fd1dfdaf705ab.svg,3 Terjual,,
https://down-id.img.susercontent.com/file/id-11134207-7rbk9-maxnd2yv4qy362,Realme C55 6/128 GB | 8/256 GB Garansi Resmi Realme Indonesia Second Original,https://deo.shopeemobile.com/shopee/modules-federation/live/0/shopee__item-card-standard-v2/0.2.8/pc/a425c915798471b33e5d.png,Rp,1.275.000,,,,,https://deo.shopeemobile.com/shopee/modules-federation/live/0/shopee__item-card-standard-v2/0.2.8/pc/38e203dc86172a6c6560.svg,https://deo.shopeemobile.com/shopee/modules-federation/live/0/shopee__item-card-standard-v2/0.2.8/pc/0614b8f0a8fdde22942d.svg,< 2 Hari,https://deo.shopeemobile.com/shopee/modules-federation/live/0/shopee__item-card-standard-v2/0.2.8/pc/5dd7b4560d0e2d3190e8.svg,Jakarta Utara,https://down-id.img.susercontent.com/file/id-11134258-7r98w-lyezzaurybot13,,,,,"Realme C55 6/128 GB | 8/256 GB Garansi Resmi Realme Indonesia Second Original
Rp
1.275.000
< 2 Hari
Jakarta Utara",https://shopee.co.id/Realme-C55-6-128-GB-8-256-GB-Garansi-Resmi-Realme-Indonesia-Second-Original-i.1563349780.26937560112?extraParams=%7B%22display_model_id%22%3A265370185033%2C%22model_selection_logic%22%3A3%7D&sp_atk=95425d9a-da14-4076-a586-0ba29c45ede1&xptdk=95425d9a-da14-4076-a586-0ba29c45ede1,https://deo.shopeemobile.com/shopee/modules-federation/live/0/shopee__item-card-standard-v2/0.2.8/pc/0614b8f0a8fdde22942d.svg,< 2 Hari,,
https://down-id.img.susercontent.com/file/id-11134207-822wu-mlrkmsyvby119a,Realme C65 8/128GB Hanphone second fullset original bergaransi,https://deo.shopeemobile.com/shopee/modules-federation/live/0/shopee__item-card-standard-v2/0.2.8/pc/a425c915798471b33e5d.png,Rp,1.590.000,,,5.0,,https://deo.shopeemobile.com/shopee/modules-federation/live/0/shopee__item-card-standard-v2/0.2.8/pc/38e203dc86172a6c6560.svg,https://deo.shopeemobile.com/shopee/modules-federation/live/0/shopee__item-card-standard-v2/0.2.8/pc/0614b8f0a8fdde22942d.svg,< 2 Hari,https://deo.shopeemobile.com/shopee/modules-federation/live/0/shopee__item-card-standard-v2/0.2.8/pc/5dd7b4560d0e2d3190e8.svg,Jakarta Selatan,https://down-id.img.susercontent.com/file/id-11134258-8224v-mkvw0cu9r7k1a5,,,,,"Realme C65 8/128GB Hanphone second fullset original bergaransi
Rp
1.590.000
5.0
4 Terjual
< 2 Hari
Jakarta Selatan",https://shopee.co.id/Realme-C65-8-128GB-Hanphone-second-fullset-original-bergaransi-i.281286305.24536403689?extraParams=%7B%22display_model_id%22%3A139273219652%2C%22model_selection_logic%22%3A3%7D&sp_atk=f69230e2-1370-4487-8dc5-5b0e9b6e8309&xptdk=f69230e2-1370-4487-8dc5-5b0e9b6e8309,https://deo.shopeemobile.com/shopee/modules-federation/live/0/shopee__item-card-standard-v2/0.2.8/pc/d7099d3fd1dfdaf705ab.svg,4 Terjual,,
https://down-id.img.susercontent.com/file/id-11134207-7rbka-maxugf9b4rme8a,Realme 11 4G 8/256 GB Garansi Resmi Realme Indonesia Second Original,https://deo.shopeemobile.com/shopee/modules-federation/live/0/shopee__item-card-standard-v2/0.2.8/pc/a425c915798471b33e5d.png,Rp,1.675.000,,,,,https://deo.shopeemobile.com/shopee/modules-federation/live/0/shopee__item-card-standard-v2/0.2.8/pc/38e203dc86172a6c6560.svg,https://deo.shopeemobile.com/shopee/modules-federation/live/0/shopee__item-card-standard-v2/0.2.8/pc/0614b8f0a8fdde22942d.svg,< 2 Hari,https://deo.shopeemobile.com/shopee/modules-federation/live/0/shopee__item-card-standard-v2/0.2.8/pc/5dd7b4560d0e2d3190e8.svg,Jakarta Utara,https://down-id.img.susercontent.com/file/id-11134258-7r98w-lyezzaurybot13,,,,,"Realme 11 4G 8/256 GB Garansi Resmi Realme Indonesia Second Original
Rp
1.675.000
< 2 Hari
Jakarta Utara",https://shopee.co.id/Realme-11-4G-8-256-GB-Garansi-Resmi-Realme-Indonesia-Second-Original-i.1563349780.42004373000?extraParams=%7B%22display_model_id%22%3A243516233617%2C%22model_selection_logic%22%3A3%7D&sp_atk=62d05103-6fc2-4bf0-90e9-6f891b5e7996&xptdk=62d05103-6fc2-4bf0-90e9-6f891b5e7996,https://deo.shopeemobile.com/shopee/modules-federation/live/0/shopee__item-card-standard-v2/0.2.8/pc/0614b8f0a8fdde22942d.svg,< 2 Hari,,
https://down-id.img.susercontent.com/file/id-11134207-7r98x-lzd68g84y863e9,REALME C67 8/128 FULLSET SECOND,,Rp,1.700.000,https://deo.shopeemobile.com/shopee/modules-federation/live/0/shopee__item-card-standard-v2/0.2.8/pc/d2a1900a0267d45fd0f5.png,,,,https://deo.shopeemobile.com/shopee/modules-federation/live/0/shopee__item-card-standard-v2/0.2.8/pc/38e203dc86172a6c6560.svg,https://deo.shopeemobile.com/shopee/modules-federation/live/0/shopee__item-card-standard-v2/0.2.8/pc/0614b8f0a8fdde22942d.svg,Besok,https://deo.shopeemobile.com/shopee/modules-federation/live/0/shopee__item-card-standard-v2/0.2.8/pc/5dd7b4560d0e2d3190e8.svg,Surabaya,https://down-id.img.susercontent.com/file/id-11134258-8224v-mkvw0cu9r7k1a5,,,,,"REALME C67 8/128 FULLSET SECOND
Rp
1.700.000
Besok
Surabaya",https://shopee.co.id/REALME-C67-8-128-FULLSET-SECOND-i.230315394.25235241848?extraParams=%7B%22display_model_id%22%3A147434757554%2C%22model_selection_logic%22%3A3%7D&sp_atk=600c486c-a2a2-496d-9a9d-5ce8ca65c2ff&xptdk=600c486c-a2a2-496d-9a9d-5ce8ca65c2ff,https://deo.shopeemobile.com/shopee/modules-federation/live/0/shopee__item-card-standard-v2/0.2.8/pc/0614b8f0a8fdde22942d.svg,Besok,,
https://down-id.img.susercontent.com/file/99862382fd60a2bbea9c5d40237dad57,Realme 8 5G 8/128 GB Ex Resmi Realme Indonesia Second Bekas Seken Ori,https://deo.shopeemobile.com/shopee/modules-federation/live/0/shopee__item-card-standard-v2/0.2.8/pc/e4734dab67ee2f9ebd5a.png,Rp,1.690.000,,,4.8,,https://deo.shopeemobile.com/shopee/modules-federation/live/0/shopee__item-card-standard-v2/0.2.8/pc/76dff349290d20891fc1.svg,,,https://deo.shopeemobile.com/shopee/modules-federation/live/0/shopee__item-card-standard-v2/0.2.8/pc/5dd7b4560d0e2d3190e8.svg,Jakarta Utara,,,,,,"Realme 8 5G 8/128 GB Ex Resmi Realme Indonesia Second Bekas Seken Ori
Rp
1.690.000
4.8
13 Terjual
2-4 Hari
Jakarta Utara",https://shopee.co.id/Realme-8-5G-8-128-GB-Ex-Resmi-Realme-Indonesia-Second-Bekas-Seken-Ori-i.304735900.15830618662?extraParams=%7B%22display_model_id%22%3A155767925437%2C%22model_selection_logic%22%3A3%7D&sp_atk=b3917d2e-f41b-46a3-b87d-77ff1aee2e9c&xptdk=b3917d2e-f41b-46a3-b87d-77ff1aee2e9c,https://deo.shopeemobile.com/shopee/modules-federation/live/0/shopee__item-card-standard-v2/0.2.8/pc/d7099d3fd1dfdaf705ab.svg,13 Terjual,,
https://down-id.img.susercontent.com/file/id-11134207-7rbk1-m6mbwbklmwmf6e,Realme C55 8/256GB // 6/128GN Second Mulus Terawat,https://deo.shopeemobile.com/shopee/modules-federation/live/0/shopee__item-card-standard-v2/0.2.8/pc/e4734dab67ee2f9ebd5a.png,Rp,1.616.000,,,5.0,,https://deo.shopeemobile.com/shopee/modules-federation/live/0/shopee__item-card-standard-v2/0.2.8/pc/38e203dc86172a6c6560.svg,https://deo.shopeemobile.com/shopee/modules-federation/live/0/shopee__item-card-standard-v2/0.2.8/pc/0614b8f0a8fdde22942d.svg,Besok 12:00,https://deo.shopeemobile.com/shopee/modules-federation/live/0/shopee__item-card-standard-v2/0.2.8/pc/5dd7b4560d0e2d3190e8.svg,Kab. Sidoarjo,https://down-id.img.susercontent.com/file/id-11134258-8224v-mkvw0cu9r7k1a5,,,,,"Realme C55 8/256GB // 6/128GN Second Mulus Terawat
Rp
1.616.000
5.0
2 Terjual
Besok 12:00
Kab. Sidoarjo",https://shopee.co.id/Realme-C55-8-256GB-6-128GN-Second-Mulus-Terawat-i.309409025.25341812048?extraParams=%7B%22display_model_id%22%3A261403481644%2C%22model_selection_logic%22%3A3%7D&sp_atk=bd2b1d85-e4b9-45b3-b9c5-c600fc81643a&xptdk=bd2b1d85-e4b9-45b3-b9c5-c600fc81643a,https://deo.shopeemobile.com/shopee/modules-federation/live/0/shopee__item-card-standard-v2/0.2.8/pc/d7099d3fd1dfdaf705ab.svg,2 Terjual,,
https://down-id.img.susercontent.com/file/id-11134207-822wh-mmk5emrmi8zpdb,Realme GT Master 5G 8/128GB Second Ori,https://deo.shopeemobile.com/shopee/modules-federation/live/0/shopee__item-card-standard-v2/0.2.8/pc/a425c915798471b33e5d.png,Rp,1.500.000,,,,,https://deo.shopeemobile.com/shopee/modules-federation/live/0/shopee__item-card-standard-v2/0.2.8/pc/76dff349290d20891fc1.svg,,,https://deo.shopeemobile.com/shopee/modules-federation/live/0/shopee__item-card-standard-v2/0.2.8/pc/5dd7b4560d0e2d3190e8.svg,Bandung,https://down-id.img.susercontent.com/file/id-11134258-822wr-mlx67rtd6r602f,,,,,"Realme GT Master 5G 8/128GB Second Ori
Rp
1.500.000
1 Terjual
2-4 Hari
Bandung",https://shopee.co.id/Realme-GT-Master-5G-8-128GB-Second-Ori-i.85277250.40657411064?extraParams=%7B%22display_model_id%22%3A248598318819%2C%22model_selection_logic%22%3A3%7D&sp_atk=17b0dd5d-9095-4f4f-a519-e376e4d4c986&xptdk=17b0dd5d-9095-4f4f-a519-e376e4d4c986,,1 Terjual,,
https://down-id.img.susercontent.com/file/sg-11134201-22120-woep19gl2alv09,Realme 9i 6/128 GB Resmi Realme Indonesia Second Bekas Seken Original,https://deo.shopeemobile.com/shopee/modules-federation/live/0/shopee__item-card-standard-v2/0.2.8/pc/e4734dab67ee2f9ebd5a.png,Rp,1.490.000,,,5.0,,https://deo.shopeemobile.com/shopee/modules-federation/live/0/shopee__item-card-standard-v2/0.2.8/pc/38e203dc86172a6c6560.svg,https://deo.shopeemobile.com/shopee/modules-federation/live/0/shopee__item-card-standard-v2/0.2.8/pc/0614b8f0a8fdde22942d.svg,< 2 Hari,https://deo.shopeemobile.com/shopee/modules-federation/live/0/shopee__item-card-standard-v2/0.2.8/pc/5dd7b4560d0e2d3190e8.svg,Jakarta Utara,,,,,,"Realme 9i 6/128 GB Resmi Realme Indonesia Second Bekas Seken Original
Rp
1.490.000
5.0
11 Terjual
< 2 Hari
Jakarta Utara",https://shopee.co.id/Realme-9i-6-128-GB-Resmi-Realme-Indonesia-Second-Bekas-Seken-Original-i.304735900.21169253593?extraParams=%7B%22display_model_id%22%3A226770912737%2C%22model_selection_logic%22%3A3%7D&sp_atk=8724b41e-bbc6-4368-97a8-ba91f3fff85e&xptdk=8724b41e-bbc6-4368-97a8-ba91f3fff85e,https://deo.shopeemobile.com/shopee/modules-federation/live/0/shopee__item-card-standard-v2/0.2.8/pc/d7099d3fd1dfdaf705ab.svg,11 Terjual,,
https://down-id.img.susercontent.com/file/id-11134207-8224t-mibevsqz5fcz84,Handphone Hp Realme C75 8/256 Second Seken Bekas Murah,,Rp,1.750.000,,,4.8,,https://deo.shopeemobile.com/shopee/modules-federation/live/0/shopee__item-card-standard-v2/0.2.8/pc/38e203dc86172a6c6560.svg,https://deo.shopeemobile.com/shopee/modules-federation/live/0/shopee__item-card-standard-v2/0.2.8/pc/0614b8f0a8fdde22942d.svg,< 2 Hari,https://deo.shopeemobile.com/shopee/modules-federation/live/0/shopee__item-card-standard-v2/0.2.8/pc/5dd7b4560d0e2d3190e8.svg,Bekasi,https://down-id.img.susercontent.com/file/id-11134258-8224v-mkvw0cu9r7k1a5,,Cicilan,,,"Handphone Hp Realme C75 8/256 Second Seken Bekas Murah
Rp
1.750.000
Cicilan
4.8
15 Terjual
< 2 Hari
Bekasi",https://shopee.co.id/Handphone-Hp-Realme-C75-8-256-Second-Seken-Bekas-Murah-i.40845245.11219983440?extraParams=%7B%22display_model_id%22%3A430306881124%2C%22model_selection_logic%22%3A3%7D&sp_atk=95cbab3a-2279-4263-ac80-dc995062c9f9&xptdk=95cbab3a-2279-4263-ac80-dc995062c9f9,https://deo.shopeemobile.com/shopee/modules-federation/live/0/shopee__item-card-standard-v2/0.2.8/pc/d7099d3fd1dfdaf705ab.svg,15 Terjual,,
https://down-id.img.susercontent.com/file/sg-11134201-22120-va2bhufzxalv93,Realme GT Master Edition 5G 8/128 | 8/256 GB Resmi Indonesia Second Bekas OK,https://deo.shopeemobile.com/shopee/modules-federation/live/0/shopee__item-card-standard-v2/0.2.8/pc/e4734dab67ee2f9ebd5a.png,Rp,2.890.000,,,4.6,,https://deo.shopeemobile.com/shopee/modules-federation/live/0/shopee__item-card-standard-v2/0.2.8/pc/38e203dc86172a6c6560.svg,https://deo.shopeemobile.com/shopee/modules-federation/live/0/shopee__item-card-standard-v2/0.2.8/pc/0614b8f0a8fdde22942d.svg,< 2 Hari,https://deo.shopeemobile.com/shopee/modules-federation/live/0/shopee__item-card-standard-v2/0.2.8/pc/5dd7b4560d0e2d3190e8.svg,Jakarta Utara,,,,,,"Realme GT Master Edition 5G 8/128 | 8/256 GB Resmi Indonesia Second Bekas OK
Rp
2.890.000
4.6
20 Terjual
< 2 Hari
Jakarta Utara",https://shopee.co.id/Realme-GT-Master-Edition-5G-8-128-8-256-GB-Resmi-Indonesia-Second-Bekas-OK-i.304735900.18536550390?extraParams=%7B%22display_model_id%22%3A230503444828%2C%22model_selection_logic%22%3A3%7D&sp_atk=9ea281ec-7809-48fb-b03c-19c666df895f&xptdk=9ea281ec-7809-48fb-b03c-19c666df895f,https://deo.shopeemobile.com/shopee/modules-federation/live/0/shopee__item-card-standard-v2/0.2.8/pc/d7099d3fd1dfdaf705ab.svg,20 Terjual,,
https://down-id.img.susercontent.com/file/id-11134207-7ra0l-mb821qe4m12196,Realme note 60 8/256gb second fullset garansi,https://deo.shopeemobile.com/shopee/modules-federation/live/0/shopee__item-card-standard-v2/0.2.8/pc/e4734dab67ee2f9ebd5a.png,Rp,1.750.000,https://deo.shopeemobile.com/shopee/modules-federation/live/0/shopee__item-card-standard-v2/0.2.8/pc/d2a1900a0267d45fd0f5.png,,5.0,,https://deo.shopeemobile.com/shopee/modules-federation/live/0/shopee__item-card-standard-v2/0.2.8/pc/38e203dc86172a6c6560.svg,https://deo.shopeemobile.com/shopee/modules-federation/live/0/shopee__item-card-standard-v2/0.2.8/pc/0614b8f0a8fdde22942d.svg,< 2 Hari,https://deo.shopeemobile.com/shopee/modules-federation/live/0/shopee__item-card-standard-v2/0.2.8/pc/5dd7b4560d0e2d3190e8.svg,Jakarta Barat,https://down-id.img.susercontent.com/file/id-11134258-8224v-mkvw0cu9r7k1a5,,,,,"Realme note 60 8/256gb second fullset garansi
Rp
1.750.000
5.0
24 Terjual
< 2 Hari
Jakarta Barat",https://shopee.co.id/Realme-note-60-8-256gb-second-fullset-garansi-i.18270057.42955310932?extraParams=%7B%22display_model_id%22%3A290448027463%2C%22model_selection_logic%22%3A3%7D&sp_atk=395c9cfa-587f-484e-8753-d5dbce28dc9a&xptdk=395c9cfa-587f-484e-8753-d5dbce28dc9a,https://deo.shopeemobile.com/shopee/modules-federation/live/0/shopee__item-card-standard-v2/0.2.8/pc/d7099d3fd1dfdaf705ab.svg,24 Terjual,,
https://down-id.img.susercontent.com/file/id-11134207-7r98x-m0b3h81sjo7w08,Realme 11 Pro 5G 8/256 GB Garansi Resmi Indonesia Second Bekas Original,https://deo.shopeemobile.com/shopee/modules-federation/live/0/shopee__item-card-standard-v2/0.2.8/pc/e4734dab67ee2f9ebd5a.png,Rp,2.375.000,,,5.0,,https://deo.shopeemobile.com/shopee/modules-federation/live/0/shopee__item-card-standard-v2/0.2.8/pc/38e203dc86172a6c6560.svg,https://deo.shopeemobile.com/shopee/modules-federation/live/0/shopee__item-card-standard-v2/0.2.8/pc/0614b8f0a8fdde22942d.svg,< 2 Hari,https://deo.shopeemobile.com/shopee/modules-federation/live/0/shopee__item-card-standard-v2/0.2.8/pc/5dd7b4560d0e2d3190e8.svg,Jakarta Utara,,,,,,"Realme 11 Pro 5G 8/256 GB Garansi Resmi Indonesia Second Bekas Original
Rp
2.375.000
5.0
6 Terjual
< 2 Hari
Jakarta Utara",https://shopee.co.id/Realme-11-Pro-5G-8-256-GB-Garansi-Resmi-Indonesia-Second-Bekas-Original-i.515774005.24985457641?extraParams=%7B%22display_model_id%22%3A215354089369%2C%22model_selection_logic%22%3A3%7D&sp_atk=b527afbc-b463-42ad-8f66-a9de1fd9da2b&xptdk=b527afbc-b463-42ad-8f66-a9de1fd9da2b,https://deo.shopeemobile.com/shopee/modules-federation/live/0/shopee__item-card-standard-v2/0.2.8/pc/d7099d3fd1dfdaf705ab.svg,6 Terjual,,
https://down-id.img.susercontent.com/file/id-11134207-7rbk6-m6cexvz9kqtv04,Realme C65 8/128 | 8/256 GB Garansi Resmi Indonesia Second Bekas Original,https://deo.shopeemobile.com/shopee/modules-federation/live/0/shopee__item-card-standard-v2/0.2.8/pc/e4734dab67ee2f9ebd5a.png,Rp,1.590.000,,,5.0,,https://deo.shopeemobile.com/shopee/modules-federation/live/0/shopee__item-card-standard-v2/0.2.8/pc/38e203dc86172a6c6560.svg,https://deo.shopeemobile.com/shopee/modules-federation/live/0/shopee__item-card-standard-v2/0.2.8/pc/0614b8f0a8fdde22942d.svg,< 2 Hari,https://deo.shopeemobile.com/shopee/modules-federation/live/0/shopee__item-card-standard-v2/0.2.8/pc/5dd7b4560d0e2d3190e8.svg,Jakarta Utara,,,,,,"Realme C65 8/128 | 8/256 GB Garansi Resmi Indonesia Second Bekas Original
Rp
1.590.000
5.0
19 Terjual
< 2 Hari
Jakarta Utara",https://shopee.co.id/Realme-C65-8-128-8-256-GB-Garansi-Resmi-Indonesia-Second-Bekas-Original-i.304735900.25539549734?extraParams=%7B%22display_model_id%22%3A206037216627%2C%22model_selection_logic%22%3A3%7D&sp_atk=4d44edbe-b9b0-4e28-9a13-b9a155620e18&xptdk=4d44edbe-b9b0-4e28-9a13-b9a155620e18,https://deo.shopeemobile.com/shopee/modules-federation/live/0/shopee__item-card-standard-v2/0.2.8/pc/d7099d3fd1dfdaf705ab.svg,19 Terjual,,
https://down-id.img.susercontent.com/file/d9b151a7992f0b217702be393f4ac009,Realme C35 ram 4/64 fullset second,,Rp,1.250.000,https://deo.shopeemobile.com/shopee/modules-federation/live/0/shopee__item-card-standard-v2/0.2.8/pc/d2a1900a0267d45fd0f5.png,,,,https://deo.shopeemobile.com/shopee/modules-federation/live/0/shopee__item-card-standard-v2/0.2.8/pc/38e203dc86172a6c6560.svg,https://deo.shopeemobile.com/shopee/modules-federation/live/0/shopee__item-card-standard-v2/0.2.8/pc/0614b8f0a8fdde22942d.svg,Besok,https://deo.shopeemobile.com/shopee/modules-federation/live/0/shopee__item-card-standard-v2/0.2.8/pc/5dd7b4560d0e2d3190e8.svg,Surabaya,https://down-id.img.susercontent.com/file/id-11134258-8224v-mkvw0cu9r7k1a5,,,,,"Realme C35 ram 4/64 fullset second
Rp
1.250.000
1 Terjual
Besok
Surabaya",https://shopee.co.id/Realme-C35-ram-4-64-fullset-second-i.230315394.19154969135?extraParams=%7B%22display_model_id%22%3A192760116479%2C%22model_selection_logic%22%3A3%7D&sp_atk=04dfc01a-8cb3-471f-97d0-dbee80b2b420&xptdk=04dfc01a-8cb3-471f-97d0-dbee80b2b420,https://deo.shopeemobile.com/shopee/modules-federation/live/0/shopee__item-card-standard-v2/0.2.8/pc/0614b8f0a8fdde22942d.svg,1 Terjual,,
https://down-id.img.susercontent.com/file/625585c53de9a71cce38ee6333c9a0ef,Realme XT 4/128 | 8/128 GB Ex Resmi Indonesia Original Second Bekas Seken Ex Pemakaian Good Condition,https://deo.shopeemobile.com/shopee/modules-federation/live/0/shopee__item-card-standard-v2/0.2.8/pc/e4734dab67ee2f9ebd5a.png,Rp,1.849.000,,,4.9,,https://deo.shopeemobile.com/shopee/modules-federation/live/0/shopee__item-card-standard-v2/0.2.8/pc/76dff349290d20891fc1.svg,,,https://deo.shopeemobile.com/shopee/modules-federation/live/0/shopee__item-card-standard-v2/0.2.8/pc/5dd7b4560d0e2d3190e8.svg,Jakarta Utara,,,,,,"Realme XT 4/128 | 8/128 GB Ex Resmi Indonesia Original Second Bekas Seken Ex Pemakaian Good Condition
Rp
1.849.000
4.9
41 Terjual
2-4 Hari
Jakarta Utara",https://shopee.co.id/Realme-XT-4-128-8-128-GB-Ex-Resmi-Indonesia-Original-Second-Bekas-Seken-Ex-Pemakaian-Good-Condition-i.304735900.8013162848?extraParams=%7B%22display_model_id%22%3A155378033750%2C%22model_selection_logic%22%3A3%7D&sp_atk=b106518c-56c9-4dbc-9d11-38a4562de850&xptdk=b106518c-56c9-4dbc-9d11-38a4562de850,https://deo.shopeemobile.com/shopee/modules-federation/live/0/shopee__item-card-standard-v2/0.2.8/pc/d7099d3fd1dfdaf705ab.svg,41 Terjual,,
https://down-id.img.susercontent.com/file/id-11134207-7qul1-lkc0jhnhcbkpa5,Realme C33 3/32 | 4/64 | 4/128 GB Garansi Resmi Indonesia Fullset Second Bekas Seken Original,https://deo.shopeemobile.com/shopee/modules-federation/live/0/shopee__item-card-standard-v2/0.2.8/pc/e4734dab67ee2f9ebd5a.png,Rp,890.000,,,5.0,,https://deo.shopeemobile.com/shopee/modules-federation/live/0/shopee__item-card-standard-v2/0.2.8/pc/38e203dc86172a6c6560.svg,https://deo.shopeemobile.com/shopee/modules-federation/live/0/shopee__item-card-standard-v2/0.2.8/pc/0614b8f0a8fdde22942d.svg,< 2 Hari,https://deo.shopeemobile.com/shopee/modules-federation/live/0/shopee__item-card-standard-v2/0.2.8/pc/5dd7b4560d0e2d3190e8.svg,Jakarta Utara,,,,,,"Realme C33 3/32 | 4/64 | 4/128 GB Garansi Resmi Indonesia Fullset Second Bekas Seken Original
Rp
890.000
5.0
54 Terjual
< 2 Hari
Jakarta Utara",https://shopee.co.id/Realme-C33-3-32-4-64-4-128-GB-Garansi-Resmi-Indonesia-Fullset-Second-Bekas-Seken-Original-i.304735900.19576826789?extraParams=%7B%22display_model_id%22%3A246168580530%2C%22model_selection_logic%22%3A3%7D&sp_atk=5277e7e2-66c4-4128-8a18-de8fa94c6ccb&xptdk=5277e7e2-66c4-4128-8a18-de8fa94c6ccb,https://deo.shopeemobile.com/shopee/modules-federation/live/0/shopee__item-card-standard-v2/0.2.8/pc/d7099d3fd1dfdaf705ab.svg,54 Terjual,,
https://down-id.img.susercontent.com/file/id-11134207-7r98o-lvgomtburs2180,REALME C11 2/32 2021 ORIGINAL 4G LTE HANDPHONE ANDROID SECOND MURAH,https://deo.shopeemobile.com/shopee/modules-federation/live/0/shopee__item-card-standard-v2/0.2.8/pc/a425c915798471b33e5d.png,Rp,599.000,https://deo.shopeemobile.com/shopee/modules-federation/live/0/shopee__item-card-standard-v2/0.2.8/pc/d2a1900a0267d45fd0f5.png,,4.7,,https://deo.shopeemobile.com/shopee/modules-federation/live/0/shopee__item-card-standard-v2/0.2.8/pc/38e203dc86172a6c6560.svg,https://deo.shopeemobile.com/shopee/modules-federation/live/0/shopee__item-card-standard-v2/0.2.8/pc/0614b8f0a8fdde22942d.svg,< 2 Hari,https://deo.shopeemobile.com/shopee/modules-federation/live/0/shopee__item-card-standard-v2/0.2.8/pc/5dd7b4560d0e2d3190e8.svg,Kab. Kudus,https://down-id.img.susercontent.com/file/id-11134258-7r98w-lyezzaurybot13,-1%,,,https://deo.shopeemobile.com/shopee/modules-federation/live/0/shopee__item-card-standard-v2/0.2.8/pc/b4d1b8a78b3621dbdf4a.svg,"REALME C11 2/32 2021 ORIGINAL 4G LTE HANDPHONE ANDROID SECOND MURAH
Rp
599.000
-1%
4.7
122 Terjual
< 2 Hari
Kab. Kudus",https://shopee.co.id/REALME-C11-2-32-2021-ORIGINAL-4G-LTE-HANDPHONE-ANDROID-SECOND-MURAH-i.427220262.23435184707?extraParams=%7B%22display_model_id%22%3A221348448189%2C%22model_selection_logic%22%3A3%7D&sp_atk=0289f671-ee7a-4a8e-a722-8083eeb793b1&xptdk=0289f671-ee7a-4a8e-a722-8083eeb793b1,https://deo.shopeemobile.com/shopee/modules-federation/live/0/shopee__item-card-standard-v2/0.2.8/pc/d7099d3fd1dfdaf705ab.svg,122 Terjual,,
https://down-id.img.susercontent.com/file/id-11134207-7r98v-llzw3tswadjbda,REALME C55 6/128 & 8/256 SECOND FULLSET ORI,https://deo.shopeemobile.com/shopee/modules-federation/live/0/shopee__item-card-standard-v2/0.2.8/pc/e4734dab67ee2f9ebd5a.png,Rp,1.549.000,,,,,https://deo.shopeemobile.com/shopee/modules-federation/live/0/shopee__item-card-standard-v2/0.2.8/pc/38e203dc86172a6c6560.svg,https://deo.shopeemobile.com/shopee/modules-federation/live/0/shopee__item-card-standard-v2/0.2.8/pc/0614b8f0a8fdde22942d.svg,< 2 Hari,https://deo.shopeemobile.com/shopee/modules-federation/live/0/shopee__item-card-standard-v2/0.2.8/pc/5dd7b4560d0e2d3190e8.svg,Kab. Bogor,https://down-id.img.susercontent.com/file/id-11134258-8224v-mkvw0cu9r7k1a5,,,,,"REALME C55 6/128 & 8/256 SECOND FULLSET ORI
Rp
1.549.000
< 2 Hari
Kab. Bogor",https://shopee.co.id/REALME-C55-6-128-8-256-SECOND-FULLSET-ORI-i.586330356.22652001102?extraParams=%7B%22display_model_id%22%3A138716558433%2C%22model_selection_logic%22%3A3%7D&sp_atk=1f26510a-b739-4037-b995-ec5398dde8e5&xptdk=1f26510a-b739-4037-b995-ec5398dde8e5,https://deo.shopeemobile.com/shopee/modules-federation/live/0/shopee__item-card-standard-v2/0.2.8/pc/0614b8f0a8fdde22942d.svg,< 2 Hari,,
https://down-id.img.susercontent.com/file/id-11134207-7rasc-m1mmcnv4h51rab,Realme Note 50 4/64 GB | 4/128 GB Garansi Resmi Indonesia Second Bekas Original,https://deo.shopeemobile.com/shopee/modules-federation/live/0/shopee__item-card-standard-v2/0.2.8/pc/e4734dab67ee2f9ebd5a.png,Rp,1.175.000,,,5.0,,https://deo.shopeemobile.com/shopee/modules-federation/live/0/shopee__item-card-standard-v2/0.2.8/pc/38e203dc86172a6c6560.svg,https://deo.shopeemobile.com/shopee/modules-federation/live/0/shopee__item-card-standard-v2/0.2.8/pc/0614b8f0a8fdde22942d.svg,< 2 Hari,https://deo.shopeemobile.com/shopee/modules-federation/live/0/shopee__item-card-standard-v2/0.2.8/pc/5dd7b4560d0e2d3190e8.svg,Jakarta Utara,,,,,,"Realme Note 50 4/64 GB | 4/128 GB Garansi Resmi Indonesia Second Bekas Original
Rp
1.175.000
5.0
14 Terjual
< 2 Hari
Jakarta Utara",https://shopee.co.id/Realme-Note-50-4-64-GB-4-128-GB-Garansi-Resmi-Indonesia-Second-Bekas-Original-i.515774005.26459665781?extraParams=%7B%22display_model_id%22%3A176687553218%2C%22model_selection_logic%22%3A3%7D&sp_atk=aa785f88-f917-4e8b-b3ce-ffbf08e4213e&xptdk=aa785f88-f917-4e8b-b3ce-ffbf08e4213e,https://deo.shopeemobile.com/shopee/modules-federation/live/0/shopee__item-card-standard-v2/0.2.8/pc/d7099d3fd1dfdaf705ab.svg,14 Terjual,,
https://down-id.img.susercontent.com/file/id-11134207-7r98y-lo50odoz2jbj39,REALME 10 8/128 GB SECOND,,Rp,1.650.000,,,,,https://deo.shopeemobile.com/shopee/modules-federation/live/0/shopee__item-card-standard-v2/0.2.8/pc/76dff349290d20891fc1.svg,,,https://deo.shopeemobile.com/shopee/modules-federation/live/0/shopee__item-card-standard-v2/0.2.8/pc/5dd7b4560d0e2d3190e8.svg,Surabaya,https://down-id.img.susercontent.com/file/id-11134258-8224v-mkvw0cu9r7k1a5,,,,,"REALME 10 8/128 GB SECOND
Rp
1.650.000
1-3 Hari
Surabaya",https://shopee.co.id/REALME-10-8-128-GB-SECOND-i.218934189.20395269867?extraParams=%7B%22display_model_id%22%3A194752174809%2C%22model_selection_logic%22%3A3%7D&sp_atk=972a7f2b-50bc-47bb-b6df-878ed69da7d1&xptdk=972a7f2b-50bc-47bb-b6df-878ed69da7d1,,1-3 Hari,,
https://down-id.img.susercontent.com/file/id-11134207-82252-mj41bso4szrbb7,REALME C35 RAM 4+4GB / 64GB HANDPHONE SECOND ANDROID NORMAL SIAP PAKAI,https://deo.shopeemobile.com/shopee/modules-federation/live/0/shopee__item-card-standard-v2/0.2.8/pc/a425c915798471b33e5d.png,Rp,1.200.000,https://deo.shopeemobile.com/shopee/modules-federation/live/0/shopee__item-card-standard-v2/0.2.8/pc/d2a1900a0267d45fd0f5.png,,5.0,,https://deo.shopeemobile.com/shopee/modules-federation/live/0/shopee__item-card-standard-v2/0.2.8/pc/38e203dc86172a6c6560.svg,https://deo.shopeemobile.com/shopee/modules-federation/live/0/shopee__item-card-standard-v2/0.2.8/pc/0614b8f0a8fdde22942d.svg,< 2 Hari,https://deo.shopeemobile.com/shopee/modules-federation/live/0/shopee__item-card-standard-v2/0.2.8/pc/5dd7b4560d0e2d3190e8.svg,Bandung,https://down-id.img.susercontent.com/file/id-11134258-822wr-mlx67rtd6r602f,,,,,"REALME C35 RAM 4+4GB / 64GB HANDPHONE SECOND ANDROID NORMAL SIAP PAKAI
Rp
1.200.000
5.0
2 Terjual
< 2 Hari
Bandung",https://shopee.co.id/REALME-C35-RAM-4-4GB-64GB-HANDPHONE-SECOND-ANDROID-NORMAL-SIAP-PAKAI-i.15904669.25829442841?extraParams=%7B%22display_model_id%22%3A187495182313%2C%22model_selection_logic%22%3A3%7D&sp_atk=e94e7b5c-6643-4826-9ed2-59a779d6e324&xptdk=e94e7b5c-6643-4826-9ed2-59a779d6e324,https://deo.shopeemobile.com/shopee/modules-federation/live/0/shopee__item-card-standard-v2/0.2.8/pc/d7099d3fd1dfdaf705ab.svg,2 Terjual,,
https://down-id.img.susercontent.com/file/id-11134207-7rbk6-m8qvjehmkl5p81,Hp Realme 5 Pro 4/128GB (Second - Fullset),,Rp,1.200.000,,,,,https://deo.shopeemobile.com/shopee/modules-federation/live/0/shopee__item-card-standard-v2/0.2.8/pc/76dff349290d20891fc1.svg,,,https://deo.shopeemobile.com/shopee/modules-federation/live/0/shopee__item-card-standard-v2/0.2.8/pc/5dd7b4560d0e2d3190e8.svg,Kab. Bekasi,https://down-id.img.susercontent.com/file/id-11134258-7r98w-lyezzaurybot13,,,,,"Hp Realme 5 Pro 4/128GB (Second - Fullset)
Rp
1.200.000
3-5 Hari
Kab. Bekasi",https://shopee.co.id/Hp-Realme-5-Pro-4-128GB-(Second-Fullset)-i.103440205.29833294646?extraParams=%7B%22display_model_id%22%3A109468468078%2C%22model_selection_logic%22%3A3%7D&sp_atk=500199dd-d964-4292-8ed4-bcad79283824&xptdk=500199dd-d964-4292-8ed4-bcad79283824,,3-5 Hari,,
https://down-id.img.susercontent.com/file/id-11134207-7r98w-lpw28tbtjj7q9c,Realme C53 Ram 6/128GB | Ram 8/256GB Second Original,https://deo.shopeemobile.com/shopee/modules-federation/live/0/shopee__item-card-standard-v2/0.2.8/pc/e4734dab67ee2f9ebd5a.png,Rp,1.455.760,,,5.0,,https://deo.shopeemobile.com/shopee/modules-federation/live/0/shopee__item-card-standard-v2/0.2.8/pc/38e203dc86172a6c6560.svg,https://deo.shopeemobile.com/shopee/modules-federation/live/0/shopee__item-card-standard-v2/0.2.8/pc/0614b8f0a8fdde22942d.svg,Hari Ini 12:00,https://deo.shopeemobile.com/shopee/modules-federation/live/0/shopee__item-card-standard-v2/0.2.8/pc/5dd7b4560d0e2d3190e8.svg,Surabaya,https://down-id.img.susercontent.com/file/id-11134258-822wr-mlx5y0tebegw04,-34%,,,,"Realme C53 Ram 6/128GB | Ram 8/256GB Second Original
Rp
1.455.760
-34%
5.0
8 Terjual
Hari Ini 12:00
Surabaya",https://shopee.co.id/Realme-C53-Ram-6-128GB-Ram-8-256GB-Second-Original-i.358338280.25405145250?extraParams=%7B%22display_model_id%22%3A214839870815%2C%22model_selection_logic%22%3A3%7D&sp_atk=954e6cbe-d6e9-4fa7-9c9b-40e80b720a9e&xptdk=954e6cbe-d6e9-4fa7-9c9b-40e80b720a9e,https://deo.shopeemobile.com/shopee/modules-federation/live/0/shopee__item-card-standard-v2/0.2.8/pc/d7099d3fd1dfdaf705ab.svg,8 Terjual,,
https://down-id.img.susercontent.com/file/id-11134207-7rbkb-m7kcxfrkgs0me8,Realme 13 Pro+ Plus 5G 12/512 GB Garansi Resmi Indonesia Second Bekas Original,https://deo.shopeemobile.com/shopee/modules-federation/live/0/shopee__item-card-standard-v2/0.2.8/pc/e4734dab67ee2f9ebd5a.png,Rp,3.990.000,,,5.0,,https://deo.shopeemobile.com/shopee/modules-federation/live/0/shopee__item-card-standard-v2/0.2.8/pc/38e203dc86172a6c6560.svg,https://deo.shopeemobile.com/shopee/modules-federation/live/0/shopee__item-card-standard-v2/0.2.8/pc/0614b8f0a8fdde22942d.svg,< 2 Hari,https://deo.shopeemobile.com/shopee/modules-federation/live/0/shopee__item-card-standard-v2/0.2.8/pc/5dd7b4560d0e2d3190e8.svg,Jakarta Utara,,,,,,"Realme 13 Pro+ Plus 5G 12/512 GB Garansi Resmi Indonesia Second Bekas Original
Rp
3.990.000
5.0
23 Terjual
< 2 Hari
Jakarta Utara",https://shopee.co.id/Realme-13-Pro-Plus-5G-12-512-GB-Garansi-Resmi-Indonesia-Second-Bekas-Original-i.304735900.26580262019?extraParams=%7B%22display_model_id%22%3A291421874220%2C%22model_selection_logic%22%3A3%7D&sp_atk=d0cb87f9-35d6-4f94-b9d3-a5bcbfc0e4db&xptdk=d0cb87f9-35d6-4f94-b9d3-a5bcbfc0e4db,https://deo.shopeemobile.com/shopee/modules-federation/live/0/shopee__item-card-standard-v2/0.2.8/pc/d7099d3fd1dfdaf705ab.svg,23 Terjual,,
https://down-id.img.susercontent.com/file/id-11134207-7ras8-m5bc94wyudqee7,REALME 9i 6/128 FULLSET SECOND ORI,,Rp,1.300.000,https://deo.shopeemobile.com/shopee/modules-federation/live/0/shopee__item-card-standard-v2/0.2.8/pc/d2a1900a0267d45fd0f5.png,,,,https://deo.shopeemobile.com/shopee/modules-federation/live/0/shopee__item-card-standard-v2/0.2.8/pc/76dff349290d20891fc1.svg,,,https://deo.shopeemobile.com/shopee/modules-federation/live/0/shopee__item-card-standard-v2/0.2.8/pc/5dd7b4560d0e2d3190e8.svg,Kab. Semarang,https://down-id.img.susercontent.com/file/id-11134258-822wr-mlx5y0tebegw04,,,,,"REALME 9i 6/128 FULLSET SECOND ORI
Rp
1.300.000
2-4 Hari
Kab. Semarang",https://shopee.co.id/REALME-9i-6-128-FULLSET-SECOND-ORI-i.375168195.25890735673?extraParams=%7B%22display_model_id%22%3A247571631606%2C%22model_selection_logic%22%3A3%7D&sp_atk=64a95b3c-b96d-4809-bda3-736a4da046be&xptdk=64a95b3c-b96d-4809-bda3-736a4da046be,,2-4 Hari,,
https://down-id.img.susercontent.com/file/id-11134207-822wo-mmtzcpzujvgmf4,Realme P3 Lite Ram 4 Rom 128GB Second Original,https://deo.shopeemobile.com/shopee/modules-federation/live/0/shopee__item-card-standard-v2/0.2.8/pc/a425c915798471b33e5d.png,Rp,1.550.199,,,5.0,,https://deo.shopeemobile.com/shopee/modules-federation/live/0/shopee__item-card-standard-v2/0.2.8/pc/38e203dc86172a6c6560.svg,https://deo.shopeemobile.com/shopee/modules-federation/live/0/shopee__item-card-standard-v2/0.2.8/pc/0614b8f0a8fdde22942d.svg,Besok 12:00,https://deo.shopeemobile.com/shopee/modules-federation/live/0/shopee__item-card-standard-v2/0.2.8/pc/5dd7b4560d0e2d3190e8.svg,Surabaya,https://down-id.img.susercontent.com/file/id-11134258-822wr-mlx5y0tebegw04,-26%,,,,"Realme P3 Lite Ram 4 Rom 128GB Second Original
Rp
1.550.199
-26%
5.0
1 Terjual
Besok 12:00
Surabaya",https://shopee.co.id/Realme-P3-Lite-Ram-4-Rom-128GB-Second-Original-i.194632330.47508496526?extraParams=%7B%22display_model_id%22%3A405752262205%2C%22model_selection_logic%22%3A3%7D&sp_atk=800af6e3-959c-40f0-b8d5-f9ba45da9a4e&xptdk=800af6e3-959c-40f0-b8d5-f9ba45da9a4e,https://deo.shopeemobile.com/shopee/modules-federation/live/0/shopee__item-card-standard-v2/0.2.8/pc/d7099d3fd1dfdaf705ab.svg,1 Terjual,,
https://down-id.img.susercontent.com/file/sg-11134201-7rdxf-lxoz9ec96d8m4b,Realme 11 Pro Ram 8 Rom 256GB ( Second ),https://deo.shopeemobile.com/shopee/modules-federation/live/0/shopee__item-card-standard-v2/0.2.8/pc/a425c915798471b33e5d.png,Rp,2.630.199,,,5.0,,https://deo.shopeemobile.com/shopee/modules-federation/live/0/shopee__item-card-standard-v2/0.2.8/pc/38e203dc86172a6c6560.svg,https://deo.shopeemobile.com/shopee/modules-federation/live/0/shopee__item-card-standard-v2/0.2.8/pc/0614b8f0a8fdde22942d.svg,Besok 12:00,https://deo.shopeemobile.com/shopee/modules-federation/live/0/shopee__item-card-standard-v2/0.2.8/pc/5dd7b4560d0e2d3190e8.svg,Surabaya,https://down-id.img.susercontent.com/file/id-11134258-822wr-mlx5y0tebegw04,-40%,,,,"Realme 11 Pro Ram 8 Rom 256GB ( Second )
Rp
2.630.199
-40%
5.0
14 Terjual
Besok 12:00
Surabaya",https://shopee.co.id/Realme-11-Pro-Ram-8-Rom-256GB-(-Second-)-i.194632330.28455278430?extraParams=%7B%22display_model_id%22%3A205239801449%2C%22model_selection_logic%22%3A3%7D&sp_atk=33ba5cfe-b3ea-4e92-ba68-89e12e9b8910&xptdk=33ba5cfe-b3ea-4e92-ba68-89e12e9b8910,https://deo.shopeemobile.com/shopee/modules-federation/live/0/shopee__item-card-standard-v2/0.2.8/pc/d7099d3fd1dfdaf705ab.svg,14 Terjual,,
https://down-id.img.susercontent.com/file/id-11134207-7rasd-m2syquhpqpi87c,Realme C67 8/128 GB | 8/256 GB Garansi Resmi Indonesia Second Bekas Original,https://deo.shopeemobile.com/shopee/modules-federation/live/0/shopee__item-card-standard-v2/0.2.8/pc/e4734dab67ee2f9ebd5a.png,Rp,1.625.000,,,5.0,,https://deo.shopeemobile.com/shopee/modules-federation/live/0/shopee__item-card-standard-v2/0.2.8/pc/38e203dc86172a6c6560.svg,https://deo.shopeemobile.com/shopee/modules-federation/live/0/shopee__item-card-standard-v2/0.2.8/pc/0614b8f0a8fdde22942d.svg,< 2 Hari,https://deo.shopeemobile.com/shopee/modules-federation/live/0/shopee__item-card-standard-v2/0.2.8/pc/5dd7b4560d0e2d3190e8.svg,Jakarta Utara,,,,,,"Realme C67 8/128 GB | 8/256 GB Garansi Resmi Indonesia Second Bekas Original
Rp
1.625.000
5.0
18 Terjual
< 2 Hari
Jakarta Utara",https://shopee.co.id/Realme-C67-8-128-GB-8-256-GB-Garansi-Resmi-Indonesia-Second-Bekas-Original-i.515774005.27860678092?extraParams=%7B%22display_model_id%22%3A223482700218%2C%22model_selection_logic%22%3A3%7D&sp_atk=b45cdd6d-53f7-4662-923e-c17208fe5251&xptdk=b45cdd6d-53f7-4662-923e-c17208fe5251,https://deo.shopeemobile.com/shopee/modules-federation/live/0/shopee__item-card-standard-v2/0.2.8/pc/d7099d3fd1dfdaf705ab.svg,18 Terjual,,
https://down-id.img.susercontent.com/file/sg-11134201-7rff1-m3nd2ycy63wuc7,Realme Note 60 Ram 4/64 | Ram 6/128GB | Ram 8/256GB ( Second ),https://deo.shopeemobile.com/shopee/modules-federation/live/0/shopee__item-card-standard-v2/0.2.8/pc/e4734dab67ee2f9ebd5a.png,Rp,1.429.111,,,4.8,,https://deo.shopeemobile.com/shopee/modules-federation/live/0/shopee__item-card-standard-v2/0.2.8/pc/38e203dc86172a6c6560.svg,https://deo.shopeemobile.com/shopee/modules-federation/live/0/shopee__item-card-standard-v2/0.2.8/pc/0614b8f0a8fdde22942d.svg,Cashback 99%,https://deo.shopeemobile.com/shopee/modules-federation/live/0/shopee__item-card-standard-v2/0.2.8/pc/5dd7b4560d0e2d3190e8.svg,Surabaya,https://down-id.img.susercontent.com/file/id-11134258-822wr-mlx5y0tebegw04,-16%,,,,"Realme Note 60 Ram 4/64 | Ram 6/128GB | Ram 8/256GB ( Second )
Rp
1.429.111
-16%
Cashback 99%
4.8
10 Terjual
Besok 12:00
Surabaya",https://shopee.co.id/Realme-Note-60-Ram-4-64-Ram-6-128GB-Ram-8-256GB-(-Second-)-i.288677122.24439336677?extraParams=%7B%22display_model_id%22%3A252230410747%2C%22model_selection_logic%22%3A3%7D&sp_atk=15608ea2-173f-4312-8f72-a2bf45bf6cce&xptdk=15608ea2-173f-4312-8f72-a2bf45bf6cce,https://deo.shopeemobile.com/shopee/modules-federation/live/0/shopee__item-card-standard-v2/0.2.8/pc/d7099d3fd1dfdaf705ab.svg,10 Terjual,,
https://down-id.img.susercontent.com/file/id-11134207-7r98v-lqvcxpumv3i53f,REALME C67 8/128 8/256 SECOND FULLSET,https://deo.shopeemobile.com/shopee/modules-federation/live/0/shopee__item-card-standard-v2/0.2.8/pc/e4734dab67ee2f9ebd5a.png,Rp,1.875.000,,,4.9,,https://deo.shopeemobile.com/shopee/modules-federation/live/0/shopee__item-card-standard-v2/0.2.8/pc/38e203dc86172a6c6560.svg,https://deo.shopeemobile.com/shopee/modules-federation/live/0/shopee__item-card-standard-v2/0.2.8/pc/0614b8f0a8fdde22942d.svg,< 2 Hari,https://deo.shopeemobile.com/shopee/modules-federation/live/0/shopee__item-card-standard-v2/0.2.8/pc/5dd7b4560d0e2d3190e8.svg,Jakarta Barat,https://down-id.img.susercontent.com/file/id-11134258-8224v-mkvw0cu9r7k1a5,,,,,"REALME C67 8/128 8/256 SECOND FULLSET
Rp
1.875.000
4.9
60 Terjual
< 2 Hari
Jakarta Barat",https://shopee.co.id/REALME-C67-8-128-8-256-SECOND-FULLSET-i.203572497.24760536054?extraParams=%7B%22display_model_id%22%3A245527635138%2C%22model_selection_logic%22%3A3%7D&sp_atk=d805b299-5f41-4633-bf5e-47c870df2191&xptdk=d805b299-5f41-4633-bf5e-47c870df2191,https://deo.shopeemobile.com/shopee/modules-federation/live/0/shopee__item-card-standard-v2/0.2.8/pc/d7099d3fd1dfdaf705ab.svg,60 Terjual,,
https://down-id.img.susercontent.com/file/id-11134207-7r98y-lxxgfkyezp7f24,Realme 10 Pro 5G 8/128 | 8/256 GB Garansi Resmi Indonesia Second Bekas Original Top,https://deo.shopeemobile.com/shopee/modules-federation/live/0/shopee__item-card-standard-v2/0.2.8/pc/e4734dab67ee2f9ebd5a.png,Rp,2.090.000,,,4.9,,https://deo.shopeemobile.com/shopee/modules-federation/live/0/shopee__item-card-standard-v2/0.2.8/pc/38e203dc86172a6c6560.svg,https://deo.shopeemobile.com/shopee/modules-federation/live/0/shopee__item-card-standard-v2/0.2.8/pc/0614b8f0a8fdde22942d.svg,< 2 Hari,https://deo.shopeemobile.com/shopee/modules-federation/live/0/shopee__item-card-standard-v2/0.2.8/pc/5dd7b4560d0e2d3190e8.svg,Jakarta Utara,,,,,,"Realme 10 Pro 5G 8/128 | 8/256 GB Garansi Resmi Indonesia Second Bekas Original Top
Rp
2.090.000
4.9
20 Terjual
< 2 Hari
Jakarta Utara",https://shopee.co.id/Realme-10-Pro-5G-8-128-8-256-GB-Garansi-Resmi-Indonesia-Second-Bekas-Original-Top-i.304735900.26505781459?extraParams=%7B%22display_model_id%22%3A195571621910%2C%22model_selection_logic%22%3A3%7D&sp_atk=93300551-4639-4142-9787-08d2993093bd&xptdk=93300551-4639-4142-9787-08d2993093bd,https://deo.shopeemobile.com/shopee/modules-federation/live/0/shopee__item-card-standard-v2/0.2.8/pc/d7099d3fd1dfdaf705ab.svg,20 Terjual,,
https://down-id.img.susercontent.com/file/id-11134207-7rbk6-magrw1kbld4kdf,Realme C65 8/256 // 8/128 second fullset,,Rp,1.599.000,https://deo.shopeemobile.com/shopee/modules-federation/live/0/shopee__item-card-standard-v2/0.2.8/pc/d2a1900a0267d45fd0f5.png,,,,https://deo.shopeemobile.com/shopee/modules-federation/live/0/shopee__item-card-standard-v2/0.2.8/pc/38e203dc86172a6c6560.svg,https://deo.shopeemobile.com/shopee/modules-federation/live/0/shopee__item-card-standard-v2/0.2.8/pc/0614b8f0a8fdde22942d.svg,Besok,https://deo.shopeemobile.com/shopee/modules-federation/live/0/shopee__item-card-standard-v2/0.2.8/pc/5dd7b4560d0e2d3190e8.svg,Surabaya,https://down-id.img.susercontent.com/file/id-11134258-8224v-mkvw0cu9r7k1a5,,,,,"Realme C65 8/256 // 8/128 second fullset
Rp
1.599.000
1 Terjual
Besok
Surabaya",https://shopee.co.id/Realme-C65-8-256-8-128-second-fullset-i.230315394.18091585801?extraParams=%7B%22display_model_id%22%3A285237048180%2C%22model_selection_logic%22%3A3%7D&sp_atk=63a52ecc-b0ca-4aed-81b2-6cfebfee74b9&xptdk=63a52ecc-b0ca-4aed-81b2-6cfebfee74b9,https://deo.shopeemobile.com/shopee/modules-federation/live/0/shopee__item-card-standard-v2/0.2.8/pc/0614b8f0a8fdde22942d.svg,1 Terjual,,
https://down-id.img.susercontent.com/file/id-11134207-7rbk8-m8vl4arb794y9c,REALME C75 8/256GB SECOND FULLSET GARANSI,https://deo.shopeemobile.com/shopee/modules-federation/live/0/shopee__item-card-standard-v2/0.2.8/pc/e4734dab67ee2f9ebd5a.png,Rp,2.100.000,,,4.8,,https://deo.shopeemobile.com/shopee/modules-federation/live/0/shopee__item-card-standard-v2/0.2.8/pc/38e203dc86172a6c6560.svg,https://deo.shopeemobile.com/shopee/modules-federation/live/0/shopee__item-card-standard-v2/0.2.8/pc/0614b8f0a8fdde22942d.svg,< 2 Hari,https://deo.shopeemobile.com/shopee/modules-federation/live/0/shopee__item-card-standard-v2/0.2.8/pc/5dd7b4560d0e2d3190e8.svg,Jakarta Barat,https://down-id.img.susercontent.com/file/id-11134258-8224v-mkvw0cu9r7k1a5,,,,,"REALME C75 8/256GB SECOND FULLSET GARANSI
Rp
2.100.000
4.8
19 Terjual
< 2 Hari
Jakarta Barat",https://shopee.co.id/REALME-C75-8-256GB-SECOND-FULLSET-GARANSI-i.270548838.24394399022?extraParams=%7B%22display_model_id%22%3A243365667787%2C%22model_selection_logic%22%3A3%7D&sp_atk=038c36ec-c8c4-4d0d-ac97-b11a7c7e9103&xptdk=038c36ec-c8c4-4d0d-ac97-b11a7c7e9103,https://deo.shopeemobile.com/shopee/modules-federation/live/0/shopee__item-card-standard-v2/0.2.8/pc/d7099d3fd1dfdaf705ab.svg,19 Terjual,,
https://down-id.img.susercontent.com/file/id-11134207-7rbkd-m6rzm0pwlmh50e,Realme C61 Ram 8GB Rom 128GB Second,https://deo.shopeemobile.com/shopee/modules-federation/live/0/shopee__item-card-standard-v2/0.2.8/pc/e4734dab67ee2f9ebd5a.png,Rp,1.690.999,,,5.0,,https://deo.shopeemobile.com/shopee/modules-federation/live/0/shopee__item-card-standard-v2/0.2.8/pc/38e203dc86172a6c6560.svg,https://deo.shopeemobile.com/shopee/modules-federation/live/0/shopee__item-card-standard-v2/0.2.8/pc/0614b8f0a8fdde22942d.svg,Cashback 99%,https://deo.shopeemobile.com/shopee/modules-federation/live/0/shopee__item-card-standard-v2/0.2.8/pc/5dd7b4560d0e2d3190e8.svg,Surabaya,https://down-id.img.susercontent.com/file/id-11134258-822wr-mlx5y0tebegw04,-1%,,,,"Realme C61 Ram 8GB Rom 128GB Second
Rp
1.690.999
-1%
Cashback 99%
5.0
15 Terjual
Besok 12:00
Surabaya",https://shopee.co.id/Realme-C61-Ram-8GB-Rom-128GB-Second-i.288677122.29377866116?extraParams=%7B%22display_model_id%22%3A252755117182%2C%22model_selection_logic%22%3A3%7D&sp_atk=82ee0e62-6e58-4794-9527-7819d6b73b95&xptdk=82ee0e62-6e58-4794-9527-7819d6b73b95,https://deo.shopeemobile.com/shopee/modules-federation/live/0/shopee__item-card-standard-v2/0.2.8/pc/d7099d3fd1dfdaf705ab.svg,15 Terjual,,
https://down-id.img.susercontent.com/file/sg-11134201-7rdxd-lz2xlqkltniy60,Realme C63 Ram 6/128GB | Ram 8/128GB ( Second ),https://deo.shopeemobile.com/shopee/modules-federation/live/0/shopee__item-card-standard-v2/0.2.8/pc/e4734dab67ee2f9ebd5a.png,Rp,1.598.999,,,5.0,,https://deo.shopeemobile.com/shopee/modules-federation/live/0/shopee__item-card-standard-v2/0.2.8/pc/38e203dc86172a6c6560.svg,https://deo.shopeemobile.com/shopee/modules-federation/live/0/shopee__item-card-standard-v2/0.2.8/pc/0614b8f0a8fdde22942d.svg,Cashback 99%,https://deo.shopeemobile.com/shopee/modules-federation/live/0/shopee__item-card-standard-v2/0.2.8/pc/5dd7b4560d0e2d3190e8.svg,Surabaya,https://down-id.img.susercontent.com/file/id-11134258-822wr-mlx5y0tebegw04,-33%,,,,"Realme C63 Ram 6/128GB | Ram 8/128GB ( Second )
Rp
1.598.999
-33%
Cashback 99%
5.0
10 Terjual
Besok 12:00
Surabaya",https://shopee.co.id/Realme-C63-Ram-6-128GB-Ram-8-128GB-(-Second-)-i.288677122.28208181700?extraParams=%7B%22display_model_id%22%3A215317941160%2C%22model_selection_logic%22%3A3%7D&sp_atk=04696c9e-741b-4307-a316-81fc5aa4857b&xptdk=04696c9e-741b-4307-a316-81fc5aa4857b,https://deo.shopeemobile.com/shopee/modules-federation/live/0/shopee__item-card-standard-v2/0.2.8/pc/d7099d3fd1dfdaf705ab.svg,10 Terjual,,
https://down-id.img.susercontent.com/file/sg-11134201-7rfgg-m9zujdjh995bdc,Realme C51S Ram 6 Rom 128GB Second Pusat Gadget,https://deo.shopeemobile.com/shopee/modules-federation/live/0/shopee__item-card-standard-v2/0.2.8/pc/a425c915798471b33e5d.png,Rp,1.399.057,https://deo.shopeemobile.com/shopee/modules-federation/live/0/shopee__item-card-standard-v2/0.2.8/pc/d2a1900a0267d45fd0f5.png,,5.0,,https://deo.shopeemobile.com/shopee/modules-federation/live/0/shopee__item-card-standard-v2/0.2.8/pc/38e203dc86172a6c6560.svg,https://deo.shopeemobile.com/shopee/modules-federation/live/0/shopee__item-card-standard-v2/0.2.8/pc/0614b8f0a8fdde22942d.svg,Cashback 99%,https://deo.shopeemobile.com/shopee/modules-federation/live/0/shopee__item-card-standard-v2/0.2.8/pc/5dd7b4560d0e2d3190e8.svg,Surabaya,https://down-id.img.susercontent.com/file/id-11134258-822wr-mlx5y0tebegw04,-18%,,,,"Realme C51S Ram 6 Rom 128GB Second Pusat Gadget
Rp
1.399.057
-18%
Cashback 99%
5.0
3 Terjual
Hari Ini 12:00
Surabaya",https://shopee.co.id/Realme-C51S-Ram-6-Rom-128GB-Second-Pusat-Gadget-i.1474904896.43651553275?extraParams=%7B%22display_model_id%22%3A295127283398%2C%22model_selection_logic%22%3A3%7D&sp_atk=5750e536-1970-4ad0-a847-80ccbe040a2d&xptdk=5750e536-1970-4ad0-a847-80ccbe040a2d,https://deo.shopeemobile.com/shopee/modules-federation/live/0/shopee__item-card-standard-v2/0.2.8/pc/d7099d3fd1dfdaf705ab.svg,3 Terjual,,
https://down-id.img.susercontent.com/file/id-11134207-7r991-lntauu5wfvjw01,REALME C2 RAM 2/32 SECOND NORMAL HARGA TERJANGKAU,https://deo.shopeemobile.com/shopee/modules-federation/live/0/shopee__item-card-standard-v2/0.2.8/pc/e4734dab67ee2f9ebd5a.png,Rp,435.000,,,4.8,,https://deo.shopeemobile.com/shopee/modules-federation/live/0/shopee__item-card-standard-v2/0.2.8/pc/76dff349290d20891fc1.svg,,,https://deo.shopeemobile.com/shopee/modules-federation/live/0/shopee__item-card-standard-v2/0.2.8/pc/5dd7b4560d0e2d3190e8.svg,Kab. Kudus,https://down-id.img.susercontent.com/file/id-11134258-822wr-mlx67rtd6r602f,,,,,"REALME C2 RAM 2/32 SECOND NORMAL HARGA TERJANGKAU
Rp
435.000
4.8
127 Terjual
2-4 Hari
Kab. Kudus",https://shopee.co.id/REALME-C2-RAM-2-32-SECOND-NORMAL-HARGA-TERJANGKAU-i.931220282.19686140439?extraParams=%7B%22display_model_id%22%3A176207554315%2C%22model_selection_logic%22%3A3%7D&sp_atk=3ee6c2d9-0f2d-46a2-aae3-ddc29ea914c8&xptdk=3ee6c2d9-0f2d-46a2-aae3-ddc29ea914c8,https://deo.shopeemobile.com/shopee/modules-federation/live/0/shopee__item-card-standard-v2/0.2.8/pc/d7099d3fd1dfdaf705ab.svg,127 Terjual,,
https://down-id.img.susercontent.com/file/id-11134207-8224p-mir86vtelblzad,REALME 10 PRO PLUS SECOND 8/128GB HANDPHONE SECOND HP SEKEN HP BEKAS HP MURAH,https://deo.shopeemobile.com/shopee/modules-federation/live/0/shopee__item-card-standard-v2/0.2.8/pc/e4734dab67ee2f9ebd5a.png,Rp,2.850.000,,,5.0,,https://deo.shopeemobile.com/shopee/modules-federation/live/0/shopee__item-card-standard-v2/0.2.8/pc/76dff349290d20891fc1.svg,,,https://deo.shopeemobile.com/shopee/modules-federation/live/0/shopee__item-card-standard-v2/0.2.8/pc/5dd7b4560d0e2d3190e8.svg,Kab. Bogor,https://down-id.img.susercontent.com/file/id-11134258-822wr-mlx67rtd6r602f,,Cicilan,,,"REALME 10 PRO PLUS SECOND 8/128GB HANDPHONE SECOND HP SEKEN HP BEKAS HP MURAH
Rp
2.850.000
Cicilan
5.0
1 Terjual
2-4 Hari
Kab. Bogor",https://shopee.co.id/REALME-10-PRO-PLUS-SECOND-8-128GB-HANDPHONE-SECOND-HP-SEKEN-HP-BEKAS-HP-MURAH-i.15939657.9131819852?extraParams=%7B%22display_model_id%22%3A340358736288%2C%22model_selection_logic%22%3A3%7D&sp_atk=b1005c7b-c9ea-4d68-8072-64c83f614c71&xptdk=b1005c7b-c9ea-4d68-8072-64c83f614c71,https://deo.shopeemobile.com/shopee/modules-federation/live/0/shopee__item-card-standard-v2/0.2.8/pc/d7099d3fd1dfdaf705ab.svg,1 Terjual,,
https://down-id.img.susercontent.com/file/id-11134207-7r98o-lkkhes35askrc9,Realme C53 6/128 8/256 Second Fullset Tested,https://deo.shopeemobile.com/shopee/modules-federation/live/0/shopee__item-card-standard-v2/0.2.8/pc/e4734dab67ee2f9ebd5a.png,Rp,1.535.000,,,4.9,,https://deo.shopeemobile.com/shopee/modules-federation/live/0/shopee__item-card-standard-v2/0.2.8/pc/38e203dc86172a6c6560.svg,https://deo.shopeemobile.com/shopee/modules-federation/live/0/shopee__item-card-standard-v2/0.2.8/pc/0614b8f0a8fdde22942d.svg,< 2 Hari,https://deo.shopeemobile.com/shopee/modules-federation/live/0/shopee__item-card-standard-v2/0.2.8/pc/5dd7b4560d0e2d3190e8.svg,Jakarta Barat,https://down-id.img.susercontent.com/file/id-11134258-8224v-mkvw0cu9r7k1a5,,,,,"Realme C53 6/128 8/256 Second Fullset Tested
Rp
1.535.000
4.9
251 Terjual
< 2 Hari
Jakarta Barat",https://shopee.co.id/Realme-C53-6-128-8-256-Second-Fullset-Tested-i.37906250.22646581795?extraParams=%7B%22display_model_id%22%3A250199868560%2C%22model_selection_logic%22%3A3%7D&sp_atk=5986b2e2-1525-413d-b98e-54364e590b41&xptdk=5986b2e2-1525-413d-b98e-54364e590b41,https://deo.shopeemobile.com/shopee/modules-federation/live/0/shopee__item-card-standard-v2/0.2.8/pc/d7099d3fd1dfdaf705ab.svg,251 Terjual,,
https://down-id.img.susercontent.com/file/sg-11134201-22090-ko7iqa52muhvc2,Realme 7 8/128 GB Ex Resmi Realme Indonesia Second Bekas Seken Ex Pemakaian Good Condition,https://deo.shopeemobile.com/shopee/modules-federation/live/0/shopee__item-card-standard-v2/0.2.8/pc/e4734dab67ee2f9ebd5a.png,Rp,1.490.000,,,4.7,,https://deo.shopeemobile.com/shopee/modules-federation/live/0/shopee__item-card-standard-v2/0.2.8/pc/76dff349290d20891fc1.svg,,,https://deo.shopeemobile.com/shopee/modules-federation/live/0/shopee__item-card-standard-v2/0.2.8/pc/5dd7b4560d0e2d3190e8.svg,Jakarta Utara,,,,,,"Realme 7 8/128 GB Ex Resmi Realme Indonesia Second Bekas Seken Ex Pemakaian Good Condition
Rp
1.490.000
4.7
34 Terjual
2-4 Hari
Jakarta Utara",https://shopee.co.id/Realme-7-8-128-GB-Ex-Resmi-Realme-Indonesia-Second-Bekas-Seken-Ex-Pemakaian-Good-Condition-i.304735900.4796546753?extraParams=%7B%22display_model_id%22%3A134052686175%2C%22model_selection_logic%22%3A3%7D&sp_atk=e2667725-70a0-4df0-9f09-4c68b3f5f01f&xptdk=e2667725-70a0-4df0-9f09-4c68b3f5f01f,https://deo.shopeemobile.com/shopee/modules-federation/live/0/shopee__item-card-standard-v2/0.2.8/pc/d7099d3fd1dfdaf705ab.svg,34 Terjual,,
https://down-id.img.susercontent.com/file/id-11134207-7ra0p-mb7y4h2i8yjd2c,Realme note 60 4/64//6/128 second fullset,,Rp,1.250.000,https://deo.shopeemobile.com/shopee/modules-federation/live/0/shopee__item-card-standard-v2/0.2.8/pc/d2a1900a0267d45fd0f5.png,,,,https://deo.shopeemobile.com/shopee/modules-federation/live/0/shopee__item-card-standard-v2/0.2.8/pc/38e203dc86172a6c6560.svg,https://deo.shopeemobile.com/shopee/modules-federation/live/0/shopee__item-card-standard-v2/0.2.8/pc/0614b8f0a8fdde22942d.svg,Besok,https://deo.shopeemobile.com/shopee/modules-federation/live/0/shopee__item-card-standard-v2/0.2.8/pc/5dd7b4560d0e2d3190e8.svg,Surabaya,https://down-id.img.susercontent.com/file/id-11134258-8224v-mkvw0cu9r7k1a5,,,,,"Realme note 60 4/64//6/128 second fullset
Rp
1.250.000
Besok
Surabaya",https://shopee.co.id/Realme-note-60-4-64-6-128-second-fullset-i.230315394.29837789246?extraParams=%7B%22display_model_id%22%3A280447075905%2C%22model_selection_logic%22%3A3%7D&sp_atk=4ee46344-76a2-45d0-a0b9-1641c8ff9b94&xptdk=4ee46344-76a2-45d0-a0b9-1641c8ff9b94,https://deo.shopeemobile.com/shopee/modules-federation/live/0/shopee__item-card-standard-v2/0.2.8/pc/0614b8f0a8fdde22942d.svg,Besok,,
https://down-id.img.susercontent.com/file/sg-11134201-7rfft-m9zh8pr7xd3j96,Realme Note 60 Ram 4/64 | Ram 6/128GB | Ram 8/256GB Second Pusat Gadget,https://deo.shopeemobile.com/shopee/modules-federation/live/0/shopee__item-card-standard-v2/0.2.8/pc/a425c915798471b33e5d.png,Rp,1.599.111,https://deo.shopeemobile.com/shopee/modules-federation/live/0/shopee__item-card-standard-v2/0.2.8/pc/d2a1900a0267d45fd0f5.png,,5.0,,https://deo.shopeemobile.com/shopee/modules-federation/live/0/shopee__item-card-standard-v2/0.2.8/pc/38e203dc86172a6c6560.svg,https://deo.shopeemobile.com/shopee/modules-federation/live/0/shopee__item-card-standard-v2/0.2.8/pc/0614b8f0a8fdde22942d.svg,Cashback 99%,https://deo.shopeemobile.com/shopee/modules-federation/live/0/shopee__item-card-standard-v2/0.2.8/pc/5dd7b4560d0e2d3190e8.svg,Surabaya,https://down-id.img.susercontent.com/file/id-11134258-822wr-mlx5y0tebegw04,-9%,,,,"Realme Note 60 Ram 4/64 | Ram 6/128GB | Ram 8/256GB Second Pusat Gadget
Rp
1.599.111
-9%
Cashback 99%
5.0
2 Terjual
Hari Ini 12:00
Surabaya",https://shopee.co.id/Realme-Note-60-Ram-4-64-Ram-6-128GB-Ram-8-256GB-Second-Pusat-Gadget-i.1474904896.26086812047?extraParams=%7B%22display_model_id%22%3A270123409442%2C%22model_selection_logic%22%3A3%7D&sp_atk=3a44de56-0f1c-4c59-96b5-f9822fef0501&xptdk=3a44de56-0f1c-4c59-96b5-f9822fef0501,https://deo.shopeemobile.com/shopee/modules-federation/live/0/shopee__item-card-standard-v2/0.2.8/pc/d7099d3fd1dfdaf705ab.svg,2 Terjual,,
https://down-id.img.susercontent.com/file/sg-11134201-7rdwe-lyujf1uqvsdwde,Realme C63 Ram 6/128GB | Ram 8/128GB ( Second ),https://deo.shopeemobile.com/shopee/modules-federation/live/0/shopee__item-card-standard-v2/0.2.8/pc/a425c915798471b33e5d.png,Rp,1.598.199,,,4.6,,https://deo.shopeemobile.com/shopee/modules-federation/live/0/shopee__item-card-standard-v2/0.2.8/pc/38e203dc86172a6c6560.svg,https://deo.shopeemobile.com/shopee/modules-federation/live/0/shopee__item-card-standard-v2/0.2.8/pc/0614b8f0a8fdde22942d.svg,Besok 12:00,https://deo.shopeemobile.com/shopee/modules-federation/live/0/shopee__item-card-standard-v2/0.2.8/pc/5dd7b4560d0e2d3190e8.svg,Surabaya,https://down-id.img.susercontent.com/file/id-11134258-822wr-mlx5y0tebegw04,-11%,,,,"Realme C63 Ram 6/128GB | Ram 8/128GB ( Second )
Rp
1.598.199
-11%
4.6
75 Terjual
Besok 12:00
Surabaya",https://shopee.co.id/Realme-C63-Ram-6-128GB-Ram-8-128GB-(-Second-)-i.194632330.27057686504?extraParams=%7B%22display_model_id%22%3A233610170393%2C%22model_selection_logic%22%3A3%7D&sp_atk=5383ec68-e8bb-4bdb-89e3-c79799e3ec71&xptdk=5383ec68-e8bb-4bdb-89e3-c79799e3ec71,https://deo.shopeemobile.com/shopee/modules-federation/live/0/shopee__item-card-standard-v2/0.2.8/pc/d7099d3fd1dfdaf705ab.svg,75 Terjual,,
https://down-id.img.susercontent.com/file/id-11134207-7r990-lxjil34zl2ng0f,Realme Narzo 50A Prime 4/64 GB Resmi Realme Indonesia Second Original,https://deo.shopeemobile.com/shopee/modules-federation/live/0/shopee__item-card-standard-v2/0.2.8/pc/e4734dab67ee2f9ebd5a.png,Rp,1.190.000,,,5.0,,https://deo.shopeemobile.com/shopee/modules-federation/live/0/shopee__item-card-standard-v2/0.2.8/pc/38e203dc86172a6c6560.svg,https://deo.shopeemobile.com/shopee/modules-federation/live/0/shopee__item-card-standard-v2/0.2.8/pc/0614b8f0a8fdde22942d.svg,< 2 Hari,https://deo.shopeemobile.com/shopee/modules-federation/live/0/shopee__item-card-standard-v2/0.2.8/pc/5dd7b4560d0e2d3190e8.svg,Jakarta Utara,,,,,,"Realme Narzo 50A Prime 4/64 GB Resmi Realme Indonesia Second Original
Rp
1.190.000
5.0
16 Terjual
< 2 Hari
Jakarta Utara",https://shopee.co.id/Realme-Narzo-50A-Prime-4-64-GB-Resmi-Realme-Indonesia-Second-Original-i.304735900.23000009505?extraParams=%7B%22display_model_id%22%3A49441456449%2C%22model_selection_logic%22%3A3%7D&sp_atk=45be839a-8de2-420f-84b1-74a44b1881b2&xptdk=45be839a-8de2-420f-84b1-74a44b1881b2,https://deo.shopeemobile.com/shopee/modules-federation/live/0/shopee__item-card-standard-v2/0.2.8/pc/d7099d3fd1dfdaf705ab.svg,16 Terjual,,
https://down-id.img.susercontent.com/file/id-11134207-7rase-m0k24ar9g1swf8,Realme C65 NFC 8/128 GB Handphone Second Bekas Fullset,https://deo.shopeemobile.com/shopee/modules-federation/live/0/shopee__item-card-standard-v2/0.2.8/pc/e4734dab67ee2f9ebd5a.png,Rp,1.595.000,,,5.0,,https://deo.shopeemobile.com/shopee/modules-federation/live/0/shopee__item-card-standard-v2/0.2.8/pc/38e203dc86172a6c6560.svg,https://deo.shopeemobile.com/shopee/modules-federation/live/0/shopee__item-card-standard-v2/0.2.8/pc/0614b8f0a8fdde22942d.svg,< 2 Hari,https://deo.shopeemobile.com/shopee/modules-federation/live/0/shopee__item-card-standard-v2/0.2.8/pc/5dd7b4560d0e2d3190e8.svg,Jakarta Selatan,https://down-id.img.susercontent.com/file/id-11134258-8224v-mkvw0cu9r7k1a5,,,,,"Realme C65 NFC 8/128 GB Handphone Second Bekas Fullset
Rp
1.595.000
5.0
6 Terjual
< 2 Hari
Jakarta Selatan",https://shopee.co.id/Realme-C65-NFC-8-128-GB-Handphone-Second-Bekas-Fullset-i.451756410.24336093276?extraParams=%7B%22display_model_id%22%3A270140244032%2C%22model_selection_logic%22%3A3%7D&sp_atk=4f398572-5584-41be-93b5-d52c0b7b748c&xptdk=4f398572-5584-41be-93b5-d52c0b7b748c,https://deo.shopeemobile.com/shopee/modules-federation/live/0/shopee__item-card-standard-v2/0.2.8/pc/d7099d3fd1dfdaf705ab.svg,6 Terjual,,
https://down-id.img.susercontent.com/file/id-11134207-7r98w-lv0q7fto6ixfb0,REALME 9i 6/128 SECOND MULUS FULLSET ORI RESMI INDONESIA,,Rp,1.800.000,,,,,https://deo.shopeemobile.com/shopee/modules-federation/live/0/shopee__item-card-standard-v2/0.2.8/pc/38e203dc86172a6c6560.svg,https://deo.shopeemobile.com/shopee/modules-federation/live/0/shopee__item-card-standard-v2/0.2.8/pc/0614b8f0a8fdde22942d.svg,< 2 Hari,https://deo.shopeemobile.com/shopee/modules-federation/live/0/shopee__item-card-standard-v2/0.2.8/pc/5dd7b4560d0e2d3190e8.svg,Jakarta Pusat,https://down-id.img.susercontent.com/file/id-11134258-7r98w-lyezzaurybot13,,,,,"REALME 9i 6/128 SECOND MULUS FULLSET ORI RESMI INDONESIA
Rp
1.800.000
< 2 Hari
Jakarta Pusat",https://shopee.co.id/REALME-9i-6-128-SECOND-MULUS-FULLSET-ORI-RESMI-INDONESIA-i.20124540.24429030828?extraParams=%7B%22display_model_id%22%3A250783164309%2C%22model_selection_logic%22%3A3%7D&sp_atk=f827fedc-b13d-494a-91d8-350bbcd49108&xptdk=f827fedc-b13d-494a-91d8-350bbcd49108,https://deo.shopeemobile.com/shopee/modules-federation/live/0/shopee__item-card-standard-v2/0.2.8/pc/0614b8f0a8fdde22942d.svg,< 2 Hari,,
https://down-id.img.susercontent.com/file/id-11134207-7rbkc-m6f6hke3neay43,Realme Note 60 4/64 | 6/128 GB Garansi Resmi Indonesia Second Bekas Original,https://deo.shopeemobile.com/shopee/modules-federation/live/0/shopee__item-card-standard-v2/0.2.8/pc/e4734dab67ee2f9ebd5a.png,Rp,1.175.000,,,5.0,,https://deo.shopeemobile.com/shopee/modules-federation/live/0/shopee__item-card-standard-v2/0.2.8/pc/38e203dc86172a6c6560.svg,https://deo.shopeemobile.com/shopee/modules-federation/live/0/shopee__item-card-standard-v2/0.2.8/pc/0614b8f0a8fdde22942d.svg,< 2 Hari,https://deo.shopeemobile.com/shopee/modules-federation/live/0/shopee__item-card-standard-v2/0.2.8/pc/5dd7b4560d0e2d3190e8.svg,Jakarta Utara,,,,,,"Realme Note 60 4/64 | 6/128 GB Garansi Resmi Indonesia Second Bekas Original
Rp
1.175.000
5.0
5 Terjual
< 2 Hari
Jakarta Utara",https://shopee.co.id/Realme-Note-60-4-64-6-128-GB-Garansi-Resmi-Indonesia-Second-Bekas-Original-i.1032487382.26176683425?extraParams=%7B%22display_model_id%22%3A242673020878%2C%22model_selection_logic%22%3A3%7D&sp_atk=b966ae0f-217c-41c4-a611-db1c74604654&xptdk=b966ae0f-217c-41c4-a611-db1c74604654,https://deo.shopeemobile.com/shopee/modules-federation/live/0/shopee__item-card-standard-v2/0.2.8/pc/d7099d3fd1dfdaf705ab.svg,5 Terjual,,
https://down-id.img.susercontent.com/file/sg-11134201-7rfga-m9zw8ujus9e9f9,Realme C63 Ram 6/128GB | Ram 8/128GB Second Pusat Gadget,https://deo.shopeemobile.com/shopee/modules-federation/live/0/shopee__item-card-standard-v2/0.2.8/pc/a425c915798471b33e5d.png,Rp,1.598.111,https://deo.shopeemobile.com/shopee/modules-federation/live/0/shopee__item-card-standard-v2/0.2.8/pc/d2a1900a0267d45fd0f5.png,,5.0,,https://deo.shopeemobile.com/shopee/modules-federation/live/0/shopee__item-card-standard-v2/0.2.8/pc/38e203dc86172a6c6560.svg,https://deo.shopeemobile.com/shopee/modules-federation/live/0/shopee__item-card-standard-v2/0.2.8/pc/0614b8f0a8fdde22942d.svg,Cashback 99%,https://deo.shopeemobile.com/shopee/modules-federation/live/0/shopee__item-card-standard-v2/0.2.8/pc/5dd7b4560d0e2d3190e8.svg,Surabaya,https://down-id.img.susercontent.com/file/id-11134258-822wr-mlx5y0tebegw04,-11%,,,,"Realme C63 Ram 6/128GB | Ram 8/128GB Second Pusat Gadget
Rp
1.598.111
-11%
Cashback 99%
5.0
3 Terjual
Hari Ini 12:00
Surabaya",https://shopee.co.id/Realme-C63-Ram-6-128GB-Ram-8-128GB-Second-Pusat-Gadget-i.1474904896.40201568407?extraParams=%7B%22display_model_id%22%3A196089470028%2C%22model_selection_logic%22%3A3%7D&sp_atk=a4627a87-d355-4f48-925c-ea656c722478&xptdk=a4627a87-d355-4f48-925c-ea656c722478,https://deo.shopeemobile.com/shopee/modules-federation/live/0/shopee__item-card-standard-v2/0.2.8/pc/d7099d3fd1dfdaf705ab.svg,3 Terjual,,
https://down-id.img.susercontent.com/file/id-11134207-7qul4-ljjkbxovbp1b25,realme C55 6/128 second fullset,,Rp,1.450.000,https://deo.shopeemobile.com/shopee/modules-federation/live/0/shopee__item-card-standard-v2/0.2.8/pc/d2a1900a0267d45fd0f5.png,,,,https://deo.shopeemobile.com/shopee/modules-federation/live/0/shopee__item-card-standard-v2/0.2.8/pc/38e203dc86172a6c6560.svg,https://deo.shopeemobile.com/shopee/modules-federation/live/0/shopee__item-card-standard-v2/0.2.8/pc/0614b8f0a8fdde22942d.svg,Besok,https://deo.shopeemobile.com/shopee/modules-federation/live/0/shopee__item-card-standard-v2/0.2.8/pc/5dd7b4560d0e2d3190e8.svg,Surabaya,https://down-id.img.susercontent.com/file/id-11134258-8224v-mkvw0cu9r7k1a5,,,,,"realme C55 6/128 second fullset
Rp
1.450.000
2 Terjual
Besok
Surabaya",https://shopee.co.id/realme-C55-6-128-second-fullset-i.230315394.16795414946?extraParams=%7B%22display_model_id%22%3A214454910113%2C%22model_selection_logic%22%3A3%7D&sp_atk=cb9c307e-6c14-46bb-842f-20758e8ed45b&xptdk=cb9c307e-6c14-46bb-842f-20758e8ed45b,https://deo.shopeemobile.com/shopee/modules-federation/live/0/shopee__item-card-standard-v2/0.2.8/pc/0614b8f0a8fdde22942d.svg,2 Terjual,,
https://down-id.img.susercontent.com/file/id-11134207-7rbka-m6s2fl27r3ex5a,Realme C63 6/128 | 8/128 GB Garansi Resmi Indonesia Second Bekas Original,https://deo.shopeemobile.com/shopee/modules-federation/live/0/shopee__item-card-standard-v2/0.2.8/pc/e4734dab67ee2f9ebd5a.png,Rp,1.390.000,,,4.3,,https://deo.shopeemobile.com/shopee/modules-federation/live/0/shopee__item-card-standard-v2/0.2.8/pc/38e203dc86172a6c6560.svg,https://deo.shopeemobile.com/shopee/modules-federation/live/0/shopee__item-card-standard-v2/0.2.8/pc/0614b8f0a8fdde22942d.svg,< 2 Hari,https://deo.shopeemobile.com/shopee/modules-federation/live/0/shopee__item-card-standard-v2/0.2.8/pc/5dd7b4560d0e2d3190e8.svg,Jakarta Utara,,,,,,"Realme C63 6/128 | 8/128 GB Garansi Resmi Indonesia Second Bekas Original
Rp
1.390.000
4.3
19 Terjual
< 2 Hari
Jakarta Utara",https://shopee.co.id/Realme-C63-6-128-8-128-GB-Garansi-Resmi-Indonesia-Second-Bekas-Original-i.304735900.28276190084?extraParams=%7B%22display_model_id%22%3A108623178456%2C%22model_selection_logic%22%3A3%7D&sp_atk=e46e75d3-09f3-459c-b8de-13d81c78952f&xptdk=e46e75d3-09f3-459c-b8de-13d81c78952f,https://deo.shopeemobile.com/shopee/modules-federation/live/0/shopee__item-card-standard-v2/0.2.8/pc/d7099d3fd1dfdaf705ab.svg,19 Terjual,,
https://down-id.img.susercontent.com/file/id-11134207-7r991-lv9yckxqh83025,Second Realme 11 Pro 8/256Gb - Beige,https://deo.shopeemobile.com/shopee/modules-federation/live/0/shopee__item-card-standard-v2/0.2.8/pc/a425c915798471b33e5d.png,Rp,3.848.000,,,,,https://deo.shopeemobile.com/shopee/modules-federation/live/0/shopee__item-card-standard-v2/0.2.8/pc/76dff349290d20891fc1.svg,,,https://deo.shopeemobile.com/shopee/modules-federation/live/0/shopee__item-card-standard-v2/0.2.8/pc/5dd7b4560d0e2d3190e8.svg,Malang,https://down-id.img.susercontent.com/file/id-11134258-8224v-mkvw0cu9r7k1a5,,,,,"Second Realme 11 Pro 8/256Gb - Beige
Rp
3.848.000
1-3 Hari
Malang",https://shopee.co.id/Second-Realme-11-Pro-8-256Gb-Beige-i.331123706.24380517090?extraParams=%7B%22display_model_id%22%3A39772664673%2C%22model_selection_logic%22%3A3%7D&sp_atk=325b162a-d42b-42f9-9be2-43195fea5bef&xptdk=325b162a-d42b-42f9-9be2-43195fea5bef,,1-3 Hari,,
https://down-id.img.susercontent.com/file/id-11134207-7r98p-ly3mlu8vlfko21,REALME 10 4G 256/6 BLACK FULLSET Second,,Rp,3.500.000,,,,,https://deo.shopeemobile.com/shopee/modules-federation/live/0/shopee__item-card-standard-v2/0.2.8/pc/76dff349290d20891fc1.svg,,,https://deo.shopeemobile.com/shopee/modules-federation/live/0/shopee__item-card-standard-v2/0.2.8/pc/5dd7b4560d0e2d3190e8.svg,Kab. Lumajang,https://down-id.img.susercontent.com/file/id-11134258-7r98w-lyezzaurybot13,,,,,"REALME 10 4G 256/6 BLACK FULLSET Second
Rp
3.500.000
1-3 Hari
Kab. Lumajang",https://shopee.co.id/REALME-10-4G-256-6-BLACK-FULLSET-Second-i.1159045596.28606114995?extraParams=%7B%22display_model_id%22%3A187673957345%2C%22model_selection_logic%22%3A3%7D&sp_atk=d142178e-3b6b-4f44-b851-f53ca3a5aa5b&xptdk=d142178e-3b6b-4f44-b851-f53ca3a5aa5b,,1-3 Hari,,
https://down-id.img.susercontent.com/file/id-11134207-7rbk2-m70belqrevbdad,Realme C63 6/128 GB | 8/128 GB Garansi Resmi Indonesia Second Bekas Original,https://deo.shopeemobile.com/shopee/modules-federation/live/0/shopee__item-card-standard-v2/0.2.8/pc/e4734dab67ee2f9ebd5a.png,Rp,1.375.000,,,5.0,,https://deo.shopeemobile.com/shopee/modules-federation/live/0/shopee__item-card-standard-v2/0.2.8/pc/38e203dc86172a6c6560.svg,https://deo.shopeemobile.com/shopee/modules-federation/live/0/shopee__item-card-standard-v2/0.2.8/pc/0614b8f0a8fdde22942d.svg,< 2 Hari,https://deo.shopeemobile.com/shopee/modules-federation/live/0/shopee__item-card-standard-v2/0.2.8/pc/5dd7b4560d0e2d3190e8.svg,Jakarta Utara,,,,,,"Realme C63 6/128 GB | 8/128 GB Garansi Resmi Indonesia Second Bekas Original
Rp
1.375.000
5.0
9 Terjual
< 2 Hari
Jakarta Utara",https://shopee.co.id/Realme-C63-6-128-GB-8-128-GB-Garansi-Resmi-Indonesia-Second-Bekas-Original-i.515774005.26925000012?extraParams=%7B%22display_model_id%22%3A257684085005%2C%22model_selection_logic%22%3A3%7D&sp_atk=b3d2b318-2d0f-44e7-b3ca-6deeb8c2fa3b&xptdk=b3d2b318-2d0f-44e7-b3ca-6deeb8c2fa3b,https://deo.shopeemobile.com/shopee/modules-federation/live/0/shopee__item-card-standard-v2/0.2.8/pc/d7099d3fd1dfdaf705ab.svg,9 Terjual,,
https://down-id.img.susercontent.com/file/id-11134207-7rbka-m6s2fl27r3ex5a,Realme C63 6/128 | 8/128 GB Garansi Resmi Indonesia Second Bekas Original,https://deo.shopeemobile.com/shopee/modules-federation/live/0/shopee__item-card-standard-v2/0.2.8/pc/e4734dab67ee2f9ebd5a.png,Rp,1.390.000,,,4.3,19 Terjual,https://deo.shopeemobile.com/shopee/modules-federation/live/0/shopee__item-card-standard-v2/0.2.8/pc/38e203dc86172a6c6560.svg,https://deo.shopeemobile.com/shopee/modules-federation/live/0/shopee__item-card-standard-v2/0.2.8/pc/0614b8f0a8fdde22942d.svg,< 2 Hari,https://deo.shopeemobile.com/shopee/modules-federation/live/0/shopee__item-card-standard-v2/0.2.8/pc/5dd7b4560d0e2d3190e8.svg,Jakarta Utara,,,,,,"Realme C63 6/128 | 8/128 GB Garansi Resmi Indonesia Second Bekas Original
Rp
1.390.000
4.3
19 Terjual
< 2 Hari
Jakarta Utara",https://shopee.co.id/Realme-C63-6-128-8-128-GB-Garansi-Resmi-Indonesia-Second-Bekas-Original-i.304735900.28276190084?extraParams=%7B%22display_model_id%22%3A108623178456%2C%22model_selection_logic%22%3A3%7D&sp_atk=50693801-f8a7-49cf-9f35-f45b0a4c4d09&xptdk=50693801-f8a7-49cf-9f35-f45b0a4c4d09,https://deo.shopeemobile.com/shopee/modules-federation/live/0/shopee__item-card-standard-v2/0.2.8/pc/d7099d3fd1dfdaf705ab.svg,,,
https://down-id.img.susercontent.com/file/id-11134207-7rasf-m5rtv1n51w7422,REALME 9 8/128 FULLSET SECOND ORIGINAL,,Rp,1.499.000,https://deo.shopeemobile.com/shopee/modules-federation/live/0/shopee__item-card-standard-v2/0.2.8/pc/d2a1900a0267d45fd0f5.png,,,2-4 Hari,https://deo.shopeemobile.com/shopee/modules-federation/live/0/shopee__item-card-standard-v2/0.2.8/pc/76dff349290d20891fc1.svg,,,https://deo.shopeemobile.com/shopee/modules-federation/live/0/shopee__item-card-standard-v2/0.2.8/pc/5dd7b4560d0e2d3190e8.svg,Kab. Semarang,https://down-id.img.susercontent.com/file/id-11134258-822wr-mlx5y0tebegw04,,,,,"REALME 9 8/128 FULLSET SECOND ORIGINAL
Rp
1.499.000
2-4 Hari
Kab. Semarang",https://shopee.co.id/REALME-9-8-128-FULLSET-SECOND-ORIGINAL-i.375168195.25240970584?extraParams=%7B%22display_model_id%22%3A208449459029%2C%22model_selection_logic%22%3A3%7D&sp_atk=3f61000a-d54a-4b69-a2fc-da41a570273c&xptdk=3f61000a-d54a-4b69-a2fc-da41a570273c,,,,
https://down-id.img.susercontent.com/file/sg-11134201-7rd5x-m7d9cdn9cdera6,Realme 13 Plus Ram 12 Rom 256GB Second Original,https://deo.shopeemobile.com/shopee/modules-federation/live/0/shopee__item-card-standard-v2/0.2.8/pc/e4734dab67ee2f9ebd5a.png,Rp,3.349.888,,,,Hari Ini 12:00,https://deo.shopeemobile.com/shopee/modules-federation/live/0/shopee__item-card-standard-v2/0.2.8/pc/38e203dc86172a6c6560.svg,https://deo.shopeemobile.com/shopee/modules-federation/live/0/shopee__item-card-standard-v2/0.2.8/pc/0614b8f0a8fdde22942d.svg,Hari Ini 12:00,https://deo.shopeemobile.com/shopee/modules-federation/live/0/shopee__item-card-standard-v2/0.2.8/pc/5dd7b4560d0e2d3190e8.svg,Surabaya,https://down-id.img.susercontent.com/file/id-11134258-822wr-mlx5y0tebegw04,-7%,,,,"Realme 13 Plus Ram 12 Rom 256GB Second Original
Rp
3.349.888
-7%
Hari Ini 12:00
Surabaya",https://shopee.co.id/Realme-13-Plus-Ram-12-Rom-256GB-Second-Original-i.358338280.24542706830?extraParams=%7B%22display_model_id%22%3A247898464809%2C%22model_selection_logic%22%3A3%7D&sp_atk=9851cc74-6148-4870-97a8-a31dd66f01e8&xptdk=9851cc74-6148-4870-97a8-a31dd66f01e8,https://deo.shopeemobile.com/shopee/modules-federation/live/0/shopee__item-card-standard-v2/0.2.8/pc/0614b8f0a8fdde22942d.svg,,,
https://down-id.img.susercontent.com/file/id-11134207-7rash-m5e2d5ho7pozed,[SECOND] Realme Note 60x 4/64Gb 4/128Gb Garansi Resmi Realme Indonesia,https://deo.shopeemobile.com/shopee/modules-federation/live/0/shopee__item-card-standard-v2/0.2.8/pc/e4734dab67ee2f9ebd5a.png,Rp,1.499.000,https://deo.shopeemobile.com/shopee/modules-federation/live/0/shopee__item-card-standard-v2/0.2.8/pc/d2a1900a0267d45fd0f5.png,,5.0,2 Terjual,https://deo.shopeemobile.com/shopee/modules-federation/live/0/shopee__item-card-standard-v2/0.2.8/pc/76dff349290d20891fc1.svg,,,https://deo.shopeemobile.com/shopee/modules-federation/live/0/shopee__item-card-standard-v2/0.2.8/pc/5dd7b4560d0e2d3190e8.svg,Surabaya,https://down-id.img.susercontent.com/file/id-11134258-822wr-mlx67rtd6r602f,,Cicilan,,,"[SECOND] Realme Note 60x 4/64Gb 4/128Gb Garansi Resmi Realme Indonesia
Rp
1.499.000
Cicilan
5.0
2 Terjual
1-3 Hari
Surabaya",https://shopee.co.id/-SECOND-Realme-Note-60x-4-64Gb-4-128Gb-Garansi-Resmi-Realme-Indonesia-i.25028502.5044287559?extraParams=%7B%22display_model_id%22%3A223753177288%2C%22model_selection_logic%22%3A3%7D&sp_atk=4df3c6e7-99ba-4392-9d79-985782f731fd&xptdk=4df3c6e7-99ba-4392-9d79-985782f731fd,https://deo.shopeemobile.com/shopee/modules-federation/live/0/shopee__item-card-standard-v2/0.2.8/pc/d7099d3fd1dfdaf705ab.svg,,,
https://down-id.img.susercontent.com/file/sg-11134201-7rdxf-lxoz9ec96d8m4b,Realme 11 Pro Ram 8 Rom 256GB ( Second ),https://deo.shopeemobile.com/shopee/modules-federation/live/0/shopee__item-card-standard-v2/0.2.8/pc/a425c915798471b33e5d.png,Rp,2.630.199,,,5.0,14 Terjual,https://deo.shopeemobile.com/shopee/modules-federation/live/0/shopee__item-card-standard-v2/0.2.8/pc/38e203dc86172a6c6560.svg,https://deo.shopeemobile.com/shopee/modules-federation/live/0/shopee__item-card-standard-v2/0.2.8/pc/0614b8f0a8fdde22942d.svg,Besok 12:00,https://deo.shopeemobile.com/shopee/modules-federation/live/0/shopee__item-card-standard-v2/0.2.8/pc/5dd7b4560d0e2d3190e8.svg,Surabaya,https://down-id.img.susercontent.com/file/id-11134258-822wr-mlx5y0tebegw04,-40%,,,,"Realme 11 Pro Ram 8 Rom 256GB ( Second )
Rp
2.630.199
-40%
5.0
14 Terjual
Besok 12:00
Surabaya",https://shopee.co.id/Realme-11-Pro-Ram-8-Rom-256GB-(-Second-)-i.194632330.28455278430?extraParams=%7B%22display_model_id%22%3A205239801449%2C%22model_selection_logic%22%3A3%7D&sp_atk=fff0ecf2-c0a6-4be9-936d-1869348b4844&xptdk=fff0ecf2-c0a6-4be9-936d-1869348b4844,https://deo.shopeemobile.com/shopee/modules-federation/live/0/shopee__item-card-standard-v2/0.2.8/pc/d7099d3fd1dfdaf705ab.svg,,,
https://down-id.img.susercontent.com/file/id-11134207-7rbkb-m7kdliwjsch3d2,Realme C65 8/128 GB | 8/256 GB Garansi Resmi Indonesia Second Bekas Original,https://deo.shopeemobile.com/shopee/modules-federation/live/0/shopee__item-card-standard-v2/0.2.8/pc/e4734dab67ee2f9ebd5a.png,Rp,1.475.000,,,5.0,11 Terjual,https://deo.shopeemobile.com/shopee/modules-federation/live/0/shopee__item-card-standard-v2/0.2.8/pc/38e203dc86172a6c6560.svg,https://deo.shopeemobile.com/shopee/modules-federation/live/0/shopee__item-card-standard-v2/0.2.8/pc/0614b8f0a8fdde22942d.svg,< 2 Hari,https://deo.shopeemobile.com/shopee/modules-federation/live/0/shopee__item-card-standard-v2/0.2.8/pc/5dd7b4560d0e2d3190e8.svg,Jakarta Utara,,,,,,"Realme C65 8/128 GB | 8/256 GB Garansi Resmi Indonesia Second Bekas Original
Rp
1.475.000
5.0
11 Terjual
< 2 Hari
Jakarta Utara",https://shopee.co.id/Realme-C65-8-128-GB-8-256-GB-Garansi-Resmi-Indonesia-Second-Bekas-Original-i.515774005.27372600136?extraParams=%7B%22display_model_id%22%3A29918189517%2C%22model_selection_logic%22%3A3%7D&sp_atk=71d488bb-5468-41b5-a29b-fcfe32eafb69&xptdk=71d488bb-5468-41b5-a29b-fcfe32eafb69,https://deo.shopeemobile.com/shopee/modules-federation/live/0/shopee__item-card-standard-v2/0.2.8/pc/d7099d3fd1dfdaf705ab.svg,,,
https://down-id.img.susercontent.com/file/id-11134207-7rasj-m3vyvsk4a3dr97,Realme 11 Pro+ Plus 5G 12/512 GB Garansi Resmi Indonesia Second Bekas Original,https://deo.shopeemobile.com/shopee/modules-federation/live/0/shopee__item-card-standard-v2/0.2.8/pc/e4734dab67ee2f9ebd5a.png,Rp,3.390.000,,,5.0,11 Terjual,https://deo.shopeemobile.com/shopee/modules-federation/live/0/shopee__item-card-standard-v2/0.2.8/pc/38e203dc86172a6c6560.svg,https://deo.shopeemobile.com/shopee/modules-federation/live/0/shopee__item-card-standard-v2/0.2.8/pc/0614b8f0a8fdde22942d.svg,< 2 Hari,https://deo.shopeemobile.com/shopee/modules-federation/live/0/shopee__item-card-standard-v2/0.2.8/pc/5dd7b4560d0e2d3190e8.svg,Jakarta Utara,,,,,,"Realme 11 Pro+ Plus 5G 12/512 GB Garansi Resmi Indonesia Second Bekas Original
Rp
3.390.000
5.0
11 Terjual
< 2 Hari
Jakarta Utara",https://shopee.co.id/Realme-11-Pro-Plus-5G-12-512-GB-Garansi-Resmi-Indonesia-Second-Bekas-Original-i.304735900.25933396146?extraParams=%7B%22display_model_id%22%3A251182987222%2C%22model_selection_logic%22%3A3%7D&sp_atk=2f580cd2-902a-4343-a6a7-bf41c03546e5&xptdk=2f580cd2-902a-4343-a6a7-bf41c03546e5,https://deo.shopeemobile.com/shopee/modules-federation/live/0/shopee__item-card-standard-v2/0.2.8/pc/d7099d3fd1dfdaf705ab.svg,,,
https://down-id.img.susercontent.com/file/id-11134207-7rbk4-madstl2su9oyb2,Realme C75 Ram 8/128GB | Ram 8/256GB Second Mobile Style Store,,Rp,1.879.111,https://deo.shopeemobile.com/shopee/modules-federation/live/0/shopee__item-card-standard-v2/0.2.8/pc/d2a1900a0267d45fd0f5.png,,,2 Terjual,https://deo.shopeemobile.com/shopee/modules-federation/live/0/shopee__item-card-standard-v2/0.2.8/pc/38e203dc86172a6c6560.svg,https://deo.shopeemobile.com/shopee/modules-federation/live/0/shopee__item-card-standard-v2/0.2.8/pc/0614b8f0a8fdde22942d.svg,Besok 11:00,https://deo.shopeemobile.com/shopee/modules-federation/live/0/shopee__item-card-standard-v2/0.2.8/pc/5dd7b4560d0e2d3190e8.svg,Surabaya,https://down-id.img.susercontent.com/file/id-11134258-822wr-mlx5y0tebegw04,-15%,,,,"Realme C75 Ram 8/128GB | Ram 8/256GB Second Mobile Style Store
Rp
1.879.111
-15%
2 Terjual
Besok 11:00
Surabaya",https://shopee.co.id/Realme-C75-Ram-8-128GB-Ram-8-256GB-Second-Mobile-Style-Store-i.1544768134.29237034273?extraParams=%7B%22display_model_id%22%3A280255912700%2C%22model_selection_logic%22%3A3%7D&sp_atk=e30ea885-6c1e-4374-bc08-1f734c9690bc&xptdk=e30ea885-6c1e-4374-bc08-1f734c9690bc,https://deo.shopeemobile.com/shopee/modules-federation/live/0/shopee__item-card-standard-v2/0.2.8/pc/0614b8f0a8fdde22942d.svg,,,
https://down-id.img.susercontent.com/file/id-11134207-7r98y-lxxgfkyezp7f24,Realme 10 Pro 5G 8/128 | 8/256 GB Garansi Resmi Indonesia Second Bekas Original Top,https://deo.shopeemobile.com/shopee/modules-federation/live/0/shopee__item-card-standard-v2/0.2.8/pc/e4734dab67ee2f9ebd5a.png,Rp,2.090.000,,,4.9,20 Terjual,https://deo.shopeemobile.com/shopee/modules-federation/live/0/shopee__item-card-standard-v2/0.2.8/pc/38e203dc86172a6c6560.svg,https://deo.shopeemobile.com/shopee/modules-federation/live/0/shopee__item-card-standard-v2/0.2.8/pc/0614b8f0a8fdde22942d.svg,< 2 Hari,https://deo.shopeemobile.com/shopee/modules-federation/live/0/shopee__item-card-standard-v2/0.2.8/pc/5dd7b4560d0e2d3190e8.svg,Jakarta Utara,,,,,,"Realme 10 Pro 5G 8/128 | 8/256 GB Garansi Resmi Indonesia Second Bekas Original Top
Rp
2.090.000
4.9
20 Terjual
< 2 Hari
Jakarta Utara",https://shopee.co.id/Realme-10-Pro-5G-8-128-8-256-GB-Garansi-Resmi-Indonesia-Second-Bekas-Original-Top-i.304735900.26505781459?extraParams=%7B%22display_model_id%22%3A195571621910%2C%22model_selection_logic%22%3A3%7D&sp_atk=fb7c4448-1a33-4fbb-bd28-e3e75b3d71cc&xptdk=fb7c4448-1a33-4fbb-bd28-e3e75b3d71cc,https://deo.shopeemobile.com/shopee/modules-federation/live/0/shopee__item-card-standard-v2/0.2.8/pc/d7099d3fd1dfdaf705ab.svg,,,
https://down-id.img.susercontent.com/file/id-11134207-7rbk7-ma5fklnob1fv01,Realme c63 8/128 second fullset,,Rp,1.500.000,https://deo.shopeemobile.com/shopee/modules-federation/live/0/shopee__item-card-standard-v2/0.2.8/pc/d2a1900a0267d45fd0f5.png,,,Besok,https://deo.shopeemobile.com/shopee/modules-federation/live/0/shopee__item-card-standard-v2/0.2.8/pc/38e203dc86172a6c6560.svg,https://deo.shopeemobile.com/shopee/modules-federation/live/0/shopee__item-card-standard-v2/0.2.8/pc/0614b8f0a8fdde22942d.svg,Besok,https://deo.shopeemobile.com/shopee/modules-federation/live/0/shopee__item-card-standard-v2/0.2.8/pc/5dd7b4560d0e2d3190e8.svg,Surabaya,https://down-id.img.susercontent.com/file/id-11134258-8224v-mkvw0cu9r7k1a5,,,,,"Realme c63 8/128 second fullset
Rp
1.500.000
Besok
Surabaya",https://shopee.co.id/Realme-c63-8-128-second-fullset-i.230315394.43502047744?extraParams=%7B%22display_model_id%22%3A280167670875%2C%22model_selection_logic%22%3A3%7D&sp_atk=53e620a9-0c5e-4938-95cf-278345a4702b&xptdk=53e620a9-0c5e-4938-95cf-278345a4702b,https://deo.shopeemobile.com/shopee/modules-federation/live/0/shopee__item-card-standard-v2/0.2.8/pc/0614b8f0a8fdde22942d.svg,,,
https://down-id.img.susercontent.com/file/sg-11134201-7rfft-m9zh8pr7xd3j96,Realme Note 60 Ram 4/64 | Ram 6/128GB | Ram 8/256GB Second Pusat Gadget,https://deo.shopeemobile.com/shopee/modules-federation/live/0/shopee__item-card-standard-v2/0.2.8/pc/a425c915798471b33e5d.png,Rp,1.599.111,https://deo.shopeemobile.com/shopee/modules-federation/live/0/shopee__item-card-standard-v2/0.2.8/pc/d2a1900a0267d45fd0f5.png,,5.0,2 Terjual,https://deo.shopeemobile.com/shopee/modules-federation/live/0/shopee__item-card-standard-v2/0.2.8/pc/38e203dc86172a6c6560.svg,https://deo.shopeemobile.com/shopee/modules-federation/live/0/shopee__item-card-standard-v2/0.2.8/pc/0614b8f0a8fdde22942d.svg,Cashback 99%,https://deo.shopeemobile.com/shopee/modules-federation/live/0/shopee__item-card-standard-v2/0.2.8/pc/5dd7b4560d0e2d3190e8.svg,Surabaya,https://down-id.img.susercontent.com/file/id-11134258-822wr-mlx5y0tebegw04,-9%,,,,"Realme Note 60 Ram 4/64 | Ram 6/128GB | Ram 8/256GB Second Pusat Gadget
Rp
1.599.111
-9%
Cashback 99%
5.0
2 Terjual
Hari Ini 12:00
Surabaya",https://shopee.co.id/Realme-Note-60-Ram-4-64-Ram-6-128GB-Ram-8-256GB-Second-Pusat-Gadget-i.1474904896.26086812047?extraParams=%7B%22display_model_id%22%3A270123409442%2C%22model_selection_logic%22%3A3%7D&sp_atk=5699ae27-ffb4-42f5-92f2-d771cec580b1&xptdk=5699ae27-ffb4-42f5-92f2-d771cec580b1,https://deo.shopeemobile.com/shopee/modules-federation/live/0/shopee__item-card-standard-v2/0.2.8/pc/d7099d3fd1dfdaf705ab.svg,,,
https://down-id.img.susercontent.com/file/id-11134207-7r98o-lzudyl6w8qh436,Realme 11 8/256 second fullset,,Rp,2.199.000,https://deo.shopeemobile.com/shopee/modules-federation/live/0/shopee__item-card-standard-v2/0.2.8/pc/d2a1900a0267d45fd0f5.png,,,Besok,https://deo.shopeemobile.com/shopee/modules-federation/live/0/shopee__item-card-standard-v2/0.2.8/pc/38e203dc86172a6c6560.svg,https://deo.shopeemobile.com/shopee/modules-federation/live/0/shopee__item-card-standard-v2/0.2.8/pc/0614b8f0a8fdde22942d.svg,Besok,https://deo.shopeemobile.com/shopee/modules-federation/live/0/shopee__item-card-standard-v2/0.2.8/pc/5dd7b4560d0e2d3190e8.svg,Surabaya,https://down-id.img.susercontent.com/file/id-11134258-8224v-mkvw0cu9r7k1a5,,,,,"Realme 11 8/256 second fullset
Rp
2.199.000
Besok
Surabaya",https://shopee.co.id/Realme-11-8-256-second-fullset-i.230315394.18148948256?extraParams=%7B%22display_model_id%22%3A182471011529%2C%22model_selection_logic%22%3A3%7D&sp_atk=5337768f-593f-47ff-9374-3e91b048f10c&xptdk=5337768f-593f-47ff-9374-3e91b048f10c,https://deo.shopeemobile.com/shopee/modules-federation/live/0/shopee__item-card-standard-v2/0.2.8/pc/0614b8f0a8fdde22942d.svg,,,
https://down-id.img.susercontent.com/file/id-11134207-8224t-mibevsqz5fcz84,Handphone Hp Realme C75 8/256 Second Seken Bekas Murah,,Rp,1.750.000,,,4.8,15 Terjual,https://deo.shopeemobile.com/shopee/modules-federation/live/0/shopee__item-card-standard-v2/0.2.8/pc/38e203dc86172a6c6560.svg,https://deo.shopeemobile.com/shopee/modules-federation/live/0/shopee__item-card-standard-v2/0.2.8/pc/0614b8f0a8fdde22942d.svg,< 2 Hari,https://deo.shopeemobile.com/shopee/modules-federation/live/0/shopee__item-card-standard-v2/0.2.8/pc/5dd7b4560d0e2d3190e8.svg,Bekasi,https://down-id.img.susercontent.com/file/id-11134258-8224v-mkvw0cu9r7k1a5,,Cicilan,,,"Handphone Hp Realme C75 8/256 Second Seken Bekas Murah
Rp
1.750.000
Cicilan
4.8
15 Terjual
< 2 Hari
Bekasi",https://shopee.co.id/Handphone-Hp-Realme-C75-8-256-Second-Seken-Bekas-Murah-i.40845245.11219983440?extraParams=%7B%22display_model_id%22%3A430306881124%2C%22model_selection_logic%22%3A3%7D&sp_atk=10dad226-86bb-452b-ab34-f9d65f42dc71&xptdk=10dad226-86bb-452b-ab34-f9d65f42dc71,https://deo.shopeemobile.com/shopee/modules-federation/live/0/shopee__item-card-standard-v2/0.2.8/pc/d7099d3fd1dfdaf705ab.svg,,,
https://down-id.img.susercontent.com/file/id-11134207-7rbk4-maazze4nist0e4,REALME XT 4/128 & 8/128 SECOND FULLSET ORI,,Rp,1.499.000,https://deo.shopeemobile.com/shopee/modules-federation/live/0/shopee__item-card-standard-v2/0.2.8/pc/d2a1900a0267d45fd0f5.png,,5.0,315 Terjual,https://deo.shopeemobile.com/shopee/modules-federation/live/0/shopee__item-card-standard-v2/0.2.8/pc/38e203dc86172a6c6560.svg,https://deo.shopeemobile.com/shopee/modules-federation/live/0/shopee__item-card-standard-v2/0.2.8/pc/0614b8f0a8fdde22942d.svg,< 2 Hari,https://deo.shopeemobile.com/shopee/modules-federation/live/0/shopee__item-card-standard-v2/0.2.8/pc/5dd7b4560d0e2d3190e8.svg,Kab. Klaten,https://down-id.img.susercontent.com/file/id-11134258-8224v-mkvw0cu9r7k1a5,,Cicilan,,,"REALME XT 4/128 & 8/128 SECOND FULLSET ORI
Rp
1.499.000
Cicilan
5.0
315 Terjual
< 2 Hari
Kab. Klaten",https://shopee.co.id/REALME-XT-4-128-8-128-SECOND-FULLSET-ORI-i.144116326.6088761366?extraParams=%7B%22display_model_id%22%3A440549159920%2C%22model_selection_logic%22%3A3%7D&sp_atk=fe3d9da9-9a6c-4f5a-a3b7-97b1a3dc80ed&xptdk=fe3d9da9-9a6c-4f5a-a3b7-97b1a3dc80ed,https://deo.shopeemobile.com/shopee/modules-federation/live/0/shopee__item-card-standard-v2/0.2.8/pc/d7099d3fd1dfdaf705ab.svg,,,
https://down-id.img.susercontent.com/file/id-11134207-7r98v-lqvcxpumv3i53f,REALME C67 8/128 8/256 SECOND FULLSET,https://deo.shopeemobile.com/shopee/modules-federation/live/0/shopee__item-card-standard-v2/0.2.8/pc/e4734dab67ee2f9ebd5a.png,Rp,1.875.000,,,4.9,60 Terjual,https://deo.shopeemobile.com/shopee/modules-federation/live/0/shopee__item-card-standard-v2/0.2.8/pc/38e203dc86172a6c6560.svg,https://deo.shopeemobile.com/shopee/modules-federation/live/0/shopee__item-card-standard-v2/0.2.8/pc/0614b8f0a8fdde22942d.svg,< 2 Hari,https://deo.shopeemobile.com/shopee/modules-federation/live/0/shopee__item-card-standard-v2/0.2.8/pc/5dd7b4560d0e2d3190e8.svg,Jakarta Barat,https://down-id.img.susercontent.com/file/id-11134258-8224v-mkvw0cu9r7k1a5,,,,,"REALME C67 8/128 8/256 SECOND FULLSET
Rp
1.875.000
4.9
60 Terjual
< 2 Hari
Jakarta Barat",https://shopee.co.id/REALME-C67-8-128-8-256-SECOND-FULLSET-i.203572497.24760536054?extraParams=%7B%22display_model_id%22%3A245527635138%2C%22model_selection_logic%22%3A3%7D&sp_atk=6cb354c4-8e89-48e6-b90b-b2647bb1f386&xptdk=6cb354c4-8e89-48e6-b90b-b2647bb1f386,https://deo.shopeemobile.com/shopee/modules-federation/live/0/shopee__item-card-standard-v2/0.2.8/pc/d7099d3fd1dfdaf705ab.svg,,,
https://down-id.img.susercontent.com/file/id-11134207-7rbkc-m6f6hke3neay43,Realme Note 60 4/64 | 6/128 GB Garansi Resmi Indonesia Second Bekas Original,https://deo.shopeemobile.com/shopee/modules-federation/live/0/shopee__item-card-standard-v2/0.2.8/pc/e4734dab67ee2f9ebd5a.png,Rp,1.175.000,,,5.0,5 Terjual,https://deo.shopeemobile.com/shopee/modules-federation/live/0/shopee__item-card-standard-v2/0.2.8/pc/38e203dc86172a6c6560.svg,https://deo.shopeemobile.com/shopee/modules-federation/live/0/shopee__item-card-standard-v2/0.2.8/pc/0614b8f0a8fdde22942d.svg,< 2 Hari,https://deo.shopeemobile.com/shopee/modules-federation/live/0/shopee__item-card-standard-v2/0.2.8/pc/5dd7b4560d0e2d3190e8.svg,Jakarta Utara,,,,,,"Realme Note 60 4/64 | 6/128 GB Garansi Resmi Indonesia Second Bekas Original
Rp
1.175.000
5.0
5 Terjual
< 2 Hari
Jakarta Utara",https://shopee.co.id/Realme-Note-60-4-64-6-128-GB-Garansi-Resmi-Indonesia-Second-Bekas-Original-i.1032487382.26176683425?extraParams=%7B%22display_model_id%22%3A242673020878%2C%22model_selection_logic%22%3A3%7D&sp_atk=312ace9b-24dd-4d89-83e0-72646f666ddb&xptdk=312ace9b-24dd-4d89-83e0-72646f666ddb,https://deo.shopeemobile.com/shopee/modules-federation/live/0/shopee__item-card-standard-v2/0.2.8/pc/d7099d3fd1dfdaf705ab.svg,,,
https://down-id.img.susercontent.com/file/id-11134207-7ras8-m5bc94wyudqee7,REALME 9i 6/128 FULLSET SECOND ORI,,Rp,1.300.000,https://deo.shopeemobile.com/shopee/modules-federation/live/0/shopee__item-card-standard-v2/0.2.8/pc/d2a1900a0267d45fd0f5.png,,,2-4 Hari,https://deo.shopeemobile.com/shopee/modules-federation/live/0/shopee__item-card-standard-v2/0.2.8/pc/76dff349290d20891fc1.svg,,,https://deo.shopeemobile.com/shopee/modules-federation/live/0/shopee__item-card-standard-v2/0.2.8/pc/5dd7b4560d0e2d3190e8.svg,Kab. Semarang,https://down-id.img.susercontent.com/file/id-11134258-822wr-mlx5y0tebegw04,,,,,"REALME 9i 6/128 FULLSET SECOND ORI
Rp
1.300.000
2-4 Hari
Kab. Semarang",https://shopee.co.id/REALME-9i-6-128-FULLSET-SECOND-ORI-i.375168195.25890735673?extraParams=%7B%22display_model_id%22%3A247571631606%2C%22model_selection_logic%22%3A3%7D&sp_atk=55a7bb13-85c3-4485-898a-312b31a65f83&xptdk=55a7bb13-85c3-4485-898a-312b31a65f83,,,,
https://down-id.img.susercontent.com/file/id-11134207-7rbk2-m9gqo48yczgyde,Realme C75 Ram 8/128 Second Fullset Original Resmi Garansi Panjang,https://deo.shopeemobile.com/shopee/modules-federation/live/0/shopee__item-card-standard-v2/0.2.8/pc/a425c915798471b33e5d.png,Rp,1.899.000,,,,< 2 Hari,https://deo.shopeemobile.com/shopee/modules-federation/live/0/shopee__item-card-standard-v2/0.2.8/pc/38e203dc86172a6c6560.svg,https://deo.shopeemobile.com/shopee/modules-federation/live/0/shopee__item-card-standard-v2/0.2.8/pc/0614b8f0a8fdde22942d.svg,< 2 Hari,https://deo.shopeemobile.com/shopee/modules-federation/live/0/shopee__item-card-standard-v2/0.2.8/pc/5dd7b4560d0e2d3190e8.svg,Bekasi,https://down-id.img.susercontent.com/file/id-11134258-8224v-mkvw0cu9r7k1a5,,,,,"Realme C75 Ram 8/128 Second Fullset Original Resmi Garansi Panjang
Rp
1.899.000
< 2 Hari
Bekasi",https://shopee.co.id/Realme-C75-Ram-8-128-Second-Fullset-Original-Resmi-Garansi-Panjang-i.123384083.29786272027?extraParams=%7B%22display_model_id%22%3A258395534297%2C%22model_selection_logic%22%3A3%7D&sp_atk=dd9af3fd-23e2-48c9-9f99-f766b6262552&xptdk=dd9af3fd-23e2-48c9-9f99-f766b6262552,https://deo.shopeemobile.com/shopee/modules-federation/live/0/shopee__item-card-standard-v2/0.2.8/pc/0614b8f0a8fdde22942d.svg,,,
https://down-id.img.susercontent.com/file/id-11134207-7qukw-lk2b3li2qwxvc0,Realme 9i 6/128 second fullset,,Rp,1.699.000,https://deo.shopeemobile.com/shopee/modules-federation/live/0/shopee__item-card-standard-v2/0.2.8/pc/d2a1900a0267d45fd0f5.png,,,Besok,https://deo.shopeemobile.com/shopee/modules-federation/live/0/shopee__item-card-standard-v2/0.2.8/pc/38e203dc86172a6c6560.svg,https://deo.shopeemobile.com/shopee/modules-federation/live/0/shopee__item-card-standard-v2/0.2.8/pc/0614b8f0a8fdde22942d.svg,Besok,https://deo.shopeemobile.com/shopee/modules-federation/live/0/shopee__item-card-standard-v2/0.2.8/pc/5dd7b4560d0e2d3190e8.svg,Surabaya,https://down-id.img.susercontent.com/file/id-11134258-8224v-mkvw0cu9r7k1a5,,,,,"Realme 9i 6/128 second fullset
Rp
1.699.000
Besok
Surabaya",https://shopee.co.id/Realme-9i-6-128-second-fullset-i.230315394.18691582261?extraParams=%7B%22display_model_id%22%3A98758532702%2C%22model_selection_logic%22%3A3%7D&sp_atk=75d30035-dc84-4b26-9585-48eaa48ea4e8&xptdk=75d30035-dc84-4b26-9585-48eaa48ea4e8,https://deo.shopeemobile.com/shopee/modules-federation/live/0/shopee__item-card-standard-v2/0.2.8/pc/0614b8f0a8fdde22942d.svg,,,
https://down-id.img.susercontent.com/file/id-11134207-7rasd-m2syquhpqpi87c,Realme C67 8/128 GB | 8/256 GB Garansi Resmi Indonesia Second Bekas Original,https://deo.shopeemobile.com/shopee/modules-federation/live/0/shopee__item-card-standard-v2/0.2.8/pc/e4734dab67ee2f9ebd5a.png,Rp,1.625.000,,,5.0,18 Terjual,https://deo.shopeemobile.com/shopee/modules-federation/live/0/shopee__item-card-standard-v2/0.2.8/pc/38e203dc86172a6c6560.svg,https://deo.shopeemobile.com/shopee/modules-federation/live/0/shopee__item-card-standard-v2/0.2.8/pc/0614b8f0a8fdde22942d.svg,< 2 Hari,https://deo.shopeemobile.com/shopee/modules-federation/live/0/shopee__item-card-standard-v2/0.2.8/pc/5dd7b4560d0e2d3190e8.svg,Jakarta Utara,,,,,,"Realme C67 8/128 GB | 8/256 GB Garansi Resmi Indonesia Second Bekas Original
Rp
1.625.000
5.0
18 Terjual
< 2 Hari
Jakarta Utara",https://shopee.co.id/Realme-C67-8-128-GB-8-256-GB-Garansi-Resmi-Indonesia-Second-Bekas-Original-i.515774005.27860678092?extraParams=%7B%22display_model_id%22%3A223482700218%2C%22model_selection_logic%22%3A3%7D&sp_atk=8f50b3df-315c-45fc-8f21-5dd3e85fb6df&xptdk=8f50b3df-315c-45fc-8f21-5dd3e85fb6df,https://deo.shopeemobile.com/shopee/modules-federation/live/0/shopee__item-card-standard-v2/0.2.8/pc/d7099d3fd1dfdaf705ab.svg,,,
https://down-id.img.susercontent.com/file/id-11134207-8224p-mir86vtelblzad,REALME 10 PRO PLUS SECOND 8/128GB HANDPHONE SECOND HP SEKEN HP BEKAS HP MURAH,https://deo.shopeemobile.com/shopee/modules-federation/live/0/shopee__item-card-standard-v2/0.2.8/pc/e4734dab67ee2f9ebd5a.png,Rp,2.850.000,,,5.0,1 Terjual,https://deo.shopeemobile.com/shopee/modules-federation/live/0/shopee__item-card-standard-v2/0.2.8/pc/76dff349290d20891fc1.svg,,,https://deo.shopeemobile.com/shopee/modules-federation/live/0/shopee__item-card-standard-v2/0.2.8/pc/5dd7b4560d0e2d3190e8.svg,Kab. Bogor,https://down-id.img.susercontent.com/file/id-11134258-822wr-mlx67rtd6r602f,,Cicilan,,,"REALME 10 PRO PLUS SECOND 8/128GB HANDPHONE SECOND HP SEKEN HP BEKAS HP MURAH
Rp
2.850.000
Cicilan
5.0
1 Terjual
2-4 Hari
Kab. Bogor",https://shopee.co.id/REALME-10-PRO-PLUS-SECOND-8-128GB-HANDPHONE-SECOND-HP-SEKEN-HP-BEKAS-HP-MURAH-i.15939657.9131819852?extraParams=%7B%22display_model_id%22%3A340358736288%2C%22model_selection_logic%22%3A3%7D&sp_atk=527994b4-e2b9-426d-88f0-3f94adcad402&xptdk=527994b4-e2b9-426d-88f0-3f94adcad402,https://deo.shopeemobile.com/shopee/modules-federation/live/0/shopee__item-card-standard-v2/0.2.8/pc/d7099d3fd1dfdaf705ab.svg,,,
https://down-id.img.susercontent.com/file/id-11134207-822wm-mn6zctr2nd35ef,REALME NOTE 50 4/128GB SECOND SEKEN BEKAS RAM 4 INTERNAL 128,https://deo.shopeemobile.com/shopee/modules-federation/live/0/shopee__item-card-standard-v2/0.2.8/pc/a425c915798471b33e5d.png,Rp,1.350.000,,,,< 2 Hari,https://deo.shopeemobile.com/shopee/modules-federation/live/0/shopee__item-card-standard-v2/0.2.8/pc/38e203dc86172a6c6560.svg,https://deo.shopeemobile.com/shopee/modules-federation/live/0/shopee__item-card-standard-v2/0.2.8/pc/0614b8f0a8fdde22942d.svg,< 2 Hari,https://deo.shopeemobile.com/shopee/modules-federation/live/0/shopee__item-card-standard-v2/0.2.8/pc/5dd7b4560d0e2d3190e8.svg,Bandung,https://down-id.img.susercontent.com/file/id-11134258-7ra0r-mbetcosmf42z25,,,,,"REALME NOTE 50 4/128GB SECOND SEKEN BEKAS RAM 4 INTERNAL 128
Rp
1.350.000
< 2 Hari
Bandung",https://shopee.co.id/REALME-NOTE-50-4-128GB-SECOND-SEKEN-BEKAS-RAM-4-INTERNAL-128-i.194040484.27055625718?extraParams=%7B%22display_model_id%22%3A241217547355%2C%22model_selection_logic%22%3A3%7D&sp_atk=a62c38c6-e06b-4745-887c-a4583d560556&xptdk=a62c38c6-e06b-4745-887c-a4583d560556,https://deo.shopeemobile.com/shopee/modules-federation/live/0/shopee__item-card-standard-v2/0.2.8/pc/0614b8f0a8fdde22942d.svg,,,
https://down-id.img.susercontent.com/file/id-11134207-82252-mj41bso4szrbb7,REALME C35 RAM 4+4GB / 64GB HANDPHONE SECOND ANDROID NORMAL SIAP PAKAI,https://deo.shopeemobile.com/shopee/modules-federation/live/0/shopee__item-card-standard-v2/0.2.8/pc/a425c915798471b33e5d.png,Rp,1.200.000,https://deo.shopeemobile.com/shopee/modules-federation/live/0/shopee__item-card-standard-v2/0.2.8/pc/d2a1900a0267d45fd0f5.png,,5.0,2 Terjual,https://deo.shopeemobile.com/shopee/modules-federation/live/0/shopee__item-card-standard-v2/0.2.8/pc/38e203dc86172a6c6560.svg,https://deo.shopeemobile.com/shopee/modules-federation/live/0/shopee__item-card-standard-v2/0.2.8/pc/0614b8f0a8fdde22942d.svg,< 2 Hari,https://deo.shopeemobile.com/shopee/modules-federation/live/0/shopee__item-card-standard-v2/0.2.8/pc/5dd7b4560d0e2d3190e8.svg,Bandung,https://down-id.img.susercontent.com/file/id-11134258-822wr-mlx67rtd6r602f,,,,,"REALME C35 RAM 4+4GB / 64GB HANDPHONE SECOND ANDROID NORMAL SIAP PAKAI
Rp
1.200.000
5.0
2 Terjual
< 2 Hari
Bandung",https://shopee.co.id/REALME-C35-RAM-4-4GB-64GB-HANDPHONE-SECOND-ANDROID-NORMAL-SIAP-PAKAI-i.15904669.25829442841?extraParams=%7B%22display_model_id%22%3A187495182313%2C%22model_selection_logic%22%3A3%7D&sp_atk=7b45dfdf-95df-4ac3-8238-5e7be96de737&xptdk=7b45dfdf-95df-4ac3-8238-5e7be96de737,https://deo.shopeemobile.com/shopee/modules-federation/live/0/shopee__item-card-standard-v2/0.2.8/pc/d7099d3fd1dfdaf705ab.svg,,,
https://down-id.img.susercontent.com/file/id-11134207-7rasb-m3nmhryug1wfca,REALME C51S 6/128GB SECOND LENGKAP MULUS  RESMI INDONESIA,,Rp,1.949.000,,,,Besok 12:00,https://deo.shopeemobile.com/shopee/modules-federation/live/0/shopee__item-card-standard-v2/0.2.8/pc/38e203dc86172a6c6560.svg,https://deo.shopeemobile.com/shopee/modules-federation/live/0/shopee__item-card-standard-v2/0.2.8/pc/0614b8f0a8fdde22942d.svg,Besok 12:00,https://deo.shopeemobile.com/shopee/modules-federation/live/0/shopee__item-card-standard-v2/0.2.8/pc/5dd7b4560d0e2d3190e8.svg,Kab. Sidoarjo,https://down-id.img.susercontent.com/file/id-11134258-822ws-mnciva8io4qu2f,,,,,"REALME C51S 6/128GB SECOND LENGKAP MULUS RESMI INDONESIA
Rp
1.949.000
Besok 12:00
Kab. Sidoarjo",https://shopee.co.id/REALME-C51S-6-128GB-SECOND-LENGKAP-MULUS-RESMI-INDONESIA-i.152600416.27066969927?extraParams=%7B%22display_model_id%22%3A233436679548%2C%22model_selection_logic%22%3A3%7D&sp_atk=6443a865-5c5c-4876-8dc5-cf99a5ff6dc3&xptdk=6443a865-5c5c-4876-8dc5-cf99a5ff6dc3,https://deo.shopeemobile.com/shopee/modules-federation/live/0/shopee__item-card-standard-v2/0.2.8/pc/0614b8f0a8fdde22942d.svg,,,
https://down-id.img.susercontent.com/file/id-11134207-7rbk2-maxwnqugiqwkb5,Realme 11 Pro Plus 5G 12/512 GB Garansi Resmi Realme Indonesia Second Original,https://deo.shopeemobile.com/shopee/modules-federation/live/0/shopee__item-card-standard-v2/0.2.8/pc/a425c915798471b33e5d.png,Rp,3.375.000,,,,< 2 Hari,https://deo.shopeemobile.com/shopee/modules-federation/live/0/shopee__item-card-standard-v2/0.2.8/pc/38e203dc86172a6c6560.svg,https://deo.shopeemobile.com/shopee/modules-federation/live/0/shopee__item-card-standard-v2/0.2.8/pc/0614b8f0a8fdde22942d.svg,< 2 Hari,https://deo.shopeemobile.com/shopee/modules-federation/live/0/shopee__item-card-standard-v2/0.2.8/pc/5dd7b4560d0e2d3190e8.svg,Jakarta Utara,https://down-id.img.susercontent.com/file/id-11134258-7r98w-lyezzaurybot13,,,,,"Realme 11 Pro Plus 5G 12/512 GB Garansi Resmi Realme Indonesia Second Original
Rp
3.375.000
< 2 Hari
Jakarta Utara",https://shopee.co.id/Realme-11-Pro-Plus-5G-12-512-GB-Garansi-Resmi-Realme-Indonesia-Second-Original-i.1563349780.40004425312?extraParams=%7B%22display_model_id%22%3A265372563473%2C%22model_selection_logic%22%3A3%7D&sp_atk=83c492fb-2371-4be6-8930-d2f5377b64e8&xptdk=83c492fb-2371-4be6-8930-d2f5377b64e8,https://deo.shopeemobile.com/shopee/modules-federation/live/0/shopee__item-card-standard-v2/0.2.8/pc/0614b8f0a8fdde22942d.svg,,,
https://down-id.img.susercontent.com/file/id-11134207-7rasc-m1jepnosljj232,Realme Note 50 3/64 4/128 Second Fullset Bekas Resmi,https://deo.shopeemobile.com/shopee/modules-federation/live/0/shopee__item-card-standard-v2/0.2.8/pc/e4734dab67ee2f9ebd5a.png,Rp,1.475.000,,,5.0,1 Terjual,https://deo.shopeemobile.com/shopee/modules-federation/live/0/shopee__item-card-standard-v2/0.2.8/pc/76dff349290d20891fc1.svg,,,https://deo.shopeemobile.com/shopee/modules-federation/live/0/shopee__item-card-standard-v2/0.2.8/pc/5dd7b4560d0e2d3190e8.svg,Jakarta Utara,https://down-id.img.susercontent.com/file/id-11134258-8224v-mkvw0cu9r7k1a5,,,,,"Realme Note 50 3/64 4/128 Second Fullset Bekas Resmi
Rp
1.475.000
5.0
1 Terjual
2-4 Hari
Jakarta Utara",https://shopee.co.id/Realme-Note-50-3-64-4-128-Second-Fullset-Bekas-Resmi-i.845119748.29964578754?extraParams=%7B%22display_model_id%22%3A310816816924%2C%22model_selection_logic%22%3A3%7D&sp_atk=e654c84c-a905-4cb7-9302-6f0db8dafdf8&xptdk=e654c84c-a905-4cb7-9302-6f0db8dafdf8,https://deo.shopeemobile.com/shopee/modules-federation/live/0/shopee__item-card-standard-v2/0.2.8/pc/d7099d3fd1dfdaf705ab.svg,,,
https://down-id.img.susercontent.com/file/id-11134207-7r98p-lzvqxk7hy6e327,Realme 11 Pro 5G 8/256 GB Garansi Resmi Indonesia Second Bekas Original,https://deo.shopeemobile.com/shopee/modules-federation/live/0/shopee__item-card-standard-v2/0.2.8/pc/e4734dab67ee2f9ebd5a.png,Rp,2.690.000,,,4.8,11 Terjual,https://deo.shopeemobile.com/shopee/modules-federation/live/0/shopee__item-card-standard-v2/0.2.8/pc/38e203dc86172a6c6560.svg,https://deo.shopeemobile.com/shopee/modules-federation/live/0/shopee__item-card-standard-v2/0.2.8/pc/0614b8f0a8fdde22942d.svg,< 2 Hari,https://deo.shopeemobile.com/shopee/modules-federation/live/0/shopee__item-card-standard-v2/0.2.8/pc/5dd7b4560d0e2d3190e8.svg,Jakarta Utara,,,,,,"Realme 11 Pro 5G 8/256 GB Garansi Resmi Indonesia Second Bekas Original
Rp
2.690.000
4.8
11 Terjual
< 2 Hari
Jakarta Utara",https://shopee.co.id/Realme-11-Pro-5G-8-256-GB-Garansi-Resmi-Indonesia-Second-Bekas-Original-i.304735900.27209371583?extraParams=%7B%22display_model_id%22%3A246478760297%2C%22model_selection_logic%22%3A3%7D&sp_atk=569e0597-f478-44ad-9e31-f221f78e3922&xptdk=569e0597-f478-44ad-9e31-f221f78e3922,https://deo.shopeemobile.com/shopee/modules-federation/live/0/shopee__item-card-standard-v2/0.2.8/pc/d7099d3fd1dfdaf705ab.svg,,,
https://down-id.img.susercontent.com/file/625585c53de9a71cce38ee6333c9a0ef,Realme XT 4/128 | 8/128 GB Ex Resmi Indonesia Original Second Bekas Seken Ex Pemakaian Good Condition,https://deo.shopeemobile.com/shopee/modules-federation/live/0/shopee__item-card-standard-v2/0.2.8/pc/e4734dab67ee2f9ebd5a.png,Rp,1.849.000,,,4.9,41 Terjual,https://deo.shopeemobile.com/shopee/modules-federation/live/0/shopee__item-card-standard-v2/0.2.8/pc/76dff349290d20891fc1.svg,,,https://deo.shopeemobile.com/shopee/modules-federation/live/0/shopee__item-card-standard-v2/0.2.8/pc/5dd7b4560d0e2d3190e8.svg,Jakarta Utara,,,,,,"Realme XT 4/128 | 8/128 GB Ex Resmi Indonesia Original Second Bekas Seken Ex Pemakaian Good Condition
Rp
1.849.000
4.9
41 Terjual
2-4 Hari
Jakarta Utara",https://shopee.co.id/Realme-XT-4-128-8-128-GB-Ex-Resmi-Indonesia-Original-Second-Bekas-Seken-Ex-Pemakaian-Good-Condition-i.304735900.8013162848?extraParams=%7B%22display_model_id%22%3A155378033750%2C%22model_selection_logic%22%3A3%7D&sp_atk=52d649c6-e1b0-40a3-9a9a-d4d69c6fb025&xptdk=52d649c6-e1b0-40a3-9a9a-d4d69c6fb025,https://deo.shopeemobile.com/shopee/modules-federation/live/0/shopee__item-card-standard-v2/0.2.8/pc/d7099d3fd1dfdaf705ab.svg,,,
https://down-id.img.susercontent.com/file/id-11134207-8224y-mh360f37oykocf,Realme C75 8/256 GB Garansi Resmi Realme Indonesia Second Bekas Original,https://deo.shopeemobile.com/shopee/modules-federation/live/0/shopee__item-card-standard-v2/0.2.8/pc/a425c915798471b33e5d.png,Rp,1.875.000,,,,< 2 Hari,https://deo.shopeemobile.com/shopee/modules-federation/live/0/shopee__item-card-standard-v2/0.2.8/pc/38e203dc86172a6c6560.svg,https://deo.shopeemobile.com/shopee/modules-federation/live/0/shopee__item-card-standard-v2/0.2.8/pc/0614b8f0a8fdde22942d.svg,< 2 Hari,https://deo.shopeemobile.com/shopee/modules-federation/live/0/shopee__item-card-standard-v2/0.2.8/pc/5dd7b4560d0e2d3190e8.svg,Jakarta Utara,https://down-id.img.susercontent.com/file/id-11134258-7r98w-lyezzaurybot13,,,,,"Realme C75 8/256 GB Garansi Resmi Realme Indonesia Second Bekas Original
Rp
1.875.000
< 2 Hari
Jakarta Utara",https://shopee.co.id/Realme-C75-8-256-GB-Garansi-Resmi-Realme-Indonesia-Second-Bekas-Original-i.1563349780.41354350659?extraParams=%7B%22display_model_id%22%3A270368911340%2C%22model_selection_logic%22%3A3%7D&sp_atk=474385bf-0022-4055-9592-4587c15f9d71&xptdk=474385bf-0022-4055-9592-4587c15f9d71,https://deo.shopeemobile.com/shopee/modules-federation/live/0/shopee__item-card-standard-v2/0.2.8/pc/0614b8f0a8fdde22942d.svg,,,
https://down-id.img.susercontent.com/file/id-11134207-7rbk9-ma9r56oeebwt2d,Realme GT Master Edition Second Resmi 8/128 Fullset Ori,https://deo.shopeemobile.com/shopee/modules-federation/live/0/shopee__item-card-standard-v2/0.2.8/pc/a425c915798471b33e5d.png,Rp,2.550.000,,,,2-4 Hari,https://deo.shopeemobile.com/shopee/modules-federation/live/0/shopee__item-card-standard-v2/0.2.8/pc/76dff349290d20891fc1.svg,,,https://deo.shopeemobile.com/shopee/modules-federation/live/0/shopee__item-card-standard-v2/0.2.8/pc/5dd7b4560d0e2d3190e8.svg,Jakarta Pusat,https://down-id.img.susercontent.com/file/id-11134258-822wr-mlx67rtd6r602f,,,,,"Realme GT Master Edition Second Resmi 8/128 Fullset Ori
Rp
2.550.000
2-4 Hari
Jakarta Pusat",https://shopee.co.id/Realme-GT-Master-Edition-Second-Resmi-8-128-Fullset-Ori-i.348952502.28036967033?extraParams=%7B%22display_model_id%22%3A305191114327%2C%22model_selection_logic%22%3A3%7D&sp_atk=3bb97e84-e7f4-4ec6-b57f-b90dbfde712a&xptdk=3bb97e84-e7f4-4ec6-b57f-b90dbfde712a,,,,
https://down-id.img.susercontent.com/file/id-11134207-7rasc-m1mmcnv4h51rab,Realme Note 50 4/64 GB | 4/128 GB Garansi Resmi Indonesia Second Bekas Original,https://deo.shopeemobile.com/shopee/modules-federation/live/0/shopee__item-card-standard-v2/0.2.8/pc/e4734dab67ee2f9ebd5a.png,Rp,1.175.000,,,5.0,14 Terjual,https://deo.shopeemobile.com/shopee/modules-federation/live/0/shopee__item-card-standard-v2/0.2.8/pc/38e203dc86172a6c6560.svg,https://deo.shopeemobile.com/shopee/modules-federation/live/0/shopee__item-card-standard-v2/0.2.8/pc/0614b8f0a8fdde22942d.svg,< 2 Hari,https://deo.shopeemobile.com/shopee/modules-federation/live/0/shopee__item-card-standard-v2/0.2.8/pc/5dd7b4560d0e2d3190e8.svg,Jakarta Utara,,,,,,"Realme Note 50 4/64 GB | 4/128 GB Garansi Resmi Indonesia Second Bekas Original
Rp
1.175.000
5.0
14 Terjual
< 2 Hari
Jakarta Utara",https://shopee.co.id/Realme-Note-50-4-64-GB-4-128-GB-Garansi-Resmi-Indonesia-Second-Bekas-Original-i.515774005.26459665781?extraParams=%7B%22display_model_id%22%3A176687553218%2C%22model_selection_logic%22%3A3%7D&sp_atk=2e861837-72fc-46ee-bdb8-92b8eaf7fa70&xptdk=2e861837-72fc-46ee-bdb8-92b8eaf7fa70,https://deo.shopeemobile.com/shopee/modules-federation/live/0/shopee__item-card-standard-v2/0.2.8/pc/d7099d3fd1dfdaf705ab.svg,,,
https://down-id.img.susercontent.com/file/8d13996fa284d17e89293df2cb59e5e1,Realme 7 pro 8/128 / second 1 bulan pakai,,Rp,4.100.000,,,,3-5 Hari,https://deo.shopeemobile.com/shopee/modules-federation/live/0/shopee__item-card-standard-v2/0.2.8/pc/76dff349290d20891fc1.svg,,,https://deo.shopeemobile.com/shopee/modules-federation/live/0/shopee__item-card-standard-v2/0.2.8/pc/5dd7b4560d0e2d3190e8.svg,Jakarta Timur,,,Cicilan,,,"Realme 7 pro 8/128 / second 1 bulan pakai
Rp
4.100.000
Cicilan
3-5 Hari
Jakarta Timur",https://shopee.co.id/Realme-7-pro-8-128-second-1-bulan-pakai-i.222370238.8031451603?extraParams=%7B%22display_model_id%22%3A34386043802%2C%22model_selection_logic%22%3A3%7D&sp_atk=3bde068c-5031-4b68-8255-c113534fa179&xptdk=3bde068c-5031-4b68-8255-c113534fa179,,,,
https://down-id.img.susercontent.com/file/4809e1950fc3b2db4177eb3c0aa3b8e1,REALME XT ( second ),,Rp,2.900.000,,,,4-5 Hari,https://deo.shopeemobile.com/shopee/modules-federation/live/0/shopee__item-card-standard-v2/0.2.8/pc/76dff349290d20891fc1.svg,,,https://deo.shopeemobile.com/shopee/modules-federation/live/0/shopee__item-card-standard-v2/0.2.8/pc/5dd7b4560d0e2d3190e8.svg,Kab. Cianjur,,,,,,"REALME XT ( second )
Rp
2.900.000
4-5 Hari
Kab. Cianjur",https://shopee.co.id/REALME-XT-(-second-)-i.291074955.3579866725?extraParams=%7B%22display_model_id%22%3A73756045077%2C%22model_selection_logic%22%3A3%7D&sp_atk=f9e8a6b2-0879-4cee-9dc9-f00ab7d8aa4c&xptdk=f9e8a6b2-0879-4cee-9dc9-f00ab7d8aa4c,,,,
https://down-id.img.susercontent.com/file/id-11134207-7r98t-lzgcu3hr3fzh2b,REALME C63 8/128 SECOND MULUS FULLSET ORI RESMI INDONESIA,,Rp,1.750.000,,,,< 2 Hari,https://deo.shopeemobile.com/shopee/modules-federation/live/0/shopee__item-card-standard-v2/0.2.8/pc/38e203dc86172a6c6560.svg,https://deo.shopeemobile.com/shopee/modules-federation/live/0/shopee__item-card-standard-v2/0.2.8/pc/0614b8f0a8fdde22942d.svg,< 2 Hari,https://deo.shopeemobile.com/shopee/modules-federation/live/0/shopee__item-card-standard-v2/0.2.8/pc/5dd7b4560d0e2d3190e8.svg,Jakarta Pusat,https://down-id.img.susercontent.com/file/id-11134258-7r98w-lyezzaurybot13,,,,,"REALME C63 8/128 SECOND MULUS FULLSET ORI RESMI INDONESIA
Rp
1.750.000
< 2 Hari
Jakarta Pusat",https://shopee.co.id/REALME-C63-8-128-SECOND-MULUS-FULLSET-ORI-RESMI-INDONESIA-i.20124540.28409244420?extraParams=%7B%22display_model_id%22%3A148765706465%2C%22model_selection_logic%22%3A3%7D&sp_atk=a8c5f099-c60c-4825-8930-0bc2f9dc58ac&xptdk=a8c5f099-c60c-4825-8930-0bc2f9dc58ac,https://deo.shopeemobile.com/shopee/modules-federation/live/0/shopee__item-card-standard-v2/0.2.8/pc/0614b8f0a8fdde22942d.svg,,,
https://down-id.img.susercontent.com/file/id-11134207-7r98z-ltdp7kym7k9512,REALME C51 4/64 SECOND FULLSET,,Rp,1.199.000,https://deo.shopeemobile.com/shopee/modules-federation/live/0/shopee__item-card-standard-v2/0.2.8/pc/d2a1900a0267d45fd0f5.png,,5.0,1 Terjual,https://deo.shopeemobile.com/shopee/modules-federation/live/0/shopee__item-card-standard-v2/0.2.8/pc/38e203dc86172a6c6560.svg,https://deo.shopeemobile.com/shopee/modules-federation/live/0/shopee__item-card-standard-v2/0.2.8/pc/0614b8f0a8fdde22942d.svg,Besok,https://deo.shopeemobile.com/shopee/modules-federation/live/0/shopee__item-card-standard-v2/0.2.8/pc/5dd7b4560d0e2d3190e8.svg,Surabaya,https://down-id.img.susercontent.com/file/id-11134258-8224v-mkvw0cu9r7k1a5,,,,,"REALME C51 4/64 SECOND FULLSET
Rp
1.199.000
5.0
1 Terjual
Besok
Surabaya",https://shopee.co.id/REALME-C51-4-64-SECOND-FULLSET-i.230315394.24721198413?extraParams=%7B%22display_model_id%22%3A250547386839%2C%22model_selection_logic%22%3A3%7D&sp_atk=958a823d-7652-4e7a-a0b5-1ed01bc2050e&xptdk=958a823d-7652-4e7a-a0b5-1ed01bc2050e,https://deo.shopeemobile.com/shopee/modules-federation/live/0/shopee__item-card-standard-v2/0.2.8/pc/d7099d3fd1dfdaf705ab.svg,,,
https://down-id.img.susercontent.com/file/id-11134207-7ra0o-mc78u9gd6e6144,Realme C61 8/128 GB Garansi Resmi Indonesia Second Bekas Original,https://deo.shopeemobile.com/shopee/modules-federation/live/0/shopee__item-card-standard-v2/0.2.8/pc/a425c915798471b33e5d.png,Rp,1.225.000,,,,< 2 Hari,https://deo.shopeemobile.com/shopee/modules-federation/live/0/shopee__item-card-standard-v2/0.2.8/pc/38e203dc86172a6c6560.svg,https://deo.shopeemobile.com/shopee/modules-federation/live/0/shopee__item-card-standard-v2/0.2.8/pc/0614b8f0a8fdde22942d.svg,< 2 Hari,https://deo.shopeemobile.com/shopee/modules-federation/live/0/shopee__item-card-standard-v2/0.2.8/pc/5dd7b4560d0e2d3190e8.svg,Jakarta Utara,,,,,,"Realme C61 8/128 GB Garansi Resmi Indonesia Second Bekas Original
Rp
1.225.000
< 2 Hari
Jakarta Utara",https://shopee.co.id/Realme-C61-8-128-GB-Garansi-Resmi-Indonesia-Second-Bekas-Original-i.1388801445.43608524671?extraParams=%7B%22display_model_id%22%3A285718738138%2C%22model_selection_logic%22%3A3%7D&sp_atk=d0befd45-b7cc-4ba8-b79b-c48c562fe2df&xptdk=d0befd45-b7cc-4ba8-b79b-c48c562fe2df,https://deo.shopeemobile.com/shopee/modules-federation/live/0/shopee__item-card-standard-v2/0.2.8/pc/0614b8f0a8fdde22942d.svg,,,
https://down-id.img.susercontent.com/file/a5b06aaf68cea60062513404533d65e0,Realme 2 3/32 second,,Rp,1.250.000,,,,,,,,https://deo.shopeemobile.com/shopee/modules-federation/live/0/shopee__item-card-standard-v2/0.2.8/pc/5dd7b4560d0e2d3190e8.svg,Jakarta Timur,,,,,,"Realme 2 3/32 second
Rp
1.250.000
Jakarta Timur",https://shopee.co.id/Realme-2-3-32-second-i.142308652.4531530719?extraParams=%7B%22display_model_id%22%3A23506846846%2C%22model_selection_logic%22%3A3%7D&sp_atk=695ac47c-272b-40df-af4d-108bfe9e07a9&xptdk=695ac47c-272b-40df-af4d-108bfe9e07a9,,,,
https://down-id.img.susercontent.com/file/id-11134207-7rbk1-mau2zv9bvuft5d,Realme C75x 8/128 Second Segel Original Fullset Nominus,,Rp,1.900.000,,,,2-4 Hari,https://deo.shopeemobile.com/shopee/modules-federation/live/0/shopee__item-card-standard-v2/0.2.8/pc/76dff349290d20891fc1.svg,,,https://deo.shopeemobile.com/shopee/modules-federation/live/0/shopee__item-card-standard-v2/0.2.8/pc/5dd7b4560d0e2d3190e8.svg,Kab. Ngawi,https://down-id.img.susercontent.com/file/id-11134258-7r98w-lyezzaurybot13,,,,,"Realme C75x 8/128 Second Segel Original Fullset Nominus
Rp
1.900.000
2-4 Hari
Kab. Ngawi",https://shopee.co.id/Realme-C75x-8-128-Second-Segel-Original-Fullset-Nominus-i.3553787.29437463652?extraParams=%7B%22display_model_id%22%3A285342176737%2C%22model_selection_logic%22%3A3%7D&sp_atk=a4e60924-9b4b-478f-a598-0520fdb0a6c2&xptdk=a4e60924-9b4b-478f-a598-0520fdb0a6c2,,,,
https://down-id.img.susercontent.com/file/id-11134207-23020-ahkk2vee3vnv9f,realme C25 4/64 second fullset,,Rp,1.375.000,https://deo.shopeemobile.com/shopee/modules-federation/live/0/shopee__item-card-standard-v2/0.2.8/pc/d2a1900a0267d45fd0f5.png,,,Besok,https://deo.shopeemobile.com/shopee/modules-federation/live/0/shopee__item-card-standard-v2/0.2.8/pc/38e203dc86172a6c6560.svg,https://deo.shopeemobile.com/shopee/modules-federation/live/0/shopee__item-card-standard-v2/0.2.8/pc/0614b8f0a8fdde22942d.svg,Besok,https://deo.shopeemobile.com/shopee/modules-federation/live/0/shopee__item-card-standard-v2/0.2.8/pc/5dd7b4560d0e2d3190e8.svg,Surabaya,https://down-id.img.susercontent.com/file/id-11134258-8224v-mkvw0cu9r7k1a5,,,,,"realme C25 4/64 second fullset
Rp
1.375.000
Besok
Surabaya",https://shopee.co.id/realme-C25-4-64-second-fullset-i.230315394.23426978126?extraParams=%7B%22display_model_id%22%3A69262678793%2C%22model_selection_logic%22%3A3%7D&sp_atk=16e9e8c4-35d4-4564-99f4-8c9c46212eb2&xptdk=16e9e8c4-35d4-4564-99f4-8c9c46212eb2,https://deo.shopeemobile.com/shopee/modules-federation/live/0/shopee__item-card-standard-v2/0.2.8/pc/0614b8f0a8fdde22942d.svg,,,
https://down-id.img.susercontent.com/file/id-11134207-7rbk6-mam8ii38rc9l91,Realme C65 8/128 Second Bekas,,Rp,1.550.000,,,,3-4 Hari,https://deo.shopeemobile.com/shopee/modules-federation/live/0/shopee__item-card-standard-v2/0.2.8/pc/76dff349290d20891fc1.svg,,,https://deo.shopeemobile.com/shopee/modules-federation/live/0/shopee__item-card-standard-v2/0.2.8/pc/5dd7b4560d0e2d3190e8.svg,Surabaya,https://down-id.img.susercontent.com/file/id-11134258-7r98w-lyezzaurybot13,,,,,"Realme C65 8/128 Second Bekas
Rp
1.550.000
3-4 Hari
Surabaya",https://shopee.co.id/Realme-C65-8-128-Second-Bekas-i.810349822.41253277931?extraParams=%7B%22display_model_id%22%3A198543374661%2C%22model_selection_logic%22%3A3%7D&sp_atk=8c782b04-e12b-4b3a-ba38-3e00d57d32de&xptdk=8c782b04-e12b-4b3a-ba38-3e00d57d32de,,,,
https://down-id.img.susercontent.com/file/id-11134207-7rash-m5fk4mboq0m097,REALME C55 8/256~6/128 FULLSET SECOND ORI,,Rp,1.599.000,https://deo.shopeemobile.com/shopee/modules-federation/live/0/shopee__item-card-standard-v2/0.2.8/pc/d2a1900a0267d45fd0f5.png,,,2-4 Hari,https://deo.shopeemobile.com/shopee/modules-federation/live/0/shopee__item-card-standard-v2/0.2.8/pc/76dff349290d20891fc1.svg,,,https://deo.shopeemobile.com/shopee/modules-federation/live/0/shopee__item-card-standard-v2/0.2.8/pc/5dd7b4560d0e2d3190e8.svg,Kab. Semarang,https://down-id.img.susercontent.com/file/id-11134258-822wr-mlx5y0tebegw04,,,,,"REALME C55 8/256~6/128 FULLSET SECOND ORI
Rp
1.599.000
2-4 Hari
Kab. Semarang",https://shopee.co.id/REALME-C55-8-256~6-128-FULLSET-SECOND-ORI-i.375168195.27874640041?extraParams=%7B%22display_model_id%22%3A242555509053%2C%22model_selection_logic%22%3A3%7D&sp_atk=abda8552-90a6-4eb7-8101-92d320dfa8d1&xptdk=abda8552-90a6-4eb7-8101-92d320dfa8d1,,,,
https://down-id.img.susercontent.com/file/id-11134207-7r992-lqwwcy250mxzf7,Realme C67 8/256GB Second Fullset Kondisi Mulus,https://deo.shopeemobile.com/shopee/modules-federation/live/0/shopee__item-card-standard-v2/0.2.8/pc/e4734dab67ee2f9ebd5a.png,Rp,1.875.000,,,5.0,28 Terjual,https://deo.shopeemobile.com/shopee/modules-federation/live/0/shopee__item-card-standard-v2/0.2.8/pc/38e203dc86172a6c6560.svg,https://deo.shopeemobile.com/shopee/modules-federation/live/0/shopee__item-card-standard-v2/0.2.8/pc/0614b8f0a8fdde22942d.svg,< 2 Hari,https://deo.shopeemobile.com/shopee/modules-federation/live/0/shopee__item-card-standard-v2/0.2.8/pc/5dd7b4560d0e2d3190e8.svg,Jakarta Barat,https://down-id.img.susercontent.com/file/id-11134258-8224v-mkvw0cu9r7k1a5,,,,,"Realme C67 8/256GB Second Fullset Kondisi Mulus
Rp
1.875.000
5.0
28 Terjual
< 2 Hari
Jakarta Barat",https://shopee.co.id/Realme-C67-8-256GB-Second-Fullset-Kondisi-Mulus-i.365327344.18187351511?extraParams=%7B%22display_model_id%22%3A89533931621%2C%22model_selection_logic%22%3A3%7D&sp_atk=1e72a401-fb6b-4619-afcb-9bca332ae193&xptdk=1e72a401-fb6b-4619-afcb-9bca332ae193,https://deo.shopeemobile.com/shopee/modules-federation/live/0/shopee__item-card-standard-v2/0.2.8/pc/d7099d3fd1dfdaf705ab.svg,,,
https://down-id.img.susercontent.com/file/id-11134207-23030-59pr5stmkuovc9,Realme 9 8/128 FULLSET SECOND,,Rp,2.085.000,https://deo.shopeemobile.com/shopee/modules-federation/live/0/shopee__item-card-standard-v2/0.2.8/pc/d2a1900a0267d45fd0f5.png,,,Besok,https://deo.shopeemobile.com/shopee/modules-federation/live/0/shopee__item-card-standard-v2/0.2.8/pc/38e203dc86172a6c6560.svg,https://deo.shopeemobile.com/shopee/modules-federation/live/0/shopee__item-card-standard-v2/0.2.8/pc/0614b8f0a8fdde22942d.svg,Besok,https://deo.shopeemobile.com/shopee/modules-federation/live/0/shopee__item-card-standard-v2/0.2.8/pc/5dd7b4560d0e2d3190e8.svg,Surabaya,https://down-id.img.susercontent.com/file/id-11134258-8224v-mkvw0cu9r7k1a5,,,,,"Realme 9 8/128 FULLSET SECOND
Rp
2.085.000
Besok
Surabaya",https://shopee.co.id/Realme-9-8-128-FULLSET-SECOND-i.230315394.22733276450?extraParams=%7B%22display_model_id%22%3A221282093306%2C%22model_selection_logic%22%3A3%7D&sp_atk=079722e1-ef40-47f3-a3fb-7fbe93405477&xptdk=079722e1-ef40-47f3-a3fb-7fbe93405477,https://deo.shopeemobile.com/shopee/modules-federation/live/0/shopee__item-card-standard-v2/0.2.8/pc/0614b8f0a8fdde22942d.svg,,,
https://down-id.img.susercontent.com/file/id-11134207-7qul6-lhlnxwgh2jq3a9,Realme 10 Pro Plus 5G Ram 8/128GB | Ram 12/256GB (Second),https://deo.shopeemobile.com/shopee/modules-federation/live/0/shopee__item-card-standard-v2/0.2.8/pc/e4734dab67ee2f9ebd5a.png,Rp,3.130.999,,,5.0,14 Terjual,https://deo.shopeemobile.com/shopee/modules-federation/live/0/shopee__item-card-standard-v2/0.2.8/pc/38e203dc86172a6c6560.svg,https://deo.shopeemobile.com/shopee/modules-federation/live/0/shopee__item-card-standard-v2/0.2.8/pc/0614b8f0a8fdde22942d.svg,Cashback 99%,https://deo.shopeemobile.com/shopee/modules-federation/live/0/shopee__item-card-standard-v2/0.2.8/pc/5dd7b4560d0e2d3190e8.svg,Surabaya,https://down-id.img.susercontent.com/file/id-11134258-822wr-mlx5y0tebegw04,-40%,,,,"Realme 10 Pro Plus 5G Ram 8/128GB | Ram 12/256GB (Second)
Rp
3.130.999
-40%
Cashback 99%
5.0
14 Terjual
Besok 12:00
Surabaya",https://shopee.co.id/Realme-10-Pro-Plus-5G-Ram-8-128GB-Ram-12-256GB-(Second)-i.288677122.12098896804?extraParams=%7B%22display_model_id%22%3A222131254248%2C%22model_selection_logic%22%3A3%7D&sp_atk=1063a84d-4fa3-4bb9-ab88-b2f6a843be06&xptdk=1063a84d-4fa3-4bb9-ab88-b2f6a843be06,https://deo.shopeemobile.com/shopee/modules-federation/live/0/shopee__item-card-standard-v2/0.2.8/pc/d7099d3fd1dfdaf705ab.svg,,,
https://down-id.img.susercontent.com/file/id-11134207-7r98s-lzvky6fuot0o3c,Realme C67 8/128 | 8/256 GB Garansi Resmi Indonesia Original Second/Bekas,https://deo.shopeemobile.com/shopee/modules-federation/live/0/shopee__item-card-standard-v2/0.2.8/pc/e4734dab67ee2f9ebd5a.png,Rp,1.475.000,,,5.0,2 Terjual,https://deo.shopeemobile.com/shopee/modules-federation/live/0/shopee__item-card-standard-v2/0.2.8/pc/38e203dc86172a6c6560.svg,https://deo.shopeemobile.com/shopee/modules-federation/live/0/shopee__item-card-standard-v2/0.2.8/pc/0614b8f0a8fdde22942d.svg,< 2 Hari,https://deo.shopeemobile.com/shopee/modules-federation/live/0/shopee__item-card-standard-v2/0.2.8/pc/5dd7b4560d0e2d3190e8.svg,Jakarta Utara,,,,,,"Realme C67 8/128 | 8/256 GB Garansi Resmi Indonesia Original Second/Bekas
Rp
1.475.000
5.0
2 Terjual
< 2 Hari
Jakarta Utara",https://shopee.co.id/Realme-C67-8-128-8-256-GB-Garansi-Resmi-Indonesia-Original-Second-Bekas-i.1032487382.25735751112?extraParams=%7B%22display_model_id%22%3A251552524754%2C%22model_selection_logic%22%3A3%7D&sp_atk=5b97eaef-324d-4c8b-a41b-99e82478ad2f&xptdk=5b97eaef-324d-4c8b-a41b-99e82478ad2f,https://deo.shopeemobile.com/shopee/modules-federation/live/0/shopee__item-card-standard-v2/0.2.8/pc/d7099d3fd1dfdaf705ab.svg,,,
https://down-id.img.susercontent.com/file/85c053bd9e620abf502ee21f3bc6b9a1,Realme 6 Second,,Rp,3.000.000,,,,3-6 Hari,https://deo.shopeemobile.com/shopee/modules-federation/live/0/shopee__item-card-standard-v2/0.2.8/pc/76dff349290d20891fc1.svg,,,https://deo.shopeemobile.com/shopee/modules-federation/live/0/shopee__item-card-standard-v2/0.2.8/pc/5dd7b4560d0e2d3190e8.svg,Kab. Tangerang,,,,,,"Realme 6 Second
Rp
3.000.000
3-6 Hari
Kab. Tangerang",https://shopee.co.id/Realme-6-Second-i.71570348.5470887732?extraParams=%7B%22display_model_id%22%3A52711077370%2C%22model_selection_logic%22%3A3%7D&sp_atk=820a5184-7e78-4478-a1ba-30470fb39060&xptdk=820a5184-7e78-4478-a1ba-30470fb39060,,,,
https://down-id.img.susercontent.com/file/id-11134207-7rbk6-m9fphgjn05xec8,Realme 13 Plus 12/256 GB Second / Fullset Original,,Rp,3.199.000,,,,< 2 Hari,https://deo.shopeemobile.com/shopee/modules-federation/live/0/shopee__item-card-standard-v2/0.2.8/pc/38e203dc86172a6c6560.svg,https://deo.shopeemobile.com/shopee/modules-federation/live/0/shopee__item-card-standard-v2/0.2.8/pc/0614b8f0a8fdde22942d.svg,< 2 Hari,https://deo.shopeemobile.com/shopee/modules-federation/live/0/shopee__item-card-standard-v2/0.2.8/pc/5dd7b4560d0e2d3190e8.svg,Surakarta (Solo),https://down-id.img.susercontent.com/file/id-11134258-8224v-mkvw0cu9r7k1a5,,,,,"Realme 13 Plus 12/256 GB Second / Fullset Original
Rp
3.199.000
< 2 Hari
Surakarta (Solo)",https://shopee.co.id/Realme-13-Plus-12-256-GB-Second-Fullset-Original-i.473081429.28936195856?extraParams=%7B%22display_model_id%22%3A147838544254%2C%22model_selection_logic%22%3A3%7D&sp_atk=4176c6df-a121-44cf-b39a-9576e934193d&xptdk=4176c6df-a121-44cf-b39a-9576e934193d,https://deo.shopeemobile.com/shopee/modules-federation/live/0/shopee__item-card-standard-v2/0.2.8/pc/0614b8f0a8fdde22942d.svg,,,
https://down-id.img.susercontent.com/file/id-11134207-822wo-mmtzcpzujvgmf4,Realme P3 Lite Ram 4 Rom 128GB Second Original,https://deo.shopeemobile.com/shopee/modules-federation/live/0/shopee__item-card-standard-v2/0.2.8/pc/a425c915798471b33e5d.png,Rp,1.550.199,,,5.0,1 Terjual,https://deo.shopeemobile.com/shopee/modules-federation/live/0/shopee__item-card-standard-v2/0.2.8/pc/38e203dc86172a6c6560.svg,https://deo.shopeemobile.com/shopee/modules-federation/live/0/shopee__item-card-standard-v2/0.2.8/pc/0614b8f0a8fdde22942d.svg,Besok 12:00,https://deo.shopeemobile.com/shopee/modules-federation/live/0/shopee__item-card-standard-v2/0.2.8/pc/5dd7b4560d0e2d3190e8.svg,Surabaya,https://down-id.img.susercontent.com/file/id-11134258-822wr-mlx5y0tebegw04,-26%,,,,"Realme P3 Lite Ram 4 Rom 128GB Second Original
Rp
1.550.199
-26%
5.0
1 Terjual
Besok 12:00
Surabaya",https://shopee.co.id/Realme-P3-Lite-Ram-4-Rom-128GB-Second-Original-i.194632330.47508496526?extraParams=%7B%22display_model_id%22%3A405752262205%2C%22model_selection_logic%22%3A3%7D&sp_atk=ea40e74a-6bd8-4ecd-b82b-25d94bcf11b9&xptdk=ea40e74a-6bd8-4ecd-b82b-25d94bcf11b9,https://deo.shopeemobile.com/shopee/modules-federation/live/0/shopee__item-card-standard-v2/0.2.8/pc/d7099d3fd1dfdaf705ab.svg,,,
https://down-id.img.susercontent.com/file/id-11134207-7ra0p-mcby7rkwndc2e5,Realme C75 8/128 GB Garansi Resmi Indonesia Second Bekas Original,https://deo.shopeemobile.com/shopee/modules-federation/live/0/shopee__item-card-standard-v2/0.2.8/pc/e4734dab67ee2f9ebd5a.png,Rp,1.725.000,,,5.0,20 Terjual,https://deo.shopeemobile.com/shopee/modules-federation/live/0/shopee__item-card-standard-v2/0.2.8/pc/38e203dc86172a6c6560.svg,https://deo.shopeemobile.com/shopee/modules-federation/live/0/shopee__item-card-standard-v2/0.2.8/pc/0614b8f0a8fdde22942d.svg,< 2 Hari,https://deo.shopeemobile.com/shopee/modules-federation/live/0/shopee__item-card-standard-v2/0.2.8/pc/5dd7b4560d0e2d3190e8.svg,Jakarta Utara,,,,,,"Realme C75 8/128 GB Garansi Resmi Indonesia Second Bekas Original
Rp
1.725.000
5.0
20 Terjual
< 2 Hari
Jakarta Utara",https://shopee.co.id/Realme-C75-8-128-GB-Garansi-Resmi-Indonesia-Second-Bekas-Original-i.515774005.25242187475?extraParams=%7B%22display_model_id%22%3A247790268282%2C%22model_selection_logic%22%3A3%7D&sp_atk=6f650822-9dc4-4329-b7d3-115ee3e45466&xptdk=6f650822-9dc4-4329-b7d3-115ee3e45466,https://deo.shopeemobile.com/shopee/modules-federation/live/0/shopee__item-card-standard-v2/0.2.8/pc/d7099d3fd1dfdaf705ab.svg,,,
https://down-id.img.susercontent.com/file/id-11134207-7r98v-llzw3tswadjbda,REALME C55 6/128 & 8/256 SECOND FULLSET ORI,https://deo.shopeemobile.com/shopee/modules-federation/live/0/shopee__item-card-standard-v2/0.2.8/pc/e4734dab67ee2f9ebd5a.png,Rp,1.549.000,,,,< 2 Hari,https://deo.shopeemobile.com/shopee/modules-federation/live/0/shopee__item-card-standard-v2/0.2.8/pc/38e203dc86172a6c6560.svg,https://deo.shopeemobile.com/shopee/modules-federation/live/0/shopee__item-card-standard-v2/0.2.8/pc/0614b8f0a8fdde22942d.svg,< 2 Hari,https://deo.shopeemobile.com/shopee/modules-federation/live/0/shopee__item-card-standard-v2/0.2.8/pc/5dd7b4560d0e2d3190e8.svg,Kab. Bogor,https://down-id.img.susercontent.com/file/id-11134258-8224v-mkvw0cu9r7k1a5,,,,,"REALME C55 6/128 & 8/256 SECOND FULLSET ORI
Rp
1.549.000
< 2 Hari
Kab. Bogor",https://shopee.co.id/REALME-C55-6-128-8-256-SECOND-FULLSET-ORI-i.586330356.22652001102?extraParams=%7B%22display_model_id%22%3A138716558433%2C%22model_selection_logic%22%3A3%7D&sp_atk=6250ab1f-3e82-4cbf-b70a-7c7f7f6fdb30&xptdk=6250ab1f-3e82-4cbf-b70a-7c7f7f6fdb30,https://deo.shopeemobile.com/shopee/modules-federation/live/0/shopee__item-card-standard-v2/0.2.8/pc/0614b8f0a8fdde22942d.svg,,,
https://down-id.img.susercontent.com/file/id-11134207-7r98o-lvzcm3e0hcmmaf,Realme 10 8/128 & 8/256 Second Mulus Fullset,https://deo.shopeemobile.com/shopee/modules-federation/live/0/shopee__item-card-standard-v2/0.2.8/pc/e4734dab67ee2f9ebd5a.png,Rp,1.793.000,,,5.0,2 Terjual,https://deo.shopeemobile.com/shopee/modules-federation/live/0/shopee__item-card-standard-v2/0.2.8/pc/38e203dc86172a6c6560.svg,https://deo.shopeemobile.com/shopee/modules-federation/live/0/shopee__item-card-standard-v2/0.2.8/pc/0614b8f0a8fdde22942d.svg,< 2 Hari,https://deo.shopeemobile.com/shopee/modules-federation/live/0/shopee__item-card-standard-v2/0.2.8/pc/5dd7b4560d0e2d3190e8.svg,Kab. Bogor,https://down-id.img.susercontent.com/file/id-11134258-8224v-mkvw0cu9r7k1a5,,,,,"Realme 10 8/128 & 8/256 Second Mulus Fullset
Rp
1.793.000
5.0
2 Terjual
< 2 Hari
Kab. Bogor",https://shopee.co.id/Realme-10-8-128-8-256-Second-Mulus-Fullset-i.586330356.18982987871?extraParams=%7B%22display_model_id%22%3A108980045867%2C%22model_selection_logic%22%3A3%7D&sp_atk=2dbec4de-1683-4331-b24b-3c12aec74d16&xptdk=2dbec4de-1683-4331-b24b-3c12aec74d16,https://deo.shopeemobile.com/shopee/modules-federation/live/0/shopee__item-card-standard-v2/0.2.8/pc/d7099d3fd1dfdaf705ab.svg,,,
https://down-id.img.susercontent.com/file/id-11134207-7ra0h-mbjgy5mpsms7dd,Realme GT Master Edition 5G 64MP 120Hz Snapdragon,,Rp,2.000.000,,,,1-3 Hari,https://deo.shopeemobile.com/shopee/modules-federation/live/0/shopee__item-card-standard-v2/0.2.8/pc/76dff349290d20891fc1.svg,,,https://deo.shopeemobile.com/shopee/modules-federation/live/0/shopee__item-card-standard-v2/0.2.8/pc/5dd7b4560d0e2d3190e8.svg,Kab. Pasuruan,https://down-id.img.susercontent.com/file/id-11134258-7r98w-lyezzaurybot13,,,,,"Realme GT Master Edition 5G 64MP 120Hz Snapdragon
Rp
2.000.000
1-3 Hari
Kab. Pasuruan",https://shopee.co.id/Realme-GT-Master-Edition-5G-64MP-120Hz-Snapdragon-i.694612262.42306527003?extraParams=%7B%22display_model_id%22%3A420345482535%2C%22model_selection_logic%22%3A3%7D&sp_atk=cf1e83be-7bb7-493a-9cf7-da064c6bdce6&xptdk=cf1e83be-7bb7-493a-9cf7-da064c6bdce6,,,,
https://down-id.img.susercontent.com/file/sg-11134201-7rdw2-lyoo95g9g6x298,Realme C65 4G Ram 8/128GB | Ram 8/256GB Second Original,https://deo.shopeemobile.com/shopee/modules-federation/live/0/shopee__item-card-standard-v2/0.2.8/pc/e4734dab67ee2f9ebd5a.png,Rp,1.728.420,,,,2 Terjual,https://deo.shopeemobile.com/shopee/modules-federation/live/0/shopee__item-card-standard-v2/0.2.8/pc/38e203dc86172a6c6560.svg,https://deo.shopeemobile.com/shopee/modules-federation/live/0/shopee__item-card-standard-v2/0.2.8/pc/0614b8f0a8fdde22942d.svg,Hari Ini 12:00,https://deo.shopeemobile.com/shopee/modules-federation/live/0/shopee__item-card-standard-v2/0.2.8/pc/5dd7b4560d0e2d3190e8.svg,Surabaya,https://down-id.img.susercontent.com/file/id-11134258-822wr-mlx5y0tebegw04,-42%,,,,"Realme C65 4G Ram 8/128GB | Ram 8/256GB Second Original
Rp
1.728.420
-42%
2 Terjual
Hari Ini 12:00
Surabaya",https://shopee.co.id/Realme-C65-4G-Ram-8-128GB-Ram-8-256GB-Second-Original-i.358338280.29707346575?extraParams=%7B%22display_model_id%22%3A233079632538%2C%22model_selection_logic%22%3A3%7D&sp_atk=f6fa20bf-582c-4529-ba48-93c27a611959&xptdk=f6fa20bf-582c-4529-ba48-93c27a611959,https://deo.shopeemobile.com/shopee/modules-federation/live/0/shopee__item-card-standard-v2/0.2.8/pc/0614b8f0a8fdde22942d.svg,,,
https://down-id.img.susercontent.com/file/id-11134207-7rbk3-m6z2ww28ow7dd9,Realme 12 Plus 5G 8/256 GB Second Bekas Pakai Garansi Resmi Indonesia,,Rp,2.475.000,,,,< 2 Hari,https://deo.shopeemobile.com/shopee/modules-federation/live/0/shopee__item-card-standard-v2/0.2.8/pc/38e203dc86172a6c6560.svg,https://deo.shopeemobile.com/shopee/modules-federation/live/0/shopee__item-card-standard-v2/0.2.8/pc/0614b8f0a8fdde22942d.svg,< 2 Hari,https://deo.shopeemobile.com/shopee/modules-federation/live/0/shopee__item-card-standard-v2/0.2.8/pc/5dd7b4560d0e2d3190e8.svg,Jakarta Utara,https://down-id.img.susercontent.com/file/id-11134258-7r98w-lyezzaurybot13,,,,,"Realme 12 Plus 5G 8/256 GB Second Bekas Pakai Garansi Resmi Indonesia
Rp
2.475.000
< 2 Hari
Jakarta Utara",https://shopee.co.id/Realme-12-Plus-5G-8-256-GB-Second-Bekas-Pakai-Garansi-Resmi-Indonesia-i.1489005931.29978430200?extraParams=%7B%22display_model_id%22%3A89769890172%2C%22model_selection_logic%22%3A3%7D&sp_atk=bf9d6df9-e602-4268-b5bc-8d3bc8877d1e&xptdk=bf9d6df9-e602-4268-b5bc-8d3bc8877d1e,https://deo.shopeemobile.com/shopee/modules-federation/live/0/shopee__item-card-standard-v2/0.2.8/pc/0614b8f0a8fdde22942d.svg,,,
https://down-id.img.susercontent.com/file/id-11134207-7rbk3-m91l1ohoftvm02,REALME 10 • 4/128• 8/128 • 8/256 • LIKE NEW MULUS (SECOND),,Rp,1.568.000,https://deo.shopeemobile.com/shopee/modules-federation/live/0/shopee__item-card-standard-v2/0.2.8/pc/d2a1900a0267d45fd0f5.png,,4.3,4 Terjual,https://deo.shopeemobile.com/shopee/modules-federation/live/0/shopee__item-card-standard-v2/0.2.8/pc/76dff349290d20891fc1.svg,,,https://deo.shopeemobile.com/shopee/modules-federation/live/0/shopee__item-card-standard-v2/0.2.8/pc/5dd7b4560d0e2d3190e8.svg,Kab. Bandung,https://down-id.img.susercontent.com/file/id-11134258-822wr-mlx5y0tebegw04,,,,,"REALME 10 • 4/128• 8/128 • 8/256 • LIKE NEW MULUS (SECOND)
Rp
1.568.000
4.3
4 Terjual
2-5 Hari
Kab. Bandung",https://shopee.co.id/REALME-10-%E2%80%A2-4-128%E2%80%A2-8-128-%E2%80%A2-8-256-%E2%80%A2-LIKE-NEW-MULUS-(SECOND)-i.17533787.10297918173?extraParams=%7B%22display_model_id%22%3A202456067294%2C%22model_selection_logic%22%3A3%7D&sp_atk=0cb2670a-a8c1-40d5-88a7-e6cd24c5bae0&xptdk=0cb2670a-a8c1-40d5-88a7-e6cd24c5bae0,https://deo.shopeemobile.com/shopee/modules-federation/live/0/shopee__item-card-standard-v2/0.2.8/pc/d7099d3fd1dfdaf705ab.svg,,,
https://down-id.img.susercontent.com/file/b3cda6ffae3d11ada37f12e270e099ef,Realme C2 RAM 2/32 Second,,Rp,2.100.000,,,4.7,5 Terjual,https://deo.shopeemobile.com/shopee/modules-federation/live/0/shopee__item-card-standard-v2/0.2.8/pc/76dff349290d20891fc1.svg,,,https://deo.shopeemobile.com/shopee/modules-federation/live/0/shopee__item-card-standard-v2/0.2.8/pc/5dd7b4560d0e2d3190e8.svg,Kab. Brebes,https://down-id.img.susercontent.com/file/id-11134258-7r98w-lyezzaurybot13,,,,,"Realme C2 RAM 2/32 Second
Rp
2.100.000
4.7
5 Terjual
3-5 Hari
Kab. Brebes",https://shopee.co.id/Realme-C2-RAM-2-32-Second-i.459105544.13114990184?extraParams=%7B%22display_model_id%22%3A112635461101%2C%22model_selection_logic%22%3A3%7D&sp_atk=6d5cc160-0e23-46c0-83e3-5ff997aa864c&xptdk=6d5cc160-0e23-46c0-83e3-5ff997aa864c,https://deo.shopeemobile.com/shopee/modules-federation/live/0/shopee__item-card-standard-v2/0.2.8/pc/d7099d3fd1dfdaf705ab.svg,,,
https://down-id.img.susercontent.com/file/ed4bd319cf3d21ca088349f2b70e90ab,Realme XT RAM 4/128GB & 8/128GB Second Kondisi 85-90%,https://deo.shopeemobile.com/shopee/modules-federation/live/0/shopee__item-card-standard-v2/0.2.8/pc/a425c915798471b33e5d.png,Rp,2.549.000,https://deo.shopeemobile.com/shopee/modules-federation/live/0/shopee__item-card-standard-v2/0.2.8/pc/d2a1900a0267d45fd0f5.png,,,1 Terjual,https://deo.shopeemobile.com/shopee/modules-federation/live/0/shopee__item-card-standard-v2/0.2.8/pc/38e203dc86172a6c6560.svg,https://deo.shopeemobile.com/shopee/modules-federation/live/0/shopee__item-card-standard-v2/0.2.8/pc/0614b8f0a8fdde22942d.svg,< 2 Hari,https://deo.shopeemobile.com/shopee/modules-federation/live/0/shopee__item-card-standard-v2/0.2.8/pc/5dd7b4560d0e2d3190e8.svg,Tangerang,https://down-id.img.susercontent.com/file/id-11134258-8224v-mkvw0cu9r7k1a5,,,,,"Realme XT RAM 4/128GB & 8/128GB Second Kondisi 85-90%
Rp
2.549.000
1 Terjual
< 2 Hari
Tangerang",https://shopee.co.id/Realme-XT-RAM-4-128GB-8-128GB-Second-Kondisi-85-90--i.4249971.13448646735?extraParams=%7B%22display_model_id%22%3A150957452417%2C%22model_selection_logic%22%3A3%7D&sp_atk=7f94290b-5aeb-4ff2-816f-496d3e44e576&xptdk=7f94290b-5aeb-4ff2-816f-496d3e44e576,https://deo.shopeemobile.com/shopee/modules-federation/live/0/shopee__item-card-standard-v2/0.2.8/pc/0614b8f0a8fdde22942d.svg,,,
https://down-id.img.susercontent.com/file/id-11134207-7ra0t-mcbuxq8r1g7635,Realme C75 8/256 GB Garansi Resmi Indonesia Second Bekas Original,https://deo.shopeemobile.com/shopee/modules-federation/live/0/shopee__item-card-standard-v2/0.2.8/pc/e4734dab67ee2f9ebd5a.png,Rp,1.849.000,,,5.0,4 Terjual,https://deo.shopeemobile.com/shopee/modules-federation/live/0/shopee__item-card-standard-v2/0.2.8/pc/38e203dc86172a6c6560.svg,https://deo.shopeemobile.com/shopee/modules-federation/live/0/shopee__item-card-standard-v2/0.2.8/pc/0614b8f0a8fdde22942d.svg,< 2 Hari,https://deo.shopeemobile.com/shopee/modules-federation/live/0/shopee__item-card-standard-v2/0.2.8/pc/5dd7b4560d0e2d3190e8.svg,Jakarta Utara,,,,,,"Realme C75 8/256 GB Garansi Resmi Indonesia Second Bekas Original
Rp
1.849.000
5.0
4 Terjual
< 2 Hari
Jakarta Utara",https://shopee.co.id/Realme-C75-8-256-GB-Garansi-Resmi-Indonesia-Second-Bekas-Original-i.304735900.43501144800?extraParams=%7B%22display_model_id%22%3A248427236642%2C%22model_selection_logic%22%3A3%7D&sp_atk=a96bcf8c-53d9-4f9b-91e0-818cdb02c1ee&xptdk=a96bcf8c-53d9-4f9b-91e0-818cdb02c1ee,https://deo.shopeemobile.com/shopee/modules-federation/live/0/shopee__item-card-standard-v2/0.2.8/pc/d7099d3fd1dfdaf705ab.svg,,,
https://down-id.img.susercontent.com/file/id-11134207-7qukz-ljbdv6o8ahyze3,Realme GT Master Edition 8/256 dan 8/128 Second Garansi Resmi,,Rp,3.699.000,,,5.0,5 Terjual,https://deo.shopeemobile.com/shopee/modules-federation/live/0/shopee__item-card-standard-v2/0.2.8/pc/76dff349290d20891fc1.svg,,,https://deo.shopeemobile.com/shopee/modules-federation/live/0/shopee__item-card-standard-v2/0.2.8/pc/5dd7b4560d0e2d3190e8.svg,Jakarta Barat,https://down-id.img.susercontent.com/file/id-11134258-8224v-mkvw0cu9r7k1a5,,,,,"Realme GT Master Edition 8/256 dan 8/128 Second Garansi Resmi
Rp
3.699.000
5.0
5 Terjual
2-4 Hari
Jakarta Barat",https://shopee.co.id/Realme-GT-Master-Edition-8-256-dan-8-128-Second-Garansi-Resmi-i.118920636.18966601156?extraParams=%7B%22display_model_id%22%3A203914515462%2C%22model_selection_logic%22%3A3%7D&sp_atk=2c9384eb-51da-4233-93c4-e6ca8972233b&xptdk=2c9384eb-51da-4233-93c4-e6ca8972233b,https://deo.shopeemobile.com/shopee/modules-federation/live/0/shopee__item-card-standard-v2/0.2.8/pc/d7099d3fd1dfdaf705ab.svg,,,
https://down-id.img.susercontent.com/file/sg-11134201-7rfga-m9zw8ujus9e9f9,Realme C63 Ram 6/128GB | Ram 8/128GB Second Pusat Gadget,https://deo.shopeemobile.com/shopee/modules-federation/live/0/shopee__item-card-standard-v2/0.2.8/pc/a425c915798471b33e5d.png,Rp,1.598.111,https://deo.shopeemobile.com/shopee/modules-federation/live/0/shopee__item-card-standard-v2/0.2.8/pc/d2a1900a0267d45fd0f5.png,,5.0,3 Terjual,https://deo.shopeemobile.com/shopee/modules-federation/live/0/shopee__item-card-standard-v2/0.2.8/pc/38e203dc86172a6c6560.svg,https://deo.shopeemobile.com/shopee/modules-federation/live/0/shopee__item-card-standard-v2/0.2.8/pc/0614b8f0a8fdde22942d.svg,Cashback 99%,https://deo.shopeemobile.com/shopee/modules-federation/live/0/shopee__item-card-standard-v2/0.2.8/pc/5dd7b4560d0e2d3190e8.svg,Surabaya,https://down-id.img.susercontent.com/file/id-11134258-822wr-mlx5y0tebegw04,-11%,,,,"Realme C63 Ram 6/128GB | Ram 8/128GB Second Pusat Gadget
Rp
1.598.111
-11%
Cashback 99%
5.0
3 Terjual
Hari Ini 12:00
Surabaya",https://shopee.co.id/Realme-C63-Ram-6-128GB-Ram-8-128GB-Second-Pusat-Gadget-i.1474904896.40201568407?extraParams=%7B%22display_model_id%22%3A196089470028%2C%22model_selection_logic%22%3A3%7D&sp_atk=ed7577ad-e781-4b49-9399-12cbbde91a11&xptdk=ed7577ad-e781-4b49-9399-12cbbde91a11,https://deo.shopeemobile.com/shopee/modules-federation/live/0/shopee__item-card-standard-v2/0.2.8/pc/d7099d3fd1dfdaf705ab.svg,,,
https://down-id.img.susercontent.com/file/id-11134207-7ra0j-mc1tbsd9kekr84,Realme Note 60 8/256GB Second Fullset Bergaransi,,Rp,1.250.000,,,,,https://deo.shopeemobile.com/shopee/modules-federation/live/0/shopee__item-card-standard-v2/0.2.8/pc/76dff349290d20891fc1.svg,,,https://deo.shopeemobile.com/shopee/modules-federation/live/0/shopee__item-card-standard-v2/0.2.8/pc/5dd7b4560d0e2d3190e8.svg,Jakarta Selatan,https://down-id.img.susercontent.com/file/id-11134258-7r98w-lyezzaurybot13,,,,,"Realme Note 60 8/256GB Second Fullset Bergaransi
Rp
1.250.000
3-5 Hari
Jakarta Selatan",https://shopee.co.id/Realme-Note-60-8-256GB-Second-Fullset-Bergaransi-i.1577265439.42308148120?extraParams=%7B%22display_model_id%22%3A270709188184%2C%22model_selection_logic%22%3A3%7D&sp_atk=c7a14ad7-fa2c-4fc8-9e59-1714d608ed2b&xptdk=c7a14ad7-fa2c-4fc8-9e59-1714d608ed2b,,,3-5 Hari,
https://down-id.img.susercontent.com/file/id-11134207-7rbk7-m9rb7aqb5p9965,Realme C53 6/128 Second fullset,https://deo.shopeemobile.com/shopee/modules-federation/live/0/shopee__item-card-standard-v2/0.2.8/pc/e4734dab67ee2f9ebd5a.png,Rp,1.499.999,https://deo.shopeemobile.com/shopee/modules-federation/live/0/shopee__item-card-standard-v2/0.2.8/pc/d2a1900a0267d45fd0f5.png,,,,https://deo.shopeemobile.com/shopee/modules-federation/live/0/shopee__item-card-standard-v2/0.2.8/pc/76dff349290d20891fc1.svg,,,https://deo.shopeemobile.com/shopee/modules-federation/live/0/shopee__item-card-standard-v2/0.2.8/pc/5dd7b4560d0e2d3190e8.svg,Kab. Cilacap,https://down-id.img.susercontent.com/file/id-11134258-822wr-mlx67rtd6r602f,,,,,"Realme C53 6/128 Second fullset
Rp
1.499.999
1 Terjual
2-4 Hari
Kab. Cilacap",https://shopee.co.id/Realme-C53-6-128-Second-fullset-i.147710035.29169964809?extraParams=%7B%22display_model_id%22%3A237120738289%2C%22model_selection_logic%22%3A3%7D&sp_atk=55e434e7-5f98-4daf-9aef-d1f7f0ddae39&xptdk=55e434e7-5f98-4daf-9aef-d1f7f0ddae39,,,1 Terjual,
https://down-id.img.susercontent.com/file/id-11134207-7rasd-m0y9b2fx9igvf7,realme 12 plus 8/256GB Second Resmi,,Rp,2.422.500,https://deo.shopeemobile.com/shopee/modules-federation/live/0/shopee__item-card-standard-v2/0.2.8/pc/d2a1900a0267d45fd0f5.png,https://deo.shopeemobile.com/shopee/modules-federation/live/0/shopee__item-card-standard-v2/0.2.8/pc/0614b8f0a8fdde22942d.svg,,,https://deo.shopeemobile.com/shopee/modules-federation/live/0/shopee__item-card-standard-v2/0.2.8/pc/38e203dc86172a6c6560.svg,https://deo.shopeemobile.com/shopee/modules-federation/live/0/shopee__item-card-standard-v2/0.2.8/pc/0614b8f0a8fdde22942d.svg,< 2 Hari,https://deo.shopeemobile.com/shopee/modules-federation/live/0/shopee__item-card-standard-v2/0.2.8/pc/5dd7b4560d0e2d3190e8.svg,Jakarta Timur,https://down-id.img.susercontent.com/file/id-11134258-8224v-mkvw0cu9r7k1a5,-5%,,< 2 Hari,,"realme 12 plus 8/256GB Second Resmi
Rp
2.422.500
-5%
< 2 Hari
Jakarta Timur",https://shopee.co.id/realme-12-plus-8-256GB-Second-Resmi-i.174110882.27513179489?extraParams=%7B%22display_model_id%22%3A251718879079%2C%22model_selection_logic%22%3A3%7D&sp_atk=a1580f62-57e8-49d6-9ecd-ff28ba70d08d&xptdk=a1580f62-57e8-49d6-9ecd-ff28ba70d08d,,,< 2 Hari,
https://down-id.img.susercontent.com/file/id-11134207-7ra0t-mcbuxq8r1g7635,Realme C75 8/256 GB Garansi Resmi Indonesia Second Bekas Original,https://deo.shopeemobile.com/shopee/modules-federation/live/0/shopee__item-card-standard-v2/0.2.8/pc/e4734dab67ee2f9ebd5a.png,Rp,1.849.000,,https://deo.shopeemobile.com/shopee/modules-federation/live/0/shopee__item-card-standard-v2/0.2.8/pc/d7099d3fd1dfdaf705ab.svg,,,https://deo.shopeemobile.com/shopee/modules-federation/live/0/shopee__item-card-standard-v2/0.2.8/pc/38e203dc86172a6c6560.svg,https://deo.shopeemobile.com/shopee/modules-federation/live/0/shopee__item-card-standard-v2/0.2.8/pc/0614b8f0a8fdde22942d.svg,< 2 Hari,https://deo.shopeemobile.com/shopee/modules-federation/live/0/shopee__item-card-standard-v2/0.2.8/pc/5dd7b4560d0e2d3190e8.svg,Jakarta Utara,,,,< 2 Hari,,"Realme C75 8/256 GB Garansi Resmi Indonesia Second Bekas Original
Rp
1.849.000
5.0
4 Terjual
< 2 Hari
Jakarta Utara",https://shopee.co.id/Realme-C75-8-256-GB-Garansi-Resmi-Indonesia-Second-Bekas-Original-i.304735900.43501144800?extraParams=%7B%22display_model_id%22%3A248427236642%2C%22model_selection_logic%22%3A3%7D&sp_atk=e455650b-3fad-4845-b5a4-fd56c1642516&xptdk=e455650b-3fad-4845-b5a4-fd56c1642516,,,4 Terjual,5.0
https://down-id.img.susercontent.com/file/a5861bee68528f04e2bd8fdab378a332,REALME C11 2021 RAM 2GB/32GB second,https://deo.shopeemobile.com/shopee/modules-federation/live/0/shopee__item-card-standard-v2/0.2.8/pc/a425c915798471b33e5d.png,Rp,1.199.000,https://deo.shopeemobile.com/shopee/modules-federation/live/0/shopee__item-card-standard-v2/0.2.8/pc/d2a1900a0267d45fd0f5.png,https://deo.shopeemobile.com/shopee/modules-federation/live/0/shopee__item-card-standard-v2/0.2.8/pc/d7099d3fd1dfdaf705ab.svg,,,https://deo.shopeemobile.com/shopee/modules-federation/live/0/shopee__item-card-standard-v2/0.2.8/pc/38e203dc86172a6c6560.svg,https://deo.shopeemobile.com/shopee/modules-federation/live/0/shopee__item-card-standard-v2/0.2.8/pc/0614b8f0a8fdde22942d.svg,< 2 Hari,https://deo.shopeemobile.com/shopee/modules-federation/live/0/shopee__item-card-standard-v2/0.2.8/pc/5dd7b4560d0e2d3190e8.svg,Tangerang,https://down-id.img.susercontent.com/file/id-11134258-8224v-mkvw0cu9r7k1a5,,Cicilan,< 2 Hari,,"REALME C11 2021 RAM 2GB/32GB second
Rp
1.199.000
Cicilan
4.9
19 Terjual
< 2 Hari
Tangerang",https://shopee.co.id/REALME-C11-2021-RAM-2GB-32GB-second-i.4249971.7375452912?extraParams=%7B%22display_model_id%22%3A23945517008%2C%22model_selection_logic%22%3A3%7D&sp_atk=6e6d3863-9732-4ce8-96fe-7c7d618540b1&xptdk=6e6d3863-9732-4ce8-96fe-7c7d618540b1,,,19 Terjual,4.9
https://down-id.img.susercontent.com/file/id-11134207-7rbk9-m96q4bj3bnkd1f,Realme 6 8/128~4/128 Fullset Second Garansi Resmi Hp Bekas Istimewa,,Rp,1.360.000,https://deo.shopeemobile.com/shopee/modules-federation/live/0/shopee__item-card-standard-v2/0.2.8/pc/d2a1900a0267d45fd0f5.png,,,,https://deo.shopeemobile.com/shopee/modules-federation/live/0/shopee__item-card-standard-v2/0.2.8/pc/76dff349290d20891fc1.svg,,,https://deo.shopeemobile.com/shopee/modules-federation/live/0/shopee__item-card-standard-v2/0.2.8/pc/5dd7b4560d0e2d3190e8.svg,Kab. Semarang,https://down-id.img.susercontent.com/file/id-11134258-822wr-mlx5y0tebegw04,,,,,"Realme 6 8/128~4/128 Fullset Second Garansi Resmi Hp Bekas Istimewa
Rp
1.360.000
2-4 Hari
Kab. Semarang",https://shopee.co.id/Realme-6-8-128~4-128-Fullset-Second-Garansi-Resmi-Hp-Bekas-Istimewa-i.375168195.28435131366?extraParams=%7B%22display_model_id%22%3A237757936557%2C%22model_selection_logic%22%3A3%7D&sp_atk=9a028c6f-2ea3-4529-b7b7-15d2cbbf66e4&xptdk=9a028c6f-2ea3-4529-b7b7-15d2cbbf66e4,,,2-4 Hari,
https://down-id.img.susercontent.com/file/id-11134207-7r98t-lrck4rmxsqwke3,Realme Narzo 50 4/64 GB Resmi Realme Indonesia Second Bekas Original,https://deo.shopeemobile.com/shopee/modules-federation/live/0/shopee__item-card-standard-v2/0.2.8/pc/e4734dab67ee2f9ebd5a.png,Rp,1.390.000,,https://deo.shopeemobile.com/shopee/modules-federation/live/0/shopee__item-card-standard-v2/0.2.8/pc/0614b8f0a8fdde22942d.svg,,,https://deo.shopeemobile.com/shopee/modules-federation/live/0/shopee__item-card-standard-v2/0.2.8/pc/38e203dc86172a6c6560.svg,https://deo.shopeemobile.com/shopee/modules-federation/live/0/shopee__item-card-standard-v2/0.2.8/pc/0614b8f0a8fdde22942d.svg,< 2 Hari,https://deo.shopeemobile.com/shopee/modules-federation/live/0/shopee__item-card-standard-v2/0.2.8/pc/5dd7b4560d0e2d3190e8.svg,Jakarta Utara,,,,< 2 Hari,,"Realme Narzo 50 4/64 GB Resmi Realme Indonesia Second Bekas Original
Rp
1.390.000
< 2 Hari
Jakarta Utara",https://shopee.co.id/Realme-Narzo-50-4-64-GB-Resmi-Realme-Indonesia-Second-Bekas-Original-i.304735900.25162321009?extraParams=%7B%22display_model_id%22%3A232504816937%2C%22model_selection_logic%22%3A3%7D&sp_atk=d80d15c8-47b6-493e-b892-6ac74fdfb0e4&xptdk=d80d15c8-47b6-493e-b892-6ac74fdfb0e4,,,< 2 Hari,
https://down-id.img.susercontent.com/file/sg-11134201-7rdyj-lyum42n9n5m451,Realme C63 Ram 6/128GB | Ram 8/128GB Second Original,https://deo.shopeemobile.com/shopee/modules-federation/live/0/shopee__item-card-standard-v2/0.2.8/pc/e4734dab67ee2f9ebd5a.png,Rp,1.598.888,,https://deo.shopeemobile.com/shopee/modules-federation/live/0/shopee__item-card-standard-v2/0.2.8/pc/d7099d3fd1dfdaf705ab.svg,,,https://deo.shopeemobile.com/shopee/modules-federation/live/0/shopee__item-card-standard-v2/0.2.8/pc/38e203dc86172a6c6560.svg,https://deo.shopeemobile.com/shopee/modules-federation/live/0/shopee__item-card-standard-v2/0.2.8/pc/0614b8f0a8fdde22942d.svg,Hari Ini 12:00,https://deo.shopeemobile.com/shopee/modules-federation/live/0/shopee__item-card-standard-v2/0.2.8/pc/5dd7b4560d0e2d3190e8.svg,Surabaya,https://down-id.img.susercontent.com/file/id-11134258-822wr-mlx5y0tebegw04,-33%,,Hari Ini 12:00,,"Realme C63 Ram 6/128GB | Ram 8/128GB Second Original
Rp
1.598.888
-33%
5.0
1 Terjual
Hari Ini 12:00
Surabaya",https://shopee.co.id/Realme-C63-Ram-6-128GB-Ram-8-128GB-Second-Original-i.358338280.29007689095?extraParams=%7B%22display_model_id%22%3A197717576768%2C%22model_selection_logic%22%3A3%7D&sp_atk=7a66128d-3c6e-464d-98f4-016457f0338d&xptdk=7a66128d-3c6e-464d-98f4-016457f0338d,,,1 Terjual,5.0
https://down-id.img.susercontent.com/file/id-11134207-7ra0p-mcby7rkwndc2e5,Realme C75 8/128 GB Garansi Resmi Indonesia Second Bekas Original,https://deo.shopeemobile.com/shopee/modules-federation/live/0/shopee__item-card-standard-v2/0.2.8/pc/e4734dab67ee2f9ebd5a.png,Rp,1.725.000,,https://deo.shopeemobile.com/shopee/modules-federation/live/0/shopee__item-card-standard-v2/0.2.8/pc/d7099d3fd1dfdaf705ab.svg,,,https://deo.shopeemobile.com/shopee/modules-federation/live/0/shopee__item-card-standard-v2/0.2.8/pc/38e203dc86172a6c6560.svg,https://deo.shopeemobile.com/shopee/modules-federation/live/0/shopee__item-card-standard-v2/0.2.8/pc/0614b8f0a8fdde22942d.svg,< 2 Hari,https://deo.shopeemobile.com/shopee/modules-federation/live/0/shopee__item-card-standard-v2/0.2.8/pc/5dd7b4560d0e2d3190e8.svg,Jakarta Utara,,,,< 2 Hari,,"Realme C75 8/128 GB Garansi Resmi Indonesia Second Bekas Original
Rp
1.725.000
5.0
20 Terjual
< 2 Hari
Jakarta Utara",https://shopee.co.id/Realme-C75-8-128-GB-Garansi-Resmi-Indonesia-Second-Bekas-Original-i.515774005.25242187475?extraParams=%7B%22display_model_id%22%3A247790268282%2C%22model_selection_logic%22%3A3%7D&sp_atk=da7a7d61-a9c0-455e-bc6f-b52caf222bf2&xptdk=da7a7d61-a9c0-455e-bc6f-b52caf222bf2,,,20 Terjual,5.0
https://down-id.img.susercontent.com/file/id-11134207-7rasm-m250c42ukidl26,Realme Note 50 4/64 & 4/128 Second Fullset Ori,https://deo.shopeemobile.com/shopee/modules-federation/live/0/shopee__item-card-standard-v2/0.2.8/pc/e4734dab67ee2f9ebd5a.png,Rp,1.275.000,,https://deo.shopeemobile.com/shopee/modules-federation/live/0/shopee__item-card-standard-v2/0.2.8/pc/d7099d3fd1dfdaf705ab.svg,,,https://deo.shopeemobile.com/shopee/modules-federation/live/0/shopee__item-card-standard-v2/0.2.8/pc/38e203dc86172a6c6560.svg,https://deo.shopeemobile.com/shopee/modules-federation/live/0/shopee__item-card-standard-v2/0.2.8/pc/0614b8f0a8fdde22942d.svg,< 2 Hari,https://deo.shopeemobile.com/shopee/modules-federation/live/0/shopee__item-card-standard-v2/0.2.8/pc/5dd7b4560d0e2d3190e8.svg,Kab. Bogor,https://down-id.img.susercontent.com/file/id-11134258-8224v-mkvw0cu9r7k1a5,,,< 2 Hari,,"Realme Note 50 4/64 & 4/128 Second Fullset Ori
Rp
1.275.000
5.0
4 Terjual
< 2 Hari
Kab. Bogor",https://shopee.co.id/Realme-Note-50-4-64-4-128-Second-Fullset-Ori-i.586330356.27416393528?extraParams=%7B%22display_model_id%22%3A233724174783%2C%22model_selection_logic%22%3A3%7D&sp_atk=e10ef9c0-ded5-4e2c-84da-5eaafff666e7&xptdk=e10ef9c0-ded5-4e2c-84da-5eaafff666e7,,,4 Terjual,5.0
https://down-id.img.susercontent.com/file/id-11134207-7r98t-lqydtfn7x9gncc,Second Realme C51 4/64GB - Black,https://deo.shopeemobile.com/shopee/modules-federation/live/0/shopee__item-card-standard-v2/0.2.8/pc/a425c915798471b33e5d.png,Rp,1.508.000,,,,,https://deo.shopeemobile.com/shopee/modules-federation/live/0/shopee__item-card-standard-v2/0.2.8/pc/76dff349290d20891fc1.svg,,,https://deo.shopeemobile.com/shopee/modules-federation/live/0/shopee__item-card-standard-v2/0.2.8/pc/5dd7b4560d0e2d3190e8.svg,Malang,https://down-id.img.susercontent.com/file/id-11134258-8224v-mkvw0cu9r7k1a5,,,,,"Second Realme C51 4/64GB - Black
Rp
1.508.000
1-3 Hari
Malang",https://shopee.co.id/Second-Realme-C51-4-64GB-Black-i.331123706.24360911540?extraParams=%7B%22display_model_id%22%3A250276412624%2C%22model_selection_logic%22%3A3%7D&sp_atk=17adafe2-c6ba-4670-9e18-68f87811cc4f&xptdk=17adafe2-c6ba-4670-9e18-68f87811cc4f,,,1-3 Hari,
https://down-id.img.susercontent.com/file/id-11134207-7r98r-lyxg2wi4bvvsfe,REALME NOTE 50 4/64 FULLSET SECOND,,Rp,1.099.000,https://deo.shopeemobile.com/shopee/modules-federation/live/0/shopee__item-card-standard-v2/0.2.8/pc/d2a1900a0267d45fd0f5.png,https://deo.shopeemobile.com/shopee/modules-federation/live/0/shopee__item-card-standard-v2/0.2.8/pc/0614b8f0a8fdde22942d.svg,,,https://deo.shopeemobile.com/shopee/modules-federation/live/0/shopee__item-card-standard-v2/0.2.8/pc/38e203dc86172a6c6560.svg,https://deo.shopeemobile.com/shopee/modules-federation/live/0/shopee__item-card-standard-v2/0.2.8/pc/0614b8f0a8fdde22942d.svg,Besok,https://deo.shopeemobile.com/shopee/modules-federation/live/0/shopee__item-card-standard-v2/0.2.8/pc/5dd7b4560d0e2d3190e8.svg,Surabaya,https://down-id.img.susercontent.com/file/id-11134258-8224v-mkvw0cu9r7k1a5,,,Besok,,"REALME NOTE 50 4/64 FULLSET SECOND
Rp
1.099.000
Besok
Surabaya",https://shopee.co.id/REALME-NOTE-50-4-64-FULLSET-SECOND-i.230315394.28157874167?extraParams=%7B%22display_model_id%22%3A119235423894%2C%22model_selection_logic%22%3A3%7D&sp_atk=6163e66c-04b2-432a-a14a-ffb91258ce15&xptdk=6163e66c-04b2-432a-a14a-ffb91258ce15,,,Besok,
https://down-id.img.susercontent.com/file/id-11134207-7r98s-lonremup7ab475,Realme X Second Original Mulus 4/128GB Snapdragon 710,,Rp,1.900.000,https://deo.shopeemobile.com/shopee/modules-federation/live/0/shopee__item-card-standard-v2/0.2.8/pc/d2a1900a0267d45fd0f5.png,https://deo.shopeemobile.com/shopee/modules-federation/live/0/shopee__item-card-standard-v2/0.2.8/pc/d7099d3fd1dfdaf705ab.svg,,,https://deo.shopeemobile.com/shopee/modules-federation/live/0/shopee__item-card-standard-v2/0.2.8/pc/38e203dc86172a6c6560.svg,https://deo.shopeemobile.com/shopee/modules-federation/live/0/shopee__item-card-standard-v2/0.2.8/pc/0614b8f0a8fdde22942d.svg,< 2 Hari,https://deo.shopeemobile.com/shopee/modules-federation/live/0/shopee__item-card-standard-v2/0.2.8/pc/5dd7b4560d0e2d3190e8.svg,Jakarta Barat,https://down-id.img.susercontent.com/file/id-11134258-8224v-mkvw0cu9r7k1a5,,,< 2 Hari,,"Realme X Second Original Mulus 4/128GB Snapdragon 710
Rp
1.900.000
5.0
2 Terjual
< 2 Hari
Jakarta Barat",https://shopee.co.id/Realme-X-Second-Original-Mulus-4-128GB-Snapdragon-710-i.954669947.25902238038?extraParams=%7B%22display_model_id%22%3A187179364987%2C%22model_selection_logic%22%3A3%7D&sp_atk=7267d1d0-ac69-469b-a5bf-5a58e318b433&xptdk=7267d1d0-ac69-469b-a5bf-5a58e318b433,,,2 Terjual,5.0
https://down-id.img.susercontent.com/file/sg-11134201-7rdwe-mc1xgo0eat6h71,Realme C55 Ram 6/128GB | Ram 8/256GB Second Mobile Style Store,,Rp,1.579.111,https://deo.shopeemobile.com/shopee/modules-federation/live/0/shopee__item-card-standard-v2/0.2.8/pc/d2a1900a0267d45fd0f5.png,https://deo.shopeemobile.com/shopee/modules-federation/live/0/shopee__item-card-standard-v2/0.2.8/pc/d7099d3fd1dfdaf705ab.svg,,,https://deo.shopeemobile.com/shopee/modules-federation/live/0/shopee__item-card-standard-v2/0.2.8/pc/38e203dc86172a6c6560.svg,https://deo.shopeemobile.com/shopee/modules-federation/live/0/shopee__item-card-standard-v2/0.2.8/pc/0614b8f0a8fdde22942d.svg,Besok 11:00,https://deo.shopeemobile.com/shopee/modules-federation/live/0/shopee__item-card-standard-v2/0.2.8/pc/5dd7b4560d0e2d3190e8.svg,Surabaya,https://down-id.img.susercontent.com/file/id-11134258-822wr-mlx5y0tebegw04,-44%,,Besok 11:00,,"Realme C55 Ram 6/128GB | Ram 8/256GB Second Mobile Style Store
Rp
1.579.111
-44%
5.0
1 Terjual
Besok 11:00
Surabaya",https://shopee.co.id/Realme-C55-Ram-6-128GB-Ram-8-256GB-Second-Mobile-Style-Store-i.1544768134.41908171413?extraParams=%7B%22display_model_id%22%3A290688841100%2C%22model_selection_logic%22%3A3%7D&sp_atk=55106be5-4f06-440b-b6ae-e1ee4d6cfcca&xptdk=55106be5-4f06-440b-b6ae-e1ee4d6cfcca,,,1 Terjual,5.0
https://down-id.img.susercontent.com/file/id-11134207-7ra0h-mbjgy5mpsms7dd,Realme GT Master Edition 5G 64MP 120Hz Snapdragon,,Rp,2.000.000,,,,,https://deo.shopeemobile.com/shopee/modules-federation/live/0/shopee__item-card-standard-v2/0.2.8/pc/76dff349290d20891fc1.svg,,,https://deo.shopeemobile.com/shopee/modules-federation/live/0/shopee__item-card-standard-v2/0.2.8/pc/5dd7b4560d0e2d3190e8.svg,Kab. Pasuruan,https://down-id.img.susercontent.com/file/id-11134258-7r98w-lyezzaurybot13,,,,,"Realme GT Master Edition 5G 64MP 120Hz Snapdragon
Rp
2.000.000
1-3 Hari
Kab. Pasuruan",https://shopee.co.id/Realme-GT-Master-Edition-5G-64MP-120Hz-Snapdragon-i.694612262.42306527003?extraParams=%7B%22display_model_id%22%3A420345482535%2C%22model_selection_logic%22%3A3%7D&sp_atk=a99e3a80-ff5c-4a47-a983-5e26aa58f1bf&xptdk=a99e3a80-ff5c-4a47-a983-5e26aa58f1bf,,,1-3 Hari,
https://down-id.img.susercontent.com/file/id-11134207-7r991-lzj3nodo1vot2d,Realme 13 Second Fullset 8/128 8/256 Hp Tested,https://deo.shopeemobile.com/shopee/modules-federation/live/0/shopee__item-card-standard-v2/0.2.8/pc/e4734dab67ee2f9ebd5a.png,Rp,1.999.000,,https://deo.shopeemobile.com/shopee/modules-federation/live/0/shopee__item-card-standard-v2/0.2.8/pc/d7099d3fd1dfdaf705ab.svg,,,https://deo.shopeemobile.com/shopee/modules-federation/live/0/shopee__item-card-standard-v2/0.2.8/pc/76dff349290d20891fc1.svg,,,https://deo.shopeemobile.com/shopee/modules-federation/live/0/shopee__item-card-standard-v2/0.2.8/pc/5dd7b4560d0e2d3190e8.svg,Jakarta Barat,https://down-id.img.susercontent.com/file/id-11134258-8224v-mkvw0cu9r7k1a5,,,,,"Realme 13 Second Fullset 8/128 8/256 Hp Tested
Rp
1.999.000
5.0
10 Terjual
2-4 Hari
Jakarta Barat",https://shopee.co.id/Realme-13-Second-Fullset-8-128-8-256-Hp-Tested-i.365327344.29909506194?extraParams=%7B%22display_model_id%22%3A226860796418%2C%22model_selection_logic%22%3A3%7D&sp_atk=6ad1fc0a-f43c-4c7e-8145-3185b0dfe1f2&xptdk=6ad1fc0a-f43c-4c7e-8145-3185b0dfe1f2,,,10 Terjual,5.0
https://down-id.img.susercontent.com/file/ed4bd319cf3d21ca088349f2b70e90ab,Realme XT RAM 4/128GB & 8/128GB Second Kondisi 85-90%,https://deo.shopeemobile.com/shopee/modules-federation/live/0/shopee__item-card-standard-v2/0.2.8/pc/a425c915798471b33e5d.png,Rp,2.549.000,https://deo.shopeemobile.com/shopee/modules-federation/live/0/shopee__item-card-standard-v2/0.2.8/pc/d2a1900a0267d45fd0f5.png,https://deo.shopeemobile.com/shopee/modules-federation/live/0/shopee__item-card-standard-v2/0.2.8/pc/0614b8f0a8fdde22942d.svg,,,https://deo.shopeemobile.com/shopee/modules-federation/live/0/shopee__item-card-standard-v2/0.2.8/pc/38e203dc86172a6c6560.svg,https://deo.shopeemobile.com/shopee/modules-federation/live/0/shopee__item-card-standard-v2/0.2.8/pc/0614b8f0a8fdde22942d.svg,< 2 Hari,https://deo.shopeemobile.com/shopee/modules-federation/live/0/shopee__item-card-standard-v2/0.2.8/pc/5dd7b4560d0e2d3190e8.svg,Tangerang,https://down-id.img.susercontent.com/file/id-11134258-8224v-mkvw0cu9r7k1a5,,,< 2 Hari,,"Realme XT RAM 4/128GB & 8/128GB Second Kondisi 85-90%
Rp
2.549.000
1 Terjual
< 2 Hari
Tangerang",https://shopee.co.id/Realme-XT-RAM-4-128GB-8-128GB-Second-Kondisi-85-90--i.4249971.13448646735?extraParams=%7B%22display_model_id%22%3A150957452417%2C%22model_selection_logic%22%3A3%7D&sp_atk=2e0da21a-e47f-4730-a18a-5c5f143f421e&xptdk=2e0da21a-e47f-4730-a18a-5c5f143f421e,,,1 Terjual,
https://down-id.img.susercontent.com/file/id-11134207-7rbk6-m8qvjehmkl5p81,Hp Realme 5 Pro 4/128GB (Second - Fullset),,Rp,1.200.000,,,,,https://deo.shopeemobile.com/shopee/modules-federation/live/0/shopee__item-card-standard-v2/0.2.8/pc/76dff349290d20891fc1.svg,,,https://deo.shopeemobile.com/shopee/modules-federation/live/0/shopee__item-card-standard-v2/0.2.8/pc/5dd7b4560d0e2d3190e8.svg,Kab. Bekasi,https://down-id.img.susercontent.com/file/id-11134258-7r98w-lyezzaurybot13,,,,,"Hp Realme 5 Pro 4/128GB (Second - Fullset)
Rp
1.200.000
3-5 Hari
Kab. Bekasi",https://shopee.co.id/Hp-Realme-5-Pro-4-128GB-(Second-Fullset)-i.103440205.29833294646?extraParams=%7B%22display_model_id%22%3A109468468078%2C%22model_selection_logic%22%3A3%7D&sp_atk=e7dad534-6fc9-4a7a-a10c-f78584cb9738&xptdk=e7dad534-6fc9-4a7a-a10c-f78584cb9738,,,3-5 Hari,
https://down-id.img.susercontent.com/file/id-11134207-7r98s-loc5gvnnqhwk37,Realme C55 8/256 GB Resmi Realme Indonesia Second Bekas Seken Original,https://deo.shopeemobile.com/shopee/modules-federation/live/0/shopee__item-card-standard-v2/0.2.8/pc/e4734dab67ee2f9ebd5a.png,Rp,1.590.000,,https://deo.shopeemobile.com/shopee/modules-federation/live/0/shopee__item-card-standard-v2/0.2.8/pc/d7099d3fd1dfdaf705ab.svg,,,https://deo.shopeemobile.com/shopee/modules-federation/live/0/shopee__item-card-standard-v2/0.2.8/pc/38e203dc86172a6c6560.svg,https://deo.shopeemobile.com/shopee/modules-federation/live/0/shopee__item-card-standard-v2/0.2.8/pc/0614b8f0a8fdde22942d.svg,< 2 Hari,https://deo.shopeemobile.com/shopee/modules-federation/live/0/shopee__item-card-standard-v2/0.2.8/pc/5dd7b4560d0e2d3190e8.svg,Jakarta Utara,,,,< 2 Hari,,"Realme C55 8/256 GB Resmi Realme Indonesia Second Bekas Seken Original
Rp
1.590.000
4.0
4 Terjual
< 2 Hari
Jakarta Utara",https://shopee.co.id/Realme-C55-8-256-GB-Resmi-Realme-Indonesia-Second-Bekas-Seken-Original-i.304735900.23961238684?extraParams=%7B%22display_model_id%22%3A223218684234%2C%22model_selection_logic%22%3A3%7D&sp_atk=54ca115e-fea0-4500-9558-43d59ff430f4&xptdk=54ca115e-fea0-4500-9558-43d59ff430f4,,,4 Terjual,4.0
https://down-id.img.susercontent.com/file/id-11134207-7rasm-m2t028hd9qqo7c,Realme C51S 6/128 GB Garansi Resmi Indonesia Second Bekas Original,https://deo.shopeemobile.com/shopee/modules-federation/live/0/shopee__item-card-standard-v2/0.2.8/pc/e4734dab67ee2f9ebd5a.png,Rp,1.275.000,,https://deo.shopeemobile.com/shopee/modules-federation/live/0/shopee__item-card-standard-v2/0.2.8/pc/d7099d3fd1dfdaf705ab.svg,,,https://deo.shopeemobile.com/shopee/modules-federation/live/0/shopee__item-card-standard-v2/0.2.8/pc/38e203dc86172a6c6560.svg,https://deo.shopeemobile.com/shopee/modules-federation/live/0/shopee__item-card-standard-v2/0.2.8/pc/0614b8f0a8fdde22942d.svg,< 2 Hari,https://deo.shopeemobile.com/shopee/modules-federation/live/0/shopee__item-card-standard-v2/0.2.8/pc/5dd7b4560d0e2d3190e8.svg,Jakarta Utara,,,,< 2 Hari,,"Realme C51S 6/128 GB Garansi Resmi Indonesia Second Bekas Original
Rp
1.275.000
5.0
5 Terjual
< 2 Hari
Jakarta Utara",https://shopee.co.id/Realme-C51S-6-128-GB-Garansi-Resmi-Indonesia-Second-Bekas-Original-i.515774005.28118136225?extraParams=%7B%22display_model_id%22%3A99693867276%2C%22model_selection_logic%22%3A3%7D&sp_atk=33995e6c-fdd4-4281-8840-601895ffbe59&xptdk=33995e6c-fdd4-4281-8840-601895ffbe59,,,5 Terjual,5.0
https://down-id.img.susercontent.com/file/id-11134207-7rasf-m5rtv1n51w7422,REALME 9 8/128 FULLSET SECOND ORIGINAL,,Rp,1.499.000,https://deo.shopeemobile.com/shopee/modules-federation/live/0/shopee__item-card-standard-v2/0.2.8/pc/d2a1900a0267d45fd0f5.png,,,,https://deo.shopeemobile.com/shopee/modules-federation/live/0/shopee__item-card-standard-v2/0.2.8/pc/76dff349290d20891fc1.svg,,,https://deo.shopeemobile.com/shopee/modules-federation/live/0/shopee__item-card-standard-v2/0.2.8/pc/5dd7b4560d0e2d3190e8.svg,Kab. Semarang,https://down-id.img.susercontent.com/file/id-11134258-822wr-mlx5y0tebegw04,,,,,"REALME 9 8/128 FULLSET SECOND ORIGINAL
Rp
1.499.000
2-4 Hari
Kab. Semarang",https://shopee.co.id/REALME-9-8-128-FULLSET-SECOND-ORIGINAL-i.375168195.25240970584?extraParams=%7B%22display_model_id%22%3A208449459029%2C%22model_selection_logic%22%3A3%7D&sp_atk=6f6734a6-3a08-4f62-9f94-57ee424294e4&xptdk=6f6734a6-3a08-4f62-9f94-57ee424294e4,,,2-4 Hari,
https://down-id.img.susercontent.com/file/id-11134207-7r98z-lnpakizx57bvba,Realme 10 8/256 second,,Rp,2.200.000,,,,,https://deo.shopeemobile.com/shopee/modules-federation/live/0/shopee__item-card-standard-v2/0.2.8/pc/76dff349290d20891fc1.svg,,,https://deo.shopeemobile.com/shopee/modules-federation/live/0/shopee__item-card-standard-v2/0.2.8/pc/5dd7b4560d0e2d3190e8.svg,Kab. Ponorogo,https://down-id.img.susercontent.com/file/id-11134258-8224v-mkvw0cu9r7k1a5,,,,,"Realme 10 8/256 second
Rp
2.200.000
2-4 Hari
Kab. Ponorogo",https://shopee.co.id/Realme-10-8-256-second-i.196220586.19786072679?extraParams=%7B%22display_model_id%22%3A147097620128%2C%22model_selection_logic%22%3A3%7D&sp_atk=e5111f9b-508f-450e-b19d-dea51c88ec7e&xptdk=e5111f9b-508f-450e-b19d-dea51c88ec7e,,,2-4 Hari,
https://down-id.img.susercontent.com/file/id-11134207-8224y-mh360f37oykocf,Realme C75 8/256 GB Garansi Resmi Realme Indonesia Second Bekas Original,https://deo.shopeemobile.com/shopee/modules-federation/live/0/shopee__item-card-standard-v2/0.2.8/pc/a425c915798471b33e5d.png,Rp,1.875.000,,https://deo.shopeemobile.com/shopee/modules-federation/live/0/shopee__item-card-standard-v2/0.2.8/pc/0614b8f0a8fdde22942d.svg,,,https://deo.shopeemobile.com/shopee/modules-federation/live/0/shopee__item-card-standard-v2/0.2.8/pc/38e203dc86172a6c6560.svg,https://deo.shopeemobile.com/shopee/modules-federation/live/0/shopee__item-card-standard-v2/0.2.8/pc/0614b8f0a8fdde22942d.svg,< 2 Hari,https://deo.shopeemobile.com/shopee/modules-federation/live/0/shopee__item-card-standard-v2/0.2.8/pc/5dd7b4560d0e2d3190e8.svg,Jakarta Utara,https://down-id.img.susercontent.com/file/id-11134258-7r98w-lyezzaurybot13,,,< 2 Hari,,"Realme C75 8/256 GB Garansi Resmi Realme Indonesia Second Bekas Original
Rp
1.875.000
< 2 Hari
Jakarta Utara",https://shopee.co.id/Realme-C75-8-256-GB-Garansi-Resmi-Realme-Indonesia-Second-Bekas-Original-i.1563349780.41354350659?extraParams=%7B%22display_model_id%22%3A270368911340%2C%22model_selection_logic%22%3A3%7D&sp_atk=412f906f-65de-42fe-a142-554857fc5256&xptdk=412f906f-65de-42fe-a142-554857fc5256,,,< 2 Hari,
https://down-id.img.susercontent.com/file/id-11134207-7ra0o-mc78u9gd6e6144,Realme C61 8/128 GB Garansi Resmi Indonesia Second Bekas Original,https://deo.shopeemobile.com/shopee/modules-federation/live/0/shopee__item-card-standard-v2/0.2.8/pc/a425c915798471b33e5d.png,Rp,1.225.000,,https://deo.shopeemobile.com/shopee/modules-federation/live/0/shopee__item-card-standard-v2/0.2.8/pc/0614b8f0a8fdde22942d.svg,,,https://deo.shopeemobile.com/shopee/modules-federation/live/0/shopee__item-card-standard-v2/0.2.8/pc/38e203dc86172a6c6560.svg,https://deo.shopeemobile.com/shopee/modules-federation/live/0/shopee__item-card-standard-v2/0.2.8/pc/0614b8f0a8fdde22942d.svg,< 2 Hari,https://deo.shopeemobile.com/shopee/modules-federation/live/0/shopee__item-card-standard-v2/0.2.8/pc/5dd7b4560d0e2d3190e8.svg,Jakarta Utara,,,,< 2 Hari,,"Realme C61 8/128 GB Garansi Resmi Indonesia Second Bekas Original
Rp
1.225.000
< 2 Hari
Jakarta Utara",https://shopee.co.id/Realme-C61-8-128-GB-Garansi-Resmi-Indonesia-Second-Bekas-Original-i.1388801445.43608524671?extraParams=%7B%22display_model_id%22%3A285718738138%2C%22model_selection_logic%22%3A3%7D&sp_atk=02b9ddc7-3d44-437e-ba97-7b863744ca0f&xptdk=02b9ddc7-3d44-437e-ba97-7b863744ca0f,,,< 2 Hari,
https://down-id.img.susercontent.com/file/id-11134207-7rbk6-m9sap50k9naoc9,Realme GT 6 12/256 GB Garansi Resmi  Indonesia Second Bekas Original,https://deo.shopeemobile.com/shopee/modules-federation/live/0/shopee__item-card-standard-v2/0.2.8/pc/e4734dab67ee2f9ebd5a.png,Rp,4.990.000,,https://deo.shopeemobile.com/shopee/modules-federation/live/0/shopee__item-card-standard-v2/0.2.8/pc/d7099d3fd1dfdaf705ab.svg,,,https://deo.shopeemobile.com/shopee/modules-federation/live/0/shopee__item-card-standard-v2/0.2.8/pc/38e203dc86172a6c6560.svg,https://deo.shopeemobile.com/shopee/modules-federation/live/0/shopee__item-card-standard-v2/0.2.8/pc/0614b8f0a8fdde22942d.svg,< 2 Hari,https://deo.shopeemobile.com/shopee/modules-federation/live/0/shopee__item-card-standard-v2/0.2.8/pc/5dd7b4560d0e2d3190e8.svg,Jakarta Utara,,,,< 2 Hari,,"Realme GT 6 12/256 GB Garansi Resmi Indonesia Second Bekas Original
Rp
4.990.000
5.0
5 Terjual
< 2 Hari
Jakarta Utara",https://shopee.co.id/Realme-GT-6-12-256-GB-Garansi-Resmi-Indonesia-Second-Bekas-Original-i.304735900.41250944668?extraParams=%7B%22display_model_id%22%3A285075492361%2C%22model_selection_logic%22%3A3%7D&sp_atk=7ed747a9-77e7-4ed9-a088-82b48940fe6c&xptdk=7ed747a9-77e7-4ed9-a088-82b48940fe6c,,,5 Terjual,5.0
https://down-id.img.susercontent.com/file/id-11134207-7rbk7-m9zdu07ydjjn4e,Realme 12X 5G 8/256 GB Garansi Resmi Indonesia Second Bekas Original,https://deo.shopeemobile.com/shopee/modules-federation/live/0/shopee__item-card-standard-v2/0.2.8/pc/e4734dab67ee2f9ebd5a.png,Rp,1.925.000,,https://deo.shopeemobile.com/shopee/modules-federation/live/0/shopee__item-card-standard-v2/0.2.8/pc/0614b8f0a8fdde22942d.svg,,,https://deo.shopeemobile.com/shopee/modules-federation/live/0/shopee__item-card-standard-v2/0.2.8/pc/38e203dc86172a6c6560.svg,https://deo.shopeemobile.com/shopee/modules-federation/live/0/shopee__item-card-standard-v2/0.2.8/pc/0614b8f0a8fdde22942d.svg,< 2 Hari,https://deo.shopeemobile.com/shopee/modules-federation/live/0/shopee__item-card-standard-v2/0.2.8/pc/5dd7b4560d0e2d3190e8.svg,Jakarta Utara,,,,< 2 Hari,,"Realme 12X 5G 8/256 GB Garansi Resmi Indonesia Second Bekas Original
Rp
1.925.000
< 2 Hari
Jakarta Utara",https://shopee.co.id/Realme-12X-5G-8-256-GB-Garansi-Resmi-Indonesia-Second-Bekas-Original-i.515774005.29686761422?extraParams=%7B%22display_model_id%22%3A99836436442%2C%22model_selection_logic%22%3A3%7D&sp_atk=0379a97f-392f-4c59-90bb-bf3bace7f4c0&xptdk=0379a97f-392f-4c59-90bb-bf3bace7f4c0,,,< 2 Hari,
https://down-id.img.susercontent.com/file/id-11134207-7r98u-lvlqag6u3xs5c6,REALME 6 4/128 GB ORIGINAL REALME STORE SECOND,https://deo.shopeemobile.com/shopee/modules-federation/live/0/shopee__item-card-standard-v2/0.2.8/pc/a425c915798471b33e5d.png,Rp,2.099.900,,https://deo.shopeemobile.com/shopee/modules-federation/live/0/shopee__item-card-standard-v2/0.2.8/pc/0614b8f0a8fdde22942d.svg,,,https://deo.shopeemobile.com/shopee/modules-federation/live/0/shopee__item-card-standard-v2/0.2.8/pc/38e203dc86172a6c6560.svg,https://deo.shopeemobile.com/shopee/modules-federation/live/0/shopee__item-card-standard-v2/0.2.8/pc/0614b8f0a8fdde22942d.svg,< 2 Hari,https://deo.shopeemobile.com/shopee/modules-federation/live/0/shopee__item-card-standard-v2/0.2.8/pc/5dd7b4560d0e2d3190e8.svg,Kab. Bandung Barat,https://down-id.img.susercontent.com/file/id-11134258-8224v-mkvw0cu9r7k1a5,,,< 2 Hari,,"REALME 6 4/128 GB ORIGINAL REALME STORE SECOND
Rp
2.099.900
< 2 Hari
Kab. Bandung Barat",https://shopee.co.id/REALME-6-4-128-GB-ORIGINAL-REALME-STORE-SECOND-i.277478918.27400663835?extraParams=%7B%22display_model_id%22%3A245874840647%2C%22model_selection_logic%22%3A3%7D&sp_atk=c091b258-b5c2-4aab-9bc7-30e762dc5b21&xptdk=c091b258-b5c2-4aab-9bc7-30e762dc5b21,,,< 2 Hari,
https://down-id.img.susercontent.com/file/16ffdbe8b299854690aa64eba7a368a5,Realme C25S Ram 4 Rom 128 GB (SECOND),https://deo.shopeemobile.com/shopee/modules-federation/live/0/shopee__item-card-standard-v2/0.2.8/pc/e4734dab67ee2f9ebd5a.png,Rp,1.230.999,,https://deo.shopeemobile.com/shopee/modules-federation/live/0/shopee__item-card-standard-v2/0.2.8/pc/d7099d3fd1dfdaf705ab.svg,,,https://deo.shopeemobile.com/shopee/modules-federation/live/0/shopee__item-card-standard-v2/0.2.8/pc/38e203dc86172a6c6560.svg,https://deo.shopeemobile.com/shopee/modules-federation/live/0/shopee__item-card-standard-v2/0.2.8/pc/0614b8f0a8fdde22942d.svg,Besok 12:00,https://deo.shopeemobile.com/shopee/modules-federation/live/0/shopee__item-card-standard-v2/0.2.8/pc/5dd7b4560d0e2d3190e8.svg,Surabaya,https://down-id.img.susercontent.com/file/id-11134258-822wr-mlx5y0tebegw04,-41%,,Cashback 99%,,"Realme C25S Ram 4 Rom 128 GB (SECOND)
Rp
1.230.999
-41%
Cashback 99%
4.8
19 Terjual
Besok 12:00
Surabaya",https://shopee.co.id/Realme-C25S-Ram-4-Rom-128-GB-(SECOND)-i.288677122.12761215988?extraParams=%7B%22display_model_id%22%3A197103248250%2C%22model_selection_logic%22%3A3%7D&sp_atk=0db07366-d7fb-4d24-b6f2-2cdf4e006453&xptdk=0db07366-d7fb-4d24-b6f2-2cdf4e006453,,,19 Terjual,4.8
https://down-id.img.susercontent.com/file/id-11134207-7rash-m5fk4mboq0m097,REALME C55 8/256~6/128 FULLSET SECOND ORI,,Rp,1.599.000,https://deo.shopeemobile.com/shopee/modules-federation/live/0/shopee__item-card-standard-v2/0.2.8/pc/d2a1900a0267d45fd0f5.png,,,,https://deo.shopeemobile.com/shopee/modules-federation/live/0/shopee__item-card-standard-v2/0.2.8/pc/76dff349290d20891fc1.svg,,,https://deo.shopeemobile.com/shopee/modules-federation/live/0/shopee__item-card-standard-v2/0.2.8/pc/5dd7b4560d0e2d3190e8.svg,Kab. Semarang,https://down-id.img.susercontent.com/file/id-11134258-822wr-mlx5y0tebegw04,,,,,"REALME C55 8/256~6/128 FULLSET SECOND ORI
Rp
1.599.000
2-4 Hari
Kab. Semarang",https://shopee.co.id/REALME-C55-8-256~6-128-FULLSET-SECOND-ORI-i.375168195.27874640041?extraParams=%7B%22display_model_id%22%3A242555509053%2C%22model_selection_logic%22%3A3%7D&sp_atk=2ada6a50-242e-4485-a538-ee3ac9d57107&xptdk=2ada6a50-242e-4485-a538-ee3ac9d57107,,,2-4 Hari,
https://down-id.img.susercontent.com/file/id-11134207-7ra0o-mbgesy03fgdpbe,REALME C75 8/128 8/256 SECOND FULLSET,https://deo.shopeemobile.com/shopee/modules-federation/live/0/shopee__item-card-standard-v2/0.2.8/pc/e4734dab67ee2f9ebd5a.png,Rp,2.299.000,,https://deo.shopeemobile.com/shopee/modules-federation/live/0/shopee__item-card-standard-v2/0.2.8/pc/d7099d3fd1dfdaf705ab.svg,,,https://deo.shopeemobile.com/shopee/modules-federation/live/0/shopee__item-card-standard-v2/0.2.8/pc/76dff349290d20891fc1.svg,,,https://deo.shopeemobile.com/shopee/modules-federation/live/0/shopee__item-card-standard-v2/0.2.8/pc/5dd7b4560d0e2d3190e8.svg,Jakarta Barat,https://down-id.img.susercontent.com/file/id-11134258-8224v-mkvw0cu9r7k1a5,,,,,"REALME C75 8/128 8/256 SECOND FULLSET
Rp
2.299.000
4.8
63 Terjual
2-4 Hari
Jakarta Barat",https://shopee.co.id/REALME-C75-8-128-8-256-SECOND-FULLSET-i.365327344.27273117791?extraParams=%7B%22display_model_id%22%3A168875316300%2C%22model_selection_logic%22%3A3%7D&sp_atk=5683ee07-4f4b-4ed6-b790-b79e3dac9f48&xptdk=5683ee07-4f4b-4ed6-b790-b79e3dac9f48,,,63 Terjual,4.8
https://down-id.img.susercontent.com/file/id-11134207-7r98s-lzvky6fuot0o3c,Realme C67 8/128 | 8/256 GB Garansi Resmi Indonesia Original Second/Bekas,https://deo.shopeemobile.com/shopee/modules-federation/live/0/shopee__item-card-standard-v2/0.2.8/pc/e4734dab67ee2f9ebd5a.png,Rp,1.475.000,,https://deo.shopeemobile.com/shopee/modules-federation/live/0/shopee__item-card-standard-v2/0.2.8/pc/d7099d3fd1dfdaf705ab.svg,,,https://deo.shopeemobile.com/shopee/modules-federation/live/0/shopee__item-card-standard-v2/0.2.8/pc/38e203dc86172a6c6560.svg,https://deo.shopeemobile.com/shopee/modules-federation/live/0/shopee__item-card-standard-v2/0.2.8/pc/0614b8f0a8fdde22942d.svg,< 2 Hari,https://deo.shopeemobile.com/shopee/modules-federation/live/0/shopee__item-card-standard-v2/0.2.8/pc/5dd7b4560d0e2d3190e8.svg,Jakarta Utara,,,,< 2 Hari,,"Realme C67 8/128 | 8/256 GB Garansi Resmi Indonesia Original Second/Bekas
Rp
1.475.000
5.0
2 Terjual
< 2 Hari
Jakarta Utara",https://shopee.co.id/Realme-C67-8-128-8-256-GB-Garansi-Resmi-Indonesia-Original-Second-Bekas-i.1032487382.25735751112?extraParams=%7B%22display_model_id%22%3A251552524754%2C%22model_selection_logic%22%3A3%7D&sp_atk=758dbe3c-e0a7-4912-ab54-a21d77d607d8&xptdk=758dbe3c-e0a7-4912-ab54-a21d77d607d8,,,2 Terjual,5.0
https://down-id.img.susercontent.com/file/id-11134207-7rasl-m44ab806l22ia3,realme 8 pro 8/128gb second nominus,,Rp,1.700.000,,https://deo.shopeemobile.com/shopee/modules-federation/live/0/shopee__item-card-standard-v2/0.2.8/pc/0614b8f0a8fdde22942d.svg,,,https://deo.shopeemobile.com/shopee/modules-federation/live/0/shopee__item-card-standard-v2/0.2.8/pc/38e203dc86172a6c6560.svg,https://deo.shopeemobile.com/shopee/modules-federation/live/0/shopee__item-card-standard-v2/0.2.8/pc/0614b8f0a8fdde22942d.svg,< 2 Hari,https://deo.shopeemobile.com/shopee/modules-federation/live/0/shopee__item-card-standard-v2/0.2.8/pc/5dd7b4560d0e2d3190e8.svg,Jakarta Selatan,https://down-id.img.susercontent.com/file/id-11134258-8224v-mkvw0cu9r7k1a5,,,< 2 Hari,,"realme 8 pro 8/128gb second nominus
Rp
1.700.000
1 Terjual
< 2 Hari
Jakarta Selatan",https://shopee.co.id/realme-8-pro-8-128gb-second-nominus-i.225821637.27421413475?extraParams=%7B%22display_model_id%22%3A233620230299%2C%22model_selection_logic%22%3A3%7D&sp_atk=ff0b3665-8901-4fe3-ac6e-1448acdf4586&xptdk=ff0b3665-8901-4fe3-ac6e-1448acdf4586,,,1 Terjual,
https://down-id.img.susercontent.com/file/id-11134207-7qukw-lgqhefo9akz799,Realme 10 8/256 Gb Second Helio G99 5000mAh,,Rp,1.975.000,,https://deo.shopeemobile.com/shopee/modules-federation/live/0/shopee__item-card-standard-v2/0.2.8/pc/d7099d3fd1dfdaf705ab.svg,,,https://deo.shopeemobile.com/shopee/modules-federation/live/0/shopee__item-card-standard-v2/0.2.8/pc/76dff349290d20891fc1.svg,,,https://deo.shopeemobile.com/shopee/modules-federation/live/0/shopee__item-card-standard-v2/0.2.8/pc/5dd7b4560d0e2d3190e8.svg,Surabaya,https://down-id.img.susercontent.com/file/id-11134258-8224v-mkvw0cu9r7k1a5,,,,,"Realme 10 8/256 Gb Second Helio G99 5000mAh
Rp
1.975.000
5.0
1 Terjual
1-3 Hari
Surabaya",https://shopee.co.id/Realme-10-8-256-Gb-Second-Helio-G99-5000mAh-i.218934189.22942335025?extraParams=%7B%22display_model_id%22%3A216742130182%2C%22model_selection_logic%22%3A3%7D&sp_atk=6c6d166c-3e4e-416d-a1ee-eb2ed84fc979&xptdk=6c6d166c-3e4e-416d-a1ee-eb2ed84fc979,,,1 Terjual,5.0
https://down-id.img.susercontent.com/file/id-11134207-7r98p-lzvqxk7hy6e327,Realme 11 Pro 5G 8/256 GB Garansi Resmi Indonesia Second Bekas Original,https://deo.shopeemobile.com/shopee/modules-federation/live/0/shopee__item-card-standard-v2/0.2.8/pc/e4734dab67ee2f9ebd5a.png,Rp,2.690.000,,https://deo.shopeemobile.com/shopee/modules-federation/live/0/shopee__item-card-standard-v2/0.2.8/pc/d7099d3fd1dfdaf705ab.svg,,,https://deo.shopeemobile.com/shopee/modules-federation/live/0/shopee__item-card-standard-v2/0.2.8/pc/38e203dc86172a6c6560.svg,https://deo.shopeemobile.com/shopee/modules-federation/live/0/shopee__item-card-standard-v2/0.2.8/pc/0614b8f0a8fdde22942d.svg,< 2 Hari,https://deo.shopeemobile.com/shopee/modules-federation/live/0/shopee__item-card-standard-v2/0.2.8/pc/5dd7b4560d0e2d3190e8.svg,Jakarta Utara,,,,< 2 Hari,,"Realme 11 Pro 5G 8/256 GB Garansi Resmi Indonesia Second Bekas Original
Rp
2.690.000
4.8
11 Terjual
< 2 Hari
Jakarta Utara",https://shopee.co.id/Realme-11-Pro-5G-8-256-GB-Garansi-Resmi-Indonesia-Second-Bekas-Original-i.304735900.27209371583?extraParams=%7B%22display_model_id%22%3A246478760297%2C%22model_selection_logic%22%3A3%7D&sp_atk=16c4f6d5-9e02-4e42-b573-99e1cb37cbeb&xptdk=16c4f6d5-9e02-4e42-b573-99e1cb37cbeb,,,11 Terjual,4.8
https://down-id.img.susercontent.com/file/9d0337fbbb05add95f68bc115e4ce8a5,Realme 8 Pro Second,,Rp,3.499.000,,https://deo.shopeemobile.com/shopee/modules-federation/live/0/shopee__item-card-standard-v2/0.2.8/pc/d7099d3fd1dfdaf705ab.svg,,,https://deo.shopeemobile.com/shopee/modules-federation/live/0/shopee__item-card-standard-v2/0.2.8/pc/38e203dc86172a6c6560.svg,https://deo.shopeemobile.com/shopee/modules-federation/live/0/shopee__item-card-standard-v2/0.2.8/pc/0614b8f0a8fdde22942d.svg,< 2 Hari,https://deo.shopeemobile.com/shopee/modules-federation/live/0/shopee__item-card-standard-v2/0.2.8/pc/5dd7b4560d0e2d3190e8.svg,Kab. Muara Enim,https://down-id.img.susercontent.com/file/id-11134258-8224v-mkvw0cu9r7k1a5,,Cicilan,< 2 Hari,,"Realme 8 Pro Second
Rp
3.499.000
Cicilan
5.0
3 Terjual
< 2 Hari
Kab. Muara Enim",https://shopee.co.id/Realme-8-Pro-Second-i.10472637.7745541131?extraParams=%7B%22display_model_id%22%3A60538049523%2C%22model_selection_logic%22%3A3%7D&sp_atk=7b176396-d587-4552-8cdd-810d426d7ca3&xptdk=7b176396-d587-4552-8cdd-810d426d7ca3,,,3 Terjual,5.0
https://down-id.img.susercontent.com/file/id-11134207-8224t-mgu5jwjhd6oe9d,REALME C53 6/128GB NFC (SECOND) BERGARANSI,,Rp,1.350.000,https://deo.shopeemobile.com/shopee/modules-federation/live/0/shopee__item-card-standard-v2/0.2.8/pc/d2a1900a0267d45fd0f5.png,https://deo.shopeemobile.com/shopee/modules-federation/live/0/shopee__item-card-standard-v2/0.2.8/pc/d7099d3fd1dfdaf705ab.svg,,,https://deo.shopeemobile.com/shopee/modules-federation/live/0/shopee__item-card-standard-v2/0.2.8/pc/76dff349290d20891fc1.svg,,,https://deo.shopeemobile.com/shopee/modules-federation/live/0/shopee__item-card-standard-v2/0.2.8/pc/5dd7b4560d0e2d3190e8.svg,Kab. Sukabumi,https://down-id.img.susercontent.com/file/id-11134258-822wr-mlx5y0tebegw04,,,,,"REALME C53 6/128GB NFC (SECOND) BERGARANSI
Rp
1.350.000
5.0
3 Terjual
2-5 Hari
Kab. Sukabumi",https://shopee.co.id/REALME-C53-6-128GB-NFC-(SECOND)-BERGARANSI-i.69321001.23076742777?extraParams=%7B%22display_model_id%22%3A310095412812%2C%22model_selection_logic%22%3A3%7D&sp_atk=dca4af2a-4ec5-42f6-8d8d-c7f43900f13c&xptdk=dca4af2a-4ec5-42f6-8d8d-c7f43900f13c,,,3 Terjual,5.0
https://down-id.img.susercontent.com/file/id-11134207-7rbk2-m9gqo48yczgyde,Realme C75 Ram 8/128 Second Fullset Original Resmi Garansi Panjang,https://deo.shopeemobile.com/shopee/modules-federation/live/0/shopee__item-card-standard-v2/0.2.8/pc/a425c915798471b33e5d.png,Rp,1.899.000,,https://deo.shopeemobile.com/shopee/modules-federation/live/0/shopee__item-card-standard-v2/0.2.8/pc/0614b8f0a8fdde22942d.svg,,,https://deo.shopeemobile.com/shopee/modules-federation/live/0/shopee__item-card-standard-v2/0.2.8/pc/38e203dc86172a6c6560.svg,https://deo.shopeemobile.com/shopee/modules-federation/live/0/shopee__item-card-standard-v2/0.2.8/pc/0614b8f0a8fdde22942d.svg,< 2 Hari,https://deo.shopeemobile.com/shopee/modules-federation/live/0/shopee__item-card-standard-v2/0.2.8/pc/5dd7b4560d0e2d3190e8.svg,Bekasi,https://down-id.img.susercontent.com/file/id-11134258-8224v-mkvw0cu9r7k1a5,,,< 2 Hari,,"Realme C75 Ram 8/128 Second Fullset Original Resmi Garansi Panjang
Rp
1.899.000
< 2 Hari
Bekasi",https://shopee.co.id/Realme-C75-Ram-8-128-Second-Fullset-Original-Resmi-Garansi-Panjang-i.123384083.29786272027?extraParams=%7B%22display_model_id%22%3A258395534297%2C%22model_selection_logic%22%3A3%7D&sp_atk=41165d0f-b5ef-457f-99dd-14c16cca5e80&xptdk=41165d0f-b5ef-457f-99dd-14c16cca5e80,,,< 2 Hari,
https://down-id.img.susercontent.com/file/id-11134207-7rbka-m6disj0mnv2edd,Realme Note 60 4/64 GB | 6/128 GB Garansi Resmi Indonesia Second Bekas Original,https://deo.shopeemobile.com/shopee/modules-federation/live/0/shopee__item-card-standard-v2/0.2.8/pc/e4734dab67ee2f9ebd5a.png,Rp,1.375.000,,https://deo.shopeemobile.com/shopee/modules-federation/live/0/shopee__item-card-standard-v2/0.2.8/pc/d7099d3fd1dfdaf705ab.svg,,,https://deo.shopeemobile.com/shopee/modules-federation/live/0/shopee__item-card-standard-v2/0.2.8/pc/38e203dc86172a6c6560.svg,https://deo.shopeemobile.com/shopee/modules-federation/live/0/shopee__item-card-standard-v2/0.2.8/pc/0614b8f0a8fdde22942d.svg,< 2 Hari,https://deo.shopeemobile.com/shopee/modules-federation/live/0/shopee__item-card-standard-v2/0.2.8/pc/5dd7b4560d0e2d3190e8.svg,Jakarta Utara,,,,< 2 Hari,,"Realme Note 60 4/64 GB | 6/128 GB Garansi Resmi Indonesia Second Bekas Original
Rp
1.375.000
5.0
7 Terjual
< 2 Hari
Jakarta Utara",https://shopee.co.id/Realme-Note-60-4-64-GB-6-128-GB-Garansi-Resmi-Indonesia-Second-Bekas-Original-i.515774005.26022711017?extraParams=%7B%22display_model_id%22%3A178718246827%2C%22model_selection_logic%22%3A3%7D&sp_atk=639b05d8-dbf5-478b-b87f-170fd2bb1ffb&xptdk=639b05d8-dbf5-478b-b87f-170fd2bb1ffb,,,7 Terjual,5.0
https://down-id.img.susercontent.com/file/id-11134207-7rbk0-m9zdu07ykkdsf8,Realme 12 5G 8/256 GB Garansi Resmi Indonesia Second Bekas Original,https://deo.shopeemobile.com/shopee/modules-federation/live/0/shopee__item-card-standard-v2/0.2.8/pc/e4734dab67ee2f9ebd5a.png,Rp,2.175.000,,https://deo.shopeemobile.com/shopee/modules-federation/live/0/shopee__item-card-standard-v2/0.2.8/pc/d7099d3fd1dfdaf705ab.svg,,,https://deo.shopeemobile.com/shopee/modules-federation/live/0/shopee__item-card-standard-v2/0.2.8/pc/38e203dc86172a6c6560.svg,https://deo.shopeemobile.com/shopee/modules-federation/live/0/shopee__item-card-standard-v2/0.2.8/pc/0614b8f0a8fdde22942d.svg,< 2 Hari,https://deo.shopeemobile.com/shopee/modules-federation/live/0/shopee__item-card-standard-v2/0.2.8/pc/5dd7b4560d0e2d3190e8.svg,Jakarta Utara,,,,< 2 Hari,,"Realme 12 5G 8/256 GB Garansi Resmi Indonesia Second Bekas Original
Rp
2.175.000
5.0
3 Terjual
< 2 Hari
Jakarta Utara",https://shopee.co.id/Realme-12-5G-8-256-GB-Garansi-Resmi-Indonesia-Second-Bekas-Original-i.515774005.42551510203?extraParams=%7B%22display_model_id%22%3A275122816321%2C%22model_selection_logic%22%3A3%7D&sp_atk=1b9f343e-79f4-421b-963a-472c2f482dc4&xptdk=1b9f343e-79f4-421b-963a-472c2f482dc4,,,3 Terjual,5.0
https://down-id.img.susercontent.com/file/id-11134207-23030-ydys2dniopove5,HP Realme 8 5G 8/128GB (Second) + Bonus Softcase,,Rp,2.399.900,,,,,https://deo.shopeemobile.com/shopee/modules-federation/live/0/shopee__item-card-standard-v2/0.2.8/pc/76dff349290d20891fc1.svg,,,https://deo.shopeemobile.com/shopee/modules-federation/live/0/shopee__item-card-standard-v2/0.2.8/pc/5dd7b4560d0e2d3190e8.svg,Jakarta Utara,https://down-id.img.susercontent.com/file/id-11134258-7r98w-lyezzaurybot13,,,,,"HP Realme 8 5G 8/128GB (Second) + Bonus Softcase
Rp
2.399.900
3-6 Hari
Jakarta Utara",https://shopee.co.id/HP-Realme-8-5G-8-128GB-(Second)-Bonus-Softcase-i.57502676.21976192592?extraParams=%7B%22display_model_id%22%3A137480555515%2C%22model_selection_logic%22%3A3%7D&sp_atk=07479e2d-5732-4c51-9af6-26559f1c06bf&xptdk=07479e2d-5732-4c51-9af6-26559f1c06bf,,,3-6 Hari,
https://down-id.img.susercontent.com/file/id-11134207-7rbk3-m6dfi68ppoue5e,Realme C65 8/128 | 8/256 GB Garansi Resmi Indonesia Original Second Bekas,https://deo.shopeemobile.com/shopee/modules-federation/live/0/shopee__item-card-standard-v2/0.2.8/pc/e4734dab67ee2f9ebd5a.png,Rp,1.475.000,,https://deo.shopeemobile.com/shopee/modules-federation/live/0/shopee__item-card-standard-v2/0.2.8/pc/0614b8f0a8fdde22942d.svg,,,https://deo.shopeemobile.com/shopee/modules-federation/live/0/shopee__item-card-standard-v2/0.2.8/pc/38e203dc86172a6c6560.svg,https://deo.shopeemobile.com/shopee/modules-federation/live/0/shopee__item-card-standard-v2/0.2.8/pc/0614b8f0a8fdde22942d.svg,< 2 Hari,https://deo.shopeemobile.com/shopee/modules-federation/live/0/shopee__item-card-standard-v2/0.2.8/pc/5dd7b4560d0e2d3190e8.svg,Jakarta Utara,,,,< 2 Hari,,"Realme C65 8/128 | 8/256 GB Garansi Resmi Indonesia Original Second Bekas
Rp
1.475.000
< 2 Hari
Jakarta Utara",https://shopee.co.id/Realme-C65-8-128-8-256-GB-Garansi-Resmi-Indonesia-Original-Second-Bekas-i.1032487382.26376525043?extraParams=%7B%22display_model_id%22%3A360253414076%2C%22model_selection_logic%22%3A3%7D&sp_atk=d04018f9-fc9e-41dc-a4d0-d6f6832dabe0&xptdk=d04018f9-fc9e-41dc-a4d0-d6f6832dabe0,,,< 2 Hari,
https://down-id.img.susercontent.com/file/id-11134207-81zte-mfrxhddtu2a425,REALME C71 4/128GB & 6/128GB & 8/128GB SECOND,https://deo.shopeemobile.com/shopee/modules-federation/live/0/shopee__item-card-standard-v2/0.2.8/pc/e4734dab67ee2f9ebd5a.png,Rp,1.999.000,https://deo.shopeemobile.com/shopee/modules-federation/live/0/shopee__item-card-standard-v2/0.2.8/pc/d2a1900a0267d45fd0f5.png,https://deo.shopeemobile.com/shopee/modules-federation/live/0/shopee__item-card-standard-v2/0.2.8/pc/d7099d3fd1dfdaf705ab.svg,,,https://deo.shopeemobile.com/shopee/modules-federation/live/0/shopee__item-card-standard-v2/0.2.8/pc/38e203dc86172a6c6560.svg,https://deo.shopeemobile.com/shopee/modules-federation/live/0/shopee__item-card-standard-v2/0.2.8/pc/0614b8f0a8fdde22942d.svg,< 2 Hari,https://deo.shopeemobile.com/shopee/modules-federation/live/0/shopee__item-card-standard-v2/0.2.8/pc/5dd7b4560d0e2d3190e8.svg,Jakarta Barat,,,,< 2 Hari,,"REALME C71 4/128GB & 6/128GB & 8/128GB SECOND
Rp
1.999.000
4.7
34 Terjual
< 2 Hari
Jakarta Barat",https://shopee.co.id/REALME-C71-4-128GB-6-128GB-8-128GB-SECOND-i.86064906.43523916080?extraParams=%7B%22display_model_id%22%3A340005901427%2C%22model_selection_logic%22%3A3%7D&sp_atk=fb70e01c-8e3f-42b8-b75c-123f786e49ff&xptdk=fb70e01c-8e3f-42b8-b75c-123f786e49ff,,,34 Terjual,4.7
https://down-id.img.susercontent.com/file/id-11134207-822wk-mmoyuefauio62f,Realme P3 Lite 4GB+8GB 128GB 6300mAh NFC | Garansi Resmi,https://deo.shopeemobile.com/shopee/modules-federation/live/0/shopee__item-card-standard-v2/0.2.8/pc/a425c915798471b33e5d.png,Rp,1.845.000,https://deo.shopeemobile.com/shopee/modules-federation/live/0/shopee__item-card-standard-v2/0.2.8/pc/d2a1900a0267d45fd0f5.png,https://deo.shopeemobile.com/shopee/modules-federation/live/0/shopee__item-card-standard-v2/0.2.8/pc/d7099d3fd1dfdaf705ab.svg,,,https://deo.shopeemobile.com/shopee/modules-federation/live/0/shopee__item-card-standard-v2/0.2.8/pc/38e203dc86172a6c6560.svg,https://deo.shopeemobile.com/shopee/modules-federation/live/0/shopee__item-card-standard-v2/0.2.8/pc/0614b8f0a8fdde22942d.svg,Besok,https://deo.shopeemobile.com/shopee/modules-federation/live/0/shopee__item-card-standard-v2/0.2.8/pc/5dd7b4560d0e2d3190e8.svg,Surabaya,https://down-id.img.susercontent.com/file/id-11134258-8224v-mkvw0cu9r7k1a5,-46%,Hadiah Gratis,Besok,https://deo.shopeemobile.com/shopee/modules-federation/live/0/shopee__item-card-standard-v2/0.2.8/pc/b4d1b8a78b3621dbdf4a.svg,"Realme P3 Lite 4GB+8GB 128GB 6300mAh NFC | Garansi Resmi
Rp
1.845.000
-46%
Hadiah Gratis
4.9
702 Terjual
Besok
Surabaya",https://shopee.co.id/Realme-P3-Lite-4GB-8GB-128GB-6300mAh-NFC-Garansi-Resmi-i.1366391145.47951984535?extraParams=%7B%22display_model_id%22%3A415387559284%2C%22model_selection_logic%22%3A3%7D&sp_atk=8af1f14d-e147-4daa-84ed-663fc4d77a55&xptdk=8af1f14d-e147-4daa-84ed-663fc4d77a55,,,702 Terjual,4.9
https://down-id.img.susercontent.com/file/id-11134201-7ra0q-mc1tr7oktcmr82,realme C71 4GB+8GB* |128GB (6300 Baterai | 45W Fast Charge | Military Grade Shock Resistance | NFC),https://deo.shopeemobile.com/shopee/modules-federation/live/0/shopee__item-card-standard-v2/0.2.8/pc/7c9110f78e069acbced7.png,Rp,1.899.000,https://deo.shopeemobile.com/shopee/modules-federation/live/0/shopee__item-card-standard-v2/0.2.8/pc/d2a1900a0267d45fd0f5.png,https://deo.shopeemobile.com/shopee/modules-federation/live/0/shopee__item-card-standard-v2/0.2.8/pc/d7099d3fd1dfdaf705ab.svg,,,https://deo.shopeemobile.com/shopee/modules-federation/live/0/shopee__item-card-standard-v2/0.2.8/pc/76dff349290d20891fc1.svg,,,https://deo.shopeemobile.com/shopee/modules-federation/live/0/shopee__item-card-standard-v2/0.2.8/pc/5dd7b4560d0e2d3190e8.svg,Jakarta Utara,https://down-id.img.susercontent.com/file/id-11134258-7r98w-lyezzaurybot13,,,,,"realme C71 4GB+8GB* |128GB (6300 Baterai | 45W Fast Charge | Military Grade Shock Resistance | NFC)
Rp
1.899.000
4.9
10RB+ Terjual
2-3 Hari
Jakarta Utara",https://shopee.co.id/realme-C71-4GB-8GB*-128GB-(6300-Baterai-45W-Fast-Charge-Military-Grade-Shock-Resistance-NFC)-i.109598751.43453727326?extraParams=%7B%22display_model_id%22%3A227864201524%2C%22model_selection_logic%22%3A3%7D&sp_atk=0e9e7da1-0e1e-4806-8c18-d3c5e30cf748&xptdk=0e9e7da1-0e1e-4806-8c18-d3c5e30cf748,,,10RB+ Terjual,4.9
https://down-id.img.susercontent.com/file/id-11134207-8224w-mh8rpshhhfyi22,Realme C71 [8GB+128GB] - Garansi Resmi 1 Tahun,https://deo.shopeemobile.com/shopee/modules-federation/live/0/shopee__item-card-standard-v2/0.2.8/pc/7c9110f78e069acbced7.png,Rp,1.899.000,,https://deo.shopeemobile.com/shopee/modules-federation/live/0/shopee__item-card-standard-v2/0.2.8/pc/d7099d3fd1dfdaf705ab.svg,,,https://deo.shopeemobile.com/shopee/modules-federation/live/0/shopee__item-card-standard-v2/0.2.8/pc/76dff349290d20891fc1.svg,,,https://deo.shopeemobile.com/shopee/modules-federation/live/0/shopee__item-card-standard-v2/0.2.8/pc/5dd7b4560d0e2d3190e8.svg,Jakarta Utara,https://down-id.img.susercontent.com/file/id-11134258-7r98w-lyezzaurybot13,,,,,"Realme C71 [8GB+128GB] - Garansi Resmi 1 Tahun
Rp
1.899.000
4.9
740 Terjual
3-5 Hari
Jakarta Utara",https://shopee.co.id/Realme-C71-8GB-128GB-Garansi-Resmi-1-Tahun-i.1053062682.44254471047?extraParams=%7B%22display_model_id%22%3A119513936703%2C%22model_selection_logic%22%3A3%7D&sp_atk=c562ab61-c99c-48f4-b982-a5a84a3b75ed&xptdk=c562ab61-c99c-48f4-b982-a5a84a3b75ed,,,740 Terjual,4.9
https://down-id.img.susercontent.com/file/id-11134207-7rasm-m35xnxpzmpan35,realme C75 8GB+16GB*|128 GB | IP66/68/69 Dust & Water Resistance| Military Grade Shock Resistance | 6000mAh Massive Batery | NFC,https://deo.shopeemobile.com/shopee/modules-federation/live/0/shopee__item-card-standard-v2/0.2.8/pc/7c9110f78e069acbced7.png,Rp,2.299.000,https://deo.shopeemobile.com/shopee/modules-federation/live/0/shopee__item-card-standard-v2/0.2.8/pc/d2a1900a0267d45fd0f5.png,https://deo.shopeemobile.com/shopee/modules-federation/live/0/shopee__item-card-standard-v2/0.2.8/pc/d7099d3fd1dfdaf705ab.svg,,,https://deo.shopeemobile.com/shopee/modules-federation/live/0/shopee__item-card-standard-v2/0.2.8/pc/76dff349290d20891fc1.svg,,,https://deo.shopeemobile.com/shopee/modules-federation/live/0/shopee__item-card-standard-v2/0.2.8/pc/5dd7b4560d0e2d3190e8.svg,Jakarta Utara,https://down-id.img.susercontent.com/file/id-11134258-7r98w-lyezzaurybot13,-4%,,,,"realme C75 8GB+16GB*|128 GB | IP66/68/69 Dust & Water Resistance| Military Grade Shock Resistance | 6000mAh Massive Batery | NFC
Rp
2.299.000
-4%
4.9
9RB+ Terjual
2-3 Hari
Jakarta Utara",https://shopee.co.id/realme-C75-8GB-16GB*-128-GB-IP66-68-69-Dust-Water-Resistance-Military-Grade-Shock-Resistance-6000mAh-Massive-Batery-NFC-i.109598751.27718399673?extraParams=%7B%22display_model_id%22%3A247086690447%2C%22model_selection_logic%22%3A3%7D&sp_atk=63396a19-388c-4f24-96d5-8a579956cff5&xptdk=63396a19-388c-4f24-96d5-8a579956cff5,,,9RB+ Terjual,4.9
https://down-id.img.susercontent.com/file/id-11134207-822wt-mnfryqdffnk682,realme C71 4/128GB 6/128GB 8/128GB (45W Fast Charge | 120Hz Eye Comfort Display | 400% Ultra Volume),https://deo.shopeemobile.com/shopee/modules-federation/live/0/shopee__item-card-standard-v2/0.2.8/pc/7c9110f78e069acbced7.png,Rp,1.849.000,https://deo.shopeemobile.com/shopee/modules-federation/live/0/shopee__item-card-standard-v2/0.2.8/pc/d2a1900a0267d45fd0f5.png,https://deo.shopeemobile.com/shopee/modules-federation/live/0/shopee__item-card-standard-v2/0.2.8/pc/d7099d3fd1dfdaf705ab.svg,,,https://deo.shopeemobile.com/shopee/modules-federation/live/0/shopee__item-card-standard-v2/0.2.8/pc/76dff349290d20891fc1.svg,,,https://deo.shopeemobile.com/shopee/modules-federation/live/0/shopee__item-card-standard-v2/0.2.8/pc/5dd7b4560d0e2d3190e8.svg,Bandar Lampung,https://down-id.img.susercontent.com/file/id-11134258-8224v-mkvw0cu9r7k1a5,-8%,,,,"realme C71 4/128GB 6/128GB 8/128GB (45W Fast Charge | 120Hz Eye Comfort Display | 400% Ultra Volume)
Rp
1.849.000
-8%
4.9
4RB+ Terjual
3-6 Hari
Bandar Lampung",https://shopee.co.id/realme-C71-4-128GB-6-128GB-8-128GB-(45W-Fast-Charge-120Hz-Eye-Comfort-Display-400-Ultra-Volume)-i.1410261051.26687719332?extraParams=%7B%22display_model_id%22%3A295424823160%2C%22model_selection_logic%22%3A3%7D&sp_atk=69bedbb6-8b94-4e2b-bfa9-1954396b0136&xptdk=69bedbb6-8b94-4e2b-bfa9-1954396b0136,,,4RB+ Terjual,4.9
https://down-id.img.susercontent.com/file/id-11134201-7ra0h-mc1tr7zod2g17f,realme C75 8GB+16GB*|256 GB | IP66/68/69 Dust & Water Resistance| Military Grade Shock Resistance | 6000mAh Massive Battery | NFC,https://deo.shopeemobile.com/shopee/modules-federation/live/0/shopee__item-card-standard-v2/0.2.8/pc/7c9110f78e069acbced7.png,Rp,2.699.000,https://deo.shopeemobile.com/shopee/modules-federation/live/0/shopee__item-card-standard-v2/0.2.8/pc/d2a1900a0267d45fd0f5.png,https://deo.shopeemobile.com/shopee/modules-federation/live/0/shopee__item-card-standard-v2/0.2.8/pc/d7099d3fd1dfdaf705ab.svg,,,https://deo.shopeemobile.com/shopee/modules-federation/live/0/shopee__item-card-standard-v2/0.2.8/pc/76dff349290d20891fc1.svg,,,https://deo.shopeemobile.com/shopee/modules-federation/live/0/shopee__item-card-standard-v2/0.2.8/pc/5dd7b4560d0e2d3190e8.svg,Jakarta Utara,https://down-id.img.susercontent.com/file/id-11134258-7r98w-lyezzaurybot13,-4%,,,,"realme C75 8GB+16GB*|256 GB | IP66/68/69 Dust & Water Resistance| Military Grade Shock Resistance | 6000mAh Massive Battery | NFC
Rp
2.699.000
-4%
4.9
4RB+ Terjual
2-3 Hari
Jakarta Utara",https://shopee.co.id/realme-C75-8GB-16GB*-256-GB-IP66-68-69-Dust-Water-Resistance-Military-Grade-Shock-Resistance-6000mAh-Massive-Battery-NFC-i.109598751.26668402254?extraParams=%7B%22display_model_id%22%3A178555928042%2C%22model_selection_logic%22%3A3%7D&sp_atk=2a1dbca2-a207-4a98-9d89-0ef804cff237&xptdk=2a1dbca2-a207-4a98-9d89-0ef804cff237,,,4RB+ Terjual,4.9
https://down-id.img.susercontent.com/file/id-11134207-822wi-mnfrwdtl0lxk46,realme C85 4G 8GB+16GB*|256GB (7000mAh | IP69 Pro Water Resistance | 144Hz 1200nit Ultra Bright Display ),https://deo.shopeemobile.com/shopee/modules-federation/live/0/shopee__item-card-standard-v2/0.2.8/pc/7c9110f78e069acbced7.png,Rp,2.639.000,https://deo.shopeemobile.com/shopee/modules-federation/live/0/shopee__item-card-standard-v2/0.2.8/pc/d2a1900a0267d45fd0f5.png,https://deo.shopeemobile.com/shopee/modules-federation/live/0/shopee__item-card-standard-v2/0.2.8/pc/d7099d3fd1dfdaf705ab.svg,,,https://deo.shopeemobile.com/shopee/modules-federation/live/0/shopee__item-card-standard-v2/0.2.8/pc/76dff349290d20891fc1.svg,,,https://deo.shopeemobile.com/shopee/modules-federation/live/0/shopee__item-card-standard-v2/0.2.8/pc/5dd7b4560d0e2d3190e8.svg,Bandar Lampung,https://down-id.img.susercontent.com/file/id-11134258-8224v-mkvw0cu9r7k1a5,-6%,,,,"realme C85 4G 8GB+16GB*|256GB (7000mAh | IP69 Pro Water Resistance | 144Hz 1200nit Ultra Bright Display )
Rp
2.639.000
-6%
4.9
376 Terjual
3-6 Hari
Bandar Lampung",https://shopee.co.id/realme-C85-4G-8GB-16GB*-256GB-(7000mAh-IP69-Pro-Water-Resistance-144Hz-1200nit-Ultra-Bright-Display-)-i.1410261051.28077533334?extraParams=%7B%22display_model_id%22%3A400731846661%2C%22model_selection_logic%22%3A3%7D&sp_atk=bb4026cd-d0bf-47cd-b95f-e56efa3d6d88&xptdk=bb4026cd-d0bf-47cd-b95f-e56efa3d6d88,,,376 Terjual,4.9
https://down-id.img.susercontent.com/file/id-11134207-822wn-mmoyxge48uf8a7,realme C85 Pro 8GB+16GB*| 128GB | 256GB (7000mAh | IP69 Pro Water Resistance | 4000nit Ultra Bright AMOLED Display,https://deo.shopeemobile.com/shopee/modules-federation/live/0/shopee__item-card-standard-v2/0.2.8/pc/a425c915798471b33e5d.png,Rp,3.364.000,https://deo.shopeemobile.com/shopee/modules-federation/live/0/shopee__item-card-standard-v2/0.2.8/pc/d2a1900a0267d45fd0f5.png,https://deo.shopeemobile.com/shopee/modules-federation/live/0/shopee__item-card-standard-v2/0.2.8/pc/d7099d3fd1dfdaf705ab.svg,,,https://deo.shopeemobile.com/shopee/modules-federation/live/0/shopee__item-card-standard-v2/0.2.8/pc/38e203dc86172a6c6560.svg,https://deo.shopeemobile.com/shopee/modules-federation/live/0/shopee__item-card-standard-v2/0.2.8/pc/0614b8f0a8fdde22942d.svg,Besok,https://deo.shopeemobile.com/shopee/modules-federation/live/0/shopee__item-card-standard-v2/0.2.8/pc/5dd7b4560d0e2d3190e8.svg,Surabaya,https://down-id.img.susercontent.com/file/id-11134258-8224v-mkvw0cu9r7k1a5,-44%,Hadiah Gratis,Besok,https://deo.shopeemobile.com/shopee/modules-federation/live/0/shopee__item-card-standard-v2/0.2.8/pc/b4d1b8a78b3621dbdf4a.svg,"realme C85 Pro 8GB+16GB*| 128GB | 256GB (7000mAh | IP69 Pro Water Resistance | 4000nit Ultra Bright AMOLED Display
Rp
3.364.000
-44%
Hadiah Gratis
4.9
111 Terjual
Besok
Surabaya",https://shopee.co.id/realme-C85-Pro-8GB-16GB*-128GB-256GB-(7000mAh-IP69-Pro-Water-Resistance-4000nit-Ultra-Bright-AMOLED-Display-i.1366391145.55902249180?extraParams=%7B%22display_model_id%22%3A340387579255%2C%22model_selection_logic%22%3A3%7D&sp_atk=1f6eb602-cd29-4854-80c5-774e5f6d5a01&xptdk=1f6eb602-cd29-4854-80c5-774e5f6d5a01,,,111 Terjual,4.9
https://down-id.img.susercontent.com/file/id-11134207-822wg-mmski13njs3qd0,realme Note 80 4GB+8GB*|128GB (Desain Tangguh | 6300mAh Baterai | Proteksi ArmorShell | Jaminan Lancar Hingga 48-bulan | IP54),,Rp,2.114.000,,https://deo.shopeemobile.com/shopee/modules-federation/live/0/shopee__item-card-standard-v2/0.2.8/pc/0614b8f0a8fdde22942d.svg,,,https://deo.shopeemobile.com/shopee/modules-federation/live/0/shopee__item-card-standard-v2/0.2.8/pc/38e203dc86172a6c6560.svg,https://deo.shopeemobile.com/shopee/modules-federation/live/0/shopee__item-card-standard-v2/0.2.8/pc/0614b8f0a8fdde22942d.svg,< 2 Hari,https://deo.shopeemobile.com/shopee/modules-federation/live/0/shopee__item-card-standard-v2/0.2.8/pc/5dd7b4560d0e2d3190e8.svg,Kab. Tangerang,,-2%,,< 2 Hari,https://deo.shopeemobile.com/shopee/modules-federation/live/0/shopee__item-card-standard-v2/0.2.8/pc/b4d1b8a78b3621dbdf4a.svg,"realme Note 80 4GB+8GB*|128GB (Desain Tangguh | 6300mAh Baterai | Proteksi ArmorShell | Jaminan Lancar Hingga 48-bulan | IP54)
Rp
2.114.000
-2%
< 2 Hari
Kab. Tangerang",https://shopee.co.id/realme-Note-80-4GB-8GB*-128GB-(Desain-Tangguh-6300mAh-Baterai-Proteksi-ArmorShell-Jaminan-Lancar-Hingga-48-bulan-IP54)-i.1546047223.53608395094?extraParams=%7B%22display_model_id%22%3A395744826543%2C%22model_selection_logic%22%3A3%7D&sp_atk=b4527fa5-424a-4de3-9b7b-469142a36f39&xptdk=b4527fa5-424a-4de3-9b7b-469142a36f39,,,< 2 Hari,
https://down-id.img.susercontent.com/file/id-11134201-7ra0h-mc1tr82gbtepd6,realme P3 5G 12GB+14GB*|256GB (Snapdragon® 6 Gen 4 | 6000mAh Battery | 45W Fast Charge | NFC),https://deo.shopeemobile.com/shopee/modules-federation/live/0/shopee__item-card-standard-v2/0.2.8/pc/7c9110f78e069acbced7.png,Rp,3.999.000,https://deo.shopeemobile.com/shopee/modules-federation/live/0/shopee__item-card-standard-v2/0.2.8/pc/d2a1900a0267d45fd0f5.png,https://deo.shopeemobile.com/shopee/modules-federation/live/0/shopee__item-card-standard-v2/0.2.8/pc/d7099d3fd1dfdaf705ab.svg,,,https://deo.shopeemobile.com/shopee/modules-federation/live/0/shopee__item-card-standard-v2/0.2.8/pc/76dff349290d20891fc1.svg,,,https://deo.shopeemobile.com/shopee/modules-federation/live/0/shopee__item-card-standard-v2/0.2.8/pc/5dd7b4560d0e2d3190e8.svg,Jakarta Utara,https://down-id.img.susercontent.com/file/id-11134258-7r98w-lyezzaurybot13,,,,,"realme P3 5G 12GB+14GB*|256GB (Snapdragon® 6 Gen 4 | 6000mAh Battery | 45W Fast Charge | NFC)
Rp
3.999.000
4.9
3RB+ Terjual
2-3 Hari
Jakarta Utara",https://shopee.co.id/realme-P3-5G-12GB-14GB*-256GB-(Snapdragon%C2%AE-6-Gen-4-6000mAh-Battery-45W-Fast-Charge-NFC)-i.109598751.43751114408?extraParams=%7B%22display_model_id%22%3A147846192495%2C%22model_selection_logic%22%3A3%7D&sp_atk=b1797601-f9fa-49e2-8c0c-6d2efdf02f04&xptdk=b1797601-f9fa-49e2-8c0c-6d2efdf02f04,,,3RB+ Terjual,4.9
https://down-id.img.susercontent.com/file/id-11134207-7rbk7-mb24xunpyb2x9e,realme C75 8GB+16GB*|256 GB | IP66/68/69 Dust & Water Resistance| Military Grade Shock Resistance | 6000mAh Massive Battery,https://deo.shopeemobile.com/shopee/modules-federation/live/0/shopee__item-card-standard-v2/0.2.8/pc/7c9110f78e069acbced7.png,Rp,2.899.000,https://deo.shopeemobile.com/shopee/modules-federation/live/0/shopee__item-card-standard-v2/0.2.8/pc/d2a1900a0267d45fd0f5.png,https://deo.shopeemobile.com/shopee/modules-federation/live/0/shopee__item-card-standard-v2/0.2.8/pc/d7099d3fd1dfdaf705ab.svg,,,https://deo.shopeemobile.com/shopee/modules-federation/live/0/shopee__item-card-standard-v2/0.2.8/pc/38e203dc86172a6c6560.svg,https://deo.shopeemobile.com/shopee/modules-federation/live/0/shopee__item-card-standard-v2/0.2.8/pc/0614b8f0a8fdde22942d.svg,< 2 Hari,https://deo.shopeemobile.com/shopee/modules-federation/live/0/shopee__item-card-standard-v2/0.2.8/pc/5dd7b4560d0e2d3190e8.svg,Kab. Tangerang,https://down-id.img.susercontent.com/file/id-11134258-822wp-mnayfzzccrupa3,,,< 2 Hari,,"realme C75 8GB+16GB*|256 GB | IP66/68/69 Dust & Water Resistance| Military Grade Shock Resistance | 6000mAh Massive Battery
Rp
2.899.000
5.0
233 Terjual
< 2 Hari
Kab. Tangerang",https://shopee.co.id/realme-C75-8GB-16GB*-256-GB-IP66-68-69-Dust-Water-Resistance-Military-Grade-Shock-Resistance-6000mAh-Massive-Battery-i.1050447455.29270402621?extraParams=%7B%22display_model_id%22%3A223575939501%2C%22model_selection_logic%22%3A3%7D&sp_atk=b0d98e7c-ce1c-4266-80ff-523c8b9f6a13&xptdk=b0d98e7c-ce1c-4266-80ff-523c8b9f6a13,,,233 Terjual,5.0
https://down-id.img.susercontent.com/file/id-11134207-8224s-mjjn50p4qzuoa3,realme C85 8/128GB 8GB+16GB Extended RAM IP69 Pro Water Resistance Official Store HP Android Murah,https://deo.shopeemobile.com/shopee/modules-federation/live/0/shopee__item-card-standard-v2/0.2.8/pc/7c9110f78e069acbced7.png,Rp,2.667.080,https://deo.shopeemobile.com/shopee/modules-federation/live/0/shopee__item-card-standard-v2/0.2.8/pc/d2a1900a0267d45fd0f5.png,https://deo.shopeemobile.com/shopee/modules-federation/live/0/shopee__item-card-standard-v2/0.2.8/pc/d7099d3fd1dfdaf705ab.svg,,,https://deo.shopeemobile.com/shopee/modules-federation/live/0/shopee__item-card-standard-v2/0.2.8/pc/76dff349290d20891fc1.svg,,,https://deo.shopeemobile.com/shopee/modules-federation/live/0/shopee__item-card-standard-v2/0.2.8/pc/5dd7b4560d0e2d3190e8.svg,Jakarta Utara,https://down-id.img.susercontent.com/file/id-11134258-822ws-mnciva8io4qu2f,-28%,,,https://deo.shopeemobile.com/shopee/modules-federation/live/0/shopee__item-card-standard-v2/0.2.8/pc/b4d1b8a78b3621dbdf4a.svg,"realme C85 8/128GB 8GB+16GB Extended RAM IP69 Pro Water Resistance Official Store HP Android Murah
Rp
2.667.080
-28%
4.9
273 Terjual
2-4 Hari
Jakarta Utara",https://shopee.co.id/realme-C85-8-128GB-8GB-16GB-Extended-RAM-IP69-Pro-Water-Resistance-Official-Store-HP-Android-Murah-i.131698265.26728481873?extraParams=%7B%22display_model_id%22%3A435442296437%2C%22model_selection_logic%22%3A3%7D&sp_atk=b9762a5c-7b9c-4686-84ba-d48cc05ef9d4&xptdk=b9762a5c-7b9c-4686-84ba-d48cc05ef9d4,,,273 Terjual,4.9
https://down-id.img.susercontent.com/file/id-11134207-8224z-mhkrph4tdvy9f6,realme C85 Pro 8GB+256GB NFC | 7000mAh Battery | 7.79mm Slim Design | 120Hz Screen | Snapdragon 685 Processor,https://deo.shopeemobile.com/shopee/modules-federation/live/0/shopee__item-card-standard-v2/0.2.8/pc/7c9110f78e069acbced7.png,Rp,3.850.000,,https://deo.shopeemobile.com/shopee/modules-federation/live/0/shopee__item-card-standard-v2/0.2.8/pc/d7099d3fd1dfdaf705ab.svg,,,https://deo.shopeemobile.com/shopee/modules-federation/live/0/shopee__item-card-standard-v2/0.2.8/pc/38e203dc86172a6c6560.svg,https://deo.shopeemobile.com/shopee/modules-federation/live/0/shopee__item-card-standard-v2/0.2.8/pc/0614b8f0a8fdde22942d.svg,< 2 Hari,https://deo.shopeemobile.com/shopee/modules-federation/live/0/shopee__item-card-standard-v2/0.2.8/pc/5dd7b4560d0e2d3190e8.svg,Kab. Tangerang,https://down-id.img.susercontent.com/file/id-11134258-822wp-mnayfzzccrupa3,-1%,,< 2 Hari,,"realme C85 Pro 8GB+256GB NFC | 7000mAh Battery | 7.79mm Slim Design | 120Hz Screen | Snapdragon 685 Processor
Rp
3.850.000
-1%
4.9
348 Terjual
< 2 Hari
Kab. Tangerang",https://shopee.co.id/realme-C85-Pro-8GB-256GB-NFC-7000mAh-Battery-7.79mm-Slim-Design-120Hz-Screen-Snapdragon-685-Processor-i.1050447455.55452228752?extraParams=%7B%22display_model_id%22%3A287208282783%2C%22model_selection_logic%22%3A3%7D&sp_atk=fd02a782-a42a-49e6-89b0-8ca8d67451e7&xptdk=fd02a782-a42a-49e6-89b0-8ca8d67451e7,,,348 Terjual,4.9
https://down-id.img.susercontent.com/file/id-11134207-8224p-ml4oz8m9uxvx4b,"[NEW LAUNCH] realme 16 5G (8/256) (12/256)- Dimensity 6400 Turbo Chipset, 7000mAh Titan Battery",https://deo.shopeemobile.com/shopee/modules-federation/live/0/shopee__item-card-standard-v2/0.2.8/pc/7c9110f78e069acbced7.png,Rp,5.059.080,https://deo.shopeemobile.com/shopee/modules-federation/live/0/shopee__item-card-standard-v2/0.2.8/pc/d2a1900a0267d45fd0f5.png,https://deo.shopeemobile.com/shopee/modules-federation/live/0/shopee__item-card-standard-v2/0.2.8/pc/d7099d3fd1dfdaf705ab.svg,,,https://deo.shopeemobile.com/shopee/modules-federation/live/0/shopee__item-card-standard-v2/0.2.8/pc/76dff349290d20891fc1.svg,,,https://deo.shopeemobile.com/shopee/modules-federation/live/0/shopee__item-card-standard-v2/0.2.8/pc/5dd7b4560d0e2d3190e8.svg,Jakarta Utara,https://down-id.img.susercontent.com/file/id-11134258-822ws-mnciva8io4qu2f,-37%,,,https://deo.shopeemobile.com/shopee/modules-federation/live/0/shopee__item-card-standard-v2/0.2.8/pc/b4d1b8a78b3621dbdf4a.svg,"[NEW LAUNCH] realme 16 5G (8/256) (12/256)- Dimensity 6400 Turbo Chipset, 7000mAh Titan Battery
Rp
5.059.080
-37%
5.0
14 Terjual
2-4 Hari
Jakarta Utara",https://shopee.co.id/-NEW-LAUNCH-realme-16-5G-(8-256)-(12-256)-Dimensity-6400-Turbo-Chipset-7000mAh-Titan-Battery-i.131726527.44450383382?extraParams=%7B%22display_model_id%22%3A385579148415%2C%22model_selection_logic%22%3A3%7D&sp_atk=c9e75bc4-73d3-4e55-afc5-4bd2d21555fd&xptdk=c9e75bc4-73d3-4e55-afc5-4bd2d21555fd,,,14 Terjual,5.0
https://down-id.img.susercontent.com/file/id-11134207-822wm-mnfewa7ybzsy42,realme C71 4GB+8GB* 128GB | 6GB+8GB* 128GB | 8GB+8GB* 128GB (6300 Baterai | 45W Fast Charge,https://deo.shopeemobile.com/shopee/modules-federation/live/0/shopee__item-card-standard-v2/0.2.8/pc/7c9110f78e069acbced7.png,Rp,1.999.000,https://deo.shopeemobile.com/shopee/modules-federation/live/0/shopee__item-card-standard-v2/0.2.8/pc/d2a1900a0267d45fd0f5.png,https://deo.shopeemobile.com/shopee/modules-federation/live/0/shopee__item-card-standard-v2/0.2.8/pc/d7099d3fd1dfdaf705ab.svg,,,https://deo.shopeemobile.com/shopee/modules-federation/live/0/shopee__item-card-standard-v2/0.2.8/pc/76dff349290d20891fc1.svg,,,https://deo.shopeemobile.com/shopee/modules-federation/live/0/shopee__item-card-standard-v2/0.2.8/pc/5dd7b4560d0e2d3190e8.svg,Medan,https://down-id.img.susercontent.com/file/id-11134258-8224v-mkvw0cu9r7k1a5,,,,,"realme C71 4GB+8GB* 128GB | 6GB+8GB* 128GB | 8GB+8GB* 128GB (6300 Baterai | 45W Fast Charge
Rp
1.999.000
5.0
504 Terjual
4-8 Hari
Medan",https://shopee.co.id/realme-C71-4GB-8GB*-128GB-6GB-8GB*-128GB-8GB-8GB*-128GB-(6300-Baterai-45W-Fast-Charge-i.1572159675.43305985994?extraParams=%7B%22display_model_id%22%3A305500177298%2C%22model_selection_logic%22%3A3%7D&sp_atk=9e52de92-81da-4e3d-88d7-dbc62f8971b6&xptdk=9e52de92-81da-4e3d-88d7-dbc62f8971b6,,,504 Terjual,5.0
https://down-id.img.susercontent.com/file/id-11134207-822wh-mnfrz65pxon601,realme C85 Pro 8GB+16GB RAM  | 256GB | 128GB | 7000mAh IP69 Pro Water Resistance | 144Hz Display,https://deo.shopeemobile.com/shopee/modules-federation/live/0/shopee__item-card-standard-v2/0.2.8/pc/7c9110f78e069acbced7.png,Rp,3.399.000,https://deo.shopeemobile.com/shopee/modules-federation/live/0/shopee__item-card-standard-v2/0.2.8/pc/d2a1900a0267d45fd0f5.png,https://deo.shopeemobile.com/shopee/modules-federation/live/0/shopee__item-card-standard-v2/0.2.8/pc/d7099d3fd1dfdaf705ab.svg,,,https://deo.shopeemobile.com/shopee/modules-federation/live/0/shopee__item-card-standard-v2/0.2.8/pc/76dff349290d20891fc1.svg,,,https://deo.shopeemobile.com/shopee/modules-federation/live/0/shopee__item-card-standard-v2/0.2.8/pc/5dd7b4560d0e2d3190e8.svg,Bandar Lampung,https://down-id.img.susercontent.com/file/id-11134258-8224v-mkvw0cu9r7k1a5,-6%,,,,"realme C85 Pro 8GB+16GB RAM | 256GB | 128GB | 7000mAh IP69 Pro Water Resistance | 144Hz Display
Rp
3.399.000
-6%
4.9
150 Terjual
3-6 Hari
Bandar Lampung",https://shopee.co.id/realme-C85-Pro-8GB-16GB-RAM-256GB-128GB-7000mAh-IP69-Pro-Water-Resistance-144Hz-Display-i.1410261051.41126605992?extraParams=%7B%22display_model_id%22%3A395163362041%2C%22model_selection_logic%22%3A3%7D&sp_atk=384b5265-82e4-4908-bb27-d209b16a2a9c&xptdk=384b5265-82e4-4908-bb27-d209b16a2a9c,,,150 Terjual,4.9
https://down-id.img.susercontent.com/file/id-11134207-8224t-mi1h82a42scg05,realme C85 8GB+16GB |128GB ( Baterai 7000mAh 45W Fast Charge | 144Hz 1200nit Ultra Bright Display ),https://deo.shopeemobile.com/shopee/modules-federation/live/0/shopee__item-card-standard-v2/0.2.8/pc/7c9110f78e069acbced7.png,Rp,2.667.080,https://deo.shopeemobile.com/shopee/modules-federation/live/0/shopee__item-card-standard-v2/0.2.8/pc/d2a1900a0267d45fd0f5.png,https://deo.shopeemobile.com/shopee/modules-federation/live/0/shopee__item-card-standard-v2/0.2.8/pc/d7099d3fd1dfdaf705ab.svg,,,https://deo.shopeemobile.com/shopee/modules-federation/live/0/shopee__item-card-standard-v2/0.2.8/pc/76dff349290d20891fc1.svg,,,https://deo.shopeemobile.com/shopee/modules-federation/live/0/shopee__item-card-standard-v2/0.2.8/pc/5dd7b4560d0e2d3190e8.svg,Jakarta Utara,https://down-id.img.susercontent.com/file/id-11134258-822ws-mnciva8io4qu2f,-14%,,,https://deo.shopeemobile.com/shopee/modules-federation/live/0/shopee__item-card-standard-v2/0.2.8/pc/b4d1b8a78b3621dbdf4a.svg,"realme C85 8GB+16GB |128GB ( Baterai 7000mAh 45W Fast Charge | 144Hz 1200nit Ultra Bright Display )
Rp
2.667.080
-14%
4.9
2RB+ Terjual
3-5 Hari
Jakarta Utara",https://shopee.co.id/realme-C85-8GB-16GB-128GB-(-Baterai-7000mAh-45W-Fast-Charge-144Hz-1200nit-Ultra-Bright-Display-)-i.119894868.25792067836?extraParams=%7B%22display_model_id%22%3A282263114623%2C%22model_selection_logic%22%3A3%7D&sp_atk=0ea3d5a3-5637-4a80-aa89-8a00549c54ce&xptdk=0ea3d5a3-5637-4a80-aa89-8a00549c54ce,,,2RB+ Terjual,4.9
https://down-id.img.susercontent.com/file/id-11134207-822wp-mnfrwq8djtac76,realme C75 8GB+16GB*|128 GB | 256 GB | IP66/68/69 Dust & Water Resistance| Military Grade Shock Resistance,https://deo.shopeemobile.com/shopee/modules-federation/live/0/shopee__item-card-standard-v2/0.2.8/pc/7c9110f78e069acbced7.png,Rp,2.675.000,https://deo.shopeemobile.com/shopee/modules-federation/live/0/shopee__item-card-standard-v2/0.2.8/pc/d2a1900a0267d45fd0f5.png,https://deo.shopeemobile.com/shopee/modules-federation/live/0/shopee__item-card-standard-v2/0.2.8/pc/d7099d3fd1dfdaf705ab.svg,,,https://deo.shopeemobile.com/shopee/modules-federation/live/0/shopee__item-card-standard-v2/0.2.8/pc/76dff349290d20891fc1.svg,,,https://deo.shopeemobile.com/shopee/modules-federation/live/0/shopee__item-card-standard-v2/0.2.8/pc/5dd7b4560d0e2d3190e8.svg,Bandar Lampung,https://down-id.img.susercontent.com/file/id-11134258-8224v-mkvw0cu9r7k1a5,-4%,,,,"realme C75 8GB+16GB*|128 GB | 256 GB | IP66/68/69 Dust & Water Resistance| Military Grade Shock Resistance
Rp
2.675.000
-4%
4.9
358 Terjual
3-6 Hari
Bandar Lampung",https://shopee.co.id/realme-C75-8GB-16GB*-128-GB-256-GB-IP66-68-69-Dust-Water-Resistance-Military-Grade-Shock-Resistance-i.1410261051.26927529059?extraParams=%7B%22display_model_id%22%3A335271129480%2C%22model_selection_logic%22%3A3%7D&sp_atk=b363ac3d-c28b-4332-a4d0-13c0b2d7b6c0&xptdk=b363ac3d-c28b-4332-a4d0-13c0b2d7b6c0,,,358 Terjual,4.9
