-image-yazkc-11,-image-yazkc-11_2,text-sm,inline-block,text-xs/sp14,font-medium,text-shopee-primary,pointer-events-none,text-ellipsis,truncate,img,text-xs/sp14_2,text-xs,pointer-events-none_2,pointer-events-none_3,align-middle,w-auto,text-white,_container,_container_link,text-shopee-green,truncate_2,img_2
https://down-id.img.susercontent.com/file/id-11134207-8224z-mh8viyzv0n4e00,https://down-id.img.susercontent.com/file/id-11134258-822wr-mlx5y0tebegw04,Samsung S23 Second Resmi ex SEIN BC Beacukai IMEI Permanen 100% Original FULLSET 128GB 256GB 512GB,https://deo.shopeemobile.com/shopee/modules-federation/live/0/shopee__item-card-standard-v2/0.2.8/pc/e4734dab67ee2f9ebd5a.png,Rp,6.694.000,-17%,https://deo.shopeemobile.com/shopee/modules-federation/live/0/shopee__item-card-standard-v2/0.2.8/pc/b4d1b8a78b3621dbdf4a.svg,https://deo.shopeemobile.com/shopee/modules-federation/live/0/shopee__item-card-standard-v2/0.2.8/pc/d2a1900a0267d45fd0f5.png,Hadiah Gratis,https://deo.shopeemobile.com/shopee/modules-federation/live/0/shopee__item-card-standard-v2/0.2.8/pc/d7099d3fd1dfdaf705ab.svg,4.9,162 Terjual,https://deo.shopeemobile.com/shopee/modules-federation/live/0/shopee__item-card-standard-v2/0.2.8/pc/76dff349290d20891fc1.svg,https://deo.shopeemobile.com/shopee/modules-federation/live/0/shopee__item-card-standard-v2/0.2.8/pc/5dd7b4560d0e2d3190e8.svg,Jakarta Selatan,,,"Samsung S23 Second Resmi ex SEIN BC Beacukai IMEI Permanen 100% Original FULLSET 128GB 256GB 512GB
Rp
6.694.000
-17%
Hadiah Gratis
4.9
162 Terjual
2-3 Hari
Jakarta Selatan",https://shopee.co.id/Samsung-S23-Second-Resmi-ex-SEIN-BC-Beacukai-IMEI-Permanen-100-Original-FULLSET-128GB-256GB-512GB-i.1437255344.26186184778?extraParams=%7B%22display_model_id%22%3A138334891183%2C%22model_selection_logic%22%3A3%7D&sp_atk=e3e8bda7-7224-4281-b916-57cd92e6056c&xptdk=e3e8bda7-7224-4281-b916-57cd92e6056c,,,
https://down-id.img.susercontent.com/file/sg-11134201-81zum-micr05bgyiv4ca,https://down-id.img.susercontent.com/file/id-11134258-7r98w-lyezzaurybot13,Samsung Galaxy A16 8/128GB - Black,https://deo.shopeemobile.com/shopee/modules-federation/live/0/shopee__item-card-standard-v2/0.2.8/pc/7c9110f78e069acbced7.png,Rp,2.759.000,-8%,,https://deo.shopeemobile.com/shopee/modules-federation/live/0/shopee__item-card-standard-v2/0.2.8/pc/d2a1900a0267d45fd0f5.png,,https://deo.shopeemobile.com/shopee/modules-federation/live/0/shopee__item-card-standard-v2/0.2.8/pc/d7099d3fd1dfdaf705ab.svg,4.9,10RB+ Terjual,https://deo.shopeemobile.com/shopee/modules-federation/live/0/shopee__item-card-standard-v2/0.2.8/pc/76dff349290d20891fc1.svg,https://deo.shopeemobile.com/shopee/modules-federation/live/0/shopee__item-card-standard-v2/0.2.8/pc/5dd7b4560d0e2d3190e8.svg,Jakarta Utara,,,"Samsung Galaxy A16 8/128GB - Black
Rp
2.759.000
-8%
4.9
10RB+ Terjual
2-3 Hari
Jakarta Utara",https://shopee.co.id/Samsung-Galaxy-A16-8-128GB-Black-i.52635036.26817242184?extraParams=%7B%22display_model_id%22%3A99687259092%2C%22model_selection_logic%22%3A3%7D&sp_atk=b60ab987-613b-4d81-aa7a-b1ae3b3192f1&xptdk=b60ab987-613b-4d81-aa7a-b1ae3b3192f1,,,
https://down-id.img.susercontent.com/file/id-11134207-81ztd-me4hzi5q3nk4a7,https://down-id.img.susercontent.com/file/id-11134258-8224v-mkvw0cu9r7k1a5,Samsung Galaxy A17 4G 5G 8/128GB 8/256GB RAM 8GB ROM 128GB 256GB  - Garansi Resmi SEIN 1 Tahun,https://deo.shopeemobile.com/shopee/modules-federation/live/0/shopee__item-card-standard-v2/0.2.8/pc/7c9110f78e069acbced7.png,Rp,3.229.000,,,https://deo.shopeemobile.com/shopee/modules-federation/live/0/shopee__item-card-standard-v2/0.2.8/pc/d2a1900a0267d45fd0f5.png,Cicilan,https://deo.shopeemobile.com/shopee/modules-federation/live/0/shopee__item-card-standard-v2/0.2.8/pc/d7099d3fd1dfdaf705ab.svg,4.9,3RB+ Terjual,https://deo.shopeemobile.com/shopee/modules-federation/live/0/shopee__item-card-standard-v2/0.2.8/pc/38e203dc86172a6c6560.svg,https://deo.shopeemobile.com/shopee/modules-federation/live/0/shopee__item-card-standard-v2/0.2.8/pc/5dd7b4560d0e2d3190e8.svg,Surabaya,https://deo.shopeemobile.com/shopee/modules-federation/live/0/shopee__item-card-standard-v2/0.2.8/pc/0614b8f0a8fdde22942d.svg,2 jam,"Samsung Galaxy A17 4G 5G 8/128GB 8/256GB RAM 8GB ROM 128GB 256GB - Garansi Resmi SEIN 1 Tahun
Rp
3.229.000
Cicilan
4.9
3RB+ Terjual
2 jam
Surabaya",https://shopee.co.id/Samsung-Galaxy-A17-4G-5G-8-128GB-8-256GB-RAM-8GB-ROM-128GB-256GB-Garansi-Resmi-SEIN-1-Tahun-i.160369383.4885137716?extraParams=%7B%22display_model_id%22%3A271703868027%2C%22model_selection_logic%22%3A3%7D&sp_atk=414f2e29-ebef-4a9a-9865-b2bd41d3f32d&xptdk=414f2e29-ebef-4a9a-9865-b2bd41d3f32d,,,
https://down-id.img.susercontent.com/file/id-11134207-8224w-mkxeb482ap6p41,https://down-id.img.susercontent.com/file/id-11134258-8224v-mkvw0cu9r7k1a5,SAMSUNG GALAXY A36 5G 8GB 256GB | BLACK - LAVENDER - LIME - WHITE,https://deo.shopeemobile.com/shopee/modules-federation/live/0/shopee__item-card-standard-v2/0.2.8/pc/7c9110f78e069acbced7.png,Rp,5.239.000,-35%,https://deo.shopeemobile.com/shopee/modules-federation/live/0/shopee__item-card-standard-v2/0.2.8/pc/b4d1b8a78b3621dbdf4a.svg,,,https://deo.shopeemobile.com/shopee/modules-federation/live/0/shopee__item-card-standard-v2/0.2.8/pc/d7099d3fd1dfdaf705ab.svg,4.9,69 Terjual,https://deo.shopeemobile.com/shopee/modules-federation/live/0/shopee__item-card-standard-v2/0.2.8/pc/38e203dc86172a6c6560.svg,https://deo.shopeemobile.com/shopee/modules-federation/live/0/shopee__item-card-standard-v2/0.2.8/pc/5dd7b4560d0e2d3190e8.svg,Surabaya,https://deo.shopeemobile.com/shopee/modules-federation/live/0/shopee__item-card-standard-v2/0.2.8/pc/0614b8f0a8fdde22942d.svg,4 jam,"SAMSUNG GALAXY A36 5G 8GB 256GB | BLACK - LAVENDER - LIME - WHITE
Rp
5.239.000
-35%
4.9
69 Terjual
4 jam
Surabaya",https://shopee.co.id/SAMSUNG-GALAXY-A36-5G-8GB-256GB-BLACK-LAVENDER-LIME-WHITE-i.1273997571.56556287226?extraParams=%7B%22display_model_id%22%3A350568853371%2C%22model_selection_logic%22%3A3%7D&sp_atk=420169d7-4d55-4956-9ace-6df9ee764e80&xptdk=420169d7-4d55-4956-9ace-6df9ee764e80,,,
https://down-id.img.susercontent.com/file/sg-11134201-81zuc-mmin3gxgqsqsee,https://down-id.img.susercontent.com/file/id-11134258-8224v-mkvw0cu9r7k1a5,Samsung Galaxy A57 5G 8/128GB | 8/256GB | 12/256GB,https://deo.shopeemobile.com/shopee/modules-federation/live/0/shopee__item-card-standard-v2/0.2.8/pc/7c9110f78e069acbced7.png,Rp,7.099.000,-7%,,https://deo.shopeemobile.com/shopee/modules-federation/live/0/shopee__item-card-standard-v2/0.2.8/pc/d2a1900a0267d45fd0f5.png,,https://deo.shopeemobile.com/shopee/modules-federation/live/0/shopee__item-card-standard-v2/0.2.8/pc/d7099d3fd1dfdaf705ab.svg,5.0,417 Terjual,https://deo.shopeemobile.com/shopee/modules-federation/live/0/shopee__item-card-standard-v2/0.2.8/pc/76dff349290d20891fc1.svg,https://deo.shopeemobile.com/shopee/modules-federation/live/0/shopee__item-card-standard-v2/0.2.8/pc/5dd7b4560d0e2d3190e8.svg,Bandung,,,"Samsung Galaxy A57 5G 8/128GB | 8/256GB | 12/256GB
Rp
7.099.000
-7%
5.0
417 Terjual
3 Hari
Bandung",https://shopee.co.id/Samsung-Galaxy-A57-5G-8-128GB-8-256GB-12-256GB-i.1101386382.52458060594?extraParams=%7B%22display_model_id%22%3A355715561855%2C%22model_selection_logic%22%3A3%7D&sp_atk=644da64f-f926-4090-b5c5-24e01b3b52a4&xptdk=644da64f-f926-4090-b5c5-24e01b3b52a4,,,
https://down-id.img.susercontent.com/file/id-11134207-822ws-mlbtl3jgy7t4ce,https://down-id.img.susercontent.com/file/id-11134258-8224v-mkvw0cu9r7k1a5,Samsung Galaxy A07 5G 6/128GB Garansi Resmi SEIN,https://deo.shopeemobile.com/shopee/modules-federation/live/0/shopee__item-card-standard-v2/0.2.8/pc/7c9110f78e069acbced7.png,Rp,3.249.000,,,,,https://deo.shopeemobile.com/shopee/modules-federation/live/0/shopee__item-card-standard-v2/0.2.8/pc/d7099d3fd1dfdaf705ab.svg,5.0,28 Terjual,https://deo.shopeemobile.com/shopee/modules-federation/live/0/shopee__item-card-standard-v2/0.2.8/pc/38e203dc86172a6c6560.svg,https://deo.shopeemobile.com/shopee/modules-federation/live/0/shopee__item-card-standard-v2/0.2.8/pc/5dd7b4560d0e2d3190e8.svg,Surabaya,https://deo.shopeemobile.com/shopee/modules-federation/live/0/shopee__item-card-standard-v2/0.2.8/pc/0614b8f0a8fdde22942d.svg,2 jam,"Samsung Galaxy A07 5G 6/128GB Garansi Resmi SEIN
Rp
3.249.000
5.0
28 Terjual
2 jam
Surabaya",https://shopee.co.id/Samsung-Galaxy-A07-5G-6-128GB-Garansi-Resmi-SEIN-i.143199398.48106662159?extraParams=%7B%22display_model_id%22%3A425597012458%2C%22model_selection_logic%22%3A3%7D&sp_atk=3a8ddf92-267c-4c11-b91d-947b61c52846&xptdk=3a8ddf92-267c-4c11-b91d-947b61c52846,,,
https://down-id.img.susercontent.com/file/id-11134207-8224x-mkuh6dps75l250,https://down-id.img.susercontent.com/file/id-11134258-8224v-mkvw0cu9r7k1a5,Samsung Galaxy A56 5G 12/256GB | 8/256GB Galaxy AI - Smartphone AI - 50MP OIS HRD Camera - Fast Charge Garansi Resmi,https://deo.shopeemobile.com/shopee/modules-federation/live/0/shopee__item-card-standard-v2/0.2.8/pc/7c9110f78e069acbced7.png,Rp,6.702.420,-7%,,,Kombo Hemat,https://deo.shopeemobile.com/shopee/modules-federation/live/0/shopee__item-card-standard-v2/0.2.8/pc/d7099d3fd1dfdaf705ab.svg,4.9,2RB+ Terjual,https://deo.shopeemobile.com/shopee/modules-federation/live/0/shopee__item-card-standard-v2/0.2.8/pc/76dff349290d20891fc1.svg,https://deo.shopeemobile.com/shopee/modules-federation/live/0/shopee__item-card-standard-v2/0.2.8/pc/5dd7b4560d0e2d3190e8.svg,Jakarta Barat,,,"Samsung Galaxy A56 5G 12/256GB | 8/256GB Galaxy AI - Smartphone AI - 50MP OIS HRD Camera - Fast Charge Garansi Resmi
Rp
6.702.420
-7%
Kombo Hemat
4.9
2RB+ Terjual
3 Hari
Jakarta Barat",https://shopee.co.id/Samsung-Galaxy-A56-5G-12-256GB-8-256GB-Galaxy-AI-Smartphone-AI-50MP-OIS-HRD-Camera-Fast-Charge-Garansi-Resmi-i.1516969716.24496089265?extraParams=%7B%22display_model_id%22%3A280838542425%2C%22model_selection_logic%22%3A3%7D&sp_atk=625bb334-1af7-4979-9304-3c352a30e55f&xptdk=625bb334-1af7-4979-9304-3c352a30e55f,,,
https://down-id.img.susercontent.com/file/id-11134207-822ws-mml9z49r4m4hc3,https://down-id.img.susercontent.com/file/id-11134258-8224v-mkvw0cu9r7k1a5,Samsung Galaxy A57 5G 8/128GB I 8/256GB I 12/256GB Garansi Resmi Samsung Indonesia,https://deo.shopeemobile.com/shopee/modules-federation/live/0/shopee__item-card-standard-v2/0.2.8/pc/7c9110f78e069acbced7.png,Rp,6.619.000,-17%,,,,https://deo.shopeemobile.com/shopee/modules-federation/live/0/shopee__item-card-standard-v2/0.2.8/pc/d7099d3fd1dfdaf705ab.svg,4.9,94 Terjual,https://deo.shopeemobile.com/shopee/modules-federation/live/0/shopee__item-card-standard-v2/0.2.8/pc/76dff349290d20891fc1.svg,https://deo.shopeemobile.com/shopee/modules-federation/live/0/shopee__item-card-standard-v2/0.2.8/pc/5dd7b4560d0e2d3190e8.svg,Jakarta Pusat,,,"Samsung Galaxy A57 5G 8/128GB I 8/256GB I 12/256GB Garansi Resmi Samsung Indonesia
Rp
6.619.000
-17%
4.9
94 Terjual
3 Hari
Jakarta Pusat",https://shopee.co.id/Samsung-Galaxy-A57-5G-8-128GB-I-8-256GB-I-12-256GB-Garansi-Resmi-Samsung-Indonesia-i.1119863145.46408182939?extraParams=%7B%22display_model_id%22%3A385725171294%2C%22model_selection_logic%22%3A3%7D&sp_atk=fe45cbdf-897e-4c3a-a33d-058f761d681d&xptdk=fe45cbdf-897e-4c3a-a33d-058f761d681d,,,
https://down-id.img.susercontent.com/file/id-11134207-7ra0r-mc63vbsb3sy9b8,https://down-id.img.susercontent.com/file/id-11134258-8224v-mkvw0cu9r7k1a5,Samsung Galaxy A26 5G Ram 8/256Gb Garansi Resmi,https://deo.shopeemobile.com/shopee/modules-federation/live/0/shopee__item-card-standard-v2/0.2.8/pc/e4734dab67ee2f9ebd5a.png,Rp,4.110.000,,,,,https://deo.shopeemobile.com/shopee/modules-federation/live/0/shopee__item-card-standard-v2/0.2.8/pc/d7099d3fd1dfdaf705ab.svg,5.0,175 Terjual,https://deo.shopeemobile.com/shopee/modules-federation/live/0/shopee__item-card-standard-v2/0.2.8/pc/38e203dc86172a6c6560.svg,https://deo.shopeemobile.com/shopee/modules-federation/live/0/shopee__item-card-standard-v2/0.2.8/pc/5dd7b4560d0e2d3190e8.svg,Kediri,https://deo.shopeemobile.com/shopee/modules-federation/live/0/shopee__item-card-standard-v2/0.2.8/pc/0614b8f0a8fdde22942d.svg,< 2 Hari,"Samsung Galaxy A26 5G Ram 8/256Gb Garansi Resmi
Rp
4.110.000
5.0
175 Terjual
< 2 Hari
Kediri",https://shopee.co.id/Samsung-Galaxy-A26-5G-Ram-8-256Gb-Garansi-Resmi-i.45658405.28834432550?extraParams=%7B%22display_model_id%22%3A258260029092%2C%22model_selection_logic%22%3A3%7D&sp_atk=8d972211-4b69-4d2b-887c-23ebc7e8ea69&xptdk=8d972211-4b69-4d2b-887c-23ebc7e8ea69,,,
https://down-id.img.susercontent.com/file/id-11134207-822wo-mmfyr4bb2whv74,https://down-id.img.susercontent.com/file/id-11134258-8224v-mkvw0cu9r7k1a5,"Samsung Galaxy A57 5G [8GB+128GB] [8GB+256GB] [12GB+256GB] Display 6,7 inch Super AMOLED+ - Exynos 1680 - Camera 50MP - 5000mAh - Garansi Resmi SEIN 1 Tahun",https://deo.shopeemobile.com/shopee/modules-federation/live/0/shopee__item-card-standard-v2/0.2.8/pc/7c9110f78e069acbced7.png,Rp,6.719.000,-18%,,,,https://deo.shopeemobile.com/shopee/modules-federation/live/0/shopee__item-card-standard-v2/0.2.8/pc/d7099d3fd1dfdaf705ab.svg,5.0,190 Terjual,https://deo.shopeemobile.com/shopee/modules-federation/live/0/shopee__item-card-standard-v2/0.2.8/pc/76dff349290d20891fc1.svg,https://deo.shopeemobile.com/shopee/modules-federation/live/0/shopee__item-card-standard-v2/0.2.8/pc/5dd7b4560d0e2d3190e8.svg,Jakarta Barat,,,"Samsung Galaxy A57 5G [8GB+128GB] [8GB+256GB] [12GB+256GB] Display 6,7 inch Super AMOLED+ - Exynos 1680 - Camera 50MP - 5000mAh - Garansi Resmi SEIN 1 Tahun
Rp
6.719.000
-18%
5.0
190 Terjual
3 Hari
Jakarta Barat",https://shopee.co.id/Samsung-Galaxy-A57-5G-8GB-128GB-8GB-256GB-12GB-256GB-Display-6-7-inch-Super-AMOLED-Exynos-1680-Camera-50MP-5000mAh-Garansi-Resmi-SEIN-1-Tahun-i.1516969716.46657985842?extraParams=%7B%22display_model_id%22%3A375706933102%2C%22model_selection_logic%22%3A3%7D&sp_atk=ac13331e-4887-4d95-847f-392e758554df&xptdk=ac13331e-4887-4d95-847f-392e758554df,,,
https://down-id.img.susercontent.com/file/id-11134207-822wp-mmv97kzp5gjk27,https://down-id.img.susercontent.com/file/id-11134258-8224v-mkvw0cu9r7k1a5,Samsung Galaxy A16 LTE 8/128GB - Black | Smartphone FHD+ | Layar AMOLED | Baterai 5.000 mAh,https://deo.shopeemobile.com/shopee/modules-federation/live/0/shopee__item-card-standard-v2/0.2.8/pc/7c9110f78e069acbced7.png,Rp,2.799.000,,,https://deo.shopeemobile.com/shopee/modules-federation/live/0/shopee__item-card-standard-v2/0.2.8/pc/d2a1900a0267d45fd0f5.png,,https://deo.shopeemobile.com/shopee/modules-federation/live/0/shopee__item-card-standard-v2/0.2.8/pc/d7099d3fd1dfdaf705ab.svg,4.9,3RB+ Terjual,https://deo.shopeemobile.com/shopee/modules-federation/live/0/shopee__item-card-standard-v2/0.2.8/pc/76dff349290d20891fc1.svg,https://deo.shopeemobile.com/shopee/modules-federation/live/0/shopee__item-card-standard-v2/0.2.8/pc/5dd7b4560d0e2d3190e8.svg,Kab. Tangerang,,,"Samsung Galaxy A16 LTE 8/128GB - Black | Smartphone FHD+ | Layar AMOLED | Baterai 5.000 mAh
Rp
2.799.000
4.9
3RB+ Terjual
3-4 Hari
Kab. Tangerang",https://shopee.co.id/Samsung-Galaxy-A16-LTE-8-128GB-Black-Smartphone-FHD-Layar-AMOLED-Baterai-5.000-mAh-i.846350612.27740447152?extraParams=%7B%22display_model_id%22%3A296241502641%2C%22model_selection_logic%22%3A3%7D&sp_atk=8f419bf2-f274-4488-be1e-2148a13bc628&xptdk=8f419bf2-f274-4488-be1e-2148a13bc628,,,
https://down-id.img.susercontent.com/file/id-11134207-8224u-mkkmxj0bey9w60,https://down-id.img.susercontent.com/file/id-11134258-7r98w-lyezzaurybot13,Samsung Galaxy A07 5G 6/128GB - Light Violet,https://deo.shopeemobile.com/shopee/modules-federation/live/0/shopee__item-card-standard-v2/0.2.8/pc/7c9110f78e069acbced7.png,Rp,3.199.000,-3%,,https://deo.shopeemobile.com/shopee/modules-federation/live/0/shopee__item-card-standard-v2/0.2.8/pc/d2a1900a0267d45fd0f5.png,,https://deo.shopeemobile.com/shopee/modules-federation/live/0/shopee__item-card-standard-v2/0.2.8/pc/d7099d3fd1dfdaf705ab.svg,4.9,687 Terjual,https://deo.shopeemobile.com/shopee/modules-federation/live/0/shopee__item-card-standard-v2/0.2.8/pc/76dff349290d20891fc1.svg,https://deo.shopeemobile.com/shopee/modules-federation/live/0/shopee__item-card-standard-v2/0.2.8/pc/5dd7b4560d0e2d3190e8.svg,Jakarta Utara,,,"Samsung Galaxy A07 5G 6/128GB - Light Violet
Rp
3.199.000
-3%
4.9
687 Terjual
2-3 Hari
Jakarta Utara",https://shopee.co.id/Samsung-Galaxy-A07-5G-6-128GB-Light-Violet-i.52635036.58005292560?extraParams=%7B%22display_model_id%22%3A440484278057%2C%22model_selection_logic%22%3A3%7D&sp_atk=6ad91e0f-d896-475f-a8f1-f74b0409a944&xptdk=6ad91e0f-d896-475f-a8f1-f74b0409a944,,,
https://down-id.img.susercontent.com/file/id-11134207-7ra0l-mdqtm5dk37ny6a,https://down-id.img.susercontent.com/file/id-11134258-8224v-mkvw0cu9r7k1a5,Samsung Galaxy A07 4/64GB | 4/128GB | 6/128GB | 8/256GB Garansi Resmi,https://deo.shopeemobile.com/shopee/modules-federation/live/0/shopee__item-card-standard-v2/0.2.8/pc/7c9110f78e069acbced7.png,Rp,1.708.000,,,https://deo.shopeemobile.com/shopee/modules-federation/live/0/shopee__item-card-standard-v2/0.2.8/pc/d2a1900a0267d45fd0f5.png,,https://deo.shopeemobile.com/shopee/modules-federation/live/0/shopee__item-card-standard-v2/0.2.8/pc/d7099d3fd1dfdaf705ab.svg,4.9,3RB+ Terjual,https://deo.shopeemobile.com/shopee/modules-federation/live/0/shopee__item-card-standard-v2/0.2.8/pc/38e203dc86172a6c6560.svg,https://deo.shopeemobile.com/shopee/modules-federation/live/0/shopee__item-card-standard-v2/0.2.8/pc/5dd7b4560d0e2d3190e8.svg,Surabaya,https://deo.shopeemobile.com/shopee/modules-federation/live/0/shopee__item-card-standard-v2/0.2.8/pc/0614b8f0a8fdde22942d.svg,2 jam,"Samsung Galaxy A07 4/64GB | 4/128GB | 6/128GB | 8/256GB Garansi Resmi
Rp
1.708.000
4.9
3RB+ Terjual
2 jam
Surabaya",https://shopee.co.id/Samsung-Galaxy-A07-4-64GB-4-128GB-6-128GB-8-256GB-Garansi-Resmi-i.308460192.23462196156?extraParams=%7B%22display_model_id%22%3A271221344233%2C%22model_selection_logic%22%3A3%7D&sp_atk=229b23d6-12ba-44fe-98d2-23e7f5a39dce&xptdk=229b23d6-12ba-44fe-98d2-23e7f5a39dce,,,
https://down-id.img.susercontent.com/file/id-11134207-8224v-mjuv2uf40pa829,https://down-id.img.susercontent.com/file/id-11134258-8224v-mkvw0cu9r7k1a5,SAMSUNG GALAXY A56 5G 8/12GB 256GB,https://deo.shopeemobile.com/shopee/modules-federation/live/0/shopee__item-card-standard-v2/0.2.8/pc/7c9110f78e069acbced7.png,Rp,6.189.000,-31%,https://deo.shopeemobile.com/shopee/modules-federation/live/0/shopee__item-card-standard-v2/0.2.8/pc/b4d1b8a78b3621dbdf4a.svg,,,https://deo.shopeemobile.com/shopee/modules-federation/live/0/shopee__item-card-standard-v2/0.2.8/pc/d7099d3fd1dfdaf705ab.svg,4.9,176 Terjual,https://deo.shopeemobile.com/shopee/modules-federation/live/0/shopee__item-card-standard-v2/0.2.8/pc/38e203dc86172a6c6560.svg,https://deo.shopeemobile.com/shopee/modules-federation/live/0/shopee__item-card-standard-v2/0.2.8/pc/5dd7b4560d0e2d3190e8.svg,Surabaya,https://deo.shopeemobile.com/shopee/modules-federation/live/0/shopee__item-card-standard-v2/0.2.8/pc/0614b8f0a8fdde22942d.svg,4 jam,"SAMSUNG GALAXY A56 5G 8/12GB 256GB
Rp
6.189.000
-31%
4.9
176 Terjual
4 jam
Surabaya",https://shopee.co.id/SAMSUNG-GALAXY-A56-5G-8-12GB-256GB-i.1273997571.46705253755?extraParams=%7B%22display_model_id%22%3A272360479346%2C%22model_selection_logic%22%3A3%7D&sp_atk=196307db-412c-4699-ad20-fed9cf66411c&xptdk=196307db-412c-4699-ad20-fed9cf66411c,,,
https://down-id.img.susercontent.com/file/id-11134207-822wh-mmk0p4vwc0755b,https://down-id.img.susercontent.com/file/id-11134258-8224v-mkvw0cu9r7k1a5,"Samsung Galaxy A17 5G  LTE 8/256GB Original, Garansi Resmi",https://deo.shopeemobile.com/shopee/modules-federation/live/0/shopee__item-card-standard-v2/0.2.8/pc/7c9110f78e069acbced7.png,Rp,3.499.000,,,https://deo.shopeemobile.com/shopee/modules-federation/live/0/shopee__item-card-standard-v2/0.2.8/pc/d2a1900a0267d45fd0f5.png,,https://deo.shopeemobile.com/shopee/modules-federation/live/0/shopee__item-card-standard-v2/0.2.8/pc/d7099d3fd1dfdaf705ab.svg,5.0,2RB+ Terjual,https://deo.shopeemobile.com/shopee/modules-federation/live/0/shopee__item-card-standard-v2/0.2.8/pc/76dff349290d20891fc1.svg,https://deo.shopeemobile.com/shopee/modules-federation/live/0/shopee__item-card-standard-v2/0.2.8/pc/5dd7b4560d0e2d3190e8.svg,Bogor,,,"Samsung Galaxy A17 5G LTE 8/256GB Original, Garansi Resmi
Rp
3.499.000
5.0
2RB+ Terjual
2-3 Hari
Bogor",https://shopee.co.id/Samsung-Galaxy-A17-5G-LTE-8-256GB-Original-Garansi-Resmi-i.1101386382.25406703010?extraParams=%7B%22display_model_id%22%3A296626360942%2C%22model_selection_logic%22%3A3%7D&sp_atk=5423d4ac-1015-4fcd-a2c9-40bdad9a12f7&xptdk=5423d4ac-1015-4fcd-a2c9-40bdad9a12f7,,,
https://down-id.img.susercontent.com/file/id-11134207-8224y-mk68oxhnubd473,https://down-id.img.susercontent.com/file/id-11134258-8224v-mkvw0cu9r7k1a5,"Samsung Galaxy A26 5G 8/256GB | 6,7"" Super AMOLED 120Hz | 5,000 mAh 25W Fast Charging",https://deo.shopeemobile.com/shopee/modules-federation/live/0/shopee__item-card-standard-v2/0.2.8/pc/7c9110f78e069acbced7.png,Rp,4.299.000,,,https://deo.shopeemobile.com/shopee/modules-federation/live/0/shopee__item-card-standard-v2/0.2.8/pc/d2a1900a0267d45fd0f5.png,,https://deo.shopeemobile.com/shopee/modules-federation/live/0/shopee__item-card-standard-v2/0.2.8/pc/d7099d3fd1dfdaf705ab.svg,4.9,35 Terjual,https://deo.shopeemobile.com/shopee/modules-federation/live/0/shopee__item-card-standard-v2/0.2.8/pc/76dff349290d20891fc1.svg,https://deo.shopeemobile.com/shopee/modules-federation/live/0/shopee__item-card-standard-v2/0.2.8/pc/5dd7b4560d0e2d3190e8.svg,Kab. Bogor,,,"Samsung Galaxy A26 5G 8/256GB | 6,7"" Super AMOLED 120Hz | 5,000 mAh 25W Fast Charging
Rp
4.299.000
4.9
35 Terjual
3 Hari
Kab. Bogor",https://shopee.co.id/Samsung-Galaxy-A26-5G-8-256GB-6-7-Super-AMOLED-120Hz-5-000-mAh-25W-Fast-Charging-i.1368474464.50555686548?extraParams=%7B%22display_model_id%22%3A370514054308%2C%22model_selection_logic%22%3A3%7D&sp_atk=25411112-3356-45f8-9a66-21e9ed8d60a6&xptdk=25411112-3356-45f8-9a66-21e9ed8d60a6,,,
https://down-id.img.susercontent.com/file/id-11134207-822wg-mmv97kzscn4254,https://down-id.img.susercontent.com/file/id-11134258-8224v-mkvw0cu9r7k1a5,Samsung Galaxy A26 5G 8/256 - Black Galaxy AI | Smartphone AI | Baterai 5000mAh,https://deo.shopeemobile.com/shopee/modules-federation/live/0/shopee__item-card-standard-v2/0.2.8/pc/7c9110f78e069acbced7.png,Rp,4.219.000,-2%,https://deo.shopeemobile.com/shopee/modules-federation/live/0/shopee__item-card-standard-v2/0.2.8/pc/b4d1b8a78b3621dbdf4a.svg,https://deo.shopeemobile.com/shopee/modules-federation/live/0/shopee__item-card-standard-v2/0.2.8/pc/d2a1900a0267d45fd0f5.png,,https://deo.shopeemobile.com/shopee/modules-federation/live/0/shopee__item-card-standard-v2/0.2.8/pc/d7099d3fd1dfdaf705ab.svg,4.9,574 Terjual,https://deo.shopeemobile.com/shopee/modules-federation/live/0/shopee__item-card-standard-v2/0.2.8/pc/76dff349290d20891fc1.svg,https://deo.shopeemobile.com/shopee/modules-federation/live/0/shopee__item-card-standard-v2/0.2.8/pc/5dd7b4560d0e2d3190e8.svg,Kab. Tangerang,,,"Samsung Galaxy A26 5G 8/256 - Black Galaxy AI | Smartphone AI | Baterai 5000mAh
Rp
4.219.000
-2%
4.9
574 Terjual
3-4 Hari
Kab. Tangerang",https://shopee.co.id/Samsung-Galaxy-A26-5G-8-256-Black-Galaxy-AI-Smartphone-AI-Baterai-5000mAh-i.846350612.24693783492?extraParams=%7B%22display_model_id%22%3A198403431893%2C%22model_selection_logic%22%3A3%7D&sp_atk=1f07b509-d230-488b-8609-000515ac54cd&xptdk=1f07b509-d230-488b-8609-000515ac54cd,,,
https://down-id.img.susercontent.com/file/sg-11134201-81zvq-mminv8u4uyvcf4,https://down-id.img.susercontent.com/file/id-11134258-8224v-mkvw0cu9r7k1a5,Samsung Galaxy A57 5G 8/128GB 8/256GB 12/256GB [Garansi Resmi Samsung],https://deo.shopeemobile.com/shopee/modules-federation/live/0/shopee__item-card-standard-v2/0.2.8/pc/7c9110f78e069acbced7.png,Rp,7.099.000,,,,,https://deo.shopeemobile.com/shopee/modules-federation/live/0/shopee__item-card-standard-v2/0.2.8/pc/d7099d3fd1dfdaf705ab.svg,5.0,10 Terjual,https://deo.shopeemobile.com/shopee/modules-federation/live/0/shopee__item-card-standard-v2/0.2.8/pc/76dff349290d20891fc1.svg,https://deo.shopeemobile.com/shopee/modules-federation/live/0/shopee__item-card-standard-v2/0.2.8/pc/5dd7b4560d0e2d3190e8.svg,Kab. Tabanan,,,"Samsung Galaxy A57 5G 8/128GB 8/256GB 12/256GB [Garansi Resmi Samsung]
Rp
7.099.000
5.0
10 Terjual
3 Hari
Kab. Tabanan",https://shopee.co.id/Samsung-Galaxy-A57-5G-8-128GB-8-256GB-12-256GB-Garansi-Resmi-Samsung--i.136745204.45158081034?extraParams=%7B%22display_model_id%22%3A297497952122%2C%22model_selection_logic%22%3A3%7D&sp_atk=e8a81c2c-808c-47a1-99a2-74ac56768d0e&xptdk=e8a81c2c-808c-47a1-99a2-74ac56768d0e,,,
https://down-id.img.susercontent.com/file/id-11134207-822wq-mn6mwnfkn1mt1f,https://down-id.img.susercontent.com/file/id-11134258-8224v-mkvw0cu9r7k1a5,Samsung A57 5G [12/256GB] [8/256GB] [8/128GB] Garansi Resmi Samsung 1 Tahun,https://deo.shopeemobile.com/shopee/modules-federation/live/0/shopee__item-card-standard-v2/0.2.8/pc/e4734dab67ee2f9ebd5a.png,Rp,6.499.000,-4%,,https://deo.shopeemobile.com/shopee/modules-federation/live/0/shopee__item-card-standard-v2/0.2.8/pc/d2a1900a0267d45fd0f5.png,Cicilan,https://deo.shopeemobile.com/shopee/modules-federation/live/0/shopee__item-card-standard-v2/0.2.8/pc/d7099d3fd1dfdaf705ab.svg,4.9,1RB+ Terjual,https://deo.shopeemobile.com/shopee/modules-federation/live/0/shopee__item-card-standard-v2/0.2.8/pc/76dff349290d20891fc1.svg,https://deo.shopeemobile.com/shopee/modules-federation/live/0/shopee__item-card-standard-v2/0.2.8/pc/5dd7b4560d0e2d3190e8.svg,Palembang,,,"Samsung A57 5G [12/256GB] [8/256GB] [8/128GB] Garansi Resmi Samsung 1 Tahun
Rp
6.499.000
-4%
Cicilan
4.9
1RB+ Terjual
2-3 Hari
Palembang",https://shopee.co.id/Samsung-A57-5G-12-256GB-8-256GB-8-128GB-Garansi-Resmi-Samsung-1-Tahun-i.133736627.12720608860?extraParams=%7B%22display_model_id%22%3A415597382856%2C%22model_selection_logic%22%3A3%7D&sp_atk=5b4ba91a-49cf-49e9-969c-ee582bc0b2a1&xptdk=5b4ba91a-49cf-49e9-969c-ee582bc0b2a1,,,
https://down-id.img.susercontent.com/file/sg-11134201-81zts-micqzw494ao0f0,https://down-id.img.susercontent.com/file/id-11134258-7r98w-lyezzaurybot13,Samsung Galaxy A07 4/64GB - Black,https://deo.shopeemobile.com/shopee/modules-federation/live/0/shopee__item-card-standard-v2/0.2.8/pc/7c9110f78e069acbced7.png,Rp,1.799.000,-5%,,https://deo.shopeemobile.com/shopee/modules-federation/live/0/shopee__item-card-standard-v2/0.2.8/pc/d2a1900a0267d45fd0f5.png,,https://deo.shopeemobile.com/shopee/modules-federation/live/0/shopee__item-card-standard-v2/0.2.8/pc/d7099d3fd1dfdaf705ab.svg,4.9,10RB+ Terjual,https://deo.shopeemobile.com/shopee/modules-federation/live/0/shopee__item-card-standard-v2/0.2.8/pc/76dff349290d20891fc1.svg,https://deo.shopeemobile.com/shopee/modules-federation/live/0/shopee__item-card-standard-v2/0.2.8/pc/5dd7b4560d0e2d3190e8.svg,Jakarta Utara,,,"Samsung Galaxy A07 4/64GB - Black
Rp
1.799.000
-5%
4.9
10RB+ Terjual
2-3 Hari
Jakarta Utara",https://shopee.co.id/Samsung-Galaxy-A07-4-64GB-Black-i.52635036.43962255887?extraParams=%7B%22display_model_id%22%3A301025014642%2C%22model_selection_logic%22%3A3%7D&sp_atk=2b36b2ce-5fa4-4961-b3cc-ab3eadabca1f&xptdk=2b36b2ce-5fa4-4961-b3cc-ab3eadabca1f,,,
https://down-id.img.susercontent.com/file/sg-11134201-822zw-mi356qb6z6yw5d,https://down-id.img.susercontent.com/file/id-11134258-7r98w-lyezzaurybot13,Samsung Galaxy A17 5G 8/256GB - Black,https://deo.shopeemobile.com/shopee/modules-federation/live/0/shopee__item-card-standard-v2/0.2.8/pc/7c9110f78e069acbced7.png,Rp,3.799.000,,,https://deo.shopeemobile.com/shopee/modules-federation/live/0/shopee__item-card-standard-v2/0.2.8/pc/d2a1900a0267d45fd0f5.png,,https://deo.shopeemobile.com/shopee/modules-federation/live/0/shopee__item-card-standard-v2/0.2.8/pc/d7099d3fd1dfdaf705ab.svg,4.9,4RB+ Terjual,https://deo.shopeemobile.com/shopee/modules-federation/live/0/shopee__item-card-standard-v2/0.2.8/pc/38e203dc86172a6c6560.svg,https://deo.shopeemobile.com/shopee/modules-federation/live/0/shopee__item-card-standard-v2/0.2.8/pc/5dd7b4560d0e2d3190e8.svg,Surabaya,https://deo.shopeemobile.com/shopee/modules-federation/live/0/shopee__item-card-standard-v2/0.2.8/pc/0614b8f0a8fdde22942d.svg,< 2 Hari,"Samsung Galaxy A17 5G 8/256GB - Black
Rp
3.799.000
4.9
4RB+ Terjual
< 2 Hari
Surabaya",https://shopee.co.id/Samsung-Galaxy-A17-5G-8-256GB-Black-i.52635036.29889741358?extraParams=%7B%22display_model_id%22%3A248729021915%2C%22model_selection_logic%22%3A3%7D&sp_atk=b4850da4-9a79-4692-a4b6-0d3f25005044&xptdk=b4850da4-9a79-4692-a4b6-0d3f25005044,,,
https://down-id.img.susercontent.com/file/id-11134207-7ra0g-mdpe7ai2b0jy20,https://down-id.img.susercontent.com/file/id-11134258-8224v-mkvw0cu9r7k1a5,Samsung Galaxy A07 LTE 4/64GB 4/128GB 6/128GB 8/256GB Helio G99 - Garansi Resmi,https://deo.shopeemobile.com/shopee/modules-federation/live/0/shopee__item-card-standard-v2/0.2.8/pc/7c9110f78e069acbced7.png,Rp,1.708.000,,,https://deo.shopeemobile.com/shopee/modules-federation/live/0/shopee__item-card-standard-v2/0.2.8/pc/d2a1900a0267d45fd0f5.png,,https://deo.shopeemobile.com/shopee/modules-federation/live/0/shopee__item-card-standard-v2/0.2.8/pc/d7099d3fd1dfdaf705ab.svg,4.9,24 Terjual,https://deo.shopeemobile.com/shopee/modules-federation/live/0/shopee__item-card-standard-v2/0.2.8/pc/38e203dc86172a6c6560.svg,https://deo.shopeemobile.com/shopee/modules-federation/live/0/shopee__item-card-standard-v2/0.2.8/pc/5dd7b4560d0e2d3190e8.svg,Surabaya,https://deo.shopeemobile.com/shopee/modules-federation/live/0/shopee__item-card-standard-v2/0.2.8/pc/0614b8f0a8fdde22942d.svg,2 jam,"Samsung Galaxy A07 LTE 4/64GB 4/128GB 6/128GB 8/256GB Helio G99 - Garansi Resmi
Rp
1.708.000
4.9
24 Terjual
2 jam
Surabaya",https://shopee.co.id/Samsung-Galaxy-A07-LTE-4-64GB-4-128GB-6-128GB-8-256GB-Helio-G99-Garansi-Resmi-i.1541304119.28790293476?extraParams=%7B%22display_model_id%22%3A206218255083%2C%22model_selection_logic%22%3A3%7D&sp_atk=ef1f4bec-d747-4e60-9ae0-0a2e60a19c47&xptdk=ef1f4bec-d747-4e60-9ae0-0a2e60a19c47,,,
https://down-id.img.susercontent.com/file/id-11134207-7ra0q-mdrjgmq0nw3337,https://down-id.img.susercontent.com/file/id-11134258-822wr-mlx5y0tebegw04,"Samsung Galaxy A07 (RAM 4/6/8GB, ROM 64/128/256GB, Helio G99, 6x OS Update)",https://deo.shopeemobile.com/shopee/modules-federation/live/0/shopee__item-card-standard-v2/0.2.8/pc/e4734dab67ee2f9ebd5a.png,Rp,1.854.000,,,,,https://deo.shopeemobile.com/shopee/modules-federation/live/0/shopee__item-card-standard-v2/0.2.8/pc/d7099d3fd1dfdaf705ab.svg,5.0,592 Terjual,https://deo.shopeemobile.com/shopee/modules-federation/live/0/shopee__item-card-standard-v2/0.2.8/pc/38e203dc86172a6c6560.svg,https://deo.shopeemobile.com/shopee/modules-federation/live/0/shopee__item-card-standard-v2/0.2.8/pc/5dd7b4560d0e2d3190e8.svg,Surabaya,https://deo.shopeemobile.com/shopee/modules-federation/live/0/shopee__item-card-standard-v2/0.2.8/pc/0614b8f0a8fdde22942d.svg,2 jam,"Samsung Galaxy A07 (RAM 4/6/8GB, ROM 64/128/256GB, Helio G99, 6x OS Update)
Rp
1.854.000
5.0
592 Terjual
2 jam
Surabaya",https://shopee.co.id/Samsung-Galaxy-A07-(RAM-4-6-8GB-ROM-64-128-256GB-Helio-G99-6x-OS-Update)-i.49893858.44464298617?extraParams=%7B%22display_model_id%22%3A208691994017%2C%22model_selection_logic%22%3A3%7D&sp_atk=a2d25885-592c-45be-913e-42b7e43eb485&xptdk=a2d25885-592c-45be-913e-42b7e43eb485,,,
https://down-id.img.susercontent.com/file/id-11134207-7ra0o-mcz7l15kp7h4b5,https://down-id.img.susercontent.com/file/id-11134258-8224v-mkvw0cu9r7k1a5,Samsung Galaxy A16 5G 8/256 GARANSI RESMI SEIN,https://deo.shopeemobile.com/shopee/modules-federation/live/0/shopee__item-card-standard-v2/0.2.8/pc/e4734dab67ee2f9ebd5a.png,Rp,2.850.000,,,,,https://deo.shopeemobile.com/shopee/modules-federation/live/0/shopee__item-card-standard-v2/0.2.8/pc/d7099d3fd1dfdaf705ab.svg,5.0,1RB+ Terjual,https://deo.shopeemobile.com/shopee/modules-federation/live/0/shopee__item-card-standard-v2/0.2.8/pc/76dff349290d20891fc1.svg,https://deo.shopeemobile.com/shopee/modules-federation/live/0/shopee__item-card-standard-v2/0.2.8/pc/5dd7b4560d0e2d3190e8.svg,Jakarta Utara,,,"Samsung Galaxy A16 5G 8/256 GARANSI RESMI SEIN
Rp
2.850.000
5.0
1RB+ Terjual
3 Hari
Jakarta Utara",https://shopee.co.id/Samsung-Galaxy-A16-5G-8-256-GARANSI-RESMI-SEIN-i.75066549.29623221196?extraParams=%7B%22display_model_id%22%3A300562211411%2C%22model_selection_logic%22%3A3%7D&sp_atk=af8547d0-8a2c-483f-8b37-e7803378b1c3&xptdk=af8547d0-8a2c-483f-8b37-e7803378b1c3,,,
https://down-id.img.susercontent.com/file/id-11134207-8224p-mgolx4usdl3e7c,https://down-id.img.susercontent.com/file/id-11134258-8224v-mkvw0cu9r7k1a5,Samsung Galaxy A26 5G 8/256 GB | Smartphone AI,https://deo.shopeemobile.com/shopee/modules-federation/live/0/shopee__item-card-standard-v2/0.2.8/pc/7c9110f78e069acbced7.png,Rp,4.229.000,-15%,,,,https://deo.shopeemobile.com/shopee/modules-federation/live/0/shopee__item-card-standard-v2/0.2.8/pc/d7099d3fd1dfdaf705ab.svg,5.0,630 Terjual,https://deo.shopeemobile.com/shopee/modules-federation/live/0/shopee__item-card-standard-v2/0.2.8/pc/76dff349290d20891fc1.svg,https://deo.shopeemobile.com/shopee/modules-federation/live/0/shopee__item-card-standard-v2/0.2.8/pc/5dd7b4560d0e2d3190e8.svg,Jakarta Pusat,,,"Samsung Galaxy A26 5G 8/256 GB | Smartphone AI
Rp
4.229.000
-15%
5.0
630 Terjual
3 Hari
Jakarta Pusat",https://shopee.co.id/Samsung-Galaxy-A26-5G-8-256-GB-Smartphone-AI-i.1614538961.41370927531?extraParams=%7B%22display_model_id%22%3A365715760233%2C%22model_selection_logic%22%3A3%7D&sp_atk=9d679326-1d08-4041-9174-42e8a385cded&xptdk=9d679326-1d08-4041-9174-42e8a385cded,,,
https://down-id.img.susercontent.com/file/id-11134207-822wp-mmia19wzhukl01,https://down-id.img.susercontent.com/file/id-11134258-8224v-mkvw0cu9r7k1a5,"Samsung Galaxy A56 5G Origial, Kamera 50 MP - 8/256GB 12/256GB",https://deo.shopeemobile.com/shopee/modules-federation/live/0/shopee__item-card-standard-v2/0.2.8/pc/e4734dab67ee2f9ebd5a.png,Rp,6.799.000,,,https://deo.shopeemobile.com/shopee/modules-federation/live/0/shopee__item-card-standard-v2/0.2.8/pc/d2a1900a0267d45fd0f5.png,,https://deo.shopeemobile.com/shopee/modules-federation/live/0/shopee__item-card-standard-v2/0.2.8/pc/d7099d3fd1dfdaf705ab.svg,5.0,485 Terjual,https://deo.shopeemobile.com/shopee/modules-federation/live/0/shopee__item-card-standard-v2/0.2.8/pc/76dff349290d20891fc1.svg,https://deo.shopeemobile.com/shopee/modules-federation/live/0/shopee__item-card-standard-v2/0.2.8/pc/5dd7b4560d0e2d3190e8.svg,Bandung,,,"Samsung Galaxy A56 5G Origial, Kamera 50 MP - 8/256GB 12/256GB
Rp
6.799.000
5.0
485 Terjual
3 Hari
Bandung",https://shopee.co.id/Samsung-Galaxy-A56-5G-Origial-Kamera-50-MP-8-256GB-12-256GB-i.1545261615.26687084387?extraParams=%7B%22display_model_id%22%3A243469570000%2C%22model_selection_logic%22%3A3%7D&sp_atk=0877f471-cb50-4efc-b0ed-fc28ca8e7af7&xptdk=0877f471-cb50-4efc-b0ed-fc28ca8e7af7,,,
https://down-id.img.susercontent.com/file/id-11134207-822ws-mmtp8jvq28zk50,https://down-id.img.susercontent.com/file/id-11134258-8224v-mkvw0cu9r7k1a5,"Samsung Galaxy A56 5G, Original, Kamera 50 MP - 8/128GB 8/256GB 12/256GB",https://deo.shopeemobile.com/shopee/modules-federation/live/0/shopee__item-card-standard-v2/0.2.8/pc/7c9110f78e069acbced7.png,Rp,6.499.000,-4%,https://deo.shopeemobile.com/shopee/modules-federation/live/0/shopee__item-card-standard-v2/0.2.8/pc/b4d1b8a78b3621dbdf4a.svg,https://deo.shopeemobile.com/shopee/modules-federation/live/0/shopee__item-card-standard-v2/0.2.8/pc/d2a1900a0267d45fd0f5.png,,https://deo.shopeemobile.com/shopee/modules-federation/live/0/shopee__item-card-standard-v2/0.2.8/pc/d7099d3fd1dfdaf705ab.svg,5.0,5RB+ Terjual,https://deo.shopeemobile.com/shopee/modules-federation/live/0/shopee__item-card-standard-v2/0.2.8/pc/76dff349290d20891fc1.svg,https://deo.shopeemobile.com/shopee/modules-federation/live/0/shopee__item-card-standard-v2/0.2.8/pc/5dd7b4560d0e2d3190e8.svg,Bekasi,,,"Samsung Galaxy A56 5G, Original, Kamera 50 MP - 8/128GB 8/256GB 12/256GB
Rp
6.499.000
-4%
5.0
5RB+ Terjual
3 Hari
Bekasi",https://shopee.co.id/Samsung-Galaxy-A56-5G-Original-Kamera-50-MP-8-128GB-8-256GB-12-256GB-i.1101386382.25200562354?extraParams=%7B%22display_model_id%22%3A260303509938%2C%22model_selection_logic%22%3A3%7D&sp_atk=3fefcbb4-0134-4a21-8195-8c21f62cd383&xptdk=3fefcbb4-0134-4a21-8195-8c21f62cd383,,,
https://down-id.img.susercontent.com/file/sg-11134201-825zy-mmbg040mnrbjf4,https://down-id.img.susercontent.com/file/id-11134258-7r98w-lyezzaurybot13,Samsung Galaxy A07 4/128GB - Black,https://deo.shopeemobile.com/shopee/modules-federation/live/0/shopee__item-card-standard-v2/0.2.8/pc/7c9110f78e069acbced7.png,Rp,2.199.000,-4%,,https://deo.shopeemobile.com/shopee/modules-federation/live/0/shopee__item-card-standard-v2/0.2.8/pc/d2a1900a0267d45fd0f5.png,,https://deo.shopeemobile.com/shopee/modules-federation/live/0/shopee__item-card-standard-v2/0.2.8/pc/d7099d3fd1dfdaf705ab.svg,4.9,10RB+ Terjual,https://deo.shopeemobile.com/shopee/modules-federation/live/0/shopee__item-card-standard-v2/0.2.8/pc/76dff349290d20891fc1.svg,https://deo.shopeemobile.com/shopee/modules-federation/live/0/shopee__item-card-standard-v2/0.2.8/pc/5dd7b4560d0e2d3190e8.svg,Jakarta Utara,,,"Samsung Galaxy A07 4/128GB - Black
Rp
2.199.000
-4%
4.9
10RB+ Terjual
2-3 Hari
Jakarta Utara",https://shopee.co.id/Samsung-Galaxy-A07-4-128GB-Black-i.52635036.44412247669?extraParams=%7B%22display_model_id%22%3A167262263912%2C%22model_selection_logic%22%3A3%7D&sp_atk=fbce77a3-6e3a-4769-a678-b0783c439979&xptdk=fbce77a3-6e3a-4769-a678-b0783c439979,,,
https://down-id.img.susercontent.com/file/sg-11134201-82619-mmbg01qfxjib31,https://down-id.img.susercontent.com/file/id-11134258-7r98w-lyezzaurybot13,Samsung Galaxy A26 5G 8/256GB - Peach Pink,https://deo.shopeemobile.com/shopee/modules-federation/live/0/shopee__item-card-standard-v2/0.2.8/pc/7c9110f78e069acbced7.png,Rp,4.760.100,-7%,,https://deo.shopeemobile.com/shopee/modules-federation/live/0/shopee__item-card-standard-v2/0.2.8/pc/d2a1900a0267d45fd0f5.png,,https://deo.shopeemobile.com/shopee/modules-federation/live/0/shopee__item-card-standard-v2/0.2.8/pc/d7099d3fd1dfdaf705ab.svg,4.9,9RB+ Terjual,https://deo.shopeemobile.com/shopee/modules-federation/live/0/shopee__item-card-standard-v2/0.2.8/pc/38e203dc86172a6c6560.svg,https://deo.shopeemobile.com/shopee/modules-federation/live/0/shopee__item-card-standard-v2/0.2.8/pc/5dd7b4560d0e2d3190e8.svg,Surabaya,https://deo.shopeemobile.com/shopee/modules-federation/live/0/shopee__item-card-standard-v2/0.2.8/pc/0614b8f0a8fdde22942d.svg,< 2 Hari,"Samsung Galaxy A26 5G 8/256GB - Peach Pink
Rp
4.760.100
-7%
4.9
9RB+ Terjual
< 2 Hari
Surabaya",https://shopee.co.id/Samsung-Galaxy-A26-5G-8-256GB-Peach-Pink-i.52635036.27080033111?extraParams=%7B%22display_model_id%22%3A198325495181%2C%22model_selection_logic%22%3A3%7D&sp_atk=f1a14b6c-378d-485a-828b-d7c1fa49e020&xptdk=f1a14b6c-378d-485a-828b-d7c1fa49e020,,,
https://down-id.img.susercontent.com/file/id-11134207-7ra0n-mdpj64iwrjh41f,https://down-id.img.susercontent.com/file/id-11134258-8224v-mkvw0cu9r7k1a5,Samsung Galaxy A07 4/64GB | 4/128GB | 6/128GB | 8/256GB,https://deo.shopeemobile.com/shopee/modules-federation/live/0/shopee__item-card-standard-v2/0.2.8/pc/7c9110f78e069acbced7.png,Rp,1.708.000,,,https://deo.shopeemobile.com/shopee/modules-federation/live/0/shopee__item-card-standard-v2/0.2.8/pc/d2a1900a0267d45fd0f5.png,,https://deo.shopeemobile.com/shopee/modules-federation/live/0/shopee__item-card-standard-v2/0.2.8/pc/d7099d3fd1dfdaf705ab.svg,4.9,317 Terjual,https://deo.shopeemobile.com/shopee/modules-federation/live/0/shopee__item-card-standard-v2/0.2.8/pc/38e203dc86172a6c6560.svg,https://deo.shopeemobile.com/shopee/modules-federation/live/0/shopee__item-card-standard-v2/0.2.8/pc/5dd7b4560d0e2d3190e8.svg,Surabaya,https://deo.shopeemobile.com/shopee/modules-federation/live/0/shopee__item-card-standard-v2/0.2.8/pc/0614b8f0a8fdde22942d.svg,2 jam,"Samsung Galaxy A07 4/64GB | 4/128GB | 6/128GB | 8/256GB
Rp
1.708.000
4.9
317 Terjual
2 jam
Surabaya",https://shopee.co.id/Samsung-Galaxy-A07-4-64GB-4-128GB-6-128GB-8-256GB-i.308460192.22862115131?extraParams=%7B%22display_model_id%22%3A261191489824%2C%22model_selection_logic%22%3A3%7D&sp_atk=2cbc1c90-d247-4fbc-97c0-95c81af17051&xptdk=2cbc1c90-d247-4fbc-97c0-95c81af17051,,,
https://down-id.img.susercontent.com/file/id-11134207-7qukw-lkgephxy08jme7,https://down-id.img.susercontent.com/file/id-11134258-8224v-mkvw0cu9r7k1a5,Samsung galaxy A24 8/128 free adaptor charger Garansi Resmi Samsung SEIN,,Rp,2.130.000,-39%,,,,https://deo.shopeemobile.com/shopee/modules-federation/live/0/shopee__item-card-standard-v2/0.2.8/pc/d7099d3fd1dfdaf705ab.svg,4.8,985 Terjual,https://deo.shopeemobile.com/shopee/modules-federation/live/0/shopee__item-card-standard-v2/0.2.8/pc/76dff349290d20891fc1.svg,https://deo.shopeemobile.com/shopee/modules-federation/live/0/shopee__item-card-standard-v2/0.2.8/pc/5dd7b4560d0e2d3190e8.svg,Surabaya,,,"Samsung galaxy A24 8/128 free adaptor charger Garansi Resmi Samsung SEIN
Rp
2.130.000
-39%
4.8
985 Terjual
2-5 Hari
Surabaya",https://shopee.co.id/Samsung-galaxy-A24-8-128-free-adaptor-charger-Garansi-Resmi-Samsung-SEIN-i.155116050.22138917954?extraParams=%7B%22display_model_id%22%3A118427617211%2C%22model_selection_logic%22%3A3%7D&sp_atk=dc03eeb8-405e-4464-bcf7-1c21e298fc11&xptdk=dc03eeb8-405e-4464-bcf7-1c21e298fc11,,,
https://down-id.img.susercontent.com/file/id-11134207-822wu-mmr6jk63oav4df,https://down-id.img.susercontent.com/file/id-11134258-8224v-mkvw0cu9r7k1a5,SAMSUNG GALAXY A26 5G 8GB 256GB | BLACK,https://deo.shopeemobile.com/shopee/modules-federation/live/0/shopee__item-card-standard-v2/0.2.8/pc/7c9110f78e069acbced7.png,Rp,4.289.000,-36%,https://deo.shopeemobile.com/shopee/modules-federation/live/0/shopee__item-card-standard-v2/0.2.8/pc/b4d1b8a78b3621dbdf4a.svg,,,https://deo.shopeemobile.com/shopee/modules-federation/live/0/shopee__item-card-standard-v2/0.2.8/pc/d7099d3fd1dfdaf705ab.svg,4.8,14 Terjual,https://deo.shopeemobile.com/shopee/modules-federation/live/0/shopee__item-card-standard-v2/0.2.8/pc/38e203dc86172a6c6560.svg,https://deo.shopeemobile.com/shopee/modules-federation/live/0/shopee__item-card-standard-v2/0.2.8/pc/5dd7b4560d0e2d3190e8.svg,Surabaya,https://deo.shopeemobile.com/shopee/modules-federation/live/0/shopee__item-card-standard-v2/0.2.8/pc/0614b8f0a8fdde22942d.svg,4 jam,"SAMSUNG GALAXY A26 5G 8GB 256GB | BLACK
Rp
4.289.000
-36%
4.8
14 Terjual
4 jam
Surabaya",https://shopee.co.id/SAMSUNG-GALAXY-A26-5G-8GB-256GB-BLACK-i.1273997571.43629817040?extraParams=%7B%22display_model_id%22%3A400740140138%2C%22model_selection_logic%22%3A3%7D&sp_atk=6f0450fc-8ab7-4d84-8673-5cf6155939af&xptdk=6f0450fc-8ab7-4d84-8673-5cf6155939af,,,
https://down-id.img.susercontent.com/file/id-11134207-81ztq-mf0txrpbqww81e,https://down-id.img.susercontent.com/file/id-11134258-8224v-mkvw0cu9r7k1a5,Samsung Galaxy A17 8/128GB Garansi Resmi SEIN,https://deo.shopeemobile.com/shopee/modules-federation/live/0/shopee__item-card-standard-v2/0.2.8/pc/7c9110f78e069acbced7.png,Rp,3.539.000,,,,,https://deo.shopeemobile.com/shopee/modules-federation/live/0/shopee__item-card-standard-v2/0.2.8/pc/d7099d3fd1dfdaf705ab.svg,4.9,115 Terjual,https://deo.shopeemobile.com/shopee/modules-federation/live/0/shopee__item-card-standard-v2/0.2.8/pc/38e203dc86172a6c6560.svg,https://deo.shopeemobile.com/shopee/modules-federation/live/0/shopee__item-card-standard-v2/0.2.8/pc/5dd7b4560d0e2d3190e8.svg,Surabaya,https://deo.shopeemobile.com/shopee/modules-federation/live/0/shopee__item-card-standard-v2/0.2.8/pc/0614b8f0a8fdde22942d.svg,2 jam,"Samsung Galaxy A17 8/128GB Garansi Resmi SEIN
Rp
3.539.000
4.9
115 Terjual
2 jam
Surabaya",https://shopee.co.id/Samsung-Galaxy-A17-8-128GB-Garansi-Resmi-SEIN-i.143199398.29642051876?extraParams=%7B%22display_model_id%22%3A258942565290%2C%22model_selection_logic%22%3A3%7D&sp_atk=03672593-bda1-4bce-90ab-e4bb2be1fd53&xptdk=03672593-bda1-4bce-90ab-e4bb2be1fd53,,,
https://down-id.img.susercontent.com/file/sg-11134201-82609-mmbg01u4ts76c4,https://down-id.img.susercontent.com/file/id-11134258-7r98w-lyezzaurybot13,Samsung Galaxy A26 5G 8/256GB - Black,https://deo.shopeemobile.com/shopee/modules-federation/live/0/shopee__item-card-standard-v2/0.2.8/pc/7c9110f78e069acbced7.png,Rp,4.760.100,-7%,,https://deo.shopeemobile.com/shopee/modules-federation/live/0/shopee__item-card-standard-v2/0.2.8/pc/d2a1900a0267d45fd0f5.png,,https://deo.shopeemobile.com/shopee/modules-federation/live/0/shopee__item-card-standard-v2/0.2.8/pc/d7099d3fd1dfdaf705ab.svg,4.9,10RB+ Terjual,https://deo.shopeemobile.com/shopee/modules-federation/live/0/shopee__item-card-standard-v2/0.2.8/pc/38e203dc86172a6c6560.svg,https://deo.shopeemobile.com/shopee/modules-federation/live/0/shopee__item-card-standard-v2/0.2.8/pc/5dd7b4560d0e2d3190e8.svg,Surabaya,https://deo.shopeemobile.com/shopee/modules-federation/live/0/shopee__item-card-standard-v2/0.2.8/pc/0614b8f0a8fdde22942d.svg,< 2 Hari,"Samsung Galaxy A26 5G 8/256GB - Black
Rp
4.760.100
-7%
4.9
10RB+ Terjual
< 2 Hari
Surabaya",https://shopee.co.id/Samsung-Galaxy-A26-5G-8-256GB-Black-i.52635036.27930037808?extraParams=%7B%22display_model_id%22%3A118624877054%2C%22model_selection_logic%22%3A3%7D&sp_atk=83d17d9e-3150-4719-b1f1-6fb427070a75&xptdk=83d17d9e-3150-4719-b1f1-6fb427070a75,,,
https://down-id.img.susercontent.com/file/id-11134207-81ztp-mdxaxeg78qo7ab,https://down-id.img.susercontent.com/file/id-11134258-8224v-mkvw0cu9r7k1a5,Samsung Galaxy A07 (4/64 GB) (Garansi Resmi Samsung Indonesia),https://deo.shopeemobile.com/shopee/modules-federation/live/0/shopee__item-card-standard-v2/0.2.8/pc/e4734dab67ee2f9ebd5a.png,Rp,1.750.000,,,,,https://deo.shopeemobile.com/shopee/modules-federation/live/0/shopee__item-card-standard-v2/0.2.8/pc/d7099d3fd1dfdaf705ab.svg,5.0,192 Terjual,https://deo.shopeemobile.com/shopee/modules-federation/live/0/shopee__item-card-standard-v2/0.2.8/pc/76dff349290d20891fc1.svg,https://deo.shopeemobile.com/shopee/modules-federation/live/0/shopee__item-card-standard-v2/0.2.8/pc/5dd7b4560d0e2d3190e8.svg,Jambi,,,"Samsung Galaxy A07 (4/64 GB) (Garansi Resmi Samsung Indonesia)
Rp
1.750.000
5.0
192 Terjual
2-3 Hari
Jambi",https://shopee.co.id/Samsung-Galaxy-A07-(4-64-GB)-(Garansi-Resmi-Samsung-Indonesia)-i.25229367.41615334687?extraParams=%7B%22display_model_id%22%3A238081239909%2C%22model_selection_logic%22%3A3%7D&sp_atk=a8709c79-63ab-44ec-96a0-dacaef6df701&xptdk=a8709c79-63ab-44ec-96a0-dacaef6df701,,,
https://down-id.img.susercontent.com/file/id-11134207-81ztc-mf2czlvnzz7sfe,https://down-id.img.susercontent.com/file/id-11134258-822wr-mlx5y0tebegw04,Samsung Galaxy S25 FE 5G 8GB+256GB Display Dynamic LTPO AMOLED 6.7 inches - Exynos 2400 - Camera 50MP - 4900mAh - Garansi Resmi 1 Tahun,https://deo.shopeemobile.com/shopee/modules-federation/live/0/shopee__item-card-standard-v2/0.2.8/pc/7c9110f78e069acbced7.png,Rp,9.099.000,-17%,,,Kombo Hemat,https://deo.shopeemobile.com/shopee/modules-federation/live/0/shopee__item-card-standard-v2/0.2.8/pc/d7099d3fd1dfdaf705ab.svg,5.0,845 Terjual,https://deo.shopeemobile.com/shopee/modules-federation/live/0/shopee__item-card-standard-v2/0.2.8/pc/76dff349290d20891fc1.svg,https://deo.shopeemobile.com/shopee/modules-federation/live/0/shopee__item-card-standard-v2/0.2.8/pc/5dd7b4560d0e2d3190e8.svg,Jakarta Barat,,,"Samsung Galaxy S25 FE 5G 8GB+256GB Display Dynamic LTPO AMOLED 6.7 inches - Exynos 2400 - Camera 50MP - 4900mAh - Garansi Resmi 1 Tahun
Rp
9.099.000
-17%
Kombo Hemat
5.0
845 Terjual
3 Hari
Jakarta Barat",https://shopee.co.id/Samsung-Galaxy-S25-FE-5G-8GB-256GB-Display-Dynamic-LTPO-AMOLED-6.7-inches-Exynos-2400-Camera-50MP-4900mAh-Garansi-Resmi-1-Tahun-i.1516969716.41971337678?extraParams=%7B%22display_model_id%22%3A296742321471%2C%22model_selection_logic%22%3A3%7D&sp_atk=8ce23a78-7572-4b87-ba0c-c7f6ddf25c06&xptdk=8ce23a78-7572-4b87-ba0c-c7f6ddf25c06,,,
https://down-id.img.susercontent.com/file/id-11134207-82250-mhcvxbeqrqbu5b,https://down-id.img.susercontent.com/file/id-11134258-822wr-mlx5y0tebegw04,Samsung Galaxy A07 Ram 4/64 I 4/128 I 6/128 I 8/256 New Garansi Resmi,https://deo.shopeemobile.com/shopee/modules-federation/live/0/shopee__item-card-standard-v2/0.2.8/pc/e4734dab67ee2f9ebd5a.png,Rp,1.674.000,-1%,https://deo.shopeemobile.com/shopee/modules-federation/live/0/shopee__item-card-standard-v2/0.2.8/pc/b4d1b8a78b3621dbdf4a.svg,,,https://deo.shopeemobile.com/shopee/modules-federation/live/0/shopee__item-card-standard-v2/0.2.8/pc/d7099d3fd1dfdaf705ab.svg,4.9,2RB+ Terjual,https://deo.shopeemobile.com/shopee/modules-federation/live/0/shopee__item-card-standard-v2/0.2.8/pc/76dff349290d20891fc1.svg,https://deo.shopeemobile.com/shopee/modules-federation/live/0/shopee__item-card-standard-v2/0.2.8/pc/5dd7b4560d0e2d3190e8.svg,Medan,,,"Samsung Galaxy A07 Ram 4/64 I 4/128 I 6/128 I 8/256 New Garansi Resmi
Rp
1.674.000
-1%
4.9
2RB+ Terjual
3 Hari
Medan",https://shopee.co.id/Samsung-Galaxy-A07-Ram-4-64-I-4-128-I-6-128-I-8-256-New-Garansi-Resmi-i.1098981339.40964199992?extraParams=%7B%22display_model_id%22%3A310300650343%2C%22model_selection_logic%22%3A3%7D&sp_atk=0b5e8e31-efe8-4c5e-97b5-c1d2422fecc7&xptdk=0b5e8e31-efe8-4c5e-97b5-c1d2422fecc7,,,
https://down-id.img.susercontent.com/file/id-11134207-81zth-me4h0s7ez3sy29,https://down-id.img.susercontent.com/file/id-11134258-8224v-mkvw0cu9r7k1a5,"Samsung Galaxy A07 8/256GB,A07 6/128GB,A07 4/128GB,A07 4/64GB (GARANSI RESMI SAMSUNG)",https://deo.shopeemobile.com/shopee/modules-federation/live/0/shopee__item-card-standard-v2/0.2.8/pc/a425c915798471b33e5d.png,Rp,2.599.000,,,,,https://deo.shopeemobile.com/shopee/modules-federation/live/0/shopee__item-card-standard-v2/0.2.8/pc/d7099d3fd1dfdaf705ab.svg,4.9,3RB+ Terjual,https://deo.shopeemobile.com/shopee/modules-federation/live/0/shopee__item-card-standard-v2/0.2.8/pc/38e203dc86172a6c6560.svg,https://deo.shopeemobile.com/shopee/modules-federation/live/0/shopee__item-card-standard-v2/0.2.8/pc/5dd7b4560d0e2d3190e8.svg,Surabaya,https://deo.shopeemobile.com/shopee/modules-federation/live/0/shopee__item-card-standard-v2/0.2.8/pc/0614b8f0a8fdde22942d.svg,Hari ini,"Samsung Galaxy A07 8/256GB,A07 6/128GB,A07 4/128GB,A07 4/64GB (GARANSI RESMI SAMSUNG)
Rp
2.599.000
4.9
3RB+ Terjual
Hari ini
Surabaya",https://shopee.co.id/Samsung-Galaxy-A07-8-256GB-A07-6-128GB-A07-4-128GB-A07-4-64GB-(GARANSI-RESMI-SAMSUNG)-i.457871974.11181086435?extraParams=%7B%22display_model_id%22%3A226770113826%2C%22model_selection_logic%22%3A3%7D&sp_atk=03afbf89-e9e1-410e-adb2-bc9d89bec9c1&xptdk=03afbf89-e9e1-410e-adb2-bc9d89bec9c1,,,
https://down-id.img.susercontent.com/file/id-11134207-822wr-mmufjct1tybp45,https://down-id.img.susercontent.com/file/id-11134258-8224v-mkvw0cu9r7k1a5,Samsung Galaxy A34 5G 8/256GB Super Amoled Display,https://deo.shopeemobile.com/shopee/modules-federation/live/0/shopee__item-card-standard-v2/0.2.8/pc/e4734dab67ee2f9ebd5a.png,Rp,3.580.000,-34%,https://deo.shopeemobile.com/shopee/modules-federation/live/0/shopee__item-card-standard-v2/0.2.8/pc/b4d1b8a78b3621dbdf4a.svg,https://deo.shopeemobile.com/shopee/modules-federation/live/0/shopee__item-card-standard-v2/0.2.8/pc/d2a1900a0267d45fd0f5.png,,https://deo.shopeemobile.com/shopee/modules-federation/live/0/shopee__item-card-standard-v2/0.2.8/pc/d7099d3fd1dfdaf705ab.svg,5.0,32 Terjual,https://deo.shopeemobile.com/shopee/modules-federation/live/0/shopee__item-card-standard-v2/0.2.8/pc/38e203dc86172a6c6560.svg,https://deo.shopeemobile.com/shopee/modules-federation/live/0/shopee__item-card-standard-v2/0.2.8/pc/5dd7b4560d0e2d3190e8.svg,Kab. Sidoarjo,https://deo.shopeemobile.com/shopee/modules-federation/live/0/shopee__item-card-standard-v2/0.2.8/pc/0614b8f0a8fdde22942d.svg,Besok,"Samsung Galaxy A34 5G 8/256GB Super Amoled Display
Rp
3.580.000
-34%
5.0
32 Terjual
Besok
Kab. Sidoarjo",https://shopee.co.id/Samsung-Galaxy-A34-5G-8-256GB-Super-Amoled-Display-i.227477905.29819386247?extraParams=%7B%22display_model_id%22%3A139160611585%2C%22model_selection_logic%22%3A3%7D&sp_atk=b1d46bf1-dd5d-40df-a7f3-f37b02e6fb31&xptdk=b1d46bf1-dd5d-40df-a7f3-f37b02e6fb31,,,
https://down-id.img.susercontent.com/file/id-11134207-822wl-mm540t6phq8503,https://down-id.img.susercontent.com/file/id-11134258-8224v-mkvw0cu9r7k1a5,Samsung galaxy A56 5g 12/256 Free adaptor Garansi Resmi Samsung Indonesia,https://deo.shopeemobile.com/shopee/modules-federation/live/0/shopee__item-card-standard-v2/0.2.8/pc/a425c915798471b33e5d.png,Rp,5.090.000,-25%,https://deo.shopeemobile.com/shopee/modules-federation/live/0/shopee__item-card-standard-v2/0.2.8/pc/b4d1b8a78b3621dbdf4a.svg,,,https://deo.shopeemobile.com/shopee/modules-federation/live/0/shopee__item-card-standard-v2/0.2.8/pc/d7099d3fd1dfdaf705ab.svg,5.0,201 Terjual,https://deo.shopeemobile.com/shopee/modules-federation/live/0/shopee__item-card-standard-v2/0.2.8/pc/38e203dc86172a6c6560.svg,https://deo.shopeemobile.com/shopee/modules-federation/live/0/shopee__item-card-standard-v2/0.2.8/pc/5dd7b4560d0e2d3190e8.svg,Surabaya,https://deo.shopeemobile.com/shopee/modules-federation/live/0/shopee__item-card-standard-v2/0.2.8/pc/0614b8f0a8fdde22942d.svg,< 2 Hari,"Samsung galaxy A56 5g 12/256 Free adaptor Garansi Resmi Samsung Indonesia
Rp
5.090.000
-25%
5.0
201 Terjual
< 2 Hari
Surabaya",https://shopee.co.id/Samsung-galaxy-A56-5g-12-256-Free-adaptor-Garansi-Resmi-Samsung-Indonesia-i.1742761977.48955827210?extraParams=%7B%22display_model_id%22%3A277409499506%2C%22model_selection_logic%22%3A3%7D&sp_atk=6005a223-b018-4776-8783-e0555168ef9c&xptdk=6005a223-b018-4776-8783-e0555168ef9c,,,
https://down-id.img.susercontent.com/file/id-11134207-7ra0l-mcus8ogjehav82,https://down-id.img.susercontent.com/file/id-11134258-8224v-mkvw0cu9r7k1a5,Samsung Galaxy A36 5G 8GB/256GB Garansi Resmi Samsung Indonesia,https://deo.shopeemobile.com/shopee/modules-federation/live/0/shopee__item-card-standard-v2/0.2.8/pc/7c9110f78e069acbced7.png,Rp,5.249.000,-13%,,,,https://deo.shopeemobile.com/shopee/modules-federation/live/0/shopee__item-card-standard-v2/0.2.8/pc/d7099d3fd1dfdaf705ab.svg,4.9,858 Terjual,https://deo.shopeemobile.com/shopee/modules-federation/live/0/shopee__item-card-standard-v2/0.2.8/pc/76dff349290d20891fc1.svg,https://deo.shopeemobile.com/shopee/modules-federation/live/0/shopee__item-card-standard-v2/0.2.8/pc/5dd7b4560d0e2d3190e8.svg,Jakarta Pusat,,,"Samsung Galaxy A36 5G 8GB/256GB Garansi Resmi Samsung Indonesia
Rp
5.249.000
-13%
4.9
858 Terjual
3 Hari
Jakarta Pusat",https://shopee.co.id/Samsung-Galaxy-A36-5G-8GB-256GB-Garansi-Resmi-Samsung-Indonesia-i.1119863145.41011066569?extraParams=%7B%22display_model_id%22%3A280929170787%2C%22model_selection_logic%22%3A3%7D&sp_atk=3958e051-9ed0-4146-9aa7-82b693086a35&xptdk=3958e051-9ed0-4146-9aa7-82b693086a35,,,
https://down-id.img.susercontent.com/file/id-11134207-7rbk5-m7nfdafwhgskf4,https://down-id.img.susercontent.com/file/id-11134258-8224v-mkvw0cu9r7k1a5,Samsung Galaxy A56 5G 12/256GB Garansi Resmi SEIN,https://deo.shopeemobile.com/shopee/modules-federation/live/0/shopee__item-card-standard-v2/0.2.8/pc/7c9110f78e069acbced7.png,Rp,7.299.000,,,,,https://deo.shopeemobile.com/shopee/modules-federation/live/0/shopee__item-card-standard-v2/0.2.8/pc/d7099d3fd1dfdaf705ab.svg,5.0,336 Terjual,https://deo.shopeemobile.com/shopee/modules-federation/live/0/shopee__item-card-standard-v2/0.2.8/pc/38e203dc86172a6c6560.svg,https://deo.shopeemobile.com/shopee/modules-federation/live/0/shopee__item-card-standard-v2/0.2.8/pc/5dd7b4560d0e2d3190e8.svg,Surabaya,https://deo.shopeemobile.com/shopee/modules-federation/live/0/shopee__item-card-standard-v2/0.2.8/pc/0614b8f0a8fdde22942d.svg,2 jam,"Samsung Galaxy A56 5G 12/256GB Garansi Resmi SEIN
Rp
7.299.000
5.0
336 Terjual
2 jam
Surabaya",https://shopee.co.id/Samsung-Galaxy-A56-5G-12-256GB-Garansi-Resmi-SEIN-i.143199398.26380499201?extraParams=%7B%22display_model_id%22%3A168801858555%2C%22model_selection_logic%22%3A3%7D&sp_atk=afd1a62d-1d4c-48ed-97d0-c11c5a1b8dc0&xptdk=afd1a62d-1d4c-48ed-97d0-c11c5a1b8dc0,,,
https://down-id.img.susercontent.com/file/id-11134207-7ra0r-mda2folbznzb7d,https://down-id.img.susercontent.com/file/id-11134258-8224v-mkvw0cu9r7k1a5,Samsung Galaxy A56 5G 8GB/256GB I 12GB/256GB Garansi Resmi Samsung Indonesia,https://deo.shopeemobile.com/shopee/modules-federation/live/0/shopee__item-card-standard-v2/0.2.8/pc/7c9110f78e069acbced7.png,Rp,6.198.000,-11%,,,,https://deo.shopeemobile.com/shopee/modules-federation/live/0/shopee__item-card-standard-v2/0.2.8/pc/d7099d3fd1dfdaf705ab.svg,4.9,6RB+ Terjual,https://deo.shopeemobile.com/shopee/modules-federation/live/0/shopee__item-card-standard-v2/0.2.8/pc/76dff349290d20891fc1.svg,https://deo.shopeemobile.com/shopee/modules-federation/live/0/shopee__item-card-standard-v2/0.2.8/pc/5dd7b4560d0e2d3190e8.svg,Jakarta Pusat,,,"Samsung Galaxy A56 5G 8GB/256GB I 12GB/256GB Garansi Resmi Samsung Indonesia
Rp
6.198.000
-11%
4.9
6RB+ Terjual
3 Hari
Jakarta Pusat",https://shopee.co.id/Samsung-Galaxy-A56-5G-8GB-256GB-I-12GB-256GB-Garansi-Resmi-Samsung-Indonesia-i.1119863145.44412275419?extraParams=%7B%22display_model_id%22%3A258725522573%2C%22model_selection_logic%22%3A3%7D&sp_atk=b1195b27-ef79-4690-88d1-641dd9bb1a47&xptdk=b1195b27-ef79-4690-88d1-641dd9bb1a47,,,
https://down-id.img.susercontent.com/file/id-11134207-8224y-mhcvxbetnoctea,https://down-id.img.susercontent.com/file/id-11134258-822wr-mlx5y0tebegw04,Samsung S25 FE 5G [8/128] [8/256] GB Garansi Resmi.,https://deo.shopeemobile.com/shopee/modules-federation/live/0/shopee__item-card-standard-v2/0.2.8/pc/e4734dab67ee2f9ebd5a.png,Rp,9.574.000,-1%,https://deo.shopeemobile.com/shopee/modules-federation/live/0/shopee__item-card-standard-v2/0.2.8/pc/b4d1b8a78b3621dbdf4a.svg,,,https://deo.shopeemobile.com/shopee/modules-federation/live/0/shopee__item-card-standard-v2/0.2.8/pc/d7099d3fd1dfdaf705ab.svg,4.9,542 Terjual,https://deo.shopeemobile.com/shopee/modules-federation/live/0/shopee__item-card-standard-v2/0.2.8/pc/76dff349290d20891fc1.svg,https://deo.shopeemobile.com/shopee/modules-federation/live/0/shopee__item-card-standard-v2/0.2.8/pc/5dd7b4560d0e2d3190e8.svg,Medan,,,"Samsung S25 FE 5G [8/128] [8/256] GB Garansi Resmi.
Rp
9.574.000
-1%
4.9
542 Terjual
3 Hari
Medan",https://shopee.co.id/Samsung-S25-FE-5G-8-128-8-256-GB-Garansi-Resmi.-i.1098981339.26271031736?extraParams=%7B%22display_model_id%22%3A237340726562%2C%22model_selection_logic%22%3A3%7D&sp_atk=f6ddac4c-ff02-429f-b9b1-c9732e9db930&xptdk=f6ddac4c-ff02-429f-b9b1-c9732e9db930,,,
https://down-id.img.susercontent.com/file/id-11134207-822wu-mn87cznygfeo7a,https://down-id.img.susercontent.com/file/id-11134258-8224v-mkvw0cu9r7k1a5,Samsung Galaxy A07 LTE 4G | 5G Original Garansi Resmi SEIN Indonesia - Garansi SEIN 1 Tahun,https://deo.shopeemobile.com/shopee/modules-federation/live/0/shopee__item-card-standard-v2/0.2.8/pc/7c9110f78e069acbced7.png,Rp,1.708.000,,,https://deo.shopeemobile.com/shopee/modules-federation/live/0/shopee__item-card-standard-v2/0.2.8/pc/d2a1900a0267d45fd0f5.png,,https://deo.shopeemobile.com/shopee/modules-federation/live/0/shopee__item-card-standard-v2/0.2.8/pc/d7099d3fd1dfdaf705ab.svg,5.0,449 Terjual,https://deo.shopeemobile.com/shopee/modules-federation/live/0/shopee__item-card-standard-v2/0.2.8/pc/38e203dc86172a6c6560.svg,https://deo.shopeemobile.com/shopee/modules-federation/live/0/shopee__item-card-standard-v2/0.2.8/pc/5dd7b4560d0e2d3190e8.svg,Surabaya,https://deo.shopeemobile.com/shopee/modules-federation/live/0/shopee__item-card-standard-v2/0.2.8/pc/0614b8f0a8fdde22942d.svg,2 jam,"Samsung Galaxy A07 LTE 4G | 5G Original Garansi Resmi SEIN Indonesia - Garansi SEIN 1 Tahun
Rp
1.708.000
5.0
449 Terjual
2 jam
Surabaya",https://shopee.co.id/Samsung-Galaxy-A07-LTE-4G-5G-Original-Garansi-Resmi-SEIN-Indonesia-Garansi-SEIN-1-Tahun-i.35790461.40914422431?extraParams=%7B%22display_model_id%22%3A276188919175%2C%22model_selection_logic%22%3A3%7D&sp_atk=26e6a8af-a744-45c5-a46d-d85b78a29e61&xptdk=26e6a8af-a744-45c5-a46d-d85b78a29e61,,,
https://down-id.img.susercontent.com/file/id-11134207-7r98x-ltm17ypacet91f,https://down-id.img.susercontent.com/file/id-11134258-8224v-mkvw0cu9r7k1a5,Samsung galaxy A35 5g 8/256 free adaptor charger Garansi resmi samsung SEIN,,Rp,3.600.000,-36%,,,,https://deo.shopeemobile.com/shopee/modules-federation/live/0/shopee__item-card-standard-v2/0.2.8/pc/d7099d3fd1dfdaf705ab.svg,4.9,748 Terjual,https://deo.shopeemobile.com/shopee/modules-federation/live/0/shopee__item-card-standard-v2/0.2.8/pc/76dff349290d20891fc1.svg,https://deo.shopeemobile.com/shopee/modules-federation/live/0/shopee__item-card-standard-v2/0.2.8/pc/5dd7b4560d0e2d3190e8.svg,Surabaya,,,"Samsung galaxy A35 5g 8/256 free adaptor charger Garansi resmi samsung SEIN
Rp
3.600.000
-36%
4.9
748 Terjual
2-5 Hari
Surabaya",https://shopee.co.id/Samsung-galaxy-A35-5g-8-256-free-adaptor-charger-Garansi-resmi-samsung-SEIN-i.155116050.19792670499?extraParams=%7B%22display_model_id%22%3A98970655806%2C%22model_selection_logic%22%3A3%7D&sp_atk=2212af34-cb7b-4363-a275-b02528982057&xptdk=2212af34-cb7b-4363-a275-b02528982057,,,
https://down-id.img.susercontent.com/file/id-11134207-81ztl-mf26ibmhfhmy4b,https://down-id.img.susercontent.com/file/id-11134258-8224v-mkvw0cu9r7k1a5,Samsung Galaxy A17 4G 8/128GB & 8/256GB 50MP OIS Super AMOLED 90Hz NFC 5000mAh,https://deo.shopeemobile.com/shopee/modules-federation/live/0/shopee__item-card-standard-v2/0.2.8/pc/7c9110f78e069acbced7.png,Rp,3.698.000,,,,,https://deo.shopeemobile.com/shopee/modules-federation/live/0/shopee__item-card-standard-v2/0.2.8/pc/d7099d3fd1dfdaf705ab.svg,4.9,50 Terjual,https://deo.shopeemobile.com/shopee/modules-federation/live/0/shopee__item-card-standard-v2/0.2.8/pc/38e203dc86172a6c6560.svg,https://deo.shopeemobile.com/shopee/modules-federation/live/0/shopee__item-card-standard-v2/0.2.8/pc/5dd7b4560d0e2d3190e8.svg,Surabaya,https://deo.shopeemobile.com/shopee/modules-federation/live/0/shopee__item-card-standard-v2/0.2.8/pc/0614b8f0a8fdde22942d.svg,2 jam,"Samsung Galaxy A17 4G 8/128GB & 8/256GB 50MP OIS Super AMOLED 90Hz NFC 5000mAh
Rp
3.698.000
4.9
50 Terjual
2 jam
Surabaya",https://shopee.co.id/Samsung-Galaxy-A17-4G-8-128GB-8-256GB-50MP-OIS-Super-AMOLED-90Hz-NFC-5000mAh-i.29471017.42321285669?extraParams=%7B%22display_model_id%22%3A271736939377%2C%22model_selection_logic%22%3A3%7D&sp_atk=6ab6a038-edca-49a2-b18f-4c4bda1cb0d1&xptdk=6ab6a038-edca-49a2-b18f-4c4bda1cb0d1,,,
https://down-id.img.susercontent.com/file/id-11134207-7rbk3-m8n894ynzj0b40,https://down-id.img.susercontent.com/file/id-11134258-8224v-mkvw0cu9r7k1a5,Samsung Galaxy A36-5G 8/256GB | 12/256GB Garansi Resmi Sein Samsung 1Year,https://deo.shopeemobile.com/shopee/modules-federation/live/0/shopee__item-card-standard-v2/0.2.8/pc/e4734dab67ee2f9ebd5a.png,Rp,5.200.000,,,,,https://deo.shopeemobile.com/shopee/modules-federation/live/0/shopee__item-card-standard-v2/0.2.8/pc/d7099d3fd1dfdaf705ab.svg,5.0,269 Terjual,https://deo.shopeemobile.com/shopee/modules-federation/live/0/shopee__item-card-standard-v2/0.2.8/pc/76dff349290d20891fc1.svg,https://deo.shopeemobile.com/shopee/modules-federation/live/0/shopee__item-card-standard-v2/0.2.8/pc/5dd7b4560d0e2d3190e8.svg,Bekasi,,,"Samsung Galaxy A36-5G 8/256GB | 12/256GB Garansi Resmi Sein Samsung 1Year
Rp
5.200.000
5.0
269 Terjual
2-3 Hari
Bekasi",https://shopee.co.id/Samsung-Galaxy-A36-5G-8-256GB-12-256GB-Garansi-Resmi-Sein-Samsung-1Year-i.258990026.29030144839?extraParams=%7B%22display_model_id%22%3A185922733486%2C%22model_selection_logic%22%3A3%7D&sp_atk=7165f91f-ae2b-4cdd-8e2e-de18486be7df&xptdk=7165f91f-ae2b-4cdd-8e2e-de18486be7df,,,
https://down-id.img.susercontent.com/file/sg-11134201-8261p-mmbg00jsczrj7d,https://down-id.img.susercontent.com/file/id-11134258-7r98w-lyezzaurybot13,Samsung Galaxy A56 5G 8/256GB - Awesome Light Gray,https://deo.shopeemobile.com/shopee/modules-federation/live/0/shopee__item-card-standard-v2/0.2.8/pc/7c9110f78e069acbced7.png,Rp,6.301.000,-9%,,https://deo.shopeemobile.com/shopee/modules-federation/live/0/shopee__item-card-standard-v2/0.2.8/pc/d2a1900a0267d45fd0f5.png,,https://deo.shopeemobile.com/shopee/modules-federation/live/0/shopee__item-card-standard-v2/0.2.8/pc/d7099d3fd1dfdaf705ab.svg,4.9,3RB+ Terjual,https://deo.shopeemobile.com/shopee/modules-federation/live/0/shopee__item-card-standard-v2/0.2.8/pc/38e203dc86172a6c6560.svg,https://deo.shopeemobile.com/shopee/modules-federation/live/0/shopee__item-card-standard-v2/0.2.8/pc/5dd7b4560d0e2d3190e8.svg,Surabaya,https://deo.shopeemobile.com/shopee/modules-federation/live/0/shopee__item-card-standard-v2/0.2.8/pc/0614b8f0a8fdde22942d.svg,< 2 Hari,"Samsung Galaxy A56 5G 8/256GB - Awesome Light Gray
Rp
6.301.000
-9%
4.9
3RB+ Terjual
< 2 Hari
Surabaya",https://shopee.co.id/Samsung-Galaxy-A56-5G-8-256GB-Awesome-Light-Gray-i.52635036.26277751010?extraParams=%7B%22display_model_id%22%3A218255992027%2C%22model_selection_logic%22%3A3%7D&sp_atk=50d28156-29d6-4114-b9fe-30e7fddbd77b&xptdk=50d28156-29d6-4114-b9fe-30e7fddbd77b,,,
https://down-id.img.susercontent.com/file/id-11134207-822wk-mmv8jawczxfs4c,https://down-id.img.susercontent.com/file/id-11134258-8224v-mkvw0cu9r7k1a5,Samsung Galaxy A56 5G 8/256GB - Awesome Pink | Galaxy AI | 50MP Camera | 45W Super Fast Charge,https://deo.shopeemobile.com/shopee/modules-federation/live/0/shopee__item-card-standard-v2/0.2.8/pc/7c9110f78e069acbced7.png,Rp,6.349.000,-13%,https://deo.shopeemobile.com/shopee/modules-federation/live/0/shopee__item-card-standard-v2/0.2.8/pc/b4d1b8a78b3621dbdf4a.svg,https://deo.shopeemobile.com/shopee/modules-federation/live/0/shopee__item-card-standard-v2/0.2.8/pc/d2a1900a0267d45fd0f5.png,,https://deo.shopeemobile.com/shopee/modules-federation/live/0/shopee__item-card-standard-v2/0.2.8/pc/d7099d3fd1dfdaf705ab.svg,4.9,1RB+ Terjual,https://deo.shopeemobile.com/shopee/modules-federation/live/0/shopee__item-card-standard-v2/0.2.8/pc/76dff349290d20891fc1.svg,https://deo.shopeemobile.com/shopee/modules-federation/live/0/shopee__item-card-standard-v2/0.2.8/pc/5dd7b4560d0e2d3190e8.svg,Kab. Tangerang,,,"Samsung Galaxy A56 5G 8/256GB - Awesome Pink | Galaxy AI | 50MP Camera | 45W Super Fast Charge
Rp
6.349.000
-13%
4.9
1RB+ Terjual
3-4 Hari
Kab. Tangerang",https://shopee.co.id/Samsung-Galaxy-A56-5G-8-256GB-Awesome-Pink-Galaxy-AI-50MP-Camera-45W-Super-Fast-Charge-i.846350612.40407749673?extraParams=%7B%22display_model_id%22%3A280657690606%2C%22model_selection_logic%22%3A3%7D&sp_atk=057dc4bc-a668-4a6c-adca-9804a49e1d1e&xptdk=057dc4bc-a668-4a6c-adca-9804a49e1d1e,,,
https://down-id.img.susercontent.com/file/id-11134207-7r98x-lsth9eneiqx9e1,https://down-id.img.susercontent.com/file/id-11134258-8224v-mkvw0cu9r7k1a5,Samsung Galaxy A55 5G 12/256 + 8/256 Garansi resmi Samsung Sein,https://deo.shopeemobile.com/shopee/modules-federation/live/0/shopee__item-card-standard-v2/0.2.8/pc/e4734dab67ee2f9ebd5a.png,Rp,6.200.000,,,,,https://deo.shopeemobile.com/shopee/modules-federation/live/0/shopee__item-card-standard-v2/0.2.8/pc/d7099d3fd1dfdaf705ab.svg,4.9,7RB+ Terjual,https://deo.shopeemobile.com/shopee/modules-federation/live/0/shopee__item-card-standard-v2/0.2.8/pc/76dff349290d20891fc1.svg,https://deo.shopeemobile.com/shopee/modules-federation/live/0/shopee__item-card-standard-v2/0.2.8/pc/5dd7b4560d0e2d3190e8.svg,Jakarta Utara,,,"Samsung Galaxy A55 5G 12/256 + 8/256 Garansi resmi Samsung Sein
Rp
6.200.000
4.9
7RB+ Terjual
3 Hari
Jakarta Utara",https://shopee.co.id/Samsung-Galaxy-A55-5G-12-256-8-256-Garansi-resmi-Samsung-Sein-i.75066549.25668702414?extraParams=%7B%22display_model_id%22%3A227641106746%2C%22model_selection_logic%22%3A3%7D&sp_atk=e49c1405-80ac-4a8a-bf29-f85b9da73510&xptdk=e49c1405-80ac-4a8a-bf29-f85b9da73510,,,
https://down-id.img.susercontent.com/file/id-11134207-7ra0r-mdvimlton76w19,https://down-id.img.susercontent.com/file/id-11134258-8224v-mkvw0cu9r7k1a5,Samsung Galaxy A17 5G [8/256GB] A17 4G [8/256GB] [8/128GB] Garansi Resmi Samsung 1 Tahun,https://deo.shopeemobile.com/shopee/modules-federation/live/0/shopee__item-card-standard-v2/0.2.8/pc/e4734dab67ee2f9ebd5a.png,Rp,3.399.000,,,https://deo.shopeemobile.com/shopee/modules-federation/live/0/shopee__item-card-standard-v2/0.2.8/pc/d2a1900a0267d45fd0f5.png,Cicilan,https://deo.shopeemobile.com/shopee/modules-federation/live/0/shopee__item-card-standard-v2/0.2.8/pc/d7099d3fd1dfdaf705ab.svg,4.9,1RB+ Terjual,https://deo.shopeemobile.com/shopee/modules-federation/live/0/shopee__item-card-standard-v2/0.2.8/pc/76dff349290d20891fc1.svg,https://deo.shopeemobile.com/shopee/modules-federation/live/0/shopee__item-card-standard-v2/0.2.8/pc/5dd7b4560d0e2d3190e8.svg,Palembang,,,"Samsung Galaxy A17 5G [8/256GB] A17 4G [8/256GB] [8/128GB] Garansi Resmi Samsung 1 Tahun
Rp
3.399.000
Cicilan
4.9
1RB+ Terjual
2-3 Hari
Palembang",https://shopee.co.id/Samsung-Galaxy-A17-5G-8-256GB-A17-4G-8-256GB-8-128GB-Garansi-Resmi-Samsung-1-Tahun-i.133736627.6673624364?extraParams=%7B%22display_model_id%22%3A286583360122%2C%22model_selection_logic%22%3A3%7D&sp_atk=a75635be-35bb-442f-97e3-3f7c7f4ec9e6&xptdk=a75635be-35bb-442f-97e3-3f7c7f4ec9e6,,,
https://down-id.img.susercontent.com/file/id-11134207-8224r-ml4dr4eecyki79,https://down-id.img.susercontent.com/file/id-11134258-7r98w-lyezzaurybot13,Samsung Galaxy A17 4G 8GB/256GB | 8GB/128GB Garansi Resmi Samsung Indonesia,https://deo.shopeemobile.com/shopee/modules-federation/live/0/shopee__item-card-standard-v2/0.2.8/pc/7c9110f78e069acbced7.png,Rp,3.134.000,-20%,https://deo.shopeemobile.com/shopee/modules-federation/live/0/shopee__item-card-standard-v2/0.2.8/pc/b4d1b8a78b3621dbdf4a.svg,,,https://deo.shopeemobile.com/shopee/modules-federation/live/0/shopee__item-card-standard-v2/0.2.8/pc/d7099d3fd1dfdaf705ab.svg,4.9,126 Terjual,https://deo.shopeemobile.com/shopee/modules-federation/live/0/shopee__item-card-standard-v2/0.2.8/pc/76dff349290d20891fc1.svg,https://deo.shopeemobile.com/shopee/modules-federation/live/0/shopee__item-card-standard-v2/0.2.8/pc/5dd7b4560d0e2d3190e8.svg,Jakarta Utara,,,"Samsung Galaxy A17 4G 8GB/256GB | 8GB/128GB Garansi Resmi Samsung Indonesia
Rp
3.134.000
-20%
4.9
126 Terjual
3 Hari
Jakarta Utara",https://shopee.co.id/Samsung-Galaxy-A17-4G-8GB-256GB-8GB-128GB-Garansi-Resmi-Samsung-Indonesia-i.1249173228.50456403339?extraParams=%7B%22display_model_id%22%3A340577898172%2C%22model_selection_logic%22%3A3%7D&sp_atk=b5be6541-cca3-4811-9785-5fed27ffca0d&xptdk=b5be6541-cca3-4811-9785-5fed27ffca0d,,,
https://down-id.img.susercontent.com/file/id-11134207-8224u-mkuh6dpscruu33,https://down-id.img.susercontent.com/file/id-11134258-822wr-mlx5y0tebegw04,Samsung Galaxy A17 4G [PLUS ADAPTOR] [8GB+128GB] [8GB+256GB] LCD Super AMOLED - Mediatek Helio G99 - Camera 50MP - 5000 mAh - Garansi Resmi,https://deo.shopeemobile.com/shopee/modules-federation/live/0/shopee__item-card-standard-v2/0.2.8/pc/7c9110f78e069acbced7.png,Rp,3.239.000,-19%,,,Kombo Hemat,https://deo.shopeemobile.com/shopee/modules-federation/live/0/shopee__item-card-standard-v2/0.2.8/pc/d7099d3fd1dfdaf705ab.svg,4.9,1RB+ Terjual,https://deo.shopeemobile.com/shopee/modules-federation/live/0/shopee__item-card-standard-v2/0.2.8/pc/76dff349290d20891fc1.svg,https://deo.shopeemobile.com/shopee/modules-federation/live/0/shopee__item-card-standard-v2/0.2.8/pc/5dd7b4560d0e2d3190e8.svg,Jakarta Barat,,,"Samsung Galaxy A17 4G [PLUS ADAPTOR] [8GB+128GB] [8GB+256GB] LCD Super AMOLED - Mediatek Helio G99 - Camera 50MP - 5000 mAh - Garansi Resmi
Rp
3.239.000
-19%
Kombo Hemat
4.9
1RB+ Terjual
3 Hari
Jakarta Barat",https://shopee.co.id/Samsung-Galaxy-A17-4G-PLUS-ADAPTOR-8GB-128GB-8GB-256GB-LCD-Super-AMOLED-Mediatek-Helio-G99-Camera-50MP-5000-mAh-Garansi-Resmi-i.1516969716.43669648665?extraParams=%7B%22display_model_id%22%3A355780015998%2C%22model_selection_logic%22%3A3%7D&sp_atk=594cac34-0239-4201-a2f0-95154b67a987&xptdk=594cac34-0239-4201-a2f0-95154b67a987,,,
https://down-id.img.susercontent.com/file/id-11134207-7ra0n-md1w9bpn9anwf8,https://down-id.img.susercontent.com/file/id-11134258-8224v-mkvw0cu9r7k1a5,"SAMSUNG GALAXY A16 4G [8GB+128GB] [8GB+256GB] - IP54 Super AMOLED, Helio G99 - GARANSI RESMI SAMSUNG INDONESIA",https://deo.shopeemobile.com/shopee/modules-federation/live/0/shopee__item-card-standard-v2/0.2.8/pc/e4734dab67ee2f9ebd5a.png,Rp,2.799.000,-7%,,,,https://deo.shopeemobile.com/shopee/modules-federation/live/0/shopee__item-card-standard-v2/0.2.8/pc/d7099d3fd1dfdaf705ab.svg,4.9,387 Terjual,https://deo.shopeemobile.com/shopee/modules-federation/live/0/shopee__item-card-standard-v2/0.2.8/pc/76dff349290d20891fc1.svg,https://deo.shopeemobile.com/shopee/modules-federation/live/0/shopee__item-card-standard-v2/0.2.8/pc/5dd7b4560d0e2d3190e8.svg,Jakarta Barat,,,"SAMSUNG GALAXY A16 4G [8GB+128GB] [8GB+256GB] - IP54 Super AMOLED, Helio G99 - GARANSI RESMI SAMSUNG INDONESIA
Rp
2.799.000
-7%
4.9
387 Terjual
3 Hari
Jakarta Barat",https://shopee.co.id/SAMSUNG-GALAXY-A16-4G-8GB-128GB-8GB-256GB-IP54-Super-AMOLED-Helio-G99-GARANSI-RESMI-SAMSUNG-INDONESIA-i.216046779.44461633748?extraParams=%7B%22display_model_id%22%3A285976628065%2C%22model_selection_logic%22%3A3%7D&sp_atk=e111fccb-6e75-4c8e-b183-57dfce151779&xptdk=e111fccb-6e75-4c8e-b183-57dfce151779,,,
https://down-id.img.susercontent.com/file/id-11134207-8224z-mhcvxbetdudp5a,https://down-id.img.susercontent.com/file/id-11134258-8224v-mkvw0cu9r7k1a5,"Samsung Galaxy A56 5G 6.7"" AMOLED 50MP Kamera",https://deo.shopeemobile.com/shopee/modules-federation/live/0/shopee__item-card-standard-v2/0.2.8/pc/e4734dab67ee2f9ebd5a.png,Rp,6.435.000,-1%,https://deo.shopeemobile.com/shopee/modules-federation/live/0/shopee__item-card-standard-v2/0.2.8/pc/b4d1b8a78b3621dbdf4a.svg,,,https://deo.shopeemobile.com/shopee/modules-federation/live/0/shopee__item-card-standard-v2/0.2.8/pc/d7099d3fd1dfdaf705ab.svg,5.0,1RB+ Terjual,https://deo.shopeemobile.com/shopee/modules-federation/live/0/shopee__item-card-standard-v2/0.2.8/pc/76dff349290d20891fc1.svg,https://deo.shopeemobile.com/shopee/modules-federation/live/0/shopee__item-card-standard-v2/0.2.8/pc/5dd7b4560d0e2d3190e8.svg,Medan,,,"Samsung Galaxy A56 5G 6.7"" AMOLED 50MP Kamera
Rp
6.435.000
-1%
5.0
1RB+ Terjual
3 Hari
Medan",https://shopee.co.id/Samsung-Galaxy-A56-5G-6.7-AMOLED-50MP-Kamera-i.1098981339.27830386936?extraParams=%7B%22display_model_id%22%3A195905720483%2C%22model_selection_logic%22%3A3%7D&sp_atk=7b8a71e3-0791-4373-b94e-c59e95915e21&xptdk=7b8a71e3-0791-4373-b94e-c59e95915e21,,,
https://down-id.img.susercontent.com/file/id-11134207-8224r-mkqutbznii9v0c,,Samsung Galaxy A07 5G 6GB/128GB Gratis Travel Adapter Samsung  - Garansi Resmi,https://deo.shopeemobile.com/shopee/modules-federation/live/0/shopee__item-card-standard-v2/0.2.8/pc/7c9110f78e069acbced7.png,Rp,3.199.000,,,,,https://deo.shopeemobile.com/shopee/modules-federation/live/0/shopee__item-card-standard-v2/0.2.8/pc/d7099d3fd1dfdaf705ab.svg,5.0,42 Terjual,https://deo.shopeemobile.com/shopee/modules-federation/live/0/shopee__item-card-standard-v2/0.2.8/pc/38e203dc86172a6c6560.svg,https://deo.shopeemobile.com/shopee/modules-federation/live/0/shopee__item-card-standard-v2/0.2.8/pc/5dd7b4560d0e2d3190e8.svg,Kab. Gresik,https://deo.shopeemobile.com/shopee/modules-federation/live/0/shopee__item-card-standard-v2/0.2.8/pc/0614b8f0a8fdde22942d.svg,2 jam,"Samsung Galaxy A07 5G 6GB/128GB Gratis Travel Adapter Samsung - Garansi Resmi
Rp
3.199.000
5.0
42 Terjual
2 jam
Kab. Gresik",https://shopee.co.id/Samsung-Galaxy-A07-5G-6GB-128GB-Gratis-Travel-Adapter-Samsung-Garansi-Resmi-i.139245516.45206243758?extraParams=%7B%22display_model_id%22%3A259168526610%2C%22model_selection_logic%22%3A3%7D&sp_atk=a86bcb5f-d4e5-4b51-87a3-5796a120dd8d&xptdk=a86bcb5f-d4e5-4b51-87a3-5796a120dd8d,,,
https://down-id.img.susercontent.com/file/id-11134207-7r98r-lmr54hmstuecbe,https://down-id.img.susercontent.com/file/id-11134258-8224v-mkvw0cu9r7k1a5,SAMSUNG A05 S 6/128 GARANSI RESMI INDONESIA 100% ORIGINAL,https://deo.shopeemobile.com/shopee/modules-federation/live/0/shopee__item-card-standard-v2/0.2.8/pc/e4734dab67ee2f9ebd5a.png,Rp,2.299.000,,,https://deo.shopeemobile.com/shopee/modules-federation/live/0/shopee__item-card-standard-v2/0.2.8/pc/d2a1900a0267d45fd0f5.png,,https://deo.shopeemobile.com/shopee/modules-federation/live/0/shopee__item-card-standard-v2/0.2.8/pc/d7099d3fd1dfdaf705ab.svg,4.8,159 Terjual,https://deo.shopeemobile.com/shopee/modules-federation/live/0/shopee__item-card-standard-v2/0.2.8/pc/38e203dc86172a6c6560.svg,https://deo.shopeemobile.com/shopee/modules-federation/live/0/shopee__item-card-standard-v2/0.2.8/pc/5dd7b4560d0e2d3190e8.svg,Surabaya,https://deo.shopeemobile.com/shopee/modules-federation/live/0/shopee__item-card-standard-v2/0.2.8/pc/0614b8f0a8fdde22942d.svg,Hari ini,"SAMSUNG A05 S 6/128 GARANSI RESMI INDONESIA 100% ORIGINAL
Rp
2.299.000
4.8
159 Terjual
Hari ini
Surabaya",https://shopee.co.id/SAMSUNG-A05-S-6-128-GARANSI-RESMI-INDONESIA-100-ORIGINAL-i.231049776.16996349881?extraParams=%7B%22display_model_id%22%3A225726975495%2C%22model_selection_logic%22%3A3%7D&sp_atk=525c774d-3134-46a7-b4dc-b26ed7d2f8a6&xptdk=525c774d-3134-46a7-b4dc-b26ed7d2f8a6,,,
https://down-id.img.susercontent.com/file/id-11134207-7rasf-m48e6992452y04,https://down-id.img.susercontent.com/file/id-11134258-8224v-mkvw0cu9r7k1a5,SAMSUNG GALAXY S24 FE 5G (8/128 (8/256) (8/512) GARANSI RESMI INDONESIA,https://deo.shopeemobile.com/shopee/modules-federation/live/0/shopee__item-card-standard-v2/0.2.8/pc/e4734dab67ee2f9ebd5a.png,Rp,6.999.000,,,,,https://deo.shopeemobile.com/shopee/modules-federation/live/0/shopee__item-card-standard-v2/0.2.8/pc/d7099d3fd1dfdaf705ab.svg,4.9,119 Terjual,https://deo.shopeemobile.com/shopee/modules-federation/live/0/shopee__item-card-standard-v2/0.2.8/pc/38e203dc86172a6c6560.svg,https://deo.shopeemobile.com/shopee/modules-federation/live/0/shopee__item-card-standard-v2/0.2.8/pc/5dd7b4560d0e2d3190e8.svg,Surabaya,https://deo.shopeemobile.com/shopee/modules-federation/live/0/shopee__item-card-standard-v2/0.2.8/pc/0614b8f0a8fdde22942d.svg,< 2 Hari,"SAMSUNG GALAXY S24 FE 5G (8/128 (8/256) (8/512) GARANSI RESMI INDONESIA
Rp
6.999.000
4.9
119 Terjual
< 2 Hari
Surabaya",https://shopee.co.id/SAMSUNG-GALAXY-S24-FE-5G-(8-128-(8-256)-(8-512)-GARANSI-RESMI-INDONESIA-i.866097274.25976213373?extraParams=%7B%22display_model_id%22%3A261839201224%2C%22model_selection_logic%22%3A3%7D&sp_atk=b592b467-c93c-4ff4-83b3-aaeed0503726&xptdk=b592b467-c93c-4ff4-83b3-aaeed0503726,,,
https://down-id.img.susercontent.com/file/id-11134207-822wm-mmvea42i562t57,https://down-id.img.susercontent.com/file/id-11134258-7r98w-lyezzaurybot13,Samsung Galaxy A07  4G 4/64GB | 4/128GB | 6/128GB | 8/256GB [FREE ADAPTOR ORIGINAL SAMSUNG] - Garansi Resmi SEIN INDONESIA,https://deo.shopeemobile.com/shopee/modules-federation/live/0/shopee__item-card-standard-v2/0.2.8/pc/7c9110f78e069acbced7.png,Rp,1.684.000,-53%,https://deo.shopeemobile.com/shopee/modules-federation/live/0/shopee__item-card-standard-v2/0.2.8/pc/b4d1b8a78b3621dbdf4a.svg,,,https://deo.shopeemobile.com/shopee/modules-federation/live/0/shopee__item-card-standard-v2/0.2.8/pc/d7099d3fd1dfdaf705ab.svg,4.9,9RB+ Terjual,https://deo.shopeemobile.com/shopee/modules-federation/live/0/shopee__item-card-standard-v2/0.2.8/pc/76dff349290d20891fc1.svg,https://deo.shopeemobile.com/shopee/modules-federation/live/0/shopee__item-card-standard-v2/0.2.8/pc/5dd7b4560d0e2d3190e8.svg,Jakarta Pusat,,,"Samsung Galaxy A07 4G 4/64GB | 4/128GB | 6/128GB | 8/256GB [FREE ADAPTOR ORIGINAL SAMSUNG] - Garansi Resmi SEIN INDONESIA
Rp
1.684.000
-53%
4.9
9RB+ Terjual
3 Hari
Jakarta Pusat",https://shopee.co.id/Samsung-Galaxy-A07-4G-4-64GB-4-128GB-6-128GB-8-256GB-FREE-ADAPTOR-ORIGINAL-SAMSUNG-Garansi-Resmi-SEIN-INDONESIA-i.1345303945.42525963689?extraParams=%7B%22display_model_id%22%3A272240884870%2C%22model_selection_logic%22%3A3%7D&sp_atk=3f3a49f4-17fc-4e3c-bba1-7a2c4541a11c&xptdk=3f3a49f4-17fc-4e3c-bba1-7a2c4541a11c,,,
https://down-id.img.susercontent.com/file/id-11134207-7r98r-lmr54hmstuecbe,https://down-id.img.susercontent.com/file/id-11134258-8224v-mkvw0cu9r7k1a5,SAMSUNG A05 S 6/128 GARANSI RESMI INDONESIA 100% ORIGINAL,https://deo.shopeemobile.com/shopee/modules-federation/live/0/shopee__item-card-standard-v2/0.2.8/pc/e4734dab67ee2f9ebd5a.png,Rp,2.299.000,,https://deo.shopeemobile.com/shopee/modules-federation/live/0/shopee__item-card-standard-v2/0.2.8/pc/38e203dc86172a6c6560.svg,https://deo.shopeemobile.com/shopee/modules-federation/live/0/shopee__item-card-standard-v2/0.2.8/pc/d2a1900a0267d45fd0f5.png,,https://deo.shopeemobile.com/shopee/modules-federation/live/0/shopee__item-card-standard-v2/0.2.8/pc/d7099d3fd1dfdaf705ab.svg,4.8,159 Terjual,https://deo.shopeemobile.com/shopee/modules-federation/live/0/shopee__item-card-standard-v2/0.2.8/pc/5dd7b4560d0e2d3190e8.svg,,Surabaya,https://deo.shopeemobile.com/shopee/modules-federation/live/0/shopee__item-card-standard-v2/0.2.8/pc/0614b8f0a8fdde22942d.svg,Hari ini,"SAMSUNG A05 S 6/128 GARANSI RESMI INDONESIA 100% ORIGINAL
Rp
2.299.000
4.8
159 Terjual
Hari ini
Surabaya",https://shopee.co.id/SAMSUNG-A05-S-6-128-GARANSI-RESMI-INDONESIA-100-ORIGINAL-i.231049776.16996349881?extraParams=%7B%22display_model_id%22%3A225726975495%2C%22model_selection_logic%22%3A3%7D&sp_atk=25ee648c-0d31-48c8-855f-f5102652235c&xptdk=25ee648c-0d31-48c8-855f-f5102652235c,,,
https://down-id.img.susercontent.com/file/sg-11134201-82263-mhoffe8t48aqd6,https://down-id.img.susercontent.com/file/id-11134258-8224v-mkvw0cu9r7k1a5,Samsung Galaxy A07  4G 4/64GB | 4/128GB | 6/128GB | 8/256GB [FREE ADAPTOR ORIGINAL SAMSUNG] - Garansi Resmi SEIN INDONESIA,https://deo.shopeemobile.com/shopee/modules-federation/live/0/shopee__item-card-standard-v2/0.2.8/pc/7c9110f78e069acbced7.png,Rp,1.689.000,-24%,https://deo.shopeemobile.com/shopee/modules-federation/live/0/shopee__item-card-standard-v2/0.2.8/pc/76dff349290d20891fc1.svg,,,https://deo.shopeemobile.com/shopee/modules-federation/live/0/shopee__item-card-standard-v2/0.2.8/pc/d7099d3fd1dfdaf705ab.svg,4.9,3RB+ Terjual,https://deo.shopeemobile.com/shopee/modules-federation/live/0/shopee__item-card-standard-v2/0.2.8/pc/5dd7b4560d0e2d3190e8.svg,,Jakarta Pusat,,,"Samsung Galaxy A07 4G 4/64GB | 4/128GB | 6/128GB | 8/256GB [FREE ADAPTOR ORIGINAL SAMSUNG] - Garansi Resmi SEIN INDONESIA
Rp
1.689.000
-24%
4.9
3RB+ Terjual
3-4 Hari
Jakarta Pusat",https://shopee.co.id/Samsung-Galaxy-A07-4G-4-64GB-4-128GB-6-128GB-8-256GB-FREE-ADAPTOR-ORIGINAL-SAMSUNG-Garansi-Resmi-SEIN-INDONESIA-i.27662413.56402355315?extraParams=%7B%22display_model_id%22%3A395227445983%2C%22model_selection_logic%22%3A3%7D&sp_atk=3cbe68a7-a255-4495-9677-c4bd943062f4&xptdk=3cbe68a7-a255-4495-9677-c4bd943062f4,,,
https://down-id.img.susercontent.com/file/id-11134207-23030-jg9yoybmw5nv9c,https://down-id.img.susercontent.com/file/id-11134258-8224v-mkvw0cu9r7k1a5,samsung s21 ultra 5G resmi garansi SEIN 16/512 dan 12/256,https://deo.shopeemobile.com/shopee/modules-federation/live/0/shopee__item-card-standard-v2/0.2.8/pc/a425c915798471b33e5d.png,Rp,5.800.000,,https://deo.shopeemobile.com/shopee/modules-federation/live/0/shopee__item-card-standard-v2/0.2.8/pc/76dff349290d20891fc1.svg,,,https://deo.shopeemobile.com/shopee/modules-federation/live/0/shopee__item-card-standard-v2/0.2.8/pc/d7099d3fd1dfdaf705ab.svg,5.0,168 Terjual,https://deo.shopeemobile.com/shopee/modules-federation/live/0/shopee__item-card-standard-v2/0.2.8/pc/5dd7b4560d0e2d3190e8.svg,,Kab. Tangerang,,,"samsung s21 ultra 5G resmi garansi SEIN 16/512 dan 12/256
Rp
5.800.000
5.0
168 Terjual
3 Hari
Kab. Tangerang",https://shopee.co.id/samsung-s21-ultra-5G-resmi-garansi-SEIN-16-512-dan-12-256-i.20423524.14870927713?extraParams=%7B%22display_model_id%22%3A191969475032%2C%22model_selection_logic%22%3A3%7D&sp_atk=2291a6e6-760e-4d5d-90fd-cb3f80e0b84c&xptdk=2291a6e6-760e-4d5d-90fd-cb3f80e0b84c,,,
https://down-id.img.susercontent.com/file/sg-11134201-8261k-mlycp4omlipse2,https://down-id.img.susercontent.com/file/id-11134258-7r98w-lyezzaurybot13,Samsung Galaxy S26 12/512GB - Sky Blue | Hp AI | Photo Assist | 4300 mAh,https://deo.shopeemobile.com/shopee/modules-federation/live/0/shopee__item-card-standard-v2/0.2.8/pc/7c9110f78e069acbced7.png,Rp,15.710.400,-19%,https://deo.shopeemobile.com/shopee/modules-federation/live/0/shopee__item-card-standard-v2/0.2.8/pc/76dff349290d20891fc1.svg,https://deo.shopeemobile.com/shopee/modules-federation/live/0/shopee__item-card-standard-v2/0.2.8/pc/d2a1900a0267d45fd0f5.png,,https://deo.shopeemobile.com/shopee/modules-federation/live/0/shopee__item-card-standard-v2/0.2.8/pc/d7099d3fd1dfdaf705ab.svg,4.9,101 Terjual,https://deo.shopeemobile.com/shopee/modules-federation/live/0/shopee__item-card-standard-v2/0.2.8/pc/5dd7b4560d0e2d3190e8.svg,,Jakarta Utara,,,"Samsung Galaxy S26 12/512GB - Sky Blue | Hp AI | Photo Assist | 4300 mAh
Rp
15.710.400
-19%
4.9
101 Terjual
2-3 Hari
Jakarta Utara",https://shopee.co.id/Samsung-Galaxy-S26-12-512GB-Sky-Blue-Hp-AI-Photo-Assist-4300-mAh-i.52635036.42628723910?extraParams=%7B%22display_model_id%22%3A420555877253%2C%22model_selection_logic%22%3A3%7D&sp_atk=c2887cdf-8e05-453d-a469-79d2baf4aeeb&xptdk=c2887cdf-8e05-453d-a469-79d2baf4aeeb,,,
https://down-id.img.susercontent.com/file/sg-11134201-8260s-mmbg00ixnite41,https://down-id.img.susercontent.com/file/id-11134258-7r98w-lyezzaurybot13,Samsung Galaxy A56 5G 8/256GB - Awesome Graphite,https://deo.shopeemobile.com/shopee/modules-federation/live/0/shopee__item-card-standard-v2/0.2.8/pc/7c9110f78e069acbced7.png,Rp,5.999.000,-13%,https://deo.shopeemobile.com/shopee/modules-federation/live/0/shopee__item-card-standard-v2/0.2.8/pc/76dff349290d20891fc1.svg,https://deo.shopeemobile.com/shopee/modules-federation/live/0/shopee__item-card-standard-v2/0.2.8/pc/d2a1900a0267d45fd0f5.png,,https://deo.shopeemobile.com/shopee/modules-federation/live/0/shopee__item-card-standard-v2/0.2.8/pc/d7099d3fd1dfdaf705ab.svg,4.9,7RB+ Terjual,https://deo.shopeemobile.com/shopee/modules-federation/live/0/shopee__item-card-standard-v2/0.2.8/pc/5dd7b4560d0e2d3190e8.svg,,Jakarta Utara,,,"Samsung Galaxy A56 5G 8/256GB - Awesome Graphite
Rp
5.999.000
-13%
4.9
7RB+ Terjual
2-3 Hari
Jakarta Utara",https://shopee.co.id/Samsung-Galaxy-A56-5G-8-256GB-Awesome-Graphite-i.52635036.26477739893?extraParams=%7B%22display_model_id%22%3A252746974630%2C%22model_selection_logic%22%3A3%7D&sp_atk=142a1673-2e29-4e16-af16-7e02fc1c459f&xptdk=142a1673-2e29-4e16-af16-7e02fc1c459f,,,
https://down-id.img.susercontent.com/file/sg-11134201-824ha-mf7q3lth7ymja2,https://down-id.img.susercontent.com/file/id-11134258-8224v-mkvw0cu9r7k1a5,Samsung Galaxy A17 8/128GB & 8/256GB [Garansi Resmi Samsung],https://deo.shopeemobile.com/shopee/modules-federation/live/0/shopee__item-card-standard-v2/0.2.8/pc/7c9110f78e069acbced7.png,Rp,3.499.000,,https://deo.shopeemobile.com/shopee/modules-federation/live/0/shopee__item-card-standard-v2/0.2.8/pc/38e203dc86172a6c6560.svg,,,https://deo.shopeemobile.com/shopee/modules-federation/live/0/shopee__item-card-standard-v2/0.2.8/pc/d7099d3fd1dfdaf705ab.svg,5.0,258 Terjual,https://deo.shopeemobile.com/shopee/modules-federation/live/0/shopee__item-card-standard-v2/0.2.8/pc/5dd7b4560d0e2d3190e8.svg,,Kab. Mojokerto,https://deo.shopeemobile.com/shopee/modules-federation/live/0/shopee__item-card-standard-v2/0.2.8/pc/0614b8f0a8fdde22942d.svg,2 jam,"Samsung Galaxy A17 8/128GB & 8/256GB [Garansi Resmi Samsung]
Rp
3.499.000
5.0
258 Terjual
2 jam
Kab. Mojokerto",https://shopee.co.id/Samsung-Galaxy-A17-8-128GB-8-256GB-Garansi-Resmi-Samsung--i.136745204.42672195602?extraParams=%7B%22display_model_id%22%3A253974207031%2C%22model_selection_logic%22%3A3%7D&sp_atk=1faa857a-a222-4bba-ab1b-2405ec1f6ac3&xptdk=1faa857a-a222-4bba-ab1b-2405ec1f6ac3,,,
https://down-id.img.susercontent.com/file/id-11134207-82251-mjqs10sgoxkwae,https://down-id.img.susercontent.com/file/id-11134258-822wr-mlx5y0tebegw04,Samsung Galaxy A26 5G 8GB+256GB Garansi Resmi 1 Tahun GRATIS CHARGER SAMSUNG 25 WATT,https://deo.shopeemobile.com/shopee/modules-federation/live/0/shopee__item-card-standard-v2/0.2.8/pc/e4734dab67ee2f9ebd5a.png,Rp,4.150.000,,https://deo.shopeemobile.com/shopee/modules-federation/live/0/shopee__item-card-standard-v2/0.2.8/pc/76dff349290d20891fc1.svg,https://deo.shopeemobile.com/shopee/modules-federation/live/0/shopee__item-card-standard-v2/0.2.8/pc/d2a1900a0267d45fd0f5.png,Cicilan,https://deo.shopeemobile.com/shopee/modules-federation/live/0/shopee__item-card-standard-v2/0.2.8/pc/d7099d3fd1dfdaf705ab.svg,4.9,10RB+ Terjual,https://deo.shopeemobile.com/shopee/modules-federation/live/0/shopee__item-card-standard-v2/0.2.8/pc/5dd7b4560d0e2d3190e8.svg,,Jakarta Barat,,,"Samsung Galaxy A26 5G 8GB+256GB Garansi Resmi 1 Tahun GRATIS CHARGER SAMSUNG 25 WATT
Rp
4.150.000
Cicilan
4.9
10RB+ Terjual
2-3 Hari
Jakarta Barat",https://shopee.co.id/Samsung-Galaxy-A26-5G-8GB-256GB-Garansi-Resmi-1-Tahun-GRATIS-CHARGER-SAMSUNG-25-WATT-i.16140427.2133965680?extraParams=%7B%22display_model_id%22%3A207539930234%2C%22model_selection_logic%22%3A3%7D&sp_atk=915ecbdd-3ea1-43e4-a545-534ade788bb9&xptdk=915ecbdd-3ea1-43e4-a545-534ade788bb9,,,
https://down-id.img.susercontent.com/file/id-11134207-81zth-me4h0s7ez3sy29,https://down-id.img.susercontent.com/file/id-11134258-8224v-mkvw0cu9r7k1a5,"Samsung Galaxy A07 8/256GB,A07 6/128GB,A07 4/128GB,A07 4/64GB (GARANSI RESMI SAMSUNG)",https://deo.shopeemobile.com/shopee/modules-federation/live/0/shopee__item-card-standard-v2/0.2.8/pc/a425c915798471b33e5d.png,Rp,2.599.000,,https://deo.shopeemobile.com/shopee/modules-federation/live/0/shopee__item-card-standard-v2/0.2.8/pc/38e203dc86172a6c6560.svg,,,https://deo.shopeemobile.com/shopee/modules-federation/live/0/shopee__item-card-standard-v2/0.2.8/pc/d7099d3fd1dfdaf705ab.svg,4.9,3RB+ Terjual,https://deo.shopeemobile.com/shopee/modules-federation/live/0/shopee__item-card-standard-v2/0.2.8/pc/5dd7b4560d0e2d3190e8.svg,,Surabaya,https://deo.shopeemobile.com/shopee/modules-federation/live/0/shopee__item-card-standard-v2/0.2.8/pc/0614b8f0a8fdde22942d.svg,Hari ini,"Samsung Galaxy A07 8/256GB,A07 6/128GB,A07 4/128GB,A07 4/64GB (GARANSI RESMI SAMSUNG)
Rp
2.599.000
4.9
3RB+ Terjual
Hari ini
Surabaya",https://shopee.co.id/Samsung-Galaxy-A07-8-256GB-A07-6-128GB-A07-4-128GB-A07-4-64GB-(GARANSI-RESMI-SAMSUNG)-i.457871974.11181086435?extraParams=%7B%22display_model_id%22%3A226770113826%2C%22model_selection_logic%22%3A3%7D&sp_atk=3f43f816-11eb-4e0e-91ea-efb2cdf12934&xptdk=3f43f816-11eb-4e0e-91ea-efb2cdf12934,,,
https://down-id.img.susercontent.com/file/id-11134207-81ztm-me86xmji43cxc2,https://down-id.img.susercontent.com/file/id-11134258-8224v-mkvw0cu9r7k1a5,Samsung Galaxy A07 6+128GB - 4+128GB - 4+64GB Free Adaptor Original Garansi Resmi Samsung Indonesia 1 Tahun,,Rp,1.679.000,,https://deo.shopeemobile.com/shopee/modules-federation/live/0/shopee__item-card-standard-v2/0.2.8/pc/38e203dc86172a6c6560.svg,,,https://deo.shopeemobile.com/shopee/modules-federation/live/0/shopee__item-card-standard-v2/0.2.8/pc/d7099d3fd1dfdaf705ab.svg,5.0,28 Terjual,https://deo.shopeemobile.com/shopee/modules-federation/live/0/shopee__item-card-standard-v2/0.2.8/pc/5dd7b4560d0e2d3190e8.svg,,Surabaya,https://deo.shopeemobile.com/shopee/modules-federation/live/0/shopee__item-card-standard-v2/0.2.8/pc/0614b8f0a8fdde22942d.svg,2 jam,"Samsung Galaxy A07 6+128GB - 4+128GB - 4+64GB Free Adaptor Original Garansi Resmi Samsung Indonesia 1 Tahun
Rp
1.679.000
5.0
28 Terjual
2 jam
Surabaya",https://shopee.co.id/Samsung-Galaxy-A07-6-128GB-4-128GB-4-64GB-Free-Adaptor-Original-Garansi-Resmi-Samsung-Indonesia-1-Tahun-i.60755382.40867411287?extraParams=%7B%22display_model_id%22%3A365817350197%2C%22model_selection_logic%22%3A3%7D&sp_atk=d4b8ec86-3b7e-4707-bdb5-8c020321b60a&xptdk=d4b8ec86-3b7e-4707-bdb5-8c020321b60a,,,
https://down-id.img.susercontent.com/file/id-11134207-822wq-mmif6uyhcutrba,https://down-id.img.susercontent.com/file/id-11134258-8224v-mkvw0cu9r7k1a5,Samsung Galaxy S24 FE 5G 8/256GB 8/512GB Blue Black Gray Original,https://deo.shopeemobile.com/shopee/modules-federation/live/0/shopee__item-card-standard-v2/0.2.8/pc/7c9110f78e069acbced7.png,Rp,9.698.000,-12%,https://deo.shopeemobile.com/shopee/modules-federation/live/0/shopee__item-card-standard-v2/0.2.8/pc/76dff349290d20891fc1.svg,https://deo.shopeemobile.com/shopee/modules-federation/live/0/shopee__item-card-standard-v2/0.2.8/pc/d2a1900a0267d45fd0f5.png,,https://deo.shopeemobile.com/shopee/modules-federation/live/0/shopee__item-card-standard-v2/0.2.8/pc/d7099d3fd1dfdaf705ab.svg,5.0,5RB+ Terjual,https://deo.shopeemobile.com/shopee/modules-federation/live/0/shopee__item-card-standard-v2/0.2.8/pc/5dd7b4560d0e2d3190e8.svg,,Bogor,,,"Samsung Galaxy S24 FE 5G 8/256GB 8/512GB Blue Black Gray Original
Rp
9.698.000
-12%
5.0
5RB+ Terjual
2-3 Hari
Bogor",https://shopee.co.id/Samsung-Galaxy-S24-FE-5G-8-256GB-8-512GB-Blue-Black-Gray-Original-i.1101386382.27813129295?extraParams=%7B%22display_model_id%22%3A147721391850%2C%22model_selection_logic%22%3A3%7D&sp_atk=7281e05c-1914-42b3-b2ed-de894d36d44e&xptdk=7281e05c-1914-42b3-b2ed-de894d36d44e,,,
https://down-id.img.susercontent.com/file/id-11134207-7r98q-lwgy18n1chotbe,https://down-id.img.susercontent.com/file/id-11134258-8224v-mkvw0cu9r7k1a5,Samsung Galaxy A15 LTE Ram 8/256 Gb Dan Ram 8/128 Gb Terbaru Garansi Resmi Samsung Indonesia,https://deo.shopeemobile.com/shopee/modules-federation/live/0/shopee__item-card-standard-v2/0.2.8/pc/a425c915798471b33e5d.png,Rp,2.799.000,,https://deo.shopeemobile.com/shopee/modules-federation/live/0/shopee__item-card-standard-v2/0.2.8/pc/38e203dc86172a6c6560.svg,,,https://deo.shopeemobile.com/shopee/modules-federation/live/0/shopee__item-card-standard-v2/0.2.8/pc/d7099d3fd1dfdaf705ab.svg,4.9,229 Terjual,https://deo.shopeemobile.com/shopee/modules-federation/live/0/shopee__item-card-standard-v2/0.2.8/pc/5dd7b4560d0e2d3190e8.svg,,Surabaya,https://deo.shopeemobile.com/shopee/modules-federation/live/0/shopee__item-card-standard-v2/0.2.8/pc/0614b8f0a8fdde22942d.svg,< 2 Hari,"Samsung Galaxy A15 LTE Ram 8/256 Gb Dan Ram 8/128 Gb Terbaru Garansi Resmi Samsung Indonesia
Rp
2.799.000
4.9
229 Terjual
< 2 Hari
Surabaya",https://shopee.co.id/Samsung-Galaxy-A15-LTE-Ram-8-256-Gb-Dan-Ram-8-128-Gb-Terbaru-Garansi-Resmi-Samsung-Indonesia-i.82770881.27602736723?extraParams=%7B%22display_model_id%22%3A236440041186%2C%22model_selection_logic%22%3A3%7D&sp_atk=8ac8919a-ceb9-4752-ae3b-ce767dc12628&xptdk=8ac8919a-ceb9-4752-ae3b-ce767dc12628,,,
https://down-id.img.susercontent.com/file/id-11134207-7rasb-m414ett7rol696,https://down-id.img.susercontent.com/file/id-11134258-8224v-mkvw0cu9r7k1a5,Samsung A16 4G 8/256 Gb | 8/128 Gb New Garansi Resmi Samsung Indonesia,https://deo.shopeemobile.com/shopee/modules-federation/live/0/shopee__item-card-standard-v2/0.2.8/pc/a425c915798471b33e5d.png,Rp,2.799.000,,https://deo.shopeemobile.com/shopee/modules-federation/live/0/shopee__item-card-standard-v2/0.2.8/pc/38e203dc86172a6c6560.svg,,,https://deo.shopeemobile.com/shopee/modules-federation/live/0/shopee__item-card-standard-v2/0.2.8/pc/d7099d3fd1dfdaf705ab.svg,4.8,120 Terjual,https://deo.shopeemobile.com/shopee/modules-federation/live/0/shopee__item-card-standard-v2/0.2.8/pc/5dd7b4560d0e2d3190e8.svg,,Surabaya,https://deo.shopeemobile.com/shopee/modules-federation/live/0/shopee__item-card-standard-v2/0.2.8/pc/0614b8f0a8fdde22942d.svg,< 2 Hari,"Samsung A16 4G 8/256 Gb | 8/128 Gb New Garansi Resmi Samsung Indonesia
Rp
2.799.000
4.8
120 Terjual
< 2 Hari
Surabaya",https://shopee.co.id/Samsung-A16-4G-8-256-Gb-8-128-Gb-New-Garansi-Resmi-Samsung-Indonesia-i.82770881.24702492379?extraParams=%7B%22display_model_id%22%3A89072072272%2C%22model_selection_logic%22%3A3%7D&sp_atk=ae039b3f-d495-45ec-9243-337439c36fcd&xptdk=ae039b3f-d495-45ec-9243-337439c36fcd,,,
https://down-id.img.susercontent.com/file/id-11134207-8224s-mkh3punqnkzoaf,https://down-id.img.susercontent.com/file/id-11134258-8224v-mkvw0cu9r7k1a5,SAMSUNG GALAXY A24 RAM 8/128 SEGEL RESMI,https://deo.shopeemobile.com/shopee/modules-federation/live/0/shopee__item-card-standard-v2/0.2.8/pc/a425c915798471b33e5d.png,Rp,2.495.000,-4%,https://deo.shopeemobile.com/shopee/modules-federation/live/0/shopee__item-card-standard-v2/0.2.8/pc/38e203dc86172a6c6560.svg,,,https://deo.shopeemobile.com/shopee/modules-federation/live/0/shopee__item-card-standard-v2/0.2.8/pc/d7099d3fd1dfdaf705ab.svg,5.0,3 Terjual,https://deo.shopeemobile.com/shopee/modules-federation/live/0/shopee__item-card-standard-v2/0.2.8/pc/5dd7b4560d0e2d3190e8.svg,,Surabaya,https://deo.shopeemobile.com/shopee/modules-federation/live/0/shopee__item-card-standard-v2/0.2.8/pc/0614b8f0a8fdde22942d.svg,< 2 Hari,"SAMSUNG GALAXY A24 RAM 8/128 SEGEL RESMI
Rp
2.495.000
-4%
5.0
3 Terjual
< 2 Hari
Surabaya",https://shopee.co.id/SAMSUNG-GALAXY-A24-RAM-8-128-SEGEL-RESMI-i.1098399846.22259047602?extraParams=%7B%22display_model_id%22%3A157071310499%2C%22model_selection_logic%22%3A3%7D&sp_atk=fad27730-2da4-4f5d-82cd-5a5cab9fa0be&xptdk=fad27730-2da4-4f5d-82cd-5a5cab9fa0be,,,
https://down-id.img.susercontent.com/file/id-11134207-822wj-mmv8jaw76mtdb4,https://down-id.img.susercontent.com/file/id-11134258-8224v-mkvw0cu9r7k1a5,Samsung Galaxy A56 5G 12/256GB - Awesome Pink | Galaxy AI | 50MP Camera | 45W Super Fast Charge,https://deo.shopeemobile.com/shopee/modules-federation/live/0/shopee__item-card-standard-v2/0.2.8/pc/7c9110f78e069acbced7.png,Rp,6.799.000,-13%,https://deo.shopeemobile.com/shopee/modules-federation/live/0/shopee__item-card-standard-v2/0.2.8/pc/76dff349290d20891fc1.svg,https://deo.shopeemobile.com/shopee/modules-federation/live/0/shopee__item-card-standard-v2/0.2.8/pc/d2a1900a0267d45fd0f5.png,,https://deo.shopeemobile.com/shopee/modules-federation/live/0/shopee__item-card-standard-v2/0.2.8/pc/d7099d3fd1dfdaf705ab.svg,4.9,2RB+ Terjual,https://deo.shopeemobile.com/shopee/modules-federation/live/0/shopee__item-card-standard-v2/0.2.8/pc/5dd7b4560d0e2d3190e8.svg,https://deo.shopeemobile.com/shopee/modules-federation/live/0/shopee__item-card-standard-v2/0.2.8/pc/b4d1b8a78b3621dbdf4a.svg,Kab. Tangerang,,,"Samsung Galaxy A56 5G 12/256GB - Awesome Pink | Galaxy AI | 50MP Camera | 45W Super Fast Charge
Rp
6.799.000
-13%
4.9
2RB+ Terjual
3-4 Hari
Kab. Tangerang",https://shopee.co.id/Samsung-Galaxy-A56-5G-12-256GB-Awesome-Pink-Galaxy-AI-50MP-Camera-45W-Super-Fast-Charge-i.846350612.29478473761?extraParams=%7B%22display_model_id%22%3A49528814219%2C%22model_selection_logic%22%3A3%7D&sp_atk=d54f145b-5f12-47a6-b385-1b6b01b083c0&xptdk=d54f145b-5f12-47a6-b385-1b6b01b083c0,,,
https://down-id.img.susercontent.com/file/id-11134207-7rbk7-m8h3sl3kqya342,https://down-id.img.susercontent.com/file/id-11134258-8224v-mkvw0cu9r7k1a5,Samsung Galaxy A26 5G 8/256GB Garansi Resmi SEIN,https://deo.shopeemobile.com/shopee/modules-federation/live/0/shopee__item-card-standard-v2/0.2.8/pc/7c9110f78e069acbced7.png,Rp,4.999.000,,https://deo.shopeemobile.com/shopee/modules-federation/live/0/shopee__item-card-standard-v2/0.2.8/pc/38e203dc86172a6c6560.svg,,,https://deo.shopeemobile.com/shopee/modules-federation/live/0/shopee__item-card-standard-v2/0.2.8/pc/d7099d3fd1dfdaf705ab.svg,4.8,165 Terjual,https://deo.shopeemobile.com/shopee/modules-federation/live/0/shopee__item-card-standard-v2/0.2.8/pc/5dd7b4560d0e2d3190e8.svg,,Surabaya,https://deo.shopeemobile.com/shopee/modules-federation/live/0/shopee__item-card-standard-v2/0.2.8/pc/0614b8f0a8fdde22942d.svg,2 jam,"Samsung Galaxy A26 5G 8/256GB Garansi Resmi SEIN
Rp
4.999.000
4.8
165 Terjual
2 jam
Surabaya",https://shopee.co.id/Samsung-Galaxy-A26-5G-8-256GB-Garansi-Resmi-SEIN-i.143199398.26033171838?extraParams=%7B%22display_model_id%22%3A119466564478%2C%22model_selection_logic%22%3A3%7D&sp_atk=1950cc3b-60e2-4738-9014-68aa43482742&xptdk=1950cc3b-60e2-4738-9014-68aa43482742,,,
https://down-id.img.susercontent.com/file/id-11134207-7ra0u-mcz6mxr2p4x360,https://down-id.img.susercontent.com/file/id-11134258-8224v-mkvw0cu9r7k1a5,Samsung Galaxy A56 5G 12/256 8/256 Garansi Resmi Samsung SEIN,https://deo.shopeemobile.com/shopee/modules-federation/live/0/shopee__item-card-standard-v2/0.2.8/pc/e4734dab67ee2f9ebd5a.png,Rp,6.170.000,,https://deo.shopeemobile.com/shopee/modules-federation/live/0/shopee__item-card-standard-v2/0.2.8/pc/76dff349290d20891fc1.svg,,,https://deo.shopeemobile.com/shopee/modules-federation/live/0/shopee__item-card-standard-v2/0.2.8/pc/d7099d3fd1dfdaf705ab.svg,4.9,2RB+ Terjual,https://deo.shopeemobile.com/shopee/modules-federation/live/0/shopee__item-card-standard-v2/0.2.8/pc/5dd7b4560d0e2d3190e8.svg,,Jakarta Utara,,,"Samsung Galaxy A56 5G 12/256 8/256 Garansi Resmi Samsung SEIN
Rp
6.170.000
4.9
2RB+ Terjual
3 Hari
Jakarta Utara",https://shopee.co.id/Samsung-Galaxy-A56-5G-12-256-8-256-Garansi-Resmi-Samsung-SEIN-i.75066549.26886362501?extraParams=%7B%22display_model_id%22%3A188510863518%2C%22model_selection_logic%22%3A3%7D&sp_atk=4bb9465b-e2fc-4f12-b159-4dce2346330a&xptdk=4bb9465b-e2fc-4f12-b159-4dce2346330a,,,
https://down-id.img.susercontent.com/file/id-11134207-8224w-mhrhkke11nut7d,https://down-id.img.susercontent.com/file/id-11134258-8224v-mkvw0cu9r7k1a5,Samsung Galaxy S25 FE | 8GB/256GB | EXYNOS 2400 | DYNAMIC AMOLED 6.7 inc 120 Hz | 5000 Mah 45Watt | 50 MP FLAGSHIP CAMERA,https://deo.shopeemobile.com/shopee/modules-federation/live/0/shopee__item-card-standard-v2/0.2.8/pc/e4734dab67ee2f9ebd5a.png,Rp,9.299.000,,https://deo.shopeemobile.com/shopee/modules-federation/live/0/shopee__item-card-standard-v2/0.2.8/pc/76dff349290d20891fc1.svg,,,https://deo.shopeemobile.com/shopee/modules-federation/live/0/shopee__item-card-standard-v2/0.2.8/pc/d7099d3fd1dfdaf705ab.svg,5.0,107 Terjual,https://deo.shopeemobile.com/shopee/modules-federation/live/0/shopee__item-card-standard-v2/0.2.8/pc/5dd7b4560d0e2d3190e8.svg,,Bekasi,,,"Samsung Galaxy S25 FE | 8GB/256GB | EXYNOS 2400 | DYNAMIC AMOLED 6.7 inc 120 Hz | 5000 Mah 45Watt | 50 MP FLAGSHIP CAMERA
Rp
9.299.000
5.0
107 Terjual
2-3 Hari
Bekasi",https://shopee.co.id/Samsung-Galaxy-S25-FE-8GB-256GB-EXYNOS-2400-DYNAMIC-AMOLED-6.7-inc-120-Hz-5000-Mah-45Watt-50-MP-FLAGSHIP-CAMERA-i.319647164.27778497834?extraParams=%7B%22display_model_id%22%3A208276463118%2C%22model_selection_logic%22%3A3%7D&sp_atk=109afc63-f2d2-4ce1-b207-923b8c0d8f38&xptdk=109afc63-f2d2-4ce1-b207-923b8c0d8f38,,,
https://down-id.img.susercontent.com/file/sg-11134201-7rdx9-mcmxlwg51x2vcb,https://down-id.img.susercontent.com/file/id-11134258-7r98w-lyezzaurybot13,Samsung Galaxy A56 5G 8/256GB NFC Garansi Resmi Indonesia,https://deo.shopeemobile.com/shopee/modules-federation/live/0/shopee__item-card-standard-v2/0.2.8/pc/7c9110f78e069acbced7.png,Rp,6.498.000,-1%,https://deo.shopeemobile.com/shopee/modules-federation/live/0/shopee__item-card-standard-v2/0.2.8/pc/76dff349290d20891fc1.svg,,,https://deo.shopeemobile.com/shopee/modules-federation/live/0/shopee__item-card-standard-v2/0.2.8/pc/d7099d3fd1dfdaf705ab.svg,4.9,219 Terjual,https://deo.shopeemobile.com/shopee/modules-federation/live/0/shopee__item-card-standard-v2/0.2.8/pc/5dd7b4560d0e2d3190e8.svg,,Semarang,,,"Samsung Galaxy A56 5G 8/256GB NFC Garansi Resmi Indonesia
Rp
6.498.000
-1%
4.9
219 Terjual
2-3 Hari
Semarang",https://shopee.co.id/Samsung-Galaxy-A56-5G-8-256GB-NFC-Garansi-Resmi-Indonesia-i.287662257.27678648202?extraParams=%7B%22display_model_id%22%3A247811556618%2C%22model_selection_logic%22%3A3%7D&sp_atk=0fa70b9e-9066-46c5-98df-f0469a1906c7&xptdk=0fa70b9e-9066-46c5-98df-f0469a1906c7,,,
https://down-id.img.susercontent.com/file/id-11134207-822wt-mmia3zvuhbsxf6,https://down-id.img.susercontent.com/file/id-11134258-8224v-mkvw0cu9r7k1a5,"Samsung Galaxy A36 5G Origial, Kamera 50 MP - 8/256GB 12/256GB",https://deo.shopeemobile.com/shopee/modules-federation/live/0/shopee__item-card-standard-v2/0.2.8/pc/e4734dab67ee2f9ebd5a.png,Rp,5.499.000,,https://deo.shopeemobile.com/shopee/modules-federation/live/0/shopee__item-card-standard-v2/0.2.8/pc/76dff349290d20891fc1.svg,https://deo.shopeemobile.com/shopee/modules-federation/live/0/shopee__item-card-standard-v2/0.2.8/pc/d2a1900a0267d45fd0f5.png,,https://deo.shopeemobile.com/shopee/modules-federation/live/0/shopee__item-card-standard-v2/0.2.8/pc/d7099d3fd1dfdaf705ab.svg,5.0,119 Terjual,https://deo.shopeemobile.com/shopee/modules-federation/live/0/shopee__item-card-standard-v2/0.2.8/pc/5dd7b4560d0e2d3190e8.svg,,Bandung,,,"Samsung Galaxy A36 5G Origial, Kamera 50 MP - 8/256GB 12/256GB
Rp
5.499.000
5.0
119 Terjual
3 Hari
Bandung",https://shopee.co.id/Samsung-Galaxy-A36-5G-Origial-Kamera-50-MP-8-256GB-12-256GB-i.1545261615.27637069542?extraParams=%7B%22display_model_id%22%3A290224968148%2C%22model_selection_logic%22%3A3%7D&sp_atk=ee946bf5-8211-4dd2-ae8f-2de8d35d4e41&xptdk=ee946bf5-8211-4dd2-ae8f-2de8d35d4e41,,,
https://down-id.img.susercontent.com/file/id-11134207-81ztp-mersmfxhoy68c0,https://down-id.img.susercontent.com/file/id-11134258-822wr-mlx5y0tebegw04,Samsung Galaxy A26 5G Garansi Resmi SEIN,https://deo.shopeemobile.com/shopee/modules-federation/live/0/shopee__item-card-standard-v2/0.2.8/pc/e4734dab67ee2f9ebd5a.png,Rp,3.999.999,,https://deo.shopeemobile.com/shopee/modules-federation/live/0/shopee__item-card-standard-v2/0.2.8/pc/76dff349290d20891fc1.svg,,,https://deo.shopeemobile.com/shopee/modules-federation/live/0/shopee__item-card-standard-v2/0.2.8/pc/d7099d3fd1dfdaf705ab.svg,5.0,1RB+ Terjual,https://deo.shopeemobile.com/shopee/modules-federation/live/0/shopee__item-card-standard-v2/0.2.8/pc/5dd7b4560d0e2d3190e8.svg,,Jakarta Utara,,,"Samsung Galaxy A26 5G Garansi Resmi SEIN
Rp
3.999.999
5.0
1RB+ Terjual
3 Hari
Jakarta Utara",https://shopee.co.id/Samsung-Galaxy-A26-5G-Garansi-Resmi-SEIN-i.1058615244.43650469835?extraParams=%7B%22display_model_id%22%3A270885355177%2C%22model_selection_logic%22%3A3%7D&sp_atk=d202cc63-072a-4c1f-ad30-c2b625a63294&xptdk=d202cc63-072a-4c1f-ad30-c2b625a63294,,,
https://down-id.img.susercontent.com/file/id-11134207-7r98x-lzwaaplz22w8f6,https://down-id.img.susercontent.com/file/id-11134258-8224v-mkvw0cu9r7k1a5,SAMSUNG GALAXY A55 5G 12/256 | 8/256 | 8/128 Garansi Resmi SAMSUNG INDONESIA Termurah,https://deo.shopeemobile.com/shopee/modules-federation/live/0/shopee__item-card-standard-v2/0.2.8/pc/a425c915798471b33e5d.png,Rp,5.353.000,-11%,https://deo.shopeemobile.com/shopee/modules-federation/live/0/shopee__item-card-standard-v2/0.2.8/pc/76dff349290d20891fc1.svg,,,https://deo.shopeemobile.com/shopee/modules-federation/live/0/shopee__item-card-standard-v2/0.2.8/pc/d7099d3fd1dfdaf705ab.svg,4.8,793 Terjual,https://deo.shopeemobile.com/shopee/modules-federation/live/0/shopee__item-card-standard-v2/0.2.8/pc/5dd7b4560d0e2d3190e8.svg,,Surabaya,,,"SAMSUNG GALAXY A55 5G 12/256 | 8/256 | 8/128 Garansi Resmi SAMSUNG INDONESIA Termurah
Rp
5.353.000
-11%
4.8
793 Terjual
2-3 Hari
Surabaya",https://shopee.co.id/SAMSUNG-GALAXY-A55-5G-12-256-8-256-8-128-Garansi-Resmi-SAMSUNG-INDONESIA-Termurah-i.295861257.25321040652?extraParams=%7B%22display_model_id%22%3A88894216376%2C%22model_selection_logic%22%3A3%7D&sp_atk=23e14b55-c379-4f40-a404-5b3dee1b397a&xptdk=23e14b55-c379-4f40-a404-5b3dee1b397a,,,
https://down-id.img.susercontent.com/file/id-11134207-7rbk5-m7q819z6guuv96,https://down-id.img.susercontent.com/file/id-11134258-8224v-mkvw0cu9r7k1a5,"Official Samsung Galaxy A36 5G 8+256GB/12+256GB - Snapdragon 6 Gen3 (4nm Octa-core) - 6,7 inch Display",https://deo.shopeemobile.com/shopee/modules-federation/live/0/shopee__item-card-standard-v2/0.2.8/pc/a425c915798471b33e5d.png,Rp,5.149.000,-52%,https://deo.shopeemobile.com/shopee/modules-federation/live/0/shopee__item-card-standard-v2/0.2.8/pc/76dff349290d20891fc1.svg,https://deo.shopeemobile.com/shopee/modules-federation/live/0/shopee__item-card-standard-v2/0.2.8/pc/d2a1900a0267d45fd0f5.png,,https://deo.shopeemobile.com/shopee/modules-federation/live/0/shopee__item-card-standard-v2/0.2.8/pc/d7099d3fd1dfdaf705ab.svg,4.9,3RB+ Terjual,https://deo.shopeemobile.com/shopee/modules-federation/live/0/shopee__item-card-standard-v2/0.2.8/pc/5dd7b4560d0e2d3190e8.svg,,Tangerang,,,"Official Samsung Galaxy A36 5G 8+256GB/12+256GB - Snapdragon 6 Gen3 (4nm Octa-core) - 6,7 inch Display
Rp
5.149.000
-52%
4.9
3RB+ Terjual
2-3 Hari
Tangerang",https://shopee.co.id/Official-Samsung-Galaxy-A36-5G-8-256GB-12-256GB-Snapdragon-6-Gen3-(4nm-Octa-core)-6-7-inch-Display-i.1240881973.27500457153?extraParams=%7B%22display_model_id%22%3A129292171212%2C%22model_selection_logic%22%3A3%7D&sp_atk=eae7c492-3c62-4586-a0b0-748425ae9ebb&xptdk=eae7c492-3c62-4586-a0b0-748425ae9ebb,,,
https://down-id.img.susercontent.com/file/id-11134207-81ztd-mdx7o0ayv75y4a,https://down-id.img.susercontent.com/file/id-11134258-822wr-mlx67rtd6r602f,Samsung A07 4GB / 64GB | 4GB / 128GB | 6GB/128GB | 8GB / 256GB | CAMERA 50MP | 90HZ | Helio G99 | 5000 MAH | Garansi Resmi.,https://deo.shopeemobile.com/shopee/modules-federation/live/0/shopee__item-card-standard-v2/0.2.8/pc/e4734dab67ee2f9ebd5a.png,Rp,1.899.000,-5%,https://deo.shopeemobile.com/shopee/modules-federation/live/0/shopee__item-card-standard-v2/0.2.8/pc/38e203dc86172a6c6560.svg,https://deo.shopeemobile.com/shopee/modules-federation/live/0/shopee__item-card-standard-v2/0.2.8/pc/d2a1900a0267d45fd0f5.png,,https://deo.shopeemobile.com/shopee/modules-federation/live/0/shopee__item-card-standard-v2/0.2.8/pc/d7099d3fd1dfdaf705ab.svg,4.9,131 Terjual,https://deo.shopeemobile.com/shopee/modules-federation/live/0/shopee__item-card-standard-v2/0.2.8/pc/5dd7b4560d0e2d3190e8.svg,,Kab. Sidoarjo,https://deo.shopeemobile.com/shopee/modules-federation/live/0/shopee__item-card-standard-v2/0.2.8/pc/0614b8f0a8fdde22942d.svg,2 jam,"Samsung A07 4GB / 64GB | 4GB / 128GB | 6GB/128GB | 8GB / 256GB | CAMERA 50MP | 90HZ | Helio G99 | 5000 MAH | Garansi Resmi.
Rp
1.899.000
-5%
4.9
131 Terjual
2 jam
Kab. Sidoarjo",https://shopee.co.id/Samsung-A07-4GB-64GB-4GB-128GB-6GB-128GB-8GB-256GB-CAMERA-50MP-90HZ-Helio-G99-5000-MAH-Garansi-Resmi.-i.105409987.42965326985?extraParams=%7B%22display_model_id%22%3A306265996670%2C%22model_selection_logic%22%3A3%7D&sp_atk=6584d2bc-3c61-4617-a0d6-5e9a26ec293b&xptdk=6584d2bc-3c61-4617-a0d6-5e9a26ec293b,,,
https://down-id.img.susercontent.com/file/id-11134207-8224q-mh23rwotarrea6,https://down-id.img.susercontent.com/file/id-11134258-8224v-mkvw0cu9r7k1a5,Samsung Galaxy A06 [4+64] [4+128] free adaptor dan sofcase,https://deo.shopeemobile.com/shopee/modules-federation/live/0/shopee__item-card-standard-v2/0.2.8/pc/e4734dab67ee2f9ebd5a.png,Rp,1.500.000,,https://deo.shopeemobile.com/shopee/modules-federation/live/0/shopee__item-card-standard-v2/0.2.8/pc/76dff349290d20891fc1.svg,https://deo.shopeemobile.com/shopee/modules-federation/live/0/shopee__item-card-standard-v2/0.2.8/pc/d2a1900a0267d45fd0f5.png,,https://deo.shopeemobile.com/shopee/modules-federation/live/0/shopee__item-card-standard-v2/0.2.8/pc/d7099d3fd1dfdaf705ab.svg,4.9,183 Terjual,https://deo.shopeemobile.com/shopee/modules-federation/live/0/shopee__item-card-standard-v2/0.2.8/pc/5dd7b4560d0e2d3190e8.svg,,Jakarta Barat,,,"Samsung Galaxy A06 [4+64] [4+128] free adaptor dan sofcase
Rp
1.500.000
4.9
183 Terjual
3 Hari
Jakarta Barat",https://shopee.co.id/Samsung-Galaxy-A06-4-64-4-128-free-adaptor-dan-sofcase-i.1452843968.28774676745?extraParams=%7B%22display_model_id%22%3A99903292971%2C%22model_selection_logic%22%3A3%7D&sp_atk=f711ee7e-bf68-4d62-85d5-1ab7b2ea1afd&xptdk=f711ee7e-bf68-4d62-85d5-1ab7b2ea1afd,,,
https://down-id.img.susercontent.com/file/id-11134207-7r98q-lqbeop5z1q8ub3,https://down-id.img.susercontent.com/file/id-11134258-8224v-mkvw0cu9r7k1a5,Samsung A15 5G 8/256 New Segel Garansi resmi Sein(Samsung),https://deo.shopeemobile.com/shopee/modules-federation/live/0/shopee__item-card-standard-v2/0.2.8/pc/a425c915798471b33e5d.png,Rp,2.799.000,,https://deo.shopeemobile.com/shopee/modules-federation/live/0/shopee__item-card-standard-v2/0.2.8/pc/38e203dc86172a6c6560.svg,https://deo.shopeemobile.com/shopee/modules-federation/live/0/shopee__item-card-standard-v2/0.2.8/pc/d2a1900a0267d45fd0f5.png,,https://deo.shopeemobile.com/shopee/modules-federation/live/0/shopee__item-card-standard-v2/0.2.8/pc/d7099d3fd1dfdaf705ab.svg,4.9,273 Terjual,https://deo.shopeemobile.com/shopee/modules-federation/live/0/shopee__item-card-standard-v2/0.2.8/pc/5dd7b4560d0e2d3190e8.svg,,Surabaya,https://deo.shopeemobile.com/shopee/modules-federation/live/0/shopee__item-card-standard-v2/0.2.8/pc/0614b8f0a8fdde22942d.svg,< 2 Hari,"Samsung A15 5G 8/256 New Segel Garansi resmi Sein(Samsung)
Rp
2.799.000
4.9
273 Terjual
< 2 Hari
Surabaya",https://shopee.co.id/Samsung-A15-5G-8-256-New-Segel-Garansi-resmi-Sein(Samsung)-i.134819232.24207541672?extraParams=%7B%22display_model_id%22%3A250196781767%2C%22model_selection_logic%22%3A3%7D&sp_atk=eab7a397-bce4-4cbf-90c6-5a6bf8e5801f&xptdk=eab7a397-bce4-4cbf-90c6-5a6bf8e5801f,,,
https://down-id.img.susercontent.com/file/id-11134207-7ra0n-mc7chty7rsqb53,https://down-id.img.susercontent.com/file/id-11134258-8224v-mkvw0cu9r7k1a5,Samsung galaxy A25 5g 8/256 Free adaptor dan silicone Garansi resmi Samsung Indonesia,https://deo.shopeemobile.com/shopee/modules-federation/live/0/shopee__item-card-standard-v2/0.2.8/pc/a425c915798471b33e5d.png,Rp,2.680.000,-33%,https://deo.shopeemobile.com/shopee/modules-federation/live/0/shopee__item-card-standard-v2/0.2.8/pc/38e203dc86172a6c6560.svg,https://deo.shopeemobile.com/shopee/modules-federation/live/0/shopee__item-card-standard-v2/0.2.8/pc/d2a1900a0267d45fd0f5.png,,https://deo.shopeemobile.com/shopee/modules-federation/live/0/shopee__item-card-standard-v2/0.2.8/pc/d7099d3fd1dfdaf705ab.svg,5.0,211 Terjual,https://deo.shopeemobile.com/shopee/modules-federation/live/0/shopee__item-card-standard-v2/0.2.8/pc/5dd7b4560d0e2d3190e8.svg,,Surabaya,https://deo.shopeemobile.com/shopee/modules-federation/live/0/shopee__item-card-standard-v2/0.2.8/pc/0614b8f0a8fdde22942d.svg,< 2 Hari,"Samsung galaxy A25 5g 8/256 Free adaptor dan silicone Garansi resmi Samsung Indonesia
Rp
2.680.000
-33%
5.0
211 Terjual
< 2 Hari
Surabaya",https://shopee.co.id/Samsung-galaxy-A25-5g-8-256-Free-adaptor-dan-silicone-Garansi-resmi-Samsung-Indonesia-i.730765353.44452895955?extraParams=%7B%22display_model_id%22%3A290719255550%2C%22model_selection_logic%22%3A3%7D&sp_atk=5281aa3f-432d-46d6-8e66-c095c68309e0&xptdk=5281aa3f-432d-46d6-8e66-c095c68309e0,,,
https://down-id.img.susercontent.com/file/id-11134207-822wh-mmppmxkwu77o58,https://down-id.img.susercontent.com/file/id-11134258-8224v-mkvw0cu9r7k1a5,Samsung Galaxy A57 5G 8/128GB 8/256GB 12/256GB Super AMOLED - Garansi Resmi SEIN 1 Tahun,https://deo.shopeemobile.com/shopee/modules-federation/live/0/shopee__item-card-standard-v2/0.2.8/pc/7c9110f78e069acbced7.png,Rp,7.209.000,,https://deo.shopeemobile.com/shopee/modules-federation/live/0/shopee__item-card-standard-v2/0.2.8/pc/38e203dc86172a6c6560.svg,https://deo.shopeemobile.com/shopee/modules-federation/live/0/shopee__item-card-standard-v2/0.2.8/pc/d2a1900a0267d45fd0f5.png,Cicilan,https://deo.shopeemobile.com/shopee/modules-federation/live/0/shopee__item-card-standard-v2/0.2.8/pc/d7099d3fd1dfdaf705ab.svg,4.9,723 Terjual,https://deo.shopeemobile.com/shopee/modules-federation/live/0/shopee__item-card-standard-v2/0.2.8/pc/5dd7b4560d0e2d3190e8.svg,,Surabaya,https://deo.shopeemobile.com/shopee/modules-federation/live/0/shopee__item-card-standard-v2/0.2.8/pc/0614b8f0a8fdde22942d.svg,2 jam,"Samsung Galaxy A57 5G 8/128GB 8/256GB 12/256GB Super AMOLED - Garansi Resmi SEIN 1 Tahun
Rp
7.209.000
Cicilan
4.9
723 Terjual
2 jam
Surabaya",https://shopee.co.id/Samsung-Galaxy-A57-5G-8-128GB-8-256GB-12-256GB-Super-AMOLED-Garansi-Resmi-SEIN-1-Tahun-i.160369383.9839367948?extraParams=%7B%22display_model_id%22%3A34732170778%2C%22model_selection_logic%22%3A3%7D&sp_atk=e0a675e5-eedd-4808-a853-db8576493a6b&xptdk=e0a675e5-eedd-4808-a853-db8576493a6b,,,
https://down-id.img.susercontent.com/file/id-11134207-81ztg-mejne66mvkli9d,https://down-id.img.susercontent.com/file/id-11134258-8224v-mkvw0cu9r7k1a5,Samsung Galaxy S20 FE Snapdragon 8/256GB Original Resmi SEIN Termurah,https://deo.shopeemobile.com/shopee/modules-federation/live/0/shopee__item-card-standard-v2/0.2.8/pc/e4734dab67ee2f9ebd5a.png,Rp,2.499.999,,https://deo.shopeemobile.com/shopee/modules-federation/live/0/shopee__item-card-standard-v2/0.2.8/pc/76dff349290d20891fc1.svg,https://deo.shopeemobile.com/shopee/modules-federation/live/0/shopee__item-card-standard-v2/0.2.8/pc/d2a1900a0267d45fd0f5.png,,https://deo.shopeemobile.com/shopee/modules-federation/live/0/shopee__item-card-standard-v2/0.2.8/pc/d7099d3fd1dfdaf705ab.svg,5.0,34 Terjual,https://deo.shopeemobile.com/shopee/modules-federation/live/0/shopee__item-card-standard-v2/0.2.8/pc/5dd7b4560d0e2d3190e8.svg,,Bandung,,,"Samsung Galaxy S20 FE Snapdragon 8/256GB Original Resmi SEIN Termurah
Rp
2.499.999
5.0
34 Terjual
3-5 Hari
Bandung",https://shopee.co.id/Samsung-Galaxy-S20-FE-Snapdragon-8-256GB-Original-Resmi-SEIN-Termurah-i.1418109676.27175053647?extraParams=%7B%22display_model_id%22%3A234255581565%2C%22model_selection_logic%22%3A3%7D&sp_atk=d5fb7999-eb90-41ab-b122-b170b8861f3e&xptdk=d5fb7999-eb90-41ab-b122-b170b8861f3e,,,
https://down-id.img.susercontent.com/file/id-11134207-82250-mg36nfivehop2b,https://down-id.img.susercontent.com/file/id-11134258-822wr-mlx67rtd6r602f,Samsung Galaxy A17 8/256Gb 8/128Gb Garansi Resmi 1 Tahun,https://deo.shopeemobile.com/shopee/modules-federation/live/0/shopee__item-card-standard-v2/0.2.8/pc/e4734dab67ee2f9ebd5a.png,Rp,3.499.000,,https://deo.shopeemobile.com/shopee/modules-federation/live/0/shopee__item-card-standard-v2/0.2.8/pc/76dff349290d20891fc1.svg,https://deo.shopeemobile.com/shopee/modules-federation/live/0/shopee__item-card-standard-v2/0.2.8/pc/d2a1900a0267d45fd0f5.png,,https://deo.shopeemobile.com/shopee/modules-federation/live/0/shopee__item-card-standard-v2/0.2.8/pc/d7099d3fd1dfdaf705ab.svg,4.9,58 Terjual,https://deo.shopeemobile.com/shopee/modules-federation/live/0/shopee__item-card-standard-v2/0.2.8/pc/5dd7b4560d0e2d3190e8.svg,,Surabaya,,,"Samsung Galaxy A17 8/256Gb 8/128Gb Garansi Resmi 1 Tahun
Rp
3.499.000
4.9
58 Terjual
2-3 Hari
Surabaya",https://shopee.co.id/Samsung-Galaxy-A17-8-256Gb-8-128Gb-Garansi-Resmi-1-Tahun-i.25028502.9108478893?extraParams=%7B%22display_model_id%22%3A277048171204%2C%22model_selection_logic%22%3A3%7D&sp_atk=c081c731-3e80-4427-a527-83873954a62e&xptdk=c081c731-3e80-4427-a527-83873954a62e,,,
https://down-id.img.susercontent.com/file/id-11134207-7rbk7-m7nfdagq0spc8e,https://down-id.img.susercontent.com/file/id-11134258-8224v-mkvw0cu9r7k1a5,Samsung Galaxy A36 5G 8/256GB Garansi Resmi SEIN,https://deo.shopeemobile.com/shopee/modules-federation/live/0/shopee__item-card-standard-v2/0.2.8/pc/7c9110f78e069acbced7.png,Rp,5.799.000,,https://deo.shopeemobile.com/shopee/modules-federation/live/0/shopee__item-card-standard-v2/0.2.8/pc/38e203dc86172a6c6560.svg,,,https://deo.shopeemobile.com/shopee/modules-federation/live/0/shopee__item-card-standard-v2/0.2.8/pc/d7099d3fd1dfdaf705ab.svg,4.9,215 Terjual,https://deo.shopeemobile.com/shopee/modules-federation/live/0/shopee__item-card-standard-v2/0.2.8/pc/5dd7b4560d0e2d3190e8.svg,,Surabaya,https://deo.shopeemobile.com/shopee/modules-federation/live/0/shopee__item-card-standard-v2/0.2.8/pc/0614b8f0a8fdde22942d.svg,2 jam,"Samsung Galaxy A36 5G 8/256GB Garansi Resmi SEIN
Rp
5.799.000
4.9
215 Terjual
2 jam
Surabaya",https://shopee.co.id/Samsung-Galaxy-A36-5G-8-256GB-Garansi-Resmi-SEIN-i.143199398.29430489540?extraParams=%7B%22display_model_id%22%3A237557275504%2C%22model_selection_logic%22%3A3%7D&sp_atk=ba692e03-de4e-4c1e-a524-0fe469416808&xptdk=ba692e03-de4e-4c1e-a524-0fe469416808,,,
https://down-id.img.susercontent.com/file/id-11134207-7rbk4-mab27ebgtvuo9e,https://down-id.img.susercontent.com/file/id-11134258-822wr-mlx5y0tebegw04,Samsung A36 5G Ram 8/256GB I Ram 12/256GB Segel Original & Bergaransi Resmi,https://deo.shopeemobile.com/shopee/modules-federation/live/0/shopee__item-card-standard-v2/0.2.8/pc/e4734dab67ee2f9ebd5a.png,Rp,4.499.000,-26%,https://deo.shopeemobile.com/shopee/modules-federation/live/0/shopee__item-card-standard-v2/0.2.8/pc/38e203dc86172a6c6560.svg,,,https://deo.shopeemobile.com/shopee/modules-federation/live/0/shopee__item-card-standard-v2/0.2.8/pc/d7099d3fd1dfdaf705ab.svg,4.9,90 Terjual,https://deo.shopeemobile.com/shopee/modules-federation/live/0/shopee__item-card-standard-v2/0.2.8/pc/5dd7b4560d0e2d3190e8.svg,,Surabaya,https://deo.shopeemobile.com/shopee/modules-federation/live/0/shopee__item-card-standard-v2/0.2.8/pc/0614b8f0a8fdde22942d.svg,< 2 Hari,"Samsung A36 5G Ram 8/256GB I Ram 12/256GB Segel Original & Bergaransi Resmi
Rp
4.499.000
-26%
4.9
90 Terjual
< 2 Hari
Surabaya",https://shopee.co.id/Samsung-A36-5G-Ram-8-256GB-I-Ram-12-256GB-Segel-Original-Bergaransi-Resmi-i.233982802.42402419979?extraParams=%7B%22display_model_id%22%3A266413581709%2C%22model_selection_logic%22%3A3%7D&sp_atk=f1330449-9820-4a29-a50c-0a0e78c4aab4&xptdk=f1330449-9820-4a29-a50c-0a0e78c4aab4,,,
https://down-id.img.susercontent.com/file/id-11134207-822wu-mloesze62woy8e,https://down-id.img.susercontent.com/file/id-11134258-8224v-mkvw0cu9r7k1a5,"Samsung A36 5G | Super AMOLED 120Hz | Snapdragon 6 Gen3 (4nm) | 5,000mAh 45W Super Fast Charge",https://deo.shopeemobile.com/shopee/modules-federation/live/0/shopee__item-card-standard-v2/0.2.8/pc/7c9110f78e069acbced7.png,Rp,6.098.000,,https://deo.shopeemobile.com/shopee/modules-federation/live/0/shopee__item-card-standard-v2/0.2.8/pc/38e203dc86172a6c6560.svg,,,https://deo.shopeemobile.com/shopee/modules-federation/live/0/shopee__item-card-standard-v2/0.2.8/pc/d7099d3fd1dfdaf705ab.svg,5.0,6 Terjual,https://deo.shopeemobile.com/shopee/modules-federation/live/0/shopee__item-card-standard-v2/0.2.8/pc/5dd7b4560d0e2d3190e8.svg,,Surabaya,https://deo.shopeemobile.com/shopee/modules-federation/live/0/shopee__item-card-standard-v2/0.2.8/pc/0614b8f0a8fdde22942d.svg,2 jam,"Samsung A36 5G | Super AMOLED 120Hz | Snapdragon 6 Gen3 (4nm) | 5,000mAh 45W Super Fast Charge
Rp
6.098.000
5.0
6 Terjual
2 jam
Surabaya",https://shopee.co.id/Samsung-A36-5G-Super-AMOLED-120Hz-Snapdragon-6-Gen3-(4nm)-5-000mAh-45W-Super-Fast-Charge-i.29471017.24393029067?extraParams=%7B%22display_model_id%22%3A208423108291%2C%22model_selection_logic%22%3A3%7D&sp_atk=59160b97-7761-4fd0-ab27-21af84161187&xptdk=59160b97-7761-4fd0-ab27-21af84161187,,,
https://down-id.img.susercontent.com/file/id-11134207-822wn-mmrpq4klle6d72,https://down-id.img.susercontent.com/file/id-11134258-8224v-mkvw0cu9r7k1a5,Samsung Galaxy A17 4G LTE 8/256 | 8/128 GB Garansi Resmi Samsung Indonesia,https://deo.shopeemobile.com/shopee/modules-federation/live/0/shopee__item-card-standard-v2/0.2.8/pc/a425c915798471b33e5d.png,Rp,3.049.000,,https://deo.shopeemobile.com/shopee/modules-federation/live/0/shopee__item-card-standard-v2/0.2.8/pc/38e203dc86172a6c6560.svg,,,https://deo.shopeemobile.com/shopee/modules-federation/live/0/shopee__item-card-standard-v2/0.2.8/pc/d7099d3fd1dfdaf705ab.svg,5.0,12 Terjual,https://deo.shopeemobile.com/shopee/modules-federation/live/0/shopee__item-card-standard-v2/0.2.8/pc/5dd7b4560d0e2d3190e8.svg,,Surabaya,https://deo.shopeemobile.com/shopee/modules-federation/live/0/shopee__item-card-standard-v2/0.2.8/pc/0614b8f0a8fdde22942d.svg,Hari ini,"Samsung Galaxy A17 4G LTE 8/256 | 8/128 GB Garansi Resmi Samsung Indonesia
Rp
3.049.000
5.0
12 Terjual
Hari ini
Surabaya",https://shopee.co.id/Samsung-Galaxy-A17-4G-LTE-8-256-8-128-GB-Garansi-Resmi-Samsung-Indonesia-i.82770881.23661954673?extraParams=%7B%22display_model_id%22%3A208755169142%2C%22model_selection_logic%22%3A3%7D&sp_atk=e338754c-c083-4e04-a708-cb4a578d798e&xptdk=e338754c-c083-4e04-a708-cb4a578d798e,,,
https://down-id.img.susercontent.com/file/id-11134207-7ras8-m1ik4d1kl1ov43,https://down-id.img.susercontent.com/file/id-11134258-8224v-mkvw0cu9r7k1a5,SAMSUNG A05 NEW RAM 4/6 INTERNAL 64/128 GARANSI RESMI INDONESIA,https://deo.shopeemobile.com/shopee/modules-federation/live/0/shopee__item-card-standard-v2/0.2.8/pc/a425c915798471b33e5d.png,Rp,1.395.000,,https://deo.shopeemobile.com/shopee/modules-federation/live/0/shopee__item-card-standard-v2/0.2.8/pc/38e203dc86172a6c6560.svg,https://deo.shopeemobile.com/shopee/modules-federation/live/0/shopee__item-card-standard-v2/0.2.8/pc/d2a1900a0267d45fd0f5.png,,https://deo.shopeemobile.com/shopee/modules-federation/live/0/shopee__item-card-standard-v2/0.2.8/pc/d7099d3fd1dfdaf705ab.svg,5.0,4 Terjual,https://deo.shopeemobile.com/shopee/modules-federation/live/0/shopee__item-card-standard-v2/0.2.8/pc/5dd7b4560d0e2d3190e8.svg,,Surabaya,https://deo.shopeemobile.com/shopee/modules-federation/live/0/shopee__item-card-standard-v2/0.2.8/pc/0614b8f0a8fdde22942d.svg,< 2 Hari,"SAMSUNG A05 NEW RAM 4/6 INTERNAL 64/128 GARANSI RESMI INDONESIA
Rp
1.395.000
5.0
4 Terjual
< 2 Hari
Surabaya",https://shopee.co.id/SAMSUNG-A05-NEW-RAM-4-6-INTERNAL-64-128-GARANSI-RESMI-INDONESIA-i.1217763119.29714518034?extraParams=%7B%22display_model_id%22%3A256810938154%2C%22model_selection_logic%22%3A3%7D&sp_atk=8b16d7a7-234c-417a-90d8-fb5a1563def2&xptdk=8b16d7a7-234c-417a-90d8-fb5a1563def2,,,
https://down-id.img.susercontent.com/file/id-11134207-7ra0h-mc7rknbhjfpj59,https://down-id.img.susercontent.com/file/id-11134258-8224v-mkvw0cu9r7k1a5,SAMSUNG GALAXY A26 5G {8GB/256GB} GARANSI RESMI SAMSUNG SEIN,https://deo.shopeemobile.com/shopee/modules-federation/live/0/shopee__item-card-standard-v2/0.2.8/pc/a425c915798471b33e5d.png,Rp,3.999.000,-9%,https://deo.shopeemobile.com/shopee/modules-federation/live/0/shopee__item-card-standard-v2/0.2.8/pc/38e203dc86172a6c6560.svg,,,https://deo.shopeemobile.com/shopee/modules-federation/live/0/shopee__item-card-standard-v2/0.2.8/pc/d7099d3fd1dfdaf705ab.svg,5.0,276 Terjual,https://deo.shopeemobile.com/shopee/modules-federation/live/0/shopee__item-card-standard-v2/0.2.8/pc/5dd7b4560d0e2d3190e8.svg,,Surabaya,https://deo.shopeemobile.com/shopee/modules-federation/live/0/shopee__item-card-standard-v2/0.2.8/pc/0614b8f0a8fdde22942d.svg,Cashback 99%,"SAMSUNG GALAXY A26 5G {8GB/256GB} GARANSI RESMI SAMSUNG SEIN
Rp
3.999.000
-9%
Cashback 99%
5.0
276 Terjual
< 2 Hari
Surabaya",https://shopee.co.id/SAMSUNG-GALAXY-A26-5G-8GB-256GB-GARANSI-RESMI-SAMSUNG-SEIN-i.151788128.25904397467?extraParams=%7B%22display_model_id%22%3A196162063045%2C%22model_selection_logic%22%3A3%7D&sp_atk=ea4438e1-4f51-4d5c-bd8f-4bd5b332b1f6&xptdk=ea4438e1-4f51-4d5c-bd8f-4bd5b332b1f6,,,
https://down-id.img.susercontent.com/file/id-11134207-7rbka-m7q5ymswtn55f6,https://down-id.img.susercontent.com/file/id-11134258-8224v-mkvw0cu9r7k1a5,Samsung Galaxy A56 5G | 8GB 256GB | Exynos 1580 | 6.7 inci Super AMOLED | 50Mp Wide Camera,https://deo.shopeemobile.com/shopee/modules-federation/live/0/shopee__item-card-standard-v2/0.2.8/pc/7c9110f78e069acbced7.png,Rp,6.199.000,-30%,https://deo.shopeemobile.com/shopee/modules-federation/live/0/shopee__item-card-standard-v2/0.2.8/pc/76dff349290d20891fc1.svg,https://deo.shopeemobile.com/shopee/modules-federation/live/0/shopee__item-card-standard-v2/0.2.8/pc/d2a1900a0267d45fd0f5.png,,https://deo.shopeemobile.com/shopee/modules-federation/live/0/shopee__item-card-standard-v2/0.2.8/pc/d7099d3fd1dfdaf705ab.svg,4.9,326 Terjual,https://deo.shopeemobile.com/shopee/modules-federation/live/0/shopee__item-card-standard-v2/0.2.8/pc/5dd7b4560d0e2d3190e8.svg,,Depok,,,"Samsung Galaxy A56 5G | 8GB 256GB | Exynos 1580 | 6.7 inci Super AMOLED | 50Mp Wide Camera
Rp
6.199.000
-30%
4.9
326 Terjual
3 Hari
Depok",https://shopee.co.id/Samsung-Galaxy-A56-5G-8GB-256GB-Exynos-1580-6.7-inci-Super-AMOLED-50Mp-Wide-Camera-i.1274014683.24943045698?extraParams=%7B%22display_model_id%22%3A330638299685%2C%22model_selection_logic%22%3A3%7D&sp_atk=33d591b6-d78b-4830-ae9e-93e328f6f904&xptdk=33d591b6-d78b-4830-ae9e-93e328f6f904,,,
https://down-id.img.susercontent.com/file/id-11134207-8224z-mimi1ci8ag3k3a,https://down-id.img.susercontent.com/file/id-11134258-8224v-mkvw0cu9r7k1a5,Samsung Galaxy A07 [4/64GB][4/128GB][6/128GB][8/256GB] Garansi Resmi - SAMSUNG A07,https://deo.shopeemobile.com/shopee/modules-federation/live/0/shopee__item-card-standard-v2/0.2.8/pc/e4734dab67ee2f9ebd5a.png,Rp,1.569.000,,https://deo.shopeemobile.com/shopee/modules-federation/live/0/shopee__item-card-standard-v2/0.2.8/pc/76dff349290d20891fc1.svg,,,https://deo.shopeemobile.com/shopee/modules-federation/live/0/shopee__item-card-standard-v2/0.2.8/pc/d7099d3fd1dfdaf705ab.svg,4.9,1RB+ Terjual,https://deo.shopeemobile.com/shopee/modules-federation/live/0/shopee__item-card-standard-v2/0.2.8/pc/5dd7b4560d0e2d3190e8.svg,,Jakarta Timur,,,"Samsung Galaxy A07 [4/64GB][4/128GB][6/128GB][8/256GB] Garansi Resmi - SAMSUNG A07
Rp
1.569.000
4.9
1RB+ Terjual
3 Hari
Jakarta Timur",https://shopee.co.id/Samsung-Galaxy-A07-4-64GB-4-128GB-6-128GB-8-256GB-Garansi-Resmi-SAMSUNG-A07-i.516371273.23456862366?extraParams=%7B%22display_model_id%22%3A445270123252%2C%22model_selection_logic%22%3A3%7D&sp_atk=97e93884-1f35-47f0-8a32-ffcdc8779411&xptdk=97e93884-1f35-47f0-8a32-ffcdc8779411,,,
https://down-id.img.susercontent.com/file/sg-11134201-81zu7-micqzxxat5ogd4,https://down-id.img.susercontent.com/file/id-11134258-7r98w-lyezzaurybot13,Samsung Galaxy A17 8/128GB - Light Blue,https://deo.shopeemobile.com/shopee/modules-federation/live/0/shopee__item-card-standard-v2/0.2.8/pc/7c9110f78e069acbced7.png,Rp,3.499.000,-3%,https://deo.shopeemobile.com/shopee/modules-federation/live/0/shopee__item-card-standard-v2/0.2.8/pc/38e203dc86172a6c6560.svg,https://deo.shopeemobile.com/shopee/modules-federation/live/0/shopee__item-card-standard-v2/0.2.8/pc/d2a1900a0267d45fd0f5.png,,https://deo.shopeemobile.com/shopee/modules-federation/live/0/shopee__item-card-standard-v2/0.2.8/pc/d7099d3fd1dfdaf705ab.svg,4.9,4RB+ Terjual,https://deo.shopeemobile.com/shopee/modules-federation/live/0/shopee__item-card-standard-v2/0.2.8/pc/5dd7b4560d0e2d3190e8.svg,,Surabaya,https://deo.shopeemobile.com/shopee/modules-federation/live/0/shopee__item-card-standard-v2/0.2.8/pc/0614b8f0a8fdde22942d.svg,< 2 Hari,"Samsung Galaxy A17 8/128GB - Light Blue
Rp
3.499.000
-3%
4.9
4RB+ Terjual
< 2 Hari
Surabaya",https://shopee.co.id/Samsung-Galaxy-A17-8-128GB-Light-Blue-i.52635036.41919020601?extraParams=%7B%22display_model_id%22%3A261559372787%2C%22model_selection_logic%22%3A3%7D&sp_atk=730cc491-6fba-4d72-9609-9e1e4a5b920e&xptdk=730cc491-6fba-4d72-9609-9e1e4a5b920e,,,
https://down-id.img.susercontent.com/file/id-11134207-82250-ml3qy93g5jwma1,https://down-id.img.susercontent.com/file/id-11134258-8224v-mkvw0cu9r7k1a5,SAMSUNG GALAXY A56 12/256 FREE ADAPTOR DAN SILICONE GARANSI RESMI SAMSUNG,https://deo.shopeemobile.com/shopee/modules-federation/live/0/shopee__item-card-standard-v2/0.2.8/pc/a425c915798471b33e5d.png,Rp,5.100.000,-35%,https://deo.shopeemobile.com/shopee/modules-federation/live/0/shopee__item-card-standard-v2/0.2.8/pc/38e203dc86172a6c6560.svg,https://deo.shopeemobile.com/shopee/modules-federation/live/0/shopee__item-card-standard-v2/0.2.8/pc/d2a1900a0267d45fd0f5.png,,https://deo.shopeemobile.com/shopee/modules-federation/live/0/shopee__item-card-standard-v2/0.2.8/pc/d7099d3fd1dfdaf705ab.svg,4.9,313 Terjual,https://deo.shopeemobile.com/shopee/modules-federation/live/0/shopee__item-card-standard-v2/0.2.8/pc/5dd7b4560d0e2d3190e8.svg,,Surabaya,https://deo.shopeemobile.com/shopee/modules-federation/live/0/shopee__item-card-standard-v2/0.2.8/pc/0614b8f0a8fdde22942d.svg,< 2 Hari,"SAMSUNG GALAXY A56 12/256 FREE ADAPTOR DAN SILICONE GARANSI RESMI SAMSUNG
Rp
5.100.000
-35%
4.9
313 Terjual
< 2 Hari
Surabaya",https://shopee.co.id/SAMSUNG-GALAXY-A56-12-256-FREE-ADAPTOR-DAN-SILICONE-GARANSI-RESMI-SAMSUNG-i.730765353.42402900908?extraParams=%7B%22display_model_id%22%3A270707444715%2C%22model_selection_logic%22%3A3%7D&sp_atk=cd19f7a1-ae6a-45ea-b230-cd11f4656a17&xptdk=cd19f7a1-ae6a-45ea-b230-cd11f4656a17,,,
https://down-id.img.susercontent.com/file/id-11134207-81zte-mep6jjd7wruq00,https://down-id.img.susercontent.com/file/id-11134258-8224v-mkvw0cu9r7k1a5,"Samsung Galaxy A17 5G 8GB/256GB | Exynos 1330 | FHD+ 6,7 inch Super AMOLED + 90Hz | 5000 mAh 25W Fast Charging | IP54",https://deo.shopeemobile.com/shopee/modules-federation/live/0/shopee__item-card-standard-v2/0.2.8/pc/7c9110f78e069acbced7.png,Rp,4.748.000,,https://deo.shopeemobile.com/shopee/modules-federation/live/0/shopee__item-card-standard-v2/0.2.8/pc/38e203dc86172a6c6560.svg,,,https://deo.shopeemobile.com/shopee/modules-federation/live/0/shopee__item-card-standard-v2/0.2.8/pc/d7099d3fd1dfdaf705ab.svg,5.0,23 Terjual,https://deo.shopeemobile.com/shopee/modules-federation/live/0/shopee__item-card-standard-v2/0.2.8/pc/5dd7b4560d0e2d3190e8.svg,,Surabaya,https://deo.shopeemobile.com/shopee/modules-federation/live/0/shopee__item-card-standard-v2/0.2.8/pc/0614b8f0a8fdde22942d.svg,2 jam,"Samsung Galaxy A17 5G 8GB/256GB | Exynos 1330 | FHD+ 6,7 inch Super AMOLED + 90Hz | 5000 mAh 25W Fast Charging | IP54
Rp
4.748.000
5.0
23 Terjual
2 jam
Surabaya",https://shopee.co.id/Samsung-Galaxy-A17-5G-8GB-256GB-Exynos-1330-FHD-6-7-inch-Super-AMOLED-90Hz-5000-mAh-25W-Fast-Charging-IP54-i.29471017.27641568277?extraParams=%7B%22display_model_id%22%3A224504436139%2C%22model_selection_logic%22%3A3%7D&sp_atk=edad96c9-c95f-4e8e-8b8a-bf0ad27938d6&xptdk=edad96c9-c95f-4e8e-8b8a-bf0ad27938d6,,,
https://down-id.img.susercontent.com/file/id-11134207-7r98t-lwc8smwtp4q222,https://down-id.img.susercontent.com/file/id-11134258-822wp-mlyjp115kz5tc6,Samsung Galaxy A52s 5G 8/256GB SEIN Mulus 90-95%,https://deo.shopeemobile.com/shopee/modules-federation/live/0/shopee__item-card-standard-v2/0.2.8/pc/a425c915798471b33e5d.png,Rp,2.890.000,-6%,https://deo.shopeemobile.com/shopee/modules-federation/live/0/shopee__item-card-standard-v2/0.2.8/pc/38e203dc86172a6c6560.svg,https://deo.shopeemobile.com/shopee/modules-federation/live/0/shopee__item-card-standard-v2/0.2.8/pc/d2a1900a0267d45fd0f5.png,,https://deo.shopeemobile.com/shopee/modules-federation/live/0/shopee__item-card-standard-v2/0.2.8/pc/d7099d3fd1dfdaf705ab.svg,4.8,14 Terjual,https://deo.shopeemobile.com/shopee/modules-federation/live/0/shopee__item-card-standard-v2/0.2.8/pc/5dd7b4560d0e2d3190e8.svg,https://deo.shopeemobile.com/shopee/modules-federation/live/0/shopee__item-card-standard-v2/0.2.8/pc/b4d1b8a78b3621dbdf4a.svg,Kab. Sidoarjo,https://deo.shopeemobile.com/shopee/modules-federation/live/0/shopee__item-card-standard-v2/0.2.8/pc/0614b8f0a8fdde22942d.svg,2 jam,"Samsung Galaxy A52s 5G 8/256GB SEIN Mulus 90-95%
Rp
2.890.000
-6%
4.8
14 Terjual
2 jam
Kab. Sidoarjo",https://shopee.co.id/Samsung-Galaxy-A52s-5G-8-256GB-SEIN-Mulus-90-95--i.25663938.18593377503?extraParams=%7B%22display_model_id%22%3A177873869709%2C%22model_selection_logic%22%3A3%7D&sp_atk=24f688c1-de39-4b08-8310-1869e267d214&xptdk=24f688c1-de39-4b08-8310-1869e267d214,,,
https://down-id.img.susercontent.com/file/sg-11134201-81zu7-micqzxxat5ogd4,https://down-id.img.susercontent.com/file/id-11134258-7r98w-lyezzaurybot13,Samsung Galaxy A17 8/128GB - Gray,https://deo.shopeemobile.com/shopee/modules-federation/live/0/shopee__item-card-standard-v2/0.2.8/pc/7c9110f78e069acbced7.png,Rp,3.499.000,-3%,https://deo.shopeemobile.com/shopee/modules-federation/live/0/shopee__item-card-standard-v2/0.2.8/pc/38e203dc86172a6c6560.svg,https://deo.shopeemobile.com/shopee/modules-federation/live/0/shopee__item-card-standard-v2/0.2.8/pc/d2a1900a0267d45fd0f5.png,,https://deo.shopeemobile.com/shopee/modules-federation/live/0/shopee__item-card-standard-v2/0.2.8/pc/d7099d3fd1dfdaf705ab.svg,4.9,4RB+ Terjual,https://deo.shopeemobile.com/shopee/modules-federation/live/0/shopee__item-card-standard-v2/0.2.8/pc/5dd7b4560d0e2d3190e8.svg,,Surabaya,https://deo.shopeemobile.com/shopee/modules-federation/live/0/shopee__item-card-standard-v2/0.2.8/pc/0614b8f0a8fdde22942d.svg,< 2 Hari,"Samsung Galaxy A17 8/128GB - Gray
Rp
3.499.000
-3%
4.9
4RB+ Terjual
< 2 Hari
Surabaya",https://shopee.co.id/Samsung-Galaxy-A17-8-128GB-Gray-i.52635036.42719020924?extraParams=%7B%22display_model_id%22%3A276559030727%2C%22model_selection_logic%22%3A3%7D&sp_atk=26f2f686-23ae-435b-9048-c6ea7b9c3c7c&xptdk=26f2f686-23ae-435b-9048-c6ea7b9c3c7c,,,
https://down-id.img.susercontent.com/file/sg-11134201-8260v-mmbg00iohds3d8,https://down-id.img.susercontent.com/file/id-11134258-7r98w-lyezzaurybot13,Samsung Galaxy A56 5G 8/256GB - Awesome Olive,https://deo.shopeemobile.com/shopee/modules-federation/live/0/shopee__item-card-standard-v2/0.2.8/pc/7c9110f78e069acbced7.png,Rp,5.999.000,-13%,https://deo.shopeemobile.com/shopee/modules-federation/live/0/shopee__item-card-standard-v2/0.2.8/pc/76dff349290d20891fc1.svg,https://deo.shopeemobile.com/shopee/modules-federation/live/0/shopee__item-card-standard-v2/0.2.8/pc/d2a1900a0267d45fd0f5.png,,https://deo.shopeemobile.com/shopee/modules-federation/live/0/shopee__item-card-standard-v2/0.2.8/pc/d7099d3fd1dfdaf705ab.svg,4.9,3RB+ Terjual,https://deo.shopeemobile.com/shopee/modules-federation/live/0/shopee__item-card-standard-v2/0.2.8/pc/5dd7b4560d0e2d3190e8.svg,,Jakarta Utara,,,"Samsung Galaxy A56 5G 8/256GB - Awesome Olive
Rp
5.999.000
-13%
4.9
3RB+ Terjual
2-3 Hari
Jakarta Utara",https://shopee.co.id/Samsung-Galaxy-A56-5G-8-256GB-Awesome-Olive-i.52635036.27977747344?extraParams=%7B%22display_model_id%22%3A223862008257%2C%22model_selection_logic%22%3A3%7D&sp_atk=b8ff1047-1577-4372-ae88-0cba3b54aede&xptdk=b8ff1047-1577-4372-ae88-0cba3b54aede,,,
https://down-id.img.susercontent.com/file/id-11134207-7r98x-ltum6374k3ug5c,https://down-id.img.susercontent.com/file/id-11134258-8224v-mkvw0cu9r7k1a5,SAMSUNG A25 5G RAM 8 INTERNAL 128/256 NEW GARANSI RESMI INDONESIA,https://deo.shopeemobile.com/shopee/modules-federation/live/0/shopee__item-card-standard-v2/0.2.8/pc/a425c915798471b33e5d.png,Rp,3.295.000,,https://deo.shopeemobile.com/shopee/modules-federation/live/0/shopee__item-card-standard-v2/0.2.8/pc/38e203dc86172a6c6560.svg,https://deo.shopeemobile.com/shopee/modules-federation/live/0/shopee__item-card-standard-v2/0.2.8/pc/d2a1900a0267d45fd0f5.png,,https://deo.shopeemobile.com/shopee/modules-federation/live/0/shopee__item-card-standard-v2/0.2.8/pc/d7099d3fd1dfdaf705ab.svg,4.6,30 Terjual,https://deo.shopeemobile.com/shopee/modules-federation/live/0/shopee__item-card-standard-v2/0.2.8/pc/5dd7b4560d0e2d3190e8.svg,,Surabaya,https://deo.shopeemobile.com/shopee/modules-federation/live/0/shopee__item-card-standard-v2/0.2.8/pc/0614b8f0a8fdde22942d.svg,< 2 Hari,"SAMSUNG A25 5G RAM 8 INTERNAL 128/256 NEW GARANSI RESMI INDONESIA
Rp
3.295.000
4.6
30 Terjual
< 2 Hari
Surabaya",https://shopee.co.id/SAMSUNG-A25-5G-RAM-8-INTERNAL-128-256-NEW-GARANSI-RESMI-INDONESIA-i.1217763119.24872864991?extraParams=%7B%22display_model_id%22%3A240598462181%2C%22model_selection_logic%22%3A3%7D&sp_atk=7921c78f-f96a-4748-8ddc-db6327ede83c&xptdk=7921c78f-f96a-4748-8ddc-db6327ede83c,,,
https://down-id.img.susercontent.com/file/sg-11134201-8260o-mmbg0299pyip30,https://down-id.img.susercontent.com/file/id-11134258-7r98w-lyezzaurybot13,Samsung Galaxy A17 5G 8/256GB - Gray,https://deo.shopeemobile.com/shopee/modules-federation/live/0/shopee__item-card-standard-v2/0.2.8/pc/7c9110f78e069acbced7.png,Rp,4.499.000,-2%,https://deo.shopeemobile.com/shopee/modules-federation/live/0/shopee__item-card-standard-v2/0.2.8/pc/38e203dc86172a6c6560.svg,https://deo.shopeemobile.com/shopee/modules-federation/live/0/shopee__item-card-standard-v2/0.2.8/pc/d2a1900a0267d45fd0f5.png,,https://deo.shopeemobile.com/shopee/modules-federation/live/0/shopee__item-card-standard-v2/0.2.8/pc/d7099d3fd1dfdaf705ab.svg,4.9,2RB+ Terjual,https://deo.shopeemobile.com/shopee/modules-federation/live/0/shopee__item-card-standard-v2/0.2.8/pc/5dd7b4560d0e2d3190e8.svg,,Surabaya,https://deo.shopeemobile.com/shopee/modules-federation/live/0/shopee__item-card-standard-v2/0.2.8/pc/0614b8f0a8fdde22942d.svg,< 2 Hari,"Samsung Galaxy A17 5G 8/256GB - Gray
Rp
4.499.000
-2%
4.9
2RB+ Terjual
< 2 Hari
Surabaya",https://shopee.co.id/Samsung-Galaxy-A17-5G-8-256GB-Gray-i.52635036.27339727604?extraParams=%7B%22display_model_id%22%3A266038048750%2C%22model_selection_logic%22%3A3%7D&sp_atk=4a09b7d2-55af-4ad3-9e25-d15d7280a91b&xptdk=4a09b7d2-55af-4ad3-9e25-d15d7280a91b,,,
https://down-id.img.susercontent.com/file/id-11134207-7rbk2-majbxe5314bi55,https://down-id.img.susercontent.com/file/id-11134258-822wr-mlx5y0tebegw04,Samsung Galaxy A56 5G [8/256GB] [12/256GB] - Garansi Resmi SEIN 1 Tahun,https://deo.shopeemobile.com/shopee/modules-federation/live/0/shopee__item-card-standard-v2/0.2.8/pc/e4734dab67ee2f9ebd5a.png,Rp,6.489.000,,https://deo.shopeemobile.com/shopee/modules-federation/live/0/shopee__item-card-standard-v2/0.2.8/pc/38e203dc86172a6c6560.svg,,,https://deo.shopeemobile.com/shopee/modules-federation/live/0/shopee__item-card-standard-v2/0.2.8/pc/d7099d3fd1dfdaf705ab.svg,5.0,43 Terjual,https://deo.shopeemobile.com/shopee/modules-federation/live/0/shopee__item-card-standard-v2/0.2.8/pc/5dd7b4560d0e2d3190e8.svg,,Surabaya,https://deo.shopeemobile.com/shopee/modules-federation/live/0/shopee__item-card-standard-v2/0.2.8/pc/0614b8f0a8fdde22942d.svg,Hari ini,"Samsung Galaxy A56 5G [8/256GB] [12/256GB] - Garansi Resmi SEIN 1 Tahun
Rp
6.489.000
5.0
43 Terjual
Hari ini
Surabaya",https://shopee.co.id/Samsung-Galaxy-A56-5G-8-256GB-12-256GB-Garansi-Resmi-SEIN-1-Tahun-i.30103636.40453086179?extraParams=%7B%22display_model_id%22%3A300254053862%2C%22model_selection_logic%22%3A3%7D&sp_atk=c6d61ab5-f3ff-4cbb-847e-a60b1b7081bb&xptdk=c6d61ab5-f3ff-4cbb-847e-a60b1b7081bb,,,
https://down-id.img.susercontent.com/file/id-11134207-7rasm-m49ys17apke000,https://down-id.img.susercontent.com/file/id-11134258-8224v-mkvw0cu9r7k1a5,SAMSUNG A16 4G/5G NEW RAM 8 INTERNAL 128/256 GARANSI RESMI INDONESIA,https://deo.shopeemobile.com/shopee/modules-federation/live/0/shopee__item-card-standard-v2/0.2.8/pc/a425c915798471b33e5d.png,Rp,2.695.000,,https://deo.shopeemobile.com/shopee/modules-federation/live/0/shopee__item-card-standard-v2/0.2.8/pc/38e203dc86172a6c6560.svg,https://deo.shopeemobile.com/shopee/modules-federation/live/0/shopee__item-card-standard-v2/0.2.8/pc/d2a1900a0267d45fd0f5.png,,https://deo.shopeemobile.com/shopee/modules-federation/live/0/shopee__item-card-standard-v2/0.2.8/pc/d7099d3fd1dfdaf705ab.svg,4.9,40 Terjual,https://deo.shopeemobile.com/shopee/modules-federation/live/0/shopee__item-card-standard-v2/0.2.8/pc/5dd7b4560d0e2d3190e8.svg,,Surabaya,https://deo.shopeemobile.com/shopee/modules-federation/live/0/shopee__item-card-standard-v2/0.2.8/pc/0614b8f0a8fdde22942d.svg,< 2 Hari,"SAMSUNG A16 4G/5G NEW RAM 8 INTERNAL 128/256 GARANSI RESMI INDONESIA
Rp
2.695.000
4.9
40 Terjual
< 2 Hari
Surabaya",https://shopee.co.id/SAMSUNG-A16-4G-5G-NEW-RAM-8-INTERNAL-128-256-GARANSI-RESMI-INDONESIA-i.1217763119.29071902321?extraParams=%7B%22display_model_id%22%3A218102522428%2C%22model_selection_logic%22%3A3%7D&sp_atk=de99c2ef-1872-4d4d-bd25-efb27ab86b2b&xptdk=de99c2ef-1872-4d4d-bd25-efb27ab86b2b,,,
https://down-id.img.susercontent.com/file/id-11134207-82250-mgc24o1c0ft743,https://down-id.img.susercontent.com/file/id-11134258-8224v-mkvw0cu9r7k1a5,Samsung Galaxy S25 FE 5G 8/256 Display Dynamic LTPO AMOLED 6.7 inches - Exynos 2400 - Camera 50MP - 4900mAh-Garansi Resmi 1 Tahun,https://deo.shopeemobile.com/shopee/modules-federation/live/0/shopee__item-card-standard-v2/0.2.8/pc/e4734dab67ee2f9ebd5a.png,Rp,9.350.000,,https://deo.shopeemobile.com/shopee/modules-federation/live/0/shopee__item-card-standard-v2/0.2.8/pc/76dff349290d20891fc1.svg,,,https://deo.shopeemobile.com/shopee/modules-federation/live/0/shopee__item-card-standard-v2/0.2.8/pc/d7099d3fd1dfdaf705ab.svg,4.9,64 Terjual,https://deo.shopeemobile.com/shopee/modules-federation/live/0/shopee__item-card-standard-v2/0.2.8/pc/5dd7b4560d0e2d3190e8.svg,,Jakarta Utara,,,"Samsung Galaxy S25 FE 5G 8/256 Display Dynamic LTPO AMOLED 6.7 inches - Exynos 2400 - Camera 50MP - 4900mAh-Garansi Resmi 1 Tahun
Rp
9.350.000
4.9
64 Terjual
3 Hari
Jakarta Utara",https://shopee.co.id/Samsung-Galaxy-S25-FE-5G-8-256-Display-Dynamic-LTPO-AMOLED-6.7-inches-Exynos-2400-Camera-50MP-4900mAh-Garansi-Resmi-1-Tahun-i.75066549.47550257041?extraParams=%7B%22display_model_id%22%3A330195459837%2C%22model_selection_logic%22%3A3%7D&sp_atk=0fcfca5a-ff50-497b-a99d-6e1ba09bdf2a&xptdk=0fcfca5a-ff50-497b-a99d-6e1ba09bdf2a,,,
https://down-id.img.susercontent.com/file/id-11134207-822wl-mmtp69ljn85g27,https://down-id.img.susercontent.com/file/id-11134258-8224v-mkvw0cu9r7k1a5,"Samsung Galaxy A36 5G 8/256GB 12/256GB Original, Garansi SEIN",https://deo.shopeemobile.com/shopee/modules-federation/live/0/shopee__item-card-standard-v2/0.2.8/pc/7c9110f78e069acbced7.png,Rp,5.498.000,-5%,https://deo.shopeemobile.com/shopee/modules-federation/live/0/shopee__item-card-standard-v2/0.2.8/pc/76dff349290d20891fc1.svg,https://deo.shopeemobile.com/shopee/modules-federation/live/0/shopee__item-card-standard-v2/0.2.8/pc/d2a1900a0267d45fd0f5.png,,https://deo.shopeemobile.com/shopee/modules-federation/live/0/shopee__item-card-standard-v2/0.2.8/pc/d7099d3fd1dfdaf705ab.svg,5.0,1RB+ Terjual,https://deo.shopeemobile.com/shopee/modules-federation/live/0/shopee__item-card-standard-v2/0.2.8/pc/5dd7b4560d0e2d3190e8.svg,,Bandung,,,"Samsung Galaxy A36 5G 8/256GB 12/256GB Original, Garansi SEIN
Rp
5.498.000
-5%
5.0
1RB+ Terjual
3 Hari
Bandung",https://shopee.co.id/Samsung-Galaxy-A36-5G-8-256GB-12-256GB-Original-Garansi-SEIN-i.1101386382.29180165392?extraParams=%7B%22display_model_id%22%3A206110668777%2C%22model_selection_logic%22%3A3%7D&sp_atk=3c7f4534-a891-4f6d-97a0-c5ccefaf6fa1&xptdk=3c7f4534-a891-4f6d-97a0-c5ccefaf6fa1,,,
https://down-id.img.susercontent.com/file/id-11134207-822wu-mm8p06jsb28001,https://down-id.img.susercontent.com/file/id-11134258-8224v-mkvw0cu9r7k1a5,Samsung Galaxy S25 FE 8/512GB | 8/256GB Garansi Resmi,https://deo.shopeemobile.com/shopee/modules-federation/live/0/shopee__item-card-standard-v2/0.2.8/pc/e4734dab67ee2f9ebd5a.png,Rp,9.259.000,,https://deo.shopeemobile.com/shopee/modules-federation/live/0/shopee__item-card-standard-v2/0.2.8/pc/76dff349290d20891fc1.svg,,Hadiah Gratis,https://deo.shopeemobile.com/shopee/modules-federation/live/0/shopee__item-card-standard-v2/0.2.8/pc/d7099d3fd1dfdaf705ab.svg,5.0,209 Terjual,https://deo.shopeemobile.com/shopee/modules-federation/live/0/shopee__item-card-standard-v2/0.2.8/pc/5dd7b4560d0e2d3190e8.svg,,Jakarta Pusat,,,"Samsung Galaxy S25 FE 8/512GB | 8/256GB Garansi Resmi
Rp
9.259.000
Hadiah Gratis
5.0
209 Terjual
2-3 Hari
Jakarta Pusat",https://shopee.co.id/Samsung-Galaxy-S25-FE-8-512GB-8-256GB-Garansi-Resmi-i.304902524.28365391254?extraParams=%7B%22display_model_id%22%3A259190526316%2C%22model_selection_logic%22%3A3%7D&sp_atk=0a4bbc53-5d30-401d-bb5b-7c31dff8f9d5&xptdk=0a4bbc53-5d30-401d-bb5b-7c31dff8f9d5,,,
https://down-id.img.susercontent.com/file/id-11134207-8224y-mj819qbb7aiq03,https://down-id.img.susercontent.com/file/id-11134258-8224v-mkvw0cu9r7k1a5,Samsung A26 5G 8/256GB | HP Samsung Original Resmi Indonesia,https://deo.shopeemobile.com/shopee/modules-federation/live/0/shopee__item-card-standard-v2/0.2.8/pc/e4734dab67ee2f9ebd5a.png,Rp,4.088.000,-35%,https://deo.shopeemobile.com/shopee/modules-federation/live/0/shopee__item-card-standard-v2/0.2.8/pc/76dff349290d20891fc1.svg,,,https://deo.shopeemobile.com/shopee/modules-federation/live/0/shopee__item-card-standard-v2/0.2.8/pc/d7099d3fd1dfdaf705ab.svg,4.9,268 Terjual,https://deo.shopeemobile.com/shopee/modules-federation/live/0/shopee__item-card-standard-v2/0.2.8/pc/5dd7b4560d0e2d3190e8.svg,https://deo.shopeemobile.com/shopee/modules-federation/live/0/shopee__item-card-standard-v2/0.2.8/pc/b4d1b8a78b3621dbdf4a.svg,Jakarta Pusat,,,"Samsung A26 5G 8/256GB | HP Samsung Original Resmi Indonesia
Rp
4.088.000
-35%
4.9
268 Terjual
3 Hari
Jakarta Pusat",https://shopee.co.id/Samsung-A26-5G-8-256GB-HP-Samsung-Original-Resmi-Indonesia-i.102896867.8288464812?extraParams=%7B%22display_model_id%22%3A291774577278%2C%22model_selection_logic%22%3A3%7D&sp_atk=aa685fa5-c9d5-45f6-a456-6fee9fc93afc&xptdk=aa685fa5-c9d5-45f6-a456-6fee9fc93afc,,,
https://down-id.img.susercontent.com/file/id-11134207-7rbk1-m9eogrfhtixd2e,https://down-id.img.susercontent.com/file/id-11134258-822wr-mlx67rtd6r602f,SAMSUNG A26 5G 16gb* / 256GB | 50MP AI CAMERA | 5000MAH 25W FAST CHARGE | GARANSI RESMI,https://deo.shopeemobile.com/shopee/modules-federation/live/0/shopee__item-card-standard-v2/0.2.8/pc/e4734dab67ee2f9ebd5a.png,Rp,5.149.000,-6%,https://deo.shopeemobile.com/shopee/modules-federation/live/0/shopee__item-card-standard-v2/0.2.8/pc/38e203dc86172a6c6560.svg,https://deo.shopeemobile.com/shopee/modules-federation/live/0/shopee__item-card-standard-v2/0.2.8/pc/d2a1900a0267d45fd0f5.png,,https://deo.shopeemobile.com/shopee/modules-federation/live/0/shopee__item-card-standard-v2/0.2.8/pc/d7099d3fd1dfdaf705ab.svg,5.0,8 Terjual,https://deo.shopeemobile.com/shopee/modules-federation/live/0/shopee__item-card-standard-v2/0.2.8/pc/5dd7b4560d0e2d3190e8.svg,,Kab. Sidoarjo,https://deo.shopeemobile.com/shopee/modules-federation/live/0/shopee__item-card-standard-v2/0.2.8/pc/0614b8f0a8fdde22942d.svg,2 jam,"SAMSUNG A26 5G 16gb* / 256GB | 50MP AI CAMERA | 5000MAH 25W FAST CHARGE | GARANSI RESMI
Rp
5.149.000
-6%
5.0
8 Terjual
2 jam
Kab. Sidoarjo",https://shopee.co.id/SAMSUNG-A26-5G-16gb*-256GB-50MP-AI-CAMERA-5000MAH-25W-FAST-CHARGE-GARANSI-RESMI-i.105409987.29136094777?extraParams=%7B%22display_model_id%22%3A178920834131%2C%22model_selection_logic%22%3A3%7D&sp_atk=135d9b8f-71c9-4f1d-8dbb-36241e57effa&xptdk=135d9b8f-71c9-4f1d-8dbb-36241e57effa,,,
https://down-id.img.susercontent.com/file/id-11134207-7rbk1-m7uhuohdb78paf,https://down-id.img.susercontent.com/file/id-11134258-8224v-mkvw0cu9r7k1a5,Samsung A16 Ram 8/128GB & 8/256GB Original Bergaransi Resmi Sein Indonesia,https://deo.shopeemobile.com/shopee/modules-federation/live/0/shopee__item-card-standard-v2/0.2.8/pc/a425c915798471b33e5d.png,Rp,2.749.000,-8%,https://deo.shopeemobile.com/shopee/modules-federation/live/0/shopee__item-card-standard-v2/0.2.8/pc/76dff349290d20891fc1.svg,,,https://deo.shopeemobile.com/shopee/modules-federation/live/0/shopee__item-card-standard-v2/0.2.8/pc/d7099d3fd1dfdaf705ab.svg,5.0,268 Terjual,https://deo.shopeemobile.com/shopee/modules-federation/live/0/shopee__item-card-standard-v2/0.2.8/pc/5dd7b4560d0e2d3190e8.svg,,Surabaya,,,"Samsung A16 Ram 8/128GB & 8/256GB Original Bergaransi Resmi Sein Indonesia
Rp
2.749.000
-8%
5.0
268 Terjual
2-3 Hari
Surabaya",https://shopee.co.id/Samsung-A16-Ram-8-128GB-8-256GB-Original-Bergaransi-Resmi-Sein-Indonesia-i.220501664.18591643848?extraParams=%7B%22display_model_id%22%3A195924834318%2C%22model_selection_logic%22%3A3%7D&sp_atk=fff30be5-0ea4-4e71-ae7b-854f41849349&xptdk=fff30be5-0ea4-4e71-ae7b-854f41849349,,,
https://down-id.img.susercontent.com/file/id-11134207-7rasm-m2anqa4r0h3ea2,https://down-id.img.susercontent.com/file/id-11134258-8224v-mkvw0cu9r7k1a5,Samsung Galaxy A35 8/128GB 8/256GB 5G Navy Blue Lilac,,Rp,4.089.000,,https://deo.shopeemobile.com/shopee/modules-federation/live/0/shopee__item-card-standard-v2/0.2.8/pc/76dff349290d20891fc1.svg,,,https://deo.shopeemobile.com/shopee/modules-federation/live/0/shopee__item-card-standard-v2/0.2.8/pc/d7099d3fd1dfdaf705ab.svg,4.7,238 Terjual,https://deo.shopeemobile.com/shopee/modules-federation/live/0/shopee__item-card-standard-v2/0.2.8/pc/5dd7b4560d0e2d3190e8.svg,,Jakarta Barat,,,"Samsung Galaxy A35 8/128GB 8/256GB 5G Navy Blue Lilac
Rp
4.089.000
4.7
238 Terjual
4-7 Hari
Jakarta Barat",https://shopee.co.id/Samsung-Galaxy-A35-8-128GB-8-256GB-5G-Navy-Blue-Lilac-i.1336665569.28116830687?extraParams=%7B%22display_model_id%22%3A205534346747%2C%22model_selection_logic%22%3A3%7D&sp_atk=01abafab-2772-4d37-b819-7838bf19debb&xptdk=01abafab-2772-4d37-b819-7838bf19debb,,,
https://down-id.img.susercontent.com/file/sg-11134201-82627-mlycp4qvsmj3f0,https://down-id.img.susercontent.com/file/id-11134258-7r98w-lyezzaurybot13,Samsung Galaxy S26 12/512GB - Black | Hp AI | Photo Assist | 4300 mAh,https://deo.shopeemobile.com/shopee/modules-federation/live/0/shopee__item-card-standard-v2/0.2.8/pc/7c9110f78e069acbced7.png,Rp,14.999.000,-23%,https://deo.shopeemobile.com/shopee/modules-federation/live/0/shopee__item-card-standard-v2/0.2.8/pc/76dff349290d20891fc1.svg,https://deo.shopeemobile.com/shopee/modules-federation/live/0/shopee__item-card-standard-v2/0.2.8/pc/d2a1900a0267d45fd0f5.png,,https://deo.shopeemobile.com/shopee/modules-federation/live/0/shopee__item-card-standard-v2/0.2.8/pc/d7099d3fd1dfdaf705ab.svg,4.9,199 Terjual,https://deo.shopeemobile.com/shopee/modules-federation/live/0/shopee__item-card-standard-v2/0.2.8/pc/5dd7b4560d0e2d3190e8.svg,,Jakarta Utara,,,"Samsung Galaxy S26 12/512GB - Black | Hp AI | Photo Assist | 4300 mAh
Rp
14.999.000
-23%
4.9
199 Terjual
2-3 Hari
Jakarta Utara",https://shopee.co.id/Samsung-Galaxy-S26-12-512GB-Black-Hp-AI-Photo-Assist-4300-mAh-i.52635036.27494235077?extraParams=%7B%22display_model_id%22%3A325555863390%2C%22model_selection_logic%22%3A3%7D&sp_atk=f94d0a4e-50e7-4d75-afab-20f33ec7c93c&xptdk=f94d0a4e-50e7-4d75-afab-20f33ec7c93c,,,
https://down-id.img.susercontent.com/file/id-11134207-822wi-mminv40igg7c3c,https://down-id.img.susercontent.com/file/id-11134258-8224v-mkvw0cu9r7k1a5,Samsung Galaxy A57 5G 8/128GB 8/256 12/256 - Exynos 1680 Hp AI | IP68,https://deo.shopeemobile.com/shopee/modules-federation/live/0/shopee__item-card-standard-v2/0.2.8/pc/7c9110f78e069acbced7.png,Rp,7.199.000,-1%,https://deo.shopeemobile.com/shopee/modules-federation/live/0/shopee__item-card-standard-v2/0.2.8/pc/76dff349290d20891fc1.svg,https://deo.shopeemobile.com/shopee/modules-federation/live/0/shopee__item-card-standard-v2/0.2.8/pc/d2a1900a0267d45fd0f5.png,,https://deo.shopeemobile.com/shopee/modules-federation/live/0/shopee__item-card-standard-v2/0.2.8/pc/d7099d3fd1dfdaf705ab.svg,5.0,5 Terjual,,https://deo.shopeemobile.com/shopee/modules-federation/live/0/shopee__item-card-standard-v2/0.2.8/pc/b4d1b8a78b3621dbdf4a.svg,,,,"Samsung Galaxy A57 5G 8/128GB 8/256 12/256 - Exynos 1680 Hp AI | IP68
Rp
7.199.000
-1%
5.0
5 Terjual
3 Hari",https://shopee.co.id/Samsung-Galaxy-A57-5G-8-128GB-8-256-12-256-Exynos-1680-Hp-AI-IP68-i.1102849498.40529685463?extraParams=%7B%22display_model_id%22%3A267498579248%2C%22model_selection_logic%22%3A3%7D&sp_atk=df68bcc8-37d8-4579-890e-84bd72f1149d&xptdk=df68bcc8-37d8-4579-890e-84bd72f1149d,,,
https://down-id.img.susercontent.com/file/id-11134207-7rbk9-m6ettybq8rc175,https://down-id.img.susercontent.com/file/id-11134258-8224v-mkvw0cu9r7k1a5,Samsung Galaxy S25 Ultra 5G 12/256GB Garansi Resmi SEIN,https://deo.shopeemobile.com/shopee/modules-federation/live/0/shopee__item-card-standard-v2/0.2.8/pc/7c9110f78e069acbced7.png,Rp,22.999.000,,https://deo.shopeemobile.com/shopee/modules-federation/live/0/shopee__item-card-standard-v2/0.2.8/pc/38e203dc86172a6c6560.svg,,,https://deo.shopeemobile.com/shopee/modules-federation/live/0/shopee__item-card-standard-v2/0.2.8/pc/d7099d3fd1dfdaf705ab.svg,5.0,33 Terjual,https://deo.shopeemobile.com/shopee/modules-federation/live/0/shopee__item-card-standard-v2/0.2.8/pc/5dd7b4560d0e2d3190e8.svg,,Surabaya,https://deo.shopeemobile.com/shopee/modules-federation/live/0/shopee__item-card-standard-v2/0.2.8/pc/0614b8f0a8fdde22942d.svg,2 jam,"Samsung Galaxy S25 Ultra 5G 12/256GB Garansi Resmi SEIN
Rp
22.999.000
5.0
33 Terjual
2 jam
Surabaya",https://shopee.co.id/Samsung-Galaxy-S25-Ultra-5G-12-256GB-Garansi-Resmi-SEIN-i.143199398.28676628820?extraParams=%7B%22display_model_id%22%3A237389634020%2C%22model_selection_logic%22%3A3%7D&sp_atk=e5da96db-0684-4fb9-ac53-1bfd1ff9d71f&xptdk=e5da96db-0684-4fb9-ac53-1bfd1ff9d71f,,,
https://down-id.img.susercontent.com/file/id-11134207-8224t-mifweyciek9224,https://down-id.img.susercontent.com/file/id-11134258-8224v-mkvw0cu9r7k1a5,Samsung Galaxy A56 5G 12/256GB AMOLED 120Hz,,Rp,5.394.000,-1%,https://deo.shopeemobile.com/shopee/modules-federation/live/0/shopee__item-card-standard-v2/0.2.8/pc/76dff349290d20891fc1.svg,https://deo.shopeemobile.com/shopee/modules-federation/live/0/shopee__item-card-standard-v2/0.2.8/pc/d2a1900a0267d45fd0f5.png,,https://deo.shopeemobile.com/shopee/modules-federation/live/0/shopee__item-card-standard-v2/0.2.8/pc/d7099d3fd1dfdaf705ab.svg,4.9,275 Terjual,https://deo.shopeemobile.com/shopee/modules-federation/live/0/shopee__item-card-standard-v2/0.2.8/pc/5dd7b4560d0e2d3190e8.svg,https://deo.shopeemobile.com/shopee/modules-federation/live/0/shopee__item-card-standard-v2/0.2.8/pc/b4d1b8a78b3621dbdf4a.svg,Surabaya,,,"Samsung Galaxy A56 5G 12/256GB AMOLED 120Hz
Rp
5.394.000
-1%
4.9
275 Terjual
3 Hari
Surabaya",https://shopee.co.id/Samsung-Galaxy-A56-5G-12-256GB-AMOLED-120Hz-i.243507975.27162182435?extraParams=%7B%22display_model_id%22%3A440321242669%2C%22model_selection_logic%22%3A3%7D&sp_atk=db2d81c6-c8f2-4585-9379-edfb095d3e0a&xptdk=db2d81c6-c8f2-4585-9379-edfb095d3e0a,,,
https://down-id.img.susercontent.com/file/id-11134207-7rbkb-mab06dknbtn13a,https://down-id.img.susercontent.com/file/id-11134258-822wr-mlx67rtd6r602f,Samsung A26 5G 8 256 nfc Ram 8gb 256gb new garansi resmi,https://deo.shopeemobile.com/shopee/modules-federation/live/0/shopee__item-card-standard-v2/0.2.8/pc/a425c915798471b33e5d.png,Rp,3.590.000,,https://deo.shopeemobile.com/shopee/modules-federation/live/0/shopee__item-card-standard-v2/0.2.8/pc/76dff349290d20891fc1.svg,,,https://deo.shopeemobile.com/shopee/modules-federation/live/0/shopee__item-card-standard-v2/0.2.8/pc/d7099d3fd1dfdaf705ab.svg,4.9,140 Terjual,https://deo.shopeemobile.com/shopee/modules-federation/live/0/shopee__item-card-standard-v2/0.2.8/pc/5dd7b4560d0e2d3190e8.svg,,Depok,,,"Samsung A26 5G 8 256 nfc Ram 8gb 256gb new garansi resmi
Rp
3.590.000
4.9
140 Terjual
3 Hari
Depok",https://shopee.co.id/Samsung-A26-5G-8-256-nfc-Ram-8gb-256gb-new-garansi-resmi-i.46409694.43002415512?extraParams=%7B%22display_model_id%22%3A445111488796%2C%22model_selection_logic%22%3A3%7D&sp_atk=d84e7681-19b2-40f0-98f4-9559e0356f56&xptdk=d84e7681-19b2-40f0-98f4-9559e0356f56,,,
https://down-id.img.susercontent.com/file/id-11134207-7r98y-lluh1vt3y7wu70,https://down-id.img.susercontent.com/file/id-11134258-8224v-mkvw0cu9r7k1a5,Samsung S23 Ultra 12/256GB/512GB Garansi Resmi,https://deo.shopeemobile.com/shopee/modules-federation/live/0/shopee__item-card-standard-v2/0.2.8/pc/a425c915798471b33e5d.png,Rp,11.999.000,-37%,https://deo.shopeemobile.com/shopee/modules-federation/live/0/shopee__item-card-standard-v2/0.2.8/pc/76dff349290d20891fc1.svg,,,https://deo.shopeemobile.com/shopee/modules-federation/live/0/shopee__item-card-standard-v2/0.2.8/pc/d7099d3fd1dfdaf705ab.svg,5.0,42 Terjual,https://deo.shopeemobile.com/shopee/modules-federation/live/0/shopee__item-card-standard-v2/0.2.8/pc/5dd7b4560d0e2d3190e8.svg,,Jakarta Pusat,,,"Samsung S23 Ultra 12/256GB/512GB Garansi Resmi
Rp
11.999.000
-37%
5.0
42 Terjual
2-3 Hari
Jakarta Pusat",https://shopee.co.id/Samsung-S23-Ultra-12-256GB-512GB-Garansi-Resmi-i.1285422.23680717631?extraParams=%7B%22display_model_id%22%3A225646891397%2C%22model_selection_logic%22%3A3%7D&sp_atk=3621bd9e-6f16-4af1-b5e6-090c0ddfb2dc&xptdk=3621bd9e-6f16-4af1-b5e6-090c0ddfb2dc,,,
https://down-id.img.susercontent.com/file/sg-11134201-7rdwh-mdod1uxi67uy6d,https://down-id.img.susercontent.com/file/id-11134258-8224v-mkvw0cu9r7k1a5,Samsung Galaxy A07 - Garansi Resmi,https://deo.shopeemobile.com/shopee/modules-federation/live/0/shopee__item-card-standard-v2/0.2.8/pc/a425c915798471b33e5d.png,Rp,1.799.000,,https://deo.shopeemobile.com/shopee/modules-federation/live/0/shopee__item-card-standard-v2/0.2.8/pc/76dff349290d20891fc1.svg,,Kombo Hemat,https://deo.shopeemobile.com/shopee/modules-federation/live/0/shopee__item-card-standard-v2/0.2.8/pc/d7099d3fd1dfdaf705ab.svg,5.0,1RB+ Terjual,https://deo.shopeemobile.com/shopee/modules-federation/live/0/shopee__item-card-standard-v2/0.2.8/pc/5dd7b4560d0e2d3190e8.svg,,Banjarmasin,,,"Samsung Galaxy A07 - Garansi Resmi
Rp
1.799.000
Kombo Hemat
5.0
1RB+ Terjual
3-5 Hari
Banjarmasin",https://shopee.co.id/Samsung-Galaxy-A07-Garansi-Resmi-i.53222836.29940255858?extraParams=%7B%22display_model_id%22%3A253774316459%2C%22model_selection_logic%22%3A3%7D&sp_atk=ba7b651d-109d-4298-875b-a7be1080c139&xptdk=ba7b651d-109d-4298-875b-a7be1080c139,3-5 Hari,,
https://down-id.img.susercontent.com/file/id-11134207-7rbkb-mab06dknbtn13a,https://down-id.img.susercontent.com/file/id-11134258-822wr-mlx67rtd6r602f,Samsung A26 5G 8 256 nfc Ram 8gb 256gb new garansi resmi,https://deo.shopeemobile.com/shopee/modules-federation/live/0/shopee__item-card-standard-v2/0.2.8/pc/a425c915798471b33e5d.png,Rp,3.590.000,,https://deo.shopeemobile.com/shopee/modules-federation/live/0/shopee__item-card-standard-v2/0.2.8/pc/76dff349290d20891fc1.svg,,,https://deo.shopeemobile.com/shopee/modules-federation/live/0/shopee__item-card-standard-v2/0.2.8/pc/d7099d3fd1dfdaf705ab.svg,4.9,140 Terjual,https://deo.shopeemobile.com/shopee/modules-federation/live/0/shopee__item-card-standard-v2/0.2.8/pc/5dd7b4560d0e2d3190e8.svg,,Depok,,,"Samsung A26 5G 8 256 nfc Ram 8gb 256gb new garansi resmi
Rp
3.590.000
4.9
140 Terjual
3 Hari
Depok",https://shopee.co.id/Samsung-A26-5G-8-256-nfc-Ram-8gb-256gb-new-garansi-resmi-i.46409694.43002415512?extraParams=%7B%22display_model_id%22%3A445111488796%2C%22model_selection_logic%22%3A3%7D&sp_atk=7f1485c1-1eb3-4992-9b23-1b0d1828fd8e&xptdk=7f1485c1-1eb3-4992-9b23-1b0d1828fd8e,3 Hari,,
https://down-id.img.susercontent.com/file/id-11134207-7rbk9-m6ettybq8rc175,https://down-id.img.susercontent.com/file/id-11134258-8224v-mkvw0cu9r7k1a5,Samsung Galaxy S25 Ultra 5G 12/256GB Garansi Resmi SEIN,https://deo.shopeemobile.com/shopee/modules-federation/live/0/shopee__item-card-standard-v2/0.2.8/pc/7c9110f78e069acbced7.png,Rp,22.999.000,,https://deo.shopeemobile.com/shopee/modules-federation/live/0/shopee__item-card-standard-v2/0.2.8/pc/38e203dc86172a6c6560.svg,,,https://deo.shopeemobile.com/shopee/modules-federation/live/0/shopee__item-card-standard-v2/0.2.8/pc/d7099d3fd1dfdaf705ab.svg,5.0,33 Terjual,https://deo.shopeemobile.com/shopee/modules-federation/live/0/shopee__item-card-standard-v2/0.2.8/pc/5dd7b4560d0e2d3190e8.svg,,Surabaya,https://deo.shopeemobile.com/shopee/modules-federation/live/0/shopee__item-card-standard-v2/0.2.8/pc/0614b8f0a8fdde22942d.svg,2 jam,"Samsung Galaxy S25 Ultra 5G 12/256GB Garansi Resmi SEIN
Rp
22.999.000
5.0
33 Terjual
2 jam
Surabaya",https://shopee.co.id/Samsung-Galaxy-S25-Ultra-5G-12-256GB-Garansi-Resmi-SEIN-i.143199398.28676628820?extraParams=%7B%22display_model_id%22%3A237389634020%2C%22model_selection_logic%22%3A3%7D&sp_atk=e5e4c23b-127d-4a33-a515-4a74fd397f38&xptdk=e5e4c23b-127d-4a33-a515-4a74fd397f38,,,
https://down-id.img.susercontent.com/file/sg-11134201-8260v-mmbg00iohds3d8,https://down-id.img.susercontent.com/file/id-11134258-7r98w-lyezzaurybot13,Samsung Galaxy A56 5G 8/256GB - Awesome Olive,https://deo.shopeemobile.com/shopee/modules-federation/live/0/shopee__item-card-standard-v2/0.2.8/pc/7c9110f78e069acbced7.png,Rp,5.999.000,-13%,https://deo.shopeemobile.com/shopee/modules-federation/live/0/shopee__item-card-standard-v2/0.2.8/pc/76dff349290d20891fc1.svg,https://deo.shopeemobile.com/shopee/modules-federation/live/0/shopee__item-card-standard-v2/0.2.8/pc/d2a1900a0267d45fd0f5.png,,https://deo.shopeemobile.com/shopee/modules-federation/live/0/shopee__item-card-standard-v2/0.2.8/pc/d7099d3fd1dfdaf705ab.svg,4.9,3RB+ Terjual,https://deo.shopeemobile.com/shopee/modules-federation/live/0/shopee__item-card-standard-v2/0.2.8/pc/5dd7b4560d0e2d3190e8.svg,,Jakarta Utara,,,"Samsung Galaxy A56 5G 8/256GB - Awesome Olive
Rp
5.999.000
-13%
4.9
3RB+ Terjual
2-3 Hari
Jakarta Utara",https://shopee.co.id/Samsung-Galaxy-A56-5G-8-256GB-Awesome-Olive-i.52635036.27977747344?extraParams=%7B%22display_model_id%22%3A223862008257%2C%22model_selection_logic%22%3A3%7D&sp_atk=01045066-0050-427b-b58f-40be5969fd17&xptdk=01045066-0050-427b-b58f-40be5969fd17,2-3 Hari,,
https://down-id.img.susercontent.com/file/id-11134207-7r98r-lthq5tz86armce,https://down-id.img.susercontent.com/file/id-11134258-8224v-mkvw0cu9r7k1a5,Samsung Galaxy A35 5G 8/128 & 8/256 ( FREE TEMPER & SILIKON )garansi resmi Sein,https://deo.shopeemobile.com/shopee/modules-federation/live/0/shopee__item-card-standard-v2/0.2.8/pc/a425c915798471b33e5d.png,Rp,4.999.000,,https://deo.shopeemobile.com/shopee/modules-federation/live/0/shopee__item-card-standard-v2/0.2.8/pc/38e203dc86172a6c6560.svg,https://deo.shopeemobile.com/shopee/modules-federation/live/0/shopee__item-card-standard-v2/0.2.8/pc/d2a1900a0267d45fd0f5.png,Cicilan,https://deo.shopeemobile.com/shopee/modules-federation/live/0/shopee__item-card-standard-v2/0.2.8/pc/d7099d3fd1dfdaf705ab.svg,4.8,558 Terjual,https://deo.shopeemobile.com/shopee/modules-federation/live/0/shopee__item-card-standard-v2/0.2.8/pc/5dd7b4560d0e2d3190e8.svg,,Surabaya,https://deo.shopeemobile.com/shopee/modules-federation/live/0/shopee__item-card-standard-v2/0.2.8/pc/0614b8f0a8fdde22942d.svg,< 2 Hari,"Samsung Galaxy A35 5G 8/128 & 8/256 ( FREE TEMPER & SILIKON )garansi resmi Sein
Rp
4.999.000
Cicilan
4.8
558 Terjual
< 2 Hari
Surabaya",https://shopee.co.id/Samsung-Galaxy-A35-5G-8-128-8-256-(-FREE-TEMPER-SILIKON-)garansi-resmi-Sein-i.134819232.7672970973?extraParams=%7B%22display_model_id%22%3A205000851298%2C%22model_selection_logic%22%3A3%7D&sp_atk=0658d5fc-787d-4799-b384-305792bb2023&xptdk=0658d5fc-787d-4799-b384-305792bb2023,,,
https://down-id.img.susercontent.com/file/id-11134207-82250-ml3qy93g5jwma1,https://down-id.img.susercontent.com/file/id-11134258-8224v-mkvw0cu9r7k1a5,SAMSUNG GALAXY A56 12/256 FREE ADAPTOR DAN SILICONE GARANSI RESMI SAMSUNG,https://deo.shopeemobile.com/shopee/modules-federation/live/0/shopee__item-card-standard-v2/0.2.8/pc/a425c915798471b33e5d.png,Rp,5.100.000,-35%,https://deo.shopeemobile.com/shopee/modules-federation/live/0/shopee__item-card-standard-v2/0.2.8/pc/38e203dc86172a6c6560.svg,https://deo.shopeemobile.com/shopee/modules-federation/live/0/shopee__item-card-standard-v2/0.2.8/pc/d2a1900a0267d45fd0f5.png,,https://deo.shopeemobile.com/shopee/modules-federation/live/0/shopee__item-card-standard-v2/0.2.8/pc/d7099d3fd1dfdaf705ab.svg,4.9,313 Terjual,https://deo.shopeemobile.com/shopee/modules-federation/live/0/shopee__item-card-standard-v2/0.2.8/pc/5dd7b4560d0e2d3190e8.svg,,Surabaya,https://deo.shopeemobile.com/shopee/modules-federation/live/0/shopee__item-card-standard-v2/0.2.8/pc/0614b8f0a8fdde22942d.svg,< 2 Hari,"SAMSUNG GALAXY A56 12/256 FREE ADAPTOR DAN SILICONE GARANSI RESMI SAMSUNG
Rp
5.100.000
-35%
4.9
313 Terjual
< 2 Hari
Surabaya",https://shopee.co.id/SAMSUNG-GALAXY-A56-12-256-FREE-ADAPTOR-DAN-SILICONE-GARANSI-RESMI-SAMSUNG-i.730765353.42402900908?extraParams=%7B%22display_model_id%22%3A270707444715%2C%22model_selection_logic%22%3A3%7D&sp_atk=74a075b1-d101-42a7-ba64-55cb49591740&xptdk=74a075b1-d101-42a7-ba64-55cb49591740,,,
https://down-id.img.susercontent.com/file/id-11134207-822wl-mmfmegu2fhfzba,https://down-id.img.susercontent.com/file/id-11134258-8224v-mkvw0cu9r7k1a5,Samsung Galaxy A37 5G RAM 8/128 & 8/256GB Garansi Resmi New IP68,https://deo.shopeemobile.com/shopee/modules-federation/live/0/shopee__item-card-standard-v2/0.2.8/pc/e4734dab67ee2f9ebd5a.png,Rp,5.644.000,-1%,https://deo.shopeemobile.com/shopee/modules-federation/live/0/shopee__item-card-standard-v2/0.2.8/pc/76dff349290d20891fc1.svg,,,https://deo.shopeemobile.com/shopee/modules-federation/live/0/shopee__item-card-standard-v2/0.2.8/pc/d7099d3fd1dfdaf705ab.svg,5.0,2 Terjual,https://deo.shopeemobile.com/shopee/modules-federation/live/0/shopee__item-card-standard-v2/0.2.8/pc/5dd7b4560d0e2d3190e8.svg,https://deo.shopeemobile.com/shopee/modules-federation/live/0/shopee__item-card-standard-v2/0.2.8/pc/b4d1b8a78b3621dbdf4a.svg,Medan,,,"Samsung Galaxy A37 5G RAM 8/128 & 8/256GB Garansi Resmi New IP68
Rp
5.644.000
-1%
5.0
2 Terjual
3 Hari
Medan",https://shopee.co.id/Samsung-Galaxy-A37-5G-RAM-8-128-8-256GB-Garansi-Resmi-New-IP68-i.1098981339.57457943761?extraParams=%7B%22display_model_id%22%3A430746041299%2C%22model_selection_logic%22%3A3%7D&sp_atk=d65dfa43-04b0-4482-b47c-5418c86a500f&xptdk=d65dfa43-04b0-4482-b47c-5418c86a500f,3 Hari,,
https://down-id.img.susercontent.com/file/id-11134207-7r98s-m0bpw030gyx8ab,https://down-id.img.susercontent.com/file/id-11134258-8224v-mkvw0cu9r7k1a5,"HP Samsung Galaxy A06 4/128GB,A06 4/64GB (RESMI SAMSUNG 1 TAHUN)",,Rp,2.200.000,,https://deo.shopeemobile.com/shopee/modules-federation/live/0/shopee__item-card-standard-v2/0.2.8/pc/38e203dc86172a6c6560.svg,,,https://deo.shopeemobile.com/shopee/modules-federation/live/0/shopee__item-card-standard-v2/0.2.8/pc/d7099d3fd1dfdaf705ab.svg,5.0,27 Terjual,https://deo.shopeemobile.com/shopee/modules-federation/live/0/shopee__item-card-standard-v2/0.2.8/pc/5dd7b4560d0e2d3190e8.svg,,Surabaya,https://deo.shopeemobile.com/shopee/modules-federation/live/0/shopee__item-card-standard-v2/0.2.8/pc/0614b8f0a8fdde22942d.svg,2 jam,"HP Samsung Galaxy A06 4/128GB,A06 4/64GB (RESMI SAMSUNG 1 TAHUN)
Rp
2.200.000
5.0
27 Terjual
2 jam
Surabaya",https://shopee.co.id/HP-Samsung-Galaxy-A06-4-128GB-A06-4-64GB-(RESMI-SAMSUNG-1-TAHUN)-i.786195906.18853556545?extraParams=%7B%22display_model_id%22%3A129072153351%2C%22model_selection_logic%22%3A3%7D&sp_atk=abd604a9-0e6e-4e5b-826d-0ab5fbdb3e5d&xptdk=abd604a9-0e6e-4e5b-826d-0ab5fbdb3e5d,,,
https://down-id.img.susercontent.com/file/id-11134207-81zti-meb0duyxzmyp2a,https://down-id.img.susercontent.com/file/id-11134258-7r98w-lyezzaurybot13,hp samsung A07 [4 64gb] A06  [4gb 64gb 128gb] dan a04 [4gb 64gb]  garansi resmi samsung sein,https://deo.shopeemobile.com/shopee/modules-federation/live/0/shopee__item-card-standard-v2/0.2.8/pc/e4734dab67ee2f9ebd5a.png,Rp,1.675.000,,https://deo.shopeemobile.com/shopee/modules-federation/live/0/shopee__item-card-standard-v2/0.2.8/pc/38e203dc86172a6c6560.svg,https://deo.shopeemobile.com/shopee/modules-federation/live/0/shopee__item-card-standard-v2/0.2.8/pc/d2a1900a0267d45fd0f5.png,,https://deo.shopeemobile.com/shopee/modules-federation/live/0/shopee__item-card-standard-v2/0.2.8/pc/d7099d3fd1dfdaf705ab.svg,4.9,1RB+ Terjual,https://deo.shopeemobile.com/shopee/modules-federation/live/0/shopee__item-card-standard-v2/0.2.8/pc/5dd7b4560d0e2d3190e8.svg,,Kab. Bojonegoro,https://deo.shopeemobile.com/shopee/modules-federation/live/0/shopee__item-card-standard-v2/0.2.8/pc/0614b8f0a8fdde22942d.svg,< 2 Hari,"hp samsung A07 [4 64gb] A06 [4gb 64gb 128gb] dan a04 [4gb 64gb] garansi resmi samsung sein
Rp
1.675.000
4.9
1RB+ Terjual
< 2 Hari
Kab. Bojonegoro",https://shopee.co.id/hp-samsung-A07-4-64gb-A06-4gb-64gb-128gb-dan-a04-4gb-64gb-garansi-resmi-samsung-sein-i.486498526.11276338843?extraParams=%7B%22display_model_id%22%3A201200638996%2C%22model_selection_logic%22%3A3%7D&sp_atk=bca73cc3-ba06-4596-a852-22d377a9edee&xptdk=bca73cc3-ba06-4596-a852-22d377a9edee,,,
https://down-id.img.susercontent.com/file/id-11134207-81ztg-mejne66mvkli9d,https://down-id.img.susercontent.com/file/id-11134258-8224v-mkvw0cu9r7k1a5,Samsung Galaxy S20 FE Snapdragon 8/256GB Original Resmi SEIN Termurah,https://deo.shopeemobile.com/shopee/modules-federation/live/0/shopee__item-card-standard-v2/0.2.8/pc/e4734dab67ee2f9ebd5a.png,Rp,2.499.999,,https://deo.shopeemobile.com/shopee/modules-federation/live/0/shopee__item-card-standard-v2/0.2.8/pc/76dff349290d20891fc1.svg,https://deo.shopeemobile.com/shopee/modules-federation/live/0/shopee__item-card-standard-v2/0.2.8/pc/d2a1900a0267d45fd0f5.png,,https://deo.shopeemobile.com/shopee/modules-federation/live/0/shopee__item-card-standard-v2/0.2.8/pc/d7099d3fd1dfdaf705ab.svg,5.0,34 Terjual,https://deo.shopeemobile.com/shopee/modules-federation/live/0/shopee__item-card-standard-v2/0.2.8/pc/5dd7b4560d0e2d3190e8.svg,,Bandung,,,"Samsung Galaxy S20 FE Snapdragon 8/256GB Original Resmi SEIN Termurah
Rp
2.499.999
5.0
34 Terjual
3-5 Hari
Bandung",https://shopee.co.id/Samsung-Galaxy-S20-FE-Snapdragon-8-256GB-Original-Resmi-SEIN-Termurah-i.1418109676.27175053647?extraParams=%7B%22display_model_id%22%3A234255581565%2C%22model_selection_logic%22%3A3%7D&sp_atk=fdee6b2a-64eb-4506-bf12-a40f111aa37a&xptdk=fdee6b2a-64eb-4506-bf12-a40f111aa37a,3-5 Hari,,
https://down-id.img.susercontent.com/file/id-11134207-7qul5-lf0tqmp3sexsc9,https://down-id.img.susercontent.com/file/id-11134258-822wr-mlx67rtd6r602f,Samsung Galaxy S23 Ultra 5G Ram 12/1TB ram 12/512GB ram 12/256Gb s23ultra Garansi Resmi,https://deo.shopeemobile.com/shopee/modules-federation/live/0/shopee__item-card-standard-v2/0.2.8/pc/7c9110f78e069acbced7.png,Rp,12.608.000,,https://deo.shopeemobile.com/shopee/modules-federation/live/0/shopee__item-card-standard-v2/0.2.8/pc/76dff349290d20891fc1.svg,https://deo.shopeemobile.com/shopee/modules-federation/live/0/shopee__item-card-standard-v2/0.2.8/pc/d2a1900a0267d45fd0f5.png,,https://deo.shopeemobile.com/shopee/modules-federation/live/0/shopee__item-card-standard-v2/0.2.8/pc/d7099d3fd1dfdaf705ab.svg,5.0,52 Terjual,https://deo.shopeemobile.com/shopee/modules-federation/live/0/shopee__item-card-standard-v2/0.2.8/pc/5dd7b4560d0e2d3190e8.svg,,Tangerang,,,"Samsung Galaxy S23 Ultra 5G Ram 12/1TB ram 12/512GB ram 12/256Gb s23ultra Garansi Resmi
Rp
12.608.000
5.0
52 Terjual
2-3 Hari
Tangerang",https://shopee.co.id/Samsung-Galaxy-S23-Ultra-5G-Ram-12-1TB-ram-12-512GB-ram-12-256Gb-s23ultra-Garansi-Resmi-i.103801415.19077517360?extraParams=%7B%22display_model_id%22%3A286666901573%2C%22model_selection_logic%22%3A3%7D&sp_atk=1247390f-8b59-407a-bd53-284c511200f7&xptdk=1247390f-8b59-407a-bd53-284c511200f7,2-3 Hari,,
https://down-id.img.susercontent.com/file/id-11134207-81ztq-meceeebfzbib9d,https://down-id.img.susercontent.com/file/id-11134258-8224v-mkvw0cu9r7k1a5,Samsung Galaxy A07 4G (4/64 4/128 6/128 8/256 ) A07 Garansi Resmi Sein New,https://deo.shopeemobile.com/shopee/modules-federation/live/0/shopee__item-card-standard-v2/0.2.8/pc/7c9110f78e069acbced7.png,Rp,1.580.000,,https://deo.shopeemobile.com/shopee/modules-federation/live/0/shopee__item-card-standard-v2/0.2.8/pc/76dff349290d20891fc1.svg,,,https://deo.shopeemobile.com/shopee/modules-federation/live/0/shopee__item-card-standard-v2/0.2.8/pc/d7099d3fd1dfdaf705ab.svg,4.9,7RB+ Terjual,https://deo.shopeemobile.com/shopee/modules-federation/live/0/shopee__item-card-standard-v2/0.2.8/pc/5dd7b4560d0e2d3190e8.svg,,Jakarta Selatan,,,"Samsung Galaxy A07 4G (4/64 4/128 6/128 8/256 ) A07 Garansi Resmi Sein New
Rp
1.580.000
4.9
7RB+ Terjual
3-6 Hari
Jakarta Selatan",https://shopee.co.id/Samsung-Galaxy-A07-4G-(4-64-4-128-6-128-8-256-)-A07-Garansi-Resmi-Sein-New-i.29114753.20762790994?extraParams=%7B%22display_model_id%22%3A400570724622%2C%22model_selection_logic%22%3A3%7D&sp_atk=3fdcdf20-19d6-4c90-b1fd-f873db2f31e7&xptdk=3fdcdf20-19d6-4c90-b1fd-f873db2f31e7,3-6 Hari,,
https://down-id.img.susercontent.com/file/id-11134207-7r98x-lzwaaplz22w8f6,https://down-id.img.susercontent.com/file/id-11134258-8224v-mkvw0cu9r7k1a5,SAMSUNG GALAXY A55 5G 12/256 | 8/256 | 8/128 Garansi Resmi SAMSUNG INDONESIA Termurah,https://deo.shopeemobile.com/shopee/modules-federation/live/0/shopee__item-card-standard-v2/0.2.8/pc/a425c915798471b33e5d.png,Rp,5.353.000,-11%,https://deo.shopeemobile.com/shopee/modules-federation/live/0/shopee__item-card-standard-v2/0.2.8/pc/76dff349290d20891fc1.svg,,,https://deo.shopeemobile.com/shopee/modules-federation/live/0/shopee__item-card-standard-v2/0.2.8/pc/d7099d3fd1dfdaf705ab.svg,4.8,793 Terjual,https://deo.shopeemobile.com/shopee/modules-federation/live/0/shopee__item-card-standard-v2/0.2.8/pc/5dd7b4560d0e2d3190e8.svg,,Surabaya,,,"SAMSUNG GALAXY A55 5G 12/256 | 8/256 | 8/128 Garansi Resmi SAMSUNG INDONESIA Termurah
Rp
5.353.000
-11%
4.8
793 Terjual
2-3 Hari
Surabaya",https://shopee.co.id/SAMSUNG-GALAXY-A55-5G-12-256-8-256-8-128-Garansi-Resmi-SAMSUNG-INDONESIA-Termurah-i.295861257.25321040652?extraParams=%7B%22display_model_id%22%3A88894216376%2C%22model_selection_logic%22%3A3%7D&sp_atk=3561da90-88bf-4b21-aba1-5740cb25f1e9&xptdk=3561da90-88bf-4b21-aba1-5740cb25f1e9,2-3 Hari,,
https://down-id.img.susercontent.com/file/id-11134207-82250-mk3hfsaefuv8bb,https://down-id.img.susercontent.com/file/id-11134258-8224v-mkvw0cu9r7k1a5,Samsung A07 4/128 8/256 New Garansi Resmi,https://deo.shopeemobile.com/shopee/modules-federation/live/0/shopee__item-card-standard-v2/0.2.8/pc/e4734dab67ee2f9ebd5a.png,Rp,2.294.000,,https://deo.shopeemobile.com/shopee/modules-federation/live/0/shopee__item-card-standard-v2/0.2.8/pc/38e203dc86172a6c6560.svg,https://deo.shopeemobile.com/shopee/modules-federation/live/0/shopee__item-card-standard-v2/0.2.8/pc/d2a1900a0267d45fd0f5.png,,https://deo.shopeemobile.com/shopee/modules-federation/live/0/shopee__item-card-standard-v2/0.2.8/pc/d7099d3fd1dfdaf705ab.svg,5.0,9 Terjual,https://deo.shopeemobile.com/shopee/modules-federation/live/0/shopee__item-card-standard-v2/0.2.8/pc/5dd7b4560d0e2d3190e8.svg,,Kab. Sidoarjo,https://deo.shopeemobile.com/shopee/modules-federation/live/0/shopee__item-card-standard-v2/0.2.8/pc/0614b8f0a8fdde22942d.svg,2 jam,"Samsung A07 4/128 8/256 New Garansi Resmi
Rp
2.294.000
5.0
9 Terjual
2 jam
Kab. Sidoarjo",https://shopee.co.id/Samsung-A07-4-128-8-256-New-Garansi-Resmi-i.1248150473.29754223092?extraParams=%7B%22display_model_id%22%3A320265121809%2C%22model_selection_logic%22%3A3%7D&sp_atk=4b147eec-f0ee-4960-be92-a8cc5546850b&xptdk=4b147eec-f0ee-4960-be92-a8cc5546850b,,,
https://down-id.img.susercontent.com/file/id-11134207-8224y-mj819qbb7aiq03,https://down-id.img.susercontent.com/file/id-11134258-8224v-mkvw0cu9r7k1a5,Samsung A26 5G 8/256GB | HP Samsung Original Resmi Indonesia,https://deo.shopeemobile.com/shopee/modules-federation/live/0/shopee__item-card-standard-v2/0.2.8/pc/e4734dab67ee2f9ebd5a.png,Rp,4.088.000,-35%,https://deo.shopeemobile.com/shopee/modules-federation/live/0/shopee__item-card-standard-v2/0.2.8/pc/76dff349290d20891fc1.svg,,,https://deo.shopeemobile.com/shopee/modules-federation/live/0/shopee__item-card-standard-v2/0.2.8/pc/d7099d3fd1dfdaf705ab.svg,4.9,268 Terjual,https://deo.shopeemobile.com/shopee/modules-federation/live/0/shopee__item-card-standard-v2/0.2.8/pc/5dd7b4560d0e2d3190e8.svg,https://deo.shopeemobile.com/shopee/modules-federation/live/0/shopee__item-card-standard-v2/0.2.8/pc/b4d1b8a78b3621dbdf4a.svg,Jakarta Pusat,,,"Samsung A26 5G 8/256GB | HP Samsung Original Resmi Indonesia
Rp
4.088.000
-35%
4.9
268 Terjual
3 Hari
Jakarta Pusat",https://shopee.co.id/Samsung-A26-5G-8-256GB-HP-Samsung-Original-Resmi-Indonesia-i.102896867.8288464812?extraParams=%7B%22display_model_id%22%3A291774577278%2C%22model_selection_logic%22%3A3%7D&sp_atk=2406ad92-2390-43c8-8230-7494086a7fcf&xptdk=2406ad92-2390-43c8-8230-7494086a7fcf,3 Hari,,
https://down-id.img.susercontent.com/file/id-11134207-8224t-mhiyfqo9ex3a29,https://down-id.img.susercontent.com/file/id-11134258-8224v-mkvw0cu9r7k1a5,Samsung Galaxy S25 series S25 ULTRA S25 FE 12/512 12/256 8/512 8/256 8/128 Garansi Resmi SEIN,https://deo.shopeemobile.com/shopee/modules-federation/live/0/shopee__item-card-standard-v2/0.2.8/pc/e4734dab67ee2f9ebd5a.png,Rp,9.259.000,-64%,https://deo.shopeemobile.com/shopee/modules-federation/live/0/shopee__item-card-standard-v2/0.2.8/pc/76dff349290d20891fc1.svg,,,https://deo.shopeemobile.com/shopee/modules-federation/live/0/shopee__item-card-standard-v2/0.2.8/pc/d7099d3fd1dfdaf705ab.svg,4.9,298 Terjual,https://deo.shopeemobile.com/shopee/modules-federation/live/0/shopee__item-card-standard-v2/0.2.8/pc/5dd7b4560d0e2d3190e8.svg,,Jakarta Pusat,,,"Samsung Galaxy S25 series S25 ULTRA S25 FE 12/512 12/256 8/512 8/256 8/128 Garansi Resmi SEIN
Rp
9.259.000
-64%
4.9
298 Terjual
3 Hari
Jakarta Pusat",https://shopee.co.id/Samsung-Galaxy-S25-series-S25-ULTRA-S25-FE-12-512-12-256-8-512-8-256-8-128-Garansi-Resmi-SEIN-i.148846460.29272866628?extraParams=%7B%22display_model_id%22%3A310208819145%2C%22model_selection_logic%22%3A3%7D&sp_atk=459bd3c9-c9f9-4513-b902-065f9e95bfed&xptdk=459bd3c9-c9f9-4513-b902-065f9e95bfed,3 Hari,,
https://down-id.img.susercontent.com/file/id-11134207-81ztq-meb4kqy2skcm3a,https://down-id.img.susercontent.com/file/id-11134258-8224v-mkvw0cu9r7k1a5,"Samsung Galaxy A17 5G / 4G 8GB/256GB 8/128GB  Super AMOLED 6,7"" Exynos 1330",https://deo.shopeemobile.com/shopee/modules-federation/live/0/shopee__item-card-standard-v2/0.2.8/pc/7c9110f78e069acbced7.png,Rp,3.659.000,,https://deo.shopeemobile.com/shopee/modules-federation/live/0/shopee__item-card-standard-v2/0.2.8/pc/38e203dc86172a6c6560.svg,,,https://deo.shopeemobile.com/shopee/modules-federation/live/0/shopee__item-card-standard-v2/0.2.8/pc/d7099d3fd1dfdaf705ab.svg,4.6,33 Terjual,https://deo.shopeemobile.com/shopee/modules-federation/live/0/shopee__item-card-standard-v2/0.2.8/pc/5dd7b4560d0e2d3190e8.svg,,Malang,https://deo.shopeemobile.com/shopee/modules-federation/live/0/shopee__item-card-standard-v2/0.2.8/pc/0614b8f0a8fdde22942d.svg,< 2 Hari,"Samsung Galaxy A17 5G / 4G 8GB/256GB 8/128GB Super AMOLED 6,7"" Exynos 1330
Rp
3.659.000
4.6
33 Terjual
< 2 Hari
Malang",https://shopee.co.id/Samsung-Galaxy-A17-5G-4G-8GB-256GB-8-128GB-Super-AMOLED-6-7-Exynos-1330-i.26681244.26819925814?extraParams=%7B%22display_model_id%22%3A267019240636%2C%22model_selection_logic%22%3A3%7D&sp_atk=d39dd0e8-3f82-4def-be1a-631acb3b9d08&xptdk=d39dd0e8-3f82-4def-be1a-631acb3b9d08,,,
https://down-id.img.susercontent.com/file/id-11134207-8224q-mkbwp3zsq2o202,https://down-id.img.susercontent.com/file/id-11134258-8224v-mkvw0cu9r7k1a5,(READY) SAMSUNG GALAXY S25 FE 8GB / 256GB GARANSI RESMI,https://deo.shopeemobile.com/shopee/modules-federation/live/0/shopee__item-card-standard-v2/0.2.8/pc/7c9110f78e069acbced7.png,Rp,9.298.800,,https://deo.shopeemobile.com/shopee/modules-federation/live/0/shopee__item-card-standard-v2/0.2.8/pc/76dff349290d20891fc1.svg,https://deo.shopeemobile.com/shopee/modules-federation/live/0/shopee__item-card-standard-v2/0.2.8/pc/d2a1900a0267d45fd0f5.png,,https://deo.shopeemobile.com/shopee/modules-federation/live/0/shopee__item-card-standard-v2/0.2.8/pc/d7099d3fd1dfdaf705ab.svg,5.0,36 Terjual,https://deo.shopeemobile.com/shopee/modules-federation/live/0/shopee__item-card-standard-v2/0.2.8/pc/5dd7b4560d0e2d3190e8.svg,,Depok,,,"(READY) SAMSUNG GALAXY S25 FE 8GB / 256GB GARANSI RESMI
Rp
9.298.800
5.0
36 Terjual
3 Hari
Depok",https://shopee.co.id/(READY)-SAMSUNG-GALAXY-S25-FE-8GB-256GB-GARANSI-RESMI-i.1367937206.50500097953?extraParams=%7B%22display_model_id%22%3A310528719401%2C%22model_selection_logic%22%3A3%7D&sp_atk=a4d66acb-8f87-464c-b2d3-1ceccdf4a4e4&xptdk=a4d66acb-8f87-464c-b2d3-1ceccdf4a4e4,3 Hari,,
https://down-id.img.susercontent.com/file/id-11134207-7rbkc-m6ltqa8jds8a7d,https://down-id.img.susercontent.com/file/id-11134258-8224v-mkvw0cu9r7k1a5,Samsung A05s Ram 6/128 GB Original Garansi Resmi Indonesia,https://deo.shopeemobile.com/shopee/modules-federation/live/0/shopee__item-card-standard-v2/0.2.8/pc/e4734dab67ee2f9ebd5a.png,Rp,1.450.000,,https://deo.shopeemobile.com/shopee/modules-federation/live/0/shopee__item-card-standard-v2/0.2.8/pc/76dff349290d20891fc1.svg,,,https://deo.shopeemobile.com/shopee/modules-federation/live/0/shopee__item-card-standard-v2/0.2.8/pc/d7099d3fd1dfdaf705ab.svg,4.7,8 Terjual,https://deo.shopeemobile.com/shopee/modules-federation/live/0/shopee__item-card-standard-v2/0.2.8/pc/5dd7b4560d0e2d3190e8.svg,,Kab. Bekasi,,,"Samsung A05s Ram 6/128 GB Original Garansi Resmi Indonesia
Rp
1.450.000
4.7
8 Terjual
3 Hari
Kab. Bekasi",https://shopee.co.id/Samsung-A05s-Ram-6-128-GB-Original-Garansi-Resmi-Indonesia-i.319663119.24664132346?extraParams=%7B%22display_model_id%22%3A257710088027%2C%22model_selection_logic%22%3A3%7D&sp_atk=e0086e48-75e0-443b-bc6f-b45617c576b4&xptdk=e0086e48-75e0-443b-bc6f-b45617c576b4,3 Hari,,
https://down-id.img.susercontent.com/file/id-11134207-822ws-mmkbbafjtmv9b3,https://down-id.img.susercontent.com/file/id-11134258-8224v-mkvw0cu9r7k1a5,Samsung Galaxy A57 ( 5G ) 8/128Gb+8/256Gb+12/256Gb A57 Garansi Resmi,https://deo.shopeemobile.com/shopee/modules-federation/live/0/shopee__item-card-standard-v2/0.2.8/pc/7c9110f78e069acbced7.png,Rp,7.060.000,,https://deo.shopeemobile.com/shopee/modules-federation/live/0/shopee__item-card-standard-v2/0.2.8/pc/76dff349290d20891fc1.svg,,,https://deo.shopeemobile.com/shopee/modules-federation/live/0/shopee__item-card-standard-v2/0.2.8/pc/d7099d3fd1dfdaf705ab.svg,4.9,5RB+ Terjual,https://deo.shopeemobile.com/shopee/modules-federation/live/0/shopee__item-card-standard-v2/0.2.8/pc/5dd7b4560d0e2d3190e8.svg,,Jakarta Selatan,,,"Samsung Galaxy A57 ( 5G ) 8/128Gb+8/256Gb+12/256Gb A57 Garansi Resmi
Rp
7.060.000
4.9
5RB+ Terjual
3-6 Hari
Jakarta Selatan",https://shopee.co.id/Samsung-Galaxy-A57-(-5G-)-8-128Gb-8-256Gb-12-256Gb-A57-Garansi-Resmi-i.29114753.20362794117?extraParams=%7B%22display_model_id%22%3A272062432937%2C%22model_selection_logic%22%3A3%7D&sp_atk=63d7a6e7-d908-4a31-a094-c23c9637f22c&xptdk=63d7a6e7-d908-4a31-a094-c23c9637f22c,3-6 Hari,,
https://down-id.img.susercontent.com/file/id-11134207-8224z-mk50djybnoqs83,https://down-id.img.susercontent.com/file/id-11134258-8224v-mkvw0cu9r7k1a5,Samsung Galaxy S25 FE 8/256GB | Smartphone AI | Android | Galaxy AI | 4900 mAh | Exynos 2400,https://deo.shopeemobile.com/shopee/modules-federation/live/0/shopee__item-card-standard-v2/0.2.8/pc/7c9110f78e069acbced7.png,Rp,9.299.000,,https://deo.shopeemobile.com/shopee/modules-federation/live/0/shopee__item-card-standard-v2/0.2.8/pc/76dff349290d20891fc1.svg,https://deo.shopeemobile.com/shopee/modules-federation/live/0/shopee__item-card-standard-v2/0.2.8/pc/d2a1900a0267d45fd0f5.png,,https://deo.shopeemobile.com/shopee/modules-federation/live/0/shopee__item-card-standard-v2/0.2.8/pc/d7099d3fd1dfdaf705ab.svg,5.0,45 Terjual,https://deo.shopeemobile.com/shopee/modules-federation/live/0/shopee__item-card-standard-v2/0.2.8/pc/5dd7b4560d0e2d3190e8.svg,,Kab. Bogor,,,"Samsung Galaxy S25 FE 8/256GB | Smartphone AI | Android | Galaxy AI | 4900 mAh | Exynos 2400
Rp
9.299.000
5.0
45 Terjual
3 Hari
Kab. Bogor",https://shopee.co.id/Samsung-Galaxy-S25-FE-8-256GB-Smartphone-AI-Android-Galaxy-AI-4900-mAh-Exynos-2400-i.1368474464.44801303155?extraParams=%7B%22display_model_id%22%3A330116050094%2C%22model_selection_logic%22%3A3%7D&sp_atk=4f902f3e-73fa-46e8-80ea-3212479c93a4&xptdk=4f902f3e-73fa-46e8-80ea-3212479c93a4,3 Hari,,
https://down-id.img.susercontent.com/file/id-11134207-7r98y-lluh1vt3y7wu70,https://down-id.img.susercontent.com/file/id-11134258-8224v-mkvw0cu9r7k1a5,Samsung S23 Ultra 12/256GB/512GB Garansi Resmi,https://deo.shopeemobile.com/shopee/modules-federation/live/0/shopee__item-card-standard-v2/0.2.8/pc/a425c915798471b33e5d.png,Rp,11.999.000,-37%,https://deo.shopeemobile.com/shopee/modules-federation/live/0/shopee__item-card-standard-v2/0.2.8/pc/76dff349290d20891fc1.svg,,,https://deo.shopeemobile.com/shopee/modules-federation/live/0/shopee__item-card-standard-v2/0.2.8/pc/d7099d3fd1dfdaf705ab.svg,5.0,42 Terjual,https://deo.shopeemobile.com/shopee/modules-federation/live/0/shopee__item-card-standard-v2/0.2.8/pc/5dd7b4560d0e2d3190e8.svg,,Jakarta Pusat,,,"Samsung S23 Ultra 12/256GB/512GB Garansi Resmi
Rp
11.999.000
-37%
5.0
42 Terjual
2-3 Hari
Jakarta Pusat",https://shopee.co.id/Samsung-S23-Ultra-12-256GB-512GB-Garansi-Resmi-i.1285422.23680717631?extraParams=%7B%22display_model_id%22%3A225646891397%2C%22model_selection_logic%22%3A3%7D&sp_atk=0acc2966-edaf-48e4-a998-e25ba3cf55da&xptdk=0acc2966-edaf-48e4-a998-e25ba3cf55da,2-3 Hari,,
https://down-id.img.susercontent.com/file/id-11134207-7r98o-lpazm64sz1xp8a,https://down-id.img.susercontent.com/file/id-11134258-822wr-mlx67rtd6r602f,Samsung A14 5G Ram 6/128Gb - 4/64Gb Garansi Resmi 1 Tahun,https://deo.shopeemobile.com/shopee/modules-federation/live/0/shopee__item-card-standard-v2/0.2.8/pc/7c9110f78e069acbced7.png,Rp,2.798.000,,https://deo.shopeemobile.com/shopee/modules-federation/live/0/shopee__item-card-standard-v2/0.2.8/pc/76dff349290d20891fc1.svg,,,https://deo.shopeemobile.com/shopee/modules-federation/live/0/shopee__item-card-standard-v2/0.2.8/pc/d7099d3fd1dfdaf705ab.svg,4.9,145 Terjual,https://deo.shopeemobile.com/shopee/modules-federation/live/0/shopee__item-card-standard-v2/0.2.8/pc/5dd7b4560d0e2d3190e8.svg,,Tangerang,,,"Samsung A14 5G Ram 6/128Gb - 4/64Gb Garansi Resmi 1 Tahun
Rp
2.798.000
4.9
145 Terjual
2-3 Hari
Tangerang",https://shopee.co.id/Samsung-A14-5G-Ram-6-128Gb-4-64Gb-Garansi-Resmi-1-Tahun-i.103801415.22720110636?extraParams=%7B%22display_model_id%22%3A266070045626%2C%22model_selection_logic%22%3A3%7D&sp_atk=dfe4d4d7-6412-4798-b452-acfe2a9d3fde&xptdk=dfe4d4d7-6412-4798-b452-acfe2a9d3fde,2-3 Hari,,
https://down-id.img.susercontent.com/file/id-11134207-7rbk1-m8n894yoarjve1,https://down-id.img.susercontent.com/file/id-11134258-8224v-mkvw0cu9r7k1a5,Samsung Galaxy A56-5G 12/256GB | 8/256GB Garansi Resmi Samsung 1Year - Sein,https://deo.shopeemobile.com/shopee/modules-federation/live/0/shopee__item-card-standard-v2/0.2.8/pc/e4734dab67ee2f9ebd5a.png,Rp,6.150.000,,https://deo.shopeemobile.com/shopee/modules-federation/live/0/shopee__item-card-standard-v2/0.2.8/pc/76dff349290d20891fc1.svg,,,https://deo.shopeemobile.com/shopee/modules-federation/live/0/shopee__item-card-standard-v2/0.2.8/pc/d7099d3fd1dfdaf705ab.svg,4.9,817 Terjual,https://deo.shopeemobile.com/shopee/modules-federation/live/0/shopee__item-card-standard-v2/0.2.8/pc/5dd7b4560d0e2d3190e8.svg,,Bekasi,,,"Samsung Galaxy A56-5G 12/256GB | 8/256GB Garansi Resmi Samsung 1Year - Sein
Rp
6.150.000
4.9
817 Terjual
3 Hari
Bekasi",https://shopee.co.id/Samsung-Galaxy-A56-5G-12-256GB-8-256GB-Garansi-Resmi-Samsung-1Year-Sein-i.258990026.28230156216?extraParams=%7B%22display_model_id%22%3A237625038142%2C%22model_selection_logic%22%3A3%7D&sp_atk=183347a3-6527-44a4-a713-fedcab2ca579&xptdk=183347a3-6527-44a4-a713-fedcab2ca579,3 Hari,,
https://down-id.img.susercontent.com/file/id-11134207-822wo-mn12lift9kau25,https://down-id.img.susercontent.com/file/id-11134258-8224v-mkvw0cu9r7k1a5,Samsung Galaxy A57 5G 8/128GB | 8/256GB | 12/256GB,https://deo.shopeemobile.com/shopee/modules-federation/live/0/shopee__item-card-standard-v2/0.2.8/pc/7c9110f78e069acbced7.png,Rp,7.599.000,,https://deo.shopeemobile.com/shopee/modules-federation/live/0/shopee__item-card-standard-v2/0.2.8/pc/38e203dc86172a6c6560.svg,,,https://deo.shopeemobile.com/shopee/modules-federation/live/0/shopee__item-card-standard-v2/0.2.8/pc/d7099d3fd1dfdaf705ab.svg,5.0,3 Terjual,https://deo.shopeemobile.com/shopee/modules-federation/live/0/shopee__item-card-standard-v2/0.2.8/pc/5dd7b4560d0e2d3190e8.svg,,Surabaya,https://deo.shopeemobile.com/shopee/modules-federation/live/0/shopee__item-card-standard-v2/0.2.8/pc/0614b8f0a8fdde22942d.svg,< 2 Hari,"Samsung Galaxy A57 5G 8/128GB | 8/256GB | 12/256GB
Rp
7.599.000
5.0
3 Terjual
< 2 Hari
Surabaya",https://shopee.co.id/Samsung-Galaxy-A57-5G-8-128GB-8-256GB-12-256GB-i.178365159.44179678309?extraParams=%7B%22display_model_id%22%3A375715888668%2C%22model_selection_logic%22%3A3%7D&sp_atk=1fcfeff9-a1f4-431f-b3c1-1c7ee992481d&xptdk=1fcfeff9-a1f4-431f-b3c1-1c7ee992481d,,,
https://down-id.img.susercontent.com/file/id-11134207-822wk-mmfw3ofn7z0g49,https://down-id.img.susercontent.com/file/id-11134258-8224v-mkvw0cu9r7k1a5,"Samsung Galaxy A57 5G [8GB+128GB] [8GB+256GB] [12GB+256GB] Display 6,7 inch Super AMOLED+ - Exynos 1680 - Camera 50MP - 5000mAh - Garansi Resmi SEIN 1 Tahun",https://deo.shopeemobile.com/shopee/modules-federation/live/0/shopee__item-card-standard-v2/0.2.8/pc/7c9110f78e069acbced7.png,Rp,6.619.000,-18%,https://deo.shopeemobile.com/shopee/modules-federation/live/0/shopee__item-card-standard-v2/0.2.8/pc/76dff349290d20891fc1.svg,,,https://deo.shopeemobile.com/shopee/modules-federation/live/0/shopee__item-card-standard-v2/0.2.8/pc/d7099d3fd1dfdaf705ab.svg,5.0,61 Terjual,https://deo.shopeemobile.com/shopee/modules-federation/live/0/shopee__item-card-standard-v2/0.2.8/pc/5dd7b4560d0e2d3190e8.svg,,Jakarta Barat,,,"Samsung Galaxy A57 5G [8GB+128GB] [8GB+256GB] [12GB+256GB] Display 6,7 inch Super AMOLED+ - Exynos 1680 - Camera 50MP - 5000mAh - Garansi Resmi SEIN 1 Tahun
Rp
6.619.000
-18%
5.0
61 Terjual
3 Hari
Jakarta Barat",https://shopee.co.id/Samsung-Galaxy-A57-5G-8GB-128GB-8GB-256GB-12GB-256GB-Display-6-7-inch-Super-AMOLED-Exynos-1680-Camera-50MP-5000mAh-Garansi-Resmi-SEIN-1-Tahun-i.1516969716.40329624499?extraParams=%7B%22display_model_id%22%3A405706842748%2C%22model_selection_logic%22%3A3%7D&sp_atk=af932124-e4e2-40c0-a896-dd61448b78a8&xptdk=af932124-e4e2-40c0-a896-dd61448b78a8,3 Hari,,
https://down-id.img.susercontent.com/file/id-11134207-7rbk7-m8mtlllaav3v21,https://down-id.img.susercontent.com/file/id-11134258-8224v-mkvw0cu9r7k1a5,Samsung S23 Ultra Resmi sein 512 gb 256 gb,https://deo.shopeemobile.com/shopee/modules-federation/live/0/shopee__item-card-standard-v2/0.2.8/pc/e4734dab67ee2f9ebd5a.png,Rp,9.350.000,,https://deo.shopeemobile.com/shopee/modules-federation/live/0/shopee__item-card-standard-v2/0.2.8/pc/76dff349290d20891fc1.svg,,,https://deo.shopeemobile.com/shopee/modules-federation/live/0/shopee__item-card-standard-v2/0.2.8/pc/d7099d3fd1dfdaf705ab.svg,4.8,130 Terjual,https://deo.shopeemobile.com/shopee/modules-federation/live/0/shopee__item-card-standard-v2/0.2.8/pc/5dd7b4560d0e2d3190e8.svg,,Bekasi,,,"Samsung S23 Ultra Resmi sein 512 gb 256 gb
Rp
9.350.000
4.8
130 Terjual
3 Hari
Bekasi",https://shopee.co.id/Samsung-S23-Ultra-Resmi-sein-512-gb-256-gb-i.263857215.25662215000?extraParams=%7B%22display_model_id%22%3A218250153708%2C%22model_selection_logic%22%3A3%7D&sp_atk=b183e040-5545-472f-8a6e-d0871a99b117&xptdk=b183e040-5545-472f-8a6e-d0871a99b117,3 Hari,,
https://down-id.img.susercontent.com/file/sg-11134201-8262f-mmbg00j7sqgy66,https://down-id.img.susercontent.com/file/id-11134258-7r98w-lyezzaurybot13,Samsung Galaxy A56 5G 12/256GB - Awesome Pink,https://deo.shopeemobile.com/shopee/modules-federation/live/0/shopee__item-card-standard-v2/0.2.8/pc/7c9110f78e069acbced7.png,Rp,6.669.000,-10%,https://deo.shopeemobile.com/shopee/modules-federation/live/0/shopee__item-card-standard-v2/0.2.8/pc/76dff349290d20891fc1.svg,https://deo.shopeemobile.com/shopee/modules-federation/live/0/shopee__item-card-standard-v2/0.2.8/pc/d2a1900a0267d45fd0f5.png,,https://deo.shopeemobile.com/shopee/modules-federation/live/0/shopee__item-card-standard-v2/0.2.8/pc/d7099d3fd1dfdaf705ab.svg,4.9,4RB+ Terjual,https://deo.shopeemobile.com/shopee/modules-federation/live/0/shopee__item-card-standard-v2/0.2.8/pc/5dd7b4560d0e2d3190e8.svg,,Jakarta Utara,,,"Samsung Galaxy A56 5G 12/256GB - Awesome Pink
Rp
6.669.000
-10%
4.9
4RB+ Terjual
2-3 Hari
Jakarta Utara",https://shopee.co.id/Samsung-Galaxy-A56-5G-12-256GB-Awesome-Pink-i.52635036.27027755101?extraParams=%7B%22display_model_id%22%3A257747026663%2C%22model_selection_logic%22%3A3%7D&sp_atk=438773dc-401f-450a-9514-8a801fcaccf5&xptdk=438773dc-401f-450a-9514-8a801fcaccf5,2-3 Hari,,
https://down-id.img.susercontent.com/file/id-11134207-82251-mhhgt9ga0ydg14,https://down-id.img.susercontent.com/file/id-11134258-8224v-mkvw0cu9r7k1a5,SAMSUNG A05S  6/128  RAM 8GB ROM 128GB GARANSI RESMI,https://deo.shopeemobile.com/shopee/modules-federation/live/0/shopee__item-card-standard-v2/0.2.8/pc/a425c915798471b33e5d.png,Rp,1.699.000,,https://deo.shopeemobile.com/shopee/modules-federation/live/0/shopee__item-card-standard-v2/0.2.8/pc/76dff349290d20891fc1.svg,https://deo.shopeemobile.com/shopee/modules-federation/live/0/shopee__item-card-standard-v2/0.2.8/pc/d2a1900a0267d45fd0f5.png,Cicilan,https://deo.shopeemobile.com/shopee/modules-federation/live/0/shopee__item-card-standard-v2/0.2.8/pc/d7099d3fd1dfdaf705ab.svg,4.7,1RB+ Terjual,https://deo.shopeemobile.com/shopee/modules-federation/live/0/shopee__item-card-standard-v2/0.2.8/pc/5dd7b4560d0e2d3190e8.svg,,Jakarta Barat,,,"SAMSUNG A05S 6/128 RAM 8GB ROM 128GB GARANSI RESMI
Rp
1.699.000
Cicilan
4.7
1RB+ Terjual
2-4 Hari
Jakarta Barat",https://shopee.co.id/SAMSUNG-A05S-6-128-RAM-8GB-ROM-128GB-GARANSI-RESMI-i.239877980.7222281350?extraParams=%7B%22display_model_id%22%3A370126784224%2C%22model_selection_logic%22%3A3%7D&sp_atk=e1688ffd-1ca3-407c-ad2a-fdadcb49377f&xptdk=e1688ffd-1ca3-407c-ad2a-fdadcb49377f,2-4 Hari,,
https://down-id.img.susercontent.com/file/id-11134207-822wg-mn3s9rjdujnma9,https://down-id.img.susercontent.com/file/id-11134258-8224v-mkvw0cu9r7k1a5,Samsung Galaxy A07 4/64 4/128 6/128 8/256gb baru garansi resmi BNIB,https://deo.shopeemobile.com/shopee/modules-federation/live/0/shopee__item-card-standard-v2/0.2.8/pc/e4734dab67ee2f9ebd5a.png,Rp,1.919.000,,https://deo.shopeemobile.com/shopee/modules-federation/live/0/shopee__item-card-standard-v2/0.2.8/pc/38e203dc86172a6c6560.svg,,,https://deo.shopeemobile.com/shopee/modules-federation/live/0/shopee__item-card-standard-v2/0.2.8/pc/0614b8f0a8fdde22942d.svg,,2 Terjual,https://deo.shopeemobile.com/shopee/modules-federation/live/0/shopee__item-card-standard-v2/0.2.8/pc/5dd7b4560d0e2d3190e8.svg,,Malang,https://deo.shopeemobile.com/shopee/modules-federation/live/0/shopee__item-card-standard-v2/0.2.8/pc/0614b8f0a8fdde22942d.svg,< 2 Hari,"Samsung Galaxy A07 4/64 4/128 6/128 8/256gb baru garansi resmi BNIB
Rp
1.919.000
2 Terjual
< 2 Hari
Malang",https://shopee.co.id/Samsung-Galaxy-A07-4-64-4-128-6-128-8-256gb-baru-garansi-resmi-BNIB-i.45832236.57508922818?extraParams=%7B%22display_model_id%22%3A410790999769%2C%22model_selection_logic%22%3A3%7D&sp_atk=8c0a5b38-9dd7-4b0f-bb7c-30327aebd0d3&xptdk=8c0a5b38-9dd7-4b0f-bb7c-30327aebd0d3,,,
https://down-id.img.susercontent.com/file/id-11134207-8224t-mifweyciek9224,https://down-id.img.susercontent.com/file/id-11134258-8224v-mkvw0cu9r7k1a5,Samsung Galaxy A56 5G 12/256GB AMOLED 120Hz,,Rp,5.394.000,-1%,https://deo.shopeemobile.com/shopee/modules-federation/live/0/shopee__item-card-standard-v2/0.2.8/pc/76dff349290d20891fc1.svg,https://deo.shopeemobile.com/shopee/modules-federation/live/0/shopee__item-card-standard-v2/0.2.8/pc/d2a1900a0267d45fd0f5.png,,https://deo.shopeemobile.com/shopee/modules-federation/live/0/shopee__item-card-standard-v2/0.2.8/pc/d7099d3fd1dfdaf705ab.svg,4.9,275 Terjual,https://deo.shopeemobile.com/shopee/modules-federation/live/0/shopee__item-card-standard-v2/0.2.8/pc/5dd7b4560d0e2d3190e8.svg,https://deo.shopeemobile.com/shopee/modules-federation/live/0/shopee__item-card-standard-v2/0.2.8/pc/b4d1b8a78b3621dbdf4a.svg,Surabaya,,,"Samsung Galaxy A56 5G 12/256GB AMOLED 120Hz
Rp
5.394.000
-1%
4.9
275 Terjual
3 Hari
Surabaya",https://shopee.co.id/Samsung-Galaxy-A56-5G-12-256GB-AMOLED-120Hz-i.243507975.27162182435?extraParams=%7B%22display_model_id%22%3A440321242669%2C%22model_selection_logic%22%3A3%7D&sp_atk=590b2175-9beb-4daa-8457-bcb95cadcdad&xptdk=590b2175-9beb-4daa-8457-bcb95cadcdad,3 Hari,,
https://down-id.img.susercontent.com/file/id-11134207-7r991-lmx8fw43t8jw2c,https://down-id.img.susercontent.com/file/id-11134258-8224v-mkvw0cu9r7k1a5,Samsung galaxy S23FE 8/256 dan 8/128 Garansi resmi samsung SEIN,,Rp,6.250.000,-43%,https://deo.shopeemobile.com/shopee/modules-federation/live/0/shopee__item-card-standard-v2/0.2.8/pc/76dff349290d20891fc1.svg,,,https://deo.shopeemobile.com/shopee/modules-federation/live/0/shopee__item-card-standard-v2/0.2.8/pc/d7099d3fd1dfdaf705ab.svg,4.8,287 Terjual,https://deo.shopeemobile.com/shopee/modules-federation/live/0/shopee__item-card-standard-v2/0.2.8/pc/5dd7b4560d0e2d3190e8.svg,,Surabaya,,,"Samsung galaxy S23FE 8/256 dan 8/128 Garansi resmi samsung SEIN
Rp
6.250.000
-43%
4.8
287 Terjual
2-5 Hari
Surabaya",https://shopee.co.id/Samsung-galaxy-S23FE-8-256-dan-8-128-Garansi-resmi-samsung-SEIN-i.155116050.23056768484?extraParams=%7B%22display_model_id%22%3A225740835635%2C%22model_selection_logic%22%3A3%7D&sp_atk=3886f6f7-9b9b-4ac6-8ff1-b80d4fb32f1c&xptdk=3886f6f7-9b9b-4ac6-8ff1-b80d4fb32f1c,2-5 Hari,,
https://down-id.img.susercontent.com/file/id-11134207-8224y-mhzw7f5s94p134,https://down-id.img.susercontent.com/file/id-11134258-8224v-mkvw0cu9r7k1a5,SAMSUNG GALAXY A07 A06 RAM 6GB/128GB GARANSI RESMI SAMSUNG INDONESIA SEIN - Samsung A07,https://deo.shopeemobile.com/shopee/modules-federation/live/0/shopee__item-card-standard-v2/0.2.8/pc/e4734dab67ee2f9ebd5a.png,Rp,1.575.000,,https://deo.shopeemobile.com/shopee/modules-federation/live/0/shopee__item-card-standard-v2/0.2.8/pc/76dff349290d20891fc1.svg,,,https://deo.shopeemobile.com/shopee/modules-federation/live/0/shopee__item-card-standard-v2/0.2.8/pc/d7099d3fd1dfdaf705ab.svg,4.9,3RB+ Terjual,https://deo.shopeemobile.com/shopee/modules-federation/live/0/shopee__item-card-standard-v2/0.2.8/pc/5dd7b4560d0e2d3190e8.svg,,Jakarta Timur,,,"SAMSUNG GALAXY A07 A06 RAM 6GB/128GB GARANSI RESMI SAMSUNG INDONESIA SEIN - Samsung A07
Rp
1.575.000
4.9
3RB+ Terjual
3 Hari
Jakarta Timur",https://shopee.co.id/SAMSUNG-GALAXY-A07-A06-RAM-6GB-128GB-GARANSI-RESMI-SAMSUNG-INDONESIA-SEIN-Samsung-A07-i.516371273.14746835294?extraParams=%7B%22display_model_id%22%3A197080371610%2C%22model_selection_logic%22%3A3%7D&sp_atk=02bb866f-0dc7-44d3-9608-950f914e0617&xptdk=02bb866f-0dc7-44d3-9608-950f914e0617,3 Hari,,
https://down-id.img.susercontent.com/file/id-11134207-7rbk0-mawbuhtnafqcb4,https://down-id.img.susercontent.com/file/id-11134258-8224v-mkvw0cu9r7k1a5,Samsung Galaxy A56 (5G) Ram 8/256gb Garansi Resmi,https://deo.shopeemobile.com/shopee/modules-federation/live/0/shopee__item-card-standard-v2/0.2.8/pc/e4734dab67ee2f9ebd5a.png,Rp,6.200.000,,https://deo.shopeemobile.com/shopee/modules-federation/live/0/shopee__item-card-standard-v2/0.2.8/pc/38e203dc86172a6c6560.svg,,,https://deo.shopeemobile.com/shopee/modules-federation/live/0/shopee__item-card-standard-v2/0.2.8/pc/d7099d3fd1dfdaf705ab.svg,5.0,128 Terjual,https://deo.shopeemobile.com/shopee/modules-federation/live/0/shopee__item-card-standard-v2/0.2.8/pc/5dd7b4560d0e2d3190e8.svg,,Kediri,https://deo.shopeemobile.com/shopee/modules-federation/live/0/shopee__item-card-standard-v2/0.2.8/pc/0614b8f0a8fdde22942d.svg,< 2 Hari,"Samsung Galaxy A56 (5G) Ram 8/256gb Garansi Resmi
Rp
6.200.000
5.0
128 Terjual
< 2 Hari
Kediri",https://shopee.co.id/Samsung-Galaxy-A56-(5G)-Ram-8-256gb-Garansi-Resmi-i.45658405.28831339036?extraParams=%7B%22display_model_id%22%3A227595140575%2C%22model_selection_logic%22%3A3%7D&sp_atk=92c1ed46-a416-4590-ba77-2ecb162418f7&xptdk=92c1ed46-a416-4590-ba77-2ecb162418f7,,,
https://down-id.img.susercontent.com/file/sg-11134201-22120-6co25s9mn4kv4b,https://down-id.img.susercontent.com/file/id-11134258-8224v-mkvw0cu9r7k1a5,Samsung A04e 3/32 Garansi Resmi 1 Tahun Layar 6.5 Inch,https://deo.shopeemobile.com/shopee/modules-federation/live/0/shopee__item-card-standard-v2/0.2.8/pc/a425c915798471b33e5d.png,Rp,1.199.000,,https://deo.shopeemobile.com/shopee/modules-federation/live/0/shopee__item-card-standard-v2/0.2.8/pc/38e203dc86172a6c6560.svg,,,https://deo.shopeemobile.com/shopee/modules-federation/live/0/shopee__item-card-standard-v2/0.2.8/pc/d7099d3fd1dfdaf705ab.svg,5.0,21 Terjual,https://deo.shopeemobile.com/shopee/modules-federation/live/0/shopee__item-card-standard-v2/0.2.8/pc/5dd7b4560d0e2d3190e8.svg,,Surabaya,https://deo.shopeemobile.com/shopee/modules-federation/live/0/shopee__item-card-standard-v2/0.2.8/pc/0614b8f0a8fdde22942d.svg,Hari ini,"Samsung A04e 3/32 Garansi Resmi 1 Tahun Layar 6.5 Inch
Rp
1.199.000
5.0
21 Terjual
Hari ini
Surabaya",https://shopee.co.id/Samsung-A04e-3-32-Garansi-Resmi-1-Tahun-Layar-6.5-Inch-i.234217844.23611153258?extraParams=%7B%22display_model_id%22%3A204732274936%2C%22model_selection_logic%22%3A3%7D&sp_atk=e5e9e9a4-eb55-43ea-b309-ba164ccb4cf7&xptdk=e5e9e9a4-eb55-43ea-b309-ba164ccb4cf7,,,
https://down-id.img.susercontent.com/file/id-11134207-7rbka-m7kiifdkdmmc03,https://down-id.img.susercontent.com/file/id-11134258-8224v-mkvw0cu9r7k1a5,Samsung Galaxy A56 5G 8/256GB 12/256GB RAM 8GB 12GB ROM 256GB - Garansi Resmi SEIN 1 Tahun,https://deo.shopeemobile.com/shopee/modules-federation/live/0/shopee__item-card-standard-v2/0.2.8/pc/7c9110f78e069acbced7.png,Rp,6.909.000,,https://deo.shopeemobile.com/shopee/modules-federation/live/0/shopee__item-card-standard-v2/0.2.8/pc/38e203dc86172a6c6560.svg,https://deo.shopeemobile.com/shopee/modules-federation/live/0/shopee__item-card-standard-v2/0.2.8/pc/d2a1900a0267d45fd0f5.png,,https://deo.shopeemobile.com/shopee/modules-federation/live/0/shopee__item-card-standard-v2/0.2.8/pc/d7099d3fd1dfdaf705ab.svg,4.9,555 Terjual,https://deo.shopeemobile.com/shopee/modules-federation/live/0/shopee__item-card-standard-v2/0.2.8/pc/5dd7b4560d0e2d3190e8.svg,,Kab. Sidoarjo,https://deo.shopeemobile.com/shopee/modules-federation/live/0/shopee__item-card-standard-v2/0.2.8/pc/0614b8f0a8fdde22942d.svg,2 jam,"Samsung Galaxy A56 5G 8/256GB 12/256GB RAM 8GB 12GB ROM 256GB - Garansi Resmi SEIN 1 Tahun
Rp
6.909.000
4.9
555 Terjual
2 jam
Kab. Sidoarjo",https://shopee.co.id/Samsung-Galaxy-A56-5G-8-256GB-12-256GB-RAM-8GB-12GB-ROM-256GB-Garansi-Resmi-SEIN-1-Tahun-i.160369383.15669812538?extraParams=%7B%22display_model_id%22%3A29897284659%2C%22model_selection_logic%22%3A3%7D&sp_atk=4d2ca297-bc40-4d23-95a7-4454ce227194&xptdk=4d2ca297-bc40-4d23-95a7-4454ce227194,,,
https://down-id.img.susercontent.com/file/id-11134201-7r98s-lq3lk5yhcy6056,https://down-id.img.susercontent.com/file/id-11134258-8224v-mkvw0cu9r7k1a5,Samsung galaxy A25 5g 8/256 Garansi resmi samsung 1Tahun,,Rp,3.400.000,-24%,https://deo.shopeemobile.com/shopee/modules-federation/live/0/shopee__item-card-standard-v2/0.2.8/pc/76dff349290d20891fc1.svg,,,https://deo.shopeemobile.com/shopee/modules-federation/live/0/shopee__item-card-standard-v2/0.2.8/pc/d7099d3fd1dfdaf705ab.svg,4.9,349 Terjual,https://deo.shopeemobile.com/shopee/modules-federation/live/0/shopee__item-card-standard-v2/0.2.8/pc/5dd7b4560d0e2d3190e8.svg,,Surabaya,,,"Samsung galaxy A25 5g 8/256 Garansi resmi samsung 1Tahun
Rp
3.400.000
-24%
4.9
349 Terjual
2-5 Hari
Surabaya",https://shopee.co.id/Samsung-galaxy-A25-5g-8-256-Garansi-resmi-samsung-1Tahun-i.155116050.24203665670?extraParams=%7B%22display_model_id%22%3A250230367092%2C%22model_selection_logic%22%3A3%7D&sp_atk=4e9d217f-1429-4c2d-a481-f2cb4696a8ff&xptdk=4e9d217f-1429-4c2d-a481-f2cb4696a8ff,2-5 Hari,,
https://down-id.img.susercontent.com/file/sg-11134201-82627-mlycp4qvsmj3f0,https://down-id.img.susercontent.com/file/id-11134258-7r98w-lyezzaurybot13,Samsung Galaxy S26 12/512GB - Black | Hp AI | Photo Assist | 4300 mAh,https://deo.shopeemobile.com/shopee/modules-federation/live/0/shopee__item-card-standard-v2/0.2.8/pc/7c9110f78e069acbced7.png,Rp,14.999.000,-23%,https://deo.shopeemobile.com/shopee/modules-federation/live/0/shopee__item-card-standard-v2/0.2.8/pc/76dff349290d20891fc1.svg,https://deo.shopeemobile.com/shopee/modules-federation/live/0/shopee__item-card-standard-v2/0.2.8/pc/d2a1900a0267d45fd0f5.png,,https://deo.shopeemobile.com/shopee/modules-federation/live/0/shopee__item-card-standard-v2/0.2.8/pc/d7099d3fd1dfdaf705ab.svg,4.9,199 Terjual,https://deo.shopeemobile.com/shopee/modules-federation/live/0/shopee__item-card-standard-v2/0.2.8/pc/5dd7b4560d0e2d3190e8.svg,,Jakarta Utara,,,"Samsung Galaxy S26 12/512GB - Black | Hp AI | Photo Assist | 4300 mAh
Rp
14.999.000
-23%
4.9
199 Terjual
2-3 Hari
Jakarta Utara",https://shopee.co.id/Samsung-Galaxy-S26-12-512GB-Black-Hp-AI-Photo-Assist-4300-mAh-i.52635036.27494235077?extraParams=%7B%22display_model_id%22%3A325555863390%2C%22model_selection_logic%22%3A3%7D&sp_atk=b762708e-74b9-4722-b2ea-99d8875b2be6&xptdk=b762708e-74b9-4722-b2ea-99d8875b2be6,2-3 Hari,,
https://down-id.img.susercontent.com/file/id-11134207-7rasl-m2tphc48agod30,,SAMSUNG GALAXY A16 | A17 SERIES - GARANSI RESMI,https://deo.shopeemobile.com/shopee/modules-federation/live/0/shopee__item-card-standard-v2/0.2.8/pc/e4734dab67ee2f9ebd5a.png,Rp,3.999.000,,https://deo.shopeemobile.com/shopee/modules-federation/live/0/shopee__item-card-standard-v2/0.2.8/pc/38e203dc86172a6c6560.svg,https://deo.shopeemobile.com/shopee/modules-federation/live/0/shopee__item-card-standard-v2/0.2.8/pc/d2a1900a0267d45fd0f5.png,,https://deo.shopeemobile.com/shopee/modules-federation/live/0/shopee__item-card-standard-v2/0.2.8/pc/d7099d3fd1dfdaf705ab.svg,4.9,104 Terjual,https://deo.shopeemobile.com/shopee/modules-federation/live/0/shopee__item-card-standard-v2/0.2.8/pc/5dd7b4560d0e2d3190e8.svg,,Kab. Bojonegoro,https://deo.shopeemobile.com/shopee/modules-federation/live/0/shopee__item-card-standard-v2/0.2.8/pc/0614b8f0a8fdde22942d.svg,< 2 Hari,"SAMSUNG GALAXY A16 | A17 SERIES - GARANSI RESMI
Rp
3.999.000
4.9
104 Terjual
< 2 Hari
Kab. Bojonegoro",https://shopee.co.id/SAMSUNG-GALAXY-A16-A17-SERIES-GARANSI-RESMI-i.11896169.24188566373?extraParams=%7B%22display_model_id%22%3A306867596205%2C%22model_selection_logic%22%3A3%7D&sp_atk=530f675f-6034-4864-9900-7d9b65ab4f6c&xptdk=530f675f-6034-4864-9900-7d9b65ab4f6c,,,
https://down-id.img.susercontent.com/file/id-11134207-7rbk4-m8doqgv8q6ou09,https://down-id.img.susercontent.com/file/id-11134258-8224v-mkvw0cu9r7k1a5,Samsung Galaxy A56 5g 12/256 Gb | 8/256 Gb Original Garansi Resmi Samsung Indonesia,https://deo.shopeemobile.com/shopee/modules-federation/live/0/shopee__item-card-standard-v2/0.2.8/pc/a425c915798471b33e5d.png,Rp,5.899.000,,https://deo.shopeemobile.com/shopee/modules-federation/live/0/shopee__item-card-standard-v2/0.2.8/pc/38e203dc86172a6c6560.svg,,,https://deo.shopeemobile.com/shopee/modules-federation/live/0/shopee__item-card-standard-v2/0.2.8/pc/d7099d3fd1dfdaf705ab.svg,5.0,136 Terjual,https://deo.shopeemobile.com/shopee/modules-federation/live/0/shopee__item-card-standard-v2/0.2.8/pc/5dd7b4560d0e2d3190e8.svg,,Surabaya,https://deo.shopeemobile.com/shopee/modules-federation/live/0/shopee__item-card-standard-v2/0.2.8/pc/0614b8f0a8fdde22942d.svg,Hari ini,"Samsung Galaxy A56 5g 12/256 Gb | 8/256 Gb Original Garansi Resmi Samsung Indonesia
Rp
5.899.000
5.0
136 Terjual
Hari ini
Surabaya",https://shopee.co.id/Samsung-Galaxy-A56-5g-12-256-Gb-8-256-Gb-Original-Garansi-Resmi-Samsung-Indonesia-i.82770881.29832783499?extraParams=%7B%22display_model_id%22%3A108651374962%2C%22model_selection_logic%22%3A3%7D&sp_atk=9161f3fc-12e1-4c7e-9919-9ad423107982&xptdk=9161f3fc-12e1-4c7e-9919-9ad423107982,,,
https://down-id.img.susercontent.com/file/id-11134207-7r98u-lqa2eyjc0xu818,https://down-id.img.susercontent.com/file/id-11134258-7ra0q-mbesqwmkb0gu9c,HANDPHONE SAMSUNG GALAXY A05 4/64 RAM 4 INTERNAL 64 BEST SELLER GARANSI RESMI,,Rp,1.500.000,,https://deo.shopeemobile.com/shopee/modules-federation/live/0/shopee__item-card-standard-v2/0.2.8/pc/38e203dc86172a6c6560.svg,https://deo.shopeemobile.com/shopee/modules-federation/live/0/shopee__item-card-standard-v2/0.2.8/pc/d2a1900a0267d45fd0f5.png,,https://deo.shopeemobile.com/shopee/modules-federation/live/0/shopee__item-card-standard-v2/0.2.8/pc/d7099d3fd1dfdaf705ab.svg,5.0,6 Terjual,https://deo.shopeemobile.com/shopee/modules-federation/live/0/shopee__item-card-standard-v2/0.2.8/pc/5dd7b4560d0e2d3190e8.svg,,Kab. Sidoarjo,https://deo.shopeemobile.com/shopee/modules-federation/live/0/shopee__item-card-standard-v2/0.2.8/pc/0614b8f0a8fdde22942d.svg,2 jam,"HANDPHONE SAMSUNG GALAXY A05 4/64 RAM 4 INTERNAL 64 BEST SELLER GARANSI RESMI
Rp
1.500.000
5.0
6 Terjual
2 jam
Kab. Sidoarjo",https://shopee.co.id/HANDPHONE-SAMSUNG-GALAXY-A05-4-64-RAM-4-INTERNAL-64-BEST-SELLER-GARANSI-RESMI-i.159234468.24507356070?extraParams=%7B%22display_model_id%22%3A88858803332%2C%22model_selection_logic%22%3A3%7D&sp_atk=98d7612b-56bd-4f30-8573-3ef9effe3250&xptdk=98d7612b-56bd-4f30-8573-3ef9effe3250,,,
https://down-id.img.susercontent.com/file/id-11134207-7ra0k-mdprnwke3r4i3a,https://down-id.img.susercontent.com/file/id-11134258-8224v-mkvw0cu9r7k1a5,"SAMSUNG Galaxy A07 4/64GB | 4/128GB Mediatek Helio G99 (6 nm) Octa-core | Layar 6.7 inci, 720 x 1600 pixels, PLS LCD, 90Hz - Garansi Resmi",https://deo.shopeemobile.com/shopee/modules-federation/live/0/shopee__item-card-standard-v2/0.2.8/pc/e4734dab67ee2f9ebd5a.png,Rp,1.700.000,,https://deo.shopeemobile.com/shopee/modules-federation/live/0/shopee__item-card-standard-v2/0.2.8/pc/76dff349290d20891fc1.svg,,,https://deo.shopeemobile.com/shopee/modules-federation/live/0/shopee__item-card-standard-v2/0.2.8/pc/d7099d3fd1dfdaf705ab.svg,4.9,1RB+ Terjual,https://deo.shopeemobile.com/shopee/modules-federation/live/0/shopee__item-card-standard-v2/0.2.8/pc/5dd7b4560d0e2d3190e8.svg,,Binjai,,,"SAMSUNG Galaxy A07 4/64GB | 4/128GB Mediatek Helio G99 (6 nm) Octa-core | Layar 6.7 inci, 720 x 1600 pixels, PLS LCD, 90Hz - Garansi Resmi
Rp
1.700.000
4.9
1RB+ Terjual
4-8 Hari
Binjai",https://shopee.co.id/SAMSUNG-Galaxy-A07-4-64GB-4-128GB-Mediatek-Helio-G99-(6-nm)-Octa-core-Layar-6.7-inci-720-x-1600-pixels-PLS-LCD-90Hz-Garansi-Resmi-i.635102598.19057500185?extraParams=%7B%22display_model_id%22%3A89001475381%2C%22model_selection_logic%22%3A3%7D&sp_atk=50a6fc02-a93d-4eac-a672-5cb9ae69e11d&xptdk=50a6fc02-a93d-4eac-a672-5cb9ae69e11d,4-8 Hari,,
https://down-id.img.susercontent.com/file/id-11134207-7r98r-lqf5mopqc574a5,https://down-id.img.susercontent.com/file/id-11134258-8224v-mkvw0cu9r7k1a5,SAMSUNG GALAXY A34 5G {8GB/128GB} {8GB/256GB} GARANSI RESMI SAMSUNG SEIN,https://deo.shopeemobile.com/shopee/modules-federation/live/0/shopee__item-card-standard-v2/0.2.8/pc/e4734dab67ee2f9ebd5a.png,Rp,3.499.000,-30%,https://deo.shopeemobile.com/shopee/modules-federation/live/0/shopee__item-card-standard-v2/0.2.8/pc/76dff349290d20891fc1.svg,,,https://deo.shopeemobile.com/shopee/modules-federation/live/0/shopee__item-card-standard-v2/0.2.8/pc/d7099d3fd1dfdaf705ab.svg,5.0,125 Terjual,https://deo.shopeemobile.com/shopee/modules-federation/live/0/shopee__item-card-standard-v2/0.2.8/pc/5dd7b4560d0e2d3190e8.svg,,Surabaya,,Cashback 99%,"SAMSUNG GALAXY A34 5G {8GB/128GB} {8GB/256GB} GARANSI RESMI SAMSUNG SEIN
Rp
3.499.000
-30%
Cashback 99%
5.0
125 Terjual
2-3 Hari
Surabaya",https://shopee.co.id/SAMSUNG-GALAXY-A34-5G-8GB-128GB-8GB-256GB-GARANSI-RESMI-SAMSUNG-SEIN-i.498628876.25204368575?extraParams=%7B%22display_model_id%22%3A194869728099%2C%22model_selection_logic%22%3A3%7D&sp_atk=d443e447-6802-4ff0-bc49-c4cc6ff5d70e&xptdk=d443e447-6802-4ff0-bc49-c4cc6ff5d70e,2-3 Hari,,
https://down-id.img.susercontent.com/file/id-11134207-8224y-min3bwf2n2107a,https://down-id.img.susercontent.com/file/id-11134258-822wr-mlx5y0tebegw04,samsung galaxy a54 5g 8/128,https://deo.shopeemobile.com/shopee/modules-federation/live/0/shopee__item-card-standard-v2/0.2.8/pc/e4734dab67ee2f9ebd5a.png,Rp,3.900.000,,https://deo.shopeemobile.com/shopee/modules-federation/live/0/shopee__item-card-standard-v2/0.2.8/pc/38e203dc86172a6c6560.svg,,,https://deo.shopeemobile.com/shopee/modules-federation/live/0/shopee__item-card-standard-v2/0.2.8/pc/d7099d3fd1dfdaf705ab.svg,5.0,6 Terjual,https://deo.shopeemobile.com/shopee/modules-federation/live/0/shopee__item-card-standard-v2/0.2.8/pc/5dd7b4560d0e2d3190e8.svg,,Surabaya,https://deo.shopeemobile.com/shopee/modules-federation/live/0/shopee__item-card-standard-v2/0.2.8/pc/0614b8f0a8fdde22942d.svg,3 jam,"samsung galaxy a54 5g 8/128
Rp
3.900.000
5.0
6 Terjual
3 jam
Surabaya",https://shopee.co.id/samsung-galaxy-a54-5g-8-128-i.228770710.24812851924?extraParams=%7B%22display_model_id%22%3A226044606921%2C%22model_selection_logic%22%3A3%7D&sp_atk=c8d72ddf-a892-49ae-88ca-fbf9dad83132&xptdk=c8d72ddf-a892-49ae-88ca-fbf9dad83132,,,
https://down-id.img.susercontent.com/file/id-11134207-822wr-mn3xsoj6991edc,https://down-id.img.susercontent.com/file/id-11134258-822wr-mlx67rtd6r602f,"Samsung Galaxy S21 Ultra 5G 16/512GB, S21+ Plus, S21 Fe & S20 Ultra, S20+ Plus, S20 Fe Original",https://deo.shopeemobile.com/shopee/modules-federation/live/0/shopee__item-card-standard-v2/0.2.8/pc/a425c915798471b33e5d.png,Rp,2.575.000,,https://deo.shopeemobile.com/shopee/modules-federation/live/0/shopee__item-card-standard-v2/0.2.8/pc/76dff349290d20891fc1.svg,,,https://deo.shopeemobile.com/shopee/modules-federation/live/0/shopee__item-card-standard-v2/0.2.8/pc/d7099d3fd1dfdaf705ab.svg,4.7,1RB+ Terjual,https://deo.shopeemobile.com/shopee/modules-federation/live/0/shopee__item-card-standard-v2/0.2.8/pc/5dd7b4560d0e2d3190e8.svg,,Tangerang Selatan,,,"Samsung Galaxy S21 Ultra 5G 16/512GB, S21+ Plus, S21 Fe & S20 Ultra, S20+ Plus, S20 Fe Original
Rp
2.575.000
4.7
1RB+ Terjual
3 Hari
Tangerang Selatan",https://shopee.co.id/Samsung-Galaxy-S21-Ultra-5G-16-512GB-S21-Plus-S21-Fe-S20-Ultra-S20-Plus-S20-Fe-Original-i.510454339.24956610756?extraParams=%7B%22display_model_id%22%3A246203418020%2C%22model_selection_logic%22%3A3%7D&sp_atk=b48b9e62-4593-47d9-a052-d0bd929c56be&xptdk=b48b9e62-4593-47d9-a052-d0bd929c56be,3 Hari,,
https://down-id.img.susercontent.com/file/id-11134207-8224w-ml3rrcrjwphi91,https://down-id.img.susercontent.com/file/id-11134258-8224v-mkvw0cu9r7k1a5,Samsung galaxy A16 5g 8/256 Free adaptor garansi resmi Samsung Indonesia,https://deo.shopeemobile.com/shopee/modules-federation/live/0/shopee__item-card-standard-v2/0.2.8/pc/a425c915798471b33e5d.png,Rp,2.650.000,-30%,https://deo.shopeemobile.com/shopee/modules-federation/live/0/shopee__item-card-standard-v2/0.2.8/pc/38e203dc86172a6c6560.svg,https://deo.shopeemobile.com/shopee/modules-federation/live/0/shopee__item-card-standard-v2/0.2.8/pc/d2a1900a0267d45fd0f5.png,,https://deo.shopeemobile.com/shopee/modules-federation/live/0/shopee__item-card-standard-v2/0.2.8/pc/d7099d3fd1dfdaf705ab.svg,4.9,266 Terjual,https://deo.shopeemobile.com/shopee/modules-federation/live/0/shopee__item-card-standard-v2/0.2.8/pc/5dd7b4560d0e2d3190e8.svg,,Surabaya,https://deo.shopeemobile.com/shopee/modules-federation/live/0/shopee__item-card-standard-v2/0.2.8/pc/0614b8f0a8fdde22942d.svg,< 2 Hari,"Samsung galaxy A16 5g 8/256 Free adaptor garansi resmi Samsung Indonesia
Rp
2.650.000
-30%
4.9
266 Terjual
< 2 Hari
Surabaya",https://shopee.co.id/Samsung-galaxy-A16-5g-8-256-Free-adaptor-garansi-resmi-Samsung-Indonesia-i.730765353.41402895523?extraParams=%7B%22display_model_id%22%3A295726327607%2C%22model_selection_logic%22%3A3%7D&sp_atk=f5e412d9-79d1-4307-a282-ee13bf0b3a72&xptdk=f5e412d9-79d1-4307-a282-ee13bf0b3a72,,,
https://down-id.img.susercontent.com/file/id-11134207-7rbk4-mb3afj7474rae5,https://down-id.img.susercontent.com/file/id-11134258-7r98w-lyezzaurybot13,Samsung A36 5G 8/256 Garansi Resmi Indonesia,https://deo.shopeemobile.com/shopee/modules-federation/live/0/shopee__item-card-standard-v2/0.2.8/pc/a425c915798471b33e5d.png,Rp,4.649.000,,https://deo.shopeemobile.com/shopee/modules-federation/live/0/shopee__item-card-standard-v2/0.2.8/pc/76dff349290d20891fc1.svg,,,https://deo.shopeemobile.com/shopee/modules-federation/live/0/shopee__item-card-standard-v2/0.2.8/pc/d7099d3fd1dfdaf705ab.svg,5.0,23 Terjual,https://deo.shopeemobile.com/shopee/modules-federation/live/0/shopee__item-card-standard-v2/0.2.8/pc/5dd7b4560d0e2d3190e8.svg,,Surabaya,,,"Samsung A36 5G 8/256 Garansi Resmi Indonesia
Rp
4.649.000
5.0
23 Terjual
2-3 Hari
Surabaya",https://shopee.co.id/Samsung-A36-5G-8-256-Garansi-Resmi-Indonesia-i.211675125.21642069736?extraParams=%7B%22display_model_id%22%3A380465219621%2C%22model_selection_logic%22%3A3%7D&sp_atk=6752d332-fd38-428e-bdd5-7b1f667a3835&xptdk=6752d332-fd38-428e-bdd5-7b1f667a3835,2-3 Hari,,
https://down-id.img.susercontent.com/file/id-11134207-822wq-mmi9yyxe21vq71,https://down-id.img.susercontent.com/file/id-11134258-8224v-mkvw0cu9r7k1a5,"Samsung Galaxy S25 FE 8/256GB 8/512, Original Samsung",https://deo.shopeemobile.com/shopee/modules-federation/live/0/shopee__item-card-standard-v2/0.2.8/pc/e4734dab67ee2f9ebd5a.png,Rp,10.999.000,,https://deo.shopeemobile.com/shopee/modules-federation/live/0/shopee__item-card-standard-v2/0.2.8/pc/76dff349290d20891fc1.svg,https://deo.shopeemobile.com/shopee/modules-federation/live/0/shopee__item-card-standard-v2/0.2.8/pc/d2a1900a0267d45fd0f5.png,,https://deo.shopeemobile.com/shopee/modules-federation/live/0/shopee__item-card-standard-v2/0.2.8/pc/d7099d3fd1dfdaf705ab.svg,5.0,170 Terjual,https://deo.shopeemobile.com/shopee/modules-federation/live/0/shopee__item-card-standard-v2/0.2.8/pc/5dd7b4560d0e2d3190e8.svg,,Bandung,,,"Samsung Galaxy S25 FE 8/256GB 8/512, Original Samsung
Rp
10.999.000
5.0
170 Terjual
3 Hari
Bandung",https://shopee.co.id/Samsung-Galaxy-S25-FE-8-256GB-8-512-Original-Samsung-i.1545261615.42870854982?extraParams=%7B%22display_model_id%22%3A291701318645%2C%22model_selection_logic%22%3A3%7D&sp_atk=b46dded7-0960-4cb8-bbd1-e55a5341d5bd&xptdk=b46dded7-0960-4cb8-bbd1-e55a5341d5bd,3 Hari,,
https://down-id.img.susercontent.com/file/id-11134207-82250-mjnvpkk3b01v85,https://down-id.img.susercontent.com/file/id-11134258-8224v-mkvw0cu9r7k1a5,SAMSUNG GALAXY S25 FE 8GB 256GB - Exynos 2400 (4nm) Dynamic AMOLED 2x,https://deo.shopeemobile.com/shopee/modules-federation/live/0/shopee__item-card-standard-v2/0.2.8/pc/7c9110f78e069acbced7.png,Rp,9.298.000,-47%,https://deo.shopeemobile.com/shopee/modules-federation/live/0/shopee__item-card-standard-v2/0.2.8/pc/76dff349290d20891fc1.svg,,Hadiah Gratis,https://deo.shopeemobile.com/shopee/modules-federation/live/0/shopee__item-card-standard-v2/0.2.8/pc/d7099d3fd1dfdaf705ab.svg,5.0,31 Terjual,https://deo.shopeemobile.com/shopee/modules-federation/live/0/shopee__item-card-standard-v2/0.2.8/pc/5dd7b4560d0e2d3190e8.svg,https://deo.shopeemobile.com/shopee/modules-federation/live/0/shopee__item-card-standard-v2/0.2.8/pc/b4d1b8a78b3621dbdf4a.svg,Jakarta Utara,,,"SAMSUNG GALAXY S25 FE 8GB 256GB - Exynos 2400 (4nm) Dynamic AMOLED 2x
Rp
9.298.000
-47%
Hadiah Gratis
5.0
31 Terjual
2-4 Hari
Jakarta Utara",https://shopee.co.id/SAMSUNG-GALAXY-S25-FE-8GB-256GB-Exynos-2400-(4nm)-Dynamic-AMOLED-2x-i.250649369.24191263966?extraParams=%7B%22display_model_id%22%3A375452808331%2C%22model_selection_logic%22%3A3%7D&sp_atk=2ec92113-916d-4eb7-a672-b36527212900&xptdk=2ec92113-916d-4eb7-a672-b36527212900,2-4 Hari,,
https://down-id.img.susercontent.com/file/sg-11134201-8261p-mmbg00jsczrj7d,https://down-id.img.susercontent.com/file/id-11134258-7r98w-lyezzaurybot13,Samsung Galaxy A56 5G 12/256GB - Awesome Light Gray,https://deo.shopeemobile.com/shopee/modules-federation/live/0/shopee__item-card-standard-v2/0.2.8/pc/7c9110f78e069acbced7.png,Rp,6.692.800,-10%,https://deo.shopeemobile.com/shopee/modules-federation/live/0/shopee__item-card-standard-v2/0.2.8/pc/38e203dc86172a6c6560.svg,https://deo.shopeemobile.com/shopee/modules-federation/live/0/shopee__item-card-standard-v2/0.2.8/pc/d2a1900a0267d45fd0f5.png,,https://deo.shopeemobile.com/shopee/modules-federation/live/0/shopee__item-card-standard-v2/0.2.8/pc/d7099d3fd1dfdaf705ab.svg,4.9,3RB+ Terjual,https://deo.shopeemobile.com/shopee/modules-federation/live/0/shopee__item-card-standard-v2/0.2.8/pc/5dd7b4560d0e2d3190e8.svg,,Surabaya,https://deo.shopeemobile.com/shopee/modules-federation/live/0/shopee__item-card-standard-v2/0.2.8/pc/0614b8f0a8fdde22942d.svg,< 2 Hari,"Samsung Galaxy A56 5G 12/256GB - Awesome Light Gray
Rp
6.692.800
-10%
4.9
3RB+ Terjual
< 2 Hari
Surabaya",https://shopee.co.id/Samsung-Galaxy-A56-5G-12-256GB-Awesome-Light-Gray-i.52635036.27677744991?extraParams=%7B%22display_model_id%22%3A233862012041%2C%22model_selection_logic%22%3A3%7D&sp_atk=fb2e54ea-9432-4c80-893b-058b61360a6d&xptdk=fb2e54ea-9432-4c80-893b-058b61360a6d,,,
https://down-id.img.susercontent.com/file/id-11134207-7rbk0-m73aadisg8dddc,https://down-id.img.susercontent.com/file/id-11134258-8224v-mkvw0cu9r7k1a5,"Samsung Galaxy A06 4/64GB 4/128GB Mediatek Helio G85 5000mAh 25W 6.7"" Garansi Resmi",https://deo.shopeemobile.com/shopee/modules-federation/live/0/shopee__item-card-standard-v2/0.2.8/pc/7c9110f78e069acbced7.png,Rp,1.708.000,,https://deo.shopeemobile.com/shopee/modules-federation/live/0/shopee__item-card-standard-v2/0.2.8/pc/38e203dc86172a6c6560.svg,https://deo.shopeemobile.com/shopee/modules-federation/live/0/shopee__item-card-standard-v2/0.2.8/pc/d2a1900a0267d45fd0f5.png,,https://deo.shopeemobile.com/shopee/modules-federation/live/0/shopee__item-card-standard-v2/0.2.8/pc/d7099d3fd1dfdaf705ab.svg,4.9,76 Terjual,https://deo.shopeemobile.com/shopee/modules-federation/live/0/shopee__item-card-standard-v2/0.2.8/pc/5dd7b4560d0e2d3190e8.svg,,Kab. Sidoarjo,https://deo.shopeemobile.com/shopee/modules-federation/live/0/shopee__item-card-standard-v2/0.2.8/pc/0614b8f0a8fdde22942d.svg,2 jam,"Samsung Galaxy A06 4/64GB 4/128GB Mediatek Helio G85 5000mAh 25W 6.7"" Garansi Resmi
Rp
1.708.000
4.9
76 Terjual
2 jam
Kab. Sidoarjo",https://shopee.co.id/Samsung-Galaxy-A06-4-64GB-4-128GB-Mediatek-Helio-G85-5000mAh-25W-6.7-Garansi-Resmi-i.71769871.14668845616?extraParams=%7B%22display_model_id%22%3A243868893102%2C%22model_selection_logic%22%3A3%7D&sp_atk=c434269c-3bfb-4599-b066-ccf4ce595802&xptdk=c434269c-3bfb-4599-b066-ccf4ce595802,,,
https://down-id.img.susercontent.com/file/id-11134207-7rbk1-mawbuhtnbuas40,https://down-id.img.susercontent.com/file/id-11134258-8224v-mkvw0cu9r7k1a5,Samsung Galaxy A56 (5G) Ram 12/256GB Garansi Resmi,https://deo.shopeemobile.com/shopee/modules-federation/live/0/shopee__item-card-standard-v2/0.2.8/pc/e4734dab67ee2f9ebd5a.png,Rp,6.680.000,,https://deo.shopeemobile.com/shopee/modules-federation/live/0/shopee__item-card-standard-v2/0.2.8/pc/38e203dc86172a6c6560.svg,,,https://deo.shopeemobile.com/shopee/modules-federation/live/0/shopee__item-card-standard-v2/0.2.8/pc/d7099d3fd1dfdaf705ab.svg,5.0,160 Terjual,https://deo.shopeemobile.com/shopee/modules-federation/live/0/shopee__item-card-standard-v2/0.2.8/pc/5dd7b4560d0e2d3190e8.svg,,Kediri,https://deo.shopeemobile.com/shopee/modules-federation/live/0/shopee__item-card-standard-v2/0.2.8/pc/0614b8f0a8fdde22942d.svg,< 2 Hari,"Samsung Galaxy A56 (5G) Ram 12/256GB Garansi Resmi
Rp
6.680.000
5.0
160 Terjual
< 2 Hari
Kediri",https://shopee.co.id/Samsung-Galaxy-A56-(5G)-Ram-12-256GB-Garansi-Resmi-i.45658405.27781350634?extraParams=%7B%22display_model_id%22%3A253028199676%2C%22model_selection_logic%22%3A3%7D&sp_atk=a619821e-1d5f-491a-8a5f-67c506d8c53c&xptdk=a619821e-1d5f-491a-8a5f-67c506d8c53c,,,
https://down-id.img.susercontent.com/file/id-11134207-7rbk5-maf4tf53qcfff4,https://down-id.img.susercontent.com/file/id-11134258-822wr-mlx5y0tebegw04,Samsung Galaxy A26 5G 256GB [ Ram 8GB ] Black Pink Green Garansi Resmi Samsung Indonesia,https://deo.shopeemobile.com/shopee/modules-federation/live/0/shopee__item-card-standard-v2/0.2.8/pc/e4734dab67ee2f9ebd5a.png,Rp,4.087.000,-1%,https://deo.shopeemobile.com/shopee/modules-federation/live/0/shopee__item-card-standard-v2/0.2.8/pc/76dff349290d20891fc1.svg,,Hadiah Gratis,https://deo.shopeemobile.com/shopee/modules-federation/live/0/shopee__item-card-standard-v2/0.2.8/pc/d7099d3fd1dfdaf705ab.svg,5.0,223 Terjual,https://deo.shopeemobile.com/shopee/modules-federation/live/0/shopee__item-card-standard-v2/0.2.8/pc/5dd7b4560d0e2d3190e8.svg,https://deo.shopeemobile.com/shopee/modules-federation/live/0/shopee__item-card-standard-v2/0.2.8/pc/b4d1b8a78b3621dbdf4a.svg,Jakarta Pusat,,,"Samsung Galaxy A26 5G 256GB [ Ram 8GB ] Black Pink Green Garansi Resmi Samsung Indonesia
Rp
4.087.000
-1%
Hadiah Gratis
5.0
223 Terjual
3 Hari
Jakarta Pusat",https://shopee.co.id/Samsung-Galaxy-A26-5G-256GB-Ram-8GB-Black-Pink-Green-Garansi-Resmi-Samsung-Indonesia-i.175053773.23681860274?extraParams=%7B%22display_model_id%22%3A197069064186%2C%22model_selection_logic%22%3A3%7D&sp_atk=ed4ad7a1-80a7-4b10-bc8e-a3f517317af9&xptdk=ed4ad7a1-80a7-4b10-bc8e-a3f517317af9,3 Hari,,
https://down-id.img.susercontent.com/file/54200143b3ef3c5c0304110aadc87a40,https://down-id.img.susercontent.com/file/id-11134258-8224v-mkvw0cu9r7k1a5,SAMSUNG GALAXY A13 6/128GB GARANSI RESMI SEIN,,Rp,1.850.000,,https://deo.shopeemobile.com/shopee/modules-federation/live/0/shopee__item-card-standard-v2/0.2.8/pc/76dff349290d20891fc1.svg,,,https://deo.shopeemobile.com/shopee/modules-federation/live/0/shopee__item-card-standard-v2/0.2.8/pc/d7099d3fd1dfdaf705ab.svg,4.6,285 Terjual,https://deo.shopeemobile.com/shopee/modules-federation/live/0/shopee__item-card-standard-v2/0.2.8/pc/5dd7b4560d0e2d3190e8.svg,,Surabaya,,,"SAMSUNG GALAXY A13 6/128GB GARANSI RESMI SEIN
Rp
1.850.000
4.6
285 Terjual
3-6 Hari
Surabaya",https://shopee.co.id/SAMSUNG-GALAXY-A13-6-128GB-GARANSI-RESMI-SEIN-i.251901443.17576505180?extraParams=%7B%22display_model_id%22%3A106919205076%2C%22model_selection_logic%22%3A3%7D&sp_atk=61a7ec7f-6369-4ab8-bc61-8f1c0d1ffdfc&xptdk=61a7ec7f-6369-4ab8-bc61-8f1c0d1ffdfc,3-6 Hari,,
https://down-id.img.susercontent.com/file/sg-11134201-81ztg-mmitoe8ken0m9f,https://down-id.img.susercontent.com/file/id-11134258-8224v-mkvw0cu9r7k1a5,Samsung Galaxy A57 5G | Triple 50 MP | 5000mAh [Garansi Resmi],https://deo.shopeemobile.com/shopee/modules-federation/live/0/shopee__item-card-standard-v2/0.2.8/pc/7c9110f78e069acbced7.png,Rp,7.099.000,-7%,https://deo.shopeemobile.com/shopee/modules-federation/live/0/shopee__item-card-standard-v2/0.2.8/pc/76dff349290d20891fc1.svg,,,https://deo.shopeemobile.com/shopee/modules-federation/live/0/shopee__item-card-standard-v2/0.2.8/pc/d7099d3fd1dfdaf705ab.svg,5.0,11 Terjual,https://deo.shopeemobile.com/shopee/modules-federation/live/0/shopee__item-card-standard-v2/0.2.8/pc/5dd7b4560d0e2d3190e8.svg,,Denpasar,,,"Samsung Galaxy A57 5G | Triple 50 MP | 5000mAh [Garansi Resmi]
Rp
7.099.000
-7%
5.0
11 Terjual
3-4 Hari
Denpasar",https://shopee.co.id/Samsung-Galaxy-A57-5G-Triple-50-MP-5000mAh-Garansi-Resmi--i.261010358.56258058964?extraParams=%7B%22display_model_id%22%3A395716641301%2C%22model_selection_logic%22%3A3%7D&sp_atk=fa709158-ad14-402a-90d0-33e9fa9803d2&xptdk=fa709158-ad14-402a-90d0-33e9fa9803d2,3-4 Hari,,
https://down-id.img.susercontent.com/file/id-11134207-23030-g751h0rilsovc5,https://down-id.img.susercontent.com/file/id-11134258-8224v-mkvw0cu9r7k1a5,Samsung A54 5G NFC Ram 8/256Gb ram 8/128Gb Garansi resmi,https://deo.shopeemobile.com/shopee/modules-federation/live/0/shopee__item-card-standard-v2/0.2.8/pc/7c9110f78e069acbced7.png,Rp,6.098.000,,https://deo.shopeemobile.com/shopee/modules-federation/live/0/shopee__item-card-standard-v2/0.2.8/pc/76dff349290d20891fc1.svg,,,https://deo.shopeemobile.com/shopee/modules-federation/live/0/shopee__item-card-standard-v2/0.2.8/pc/d7099d3fd1dfdaf705ab.svg,4.8,215 Terjual,https://deo.shopeemobile.com/shopee/modules-federation/live/0/shopee__item-card-standard-v2/0.2.8/pc/5dd7b4560d0e2d3190e8.svg,,Tangerang,,,"Samsung A54 5G NFC Ram 8/256Gb ram 8/128Gb Garansi resmi
Rp
6.098.000
4.8
215 Terjual
2-3 Hari
Tangerang",https://shopee.co.id/Samsung-A54-5G-NFC-Ram-8-256Gb-ram-8-128Gb-Garansi-resmi-i.228771622.18976448959?extraParams=%7B%22display_model_id%22%3A137596060103%2C%22model_selection_logic%22%3A3%7D&sp_atk=63a95218-0017-40e3-8436-4de77ca22262&xptdk=63a95218-0017-40e3-8436-4de77ca22262,2-3 Hari,,
https://down-id.img.susercontent.com/file/id-11134207-8224y-mftdxk9ihhcfc7,https://down-id.img.susercontent.com/file/id-11134258-822wr-mlx67rtd6r602f,SAMSUNG A13 ram 6/128gb GARANSI RESMI 1 TAHUN,https://deo.shopeemobile.com/shopee/modules-federation/live/0/shopee__item-card-standard-v2/0.2.8/pc/e4734dab67ee2f9ebd5a.png,Rp,1.950.000,,https://deo.shopeemobile.com/shopee/modules-federation/live/0/shopee__item-card-standard-v2/0.2.8/pc/76dff349290d20891fc1.svg,,,https://deo.shopeemobile.com/shopee/modules-federation/live/0/shopee__item-card-standard-v2/0.2.8/pc/d7099d3fd1dfdaf705ab.svg,4.9,234 Terjual,https://deo.shopeemobile.com/shopee/modules-federation/live/0/shopee__item-card-standard-v2/0.2.8/pc/5dd7b4560d0e2d3190e8.svg,,Surabaya,,,"SAMSUNG A13 ram 6/128gb GARANSI RESMI 1 TAHUN
Rp
1.950.000
4.9
234 Terjual
2-3 Hari
Surabaya",https://shopee.co.id/SAMSUNG-A13-ram-6-128gb-GARANSI-RESMI-1-TAHUN-i.7850895.13792801126?extraParams=%7B%22display_model_id%22%3A190232913228%2C%22model_selection_logic%22%3A3%7D&sp_atk=9cc87cd1-6a32-450a-adfb-d1f0e6a20741&xptdk=9cc87cd1-6a32-450a-adfb-d1f0e6a20741,2-3 Hari,,
https://down-id.img.susercontent.com/file/id-11134201-7qul8-lkgfu7qymiiq50,https://down-id.img.susercontent.com/file/id-11134258-8224v-mkvw0cu9r7k1a5,Samsung galaxy A14 5g dan LTE 6/128 dan 4/128 Garansi resmi Samsung 1 Tahun,,Rp,1.975.000,-38%,https://deo.shopeemobile.com/shopee/modules-federation/live/0/shopee__item-card-standard-v2/0.2.8/pc/76dff349290d20891fc1.svg,,,https://deo.shopeemobile.com/shopee/modules-federation/live/0/shopee__item-card-standard-v2/0.2.8/pc/d7099d3fd1dfdaf705ab.svg,4.8,331 Terjual,https://deo.shopeemobile.com/shopee/modules-federation/live/0/shopee__item-card-standard-v2/0.2.8/pc/5dd7b4560d0e2d3190e8.svg,,Surabaya,,,"Samsung galaxy A14 5g dan LTE 6/128 dan 4/128 Garansi resmi Samsung 1 Tahun
Rp
1.975.000
-38%
4.8
331 Terjual
2-5 Hari
Surabaya",https://shopee.co.id/Samsung-galaxy-A14-5g-dan-LTE-6-128-dan-4-128-Garansi-resmi-Samsung-1-Tahun-i.155116050.22428574373?extraParams=%7B%22display_model_id%22%3A204091024038%2C%22model_selection_logic%22%3A3%7D&sp_atk=696f2764-65e2-409c-8571-e168cd58d6d3&xptdk=696f2764-65e2-409c-8571-e168cd58d6d3,2-5 Hari,,
https://down-id.img.susercontent.com/file/id-11134207-7rbkd-mawayr8nbk4995,https://down-id.img.susercontent.com/file/id-11134258-8224v-mkvw0cu9r7k1a5,Samsung Galaxy A36 5G 8/256 Garansi Resmi Samsung Indonesia,https://deo.shopeemobile.com/shopee/modules-federation/live/0/shopee__item-card-standard-v2/0.2.8/pc/e4734dab67ee2f9ebd5a.png,Rp,5.170.000,,https://deo.shopeemobile.com/shopee/modules-federation/live/0/shopee__item-card-standard-v2/0.2.8/pc/76dff349290d20891fc1.svg,,,https://deo.shopeemobile.com/shopee/modules-federation/live/0/shopee__item-card-standard-v2/0.2.8/pc/d7099d3fd1dfdaf705ab.svg,5.0,629 Terjual,https://deo.shopeemobile.com/shopee/modules-federation/live/0/shopee__item-card-standard-v2/0.2.8/pc/5dd7b4560d0e2d3190e8.svg,,Jakarta Utara,,,"Samsung Galaxy A36 5G 8/256 Garansi Resmi Samsung Indonesia
Rp
5.170.000
5.0
629 Terjual
3 Hari
Jakarta Utara",https://shopee.co.id/Samsung-Galaxy-A36-5G-8-256-Garansi-Resmi-Samsung-Indonesia-i.75066549.22678490771?extraParams=%7B%22display_model_id%22%3A290359175185%2C%22model_selection_logic%22%3A3%7D&sp_atk=f674a002-ba3e-4e75-ae65-f3954cf96c70&xptdk=f674a002-ba3e-4e75-ae65-f3954cf96c70,3 Hari,,
https://down-id.img.susercontent.com/file/id-11134207-7rbk9-mb0tcu24bqsr18,https://down-id.img.susercontent.com/file/id-11134258-8224v-mkvw0cu9r7k1a5,Samsung A56 5G 12/256 Garansi Resmi SEIN Original,https://deo.shopeemobile.com/shopee/modules-federation/live/0/shopee__item-card-standard-v2/0.2.8/pc/e4734dab67ee2f9ebd5a.png,Rp,5.749.000,-25%,https://deo.shopeemobile.com/shopee/modules-federation/live/0/shopee__item-card-standard-v2/0.2.8/pc/38e203dc86172a6c6560.svg,https://deo.shopeemobile.com/shopee/modules-federation/live/0/shopee__item-card-standard-v2/0.2.8/pc/d2a1900a0267d45fd0f5.png,Cicilan,https://deo.shopeemobile.com/shopee/modules-federation/live/0/shopee__item-card-standard-v2/0.2.8/pc/d7099d3fd1dfdaf705ab.svg,5.0,267 Terjual,https://deo.shopeemobile.com/shopee/modules-federation/live/0/shopee__item-card-standard-v2/0.2.8/pc/5dd7b4560d0e2d3190e8.svg,,Surabaya,https://deo.shopeemobile.com/shopee/modules-federation/live/0/shopee__item-card-standard-v2/0.2.8/pc/0614b8f0a8fdde22942d.svg,Hari ini,"Samsung A56 5G 12/256 Garansi Resmi SEIN Original
Rp
5.749.000
-25%
Cicilan
5.0
267 Terjual
Hari ini
Surabaya",https://shopee.co.id/Samsung-A56-5G-12-256-Garansi-Resmi-SEIN-Original-i.174706429.13431980300?extraParams=%7B%22display_model_id%22%3A290389664952%2C%22model_selection_logic%22%3A3%7D&sp_atk=7137f73d-7df8-4f33-b6b8-6005d6b1ab7e&xptdk=7137f73d-7df8-4f33-b6b8-6005d6b1ab7e,,,
https://down-id.img.susercontent.com/file/id-11134207-8224y-min3bwf2n2107a,https://down-id.img.susercontent.com/file/id-11134258-822wr-mlx5y0tebegw04,samsung galaxy a54 5g 8/128,https://deo.shopeemobile.com/shopee/modules-federation/live/0/shopee__item-card-standard-v2/0.2.8/pc/e4734dab67ee2f9ebd5a.png,Rp,3.900.000,,https://deo.shopeemobile.com/shopee/modules-federation/live/0/shopee__item-card-standard-v2/0.2.8/pc/38e203dc86172a6c6560.svg,,,https://deo.shopeemobile.com/shopee/modules-federation/live/0/shopee__item-card-standard-v2/0.2.8/pc/d7099d3fd1dfdaf705ab.svg,5.0,6 Terjual,https://deo.shopeemobile.com/shopee/modules-federation/live/0/shopee__item-card-standard-v2/0.2.8/pc/5dd7b4560d0e2d3190e8.svg,,Surabaya,https://deo.shopeemobile.com/shopee/modules-federation/live/0/shopee__item-card-standard-v2/0.2.8/pc/0614b8f0a8fdde22942d.svg,3 jam,"samsung galaxy a54 5g 8/128
Rp
3.900.000
5.0
6 Terjual
3 jam
Surabaya",https://shopee.co.id/samsung-galaxy-a54-5g-8-128-i.228770710.24812851924?extraParams=%7B%22display_model_id%22%3A226044606921%2C%22model_selection_logic%22%3A3%7D&sp_atk=5f942e99-6e60-477c-a5a8-4ed1d9fdcb21&xptdk=5f942e99-6e60-477c-a5a8-4ed1d9fdcb21,,,
https://down-id.img.susercontent.com/file/id-11134207-7r991-lmx8fw43t8jw2c,https://down-id.img.susercontent.com/file/id-11134258-8224v-mkvw0cu9r7k1a5,Samsung galaxy S23FE 8/256 dan 8/128 Garansi resmi samsung SEIN,,Rp,6.250.000,-43%,https://deo.shopeemobile.com/shopee/modules-federation/live/0/shopee__item-card-standard-v2/0.2.8/pc/76dff349290d20891fc1.svg,,,https://deo.shopeemobile.com/shopee/modules-federation/live/0/shopee__item-card-standard-v2/0.2.8/pc/d7099d3fd1dfdaf705ab.svg,4.8,287 Terjual,https://deo.shopeemobile.com/shopee/modules-federation/live/0/shopee__item-card-standard-v2/0.2.8/pc/5dd7b4560d0e2d3190e8.svg,,Surabaya,,,"Samsung galaxy S23FE 8/256 dan 8/128 Garansi resmi samsung SEIN
Rp
6.250.000
-43%
4.8
287 Terjual
2-5 Hari
Surabaya",https://shopee.co.id/Samsung-galaxy-S23FE-8-256-dan-8-128-Garansi-resmi-samsung-SEIN-i.155116050.23056768484?extraParams=%7B%22display_model_id%22%3A225740835635%2C%22model_selection_logic%22%3A3%7D&sp_atk=0333be4f-e170-45bc-934c-2b589ae5ae9f&xptdk=0333be4f-e170-45bc-934c-2b589ae5ae9f,,,
https://down-id.img.susercontent.com/file/id-11134207-7r98t-lmc05oa3xo5q92,https://down-id.img.susercontent.com/file/id-11134258-8224v-mkvw0cu9r7k1a5,Samsung galaxy A34 5g 8/256 free adaptor charge Garansi resmi Samsung,,Rp,3.600.000,-33%,https://deo.shopeemobile.com/shopee/modules-federation/live/0/shopee__item-card-standard-v2/0.2.8/pc/76dff349290d20891fc1.svg,,,https://deo.shopeemobile.com/shopee/modules-federation/live/0/shopee__item-card-standard-v2/0.2.8/pc/d7099d3fd1dfdaf705ab.svg,4.8,480 Terjual,https://deo.shopeemobile.com/shopee/modules-federation/live/0/shopee__item-card-standard-v2/0.2.8/pc/5dd7b4560d0e2d3190e8.svg,,Surabaya,,,"Samsung galaxy A34 5g 8/256 free adaptor charge Garansi resmi Samsung
Rp
3.600.000
-33%
4.8
480 Terjual
2-5 Hari
Surabaya",https://shopee.co.id/Samsung-galaxy-A34-5g-8-256-free-adaptor-charge-Garansi-resmi-Samsung-i.155116050.20475093295?extraParams=%7B%22display_model_id%22%3A186936645909%2C%22model_selection_logic%22%3A3%7D&sp_atk=0d8b0219-c0c6-4a9f-bc7c-20556ac344c3&xptdk=0d8b0219-c0c6-4a9f-bc7c-20556ac344c3,,,
https://down-id.img.susercontent.com/file/id-11134207-822wl-mmfmegu2fhfzba,https://down-id.img.susercontent.com/file/id-11134258-8224v-mkvw0cu9r7k1a5,Samsung Galaxy A37 5G RAM 8/128 & 8/256GB Garansi Resmi New IP68,https://deo.shopeemobile.com/shopee/modules-federation/live/0/shopee__item-card-standard-v2/0.2.8/pc/e4734dab67ee2f9ebd5a.png,Rp,5.644.000,-1%,https://deo.shopeemobile.com/shopee/modules-federation/live/0/shopee__item-card-standard-v2/0.2.8/pc/76dff349290d20891fc1.svg,,,https://deo.shopeemobile.com/shopee/modules-federation/live/0/shopee__item-card-standard-v2/0.2.8/pc/d7099d3fd1dfdaf705ab.svg,5.0,2 Terjual,https://deo.shopeemobile.com/shopee/modules-federation/live/0/shopee__item-card-standard-v2/0.2.8/pc/5dd7b4560d0e2d3190e8.svg,https://deo.shopeemobile.com/shopee/modules-federation/live/0/shopee__item-card-standard-v2/0.2.8/pc/b4d1b8a78b3621dbdf4a.svg,Medan,,,"Samsung Galaxy A37 5G RAM 8/128 & 8/256GB Garansi Resmi New IP68
Rp
5.644.000
-1%
5.0
2 Terjual
3 Hari
Medan",https://shopee.co.id/Samsung-Galaxy-A37-5G-RAM-8-128-8-256GB-Garansi-Resmi-New-IP68-i.1098981339.57457943761?extraParams=%7B%22display_model_id%22%3A430746041299%2C%22model_selection_logic%22%3A3%7D&sp_atk=298badca-ad84-404e-9992-79db6515a393&xptdk=298badca-ad84-404e-9992-79db6515a393,,,
https://down-id.img.susercontent.com/file/id-11134207-7rbk0-mb3ady1fu9x016,https://down-id.img.susercontent.com/file/id-11134258-7r98w-lyezzaurybot13,Samsung A26 5G 8/256 Garansi Resmi Indonesia,https://deo.shopeemobile.com/shopee/modules-federation/live/0/shopee__item-card-standard-v2/0.2.8/pc/a425c915798471b33e5d.png,Rp,3.849.000,,https://deo.shopeemobile.com/shopee/modules-federation/live/0/shopee__item-card-standard-v2/0.2.8/pc/76dff349290d20891fc1.svg,,,https://deo.shopeemobile.com/shopee/modules-federation/live/0/shopee__item-card-standard-v2/0.2.8/pc/d7099d3fd1dfdaf705ab.svg,4.6,25 Terjual,https://deo.shopeemobile.com/shopee/modules-federation/live/0/shopee__item-card-standard-v2/0.2.8/pc/5dd7b4560d0e2d3190e8.svg,,Surabaya,,,"Samsung A26 5G 8/256 Garansi Resmi Indonesia
Rp
3.849.000
4.6
25 Terjual
2-3 Hari
Surabaya",https://shopee.co.id/Samsung-A26-5G-8-256-Garansi-Resmi-Indonesia-i.211675125.19834190713?extraParams=%7B%22display_model_id%22%3A191756757918%2C%22model_selection_logic%22%3A3%7D&sp_atk=1459fcd2-d87d-4ead-bbf5-1f84f9851c2e&xptdk=1459fcd2-d87d-4ead-bbf5-1f84f9851c2e,,,
https://down-id.img.susercontent.com/file/id-11134207-7rbk2-mafzxztpwomwaa,https://down-id.img.susercontent.com/file/id-11134258-8224v-mkvw0cu9r7k1a5,SAMSUNG GALAXY A56 5G 100% ORIGINAL SEGEL RESMI GARANSI SAMSUNG SEIN INDONESIA,https://deo.shopeemobile.com/shopee/modules-federation/live/0/shopee__item-card-standard-v2/0.2.8/pc/e4734dab67ee2f9ebd5a.png,Rp,5.730.000,-16%,https://deo.shopeemobile.com/shopee/modules-federation/live/0/shopee__item-card-standard-v2/0.2.8/pc/76dff349290d20891fc1.svg,,,https://deo.shopeemobile.com/shopee/modules-federation/live/0/shopee__item-card-standard-v2/0.2.8/pc/d7099d3fd1dfdaf705ab.svg,4.8,410 Terjual,https://deo.shopeemobile.com/shopee/modules-federation/live/0/shopee__item-card-standard-v2/0.2.8/pc/5dd7b4560d0e2d3190e8.svg,,Surabaya,,Cashback 99%,"SAMSUNG GALAXY A56 5G 100% ORIGINAL SEGEL RESMI GARANSI SAMSUNG SEIN INDONESIA
Rp
5.730.000
-16%
Cashback 99%
4.8
410 Terjual
2-3 Hari
Surabaya",https://shopee.co.id/SAMSUNG-GALAXY-A56-5G-100-ORIGINAL-SEGEL-RESMI-GARANSI-SAMSUNG-SEIN-INDONESIA-i.1133058510.25706413770?extraParams=%7B%22display_model_id%22%3A340713330224%2C%22model_selection_logic%22%3A3%7D&sp_atk=9c008695-7d27-4ec9-b3b7-6c55905ae972&xptdk=9c008695-7d27-4ec9-b3b7-6c55905ae972,,,
https://down-id.img.susercontent.com/file/id-11134207-7rasl-m5vcxk79y9i049,https://down-id.img.susercontent.com/file/id-11134258-8224v-mkvw0cu9r7k1a5,Samsung Galaxy S25 Ultra 5G 12/256 GB 12/512 GB 12/1 TB Garansi Resmi SEIN,https://deo.shopeemobile.com/shopee/modules-federation/live/0/shopee__item-card-standard-v2/0.2.8/pc/e4734dab67ee2f9ebd5a.png,Rp,19.999.000,-13%,https://deo.shopeemobile.com/shopee/modules-federation/live/0/shopee__item-card-standard-v2/0.2.8/pc/38e203dc86172a6c6560.svg,,,https://deo.shopeemobile.com/shopee/modules-federation/live/0/shopee__item-card-standard-v2/0.2.8/pc/d7099d3fd1dfdaf705ab.svg,5.0,219 Terjual,https://deo.shopeemobile.com/shopee/modules-federation/live/0/shopee__item-card-standard-v2/0.2.8/pc/5dd7b4560d0e2d3190e8.svg,,Surabaya,https://deo.shopeemobile.com/shopee/modules-federation/live/0/shopee__item-card-standard-v2/0.2.8/pc/0614b8f0a8fdde22942d.svg,2 jam,"Samsung Galaxy S25 Ultra 5G 12/256 GB 12/512 GB 12/1 TB Garansi Resmi SEIN
Rp
19.999.000
-13%
5.0
219 Terjual
2 jam
Surabaya",https://shopee.co.id/Samsung-Galaxy-S25-Ultra-5G-12-256-GB-12-512-GB-12-1-TB-Garansi-Resmi-SEIN-i.11764527.24141420028?extraParams=%7B%22display_model_id%22%3A227478420646%2C%22model_selection_logic%22%3A3%7D&sp_atk=089adfc6-d058-40b8-a00a-401796a8cb2b&xptdk=089adfc6-d058-40b8-a00a-401796a8cb2b,,,
https://down-id.img.susercontent.com/file/id-11134207-7rbke-mamc69bvohqxc2,https://down-id.img.susercontent.com/file/id-11134258-8224v-mkvw0cu9r7k1a5,Samsung Galaxy A36 5G (8GB/256GB) & M33 New BNIB,,Rp,3.799.000,,https://deo.shopeemobile.com/shopee/modules-federation/live/0/shopee__item-card-standard-v2/0.2.8/pc/76dff349290d20891fc1.svg,https://deo.shopeemobile.com/shopee/modules-federation/live/0/shopee__item-card-standard-v2/0.2.8/pc/d2a1900a0267d45fd0f5.png,Cicilan,https://deo.shopeemobile.com/shopee/modules-federation/live/0/shopee__item-card-standard-v2/0.2.8/pc/d7099d3fd1dfdaf705ab.svg,4.5,5RB+ Terjual,https://deo.shopeemobile.com/shopee/modules-federation/live/0/shopee__item-card-standard-v2/0.2.8/pc/5dd7b4560d0e2d3190e8.svg,,Kab. Tangerang,,,"Samsung Galaxy A36 5G (8GB/256GB) & M33 New BNIB
Rp
3.799.000
Cicilan
4.5
5RB+ Terjual
3-6 Hari
Kab. Tangerang",https://shopee.co.id/Samsung-Galaxy-A36-5G-(8GB-256GB)-M33-New-BNIB-i.228720061.4242316890?extraParams=%7B%22display_model_id%22%3A32400968585%2C%22model_selection_logic%22%3A3%7D&sp_atk=a6a23ea0-3d07-4373-bb1a-b0acf29a7c47&xptdk=a6a23ea0-3d07-4373-bb1a-b0acf29a7c47,,Cicilan,
https://down-id.img.susercontent.com/file/sg-11134201-8262n-mmbg014la2gx70,https://down-id.img.susercontent.com/file/id-11134258-7r98w-lyezzaurybot13,Samsung Galaxy A36 5G 8/256GB - Awesome Lavender,https://deo.shopeemobile.com/shopee/modules-federation/live/0/shopee__item-card-standard-v2/0.2.8/pc/7c9110f78e069acbced7.png,Rp,5.699.000,-3%,https://deo.shopeemobile.com/shopee/modules-federation/live/0/shopee__item-card-standard-v2/0.2.8/pc/76dff349290d20891fc1.svg,https://deo.shopeemobile.com/shopee/modules-federation/live/0/shopee__item-card-standard-v2/0.2.8/pc/d2a1900a0267d45fd0f5.png,,https://deo.shopeemobile.com/shopee/modules-federation/live/0/shopee__item-card-standard-v2/0.2.8/pc/d7099d3fd1dfdaf705ab.svg,4.9,5RB+ Terjual,https://deo.shopeemobile.com/shopee/modules-federation/live/0/shopee__item-card-standard-v2/0.2.8/pc/5dd7b4560d0e2d3190e8.svg,,Jakarta Utara,,,"Samsung Galaxy A36 5G 8/256GB - Awesome Lavender
Rp
5.699.000
-3%
4.9
5RB+ Terjual
2-3 Hari
Jakarta Utara",https://shopee.co.id/Samsung-Galaxy-A36-5G-8-256GB-Awesome-Lavender-i.52635036.29477744703?extraParams=%7B%22display_model_id%22%3A188255966939%2C%22model_selection_logic%22%3A3%7D&sp_atk=1752e630-513a-4bd4-bc1a-2eec03519452&xptdk=1752e630-513a-4bd4-bc1a-2eec03519452,,,
https://down-id.img.susercontent.com/file/id-11134207-822wi-mlyrabx0rmro9c,https://down-id.img.susercontent.com/file/id-11134258-7r98w-lyezzaurybot13,SAMSUNG GALAXY A17 8GB 256GB | BLACK - BLUE - GREY,https://deo.shopeemobile.com/shopee/modules-federation/live/0/shopee__item-card-standard-v2/0.2.8/pc/a425c915798471b33e5d.png,Rp,3.199.000,-36%,https://deo.shopeemobile.com/shopee/modules-federation/live/0/shopee__item-card-standard-v2/0.2.8/pc/38e203dc86172a6c6560.svg,https://deo.shopeemobile.com/shopee/modules-federation/live/0/shopee__item-card-standard-v2/0.2.8/pc/d2a1900a0267d45fd0f5.png,,https://deo.shopeemobile.com/shopee/modules-federation/live/0/shopee__item-card-standard-v2/0.2.8/pc/d7099d3fd1dfdaf705ab.svg,5.0,2 Terjual,https://deo.shopeemobile.com/shopee/modules-federation/live/0/shopee__item-card-standard-v2/0.2.8/pc/5dd7b4560d0e2d3190e8.svg,,Surabaya,https://deo.shopeemobile.com/shopee/modules-federation/live/0/shopee__item-card-standard-v2/0.2.8/pc/0614b8f0a8fdde22942d.svg,Hari ini,"SAMSUNG GALAXY A17 8GB 256GB | BLACK - BLUE - GREY
Rp
3.199.000
-36%
5.0
2 Terjual
Hari ini
Surabaya",https://shopee.co.id/SAMSUNG-GALAXY-A17-8GB-256GB-BLACK-BLUE-GREY-i.1451245717.56057375834?extraParams=%7B%22display_model_id%22%3A405775522011%2C%22model_selection_logic%22%3A3%7D&sp_atk=4974831d-9fbd-48fa-b2b4-e5cec52338f5&xptdk=4974831d-9fbd-48fa-b2b4-e5cec52338f5,,,
https://down-id.img.susercontent.com/file/id-11134207-8224z-mfrz30a1o83x5c,https://down-id.img.susercontent.com/file/id-11134258-8224v-mkvw0cu9r7k1a5,Samsung Galaxy A56 5G 8/256 12/256 GB Garansi RESMI SEIN 1 Tahun Ai Smartphone,https://deo.shopeemobile.com/shopee/modules-federation/live/0/shopee__item-card-standard-v2/0.2.8/pc/7c9110f78e069acbced7.png,Rp,6.909.000,,https://deo.shopeemobile.com/shopee/modules-federation/live/0/shopee__item-card-standard-v2/0.2.8/pc/38e203dc86172a6c6560.svg,https://deo.shopeemobile.com/shopee/modules-federation/live/0/shopee__item-card-standard-v2/0.2.8/pc/d2a1900a0267d45fd0f5.png,,https://deo.shopeemobile.com/shopee/modules-federation/live/0/shopee__item-card-standard-v2/0.2.8/pc/d7099d3fd1dfdaf705ab.svg,4.9,442 Terjual,https://deo.shopeemobile.com/shopee/modules-federation/live/0/shopee__item-card-standard-v2/0.2.8/pc/5dd7b4560d0e2d3190e8.svg,,Kab. Sidoarjo,https://deo.shopeemobile.com/shopee/modules-federation/live/0/shopee__item-card-standard-v2/0.2.8/pc/0614b8f0a8fdde22942d.svg,Besok 11:00,"Samsung Galaxy A56 5G 8/256 12/256 GB Garansi RESMI SEIN 1 Tahun Ai Smartphone
Rp
6.909.000
4.9
442 Terjual
Besok 11:00
Kab. Sidoarjo",https://shopee.co.id/Samsung-Galaxy-A56-5G-8-256-12-256-GB-Garansi-RESMI-SEIN-1-Tahun-Ai-Smartphone-i.1102849498.28180246829?extraParams=%7B%22display_model_id%22%3A237547511407%2C%22model_selection_logic%22%3A3%7D&sp_atk=a5b656aa-dd7a-447c-a95e-fc8e7d6490ae&xptdk=a5b656aa-dd7a-447c-a95e-fc8e7d6490ae,,,
https://down-id.img.susercontent.com/file/sg-11134201-22120-6co25s9mn4kv4b,https://down-id.img.susercontent.com/file/id-11134258-8224v-mkvw0cu9r7k1a5,Samsung A04e 3/32 Garansi Resmi 1 Tahun Layar 6.5 Inch,https://deo.shopeemobile.com/shopee/modules-federation/live/0/shopee__item-card-standard-v2/0.2.8/pc/a425c915798471b33e5d.png,Rp,1.199.000,,https://deo.shopeemobile.com/shopee/modules-federation/live/0/shopee__item-card-standard-v2/0.2.8/pc/38e203dc86172a6c6560.svg,,,https://deo.shopeemobile.com/shopee/modules-federation/live/0/shopee__item-card-standard-v2/0.2.8/pc/d7099d3fd1dfdaf705ab.svg,5.0,21 Terjual,https://deo.shopeemobile.com/shopee/modules-federation/live/0/shopee__item-card-standard-v2/0.2.8/pc/5dd7b4560d0e2d3190e8.svg,,Surabaya,https://deo.shopeemobile.com/shopee/modules-federation/live/0/shopee__item-card-standard-v2/0.2.8/pc/0614b8f0a8fdde22942d.svg,Hari ini,"Samsung A04e 3/32 Garansi Resmi 1 Tahun Layar 6.5 Inch
Rp
1.199.000
5.0
21 Terjual
Hari ini
Surabaya",https://shopee.co.id/Samsung-A04e-3-32-Garansi-Resmi-1-Tahun-Layar-6.5-Inch-i.234217844.23611153258?extraParams=%7B%22display_model_id%22%3A204732274936%2C%22model_selection_logic%22%3A3%7D&sp_atk=9e976e7c-2d7c-4298-9297-1019bf189954&xptdk=9e976e7c-2d7c-4298-9297-1019bf189954,,,
https://down-id.img.susercontent.com/file/id-11134207-7rbkd-m91kg29j4g0208,https://down-id.img.susercontent.com/file/id-11134258-8224v-mkvw0cu9r7k1a5,SAMSUNG GALAXY A56 5G 8GB+256GB / 12GB+256GB GRAPHITE / LIGHTGRAY / OLIVE / PINK,https://deo.shopeemobile.com/shopee/modules-federation/live/0/shopee__item-card-standard-v2/0.2.8/pc/7c9110f78e069acbced7.png,Rp,6.199.000,,https://deo.shopeemobile.com/shopee/modules-federation/live/0/shopee__item-card-standard-v2/0.2.8/pc/76dff349290d20891fc1.svg,https://deo.shopeemobile.com/shopee/modules-federation/live/0/shopee__item-card-standard-v2/0.2.8/pc/d2a1900a0267d45fd0f5.png,,https://deo.shopeemobile.com/shopee/modules-federation/live/0/shopee__item-card-standard-v2/0.2.8/pc/d7099d3fd1dfdaf705ab.svg,4.9,221 Terjual,https://deo.shopeemobile.com/shopee/modules-federation/live/0/shopee__item-card-standard-v2/0.2.8/pc/5dd7b4560d0e2d3190e8.svg,,Kab. Bogor,,,"SAMSUNG GALAXY A56 5G 8GB+256GB / 12GB+256GB GRAPHITE / LIGHTGRAY / OLIVE / PINK
Rp
6.199.000
4.9
221 Terjual
3 Hari
Kab. Bogor",https://shopee.co.id/SAMSUNG-GALAXY-A56-5G-8GB-256GB-12GB-256GB-GRAPHITE-LIGHTGRAY-OLIVE-PINK-i.1368474464.29270359763?extraParams=%7B%22display_model_id%22%3A335369127274%2C%22model_selection_logic%22%3A3%7D&sp_atk=775e4b07-0848-42d1-b364-5350739b3556&xptdk=775e4b07-0848-42d1-b364-5350739b3556,,,
https://down-id.img.susercontent.com/file/id-11134207-81ztn-me742oqrhermbb,https://down-id.img.susercontent.com/file/id-11134258-8224v-mkvw0cu9r7k1a5,"Samsung Galaxy A07 8/256GB,A07 6/128GB,A07 4/128GB,A07 4/64GB,A06 5G 6/128GB (GARANSI RESMI 1 TAHUN)",,Rp,1.958.000,-25%,https://deo.shopeemobile.com/shopee/modules-federation/live/0/shopee__item-card-standard-v2/0.2.8/pc/38e203dc86172a6c6560.svg,,,https://deo.shopeemobile.com/shopee/modules-federation/live/0/shopee__item-card-standard-v2/0.2.8/pc/d7099d3fd1dfdaf705ab.svg,4.9,474 Terjual,https://deo.shopeemobile.com/shopee/modules-federation/live/0/shopee__item-card-standard-v2/0.2.8/pc/5dd7b4560d0e2d3190e8.svg,,Surabaya,https://deo.shopeemobile.com/shopee/modules-federation/live/0/shopee__item-card-standard-v2/0.2.8/pc/0614b8f0a8fdde22942d.svg,Hari ini,"Samsung Galaxy A07 8/256GB,A07 6/128GB,A07 4/128GB,A07 4/64GB,A06 5G 6/128GB (GARANSI RESMI 1 TAHUN)
Rp
1.958.000
-25%
4.9
474 Terjual
Hari ini
Surabaya",https://shopee.co.id/Samsung-Galaxy-A07-8-256GB-A07-6-128GB-A07-4-128GB-A07-4-64GB-A06-5G-6-128GB-(GARANSI-RESMI-1-TAHUN)-i.791255970.21554161192?extraParams=%7B%22display_model_id%22%3A108741676286%2C%22model_selection_logic%22%3A3%7D&sp_atk=5d14441c-5e91-4e80-a8b0-6d72c291668a&xptdk=5d14441c-5e91-4e80-a8b0-6d72c291668a,,,
https://down-id.img.susercontent.com/file/id-11134207-822wp-mlopheaz21ogbf,https://down-id.img.susercontent.com/file/id-11134258-7r98w-lyezzaurybot13,hp samsung A07 ram 6gb 4gb rom 64gb 128gb 256gb garansi resmi sein 1 tahun,https://deo.shopeemobile.com/shopee/modules-federation/live/0/shopee__item-card-standard-v2/0.2.8/pc/e4734dab67ee2f9ebd5a.png,Rp,1.675.000,,https://deo.shopeemobile.com/shopee/modules-federation/live/0/shopee__item-card-standard-v2/0.2.8/pc/38e203dc86172a6c6560.svg,https://deo.shopeemobile.com/shopee/modules-federation/live/0/shopee__item-card-standard-v2/0.2.8/pc/d2a1900a0267d45fd0f5.png,,https://deo.shopeemobile.com/shopee/modules-federation/live/0/shopee__item-card-standard-v2/0.2.8/pc/d7099d3fd1dfdaf705ab.svg,4.9,204 Terjual,https://deo.shopeemobile.com/shopee/modules-federation/live/0/shopee__item-card-standard-v2/0.2.8/pc/5dd7b4560d0e2d3190e8.svg,,Kab. Bojonegoro,https://deo.shopeemobile.com/shopee/modules-federation/live/0/shopee__item-card-standard-v2/0.2.8/pc/0614b8f0a8fdde22942d.svg,< 2 Hari,"hp samsung A07 ram 6gb 4gb rom 64gb 128gb 256gb garansi resmi sein 1 tahun
Rp
1.675.000
4.9
204 Terjual
< 2 Hari
Kab. Bojonegoro",https://shopee.co.id/hp-samsung-A07-ram-6gb-4gb-rom-64gb-128gb-256gb-garansi-resmi-sein-1-tahun-i.486498526.19347747999?extraParams=%7B%22display_model_id%22%3A126814068534%2C%22model_selection_logic%22%3A3%7D&sp_atk=25d54a77-c107-48eb-ac36-405822477eab&xptdk=25d54a77-c107-48eb-ac36-405822477eab,,,
https://down-id.img.susercontent.com/file/id-11134207-23020-mz0cex991bnvc1,https://down-id.img.susercontent.com/file/id-11134258-8224v-mkvw0cu9r7k1a5,Samsung Galaxy A14 5G 6/128GB Garansi Resmi,,Rp,2.050.000,,https://deo.shopeemobile.com/shopee/modules-federation/live/0/shopee__item-card-standard-v2/0.2.8/pc/76dff349290d20891fc1.svg,,,https://deo.shopeemobile.com/shopee/modules-federation/live/0/shopee__item-card-standard-v2/0.2.8/pc/d7099d3fd1dfdaf705ab.svg,4.6,59 Terjual,https://deo.shopeemobile.com/shopee/modules-federation/live/0/shopee__item-card-standard-v2/0.2.8/pc/5dd7b4560d0e2d3190e8.svg,,Surabaya,,,"Samsung Galaxy A14 5G 6/128GB Garansi Resmi
Rp
2.050.000
4.6
59 Terjual
3 Hari
Surabaya",https://shopee.co.id/Samsung-Galaxy-A14-5G-6-128GB-Garansi-Resmi-i.251901443.23623022472?extraParams=%7B%22display_model_id%22%3A165548551008%2C%22model_selection_logic%22%3A3%7D&sp_atk=7ba4a46c-6a64-477b-9715-33697a587b47&xptdk=7ba4a46c-6a64-477b-9715-33697a587b47,,,
https://down-id.img.susercontent.com/file/id-11134207-8224w-mg36nfiuz1ft85,https://down-id.img.susercontent.com/file/id-11134258-822wr-mlx67rtd6r602f,Samsung A17 5G 8/256 GB Garansi Resmi SEIN/ Indonesia,https://deo.shopeemobile.com/shopee/modules-federation/live/0/shopee__item-card-standard-v2/0.2.8/pc/e4734dab67ee2f9ebd5a.png,Rp,3.999.000,-11%,https://deo.shopeemobile.com/shopee/modules-federation/live/0/shopee__item-card-standard-v2/0.2.8/pc/76dff349290d20891fc1.svg,https://deo.shopeemobile.com/shopee/modules-federation/live/0/shopee__item-card-standard-v2/0.2.8/pc/d2a1900a0267d45fd0f5.png,,https://deo.shopeemobile.com/shopee/modules-federation/live/0/shopee__item-card-standard-v2/0.2.8/pc/d7099d3fd1dfdaf705ab.svg,4.9,57 Terjual,https://deo.shopeemobile.com/shopee/modules-federation/live/0/shopee__item-card-standard-v2/0.2.8/pc/5dd7b4560d0e2d3190e8.svg,,Surabaya,,,"Samsung A17 5G 8/256 GB Garansi Resmi SEIN/ Indonesia
Rp
3.999.000
-11%
4.9
57 Terjual
2-3 Hari
Surabaya",https://shopee.co.id/Samsung-A17-5G-8-256-GB-Garansi-Resmi-SEIN-Indonesia-i.25028502.4283029530?extraParams=%7B%22display_model_id%22%3A297048015506%2C%22model_selection_logic%22%3A3%7D&sp_atk=b83ef348-a7c9-4ccc-8ba0-f3a556a60b67&xptdk=b83ef348-a7c9-4ccc-8ba0-f3a556a60b67,,,
https://down-id.img.susercontent.com/file/id-11134207-7rbk5-maf4tf53qcfff4,https://down-id.img.susercontent.com/file/id-11134258-822wr-mlx5y0tebegw04,Samsung Galaxy A26 5G 256GB [ Ram 8GB ] Black Pink Green Garansi Resmi Samsung Indonesia,https://deo.shopeemobile.com/shopee/modules-federation/live/0/shopee__item-card-standard-v2/0.2.8/pc/e4734dab67ee2f9ebd5a.png,Rp,4.087.000,-1%,https://deo.shopeemobile.com/shopee/modules-federation/live/0/shopee__item-card-standard-v2/0.2.8/pc/76dff349290d20891fc1.svg,,Hadiah Gratis,https://deo.shopeemobile.com/shopee/modules-federation/live/0/shopee__item-card-standard-v2/0.2.8/pc/d7099d3fd1dfdaf705ab.svg,5.0,223 Terjual,https://deo.shopeemobile.com/shopee/modules-federation/live/0/shopee__item-card-standard-v2/0.2.8/pc/5dd7b4560d0e2d3190e8.svg,https://deo.shopeemobile.com/shopee/modules-federation/live/0/shopee__item-card-standard-v2/0.2.8/pc/b4d1b8a78b3621dbdf4a.svg,Jakarta Pusat,,,"Samsung Galaxy A26 5G 256GB [ Ram 8GB ] Black Pink Green Garansi Resmi Samsung Indonesia
Rp
4.087.000
-1%
Hadiah Gratis
5.0
223 Terjual
3 Hari
Jakarta Pusat",https://shopee.co.id/Samsung-Galaxy-A26-5G-256GB-Ram-8GB-Black-Pink-Green-Garansi-Resmi-Samsung-Indonesia-i.175053773.23681860274?extraParams=%7B%22display_model_id%22%3A197069064186%2C%22model_selection_logic%22%3A3%7D&sp_atk=e5e79ef7-04c4-4afc-bc33-8e0d94135d2e&xptdk=e5e79ef7-04c4-4afc-bc33-8e0d94135d2e,,,
https://down-id.img.susercontent.com/file/id-11134207-82250-mk3hfsaefuv8bb,https://down-id.img.susercontent.com/file/id-11134258-8224v-mkvw0cu9r7k1a5,Samsung A07 4/128 8/256 New Garansi Resmi,https://deo.shopeemobile.com/shopee/modules-federation/live/0/shopee__item-card-standard-v2/0.2.8/pc/e4734dab67ee2f9ebd5a.png,Rp,2.294.000,,https://deo.shopeemobile.com/shopee/modules-federation/live/0/shopee__item-card-standard-v2/0.2.8/pc/38e203dc86172a6c6560.svg,https://deo.shopeemobile.com/shopee/modules-federation/live/0/shopee__item-card-standard-v2/0.2.8/pc/d2a1900a0267d45fd0f5.png,,https://deo.shopeemobile.com/shopee/modules-federation/live/0/shopee__item-card-standard-v2/0.2.8/pc/d7099d3fd1dfdaf705ab.svg,5.0,9 Terjual,https://deo.shopeemobile.com/shopee/modules-federation/live/0/shopee__item-card-standard-v2/0.2.8/pc/5dd7b4560d0e2d3190e8.svg,,Kab. Sidoarjo,https://deo.shopeemobile.com/shopee/modules-federation/live/0/shopee__item-card-standard-v2/0.2.8/pc/0614b8f0a8fdde22942d.svg,2 jam,"Samsung A07 4/128 8/256 New Garansi Resmi
Rp
2.294.000
5.0
9 Terjual
2 jam
Kab. Sidoarjo",https://shopee.co.id/Samsung-A07-4-128-8-256-New-Garansi-Resmi-i.1248150473.29754223092?extraParams=%7B%22display_model_id%22%3A320265121809%2C%22model_selection_logic%22%3A3%7D&sp_atk=7ec57f34-014d-4f73-98e0-9b889091650d&xptdk=7ec57f34-014d-4f73-98e0-9b889091650d,,,
https://down-id.img.susercontent.com/file/sg-11134201-82609-mmh6jl882i2p9f,https://down-id.img.susercontent.com/file/id-11134258-7r98w-lyezzaurybot13,Samsung Galaxy A37 5G 8/256GB - Awesome Lavender | Hp AI | IP68 | 5000 mAh,https://deo.shopeemobile.com/shopee/modules-federation/live/0/shopee__item-card-standard-v2/0.2.8/pc/7c9110f78e069acbced7.png,Rp,6.599.000,-10%,https://deo.shopeemobile.com/shopee/modules-federation/live/0/shopee__item-card-standard-v2/0.2.8/pc/76dff349290d20891fc1.svg,https://deo.shopeemobile.com/shopee/modules-federation/live/0/shopee__item-card-standard-v2/0.2.8/pc/d2a1900a0267d45fd0f5.png,,https://deo.shopeemobile.com/shopee/modules-federation/live/0/shopee__item-card-standard-v2/0.2.8/pc/d7099d3fd1dfdaf705ab.svg,5.0,25 Terjual,https://deo.shopeemobile.com/shopee/modules-federation/live/0/shopee__item-card-standard-v2/0.2.8/pc/5dd7b4560d0e2d3190e8.svg,,Jakarta Utara,,Cashback 20%,"Samsung Galaxy A37 5G 8/256GB - Awesome Lavender | Hp AI | IP68 | 5000 mAh
Rp
6.599.000
-10%
Cashback 20%
5.0
25 Terjual
2-3 Hari
Jakarta Utara",https://shopee.co.id/Samsung-Galaxy-A37-5G-8-256GB-Awesome-Lavender-Hp-AI-IP68-5000-mAh-i.52635036.25498046836?extraParams=%7B%22display_model_id%22%3A119599709529%2C%22model_selection_logic%22%3A3%7D&sp_atk=da6af189-5e97-48ab-8877-4791f0ca2695&xptdk=da6af189-5e97-48ab-8877-4791f0ca2695,,,
https://down-id.img.susercontent.com/file/id-11134207-7rbk7-m8mu7uzqueb1a0,https://down-id.img.susercontent.com/file/id-11134258-8224v-mkvw0cu9r7k1a5,Samsung S24 Ultra Resmi 256 / 512 gb sein,https://deo.shopeemobile.com/shopee/modules-federation/live/0/shopee__item-card-standard-v2/0.2.8/pc/e4734dab67ee2f9ebd5a.png,Rp,12.250.000,,https://deo.shopeemobile.com/shopee/modules-federation/live/0/shopee__item-card-standard-v2/0.2.8/pc/76dff349290d20891fc1.svg,,,https://deo.shopeemobile.com/shopee/modules-federation/live/0/shopee__item-card-standard-v2/0.2.8/pc/d7099d3fd1dfdaf705ab.svg,4.9,86 Terjual,https://deo.shopeemobile.com/shopee/modules-federation/live/0/shopee__item-card-standard-v2/0.2.8/pc/5dd7b4560d0e2d3190e8.svg,,Bekasi,,,"Samsung S24 Ultra Resmi 256 / 512 gb sein
Rp
12.250.000
4.9
86 Terjual
3 Hari
Bekasi",https://shopee.co.id/Samsung-S24-Ultra-Resmi-256-512-gb-sein-i.263857215.28712935562?extraParams=%7B%22display_model_id%22%3A252682982800%2C%22model_selection_logic%22%3A3%7D&sp_atk=845911db-760b-4de8-8ae4-02efc7b0f9c7&xptdk=845911db-760b-4de8-8ae4-02efc7b0f9c7,,,
https://down-id.img.susercontent.com/file/id-11134207-8224y-mftdxk9ihhcfc7,https://down-id.img.susercontent.com/file/id-11134258-822wr-mlx67rtd6r602f,SAMSUNG A13 ram 6/128gb GARANSI RESMI 1 TAHUN,https://deo.shopeemobile.com/shopee/modules-federation/live/0/shopee__item-card-standard-v2/0.2.8/pc/e4734dab67ee2f9ebd5a.png,Rp,1.950.000,,https://deo.shopeemobile.com/shopee/modules-federation/live/0/shopee__item-card-standard-v2/0.2.8/pc/76dff349290d20891fc1.svg,,,https://deo.shopeemobile.com/shopee/modules-federation/live/0/shopee__item-card-standard-v2/0.2.8/pc/d7099d3fd1dfdaf705ab.svg,4.9,234 Terjual,https://deo.shopeemobile.com/shopee/modules-federation/live/0/shopee__item-card-standard-v2/0.2.8/pc/5dd7b4560d0e2d3190e8.svg,,Surabaya,,,"SAMSUNG A13 ram 6/128gb GARANSI RESMI 1 TAHUN
Rp
1.950.000
4.9
234 Terjual
2-3 Hari
Surabaya",https://shopee.co.id/SAMSUNG-A13-ram-6-128gb-GARANSI-RESMI-1-TAHUN-i.7850895.13792801126?extraParams=%7B%22display_model_id%22%3A190232913228%2C%22model_selection_logic%22%3A3%7D&sp_atk=3a220f54-127d-4d1d-ba3a-1befabc4f2dd&xptdk=3a220f54-127d-4d1d-ba3a-1befabc4f2dd,,,
https://down-id.img.susercontent.com/file/id-11134207-81ztg-mf2hrmp91q8d62,https://down-id.img.susercontent.com/file/id-11134258-7r98w-lyezzaurybot13,Samsung Galaxy S25 FE 5G 8/256GB NFC Garansi Resmi,https://deo.shopeemobile.com/shopee/modules-federation/live/0/shopee__item-card-standard-v2/0.2.8/pc/7c9110f78e069acbced7.png,Rp,9.999.000,-5%,https://deo.shopeemobile.com/shopee/modules-federation/live/0/shopee__item-card-standard-v2/0.2.8/pc/76dff349290d20891fc1.svg,,,https://deo.shopeemobile.com/shopee/modules-federation/live/0/shopee__item-card-standard-v2/0.2.8/pc/d7099d3fd1dfdaf705ab.svg,4.9,24 Terjual,https://deo.shopeemobile.com/shopee/modules-federation/live/0/shopee__item-card-standard-v2/0.2.8/pc/5dd7b4560d0e2d3190e8.svg,,Semarang,,,"Samsung Galaxy S25 FE 5G 8/256GB NFC Garansi Resmi
Rp
9.999.000
-5%
4.9
24 Terjual
2-3 Hari
Semarang",https://shopee.co.id/Samsung-Galaxy-S25-FE-5G-8-256GB-NFC-Garansi-Resmi-i.287662257.40071394869?extraParams=%7B%22display_model_id%22%3A291744590789%2C%22model_selection_logic%22%3A3%7D&sp_atk=79899fc2-1a16-478d-a1fe-d89ec454c873&xptdk=79899fc2-1a16-478d-a1fe-d89ec454c873,,,
https://down-id.img.susercontent.com/file/id-11134207-8224s-mgqco0h6zl7289,https://down-id.img.susercontent.com/file/id-11134258-8224v-mkvw0cu9r7k1a5,"Official Samsung Galaxy A07 4+64GB/4+128GB/ 6+128GB/8+256GB | Samsung Galaxy A06 4+64GB/4+128GB/6+128GB Mediatek Helio G99,Camera 50MP ,5000mAh",https://deo.shopeemobile.com/shopee/modules-federation/live/0/shopee__item-card-standard-v2/0.2.8/pc/a425c915798471b33e5d.png,Rp,1.799.000,-47%,https://deo.shopeemobile.com/shopee/modules-federation/live/0/shopee__item-card-standard-v2/0.2.8/pc/76dff349290d20891fc1.svg,https://deo.shopeemobile.com/shopee/modules-federation/live/0/shopee__item-card-standard-v2/0.2.8/pc/d2a1900a0267d45fd0f5.png,,https://deo.shopeemobile.com/shopee/modules-federation/live/0/shopee__item-card-standard-v2/0.2.8/pc/d7099d3fd1dfdaf705ab.svg,4.9,6RB+ Terjual,https://deo.shopeemobile.com/shopee/modules-federation/live/0/shopee__item-card-standard-v2/0.2.8/pc/5dd7b4560d0e2d3190e8.svg,,Tangerang,,,"Official Samsung Galaxy A07 4+64GB/4+128GB/ 6+128GB/8+256GB | Samsung Galaxy A06 4+64GB/4+128GB/6+128GB Mediatek Helio G99,Camera 50MP ,5000mAh
Rp
1.799.000
-47%
4.9
6RB+ Terjual
2-3 Hari
Tangerang",https://shopee.co.id/Official-Samsung-Galaxy-A07-4-64GB-4-128GB-6-128GB-8-256GB-Samsung-Galaxy-A06-4-64GB-4-128GB-6-128GB-Mediatek-Helio-G99-Camera-50MP-5000mAh-i.1240881973.24427899714?extraParams=%7B%22display_model_id%22%3A271275651680%2C%22model_selection_logic%22%3A3%7D&sp_atk=e91d5d44-a974-45d0-a5af-e9b08b8984fa&xptdk=e91d5d44-a974-45d0-a5af-e9b08b8984fa,,,
https://down-id.img.susercontent.com/file/id-11134207-7r98o-lpazm64sz1xp8a,https://down-id.img.susercontent.com/file/id-11134258-822wr-mlx67rtd6r602f,Samsung A14 5G Ram 6/128Gb - 4/64Gb Garansi Resmi 1 Tahun,https://deo.shopeemobile.com/shopee/modules-federation/live/0/shopee__item-card-standard-v2/0.2.8/pc/7c9110f78e069acbced7.png,Rp,2.798.000,,https://deo.shopeemobile.com/shopee/modules-federation/live/0/shopee__item-card-standard-v2/0.2.8/pc/76dff349290d20891fc1.svg,,,https://deo.shopeemobile.com/shopee/modules-federation/live/0/shopee__item-card-standard-v2/0.2.8/pc/d7099d3fd1dfdaf705ab.svg,4.9,145 Terjual,https://deo.shopeemobile.com/shopee/modules-federation/live/0/shopee__item-card-standard-v2/0.2.8/pc/5dd7b4560d0e2d3190e8.svg,,Tangerang,,,"Samsung A14 5G Ram 6/128Gb - 4/64Gb Garansi Resmi 1 Tahun
Rp
2.798.000
4.9
145 Terjual
2-3 Hari
Tangerang",https://shopee.co.id/Samsung-A14-5G-Ram-6-128Gb-4-64Gb-Garansi-Resmi-1-Tahun-i.103801415.22720110636?extraParams=%7B%22display_model_id%22%3A266070045626%2C%22model_selection_logic%22%3A3%7D&sp_atk=e31ac288-2e9f-4974-b35a-beeadb3ec28b&xptdk=e31ac288-2e9f-4974-b35a-beeadb3ec28b,,,
https://down-id.img.susercontent.com/file/id-11134207-7ra0l-mbv5m2xgmrtwde,https://down-id.img.susercontent.com/file/id-11134258-8224v-mkvw0cu9r7k1a5,Samsung A56 5g 8/256 | 12/256 Garansi Resmi Samsung Indonesia termurah,https://deo.shopeemobile.com/shopee/modules-federation/live/0/shopee__item-card-standard-v2/0.2.8/pc/a425c915798471b33e5d.png,Rp,5.757.000,-18%,https://deo.shopeemobile.com/shopee/modules-federation/live/0/shopee__item-card-standard-v2/0.2.8/pc/76dff349290d20891fc1.svg,,,https://deo.shopeemobile.com/shopee/modules-federation/live/0/shopee__item-card-standard-v2/0.2.8/pc/d7099d3fd1dfdaf705ab.svg,4.8,406 Terjual,https://deo.shopeemobile.com/shopee/modules-federation/live/0/shopee__item-card-standard-v2/0.2.8/pc/5dd7b4560d0e2d3190e8.svg,,Surabaya,,,"Samsung A56 5g 8/256 | 12/256 Garansi Resmi Samsung Indonesia termurah
Rp
5.757.000
-18%
4.8
406 Terjual
2-3 Hari
Surabaya",https://shopee.co.id/Samsung-A56-5g-8-256-12-256-Garansi-Resmi-Samsung-Indonesia-termurah-i.295861257.17995022488?extraParams=%7B%22display_model_id%22%3A297474177387%2C%22model_selection_logic%22%3A3%7D&sp_atk=94a12ba0-00d4-4bc2-8900-4a4e4234e94b&xptdk=94a12ba0-00d4-4bc2-8900-4a4e4234e94b,,,
https://down-id.img.susercontent.com/file/id-11134207-7qul7-libe73f1i0sbfd,https://down-id.img.susercontent.com/file/id-11134258-8224v-mkvw0cu9r7k1a5,Samsung Galaxy M12 Garansi Sein 6.5 Inci Quad Kamera,,Rp,1.375.000,,https://deo.shopeemobile.com/shopee/modules-federation/live/0/shopee__item-card-standard-v2/0.2.8/pc/76dff349290d20891fc1.svg,,,https://deo.shopeemobile.com/shopee/modules-federation/live/0/shopee__item-card-standard-v2/0.2.8/pc/d7099d3fd1dfdaf705ab.svg,4.8,25 Terjual,https://deo.shopeemobile.com/shopee/modules-federation/live/0/shopee__item-card-standard-v2/0.2.8/pc/5dd7b4560d0e2d3190e8.svg,,Surabaya,,,"Samsung Galaxy M12 Garansi Sein 6.5 Inci Quad Kamera
Rp
1.375.000
4.8
25 Terjual
3 Hari
Surabaya",https://shopee.co.id/Samsung-Galaxy-M12-Garansi-Sein-6.5-Inci-Quad-Kamera-i.251901443.22571666834?extraParams=%7B%22display_model_id%22%3A176458608323%2C%22model_selection_logic%22%3A3%7D&sp_atk=4b9c14be-afc2-48de-8a84-dab31288f129&xptdk=4b9c14be-afc2-48de-8a84-dab31288f129,,,
https://down-id.img.susercontent.com/file/id-11134207-8224z-mk4tj2817jm06a,https://down-id.img.susercontent.com/file/id-11134258-7r98w-lyezzaurybot13,Samsung Galaxy A36 5G 8/256GB NFC Garansi Resmi Indonesia,https://deo.shopeemobile.com/shopee/modules-federation/live/0/shopee__item-card-standard-v2/0.2.8/pc/7c9110f78e069acbced7.png,Rp,5.499.000,-5%,https://deo.shopeemobile.com/shopee/modules-federation/live/0/shopee__item-card-standard-v2/0.2.8/pc/76dff349290d20891fc1.svg,,,https://deo.shopeemobile.com/shopee/modules-federation/live/0/shopee__item-card-standard-v2/0.2.8/pc/d7099d3fd1dfdaf705ab.svg,4.9,83 Terjual,https://deo.shopeemobile.com/shopee/modules-federation/live/0/shopee__item-card-standard-v2/0.2.8/pc/5dd7b4560d0e2d3190e8.svg,,Semarang,,,"Samsung Galaxy A36 5G 8/256GB NFC Garansi Resmi Indonesia
Rp
5.499.000
-5%
4.9
83 Terjual
2-3 Hari
Semarang",https://shopee.co.id/Samsung-Galaxy-A36-5G-8-256GB-NFC-Garansi-Resmi-Indonesia-i.287662257.26878657198?extraParams=%7B%22display_model_id%22%3A49529500134%2C%22model_selection_logic%22%3A3%7D&sp_atk=48fb9fc6-6adc-4a6b-af4f-3cb9a4184a68&xptdk=48fb9fc6-6adc-4a6b-af4f-3cb9a4184a68,,,
https://down-id.img.susercontent.com/file/sg-11134201-8261b-mmbg0191rhts97,https://down-id.img.susercontent.com/file/id-11134258-7r98w-lyezzaurybot13,Samsung Galaxy A36 5G 8/256GB - Awesome White,https://deo.shopeemobile.com/shopee/modules-federation/live/0/shopee__item-card-standard-v2/0.2.8/pc/7c9110f78e069acbced7.png,Rp,5.699.000,-3%,https://deo.shopeemobile.com/shopee/modules-federation/live/0/shopee__item-card-standard-v2/0.2.8/pc/76dff349290d20891fc1.svg,https://deo.shopeemobile.com/shopee/modules-federation/live/0/shopee__item-card-standard-v2/0.2.8/pc/d2a1900a0267d45fd0f5.png,,https://deo.shopeemobile.com/shopee/modules-federation/live/0/shopee__item-card-standard-v2/0.2.8/pc/d7099d3fd1dfdaf705ab.svg,4.9,2RB+ Terjual,https://deo.shopeemobile.com/shopee/modules-federation/live/0/shopee__item-card-standard-v2/0.2.8/pc/5dd7b4560d0e2d3190e8.svg,,Jakarta Utara,,,"Samsung Galaxy A36 5G 8/256GB - Awesome White
Rp
5.699.000
-3%
4.9
2RB+ Terjual
2-3 Hari
Jakarta Utara",https://shopee.co.id/Samsung-Galaxy-A36-5G-8-256GB-Awesome-White-i.52635036.27777744800?extraParams=%7B%22display_model_id%22%3A108602259780%2C%22model_selection_logic%22%3A3%7D&sp_atk=136d5c4e-542b-4654-b52b-b83e7972232e&xptdk=136d5c4e-542b-4654-b52b-b83e7972232e,,,
https://down-id.img.susercontent.com/file/id-11134207-7r98x-lmj9zy9w5ytq52,https://down-id.img.susercontent.com/file/id-11134258-8224v-mkvw0cu9r7k1a5,Samsung A05 Garansi Resmi 1 Tahun,https://deo.shopeemobile.com/shopee/modules-federation/live/0/shopee__item-card-standard-v2/0.2.8/pc/a425c915798471b33e5d.png,Rp,1.499.000,,https://deo.shopeemobile.com/shopee/modules-federation/live/0/shopee__item-card-standard-v2/0.2.8/pc/38e203dc86172a6c6560.svg,,,https://deo.shopeemobile.com/shopee/modules-federation/live/0/shopee__item-card-standard-v2/0.2.8/pc/d7099d3fd1dfdaf705ab.svg,5.0,25 Terjual,https://deo.shopeemobile.com/shopee/modules-federation/live/0/shopee__item-card-standard-v2/0.2.8/pc/5dd7b4560d0e2d3190e8.svg,,Surabaya,https://deo.shopeemobile.com/shopee/modules-federation/live/0/shopee__item-card-standard-v2/0.2.8/pc/0614b8f0a8fdde22942d.svg,Hari ini,"Samsung A05 Garansi Resmi 1 Tahun
Rp
1.499.000
5.0
25 Terjual
Hari ini
Surabaya",https://shopee.co.id/Samsung-A05-Garansi-Resmi-1-Tahun-i.234217844.23757010606?extraParams=%7B%22display_model_id%22%3A147044924958%2C%22model_selection_logic%22%3A3%7D&sp_atk=ae0ce980-f783-44c3-a785-9cbb6d64cb87&xptdk=ae0ce980-f783-44c3-a785-9cbb6d64cb87,,,
https://down-id.img.susercontent.com/file/id-11134207-822wg-ml8ytoz1sf0vb2,https://down-id.img.susercontent.com/file/id-11134258-8224v-mkvw0cu9r7k1a5,SAMSUNG GALAXY S25 FE 8GB 256GB - Exynos 2400 (4nm) Dynamic AMOLED 2x,https://deo.shopeemobile.com/shopee/modules-federation/live/0/shopee__item-card-standard-v2/0.2.8/pc/7c9110f78e069acbced7.png,Rp,9.298.000,-47%,https://deo.shopeemobile.com/shopee/modules-federation/live/0/shopee__item-card-standard-v2/0.2.8/pc/76dff349290d20891fc1.svg,,Hadiah Gratis,https://deo.shopeemobile.com/shopee/modules-federation/live/0/shopee__item-card-standard-v2/0.2.8/pc/d7099d3fd1dfdaf705ab.svg,5.0,31 Terjual,https://deo.shopeemobile.com/shopee/modules-federation/live/0/shopee__item-card-standard-v2/0.2.8/pc/5dd7b4560d0e2d3190e8.svg,https://deo.shopeemobile.com/shopee/modules-federation/live/0/shopee__item-card-standard-v2/0.2.8/pc/b4d1b8a78b3621dbdf4a.svg,Jakarta Utara,,,"SAMSUNG GALAXY S25 FE 8GB 256GB - Exynos 2400 (4nm) Dynamic AMOLED 2x
Rp
9.298.000
-47%
Hadiah Gratis
5.0
31 Terjual
2-4 Hari
Jakarta Utara",https://shopee.co.id/SAMSUNG-GALAXY-S25-FE-8GB-256GB-Exynos-2400-(4nm)-Dynamic-AMOLED-2x-i.250649369.24191263966?extraParams=%7B%22display_model_id%22%3A375452808331%2C%22model_selection_logic%22%3A3%7D&sp_atk=67f89f68-5242-4e63-9c1c-87b98695d363&xptdk=67f89f68-5242-4e63-9c1c-87b98695d363,,,
https://down-id.img.susercontent.com/file/5606d3114925b8203410c6b2a0b94e35,https://down-id.img.susercontent.com/file/id-11134258-822wr-mlx67rtd6r602f,SAMSUNG A03S ram 4/64gb GARANSI RESMI 1 TAHUN,https://deo.shopeemobile.com/shopee/modules-federation/live/0/shopee__item-card-standard-v2/0.2.8/pc/e4734dab67ee2f9ebd5a.png,Rp,1.250.000,,https://deo.shopeemobile.com/shopee/modules-federation/live/0/shopee__item-card-standard-v2/0.2.8/pc/76dff349290d20891fc1.svg,,,https://deo.shopeemobile.com/shopee/modules-federation/live/0/shopee__item-card-standard-v2/0.2.8/pc/d7099d3fd1dfdaf705ab.svg,4.7,20 Terjual,https://deo.shopeemobile.com/shopee/modules-federation/live/0/shopee__item-card-standard-v2/0.2.8/pc/5dd7b4560d0e2d3190e8.svg,,Surabaya,,,"SAMSUNG A03S ram 4/64gb GARANSI RESMI 1 TAHUN
Rp
1.250.000
4.7
20 Terjual
2-3 Hari
Surabaya",https://shopee.co.id/SAMSUNG-A03S-ram-4-64gb-GARANSI-RESMI-1-TAHUN-i.7850895.13661138330?extraParams=%7B%22display_model_id%22%3A133031043298%2C%22model_selection_logic%22%3A3%7D&sp_atk=4b3df781-4f47-4c89-a2b2-a34f45d71938&xptdk=4b3df781-4f47-4c89-a2b2-a34f45d71938,,,
https://down-id.img.susercontent.com/file/sg-11134201-22100-29wpavl096hvcf,https://down-id.img.susercontent.com/file/id-11134258-7r98w-lyezzaurybot13,SAMSUNG Galaxy A23 5G 8/128GB 6/128GB Garansi Resmi Samsung,https://deo.shopeemobile.com/shopee/modules-federation/live/0/shopee__item-card-standard-v2/0.2.8/pc/7c9110f78e069acbced7.png,Rp,3.299.000,,https://deo.shopeemobile.com/shopee/modules-federation/live/0/shopee__item-card-standard-v2/0.2.8/pc/76dff349290d20891fc1.svg,,,https://deo.shopeemobile.com/shopee/modules-federation/live/0/shopee__item-card-standard-v2/0.2.8/pc/d7099d3fd1dfdaf705ab.svg,4.8,2RB+ Terjual,https://deo.shopeemobile.com/shopee/modules-federation/live/0/shopee__item-card-standard-v2/0.2.8/pc/5dd7b4560d0e2d3190e8.svg,,Bekasi,,,"SAMSUNG Galaxy A23 5G 8/128GB 6/128GB Garansi Resmi Samsung
Rp
3.299.000
4.8
2RB+ Terjual
3 Hari
Bekasi",https://shopee.co.id/SAMSUNG-Galaxy-A23-5G-8-128GB-6-128GB-Garansi-Resmi-Samsung-i.227051022.17386769750?extraParams=%7B%22display_model_id%22%3A88510892115%2C%22model_selection_logic%22%3A3%7D&sp_atk=daad4655-22e3-483b-b766-4859e6b73ea7&xptdk=daad4655-22e3-483b-b766-4859e6b73ea7,,,
https://down-id.img.susercontent.com/file/id-11134207-81zth-mfdoavzb4kjs85,https://down-id.img.susercontent.com/file/id-11134258-8224v-mkvw0cu9r7k1a5,Samsung Galaxy A07 4/64gb + 4/128gb + 6/128gb + 8/256gb Free Adapter Garansi Resmi Sein,https://deo.shopeemobile.com/shopee/modules-federation/live/0/shopee__item-card-standard-v2/0.2.8/pc/e4734dab67ee2f9ebd5a.png,Rp,1.725.000,,https://deo.shopeemobile.com/shopee/modules-federation/live/0/shopee__item-card-standard-v2/0.2.8/pc/76dff349290d20891fc1.svg,,Cicilan,https://deo.shopeemobile.com/shopee/modules-federation/live/0/shopee__item-card-standard-v2/0.2.8/pc/d7099d3fd1dfdaf705ab.svg,4.8,8RB+ Terjual,https://deo.shopeemobile.com/shopee/modules-federation/live/0/shopee__item-card-standard-v2/0.2.8/pc/5dd7b4560d0e2d3190e8.svg,,Jakarta Barat,,,"Samsung Galaxy A07 4/64gb + 4/128gb + 6/128gb + 8/256gb Free Adapter Garansi Resmi Sein
Rp
1.725.000
Cicilan
Kombo Hemat
4.8
8RB+ Terjual
2-4 Hari
Jakarta Barat",https://shopee.co.id/Samsung-Galaxy-A07-4-64gb-4-128gb-6-128gb-8-256gb-Free-Adapter-Garansi-Resmi-Sein-i.732897.292625865?extraParams=%7B%22display_model_id%22%3A139488708499%2C%22model_selection_logic%22%3A3%7D&sp_atk=6bae43e8-d6f1-4348-991c-29f51b1cc04c&xptdk=6bae43e8-d6f1-4348-991c-29f51b1cc04c,,Kombo Hemat,
https://down-id.img.susercontent.com/file/id-11134207-7rasg-m1f62zbn2j8j55,https://down-id.img.susercontent.com/file/id-11134258-7r98w-lyezzaurybot13,Hot Sale - Samsung Galaxy A15 LTE 8/128GB - Super AMOLED Technology with 90Hz Refresh Rate,https://deo.shopeemobile.com/shopee/modules-federation/live/0/shopee__item-card-standard-v2/0.2.8/pc/a425c915798471b33e5d.png,Rp,2.250.000,,https://deo.shopeemobile.com/shopee/modules-federation/live/0/shopee__item-card-standard-v2/0.2.8/pc/76dff349290d20891fc1.svg,,,https://deo.shopeemobile.com/shopee/modules-federation/live/0/shopee__item-card-standard-v2/0.2.8/pc/d7099d3fd1dfdaf705ab.svg,4.4,122 Terjual,https://deo.shopeemobile.com/shopee/modules-federation/live/0/shopee__item-card-standard-v2/0.2.8/pc/5dd7b4560d0e2d3190e8.svg,,Jakarta Barat,,,"Hot Sale - Samsung Galaxy A15 LTE 8/128GB - Super AMOLED Technology with 90Hz Refresh Rate
Rp
2.250.000
4.4
122 Terjual
5-7 Hari
Jakarta Barat",https://shopee.co.id/Hot-Sale-Samsung-Galaxy-A15-LTE-8-128GB-Super-AMOLED-Technology-with-90Hz-Refresh-Rate-i.1370746900.28314148275?extraParams=%7B%22display_model_id%22%3A139098818291%2C%22model_selection_logic%22%3A3%7D&sp_atk=ebb568ee-3f1b-46b8-b08b-dfeec14f555f&xptdk=ebb568ee-3f1b-46b8-b08b-dfeec14f555f,,,
https://down-id.img.susercontent.com/file/id-11134207-7rbkb-m9skgfoxs0429a,https://down-id.img.susercontent.com/file/id-11134258-7r98w-lyezzaurybot13,Samsung Galaxy A16 [8GB+128GB] [8GB+256GB] - Garansi Resmi 1 Tahun,https://deo.shopeemobile.com/shopee/modules-federation/live/0/shopee__item-card-standard-v2/0.2.8/pc/7c9110f78e069acbced7.png,Rp,2.849.000,,https://deo.shopeemobile.com/shopee/modules-federation/live/0/shopee__item-card-standard-v2/0.2.8/pc/76dff349290d20891fc1.svg,,,https://deo.shopeemobile.com/shopee/modules-federation/live/0/shopee__item-card-standard-v2/0.2.8/pc/d7099d3fd1dfdaf705ab.svg,4.9,387 Terjual,https://deo.shopeemobile.com/shopee/modules-federation/live/0/shopee__item-card-standard-v2/0.2.8/pc/5dd7b4560d0e2d3190e8.svg,,Jakarta Utara,,,"Samsung Galaxy A16 [8GB+128GB] [8GB+256GB] - Garansi Resmi 1 Tahun
Rp
2.849.000
4.9
387 Terjual
3-6 Hari
Jakarta Utara",https://shopee.co.id/Samsung-Galaxy-A16-8GB-128GB-8GB-256GB-Garansi-Resmi-1-Tahun-i.395020669.27086621748?extraParams=%7B%22display_model_id%22%3A237821565471%2C%22model_selection_logic%22%3A3%7D&sp_atk=281534ae-13f3-4f81-9768-8653a032ebcf&xptdk=281534ae-13f3-4f81-9768-8653a032ebcf,,,
https://down-id.img.susercontent.com/file/id-11134207-7r98o-lqlu8gupfjv4b6,https://down-id.img.susercontent.com/file/id-11134258-7ra0q-mbesqwmkb0gu9c,HANDPHONE SAMSUNG GALAXY RAM A15 8/128 BEST SELLER GARANSI RESMI,,Rp,5.000.000,,https://deo.shopeemobile.com/shopee/modules-federation/live/0/shopee__item-card-standard-v2/0.2.8/pc/38e203dc86172a6c6560.svg,https://deo.shopeemobile.com/shopee/modules-federation/live/0/shopee__item-card-standard-v2/0.2.8/pc/d2a1900a0267d45fd0f5.png,,https://deo.shopeemobile.com/shopee/modules-federation/live/0/shopee__item-card-standard-v2/0.2.8/pc/d7099d3fd1dfdaf705ab.svg,5.0,2 Terjual,https://deo.shopeemobile.com/shopee/modules-federation/live/0/shopee__item-card-standard-v2/0.2.8/pc/5dd7b4560d0e2d3190e8.svg,,Kab. Sidoarjo,https://deo.shopeemobile.com/shopee/modules-federation/live/0/shopee__item-card-standard-v2/0.2.8/pc/0614b8f0a8fdde22942d.svg,2 jam,"HANDPHONE SAMSUNG GALAXY RAM A15 8/128 BEST SELLER GARANSI RESMI
Rp
5.000.000
5.0
2 Terjual
2 jam
Kab. Sidoarjo",https://shopee.co.id/HANDPHONE-SAMSUNG-GALAXY-RAM-A15-8-128-BEST-SELLER-GARANSI-RESMI-i.159234468.24308991758?extraParams=%7B%22display_model_id%22%3A194876927962%2C%22model_selection_logic%22%3A3%7D&sp_atk=ab9baed9-a003-49a8-afa7-9d6149c897f8&xptdk=ab9baed9-a003-49a8-afa7-9d6149c897f8,,,
https://down-id.img.susercontent.com/file/id-11134207-7r990-lr4ndmgmvbeh10,https://down-id.img.susercontent.com/file/id-11134258-8224v-mkvw0cu9r7k1a5,Samsung galaxy S24 8/512 free adaptor Garansi resmi samsung SEIN,,Rp,8.000.000,-50%,https://deo.shopeemobile.com/shopee/modules-federation/live/0/shopee__item-card-standard-v2/0.2.8/pc/76dff349290d20891fc1.svg,,,https://deo.shopeemobile.com/shopee/modules-federation/live/0/shopee__item-card-standard-v2/0.2.8/pc/d7099d3fd1dfdaf705ab.svg,4.9,249 Terjual,https://deo.shopeemobile.com/shopee/modules-federation/live/0/shopee__item-card-standard-v2/0.2.8/pc/5dd7b4560d0e2d3190e8.svg,,Surabaya,,,"Samsung galaxy S24 8/512 free adaptor Garansi resmi samsung SEIN
Rp
8.000.000
-50%
4.9
249 Terjual
2-5 Hari
Surabaya",https://shopee.co.id/Samsung-galaxy-S24-8-512-free-adaptor-Garansi-resmi-samsung-SEIN-i.155116050.25111606820?extraParams=%7B%22display_model_id%22%3A256338544749%2C%22model_selection_logic%22%3A3%7D&sp_atk=851ec35d-b23e-4c13-a143-d2acce9a1e08&xptdk=851ec35d-b23e-4c13-a143-d2acce9a1e08,,,
https://down-id.img.susercontent.com/file/id-11134207-23030-wcckr1u8vsovb2,https://down-id.img.susercontent.com/file/id-11134258-8224v-mkvw0cu9r7k1a5,Samsung A14 4G Garansi Resmi 1 Tahun,https://deo.shopeemobile.com/shopee/modules-federation/live/0/shopee__item-card-standard-v2/0.2.8/pc/a425c915798471b33e5d.png,Rp,1.799.000,,https://deo.shopeemobile.com/shopee/modules-federation/live/0/shopee__item-card-standard-v2/0.2.8/pc/38e203dc86172a6c6560.svg,,,https://deo.shopeemobile.com/shopee/modules-federation/live/0/shopee__item-card-standard-v2/0.2.8/pc/d7099d3fd1dfdaf705ab.svg,4.9,24 Terjual,https://deo.shopeemobile.com/shopee/modules-federation/live/0/shopee__item-card-standard-v2/0.2.8/pc/5dd7b4560d0e2d3190e8.svg,,Surabaya,https://deo.shopeemobile.com/shopee/modules-federation/live/0/shopee__item-card-standard-v2/0.2.8/pc/0614b8f0a8fdde22942d.svg,Hari ini,"Samsung A14 4G Garansi Resmi 1 Tahun
Rp
1.799.000
4.9
24 Terjual
Hari ini
Surabaya",https://shopee.co.id/Samsung-A14-4G-Garansi-Resmi-1-Tahun-i.234217844.23433096222?extraParams=%7B%22display_model_id%22%3A127487779024%2C%22model_selection_logic%22%3A3%7D&sp_atk=c4f42a5b-8218-4830-a9c9-4da7a00ed714&xptdk=c4f42a5b-8218-4830-a9c9-4da7a00ed714,,,
https://down-id.img.susercontent.com/file/id-11134207-7rbk6-m7sywm5cw6z4b0,,SAMSUNG GALAXY A56 5G 8/256GB | 12/256GB | A55 5G 8/128GB | 8/256GB | 12/256GB | A57 SERIES - GARANSI RESMI,https://deo.shopeemobile.com/shopee/modules-federation/live/0/shopee__item-card-standard-v2/0.2.8/pc/e4734dab67ee2f9ebd5a.png,Rp,6.799.000,,https://deo.shopeemobile.com/shopee/modules-federation/live/0/shopee__item-card-standard-v2/0.2.8/pc/38e203dc86172a6c6560.svg,https://deo.shopeemobile.com/shopee/modules-federation/live/0/shopee__item-card-standard-v2/0.2.8/pc/d2a1900a0267d45fd0f5.png,,https://deo.shopeemobile.com/shopee/modules-federation/live/0/shopee__item-card-standard-v2/0.2.8/pc/d7099d3fd1dfdaf705ab.svg,4.9,103 Terjual,https://deo.shopeemobile.com/shopee/modules-federation/live/0/shopee__item-card-standard-v2/0.2.8/pc/5dd7b4560d0e2d3190e8.svg,,Kab. Bojonegoro,https://deo.shopeemobile.com/shopee/modules-federation/live/0/shopee__item-card-standard-v2/0.2.8/pc/0614b8f0a8fdde22942d.svg,< 2 Hari,"SAMSUNG GALAXY A56 5G 8/256GB | 12/256GB | A55 5G 8/128GB | 8/256GB | 12/256GB | A57 SERIES - GARANSI RESMI
Rp
6.799.000
4.9
103 Terjual
< 2 Hari
Kab. Bojonegoro",https://shopee.co.id/SAMSUNG-GALAXY-A56-5G-8-256GB-12-256GB-A55-5G-8-128GB-8-256GB-12-256GB-A57-SERIES-GARANSI-RESMI-i.11896169.25220983678?extraParams=%7B%22display_model_id%22%3A245541347348%2C%22model_selection_logic%22%3A3%7D&sp_atk=15d31834-e243-448f-a0ba-9b4960ed0c92&xptdk=15d31834-e243-448f-a0ba-9b4960ed0c92,,,
https://down-id.img.susercontent.com/file/id-11134207-7r98u-lqa2eyjc0xu818,https://down-id.img.susercontent.com/file/id-11134258-7ra0q-mbesqwmkb0gu9c,HANDPHONE SAMSUNG GALAXY A05 4/64 RAM 4 INTERNAL 64 BEST SELLER GARANSI RESMI,,Rp,1.500.000,,https://deo.shopeemobile.com/shopee/modules-federation/live/0/shopee__item-card-standard-v2/0.2.8/pc/38e203dc86172a6c6560.svg,https://deo.shopeemobile.com/shopee/modules-federation/live/0/shopee__item-card-standard-v2/0.2.8/pc/d2a1900a0267d45fd0f5.png,,https://deo.shopeemobile.com/shopee/modules-federation/live/0/shopee__item-card-standard-v2/0.2.8/pc/d7099d3fd1dfdaf705ab.svg,5.0,6 Terjual,https://deo.shopeemobile.com/shopee/modules-federation/live/0/shopee__item-card-standard-v2/0.2.8/pc/5dd7b4560d0e2d3190e8.svg,,Kab. Sidoarjo,https://deo.shopeemobile.com/shopee/modules-federation/live/0/shopee__item-card-standard-v2/0.2.8/pc/0614b8f0a8fdde22942d.svg,2 jam,"HANDPHONE SAMSUNG GALAXY A05 4/64 RAM 4 INTERNAL 64 BEST SELLER GARANSI RESMI
Rp
1.500.000
5.0
6 Terjual
2 jam
Kab. Sidoarjo",https://shopee.co.id/HANDPHONE-SAMSUNG-GALAXY-A05-4-64-RAM-4-INTERNAL-64-BEST-SELLER-GARANSI-RESMI-i.159234468.24507356070?extraParams=%7B%22display_model_id%22%3A88858803332%2C%22model_selection_logic%22%3A3%7D&sp_atk=98d7612b-56bd-4f30-8573-3ef9effe3250&xptdk=98d7612b-56bd-4f30-8573-3ef9effe3250,,,
https://down-id.img.susercontent.com/file/id-11134207-8224w-mhubvpymgydfff,https://down-id.img.susercontent.com/file/id-11134258-8224v-mkvw0cu9r7k1a5,Samsung Galaxy A07 Ram 4/64 GB & Ram 4/128GB & Ram 6/128 & Ram 8/256  Garansi Resmi New,https://deo.shopeemobile.com/shopee/modules-federation/live/0/shopee__item-card-standard-v2/0.2.8/pc/a425c915798471b33e5d.png,Rp,1.664.000,,https://deo.shopeemobile.com/shopee/modules-federation/live/0/shopee__item-card-standard-v2/0.2.8/pc/76dff349290d20891fc1.svg,,,https://deo.shopeemobile.com/shopee/modules-federation/live/0/shopee__item-card-standard-v2/0.2.8/pc/d7099d3fd1dfdaf705ab.svg,5.0,378 Terjual,https://deo.shopeemobile.com/shopee/modules-federation/live/0/shopee__item-card-standard-v2/0.2.8/pc/5dd7b4560d0e2d3190e8.svg,,Medan,,,"Samsung Galaxy A07 Ram 4/64 GB & Ram 4/128GB & Ram 6/128 & Ram 8/256 Garansi Resmi New
Rp
1.664.000
5.0
378 Terjual
3 Hari
Medan",https://shopee.co.id/Samsung-Galaxy-A07-Ram-4-64-GB-Ram-4-128GB-Ram-6-128-Ram-8-256-Garansi-Resmi-New-i.1465037947.44465655680?extraParams=%7B%22display_model_id%22%3A395258077357%2C%22model_selection_logic%22%3A3%7D&sp_atk=ebefc73b-d8e7-401f-b262-39fe3861f273&xptdk=ebefc73b-d8e7-401f-b262-39fe3861f273,,,
https://down-id.img.susercontent.com/file/id-11134207-7rbk1-m88j9csxmwp7b9,https://down-id.img.susercontent.com/file/id-11134258-7r98w-lyezzaurybot13,Samsung Galaxy A26 5G 8/256GB NFC Garansi Resmi,https://deo.shopeemobile.com/shopee/modules-federation/live/0/shopee__item-card-standard-v2/0.2.8/pc/7c9110f78e069acbced7.png,Rp,4.899.000,-2%,https://deo.shopeemobile.com/shopee/modules-federation/live/0/shopee__item-card-standard-v2/0.2.8/pc/76dff349290d20891fc1.svg,,,https://deo.shopeemobile.com/shopee/modules-federation/live/0/shopee__item-card-standard-v2/0.2.8/pc/d7099d3fd1dfdaf705ab.svg,4.9,129 Terjual,https://deo.shopeemobile.com/shopee/modules-federation/live/0/shopee__item-card-standard-v2/0.2.8/pc/5dd7b4560d0e2d3190e8.svg,,Semarang,,,"Samsung Galaxy A26 5G 8/256GB NFC Garansi Resmi
Rp
4.899.000
-2%
4.9
129 Terjual
2-3 Hari
Semarang",https://shopee.co.id/Samsung-Galaxy-A26-5G-8-256GB-NFC-Garansi-Resmi-i.287662257.26482201229?extraParams=%7B%22display_model_id%22%3A109458052391%2C%22model_selection_logic%22%3A3%7D&sp_atk=a92d0a26-34b7-4e02-b4e9-fa19bf686f96&xptdk=a92d0a26-34b7-4e02-b4e9-fa19bf686f96,,,
https://down-id.img.susercontent.com/file/id-11134207-7r98o-lpkweazyv0qza3,https://down-id.img.susercontent.com/file/id-11134258-822wr-mlx5y0tebegw04,Samsung A05 Ram 4/64GB | Ram 4/128GB | Ram 6/128GB Segel Original & Bergaransi Resmi,https://deo.shopeemobile.com/shopee/modules-federation/live/0/shopee__item-card-standard-v2/0.2.8/pc/e4734dab67ee2f9ebd5a.png,Rp,1.744.733,-3%,https://deo.shopeemobile.com/shopee/modules-federation/live/0/shopee__item-card-standard-v2/0.2.8/pc/38e203dc86172a6c6560.svg,,,https://deo.shopeemobile.com/shopee/modules-federation/live/0/shopee__item-card-standard-v2/0.2.8/pc/d7099d3fd1dfdaf705ab.svg,4.9,300 Terjual,https://deo.shopeemobile.com/shopee/modules-federation/live/0/shopee__item-card-standard-v2/0.2.8/pc/5dd7b4560d0e2d3190e8.svg,,Surabaya,https://deo.shopeemobile.com/shopee/modules-federation/live/0/shopee__item-card-standard-v2/0.2.8/pc/0614b8f0a8fdde22942d.svg,< 2 Hari,"Samsung A05 Ram 4/64GB | Ram 4/128GB | Ram 6/128GB Segel Original & Bergaransi Resmi
Rp
1.744.733
-3%
4.9
300 Terjual
< 2 Hari
Surabaya",https://shopee.co.id/Samsung-A05-Ram-4-64GB-Ram-4-128GB-Ram-6-128GB-Segel-Original-Bergaransi-Resmi-i.233982802.22588540580?extraParams=%7B%22display_model_id%22%3A235910411121%2C%22model_selection_logic%22%3A3%7D&sp_atk=47903fe4-30c3-4ab9-9c98-aac8ef42c5b0&xptdk=47903fe4-30c3-4ab9-9c98-aac8ef42c5b0,,,
https://down-id.img.susercontent.com/file/id-11134207-7rbk6-m8hm7yxqq6mp5d,https://down-id.img.susercontent.com/file/id-11134258-8224v-mkvw0cu9r7k1a5,SAMSUNG A36 5G 8/256GB & 8/128GB ORIGINAL BERGARANSI RESMI SEIN INDONESIA,https://deo.shopeemobile.com/shopee/modules-federation/live/0/shopee__item-card-standard-v2/0.2.8/pc/a425c915798471b33e5d.png,Rp,4.995.000,-12%,https://deo.shopeemobile.com/shopee/modules-federation/live/0/shopee__item-card-standard-v2/0.2.8/pc/76dff349290d20891fc1.svg,,,https://deo.shopeemobile.com/shopee/modules-federation/live/0/shopee__item-card-standard-v2/0.2.8/pc/d7099d3fd1dfdaf705ab.svg,4.8,131 Terjual,https://deo.shopeemobile.com/shopee/modules-federation/live/0/shopee__item-card-standard-v2/0.2.8/pc/5dd7b4560d0e2d3190e8.svg,,Surabaya,,,"SAMSUNG A36 5G 8/256GB & 8/128GB ORIGINAL BERGARANSI RESMI SEIN INDONESIA
Rp
4.995.000
-12%
4.8
131 Terjual
2-3 Hari
Surabaya",https://shopee.co.id/SAMSUNG-A36-5G-8-256GB-8-128GB-ORIGINAL-BERGARANSI-RESMI-SEIN-INDONESIA-i.220501664.20491591298?extraParams=%7B%22display_model_id%22%3A177108608763%2C%22model_selection_logic%22%3A3%7D&sp_atk=0948c5b5-81bb-47cd-8a07-3525d45e2989&xptdk=0948c5b5-81bb-47cd-8a07-3525d45e2989,,,
https://down-id.img.susercontent.com/file/id-11134207-7qul2-lkgephxxrt4yba,https://down-id.img.susercontent.com/file/id-11134258-8224v-mkvw0cu9r7k1a5,Samsung Galaxy A23 5G 8/128 Garansi Resmi Samsung SEIN,,Rp,2.550.000,-41%,https://deo.shopeemobile.com/shopee/modules-federation/live/0/shopee__item-card-standard-v2/0.2.8/pc/76dff349290d20891fc1.svg,,,https://deo.shopeemobile.com/shopee/modules-federation/live/0/shopee__item-card-standard-v2/0.2.8/pc/d7099d3fd1dfdaf705ab.svg,5.0,120 Terjual,https://deo.shopeemobile.com/shopee/modules-federation/live/0/shopee__item-card-standard-v2/0.2.8/pc/5dd7b4560d0e2d3190e8.svg,,Surabaya,,,"Samsung Galaxy A23 5G 8/128 Garansi Resmi Samsung SEIN
Rp
2.550.000
-41%
5.0
120 Terjual
2-5 Hari
Surabaya",https://shopee.co.id/Samsung-Galaxy-A23-5G-8-128-Garansi-Resmi-Samsung-SEIN-i.155116050.22118926634?extraParams=%7B%22display_model_id%22%3A235297310380%2C%22model_selection_logic%22%3A3%7D&sp_atk=e7ddb820-87e5-4d07-a7a4-5a259405b7d7&xptdk=e7ddb820-87e5-4d07-a7a4-5a259405b7d7,,,
https://down-id.img.susercontent.com/file/id-11134207-822wn-mn0ysgtzwxdxa4,https://down-id.img.susercontent.com/file/id-11134258-8224v-mkvw0cu9r7k1a5,Samsung Galaxy A17 5G 8/256GB - Garansi Resmi 2 Tahun,,Rp,3.599.000,-55%,https://deo.shopeemobile.com/shopee/modules-federation/live/0/shopee__item-card-standard-v2/0.2.8/pc/76dff349290d20891fc1.svg,https://deo.shopeemobile.com/shopee/modules-federation/live/0/shopee__item-card-standard-v2/0.2.8/pc/d2a1900a0267d45fd0f5.png,,,,9 Terjual,https://deo.shopeemobile.com/shopee/modules-federation/live/0/shopee__item-card-standard-v2/0.2.8/pc/5dd7b4560d0e2d3190e8.svg,,Jakarta Barat,,,"Samsung Galaxy A17 5G 8/256GB - Garansi Resmi 2 Tahun
Rp
3.599.000
-55%
9 Terjual
3-6 Hari
Jakarta Barat",https://shopee.co.id/Samsung-Galaxy-A17-5G-8-256GB-Garansi-Resmi-2-Tahun-i.1639357963.46958796065?extraParams=%7B%22display_model_id%22%3A420779502883%2C%22model_selection_logic%22%3A3%7D&sp_atk=19b7d4e5-5195-4061-8c34-833ecfc10024&xptdk=19b7d4e5-5195-4061-8c34-833ecfc10024,,,
https://down-id.img.susercontent.com/file/id-11134207-822wm-mn0ysgu02jnp7a,https://down-id.img.susercontent.com/file/id-11134258-8224v-mkvw0cu9r7k1a5,"Samsung Galaxy A26 5G - RAM 8GB, 256GB, Baterai 5000mAh, 5G",,Rp,3.799.000,-7%,https://deo.shopeemobile.com/shopee/modules-federation/live/0/shopee__item-card-standard-v2/0.2.8/pc/76dff349290d20891fc1.svg,https://deo.shopeemobile.com/shopee/modules-federation/live/0/shopee__item-card-standard-v2/0.2.8/pc/d2a1900a0267d45fd0f5.png,,,,9 Terjual,https://deo.shopeemobile.com/shopee/modules-federation/live/0/shopee__item-card-standard-v2/0.2.8/pc/5dd7b4560d0e2d3190e8.svg,,Jakarta Barat,,,"Samsung Galaxy A26 5G - RAM 8GB, 256GB, Baterai 5000mAh, 5G
Rp
3.799.000
-7%
9 Terjual
3-6 Hari
Jakarta Barat",https://shopee.co.id/Samsung-Galaxy-A26-5G-RAM-8GB-256GB-Baterai-5000mAh-5G-i.1639357963.41630023921?extraParams=%7B%22display_model_id%22%3A370779399535%2C%22model_selection_logic%22%3A3%7D&sp_atk=93204876-e3eb-45c9-ab00-e41269fbeebe&xptdk=93204876-e3eb-45c9-ab00-e41269fbeebe,,,
https://down-id.img.susercontent.com/file/id-11134207-7rbk2-m8i6b54ckvha05,https://down-id.img.susercontent.com/file/id-11134258-8224v-mkvw0cu9r7k1a5,NEW SAMSUNG GALAXY A36 5G RAM 8GB STOREAGE 256 GB,https://deo.shopeemobile.com/shopee/modules-federation/live/0/shopee__item-card-standard-v2/0.2.8/pc/7c9110f78e069acbced7.png,Rp,5.249.000,,https://deo.shopeemobile.com/shopee/modules-federation/live/0/shopee__item-card-standard-v2/0.2.8/pc/76dff349290d20891fc1.svg,https://deo.shopeemobile.com/shopee/modules-federation/live/0/shopee__item-card-standard-v2/0.2.8/pc/d2a1900a0267d45fd0f5.png,,https://deo.shopeemobile.com/shopee/modules-federation/live/0/shopee__item-card-standard-v2/0.2.8/pc/d7099d3fd1dfdaf705ab.svg,5.0,82 Terjual,https://deo.shopeemobile.com/shopee/modules-federation/live/0/shopee__item-card-standard-v2/0.2.8/pc/5dd7b4560d0e2d3190e8.svg,,Depok,,,"NEW SAMSUNG GALAXY A36 5G RAM 8GB STOREAGE 256 GB
Rp
5.249.000
5.0
82 Terjual
3 Hari
Depok",https://shopee.co.id/NEW-SAMSUNG-GALAXY-A36-5G-RAM-8GB-STOREAGE-256-GB-i.1367937206.19496749688?extraParams=%7B%22display_model_id%22%3A159128658120%2C%22model_selection_logic%22%3A3%7D&sp_atk=404f7eb9-fbe2-4ae7-85e1-6cb3266a0b8b&xptdk=404f7eb9-fbe2-4ae7-85e1-6cb3266a0b8b,,,
https://down-id.img.susercontent.com/file/id-11134207-7r98y-lwwcwmnv1z4u36,https://down-id.img.susercontent.com/file/id-11134258-8224v-mkvw0cu9r7k1a5,Samsung S9 4/64 GB Dual Sim Garansi Resmi Indonesia,https://deo.shopeemobile.com/shopee/modules-federation/live/0/shopee__item-card-standard-v2/0.2.8/pc/e4734dab67ee2f9ebd5a.png,Rp,1.490.000,,https://deo.shopeemobile.com/shopee/modules-federation/live/0/shopee__item-card-standard-v2/0.2.8/pc/76dff349290d20891fc1.svg,,Cicilan,https://deo.shopeemobile.com/shopee/modules-federation/live/0/shopee__item-card-standard-v2/0.2.8/pc/d7099d3fd1dfdaf705ab.svg,4.9,46 Terjual,https://deo.shopeemobile.com/shopee/modules-federation/live/0/shopee__item-card-standard-v2/0.2.8/pc/5dd7b4560d0e2d3190e8.svg,,Kab. Bekasi,,,"Samsung S9 4/64 GB Dual Sim Garansi Resmi Indonesia
Rp
1.490.000
Cicilan
4.9
46 Terjual
3 Hari
Kab. Bekasi",https://shopee.co.id/Samsung-S9-4-64-GB-Dual-Sim-Garansi-Resmi-Indonesia-i.319663119.3681102317?extraParams=%7B%22display_model_id%22%3A205194914329%2C%22model_selection_logic%22%3A3%7D&sp_atk=3e888e2c-f2d6-40d1-b6b8-df468f43e0c8&xptdk=3e888e2c-f2d6-40d1-b6b8-df468f43e0c8,,,
https://down-id.img.susercontent.com/file/sg-11134201-22100-k1f7zw8bhwived,https://down-id.img.susercontent.com/file/id-11134258-8224v-mkvw0cu9r7k1a5,Samsung a04s (4GB+4GB/64GB & 4GB+4GB/128GB) Garansi Resmi Sein,,Rp,1.375.000,,https://deo.shopeemobile.com/shopee/modules-federation/live/0/shopee__item-card-standard-v2/0.2.8/pc/38e203dc86172a6c6560.svg,,,https://deo.shopeemobile.com/shopee/modules-federation/live/0/shopee__item-card-standard-v2/0.2.8/pc/d7099d3fd1dfdaf705ab.svg,4.8,60 Terjual,https://deo.shopeemobile.com/shopee/modules-federation/live/0/shopee__item-card-standard-v2/0.2.8/pc/5dd7b4560d0e2d3190e8.svg,,Surabaya,https://deo.shopeemobile.com/shopee/modules-federation/live/0/shopee__item-card-standard-v2/0.2.8/pc/0614b8f0a8fdde22942d.svg,2 jam,"Samsung a04s (4GB+4GB/64GB & 4GB+4GB/128GB) Garansi Resmi Sein
Rp
1.375.000
4.8
60 Terjual
2 jam
Surabaya",https://shopee.co.id/Samsung-a04s-(4GB-4GB-64GB-4GB-4GB-128GB)-Garansi-Resmi-Sein-i.218214504.20056359030?extraParams=%7B%22display_model_id%22%3A192835855564%2C%22model_selection_logic%22%3A3%7D&sp_atk=9d2fa4ae-e3a0-4cc7-92eb-49fa045be1ac&xptdk=9d2fa4ae-e3a0-4cc7-92eb-49fa045be1ac,,,
https://down-id.img.susercontent.com/file/id-11134207-7rbka-m9h0acxu9h4yb2,https://down-id.img.susercontent.com/file/id-11134258-8224v-mkvw0cu9r7k1a5,Samsung S23 Ultra sein 12/512 gb,https://deo.shopeemobile.com/shopee/modules-federation/live/0/shopee__item-card-standard-v2/0.2.8/pc/e4734dab67ee2f9ebd5a.png,Rp,9.800.000,,https://deo.shopeemobile.com/shopee/modules-federation/live/0/shopee__item-card-standard-v2/0.2.8/pc/76dff349290d20891fc1.svg,,,https://deo.shopeemobile.com/shopee/modules-federation/live/0/shopee__item-card-standard-v2/0.2.8/pc/d7099d3fd1dfdaf705ab.svg,4.8,34 Terjual,https://deo.shopeemobile.com/shopee/modules-federation/live/0/shopee__item-card-standard-v2/0.2.8/pc/5dd7b4560d0e2d3190e8.svg,,Bekasi,,,"Samsung S23 Ultra sein 12/512 gb
Rp
9.800.000
4.8
34 Terjual
3 Hari
Bekasi",https://shopee.co.id/Samsung-S23-Ultra-sein-12-512-gb-i.263857215.24526783211?extraParams=%7B%22display_model_id%22%3A187466148213%2C%22model_selection_logic%22%3A3%7D&sp_atk=04646b20-7928-4fa4-a3c1-038151abb8b7&xptdk=04646b20-7928-4fa4-a3c1-038151abb8b7,,,
https://down-id.img.susercontent.com/file/id-11134207-7r98o-ll13prbkd9fcdd,https://down-id.img.susercontent.com/file/id-11134258-8224v-mkvw0cu9r7k1a5,Samsung galaxy A33 5g ram 8/256 free Adaptor temperglas dan Silicone,,Rp,2.820.000,-48%,https://deo.shopeemobile.com/shopee/modules-federation/live/0/shopee__item-card-standard-v2/0.2.8/pc/76dff349290d20891fc1.svg,,,https://deo.shopeemobile.com/shopee/modules-federation/live/0/shopee__item-card-standard-v2/0.2.8/pc/d7099d3fd1dfdaf705ab.svg,4.7,330 Terjual,https://deo.shopeemobile.com/shopee/modules-federation/live/0/shopee__item-card-standard-v2/0.2.8/pc/5dd7b4560d0e2d3190e8.svg,,Surabaya,,,"Samsung galaxy A33 5g ram 8/256 free Adaptor temperglas dan Silicone
Rp
2.820.000
-48%
4.7
330 Terjual
2-5 Hari
Surabaya",https://shopee.co.id/Samsung-galaxy-A33-5g-ram-8-256-free-Adaptor-temperglas-dan-Silicone-i.155116050.18330299192?extraParams=%7B%22display_model_id%22%3A255594622856%2C%22model_selection_logic%22%3A3%7D&sp_atk=14c924c7-fe6d-4b6c-876e-820eaf7b92ef&xptdk=14c924c7-fe6d-4b6c-876e-820eaf7b92ef,,,
https://down-id.img.susercontent.com/file/id-11134207-8224p-mhhh7dmsdptua9,https://down-id.img.susercontent.com/file/id-11134258-8224v-mkvw0cu9r7k1a5,SAMSUNG S23 ULTRA 12/256GB/12/512GB RESMI SEIN,,Rp,9.730.000,,https://deo.shopeemobile.com/shopee/modules-federation/live/0/shopee__item-card-standard-v2/0.2.8/pc/76dff349290d20891fc1.svg,,,https://deo.shopeemobile.com/shopee/modules-federation/live/0/shopee__item-card-standard-v2/0.2.8/pc/d7099d3fd1dfdaf705ab.svg,5.0,14 Terjual,https://deo.shopeemobile.com/shopee/modules-federation/live/0/shopee__item-card-standard-v2/0.2.8/pc/5dd7b4560d0e2d3190e8.svg,,Kab. Tangerang,,,"SAMSUNG S23 ULTRA 12/256GB/12/512GB RESMI SEIN
Rp
9.730.000
5.0
14 Terjual
3 Hari
Kab. Tangerang",https://shopee.co.id/SAMSUNG-S23-ULTRA-12-256GB-12-512GB-RESMI-SEIN-i.883484566.29520683012?extraParams=%7B%22display_model_id%22%3A390109721807%2C%22model_selection_logic%22%3A3%7D&sp_atk=669891ca-eae4-46cb-a594-82aff244f206&xptdk=669891ca-eae4-46cb-a594-82aff244f206,,,
https://down-id.img.susercontent.com/file/id-11134207-822wt-mlf8vhlukvsy07,https://down-id.img.susercontent.com/file/id-11134258-8224v-mkvw0cu9r7k1a5,SAMSUNG S24 ULTRA 5G ORIGINAL BERGARANSI RESMI SEIN INDONESIA,https://deo.shopeemobile.com/shopee/modules-federation/live/0/shopee__item-card-standard-v2/0.2.8/pc/a425c915798471b33e5d.png,Rp,15.495.000,-3%,https://deo.shopeemobile.com/shopee/modules-federation/live/0/shopee__item-card-standard-v2/0.2.8/pc/76dff349290d20891fc1.svg,,,https://deo.shopeemobile.com/shopee/modules-federation/live/0/shopee__item-card-standard-v2/0.2.8/pc/d7099d3fd1dfdaf705ab.svg,5.0,65 Terjual,https://deo.shopeemobile.com/shopee/modules-federation/live/0/shopee__item-card-standard-v2/0.2.8/pc/5dd7b4560d0e2d3190e8.svg,,Surabaya,,,"SAMSUNG S24 ULTRA 5G ORIGINAL BERGARANSI RESMI SEIN INDONESIA
Rp
15.495.000
-3%
5.0
65 Terjual
2-3 Hari
Surabaya",https://shopee.co.id/SAMSUNG-S24-ULTRA-5G-ORIGINAL-BERGARANSI-RESMI-SEIN-INDONESIA-i.220501664.23050623852?extraParams=%7B%22display_model_id%22%3A345606205022%2C%22model_selection_logic%22%3A3%7D&sp_atk=4779dd6e-1f7a-4ccc-bf6e-a5250218f9b1&xptdk=4779dd6e-1f7a-4ccc-bf6e-a5250218f9b1,,,
https://down-id.img.susercontent.com/file/id-11134207-7r98v-lpazhl050flj7e,https://down-id.img.susercontent.com/file/id-11134258-822wr-mlx67rtd6r602f,Samsung Galaxy A24 NFC RAM 8/128GB Extended 8GB up to RAM 16GB Garansi Resmi,https://deo.shopeemobile.com/shopee/modules-federation/live/0/shopee__item-card-standard-v2/0.2.8/pc/7c9110f78e069acbced7.png,Rp,3.198.000,,https://deo.shopeemobile.com/shopee/modules-federation/live/0/shopee__item-card-standard-v2/0.2.8/pc/76dff349290d20891fc1.svg,,,https://deo.shopeemobile.com/shopee/modules-federation/live/0/shopee__item-card-standard-v2/0.2.8/pc/d7099d3fd1dfdaf705ab.svg,4.9,154 Terjual,https://deo.shopeemobile.com/shopee/modules-federation/live/0/shopee__item-card-standard-v2/0.2.8/pc/5dd7b4560d0e2d3190e8.svg,,Tangerang,,,"Samsung Galaxy A24 NFC RAM 8/128GB Extended 8GB up to RAM 16GB Garansi Resmi
Rp
3.198.000
4.9
154 Terjual
2-3 Hari
Tangerang",https://shopee.co.id/Samsung-Galaxy-A24-NFC-RAM-8-128GB-Extended-8GB-up-to-RAM-16GB-Garansi-Resmi-i.103801415.23167856776?extraParams=%7B%22display_model_id%22%3A365136487649%2C%22model_selection_logic%22%3A3%7D&sp_atk=614438dd-97d7-46cd-bf23-2d04df44774c&xptdk=614438dd-97d7-46cd-bf23-2d04df44774c,,,
https://down-id.img.susercontent.com/file/id-11134207-822wh-mmv8jaw73tohd5,https://down-id.img.susercontent.com/file/id-11134258-8224v-mkvw0cu9r7k1a5,Samsung Galaxy A56 5G 8/256GB - Awesome Graphite | Galaxy AI | 50MP Camera | 45W Super Fast Charge,https://deo.shopeemobile.com/shopee/modules-federation/live/0/shopee__item-card-standard-v2/0.2.8/pc/7c9110f78e069acbced7.png,Rp,6.349.000,-13%,https://deo.shopeemobile.com/shopee/modules-federation/live/0/shopee__item-card-standard-v2/0.2.8/pc/76dff349290d20891fc1.svg,https://deo.shopeemobile.com/shopee/modules-federation/live/0/shopee__item-card-standard-v2/0.2.8/pc/d2a1900a0267d45fd0f5.png,,https://deo.shopeemobile.com/shopee/modules-federation/live/0/shopee__item-card-standard-v2/0.2.8/pc/d7099d3fd1dfdaf705ab.svg,4.9,1RB+ Terjual,https://deo.shopeemobile.com/shopee/modules-federation/live/0/shopee__item-card-standard-v2/0.2.8/pc/5dd7b4560d0e2d3190e8.svg,https://deo.shopeemobile.com/shopee/modules-federation/live/0/shopee__item-card-standard-v2/0.2.8/pc/b4d1b8a78b3621dbdf4a.svg,Kab. Tangerang,,,"Samsung Galaxy A56 5G 8/256GB - Awesome Graphite | Galaxy AI | 50MP Camera | 45W Super Fast Charge
Rp
6.349.000
-13%
4.9
1RB+ Terjual
3-4 Hari
Kab. Tangerang",https://shopee.co.id/Samsung-Galaxy-A56-5G-8-256GB-Awesome-Graphite-Galaxy-AI-50MP-Camera-45W-Super-Fast-Charge-i.846350612.42707752320?extraParams=%7B%22display_model_id%22%3A300657655953%2C%22model_selection_logic%22%3A3%7D&sp_atk=777c01ab-7d3b-4e14-9fef-509e2831d907&xptdk=777c01ab-7d3b-4e14-9fef-509e2831d907,,,
https://down-id.img.susercontent.com/file/id-11134207-7r98r-lzspk39mldpp4e,https://down-id.img.susercontent.com/file/id-11134258-8224v-mkvw0cu9r7k1a5,Samsung Galaxy A13 RAM 6 ROM 128 GB 4/128 6/128,,Rp,1.350.000,,https://deo.shopeemobile.com/shopee/modules-federation/live/0/shopee__item-card-standard-v2/0.2.8/pc/76dff349290d20891fc1.svg,,,https://deo.shopeemobile.com/shopee/modules-federation/live/0/shopee__item-card-standard-v2/0.2.8/pc/d7099d3fd1dfdaf705ab.svg,4.5,8 Terjual,https://deo.shopeemobile.com/shopee/modules-federation/live/0/shopee__item-card-standard-v2/0.2.8/pc/5dd7b4560d0e2d3190e8.svg,,Jakarta Barat,,,"Samsung Galaxy A13 RAM 6 ROM 128 GB 4/128 6/128
Rp
1.350.000
4.5
8 Terjual
4-7 Hari
Jakarta Barat",https://shopee.co.id/Samsung-Galaxy-A13-RAM-6-ROM-128-GB-4-128-6-128-i.1336665569.27610264861?extraParams=%7B%22display_model_id%22%3A233186280826%2C%22model_selection_logic%22%3A3%7D&sp_atk=a752b875-d74f-45ed-a477-bfcebb0b4b34&xptdk=a752b875-d74f-45ed-a477-bfcebb0b4b34,,,
https://down-id.img.susercontent.com/file/id-11134207-7rbk1-mawbuhtnbuas40,https://down-id.img.susercontent.com/file/id-11134258-8224v-mkvw0cu9r7k1a5,Samsung Galaxy A56 (5G) Ram 12/256GB Garansi Resmi,https://deo.shopeemobile.com/shopee/modules-federation/live/0/shopee__item-card-standard-v2/0.2.8/pc/e4734dab67ee2f9ebd5a.png,Rp,6.680.000,,https://deo.shopeemobile.com/shopee/modules-federation/live/0/shopee__item-card-standard-v2/0.2.8/pc/38e203dc86172a6c6560.svg,,,https://deo.shopeemobile.com/shopee/modules-federation/live/0/shopee__item-card-standard-v2/0.2.8/pc/d7099d3fd1dfdaf705ab.svg,5.0,160 Terjual,https://deo.shopeemobile.com/shopee/modules-federation/live/0/shopee__item-card-standard-v2/0.2.8/pc/5dd7b4560d0e2d3190e8.svg,,Kediri,https://deo.shopeemobile.com/shopee/modules-federation/live/0/shopee__item-card-standard-v2/0.2.8/pc/0614b8f0a8fdde22942d.svg,< 2 Hari,"Samsung Galaxy A56 (5G) Ram 12/256GB Garansi Resmi
Rp
6.680.000
5.0
160 Terjual
< 2 Hari
Kediri",https://shopee.co.id/Samsung-Galaxy-A56-(5G)-Ram-12-256GB-Garansi-Resmi-i.45658405.27781350634?extraParams=%7B%22display_model_id%22%3A253028199676%2C%22model_selection_logic%22%3A3%7D&sp_atk=fd39af54-70d4-4c12-999b-948769423175&xptdk=fd39af54-70d4-4c12-999b-948769423175,,,
https://down-id.img.susercontent.com/file/id-11134207-7r990-lq3kk2luyhvcbe,https://down-id.img.susercontent.com/file/id-11134258-8224v-mkvw0cu9r7k1a5,Samsung Galaxy A15 5g 8+8/256 Garansi resmi Samsung,,Rp,2.550.000,-33%,https://deo.shopeemobile.com/shopee/modules-federation/live/0/shopee__item-card-standard-v2/0.2.8/pc/76dff349290d20891fc1.svg,,,https://deo.shopeemobile.com/shopee/modules-federation/live/0/shopee__item-card-standard-v2/0.2.8/pc/d7099d3fd1dfdaf705ab.svg,4.8,510 Terjual,https://deo.shopeemobile.com/shopee/modules-federation/live/0/shopee__item-card-standard-v2/0.2.8/pc/5dd7b4560d0e2d3190e8.svg,,Surabaya,,,"Samsung Galaxy A15 5g 8+8/256 Garansi resmi Samsung
Rp
2.550.000
-33%
4.8
510 Terjual
2-5 Hari
Surabaya",https://shopee.co.id/Samsung-Galaxy-A15-5g-8-8-256-Garansi-resmi-Samsung-i.155116050.17698752964?extraParams=%7B%22display_model_id%22%3A245173273637%2C%22model_selection_logic%22%3A3%7D&sp_atk=202c2f65-410f-436a-853c-270957d193bb&xptdk=202c2f65-410f-436a-853c-270957d193bb,,,
https://down-id.img.susercontent.com/file/id-11134207-7rasl-m5vcxk79y9i049,https://down-id.img.susercontent.com/file/id-11134258-8224v-mkvw0cu9r7k1a5,Samsung Galaxy S25 Ultra 5G 12/256 GB 12/512 GB 12/1 TB Garansi Resmi SEIN,https://deo.shopeemobile.com/shopee/modules-federation/live/0/shopee__item-card-standard-v2/0.2.8/pc/e4734dab67ee2f9ebd5a.png,Rp,19.999.000,-13%,https://deo.shopeemobile.com/shopee/modules-federation/live/0/shopee__item-card-standard-v2/0.2.8/pc/38e203dc86172a6c6560.svg,,,,5.0,,https://deo.shopeemobile.com/shopee/modules-federation/live/0/shopee__item-card-standard-v2/0.2.8/pc/5dd7b4560d0e2d3190e8.svg,,Surabaya,https://deo.shopeemobile.com/shopee/modules-federation/live/0/shopee__item-card-standard-v2/0.2.8/pc/0614b8f0a8fdde22942d.svg,2 jam,"Samsung Galaxy S25 Ultra 5G 12/256 GB 12/512 GB 12/1 TB Garansi Resmi SEIN
Rp
19.999.000
-13%
5.0
219 Terjual
2 jam
Surabaya",https://shopee.co.id/Samsung-Galaxy-S25-Ultra-5G-12-256-GB-12-512-GB-12-1-TB-Garansi-Resmi-SEIN-i.11764527.24141420028?extraParams=%7B%22display_model_id%22%3A227478420646%2C%22model_selection_logic%22%3A3%7D&sp_atk=0b381955-2370-493b-92cd-fb4e111f7823&xptdk=0b381955-2370-493b-92cd-fb4e111f7823,219 Terjual,,https://deo.shopeemobile.com/shopee/modules-federation/live/0/shopee__item-card-standard-v2/0.2.8/pc/d7099d3fd1dfdaf705ab.svg
https://down-id.img.susercontent.com/file/id-11134207-7rbkb-m9skgfoxs0429a,https://down-id.img.susercontent.com/file/id-11134258-7r98w-lyezzaurybot13,Samsung Galaxy A16 [8GB+128GB] [8GB+256GB] - Garansi Resmi 1 Tahun,https://deo.shopeemobile.com/shopee/modules-federation/live/0/shopee__item-card-standard-v2/0.2.8/pc/7c9110f78e069acbced7.png,Rp,2.849.000,,https://deo.shopeemobile.com/shopee/modules-federation/live/0/shopee__item-card-standard-v2/0.2.8/pc/76dff349290d20891fc1.svg,,,,4.9,,https://deo.shopeemobile.com/shopee/modules-federation/live/0/shopee__item-card-standard-v2/0.2.8/pc/5dd7b4560d0e2d3190e8.svg,,Jakarta Utara,,,"Samsung Galaxy A16 [8GB+128GB] [8GB+256GB] - Garansi Resmi 1 Tahun
Rp
2.849.000
4.9
387 Terjual
3-6 Hari
Jakarta Utara",https://shopee.co.id/Samsung-Galaxy-A16-8GB-128GB-8GB-256GB-Garansi-Resmi-1-Tahun-i.395020669.27086621748?extraParams=%7B%22display_model_id%22%3A237821565471%2C%22model_selection_logic%22%3A3%7D&sp_atk=f8d3dc62-a8bf-4e2b-a7a9-3e7fc59f6195&xptdk=f8d3dc62-a8bf-4e2b-a7a9-3e7fc59f6195,387 Terjual,,https://deo.shopeemobile.com/shopee/modules-federation/live/0/shopee__item-card-standard-v2/0.2.8/pc/d7099d3fd1dfdaf705ab.svg
https://down-id.img.susercontent.com/file/id-11134207-7rbkb-m8vfl6q4ilb251,https://down-id.img.susercontent.com/file/id-11134258-8224v-mkvw0cu9r7k1a5,"Samsung Galaxy A26 5G 8GB/256GB | Exynos 1380 (5nm) | 6,7 inch Super AMOLED 120Hz | 5,000mAh 25W Fast Charging | IP67",https://deo.shopeemobile.com/shopee/modules-federation/live/0/shopee__item-card-standard-v2/0.2.8/pc/7c9110f78e069acbced7.png,Rp,5.298.000,,https://deo.shopeemobile.com/shopee/modules-federation/live/0/shopee__item-card-standard-v2/0.2.8/pc/38e203dc86172a6c6560.svg,,,,5.0,,https://deo.shopeemobile.com/shopee/modules-federation/live/0/shopee__item-card-standard-v2/0.2.8/pc/5dd7b4560d0e2d3190e8.svg,,Surabaya,https://deo.shopeemobile.com/shopee/modules-federation/live/0/shopee__item-card-standard-v2/0.2.8/pc/0614b8f0a8fdde22942d.svg,2 jam,"Samsung Galaxy A26 5G 8GB/256GB | Exynos 1380 (5nm) | 6,7 inch Super AMOLED 120Hz | 5,000mAh 25W Fast Charging | IP67
Rp
5.298.000
5.0
28 Terjual
2 jam
Surabaya",https://shopee.co.id/Samsung-Galaxy-A26-5G-8GB-256GB-Exynos-1380-(5nm)-6-7-inch-Super-AMOLED-120Hz-5-000mAh-25W-Fast-Charging-IP67-i.29471017.26834401600?extraParams=%7B%22display_model_id%22%3A234146400165%2C%22model_selection_logic%22%3A3%7D&sp_atk=c255c645-03d6-4ec2-be88-07391daa00ae&xptdk=c255c645-03d6-4ec2-be88-07391daa00ae,28 Terjual,,https://deo.shopeemobile.com/shopee/modules-federation/live/0/shopee__item-card-standard-v2/0.2.8/pc/d7099d3fd1dfdaf705ab.svg
https://down-id.img.susercontent.com/file/id-11134207-822wn-mn0ysgtzwxdxa4,https://down-id.img.susercontent.com/file/id-11134258-8224v-mkvw0cu9r7k1a5,Samsung Galaxy A17 5G 8/256GB - Garansi Resmi 2 Tahun,,Rp,3.599.000,-55%,https://deo.shopeemobile.com/shopee/modules-federation/live/0/shopee__item-card-standard-v2/0.2.8/pc/76dff349290d20891fc1.svg,https://deo.shopeemobile.com/shopee/modules-federation/live/0/shopee__item-card-standard-v2/0.2.8/pc/d2a1900a0267d45fd0f5.png,,,,,https://deo.shopeemobile.com/shopee/modules-federation/live/0/shopee__item-card-standard-v2/0.2.8/pc/5dd7b4560d0e2d3190e8.svg,,Jakarta Barat,,,"Samsung Galaxy A17 5G 8/256GB - Garansi Resmi 2 Tahun
Rp
3.599.000
-55%
9 Terjual
3-6 Hari
Jakarta Barat",https://shopee.co.id/Samsung-Galaxy-A17-5G-8-256GB-Garansi-Resmi-2-Tahun-i.1639357963.46958796065?extraParams=%7B%22display_model_id%22%3A420779502883%2C%22model_selection_logic%22%3A3%7D&sp_atk=bc709211-12ac-4305-9910-82030b04e5d2&xptdk=bc709211-12ac-4305-9910-82030b04e5d2,9 Terjual,,
https://down-id.img.susercontent.com/file/id-11134207-7r98o-lpkweazyv0qza3,https://down-id.img.susercontent.com/file/id-11134258-822wr-mlx5y0tebegw04,Samsung A05 Ram 4/64GB | Ram 4/128GB | Ram 6/128GB Segel Original & Bergaransi Resmi,https://deo.shopeemobile.com/shopee/modules-federation/live/0/shopee__item-card-standard-v2/0.2.8/pc/e4734dab67ee2f9ebd5a.png,Rp,1.744.733,-3%,https://deo.shopeemobile.com/shopee/modules-federation/live/0/shopee__item-card-standard-v2/0.2.8/pc/38e203dc86172a6c6560.svg,,,,4.9,,https://deo.shopeemobile.com/shopee/modules-federation/live/0/shopee__item-card-standard-v2/0.2.8/pc/5dd7b4560d0e2d3190e8.svg,,Surabaya,https://deo.shopeemobile.com/shopee/modules-federation/live/0/shopee__item-card-standard-v2/0.2.8/pc/0614b8f0a8fdde22942d.svg,< 2 Hari,"Samsung A05 Ram 4/64GB | Ram 4/128GB | Ram 6/128GB Segel Original & Bergaransi Resmi
Rp
1.744.733
-3%
4.9
300 Terjual
< 2 Hari
Surabaya",https://shopee.co.id/Samsung-A05-Ram-4-64GB-Ram-4-128GB-Ram-6-128GB-Segel-Original-Bergaransi-Resmi-i.233982802.22588540580?extraParams=%7B%22display_model_id%22%3A235910411121%2C%22model_selection_logic%22%3A3%7D&sp_atk=b01da769-25a6-4e06-8b5f-5d92e6507f2e&xptdk=b01da769-25a6-4e06-8b5f-5d92e6507f2e,300 Terjual,,https://deo.shopeemobile.com/shopee/modules-federation/live/0/shopee__item-card-standard-v2/0.2.8/pc/d7099d3fd1dfdaf705ab.svg
https://down-id.img.susercontent.com/file/id-11134207-822wg-mlt3us1xhcsj85,https://down-id.img.susercontent.com/file/id-11134258-822wr-mlx67rtd6r602f,SAMSUNG A17 4G 5G RAM 8/128 8/256 - GARANSI RESMI,https://deo.shopeemobile.com/shopee/modules-federation/live/0/shopee__item-card-standard-v2/0.2.8/pc/a425c915798471b33e5d.png,Rp,3.248.125,,https://deo.shopeemobile.com/shopee/modules-federation/live/0/shopee__item-card-standard-v2/0.2.8/pc/76dff349290d20891fc1.svg,,,,5.0,,https://deo.shopeemobile.com/shopee/modules-federation/live/0/shopee__item-card-standard-v2/0.2.8/pc/5dd7b4560d0e2d3190e8.svg,,Surabaya,,,"SAMSUNG A17 4G 5G RAM 8/128 8/256 - GARANSI RESMI
Rp
3.248.125
5.0
4 Terjual
2-3 Hari
Surabaya",https://shopee.co.id/SAMSUNG-A17-4G-5G-RAM-8-128-8-256-GARANSI-RESMI-i.1156318328.47308333288?extraParams=%7B%22display_model_id%22%3A440738979532%2C%22model_selection_logic%22%3A3%7D&sp_atk=16f4ffe4-0c46-4a9d-ab05-873b13bb5ab2&xptdk=16f4ffe4-0c46-4a9d-ab05-873b13bb5ab2,4 Terjual,,https://deo.shopeemobile.com/shopee/modules-federation/live/0/shopee__item-card-standard-v2/0.2.8/pc/d7099d3fd1dfdaf705ab.svg
https://down-id.img.susercontent.com/file/id-11134207-7rbk6-m7sywm5cw6z4b0,,SAMSUNG GALAXY A56 5G 8/256GB | 12/256GB | A55 5G 8/128GB | 8/256GB | 12/256GB | A57 SERIES - GARANSI RESMI,https://deo.shopeemobile.com/shopee/modules-federation/live/0/shopee__item-card-standard-v2/0.2.8/pc/e4734dab67ee2f9ebd5a.png,Rp,6.799.000,,https://deo.shopeemobile.com/shopee/modules-federation/live/0/shopee__item-card-standard-v2/0.2.8/pc/38e203dc86172a6c6560.svg,https://deo.shopeemobile.com/shopee/modules-federation/live/0/shopee__item-card-standard-v2/0.2.8/pc/d2a1900a0267d45fd0f5.png,,,4.9,,https://deo.shopeemobile.com/shopee/modules-federation/live/0/shopee__item-card-standard-v2/0.2.8/pc/5dd7b4560d0e2d3190e8.svg,,Kab. Bojonegoro,https://deo.shopeemobile.com/shopee/modules-federation/live/0/shopee__item-card-standard-v2/0.2.8/pc/0614b8f0a8fdde22942d.svg,< 2 Hari,"SAMSUNG GALAXY A56 5G 8/256GB | 12/256GB | A55 5G 8/128GB | 8/256GB | 12/256GB | A57 SERIES - GARANSI RESMI
Rp
6.799.000
4.9
103 Terjual
< 2 Hari
Kab. Bojonegoro",https://shopee.co.id/SAMSUNG-GALAXY-A56-5G-8-256GB-12-256GB-A55-5G-8-128GB-8-256GB-12-256GB-A57-SERIES-GARANSI-RESMI-i.11896169.25220983678?extraParams=%7B%22display_model_id%22%3A245541347348%2C%22model_selection_logic%22%3A3%7D&sp_atk=49dad991-589c-4270-b573-be6b1eb64aae&xptdk=49dad991-589c-4270-b573-be6b1eb64aae,103 Terjual,,https://deo.shopeemobile.com/shopee/modules-federation/live/0/shopee__item-card-standard-v2/0.2.8/pc/d7099d3fd1dfdaf705ab.svg
https://down-id.img.susercontent.com/file/id-11134207-7ra0n-mdo7qyzyev0v9e,https://down-id.img.susercontent.com/file/id-11134258-8224v-mkvw0cu9r7k1a5,Samsung Galaxy A07 [8/256GB] [6/128GB] [4/128GB] [4/64GB] Garansi Resmi Samsung Indonesia 1 Tahun,https://deo.shopeemobile.com/shopee/modules-federation/live/0/shopee__item-card-standard-v2/0.2.8/pc/e4734dab67ee2f9ebd5a.png,Rp,1.799.000,,https://deo.shopeemobile.com/shopee/modules-federation/live/0/shopee__item-card-standard-v2/0.2.8/pc/76dff349290d20891fc1.svg,https://deo.shopeemobile.com/shopee/modules-federation/live/0/shopee__item-card-standard-v2/0.2.8/pc/d2a1900a0267d45fd0f5.png,,,5.0,,https://deo.shopeemobile.com/shopee/modules-federation/live/0/shopee__item-card-standard-v2/0.2.8/pc/5dd7b4560d0e2d3190e8.svg,,Palembang,,,"Samsung Galaxy A07 [8/256GB] [6/128GB] [4/128GB] [4/64GB] Garansi Resmi Samsung Indonesia 1 Tahun
Rp
1.799.000
5.0
3RB+ Terjual
2-3 Hari
Palembang",https://shopee.co.id/Samsung-Galaxy-A07-8-256GB-6-128GB-4-128GB-4-64GB-Garansi-Resmi-Samsung-Indonesia-1-Tahun-i.133736627.21805686861?extraParams=%7B%22display_model_id%22%3A306177339778%2C%22model_selection_logic%22%3A3%7D&sp_atk=eb34f4f8-d56f-42ea-a400-d9918740cc71&xptdk=eb34f4f8-d56f-42ea-a400-d9918740cc71,3RB+ Terjual,,https://deo.shopeemobile.com/shopee/modules-federation/live/0/shopee__item-card-standard-v2/0.2.8/pc/d7099d3fd1dfdaf705ab.svg
https://down-id.img.susercontent.com/file/id-11134207-8224z-mgugay7httl974,https://down-id.img.susercontent.com/file/id-11134258-7r98w-lyezzaurybot13,hp samsung A17 4g Lte 8gb 128gb 8gb 256gb BARU & SEGEL Garansi Resmi SEIN 1 tahun,https://deo.shopeemobile.com/shopee/modules-federation/live/0/shopee__item-card-standard-v2/0.2.8/pc/e4734dab67ee2f9ebd5a.png,Rp,3.099.000,,https://deo.shopeemobile.com/shopee/modules-federation/live/0/shopee__item-card-standard-v2/0.2.8/pc/38e203dc86172a6c6560.svg,https://deo.shopeemobile.com/shopee/modules-federation/live/0/shopee__item-card-standard-v2/0.2.8/pc/d2a1900a0267d45fd0f5.png,,,4.9,,https://deo.shopeemobile.com/shopee/modules-federation/live/0/shopee__item-card-standard-v2/0.2.8/pc/5dd7b4560d0e2d3190e8.svg,,Kab. Bojonegoro,https://deo.shopeemobile.com/shopee/modules-federation/live/0/shopee__item-card-standard-v2/0.2.8/pc/0614b8f0a8fdde22942d.svg,< 2 Hari,"hp samsung A17 4g Lte 8gb 128gb 8gb 256gb BARU & SEGEL Garansi Resmi SEIN 1 tahun
Rp
3.099.000
4.9
489 Terjual
< 2 Hari
Kab. Bojonegoro",https://shopee.co.id/hp-samsung-A17-4g-Lte-8gb-128gb-8gb-256gb-BARU-SEGEL-Garansi-Resmi-SEIN-1-tahun-i.486498526.11191475996?extraParams=%7B%22display_model_id%22%3A165718381729%2C%22model_selection_logic%22%3A3%7D&sp_atk=66de11f5-83c4-4189-8b51-a8d7bc6f2550&xptdk=66de11f5-83c4-4189-8b51-a8d7bc6f2550,489 Terjual,,https://deo.shopeemobile.com/shopee/modules-federation/live/0/shopee__item-card-standard-v2/0.2.8/pc/d7099d3fd1dfdaf705ab.svg
https://down-id.img.susercontent.com/file/id-11134207-7rbk2-m8i6b54ckvha05,https://down-id.img.susercontent.com/file/id-11134258-8224v-mkvw0cu9r7k1a5,NEW SAMSUNG GALAXY A36 5G RAM 8GB STOREAGE 256 GB,https://deo.shopeemobile.com/shopee/modules-federation/live/0/shopee__item-card-standard-v2/0.2.8/pc/7c9110f78e069acbced7.png,Rp,5.249.000,,https://deo.shopeemobile.com/shopee/modules-federation/live/0/shopee__item-card-standard-v2/0.2.8/pc/76dff349290d20891fc1.svg,https://deo.shopeemobile.com/shopee/modules-federation/live/0/shopee__item-card-standard-v2/0.2.8/pc/d2a1900a0267d45fd0f5.png,,,5.0,,https://deo.shopeemobile.com/shopee/modules-federation/live/0/shopee__item-card-standard-v2/0.2.8/pc/5dd7b4560d0e2d3190e8.svg,,Depok,,,"NEW SAMSUNG GALAXY A36 5G RAM 8GB STOREAGE 256 GB
Rp
5.249.000
5.0
82 Terjual
3 Hari
Depok",https://shopee.co.id/NEW-SAMSUNG-GALAXY-A36-5G-RAM-8GB-STOREAGE-256-GB-i.1367937206.19496749688?extraParams=%7B%22display_model_id%22%3A159128658120%2C%22model_selection_logic%22%3A3%7D&sp_atk=53beb4c5-249a-457a-9a31-0135aedacdfc&xptdk=53beb4c5-249a-457a-9a31-0135aedacdfc,82 Terjual,,https://deo.shopeemobile.com/shopee/modules-federation/live/0/shopee__item-card-standard-v2/0.2.8/pc/d7099d3fd1dfdaf705ab.svg
https://down-id.img.susercontent.com/file/id-11134207-8224p-mhhh7dmsdptua9,https://down-id.img.susercontent.com/file/id-11134258-8224v-mkvw0cu9r7k1a5,SAMSUNG S23 ULTRA 12/256GB/12/512GB RESMI SEIN,,Rp,9.730.000,,https://deo.shopeemobile.com/shopee/modules-federation/live/0/shopee__item-card-standard-v2/0.2.8/pc/76dff349290d20891fc1.svg,,,,5.0,,https://deo.shopeemobile.com/shopee/modules-federation/live/0/shopee__item-card-standard-v2/0.2.8/pc/5dd7b4560d0e2d3190e8.svg,,Kab. Tangerang,,,"SAMSUNG S23 ULTRA 12/256GB/12/512GB RESMI SEIN
Rp
9.730.000
5.0
14 Terjual
3 Hari
Kab. Tangerang",https://shopee.co.id/SAMSUNG-S23-ULTRA-12-256GB-12-512GB-RESMI-SEIN-i.883484566.29520683012?extraParams=%7B%22display_model_id%22%3A390109721807%2C%22model_selection_logic%22%3A3%7D&sp_atk=a4f4aa3c-78fd-4a55-8933-c7afa5360c0a&xptdk=a4f4aa3c-78fd-4a55-8933-c7afa5360c0a,14 Terjual,,https://deo.shopeemobile.com/shopee/modules-federation/live/0/shopee__item-card-standard-v2/0.2.8/pc/d7099d3fd1dfdaf705ab.svg
https://down-id.img.susercontent.com/file/id-11134207-23010-1vxrqa1t0emvac,https://down-id.img.susercontent.com/file/id-11134258-8224v-mkvw0cu9r7k1a5,Samsung A31 Ram 8/128 ~ 6/128 GB Garansi Resmi Indonesia,https://deo.shopeemobile.com/shopee/modules-federation/live/0/shopee__item-card-standard-v2/0.2.8/pc/e4734dab67ee2f9ebd5a.png,Rp,1.350.000,,https://deo.shopeemobile.com/shopee/modules-federation/live/0/shopee__item-card-standard-v2/0.2.8/pc/76dff349290d20891fc1.svg,,Cicilan,,4.9,,https://deo.shopeemobile.com/shopee/modules-federation/live/0/shopee__item-card-standard-v2/0.2.8/pc/5dd7b4560d0e2d3190e8.svg,,Kab. Bekasi,,,"Samsung A31 Ram 8/128 ~ 6/128 GB Garansi Resmi Indonesia
Rp
1.350.000
Cicilan
4.9
52 Terjual
3 Hari
Kab. Bekasi",https://shopee.co.id/Samsung-A31-Ram-8-128-~-6-128-GB-Garansi-Resmi-Indonesia-i.319663119.8905722091?extraParams=%7B%22display_model_id%22%3A146781636274%2C%22model_selection_logic%22%3A3%7D&sp_atk=246fdddb-8348-423f-b775-b2a8151cc0a4&xptdk=246fdddb-8348-423f-b775-b2a8151cc0a4,52 Terjual,,https://deo.shopeemobile.com/shopee/modules-federation/live/0/shopee__item-card-standard-v2/0.2.8/pc/d7099d3fd1dfdaf705ab.svg
https://down-id.img.susercontent.com/file/id-11134207-8224y-mhqj6g9764n71c,https://down-id.img.susercontent.com/file/id-11134258-8224v-mkvw0cu9r7k1a5,Samsung Galaxy A07 (8/256GB - 6/128GB - 4/128GB - 4/64GB) & A04 NEW BNIB,,Rp,1.669.900,,https://deo.shopeemobile.com/shopee/modules-federation/live/0/shopee__item-card-standard-v2/0.2.8/pc/76dff349290d20891fc1.svg,https://deo.shopeemobile.com/shopee/modules-federation/live/0/shopee__item-card-standard-v2/0.2.8/pc/d2a1900a0267d45fd0f5.png,Cicilan,,4.6,,https://deo.shopeemobile.com/shopee/modules-federation/live/0/shopee__item-card-standard-v2/0.2.8/pc/5dd7b4560d0e2d3190e8.svg,,Kab. Tangerang,,,"Samsung Galaxy A07 (8/256GB - 6/128GB - 4/128GB - 4/64GB) & A04 NEW BNIB
Rp
1.669.900
Cicilan
4.6
10RB+ Terjual
3-6 Hari
Kab. Tangerang",https://shopee.co.id/Samsung-Galaxy-A07-(8-256GB-6-128GB-4-128GB-4-64GB)-A04-NEW-BNIB-i.228720061.5238635855?extraParams=%7B%22display_model_id%22%3A370234394945%2C%22model_selection_logic%22%3A3%7D&sp_atk=c180298a-1e10-453b-8bdb-f1a1da79062d&xptdk=c180298a-1e10-453b-8bdb-f1a1da79062d,10RB+ Terjual,,https://deo.shopeemobile.com/shopee/modules-federation/live/0/shopee__item-card-standard-v2/0.2.8/pc/d7099d3fd1dfdaf705ab.svg
https://down-id.img.susercontent.com/file/id-11134207-81ztd-mei0z93ep9tz98,https://down-id.img.susercontent.com/file/id-11134258-8224v-mkvw0cu9r7k1a5,Samsung Galaxy A07 4G LTE 4/64 4/128 GB Helio G99 50MP 5000mAh Garansi Resmi,https://deo.shopeemobile.com/shopee/modules-federation/live/0/shopee__item-card-standard-v2/0.2.8/pc/a425c915798471b33e5d.png,Rp,1.669.000,,https://deo.shopeemobile.com/shopee/modules-federation/live/0/shopee__item-card-standard-v2/0.2.8/pc/38e203dc86172a6c6560.svg,,,,5.0,,https://deo.shopeemobile.com/shopee/modules-federation/live/0/shopee__item-card-standard-v2/0.2.8/pc/5dd7b4560d0e2d3190e8.svg,,Surakarta (Solo),https://deo.shopeemobile.com/shopee/modules-federation/live/0/shopee__item-card-standard-v2/0.2.8/pc/0614b8f0a8fdde22942d.svg,< 2 Hari,"Samsung Galaxy A07 4G LTE 4/64 4/128 GB Helio G99 50MP 5000mAh Garansi Resmi
Rp
1.669.000
5.0
14 Terjual
< 2 Hari
Surakarta (Solo)",https://shopee.co.id/Samsung-Galaxy-A07-4G-LTE-4-64-4-128-GB-Helio-G99-50MP-5000mAh-Garansi-Resmi-i.1093155061.41505209229?extraParams=%7B%22display_model_id%22%3A280439123710%2C%22model_selection_logic%22%3A3%7D&sp_atk=7aa7c437-6397-45cf-baaf-0d5f47e473d9&xptdk=7aa7c437-6397-45cf-baaf-0d5f47e473d9,14 Terjual,,https://deo.shopeemobile.com/shopee/modules-federation/live/0/shopee__item-card-standard-v2/0.2.8/pc/d7099d3fd1dfdaf705ab.svg
https://down-id.img.susercontent.com/file/id-11134207-822wr-mmvjtqin1mo578,https://down-id.img.susercontent.com/file/id-11134258-8224v-mkvw0cu9r7k1a5,Samsung Galaxy A56 5G Ram 12GB Rom 256GB Exynos 1580 Amoled 50MP Camera,https://deo.shopeemobile.com/shopee/modules-federation/live/0/shopee__item-card-standard-v2/0.2.8/pc/7c9110f78e069acbced7.png,Rp,6.189.000,-1%,https://deo.shopeemobile.com/shopee/modules-federation/live/0/shopee__item-card-standard-v2/0.2.8/pc/76dff349290d20891fc1.svg,,,,4.9,,https://deo.shopeemobile.com/shopee/modules-federation/live/0/shopee__item-card-standard-v2/0.2.8/pc/5dd7b4560d0e2d3190e8.svg,https://deo.shopeemobile.com/shopee/modules-federation/live/0/shopee__item-card-standard-v2/0.2.8/pc/b4d1b8a78b3621dbdf4a.svg,Kab. Karawang,,,"Samsung Galaxy A56 5G Ram 12GB Rom 256GB Exynos 1580 Amoled 50MP Camera
Rp
6.189.000
-1%
4.9
198 Terjual
2-4 Hari
Kab. Karawang",https://shopee.co.id/Samsung-Galaxy-A56-5G-Ram-12GB-Rom-256GB-Exynos-1580-Amoled-50MP-Camera-i.1306576837.24843061231?extraParams=%7B%22display_model_id%22%3A395363013811%2C%22model_selection_logic%22%3A3%7D&sp_atk=bc615bda-3bd2-4d3c-89a9-72eb5655961a&xptdk=bc615bda-3bd2-4d3c-89a9-72eb5655961a,198 Terjual,,https://deo.shopeemobile.com/shopee/modules-federation/live/0/shopee__item-card-standard-v2/0.2.8/pc/d7099d3fd1dfdaf705ab.svg
https://down-id.img.susercontent.com/file/id-11134207-82252-mfw94oap3bwoa4,https://down-id.img.susercontent.com/file/id-11134258-8224v-mkvw0cu9r7k1a5,Samsung Galaxy S22 Ultra 512Gb | 256Gb | 128Gb Fullset Resmi Original Sein,https://deo.shopeemobile.com/shopee/modules-federation/live/0/shopee__item-card-standard-v2/0.2.8/pc/a425c915798471b33e5d.png,Rp,5.825.000,,https://deo.shopeemobile.com/shopee/modules-federation/live/0/shopee__item-card-standard-v2/0.2.8/pc/76dff349290d20891fc1.svg,https://deo.shopeemobile.com/shopee/modules-federation/live/0/shopee__item-card-standard-v2/0.2.8/pc/d2a1900a0267d45fd0f5.png,,,4.6,,https://deo.shopeemobile.com/shopee/modules-federation/live/0/shopee__item-card-standard-v2/0.2.8/pc/5dd7b4560d0e2d3190e8.svg,,Jakarta Timur,,,"Samsung Galaxy S22 Ultra 512Gb | 256Gb | 128Gb Fullset Resmi Original Sein
Rp
5.825.000
4.6
26 Terjual
3-4 Hari
Jakarta Timur",https://shopee.co.id/Samsung-Galaxy-S22-Ultra-512Gb-256Gb-128Gb-Fullset-Resmi-Original-Sein-i.289541809.27883782407?extraParams=%7B%22display_model_id%22%3A248207021638%2C%22model_selection_logic%22%3A3%7D&sp_atk=e232a4fb-f41a-4453-98f0-c1c76bfb7799&xptdk=e232a4fb-f41a-4453-98f0-c1c76bfb7799,26 Terjual,,https://deo.shopeemobile.com/shopee/modules-federation/live/0/shopee__item-card-standard-v2/0.2.8/pc/d7099d3fd1dfdaf705ab.svg
https://down-id.img.susercontent.com/file/id-11134207-822wh-mmv8jaw73tohd5,https://down-id.img.susercontent.com/file/id-11134258-8224v-mkvw0cu9r7k1a5,Samsung Galaxy A56 5G 8/256GB - Awesome Graphite | Galaxy AI | 50MP Camera | 45W Super Fast Charge,https://deo.shopeemobile.com/shopee/modules-federation/live/0/shopee__item-card-standard-v2/0.2.8/pc/7c9110f78e069acbced7.png,Rp,6.349.000,-13%,https://deo.shopeemobile.com/shopee/modules-federation/live/0/shopee__item-card-standard-v2/0.2.8/pc/76dff349290d20891fc1.svg,https://deo.shopeemobile.com/shopee/modules-federation/live/0/shopee__item-card-standard-v2/0.2.8/pc/d2a1900a0267d45fd0f5.png,,,4.9,,https://deo.shopeemobile.com/shopee/modules-federation/live/0/shopee__item-card-standard-v2/0.2.8/pc/5dd7b4560d0e2d3190e8.svg,https://deo.shopeemobile.com/shopee/modules-federation/live/0/shopee__item-card-standard-v2/0.2.8/pc/b4d1b8a78b3621dbdf4a.svg,Kab. Tangerang,,,"Samsung Galaxy A56 5G 8/256GB - Awesome Graphite | Galaxy AI | 50MP Camera | 45W Super Fast Charge
Rp
6.349.000
-13%
4.9
1RB+ Terjual
3-4 Hari
Kab. Tangerang",https://shopee.co.id/Samsung-Galaxy-A56-5G-8-256GB-Awesome-Graphite-Galaxy-AI-50MP-Camera-45W-Super-Fast-Charge-i.846350612.42707752320?extraParams=%7B%22display_model_id%22%3A300657655953%2C%22model_selection_logic%22%3A3%7D&sp_atk=5c8fe480-8f34-41aa-a958-1538f05bc8b5&xptdk=5c8fe480-8f34-41aa-a958-1538f05bc8b5,1RB+ Terjual,,https://deo.shopeemobile.com/shopee/modules-federation/live/0/shopee__item-card-standard-v2/0.2.8/pc/d7099d3fd1dfdaf705ab.svg
https://down-id.img.susercontent.com/file/id-11134207-7qul7-libe73f1i0sbfd,https://down-id.img.susercontent.com/file/id-11134258-8224v-mkvw0cu9r7k1a5,Samsung Galaxy M12 Garansi Sein 6.5 Inci Quad Kamera,,Rp,1.375.000,,https://deo.shopeemobile.com/shopee/modules-federation/live/0/shopee__item-card-standard-v2/0.2.8/pc/76dff349290d20891fc1.svg,,,,4.8,,https://deo.shopeemobile.com/shopee/modules-federation/live/0/shopee__item-card-standard-v2/0.2.8/pc/5dd7b4560d0e2d3190e8.svg,,Surabaya,,,"Samsung Galaxy M12 Garansi Sein 6.5 Inci Quad Kamera
Rp
1.375.000
4.8
25 Terjual
3 Hari
Surabaya",https://shopee.co.id/Samsung-Galaxy-M12-Garansi-Sein-6.5-Inci-Quad-Kamera-i.251901443.22571666834?extraParams=%7B%22display_model_id%22%3A176458608323%2C%22model_selection_logic%22%3A3%7D&sp_atk=ff7b329e-b544-4d46-addc-38530edaa107&xptdk=ff7b329e-b544-4d46-addc-38530edaa107,25 Terjual,,https://deo.shopeemobile.com/shopee/modules-federation/live/0/shopee__item-card-standard-v2/0.2.8/pc/d7099d3fd1dfdaf705ab.svg
https://down-id.img.susercontent.com/file/id-11134207-822wj-mmznx17arz0m60,https://down-id.img.susercontent.com/file/id-11134258-7r98w-lyezzaurybot13,Samsung S23 Ultra 256gb Sein Fullset ori (Standar),,Rp,8.757.000,,https://deo.shopeemobile.com/shopee/modules-federation/live/0/shopee__item-card-standard-v2/0.2.8/pc/76dff349290d20891fc1.svg,,,,5.0,,https://deo.shopeemobile.com/shopee/modules-federation/live/0/shopee__item-card-standard-v2/0.2.8/pc/5dd7b4560d0e2d3190e8.svg,,Kab. Bandung,,,"Samsung S23 Ultra 256gb Sein Fullset ori (Standar)
Rp
8.757.000
5.0
6 Terjual
3 Hari
Kab. Bandung",https://shopee.co.id/Samsung-S23-Ultra-256gb-Sein-Fullset-ori-(Standar)-i.137306297.25432881563?extraParams=%7B%22display_model_id%22%3A232951707365%2C%22model_selection_logic%22%3A3%7D&sp_atk=e03fa224-69ec-40af-b9ee-22db2498bd10&xptdk=e03fa224-69ec-40af-b9ee-22db2498bd10,6 Terjual,,https://deo.shopeemobile.com/shopee/modules-federation/live/0/shopee__item-card-standard-v2/0.2.8/pc/d7099d3fd1dfdaf705ab.svg
https://down-id.img.susercontent.com/file/id-11134207-81zth-mfdoavzb4kjs85,https://down-id.img.susercontent.com/file/id-11134258-8224v-mkvw0cu9r7k1a5,Samsung Galaxy A07 4/64gb + 4/128gb + 6/128gb + 8/256gb Free Adapter Garansi Resmi Sein,https://deo.shopeemobile.com/shopee/modules-federation/live/0/shopee__item-card-standard-v2/0.2.8/pc/e4734dab67ee2f9ebd5a.png,Rp,1.725.000,,https://deo.shopeemobile.com/shopee/modules-federation/live/0/shopee__item-card-standard-v2/0.2.8/pc/76dff349290d20891fc1.svg,,Cicilan,,4.8,,https://deo.shopeemobile.com/shopee/modules-federation/live/0/shopee__item-card-standard-v2/0.2.8/pc/5dd7b4560d0e2d3190e8.svg,,Jakarta Barat,,,"Samsung Galaxy A07 4/64gb + 4/128gb + 6/128gb + 8/256gb Free Adapter Garansi Resmi Sein
Rp
1.725.000
Cicilan
Kombo Hemat
4.8
8RB+ Terjual
2-4 Hari
Jakarta Barat",https://shopee.co.id/Samsung-Galaxy-A07-4-64gb-4-128gb-6-128gb-8-256gb-Free-Adapter-Garansi-Resmi-Sein-i.732897.292625865?extraParams=%7B%22display_model_id%22%3A139488708499%2C%22model_selection_logic%22%3A3%7D&sp_atk=49c110aa-5c1a-43f0-a766-f7eafa04db65&xptdk=49c110aa-5c1a-43f0-a766-f7eafa04db65,8RB+ Terjual,,https://deo.shopeemobile.com/shopee/modules-federation/live/0/shopee__item-card-standard-v2/0.2.8/pc/d7099d3fd1dfdaf705ab.svg
https://down-id.img.susercontent.com/file/id-11134207-7rbk9-mafzxztpva2g37,https://down-id.img.susercontent.com/file/id-11134258-8224v-mkvw0cu9r7k1a5,SAMSUNG GALAXY A56 5G 100% ORIGINAL SEGEL RESMI GARANSI SAMSUNG SEIN INDONESIA,https://deo.shopeemobile.com/shopee/modules-federation/live/0/shopee__item-card-standard-v2/0.2.8/pc/e4734dab67ee2f9ebd5a.png,Rp,5.730.000,-16%,https://deo.shopeemobile.com/shopee/modules-federation/live/0/shopee__item-card-standard-v2/0.2.8/pc/76dff349290d20891fc1.svg,,,,4.8,,https://deo.shopeemobile.com/shopee/modules-federation/live/0/shopee__item-card-standard-v2/0.2.8/pc/5dd7b4560d0e2d3190e8.svg,,Surabaya,,Cashback 99%,"SAMSUNG GALAXY A56 5G 100% ORIGINAL SEGEL RESMI GARANSI SAMSUNG SEIN INDONESIA
Rp
5.730.000
-16%
Cashback 99%
4.8
410 Terjual
2-3 Hari
Surabaya",https://shopee.co.id/SAMSUNG-GALAXY-A56-5G-100-ORIGINAL-SEGEL-RESMI-GARANSI-SAMSUNG-SEIN-INDONESIA-i.1133058510.25706413770?extraParams=%7B%22display_model_id%22%3A340713330224%2C%22model_selection_logic%22%3A3%7D&sp_atk=9b78c30e-3ae8-4681-a14a-726c3c52ff42&xptdk=9b78c30e-3ae8-4681-a14a-726c3c52ff42,410 Terjual,,https://deo.shopeemobile.com/shopee/modules-federation/live/0/shopee__item-card-standard-v2/0.2.8/pc/d7099d3fd1dfdaf705ab.svg
https://down-id.img.susercontent.com/file/id-11134207-7r98s-lswxj2tg7ps6a0,https://down-id.img.susercontent.com/file/id-11134258-8224v-mkvw0cu9r7k1a5,samsung galaxy a35 5G 8/256 -galaxy a36 5G 12/256 a36 8/256gb - galaxy a34 5G 8/256gb a34 8/128gb galaxy a335G  8/256gb garansi resmi,https://deo.shopeemobile.com/shopee/modules-federation/live/0/shopee__item-card-standard-v2/0.2.8/pc/7c9110f78e069acbced7.png,Rp,4.998.000,,https://deo.shopeemobile.com/shopee/modules-federation/live/0/shopee__item-card-standard-v2/0.2.8/pc/76dff349290d20891fc1.svg,,,,4.9,,https://deo.shopeemobile.com/shopee/modules-federation/live/0/shopee__item-card-standard-v2/0.2.8/pc/5dd7b4560d0e2d3190e8.svg,,Tangerang,,,"samsung galaxy a35 5G 8/256 -galaxy a36 5G 12/256 a36 8/256gb - galaxy a34 5G 8/256gb a34 8/128gb galaxy a335G 8/256gb garansi resmi
Rp
4.998.000
4.9
228 Terjual
2-3 Hari
Tangerang",https://shopee.co.id/samsung-galaxy-a35-5G-8-256-galaxy-a36-5G-12-256-a36-8-256gb-galaxy-a34-5G-8-256gb-a34-8-128gb-galaxy-a335G-8-256gb-garansi-resmi-i.228771622.17277953703?extraParams=%7B%22display_model_id%22%3A306130522612%2C%22model_selection_logic%22%3A3%7D&sp_atk=308cec72-31d5-42a2-b5be-2dcc627a9402&xptdk=308cec72-31d5-42a2-b5be-2dcc627a9402,228 Terjual,,https://deo.shopeemobile.com/shopee/modules-federation/live/0/shopee__item-card-standard-v2/0.2.8/pc/d7099d3fd1dfdaf705ab.svg
https://down-id.img.susercontent.com/file/id-11134207-822wn-mmibw5seb7d0b5,https://down-id.img.susercontent.com/file/id-11134258-8224v-mkvw0cu9r7k1a5,Samsung Galaxy S25 Ultra 12/256GB 12/512GB Handphone AI,https://deo.shopeemobile.com/shopee/modules-federation/live/0/shopee__item-card-standard-v2/0.2.8/pc/7c9110f78e069acbced7.png,Rp,18.098.000,-14%,https://deo.shopeemobile.com/shopee/modules-federation/live/0/shopee__item-card-standard-v2/0.2.8/pc/76dff349290d20891fc1.svg,https://deo.shopeemobile.com/shopee/modules-federation/live/0/shopee__item-card-standard-v2/0.2.8/pc/d2a1900a0267d45fd0f5.png,,,5.0,,https://deo.shopeemobile.com/shopee/modules-federation/live/0/shopee__item-card-standard-v2/0.2.8/pc/5dd7b4560d0e2d3190e8.svg,,Bogor,,,"Samsung Galaxy S25 Ultra 12/256GB 12/512GB Handphone AI
Rp
18.098.000
-14%
5.0
696 Terjual
2-3 Hari
Bogor",https://shopee.co.id/Samsung-Galaxy-S25-Ultra-12-256GB-12-512GB-Handphone-AI-i.1101386382.25712352010?extraParams=%7B%22display_model_id%22%3A159015484513%2C%22model_selection_logic%22%3A3%7D&sp_atk=62fe2e48-34b1-4c3c-86c8-5ed275a7faa3&xptdk=62fe2e48-34b1-4c3c-86c8-5ed275a7faa3,696 Terjual,,https://deo.shopeemobile.com/shopee/modules-federation/live/0/shopee__item-card-standard-v2/0.2.8/pc/d7099d3fd1dfdaf705ab.svg
https://down-id.img.susercontent.com/file/id-11134207-7rasa-m44ls2n6lltmaa,https://down-id.img.susercontent.com/file/id-11134258-8224v-mkvw0cu9r7k1a5,Samsung galaxy S24 FE 8/512 dan 8/256 free adaptor 25w dan silicone Garansi resmi samsung SEIN,,Rp,6.250.000,-48%,https://deo.shopeemobile.com/shopee/modules-federation/live/0/shopee__item-card-standard-v2/0.2.8/pc/76dff349290d20891fc1.svg,,,,4.9,,https://deo.shopeemobile.com/shopee/modules-federation/live/0/shopee__item-card-standard-v2/0.2.8/pc/5dd7b4560d0e2d3190e8.svg,,Surabaya,,,"Samsung galaxy S24 FE 8/512 dan 8/256 free adaptor 25w dan silicone Garansi resmi samsung SEIN
Rp
6.250.000
-48%
4.9
340 Terjual
2-5 Hari
Surabaya",https://shopee.co.id/Samsung-galaxy-S24-FE-8-512-dan-8-256-free-adaptor-25w-dan-silicone-Garansi-resmi-samsung-SEIN-i.155116050.24011603022?extraParams=%7B%22display_model_id%22%3A247482479603%2C%22model_selection_logic%22%3A3%7D&sp_atk=283690bb-4322-4621-9ad1-c29bc5d9c854&xptdk=283690bb-4322-4621-9ad1-c29bc5d9c854,340 Terjual,,https://deo.shopeemobile.com/shopee/modules-federation/live/0/shopee__item-card-standard-v2/0.2.8/pc/d7099d3fd1dfdaf705ab.svg
https://down-id.img.susercontent.com/file/id-11134207-8224r-mhijskdql7nm9f,https://down-id.img.susercontent.com/file/id-11134258-8224v-mkvw0cu9r7k1a5,Samsung Z Flip 4 8/128GB/8/256GB/8/512GB Resmi Sein,,Rp,4.325.000,,https://deo.shopeemobile.com/shopee/modules-federation/live/0/shopee__item-card-standard-v2/0.2.8/pc/76dff349290d20891fc1.svg,,,,5.0,,https://deo.shopeemobile.com/shopee/modules-federation/live/0/shopee__item-card-standard-v2/0.2.8/pc/5dd7b4560d0e2d3190e8.svg,,Kab. Tangerang,,,"Samsung Z Flip 4 8/128GB/8/256GB/8/512GB Resmi Sein
Rp
4.325.000
5.0
10 Terjual
3 Hari
Kab. Tangerang",https://shopee.co.id/Samsung-Z-Flip-4-8-128GB-8-256GB-8-512GB-Resmi-Sein-i.883484566.23560292101?extraParams=%7B%22display_model_id%22%3A375100302565%2C%22model_selection_logic%22%3A3%7D&sp_atk=200ba831-5448-4f30-96f3-dd34c742f54c&xptdk=200ba831-5448-4f30-96f3-dd34c742f54c,10 Terjual,,https://deo.shopeemobile.com/shopee/modules-federation/live/0/shopee__item-card-standard-v2/0.2.8/pc/d7099d3fd1dfdaf705ab.svg
https://down-id.img.susercontent.com/file/id-11134207-7rbk7-m9gwf175oo0ia0,https://down-id.img.susercontent.com/file/id-11134258-7ra0q-mbesqwmkb0gu9c,SAMSUNG GALAXY A71 8GB/128GB NEW RESMI SEIN - Black 8/128GB,https://deo.shopeemobile.com/shopee/modules-federation/live/0/shopee__item-card-standard-v2/0.2.8/pc/a425c915798471b33e5d.png,Rp,2.399.000,,https://deo.shopeemobile.com/shopee/modules-federation/live/0/shopee__item-card-standard-v2/0.2.8/pc/76dff349290d20891fc1.svg,https://deo.shopeemobile.com/shopee/modules-federation/live/0/shopee__item-card-standard-v2/0.2.8/pc/d2a1900a0267d45fd0f5.png,,,3.3,,https://deo.shopeemobile.com/shopee/modules-federation/live/0/shopee__item-card-standard-v2/0.2.8/pc/5dd7b4560d0e2d3190e8.svg,,Jakarta Barat,,,"SAMSUNG GALAXY A71 8GB/128GB NEW RESMI SEIN - Black 8/128GB
Rp
2.399.000
3.3
18 Terjual
3 Hari
Jakarta Barat",https://shopee.co.id/SAMSUNG-GALAXY-A71-8GB-128GB-NEW-RESMI-SEIN-Black-8-128GB-i.729746479.28636287611?extraParams=%7B%22display_model_id%22%3A253397058817%2C%22model_selection_logic%22%3A3%7D&sp_atk=d43fe6cc-c678-41a2-9975-88973dbe6d7e&xptdk=d43fe6cc-c678-41a2-9975-88973dbe6d7e,18 Terjual,,https://deo.shopeemobile.com/shopee/modules-federation/live/0/shopee__item-card-standard-v2/0.2.8/pc/d7099d3fd1dfdaf705ab.svg
https://down-id.img.susercontent.com/file/5606d3114925b8203410c6b2a0b94e35,https://down-id.img.susercontent.com/file/id-11134258-822wr-mlx67rtd6r602f,SAMSUNG A03S ram 4/64gb GARANSI RESMI 1 TAHUN,https://deo.shopeemobile.com/shopee/modules-federation/live/0/shopee__item-card-standard-v2/0.2.8/pc/e4734dab67ee2f9ebd5a.png,Rp,1.250.000,,https://deo.shopeemobile.com/shopee/modules-federation/live/0/shopee__item-card-standard-v2/0.2.8/pc/76dff349290d20891fc1.svg,,,,4.7,,https://deo.shopeemobile.com/shopee/modules-federation/live/0/shopee__item-card-standard-v2/0.2.8/pc/5dd7b4560d0e2d3190e8.svg,,Surabaya,,,"SAMSUNG A03S ram 4/64gb GARANSI RESMI 1 TAHUN
Rp
1.250.000
4.7
20 Terjual
2-3 Hari
Surabaya",https://shopee.co.id/SAMSUNG-A03S-ram-4-64gb-GARANSI-RESMI-1-TAHUN-i.7850895.13661138330?extraParams=%7B%22display_model_id%22%3A133031043298%2C%22model_selection_logic%22%3A3%7D&sp_atk=e22f3c52-079b-4ef8-ae8c-05554db4ac48&xptdk=e22f3c52-079b-4ef8-ae8c-05554db4ac48,20 Terjual,,https://deo.shopeemobile.com/shopee/modules-federation/live/0/shopee__item-card-standard-v2/0.2.8/pc/d7099d3fd1dfdaf705ab.svg
https://down-id.img.susercontent.com/file/id-11134207-8224y-ml6u4gfxotfs6e,https://down-id.img.susercontent.com/file/id-11134258-8224v-mkvw0cu9r7k1a5,SAMSUNG S25 RAM 12/512GB ORIGINAL GARANSI RESMI SEIN BERGARANSI RESMI SAMSUNG SERVICE CENTER,https://deo.shopeemobile.com/shopee/modules-federation/live/0/shopee__item-card-standard-v2/0.2.8/pc/a425c915798471b33e5d.png,Rp,11.995.000,-29%,https://deo.shopeemobile.com/shopee/modules-federation/live/0/shopee__item-card-standard-v2/0.2.8/pc/76dff349290d20891fc1.svg,,,,5.0,,https://deo.shopeemobile.com/shopee/modules-federation/live/0/shopee__item-card-standard-v2/0.2.8/pc/5dd7b4560d0e2d3190e8.svg,,Surabaya,,,"SAMSUNG S25 RAM 12/512GB ORIGINAL GARANSI RESMI SEIN BERGARANSI RESMI SAMSUNG SERVICE CENTER
Rp
11.995.000
-29%
5.0
200 Terjual
2-3 Hari
Surabaya",https://shopee.co.id/SAMSUNG-S25-RAM-12-512GB-ORIGINAL-GARANSI-RESMI-SEIN-BERGARANSI-RESMI-SAMSUNG-SERVICE-CENTER-i.220501664.19082688273?extraParams=%7B%22display_model_id%22%3A395584946044%2C%22model_selection_logic%22%3A3%7D&sp_atk=8a3dfaaa-bbe0-4391-abd4-b0a9d65f0c0b&xptdk=8a3dfaaa-bbe0-4391-abd4-b0a9d65f0c0b,200 Terjual,,https://deo.shopeemobile.com/shopee/modules-federation/live/0/shopee__item-card-standard-v2/0.2.8/pc/d7099d3fd1dfdaf705ab.svg
https://down-id.img.susercontent.com/file/id-11134207-7rbk4-ma14nqu28nbxe7,https://down-id.img.susercontent.com/file/id-11134258-7r98w-lyezzaurybot13,Samsung Galaxy A06 5G 6/128GB Garansi Resmi Samsung,https://deo.shopeemobile.com/shopee/modules-federation/live/0/shopee__item-card-standard-v2/0.2.8/pc/7c9110f78e069acbced7.png,Rp,2.299.000,,https://deo.shopeemobile.com/shopee/modules-federation/live/0/shopee__item-card-standard-v2/0.2.8/pc/76dff349290d20891fc1.svg,,,,4.9,,https://deo.shopeemobile.com/shopee/modules-federation/live/0/shopee__item-card-standard-v2/0.2.8/pc/5dd7b4560d0e2d3190e8.svg,,Bekasi,,,"Samsung Galaxy A06 5G 6/128GB Garansi Resmi Samsung
Rp
2.299.000
4.9
4RB+ Terjual
3 Hari
Bekasi",https://shopee.co.id/Samsung-Galaxy-A06-5G-6-128GB-Garansi-Resmi-Samsung-i.227051022.24835222794?extraParams=%7B%22display_model_id%22%3A285136656791%2C%22model_selection_logic%22%3A3%7D&sp_atk=caee3c37-7f25-43ac-9e3b-7099d656d88a&xptdk=caee3c37-7f25-43ac-9e3b-7099d656d88a,4RB+ Terjual,,https://deo.shopeemobile.com/shopee/modules-federation/live/0/shopee__item-card-standard-v2/0.2.8/pc/d7099d3fd1dfdaf705ab.svg
https://down-id.img.susercontent.com/file/id-11134207-7rasi-m56pcb5xlmki48,https://down-id.img.susercontent.com/file/id-11134258-8224v-mkvw0cu9r7k1a5,SAMSUNG S23 FE NEW RAM 8 INTERNAL 128/256 GARANSI RESMI INDONESIA,https://deo.shopeemobile.com/shopee/modules-federation/live/0/shopee__item-card-standard-v2/0.2.8/pc/a425c915798471b33e5d.png,Rp,5.895.000,,https://deo.shopeemobile.com/shopee/modules-federation/live/0/shopee__item-card-standard-v2/0.2.8/pc/38e203dc86172a6c6560.svg,https://deo.shopeemobile.com/shopee/modules-federation/live/0/shopee__item-card-standard-v2/0.2.8/pc/d2a1900a0267d45fd0f5.png,,,,,https://deo.shopeemobile.com/shopee/modules-federation/live/0/shopee__item-card-standard-v2/0.2.8/pc/5dd7b4560d0e2d3190e8.svg,,Surabaya,https://deo.shopeemobile.com/shopee/modules-federation/live/0/shopee__item-card-standard-v2/0.2.8/pc/0614b8f0a8fdde22942d.svg,< 2 Hari,"SAMSUNG S23 FE NEW RAM 8 INTERNAL 128/256 GARANSI RESMI INDONESIA
Rp
5.895.000
7 Terjual
< 2 Hari
Surabaya",https://shopee.co.id/SAMSUNG-S23-FE-NEW-RAM-8-INTERNAL-128-256-GARANSI-RESMI-INDONESIA-i.1217763119.25280142862?extraParams=%7B%22display_model_id%22%3A109162107196%2C%22model_selection_logic%22%3A3%7D&sp_atk=92a0695a-d44e-4399-9271-d15d38c056ad&xptdk=92a0695a-d44e-4399-9271-d15d38c056ad,7 Terjual,,https://deo.shopeemobile.com/shopee/modules-federation/live/0/shopee__item-card-standard-v2/0.2.8/pc/0614b8f0a8fdde22942d.svg
https://down-id.img.susercontent.com/file/id-11134207-7r98x-lmj9zy9w5ytq52,https://down-id.img.susercontent.com/file/id-11134258-8224v-mkvw0cu9r7k1a5,Samsung A05 Garansi Resmi 1 Tahun,https://deo.shopeemobile.com/shopee/modules-federation/live/0/shopee__item-card-standard-v2/0.2.8/pc/a425c915798471b33e5d.png,Rp,1.499.000,,https://deo.shopeemobile.com/shopee/modules-federation/live/0/shopee__item-card-standard-v2/0.2.8/pc/38e203dc86172a6c6560.svg,,,,5.0,,https://deo.shopeemobile.com/shopee/modules-federation/live/0/shopee__item-card-standard-v2/0.2.8/pc/5dd7b4560d0e2d3190e8.svg,,Surabaya,https://deo.shopeemobile.com/shopee/modules-federation/live/0/shopee__item-card-standard-v2/0.2.8/pc/0614b8f0a8fdde22942d.svg,Hari ini,"Samsung A05 Garansi Resmi 1 Tahun
Rp
1.499.000
5.0
25 Terjual
Hari ini
Surabaya",https://shopee.co.id/Samsung-A05-Garansi-Resmi-1-Tahun-i.234217844.23757010606?extraParams=%7B%22display_model_id%22%3A147044924958%2C%22model_selection_logic%22%3A3%7D&sp_atk=d78bd4f8-8c7e-4a69-b894-51f104366316&xptdk=d78bd4f8-8c7e-4a69-b894-51f104366316,25 Terjual,,https://deo.shopeemobile.com/shopee/modules-federation/live/0/shopee__item-card-standard-v2/0.2.8/pc/d7099d3fd1dfdaf705ab.svg
https://down-id.img.susercontent.com/file/id-11134207-7r98p-lw0y46xmhrwtb9,https://down-id.img.susercontent.com/file/id-11134258-8224v-mkvw0cu9r7k1a5,Samsung Galaxy A31 Ram 6/128Gb Fullset Termurah Bergaransi,https://deo.shopeemobile.com/shopee/modules-federation/live/0/shopee__item-card-standard-v2/0.2.8/pc/e4734dab67ee2f9ebd5a.png,Rp,1.199.999,,https://deo.shopeemobile.com/shopee/modules-federation/live/0/shopee__item-card-standard-v2/0.2.8/pc/76dff349290d20891fc1.svg,,,,4.9,,https://deo.shopeemobile.com/shopee/modules-federation/live/0/shopee__item-card-standard-v2/0.2.8/pc/5dd7b4560d0e2d3190e8.svg,,Kab. Bekasi,,,"Samsung Galaxy A31 Ram 6/128Gb Fullset Termurah Bergaransi
Rp
1.199.999
4.9
14 Terjual
3 Hari
Kab. Bekasi",https://shopee.co.id/Samsung-Galaxy-A31-Ram-6-128Gb-Fullset-Termurah-Bergaransi-i.61482812.22957142127?extraParams=%7B%22display_model_id%22%3A235711794042%2C%22model_selection_logic%22%3A3%7D&sp_atk=c585e040-6a5f-4fe7-b8bd-985ea19e9dba&xptdk=c585e040-6a5f-4fe7-b8bd-985ea19e9dba,14 Terjual,,https://deo.shopeemobile.com/shopee/modules-federation/live/0/shopee__item-card-standard-v2/0.2.8/pc/d7099d3fd1dfdaf705ab.svg
https://down-id.img.susercontent.com/file/id-11134207-7rbke-mamc69bvohqxc2,https://down-id.img.susercontent.com/file/id-11134258-8224v-mkvw0cu9r7k1a5,Samsung Galaxy A36 5G (8GB/256GB) & M33 New BNIB,,Rp,3.799.000,,https://deo.shopeemobile.com/shopee/modules-federation/live/0/shopee__item-card-standard-v2/0.2.8/pc/76dff349290d20891fc1.svg,https://deo.shopeemobile.com/shopee/modules-federation/live/0/shopee__item-card-standard-v2/0.2.8/pc/d2a1900a0267d45fd0f5.png,Cicilan,,4.5,,https://deo.shopeemobile.com/shopee/modules-federation/live/0/shopee__item-card-standard-v2/0.2.8/pc/5dd7b4560d0e2d3190e8.svg,,Kab. Tangerang,,,"Samsung Galaxy A36 5G (8GB/256GB) & M33 New BNIB
Rp
3.799.000
Cicilan
4.5
5RB+ Terjual
3-6 Hari
Kab. Tangerang",https://shopee.co.id/Samsung-Galaxy-A36-5G-(8GB-256GB)-M33-New-BNIB-i.228720061.4242316890?extraParams=%7B%22display_model_id%22%3A32400968585%2C%22model_selection_logic%22%3A3%7D&sp_atk=30d3c674-a88d-43ce-a30a-2941e12520e8&xptdk=30d3c674-a88d-43ce-a30a-2941e12520e8,5RB+ Terjual,,https://deo.shopeemobile.com/shopee/modules-federation/live/0/shopee__item-card-standard-v2/0.2.8/pc/d7099d3fd1dfdaf705ab.svg
https://down-id.img.susercontent.com/file/id-11134207-7ras8-m1fidcdgrk0ua9,https://down-id.img.susercontent.com/file/id-11134258-7r98w-lyezzaurybot13,Hot Sale - Samsung Galaxy A15 LTE 8/128GB - Super AMOLED Technology with 90Hz Refresh Rate,https://deo.shopeemobile.com/shopee/modules-federation/live/0/shopee__item-card-standard-v2/0.2.8/pc/a425c915798471b33e5d.png,Rp,2.250.000,,https://deo.shopeemobile.com/shopee/modules-federation/live/0/shopee__item-card-standard-v2/0.2.8/pc/76dff349290d20891fc1.svg,,,,4.4,,https://deo.shopeemobile.com/shopee/modules-federation/live/0/shopee__item-card-standard-v2/0.2.8/pc/5dd7b4560d0e2d3190e8.svg,,Jakarta Barat,,,"Hot Sale - Samsung Galaxy A15 LTE 8/128GB - Super AMOLED Technology with 90Hz Refresh Rate
Rp
2.250.000
4.4
122 Terjual
5-7 Hari
Jakarta Barat",https://shopee.co.id/Hot-Sale-Samsung-Galaxy-A15-LTE-8-128GB-Super-AMOLED-Technology-with-90Hz-Refresh-Rate-i.1370746900.28314148275?extraParams=%7B%22display_model_id%22%3A139098818291%2C%22model_selection_logic%22%3A3%7D&sp_atk=7f9654fe-4049-4e71-a755-376e73460174&xptdk=7f9654fe-4049-4e71-a755-376e73460174,122 Terjual,,https://deo.shopeemobile.com/shopee/modules-federation/live/0/shopee__item-card-standard-v2/0.2.8/pc/d7099d3fd1dfdaf705ab.svg
https://down-id.img.susercontent.com/file/id-11134207-23030-wcckr1u8vsovb2,https://down-id.img.susercontent.com/file/id-11134258-8224v-mkvw0cu9r7k1a5,Samsung A14 4G Garansi Resmi 1 Tahun,https://deo.shopeemobile.com/shopee/modules-federation/live/0/shopee__item-card-standard-v2/0.2.8/pc/a425c915798471b33e5d.png,Rp,1.799.000,,https://deo.shopeemobile.com/shopee/modules-federation/live/0/shopee__item-card-standard-v2/0.2.8/pc/38e203dc86172a6c6560.svg,,,,4.9,,https://deo.shopeemobile.com/shopee/modules-federation/live/0/shopee__item-card-standard-v2/0.2.8/pc/5dd7b4560d0e2d3190e8.svg,,Surabaya,https://deo.shopeemobile.com/shopee/modules-federation/live/0/shopee__item-card-standard-v2/0.2.8/pc/0614b8f0a8fdde22942d.svg,Hari ini,"Samsung A14 4G Garansi Resmi 1 Tahun
Rp
1.799.000
4.9
24 Terjual
Hari ini
Surabaya",https://shopee.co.id/Samsung-A14-4G-Garansi-Resmi-1-Tahun-i.234217844.23433096222?extraParams=%7B%22display_model_id%22%3A127487779024%2C%22model_selection_logic%22%3A3%7D&sp_atk=5cc647d0-8f58-4a09-b25e-481a0b836457&xptdk=5cc647d0-8f58-4a09-b25e-481a0b836457,24 Terjual,,https://deo.shopeemobile.com/shopee/modules-federation/live/0/shopee__item-card-standard-v2/0.2.8/pc/d7099d3fd1dfdaf705ab.svg
https://down-id.img.susercontent.com/file/id-11134207-7r991-lqt78rk141ymf2,https://down-id.img.susercontent.com/file/id-11134258-8224v-mkvw0cu9r7k1a5,HP Samsung Galaxy A53 5G RAM 8/128GB - 8/256GB Garansi Resmi,https://deo.shopeemobile.com/shopee/modules-federation/live/0/shopee__item-card-standard-v2/0.2.8/pc/7c9110f78e069acbced7.png,Rp,5.298.000,,https://deo.shopeemobile.com/shopee/modules-federation/live/0/shopee__item-card-standard-v2/0.2.8/pc/76dff349290d20891fc1.svg,,,,4.9,,https://deo.shopeemobile.com/shopee/modules-federation/live/0/shopee__item-card-standard-v2/0.2.8/pc/5dd7b4560d0e2d3190e8.svg,,Tangerang,,,"HP Samsung Galaxy A53 5G RAM 8/128GB - 8/256GB Garansi Resmi
Rp
5.298.000
4.9
106 Terjual
2-3 Hari
Tangerang",https://shopee.co.id/HP-Samsung-Galaxy-A53-5G-RAM-8-128GB-8-256GB-Garansi-Resmi-i.228771622.18830321191?extraParams=%7B%22display_model_id%22%3A98717388482%2C%22model_selection_logic%22%3A3%7D&sp_atk=64cdb0c2-af8c-4c48-a849-20784bd830e4&xptdk=64cdb0c2-af8c-4c48-a849-20784bd830e4,106 Terjual,,https://deo.shopeemobile.com/shopee/modules-federation/live/0/shopee__item-card-standard-v2/0.2.8/pc/d7099d3fd1dfdaf705ab.svg
https://down-id.img.susercontent.com/file/id-11134207-7r98p-ltmwu47yk7t1fb,https://down-id.img.susercontent.com/file/id-11134258-8224v-mkvw0cu9r7k1a5,SAMSUNG A53 RAM 8 INTERNAL 128/256 GARANSI RESMI INDONESIA,https://deo.shopeemobile.com/shopee/modules-federation/live/0/shopee__item-card-standard-v2/0.2.8/pc/a425c915798471b33e5d.png,Rp,3.795.000,,https://deo.shopeemobile.com/shopee/modules-federation/live/0/shopee__item-card-standard-v2/0.2.8/pc/38e203dc86172a6c6560.svg,https://deo.shopeemobile.com/shopee/modules-federation/live/0/shopee__item-card-standard-v2/0.2.8/pc/d2a1900a0267d45fd0f5.png,,,5.0,,https://deo.shopeemobile.com/shopee/modules-federation/live/0/shopee__item-card-standard-v2/0.2.8/pc/5dd7b4560d0e2d3190e8.svg,,Surabaya,https://deo.shopeemobile.com/shopee/modules-federation/live/0/shopee__item-card-standard-v2/0.2.8/pc/0614b8f0a8fdde22942d.svg,< 2 Hari,"SAMSUNG A53 RAM 8 INTERNAL 128/256 GARANSI RESMI INDONESIA
Rp
3.795.000
5.0
1 Terjual
< 2 Hari
Surabaya",https://shopee.co.id/SAMSUNG-A53-RAM-8-INTERNAL-128-256-GARANSI-RESMI-INDONESIA-i.1217763119.25172202877?extraParams=%7B%22display_model_id%22%3A118326586622%2C%22model_selection_logic%22%3A3%7D&sp_atk=fb14af34-fe6a-48ec-b715-aaf178f88817&xptdk=fb14af34-fe6a-48ec-b715-aaf178f88817,1 Terjual,,https://deo.shopeemobile.com/shopee/modules-federation/live/0/shopee__item-card-standard-v2/0.2.8/pc/d7099d3fd1dfdaf705ab.svg
https://down-id.img.susercontent.com/file/id-11134207-822wr-mm0ngaixmn7mae,https://down-id.img.susercontent.com/file/id-11134258-8224v-mkvw0cu9r7k1a5,Samsung Galaxy S26 Ultra 5G Garansi Resmi SEIN,,Rp,20.499.000,-16%,https://deo.shopeemobile.com/shopee/modules-federation/live/0/shopee__item-card-standard-v2/0.2.8/pc/76dff349290d20891fc1.svg,,,,5.0,,https://deo.shopeemobile.com/shopee/modules-federation/live/0/shopee__item-card-standard-v2/0.2.8/pc/5dd7b4560d0e2d3190e8.svg,,Jakarta Utara,,,"Samsung Galaxy S26 Ultra 5G Garansi Resmi SEIN
Rp
20.499.000
-16%
5.0
190 Terjual
2-3 Hari
Jakarta Utara",https://shopee.co.id/Samsung-Galaxy-S26-Ultra-5G-Garansi-Resmi-SEIN-i.743951195.12286882910?extraParams=%7B%22display_model_id%22%3A335665219354%2C%22model_selection_logic%22%3A3%7D&sp_atk=bcab31a4-722a-4f20-ae26-b2578718de23&xptdk=bcab31a4-722a-4f20-ae26-b2578718de23,190 Terjual,,https://deo.shopeemobile.com/shopee/modules-federation/live/0/shopee__item-card-standard-v2/0.2.8/pc/d7099d3fd1dfdaf705ab.svg
https://down-id.img.susercontent.com/file/id-11134207-822wp-mmtun1neou12bb,https://down-id.img.susercontent.com/file/id-11134258-8224v-mkvw0cu9r7k1a5,Samsung Galaxy A07 (SM-A075F) 6/128Gb Black,https://deo.shopeemobile.com/shopee/modules-federation/live/0/shopee__item-card-standard-v2/0.2.8/pc/a425c915798471b33e5d.png,Rp,2.625.000,,https://deo.shopeemobile.com/shopee/modules-federation/live/0/shopee__item-card-standard-v2/0.2.8/pc/38e203dc86172a6c6560.svg,https://deo.shopeemobile.com/shopee/modules-federation/live/0/shopee__item-card-standard-v2/0.2.8/pc/d2a1900a0267d45fd0f5.png,,,,,https://deo.shopeemobile.com/shopee/modules-federation/live/0/shopee__item-card-standard-v2/0.2.8/pc/5dd7b4560d0e2d3190e8.svg,,Malang,https://deo.shopeemobile.com/shopee/modules-federation/live/0/shopee__item-card-standard-v2/0.2.8/pc/0614b8f0a8fdde22942d.svg,< 2 Hari,"Samsung Galaxy A07 (SM-A075F) 6/128Gb Black
Rp
2.625.000
< 2 Hari
Malang",https://shopee.co.id/Samsung-Galaxy-A07-(SM-A075F)-6-128Gb-Black-i.331123706.44479890135?extraParams=%7B%22display_model_id%22%3A108783676664%2C%22model_selection_logic%22%3A3%7D&sp_atk=05bb2828-9a69-4246-800b-9bf41b23c251&xptdk=05bb2828-9a69-4246-800b-9bf41b23c251,< 2 Hari,,https://deo.shopeemobile.com/shopee/modules-federation/live/0/shopee__item-card-standard-v2/0.2.8/pc/0614b8f0a8fdde22942d.svg
https://down-id.img.susercontent.com/file/id-11134207-7r98p-lnhzviaggdfl5c,https://down-id.img.susercontent.com/file/id-11134258-8224v-mkvw0cu9r7k1a5,Samsung A05s 6/128 Garansi 1 Tahun Snapdragon 680,,Rp,1.950.000,,https://deo.shopeemobile.com/shopee/modules-federation/live/0/shopee__item-card-standard-v2/0.2.8/pc/38e203dc86172a6c6560.svg,,,,5.0,,https://deo.shopeemobile.com/shopee/modules-federation/live/0/shopee__item-card-standard-v2/0.2.8/pc/5dd7b4560d0e2d3190e8.svg,,Surabaya,https://deo.shopeemobile.com/shopee/modules-federation/live/0/shopee__item-card-standard-v2/0.2.8/pc/0614b8f0a8fdde22942d.svg,2 jam,"Samsung A05s 6/128 Garansi 1 Tahun Snapdragon 680
Rp
1.950.000
5.0
15 Terjual
2 jam
Surabaya",https://shopee.co.id/Samsung-A05s-6-128-Garansi-1-Tahun-Snapdragon-680-i.218214504.23985160483?extraParams=%7B%22display_model_id%22%3A137756261058%2C%22model_selection_logic%22%3A3%7D&sp_atk=0ac09ab6-008c-4b27-8e83-e4988e109e73&xptdk=0ac09ab6-008c-4b27-8e83-e4988e109e73,15 Terjual,,https://deo.shopeemobile.com/shopee/modules-federation/live/0/shopee__item-card-standard-v2/0.2.8/pc/d7099d3fd1dfdaf705ab.svg
https://down-id.img.susercontent.com/file/id-11134207-8224u-mgrteqzv2sjy5f,https://down-id.img.susercontent.com/file/id-11134258-8224v-mkvw0cu9r7k1a5,"SAMSUNG GALAXY A07 RAM 4/64GB , 4/128GB , 6/128GB & 8/256GB GARANSI RESMI SAMSUNG INDONESIA",https://deo.shopeemobile.com/shopee/modules-federation/live/0/shopee__item-card-standard-v2/0.2.8/pc/e4734dab67ee2f9ebd5a.png,Rp,1.780.000,,https://deo.shopeemobile.com/shopee/modules-federation/live/0/shopee__item-card-standard-v2/0.2.8/pc/76dff349290d20891fc1.svg,,,,4.9,,https://deo.shopeemobile.com/shopee/modules-federation/live/0/shopee__item-card-standard-v2/0.2.8/pc/5dd7b4560d0e2d3190e8.svg,,Kab. Tangerang,,,"SAMSUNG GALAXY A07 RAM 4/64GB , 4/128GB , 6/128GB & 8/256GB GARANSI RESMI SAMSUNG INDONESIA
Rp
1.780.000
4.9
443 Terjual
3 Hari
Kab. Tangerang",https://shopee.co.id/SAMSUNG-GALAXY-A07-RAM-4-64GB-4-128GB-6-128GB-8-256GB-GARANSI-RESMI-SAMSUNG-INDONESIA-i.191944953.10858947741?extraParams=%7B%22display_model_id%22%3A286317851522%2C%22model_selection_logic%22%3A3%7D&sp_atk=3d43b822-e0c9-4e80-9b4d-6d26be5351f1&xptdk=3d43b822-e0c9-4e80-9b4d-6d26be5351f1,443 Terjual,,https://deo.shopeemobile.com/shopee/modules-federation/live/0/shopee__item-card-standard-v2/0.2.8/pc/d7099d3fd1dfdaf705ab.svg
https://down-id.img.susercontent.com/file/id-11134207-7r98r-lze5zlcu65ol53,https://down-id.img.susercontent.com/file/id-11134258-7r98w-lyezzaurybot13,Samsung Galaxy A05 Terbaru 4/64GB & 6/128GB,https://deo.shopeemobile.com/shopee/modules-federation/live/0/shopee__item-card-standard-v2/0.2.8/pc/e4734dab67ee2f9ebd5a.png,Rp,1.492.000,,https://deo.shopeemobile.com/shopee/modules-federation/live/0/shopee__item-card-standard-v2/0.2.8/pc/38e203dc86172a6c6560.svg,,,,5.0,,https://deo.shopeemobile.com/shopee/modules-federation/live/0/shopee__item-card-standard-v2/0.2.8/pc/5dd7b4560d0e2d3190e8.svg,,Kab. Sidoarjo,https://deo.shopeemobile.com/shopee/modules-federation/live/0/shopee__item-card-standard-v2/0.2.8/pc/0614b8f0a8fdde22942d.svg,2 jam,"Samsung Galaxy A05 Terbaru 4/64GB & 6/128GB
Rp
1.492.000
5.0
6 Terjual
2 jam
Kab. Sidoarjo",https://shopee.co.id/Samsung-Galaxy-A05-Terbaru-4-64GB-6-128GB-i.1266634033.29309104011?extraParams=%7B%22display_model_id%22%3A236696621355%2C%22model_selection_logic%22%3A3%7D&sp_atk=ae31eb1d-7272-40c8-af26-6f8b13d558b6&xptdk=ae31eb1d-7272-40c8-af26-6f8b13d558b6,6 Terjual,,https://deo.shopeemobile.com/shopee/modules-federation/live/0/shopee__item-card-standard-v2/0.2.8/pc/d7099d3fd1dfdaf705ab.svg
https://down-id.img.susercontent.com/file/id-11134207-7rbk7-m6mmkegjntop3a,https://down-id.img.susercontent.com/file/id-11134258-8224v-mkvw0cu9r7k1a5,Samsung Galaxy A06 (4/64GB - 4/128GB - 6/128GB) & A03 Core NEW BNIB,,Rp,1.649.000,-1%,https://deo.shopeemobile.com/shopee/modules-federation/live/0/shopee__item-card-standard-v2/0.2.8/pc/76dff349290d20891fc1.svg,https://deo.shopeemobile.com/shopee/modules-federation/live/0/shopee__item-card-standard-v2/0.2.8/pc/d2a1900a0267d45fd0f5.png,Cicilan,,4.7,,https://deo.shopeemobile.com/shopee/modules-federation/live/0/shopee__item-card-standard-v2/0.2.8/pc/5dd7b4560d0e2d3190e8.svg,,Kab. Tangerang,,,"Samsung Galaxy A06 (4/64GB - 4/128GB - 6/128GB) & A03 Core NEW BNIB
Rp
1.649.000
-1%
Cicilan
4.7
1RB+ Terjual
3-6 Hari
Kab. Tangerang",https://shopee.co.id/Samsung-Galaxy-A06-(4-64GB-4-128GB-6-128GB)-A03-Core-NEW-BNIB-i.228720061.5243809618?extraParams=%7B%22display_model_id%22%3A157697772794%2C%22model_selection_logic%22%3A3%7D&sp_atk=aa38523e-b776-4ee4-a5c7-80deb22f391e&xptdk=aa38523e-b776-4ee4-a5c7-80deb22f391e,1RB+ Terjual,,https://deo.shopeemobile.com/shopee/modules-federation/live/0/shopee__item-card-standard-v2/0.2.8/pc/d7099d3fd1dfdaf705ab.svg
https://down-id.img.susercontent.com/file/sg-11134201-22100-29wpavl096hvcf,https://down-id.img.susercontent.com/file/id-11134258-7r98w-lyezzaurybot13,SAMSUNG Galaxy A23 5G 8/128GB 6/128GB Garansi Resmi Samsung,https://deo.shopeemobile.com/shopee/modules-federation/live/0/shopee__item-card-standard-v2/0.2.8/pc/7c9110f78e069acbced7.png,Rp,3.299.000,,https://deo.shopeemobile.com/shopee/modules-federation/live/0/shopee__item-card-standard-v2/0.2.8/pc/76dff349290d20891fc1.svg,,,,4.8,,https://deo.shopeemobile.com/shopee/modules-federation/live/0/shopee__item-card-standard-v2/0.2.8/pc/5dd7b4560d0e2d3190e8.svg,,Bekasi,,,"SAMSUNG Galaxy A23 5G 8/128GB 6/128GB Garansi Resmi Samsung
Rp
3.299.000
4.8
2RB+ Terjual
3 Hari
Bekasi",https://shopee.co.id/SAMSUNG-Galaxy-A23-5G-8-128GB-6-128GB-Garansi-Resmi-Samsung-i.227051022.17386769750?extraParams=%7B%22display_model_id%22%3A88510892115%2C%22model_selection_logic%22%3A3%7D&sp_atk=97c9c878-e782-4136-b20a-a6a7e9486295&xptdk=97c9c878-e782-4136-b20a-a6a7e9486295,2RB+ Terjual,,https://deo.shopeemobile.com/shopee/modules-federation/live/0/shopee__item-card-standard-v2/0.2.8/pc/d7099d3fd1dfdaf705ab.svg
https://down-id.img.susercontent.com/file/id-11134207-7r991-lmhltup06ufg65,https://down-id.img.susercontent.com/file/id-11134258-8224v-mkvw0cu9r7k1a5,Samsung galaxy A05s 6/128 Free adaptor 25w Garansi resmi samsung  indonesia,,Rp,1.775.000,-26%,https://deo.shopeemobile.com/shopee/modules-federation/live/0/shopee__item-card-standard-v2/0.2.8/pc/76dff349290d20891fc1.svg,,,,4.7,,https://deo.shopeemobile.com/shopee/modules-federation/live/0/shopee__item-card-standard-v2/0.2.8/pc/5dd7b4560d0e2d3190e8.svg,,Surabaya,,,"Samsung galaxy A05s 6/128 Free adaptor 25w Garansi resmi samsung indonesia
Rp
1.775.000
-26%
4.7
232 Terjual
2-5 Hari
Surabaya",https://shopee.co.id/Samsung-galaxy-A05s-6-128-Free-adaptor-25w-Garansi-resmi-samsung-indonesia-i.155116050.16895992725?extraParams=%7B%22display_model_id%22%3A127869753872%2C%22model_selection_logic%22%3A3%7D&sp_atk=cc649491-4c8f-4e9e-bdb1-e6e6580db548&xptdk=cc649491-4c8f-4e9e-bdb1-e6e6580db548,232 Terjual,,https://deo.shopeemobile.com/shopee/modules-federation/live/0/shopee__item-card-standard-v2/0.2.8/pc/d7099d3fd1dfdaf705ab.svg
https://down-id.img.susercontent.com/file/id-11134207-7ra0t-mc223dyl4uqp81,https://down-id.img.susercontent.com/file/id-11134258-8224v-mkvw0cu9r7k1a5,Samsung Galaxy A16 5G 8/256 GARANSI RESMI SEIN,https://deo.shopeemobile.com/shopee/modules-federation/live/0/shopee__item-card-standard-v2/0.2.8/pc/e4734dab67ee2f9ebd5a.png,Rp,2.900.000,,https://deo.shopeemobile.com/shopee/modules-federation/live/0/shopee__item-card-standard-v2/0.2.8/pc/76dff349290d20891fc1.svg,,,,4.9,,https://deo.shopeemobile.com/shopee/modules-federation/live/0/shopee__item-card-standard-v2/0.2.8/pc/5dd7b4560d0e2d3190e8.svg,,Bekasi,,,"Samsung Galaxy A16 5G 8/256 GARANSI RESMI SEIN
Rp
2.900.000
4.9
749 Terjual
2-3 Hari
Bekasi",https://shopee.co.id/Samsung-Galaxy-A16-5G-8-256-GARANSI-RESMI-SEIN-i.258990026.29930160788?extraParams=%7B%22display_model_id%22%3A195932376122%2C%22model_selection_logic%22%3A3%7D&sp_atk=69a6a6c0-9b19-4575-9b7e-7403d8cf0d89&xptdk=69a6a6c0-9b19-4575-9b7e-7403d8cf0d89,749 Terjual,,https://deo.shopeemobile.com/shopee/modules-federation/live/0/shopee__item-card-standard-v2/0.2.8/pc/d7099d3fd1dfdaf705ab.svg
https://down-id.img.susercontent.com/file/id-11134207-7rbkd-m8fpqlkcnmyz57,,SAMSUNG GALAXY A26 5G | A25 5G - GARANSI RESMI,https://deo.shopeemobile.com/shopee/modules-federation/live/0/shopee__item-card-standard-v2/0.2.8/pc/e4734dab67ee2f9ebd5a.png,Rp,4.999.000,,https://deo.shopeemobile.com/shopee/modules-federation/live/0/shopee__item-card-standard-v2/0.2.8/pc/38e203dc86172a6c6560.svg,https://deo.shopeemobile.com/shopee/modules-federation/live/0/shopee__item-card-standard-v2/0.2.8/pc/d2a1900a0267d45fd0f5.png,,,5.0,,https://deo.shopeemobile.com/shopee/modules-federation/live/0/shopee__item-card-standard-v2/0.2.8/pc/5dd7b4560d0e2d3190e8.svg,,Kab. Bojonegoro,https://deo.shopeemobile.com/shopee/modules-federation/live/0/shopee__item-card-standard-v2/0.2.8/pc/0614b8f0a8fdde22942d.svg,< 2 Hari,"SAMSUNG GALAXY A26 5G | A25 5G - GARANSI RESMI
Rp
4.999.000
5.0
52 Terjual
< 2 Hari
Kab. Bojonegoro",https://shopee.co.id/SAMSUNG-GALAXY-A26-5G-A25-5G-GARANSI-RESMI-i.11896169.22989097328?extraParams=%7B%22display_model_id%22%3A208411954722%2C%22model_selection_logic%22%3A3%7D&sp_atk=8d86392d-8da4-4ed6-b44a-d85d9d32dcc4&xptdk=8d86392d-8da4-4ed6-b44a-d85d9d32dcc4,52 Terjual,,https://deo.shopeemobile.com/shopee/modules-federation/live/0/shopee__item-card-standard-v2/0.2.8/pc/d7099d3fd1dfdaf705ab.svg
https://down-id.img.susercontent.com/file/id-11134207-82252-mjqs8s1m85ja1e,https://down-id.img.susercontent.com/file/id-11134258-8224v-mkvw0cu9r7k1a5,Samsung Galaxy A56 5G 8GB+256GB NFC LCD Super AMOLED Battery 5000 mAh Garansi Resmi 1 Tahun GRATIS CHARGER SAMSUNG 25 WATT,https://deo.shopeemobile.com/shopee/modules-federation/live/0/shopee__item-card-standard-v2/0.2.8/pc/e4734dab67ee2f9ebd5a.png,Rp,6.139.000,,https://deo.shopeemobile.com/shopee/modules-federation/live/0/shopee__item-card-standard-v2/0.2.8/pc/76dff349290d20891fc1.svg,https://deo.shopeemobile.com/shopee/modules-federation/live/0/shopee__item-card-standard-v2/0.2.8/pc/d2a1900a0267d45fd0f5.png,,,5.0,,https://deo.shopeemobile.com/shopee/modules-federation/live/0/shopee__item-card-standard-v2/0.2.8/pc/5dd7b4560d0e2d3190e8.svg,,Jakarta Barat,,,"Samsung Galaxy A56 5G 8GB+256GB NFC LCD Super AMOLED Battery 5000 mAh Garansi Resmi 1 Tahun GRATIS CHARGER SAMSUNG 25 WATT
Rp
6.139.000
5.0
481 Terjual
2-3 Hari
Jakarta Barat",https://shopee.co.id/Samsung-Galaxy-A56-5G-8GB-256GB-NFC-LCD-Super-AMOLED-Battery-5000-mAh-Garansi-Resmi-1-Tahun-GRATIS-CHARGER-SAMSUNG-25-WATT-i.16140427.22638839599?extraParams=%7B%22display_model_id%22%3A167168371117%2C%22model_selection_logic%22%3A3%7D&sp_atk=3eb5ea9f-d9bc-44fd-bc3d-cf22073e0a95&xptdk=3eb5ea9f-d9bc-44fd-bc3d-cf22073e0a95,481 Terjual,,https://deo.shopeemobile.com/shopee/modules-federation/live/0/shopee__item-card-standard-v2/0.2.8/pc/d7099d3fd1dfdaf705ab.svg
https://down-id.img.susercontent.com/file/id-11134207-8224w-mkugx4w7x5ae1d,https://down-id.img.susercontent.com/file/id-11134258-822wr-mlx5y0tebegw04,Samsung Galaxy A56 5G 8GB+256GB Garansi Resmi 1 Tahun,https://deo.shopeemobile.com/shopee/modules-federation/live/0/shopee__item-card-standard-v2/0.2.8/pc/e4734dab67ee2f9ebd5a.png,Rp,6.129.000,-6%,https://deo.shopeemobile.com/shopee/modules-federation/live/0/shopee__item-card-standard-v2/0.2.8/pc/76dff349290d20891fc1.svg,,Kombo Hemat,,4.9,,https://deo.shopeemobile.com/shopee/modules-federation/live/0/shopee__item-card-standard-v2/0.2.8/pc/5dd7b4560d0e2d3190e8.svg,,Jakarta Barat,,,"Samsung Galaxy A56 5G 8GB+256GB Garansi Resmi 1 Tahun
Rp
6.129.000
-6%
Kombo Hemat
4.9
1RB+ Terjual
3 Hari
Jakarta Barat",https://shopee.co.id/Samsung-Galaxy-A56-5G-8GB-256GB-Garansi-Resmi-1-Tahun-i.37667557.40106426046?extraParams=%7B%22display_model_id%22%3A149215167794%2C%22model_selection_logic%22%3A3%7D&sp_atk=becc34d7-cdb1-4845-b94d-11c79f431b18&xptdk=becc34d7-cdb1-4845-b94d-11c79f431b18,1RB+ Terjual,,https://deo.shopeemobile.com/shopee/modules-federation/live/0/shopee__item-card-standard-v2/0.2.8/pc/d7099d3fd1dfdaf705ab.svg
https://down-id.img.susercontent.com/file/id-11134207-822wl-mmtsjwa64cug7a,https://down-id.img.susercontent.com/file/id-11134258-822wr-mlx5y0tebegw04,Samsung A07 4/64 | 4/128 | 6/128 | 8/256 Garansi Resmi Samsung,https://deo.shopeemobile.com/shopee/modules-federation/live/0/shopee__item-card-standard-v2/0.2.8/pc/e4734dab67ee2f9ebd5a.png,Rp,1.900.000,,https://deo.shopeemobile.com/shopee/modules-federation/live/0/shopee__item-card-standard-v2/0.2.8/pc/76dff349290d20891fc1.svg,,,,4.9,,https://deo.shopeemobile.com/shopee/modules-federation/live/0/shopee__item-card-standard-v2/0.2.8/pc/5dd7b4560d0e2d3190e8.svg,,Makassar,,,"Samsung A07 4/64 | 4/128 | 6/128 | 8/256 Garansi Resmi Samsung
Rp
1.900.000
4.9
52 Terjual
2-3 Hari
Makassar",https://shopee.co.id/Samsung-A07-4-64-4-128-6-128-8-256-Garansi-Resmi-Samsung-i.855917122.28258696952?extraParams=%7B%22display_model_id%22%3A242623356864%2C%22model_selection_logic%22%3A3%7D&sp_atk=aa114b22-77ea-4e98-8b99-fbc360d62b75&xptdk=aa114b22-77ea-4e98-8b99-fbc360d62b75,52 Terjual,,https://deo.shopeemobile.com/shopee/modules-federation/live/0/shopee__item-card-standard-v2/0.2.8/pc/d7099d3fd1dfdaf705ab.svg
https://down-id.img.susercontent.com/file/id-11134207-7rbk7-m8mu7uzqueb1a0,https://down-id.img.susercontent.com/file/id-11134258-8224v-mkvw0cu9r7k1a5,Samsung S24 Ultra Resmi 256 / 512 gb sein,https://deo.shopeemobile.com/shopee/modules-federation/live/0/shopee__item-card-standard-v2/0.2.8/pc/e4734dab67ee2f9ebd5a.png,Rp,12.250.000,,https://deo.shopeemobile.com/shopee/modules-federation/live/0/shopee__item-card-standard-v2/0.2.8/pc/76dff349290d20891fc1.svg,,,,4.9,,https://deo.shopeemobile.com/shopee/modules-federation/live/0/shopee__item-card-standard-v2/0.2.8/pc/5dd7b4560d0e2d3190e8.svg,,Bekasi,,,"Samsung S24 Ultra Resmi 256 / 512 gb sein
Rp
12.250.000
4.9
86 Terjual
3 Hari
Bekasi",https://shopee.co.id/Samsung-S24-Ultra-Resmi-256-512-gb-sein-i.263857215.28712935562?extraParams=%7B%22display_model_id%22%3A252682982800%2C%22model_selection_logic%22%3A3%7D&sp_atk=bfa1f3cf-c221-42d2-821d-1a43ea57e295&xptdk=bfa1f3cf-c221-42d2-821d-1a43ea57e295,86 Terjual,,https://deo.shopeemobile.com/shopee/modules-federation/live/0/shopee__item-card-standard-v2/0.2.8/pc/d7099d3fd1dfdaf705ab.svg
https://down-id.img.susercontent.com/file/id-11134207-7rasg-m2w58rng4zkh56,https://down-id.img.susercontent.com/file/id-11134258-8224v-mkvw0cu9r7k1a5,Samsung Galaxy A16 5G 8/256GB - Garansi Resmi,https://deo.shopeemobile.com/shopee/modules-federation/live/0/shopee__item-card-standard-v2/0.2.8/pc/e4734dab67ee2f9ebd5a.png,Rp,3.449.000,,https://deo.shopeemobile.com/shopee/modules-federation/live/0/shopee__item-card-standard-v2/0.2.8/pc/76dff349290d20891fc1.svg,,,,5.0,,https://deo.shopeemobile.com/shopee/modules-federation/live/0/shopee__item-card-standard-v2/0.2.8/pc/5dd7b4560d0e2d3190e8.svg,,Madiun,,,"Samsung Galaxy A16 5G 8/256GB - Garansi Resmi
Rp
3.449.000
5.0
20 Terjual
2-3 Hari
Madiun",https://shopee.co.id/Samsung-Galaxy-A16-5G-8-256GB-Garansi-Resmi-i.55231304.28118244297?extraParams=%7B%22display_model_id%22%3A185573293988%2C%22model_selection_logic%22%3A3%7D&sp_atk=4cf29adb-cf1a-4945-9815-cd1a3567ae1b&xptdk=4cf29adb-cf1a-4945-9815-cd1a3567ae1b,20 Terjual,,https://deo.shopeemobile.com/shopee/modules-federation/live/0/shopee__item-card-standard-v2/0.2.8/pc/d7099d3fd1dfdaf705ab.svg
https://down-id.img.susercontent.com/file/id-11134207-7rbk6-m7rbxm5o4c7t17,https://down-id.img.susercontent.com/file/id-11134258-8224v-mkvw0cu9r7k1a5,Samsung Galaxy A56 5G 8/256GB | 12/256GB Layar Super Amoled Full HD+ Garansi Resmi,https://deo.shopeemobile.com/shopee/modules-federation/live/0/shopee__item-card-standard-v2/0.2.8/pc/7c9110f78e069acbced7.png,Rp,6.904.000,-1%,https://deo.shopeemobile.com/shopee/modules-federation/live/0/shopee__item-card-standard-v2/0.2.8/pc/38e203dc86172a6c6560.svg,https://deo.shopeemobile.com/shopee/modules-federation/live/0/shopee__item-card-standard-v2/0.2.8/pc/d2a1900a0267d45fd0f5.png,,,5.0,,https://deo.shopeemobile.com/shopee/modules-federation/live/0/shopee__item-card-standard-v2/0.2.8/pc/5dd7b4560d0e2d3190e8.svg,https://deo.shopeemobile.com/shopee/modules-federation/live/0/shopee__item-card-standard-v2/0.2.8/pc/b4d1b8a78b3621dbdf4a.svg,Surabaya,https://deo.shopeemobile.com/shopee/modules-federation/live/0/shopee__item-card-standard-v2/0.2.8/pc/0614b8f0a8fdde22942d.svg,2 jam,"Samsung Galaxy A56 5G 8/256GB | 12/256GB Layar Super Amoled Full HD+ Garansi Resmi
Rp
6.904.000
-1%
5.0
176 Terjual
2 jam
Surabaya",https://shopee.co.id/Samsung-Galaxy-A56-5G-8-256GB-12-256GB-Layar-Super-Amoled-Full-HD-Garansi-Resmi-i.1118848599.29380254008?extraParams=%7B%22display_model_id%22%3A168796493016%2C%22model_selection_logic%22%3A3%7D&sp_atk=06198ccd-64e1-4472-ad56-d5755db01c0b&xptdk=06198ccd-64e1-4472-ad56-d5755db01c0b,176 Terjual,,https://deo.shopeemobile.com/shopee/modules-federation/live/0/shopee__item-card-standard-v2/0.2.8/pc/d7099d3fd1dfdaf705ab.svg
https://down-id.img.susercontent.com/file/id-11134207-7rbkc-m7lwbinbbwk0ac,https://down-id.img.susercontent.com/file/id-11134258-8224v-mkvw0cu9r7k1a5,SAMSUNG GALAXY A36 5G RAM 8GB I 256GB Ki,https://deo.shopeemobile.com/shopee/modules-federation/live/0/shopee__item-card-standard-v2/0.2.8/pc/a425c915798471b33e5d.png,Rp,5.799.000,-8%,https://deo.shopeemobile.com/shopee/modules-federation/live/0/shopee__item-card-standard-v2/0.2.8/pc/76dff349290d20891fc1.svg,,,,4.9,,https://deo.shopeemobile.com/shopee/modules-federation/live/0/shopee__item-card-standard-v2/0.2.8/pc/5dd7b4560d0e2d3190e8.svg,,Samarinda,,,"SAMSUNG GALAXY A36 5G RAM 8GB I 256GB Ki
Rp
5.799.000
-8%
4.9
71 Terjual
1-3 Hari
Samarinda",https://shopee.co.id/SAMSUNG-GALAXY-A36-5G-RAM-8GB-I-256GB-Ki-i.60878004.28030382391?extraParams=%7B%22display_model_id%22%3A257952477750%2C%22model_selection_logic%22%3A3%7D&sp_atk=89634f7e-8932-4f34-b472-5a0fb35587dd&xptdk=89634f7e-8932-4f34-b472-5a0fb35587dd,71 Terjual,,https://deo.shopeemobile.com/shopee/modules-federation/live/0/shopee__item-card-standard-v2/0.2.8/pc/d7099d3fd1dfdaf705ab.svg
https://down-id.img.susercontent.com/file/id-11134207-7rbk0-mb3ady1fu9x016,https://down-id.img.susercontent.com/file/id-11134258-7r98w-lyezzaurybot13,Samsung A26 5G 8/256 Garansi Resmi Indonesia,https://deo.shopeemobile.com/shopee/modules-federation/live/0/shopee__item-card-standard-v2/0.2.8/pc/a425c915798471b33e5d.png,Rp,3.849.000,,https://deo.shopeemobile.com/shopee/modules-federation/live/0/shopee__item-card-standard-v2/0.2.8/pc/76dff349290d20891fc1.svg,,,,4.6,,https://deo.shopeemobile.com/shopee/modules-federation/live/0/shopee__item-card-standard-v2/0.2.8/pc/5dd7b4560d0e2d3190e8.svg,,Surabaya,,,"Samsung A26 5G 8/256 Garansi Resmi Indonesia
Rp
3.849.000
4.6
25 Terjual
2-3 Hari
Surabaya",https://shopee.co.id/Samsung-A26-5G-8-256-Garansi-Resmi-Indonesia-i.211675125.19834190713?extraParams=%7B%22display_model_id%22%3A191756757918%2C%22model_selection_logic%22%3A3%7D&sp_atk=566c7284-e0d2-44ee-9879-20beb364b882&xptdk=566c7284-e0d2-44ee-9879-20beb364b882,25 Terjual,,https://deo.shopeemobile.com/shopee/modules-federation/live/0/shopee__item-card-standard-v2/0.2.8/pc/d7099d3fd1dfdaf705ab.svg
https://down-id.img.susercontent.com/file/52d833df4fc445b3c6b8098ff184a4c2,https://down-id.img.susercontent.com/file/id-11134258-8224v-mkvw0cu9r7k1a5,Samsung Note 8 Ram 6/64 GB Garansi Sein Indonesia,https://deo.shopeemobile.com/shopee/modules-federation/live/0/shopee__item-card-standard-v2/0.2.8/pc/e4734dab67ee2f9ebd5a.png,Rp,1.650.000,,https://deo.shopeemobile.com/shopee/modules-federation/live/0/shopee__item-card-standard-v2/0.2.8/pc/76dff349290d20891fc1.svg,,Cicilan,,4.6,,https://deo.shopeemobile.com/shopee/modules-federation/live/0/shopee__item-card-standard-v2/0.2.8/pc/5dd7b4560d0e2d3190e8.svg,,Kab. Bekasi,,,"Samsung Note 8 Ram 6/64 GB Garansi Sein Indonesia
Rp
1.650.000
Cicilan
4.6
119 Terjual
3 Hari
Kab. Bekasi",https://shopee.co.id/Samsung-Note-8-Ram-6-64-GB-Garansi-Sein-Indonesia-i.319663119.4861170047?extraParams=%7B%22display_model_id%22%3A49792505818%2C%22model_selection_logic%22%3A3%7D&sp_atk=078f8c72-92d5-4ecb-add4-a0eaac635ab2&xptdk=078f8c72-92d5-4ecb-add4-a0eaac635ab2,119 Terjual,,https://deo.shopeemobile.com/shopee/modules-federation/live/0/shopee__item-card-standard-v2/0.2.8/pc/d7099d3fd1dfdaf705ab.svg
https://down-id.img.susercontent.com/file/id-11134207-7ra0r-mdogseg8cfime9,https://down-id.img.susercontent.com/file/id-11134258-8224v-mkvw0cu9r7k1a5,Samsung Galaxy A07 4/64GB 4/128GB 6/128GB 8/256GB,https://deo.shopeemobile.com/shopee/modules-federation/live/0/shopee__item-card-standard-v2/0.2.8/pc/e4734dab67ee2f9ebd5a.png,Rp,1.730.000,-13%,https://deo.shopeemobile.com/shopee/modules-federation/live/0/shopee__item-card-standard-v2/0.2.8/pc/76dff349290d20891fc1.svg,https://deo.shopeemobile.com/shopee/modules-federation/live/0/shopee__item-card-standard-v2/0.2.8/pc/d2a1900a0267d45fd0f5.png,,,4.9,,https://deo.shopeemobile.com/shopee/modules-federation/live/0/shopee__item-card-standard-v2/0.2.8/pc/5dd7b4560d0e2d3190e8.svg,,Tangerang,,,"Samsung Galaxy A07 4/64GB 4/128GB 6/128GB 8/256GB
Rp
1.730.000
-13%
4.9
1RB+ Terjual
2-3 Hari
Tangerang",https://shopee.co.id/Samsung-Galaxy-A07-4-64GB-4-128GB-6-128GB-8-256GB-i.156136465.18849863711?extraParams=%7B%22display_model_id%22%3A315817767799%2C%22model_selection_logic%22%3A3%7D&sp_atk=7e5e2d29-1348-4cfe-bb6d-2265738ffc75&xptdk=7e5e2d29-1348-4cfe-bb6d-2265738ffc75,1RB+ Terjual,,https://deo.shopeemobile.com/shopee/modules-federation/live/0/shopee__item-card-standard-v2/0.2.8/pc/d7099d3fd1dfdaf705ab.svg
https://down-id.img.susercontent.com/file/sg-11134201-8260s-mmbg00ixnite41,https://down-id.img.susercontent.com/file/id-11134258-7r98w-lyezzaurybot13,Samsung Galaxy A56 5G 12/256GB - Awesome Graphite,https://deo.shopeemobile.com/shopee/modules-federation/live/0/shopee__item-card-standard-v2/0.2.8/pc/7c9110f78e069acbced7.png,Rp,6.759.000,-9%,https://deo.shopeemobile.com/shopee/modules-federation/live/0/shopee__item-card-standard-v2/0.2.8/pc/76dff349290d20891fc1.svg,https://deo.shopeemobile.com/shopee/modules-federation/live/0/shopee__item-card-standard-v2/0.2.8/pc/d2a1900a0267d45fd0f5.png,,,4.9,,https://deo.shopeemobile.com/shopee/modules-federation/live/0/shopee__item-card-standard-v2/0.2.8/pc/5dd7b4560d0e2d3190e8.svg,,Jakarta Utara,,,"Samsung Galaxy A56 5G 12/256GB - Awesome Graphite
Rp
6.759.000
-9%
4.9
3RB+ Terjual
2-3 Hari
Jakarta Utara",https://shopee.co.id/Samsung-Galaxy-A56-5G-12-256GB-Awesome-Graphite-i.52635036.29277755076?extraParams=%7B%22display_model_id%22%3A188255987163%2C%22model_selection_logic%22%3A3%7D&sp_atk=8637ccac-fd3b-48f7-9f86-687319318169&xptdk=8637ccac-fd3b-48f7-9f86-687319318169,3RB+ Terjual,,https://deo.shopeemobile.com/shopee/modules-federation/live/0/shopee__item-card-standard-v2/0.2.8/pc/d7099d3fd1dfdaf705ab.svg
https://down-id.img.susercontent.com/file/id-11134207-7ra0p-mbbwcoc5x9i769,https://down-id.img.susercontent.com/file/id-11134258-822wr-mlx67rtd6r602f,Samsung S20 128gb Resmi Indonesia,https://deo.shopeemobile.com/shopee/modules-federation/live/0/shopee__item-card-standard-v2/0.2.8/pc/e4734dab67ee2f9ebd5a.png,Rp,1.399.000,-72%,https://deo.shopeemobile.com/shopee/modules-federation/live/0/shopee__item-card-standard-v2/0.2.8/pc/76dff349290d20891fc1.svg,,,,,,https://deo.shopeemobile.com/shopee/modules-federation/live/0/shopee__item-card-standard-v2/0.2.8/pc/5dd7b4560d0e2d3190e8.svg,,Kab. Bekasi,,,"Samsung S20 128gb Resmi Indonesia
Rp
1.399.000
-72%
3 Hari
Kab. Bekasi",https://shopee.co.id/Samsung-S20-128gb-Resmi-Indonesia-i.165232145.42305586853?extraParams=%7B%22display_model_id%22%3A149210654026%2C%22model_selection_logic%22%3A3%7D&sp_atk=069071ed-c659-49e0-9483-bf8bb1dcdf5f&xptdk=069071ed-c659-49e0-9483-bf8bb1dcdf5f,3 Hari,,
https://down-id.img.susercontent.com/file/id-11134207-23030-imik85e1vsov24,https://down-id.img.susercontent.com/file/id-11134258-8224v-mkvw0cu9r7k1a5,Samsung A04e 3/64 Garansi Resmi 1 Tahun Layar 6.5 Inch,https://deo.shopeemobile.com/shopee/modules-federation/live/0/shopee__item-card-standard-v2/0.2.8/pc/a425c915798471b33e5d.png,Rp,1.299.000,,https://deo.shopeemobile.com/shopee/modules-federation/live/0/shopee__item-card-standard-v2/0.2.8/pc/38e203dc86172a6c6560.svg,,,,5.0,,https://deo.shopeemobile.com/shopee/modules-federation/live/0/shopee__item-card-standard-v2/0.2.8/pc/5dd7b4560d0e2d3190e8.svg,,Surabaya,https://deo.shopeemobile.com/shopee/modules-federation/live/0/shopee__item-card-standard-v2/0.2.8/pc/0614b8f0a8fdde22942d.svg,Hari ini,"Samsung A04e 3/64 Garansi Resmi 1 Tahun Layar 6.5 Inch
Rp
1.299.000
5.0
4 Terjual
Hari ini
Surabaya",https://shopee.co.id/Samsung-A04e-3-64-Garansi-Resmi-1-Tahun-Layar-6.5-Inch-i.234217844.21576457338?extraParams=%7B%22display_model_id%22%3A214073381943%2C%22model_selection_logic%22%3A3%7D&sp_atk=578fcaaa-359a-48f0-a29e-047d311e70eb&xptdk=578fcaaa-359a-48f0-a29e-047d311e70eb,4 Terjual,,https://deo.shopeemobile.com/shopee/modules-federation/live/0/shopee__item-card-standard-v2/0.2.8/pc/d7099d3fd1dfdaf705ab.svg
