-image-yazkc-11,text-sm,text-xs/sp14,font-medium,img,text-xs/sp14_2,pointer-events-none,w-auto,text-white,pointer-events-none_2,align-middle,text-shopee-green,text-shopee-primary,pointer-events-none_3,_container,_container_link,-image-yazkc-11_2,inline-block,text-ellipsis,text-xs/sp14_3,truncate,text-xs
https://down-id.img.susercontent.com/file/id-11134207-7r98s-lllron069ji497,Vivo V29 5G 8Gb/256Gb & 12Gb/512Gb Garansi Resmi 1 Tahun,Rp,4.499.000,https://deo.shopeemobile.com/shopee/modules-federation/live/0/shopee__item-card-standard-v2/0.2.8/pc/d7099d3fd1dfdaf705ab.svg,4.9,https://deo.shopeemobile.com/shopee/modules-federation/live/0/shopee__item-card-standard-v2/0.2.8/pc/38e203dc86172a6c6560.svg,https://deo.shopeemobile.com/shopee/modules-federation/live/0/shopee__item-card-standard-v2/0.2.8/pc/0614b8f0a8fdde22942d.svg,< 2 Hari,https://deo.shopeemobile.com/shopee/modules-federation/live/0/shopee__item-card-standard-v2/0.2.8/pc/5dd7b4560d0e2d3190e8.svg,Surabaya,107 Terjual,,,"Vivo V29 5G 8Gb/256Gb & 12Gb/512Gb Garansi Resmi 1 Tahun
Rp
4.499.000
4.9
107 Terjual
< 2 Hari
Surabaya",https://shopee.co.id/Vivo-V29-5G-8Gb-256Gb-12Gb-512Gb-Garansi-Resmi-1-Tahun-i.134819232.3960187767?extraParams=%7B%22display_model_id%22%3A232026651694%2C%22model_selection_logic%22%3A3%7D&sp_atk=011eedb9-5fc0-410e-8d3a-a52c12cc63be&xptdk=011eedb9-5fc0-410e-8d3a-a52c12cc63be,,,,,,
https://down-id.img.susercontent.com/file/id-11134207-7ras9-m59rik72x1c6ea,VIVO V30e 5G NEW RAM 8 INTERNAL 128/256 GARANSI RESMI INDONESIA,Rp,2.895.000,https://deo.shopeemobile.com/shopee/modules-federation/live/0/shopee__item-card-standard-v2/0.2.8/pc/d7099d3fd1dfdaf705ab.svg,5.0,https://deo.shopeemobile.com/shopee/modules-federation/live/0/shopee__item-card-standard-v2/0.2.8/pc/76dff349290d20891fc1.svg,,,https://deo.shopeemobile.com/shopee/modules-federation/live/0/shopee__item-card-standard-v2/0.2.8/pc/5dd7b4560d0e2d3190e8.svg,Surabaya,2 Terjual,,,"VIVO V30e 5G NEW RAM 8 INTERNAL 128/256 GARANSI RESMI INDONESIA
Rp
2.895.000
5.0
2 Terjual
2-4 Hari
Surabaya",https://shopee.co.id/VIVO-V30e-5G-NEW-RAM-8-INTERNAL-128-256-GARANSI-RESMI-INDONESIA-i.1217763119.19387624108?extraParams=%7B%22display_model_id%22%3A187594894826%2C%22model_selection_logic%22%3A3%7D&sp_atk=7586f56d-2359-4ae8-861f-a9b7d9e2d8c8&xptdk=7586f56d-2359-4ae8-861f-a9b7d9e2d8c8,,,,,,
https://down-id.img.susercontent.com/file/id-11134207-81ztn-mdxzjqouhe6eea,Vivo Y400 RAM 8GB/128GB 8GB/256GB 8GB+8GB Extended RAM Layar 6.67 inch AMOLED FHD+ 120Hz Snapdragon 685 Baterai 6000mAh - Garansi Resmi Vivo 1 Tahun,Rp,3.499.000,https://deo.shopeemobile.com/shopee/modules-federation/live/0/shopee__item-card-standard-v2/0.2.8/pc/d7099d3fd1dfdaf705ab.svg,5.0,https://deo.shopeemobile.com/shopee/modules-federation/live/0/shopee__item-card-standard-v2/0.2.8/pc/38e203dc86172a6c6560.svg,https://deo.shopeemobile.com/shopee/modules-federation/live/0/shopee__item-card-standard-v2/0.2.8/pc/0614b8f0a8fdde22942d.svg,Besok 12:00,https://deo.shopeemobile.com/shopee/modules-federation/live/0/shopee__item-card-standard-v2/0.2.8/pc/5dd7b4560d0e2d3190e8.svg,Surabaya,6 Terjual,,,"Vivo Y400 RAM 8GB/128GB 8GB/256GB 8GB+8GB Extended RAM Layar 6.67 inch AMOLED FHD+ 120Hz Snapdragon 685 Baterai 6000mAh - Garansi Resmi Vivo 1 Tahun
Rp
3.499.000
5.0
6 Terjual
Besok 12:00
Surabaya",https://shopee.co.id/Vivo-Y400-RAM-8GB-128GB-8GB-256GB-8GB-8GB-Extended-RAM-Layar-6.67-inch-AMOLED-FHD-120Hz-Snapdragon-685-Baterai-6000mAh-Garansi-Resmi-Vivo-1-Tahun-i.139245516.41661438250?extraParams=%7B%22display_model_id%22%3A260960840120%2C%22model_selection_logic%22%3A3%7D&sp_atk=1060a894-fd01-4656-83ca-cc3900aab475&xptdk=1060a894-fd01-4656-83ca-cc3900aab475,,,,,,
https://down-id.img.susercontent.com/file/id-11134207-7r98r-lwp1nutl0u4tcb,vivo Y28 NFC [8GB/128GB - 8GB/256GB] Extended RAM 8GB - Helio G85 - 50MP Dual Camera -  Li-Po 6000mAh - Fast Charging 44W Garansi Resmi 1 Tahun,Rp,2.643.000,https://deo.shopeemobile.com/shopee/modules-federation/live/0/shopee__item-card-standard-v2/0.2.8/pc/d7099d3fd1dfdaf705ab.svg,5.0,https://deo.shopeemobile.com/shopee/modules-federation/live/0/shopee__item-card-standard-v2/0.2.8/pc/76dff349290d20891fc1.svg,,,https://deo.shopeemobile.com/shopee/modules-federation/live/0/shopee__item-card-standard-v2/0.2.8/pc/5dd7b4560d0e2d3190e8.svg,Kab. Bekasi,46 Terjual,-9%,,"vivo Y28 NFC [8GB/128GB - 8GB/256GB] Extended RAM 8GB - Helio G85 - 50MP Dual Camera - Li-Po 6000mAh - Fast Charging 44W Garansi Resmi 1 Tahun
Rp
2.643.000
-9%
5.0
46 Terjual
3 Hari
Kab. Bekasi",https://shopee.co.id/vivo-Y28-NFC-8GB-128GB-8GB-256GB-Extended-RAM-8GB-Helio-G85-50MP-Dual-Camera-Li-Po-6000mAh-Fast-Charging-44W-Garansi-Resmi-1-Tahun-i.6357391.28003184597?extraParams=%7B%22display_model_id%22%3A335820861127%2C%22model_selection_logic%22%3A3%7D&sp_atk=42c146b9-5b2f-4542-8668-eca6d40f0c39&xptdk=42c146b9-5b2f-4542-8668-eca6d40f0c39,,,,,,
https://down-id.img.susercontent.com/file/id-11134207-7r98o-lp58vw1ukplt28,Vivo Y27s NFC Ram8/256Gb New 100% Original & Bergaransi Resmi Vivo Service Center,Rp,2.399.000,https://deo.shopeemobile.com/shopee/modules-federation/live/0/shopee__item-card-standard-v2/0.2.8/pc/d7099d3fd1dfdaf705ab.svg,5.0,https://deo.shopeemobile.com/shopee/modules-federation/live/0/shopee__item-card-standard-v2/0.2.8/pc/76dff349290d20891fc1.svg,,,https://deo.shopeemobile.com/shopee/modules-federation/live/0/shopee__item-card-standard-v2/0.2.8/pc/5dd7b4560d0e2d3190e8.svg,Surabaya,12 Terjual,,,"Vivo Y27s NFC Ram8/256Gb New 100% Original & Bergaransi Resmi Vivo Service Center
Rp
2.399.000
5.0
12 Terjual
2-4 Hari
Surabaya",https://shopee.co.id/Vivo-Y27s-NFC-Ram8-256Gb-New-100-Original-Bergaransi-Resmi-Vivo-Service-Center-i.34104270.16574049142?extraParams=%7B%22display_model_id%22%3A176260285189%2C%22model_selection_logic%22%3A3%7D&sp_atk=87c02275-694f-4604-98e9-2cdaa70da1a5&xptdk=87c02275-694f-4604-98e9-2cdaa70da1a5,,,,,,
https://down-id.img.susercontent.com/file/id-11134207-822wm-mmctm9ornair82,VIVO Y21D Ram 6GB 256GB 6500mAh 90Hz,Rp,2.394.000,,,https://deo.shopeemobile.com/shopee/modules-federation/live/0/shopee__item-card-standard-v2/0.2.8/pc/76dff349290d20891fc1.svg,,,https://deo.shopeemobile.com/shopee/modules-federation/live/0/shopee__item-card-standard-v2/0.2.8/pc/5dd7b4560d0e2d3190e8.svg,Kab. Karawang,3-6 Hari,-1%,https://deo.shopeemobile.com/shopee/modules-federation/live/0/shopee__item-card-standard-v2/0.2.8/pc/b4d1b8a78b3621dbdf4a.svg,"VIVO Y21D Ram 6GB 256GB 6500mAh 90Hz
Rp
2.394.000
-1%
3-6 Hari
Kab. Karawang",https://shopee.co.id/VIVO-Y21D-Ram-6GB-256GB-6500mAh-90Hz-i.1306576837.54352456487?extraParams=%7B%22display_model_id%22%3A216342941737%2C%22model_selection_logic%22%3A3%7D&sp_atk=0bfc824f-73c1-4735-9cf7-3b1c1ba2af88&xptdk=0bfc824f-73c1-4735-9cf7-3b1c1ba2af88,,,,,,
https://down-id.img.susercontent.com/file/id-11134207-822wi-mlekz4bx5wcgde,"Vivo V70 (Ram 12GB, Rom 256GB, Battery 6500mAh, Qualcomm SM7750-AB Snapdragon 7 Gen 4)",Rp,9.195.000,https://deo.shopeemobile.com/shopee/modules-federation/live/0/shopee__item-card-standard-v2/0.2.8/pc/d7099d3fd1dfdaf705ab.svg,5.0,https://deo.shopeemobile.com/shopee/modules-federation/live/0/shopee__item-card-standard-v2/0.2.8/pc/38e203dc86172a6c6560.svg,https://deo.shopeemobile.com/shopee/modules-federation/live/0/shopee__item-card-standard-v2/0.2.8/pc/0614b8f0a8fdde22942d.svg,< 2 Hari,https://deo.shopeemobile.com/shopee/modules-federation/live/0/shopee__item-card-standard-v2/0.2.8/pc/5dd7b4560d0e2d3190e8.svg,Malang,29 Terjual,-1%,https://deo.shopeemobile.com/shopee/modules-federation/live/0/shopee__item-card-standard-v2/0.2.8/pc/b4d1b8a78b3621dbdf4a.svg,"Vivo V70 (Ram 12GB, Rom 256GB, Battery 6500mAh, Qualcomm SM7750-AB Snapdragon 7 Gen 4)
Rp
9.195.000
-1%
5.0
29 Terjual
< 2 Hari
Malang",https://shopee.co.id/Vivo-V70-(Ram-12GB-Rom-256GB-Battery-6500mAh-Qualcomm-SM7750-AB-Snapdragon-7-Gen-4)-i.49893858.27501931387?extraParams=%7B%22display_model_id%22%3A286474560660%2C%22model_selection_logic%22%3A3%7D&sp_atk=a2007936-2d63-4f5a-a39b-13562cc813b8&xptdk=a2007936-2d63-4f5a-a39b-13562cc813b8,,,,,,
https://down-id.img.susercontent.com/file/id-11134207-81ztc-mfkvll7ku2h7e3,Ready-Stock-2025 Vivo V40 Lite 5G Terbaru 2025 - RAM 8GB ROM 256GB | Layar AMOLED 120Hz | Kamera 64MP | Baterai 5500mAh Fast Charging | Garansi Resmi,Rp,3.398.900,https://deo.shopeemobile.com/shopee/modules-federation/live/0/shopee__item-card-standard-v2/0.2.8/pc/d7099d3fd1dfdaf705ab.svg,4.3,https://deo.shopeemobile.com/shopee/modules-federation/live/0/shopee__item-card-standard-v2/0.2.8/pc/76dff349290d20891fc1.svg,,,https://deo.shopeemobile.com/shopee/modules-federation/live/0/shopee__item-card-standard-v2/0.2.8/pc/5dd7b4560d0e2d3190e8.svg,Jakarta Barat,63 Terjual,-17%,https://deo.shopeemobile.com/shopee/modules-federation/live/0/shopee__item-card-standard-v2/0.2.8/pc/b4d1b8a78b3621dbdf4a.svg,"Ready-Stock-2025 Vivo V40 Lite 5G Terbaru 2025 - RAM 8GB ROM 256GB | Layar AMOLED 120Hz | Kamera 64MP | Baterai 5500mAh Fast Charging | Garansi Resmi
Rp
3.398.900
-17%
4.3
63 Terjual
4-7 Hari
Jakarta Barat",https://shopee.co.id/Ready-Stock-2025-Vivo-V40-Lite-5G-Terbaru-2025-RAM-8GB-ROM-256GB-Layar-AMOLED-120Hz-Kamera-64MP-Baterai-5500mAh-Fast-Charging-Garansi-Resmi-i.1639421028.40523207350?extraParams=%7B%22display_model_id%22%3A281886637699%2C%22model_selection_logic%22%3A3%7D&sp_atk=5735e6a1-fd1c-4b23-9b97-3325e07ab8fb&xptdk=5735e6a1-fd1c-4b23-9b97-3325e07ab8fb,,,,,,
https://down-id.img.susercontent.com/file/id-11134207-7rasl-m2jabyyr0itq77,VIVO V40 LITE 4G {8GB/128GB} {8GB/256GB} GARANSI RESMI VIVO,Rp,2.799.000,https://deo.shopeemobile.com/shopee/modules-federation/live/0/shopee__item-card-standard-v2/0.2.8/pc/d7099d3fd1dfdaf705ab.svg,5.0,https://deo.shopeemobile.com/shopee/modules-federation/live/0/shopee__item-card-standard-v2/0.2.8/pc/76dff349290d20891fc1.svg,,,https://deo.shopeemobile.com/shopee/modules-federation/live/0/shopee__item-card-standard-v2/0.2.8/pc/5dd7b4560d0e2d3190e8.svg,Surabaya,56 Terjual,-15%,,"VIVO V40 LITE 4G {8GB/128GB} {8GB/256GB} GARANSI RESMI VIVO
Rp
2.799.000
-15%
5.0
56 Terjual
3 Hari
Surabaya",https://shopee.co.id/VIVO-V40-LITE-4G-8GB-128GB-8GB-256GB-GARANSI-RESMI-VIVO-i.151788128.25234887994?extraParams=%7B%22display_model_id%22%3A247017490502%2C%22model_selection_logic%22%3A3%7D&sp_atk=13e94d1f-eb9f-4e92-862c-a589ec5078b2&xptdk=13e94d1f-eb9f-4e92-862c-a589ec5078b2,,,,,,
https://down-id.img.susercontent.com/file/id-11134207-7rbkd-m7l8tv4xg7ghe9,VIVO V40 5G RAM 12/256GB ORIGINAL BERGARANSI RESMI VIVO INDONESIA,Rp,5.195.000,https://deo.shopeemobile.com/shopee/modules-federation/live/0/shopee__item-card-standard-v2/0.2.8/pc/d7099d3fd1dfdaf705ab.svg,4.9,https://deo.shopeemobile.com/shopee/modules-federation/live/0/shopee__item-card-standard-v2/0.2.8/pc/76dff349290d20891fc1.svg,,,https://deo.shopeemobile.com/shopee/modules-federation/live/0/shopee__item-card-standard-v2/0.2.8/pc/5dd7b4560d0e2d3190e8.svg,Surabaya,305 Terjual,-26%,,"VIVO V40 5G RAM 12/256GB ORIGINAL BERGARANSI RESMI VIVO INDONESIA
Rp
5.195.000
-26%
4.9
305 Terjual
2-4 Hari
Surabaya",https://shopee.co.id/VIVO-V40-5G-RAM-12-256GB-ORIGINAL-BERGARANSI-RESMI-VIVO-INDONESIA-i.220501664.23950524438?extraParams=%7B%22display_model_id%22%3A188334767293%2C%22model_selection_logic%22%3A3%7D&sp_atk=f29e5ef7-1225-466c-8849-712025c2d3ff&xptdk=f29e5ef7-1225-466c-8849-712025c2d3ff,,,,,,
https://down-id.img.susercontent.com/file/id-11134207-8224t-mgqs8uoexogc1d,"Vivo Y21d [4/128 GB ,6/128 GB,6/256 GB dan 8/128 GB]garansi resmi Indonesia new 100% original",Rp,2.299.000,https://deo.shopeemobile.com/shopee/modules-federation/live/0/shopee__item-card-standard-v2/0.2.8/pc/d7099d3fd1dfdaf705ab.svg,5.0,https://deo.shopeemobile.com/shopee/modules-federation/live/0/shopee__item-card-standard-v2/0.2.8/pc/38e203dc86172a6c6560.svg,https://deo.shopeemobile.com/shopee/modules-federation/live/0/shopee__item-card-standard-v2/0.2.8/pc/0614b8f0a8fdde22942d.svg,< 2 Hari,https://deo.shopeemobile.com/shopee/modules-federation/live/0/shopee__item-card-standard-v2/0.2.8/pc/5dd7b4560d0e2d3190e8.svg,Surabaya,21 Terjual,,,"Vivo Y21d [4/128 GB ,6/128 GB,6/256 GB dan 8/128 GB]garansi resmi Indonesia new 100% original
Rp
2.299.000
5.0
21 Terjual
< 2 Hari
Surabaya",https://shopee.co.id/Vivo-Y21d-4-128-GB-6-128-GB-6-256-GB-dan-8-128-GB-garansi-resmi-Indonesia-new-100-original-i.231049776.19666391124?extraParams=%7B%22display_model_id%22%3A370084769540%2C%22model_selection_logic%22%3A3%7D&sp_atk=78cb6b01-7d8f-4046-96c0-cb418877c077&xptdk=78cb6b01-7d8f-4046-96c0-cb418877c077,,,,,,
https://down-id.img.susercontent.com/file/id-11134207-8224o-mkkosb2db18n64,"Vivo V60 Lite 4G Dimensity 7360 Turbo, 6500mAh + 90W Flashcharge",Rp,4.799.000,https://deo.shopeemobile.com/shopee/modules-federation/live/0/shopee__item-card-standard-v2/0.2.8/pc/d7099d3fd1dfdaf705ab.svg,5.0,https://deo.shopeemobile.com/shopee/modules-federation/live/0/shopee__item-card-standard-v2/0.2.8/pc/76dff349290d20891fc1.svg,,,https://deo.shopeemobile.com/shopee/modules-federation/live/0/shopee__item-card-standard-v2/0.2.8/pc/5dd7b4560d0e2d3190e8.svg,Kab. Tangerang,169 Terjual,,,"Vivo V60 Lite 4G Dimensity 7360 Turbo, 6500mAh + 90W Flashcharge
Rp
4.799.000
5.0
169 Terjual
3-6 Hari
Kab. Tangerang",https://shopee.co.id/Vivo-V60-Lite-4G-Dimensity-7360-Turbo-6500mAh-90W-Flashcharge-i.1594353689.40372623240?extraParams=%7B%22display_model_id%22%3A253985476595%2C%22model_selection_logic%22%3A3%7D&sp_atk=22d766f8-369e-4b25-aba2-f5b4f1201e0c&xptdk=22d766f8-369e-4b25-aba2-f5b4f1201e0c,,,,,,
https://down-id.img.susercontent.com/file/id-11134207-7ra0i-mc5tskipvnj66a,Vivo V50 Lite 5g 12/512 GB | 8/256 GB Original Garansi Resmi Vivo Indonesia,Rp,3.999.000,https://deo.shopeemobile.com/shopee/modules-federation/live/0/shopee__item-card-standard-v2/0.2.8/pc/d7099d3fd1dfdaf705ab.svg,5.0,https://deo.shopeemobile.com/shopee/modules-federation/live/0/shopee__item-card-standard-v2/0.2.8/pc/38e203dc86172a6c6560.svg,https://deo.shopeemobile.com/shopee/modules-federation/live/0/shopee__item-card-standard-v2/0.2.8/pc/0614b8f0a8fdde22942d.svg,< 2 Hari,https://deo.shopeemobile.com/shopee/modules-federation/live/0/shopee__item-card-standard-v2/0.2.8/pc/5dd7b4560d0e2d3190e8.svg,Surabaya,27 Terjual,,,"Vivo V50 Lite 5g 12/512 GB | 8/256 GB Original Garansi Resmi Vivo Indonesia
Rp
3.999.000
5.0
27 Terjual
< 2 Hari
Surabaya",https://shopee.co.id/Vivo-V50-Lite-5g-12-512-GB-8-256-GB-Original-Garansi-Resmi-Vivo-Indonesia-i.82770881.43150898460?extraParams=%7B%22display_model_id%22%3A305071907959%2C%22model_selection_logic%22%3A3%7D&sp_atk=ada29e0f-077f-4b0b-b209-4c41a521a4fb&xptdk=ada29e0f-077f-4b0b-b209-4c41a521a4fb,,,,,,
https://down-id.img.susercontent.com/file/id-11134207-8224o-mhoe7txhszk8b8,VIVO V60 LITE 8GB / 256GB | SONY CAMERA | 6500 MAH | BAYPASS CHARGRING| BERGARANSI RESMI.,Rp,5.449.000,https://deo.shopeemobile.com/shopee/modules-federation/live/0/shopee__item-card-standard-v2/0.2.8/pc/d7099d3fd1dfdaf705ab.svg,5.0,https://deo.shopeemobile.com/shopee/modules-federation/live/0/shopee__item-card-standard-v2/0.2.8/pc/38e203dc86172a6c6560.svg,https://deo.shopeemobile.com/shopee/modules-federation/live/0/shopee__item-card-standard-v2/0.2.8/pc/0614b8f0a8fdde22942d.svg,Besok,https://deo.shopeemobile.com/shopee/modules-federation/live/0/shopee__item-card-standard-v2/0.2.8/pc/5dd7b4560d0e2d3190e8.svg,Kab. Sidoarjo,4 Terjual,-3%,,"VIVO V60 LITE 8GB / 256GB | SONY CAMERA | 6500 MAH | BAYPASS CHARGRING| BERGARANSI RESMI.
Rp
5.449.000
-3%
5.0
4 Terjual
Besok
Kab. Sidoarjo",https://shopee.co.id/VIVO-V60-LITE-8GB-256GB-SONY-CAMERA-6500-MAH-BAYPASS-CHARGRING-BERGARANSI-RESMI.-i.105409987.43550584456?extraParams=%7B%22display_model_id%22%3A270046423066%2C%22model_selection_logic%22%3A3%7D&sp_atk=b6efa820-1962-40cd-8c28-bf83a06dc181&xptdk=b6efa820-1962-40cd-8c28-bf83a06dc181,,,,,,
https://down-id.img.susercontent.com/file/id-11134207-7r98v-lpkt19pn80w025,Vivo Y17s Ram 4/64GB | Ram 4/128GB | Ram 6/128GB,Rp,1.783.890,https://deo.shopeemobile.com/shopee/modules-federation/live/0/shopee__item-card-standard-v2/0.2.8/pc/d7099d3fd1dfdaf705ab.svg,4.9,https://deo.shopeemobile.com/shopee/modules-federation/live/0/shopee__item-card-standard-v2/0.2.8/pc/76dff349290d20891fc1.svg,,,https://deo.shopeemobile.com/shopee/modules-federation/live/0/shopee__item-card-standard-v2/0.2.8/pc/5dd7b4560d0e2d3190e8.svg,Surabaya,113 Terjual,-1%,,"Vivo Y17s Ram 4/64GB | Ram 4/128GB | Ram 6/128GB
Rp
1.783.890
-1%
4.9
113 Terjual
2-4 Hari
Surabaya",https://shopee.co.id/Vivo-Y17s-Ram-4-64GB-Ram-4-128GB-Ram-6-128GB-i.433115955.24453762364?extraParams=%7B%22display_model_id%22%3A29446692896%2C%22model_selection_logic%22%3A3%7D&sp_atk=27af0747-ffb0-476d-88f9-3db599cc188e&xptdk=27af0747-ffb0-476d-88f9-3db599cc188e,,,,,,
https://down-id.img.susercontent.com/file/6bf5f2b2703e44398488754c6201dc9b,VIVO Y12S BARU GARANSI RESMI,Rp,3.040.000,https://deo.shopeemobile.com/shopee/modules-federation/live/0/shopee__item-card-standard-v2/0.2.8/pc/d7099d3fd1dfdaf705ab.svg,5.0,https://deo.shopeemobile.com/shopee/modules-federation/live/0/shopee__item-card-standard-v2/0.2.8/pc/76dff349290d20891fc1.svg,,,https://deo.shopeemobile.com/shopee/modules-federation/live/0/shopee__item-card-standard-v2/0.2.8/pc/5dd7b4560d0e2d3190e8.svg,Kab. Purbalingga,154 Terjual,,,"VIVO Y12S BARU GARANSI RESMI
Rp
3.040.000
5.0
154 Terjual
2-6 Hari
Kab. Purbalingga",https://shopee.co.id/VIVO-Y12S-BARU-GARANSI-RESMI-i.117122912.3467815618?extraParams=%7B%22display_model_id%22%3A52282973440%2C%22model_selection_logic%22%3A3%7D&sp_atk=5a927e22-0327-4571-bce2-02de621489d2&xptdk=5a927e22-0327-4571-bce2-02de621489d2,,,,,,
https://down-id.img.susercontent.com/file/id-11134207-7rbkd-m6bflatprv2u31,VIVO Y28 (6/128) (8/128) (8/256) Garansi resmi vivo indonesia,Rp,2.399.000,https://deo.shopeemobile.com/shopee/modules-federation/live/0/shopee__item-card-standard-v2/0.2.8/pc/d7099d3fd1dfdaf705ab.svg,5.0,https://deo.shopeemobile.com/shopee/modules-federation/live/0/shopee__item-card-standard-v2/0.2.8/pc/76dff349290d20891fc1.svg,,,https://deo.shopeemobile.com/shopee/modules-federation/live/0/shopee__item-card-standard-v2/0.2.8/pc/5dd7b4560d0e2d3190e8.svg,Surabaya,130 Terjual,,,"VIVO Y28 (6/128) (8/128) (8/256) Garansi resmi vivo indonesia
Rp
2.399.000
5.0
130 Terjual
3-6 Hari
Surabaya",https://shopee.co.id/VIVO-Y28-(6-128)-(8-128)-(8-256)-Garansi-resmi-vivo-indonesia-i.1427943897.29374727204?extraParams=%7B%22display_model_id%22%3A149018870052%2C%22model_selection_logic%22%3A3%7D&sp_atk=039098ef-8484-4140-aab1-48cb11ec70e1&xptdk=039098ef-8484-4140-aab1-48cb11ec70e1,,,,,,
https://down-id.img.susercontent.com/file/id-11134207-7ra0j-mda50vh67mwldd,Vivo Y18 6/128gb Bergaransi Resmi Vivo SeIndonesia,Rp,1.535.040,https://deo.shopeemobile.com/shopee/modules-federation/live/0/shopee__item-card-standard-v2/0.2.8/pc/d7099d3fd1dfdaf705ab.svg,5.0,https://deo.shopeemobile.com/shopee/modules-federation/live/0/shopee__item-card-standard-v2/0.2.8/pc/76dff349290d20891fc1.svg,,,https://deo.shopeemobile.com/shopee/modules-federation/live/0/shopee__item-card-standard-v2/0.2.8/pc/5dd7b4560d0e2d3190e8.svg,Surabaya,1 Terjual,-4%,,"Vivo Y18 6/128gb Bergaransi Resmi Vivo SeIndonesia
Rp
1.535.040
-4%
5.0
1 Terjual
2-5 Hari
Surabaya",https://shopee.co.id/Vivo-Y18-6-128gb-Bergaransi-Resmi-Vivo-SeIndonesia-i.195751597.42362283091?extraParams=%7B%22display_model_id%22%3A286027517694%2C%22model_selection_logic%22%3A3%7D&sp_atk=228c221e-70fc-4106-bea8-578e9a330c33&xptdk=228c221e-70fc-4106-bea8-578e9a330c33,,,,,,
https://down-id.img.susercontent.com/file/id-11134207-822wp-mmzl1t8cr2869c,"VIVO Y05 - VIVO Y19S Pro  6500mAh Flashcharge, 50MP AI Camera, IP64 Waterproof, Garansi Resmi",Rp,1.999.000,https://deo.shopeemobile.com/shopee/modules-federation/live/0/shopee__item-card-standard-v2/0.2.8/pc/d7099d3fd1dfdaf705ab.svg,5.0,https://deo.shopeemobile.com/shopee/modules-federation/live/0/shopee__item-card-standard-v2/0.2.8/pc/76dff349290d20891fc1.svg,,,https://deo.shopeemobile.com/shopee/modules-federation/live/0/shopee__item-card-standard-v2/0.2.8/pc/5dd7b4560d0e2d3190e8.svg,Kab. Bandung,43 Terjual,,,"VIVO Y05 - VIVO Y19S Pro 6500mAh Flashcharge, 50MP AI Camera, IP64 Waterproof, Garansi Resmi
Rp
1.999.000
5.0
43 Terjual
2-3 Hari
Kab. Bandung",https://shopee.co.id/VIVO-Y05-VIVO-Y19S-Pro-6500mAh-Flashcharge-50MP-AI-Camera-IP64-Waterproof-Garansi-Resmi-i.1162134443.25787910867?extraParams=%7B%22display_model_id%22%3A445773644460%2C%22model_selection_logic%22%3A3%7D&sp_atk=7599a10e-e261-468a-8221-1f8fab63c2b7&xptdk=7599a10e-e261-468a-8221-1f8fab63c2b7,,,,,,
https://down-id.img.susercontent.com/file/id-11134207-8224r-mgdlsp6tu1hl3a,Vivo Y21d Ram 4/128 6/128 8/128 6/256 | 6500 mAh | Tahan Banting | Tahan Air | Ungu & Hitam,Rp,2.399.000,https://deo.shopeemobile.com/shopee/modules-federation/live/0/shopee__item-card-standard-v2/0.2.8/pc/d7099d3fd1dfdaf705ab.svg,4.9,https://deo.shopeemobile.com/shopee/modules-federation/live/0/shopee__item-card-standard-v2/0.2.8/pc/38e203dc86172a6c6560.svg,https://deo.shopeemobile.com/shopee/modules-federation/live/0/shopee__item-card-standard-v2/0.2.8/pc/0614b8f0a8fdde22942d.svg,< 2 Hari,https://deo.shopeemobile.com/shopee/modules-federation/live/0/shopee__item-card-standard-v2/0.2.8/pc/5dd7b4560d0e2d3190e8.svg,Kab. Sidoarjo,79 Terjual,,,"Vivo Y21d Ram 4/128 6/128 8/128 6/256 | 6500 mAh | Tahan Banting | Tahan Air | Ungu & Hitam
Rp
2.399.000
4.9
79 Terjual
< 2 Hari
Kab. Sidoarjo",https://shopee.co.id/Vivo-Y21d-Ram-4-128-6-128-8-128-6-256-6500-mAh-Tahan-Banting-Tahan-Air-Ungu-Hitam-i.105988844.12330158780?extraParams=%7B%22display_model_id%22%3A350027956458%2C%22model_selection_logic%22%3A3%7D&sp_atk=4f879ca3-9d93-485b-9db1-214cc25cd753&xptdk=4f879ca3-9d93-485b-9db1-214cc25cd753,,,,,,
https://down-id.img.susercontent.com/file/id-11134207-82251-mhywloeykxdtff,VIVO Y19Spro Ram 4+4/128 ~ 6+6/128 GARANSI RESMI SELURUH INDONESIAN,Rp,1.799.000,https://deo.shopeemobile.com/shopee/modules-federation/live/0/shopee__item-card-standard-v2/0.2.8/pc/d7099d3fd1dfdaf705ab.svg,5.0,https://deo.shopeemobile.com/shopee/modules-federation/live/0/shopee__item-card-standard-v2/0.2.8/pc/76dff349290d20891fc1.svg,,,https://deo.shopeemobile.com/shopee/modules-federation/live/0/shopee__item-card-standard-v2/0.2.8/pc/5dd7b4560d0e2d3190e8.svg,Surabaya,2 Terjual,,,"VIVO Y19Spro Ram 4+4/128 ~ 6+6/128 GARANSI RESMI SELURUH INDONESIAN
Rp
1.799.000
5.0
2 Terjual
2-5 Hari
Surabaya",https://shopee.co.id/VIVO-Y19Spro-Ram-4-4-128-~-6-6-128-GARANSI-RESMI-SELURUH-INDONESIAN-i.1244627843.56002726988?extraParams=%7B%22display_model_id%22%3A292235358501%2C%22model_selection_logic%22%3A3%7D&sp_atk=d7d7644b-f728-4aa0-a9f9-0bed6ed6a37d&xptdk=d7d7644b-f728-4aa0-a9f9-0bed6ed6a37d,,,,,,
https://down-id.img.susercontent.com/file/id-11134207-82251-ml1v34tf1dz470,Vivo Y05 4/64GB | 4/128GB 6.74 inch Garansi Resmi,Rp,1.949.000,https://deo.shopeemobile.com/shopee/modules-federation/live/0/shopee__item-card-standard-v2/0.2.8/pc/d7099d3fd1dfdaf705ab.svg,5.0,https://deo.shopeemobile.com/shopee/modules-federation/live/0/shopee__item-card-standard-v2/0.2.8/pc/76dff349290d20891fc1.svg,,,https://deo.shopeemobile.com/shopee/modules-federation/live/0/shopee__item-card-standard-v2/0.2.8/pc/5dd7b4560d0e2d3190e8.svg,Balikpapan,7 Terjual,,,"Vivo Y05 4/64GB | 4/128GB 6.74 inch Garansi Resmi
Rp
1.949.000
5.0
7 Terjual
3-5 Hari
Balikpapan",https://shopee.co.id/Vivo-Y05-4-64GB-4-128GB-6.74-inch-Garansi-Resmi-i.147421658.56006345251?extraParams=%7B%22display_model_id%22%3A405572922635%2C%22model_selection_logic%22%3A3%7D&sp_atk=431781d0-7307-4d22-a845-065ab3f923fb&xptdk=431781d0-7307-4d22-a845-065ab3f923fb,,,,,,
https://down-id.img.susercontent.com/file/id-11134207-822wu-mnh5ifingagyf3,itel city 200 4/128 Like New (1559 Echo Silver),Rp,1.495.000,,,https://deo.shopeemobile.com/shopee/modules-federation/live/0/shopee__item-card-standard-v2/0.2.8/pc/76dff349290d20891fc1.svg,,,https://deo.shopeemobile.com/shopee/modules-federation/live/0/shopee__item-card-standard-v2/0.2.8/pc/5dd7b4560d0e2d3190e8.svg,Kediri,1 Terjual,,,"itel city 200 4/128 Like New (1559 Echo Silver)
Rp
1.495.000
1 Terjual
2-4 Hari
Kediri",https://shopee.co.id/itel-city-200-4-128-Like-New-(1559-Echo-Silver)-i.147840320.44060863187?extraParams=%7B%22display_model_id%22%3A275912887362%2C%22model_selection_logic%22%3A3%7D&sp_atk=f27d16aa-ae9e-4993-b635-798fb631d920&xptdk=f27d16aa-ae9e-4993-b635-798fb631d920,,,,,,
https://down-id.img.susercontent.com/file/4f55ad746441249c84e47813b4fff1a8,VIVO Y16 3/32 GARANSI RESMI 1 TAHUN,Rp,1.799.000,https://deo.shopeemobile.com/shopee/modules-federation/live/0/shopee__item-card-standard-v2/0.2.8/pc/d7099d3fd1dfdaf705ab.svg,4.9,https://deo.shopeemobile.com/shopee/modules-federation/live/0/shopee__item-card-standard-v2/0.2.8/pc/38e203dc86172a6c6560.svg,https://deo.shopeemobile.com/shopee/modules-federation/live/0/shopee__item-card-standard-v2/0.2.8/pc/0614b8f0a8fdde22942d.svg,< 2 Hari,https://deo.shopeemobile.com/shopee/modules-federation/live/0/shopee__item-card-standard-v2/0.2.8/pc/5dd7b4560d0e2d3190e8.svg,Surabaya,67 Terjual,,,"VIVO Y16 3/32 GARANSI RESMI 1 TAHUN
Rp
1.799.000
4.9
67 Terjual
< 2 Hari
Surabaya",https://shopee.co.id/VIVO-Y16-3-32-GARANSI-RESMI-1-TAHUN-i.234217844.19944651043?extraParams=%7B%22display_model_id%22%3A203979549264%2C%22model_selection_logic%22%3A3%7D&sp_atk=a4baf769-fb87-435f-8ba6-f1330ee2dcb0&xptdk=a4baf769-fb87-435f-8ba6-f1330ee2dcb0,,,,,,
https://down-id.img.susercontent.com/file/id-11134207-7ra0t-mb40jtjqb4ih50,VIVO V50 Lite 4g [8/128-8/256]Gb Garansi resmi Vivo Indonesia,Rp,3.599.000,https://deo.shopeemobile.com/shopee/modules-federation/live/0/shopee__item-card-standard-v2/0.2.8/pc/d7099d3fd1dfdaf705ab.svg,5.0,https://deo.shopeemobile.com/shopee/modules-federation/live/0/shopee__item-card-standard-v2/0.2.8/pc/76dff349290d20891fc1.svg,,,https://deo.shopeemobile.com/shopee/modules-federation/live/0/shopee__item-card-standard-v2/0.2.8/pc/5dd7b4560d0e2d3190e8.svg,Surabaya,4 Terjual,,,"VIVO V50 Lite 4g [8/128-8/256]Gb Garansi resmi Vivo Indonesia
Rp
3.599.000
5.0
4 Terjual
3 Hari
Surabaya",https://shopee.co.id/VIVO-V50-Lite-4g-8-128-8-256-Gb-Garansi-resmi-Vivo-Indonesia-i.410912814.43204887608?extraParams=%7B%22display_model_id%22%3A280413899973%2C%22model_selection_logic%22%3A3%7D&sp_atk=f7d32b8a-31fb-4253-b7d4-4b1241f0873d&xptdk=f7d32b8a-31fb-4253-b7d4-4b1241f0873d,,,,,,
https://down-id.img.susercontent.com/file/id-11134207-8224o-mi5hr0ppx2iqa1,"VIVO Y21D 4G [ 4/128GB, 6/128GB, 8/128GB ] GARANSI RESMI Vivo Indonesia, LANGSUNG KIRIM!!!",Rp,2.995.000,https://deo.shopeemobile.com/shopee/modules-federation/live/0/shopee__item-card-standard-v2/0.2.8/pc/d7099d3fd1dfdaf705ab.svg,5.0,https://deo.shopeemobile.com/shopee/modules-federation/live/0/shopee__item-card-standard-v2/0.2.8/pc/76dff349290d20891fc1.svg,,,https://deo.shopeemobile.com/shopee/modules-federation/live/0/shopee__item-card-standard-v2/0.2.8/pc/5dd7b4560d0e2d3190e8.svg,Kab. Kediri,11 Terjual,,,"VIVO Y21D 4G [ 4/128GB, 6/128GB, 8/128GB ] GARANSI RESMI Vivo Indonesia, LANGSUNG KIRIM!!!
Rp
2.995.000
5.0
11 Terjual
2-4 Hari
Kab. Kediri",https://shopee.co.id/VIVO-Y21D-4G-4-128GB-6-128GB-8-128GB-GARANSI-RESMI-Vivo-Indonesia-LANGSUNG-KIRIM!!!-i.59443466.21789432755?extraParams=%7B%22display_model_id%22%3A415287240434%2C%22model_selection_logic%22%3A3%7D&sp_atk=28643ebb-ac09-43a0-b248-2e44b0cfe63d&xptdk=28643ebb-ac09-43a0-b248-2e44b0cfe63d,,,,,,
https://down-id.img.susercontent.com/file/id-11134207-7ra0p-mcu4ajyv5pyt7c,VIVO Y04S 4+4/64GB & 4+4/128GB NEW PRODUK BNIB,Rp,1.900.000,https://deo.shopeemobile.com/shopee/modules-federation/live/0/shopee__item-card-standard-v2/0.2.8/pc/d7099d3fd1dfdaf705ab.svg,5.0,https://deo.shopeemobile.com/shopee/modules-federation/live/0/shopee__item-card-standard-v2/0.2.8/pc/38e203dc86172a6c6560.svg,https://deo.shopeemobile.com/shopee/modules-federation/live/0/shopee__item-card-standard-v2/0.2.8/pc/0614b8f0a8fdde22942d.svg,< 2 Hari,https://deo.shopeemobile.com/shopee/modules-federation/live/0/shopee__item-card-standard-v2/0.2.8/pc/5dd7b4560d0e2d3190e8.svg,Kab. Sidoarjo,2 Terjual,,,"VIVO Y04S 4+4/64GB & 4+4/128GB NEW PRODUK BNIB
Rp
1.900.000
5.0
2 Terjual
< 2 Hari
Kab. Sidoarjo",https://shopee.co.id/VIVO-Y04S-4-4-64GB-4-4-128GB-NEW-PRODUK-BNIB-i.138599462.25246188357?extraParams=%7B%22display_model_id%22%3A410078520152%2C%22model_selection_logic%22%3A3%7D&sp_atk=b6217ab0-f069-4b5d-a7b8-496b0bca414f&xptdk=b6217ab0-f069-4b5d-a7b8-496b0bca414f,,,,,,
https://down-id.img.susercontent.com/file/id-11134207-81zth-mfe6mdb6p3il4e,VIVO V40 5G SERIES  BERGARANSI VIVO INDONESIA,Rp,2.790.000,https://deo.shopeemobile.com/shopee/modules-federation/live/0/shopee__item-card-standard-v2/0.2.8/pc/d7099d3fd1dfdaf705ab.svg,5.0,https://deo.shopeemobile.com/shopee/modules-federation/live/0/shopee__item-card-standard-v2/0.2.8/pc/76dff349290d20891fc1.svg,,,https://deo.shopeemobile.com/shopee/modules-federation/live/0/shopee__item-card-standard-v2/0.2.8/pc/5dd7b4560d0e2d3190e8.svg,Surabaya,93 Terjual,-1%,https://deo.shopeemobile.com/shopee/modules-federation/live/0/shopee__item-card-standard-v2/0.2.8/pc/b4d1b8a78b3621dbdf4a.svg,"VIVO V40 5G SERIES BERGARANSI VIVO INDONESIA
Rp
2.790.000
-1%
5.0
93 Terjual
3 Hari
Surabaya",https://shopee.co.id/VIVO-V40-5G-SERIES-BERGARANSI-VIVO-INDONESIA-i.243507975.26512182268?extraParams=%7B%22display_model_id%22%3A248629299512%2C%22model_selection_logic%22%3A3%7D&sp_atk=70e6bd1c-ab9b-4521-b414-54d3f216e0df&xptdk=70e6bd1c-ab9b-4521-b414-54d3f216e0df,,,,,,
https://down-id.img.susercontent.com/file/id-11134207-8224q-mky30s4cwjrbb4,VIVO V60 LITE ORIGINAL BERGARANSI RESMI VIVO INDONESIA,Rp,3.995.000,https://deo.shopeemobile.com/shopee/modules-federation/live/0/shopee__item-card-standard-v2/0.2.8/pc/d7099d3fd1dfdaf705ab.svg,4.7,https://deo.shopeemobile.com/shopee/modules-federation/live/0/shopee__item-card-standard-v2/0.2.8/pc/76dff349290d20891fc1.svg,,,https://deo.shopeemobile.com/shopee/modules-federation/live/0/shopee__item-card-standard-v2/0.2.8/pc/5dd7b4560d0e2d3190e8.svg,Surabaya,104 Terjual,-15%,,"VIVO V60 LITE ORIGINAL BERGARANSI RESMI VIVO INDONESIA
Rp
3.995.000
-15%
4.7
104 Terjual
3 Hari
Surabaya",https://shopee.co.id/VIVO-V60-LITE-ORIGINAL-BERGARANSI-RESMI-VIVO-INDONESIA-i.220501664.23650623579?extraParams=%7B%22display_model_id%22%3A365783705448%2C%22model_selection_logic%22%3A3%7D&sp_atk=23cc2f11-ca72-44fa-a65a-6999422ca57d&xptdk=23cc2f11-ca72-44fa-a65a-6999422ca57d,,,,,,
https://down-id.img.susercontent.com/file/sg-11134201-7ra1k-mbe8k4cc4y5le9,VIVO Y29 8/256GB I 8/128GB I 6/128GB GARANSI RESMI IMEI TERDAFTAR,Rp,2.359.000,https://deo.shopeemobile.com/shopee/modules-federation/live/0/shopee__item-card-standard-v2/0.2.8/pc/d7099d3fd1dfdaf705ab.svg,5.0,https://deo.shopeemobile.com/shopee/modules-federation/live/0/shopee__item-card-standard-v2/0.2.8/pc/76dff349290d20891fc1.svg,,,https://deo.shopeemobile.com/shopee/modules-federation/live/0/shopee__item-card-standard-v2/0.2.8/pc/5dd7b4560d0e2d3190e8.svg,Jakarta Pusat,62 Terjual,,,"VIVO Y29 8/256GB I 8/128GB I 6/128GB GARANSI RESMI IMEI TERDAFTAR
Rp
2.359.000
5.0
62 Terjual
3 Hari
Jakarta Pusat",https://shopee.co.id/VIVO-Y29-8-256GB-I-8-128GB-I-6-128GB-GARANSI-RESMI-IMEI-TERDAFTAR-i.813663002.41805912095?extraParams=%7B%22display_model_id%22%3A290495794705%2C%22model_selection_logic%22%3A3%7D&sp_atk=ee4d66c5-7dc8-43f3-87ef-39ae7df8f842&xptdk=ee4d66c5-7dc8-43f3-87ef-39ae7df8f842,,,,,,
https://down-id.img.susercontent.com/file/id-11134207-822wm-mlet3jriwxlbe9,VIVO V70 5G 12/256GB ( +12GB Extended RAM ) Garansi Resmi VIVO V70 | VIVO V70 FE,Rp,6.499.000,https://deo.shopeemobile.com/shopee/modules-federation/live/0/shopee__item-card-standard-v2/0.2.8/pc/d7099d3fd1dfdaf705ab.svg,5.0,https://deo.shopeemobile.com/shopee/modules-federation/live/0/shopee__item-card-standard-v2/0.2.8/pc/76dff349290d20891fc1.svg,,,https://deo.shopeemobile.com/shopee/modules-federation/live/0/shopee__item-card-standard-v2/0.2.8/pc/5dd7b4560d0e2d3190e8.svg,Bekasi,2RB+ Terjual,,,"VIVO V70 5G 12/256GB ( +12GB Extended RAM ) Garansi Resmi VIVO V70 | VIVO V70 FE
Rp
6.499.000
5.0
2RB+ Terjual
3 Hari
Bekasi",https://shopee.co.id/VIVO-V70-5G-12-256GB-(-12GB-Extended-RAM-)-Garansi-Resmi-VIVO-V70-VIVO-V70-FE-i.227051022.55856309937?extraParams=%7B%22display_model_id%22%3A385602380777%2C%22model_selection_logic%22%3A3%7D&sp_atk=8afd6392-2f72-4061-ab4e-76d839e85b8f&xptdk=8afd6392-2f72-4061-ab4e-76d839e85b8f,,,,,,
https://down-id.img.susercontent.com/file/id-11134207-8224v-mgm19vs6mm8cc0,VIVO Y21d RAM 8GB+8GB Internal 128 GB / 256 GB - GARANSI RESMI 1 TAHUN,Rp,2.599.000,https://deo.shopeemobile.com/shopee/modules-federation/live/0/shopee__item-card-standard-v2/0.2.8/pc/d7099d3fd1dfdaf705ab.svg,5.0,https://deo.shopeemobile.com/shopee/modules-federation/live/0/shopee__item-card-standard-v2/0.2.8/pc/76dff349290d20891fc1.svg,,,https://deo.shopeemobile.com/shopee/modules-federation/live/0/shopee__item-card-standard-v2/0.2.8/pc/5dd7b4560d0e2d3190e8.svg,Banjarbaru,29 Terjual,,,"VIVO Y21d RAM 8GB+8GB Internal 128 GB / 256 GB - GARANSI RESMI 1 TAHUN
Rp
2.599.000
5.0
29 Terjual
4-8 Hari
Banjarbaru",https://shopee.co.id/VIVO-Y21d-RAM-8GB-8GB-Internal-128-GB-256-GB-GARANSI-RESMI-1-TAHUN-i.335961970.23669971657?extraParams=%7B%22display_model_id%22%3A415066088467%2C%22model_selection_logic%22%3A3%7D&sp_atk=2e939041-d0e2-42f0-a217-d3b5bf9d691a&xptdk=2e939041-d0e2-42f0-a217-d3b5bf9d691a,,,,,,
https://down-id.img.susercontent.com/file/id-11134207-7rasc-m4c3zrh02e9m25,VIVO V40 LITE 4G (8/128) (8/256) Garansi Resmi Indonesia,Rp,3.299.000,https://deo.shopeemobile.com/shopee/modules-federation/live/0/shopee__item-card-standard-v2/0.2.8/pc/d7099d3fd1dfdaf705ab.svg,4.9,https://deo.shopeemobile.com/shopee/modules-federation/live/0/shopee__item-card-standard-v2/0.2.8/pc/76dff349290d20891fc1.svg,,,https://deo.shopeemobile.com/shopee/modules-federation/live/0/shopee__item-card-standard-v2/0.2.8/pc/5dd7b4560d0e2d3190e8.svg,Surabaya,73 Terjual,,,"VIVO V40 LITE 4G (8/128) (8/256) Garansi Resmi Indonesia
Rp
3.299.000
4.9
73 Terjual
2-4 Hari
Surabaya",https://shopee.co.id/VIVO-V40-LITE-4G-(8-128)-(8-256)-Garansi-Resmi-Indonesia-i.866097274.24126216773?extraParams=%7B%22display_model_id%22%3A247363600458%2C%22model_selection_logic%22%3A3%7D&sp_atk=440ac7d8-7767-429e-b6e8-5adf6330cb7b&xptdk=440ac7d8-7767-429e-b6e8-5adf6330cb7b,,,,,,
https://down-id.img.susercontent.com/file/id-11134207-822wn-mmt16us4a49088,Vivo Y05 4/64 New Segel Garansi Resmi Original,Rp,1.854.000,,,https://deo.shopeemobile.com/shopee/modules-federation/live/0/shopee__item-card-standard-v2/0.2.8/pc/38e203dc86172a6c6560.svg,https://deo.shopeemobile.com/shopee/modules-federation/live/0/shopee__item-card-standard-v2/0.2.8/pc/0614b8f0a8fdde22942d.svg,Besok 12:00,https://deo.shopeemobile.com/shopee/modules-federation/live/0/shopee__item-card-standard-v2/0.2.8/pc/5dd7b4560d0e2d3190e8.svg,Surabaya,Besok 12:00,,,"Vivo Y05 4/64 New Segel Garansi Resmi Original
Rp
1.854.000
Besok 12:00
Surabaya",https://shopee.co.id/Vivo-Y05-4-64-New-Segel-Garansi-Resmi-Original-i.217264351.57558418032?extraParams=%7B%22display_model_id%22%3A325747829366%2C%22model_selection_logic%22%3A3%7D&sp_atk=10b1707c-ce3f-4387-9ec4-c1262916928f&xptdk=10b1707c-ce3f-4387-9ec4-c1262916928f,,,,,,
https://down-id.img.susercontent.com/file/id-11134207-822ws-mmcjszakkveoe3,HP VIVO Y03 RAM 8/256 GB KAMERA 13MP LAYAR 6.56 INCI ORIGINAL GARANSI 1 TAHUN,Rp,1.010.000,https://deo.shopeemobile.com/shopee/modules-federation/live/0/shopee__item-card-standard-v2/0.2.8/pc/d7099d3fd1dfdaf705ab.svg,5.0,https://deo.shopeemobile.com/shopee/modules-federation/live/0/shopee__item-card-standard-v2/0.2.8/pc/76dff349290d20891fc1.svg,,,https://deo.shopeemobile.com/shopee/modules-federation/live/0/shopee__item-card-standard-v2/0.2.8/pc/5dd7b4560d0e2d3190e8.svg,Kab. Tangerang,4 Terjual,-16%,,"HP VIVO Y03 RAM 8/256 GB KAMERA 13MP LAYAR 6.56 INCI ORIGINAL GARANSI 1 TAHUN
Rp
1.010.000
-16%
5.0
4 Terjual
3-6 Hari
Kab. Tangerang",https://shopee.co.id/HP-VIVO-Y03-RAM-8-256-GB-KAMERA-13MP-LAYAR-6.56-INCI-ORIGINAL-GARANSI-1-TAHUN-i.1693036506.54207827365?extraParams=%7B%22display_model_id%22%3A395695282893%2C%22model_selection_logic%22%3A3%7D&sp_atk=153ccf78-1e9a-4249-a9bc-2184af033489&xptdk=153ccf78-1e9a-4249-a9bc-2184af033489,,,,,,
https://down-id.img.susercontent.com/file/id-11134207-822wh-mmwvjnawpog47c,"Vivo V40 Lite AI Aura Light 80 Watt Flashcharge, 32MP Front Camera",Rp,3.408.999,https://deo.shopeemobile.com/shopee/modules-federation/live/0/shopee__item-card-standard-v2/0.2.8/pc/d7099d3fd1dfdaf705ab.svg,5.0,https://deo.shopeemobile.com/shopee/modules-federation/live/0/shopee__item-card-standard-v2/0.2.8/pc/76dff349290d20891fc1.svg,,,https://deo.shopeemobile.com/shopee/modules-federation/live/0/shopee__item-card-standard-v2/0.2.8/pc/5dd7b4560d0e2d3190e8.svg,Jakarta Barat,9 Terjual,-10%,,"Vivo V40 Lite AI Aura Light 80 Watt Flashcharge, 32MP Front Camera
Rp
3.408.999
-10%
5.0
9 Terjual
3-6 Hari
Jakarta Barat",https://shopee.co.id/Vivo-V40-Lite-AI-Aura-Light-80-Watt-Flashcharge-32MP-Front-Camera-i.1653771323.51658616243?extraParams=%7B%22display_model_id%22%3A380778967351%2C%22model_selection_logic%22%3A3%7D&sp_atk=bfa64231-a499-4012-80b3-0a43284514d4&xptdk=bfa64231-a499-4012-80b3-0a43284514d4,,,,,,
https://down-id.img.susercontent.com/file/id-11134207-822wl-mmcjzr69e68f53,HP VIVO Y66 RAM 4/64GB KAMERA 13MP LAYAR 5.5 INCI ORIGINAL GARANSI 1 TAHUN,Rp,510.000,https://deo.shopeemobile.com/shopee/modules-federation/live/0/shopee__item-card-standard-v2/0.2.8/pc/d7099d3fd1dfdaf705ab.svg,5.0,https://deo.shopeemobile.com/shopee/modules-federation/live/0/shopee__item-card-standard-v2/0.2.8/pc/76dff349290d20891fc1.svg,,,https://deo.shopeemobile.com/shopee/modules-federation/live/0/shopee__item-card-standard-v2/0.2.8/pc/5dd7b4560d0e2d3190e8.svg,Kab. Tangerang,4 Terjual,-15%,,"HP VIVO Y66 RAM 4/64GB KAMERA 13MP LAYAR 5.5 INCI ORIGINAL GARANSI 1 TAHUN
Rp
510.000
-15%
5.0
4 Terjual
3-6 Hari
Kab. Tangerang",https://shopee.co.id/HP-VIVO-Y66-RAM-4-64GB-KAMERA-13MP-LAYAR-5.5-INCI-ORIGINAL-GARANSI-1-TAHUN-i.1693036506.52907814020?extraParams=%7B%22display_model_id%22%3A325695288077%2C%22model_selection_logic%22%3A3%7D&sp_atk=2e68c4d1-8eaf-41cc-9f4f-cd70e57d146e&xptdk=2e68c4d1-8eaf-41cc-9f4f-cd70e57d146e,,,,,,
https://down-id.img.susercontent.com/file/id-11134207-822wt-mn6n0sif8ttub6,[NEW LAUNCH] vivo Y31D Pro  (6/128) (8/128) (8/826) - BNIB Garansi Resmi Snapdragon 685 Baterai 7000mAh Fast Charging 90W Layar 120Hz Kamera 50MP IP68/IP69,Rp,4.120.000,,,https://deo.shopeemobile.com/shopee/modules-federation/live/0/shopee__item-card-standard-v2/0.2.8/pc/38e203dc86172a6c6560.svg,https://deo.shopeemobile.com/shopee/modules-federation/live/0/shopee__item-card-standard-v2/0.2.8/pc/0614b8f0a8fdde22942d.svg,< 2 Hari,https://deo.shopeemobile.com/shopee/modules-federation/live/0/shopee__item-card-standard-v2/0.2.8/pc/5dd7b4560d0e2d3190e8.svg,Surabaya,< 2 Hari,-4%,,"[NEW LAUNCH] vivo Y31D Pro (6/128) (8/128) (8/826) - BNIB Garansi Resmi Snapdragon 685 Baterai 7000mAh Fast Charging 90W Layar 120Hz Kamera 50MP IP68/IP69
Rp
4.120.000
-4%
< 2 Hari
Surabaya",https://shopee.co.id/-NEW-LAUNCH-vivo-Y31D-Pro-(6-128)-(8-128)-(8-826)-BNIB-Garansi-Resmi-Snapdragon-685-Baterai-7000mAh-Fast-Charging-90W-Layar-120Hz-Kamera-50MP-IP68-IP69-i.1495372513.54108286637?extraParams=%7B%22display_model_id%22%3A365735289539%2C%22model_selection_logic%22%3A3%7D&sp_atk=12961d6b-90f5-49e9-8e00-023d1c5f6f7d&xptdk=12961d6b-90f5-49e9-8e00-023d1c5f6f7d,,,,,,
https://down-id.img.susercontent.com/file/id-11134207-8224s-ml4lvrkrf66nb6,VIVO V29 8/128 GARANSI RESMI INDONESIA.,Rp,2.395.000,,,https://deo.shopeemobile.com/shopee/modules-federation/live/0/shopee__item-card-standard-v2/0.2.8/pc/76dff349290d20891fc1.svg,,,https://deo.shopeemobile.com/shopee/modules-federation/live/0/shopee__item-card-standard-v2/0.2.8/pc/5dd7b4560d0e2d3190e8.svg,Surabaya,3 Hari,,,"VIVO V29 8/128 GARANSI RESMI INDONESIA.
Rp
2.395.000
3 Hari
Surabaya",https://shopee.co.id/VIVO-V29-8-128-GARANSI-RESMI-INDONESIA.-i.1654541848.44606445021?extraParams=%7B%22display_model_id%22%3A400578769582%2C%22model_selection_logic%22%3A3%7D&sp_atk=3214831a-3a3a-4291-b2bb-e22704c53051&xptdk=3214831a-3a3a-4291-b2bb-e22704c53051,,,,,,
https://down-id.img.susercontent.com/file/id-11134207-822wk-mmtr4rzqkgso3b,"Vivo Y05 4/64GB | 4/128GB 6.74"" LCD Garansi Resmi",Rp,1.968.000,,,https://deo.shopeemobile.com/shopee/modules-federation/live/0/shopee__item-card-standard-v2/0.2.8/pc/76dff349290d20891fc1.svg,,,https://deo.shopeemobile.com/shopee/modules-federation/live/0/shopee__item-card-standard-v2/0.2.8/pc/5dd7b4560d0e2d3190e8.svg,Jakarta Pusat,3 Hari,-34%,,"Vivo Y05 4/64GB | 4/128GB 6.74"" LCD Garansi Resmi
Rp
1.968.000
-34%
3 Hari
Jakarta Pusat",https://shopee.co.id/Vivo-Y05-4-64GB-4-128GB-6.74-LCD-Garansi-Resmi-i.1648296247.47158478541?extraParams=%7B%22display_model_id%22%3A315751776460%2C%22model_selection_logic%22%3A3%7D&sp_atk=b353996a-abd1-4cbb-8a17-b6bf1388dcf6&xptdk=b353996a-abd1-4cbb-8a17-b6bf1388dcf6,https://down-id.img.susercontent.com/file/id-11134258-822ws-mnciva8io4qu2f,https://deo.shopeemobile.com/shopee/modules-federation/live/0/shopee__item-card-standard-v2/0.2.8/pc/7c9110f78e069acbced7.png,,,,
https://down-id.img.susercontent.com/file/id-11134207-7ras9-m114jivgjyq46d,VIVO V40 Lite Ram 8/128Gb-8/256Gb Garansi Resmi 100% Original,Rp,3.099.000,https://deo.shopeemobile.com/shopee/modules-federation/live/0/shopee__item-card-standard-v2/0.2.8/pc/d7099d3fd1dfdaf705ab.svg,,https://deo.shopeemobile.com/shopee/modules-federation/live/0/shopee__item-card-standard-v2/0.2.8/pc/38e203dc86172a6c6560.svg,https://deo.shopeemobile.com/shopee/modules-federation/live/0/shopee__item-card-standard-v2/0.2.8/pc/0614b8f0a8fdde22942d.svg,< 2 Hari,https://deo.shopeemobile.com/shopee/modules-federation/live/0/shopee__item-card-standard-v2/0.2.8/pc/5dd7b4560d0e2d3190e8.svg,Surabaya,34 Terjual,,,"VIVO V40 Lite Ram 8/128Gb-8/256Gb Garansi Resmi 100% Original
Rp
3.099.000
4.9
34 Terjual
< 2 Hari
Surabaya",https://shopee.co.id/VIVO-V40-Lite-Ram-8-128Gb-8-256Gb-Garansi-Resmi-100-Original-i.410912814.29663370931?extraParams=%7B%22display_model_id%22%3A215442467211%2C%22model_selection_logic%22%3A3%7D&sp_atk=1a331000-0c44-4fcf-b45a-48b9de5105af&xptdk=1a331000-0c44-4fcf-b45a-48b9de5105af,https://down-id.img.susercontent.com/file/id-11134258-8224v-mkvw0cu9r7k1a5,https://deo.shopeemobile.com/shopee/modules-federation/live/0/shopee__item-card-standard-v2/0.2.8/pc/a425c915798471b33e5d.png,https://deo.shopeemobile.com/shopee/modules-federation/live/0/shopee__item-card-standard-v2/0.2.8/pc/d2a1900a0267d45fd0f5.png,4.9,,
https://down-id.img.susercontent.com/file/id-11134207-8224q-mg1uhbl6qgi7ab,VIVO Y21D Ram 4+4/128GB 6+6/128GB 6+6/256GB 8+8/128GB Garansi Resmi 12 Bulan,Rp,2.430.000,https://deo.shopeemobile.com/shopee/modules-federation/live/0/shopee__item-card-standard-v2/0.2.8/pc/d7099d3fd1dfdaf705ab.svg,,https://deo.shopeemobile.com/shopee/modules-federation/live/0/shopee__item-card-standard-v2/0.2.8/pc/76dff349290d20891fc1.svg,,,https://deo.shopeemobile.com/shopee/modules-federation/live/0/shopee__item-card-standard-v2/0.2.8/pc/5dd7b4560d0e2d3190e8.svg,Pontianak,60 Terjual,,,"VIVO Y21D Ram 4+4/128GB 6+6/128GB 6+6/256GB 8+8/128GB Garansi Resmi 12 Bulan
Rp
2.430.000
5.0
60 Terjual
3 Hari
Pontianak",https://shopee.co.id/VIVO-Y21D-Ram-4-4-128GB-6-6-128GB-6-6-256GB-8-8-128GB-Garansi-Resmi-12-Bulan-i.283479061.28393191167?extraParams=%7B%22display_model_id%22%3A282036504719%2C%22model_selection_logic%22%3A3%7D&sp_atk=64ffd99e-8ed0-418c-8772-5892b087127d&xptdk=64ffd99e-8ed0-418c-8772-5892b087127d,https://down-id.img.susercontent.com/file/id-11134258-8224v-mkvw0cu9r7k1a5,https://deo.shopeemobile.com/shopee/modules-federation/live/0/shopee__item-card-standard-v2/0.2.8/pc/e4734dab67ee2f9ebd5a.png,,5.0,,
https://down-id.img.susercontent.com/file/id-11134207-822wm-mlg6kl9aklj9db,Vivo Y05 [4/64 GB] [4/128 GB] Garansi Resmi Indonesia,Rp,1.919.000,https://deo.shopeemobile.com/shopee/modules-federation/live/0/shopee__item-card-standard-v2/0.2.8/pc/d7099d3fd1dfdaf705ab.svg,,https://deo.shopeemobile.com/shopee/modules-federation/live/0/shopee__item-card-standard-v2/0.2.8/pc/76dff349290d20891fc1.svg,,,https://deo.shopeemobile.com/shopee/modules-federation/live/0/shopee__item-card-standard-v2/0.2.8/pc/5dd7b4560d0e2d3190e8.svg,Jakarta Barat,54 Terjual,-23%,,"Vivo Y05 [4/64 GB] [4/128 GB] Garansi Resmi Indonesia
Rp
1.919.000
-23%
5.0
54 Terjual
3 Hari
Jakarta Barat",https://shopee.co.id/Vivo-Y05-4-64-GB-4-128-GB-Garansi-Resmi-Indonesia-i.44874627.47756803771?extraParams=%7B%22display_model_id%22%3A425617362284%2C%22model_selection_logic%22%3A3%7D&sp_atk=2a96c218-8779-4ddf-b6d8-85e861700be8&xptdk=2a96c218-8779-4ddf-b6d8-85e861700be8,https://down-id.img.susercontent.com/file/id-11134258-822ws-mnciva8io4qu2f,https://deo.shopeemobile.com/shopee/modules-federation/live/0/shopee__item-card-standard-v2/0.2.8/pc/e4734dab67ee2f9ebd5a.png,,5.0,,
https://down-id.img.susercontent.com/file/id-11134207-7rasm-m0x3auut08vt83,VIVO V40 Lite 4G 8/128GB | 8/256GB NEW GARANSI RESMI VIVO INDONESIA,Rp,3.099.000,https://deo.shopeemobile.com/shopee/modules-federation/live/0/shopee__item-card-standard-v2/0.2.8/pc/d7099d3fd1dfdaf705ab.svg,,https://deo.shopeemobile.com/shopee/modules-federation/live/0/shopee__item-card-standard-v2/0.2.8/pc/76dff349290d20891fc1.svg,,,https://deo.shopeemobile.com/shopee/modules-federation/live/0/shopee__item-card-standard-v2/0.2.8/pc/5dd7b4560d0e2d3190e8.svg,Jakarta Utara,71 Terjual,,,"VIVO V40 Lite 4G 8/128GB | 8/256GB NEW GARANSI RESMI VIVO INDONESIA
Rp
3.099.000
4.9
71 Terjual
3-5 Hari
Jakarta Utara",https://shopee.co.id/VIVO-V40-Lite-4G-8-128GB-8-256GB-NEW-GARANSI-RESMI-VIVO-INDONESIA-i.51800119.29563028296?extraParams=%7B%22display_model_id%22%3A205435815371%2C%22model_selection_logic%22%3A3%7D&sp_atk=e34d0dea-0805-4608-ba6a-ea899c50502d&xptdk=e34d0dea-0805-4608-ba6a-ea899c50502d,https://down-id.img.susercontent.com/file/id-11134258-8224v-mkvw0cu9r7k1a5,https://deo.shopeemobile.com/shopee/modules-federation/live/0/shopee__item-card-standard-v2/0.2.8/pc/e4734dab67ee2f9ebd5a.png,,4.9,,
https://down-id.img.susercontent.com/file/id-11134207-822wk-mmckytukxk3o46,HP VIVO Y51S RAM 12/512 GB KAMERA 48 MP LAYAR 6.53 INCI ORIGINAL GARANSI 1 TAHUN,Rp,1.100.000,https://deo.shopeemobile.com/shopee/modules-federation/live/0/shopee__item-card-standard-v2/0.2.8/pc/d7099d3fd1dfdaf705ab.svg,,https://deo.shopeemobile.com/shopee/modules-federation/live/0/shopee__item-card-standard-v2/0.2.8/pc/76dff349290d20891fc1.svg,,,https://deo.shopeemobile.com/shopee/modules-federation/live/0/shopee__item-card-standard-v2/0.2.8/pc/5dd7b4560d0e2d3190e8.svg,Kab. Tangerang,7 Terjual,-15%,,"HP VIVO Y51S RAM 12/512 GB KAMERA 48 MP LAYAR 6.53 INCI ORIGINAL GARANSI 1 TAHUN
Rp
1.100.000
-15%
5.0
7 Terjual
3-6 Hari
Kab. Tangerang",https://shopee.co.id/HP-VIVO-Y51S-RAM-12-512-GB-KAMERA-48-MP-LAYAR-6.53-INCI-ORIGINAL-GARANSI-1-TAHUN-i.1693036506.52207818476?extraParams=%7B%22display_model_id%22%3A330695357016%2C%22model_selection_logic%22%3A3%7D&sp_atk=53b07201-33a9-448c-8436-052e6905dad9&xptdk=53b07201-33a9-448c-8436-052e6905dad9,https://down-id.img.susercontent.com/file/id-11134258-7r98w-lyezzaurybot13,,https://deo.shopeemobile.com/shopee/modules-federation/live/0/shopee__item-card-standard-v2/0.2.8/pc/d2a1900a0267d45fd0f5.png,5.0,,
https://down-id.img.susercontent.com/file/id-11134207-7r98p-luzxguqfxs1g36,VIVO V30E 5G 8/128GB | 8/256GB GARANSI RESMI VIVO INDONESIA,Rp,3.299.000,https://deo.shopeemobile.com/shopee/modules-federation/live/0/shopee__item-card-standard-v2/0.2.8/pc/d7099d3fd1dfdaf705ab.svg,,https://deo.shopeemobile.com/shopee/modules-federation/live/0/shopee__item-card-standard-v2/0.2.8/pc/76dff349290d20891fc1.svg,,,https://deo.shopeemobile.com/shopee/modules-federation/live/0/shopee__item-card-standard-v2/0.2.8/pc/5dd7b4560d0e2d3190e8.svg,Jakarta Utara,154 Terjual,,,"VIVO V30E 5G 8/128GB | 8/256GB GARANSI RESMI VIVO INDONESIA
Rp
3.299.000
5.0
154 Terjual
3-5 Hari
Jakarta Utara",https://shopee.co.id/VIVO-V30E-5G-8-128GB-8-256GB-GARANSI-RESMI-VIVO-INDONESIA-i.51800119.17305454832?extraParams=%7B%22display_model_id%22%3A245781443132%2C%22model_selection_logic%22%3A3%7D&sp_atk=73bb02ba-04a7-4221-be98-ba4087ec6b33&xptdk=73bb02ba-04a7-4221-be98-ba4087ec6b33,https://down-id.img.susercontent.com/file/id-11134258-8224v-mkvw0cu9r7k1a5,https://deo.shopeemobile.com/shopee/modules-federation/live/0/shopee__item-card-standard-v2/0.2.8/pc/e4734dab67ee2f9ebd5a.png,,5.0,,
https://down-id.img.susercontent.com/file/id-11134207-7rase-m1j99z5zbqd75c,Vivo V40lite 4G Ram 8/128-8/256Gb Garansi resmi 100% Original,Rp,2.850.000,https://deo.shopeemobile.com/shopee/modules-federation/live/0/shopee__item-card-standard-v2/0.2.8/pc/d7099d3fd1dfdaf705ab.svg,,https://deo.shopeemobile.com/shopee/modules-federation/live/0/shopee__item-card-standard-v2/0.2.8/pc/38e203dc86172a6c6560.svg,https://deo.shopeemobile.com/shopee/modules-federation/live/0/shopee__item-card-standard-v2/0.2.8/pc/0614b8f0a8fdde22942d.svg,< 2 Hari,https://deo.shopeemobile.com/shopee/modules-federation/live/0/shopee__item-card-standard-v2/0.2.8/pc/5dd7b4560d0e2d3190e8.svg,Surabaya,48 Terjual,,,"Vivo V40lite 4G Ram 8/128-8/256Gb Garansi resmi 100% Original
Rp
2.850.000
5.0
48 Terjual
< 2 Hari
Surabaya",https://shopee.co.id/Vivo-V40lite-4G-Ram-8-128-8-256Gb-Garansi-resmi-100-Original-i.231049776.29964567507?extraParams=%7B%22display_model_id%22%3A158839480143%2C%22model_selection_logic%22%3A3%7D&sp_atk=a1cb721a-08d2-4bd4-a4c8-dc4f0e137858&xptdk=a1cb721a-08d2-4bd4-a4c8-dc4f0e137858,https://down-id.img.susercontent.com/file/id-11134258-8224v-mkvw0cu9r7k1a5,https://deo.shopeemobile.com/shopee/modules-federation/live/0/shopee__item-card-standard-v2/0.2.8/pc/e4734dab67ee2f9ebd5a.png,https://deo.shopeemobile.com/shopee/modules-federation/live/0/shopee__item-card-standard-v2/0.2.8/pc/d2a1900a0267d45fd0f5.png,5.0,,
https://down-id.img.susercontent.com/file/id-11134207-8224q-mk4otjrtgw7829,Vivo Y19s Pro 128GB Resmi Indonesia Original Termurah.,Rp,1.349.999,https://deo.shopeemobile.com/shopee/modules-federation/live/0/shopee__item-card-standard-v2/0.2.8/pc/d7099d3fd1dfdaf705ab.svg,,https://deo.shopeemobile.com/shopee/modules-federation/live/0/shopee__item-card-standard-v2/0.2.8/pc/76dff349290d20891fc1.svg,,,https://deo.shopeemobile.com/shopee/modules-federation/live/0/shopee__item-card-standard-v2/0.2.8/pc/5dd7b4560d0e2d3190e8.svg,Bandung,3 Terjual,,,"Vivo Y19s Pro 128GB Resmi Indonesia Original Termurah.
Rp
1.349.999
5.0
3 Terjual
3-6 Hari
Bandung",https://shopee.co.id/Vivo-Y19s-Pro-128GB-Resmi-Indonesia-Original-Termurah.-i.1418109676.45901128737?extraParams=%7B%22display_model_id%22%3A340100413042%2C%22model_selection_logic%22%3A3%7D&sp_atk=cf7c331e-6924-442d-9385-31d6a4991d39&xptdk=cf7c331e-6924-442d-9385-31d6a4991d39,https://down-id.img.susercontent.com/file/id-11134258-8224v-mkvw0cu9r7k1a5,https://deo.shopeemobile.com/shopee/modules-federation/live/0/shopee__item-card-standard-v2/0.2.8/pc/e4734dab67ee2f9ebd5a.png,https://deo.shopeemobile.com/shopee/modules-federation/live/0/shopee__item-card-standard-v2/0.2.8/pc/d2a1900a0267d45fd0f5.png,5.0,,
https://down-id.img.susercontent.com/file/id-11134207-8224x-mk72tikjrwg036,vivo V60 Lite 5G 12/512GB ( +12GB Extended RAM ) - BNIB Garansi Resmi vivo Indonesia,Rp,5.165.000,https://deo.shopeemobile.com/shopee/modules-federation/live/0/shopee__item-card-standard-v2/0.2.8/pc/d7099d3fd1dfdaf705ab.svg,,https://deo.shopeemobile.com/shopee/modules-federation/live/0/shopee__item-card-standard-v2/0.2.8/pc/38e203dc86172a6c6560.svg,https://deo.shopeemobile.com/shopee/modules-federation/live/0/shopee__item-card-standard-v2/0.2.8/pc/0614b8f0a8fdde22942d.svg,< 2 Hari,https://deo.shopeemobile.com/shopee/modules-federation/live/0/shopee__item-card-standard-v2/0.2.8/pc/5dd7b4560d0e2d3190e8.svg,Surabaya,155 Terjual,-3%,https://deo.shopeemobile.com/shopee/modules-federation/live/0/shopee__item-card-standard-v2/0.2.8/pc/b4d1b8a78b3621dbdf4a.svg,"vivo V60 Lite 5G 12/512GB ( +12GB Extended RAM ) - BNIB Garansi Resmi vivo Indonesia
Rp
5.165.000
-3%
4.9
155 Terjual
< 2 Hari
Surabaya",https://shopee.co.id/vivo-V60-Lite-5G-12-512GB-(-12GB-Extended-RAM-)-BNIB-Garansi-Resmi-vivo-Indonesia-i.1326244242.40173107745?extraParams=%7B%22display_model_id%22%3A360399495476%2C%22model_selection_logic%22%3A3%7D&sp_atk=755f7801-e8d3-43ff-a386-e5e06729d28a&xptdk=755f7801-e8d3-43ff-a386-e5e06729d28a,https://down-id.img.susercontent.com/file/id-11134258-822wr-mlx67rtd6r602f,https://deo.shopeemobile.com/shopee/modules-federation/live/0/shopee__item-card-standard-v2/0.2.8/pc/e4734dab67ee2f9ebd5a.png,https://deo.shopeemobile.com/shopee/modules-federation/live/0/shopee__item-card-standard-v2/0.2.8/pc/d2a1900a0267d45fd0f5.png,4.9,,
https://down-id.img.susercontent.com/file/id-11134207-81ztl-mfbtrbu4p1jj80,VIVO V60 LITE {8GB/256GB} GARANSI RESMI VIVO INDONESIA,Rp,4.399.000,https://deo.shopeemobile.com/shopee/modules-federation/live/0/shopee__item-card-standard-v2/0.2.8/pc/d7099d3fd1dfdaf705ab.svg,,https://deo.shopeemobile.com/shopee/modules-federation/live/0/shopee__item-card-standard-v2/0.2.8/pc/76dff349290d20891fc1.svg,,Cashback 99%,https://deo.shopeemobile.com/shopee/modules-federation/live/0/shopee__item-card-standard-v2/0.2.8/pc/5dd7b4560d0e2d3190e8.svg,Surabaya,139 Terjual,-2%,,"VIVO V60 LITE {8GB/256GB} GARANSI RESMI VIVO INDONESIA
Rp
4.399.000
-2%
Cashback 99%
5.0
139 Terjual
2-4 Hari
Surabaya",https://shopee.co.id/VIVO-V60-LITE-8GB-256GB-GARANSI-RESMI-VIVO-INDONESIA-i.498628876.27958846727?extraParams=%7B%22display_model_id%22%3A320648795317%2C%22model_selection_logic%22%3A3%7D&sp_atk=d8300712-3a78-4a9d-8b6a-75b2e0e81a8d&xptdk=d8300712-3a78-4a9d-8b6a-75b2e0e81a8d,https://down-id.img.susercontent.com/file/id-11134258-8224v-mkvw0cu9r7k1a5,https://deo.shopeemobile.com/shopee/modules-federation/live/0/shopee__item-card-standard-v2/0.2.8/pc/e4734dab67ee2f9ebd5a.png,,5.0,,
https://down-id.img.susercontent.com/file/id-11134207-822wj-mlr97brljqxbf6,Vivo V70 FE 5G [12/512GB] [8/256GB] Garansi Resmi Vivo Indonesia,Rp,4.799.000,https://deo.shopeemobile.com/shopee/modules-federation/live/0/shopee__item-card-standard-v2/0.2.8/pc/d7099d3fd1dfdaf705ab.svg,,https://deo.shopeemobile.com/shopee/modules-federation/live/0/shopee__item-card-standard-v2/0.2.8/pc/76dff349290d20891fc1.svg,,,https://deo.shopeemobile.com/shopee/modules-federation/live/0/shopee__item-card-standard-v2/0.2.8/pc/5dd7b4560d0e2d3190e8.svg,Palembang,105 Terjual,,,"Vivo V70 FE 5G [12/512GB] [8/256GB] Garansi Resmi Vivo Indonesia
Rp
4.799.000
4.9
105 Terjual
3 Hari
Palembang",https://shopee.co.id/Vivo-V70-FE-5G-12-512GB-8-256GB-Garansi-Resmi-Vivo-Indonesia-i.133736627.22579495697?extraParams=%7B%22display_model_id%22%3A355758104879%2C%22model_selection_logic%22%3A3%7D&sp_atk=23bdc03f-7d6b-4e4b-b8a1-37b3c9c5e4b5&xptdk=23bdc03f-7d6b-4e4b-b8a1-37b3c9c5e4b5,https://down-id.img.susercontent.com/file/id-11134258-8224v-mkvw0cu9r7k1a5,https://deo.shopeemobile.com/shopee/modules-federation/live/0/shopee__item-card-standard-v2/0.2.8/pc/e4734dab67ee2f9ebd5a.png,https://deo.shopeemobile.com/shopee/modules-federation/live/0/shopee__item-card-standard-v2/0.2.8/pc/d2a1900a0267d45fd0f5.png,4.9,,
https://down-id.img.susercontent.com/file/id-11134207-7rasg-m4zp8x5o2bkmaf,Vivo V40 Lite 4G | 5G Ram 8/128GB | Ram 8/256GB I Ram 12/512 Segel Original & Bergaransi Resmi,Rp,2.756.550,https://deo.shopeemobile.com/shopee/modules-federation/live/0/shopee__item-card-standard-v2/0.2.8/pc/d7099d3fd1dfdaf705ab.svg,,https://deo.shopeemobile.com/shopee/modules-federation/live/0/shopee__item-card-standard-v2/0.2.8/pc/76dff349290d20891fc1.svg,,,https://deo.shopeemobile.com/shopee/modules-federation/live/0/shopee__item-card-standard-v2/0.2.8/pc/5dd7b4560d0e2d3190e8.svg,Surabaya,373 Terjual,-23%,,"Vivo V40 Lite 4G | 5G Ram 8/128GB | Ram 8/256GB I Ram 12/512 Segel Original & Bergaransi Resmi
Rp
2.756.550
-23%
4.8
373 Terjual
2-4 Hari
Surabaya",https://shopee.co.id/Vivo-V40-Lite-4G-5G-Ram-8-128GB-Ram-8-256GB-I-Ram-12-512-Segel-Original-Bergaransi-Resmi-i.233982802.26713969790?extraParams=%7B%22display_model_id%22%3A258473105284%2C%22model_selection_logic%22%3A3%7D&sp_atk=8420a21d-7590-40bf-93f4-68cb1862eeb1&xptdk=8420a21d-7590-40bf-93f4-68cb1862eeb1,https://down-id.img.susercontent.com/file/id-11134258-822wr-mlx5y0tebegw04,https://deo.shopeemobile.com/shopee/modules-federation/live/0/shopee__item-card-standard-v2/0.2.8/pc/e4734dab67ee2f9ebd5a.png,,4.8,,
https://down-id.img.susercontent.com/file/id-11134207-7qul1-lk515ryf5exk0a,Vivo Y36 4G | 5G Ram 8 Rom 256GB,Rp,1.999.989,https://deo.shopeemobile.com/shopee/modules-federation/live/0/shopee__item-card-standard-v2/0.2.8/pc/d7099d3fd1dfdaf705ab.svg,,https://deo.shopeemobile.com/shopee/modules-federation/live/0/shopee__item-card-standard-v2/0.2.8/pc/76dff349290d20891fc1.svg,,,https://deo.shopeemobile.com/shopee/modules-federation/live/0/shopee__item-card-standard-v2/0.2.8/pc/5dd7b4560d0e2d3190e8.svg,Surabaya,77 Terjual,-35%,,"Vivo Y36 4G | 5G Ram 8 Rom 256GB
Rp
1.999.989
-35%
4.8
77 Terjual
2-4 Hari
Surabaya",https://shopee.co.id/Vivo-Y36-4G-5G-Ram-8-Rom-256GB-i.433115955.20082654718?extraParams=%7B%22display_model_id%22%3A176148777004%2C%22model_selection_logic%22%3A3%7D&sp_atk=1a8475e1-0489-49f3-acde-6e50c854d102&xptdk=1a8475e1-0489-49f3-acde-6e50c854d102,https://down-id.img.susercontent.com/file/id-11134258-822wr-mlx5y0tebegw04,https://deo.shopeemobile.com/shopee/modules-federation/live/0/shopee__item-card-standard-v2/0.2.8/pc/e4734dab67ee2f9ebd5a.png,,4.8,,
https://down-id.img.susercontent.com/file/id-11134207-822ws-mmmoid58n4036c,VIVO Y21D 4/128 | 6/128 | 8/128 | 6/256 Garansi Resmi Vivo,Rp,2.435.000,https://deo.shopeemobile.com/shopee/modules-federation/live/0/shopee__item-card-standard-v2/0.2.8/pc/d7099d3fd1dfdaf705ab.svg,,https://deo.shopeemobile.com/shopee/modules-federation/live/0/shopee__item-card-standard-v2/0.2.8/pc/76dff349290d20891fc1.svg,,,https://deo.shopeemobile.com/shopee/modules-federation/live/0/shopee__item-card-standard-v2/0.2.8/pc/5dd7b4560d0e2d3190e8.svg,Makassar,56 Terjual,,,"VIVO Y21D 4/128 | 6/128 | 8/128 | 6/256 Garansi Resmi Vivo
Rp
2.435.000
5.0
56 Terjual
3 Hari
Makassar",https://shopee.co.id/VIVO-Y21D-4-128-6-128-8-128-6-256-Garansi-Resmi-Vivo-i.855917122.41725427781?extraParams=%7B%22display_model_id%22%3A277061868680%2C%22model_selection_logic%22%3A3%7D&sp_atk=63999bae-f99f-4552-b7e1-406b853fb35f&xptdk=63999bae-f99f-4552-b7e1-406b853fb35f,https://down-id.img.susercontent.com/file/id-11134258-822ws-mnciva8io4qu2f,https://deo.shopeemobile.com/shopee/modules-federation/live/0/shopee__item-card-standard-v2/0.2.8/pc/e4734dab67ee2f9ebd5a.png,,5.0,,
https://down-id.img.susercontent.com/file/sg-11134201-824ga-mfowy0b84t1na7,Vivo V60 Lite 4G 8/256GB [Garansi Resmi Vivo],Rp,5.564.000,https://deo.shopeemobile.com/shopee/modules-federation/live/0/shopee__item-card-standard-v2/0.2.8/pc/d7099d3fd1dfdaf705ab.svg,,https://deo.shopeemobile.com/shopee/modules-federation/live/0/shopee__item-card-standard-v2/0.2.8/pc/38e203dc86172a6c6560.svg,https://deo.shopeemobile.com/shopee/modules-federation/live/0/shopee__item-card-standard-v2/0.2.8/pc/0614b8f0a8fdde22942d.svg,< 2 Hari,https://deo.shopeemobile.com/shopee/modules-federation/live/0/shopee__item-card-standard-v2/0.2.8/pc/5dd7b4560d0e2d3190e8.svg,Kab. Mojokerto,57 Terjual,,,"Vivo V60 Lite 4G 8/256GB [Garansi Resmi Vivo]
Rp
5.564.000
4.9
57 Terjual
< 2 Hari
Kab. Mojokerto",https://shopee.co.id/Vivo-V60-Lite-4G-8-256GB-Garansi-Resmi-Vivo--i.136745204.41423615327?extraParams=%7B%22display_model_id%22%3A301919058423%2C%22model_selection_logic%22%3A3%7D&sp_atk=fcf63fdf-01d4-477c-84ff-73c1483a0054&xptdk=fcf63fdf-01d4-477c-84ff-73c1483a0054,https://down-id.img.susercontent.com/file/id-11134258-8224v-mkvw0cu9r7k1a5,https://deo.shopeemobile.com/shopee/modules-federation/live/0/shopee__item-card-standard-v2/0.2.8/pc/7c9110f78e069acbced7.png,,4.9,,
https://down-id.img.susercontent.com/file/id-11134207-822wn-mloeaoa6p2pv5c,VIVO Y04S -Y05 4GB 128GB - Unisoc T612 - Baterai 6000 mAh - IP64,Rp,1.898.000,https://deo.shopeemobile.com/shopee/modules-federation/live/0/shopee__item-card-standard-v2/0.2.8/pc/d7099d3fd1dfdaf705ab.svg,,https://deo.shopeemobile.com/shopee/modules-federation/live/0/shopee__item-card-standard-v2/0.2.8/pc/76dff349290d20891fc1.svg,,,https://deo.shopeemobile.com/shopee/modules-federation/live/0/shopee__item-card-standard-v2/0.2.8/pc/5dd7b4560d0e2d3190e8.svg,Jakarta Utara,64 Terjual,-53%,https://deo.shopeemobile.com/shopee/modules-federation/live/0/shopee__item-card-standard-v2/0.2.8/pc/b4d1b8a78b3621dbdf4a.svg,"VIVO Y04S -Y05 4GB 128GB - Unisoc T612 - Baterai 6000 mAh - IP64
Rp
1.898.000
-53%
Hadiah Gratis
5.0
64 Terjual
3 Hari
Jakarta Utara",https://shopee.co.id/VIVO-Y04S-Y05-4GB-128GB-Unisoc-T612-Baterai-6000-mAh-IP64-i.250649369.26779258136?extraParams=%7B%22display_model_id%22%3A320780168413%2C%22model_selection_logic%22%3A3%7D&sp_atk=7b01dde6-495b-4524-8c49-af41c6d106f6&xptdk=7b01dde6-495b-4524-8c49-af41c6d106f6,https://down-id.img.susercontent.com/file/id-11134258-822ws-mnciva8io4qu2f,https://deo.shopeemobile.com/shopee/modules-federation/live/0/shopee__item-card-standard-v2/0.2.8/pc/7c9110f78e069acbced7.png,,5.0,Hadiah Gratis,
https://down-id.img.susercontent.com/file/id-11134207-822wt-mmulfm4yz2860d,Vivo Y21d 4/128 6/128 8/128 4/128GB 6/128GB 8/128GB 4GB 6GB 8GB 128GB Garansi Resmi,Rp,2.799.000,https://deo.shopeemobile.com/shopee/modules-federation/live/0/shopee__item-card-standard-v2/0.2.8/pc/d7099d3fd1dfdaf705ab.svg,,https://deo.shopeemobile.com/shopee/modules-federation/live/0/shopee__item-card-standard-v2/0.2.8/pc/76dff349290d20891fc1.svg,,,https://deo.shopeemobile.com/shopee/modules-federation/live/0/shopee__item-card-standard-v2/0.2.8/pc/5dd7b4560d0e2d3190e8.svg,Denpasar,79 Terjual,,,"Vivo Y21d 4/128 6/128 8/128 4/128GB 6/128GB 8/128GB 4GB 6GB 8GB 128GB Garansi Resmi
Rp
2.799.000
5.0
79 Terjual
3-4 Hari
Denpasar",https://shopee.co.id/Vivo-Y21d-4-128-6-128-8-128-4-128GB-6-128GB-8-128GB-4GB-6GB-8GB-128GB-Garansi-Resmi-i.25468108.27967279289?extraParams=%7B%22display_model_id%22%3A287062664896%2C%22model_selection_logic%22%3A3%7D&sp_atk=d25d50bf-e00d-4538-b4e7-ed3841baf775&xptdk=d25d50bf-e00d-4538-b4e7-ed3841baf775,https://down-id.img.susercontent.com/file/id-11134258-8224v-mkvw0cu9r7k1a5,https://deo.shopeemobile.com/shopee/modules-federation/live/0/shopee__item-card-standard-v2/0.2.8/pc/e4734dab67ee2f9ebd5a.png,,5.0,,
https://down-id.img.susercontent.com/file/id-11134207-82252-mgca0voksah48c,Vivo Y21D 4/128GB | 6/128GB | 8/12GB 6.68 Inch Garansi Resmi,Rp,2.759.000,https://deo.shopeemobile.com/shopee/modules-federation/live/0/shopee__item-card-standard-v2/0.2.8/pc/d7099d3fd1dfdaf705ab.svg,,https://deo.shopeemobile.com/shopee/modules-federation/live/0/shopee__item-card-standard-v2/0.2.8/pc/76dff349290d20891fc1.svg,,,https://deo.shopeemobile.com/shopee/modules-federation/live/0/shopee__item-card-standard-v2/0.2.8/pc/5dd7b4560d0e2d3190e8.svg,Balikpapan,53 Terjual,,,"Vivo Y21D 4/128GB | 6/128GB | 8/12GB 6.68 Inch Garansi Resmi
Rp
2.759.000
5.0
53 Terjual
3-5 Hari
Balikpapan",https://shopee.co.id/Vivo-Y21D-4-128GB-6-128GB-8-12GB-6.68-Inch-Garansi-Resmi-i.147421658.53800234846?extraParams=%7B%22display_model_id%22%3A350023370909%2C%22model_selection_logic%22%3A3%7D&sp_atk=55dd67ec-8ba3-4ded-a3b1-52656358361a&xptdk=55dd67ec-8ba3-4ded-a3b1-52656358361a,https://down-id.img.susercontent.com/file/id-11134258-8224v-mkvw0cu9r7k1a5,https://deo.shopeemobile.com/shopee/modules-federation/live/0/shopee__item-card-standard-v2/0.2.8/pc/e4734dab67ee2f9ebd5a.png,,5.0,,
https://down-id.img.susercontent.com/file/sg-11134201-825ai-mgei4gmyg6q2a4,Vivo Y21D 8/128GB Layar 6.68 Inci [Garansi Resmi],Rp,3.199.000,https://deo.shopeemobile.com/shopee/modules-federation/live/0/shopee__item-card-standard-v2/0.2.8/pc/d7099d3fd1dfdaf705ab.svg,,https://deo.shopeemobile.com/shopee/modules-federation/live/0/shopee__item-card-standard-v2/0.2.8/pc/76dff349290d20891fc1.svg,,,,,9 Terjual,,,"Vivo Y21D 8/128GB Layar 6.68 Inci [Garansi Resmi]
Rp
3.199.000
5.0
9 Terjual
4-5 Hari",https://shopee.co.id/Vivo-Y21D-8-128GB-Layar-6.68-Inci-Garansi-Resmi--i.261010358.51200329020?extraParams=%7B%22display_model_id%22%3A254068856312%2C%22model_selection_logic%22%3A3%7D&sp_atk=393396a0-872a-4390-a9fb-7fc3d63a8bf8&xptdk=393396a0-872a-4390-a9fb-7fc3d63a8bf8,https://down-id.img.susercontent.com/file/id-11134258-8224v-mkvw0cu9r7k1a5,https://deo.shopeemobile.com/shopee/modules-federation/live/0/shopee__item-card-standard-v2/0.2.8/pc/7c9110f78e069acbced7.png,,5.0,,
https://down-id.img.susercontent.com/file/id-11134207-7r98s-lpkwnnsw3v9939,Vivo Y27s Ram 8/128GB | Ram 8/256GB Segel Original & Bergaransi Resmi,Rp,2.120.654,https://deo.shopeemobile.com/shopee/modules-federation/live/0/shopee__item-card-standard-v2/0.2.8/pc/d7099d3fd1dfdaf705ab.svg,,https://deo.shopeemobile.com/shopee/modules-federation/live/0/shopee__item-card-standard-v2/0.2.8/pc/76dff349290d20891fc1.svg,,,https://deo.shopeemobile.com/shopee/modules-federation/live/0/shopee__item-card-standard-v2/0.2.8/pc/5dd7b4560d0e2d3190e8.svg,Surabaya,77 Terjual,-12%,,"Vivo Y27s Ram 8/128GB | Ram 8/256GB Segel Original & Bergaransi Resmi
Rp
2.120.654
-12%
4.9
77 Terjual
2-4 Hari
Surabaya",https://shopee.co.id/Vivo-Y27s-Ram-8-128GB-Ram-8-256GB-Segel-Original-Bergaransi-Resmi-i.233982802.25403702250?extraParams=%7B%22display_model_id%22%3A235907719163%2C%22model_selection_logic%22%3A3%7D&sp_atk=992b9c20-e428-4038-8337-0e8965c03032&xptdk=992b9c20-e428-4038-8337-0e8965c03032,https://down-id.img.susercontent.com/file/id-11134258-822wr-mlx5y0tebegw04,https://deo.shopeemobile.com/shopee/modules-federation/live/0/shopee__item-card-standard-v2/0.2.8/pc/e4734dab67ee2f9ebd5a.png,,4.9,,
https://down-id.img.susercontent.com/file/id-11134207-8224r-mhiso96yjymdec,Vivo Y21D 8/128 new garansi resmi,Rp,3.000.000,https://deo.shopeemobile.com/shopee/modules-federation/live/0/shopee__item-card-standard-v2/0.2.8/pc/d7099d3fd1dfdaf705ab.svg,,https://deo.shopeemobile.com/shopee/modules-federation/live/0/shopee__item-card-standard-v2/0.2.8/pc/76dff349290d20891fc1.svg,,,https://deo.shopeemobile.com/shopee/modules-federation/live/0/shopee__item-card-standard-v2/0.2.8/pc/5dd7b4560d0e2d3190e8.svg,Kab. Jember,179 Terjual,,,"Vivo Y21D 8/128 new garansi resmi
Rp
3.000.000
5.0
179 Terjual
1-4 Hari
Kab. Jember",https://shopee.co.id/Vivo-Y21D-8-128-new-garansi-resmi-i.29634568.14199715174?extraParams=%7B%22display_model_id%22%3A185153341703%2C%22model_selection_logic%22%3A3%7D&sp_atk=c10be5fa-93cf-4da8-8ab4-19b8dba33421&xptdk=c10be5fa-93cf-4da8-8ab4-19b8dba33421,https://down-id.img.susercontent.com/file/id-11134258-7ra0q-mbesqwmkb0gu9c,https://deo.shopeemobile.com/shopee/modules-federation/live/0/shopee__item-card-standard-v2/0.2.8/pc/e4734dab67ee2f9ebd5a.png,,5.0,,
https://down-id.img.susercontent.com/file/id-11134207-82252-mg7rwnyvzimjde,Vivo y19s Pro 6/128 | 4/128 | 4/64 Garansi Resmi Vivo Indonesia,Rp,1.849.000,https://deo.shopeemobile.com/shopee/modules-federation/live/0/shopee__item-card-standard-v2/0.2.8/pc/d7099d3fd1dfdaf705ab.svg,,https://deo.shopeemobile.com/shopee/modules-federation/live/0/shopee__item-card-standard-v2/0.2.8/pc/76dff349290d20891fc1.svg,,,https://deo.shopeemobile.com/shopee/modules-federation/live/0/shopee__item-card-standard-v2/0.2.8/pc/5dd7b4560d0e2d3190e8.svg,Surabaya,36 Terjual,,,"Vivo y19s Pro 6/128 | 4/128 | 4/64 Garansi Resmi Vivo Indonesia
Rp
1.849.000
5.0
36 Terjual
2-4 Hari
Surabaya",https://shopee.co.id/Vivo-y19s-Pro-6-128-4-128-4-64-Garansi-Resmi-Vivo-Indonesia-i.295861257.20544709445?extraParams=%7B%22display_model_id%22%3A244065136654%2C%22model_selection_logic%22%3A3%7D&sp_atk=f18a7b02-1d5e-470f-8073-3ea0068eece9&xptdk=f18a7b02-1d5e-470f-8073-3ea0068eece9,https://down-id.img.susercontent.com/file/id-11134258-8224v-mkvw0cu9r7k1a5,https://deo.shopeemobile.com/shopee/modules-federation/live/0/shopee__item-card-standard-v2/0.2.8/pc/a425c915798471b33e5d.png,,5.0,,
https://down-id.img.susercontent.com/file/id-11134207-822wq-mlbo8bfln7r4d1,Vivo Y05 4/64GB | 4/128GB 120Hz Baterai 6500mAh Chipset Unisoc T7225 Original Garansi Resmi,Rp,1.999.000,https://deo.shopeemobile.com/shopee/modules-federation/live/0/shopee__item-card-standard-v2/0.2.8/pc/0614b8f0a8fdde22942d.svg,,https://deo.shopeemobile.com/shopee/modules-federation/live/0/shopee__item-card-standard-v2/0.2.8/pc/38e203dc86172a6c6560.svg,https://deo.shopeemobile.com/shopee/modules-federation/live/0/shopee__item-card-standard-v2/0.2.8/pc/0614b8f0a8fdde22942d.svg,Besok,https://deo.shopeemobile.com/shopee/modules-federation/live/0/shopee__item-card-standard-v2/0.2.8/pc/5dd7b4560d0e2d3190e8.svg,Kab. Sidoarjo,Besok,-9%,,"Vivo Y05 4/64GB | 4/128GB 120Hz Baterai 6500mAh Chipset Unisoc T7225 Original Garansi Resmi
Rp
1.999.000
-9%
Besok
Kab. Sidoarjo",https://shopee.co.id/Vivo-Y05-4-64GB-4-128GB-120Hz-Baterai-6500mAh-Chipset-Unisoc-T7225-Original-Garansi-Resmi-i.105409987.46906649433?extraParams=%7B%22display_model_id%22%3A254174382366%2C%22model_selection_logic%22%3A3%7D&sp_atk=46c7753d-79f1-4750-a9c1-d1c14399465f&xptdk=46c7753d-79f1-4750-a9c1-d1c14399465f,https://down-id.img.susercontent.com/file/id-11134258-822wr-mlx67rtd6r602f,https://deo.shopeemobile.com/shopee/modules-federation/live/0/shopee__item-card-standard-v2/0.2.8/pc/e4734dab67ee2f9ebd5a.png,https://deo.shopeemobile.com/shopee/modules-federation/live/0/shopee__item-card-standard-v2/0.2.8/pc/d2a1900a0267d45fd0f5.png,,,
https://down-id.img.susercontent.com/file/id-11134207-7rase-m1fi89s23646f3,Vivo V40 Lite 4G 8/256 & 8/128 garansi resmi,Rp,2.895.000,https://deo.shopeemobile.com/shopee/modules-federation/live/0/shopee__item-card-standard-v2/0.2.8/pc/d7099d3fd1dfdaf705ab.svg,,https://deo.shopeemobile.com/shopee/modules-federation/live/0/shopee__item-card-standard-v2/0.2.8/pc/76dff349290d20891fc1.svg,,,https://deo.shopeemobile.com/shopee/modules-federation/live/0/shopee__item-card-standard-v2/0.2.8/pc/5dd7b4560d0e2d3190e8.svg,Bogor,32 Terjual,,,"Vivo V40 Lite 4G 8/256 & 8/128 garansi resmi
Rp
2.895.000
5.0
32 Terjual
3-5 Hari
Bogor",https://shopee.co.id/Vivo-V40-Lite-4G-8-256-8-128-garansi-resmi-i.10429964.29063303659?extraParams=%7B%22display_model_id%22%3A246724512691%2C%22model_selection_logic%22%3A3%7D&sp_atk=e7c28135-dd9b-43d9-bd37-06dcfc5f23a9&xptdk=e7c28135-dd9b-43d9-bd37-06dcfc5f23a9,https://down-id.img.susercontent.com/file/id-11134258-8224v-mkvw0cu9r7k1a5,https://deo.shopeemobile.com/shopee/modules-federation/live/0/shopee__item-card-standard-v2/0.2.8/pc/e4734dab67ee2f9ebd5a.png,,5.0,,
https://down-id.img.susercontent.com/file/id-11134207-8224r-mkw4ccqxqi9t12,Vivo Y05 4/64GB & 4/128GB Layar 6.7 Inci,Rp,2.099.000,https://deo.shopeemobile.com/shopee/modules-federation/live/0/shopee__item-card-standard-v2/0.2.8/pc/d7099d3fd1dfdaf705ab.svg,,https://deo.shopeemobile.com/shopee/modules-federation/live/0/shopee__item-card-standard-v2/0.2.8/pc/76dff349290d20891fc1.svg,,,https://deo.shopeemobile.com/shopee/modules-federation/live/0/shopee__item-card-standard-v2/0.2.8/pc/5dd7b4560d0e2d3190e8.svg,Banjarbaru,11 Terjual,,,"Vivo Y05 4/64GB & 4/128GB Layar 6.7 Inci
Rp
2.099.000
5.0
11 Terjual
4-7 Hari
Banjarbaru",https://shopee.co.id/Vivo-Y05-4-64GB-4-128GB-Layar-6.7-Inci-i.26887717.57706282884?extraParams=%7B%22display_model_id%22%3A345568735960%2C%22model_selection_logic%22%3A3%7D&sp_atk=6d700ad8-4f33-41c7-8a90-a1497c376138&xptdk=6d700ad8-4f33-41c7-8a90-a1497c376138,https://down-id.img.susercontent.com/file/id-11134258-822wh-mncisnffoni9b9,https://deo.shopeemobile.com/shopee/modules-federation/live/0/shopee__item-card-standard-v2/0.2.8/pc/a425c915798471b33e5d.png,https://deo.shopeemobile.com/shopee/modules-federation/live/0/shopee__item-card-standard-v2/0.2.8/pc/d2a1900a0267d45fd0f5.png,5.0,,
https://down-id.img.susercontent.com/file/id-11134207-8224q-mg7rwnyw2brf8a,VIVO Y29 8/256GB | 8/128GB | 6/128GB Garansi Resmi Vivo Indonesia Termurah,Rp,2.399.000,https://deo.shopeemobile.com/shopee/modules-federation/live/0/shopee__item-card-standard-v2/0.2.8/pc/d7099d3fd1dfdaf705ab.svg,,https://deo.shopeemobile.com/shopee/modules-federation/live/0/shopee__item-card-standard-v2/0.2.8/pc/76dff349290d20891fc1.svg,,,https://deo.shopeemobile.com/shopee/modules-federation/live/0/shopee__item-card-standard-v2/0.2.8/pc/5dd7b4560d0e2d3190e8.svg,Surabaya,122 Terjual,,,"VIVO Y29 8/256GB | 8/128GB | 6/128GB Garansi Resmi Vivo Indonesia Termurah
Rp
2.399.000
Cicilan
4.8
122 Terjual
2-4 Hari
Surabaya",https://shopee.co.id/VIVO-Y29-8-256GB-8-128GB-6-128GB-Garansi-Resmi-Vivo-Indonesia-Termurah-i.295861257.12817770571?extraParams=%7B%22display_model_id%22%3A236466287843%2C%22model_selection_logic%22%3A3%7D&sp_atk=d09db132-75da-4d94-9993-5f7776f656a8&xptdk=d09db132-75da-4d94-9993-5f7776f656a8,https://down-id.img.susercontent.com/file/id-11134258-8224v-mkvw0cu9r7k1a5,https://deo.shopeemobile.com/shopee/modules-federation/live/0/shopee__item-card-standard-v2/0.2.8/pc/a425c915798471b33e5d.png,,4.8,Cicilan,
https://down-id.img.susercontent.com/file/id-11134207-7ra0r-mbuw2ycbds661d,"vivo Y19s GT 5G - 5500mAh Tahan Lama, Dimensity 6300 5G, NFC Multifunctions, Tahan Banting & Hujan, 50MP Kamera Utama, AI Erase",Rp,2.799.000,https://deo.shopeemobile.com/shopee/modules-federation/live/0/shopee__item-card-standard-v2/0.2.8/pc/d7099d3fd1dfdaf705ab.svg,,https://deo.shopeemobile.com/shopee/modules-federation/live/0/shopee__item-card-standard-v2/0.2.8/pc/76dff349290d20891fc1.svg,,,https://deo.shopeemobile.com/shopee/modules-federation/live/0/shopee__item-card-standard-v2/0.2.8/pc/5dd7b4560d0e2d3190e8.svg,Kab. Tangerang,478 Terjual,,,"vivo Y19s GT 5G - 5500mAh Tahan Lama, Dimensity 6300 5G, NFC Multifunctions, Tahan Banting & Hujan, 50MP Kamera Utama, AI Erase
Rp
2.799.000
5.0
478 Terjual
3-6 Hari
Kab. Tangerang",https://shopee.co.id/vivo-Y19s-GT-5G-5500mAh-Tahan-Lama-Dimensity-6300-5G-NFC-Multifunctions-Tahan-Banting-Hujan-50MP-Kamera-Utama-AI-Erase-i.147904698.42057180631?extraParams=%7B%22display_model_id%22%3A275607537966%2C%22model_selection_logic%22%3A3%7D&sp_atk=4b2872ae-1c8a-4be9-9d0e-4bed685b7344&xptdk=4b2872ae-1c8a-4be9-9d0e-4bed685b7344,https://down-id.img.susercontent.com/file/id-11134258-7r98w-lyezzaurybot13,https://deo.shopeemobile.com/shopee/modules-federation/live/0/shopee__item-card-standard-v2/0.2.8/pc/7c9110f78e069acbced7.png,,5.0,,
https://down-id.img.susercontent.com/file/sg-11134201-81zu5-mn5ee7sknabl8b,Vivo V60 Lite 5G / LTE 12/512GB 8/256GB MediaTek Dimensity 7360 Garansi Resmi Indonesia,Rp,5.398.000,,,https://deo.shopeemobile.com/shopee/modules-federation/live/0/shopee__item-card-standard-v2/0.2.8/pc/76dff349290d20891fc1.svg,,,https://deo.shopeemobile.com/shopee/modules-federation/live/0/shopee__item-card-standard-v2/0.2.8/pc/5dd7b4560d0e2d3190e8.svg,Jakarta Pusat,3 Hari,-16%,https://deo.shopeemobile.com/shopee/modules-federation/live/0/shopee__item-card-standard-v2/0.2.8/pc/b4d1b8a78b3621dbdf4a.svg,"Vivo V60 Lite 5G / LTE 12/512GB 8/256GB MediaTek Dimensity 7360 Garansi Resmi Indonesia
Rp
5.398.000
-16%
3 Hari
Jakarta Pusat",https://shopee.co.id/Vivo-V60-Lite-5G-LTE-12-512GB-8-256GB-MediaTek-Dimensity-7360-Garansi-Resmi-Indonesia-i.1782272077.45309020067?extraParams=%7B%22display_model_id%22%3A320797093495%2C%22model_selection_logic%22%3A3%7D&sp_atk=fc3905d3-000c-44b0-9245-b728369f0fcc&xptdk=fc3905d3-000c-44b0-9245-b728369f0fcc,https://down-id.img.susercontent.com/file/id-11134258-8224v-mkvw0cu9r7k1a5,https://deo.shopeemobile.com/shopee/modules-federation/live/0/shopee__item-card-standard-v2/0.2.8/pc/7c9110f78e069acbced7.png,,,,
https://down-id.img.susercontent.com/file/id-11134207-8224u-mg4pn71v9dl981,Vivo Y21d [8/128GB] - [6/128GB} - [4/128GB] Garansi Resmi,Rp,2.399.000,https://deo.shopeemobile.com/shopee/modules-federation/live/0/shopee__item-card-standard-v2/0.2.8/pc/d7099d3fd1dfdaf705ab.svg,,https://deo.shopeemobile.com/shopee/modules-federation/live/0/shopee__item-card-standard-v2/0.2.8/pc/76dff349290d20891fc1.svg,,,https://deo.shopeemobile.com/shopee/modules-federation/live/0/shopee__item-card-standard-v2/0.2.8/pc/5dd7b4560d0e2d3190e8.svg,Kab. Jember,16 Terjual,,,"Vivo Y21d [8/128GB] - [6/128GB} - [4/128GB] Garansi Resmi
Rp
2.399.000
5.0
16 Terjual
1-3 Hari
Kab. Jember",https://shopee.co.id/Vivo-Y21d-8-128GB-6-128GB-4-128GB-Garansi-Resmi-i.155584273.28643281320?extraParams=%7B%22display_model_id%22%3A262062586656%2C%22model_selection_logic%22%3A3%7D&sp_atk=094a8877-e2fe-4726-b676-af1c1f10cab4&xptdk=094a8877-e2fe-4726-b676-af1c1f10cab4,https://down-id.img.susercontent.com/file/id-11134258-7r98w-lyezzaurybot13,https://deo.shopeemobile.com/shopee/modules-federation/live/0/shopee__item-card-standard-v2/0.2.8/pc/e4734dab67ee2f9ebd5a.png,,5.0,,
https://down-id.img.susercontent.com/file/id-11134207-7r98t-lu7e6d189vh043,Vivo Y27 5G 6/128 Purple,Rp,1.800.000,,,https://deo.shopeemobile.com/shopee/modules-federation/live/0/shopee__item-card-standard-v2/0.2.8/pc/76dff349290d20891fc1.svg,,,https://deo.shopeemobile.com/shopee/modules-federation/live/0/shopee__item-card-standard-v2/0.2.8/pc/5dd7b4560d0e2d3190e8.svg,Palangka Raya,3 Hari,,,"Vivo Y27 5G 6/128 Purple
Rp
1.800.000
3 Hari
Palangka Raya",https://shopee.co.id/Vivo-Y27-5G-6-128-Purple-i.242031063.24124703136?extraParams=%7B%22display_model_id%22%3A185034648971%2C%22model_selection_logic%22%3A3%7D&sp_atk=df30825d-fa27-4d9e-a11e-cabbeb7c401c&xptdk=df30825d-fa27-4d9e-a11e-cabbeb7c401c,https://down-id.img.susercontent.com/file/id-11134258-822wr-mlx67rtd6r602f,https://deo.shopeemobile.com/shopee/modules-federation/live/0/shopee__item-card-standard-v2/0.2.8/pc/a425c915798471b33e5d.png,,,,
https://down-id.img.susercontent.com/file/id-11134207-8224y-mkyubzvholj954,Vivo Y21D Ram 4/128GB | Ram 6/128GB | Ram 8/128GB | Ram 6/256GB Segel Original & Bergaransi Resmi,Rp,1.925.000,https://deo.shopeemobile.com/shopee/modules-federation/live/0/shopee__item-card-standard-v2/0.2.8/pc/d7099d3fd1dfdaf705ab.svg,,https://deo.shopeemobile.com/shopee/modules-federation/live/0/shopee__item-card-standard-v2/0.2.8/pc/76dff349290d20891fc1.svg,,,https://deo.shopeemobile.com/shopee/modules-federation/live/0/shopee__item-card-standard-v2/0.2.8/pc/5dd7b4560d0e2d3190e8.svg,Surabaya,12 Terjual,-29%,,"Vivo Y21D Ram 4/128GB | Ram 6/128GB | Ram 8/128GB | Ram 6/256GB Segel Original & Bergaransi Resmi
Rp
1.925.000
-29%
5.0
12 Terjual
2-4 Hari
Surabaya",https://shopee.co.id/Vivo-Y21D-Ram-4-128GB-Ram-6-128GB-Ram-8-128GB-Ram-6-256GB-Segel-Original-Bergaransi-Resmi-i.433115955.47556335177?extraParams=%7B%22display_model_id%22%3A355570726066%2C%22model_selection_logic%22%3A3%7D&sp_atk=39653913-f89f-4dda-924d-46c0a56816a0&xptdk=39653913-f89f-4dda-924d-46c0a56816a0,https://down-id.img.susercontent.com/file/id-11134258-822wr-mlx5y0tebegw04,https://deo.shopeemobile.com/shopee/modules-federation/live/0/shopee__item-card-standard-v2/0.2.8/pc/e4734dab67ee2f9ebd5a.png,,5.0,,
https://down-id.img.susercontent.com/file/id-11134207-7rbk2-m66tga05mute59,vivo y28 [6/128] [8/128] [8/256],Rp,2.279.000,https://deo.shopeemobile.com/shopee/modules-federation/live/0/shopee__item-card-standard-v2/0.2.8/pc/d7099d3fd1dfdaf705ab.svg,,https://deo.shopeemobile.com/shopee/modules-federation/live/0/shopee__item-card-standard-v2/0.2.8/pc/76dff349290d20891fc1.svg,,,https://deo.shopeemobile.com/shopee/modules-federation/live/0/shopee__item-card-standard-v2/0.2.8/pc/5dd7b4560d0e2d3190e8.svg,Bogor,175 Terjual,,,"vivo y28 [6/128] [8/128] [8/256]
Rp
2.279.000
4.9
175 Terjual
3-5 Hari
Bogor",https://shopee.co.id/vivo-y28-6-128-8-128-8-256--i.125586865.29776087362?extraParams=%7B%22display_model_id%22%3A400797268030%2C%22model_selection_logic%22%3A3%7D&sp_atk=9f2c8aaa-1098-4b7a-b52e-98b30bb58e98&xptdk=9f2c8aaa-1098-4b7a-b52e-98b30bb58e98,https://down-id.img.susercontent.com/file/id-11134258-8224v-mkvw0cu9r7k1a5,https://deo.shopeemobile.com/shopee/modules-federation/live/0/shopee__item-card-standard-v2/0.2.8/pc/e4734dab67ee2f9ebd5a.png,,4.9,,
https://down-id.img.susercontent.com/file/id-11134207-822ws-mmhwbnv6mrrj42,Vivo V60 Lite 4G Ram8/256Gb Original & Bergaransi Resmi Vivo,Rp,3.835.000,https://deo.shopeemobile.com/shopee/modules-federation/live/0/shopee__item-card-standard-v2/0.2.8/pc/d7099d3fd1dfdaf705ab.svg,,https://deo.shopeemobile.com/shopee/modules-federation/live/0/shopee__item-card-standard-v2/0.2.8/pc/38e203dc86172a6c6560.svg,https://deo.shopeemobile.com/shopee/modules-federation/live/0/shopee__item-card-standard-v2/0.2.8/pc/0614b8f0a8fdde22942d.svg,< 2 Hari,https://deo.shopeemobile.com/shopee/modules-federation/live/0/shopee__item-card-standard-v2/0.2.8/pc/5dd7b4560d0e2d3190e8.svg,Surabaya,1 Terjual,-1%,https://deo.shopeemobile.com/shopee/modules-federation/live/0/shopee__item-card-standard-v2/0.2.8/pc/b4d1b8a78b3621dbdf4a.svg,"Vivo V60 Lite 4G Ram8/256Gb Original & Bergaransi Resmi Vivo
Rp
3.835.000
-1%
5.0
1 Terjual
< 2 Hari
Surabaya",https://shopee.co.id/Vivo-V60-Lite-4G-Ram8-256Gb-Original-Bergaransi-Resmi-Vivo-i.1306199448.57958019199?extraParams=%7B%22display_model_id%22%3A445713204895%2C%22model_selection_logic%22%3A3%7D&sp_atk=d9861d95-7e87-4d4b-8865-a21f44e7b1c6&xptdk=d9861d95-7e87-4d4b-8865-a21f44e7b1c6,https://down-id.img.susercontent.com/file/id-11134258-8224v-mkvw0cu9r7k1a5,https://deo.shopeemobile.com/shopee/modules-federation/live/0/shopee__item-card-standard-v2/0.2.8/pc/e4734dab67ee2f9ebd5a.png,https://deo.shopeemobile.com/shopee/modules-federation/live/0/shopee__item-card-standard-v2/0.2.8/pc/d2a1900a0267d45fd0f5.png,5.0,,
https://down-id.img.susercontent.com/file/id-11134207-7r98r-lswyq0trqlv8ea,VIVO Y20 ram 3/64gb GARANSI RESMI 1 TAHUN,Rp,1.350.000,https://deo.shopeemobile.com/shopee/modules-federation/live/0/shopee__item-card-standard-v2/0.2.8/pc/d7099d3fd1dfdaf705ab.svg,,https://deo.shopeemobile.com/shopee/modules-federation/live/0/shopee__item-card-standard-v2/0.2.8/pc/76dff349290d20891fc1.svg,,,https://deo.shopeemobile.com/shopee/modules-federation/live/0/shopee__item-card-standard-v2/0.2.8/pc/5dd7b4560d0e2d3190e8.svg,Surabaya,60 Terjual,,,"VIVO Y20 ram 3/64gb GARANSI RESMI 1 TAHUN
Rp
1.350.000
4.8
60 Terjual
2-4 Hari
Surabaya",https://shopee.co.id/VIVO-Y20-ram-3-64gb-GARANSI-RESMI-1-TAHUN-i.7850895.3049716368?extraParams=%7B%22display_model_id%22%3A65464796079%2C%22model_selection_logic%22%3A3%7D&sp_atk=1c2fe040-7b17-4476-97c9-d566d3856b1d&xptdk=1c2fe040-7b17-4476-97c9-d566d3856b1d,https://down-id.img.susercontent.com/file/id-11134258-822wr-mlx67rtd6r602f,https://deo.shopeemobile.com/shopee/modules-federation/live/0/shopee__item-card-standard-v2/0.2.8/pc/e4734dab67ee2f9ebd5a.png,,4.8,,
https://down-id.img.susercontent.com/file/id-11134207-7r98y-lqtefhjx0e0e1d,VIVO Y100 5G NFC 8/256GB 8/128GB ( +8GB Extended Ram ) Garansi Resmi Vivo,Rp,3.899.000,https://deo.shopeemobile.com/shopee/modules-federation/live/0/shopee__item-card-standard-v2/0.2.8/pc/d7099d3fd1dfdaf705ab.svg,,https://deo.shopeemobile.com/shopee/modules-federation/live/0/shopee__item-card-standard-v2/0.2.8/pc/76dff349290d20891fc1.svg,,,https://deo.shopeemobile.com/shopee/modules-federation/live/0/shopee__item-card-standard-v2/0.2.8/pc/5dd7b4560d0e2d3190e8.svg,Bekasi,2RB+ Terjual,,,"VIVO Y100 5G NFC 8/256GB 8/128GB ( +8GB Extended Ram ) Garansi Resmi Vivo
Rp
3.899.000
4.8
2RB+ Terjual
3 Hari
Bekasi",https://shopee.co.id/VIVO-Y100-5G-NFC-8-256GB-8-128GB-(-8GB-Extended-Ram-)-Garansi-Resmi-Vivo-i.227051022.18086832997?extraParams=%7B%22display_model_id%22%3A157181775424%2C%22model_selection_logic%22%3A3%7D&sp_atk=2b1fa201-a136-4eab-9276-99971fd56eb5&xptdk=2b1fa201-a136-4eab-9276-99971fd56eb5,https://down-id.img.susercontent.com/file/id-11134258-7r98w-lyezzaurybot13,https://deo.shopeemobile.com/shopee/modules-federation/live/0/shopee__item-card-standard-v2/0.2.8/pc/7c9110f78e069acbced7.png,,4.8,,
https://down-id.img.susercontent.com/file/id-11134207-7r98q-lvndszw55ut551,VIVO Y28 8/256 GARANSI RESMI VIVO INDONESIA 100% ORIGINAL,Rp,2.399.000,https://deo.shopeemobile.com/shopee/modules-federation/live/0/shopee__item-card-standard-v2/0.2.8/pc/d7099d3fd1dfdaf705ab.svg,,https://deo.shopeemobile.com/shopee/modules-federation/live/0/shopee__item-card-standard-v2/0.2.8/pc/76dff349290d20891fc1.svg,,,https://deo.shopeemobile.com/shopee/modules-federation/live/0/shopee__item-card-standard-v2/0.2.8/pc/5dd7b4560d0e2d3190e8.svg,Surabaya,29 Terjual,,,"VIVO Y28 8/256 GARANSI RESMI VIVO INDONESIA 100% ORIGINAL
Rp
2.399.000
5.0
29 Terjual
2-4 Hari
Surabaya",https://shopee.co.id/VIVO-Y28-8-256-GARANSI-RESMI-VIVO-INDONESIA-100-ORIGINAL-i.231049776.28800786089?extraParams=%7B%22display_model_id%22%3A250882491994%2C%22model_selection_logic%22%3A3%7D&sp_atk=c814be07-4da3-4ac9-810e-4dcf79adf4b3&xptdk=c814be07-4da3-4ac9-810e-4dcf79adf4b3,https://down-id.img.susercontent.com/file/id-11134258-8224v-mkvw0cu9r7k1a5,https://deo.shopeemobile.com/shopee/modules-federation/live/0/shopee__item-card-standard-v2/0.2.8/pc/e4734dab67ee2f9ebd5a.png,https://deo.shopeemobile.com/shopee/modules-federation/live/0/shopee__item-card-standard-v2/0.2.8/pc/d2a1900a0267d45fd0f5.png,5.0,,
https://down-id.img.susercontent.com/file/id-11134207-7rasa-m1dqkz7x6fby7c,Vivo V40 lite 4G | 5G Ram 8/128GB | Ram 8/256GB,Rp,2.699.524,https://deo.shopeemobile.com/shopee/modules-federation/live/0/shopee__item-card-standard-v2/0.2.8/pc/d7099d3fd1dfdaf705ab.svg,,https://deo.shopeemobile.com/shopee/modules-federation/live/0/shopee__item-card-standard-v2/0.2.8/pc/76dff349290d20891fc1.svg,,,https://deo.shopeemobile.com/shopee/modules-federation/live/0/shopee__item-card-standard-v2/0.2.8/pc/5dd7b4560d0e2d3190e8.svg,Surabaya,197 Terjual,-23%,,"Vivo V40 lite 4G | 5G Ram 8/128GB | Ram 8/256GB
Rp
2.699.524
-23%
4.9
197 Terjual
2-4 Hari
Surabaya",https://shopee.co.id/Vivo-V40-lite-4G-5G-Ram-8-128GB-Ram-8-256GB-i.433115955.24537071813?extraParams=%7B%22display_model_id%22%3A247223090240%2C%22model_selection_logic%22%3A3%7D&sp_atk=bc309690-4d2a-4085-9f93-3bdcaae78d95&xptdk=bc309690-4d2a-4085-9f93-3bdcaae78d95,https://down-id.img.susercontent.com/file/id-11134258-822wr-mlx5y0tebegw04,https://deo.shopeemobile.com/shopee/modules-federation/live/0/shopee__item-card-standard-v2/0.2.8/pc/e4734dab67ee2f9ebd5a.png,,4.9,,
https://down-id.img.susercontent.com/file/id-11134207-7ra0j-mdhkge3atfgs38,"VIVO Y400 NFC [8GB+128GB] [8GB+256GB] Snapdragon 685, Battery 6000mAh 44W IP68 GARANSI RESMI VIVO INDONESIA",Rp,2.999.000,https://deo.shopeemobile.com/shopee/modules-federation/live/0/shopee__item-card-standard-v2/0.2.8/pc/d7099d3fd1dfdaf705ab.svg,,https://deo.shopeemobile.com/shopee/modules-federation/live/0/shopee__item-card-standard-v2/0.2.8/pc/76dff349290d20891fc1.svg,,,https://deo.shopeemobile.com/shopee/modules-federation/live/0/shopee__item-card-standard-v2/0.2.8/pc/5dd7b4560d0e2d3190e8.svg,Jakarta Barat,725 Terjual,-14%,,"VIVO Y400 NFC [8GB+128GB] [8GB+256GB] Snapdragon 685, Battery 6000mAh 44W IP68 GARANSI RESMI VIVO INDONESIA
Rp
2.999.000
-14%
Cicilan
4.9
725 Terjual
3 Hari
Jakarta Barat",https://shopee.co.id/VIVO-Y400-NFC-8GB-128GB-8GB-256GB-Snapdragon-685-Battery-6000mAh-44W-IP68-GARANSI-RESMI-VIVO-INDONESIA-i.216046779.3754255603?extraParams=%7B%22display_model_id%22%3A360538018819%2C%22model_selection_logic%22%3A3%7D&sp_atk=37fc0e9e-5414-4e3f-9ff3-e510de0c67fb&xptdk=37fc0e9e-5414-4e3f-9ff3-e510de0c67fb,https://down-id.img.susercontent.com/file/id-11134258-8224v-mkvw0cu9r7k1a5,https://deo.shopeemobile.com/shopee/modules-federation/live/0/shopee__item-card-standard-v2/0.2.8/pc/e4734dab67ee2f9ebd5a.png,,4.9,Cicilan,
https://down-id.img.susercontent.com/file/id-11134207-7ra0h-mcci7byqn4o0cc,VIVO Y04S {4GB/64GB} {8GB/128GB} Garansi Resmi VIVO Indonesia,Rp,1.639.000,https://deo.shopeemobile.com/shopee/modules-federation/live/0/shopee__item-card-standard-v2/0.2.8/pc/d7099d3fd1dfdaf705ab.svg,,https://deo.shopeemobile.com/shopee/modules-federation/live/0/shopee__item-card-standard-v2/0.2.8/pc/76dff349290d20891fc1.svg,,Cashback 99%,https://deo.shopeemobile.com/shopee/modules-federation/live/0/shopee__item-card-standard-v2/0.2.8/pc/5dd7b4560d0e2d3190e8.svg,Surabaya,8 Terjual,-1%,,"VIVO Y04S {4GB/64GB} {8GB/128GB} Garansi Resmi VIVO Indonesia
Rp
1.639.000
-1%
Cashback 99%
4.7
8 Terjual
2-4 Hari
Surabaya",https://shopee.co.id/VIVO-Y04S-4GB-64GB-8GB-128GB-Garansi-Resmi-VIVO-Indonesia-i.498628876.21185096349?extraParams=%7B%22display_model_id%22%3A380402423623%2C%22model_selection_logic%22%3A3%7D&sp_atk=fb949dd5-080c-4902-89cd-70acf4618a6b&xptdk=fb949dd5-080c-4902-89cd-70acf4618a6b,https://down-id.img.susercontent.com/file/id-11134258-8224v-mkvw0cu9r7k1a5,https://deo.shopeemobile.com/shopee/modules-federation/live/0/shopee__item-card-standard-v2/0.2.8/pc/e4734dab67ee2f9ebd5a.png,,4.7,,
https://down-id.img.susercontent.com/file/id-11134207-8224s-mkw3nrzo03yd9f,Vivo Y05 4/128GB Garansi Resmi Indonesia,Rp,2.149.000,https://deo.shopeemobile.com/shopee/modules-federation/live/0/shopee__item-card-standard-v2/0.2.8/pc/d7099d3fd1dfdaf705ab.svg,,https://deo.shopeemobile.com/shopee/modules-federation/live/0/shopee__item-card-standard-v2/0.2.8/pc/38e203dc86172a6c6560.svg,https://deo.shopeemobile.com/shopee/modules-federation/live/0/shopee__item-card-standard-v2/0.2.8/pc/0614b8f0a8fdde22942d.svg,< 2 Hari,https://deo.shopeemobile.com/shopee/modules-federation/live/0/shopee__item-card-standard-v2/0.2.8/pc/5dd7b4560d0e2d3190e8.svg,Surabaya,14 Terjual,,,"Vivo Y05 4/128GB Garansi Resmi Indonesia
Rp
2.149.000
5.0
14 Terjual
< 2 Hari
Surabaya",https://shopee.co.id/Vivo-Y05-4-128GB-Garansi-Resmi-Indonesia-i.143199398.53806335449?extraParams=%7B%22display_model_id%22%3A315573076165%2C%22model_selection_logic%22%3A3%7D&sp_atk=9e413445-6882-4ff2-97dd-41cf519b6bd9&xptdk=9e413445-6882-4ff2-97dd-41cf519b6bd9,https://down-id.img.susercontent.com/file/id-11134258-8224v-mkvw0cu9r7k1a5,https://deo.shopeemobile.com/shopee/modules-federation/live/0/shopee__item-card-standard-v2/0.2.8/pc/7c9110f78e069acbced7.png,,5.0,,
https://down-id.img.susercontent.com/file/id-11134207-7ras9-m1iduudx97lifc,VIVO y18 464 6 128 garansi resmi vivo,Rp,1.459.000,https://deo.shopeemobile.com/shopee/modules-federation/live/0/shopee__item-card-standard-v2/0.2.8/pc/d7099d3fd1dfdaf705ab.svg,,https://deo.shopeemobile.com/shopee/modules-federation/live/0/shopee__item-card-standard-v2/0.2.8/pc/76dff349290d20891fc1.svg,,,https://deo.shopeemobile.com/shopee/modules-federation/live/0/shopee__item-card-standard-v2/0.2.8/pc/5dd7b4560d0e2d3190e8.svg,Kab. Jember,6 Terjual,,,"VIVO y18 464 6 128 garansi resmi vivo
Rp
1.459.000
Cicilan
5.0
6 Terjual
3-6 Hari
Kab. Jember",https://shopee.co.id/VIVO-y18-464-6-128-garansi-resmi-vivo-i.75034060.13207236894?extraParams=%7B%22display_model_id%22%3A246805217636%2C%22model_selection_logic%22%3A3%7D&sp_atk=c7003853-e50b-46ee-828d-70102afe4e94&xptdk=c7003853-e50b-46ee-828d-70102afe4e94,https://down-id.img.susercontent.com/file/id-11134258-8224v-mkvw0cu9r7k1a5,,,5.0,Cicilan,
https://down-id.img.susercontent.com/file/id-11134207-81zto-mehdgharvpxffc,Vivo Y400 8/256 & 8/128 100% Original Garansi resmi vivo,Rp,2.799.000,https://deo.shopeemobile.com/shopee/modules-federation/live/0/shopee__item-card-standard-v2/0.2.8/pc/d7099d3fd1dfdaf705ab.svg,,https://deo.shopeemobile.com/shopee/modules-federation/live/0/shopee__item-card-standard-v2/0.2.8/pc/38e203dc86172a6c6560.svg,https://deo.shopeemobile.com/shopee/modules-federation/live/0/shopee__item-card-standard-v2/0.2.8/pc/0614b8f0a8fdde22942d.svg,< 2 Hari,https://deo.shopeemobile.com/shopee/modules-federation/live/0/shopee__item-card-standard-v2/0.2.8/pc/5dd7b4560d0e2d3190e8.svg,Surabaya,10 Terjual,,,"Vivo Y400 8/256 & 8/128 100% Original Garansi resmi vivo
Rp
2.799.000
5.0
10 Terjual
< 2 Hari
Surabaya",https://shopee.co.id/Vivo-Y400-8-256-8-128-100-Original-Garansi-resmi-vivo-i.134819232.40418430226?extraParams=%7B%22display_model_id%22%3A296513009858%2C%22model_selection_logic%22%3A3%7D&sp_atk=681e005a-433a-4742-9d26-76094ce07e6b&xptdk=681e005a-433a-4742-9d26-76094ce07e6b,https://down-id.img.susercontent.com/file/id-11134258-8224v-mkvw0cu9r7k1a5,https://deo.shopeemobile.com/shopee/modules-federation/live/0/shopee__item-card-standard-v2/0.2.8/pc/a425c915798471b33e5d.png,https://deo.shopeemobile.com/shopee/modules-federation/live/0/shopee__item-card-standard-v2/0.2.8/pc/d2a1900a0267d45fd0f5.png,5.0,,
https://down-id.img.susercontent.com/file/id-11134207-7ras8-m1ruzy7aejq73f,Vivo V40 Lite 8/128 Gb - Garansi Resmi 100% Original,Rp,2.999.000,https://deo.shopeemobile.com/shopee/modules-federation/live/0/shopee__item-card-standard-v2/0.2.8/pc/d7099d3fd1dfdaf705ab.svg,,https://deo.shopeemobile.com/shopee/modules-federation/live/0/shopee__item-card-standard-v2/0.2.8/pc/38e203dc86172a6c6560.svg,https://deo.shopeemobile.com/shopee/modules-federation/live/0/shopee__item-card-standard-v2/0.2.8/pc/0614b8f0a8fdde22942d.svg,< 2 Hari,https://deo.shopeemobile.com/shopee/modules-federation/live/0/shopee__item-card-standard-v2/0.2.8/pc/5dd7b4560d0e2d3190e8.svg,Surabaya,12 Terjual,,,"Vivo V40 Lite 8/128 Gb - Garansi Resmi 100% Original
Rp
2.999.000
5.0
12 Terjual
< 2 Hari
Surabaya",https://shopee.co.id/Vivo-V40-Lite-8-128-Gb-Garansi-Resmi-100-Original-i.288401332.26465445586?extraParams=%7B%22display_model_id%22%3A207914150374%2C%22model_selection_logic%22%3A3%7D&sp_atk=5557240c-a077-467d-a465-10893257baec&xptdk=5557240c-a077-467d-a465-10893257baec,https://down-id.img.susercontent.com/file/id-11134258-8224v-mkvw0cu9r7k1a5,https://deo.shopeemobile.com/shopee/modules-federation/live/0/shopee__item-card-standard-v2/0.2.8/pc/a425c915798471b33e5d.png,https://deo.shopeemobile.com/shopee/modules-federation/live/0/shopee__item-card-standard-v2/0.2.8/pc/d2a1900a0267d45fd0f5.png,5.0,,
https://down-id.img.susercontent.com/file/id-11134207-7ra0k-mcye2evyzpjs1b,"VIVO Y400 8GB / 256GB | 8GB / 128GB | 6.67"" AMOLED 120HZ | SNAPDRAGON 685 | 50MP CAMERA | 600 MAH 44W SLASH CHARGE | BERGARANSI RESMI.",Rp,3.649.000,https://deo.shopeemobile.com/shopee/modules-federation/live/0/shopee__item-card-standard-v2/0.2.8/pc/d7099d3fd1dfdaf705ab.svg,,https://deo.shopeemobile.com/shopee/modules-federation/live/0/shopee__item-card-standard-v2/0.2.8/pc/38e203dc86172a6c6560.svg,https://deo.shopeemobile.com/shopee/modules-federation/live/0/shopee__item-card-standard-v2/0.2.8/pc/0614b8f0a8fdde22942d.svg,Besok 11:00,https://deo.shopeemobile.com/shopee/modules-federation/live/0/shopee__item-card-standard-v2/0.2.8/pc/5dd7b4560d0e2d3190e8.svg,Kab. Sidoarjo,3 Terjual,-6%,,"VIVO Y400 8GB / 256GB | 8GB / 128GB | 6.67"" AMOLED 120HZ | SNAPDRAGON 685 | 50MP CAMERA | 600 MAH 44W SLASH CHARGE | BERGARANSI RESMI.
Rp
3.649.000
-6%
5.0
3 Terjual
Besok 11:00
Kab. Sidoarjo",https://shopee.co.id/VIVO-Y400-8GB-256GB-8GB-128GB-6.67-AMOLED-120HZ-SNAPDRAGON-685-50MP-CAMERA-600-MAH-44W-SLASH-CHARGE-BERGARANSI-RESMI.-i.105409987.41411334820?extraParams=%7B%22display_model_id%22%3A280951613144%2C%22model_selection_logic%22%3A3%7D&sp_atk=e6e3b662-eccc-422f-9fdb-12513b71c4ce&xptdk=e6e3b662-eccc-422f-9fdb-12513b71c4ce,https://down-id.img.susercontent.com/file/id-11134258-822wr-mlx67rtd6r602f,https://deo.shopeemobile.com/shopee/modules-federation/live/0/shopee__item-card-standard-v2/0.2.8/pc/e4734dab67ee2f9ebd5a.png,,5.0,,
https://down-id.img.susercontent.com/file/id-11134207-7rbk8-m7rr315kd9s11f,VIVO Y29 6/128 | 8/128 | 8/256 Garansi Resmi Vivo Indonesia,Rp,2.499.000,https://deo.shopeemobile.com/shopee/modules-federation/live/0/shopee__item-card-standard-v2/0.2.8/pc/d7099d3fd1dfdaf705ab.svg,,https://deo.shopeemobile.com/shopee/modules-federation/live/0/shopee__item-card-standard-v2/0.2.8/pc/76dff349290d20891fc1.svg,,,https://deo.shopeemobile.com/shopee/modules-federation/live/0/shopee__item-card-standard-v2/0.2.8/pc/5dd7b4560d0e2d3190e8.svg,Surabaya,228 Terjual,,,"VIVO Y29 6/128 | 8/128 | 8/256 Garansi Resmi Vivo Indonesia
Rp
2.499.000
4.8
228 Terjual
2-4 Hari
Surabaya",https://shopee.co.id/VIVO-Y29-6-128-8-128-8-256-Garansi-Resmi-Vivo-Indonesia-i.295861257.19236764355?extraParams=%7B%22display_model_id%22%3A159090782891%2C%22model_selection_logic%22%3A3%7D&sp_atk=e6447fe0-634e-4daa-bd87-abd2e18b214f&xptdk=e6447fe0-634e-4daa-bd87-abd2e18b214f,https://down-id.img.susercontent.com/file/id-11134258-8224v-mkvw0cu9r7k1a5,https://deo.shopeemobile.com/shopee/modules-federation/live/0/shopee__item-card-standard-v2/0.2.8/pc/a425c915798471b33e5d.png,,4.8,,
https://down-id.img.susercontent.com/file/c52d409b19fe2015d6fa09621a742961,Vivo V19 ram 8 128GB Fulset Garansi resmi,Rp,1.599.000,,,https://deo.shopeemobile.com/shopee/modules-federation/live/0/shopee__item-card-standard-v2/0.2.8/pc/76dff349290d20891fc1.svg,,,https://deo.shopeemobile.com/shopee/modules-federation/live/0/shopee__item-card-standard-v2/0.2.8/pc/5dd7b4560d0e2d3190e8.svg,Surabaya,1 Terjual,,,"Vivo V19 ram 8 128GB Fulset Garansi resmi
Rp
1.599.000
1 Terjual
2-4 Hari
Surabaya",https://shopee.co.id/Vivo-V19-ram-8-128GB-Fulset-Garansi-resmi-i.94985634.7893281990?extraParams=%7B%22display_model_id%22%3A56200817715%2C%22model_selection_logic%22%3A3%7D&sp_atk=aa36314e-aa95-4a28-b122-f62886630e54&xptdk=aa36314e-aa95-4a28-b122-f62886630e54,https://down-id.img.susercontent.com/file/id-11134258-822wr-mlx67rtd6r602f,https://deo.shopeemobile.com/shopee/modules-federation/live/0/shopee__item-card-standard-v2/0.2.8/pc/e4734dab67ee2f9ebd5a.png,,,,
https://down-id.img.susercontent.com/file/id-11134207-7ra0i-mdo5lslm9ho4ce,Vivo Y29 6/128GB 8/128GB 8/256GB [+8GB Extended RAM] New Original Bergaransi Resmi 1 Tahun,Rp,2.398.000,https://deo.shopeemobile.com/shopee/modules-federation/live/0/shopee__item-card-standard-v2/0.2.8/pc/d7099d3fd1dfdaf705ab.svg,,https://deo.shopeemobile.com/shopee/modules-federation/live/0/shopee__item-card-standard-v2/0.2.8/pc/76dff349290d20891fc1.svg,,,https://deo.shopeemobile.com/shopee/modules-federation/live/0/shopee__item-card-standard-v2/0.2.8/pc/5dd7b4560d0e2d3190e8.svg,Kab. Tangerang,22 Terjual,-1%,https://deo.shopeemobile.com/shopee/modules-federation/live/0/shopee__item-card-standard-v2/0.2.8/pc/b4d1b8a78b3621dbdf4a.svg,"Vivo Y29 6/128GB 8/128GB 8/256GB [+8GB Extended RAM] New Original Bergaransi Resmi 1 Tahun
Rp
2.398.000
-1%
5.0
22 Terjual
3-5 Hari
Kab. Tangerang",https://shopee.co.id/Vivo-Y29-6-128GB-8-128GB-8-256GB-8GB-Extended-RAM-New-Original-Bergaransi-Resmi-1-Tahun-i.785475.28175948099?extraParams=%7B%22display_model_id%22%3A188208458064%2C%22model_selection_logic%22%3A3%7D&sp_atk=f56da757-8551-46c4-99c0-b12d5ef6142e&xptdk=f56da757-8551-46c4-99c0-b12d5ef6142e,https://down-id.img.susercontent.com/file/id-11134258-822wr-mlx5y0tebegw04,https://deo.shopeemobile.com/shopee/modules-federation/live/0/shopee__item-card-standard-v2/0.2.8/pc/a425c915798471b33e5d.png,,5.0,,
https://down-id.img.susercontent.com/file/id-11134207-7qul1-liqiqd7sx5kafc,Vivo Y16 4/128 GB Fullset Kondisi Bagus,Rp,1.199.000,https://deo.shopeemobile.com/shopee/modules-federation/live/0/shopee__item-card-standard-v2/0.2.8/pc/d7099d3fd1dfdaf705ab.svg,,https://deo.shopeemobile.com/shopee/modules-federation/live/0/shopee__item-card-standard-v2/0.2.8/pc/76dff349290d20891fc1.svg,,,https://deo.shopeemobile.com/shopee/modules-federation/live/0/shopee__item-card-standard-v2/0.2.8/pc/5dd7b4560d0e2d3190e8.svg,Kab. Semarang,9 Terjual,,,"Vivo Y16 4/128 GB Fullset Kondisi Bagus
Rp
1.199.000
5.0
9 Terjual
4-7 Hari
Kab. Semarang",https://shopee.co.id/Vivo-Y16-4-128-GB-Fullset-Kondisi-Bagus-i.156208511.21790374232?extraParams=%7B%22display_model_id%22%3A186852275917%2C%22model_selection_logic%22%3A3%7D&sp_atk=f925d99f-ffba-472a-a012-3dc6561635cc&xptdk=f925d99f-ffba-472a-a012-3dc6561635cc,https://down-id.img.susercontent.com/file/id-11134258-8224v-mkvw0cu9r7k1a5,,,5.0,,
https://down-id.img.susercontent.com/file/id-11134207-8224r-mkex5paw54w7ac,"Vivo Y19s 256GB - HP Baru, Kamera AI, Garansi Resmi",Rp,2.549.000,https://deo.shopeemobile.com/shopee/modules-federation/live/0/shopee__item-card-standard-v2/0.2.8/pc/d7099d3fd1dfdaf705ab.svg,,https://deo.shopeemobile.com/shopee/modules-federation/live/0/shopee__item-card-standard-v2/0.2.8/pc/76dff349290d20891fc1.svg,,,https://deo.shopeemobile.com/shopee/modules-federation/live/0/shopee__item-card-standard-v2/0.2.8/pc/5dd7b4560d0e2d3190e8.svg,Jakarta Barat,37 Terjual,-35%,https://deo.shopeemobile.com/shopee/modules-federation/live/0/shopee__item-card-standard-v2/0.2.8/pc/b4d1b8a78b3621dbdf4a.svg,"Vivo Y19s 256GB - HP Baru, Kamera AI, Garansi Resmi
Rp
2.549.000
-35%
3.3
37 Terjual
4-7 Hari
Jakarta Barat",https://shopee.co.id/Vivo-Y19s-256GB-HP-Baru-Kamera-AI-Garansi-Resmi-i.1731438781.43578636905?extraParams=%7B%22display_model_id%22%3A224650488241%2C%22model_selection_logic%22%3A3%7D&sp_atk=6d654e98-f93b-41b2-baa0-a6972ed51ce9&xptdk=6d654e98-f93b-41b2-baa0-a6972ed51ce9,https://down-id.img.susercontent.com/file/id-11134258-822wr-mlx5y0tebegw04,,,3.3,,
https://down-id.img.susercontent.com/file/id-11134207-7rbke-m8zolwee9urf8c,Vivo Y29 NFC 8/256GB | 8/128GB | 6/128GB Garansi Resmi Vivo 1 Tahun,Rp,2.999.000,https://deo.shopeemobile.com/shopee/modules-federation/live/0/shopee__item-card-standard-v2/0.2.8/pc/d7099d3fd1dfdaf705ab.svg,,https://deo.shopeemobile.com/shopee/modules-federation/live/0/shopee__item-card-standard-v2/0.2.8/pc/76dff349290d20891fc1.svg,,,https://deo.shopeemobile.com/shopee/modules-federation/live/0/shopee__item-card-standard-v2/0.2.8/pc/5dd7b4560d0e2d3190e8.svg,Jakarta Timur,165 Terjual,,,"Vivo Y29 NFC 8/256GB | 8/128GB | 6/128GB Garansi Resmi Vivo 1 Tahun
Rp
2.999.000
4.9
165 Terjual
3 Hari
Jakarta Timur",https://shopee.co.id/Vivo-Y29-NFC-8-256GB-8-128GB-6-128GB-Garansi-Resmi-Vivo-1-Tahun-i.1385745117.29926424419?extraParams=%7B%22display_model_id%22%3A168720523303%2C%22model_selection_logic%22%3A3%7D&sp_atk=a202467e-5580-4e83-9068-8f2e59f76b5c&xptdk=a202467e-5580-4e83-9068-8f2e59f76b5c,https://down-id.img.susercontent.com/file/id-11134258-8224v-mkvw0cu9r7k1a5,https://deo.shopeemobile.com/shopee/modules-federation/live/0/shopee__item-card-standard-v2/0.2.8/pc/7c9110f78e069acbced7.png,https://deo.shopeemobile.com/shopee/modules-federation/live/0/shopee__item-card-standard-v2/0.2.8/pc/d2a1900a0267d45fd0f5.png,4.9,,
https://down-id.img.susercontent.com/file/id-11134207-7rbk1-m9pfw13mqy2qf7,"vivo Y29 (6/128) - Design Marmer Eksklusif, 6500mAh Tahan 3 Hari, Tahan Banting Ekstrem, AI Erase 2.0 + AI Circle to Search",Rp,2.999.000,https://deo.shopeemobile.com/shopee/modules-federation/live/0/shopee__item-card-standard-v2/0.2.8/pc/d7099d3fd1dfdaf705ab.svg,,https://deo.shopeemobile.com/shopee/modules-federation/live/0/shopee__item-card-standard-v2/0.2.8/pc/76dff349290d20891fc1.svg,,,https://deo.shopeemobile.com/shopee/modules-federation/live/0/shopee__item-card-standard-v2/0.2.8/pc/5dd7b4560d0e2d3190e8.svg,Surabaya,2RB+ Terjual,,,"vivo Y29 (6/128) - Design Marmer Eksklusif, 6500mAh Tahan 3 Hari, Tahan Banting Ekstrem, AI Erase 2.0 + AI Circle to Search
Rp
2.999.000
4.9
2RB+ Terjual
2-4 Hari
Surabaya",https://shopee.co.id/vivo-Y29-(6-128)-Design-Marmer-Eksklusif-6500mAh-Tahan-3-Hari-Tahan-Banting-Ekstrem-AI-Erase-2.0-AI-Circle-to-Search-i.30843261.24041373473?extraParams=%7B%22display_model_id%22%3A223797262402%2C%22model_selection_logic%22%3A3%7D&sp_atk=2dc69729-484a-4220-bae0-f3b3ce842926&xptdk=2dc69729-484a-4220-bae0-f3b3ce842926,https://down-id.img.susercontent.com/file/id-11134258-822wk-mnbbsy3o6tqb85,https://deo.shopeemobile.com/shopee/modules-federation/live/0/shopee__item-card-standard-v2/0.2.8/pc/7c9110f78e069acbced7.png,https://deo.shopeemobile.com/shopee/modules-federation/live/0/shopee__item-card-standard-v2/0.2.8/pc/d2a1900a0267d45fd0f5.png,4.9,,
https://down-id.img.susercontent.com/file/id-11134207-7ra0p-md5uptj5exr7bc,VIVO Y400 - NEW  (8/128GB - 8/256GB ) - TAHAN AIR - BATERAI BESAR - GARANSI RESMI,Rp,3.409.000,https://deo.shopeemobile.com/shopee/modules-federation/live/0/shopee__item-card-standard-v2/0.2.8/pc/d7099d3fd1dfdaf705ab.svg,,https://deo.shopeemobile.com/shopee/modules-federation/live/0/shopee__item-card-standard-v2/0.2.8/pc/76dff349290d20891fc1.svg,,,https://deo.shopeemobile.com/shopee/modules-federation/live/0/shopee__item-card-standard-v2/0.2.8/pc/5dd7b4560d0e2d3190e8.svg,Banjarmasin,104 Terjual,-1%,https://deo.shopeemobile.com/shopee/modules-federation/live/0/shopee__item-card-standard-v2/0.2.8/pc/b4d1b8a78b3621dbdf4a.svg,"VIVO Y400 - NEW (8/128GB - 8/256GB ) - TAHAN AIR - BATERAI BESAR - GARANSI RESMI
Rp
3.409.000
-1%
Kombo Hemat
5.0
104 Terjual
4-7 Hari
Banjarmasin",https://shopee.co.id/VIVO-Y400-NEW-(8-128GB-8-256GB-)-TAHAN-AIR-BATERAI-BESAR-GARANSI-RESMI-i.53222836.43011986564?extraParams=%7B%22display_model_id%22%3A306004342161%2C%22model_selection_logic%22%3A3%7D&sp_atk=564dcc49-06ad-472a-a161-77cd11de20e0&xptdk=564dcc49-06ad-472a-a161-77cd11de20e0,https://down-id.img.susercontent.com/file/id-11134258-822ws-mnciva8io4qu2f,https://deo.shopeemobile.com/shopee/modules-federation/live/0/shopee__item-card-standard-v2/0.2.8/pc/a425c915798471b33e5d.png,,5.0,Kombo Hemat,
https://down-id.img.susercontent.com/file/id-11134207-7rbkc-m7j26yhkdzak83,Vivo V40 Lite 4G 8/256GB | 12/512GB Garansi Resmi Vivo Indonesia,Rp,3.030.000,https://deo.shopeemobile.com/shopee/modules-federation/live/0/shopee__item-card-standard-v2/0.2.8/pc/d7099d3fd1dfdaf705ab.svg,,https://deo.shopeemobile.com/shopee/modules-federation/live/0/shopee__item-card-standard-v2/0.2.8/pc/76dff349290d20891fc1.svg,,,https://deo.shopeemobile.com/shopee/modules-federation/live/0/shopee__item-card-standard-v2/0.2.8/pc/5dd7b4560d0e2d3190e8.svg,Surabaya,318 Terjual,-30%,,"Vivo V40 Lite 4G 8/256GB | 12/512GB Garansi Resmi Vivo Indonesia
Rp
3.030.000
-30%
Cicilan
4.9
318 Terjual
2-4 Hari
Surabaya",https://shopee.co.id/Vivo-V40-Lite-4G-8-256GB-12-512GB-Garansi-Resmi-Vivo-Indonesia-i.295861257.4566216721?extraParams=%7B%22display_model_id%22%3A188328814291%2C%22model_selection_logic%22%3A3%7D&sp_atk=e64d532b-206e-4535-9391-26568e1e129a&xptdk=e64d532b-206e-4535-9391-26568e1e129a,https://down-id.img.susercontent.com/file/id-11134258-8224v-mkvw0cu9r7k1a5,https://deo.shopeemobile.com/shopee/modules-federation/live/0/shopee__item-card-standard-v2/0.2.8/pc/a425c915798471b33e5d.png,,4.9,Cicilan,
https://down-id.img.susercontent.com/file/id-11134207-8224p-mg21z4a3ghla54,VIVO Y21D 8/128 & 6/128 & 4/128 Garansi Resmi,Rp,2.569.000,https://deo.shopeemobile.com/shopee/modules-federation/live/0/shopee__item-card-standard-v2/0.2.8/pc/d7099d3fd1dfdaf705ab.svg,,https://deo.shopeemobile.com/shopee/modules-federation/live/0/shopee__item-card-standard-v2/0.2.8/pc/76dff349290d20891fc1.svg,,,https://deo.shopeemobile.com/shopee/modules-federation/live/0/shopee__item-card-standard-v2/0.2.8/pc/5dd7b4560d0e2d3190e8.svg,Palembang,407 Terjual,,,"VIVO Y21D 8/128 & 6/128 & 4/128 Garansi Resmi
Rp
2.569.000
Cicilan
5.0
407 Terjual
5-8 Hari
Palembang",https://shopee.co.id/VIVO-Y21D-8-128-6-128-4-128-Garansi-Resmi-i.185054446.4328331692?extraParams=%7B%22display_model_id%22%3A185591360027%2C%22model_selection_logic%22%3A3%7D&sp_atk=c904f667-1114-41c3-8601-0f5e76ae53e1&xptdk=c904f667-1114-41c3-8601-0f5e76ae53e1,https://down-id.img.susercontent.com/file/id-11134258-822wr-mlx5y0tebegw04,https://deo.shopeemobile.com/shopee/modules-federation/live/0/shopee__item-card-standard-v2/0.2.8/pc/e4734dab67ee2f9ebd5a.png,https://deo.shopeemobile.com/shopee/modules-federation/live/0/shopee__item-card-standard-v2/0.2.8/pc/d2a1900a0267d45fd0f5.png,5.0,Cicilan,
https://down-id.img.susercontent.com/file/id-11134207-8224u-mhoz0koys2yqb6,Vivo V40 Lite 5G (RAM 8/256GB) & V21 Garansi Resmi Vivo,Rp,2.828.900,https://deo.shopeemobile.com/shopee/modules-federation/live/0/shopee__item-card-standard-v2/0.2.8/pc/d7099d3fd1dfdaf705ab.svg,,https://deo.shopeemobile.com/shopee/modules-federation/live/0/shopee__item-card-standard-v2/0.2.8/pc/76dff349290d20891fc1.svg,,,https://deo.shopeemobile.com/shopee/modules-federation/live/0/shopee__item-card-standard-v2/0.2.8/pc/5dd7b4560d0e2d3190e8.svg,Kab. Tangerang,7RB+ Terjual,-1%,https://deo.shopeemobile.com/shopee/modules-federation/live/0/shopee__item-card-standard-v2/0.2.8/pc/b4d1b8a78b3621dbdf4a.svg,"Vivo V40 Lite 5G (RAM 8/256GB) & V21 Garansi Resmi Vivo
Rp
2.828.900
-1%
Cicilan
4.6
7RB+ Terjual
3-5 Hari
Kab. Tangerang",https://shopee.co.id/Vivo-V40-Lite-5G-(RAM-8-256GB)-V21-Garansi-Resmi-Vivo-i.228720061.7437633100?extraParams=%7B%22display_model_id%22%3A335228941661%2C%22model_selection_logic%22%3A3%7D&sp_atk=c8fb830d-4acc-4069-aa3e-ea0b7992b4de&xptdk=c8fb830d-4acc-4069-aa3e-ea0b7992b4de,https://down-id.img.susercontent.com/file/id-11134258-822ws-mnciva8io4qu2f,,https://deo.shopeemobile.com/shopee/modules-federation/live/0/shopee__item-card-standard-v2/0.2.8/pc/d2a1900a0267d45fd0f5.png,4.6,Cicilan,
https://down-id.img.susercontent.com/file/id-11134207-7ra0h-mc82j4n7gq1q05,Vivo Y19s Pro 6/128 GB | 4/128 GB | 4/64 GB Terbaru Garansi Resmi Vivo Indonesia,Rp,1.899.000,https://deo.shopeemobile.com/shopee/modules-federation/live/0/shopee__item-card-standard-v2/0.2.8/pc/d7099d3fd1dfdaf705ab.svg,,https://deo.shopeemobile.com/shopee/modules-federation/live/0/shopee__item-card-standard-v2/0.2.8/pc/76dff349290d20891fc1.svg,,,https://deo.shopeemobile.com/shopee/modules-federation/live/0/shopee__item-card-standard-v2/0.2.8/pc/5dd7b4560d0e2d3190e8.svg,Surabaya,25 Terjual,,,"Vivo Y19s Pro 6/128 GB | 4/128 GB | 4/64 GB Terbaru Garansi Resmi Vivo Indonesia
Rp
1.899.000
4.9
25 Terjual
2-3 Hari
Surabaya",https://shopee.co.id/Vivo-Y19s-Pro-6-128-GB-4-128-GB-4-64-GB-Terbaru-Garansi-Resmi-Vivo-Indonesia-i.82770881.41058609522?extraParams=%7B%22display_model_id%22%3A275725304929%2C%22model_selection_logic%22%3A3%7D&sp_atk=4d693ff3-cead-43f7-b77d-719ec759088c&xptdk=4d693ff3-cead-43f7-b77d-719ec759088c,https://down-id.img.susercontent.com/file/id-11134258-8224v-mkvw0cu9r7k1a5,https://deo.shopeemobile.com/shopee/modules-federation/live/0/shopee__item-card-standard-v2/0.2.8/pc/a425c915798471b33e5d.png,,4.9,,
https://down-id.img.susercontent.com/file/id-11134207-7rasb-m2yztzetit5d30,VIVO Y19s Ram6/128Gb 100% Garansi Resmi Vivo Srvice Center 1Tahun Di seluruh Indonesia,Rp,1.899.000,https://deo.shopeemobile.com/shopee/modules-federation/live/0/shopee__item-card-standard-v2/0.2.8/pc/d7099d3fd1dfdaf705ab.svg,,https://deo.shopeemobile.com/shopee/modules-federation/live/0/shopee__item-card-standard-v2/0.2.8/pc/76dff349290d20891fc1.svg,,,https://deo.shopeemobile.com/shopee/modules-federation/live/0/shopee__item-card-standard-v2/0.2.8/pc/5dd7b4560d0e2d3190e8.svg,Surabaya,522 Terjual,,,"VIVO Y19s Ram6/128Gb 100% Garansi Resmi Vivo Srvice Center 1Tahun Di seluruh Indonesia
Rp
1.899.000
Cicilan
5.0
522 Terjual
2-4 Hari
Surabaya",https://shopee.co.id/VIVO-Y19s-Ram6-128Gb-100-Garansi-Resmi-Vivo-Srvice-Center-1Tahun-Di-seluruh-Indonesia-i.34104270.3801434629?extraParams=%7B%22display_model_id%22%3A129150332348%2C%22model_selection_logic%22%3A3%7D&sp_atk=032ef887-7db1-4ddc-b0b2-110468d56581&xptdk=032ef887-7db1-4ddc-b0b2-110468d56581,https://down-id.img.susercontent.com/file/id-11134258-822ws-mnciva8io4qu2f,https://deo.shopeemobile.com/shopee/modules-federation/live/0/shopee__item-card-standard-v2/0.2.8/pc/e4734dab67ee2f9ebd5a.png,,5.0,Cicilan,
https://down-id.img.susercontent.com/file/id-11134207-7qukx-lhbm97ng7rmkf9,Vivo Y36 4G & 5G 8/256 Garansi Resmi vivo 1 Tahun,Rp,2.999.000,https://deo.shopeemobile.com/shopee/modules-federation/live/0/shopee__item-card-standard-v2/0.2.8/pc/d7099d3fd1dfdaf705ab.svg,,https://deo.shopeemobile.com/shopee/modules-federation/live/0/shopee__item-card-standard-v2/0.2.8/pc/38e203dc86172a6c6560.svg,https://deo.shopeemobile.com/shopee/modules-federation/live/0/shopee__item-card-standard-v2/0.2.8/pc/0614b8f0a8fdde22942d.svg,< 2 Hari,https://deo.shopeemobile.com/shopee/modules-federation/live/0/shopee__item-card-standard-v2/0.2.8/pc/5dd7b4560d0e2d3190e8.svg,Surabaya,105 Terjual,,,"Vivo Y36 4G & 5G 8/256 Garansi Resmi vivo 1 Tahun
Rp
2.999.000
4.9
105 Terjual
< 2 Hari
Surabaya",https://shopee.co.id/Vivo-Y36-4G-5G-8-256-Garansi-Resmi-vivo-1-Tahun-i.134819232.19204109267?extraParams=%7B%22display_model_id%22%3A196775592995%2C%22model_selection_logic%22%3A3%7D&sp_atk=c39f9dda-6db6-467d-bb65-0178319ff5d1&xptdk=c39f9dda-6db6-467d-bb65-0178319ff5d1,https://down-id.img.susercontent.com/file/id-11134258-8224v-mkvw0cu9r7k1a5,https://deo.shopeemobile.com/shopee/modules-federation/live/0/shopee__item-card-standard-v2/0.2.8/pc/a425c915798471b33e5d.png,https://deo.shopeemobile.com/shopee/modules-federation/live/0/shopee__item-card-standard-v2/0.2.8/pc/d2a1900a0267d45fd0f5.png,4.9,,
https://down-id.img.susercontent.com/file/id-11134207-7ra0j-mc5hum8yncm969,VIVO V50 LITE 4G {8GB/128GB} {8GB/256GB} GARANSI RESMI VIVO INDONESIA,Rp,3.499.000,https://deo.shopeemobile.com/shopee/modules-federation/live/0/shopee__item-card-standard-v2/0.2.8/pc/d7099d3fd1dfdaf705ab.svg,,https://deo.shopeemobile.com/shopee/modules-federation/live/0/shopee__item-card-standard-v2/0.2.8/pc/76dff349290d20891fc1.svg,,Cashback 99%,https://deo.shopeemobile.com/shopee/modules-federation/live/0/shopee__item-card-standard-v2/0.2.8/pc/5dd7b4560d0e2d3190e8.svg,Surabaya,115 Terjual,-3%,,"VIVO V50 LITE 4G {8GB/128GB} {8GB/256GB} GARANSI RESMI VIVO INDONESIA
Rp
3.499.000
-3%
Cashback 99%
5.0
115 Terjual
2-4 Hari
Surabaya",https://shopee.co.id/VIVO-V50-LITE-4G-8GB-128GB-8GB-256GB-GARANSI-RESMI-VIVO-INDONESIA-i.498628876.18992430930?extraParams=%7B%22display_model_id%22%3A430711276439%2C%22model_selection_logic%22%3A3%7D&sp_atk=6ac87b4f-e9c4-431b-925d-2a32244e94c8&xptdk=6ac87b4f-e9c4-431b-925d-2a32244e94c8,https://down-id.img.susercontent.com/file/id-11134258-8224v-mkvw0cu9r7k1a5,https://deo.shopeemobile.com/shopee/modules-federation/live/0/shopee__item-card-standard-v2/0.2.8/pc/e4734dab67ee2f9ebd5a.png,,5.0,,
https://down-id.img.susercontent.com/file/ab2ac0968d715f4ce7c3c9a6e00f2e98,HP VIVO Y33S 8+4 GB Extended ROM 128 GB ( Vivo Y33S Ram 12/128 GB ) GARANSI RESMI,Rp,1.699.000,https://deo.shopeemobile.com/shopee/modules-federation/live/0/shopee__item-card-standard-v2/0.2.8/pc/d7099d3fd1dfdaf705ab.svg,4.9,https://deo.shopeemobile.com/shopee/modules-federation/live/0/shopee__item-card-standard-v2/0.2.8/pc/76dff349290d20891fc1.svg,,,https://deo.shopeemobile.com/shopee/modules-federation/live/0/shopee__item-card-standard-v2/0.2.8/pc/5dd7b4560d0e2d3190e8.svg,Jakarta Timur,3 Hari,,,"HP VIVO Y33S 8+4 GB Extended ROM 128 GB ( Vivo Y33S Ram 12/128 GB ) GARANSI RESMI
Rp
1.699.000
4.9
48 Terjual
3 Hari
Jakarta Timur",https://shopee.co.id/HP-VIVO-Y33S-8-4-GB-Extended-ROM-128-GB-(-Vivo-Y33S-Ram-12-128-GB-)-GARANSI-RESMI-i.90513348.12875115625?extraParams=%7B%22display_model_id%22%3A271212951594%2C%22model_selection_logic%22%3A3%7D&sp_atk=cde02559-e10e-4f38-a493-7d89093c1e74&xptdk=cde02559-e10e-4f38-a493-7d89093c1e74,https://down-id.img.susercontent.com/file/id-11134258-8224v-mkvw0cu9r7k1a5,https://deo.shopeemobile.com/shopee/modules-federation/live/0/shopee__item-card-standard-v2/0.2.8/pc/a425c915798471b33e5d.png,https://deo.shopeemobile.com/shopee/modules-federation/live/0/shopee__item-card-standard-v2/0.2.8/pc/d2a1900a0267d45fd0f5.png,,,48 Terjual
https://down-id.img.susercontent.com/file/id-11134207-8224q-mgd60bhcrymi9e,Vivo Y21D RAM 8GB/128GB Layar 6.68 Inci IP68,Rp,2.947.000,https://deo.shopeemobile.com/shopee/modules-federation/live/0/shopee__item-card-standard-v2/0.2.8/pc/d7099d3fd1dfdaf705ab.svg,5.0,https://deo.shopeemobile.com/shopee/modules-federation/live/0/shopee__item-card-standard-v2/0.2.8/pc/76dff349290d20891fc1.svg,,,https://deo.shopeemobile.com/shopee/modules-federation/live/0/shopee__item-card-standard-v2/0.2.8/pc/5dd7b4560d0e2d3190e8.svg,Samarinda,2-5 Hari,-2%,,"Vivo Y21D RAM 8GB/128GB Layar 6.68 Inci IP68
Rp
2.947.000
-2%
5.0
43 Terjual
2-5 Hari
Samarinda",https://shopee.co.id/Vivo-Y21D-RAM-8GB-128GB-Layar-6.68-Inci-IP68-i.60878004.28693438309?extraParams=%7B%22display_model_id%22%3A330025464993%2C%22model_selection_logic%22%3A3%7D&sp_atk=1a05615d-c6fe-4913-8737-3036a95cda34&xptdk=1a05615d-c6fe-4913-8737-3036a95cda34,https://down-id.img.susercontent.com/file/id-11134258-8224v-mkvw0cu9r7k1a5,https://deo.shopeemobile.com/shopee/modules-federation/live/0/shopee__item-card-standard-v2/0.2.8/pc/a425c915798471b33e5d.png,,,,43 Terjual
https://down-id.img.susercontent.com/file/id-11134207-7ra0p-md5uptj5exr7bc,VIVO Y400 - NEW  (8/128GB - 8/256GB ) - TAHAN AIR - BATERAI BESAR - GARANSI RESMI,Rp,3.409.000,https://deo.shopeemobile.com/shopee/modules-federation/live/0/shopee__item-card-standard-v2/0.2.8/pc/d7099d3fd1dfdaf705ab.svg,5.0,https://deo.shopeemobile.com/shopee/modules-federation/live/0/shopee__item-card-standard-v2/0.2.8/pc/76dff349290d20891fc1.svg,,,https://deo.shopeemobile.com/shopee/modules-federation/live/0/shopee__item-card-standard-v2/0.2.8/pc/5dd7b4560d0e2d3190e8.svg,Banjarmasin,4-7 Hari,-1%,https://deo.shopeemobile.com/shopee/modules-federation/live/0/shopee__item-card-standard-v2/0.2.8/pc/b4d1b8a78b3621dbdf4a.svg,"VIVO Y400 - NEW (8/128GB - 8/256GB ) - TAHAN AIR - BATERAI BESAR - GARANSI RESMI
Rp
3.409.000
-1%
Kombo Hemat
5.0
104 Terjual
4-7 Hari
Banjarmasin",https://shopee.co.id/VIVO-Y400-NEW-(8-128GB-8-256GB-)-TAHAN-AIR-BATERAI-BESAR-GARANSI-RESMI-i.53222836.43011986564?extraParams=%7B%22display_model_id%22%3A306004342161%2C%22model_selection_logic%22%3A3%7D&sp_atk=0fed09ed-7dfb-4188-974b-81a7a36bbbe2&xptdk=0fed09ed-7dfb-4188-974b-81a7a36bbbe2,https://down-id.img.susercontent.com/file/id-11134258-822ws-mnciva8io4qu2f,https://deo.shopeemobile.com/shopee/modules-federation/live/0/shopee__item-card-standard-v2/0.2.8/pc/a425c915798471b33e5d.png,,,Kombo Hemat,104 Terjual
https://down-id.img.susercontent.com/file/id-11134207-7r98t-lu7e6d189vh043,Vivo Y27 5G 6/128 Purple,Rp,1.800.000,,,https://deo.shopeemobile.com/shopee/modules-federation/live/0/shopee__item-card-standard-v2/0.2.8/pc/76dff349290d20891fc1.svg,,,https://deo.shopeemobile.com/shopee/modules-federation/live/0/shopee__item-card-standard-v2/0.2.8/pc/5dd7b4560d0e2d3190e8.svg,Palangka Raya,3 Hari,,,"Vivo Y27 5G 6/128 Purple
Rp
1.800.000
3 Hari
Palangka Raya",https://shopee.co.id/Vivo-Y27-5G-6-128-Purple-i.242031063.24124703136?extraParams=%7B%22display_model_id%22%3A185034648971%2C%22model_selection_logic%22%3A3%7D&sp_atk=7a1c158d-d7e1-4985-afb3-bd43306c704a&xptdk=7a1c158d-d7e1-4985-afb3-bd43306c704a,https://down-id.img.susercontent.com/file/id-11134258-822wr-mlx67rtd6r602f,https://deo.shopeemobile.com/shopee/modules-federation/live/0/shopee__item-card-standard-v2/0.2.8/pc/a425c915798471b33e5d.png,,,,3 Hari
https://down-id.img.susercontent.com/file/id-11134207-7ras8-m1ruzy7aejq73f,Vivo V40 Lite 8/128 Gb - Garansi Resmi 100% Original,Rp,2.999.000,https://deo.shopeemobile.com/shopee/modules-federation/live/0/shopee__item-card-standard-v2/0.2.8/pc/d7099d3fd1dfdaf705ab.svg,5.0,https://deo.shopeemobile.com/shopee/modules-federation/live/0/shopee__item-card-standard-v2/0.2.8/pc/38e203dc86172a6c6560.svg,https://deo.shopeemobile.com/shopee/modules-federation/live/0/shopee__item-card-standard-v2/0.2.8/pc/0614b8f0a8fdde22942d.svg,< 2 Hari,https://deo.shopeemobile.com/shopee/modules-federation/live/0/shopee__item-card-standard-v2/0.2.8/pc/5dd7b4560d0e2d3190e8.svg,Surabaya,,,,"Vivo V40 Lite 8/128 Gb - Garansi Resmi 100% Original
Rp
2.999.000
5.0
12 Terjual
< 2 Hari
Surabaya",https://shopee.co.id/Vivo-V40-Lite-8-128-Gb-Garansi-Resmi-100-Original-i.288401332.26465445586?extraParams=%7B%22display_model_id%22%3A207914150374%2C%22model_selection_logic%22%3A3%7D&sp_atk=a18dab2d-8f98-4120-909e-45855d677a49&xptdk=a18dab2d-8f98-4120-909e-45855d677a49,https://down-id.img.susercontent.com/file/id-11134258-8224v-mkvw0cu9r7k1a5,https://deo.shopeemobile.com/shopee/modules-federation/live/0/shopee__item-card-standard-v2/0.2.8/pc/a425c915798471b33e5d.png,https://deo.shopeemobile.com/shopee/modules-federation/live/0/shopee__item-card-standard-v2/0.2.8/pc/d2a1900a0267d45fd0f5.png,,,12 Terjual
https://down-id.img.susercontent.com/file/id-11134207-7rbkc-m7j26yhkdzak83,Vivo V40 Lite 4G 8/256GB | 12/512GB Garansi Resmi Vivo Indonesia,Rp,3.030.000,https://deo.shopeemobile.com/shopee/modules-federation/live/0/shopee__item-card-standard-v2/0.2.8/pc/d7099d3fd1dfdaf705ab.svg,4.9,https://deo.shopeemobile.com/shopee/modules-federation/live/0/shopee__item-card-standard-v2/0.2.8/pc/76dff349290d20891fc1.svg,,,https://deo.shopeemobile.com/shopee/modules-federation/live/0/shopee__item-card-standard-v2/0.2.8/pc/5dd7b4560d0e2d3190e8.svg,Surabaya,2-4 Hari,-30%,,"Vivo V40 Lite 4G 8/256GB | 12/512GB Garansi Resmi Vivo Indonesia
Rp
3.030.000
-30%
Cicilan
4.9
318 Terjual
2-4 Hari
Surabaya",https://shopee.co.id/Vivo-V40-Lite-4G-8-256GB-12-512GB-Garansi-Resmi-Vivo-Indonesia-i.295861257.4566216721?extraParams=%7B%22display_model_id%22%3A188328814291%2C%22model_selection_logic%22%3A3%7D&sp_atk=0b03d4d5-5bc7-4a00-998d-5a1d96a13c02&xptdk=0b03d4d5-5bc7-4a00-998d-5a1d96a13c02,https://down-id.img.susercontent.com/file/id-11134258-8224v-mkvw0cu9r7k1a5,https://deo.shopeemobile.com/shopee/modules-federation/live/0/shopee__item-card-standard-v2/0.2.8/pc/a425c915798471b33e5d.png,,,Cicilan,318 Terjual
https://down-id.img.susercontent.com/file/id-11134207-822wi-mlucinwb7xfn4d,Vivo Y19s Pro Ram 4/64GB I Ram 4/128GB I Ram 6/128GB Segel Original & Bergaransi Resmi,Rp,1.749.479,https://deo.shopeemobile.com/shopee/modules-federation/live/0/shopee__item-card-standard-v2/0.2.8/pc/d7099d3fd1dfdaf705ab.svg,4.8,https://deo.shopeemobile.com/shopee/modules-federation/live/0/shopee__item-card-standard-v2/0.2.8/pc/76dff349290d20891fc1.svg,,,https://deo.shopeemobile.com/shopee/modules-federation/live/0/shopee__item-card-standard-v2/0.2.8/pc/5dd7b4560d0e2d3190e8.svg,Surabaya,2-4 Hari,-17%,,"Vivo Y19s Pro Ram 4/64GB I Ram 4/128GB I Ram 6/128GB Segel Original & Bergaransi Resmi
Rp
1.749.479
-17%
4.8
115 Terjual
2-4 Hari
Surabaya",https://shopee.co.id/Vivo-Y19s-Pro-Ram-4-64GB-I-Ram-4-128GB-I-Ram-6-128GB-Segel-Original-Bergaransi-Resmi-i.233982802.44413140096?extraParams=%7B%22display_model_id%22%3A410095084303%2C%22model_selection_logic%22%3A3%7D&sp_atk=d549de8e-d1c5-4b2f-bf6b-ccfe3fb91ac3&xptdk=d549de8e-d1c5-4b2f-bf6b-ccfe3fb91ac3,https://down-id.img.susercontent.com/file/id-11134258-822wr-mlx5y0tebegw04,https://deo.shopeemobile.com/shopee/modules-federation/live/0/shopee__item-card-standard-v2/0.2.8/pc/e4734dab67ee2f9ebd5a.png,,,,115 Terjual
https://down-id.img.susercontent.com/file/id-11134207-822wh-mlwxxuzypdsf1e,Vivo Y29 4G Ram 6/128GB I Ram 8/128GB I Ram 8/256GB Segel Original & Bergaransi Resmi,Rp,2.350.000,https://deo.shopeemobile.com/shopee/modules-federation/live/0/shopee__item-card-standard-v2/0.2.8/pc/d7099d3fd1dfdaf705ab.svg,4.8,https://deo.shopeemobile.com/shopee/modules-federation/live/0/shopee__item-card-standard-v2/0.2.8/pc/76dff349290d20891fc1.svg,,,https://deo.shopeemobile.com/shopee/modules-federation/live/0/shopee__item-card-standard-v2/0.2.8/pc/5dd7b4560d0e2d3190e8.svg,Surabaya,2-4 Hari,-6%,,"Vivo Y29 4G Ram 6/128GB I Ram 8/128GB I Ram 8/256GB Segel Original & Bergaransi Resmi
Rp
2.350.000
-6%
4.8
180 Terjual
2-4 Hari
Surabaya",https://shopee.co.id/Vivo-Y29-4G-Ram-6-128GB-I-Ram-8-128GB-I-Ram-8-256GB-Segel-Original-Bergaransi-Resmi-i.233982802.24095362497?extraParams=%7B%22display_model_id%22%3A260739319901%2C%22model_selection_logic%22%3A3%7D&sp_atk=275ac88f-a655-4fca-8a2d-76484ca1fc8e&xptdk=275ac88f-a655-4fca-8a2d-76484ca1fc8e,https://down-id.img.susercontent.com/file/id-11134258-822wr-mlx5y0tebegw04,https://deo.shopeemobile.com/shopee/modules-federation/live/0/shopee__item-card-standard-v2/0.2.8/pc/e4734dab67ee2f9ebd5a.png,,,,180 Terjual
https://down-id.img.susercontent.com/file/id-11134207-8224q-mhmv8cphyh3523,"VIVO Y21D (4/128), (6/128), (6/256) & (8/128) - Garansi Resmi",Rp,2.475.000,https://deo.shopeemobile.com/shopee/modules-federation/live/0/shopee__item-card-standard-v2/0.2.8/pc/d7099d3fd1dfdaf705ab.svg,5.0,https://deo.shopeemobile.com/shopee/modules-federation/live/0/shopee__item-card-standard-v2/0.2.8/pc/76dff349290d20891fc1.svg,,,https://deo.shopeemobile.com/shopee/modules-federation/live/0/shopee__item-card-standard-v2/0.2.8/pc/5dd7b4560d0e2d3190e8.svg,Banjarmasin,4-7 Hari,,,"VIVO Y21D (4/128), (6/128), (6/256) & (8/128) - Garansi Resmi
Rp
2.475.000
5.0
53 Terjual
4-7 Hari
Banjarmasin",https://shopee.co.id/VIVO-Y21D-(4-128)-(6-128)-(6-256)-(8-128)-Garansi-Resmi-i.115532463.29465936870?extraParams=%7B%22display_model_id%22%3A69830905756%2C%22model_selection_logic%22%3A3%7D&sp_atk=ebe81fc4-d871-4dd9-9fbf-e720d56de0f6&xptdk=ebe81fc4-d871-4dd9-9fbf-e720d56de0f6,https://down-id.img.susercontent.com/file/id-11134258-822ws-mnciva8io4qu2f,https://deo.shopeemobile.com/shopee/modules-federation/live/0/shopee__item-card-standard-v2/0.2.8/pc/e4734dab67ee2f9ebd5a.png,,,,53 Terjual
https://down-id.img.susercontent.com/file/id-11134207-81zti-mfmq75dpnpxpa3,"VIVO V60 Lite 5G [8/256 GB] [12/512 GB] - Dimensity 7360-Turbo | AMOLED, 50MP | 6500mAh 90W | GARANSI RESMI VIVO INDONESIA",Rp,4.349.000,https://deo.shopeemobile.com/shopee/modules-federation/live/0/shopee__item-card-standard-v2/0.2.8/pc/d7099d3fd1dfdaf705ab.svg,4.9,https://deo.shopeemobile.com/shopee/modules-federation/live/0/shopee__item-card-standard-v2/0.2.8/pc/76dff349290d20891fc1.svg,,,https://deo.shopeemobile.com/shopee/modules-federation/live/0/shopee__item-card-standard-v2/0.2.8/pc/5dd7b4560d0e2d3190e8.svg,Jakarta Barat,3 Hari,-5%,,"VIVO V60 Lite 5G [8/256 GB] [12/512 GB] - Dimensity 7360-Turbo | AMOLED, 50MP | 6500mAh 90W | GARANSI RESMI VIVO INDONESIA
Rp
4.349.000
-5%
4.9
408 Terjual
3 Hari
Jakarta Barat",https://shopee.co.id/VIVO-V60-Lite-5G-8-256-GB-12-512-GB-Dimensity-7360-Turbo-AMOLED-50MP-6500mAh-90W-GARANSI-RESMI-VIVO-INDONESIA-i.216046779.25044525602?extraParams=%7B%22display_model_id%22%3A425711978194%2C%22model_selection_logic%22%3A3%7D&sp_atk=091fb354-8f1a-4856-899f-eb5ea20514a3&xptdk=091fb354-8f1a-4856-899f-eb5ea20514a3,https://down-id.img.susercontent.com/file/id-11134258-8224v-mkvw0cu9r7k1a5,https://deo.shopeemobile.com/shopee/modules-federation/live/0/shopee__item-card-standard-v2/0.2.8/pc/e4734dab67ee2f9ebd5a.png,,,,408 Terjual
https://down-id.img.susercontent.com/file/id-11134207-7r98w-lwi3lcpvu74af9,Vivo Y28 RAM 6/128 8/128 8/256 Garansi Resmi NFC,Rp,2.350.000,https://deo.shopeemobile.com/shopee/modules-federation/live/0/shopee__item-card-standard-v2/0.2.8/pc/d7099d3fd1dfdaf705ab.svg,4.9,https://deo.shopeemobile.com/shopee/modules-federation/live/0/shopee__item-card-standard-v2/0.2.8/pc/76dff349290d20891fc1.svg,,,https://deo.shopeemobile.com/shopee/modules-federation/live/0/shopee__item-card-standard-v2/0.2.8/pc/5dd7b4560d0e2d3190e8.svg,Bogor,2-3 Hari,,,"Vivo Y28 RAM 6/128 8/128 8/256 Garansi Resmi NFC
Rp
2.350.000
4.9
94 Terjual
2-3 Hari
Bogor",https://shopee.co.id/Vivo-Y28-RAM-6-128-8-128-8-256-Garansi-Resmi-NFC-i.719246066.16125527620?extraParams=%7B%22display_model_id%22%3A232899824852%2C%22model_selection_logic%22%3A3%7D&sp_atk=fad327e8-6cfc-4a8e-b45a-02f53b7222ff&xptdk=fad327e8-6cfc-4a8e-b45a-02f53b7222ff,https://down-id.img.susercontent.com/file/id-11134258-7r98w-lyezzaurybot13,https://deo.shopeemobile.com/shopee/modules-federation/live/0/shopee__item-card-standard-v2/0.2.8/pc/e4734dab67ee2f9ebd5a.png,,,,94 Terjual
https://down-id.img.susercontent.com/file/id-11134207-8224p-mg210e0ykphm07,VIVO Y12S ram 3/32gb GARANSI RESMI 1 TAHUN,Rp,1.460.500,https://deo.shopeemobile.com/shopee/modules-federation/live/0/shopee__item-card-standard-v2/0.2.8/pc/d7099d3fd1dfdaf705ab.svg,4.9,https://deo.shopeemobile.com/shopee/modules-federation/live/0/shopee__item-card-standard-v2/0.2.8/pc/76dff349290d20891fc1.svg,,,https://deo.shopeemobile.com/shopee/modules-federation/live/0/shopee__item-card-standard-v2/0.2.8/pc/5dd7b4560d0e2d3190e8.svg,Surabaya,2-4 Hari,,,"VIVO Y12S ram 3/32gb GARANSI RESMI 1 TAHUN
Rp
1.460.500
4.9
143 Terjual
2-4 Hari
Surabaya",https://shopee.co.id/VIVO-Y12S-ram-3-32gb-GARANSI-RESMI-1-TAHUN-i.7850895.10287188312?extraParams=%7B%22display_model_id%22%3A68364230223%2C%22model_selection_logic%22%3A3%7D&sp_atk=1c2742c8-ee05-45aa-aefe-4f3809689276&xptdk=1c2742c8-ee05-45aa-aefe-4f3809689276,https://down-id.img.susercontent.com/file/id-11134258-822wr-mlx67rtd6r602f,https://deo.shopeemobile.com/shopee/modules-federation/live/0/shopee__item-card-standard-v2/0.2.8/pc/e4734dab67ee2f9ebd5a.png,,,,143 Terjual
https://down-id.img.susercontent.com/file/id-11134207-7rasj-m1ifolg9hyuu75,Vivo Y17s Ram6/128Gb 100%Original & BerGaransi Resmi 1Tahun Resmi,Rp,1.899.000,https://deo.shopeemobile.com/shopee/modules-federation/live/0/shopee__item-card-standard-v2/0.2.8/pc/d7099d3fd1dfdaf705ab.svg,4.9,https://deo.shopeemobile.com/shopee/modules-federation/live/0/shopee__item-card-standard-v2/0.2.8/pc/76dff349290d20891fc1.svg,,,https://deo.shopeemobile.com/shopee/modules-federation/live/0/shopee__item-card-standard-v2/0.2.8/pc/5dd7b4560d0e2d3190e8.svg,Surabaya,2-4 Hari,,,"Vivo Y17s Ram6/128Gb 100%Original & BerGaransi Resmi 1Tahun Resmi
Rp
1.899.000
Cicilan
4.9
64 Terjual
2-4 Hari
Surabaya",https://shopee.co.id/Vivo-Y17s-Ram6-128Gb-100-Original-BerGaransi-Resmi-1Tahun-Resmi-i.34104270.6831739282?extraParams=%7B%22display_model_id%22%3A138815451168%2C%22model_selection_logic%22%3A3%7D&sp_atk=9e68a1fc-89b2-47e3-a730-5de91b678973&xptdk=9e68a1fc-89b2-47e3-a730-5de91b678973,https://down-id.img.susercontent.com/file/id-11134258-822ws-mnciva8io4qu2f,https://deo.shopeemobile.com/shopee/modules-federation/live/0/shopee__item-card-standard-v2/0.2.8/pc/e4734dab67ee2f9ebd5a.png,,,Cicilan,64 Terjual
https://down-id.img.susercontent.com/file/id-11134207-7rasd-m5f725frorrsfa,Vivo Y19s Ram 6/128 Gb | 4/128 Gb | 4/64 Gb Garansi Resmi Vivo Indonesia,Rp,1.849.000,https://deo.shopeemobile.com/shopee/modules-federation/live/0/shopee__item-card-standard-v2/0.2.8/pc/d7099d3fd1dfdaf705ab.svg,4.9,https://deo.shopeemobile.com/shopee/modules-federation/live/0/shopee__item-card-standard-v2/0.2.8/pc/76dff349290d20891fc1.svg,,,https://deo.shopeemobile.com/shopee/modules-federation/live/0/shopee__item-card-standard-v2/0.2.8/pc/5dd7b4560d0e2d3190e8.svg,Surabaya,2-3 Hari,,,"Vivo Y19s Ram 6/128 Gb | 4/128 Gb | 4/64 Gb Garansi Resmi Vivo Indonesia
Rp
1.849.000
4.9
112 Terjual
2-3 Hari
Surabaya",https://shopee.co.id/Vivo-Y19s-Ram-6-128-Gb-4-128-Gb-4-64-Gb-Garansi-Resmi-Vivo-Indonesia-i.82770881.28574598953?extraParams=%7B%22display_model_id%22%3A252553921275%2C%22model_selection_logic%22%3A3%7D&sp_atk=07853c9d-1e96-46d5-bde3-273192b4ac4f&xptdk=07853c9d-1e96-46d5-bde3-273192b4ac4f,https://down-id.img.susercontent.com/file/id-11134258-8224v-mkvw0cu9r7k1a5,https://deo.shopeemobile.com/shopee/modules-federation/live/0/shopee__item-card-standard-v2/0.2.8/pc/a425c915798471b33e5d.png,,,,112 Terjual
https://down-id.img.susercontent.com/file/id-11134207-8224u-mhoz0koys2yqb6,Vivo V40 Lite 5G (RAM 8/256GB) & V21 Garansi Resmi Vivo,Rp,2.828.900,https://deo.shopeemobile.com/shopee/modules-federation/live/0/shopee__item-card-standard-v2/0.2.8/pc/d7099d3fd1dfdaf705ab.svg,4.6,https://deo.shopeemobile.com/shopee/modules-federation/live/0/shopee__item-card-standard-v2/0.2.8/pc/76dff349290d20891fc1.svg,,,https://deo.shopeemobile.com/shopee/modules-federation/live/0/shopee__item-card-standard-v2/0.2.8/pc/5dd7b4560d0e2d3190e8.svg,Kab. Tangerang,3-5 Hari,-1%,https://deo.shopeemobile.com/shopee/modules-federation/live/0/shopee__item-card-standard-v2/0.2.8/pc/b4d1b8a78b3621dbdf4a.svg,"Vivo V40 Lite 5G (RAM 8/256GB) & V21 Garansi Resmi Vivo
Rp
2.828.900
-1%
Cicilan
4.6
7RB+ Terjual
3-5 Hari
Kab. Tangerang",https://shopee.co.id/Vivo-V40-Lite-5G-(RAM-8-256GB)-V21-Garansi-Resmi-Vivo-i.228720061.7437633100?extraParams=%7B%22display_model_id%22%3A335228941661%2C%22model_selection_logic%22%3A3%7D&sp_atk=d914d924-9a93-402e-8edf-b64ce35188a4&xptdk=d914d924-9a93-402e-8edf-b64ce35188a4,https://down-id.img.susercontent.com/file/id-11134258-822ws-mnciva8io4qu2f,,https://deo.shopeemobile.com/shopee/modules-federation/live/0/shopee__item-card-standard-v2/0.2.8/pc/d2a1900a0267d45fd0f5.png,,Cicilan,7RB+ Terjual
https://down-id.img.susercontent.com/file/id-11134207-7qukw-lf2g4n8jyem22a,Vivo V27 5G 8/256 Garansi Resmi vivo 1 Tahun,Rp,3.499.000,https://deo.shopeemobile.com/shopee/modules-federation/live/0/shopee__item-card-standard-v2/0.2.8/pc/d7099d3fd1dfdaf705ab.svg,4.8,https://deo.shopeemobile.com/shopee/modules-federation/live/0/shopee__item-card-standard-v2/0.2.8/pc/76dff349290d20891fc1.svg,,,https://deo.shopeemobile.com/shopee/modules-federation/live/0/shopee__item-card-standard-v2/0.2.8/pc/5dd7b4560d0e2d3190e8.svg,Surabaya,2-4 Hari,,,"Vivo V27 5G 8/256 Garansi Resmi vivo 1 Tahun
Rp
3.499.000
Cicilan
4.8
321 Terjual
2-4 Hari
Surabaya",https://shopee.co.id/Vivo-V27-5G-8-256-Garansi-Resmi-vivo-1-Tahun-i.134819232.2850652622?extraParams=%7B%22display_model_id%22%3A68323524665%2C%22model_selection_logic%22%3A3%7D&sp_atk=ec1ea00a-4f40-4401-9335-f51c91f568ac&xptdk=ec1ea00a-4f40-4401-9335-f51c91f568ac,https://down-id.img.susercontent.com/file/id-11134258-8224v-mkvw0cu9r7k1a5,https://deo.shopeemobile.com/shopee/modules-federation/live/0/shopee__item-card-standard-v2/0.2.8/pc/a425c915798471b33e5d.png,https://deo.shopeemobile.com/shopee/modules-federation/live/0/shopee__item-card-standard-v2/0.2.8/pc/d2a1900a0267d45fd0f5.png,,Cicilan,321 Terjual
https://down-id.img.susercontent.com/file/id-11134207-822wr-mmms6vpazh8m7c,VIVO Y05 Ram 4/128GB | Baterai 6500 mAh | Tahan banting | Black & Blue,Rp,1.999.000,https://deo.shopeemobile.com/shopee/modules-federation/live/0/shopee__item-card-standard-v2/0.2.8/pc/d7099d3fd1dfdaf705ab.svg,5.0,https://deo.shopeemobile.com/shopee/modules-federation/live/0/shopee__item-card-standard-v2/0.2.8/pc/38e203dc86172a6c6560.svg,https://deo.shopeemobile.com/shopee/modules-federation/live/0/shopee__item-card-standard-v2/0.2.8/pc/0614b8f0a8fdde22942d.svg,< 2 Hari,https://deo.shopeemobile.com/shopee/modules-federation/live/0/shopee__item-card-standard-v2/0.2.8/pc/5dd7b4560d0e2d3190e8.svg,Kab. Sidoarjo,,,,"VIVO Y05 Ram 4/128GB | Baterai 6500 mAh | Tahan banting | Black & Blue
Rp
1.999.000
Cicilan
5.0
102 Terjual
< 2 Hari
Kab. Sidoarjo",https://shopee.co.id/VIVO-Y05-Ram-4-128GB-Baterai-6500-mAh-Tahan-banting-Black-Blue-i.105988844.4678461677?extraParams=%7B%22display_model_id%22%3A176130177343%2C%22model_selection_logic%22%3A3%7D&sp_atk=d978b20c-63a3-4913-aed4-f936028ac6be&xptdk=d978b20c-63a3-4913-aed4-f936028ac6be,https://down-id.img.susercontent.com/file/id-11134258-8224v-mkvw0cu9r7k1a5,,,,Cicilan,102 Terjual
https://down-id.img.susercontent.com/file/id-11134207-8224s-ml4lvrkrf66nb6,VIVO V29 8/128 GARANSI RESMI INDONESIA.,Rp,2.395.000,,,https://deo.shopeemobile.com/shopee/modules-federation/live/0/shopee__item-card-standard-v2/0.2.8/pc/76dff349290d20891fc1.svg,,,https://deo.shopeemobile.com/shopee/modules-federation/live/0/shopee__item-card-standard-v2/0.2.8/pc/5dd7b4560d0e2d3190e8.svg,Surabaya,3 Hari,,,"VIVO V29 8/128 GARANSI RESMI INDONESIA.
Rp
2.395.000
3 Hari
Surabaya",https://shopee.co.id/VIVO-V29-8-128-GARANSI-RESMI-INDONESIA.-i.1654541848.44606445021?extraParams=%7B%22display_model_id%22%3A400578769582%2C%22model_selection_logic%22%3A3%7D&sp_atk=c9d988e2-2952-4219-9dc7-ad879ba611ab&xptdk=c9d988e2-2952-4219-9dc7-ad879ba611ab,https://down-id.img.susercontent.com/file/id-11134258-7r98w-lyezzaurybot13,,,,,3 Hari
https://down-id.img.susercontent.com/file/id-11134207-8224t-midxpna4znyce2,HP BARU VIVO T1 5G 4/128 4GB 128GB ORIGINAL GARANSI RESMI,Rp,1.999.000,https://deo.shopeemobile.com/shopee/modules-federation/live/0/shopee__item-card-standard-v2/0.2.8/pc/d7099d3fd1dfdaf705ab.svg,5.0,https://deo.shopeemobile.com/shopee/modules-federation/live/0/shopee__item-card-standard-v2/0.2.8/pc/76dff349290d20891fc1.svg,,,https://deo.shopeemobile.com/shopee/modules-federation/live/0/shopee__item-card-standard-v2/0.2.8/pc/5dd7b4560d0e2d3190e8.svg,Kab. Kota Waringin Barat,3-5 Hari,,,"HP BARU VIVO T1 5G 4/128 4GB 128GB ORIGINAL GARANSI RESMI
Rp
1.999.000
5.0
2 Terjual
3-5 Hari
Kab. Kota Waringin Barat",https://shopee.co.id/HP-BARU-VIVO-T1-5G-4-128-4GB-128GB-ORIGINAL-GARANSI-RESMI-i.135970222.19613713891?extraParams=%7B%22display_model_id%22%3A345313193490%2C%22model_selection_logic%22%3A3%7D&sp_atk=518a4a97-d5a1-468d-8e1f-7ba665072d71&xptdk=518a4a97-d5a1-468d-8e1f-7ba665072d71,https://down-id.img.susercontent.com/file/id-11134258-8224v-mkvw0cu9r7k1a5,https://deo.shopeemobile.com/shopee/modules-federation/live/0/shopee__item-card-standard-v2/0.2.8/pc/a425c915798471b33e5d.png,,,,2 Terjual
https://down-id.img.susercontent.com/file/id-11134207-8224q-mjrzq46t1on579,Vivo Y21d Ram 4/128Gb 6/128Gb 8/128 GB Garansi Resmi Indonesia,Rp,2.599.000,https://deo.shopeemobile.com/shopee/modules-federation/live/0/shopee__item-card-standard-v2/0.2.8/pc/d7099d3fd1dfdaf705ab.svg,5.0,https://deo.shopeemobile.com/shopee/modules-federation/live/0/shopee__item-card-standard-v2/0.2.8/pc/76dff349290d20891fc1.svg,,,https://deo.shopeemobile.com/shopee/modules-federation/live/0/shopee__item-card-standard-v2/0.2.8/pc/5dd7b4560d0e2d3190e8.svg,Surabaya,2-4 Hari,,,"Vivo Y21d Ram 4/128Gb 6/128Gb 8/128 GB Garansi Resmi Indonesia
Rp
2.599.000
5.0
7 Terjual
2-4 Hari
Surabaya",https://shopee.co.id/Vivo-Y21d-Ram-4-128Gb-6-128Gb-8-128-GB-Garansi-Resmi-Indonesia-i.25028502.22861178647?extraParams=%7B%22display_model_id%22%3A360465426409%2C%22model_selection_logic%22%3A3%7D&sp_atk=3547a636-ddcb-436b-8837-c26d1594f4bc&xptdk=3547a636-ddcb-436b-8837-c26d1594f4bc,https://down-id.img.susercontent.com/file/id-11134258-822wr-mlx67rtd6r602f,https://deo.shopeemobile.com/shopee/modules-federation/live/0/shopee__item-card-standard-v2/0.2.8/pc/e4734dab67ee2f9ebd5a.png,https://deo.shopeemobile.com/shopee/modules-federation/live/0/shopee__item-card-standard-v2/0.2.8/pc/d2a1900a0267d45fd0f5.png,,,7 Terjual
https://down-id.img.susercontent.com/file/id-11134207-822wo-mmsn11sm2qdedb,Vivo Y21D 4/64 & 4/128& 6/128 & 6/256 New 100% Segel Garansi Resmi vivo,Rp,2.399.000,https://deo.shopeemobile.com/shopee/modules-federation/live/0/shopee__item-card-standard-v2/0.2.8/pc/d7099d3fd1dfdaf705ab.svg,4.8,https://deo.shopeemobile.com/shopee/modules-federation/live/0/shopee__item-card-standard-v2/0.2.8/pc/38e203dc86172a6c6560.svg,https://deo.shopeemobile.com/shopee/modules-federation/live/0/shopee__item-card-standard-v2/0.2.8/pc/0614b8f0a8fdde22942d.svg,< 2 Hari,https://deo.shopeemobile.com/shopee/modules-federation/live/0/shopee__item-card-standard-v2/0.2.8/pc/5dd7b4560d0e2d3190e8.svg,Surabaya,,,,"Vivo Y21D 4/64 & 4/128& 6/128 & 6/256 New 100% Segel Garansi Resmi vivo
Rp
2.399.000
Cicilan
4.8
85 Terjual
< 2 Hari
Surabaya",https://shopee.co.id/Vivo-Y21D-4-64-4-128-6-128-6-256-New-100-Segel-Garansi-Resmi-vivo-i.134819232.15280753370?extraParams=%7B%22display_model_id%22%3A335745296640%2C%22model_selection_logic%22%3A3%7D&sp_atk=7fe47862-33ca-4bd2-88c8-609e6f09864e&xptdk=7fe47862-33ca-4bd2-88c8-609e6f09864e,https://down-id.img.susercontent.com/file/id-11134258-8224v-mkvw0cu9r7k1a5,https://deo.shopeemobile.com/shopee/modules-federation/live/0/shopee__item-card-standard-v2/0.2.8/pc/a425c915798471b33e5d.png,https://deo.shopeemobile.com/shopee/modules-federation/live/0/shopee__item-card-standard-v2/0.2.8/pc/d2a1900a0267d45fd0f5.png,,Cicilan,85 Terjual
https://down-id.img.susercontent.com/file/id-11134207-7r98q-lzu7b9j8lrdq97,Vivo Y28 Ram 6/128GB | Ram 8/128GB | Ram 8/256GB,Rp,2.149.000,https://deo.shopeemobile.com/shopee/modules-federation/live/0/shopee__item-card-standard-v2/0.2.8/pc/d7099d3fd1dfdaf705ab.svg,5.0,https://deo.shopeemobile.com/shopee/modules-federation/live/0/shopee__item-card-standard-v2/0.2.8/pc/76dff349290d20891fc1.svg,,,https://deo.shopeemobile.com/shopee/modules-federation/live/0/shopee__item-card-standard-v2/0.2.8/pc/5dd7b4560d0e2d3190e8.svg,Surabaya,2-4 Hari,-14%,,"Vivo Y28 Ram 6/128GB | Ram 8/128GB | Ram 8/256GB
Rp
2.149.000
-14%
5.0
47 Terjual
2-4 Hari
Surabaya",https://shopee.co.id/Vivo-Y28-Ram-6-128GB-Ram-8-128GB-Ram-8-256GB-i.877821319.29510432521?extraParams=%7B%22display_model_id%22%3A88995267899%2C%22model_selection_logic%22%3A3%7D&sp_atk=43ff5e94-9a33-4534-a95a-daf39d7b57cd&xptdk=43ff5e94-9a33-4534-a95a-daf39d7b57cd,https://down-id.img.susercontent.com/file/id-11134258-822wr-mlx5y0tebegw04,https://deo.shopeemobile.com/shopee/modules-federation/live/0/shopee__item-card-standard-v2/0.2.8/pc/a425c915798471b33e5d.png,,,,47 Terjual
https://down-id.img.susercontent.com/file/id-11134207-822wm-mlef9yovulmq20,"Vivo Y05 4GB/64GB 4GB/128GB - Desain Premium, 6500mAh Tahan 3 Hari, IP65 Tahan Hujan, Tahan Banting Ekstrem - Garansi Resmi",Rp,1.920.000,https://deo.shopeemobile.com/shopee/modules-federation/live/0/shopee__item-card-standard-v2/0.2.8/pc/d7099d3fd1dfdaf705ab.svg,5.0,https://deo.shopeemobile.com/shopee/modules-federation/live/0/shopee__item-card-standard-v2/0.2.8/pc/38e203dc86172a6c6560.svg,https://deo.shopeemobile.com/shopee/modules-federation/live/0/shopee__item-card-standard-v2/0.2.8/pc/0614b8f0a8fdde22942d.svg,Besok 12:00,https://deo.shopeemobile.com/shopee/modules-federation/live/0/shopee__item-card-standard-v2/0.2.8/pc/5dd7b4560d0e2d3190e8.svg,Surabaya,,,,"Vivo Y05 4GB/64GB 4GB/128GB - Desain Premium, 6500mAh Tahan 3 Hari, IP65 Tahan Hujan, Tahan Banting Ekstrem - Garansi Resmi
Rp
1.920.000
5.0
6 Terjual
Besok 12:00
Surabaya",https://shopee.co.id/Vivo-Y05-4GB-64GB-4GB-128GB-Desain-Premium-6500mAh-Tahan-3-Hari-IP65-Tahan-Hujan-Tahan-Banting-Ekstrem-Garansi-Resmi-i.139245516.42529014849?extraParams=%7B%22display_model_id%22%3A254175687601%2C%22model_selection_logic%22%3A3%7D&sp_atk=d6d842ff-6836-4016-a54f-4c9b80cf0672&xptdk=d6d842ff-6836-4016-a54f-4c9b80cf0672,,https://deo.shopeemobile.com/shopee/modules-federation/live/0/shopee__item-card-standard-v2/0.2.8/pc/7c9110f78e069acbced7.png,,,,6 Terjual
https://down-id.img.susercontent.com/file/id-11134207-822wj-mmzh4ih73o5d71,VIVO V70 Ram 12+12/256Gb - Garansi Resmi,Rp,9.489.000,https://deo.shopeemobile.com/shopee/modules-federation/live/0/shopee__item-card-standard-v2/0.2.8/pc/d7099d3fd1dfdaf705ab.svg,5.0,https://deo.shopeemobile.com/shopee/modules-federation/live/0/shopee__item-card-standard-v2/0.2.8/pc/76dff349290d20891fc1.svg,,,https://deo.shopeemobile.com/shopee/modules-federation/live/0/shopee__item-card-standard-v2/0.2.8/pc/5dd7b4560d0e2d3190e8.svg,Denpasar,3-5 Hari,,,"VIVO V70 Ram 12+12/256Gb - Garansi Resmi
Rp
9.489.000
5.0
10 Terjual
3-5 Hari
Denpasar",https://shopee.co.id/VIVO-V70-Ram-12-12-256Gb-Garansi-Resmi-i.170972131.28667241771?extraParams=%7B%22display_model_id%22%3A405772790445%2C%22model_selection_logic%22%3A3%7D&sp_atk=939917fa-20cd-49f7-8043-c265d67108c6&xptdk=939917fa-20cd-49f7-8043-c265d67108c6,https://down-id.img.susercontent.com/file/id-11134258-822wr-mlx67rtd6r602f,https://deo.shopeemobile.com/shopee/modules-federation/live/0/shopee__item-card-standard-v2/0.2.8/pc/e4734dab67ee2f9ebd5a.png,,,,10 Terjual
https://down-id.img.susercontent.com/file/id-11134207-7r98w-loe36irfrlh513,Vivo V29 5G Ram 12/512Gb v29 5G ram 8/256gb v29e 5G ram 8/256gb garansi resmi,Rp,3.586.000,https://deo.shopeemobile.com/shopee/modules-federation/live/0/shopee__item-card-standard-v2/0.2.8/pc/d7099d3fd1dfdaf705ab.svg,4.9,https://deo.shopeemobile.com/shopee/modules-federation/live/0/shopee__item-card-standard-v2/0.2.8/pc/76dff349290d20891fc1.svg,,,https://deo.shopeemobile.com/shopee/modules-federation/live/0/shopee__item-card-standard-v2/0.2.8/pc/5dd7b4560d0e2d3190e8.svg,Tangerang,3-5 Hari,,,"Vivo V29 5G Ram 12/512Gb v29 5G ram 8/256gb v29e 5G ram 8/256gb garansi resmi
Rp
3.586.000
4.9
233 Terjual
3-5 Hari
Tangerang",https://shopee.co.id/Vivo-V29-5G-Ram-12-512Gb-v29-5G-ram-8-256gb-v29e-5G-ram-8-256gb-garansi-resmi-i.228771622.19093846485?extraParams=%7B%22display_model_id%22%3A435315039140%2C%22model_selection_logic%22%3A3%7D&sp_atk=928310ce-3833-490a-bf73-87da71477e29&xptdk=928310ce-3833-490a-bf73-87da71477e29,https://down-id.img.susercontent.com/file/id-11134258-822ws-mnciva8io4qu2f,https://deo.shopeemobile.com/shopee/modules-federation/live/0/shopee__item-card-standard-v2/0.2.8/pc/7c9110f78e069acbced7.png,,,,233 Terjual
https://down-id.img.susercontent.com/file/id-11134207-7r98q-lyah3644ayowd1,Vivo Y100 4G Ram 8/128GB | Ram 8/256GB Segel Original & Bergaransi Resmi,Rp,2.028.714,https://deo.shopeemobile.com/shopee/modules-federation/live/0/shopee__item-card-standard-v2/0.2.8/pc/d7099d3fd1dfdaf705ab.svg,4.9,https://deo.shopeemobile.com/shopee/modules-federation/live/0/shopee__item-card-standard-v2/0.2.8/pc/76dff349290d20891fc1.svg,,,https://deo.shopeemobile.com/shopee/modules-federation/live/0/shopee__item-card-standard-v2/0.2.8/pc/5dd7b4560d0e2d3190e8.svg,Surabaya,2-4 Hari,-47%,,"Vivo Y100 4G Ram 8/128GB | Ram 8/256GB Segel Original & Bergaransi Resmi
Rp
2.028.714
-47%
4.9
37 Terjual
2-4 Hari
Surabaya",https://shopee.co.id/Vivo-Y100-4G-Ram-8-128GB-Ram-8-256GB-Segel-Original-Bergaransi-Resmi-i.233982802.29356502466?extraParams=%7B%22display_model_id%22%3A241542770649%2C%22model_selection_logic%22%3A3%7D&sp_atk=fdf533d9-44d5-49d3-b76d-a46bf7719945&xptdk=fdf533d9-44d5-49d3-b76d-a46bf7719945,https://down-id.img.susercontent.com/file/id-11134258-822wr-mlx5y0tebegw04,https://deo.shopeemobile.com/shopee/modules-federation/live/0/shopee__item-card-standard-v2/0.2.8/pc/e4734dab67ee2f9ebd5a.png,,,,37 Terjual
https://down-id.img.susercontent.com/file/id-11134207-7ra0g-mcnq1iuyuy3bb6,VIVO Y04S [4/64 GB dan 4/128 GB] GARANSI RESMI INDONESIA 100 % ORIGINAL,Rp,1.750.000,https://deo.shopeemobile.com/shopee/modules-federation/live/0/shopee__item-card-standard-v2/0.2.8/pc/d7099d3fd1dfdaf705ab.svg,4.9,https://deo.shopeemobile.com/shopee/modules-federation/live/0/shopee__item-card-standard-v2/0.2.8/pc/38e203dc86172a6c6560.svg,https://deo.shopeemobile.com/shopee/modules-federation/live/0/shopee__item-card-standard-v2/0.2.8/pc/0614b8f0a8fdde22942d.svg,< 2 Hari,https://deo.shopeemobile.com/shopee/modules-federation/live/0/shopee__item-card-standard-v2/0.2.8/pc/5dd7b4560d0e2d3190e8.svg,Surabaya,,,,"VIVO Y04S [4/64 GB dan 4/128 GB] GARANSI RESMI INDONESIA 100 % ORIGINAL
Rp
1.750.000
4.9
15 Terjual
< 2 Hari
Surabaya",https://shopee.co.id/VIVO-Y04S-4-64-GB-dan-4-128-GB-GARANSI-RESMI-INDONESIA-100-ORIGINAL-i.231049776.20688192418?extraParams=%7B%22display_model_id%22%3A315694910631%2C%22model_selection_logic%22%3A3%7D&sp_atk=4a92c76f-0d0a-463b-98d9-6361e0d26cef&xptdk=4a92c76f-0d0a-463b-98d9-6361e0d26cef,https://down-id.img.susercontent.com/file/id-11134258-8224v-mkvw0cu9r7k1a5,https://deo.shopeemobile.com/shopee/modules-federation/live/0/shopee__item-card-standard-v2/0.2.8/pc/e4734dab67ee2f9ebd5a.png,https://deo.shopeemobile.com/shopee/modules-federation/live/0/shopee__item-card-standard-v2/0.2.8/pc/d2a1900a0267d45fd0f5.png,,,15 Terjual
https://down-id.img.susercontent.com/file/id-11134207-81ztk-mdysml1k2rk2a9,VIVO V50lite 5G [8/256 GB dan 12/512 GB] GARANSI RESMI INDONESIA 100% ORIGINAL,Rp,3.799.000,https://deo.shopeemobile.com/shopee/modules-federation/live/0/shopee__item-card-standard-v2/0.2.8/pc/d7099d3fd1dfdaf705ab.svg,5.0,https://deo.shopeemobile.com/shopee/modules-federation/live/0/shopee__item-card-standard-v2/0.2.8/pc/38e203dc86172a6c6560.svg,https://deo.shopeemobile.com/shopee/modules-federation/live/0/shopee__item-card-standard-v2/0.2.8/pc/0614b8f0a8fdde22942d.svg,< 2 Hari,https://deo.shopeemobile.com/shopee/modules-federation/live/0/shopee__item-card-standard-v2/0.2.8/pc/5dd7b4560d0e2d3190e8.svg,Surabaya,,,,"VIVO V50lite 5G [8/256 GB dan 12/512 GB] GARANSI RESMI INDONESIA 100% ORIGINAL
Rp
3.799.000
5.0
12 Terjual
< 2 Hari
Surabaya",https://shopee.co.id/VIVO-V50lite-5G-8-256-GB-dan-12-512-GB-GARANSI-RESMI-INDONESIA-100-ORIGINAL-i.231049776.21080440318?extraParams=%7B%22display_model_id%22%3A306280688464%2C%22model_selection_logic%22%3A3%7D&sp_atk=8b4dd262-6e1c-41f1-becb-01b7e0b30884&xptdk=8b4dd262-6e1c-41f1-becb-01b7e0b30884,https://down-id.img.susercontent.com/file/id-11134258-8224v-mkvw0cu9r7k1a5,https://deo.shopeemobile.com/shopee/modules-federation/live/0/shopee__item-card-standard-v2/0.2.8/pc/e4734dab67ee2f9ebd5a.png,https://deo.shopeemobile.com/shopee/modules-federation/live/0/shopee__item-card-standard-v2/0.2.8/pc/d2a1900a0267d45fd0f5.png,,,12 Terjual
https://down-id.img.susercontent.com/file/id-11134207-8224z-mhe0ngr0waa1db,VIVO Y21d 8/128GB Garansi Resmi VIVO,Rp,2.499.000,https://deo.shopeemobile.com/shopee/modules-federation/live/0/shopee__item-card-standard-v2/0.2.8/pc/d7099d3fd1dfdaf705ab.svg,4.9,https://deo.shopeemobile.com/shopee/modules-federation/live/0/shopee__item-card-standard-v2/0.2.8/pc/76dff349290d20891fc1.svg,,,https://deo.shopeemobile.com/shopee/modules-federation/live/0/shopee__item-card-standard-v2/0.2.8/pc/5dd7b4560d0e2d3190e8.svg,Bekasi,3 Hari,,,"VIVO Y21d 8/128GB Garansi Resmi VIVO
Rp
2.499.000
4.9
2RB+ Terjual
3 Hari
Bekasi",https://shopee.co.id/VIVO-Y21d-8-128GB-Garansi-Resmi-VIVO-i.227051022.52450300519?extraParams=%7B%22display_model_id%22%3A350191472119%2C%22model_selection_logic%22%3A3%7D&sp_atk=a33cab51-2db9-4ff3-b9ac-8c8c97d40918&xptdk=a33cab51-2db9-4ff3-b9ac-8c8c97d40918,https://down-id.img.susercontent.com/file/id-11134258-7r98w-lyezzaurybot13,https://deo.shopeemobile.com/shopee/modules-federation/live/0/shopee__item-card-standard-v2/0.2.8/pc/7c9110f78e069acbced7.png,,,,2RB+ Terjual
https://down-id.img.susercontent.com/file/id-11134207-7ra0o-md0x2p63bjoj68,VIVO Y400 8/256GB (+8GB Extended RAM) Garansi Resmi Vivo Indonesia,Rp,3.499.000,https://deo.shopeemobile.com/shopee/modules-federation/live/0/shopee__item-card-standard-v2/0.2.8/pc/d7099d3fd1dfdaf705ab.svg,4.9,https://deo.shopeemobile.com/shopee/modules-federation/live/0/shopee__item-card-standard-v2/0.2.8/pc/76dff349290d20891fc1.svg,,,https://deo.shopeemobile.com/shopee/modules-federation/live/0/shopee__item-card-standard-v2/0.2.8/pc/5dd7b4560d0e2d3190e8.svg,Bekasi,3 Hari,,,"VIVO Y400 8/256GB (+8GB Extended RAM) Garansi Resmi Vivo Indonesia
Rp
3.499.000
4.9
2RB+ Terjual
3 Hari
Bekasi",https://shopee.co.id/VIVO-Y400-8-256GB-(-8GB-Extended-RAM)-Garansi-Resmi-Vivo-Indonesia-i.282207658.40858998785?extraParams=%7B%22display_model_id%22%3A227984338134%2C%22model_selection_logic%22%3A3%7D&sp_atk=6b0ab0d3-00eb-4946-ac61-3977eed41a4d&xptdk=6b0ab0d3-00eb-4946-ac61-3977eed41a4d,https://down-id.img.susercontent.com/file/id-11134258-7r98w-lyezzaurybot13,https://deo.shopeemobile.com/shopee/modules-federation/live/0/shopee__item-card-standard-v2/0.2.8/pc/7c9110f78e069acbced7.png,,,,2RB+ Terjual
https://down-id.img.susercontent.com/file/id-11134207-822wi-mlap2eovoxsf48,"VIVO Y05 [4/64 GB] [4/128 GB] - IP65, Unisoc T7225, 6500mAh 15W | GARANSI RESMI VIVO INDONESIA",Rp,1.829.000,https://deo.shopeemobile.com/shopee/modules-federation/live/0/shopee__item-card-standard-v2/0.2.8/pc/d7099d3fd1dfdaf705ab.svg,5.0,https://deo.shopeemobile.com/shopee/modules-federation/live/0/shopee__item-card-standard-v2/0.2.8/pc/76dff349290d20891fc1.svg,,,https://deo.shopeemobile.com/shopee/modules-federation/live/0/shopee__item-card-standard-v2/0.2.8/pc/5dd7b4560d0e2d3190e8.svg,Jakarta Barat,3 Hari,-35%,,"VIVO Y05 [4/64 GB] [4/128 GB] - IP65, Unisoc T7225, 6500mAh 15W | GARANSI RESMI VIVO INDONESIA
Rp
1.829.000
-35%
5.0
154 Terjual
3 Hari
Jakarta Barat",https://shopee.co.id/VIVO-Y05-4-64-GB-4-128-GB-IP65-Unisoc-T7225-6500mAh-15W-GARANSI-RESMI-VIVO-INDONESIA-i.216046779.52156502543?extraParams=%7B%22display_model_id%22%3A244174033896%2C%22model_selection_logic%22%3A3%7D&sp_atk=e8bcadd3-20bb-41b1-a519-9b2425a2d811&xptdk=e8bcadd3-20bb-41b1-a519-9b2425a2d811,https://down-id.img.susercontent.com/file/id-11134258-8224v-mkvw0cu9r7k1a5,https://deo.shopeemobile.com/shopee/modules-federation/live/0/shopee__item-card-standard-v2/0.2.8/pc/e4734dab67ee2f9ebd5a.png,,,,154 Terjual
https://down-id.img.susercontent.com/file/id-11134207-7rask-m24pe41r6i2x74,Vivo Y19s Ram 8/64 Gb - 8/128 Gb - 12/128 Gb Garansi Resmi Vivo,Rp,1.889.000,https://deo.shopeemobile.com/shopee/modules-federation/live/0/shopee__item-card-standard-v2/0.2.8/pc/d7099d3fd1dfdaf705ab.svg,5.0,https://deo.shopeemobile.com/shopee/modules-federation/live/0/shopee__item-card-standard-v2/0.2.8/pc/76dff349290d20891fc1.svg,,,https://deo.shopeemobile.com/shopee/modules-federation/live/0/shopee__item-card-standard-v2/0.2.8/pc/5dd7b4560d0e2d3190e8.svg,Surabaya,2-5 Hari,-1%,https://deo.shopeemobile.com/shopee/modules-federation/live/0/shopee__item-card-standard-v2/0.2.8/pc/b4d1b8a78b3621dbdf4a.svg,"Vivo Y19s Ram 8/64 Gb - 8/128 Gb - 12/128 Gb Garansi Resmi Vivo
Rp
1.889.000
-1%
5.0
8 Terjual
2-5 Hari
Surabaya",https://shopee.co.id/Vivo-Y19s-Ram-8-64-Gb-8-128-Gb-12-128-Gb-Garansi-Resmi-Vivo-i.457198261.27466374978?extraParams=%7B%22display_model_id%22%3A89680750522%2C%22model_selection_logic%22%3A3%7D&sp_atk=1db0a223-5655-4ca9-866a-7c1ae5b6f069&xptdk=1db0a223-5655-4ca9-866a-7c1ae5b6f069,https://down-id.img.susercontent.com/file/id-11134258-8224v-mkvw0cu9r7k1a5,,https://deo.shopeemobile.com/shopee/modules-federation/live/0/shopee__item-card-standard-v2/0.2.8/pc/d2a1900a0267d45fd0f5.png,,,8 Terjual
https://down-id.img.susercontent.com/file/id-11134207-7r98u-m02rwkirv8sn2c,Vivo Y03 Ram [4/64-4/128]Gb Garansi Resmi 100% Original,Rp,1.899.000,https://deo.shopeemobile.com/shopee/modules-federation/live/0/shopee__item-card-standard-v2/0.2.8/pc/d7099d3fd1dfdaf705ab.svg,4.9,https://deo.shopeemobile.com/shopee/modules-federation/live/0/shopee__item-card-standard-v2/0.2.8/pc/38e203dc86172a6c6560.svg,https://deo.shopeemobile.com/shopee/modules-federation/live/0/shopee__item-card-standard-v2/0.2.8/pc/0614b8f0a8fdde22942d.svg,< 2 Hari,https://deo.shopeemobile.com/shopee/modules-federation/live/0/shopee__item-card-standard-v2/0.2.8/pc/5dd7b4560d0e2d3190e8.svg,Surabaya,,,,"Vivo Y03 Ram [4/64-4/128]Gb Garansi Resmi 100% Original
Rp
1.899.000
4.9
35 Terjual
< 2 Hari
Surabaya",https://shopee.co.id/Vivo-Y03-Ram-4-64-4-128-Gb-Garansi-Resmi-100-Original-i.410912814.29811017755?extraParams=%7B%22display_model_id%22%3A223211562587%2C%22model_selection_logic%22%3A3%7D&sp_atk=75074791-b452-4845-9a10-aa0dafaf37b7&xptdk=75074791-b452-4845-9a10-aa0dafaf37b7,https://down-id.img.susercontent.com/file/id-11134258-8224v-mkvw0cu9r7k1a5,https://deo.shopeemobile.com/shopee/modules-federation/live/0/shopee__item-card-standard-v2/0.2.8/pc/a425c915798471b33e5d.png,https://deo.shopeemobile.com/shopee/modules-federation/live/0/shopee__item-card-standard-v2/0.2.8/pc/d2a1900a0267d45fd0f5.png,,,35 Terjual
https://down-id.img.susercontent.com/file/id-11134207-7ras9-m59rik72x1c6ea,VIVO V30e 5G NEW RAM 8 INTERNAL 128/256 GARANSI RESMI INDONESIA,Rp,2.895.000,https://deo.shopeemobile.com/shopee/modules-federation/live/0/shopee__item-card-standard-v2/0.2.8/pc/d7099d3fd1dfdaf705ab.svg,5.0,https://deo.shopeemobile.com/shopee/modules-federation/live/0/shopee__item-card-standard-v2/0.2.8/pc/76dff349290d20891fc1.svg,,,https://deo.shopeemobile.com/shopee/modules-federation/live/0/shopee__item-card-standard-v2/0.2.8/pc/5dd7b4560d0e2d3190e8.svg,Surabaya,2-4 Hari,,,"VIVO V30e 5G NEW RAM 8 INTERNAL 128/256 GARANSI RESMI INDONESIA
Rp
2.895.000
5.0
2 Terjual
2-4 Hari
Surabaya",https://shopee.co.id/VIVO-V30e-5G-NEW-RAM-8-INTERNAL-128-256-GARANSI-RESMI-INDONESIA-i.1217763119.19387624108?extraParams=%7B%22display_model_id%22%3A187594894826%2C%22model_selection_logic%22%3A3%7D&sp_atk=1a10b15f-5d1c-4eb5-8739-8d352d4dc423&xptdk=1a10b15f-5d1c-4eb5-8739-8d352d4dc423,https://down-id.img.susercontent.com/file/id-11134258-8224v-mkvw0cu9r7k1a5,https://deo.shopeemobile.com/shopee/modules-federation/live/0/shopee__item-card-standard-v2/0.2.8/pc/a425c915798471b33e5d.png,https://deo.shopeemobile.com/shopee/modules-federation/live/0/shopee__item-card-standard-v2/0.2.8/pc/d2a1900a0267d45fd0f5.png,,,2 Terjual
https://down-id.img.susercontent.com/file/id-11134207-8224z-mg4g82rx6tjh88,"VIVO Y21D 16GB*/128GB, 50MP CEMERA, GARANSI RESMI",Rp,2.549.000,https://deo.shopeemobile.com/shopee/modules-federation/live/0/shopee__item-card-standard-v2/0.2.8/pc/0614b8f0a8fdde22942d.svg,,https://deo.shopeemobile.com/shopee/modules-federation/live/0/shopee__item-card-standard-v2/0.2.8/pc/38e203dc86172a6c6560.svg,https://deo.shopeemobile.com/shopee/modules-federation/live/0/shopee__item-card-standard-v2/0.2.8/pc/0614b8f0a8fdde22942d.svg,< 2 Hari,https://deo.shopeemobile.com/shopee/modules-federation/live/0/shopee__item-card-standard-v2/0.2.8/pc/5dd7b4560d0e2d3190e8.svg,Kab. Sidoarjo,,-9%,,"VIVO Y21D 16GB*/128GB, 50MP CEMERA, GARANSI RESMI
Rp
2.549.000
-9%
< 2 Hari
Kab. Sidoarjo",https://shopee.co.id/VIVO-Y21D-16GB*-128GB-50MP-CEMERA-GARANSI-RESMI-i.105409987.43625397516?extraParams=%7B%22display_model_id%22%3A282059392308%2C%22model_selection_logic%22%3A3%7D&sp_atk=2692d05e-94a6-4fda-bce3-d7ad38990b90&xptdk=2692d05e-94a6-4fda-bce3-d7ad38990b90,https://down-id.img.susercontent.com/file/id-11134258-822wr-mlx67rtd6r602f,https://deo.shopeemobile.com/shopee/modules-federation/live/0/shopee__item-card-standard-v2/0.2.8/pc/e4734dab67ee2f9ebd5a.png,https://deo.shopeemobile.com/shopee/modules-federation/live/0/shopee__item-card-standard-v2/0.2.8/pc/d2a1900a0267d45fd0f5.png,,,< 2 Hari
https://down-id.img.susercontent.com/file/id-11134207-822wr-mlwzzm10lfygc3,Vivo Y400 Ram 8/128GB I Ram 8/256GB Segel Original & Bergaransi Resmi,Rp,2.399.000,https://deo.shopeemobile.com/shopee/modules-federation/live/0/shopee__item-card-standard-v2/0.2.8/pc/d7099d3fd1dfdaf705ab.svg,5.0,https://deo.shopeemobile.com/shopee/modules-federation/live/0/shopee__item-card-standard-v2/0.2.8/pc/76dff349290d20891fc1.svg,,,https://deo.shopeemobile.com/shopee/modules-federation/live/0/shopee__item-card-standard-v2/0.2.8/pc/5dd7b4560d0e2d3190e8.svg,Surabaya,2-4 Hari,-40%,,"Vivo Y400 Ram 8/128GB I Ram 8/256GB Segel Original & Bergaransi Resmi
Rp
2.399.000
-40%
5.0
45 Terjual
2-4 Hari
Surabaya",https://shopee.co.id/Vivo-Y400-Ram-8-128GB-I-Ram-8-256GB-Segel-Original-Bergaransi-Resmi-i.233982802.55152319130?extraParams=%7B%22display_model_id%22%3A440225066836%2C%22model_selection_logic%22%3A3%7D&sp_atk=c2dcb1cc-d728-471b-85d6-0cf0d86538ce&xptdk=c2dcb1cc-d728-471b-85d6-0cf0d86538ce,https://down-id.img.susercontent.com/file/id-11134258-822wr-mlx5y0tebegw04,https://deo.shopeemobile.com/shopee/modules-federation/live/0/shopee__item-card-standard-v2/0.2.8/pc/e4734dab67ee2f9ebd5a.png,,,,45 Terjual
https://down-id.img.susercontent.com/file/id-11134207-8224q-mgdrox9tcjrj31,Vivo Y21d 4/128GB 6/128GB 6/256GB 8/128GB 6.68 inch 6500mAh HP Vivo Terbaru 2025 Garansi Resmi,Rp,2.799.000,https://deo.shopeemobile.com/shopee/modules-federation/live/0/shopee__item-card-standard-v2/0.2.8/pc/d7099d3fd1dfdaf705ab.svg,5.0,https://deo.shopeemobile.com/shopee/modules-federation/live/0/shopee__item-card-standard-v2/0.2.8/pc/76dff349290d20891fc1.svg,,,https://deo.shopeemobile.com/shopee/modules-federation/live/0/shopee__item-card-standard-v2/0.2.8/pc/5dd7b4560d0e2d3190e8.svg,Bandung,2-3 Hari,-8%,,"Vivo Y21d 4/128GB 6/128GB 6/256GB 8/128GB 6.68 inch 6500mAh HP Vivo Terbaru 2025 Garansi Resmi
Rp
2.799.000
-8%
5.0
47 Terjual
2-3 Hari
Bandung",https://shopee.co.id/Vivo-Y21d-4-128GB-6-128GB-6-256GB-8-128GB-6.68-inch-6500mAh-HP-Vivo-Terbaru-2025-Garansi-Resmi-i.1309773474.26693247375?extraParams=%7B%22display_model_id%22%3A277051541695%2C%22model_selection_logic%22%3A3%7D&sp_atk=611eb9b3-aa40-40e1-8f41-00ae5bc07625&xptdk=611eb9b3-aa40-40e1-8f41-00ae5bc07625,https://down-id.img.susercontent.com/file/id-11134258-8224v-mkvw0cu9r7k1a5,https://deo.shopeemobile.com/shopee/modules-federation/live/0/shopee__item-card-standard-v2/0.2.8/pc/e4734dab67ee2f9ebd5a.png,,,,47 Terjual
https://down-id.img.susercontent.com/file/id-11134207-7ra0l-mc5hum8ygbs115,VIVO Y19S {4GB/64GB} {4GB/128GB} {6GB/128GB} GARANSI RESMI VIVO INDONESIA,Rp,1.699.000,https://deo.shopeemobile.com/shopee/modules-federation/live/0/shopee__item-card-standard-v2/0.2.8/pc/d7099d3fd1dfdaf705ab.svg,5.0,https://deo.shopeemobile.com/shopee/modules-federation/live/0/shopee__item-card-standard-v2/0.2.8/pc/76dff349290d20891fc1.svg,,Cashback 99%,https://deo.shopeemobile.com/shopee/modules-federation/live/0/shopee__item-card-standard-v2/0.2.8/pc/5dd7b4560d0e2d3190e8.svg,Surabaya,2-4 Hari,-6%,,"VIVO Y19S {4GB/64GB} {4GB/128GB} {6GB/128GB} GARANSI RESMI VIVO INDONESIA
Rp
1.699.000
-6%
Cashback 99%
5.0
22 Terjual
2-4 Hari
Surabaya",https://shopee.co.id/VIVO-Y19S-4GB-64GB-4GB-128GB-6GB-128GB-GARANSI-RESMI-VIVO-INDONESIA-i.498628876.22221211697?extraParams=%7B%22display_model_id%22%3A320742607922%2C%22model_selection_logic%22%3A3%7D&sp_atk=5df40f34-d38b-482e-ba78-faf55b9d8029&xptdk=5df40f34-d38b-482e-ba78-faf55b9d8029,https://down-id.img.susercontent.com/file/id-11134258-8224v-mkvw0cu9r7k1a5,https://deo.shopeemobile.com/shopee/modules-federation/live/0/shopee__item-card-standard-v2/0.2.8/pc/e4734dab67ee2f9ebd5a.png,,,,22 Terjual
https://down-id.img.susercontent.com/file/id-11134207-7rbk7-m8bloywprnyle1,Vivo Y27s 8/128 8/256 Y21 4/64 Garansi Resmi Vivo Indonesia,Rp,2.419.000,https://deo.shopeemobile.com/shopee/modules-federation/live/0/shopee__item-card-standard-v2/0.2.8/pc/d7099d3fd1dfdaf705ab.svg,5.0,https://deo.shopeemobile.com/shopee/modules-federation/live/0/shopee__item-card-standard-v2/0.2.8/pc/76dff349290d20891fc1.svg,,,https://deo.shopeemobile.com/shopee/modules-federation/live/0/shopee__item-card-standard-v2/0.2.8/pc/5dd7b4560d0e2d3190e8.svg,Kab. Sleman,2-5 Hari,,,"Vivo Y27s 8/128 8/256 Y21 4/64 Garansi Resmi Vivo Indonesia
Rp
2.419.000
Cicilan
5.0
21 Terjual
2-5 Hari
Kab. Sleman",https://shopee.co.id/Vivo-Y27s-8-128-8-256-Y21-4-64-Garansi-Resmi-Vivo-Indonesia-i.2764201.4635227987?extraParams=%7B%22display_model_id%22%3A167095236533%2C%22model_selection_logic%22%3A3%7D&sp_atk=79869441-739b-4970-882c-7092b230f233&xptdk=79869441-739b-4970-882c-7092b230f233,https://down-id.img.susercontent.com/file/id-11134258-7r98w-lyezzaurybot13,https://deo.shopeemobile.com/shopee/modules-federation/live/0/shopee__item-card-standard-v2/0.2.8/pc/e4734dab67ee2f9ebd5a.png,,,Cicilan,21 Terjual
https://down-id.img.susercontent.com/file/id-11134207-7r98s-lllron069ji497,Vivo V29 5G 8Gb/256Gb & 12Gb/512Gb Garansi Resmi 1 Tahun,Rp,4.499.000,https://deo.shopeemobile.com/shopee/modules-federation/live/0/shopee__item-card-standard-v2/0.2.8/pc/d7099d3fd1dfdaf705ab.svg,4.9,https://deo.shopeemobile.com/shopee/modules-federation/live/0/shopee__item-card-standard-v2/0.2.8/pc/38e203dc86172a6c6560.svg,https://deo.shopeemobile.com/shopee/modules-federation/live/0/shopee__item-card-standard-v2/0.2.8/pc/0614b8f0a8fdde22942d.svg,< 2 Hari,https://deo.shopeemobile.com/shopee/modules-federation/live/0/shopee__item-card-standard-v2/0.2.8/pc/5dd7b4560d0e2d3190e8.svg,Surabaya,,,,"Vivo V29 5G 8Gb/256Gb & 12Gb/512Gb Garansi Resmi 1 Tahun
Rp
4.499.000
Cicilan
4.9
107 Terjual
< 2 Hari
Surabaya",https://shopee.co.id/Vivo-V29-5G-8Gb-256Gb-12Gb-512Gb-Garansi-Resmi-1-Tahun-i.134819232.3960187767?extraParams=%7B%22display_model_id%22%3A232026651694%2C%22model_selection_logic%22%3A3%7D&sp_atk=25e89eaf-e733-4b9b-bbb3-e23c00b02504&xptdk=25e89eaf-e733-4b9b-bbb3-e23c00b02504,https://down-id.img.susercontent.com/file/id-11134258-8224v-mkvw0cu9r7k1a5,https://deo.shopeemobile.com/shopee/modules-federation/live/0/shopee__item-card-standard-v2/0.2.8/pc/a425c915798471b33e5d.png,https://deo.shopeemobile.com/shopee/modules-federation/live/0/shopee__item-card-standard-v2/0.2.8/pc/d2a1900a0267d45fd0f5.png,,Cicilan,107 Terjual
https://down-id.img.susercontent.com/file/id-11134207-8224w-mgyp3mrsb8js9d,"Vivo Y21d 6/256GB, Unisoc T7225, 6500mAh 44W FlashCharge, IP68 & IP69 All Round Waterproof | Garansi Resmi Vivo 1 Tahun",Rp,2.651.000,https://deo.shopeemobile.com/shopee/modules-federation/live/0/shopee__item-card-standard-v2/0.2.8/pc/d7099d3fd1dfdaf705ab.svg,4.9,https://deo.shopeemobile.com/shopee/modules-federation/live/0/shopee__item-card-standard-v2/0.2.8/pc/76dff349290d20891fc1.svg,,,https://deo.shopeemobile.com/shopee/modules-federation/live/0/shopee__item-card-standard-v2/0.2.8/pc/5dd7b4560d0e2d3190e8.svg,Jakarta Barat,3 Hari,-12%,https://deo.shopeemobile.com/shopee/modules-federation/live/0/shopee__item-card-standard-v2/0.2.8/pc/b4d1b8a78b3621dbdf4a.svg,"Vivo Y21d 6/256GB, Unisoc T7225, 6500mAh 44W FlashCharge, IP68 & IP69 All Round Waterproof | Garansi Resmi Vivo 1 Tahun
Rp
2.651.000
-12%
Cicilan
4.9
138 Terjual
3 Hari
Jakarta Barat",https://shopee.co.id/Vivo-Y21d-6-256GB-Unisoc-T7225-6500mAh-44W-FlashCharge-IP68-IP69-All-Round-Waterproof-Garansi-Resmi-Vivo-1-Tahun-i.21617072.15417867441?extraParams=%7B%22display_model_id%22%3A340389546290%2C%22model_selection_logic%22%3A3%7D&sp_atk=2a932925-4ea0-41c1-9036-f3f55663da6a&xptdk=2a932925-4ea0-41c1-9036-f3f55663da6a,https://down-id.img.susercontent.com/file/id-11134258-7r98w-lyezzaurybot13,https://deo.shopeemobile.com/shopee/modules-federation/live/0/shopee__item-card-standard-v2/0.2.8/pc/7c9110f78e069acbced7.png,,,Cicilan,138 Terjual
https://down-id.img.susercontent.com/file/id-11134207-8224s-mkz1zn88x88x2a,"VIVO Y05 4/64 GB & 4/128GB, IP65,  Unisoc T7225 6500 mAh 15W 6.74 inches  Refresh Rate Up to 120 Hz | Garansi Resmi  Vivo Indonesia 1 Tahun",Rp,2.002.000,https://deo.shopeemobile.com/shopee/modules-federation/live/0/shopee__item-card-standard-v2/0.2.8/pc/d7099d3fd1dfdaf705ab.svg,5.0,https://deo.shopeemobile.com/shopee/modules-federation/live/0/shopee__item-card-standard-v2/0.2.8/pc/76dff349290d20891fc1.svg,,,https://deo.shopeemobile.com/shopee/modules-federation/live/0/shopee__item-card-standard-v2/0.2.8/pc/5dd7b4560d0e2d3190e8.svg,Makassar,2-3 Hari,-28%,,"VIVO Y05 4/64 GB & 4/128GB, IP65, Unisoc T7225 6500 mAh 15W 6.74 inches Refresh Rate Up to 120 Hz | Garansi Resmi Vivo Indonesia 1 Tahun
Rp
2.002.000
-28%
5.0
19 Terjual
2-3 Hari
Makassar",https://shopee.co.id/VIVO-Y05-4-64-GB-4-128GB-IP65-Unisoc-T7225-6500-mAh-15W-6.74-inches-Refresh-Rate-Up-to-120-Hz-Garansi-Resmi-Vivo-Indonesia-1-Tahun-i.1405728224.28567817069?extraParams=%7B%22display_model_id%22%3A365570680801%2C%22model_selection_logic%22%3A3%7D&sp_atk=13a82dfc-d57d-44d8-af76-2fd1ec73c6a0&xptdk=13a82dfc-d57d-44d8-af76-2fd1ec73c6a0,https://down-id.img.susercontent.com/file/id-11134258-8224v-mkvw0cu9r7k1a5,https://deo.shopeemobile.com/shopee/modules-federation/live/0/shopee__item-card-standard-v2/0.2.8/pc/e4734dab67ee2f9ebd5a.png,https://deo.shopeemobile.com/shopee/modules-federation/live/0/shopee__item-card-standard-v2/0.2.8/pc/d2a1900a0267d45fd0f5.png,,,19 Terjual
https://down-id.img.susercontent.com/file/id-11134207-7r98y-lq8hww8w6oz28b,VIVO V29 5G {8GB/256GB} ORIGINAL & BERGARANSI RESMI VIVO,Rp,3.699.000,https://deo.shopeemobile.com/shopee/modules-federation/live/0/shopee__item-card-standard-v2/0.2.8/pc/d7099d3fd1dfdaf705ab.svg,5.0,https://deo.shopeemobile.com/shopee/modules-federation/live/0/shopee__item-card-standard-v2/0.2.8/pc/76dff349290d20891fc1.svg,,Cashback 99%,https://deo.shopeemobile.com/shopee/modules-federation/live/0/shopee__item-card-standard-v2/0.2.8/pc/5dd7b4560d0e2d3190e8.svg,Surabaya,3 Hari,-16%,,"VIVO V29 5G {8GB/256GB} ORIGINAL & BERGARANSI RESMI VIVO
Rp
3.699.000
-16%
Cashback 99%
5.0
262 Terjual
3 Hari
Surabaya",https://shopee.co.id/VIVO-V29-5G-8GB-256GB-ORIGINAL-BERGARANSI-RESMI-VIVO-i.151788128.24654370476?extraParams=%7B%22display_model_id%22%3A194859715752%2C%22model_selection_logic%22%3A3%7D&sp_atk=6c559f99-b2bb-43ca-bef5-1eefd163d65e&xptdk=6c559f99-b2bb-43ca-bef5-1eefd163d65e,https://down-id.img.susercontent.com/file/id-11134258-8224v-mkvw0cu9r7k1a5,https://deo.shopeemobile.com/shopee/modules-federation/live/0/shopee__item-card-standard-v2/0.2.8/pc/a425c915798471b33e5d.png,,,,262 Terjual
https://down-id.img.susercontent.com/file/id-11134207-7ra0j-mc5hum8yncm969,VIVO V50 LITE 4G {8GB/128GB} {8GB/256GB} GARANSI RESMI VIVO INDONESIA,Rp,3.499.000,https://deo.shopeemobile.com/shopee/modules-federation/live/0/shopee__item-card-standard-v2/0.2.8/pc/d7099d3fd1dfdaf705ab.svg,5.0,https://deo.shopeemobile.com/shopee/modules-federation/live/0/shopee__item-card-standard-v2/0.2.8/pc/76dff349290d20891fc1.svg,,Cashback 99%,https://deo.shopeemobile.com/shopee/modules-federation/live/0/shopee__item-card-standard-v2/0.2.8/pc/5dd7b4560d0e2d3190e8.svg,Surabaya,2-4 Hari,-3%,,"VIVO V50 LITE 4G {8GB/128GB} {8GB/256GB} GARANSI RESMI VIVO INDONESIA
Rp
3.499.000
-3%
Cashback 99%
5.0
115 Terjual
2-4 Hari
Surabaya",https://shopee.co.id/VIVO-V50-LITE-4G-8GB-128GB-8GB-256GB-GARANSI-RESMI-VIVO-INDONESIA-i.498628876.18992430930?extraParams=%7B%22display_model_id%22%3A430711276439%2C%22model_selection_logic%22%3A3%7D&sp_atk=d04b22de-bebc-488d-b119-6b17a0bf433d&xptdk=d04b22de-bebc-488d-b119-6b17a0bf433d,https://down-id.img.susercontent.com/file/id-11134258-8224v-mkvw0cu9r7k1a5,https://deo.shopeemobile.com/shopee/modules-federation/live/0/shopee__item-card-standard-v2/0.2.8/pc/e4734dab67ee2f9ebd5a.png,,,,115 Terjual
https://down-id.img.susercontent.com/file/id-11134207-7ra0o-md7e696zxvp15f,Vivo Y400 8/128GB|8/256GB 6.67 Inch Garansi Resmi,Rp,3.429.000,https://deo.shopeemobile.com/shopee/modules-federation/live/0/shopee__item-card-standard-v2/0.2.8/pc/d7099d3fd1dfdaf705ab.svg,5.0,https://deo.shopeemobile.com/shopee/modules-federation/live/0/shopee__item-card-standard-v2/0.2.8/pc/76dff349290d20891fc1.svg,,,https://deo.shopeemobile.com/shopee/modules-federation/live/0/shopee__item-card-standard-v2/0.2.8/pc/5dd7b4560d0e2d3190e8.svg,Balikpapan,3-5 Hari,,,"Vivo Y400 8/128GB|8/256GB 6.67 Inch Garansi Resmi
Rp
3.429.000
5.0
45 Terjual
3-5 Hari
Balikpapan",https://shopee.co.id/Vivo-Y400-8-128GB-8-256GB-6.67-Inch-Garansi-Resmi-i.147421658.28839647182?extraParams=%7B%22display_model_id%22%3A266014341660%2C%22model_selection_logic%22%3A3%7D&sp_atk=8f456af2-1634-42ba-a321-abe598387c14&xptdk=8f456af2-1634-42ba-a321-abe598387c14,https://down-id.img.susercontent.com/file/id-11134258-8224v-mkvw0cu9r7k1a5,https://deo.shopeemobile.com/shopee/modules-federation/live/0/shopee__item-card-standard-v2/0.2.8/pc/e4734dab67ee2f9ebd5a.png,,,,45 Terjual
https://down-id.img.susercontent.com/file/id-11134207-8224r-mifz1k0cwa9z88,Vivo Y04s Ram 4+4/128GB Desain Premium Original No Repack Garansi Resmi,Rp,1.820.000,https://deo.shopeemobile.com/shopee/modules-federation/live/0/shopee__item-card-standard-v2/0.2.8/pc/d7099d3fd1dfdaf705ab.svg,5.0,https://deo.shopeemobile.com/shopee/modules-federation/live/0/shopee__item-card-standard-v2/0.2.8/pc/38e203dc86172a6c6560.svg,https://deo.shopeemobile.com/shopee/modules-federation/live/0/shopee__item-card-standard-v2/0.2.8/pc/0614b8f0a8fdde22942d.svg,2 jam,https://deo.shopeemobile.com/shopee/modules-federation/live/0/shopee__item-card-standard-v2/0.2.8/pc/5dd7b4560d0e2d3190e8.svg,Surabaya,,,,"Vivo Y04s Ram 4+4/128GB Desain Premium Original No Repack Garansi Resmi
Rp
1.820.000
Produk Baru
5.0
2 Terjual
2 jam
Surabaya",https://shopee.co.id/Vivo-Y04s-Ram-4-4-128GB-Desain-Premium-Original-No-Repack-Garansi-Resmi-i.653541701.55703339033?extraParams=%7B%22display_model_id%22%3A249139127209%2C%22model_selection_logic%22%3A3%7D&sp_atk=d1914a7f-f035-406a-96db-3362341fc362&xptdk=d1914a7f-f035-406a-96db-3362341fc362,https://down-id.img.susercontent.com/file/id-11134258-7r98w-lyezzaurybot13,,,,Produk Baru,2 Terjual
https://down-id.img.susercontent.com/file/id-11134207-8224v-mgd60bhcmccqac,Vivo Y21D 6GB/128GB Layar 6.68 Inci Kamera 50MP,Rp,2.751.000,https://deo.shopeemobile.com/shopee/modules-federation/live/0/shopee__item-card-standard-v2/0.2.8/pc/d7099d3fd1dfdaf705ab.svg,5.0,https://deo.shopeemobile.com/shopee/modules-federation/live/0/shopee__item-card-standard-v2/0.2.8/pc/76dff349290d20891fc1.svg,,,https://deo.shopeemobile.com/shopee/modules-federation/live/0/shopee__item-card-standard-v2/0.2.8/pc/5dd7b4560d0e2d3190e8.svg,Samarinda,2-5 Hari,-2%,,"Vivo Y21D 6GB/128GB Layar 6.68 Inci Kamera 50MP
Rp
2.751.000
-2%
5.0
13 Terjual
2-5 Hari
Samarinda",https://shopee.co.id/Vivo-Y21D-6GB-128GB-Layar-6.68-Inci-Kamera-50MP-i.60878004.50200280454?extraParams=%7B%22display_model_id%22%3A410025471394%2C%22model_selection_logic%22%3A3%7D&sp_atk=f488e50b-7f68-41d7-b2df-123718dc0cb4&xptdk=f488e50b-7f68-41d7-b2df-123718dc0cb4,https://down-id.img.susercontent.com/file/id-11134258-8224v-mkvw0cu9r7k1a5,https://deo.shopeemobile.com/shopee/modules-federation/live/0/shopee__item-card-standard-v2/0.2.8/pc/a425c915798471b33e5d.png,,,,13 Terjual
https://down-id.img.susercontent.com/file/id-11134207-7rbk9-m7db12jq30mkee,VIVO Y33S Ram 8/256GB 6gb/128gb Original 6.58inches Garansi Resmi 50+16MP FHD Kamera 5000mAh,Rp,1.280.000,https://deo.shopeemobile.com/shopee/modules-federation/live/0/shopee__item-card-standard-v2/0.2.8/pc/d7099d3fd1dfdaf705ab.svg,5.0,https://deo.shopeemobile.com/shopee/modules-federation/live/0/shopee__item-card-standard-v2/0.2.8/pc/76dff349290d20891fc1.svg,,,https://deo.shopeemobile.com/shopee/modules-federation/live/0/shopee__item-card-standard-v2/0.2.8/pc/5dd7b4560d0e2d3190e8.svg,Jakarta Barat,4-7 Hari,,,"VIVO Y33S Ram 8/256GB 6gb/128gb Original 6.58inches Garansi Resmi 50+16MP FHD Kamera 5000mAh
Rp
1.280.000
5.0
4 Terjual
4-7 Hari
Jakarta Barat",https://shopee.co.id/VIVO-Y33S-Ram-8-256GB-6gb-128gb-Original-6.58inches-Garansi-Resmi-50-16MP-FHD-Kamera-5000mAh-i.1491431122.26729270466?extraParams=%7B%22display_model_id%22%3A237498679889%2C%22model_selection_logic%22%3A3%7D&sp_atk=69111107-37ca-4cf7-80c2-f65c7a0d794e&xptdk=69111107-37ca-4cf7-80c2-f65c7a0d794e,,,,,,4 Terjual
https://down-id.img.susercontent.com/file/id-11134207-7r990-lwwtom8s5gyyf5,Vivo Y18 4/64 Garansi Resmi 1 Tahun,Rp,1.499.000,https://deo.shopeemobile.com/shopee/modules-federation/live/0/shopee__item-card-standard-v2/0.2.8/pc/d7099d3fd1dfdaf705ab.svg,5.0,https://deo.shopeemobile.com/shopee/modules-federation/live/0/shopee__item-card-standard-v2/0.2.8/pc/38e203dc86172a6c6560.svg,https://deo.shopeemobile.com/shopee/modules-federation/live/0/shopee__item-card-standard-v2/0.2.8/pc/0614b8f0a8fdde22942d.svg,< 2 Hari,https://deo.shopeemobile.com/shopee/modules-federation/live/0/shopee__item-card-standard-v2/0.2.8/pc/5dd7b4560d0e2d3190e8.svg,Surabaya,,,,"Vivo Y18 4/64 Garansi Resmi 1 Tahun
Rp
1.499.000
5.0
19 Terjual
< 2 Hari
Surabaya",https://shopee.co.id/Vivo-Y18-4-64-Garansi-Resmi-1-Tahun-i.234217844.28152902705?extraParams=%7B%22display_model_id%22%3A256023471804%2C%22model_selection_logic%22%3A3%7D&sp_atk=ae182ae6-8253-45ac-b2ab-89f6c2897ec0&xptdk=ae182ae6-8253-45ac-b2ab-89f6c2897ec0,https://down-id.img.susercontent.com/file/id-11134258-8224v-mkvw0cu9r7k1a5,https://deo.shopeemobile.com/shopee/modules-federation/live/0/shopee__item-card-standard-v2/0.2.8/pc/a425c915798471b33e5d.png,,,,19 Terjual
https://down-id.img.susercontent.com/file/6bf5f2b2703e44398488754c6201dc9b,VIVO Y12S BARU GARANSI RESMI,Rp,3.040.000,https://deo.shopeemobile.com/shopee/modules-federation/live/0/shopee__item-card-standard-v2/0.2.8/pc/d7099d3fd1dfdaf705ab.svg,5.0,https://deo.shopeemobile.com/shopee/modules-federation/live/0/shopee__item-card-standard-v2/0.2.8/pc/76dff349290d20891fc1.svg,,,https://deo.shopeemobile.com/shopee/modules-federation/live/0/shopee__item-card-standard-v2/0.2.8/pc/5dd7b4560d0e2d3190e8.svg,Kab. Purbalingga,2-6 Hari,,,"VIVO Y12S BARU GARANSI RESMI
Rp
3.040.000
Cicilan
5.0
154 Terjual
2-6 Hari
Kab. Purbalingga",https://shopee.co.id/VIVO-Y12S-BARU-GARANSI-RESMI-i.117122912.3467815618?extraParams=%7B%22display_model_id%22%3A52282973440%2C%22model_selection_logic%22%3A3%7D&sp_atk=7a224dc9-352f-4391-bbe2-500793e7775b&xptdk=7a224dc9-352f-4391-bbe2-500793e7775b,https://down-id.img.susercontent.com/file/id-11134258-8224v-mkvw0cu9r7k1a5,,,,Cicilan,154 Terjual
https://down-id.img.susercontent.com/file/id-11134207-7rasl-m2jabyyr0itq77,VIVO V40 LITE 4G {8GB/128GB} {8GB/256GB} GARANSI RESMI VIVO,Rp,2.799.000,https://deo.shopeemobile.com/shopee/modules-federation/live/0/shopee__item-card-standard-v2/0.2.8/pc/d7099d3fd1dfdaf705ab.svg,5.0,https://deo.shopeemobile.com/shopee/modules-federation/live/0/shopee__item-card-standard-v2/0.2.8/pc/76dff349290d20891fc1.svg,,Cashback 99%,https://deo.shopeemobile.com/shopee/modules-federation/live/0/shopee__item-card-standard-v2/0.2.8/pc/5dd7b4560d0e2d3190e8.svg,Surabaya,3 Hari,-15%,,"VIVO V40 LITE 4G {8GB/128GB} {8GB/256GB} GARANSI RESMI VIVO
Rp
2.799.000
-15%
Cashback 99%
5.0
56 Terjual
3 Hari
Surabaya",https://shopee.co.id/VIVO-V40-LITE-4G-8GB-128GB-8GB-256GB-GARANSI-RESMI-VIVO-i.151788128.25234887994?extraParams=%7B%22display_model_id%22%3A247017490502%2C%22model_selection_logic%22%3A3%7D&sp_atk=1f63b3ee-17b0-4164-b89b-f9749ad546ff&xptdk=1f63b3ee-17b0-4164-b89b-f9749ad546ff,https://down-id.img.susercontent.com/file/id-11134258-8224v-mkvw0cu9r7k1a5,https://deo.shopeemobile.com/shopee/modules-federation/live/0/shopee__item-card-standard-v2/0.2.8/pc/a425c915798471b33e5d.png,,,,56 Terjual
https://down-id.img.susercontent.com/file/id-11134207-7ra0p-mddcq1q7vg2f78,Vivo Y400 8/256 Garansi Resmi Indonesia Hp Berkualitas,Rp,2.939.000,https://deo.shopeemobile.com/shopee/modules-federation/live/0/shopee__item-card-standard-v2/0.2.8/pc/d7099d3fd1dfdaf705ab.svg,5.0,https://deo.shopeemobile.com/shopee/modules-federation/live/0/shopee__item-card-standard-v2/0.2.8/pc/76dff349290d20891fc1.svg,,,https://deo.shopeemobile.com/shopee/modules-federation/live/0/shopee__item-card-standard-v2/0.2.8/pc/5dd7b4560d0e2d3190e8.svg,Surabaya,2-4 Hari,,,"Vivo Y400 8/256 Garansi Resmi Indonesia Hp Berkualitas
Rp
2.939.000
5.0
11 Terjual
2-4 Hari
Surabaya",https://shopee.co.id/Vivo-Y400-8-256-Garansi-Resmi-Indonesia-Hp-Berkualitas-i.211675125.23175409385?extraParams=%7B%22display_model_id%22%3A59929068766%2C%22model_selection_logic%22%3A3%7D&sp_atk=d9fea5e0-9c72-4098-9c52-98074e2f0ab1&xptdk=d9fea5e0-9c72-4098-9c52-98074e2f0ab1,https://down-id.img.susercontent.com/file/id-11134258-7r98w-lyezzaurybot13,https://deo.shopeemobile.com/shopee/modules-federation/live/0/shopee__item-card-standard-v2/0.2.8/pc/a425c915798471b33e5d.png,,,,11 Terjual
https://down-id.img.susercontent.com/file/id-11134207-7rbk1-m65vhpncdyyofa,VIVO V40 5G (12/256) Garansi Resmi Indonesia.,Rp,4.999.000,https://deo.shopeemobile.com/shopee/modules-federation/live/0/shopee__item-card-standard-v2/0.2.8/pc/d7099d3fd1dfdaf705ab.svg,5.0,https://deo.shopeemobile.com/shopee/modules-federation/live/0/shopee__item-card-standard-v2/0.2.8/pc/76dff349290d20891fc1.svg,,,https://deo.shopeemobile.com/shopee/modules-federation/live/0/shopee__item-card-standard-v2/0.2.8/pc/5dd7b4560d0e2d3190e8.svg,Surabaya,3-6 Hari,,,"VIVO V40 5G (12/256) Garansi Resmi Indonesia.
Rp
4.999.000
5.0
121 Terjual
3-6 Hari
Surabaya",https://shopee.co.id/VIVO-V40-5G-(12-256)-Garansi-Resmi-Indonesia.-i.1427943897.27474729716?extraParams=%7B%22display_model_id%22%3A147678976812%2C%22model_selection_logic%22%3A3%7D&sp_atk=c229c624-3e25-42fc-b552-3e6a9cb5c356&xptdk=c229c624-3e25-42fc-b552-3e6a9cb5c356,https://down-id.img.susercontent.com/file/id-11134258-8224v-mkvw0cu9r7k1a5,,,,,121 Terjual
https://down-id.img.susercontent.com/file/id-11134207-7r990-ly6wibmfa8egf6,VIVO Y18 NFC {4GB/64GB} {4GB/128GB} {6GB/128GB} GARANSI RESMI VIVO,Rp,1.899.000,https://deo.shopeemobile.com/shopee/modules-federation/live/0/shopee__item-card-standard-v2/0.2.8/pc/d7099d3fd1dfdaf705ab.svg,5.0,https://deo.shopeemobile.com/shopee/modules-federation/live/0/shopee__item-card-standard-v2/0.2.8/pc/76dff349290d20891fc1.svg,,Cashback 99%,https://deo.shopeemobile.com/shopee/modules-federation/live/0/shopee__item-card-standard-v2/0.2.8/pc/5dd7b4560d0e2d3190e8.svg,Surabaya,3 Hari,-5%,,"VIVO Y18 NFC {4GB/64GB} {4GB/128GB} {6GB/128GB} GARANSI RESMI VIVO
Rp
1.899.000
-5%
Cashback 99%
5.0
165 Terjual
3 Hari
Surabaya",https://shopee.co.id/VIVO-Y18-NFC-4GB-64GB-4GB-128GB-6GB-128GB-GARANSI-RESMI-VIVO-i.151788128.29750696748?extraParams=%7B%22display_model_id%22%3A420823066006%2C%22model_selection_logic%22%3A3%7D&sp_atk=21f254ef-1956-4f9a-bc30-f4cd39b440ea&xptdk=21f254ef-1956-4f9a-bc30-f4cd39b440ea,https://down-id.img.susercontent.com/file/id-11134258-8224v-mkvw0cu9r7k1a5,https://deo.shopeemobile.com/shopee/modules-federation/live/0/shopee__item-card-standard-v2/0.2.8/pc/a425c915798471b33e5d.png,,,,165 Terjual
https://down-id.img.susercontent.com/file/id-11134207-7ra0t-mb40jtjqb4ih50,VIVO V50 Lite 4g [8/128-8/256]Gb Garansi resmi Vivo Indonesia,Rp,3.599.000,https://deo.shopeemobile.com/shopee/modules-federation/live/0/shopee__item-card-standard-v2/0.2.8/pc/d7099d3fd1dfdaf705ab.svg,5.0,https://deo.shopeemobile.com/shopee/modules-federation/live/0/shopee__item-card-standard-v2/0.2.8/pc/76dff349290d20891fc1.svg,,,https://deo.shopeemobile.com/shopee/modules-federation/live/0/shopee__item-card-standard-v2/0.2.8/pc/5dd7b4560d0e2d3190e8.svg,Surabaya,3 Hari,,,"VIVO V50 Lite 4g [8/128-8/256]Gb Garansi resmi Vivo Indonesia
Rp
3.599.000
5.0
4 Terjual
3 Hari
Surabaya",https://shopee.co.id/VIVO-V50-Lite-4g-8-128-8-256-Gb-Garansi-resmi-Vivo-Indonesia-i.410912814.43204887608?extraParams=%7B%22display_model_id%22%3A280413899973%2C%22model_selection_logic%22%3A3%7D&sp_atk=cb8b0f97-f38f-4134-9613-c93fceebce8e&xptdk=cb8b0f97-f38f-4134-9613-c93fceebce8e,https://down-id.img.susercontent.com/file/id-11134258-8224v-mkvw0cu9r7k1a5,https://deo.shopeemobile.com/shopee/modules-federation/live/0/shopee__item-card-standard-v2/0.2.8/pc/a425c915798471b33e5d.png,https://deo.shopeemobile.com/shopee/modules-federation/live/0/shopee__item-card-standard-v2/0.2.8/pc/d2a1900a0267d45fd0f5.png,,,4 Terjual
https://down-id.img.susercontent.com/file/id-11134207-822ws-mmkscidlskjm98,Vivo Y21D Ram8/128Gb Original & Bergaransi Resmi Vivo,Rp,2.140.999,,,https://deo.shopeemobile.com/shopee/modules-federation/live/0/shopee__item-card-standard-v2/0.2.8/pc/76dff349290d20891fc1.svg,,,https://deo.shopeemobile.com/shopee/modules-federation/live/0/shopee__item-card-standard-v2/0.2.8/pc/5dd7b4560d0e2d3190e8.svg,Surabaya,2-4 Hari,,,"Vivo Y21D Ram8/128Gb Original & Bergaransi Resmi Vivo
Rp
2.140.999
2-4 Hari
Surabaya",https://shopee.co.id/Vivo-Y21D-Ram8-128Gb-Original-Bergaransi-Resmi-Vivo-i.61714473.57208143725?extraParams=%7B%22display_model_id%22%3A262502848226%2C%22model_selection_logic%22%3A3%7D&sp_atk=dc46bfd9-5df9-46d9-94bc-57a2e5761dc2&xptdk=dc46bfd9-5df9-46d9-94bc-57a2e5761dc2,https://down-id.img.susercontent.com/file/id-11134258-8224v-mkvw0cu9r7k1a5,https://deo.shopeemobile.com/shopee/modules-federation/live/0/shopee__item-card-standard-v2/0.2.8/pc/e4734dab67ee2f9ebd5a.png,https://deo.shopeemobile.com/shopee/modules-federation/live/0/shopee__item-card-standard-v2/0.2.8/pc/d2a1900a0267d45fd0f5.png,,,2-4 Hari
https://down-id.img.susercontent.com/file/id-11134207-7qul7-lfjte5urnv2bda,VIVO V27 5G 8/256 | V27E 12/256 | V27 E 8/256 GARANSI RESMI VIVO,Rp,2.048.000,https://deo.shopeemobile.com/shopee/modules-federation/live/0/shopee__item-card-standard-v2/0.2.8/pc/d7099d3fd1dfdaf705ab.svg,4.9,https://deo.shopeemobile.com/shopee/modules-federation/live/0/shopee__item-card-standard-v2/0.2.8/pc/76dff349290d20891fc1.svg,,,https://deo.shopeemobile.com/shopee/modules-federation/live/0/shopee__item-card-standard-v2/0.2.8/pc/5dd7b4560d0e2d3190e8.svg,Jakarta Barat,3-5 Hari,-28%,https://deo.shopeemobile.com/shopee/modules-federation/live/0/shopee__item-card-standard-v2/0.2.8/pc/b4d1b8a78b3621dbdf4a.svg,"VIVO V27 5G 8/256 | V27E 12/256 | V27 E 8/256 GARANSI RESMI VIVO
Rp
2.048.000
-28%
Cicilan
4.9
870 Terjual
3-5 Hari
Jakarta Barat",https://shopee.co.id/VIVO-V27-5G-8-256-V27E-12-256-V27-E-8-256-GARANSI-RESMI-VIVO-i.147398891.7783965179?extraParams=%7B%22display_model_id%22%3A257181581880%2C%22model_selection_logic%22%3A3%7D&sp_atk=3bd7162c-1505-4780-a676-be299beb2adc&xptdk=3bd7162c-1505-4780-a676-be299beb2adc,https://down-id.img.susercontent.com/file/id-11134258-822ws-mnciva8io4qu2f,https://deo.shopeemobile.com/shopee/modules-federation/live/0/shopee__item-card-standard-v2/0.2.8/pc/e4734dab67ee2f9ebd5a.png,,,Cicilan,870 Terjual
https://down-id.img.susercontent.com/file/id-11134207-822wu-mlyqiam978jl71,[BERGARANSI RESMI] Vivo V40 Lite 5G 8/256GB | Layar AMOLED 120Hz | Baterai 5000mAh | 80W FlashCharge,Rp,3.388.900,https://deo.shopeemobile.com/shopee/modules-federation/live/0/shopee__item-card-standard-v2/0.2.8/pc/d7099d3fd1dfdaf705ab.svg,5.0,https://deo.shopeemobile.com/shopee/modules-federation/live/0/shopee__item-card-standard-v2/0.2.8/pc/76dff349290d20891fc1.svg,,,https://deo.shopeemobile.com/shopee/modules-federation/live/0/shopee__item-card-standard-v2/0.2.8/pc/5dd7b4560d0e2d3190e8.svg,Jakarta Barat,3-6 Hari,-32%,https://deo.shopeemobile.com/shopee/modules-federation/live/0/shopee__item-card-standard-v2/0.2.8/pc/b4d1b8a78b3621dbdf4a.svg,"[BERGARANSI RESMI] Vivo V40 Lite 5G 8/256GB | Layar AMOLED 120Hz | Baterai 5000mAh | 80W FlashCharge
Rp
3.388.900
-32%
5.0
42 Terjual
3-6 Hari
Jakarta Barat",https://shopee.co.id/-BERGARANSI-RESMI-Vivo-V40-Lite-5G-8-256GB-Layar-AMOLED-120Hz-Baterai-5000mAh-80W-FlashCharge-i.1733049972.54207362279?extraParams=%7B%22display_model_id%22%3A375779413568%2C%22model_selection_logic%22%3A3%7D&sp_atk=d862411d-d552-4a41-aa0d-257a5b9e4526&xptdk=d862411d-d552-4a41-aa0d-257a5b9e4526,https://down-id.img.susercontent.com/file/id-11134258-8224v-mkvw0cu9r7k1a5,,https://deo.shopeemobile.com/shopee/modules-federation/live/0/shopee__item-card-standard-v2/0.2.8/pc/d2a1900a0267d45fd0f5.png,,,42 Terjual
https://down-id.img.susercontent.com/file/id-11134207-822wp-mmzw0bzes7pg51,"Handphone Vivo Y36 Ram 8 256 GB (Batangan, Tanpa Charger)",Rp,1.450.000,,,https://deo.shopeemobile.com/shopee/modules-federation/live/0/shopee__item-card-standard-v2/0.2.8/pc/76dff349290d20891fc1.svg,,,https://deo.shopeemobile.com/shopee/modules-federation/live/0/shopee__item-card-standard-v2/0.2.8/pc/5dd7b4560d0e2d3190e8.svg,Tangerang,3 Hari,,,"Handphone Vivo Y36 Ram 8 256 GB (Batangan, Tanpa Charger)
Rp
1.450.000
1 Terjual
3 Hari
Tangerang",https://shopee.co.id/Handphone-Vivo-Y36-Ram-8-256-GB-(Batangan-Tanpa-Charger)-i.1170410584.51308729312?extraParams=%7B%22display_model_id%22%3A440775297466%2C%22model_selection_logic%22%3A3%7D&sp_atk=04038d2c-52f2-4fa1-bfab-7f021e26fc8e&xptdk=04038d2c-52f2-4fa1-bfab-7f021e26fc8e,https://down-id.img.susercontent.com/file/id-11134258-7r98w-lyezzaurybot13,https://deo.shopeemobile.com/shopee/modules-federation/live/0/shopee__item-card-standard-v2/0.2.8/pc/a425c915798471b33e5d.png,,,,1 Terjual
https://down-id.img.susercontent.com/file/id-11134207-822wk-mmulfm4z0gsmb3,Vivo Y05 4/64 4/128 4/64GB 4/128GB 4GB 64GB 128GB Garansi Resmi,Rp,2.099.000,https://deo.shopeemobile.com/shopee/modules-federation/live/0/shopee__item-card-standard-v2/0.2.8/pc/d7099d3fd1dfdaf705ab.svg,5.0,https://deo.shopeemobile.com/shopee/modules-federation/live/0/shopee__item-card-standard-v2/0.2.8/pc/76dff349290d20891fc1.svg,,,https://deo.shopeemobile.com/shopee/modules-federation/live/0/shopee__item-card-standard-v2/0.2.8/pc/5dd7b4560d0e2d3190e8.svg,Denpasar,3-4 Hari,,,"Vivo Y05 4/64 4/128 4/64GB 4/128GB 4GB 64GB 128GB Garansi Resmi
Rp
2.099.000
5.0
8 Terjual
3-4 Hari
Denpasar",https://shopee.co.id/Vivo-Y05-4-64-4-128-4-64GB-4-128GB-4GB-64GB-128GB-Garansi-Resmi-i.25468108.29217295317?extraParams=%7B%22display_model_id%22%3A292432820767%2C%22model_selection_logic%22%3A3%7D&sp_atk=ef1b2028-5ed1-4991-ae2c-fc8cbad7b267&xptdk=ef1b2028-5ed1-4991-ae2c-fc8cbad7b267,https://down-id.img.susercontent.com/file/id-11134258-8224v-mkvw0cu9r7k1a5,https://deo.shopeemobile.com/shopee/modules-federation/live/0/shopee__item-card-standard-v2/0.2.8/pc/e4734dab67ee2f9ebd5a.png,,,,8 Terjual
https://down-id.img.susercontent.com/file/id-11134207-7r98s-lllron069ji497,Vivo V29 5G 8Gb/256Gb & 12Gb/512Gb Garansi Resmi 1 Tahun,Rp,4.499.000,https://deo.shopeemobile.com/shopee/modules-federation/live/0/shopee__item-card-standard-v2/0.2.8/pc/d7099d3fd1dfdaf705ab.svg,4.9,https://deo.shopeemobile.com/shopee/modules-federation/live/0/shopee__item-card-standard-v2/0.2.8/pc/38e203dc86172a6c6560.svg,https://deo.shopeemobile.com/shopee/modules-federation/live/0/shopee__item-card-standard-v2/0.2.8/pc/0614b8f0a8fdde22942d.svg,< 2 Hari,https://deo.shopeemobile.com/shopee/modules-federation/live/0/shopee__item-card-standard-v2/0.2.8/pc/5dd7b4560d0e2d3190e8.svg,Surabaya,,,,"Vivo V29 5G 8Gb/256Gb & 12Gb/512Gb Garansi Resmi 1 Tahun
Rp
4.499.000
Cicilan
4.9
107 Terjual
< 2 Hari
Surabaya",https://shopee.co.id/Vivo-V29-5G-8Gb-256Gb-12Gb-512Gb-Garansi-Resmi-1-Tahun-i.134819232.3960187767?extraParams=%7B%22display_model_id%22%3A232026651694%2C%22model_selection_logic%22%3A3%7D&sp_atk=011eedb9-5fc0-410e-8d3a-a52c12cc63be&xptdk=011eedb9-5fc0-410e-8d3a-a52c12cc63be,https://down-id.img.susercontent.com/file/id-11134258-8224v-mkvw0cu9r7k1a5,https://deo.shopeemobile.com/shopee/modules-federation/live/0/shopee__item-card-standard-v2/0.2.8/pc/a425c915798471b33e5d.png,https://deo.shopeemobile.com/shopee/modules-federation/live/0/shopee__item-card-standard-v2/0.2.8/pc/d2a1900a0267d45fd0f5.png,,Cicilan,107 Terjual
https://down-id.img.susercontent.com/file/id-11134207-7ras9-m59rik72x1c6ea,VIVO V30e 5G NEW RAM 8 INTERNAL 128/256 GARANSI RESMI INDONESIA,Rp,2.895.000,https://deo.shopeemobile.com/shopee/modules-federation/live/0/shopee__item-card-standard-v2/0.2.8/pc/d7099d3fd1dfdaf705ab.svg,5.0,https://deo.shopeemobile.com/shopee/modules-federation/live/0/shopee__item-card-standard-v2/0.2.8/pc/76dff349290d20891fc1.svg,,,https://deo.shopeemobile.com/shopee/modules-federation/live/0/shopee__item-card-standard-v2/0.2.8/pc/5dd7b4560d0e2d3190e8.svg,Surabaya,,,,"VIVO V30e 5G NEW RAM 8 INTERNAL 128/256 GARANSI RESMI INDONESIA
Rp
2.895.000
5.0
2 Terjual
2-4 Hari
Surabaya",https://shopee.co.id/VIVO-V30e-5G-NEW-RAM-8-INTERNAL-128-256-GARANSI-RESMI-INDONESIA-i.1217763119.19387624108?extraParams=%7B%22display_model_id%22%3A187594894826%2C%22model_selection_logic%22%3A3%7D&sp_atk=7586f56d-2359-4ae8-861f-a9b7d9e2d8c8&xptdk=7586f56d-2359-4ae8-861f-a9b7d9e2d8c8,https://down-id.img.susercontent.com/file/id-11134258-8224v-mkvw0cu9r7k1a5,https://deo.shopeemobile.com/shopee/modules-federation/live/0/shopee__item-card-standard-v2/0.2.8/pc/a425c915798471b33e5d.png,https://deo.shopeemobile.com/shopee/modules-federation/live/0/shopee__item-card-standard-v2/0.2.8/pc/d2a1900a0267d45fd0f5.png,,,2 Terjual
https://down-id.img.susercontent.com/file/id-11134207-81ztn-mdxzjqouhe6eea,Vivo Y400 RAM 8GB/128GB 8GB/256GB 8GB+8GB Extended RAM Layar 6.67 inch AMOLED FHD+ 120Hz Snapdragon 685 Baterai 6000mAh - Garansi Resmi Vivo 1 Tahun,Rp,3.499.000,https://deo.shopeemobile.com/shopee/modules-federation/live/0/shopee__item-card-standard-v2/0.2.8/pc/d7099d3fd1dfdaf705ab.svg,5.0,https://deo.shopeemobile.com/shopee/modules-federation/live/0/shopee__item-card-standard-v2/0.2.8/pc/38e203dc86172a6c6560.svg,https://deo.shopeemobile.com/shopee/modules-federation/live/0/shopee__item-card-standard-v2/0.2.8/pc/0614b8f0a8fdde22942d.svg,Besok 12:00,https://deo.shopeemobile.com/shopee/modules-federation/live/0/shopee__item-card-standard-v2/0.2.8/pc/5dd7b4560d0e2d3190e8.svg,Surabaya,,,,"Vivo Y400 RAM 8GB/128GB 8GB/256GB 8GB+8GB Extended RAM Layar 6.67 inch AMOLED FHD+ 120Hz Snapdragon 685 Baterai 6000mAh - Garansi Resmi Vivo 1 Tahun
Rp
3.499.000
5.0
6 Terjual
Besok 12:00
Surabaya",https://shopee.co.id/Vivo-Y400-RAM-8GB-128GB-8GB-256GB-8GB-8GB-Extended-RAM-Layar-6.67-inch-AMOLED-FHD-120Hz-Snapdragon-685-Baterai-6000mAh-Garansi-Resmi-Vivo-1-Tahun-i.139245516.41661438250?extraParams=%7B%22display_model_id%22%3A260960840120%2C%22model_selection_logic%22%3A3%7D&sp_atk=1060a894-fd01-4656-83ca-cc3900aab475&xptdk=1060a894-fd01-4656-83ca-cc3900aab475,,https://deo.shopeemobile.com/shopee/modules-federation/live/0/shopee__item-card-standard-v2/0.2.8/pc/7c9110f78e069acbced7.png,,,,6 Terjual
https://down-id.img.susercontent.com/file/id-11134207-7r98r-lwp1nutl0u4tcb,vivo Y28 NFC [8GB/128GB - 8GB/256GB] Extended RAM 8GB - Helio G85 - 50MP Dual Camera -  Li-Po 6000mAh - Fast Charging 44W Garansi Resmi 1 Tahun,Rp,2.643.000,https://deo.shopeemobile.com/shopee/modules-federation/live/0/shopee__item-card-standard-v2/0.2.8/pc/d7099d3fd1dfdaf705ab.svg,5.0,https://deo.shopeemobile.com/shopee/modules-federation/live/0/shopee__item-card-standard-v2/0.2.8/pc/76dff349290d20891fc1.svg,,,https://deo.shopeemobile.com/shopee/modules-federation/live/0/shopee__item-card-standard-v2/0.2.8/pc/5dd7b4560d0e2d3190e8.svg,Kab. Bekasi,,-9%,,"vivo Y28 NFC [8GB/128GB - 8GB/256GB] Extended RAM 8GB - Helio G85 - 50MP Dual Camera - Li-Po 6000mAh - Fast Charging 44W Garansi Resmi 1 Tahun
Rp
2.643.000
-9%
5.0
46 Terjual
3 Hari
Kab. Bekasi",https://shopee.co.id/vivo-Y28-NFC-8GB-128GB-8GB-256GB-Extended-RAM-8GB-Helio-G85-50MP-Dual-Camera-Li-Po-6000mAh-Fast-Charging-44W-Garansi-Resmi-1-Tahun-i.6357391.28003184597?extraParams=%7B%22display_model_id%22%3A335820861127%2C%22model_selection_logic%22%3A3%7D&sp_atk=42c146b9-5b2f-4542-8668-eca6d40f0c39&xptdk=42c146b9-5b2f-4542-8668-eca6d40f0c39,https://down-id.img.susercontent.com/file/id-11134258-8224v-mkvw0cu9r7k1a5,https://deo.shopeemobile.com/shopee/modules-federation/live/0/shopee__item-card-standard-v2/0.2.8/pc/e4734dab67ee2f9ebd5a.png,,,,46 Terjual
https://down-id.img.susercontent.com/file/id-11134207-7r98o-lp58vw1ukplt28,Vivo Y27s NFC Ram8/256Gb New 100% Original & Bergaransi Resmi Vivo Service Center,Rp,2.399.000,https://deo.shopeemobile.com/shopee/modules-federation/live/0/shopee__item-card-standard-v2/0.2.8/pc/d7099d3fd1dfdaf705ab.svg,5.0,https://deo.shopeemobile.com/shopee/modules-federation/live/0/shopee__item-card-standard-v2/0.2.8/pc/76dff349290d20891fc1.svg,,,https://deo.shopeemobile.com/shopee/modules-federation/live/0/shopee__item-card-standard-v2/0.2.8/pc/5dd7b4560d0e2d3190e8.svg,Surabaya,,,,"Vivo Y27s NFC Ram8/256Gb New 100% Original & Bergaransi Resmi Vivo Service Center
Rp
2.399.000
5.0
12 Terjual
2-4 Hari
Surabaya",https://shopee.co.id/Vivo-Y27s-NFC-Ram8-256Gb-New-100-Original-Bergaransi-Resmi-Vivo-Service-Center-i.34104270.16574049142?extraParams=%7B%22display_model_id%22%3A176260285189%2C%22model_selection_logic%22%3A3%7D&sp_atk=87c02275-694f-4604-98e9-2cdaa70da1a5&xptdk=87c02275-694f-4604-98e9-2cdaa70da1a5,https://down-id.img.susercontent.com/file/id-11134258-822ws-mnciva8io4qu2f,https://deo.shopeemobile.com/shopee/modules-federation/live/0/shopee__item-card-standard-v2/0.2.8/pc/e4734dab67ee2f9ebd5a.png,,,,12 Terjual
https://down-id.img.susercontent.com/file/id-11134207-822wm-mmctm9ornair82,VIVO Y21D Ram 6GB 256GB 6500mAh 90Hz,Rp,2.394.000,,,https://deo.shopeemobile.com/shopee/modules-federation/live/0/shopee__item-card-standard-v2/0.2.8/pc/76dff349290d20891fc1.svg,,,https://deo.shopeemobile.com/shopee/modules-federation/live/0/shopee__item-card-standard-v2/0.2.8/pc/5dd7b4560d0e2d3190e8.svg,Kab. Karawang,,-1%,https://deo.shopeemobile.com/shopee/modules-federation/live/0/shopee__item-card-standard-v2/0.2.8/pc/b4d1b8a78b3621dbdf4a.svg,"VIVO Y21D Ram 6GB 256GB 6500mAh 90Hz
Rp
2.394.000
-1%
3-6 Hari
Kab. Karawang",https://shopee.co.id/VIVO-Y21D-Ram-6GB-256GB-6500mAh-90Hz-i.1306576837.54352456487?extraParams=%7B%22display_model_id%22%3A216342941737%2C%22model_selection_logic%22%3A3%7D&sp_atk=0bfc824f-73c1-4735-9cf7-3b1c1ba2af88&xptdk=0bfc824f-73c1-4735-9cf7-3b1c1ba2af88,https://down-id.img.susercontent.com/file/id-11134258-822ws-mnciva8io4qu2f,https://deo.shopeemobile.com/shopee/modules-federation/live/0/shopee__item-card-standard-v2/0.2.8/pc/7c9110f78e069acbced7.png,,,,3-6 Hari
https://down-id.img.susercontent.com/file/id-11134207-822wi-mlekz4bx5wcgde,"Vivo V70 (Ram 12GB, Rom 256GB, Battery 6500mAh, Qualcomm SM7750-AB Snapdragon 7 Gen 4)",Rp,9.195.000,https://deo.shopeemobile.com/shopee/modules-federation/live/0/shopee__item-card-standard-v2/0.2.8/pc/d7099d3fd1dfdaf705ab.svg,5.0,https://deo.shopeemobile.com/shopee/modules-federation/live/0/shopee__item-card-standard-v2/0.2.8/pc/38e203dc86172a6c6560.svg,https://deo.shopeemobile.com/shopee/modules-federation/live/0/shopee__item-card-standard-v2/0.2.8/pc/0614b8f0a8fdde22942d.svg,< 2 Hari,https://deo.shopeemobile.com/shopee/modules-federation/live/0/shopee__item-card-standard-v2/0.2.8/pc/5dd7b4560d0e2d3190e8.svg,Malang,,-1%,https://deo.shopeemobile.com/shopee/modules-federation/live/0/shopee__item-card-standard-v2/0.2.8/pc/b4d1b8a78b3621dbdf4a.svg,"Vivo V70 (Ram 12GB, Rom 256GB, Battery 6500mAh, Qualcomm SM7750-AB Snapdragon 7 Gen 4)
Rp
9.195.000
-1%
5.0
29 Terjual
< 2 Hari
Malang",https://shopee.co.id/Vivo-V70-(Ram-12GB-Rom-256GB-Battery-6500mAh-Qualcomm-SM7750-AB-Snapdragon-7-Gen-4)-i.49893858.27501931387?extraParams=%7B%22display_model_id%22%3A286474560660%2C%22model_selection_logic%22%3A3%7D&sp_atk=a2007936-2d63-4f5a-a39b-13562cc813b8&xptdk=a2007936-2d63-4f5a-a39b-13562cc813b8,https://down-id.img.susercontent.com/file/id-11134258-822ws-mnciva8io4qu2f,https://deo.shopeemobile.com/shopee/modules-federation/live/0/shopee__item-card-standard-v2/0.2.8/pc/e4734dab67ee2f9ebd5a.png,,,,29 Terjual
https://down-id.img.susercontent.com/file/id-11134207-81ztc-mfkvll7ku2h7e3,Ready-Stock-2025 Vivo V40 Lite 5G Terbaru 2025 - RAM 8GB ROM 256GB | Layar AMOLED 120Hz | Kamera 64MP | Baterai 5500mAh Fast Charging | Garansi Resmi,Rp,3.398.900,https://deo.shopeemobile.com/shopee/modules-federation/live/0/shopee__item-card-standard-v2/0.2.8/pc/d7099d3fd1dfdaf705ab.svg,4.3,https://deo.shopeemobile.com/shopee/modules-federation/live/0/shopee__item-card-standard-v2/0.2.8/pc/76dff349290d20891fc1.svg,,,https://deo.shopeemobile.com/shopee/modules-federation/live/0/shopee__item-card-standard-v2/0.2.8/pc/5dd7b4560d0e2d3190e8.svg,Jakarta Barat,,-17%,https://deo.shopeemobile.com/shopee/modules-federation/live/0/shopee__item-card-standard-v2/0.2.8/pc/b4d1b8a78b3621dbdf4a.svg,"Ready-Stock-2025 Vivo V40 Lite 5G Terbaru 2025 - RAM 8GB ROM 256GB | Layar AMOLED 120Hz | Kamera 64MP | Baterai 5500mAh Fast Charging | Garansi Resmi
Rp
3.398.900
-17%
4.3
63 Terjual
4-7 Hari
Jakarta Barat",https://shopee.co.id/Ready-Stock-2025-Vivo-V40-Lite-5G-Terbaru-2025-RAM-8GB-ROM-256GB-Layar-AMOLED-120Hz-Kamera-64MP-Baterai-5500mAh-Fast-Charging-Garansi-Resmi-i.1639421028.40523207350?extraParams=%7B%22display_model_id%22%3A281886637699%2C%22model_selection_logic%22%3A3%7D&sp_atk=5735e6a1-fd1c-4b23-9b97-3325e07ab8fb&xptdk=5735e6a1-fd1c-4b23-9b97-3325e07ab8fb,https://down-id.img.susercontent.com/file/id-11134258-7r98w-lyezzaurybot13,,,,,63 Terjual
https://down-id.img.susercontent.com/file/id-11134207-7rasl-m2jabyyr0itq77,VIVO V40 LITE 4G {8GB/128GB} {8GB/256GB} GARANSI RESMI VIVO,Rp,2.799.000,https://deo.shopeemobile.com/shopee/modules-federation/live/0/shopee__item-card-standard-v2/0.2.8/pc/d7099d3fd1dfdaf705ab.svg,5.0,https://deo.shopeemobile.com/shopee/modules-federation/live/0/shopee__item-card-standard-v2/0.2.8/pc/76dff349290d20891fc1.svg,,Cashback 99%,https://deo.shopeemobile.com/shopee/modules-federation/live/0/shopee__item-card-standard-v2/0.2.8/pc/5dd7b4560d0e2d3190e8.svg,Surabaya,,-15%,,"VIVO V40 LITE 4G {8GB/128GB} {8GB/256GB} GARANSI RESMI VIVO
Rp
2.799.000
-15%
Cashback 99%
5.0
56 Terjual
3 Hari
Surabaya",https://shopee.co.id/VIVO-V40-LITE-4G-8GB-128GB-8GB-256GB-GARANSI-RESMI-VIVO-i.151788128.25234887994?extraParams=%7B%22display_model_id%22%3A247017490502%2C%22model_selection_logic%22%3A3%7D&sp_atk=13e94d1f-eb9f-4e92-862c-a589ec5078b2&xptdk=13e94d1f-eb9f-4e92-862c-a589ec5078b2,https://down-id.img.susercontent.com/file/id-11134258-8224v-mkvw0cu9r7k1a5,https://deo.shopeemobile.com/shopee/modules-federation/live/0/shopee__item-card-standard-v2/0.2.8/pc/a425c915798471b33e5d.png,,,,56 Terjual
https://down-id.img.susercontent.com/file/id-11134207-7rbkd-m7l8tv4xg7ghe9,VIVO V40 5G RAM 12/256GB ORIGINAL BERGARANSI RESMI VIVO INDONESIA,Rp,5.195.000,https://deo.shopeemobile.com/shopee/modules-federation/live/0/shopee__item-card-standard-v2/0.2.8/pc/d7099d3fd1dfdaf705ab.svg,4.9,https://deo.shopeemobile.com/shopee/modules-federation/live/0/shopee__item-card-standard-v2/0.2.8/pc/76dff349290d20891fc1.svg,,,https://deo.shopeemobile.com/shopee/modules-federation/live/0/shopee__item-card-standard-v2/0.2.8/pc/5dd7b4560d0e2d3190e8.svg,Surabaya,,-26%,,"VIVO V40 5G RAM 12/256GB ORIGINAL BERGARANSI RESMI VIVO INDONESIA
Rp
5.195.000
-26%
4.9
305 Terjual
2-4 Hari
Surabaya",https://shopee.co.id/VIVO-V40-5G-RAM-12-256GB-ORIGINAL-BERGARANSI-RESMI-VIVO-INDONESIA-i.220501664.23950524438?extraParams=%7B%22display_model_id%22%3A188334767293%2C%22model_selection_logic%22%3A3%7D&sp_atk=f29e5ef7-1225-466c-8849-712025c2d3ff&xptdk=f29e5ef7-1225-466c-8849-712025c2d3ff,https://down-id.img.susercontent.com/file/id-11134258-8224v-mkvw0cu9r7k1a5,https://deo.shopeemobile.com/shopee/modules-federation/live/0/shopee__item-card-standard-v2/0.2.8/pc/a425c915798471b33e5d.png,,,,305 Terjual
https://down-id.img.susercontent.com/file/id-11134207-8224t-mgqs8uoexogc1d,"Vivo Y21d [4/128 GB ,6/128 GB,6/256 GB dan 8/128 GB]garansi resmi Indonesia new 100% original",Rp,2.299.000,https://deo.shopeemobile.com/shopee/modules-federation/live/0/shopee__item-card-standard-v2/0.2.8/pc/d7099d3fd1dfdaf705ab.svg,5.0,https://deo.shopeemobile.com/shopee/modules-federation/live/0/shopee__item-card-standard-v2/0.2.8/pc/38e203dc86172a6c6560.svg,https://deo.shopeemobile.com/shopee/modules-federation/live/0/shopee__item-card-standard-v2/0.2.8/pc/0614b8f0a8fdde22942d.svg,< 2 Hari,https://deo.shopeemobile.com/shopee/modules-federation/live/0/shopee__item-card-standard-v2/0.2.8/pc/5dd7b4560d0e2d3190e8.svg,Surabaya,,,,"Vivo Y21d [4/128 GB ,6/128 GB,6/256 GB dan 8/128 GB]garansi resmi Indonesia new 100% original
Rp
2.299.000
5.0
21 Terjual
< 2 Hari
Surabaya",https://shopee.co.id/Vivo-Y21d-4-128-GB-6-128-GB-6-256-GB-dan-8-128-GB-garansi-resmi-Indonesia-new-100-original-i.231049776.19666391124?extraParams=%7B%22display_model_id%22%3A370084769540%2C%22model_selection_logic%22%3A3%7D&sp_atk=78cb6b01-7d8f-4046-96c0-cb418877c077&xptdk=78cb6b01-7d8f-4046-96c0-cb418877c077,https://down-id.img.susercontent.com/file/id-11134258-8224v-mkvw0cu9r7k1a5,https://deo.shopeemobile.com/shopee/modules-federation/live/0/shopee__item-card-standard-v2/0.2.8/pc/e4734dab67ee2f9ebd5a.png,https://deo.shopeemobile.com/shopee/modules-federation/live/0/shopee__item-card-standard-v2/0.2.8/pc/d2a1900a0267d45fd0f5.png,,,21 Terjual
https://down-id.img.susercontent.com/file/id-11134207-8224o-mkkosb2db18n64,"Vivo V60 Lite 4G Dimensity 7360 Turbo, 6500mAh + 90W Flashcharge",Rp,4.799.000,https://deo.shopeemobile.com/shopee/modules-federation/live/0/shopee__item-card-standard-v2/0.2.8/pc/d7099d3fd1dfdaf705ab.svg,5.0,https://deo.shopeemobile.com/shopee/modules-federation/live/0/shopee__item-card-standard-v2/0.2.8/pc/76dff349290d20891fc1.svg,,,https://deo.shopeemobile.com/shopee/modules-federation/live/0/shopee__item-card-standard-v2/0.2.8/pc/5dd7b4560d0e2d3190e8.svg,Kab. Tangerang,,,,"Vivo V60 Lite 4G Dimensity 7360 Turbo, 6500mAh + 90W Flashcharge
Rp
4.799.000
5.0
169 Terjual
3-6 Hari
Kab. Tangerang",https://shopee.co.id/Vivo-V60-Lite-4G-Dimensity-7360-Turbo-6500mAh-90W-Flashcharge-i.1594353689.40372623240?extraParams=%7B%22display_model_id%22%3A253985476595%2C%22model_selection_logic%22%3A3%7D&sp_atk=22d766f8-369e-4b25-aba2-f5b4f1201e0c&xptdk=22d766f8-369e-4b25-aba2-f5b4f1201e0c,https://down-id.img.susercontent.com/file/id-11134258-8224v-mkvw0cu9r7k1a5,https://deo.shopeemobile.com/shopee/modules-federation/live/0/shopee__item-card-standard-v2/0.2.8/pc/7c9110f78e069acbced7.png,,,,169 Terjual
https://down-id.img.susercontent.com/file/id-11134207-7ra0i-mc5tskipvnj66a,Vivo V50 Lite 5g 12/512 GB | 8/256 GB Original Garansi Resmi Vivo Indonesia,Rp,3.999.000,https://deo.shopeemobile.com/shopee/modules-federation/live/0/shopee__item-card-standard-v2/0.2.8/pc/d7099d3fd1dfdaf705ab.svg,5.0,https://deo.shopeemobile.com/shopee/modules-federation/live/0/shopee__item-card-standard-v2/0.2.8/pc/38e203dc86172a6c6560.svg,https://deo.shopeemobile.com/shopee/modules-federation/live/0/shopee__item-card-standard-v2/0.2.8/pc/0614b8f0a8fdde22942d.svg,< 2 Hari,https://deo.shopeemobile.com/shopee/modules-federation/live/0/shopee__item-card-standard-v2/0.2.8/pc/5dd7b4560d0e2d3190e8.svg,Surabaya,,,,"Vivo V50 Lite 5g 12/512 GB | 8/256 GB Original Garansi Resmi Vivo Indonesia
Rp
3.999.000
5.0
27 Terjual
< 2 Hari
Surabaya",https://shopee.co.id/Vivo-V50-Lite-5g-12-512-GB-8-256-GB-Original-Garansi-Resmi-Vivo-Indonesia-i.82770881.43150898460?extraParams=%7B%22display_model_id%22%3A305071907959%2C%22model_selection_logic%22%3A3%7D&sp_atk=ada29e0f-077f-4b0b-b209-4c41a521a4fb&xptdk=ada29e0f-077f-4b0b-b209-4c41a521a4fb,https://down-id.img.susercontent.com/file/id-11134258-8224v-mkvw0cu9r7k1a5,https://deo.shopeemobile.com/shopee/modules-federation/live/0/shopee__item-card-standard-v2/0.2.8/pc/a425c915798471b33e5d.png,,,,27 Terjual
https://down-id.img.susercontent.com/file/id-11134207-8224o-mhoe7txhszk8b8,VIVO V60 LITE 8GB / 256GB | SONY CAMERA | 6500 MAH | BAYPASS CHARGRING| BERGARANSI RESMI.,Rp,5.449.000,https://deo.shopeemobile.com/shopee/modules-federation/live/0/shopee__item-card-standard-v2/0.2.8/pc/d7099d3fd1dfdaf705ab.svg,5.0,https://deo.shopeemobile.com/shopee/modules-federation/live/0/shopee__item-card-standard-v2/0.2.8/pc/38e203dc86172a6c6560.svg,https://deo.shopeemobile.com/shopee/modules-federation/live/0/shopee__item-card-standard-v2/0.2.8/pc/0614b8f0a8fdde22942d.svg,Besok,https://deo.shopeemobile.com/shopee/modules-federation/live/0/shopee__item-card-standard-v2/0.2.8/pc/5dd7b4560d0e2d3190e8.svg,Kab. Sidoarjo,,-3%,,"VIVO V60 LITE 8GB / 256GB | SONY CAMERA | 6500 MAH | BAYPASS CHARGRING| BERGARANSI RESMI.
Rp
5.449.000
-3%
5.0
4 Terjual
Besok
Kab. Sidoarjo",https://shopee.co.id/VIVO-V60-LITE-8GB-256GB-SONY-CAMERA-6500-MAH-BAYPASS-CHARGRING-BERGARANSI-RESMI.-i.105409987.43550584456?extraParams=%7B%22display_model_id%22%3A270046423066%2C%22model_selection_logic%22%3A3%7D&sp_atk=b6efa820-1962-40cd-8c28-bf83a06dc181&xptdk=b6efa820-1962-40cd-8c28-bf83a06dc181,https://down-id.img.susercontent.com/file/id-11134258-822wr-mlx67rtd6r602f,https://deo.shopeemobile.com/shopee/modules-federation/live/0/shopee__item-card-standard-v2/0.2.8/pc/e4734dab67ee2f9ebd5a.png,https://deo.shopeemobile.com/shopee/modules-federation/live/0/shopee__item-card-standard-v2/0.2.8/pc/d2a1900a0267d45fd0f5.png,,,4 Terjual
https://down-id.img.susercontent.com/file/id-11134207-7r98v-lpkt19pn80w025,Vivo Y17s Ram 4/64GB | Ram 4/128GB | Ram 6/128GB,Rp,1.783.890,https://deo.shopeemobile.com/shopee/modules-federation/live/0/shopee__item-card-standard-v2/0.2.8/pc/d7099d3fd1dfdaf705ab.svg,4.9,https://deo.shopeemobile.com/shopee/modules-federation/live/0/shopee__item-card-standard-v2/0.2.8/pc/76dff349290d20891fc1.svg,,,https://deo.shopeemobile.com/shopee/modules-federation/live/0/shopee__item-card-standard-v2/0.2.8/pc/5dd7b4560d0e2d3190e8.svg,Surabaya,,-1%,,"Vivo Y17s Ram 4/64GB | Ram 4/128GB | Ram 6/128GB
Rp
1.783.890
-1%
4.9
113 Terjual
2-4 Hari
Surabaya",https://shopee.co.id/Vivo-Y17s-Ram-4-64GB-Ram-4-128GB-Ram-6-128GB-i.433115955.24453762364?extraParams=%7B%22display_model_id%22%3A29446692896%2C%22model_selection_logic%22%3A3%7D&sp_atk=27af0747-ffb0-476d-88f9-3db599cc188e&xptdk=27af0747-ffb0-476d-88f9-3db599cc188e,https://down-id.img.susercontent.com/file/id-11134258-822wr-mlx5y0tebegw04,https://deo.shopeemobile.com/shopee/modules-federation/live/0/shopee__item-card-standard-v2/0.2.8/pc/e4734dab67ee2f9ebd5a.png,,,,113 Terjual
https://down-id.img.susercontent.com/file/6bf5f2b2703e44398488754c6201dc9b,VIVO Y12S BARU GARANSI RESMI,Rp,3.040.000,https://deo.shopeemobile.com/shopee/modules-federation/live/0/shopee__item-card-standard-v2/0.2.8/pc/d7099d3fd1dfdaf705ab.svg,5.0,https://deo.shopeemobile.com/shopee/modules-federation/live/0/shopee__item-card-standard-v2/0.2.8/pc/76dff349290d20891fc1.svg,,,https://deo.shopeemobile.com/shopee/modules-federation/live/0/shopee__item-card-standard-v2/0.2.8/pc/5dd7b4560d0e2d3190e8.svg,Kab. Purbalingga,,,,"VIVO Y12S BARU GARANSI RESMI
Rp
3.040.000
Cicilan
5.0
154 Terjual
2-6 Hari
Kab. Purbalingga",https://shopee.co.id/VIVO-Y12S-BARU-GARANSI-RESMI-i.117122912.3467815618?extraParams=%7B%22display_model_id%22%3A52282973440%2C%22model_selection_logic%22%3A3%7D&sp_atk=5a927e22-0327-4571-bce2-02de621489d2&xptdk=5a927e22-0327-4571-bce2-02de621489d2,https://down-id.img.susercontent.com/file/id-11134258-8224v-mkvw0cu9r7k1a5,,,,Cicilan,154 Terjual
https://down-id.img.susercontent.com/file/id-11134207-7rbkd-m6bflatprv2u31,VIVO Y28 (6/128) (8/128) (8/256) Garansi resmi vivo indonesia,Rp,2.399.000,https://deo.shopeemobile.com/shopee/modules-federation/live/0/shopee__item-card-standard-v2/0.2.8/pc/d7099d3fd1dfdaf705ab.svg,5.0,https://deo.shopeemobile.com/shopee/modules-federation/live/0/shopee__item-card-standard-v2/0.2.8/pc/76dff349290d20891fc1.svg,,,https://deo.shopeemobile.com/shopee/modules-federation/live/0/shopee__item-card-standard-v2/0.2.8/pc/5dd7b4560d0e2d3190e8.svg,Surabaya,,,,"VIVO Y28 (6/128) (8/128) (8/256) Garansi resmi vivo indonesia
Rp
2.399.000
5.0
130 Terjual
3-6 Hari
Surabaya",https://shopee.co.id/VIVO-Y28-(6-128)-(8-128)-(8-256)-Garansi-resmi-vivo-indonesia-i.1427943897.29374727204?extraParams=%7B%22display_model_id%22%3A149018870052%2C%22model_selection_logic%22%3A3%7D&sp_atk=039098ef-8484-4140-aab1-48cb11ec70e1&xptdk=039098ef-8484-4140-aab1-48cb11ec70e1,https://down-id.img.susercontent.com/file/id-11134258-8224v-mkvw0cu9r7k1a5,,,,,130 Terjual
https://down-id.img.susercontent.com/file/id-11134207-7ra0j-mda50vh67mwldd,Vivo Y18 6/128gb Bergaransi Resmi Vivo SeIndonesia,Rp,1.535.040,https://deo.shopeemobile.com/shopee/modules-federation/live/0/shopee__item-card-standard-v2/0.2.8/pc/d7099d3fd1dfdaf705ab.svg,5.0,https://deo.shopeemobile.com/shopee/modules-federation/live/0/shopee__item-card-standard-v2/0.2.8/pc/76dff349290d20891fc1.svg,,,https://deo.shopeemobile.com/shopee/modules-federation/live/0/shopee__item-card-standard-v2/0.2.8/pc/5dd7b4560d0e2d3190e8.svg,Surabaya,,-4%,,"Vivo Y18 6/128gb Bergaransi Resmi Vivo SeIndonesia
Rp
1.535.040
-4%
5.0
1 Terjual
2-5 Hari
Surabaya",https://shopee.co.id/Vivo-Y18-6-128gb-Bergaransi-Resmi-Vivo-SeIndonesia-i.195751597.42362283091?extraParams=%7B%22display_model_id%22%3A286027517694%2C%22model_selection_logic%22%3A3%7D&sp_atk=228c221e-70fc-4106-bea8-578e9a330c33&xptdk=228c221e-70fc-4106-bea8-578e9a330c33,https://down-id.img.susercontent.com/file/id-11134258-7r98w-lyezzaurybot13,,,,,1 Terjual
https://down-id.img.susercontent.com/file/id-11134207-822wp-mmzl1t8cr2869c,"VIVO Y05 - VIVO Y19S Pro  6500mAh Flashcharge, 50MP AI Camera, IP64 Waterproof, Garansi Resmi",Rp,1.999.000,https://deo.shopeemobile.com/shopee/modules-federation/live/0/shopee__item-card-standard-v2/0.2.8/pc/d7099d3fd1dfdaf705ab.svg,5.0,https://deo.shopeemobile.com/shopee/modules-federation/live/0/shopee__item-card-standard-v2/0.2.8/pc/76dff349290d20891fc1.svg,,,https://deo.shopeemobile.com/shopee/modules-federation/live/0/shopee__item-card-standard-v2/0.2.8/pc/5dd7b4560d0e2d3190e8.svg,Kab. Bandung,,,,"VIVO Y05 - VIVO Y19S Pro 6500mAh Flashcharge, 50MP AI Camera, IP64 Waterproof, Garansi Resmi
Rp
1.999.000
5.0
43 Terjual
2-3 Hari
Kab. Bandung",https://shopee.co.id/VIVO-Y05-VIVO-Y19S-Pro-6500mAh-Flashcharge-50MP-AI-Camera-IP64-Waterproof-Garansi-Resmi-i.1162134443.25787910867?extraParams=%7B%22display_model_id%22%3A445773644460%2C%22model_selection_logic%22%3A3%7D&sp_atk=7599a10e-e261-468a-8221-1f8fab63c2b7&xptdk=7599a10e-e261-468a-8221-1f8fab63c2b7,https://down-id.img.susercontent.com/file/id-11134258-8224v-mkvw0cu9r7k1a5,https://deo.shopeemobile.com/shopee/modules-federation/live/0/shopee__item-card-standard-v2/0.2.8/pc/a425c915798471b33e5d.png,https://deo.shopeemobile.com/shopee/modules-federation/live/0/shopee__item-card-standard-v2/0.2.8/pc/d2a1900a0267d45fd0f5.png,,,43 Terjual
https://down-id.img.susercontent.com/file/id-11134207-8224r-mgdlsp6tu1hl3a,Vivo Y21d Ram 4/128 6/128 8/128 6/256 | 6500 mAh | Tahan Banting | Tahan Air | Ungu & Hitam,Rp,2.399.000,https://deo.shopeemobile.com/shopee/modules-federation/live/0/shopee__item-card-standard-v2/0.2.8/pc/d7099d3fd1dfdaf705ab.svg,4.9,https://deo.shopeemobile.com/shopee/modules-federation/live/0/shopee__item-card-standard-v2/0.2.8/pc/38e203dc86172a6c6560.svg,https://deo.shopeemobile.com/shopee/modules-federation/live/0/shopee__item-card-standard-v2/0.2.8/pc/0614b8f0a8fdde22942d.svg,< 2 Hari,https://deo.shopeemobile.com/shopee/modules-federation/live/0/shopee__item-card-standard-v2/0.2.8/pc/5dd7b4560d0e2d3190e8.svg,Kab. Sidoarjo,,,,"Vivo Y21d Ram 4/128 6/128 8/128 6/256 | 6500 mAh | Tahan Banting | Tahan Air | Ungu & Hitam
Rp
2.399.000
Cicilan
4.9
79 Terjual
< 2 Hari
Kab. Sidoarjo",https://shopee.co.id/Vivo-Y21d-Ram-4-128-6-128-8-128-6-256-6500-mAh-Tahan-Banting-Tahan-Air-Ungu-Hitam-i.105988844.12330158780?extraParams=%7B%22display_model_id%22%3A350027956458%2C%22model_selection_logic%22%3A3%7D&sp_atk=4f879ca3-9d93-485b-9db1-214cc25cd753&xptdk=4f879ca3-9d93-485b-9db1-214cc25cd753,https://down-id.img.susercontent.com/file/id-11134258-8224v-mkvw0cu9r7k1a5,,,,Cicilan,79 Terjual
https://down-id.img.susercontent.com/file/id-11134207-81ztp-mfmq75dpmbd9dd,VIVO V60 Lite 4G [8/256 GB] - Snapdragon 685 - 50MP Sony Camera - 6500mAh 90W - GARANSI RESMI VIVO INDONESIA,Rp,3.999.000,https://deo.shopeemobile.com/shopee/modules-federation/live/0/shopee__item-card-standard-v2/0.2.8/pc/d7099d3fd1dfdaf705ab.svg,5.0,https://deo.shopeemobile.com/shopee/modules-federation/live/0/shopee__item-card-standard-v2/0.2.8/pc/76dff349290d20891fc1.svg,,,https://deo.shopeemobile.com/shopee/modules-federation/live/0/shopee__item-card-standard-v2/0.2.8/pc/5dd7b4560d0e2d3190e8.svg,Jakarta Barat,,-11%,,"VIVO V60 Lite 4G [8/256 GB] - Snapdragon 685 - 50MP Sony Camera - 6500mAh 90W - GARANSI RESMI VIVO INDONESIA
Rp
3.999.000
-11%
Cicilan
5.0
81 Terjual
3 Hari
Jakarta Barat",https://shopee.co.id/VIVO-V60-Lite-4G-8-256-GB-Snapdragon-685-50MP-Sony-Camera-6500mAh-90W-GARANSI-RESMI-VIVO-INDONESIA-i.216046779.5643727171?extraParams=%7B%22display_model_id%22%3A435708396541%2C%22model_selection_logic%22%3A3%7D&sp_atk=033819ea-78d7-4467-a676-746ae424af23&xptdk=033819ea-78d7-4467-a676-746ae424af23,https://down-id.img.susercontent.com/file/id-11134258-8224v-mkvw0cu9r7k1a5,https://deo.shopeemobile.com/shopee/modules-federation/live/0/shopee__item-card-standard-v2/0.2.8/pc/e4734dab67ee2f9ebd5a.png,,,Cicilan,81 Terjual
https://down-id.img.susercontent.com/file/sg-11134201-825ar-mg0rvebuu58q85,VIVO Y21D SERIES 4/128 6/128 8/128 Garansi Resmi Indonesia,Rp,2.849.000,https://deo.shopeemobile.com/shopee/modules-federation/live/0/shopee__item-card-standard-v2/0.2.8/pc/d7099d3fd1dfdaf705ab.svg,5.0,https://deo.shopeemobile.com/shopee/modules-federation/live/0/shopee__item-card-standard-v2/0.2.8/pc/76dff349290d20891fc1.svg,,,https://deo.shopeemobile.com/shopee/modules-federation/live/0/shopee__item-card-standard-v2/0.2.8/pc/5dd7b4560d0e2d3190e8.svg,Kab. Ponorogo,,,,"VIVO Y21D SERIES 4/128 6/128 8/128 Garansi Resmi Indonesia
Rp
2.849.000
5.0
11 Terjual
2-4 Hari
Kab. Ponorogo",https://shopee.co.id/VIVO-Y21D-SERIES-4-128-6-128-8-128-Garansi-Resmi-Indonesia-i.22524188.41475023340?extraParams=%7B%22display_model_id%22%3A292029336776%2C%22model_selection_logic%22%3A3%7D&sp_atk=c07695fd-6eb4-48a8-b9d2-e835a563f502&xptdk=c07695fd-6eb4-48a8-b9d2-e835a563f502,https://down-id.img.susercontent.com/file/id-11134258-7ra0q-mbesqwmkb0gu9c,https://deo.shopeemobile.com/shopee/modules-federation/live/0/shopee__item-card-standard-v2/0.2.8/pc/a425c915798471b33e5d.png,https://deo.shopeemobile.com/shopee/modules-federation/live/0/shopee__item-card-standard-v2/0.2.8/pc/d2a1900a0267d45fd0f5.png,,,11 Terjual
https://down-id.img.susercontent.com/file/id-11134207-822wl-mlrnd7d11wjm05,VIVO Y05 4/64GB New 100% Garansi Resmi Vivo Indonesia,Rp,2.199.000,https://deo.shopeemobile.com/shopee/modules-federation/live/0/shopee__item-card-standard-v2/0.2.8/pc/d7099d3fd1dfdaf705ab.svg,5.0,https://deo.shopeemobile.com/shopee/modules-federation/live/0/shopee__item-card-standard-v2/0.2.8/pc/76dff349290d20891fc1.svg,,,https://deo.shopeemobile.com/shopee/modules-federation/live/0/shopee__item-card-standard-v2/0.2.8/pc/5dd7b4560d0e2d3190e8.svg,Surabaya,,,,"VIVO Y05 4/64GB New 100% Garansi Resmi Vivo Indonesia
Rp
2.199.000
5.0
43 Terjual
2-4 Hari
Surabaya",https://shopee.co.id/VIVO-Y05-4-64GB-New-100-Garansi-Resmi-Vivo-Indonesia-i.25028502.20151568248?extraParams=%7B%22display_model_id%22%3A340638722535%2C%22model_selection_logic%22%3A3%7D&sp_atk=9a9ef87c-9d76-4f88-807d-93be426f99aa&xptdk=9a9ef87c-9d76-4f88-807d-93be426f99aa,https://down-id.img.susercontent.com/file/id-11134258-822wr-mlx67rtd6r602f,https://deo.shopeemobile.com/shopee/modules-federation/live/0/shopee__item-card-standard-v2/0.2.8/pc/e4734dab67ee2f9ebd5a.png,https://deo.shopeemobile.com/shopee/modules-federation/live/0/shopee__item-card-standard-v2/0.2.8/pc/d2a1900a0267d45fd0f5.png,,,43 Terjual
https://down-id.img.susercontent.com/file/id-11134207-7r98t-lu7e6d189vh043,Vivo Y27 5G 6/128 Purple,Rp,1.800.000,,,https://deo.shopeemobile.com/shopee/modules-federation/live/0/shopee__item-card-standard-v2/0.2.8/pc/76dff349290d20891fc1.svg,,,https://deo.shopeemobile.com/shopee/modules-federation/live/0/shopee__item-card-standard-v2/0.2.8/pc/5dd7b4560d0e2d3190e8.svg,Palangka Raya,,,,"Vivo Y27 5G 6/128 Purple
Rp
1.800.000
3 Hari
Palangka Raya",https://shopee.co.id/Vivo-Y27-5G-6-128-Purple-i.242031063.24124703136?extraParams=%7B%22display_model_id%22%3A185034648971%2C%22model_selection_logic%22%3A3%7D&sp_atk=4dd95a04-d642-419b-bc9d-50c3e46fc7c9&xptdk=4dd95a04-d642-419b-bc9d-50c3e46fc7c9,https://down-id.img.susercontent.com/file/id-11134258-822wr-mlx67rtd6r602f,https://deo.shopeemobile.com/shopee/modules-federation/live/0/shopee__item-card-standard-v2/0.2.8/pc/a425c915798471b33e5d.png,,,,3 Hari
https://down-id.img.susercontent.com/file/id-11134207-822wm-mlnutoxn7xfo39,"Vivo V70 5G 8/256 | 12/256 | 12/512 GB - GARANSI RESMI VIVO INDONESIA -Dual Portrait Master, 10X Telephoto Zoom, 200MP OIS Main Kamera",Rp,8.499.000,https://deo.shopeemobile.com/shopee/modules-federation/live/0/shopee__item-card-standard-v2/0.2.8/pc/d7099d3fd1dfdaf705ab.svg,5.0,https://deo.shopeemobile.com/shopee/modules-federation/live/0/shopee__item-card-standard-v2/0.2.8/pc/76dff349290d20891fc1.svg,,,https://deo.shopeemobile.com/shopee/modules-federation/live/0/shopee__item-card-standard-v2/0.2.8/pc/5dd7b4560d0e2d3190e8.svg,Semarang,,,,"Vivo V70 5G 8/256 | 12/256 | 12/512 GB - GARANSI RESMI VIVO INDONESIA -Dual Portrait Master, 10X Telephoto Zoom, 200MP OIS Main Kamera
Rp
8.499.000
5.0
11 Terjual
2-3 Hari
Semarang",https://shopee.co.id/Vivo-V70-5G-8-256-12-256-12-512-GB-GARANSI-RESMI-VIVO-INDONESIA-Dual-Portrait-Master-10X-Telephoto-Zoom-200MP-OIS-Main-Kamera-i.96963674.44956995845?extraParams=%7B%22display_model_id%22%3A405813729726%2C%22model_selection_logic%22%3A3%7D&sp_atk=7f26254f-4529-443d-b8d6-8e96d4c8eee3&xptdk=7f26254f-4529-443d-b8d6-8e96d4c8eee3,https://down-id.img.susercontent.com/file/id-11134258-8224v-mkvw0cu9r7k1a5,https://deo.shopeemobile.com/shopee/modules-federation/live/0/shopee__item-card-standard-v2/0.2.8/pc/e4734dab67ee2f9ebd5a.png,,,,11 Terjual
https://down-id.img.susercontent.com/file/id-11134207-8224s-mg7eyt0qvf2l58,Vivo Y21d 8+8GB/128GB Tahan Air Extream Garansi Resmi,Rp,2.419.000,https://deo.shopeemobile.com/shopee/modules-federation/live/0/shopee__item-card-standard-v2/0.2.8/pc/d7099d3fd1dfdaf705ab.svg,5.0,https://deo.shopeemobile.com/shopee/modules-federation/live/0/shopee__item-card-standard-v2/0.2.8/pc/76dff349290d20891fc1.svg,,,https://deo.shopeemobile.com/shopee/modules-federation/live/0/shopee__item-card-standard-v2/0.2.8/pc/5dd7b4560d0e2d3190e8.svg,Bandung,,-14%,,"Vivo Y21d 8+8GB/128GB Tahan Air Extream Garansi Resmi
Rp
2.419.000
-14%
5.0
47 Terjual
2-3 Hari
Bandung",https://shopee.co.id/Vivo-Y21d-8-8GB-128GB-Tahan-Air-Extream-Garansi-Resmi-i.1155487689.26957889202?extraParams=%7B%22display_model_id%22%3A277560819570%2C%22model_selection_logic%22%3A3%7D&sp_atk=b05ac92e-5a85-4aa7-8c6f-6cc6cd464fba&xptdk=b05ac92e-5a85-4aa7-8c6f-6cc6cd464fba,https://down-id.img.susercontent.com/file/id-11134258-822ws-mnciva8io4qu2f,https://deo.shopeemobile.com/shopee/modules-federation/live/0/shopee__item-card-standard-v2/0.2.8/pc/e4734dab67ee2f9ebd5a.png,https://deo.shopeemobile.com/shopee/modules-federation/live/0/shopee__item-card-standard-v2/0.2.8/pc/d2a1900a0267d45fd0f5.png,,,47 Terjual
https://down-id.img.susercontent.com/file/id-11134207-822wh-mlwx9cncggld40,Vivo Y400 4G Ram 8/128GB | Ram 8/256GB Segel Original & Bergaransi Resmi,Rp,2.399.085,https://deo.shopeemobile.com/shopee/modules-federation/live/0/shopee__item-card-standard-v2/0.2.8/pc/d7099d3fd1dfdaf705ab.svg,4.8,https://deo.shopeemobile.com/shopee/modules-federation/live/0/shopee__item-card-standard-v2/0.2.8/pc/76dff349290d20891fc1.svg,,,https://deo.shopeemobile.com/shopee/modules-federation/live/0/shopee__item-card-standard-v2/0.2.8/pc/5dd7b4560d0e2d3190e8.svg,Surabaya,,-47%,,"Vivo Y400 4G Ram 8/128GB | Ram 8/256GB Segel Original & Bergaransi Resmi
Rp
2.399.085
-47%
4.8
91 Terjual
2-4 Hari
Surabaya",https://shopee.co.id/Vivo-Y400-4G-Ram-8-128GB-Ram-8-256GB-Segel-Original-Bergaransi-Resmi-i.433115955.49502321260?extraParams=%7B%22display_model_id%22%3A355223310080%2C%22model_selection_logic%22%3A3%7D&sp_atk=3ef69395-e85e-40e0-8949-751f5fec9942&xptdk=3ef69395-e85e-40e0-8949-751f5fec9942,https://down-id.img.susercontent.com/file/id-11134258-822wr-mlx5y0tebegw04,https://deo.shopeemobile.com/shopee/modules-federation/live/0/shopee__item-card-standard-v2/0.2.8/pc/e4734dab67ee2f9ebd5a.png,,,,91 Terjual
https://down-id.img.susercontent.com/file/id-11134207-7ra0h-md2d702i6l444d,VIVO Y400 {8GB/128GB} {8GB/256} GARANSI RESMI VIVO INDONESIA,Rp,2.899.000,https://deo.shopeemobile.com/shopee/modules-federation/live/0/shopee__item-card-standard-v2/0.2.8/pc/d7099d3fd1dfdaf705ab.svg,5.0,https://deo.shopeemobile.com/shopee/modules-federation/live/0/shopee__item-card-standard-v2/0.2.8/pc/76dff349290d20891fc1.svg,,Cashback 99%,https://deo.shopeemobile.com/shopee/modules-federation/live/0/shopee__item-card-standard-v2/0.2.8/pc/5dd7b4560d0e2d3190e8.svg,Surabaya,,-9%,,"VIVO Y400 {8GB/128GB} {8GB/256} GARANSI RESMI VIVO INDONESIA
Rp
2.899.000
-9%
Cashback 99%
5.0
11 Terjual
2-4 Hari
Surabaya",https://shopee.co.id/VIVO-Y400-8GB-128GB-8GB-256-GARANSI-RESMI-VIVO-INDONESIA-i.498628876.18472220849?extraParams=%7B%22display_model_id%22%3A285977658290%2C%22model_selection_logic%22%3A3%7D&sp_atk=b6b46066-9780-4a6a-951c-ff002f8ab9b4&xptdk=b6b46066-9780-4a6a-951c-ff002f8ab9b4,https://down-id.img.susercontent.com/file/id-11134258-8224v-mkvw0cu9r7k1a5,https://deo.shopeemobile.com/shopee/modules-federation/live/0/shopee__item-card-standard-v2/0.2.8/pc/e4734dab67ee2f9ebd5a.png,,,,11 Terjual
https://down-id.img.susercontent.com/file/d8e6b409b38433976e66de212632849e,VIVO Y33s 8/128GB & Y30 GARANSI RESMI VIVO,Rp,2.668.900,https://deo.shopeemobile.com/shopee/modules-federation/live/0/shopee__item-card-standard-v2/0.2.8/pc/d7099d3fd1dfdaf705ab.svg,4.7,https://deo.shopeemobile.com/shopee/modules-federation/live/0/shopee__item-card-standard-v2/0.2.8/pc/76dff349290d20891fc1.svg,,,https://deo.shopeemobile.com/shopee/modules-federation/live/0/shopee__item-card-standard-v2/0.2.8/pc/5dd7b4560d0e2d3190e8.svg,Kab. Tangerang,,-24%,https://deo.shopeemobile.com/shopee/modules-federation/live/0/shopee__item-card-standard-v2/0.2.8/pc/b4d1b8a78b3621dbdf4a.svg,"VIVO Y33s 8/128GB & Y30 GARANSI RESMI VIVO
Rp
2.668.900
-24%
Cicilan
4.7
8RB+ Terjual
3-5 Hari
Kab. Tangerang",https://shopee.co.id/VIVO-Y33s-8-128GB-Y30-GARANSI-RESMI-VIVO-i.228720061.5237634189?extraParams=%7B%22display_model_id%22%3A124780972836%2C%22model_selection_logic%22%3A3%7D&sp_atk=1a3118ac-a890-4fdc-865e-818df3e07bb2&xptdk=1a3118ac-a890-4fdc-865e-818df3e07bb2,https://down-id.img.susercontent.com/file/id-11134258-822ws-mnciva8io4qu2f,,https://deo.shopeemobile.com/shopee/modules-federation/live/0/shopee__item-card-standard-v2/0.2.8/pc/d2a1900a0267d45fd0f5.png,,Cicilan,8RB+ Terjual
https://down-id.img.susercontent.com/file/id-11134207-7qukw-lf2g4n8jyem22a,Vivo V27 5G 8/256 Garansi Resmi vivo 1 Tahun,Rp,3.499.000,https://deo.shopeemobile.com/shopee/modules-federation/live/0/shopee__item-card-standard-v2/0.2.8/pc/d7099d3fd1dfdaf705ab.svg,4.8,https://deo.shopeemobile.com/shopee/modules-federation/live/0/shopee__item-card-standard-v2/0.2.8/pc/76dff349290d20891fc1.svg,,,https://deo.shopeemobile.com/shopee/modules-federation/live/0/shopee__item-card-standard-v2/0.2.8/pc/5dd7b4560d0e2d3190e8.svg,Surabaya,,,,"Vivo V27 5G 8/256 Garansi Resmi vivo 1 Tahun
Rp
3.499.000
Cicilan
4.8
321 Terjual
2-4 Hari
Surabaya",https://shopee.co.id/Vivo-V27-5G-8-256-Garansi-Resmi-vivo-1-Tahun-i.134819232.2850652622?extraParams=%7B%22display_model_id%22%3A68323524665%2C%22model_selection_logic%22%3A3%7D&sp_atk=47a1c124-d1cd-4f13-9150-d9189349fe1e&xptdk=47a1c124-d1cd-4f13-9150-d9189349fe1e,https://down-id.img.susercontent.com/file/id-11134258-8224v-mkvw0cu9r7k1a5,https://deo.shopeemobile.com/shopee/modules-federation/live/0/shopee__item-card-standard-v2/0.2.8/pc/a425c915798471b33e5d.png,https://deo.shopeemobile.com/shopee/modules-federation/live/0/shopee__item-card-standard-v2/0.2.8/pc/d2a1900a0267d45fd0f5.png,,Cicilan,321 Terjual
https://down-id.img.susercontent.com/file/id-11134207-822wu-mn24elnnuvwk5c,Vivo Y21dRam [8GB+128G] [8Gb+256GB] Tahan Air IP64 Garansi Resmi Vivo 1 Tahun,Rp,2.399.000,https://deo.shopeemobile.com/shopee/modules-federation/live/0/shopee__item-card-standard-v2/0.2.8/pc/d7099d3fd1dfdaf705ab.svg,5.0,https://deo.shopeemobile.com/shopee/modules-federation/live/0/shopee__item-card-standard-v2/0.2.8/pc/76dff349290d20891fc1.svg,,,https://deo.shopeemobile.com/shopee/modules-federation/live/0/shopee__item-card-standard-v2/0.2.8/pc/5dd7b4560d0e2d3190e8.svg,Kab. Bojonegoro,,,,"Vivo Y21dRam [8GB+128G] [8Gb+256GB] Tahan Air IP64 Garansi Resmi Vivo 1 Tahun
Rp
2.399.000
5.0
6 Terjual
2-4 Hari
Kab. Bojonegoro",https://shopee.co.id/Vivo-Y21dRam-8GB-128G-8Gb-256GB-Tahan-Air-IP64-Garansi-Resmi-Vivo-1-Tahun-i.486498526.43202975840?extraParams=%7B%22display_model_id%22%3A258475912575%2C%22model_selection_logic%22%3A3%7D&sp_atk=511b92f2-ace0-4e67-9c63-ac530f18c8bb&xptdk=511b92f2-ace0-4e67-9c63-ac530f18c8bb,https://down-id.img.susercontent.com/file/id-11134258-7r98w-lyezzaurybot13,https://deo.shopeemobile.com/shopee/modules-federation/live/0/shopee__item-card-standard-v2/0.2.8/pc/e4734dab67ee2f9ebd5a.png,https://deo.shopeemobile.com/shopee/modules-federation/live/0/shopee__item-card-standard-v2/0.2.8/pc/d2a1900a0267d45fd0f5.png,,,6 Terjual
https://down-id.img.susercontent.com/file/id-11134207-822wq-mn5kr7wht0cg2d,VIVO Y05 RAM 4+4/128 100% GARANSI RESMI VIVO INDONESIA,Rp,2.299.000,https://deo.shopeemobile.com/shopee/modules-federation/live/0/shopee__item-card-standard-v2/0.2.8/pc/d7099d3fd1dfdaf705ab.svg,4.9,https://deo.shopeemobile.com/shopee/modules-federation/live/0/shopee__item-card-standard-v2/0.2.8/pc/76dff349290d20891fc1.svg,,,https://deo.shopeemobile.com/shopee/modules-federation/live/0/shopee__item-card-standard-v2/0.2.8/pc/5dd7b4560d0e2d3190e8.svg,Banjarbaru,,,,"VIVO Y05 RAM 4+4/128 100% GARANSI RESMI VIVO INDONESIA
Rp
2.299.000
4.9
69 Terjual
3-6 Hari
Banjarbaru",https://shopee.co.id/VIVO-Y05-RAM-4-4-128-100-GARANSI-RESMI-VIVO-INDONESIA-i.269656503.21844608265?extraParams=%7B%22display_model_id%22%3A375250379854%2C%22model_selection_logic%22%3A3%7D&sp_atk=08538af3-4e9a-46ff-a105-485ba4cb1d83&xptdk=08538af3-4e9a-46ff-a105-485ba4cb1d83,https://down-id.img.susercontent.com/file/id-11134258-822wr-mlx67rtd6r602f,https://deo.shopeemobile.com/shopee/modules-federation/live/0/shopee__item-card-standard-v2/0.2.8/pc/a425c915798471b33e5d.png,,,,69 Terjual
https://down-id.img.susercontent.com/file/id-11134207-81ztc-meogfxgrqo7566,VIVO V40 LITE 5G RAM 8/256GB | 12/512GB NFC GARANSI RESMI VIVO INDONESIA,Rp,2.934.000,https://deo.shopeemobile.com/shopee/modules-federation/live/0/shopee__item-card-standard-v2/0.2.8/pc/d7099d3fd1dfdaf705ab.svg,4.9,https://deo.shopeemobile.com/shopee/modules-federation/live/0/shopee__item-card-standard-v2/0.2.8/pc/76dff349290d20891fc1.svg,,,https://deo.shopeemobile.com/shopee/modules-federation/live/0/shopee__item-card-standard-v2/0.2.8/pc/5dd7b4560d0e2d3190e8.svg,Jakarta Barat,,-11%,https://deo.shopeemobile.com/shopee/modules-federation/live/0/shopee__item-card-standard-v2/0.2.8/pc/b4d1b8a78b3621dbdf4a.svg,"VIVO V40 LITE 5G RAM 8/256GB | 12/512GB NFC GARANSI RESMI VIVO INDONESIA
Rp
2.934.000
-11%
4.9
199 Terjual
3 Hari
Jakarta Barat",https://shopee.co.id/VIVO-V40-LITE-5G-RAM-8-256GB-12-512GB-NFC-GARANSI-RESMI-VIVO-INDONESIA-i.177974962.8360823225?extraParams=%7B%22display_model_id%22%3A236953690091%2C%22model_selection_logic%22%3A3%7D&sp_atk=bfab4577-bb98-4270-8b8c-388d0e915231&xptdk=bfab4577-bb98-4270-8b8c-388d0e915231,https://down-id.img.susercontent.com/file/id-11134258-8224v-mkvw0cu9r7k1a5,https://deo.shopeemobile.com/shopee/modules-federation/live/0/shopee__item-card-standard-v2/0.2.8/pc/e4734dab67ee2f9ebd5a.png,,,,199 Terjual
https://down-id.img.susercontent.com/file/sg-11134201-81zwt-mj28aaow1xjafd,VIVO Y21D (4/128) (6/128) (8/128) (6/256) - Garansi Resmi,Rp,2.499.000,https://deo.shopeemobile.com/shopee/modules-federation/live/0/shopee__item-card-standard-v2/0.2.8/pc/d7099d3fd1dfdaf705ab.svg,5.0,https://deo.shopeemobile.com/shopee/modules-federation/live/0/shopee__item-card-standard-v2/0.2.8/pc/76dff349290d20891fc1.svg,,,https://deo.shopeemobile.com/shopee/modules-federation/live/0/shopee__item-card-standard-v2/0.2.8/pc/5dd7b4560d0e2d3190e8.svg,Palangka Raya,,,,"VIVO Y21D (4/128) (6/128) (8/128) (6/256) - Garansi Resmi
Rp
2.499.000
5.0
4 Terjual
2-5 Hari
Palangka Raya",https://shopee.co.id/VIVO-Y21D-(4-128)-(6-128)-(8-128)-(6-256)-Garansi-Resmi-i.1062183777.56200027061?extraParams=%7B%22display_model_id%22%3A385001036593%2C%22model_selection_logic%22%3A3%7D&sp_atk=c5a7bb5a-2a0a-45b6-977c-55c0bb99a923&xptdk=c5a7bb5a-2a0a-45b6-977c-55c0bb99a923,https://down-id.img.susercontent.com/file/id-11134258-8224v-mkvw0cu9r7k1a5,,https://deo.shopeemobile.com/shopee/modules-federation/live/0/shopee__item-card-standard-v2/0.2.8/pc/d2a1900a0267d45fd0f5.png,,,4 Terjual
https://down-id.img.susercontent.com/file/id-11134207-7ra0l-md5mk8mi5rcodd,HP VIVO Y04S 4/64GB|4/128GB,Rp,1.549.000,,,https://deo.shopeemobile.com/shopee/modules-federation/live/0/shopee__item-card-standard-v2/0.2.8/pc/76dff349290d20891fc1.svg,,,https://deo.shopeemobile.com/shopee/modules-federation/live/0/shopee__item-card-standard-v2/0.2.8/pc/5dd7b4560d0e2d3190e8.svg,Kab. Buleleng,,,,"HP VIVO Y04S 4/64GB|4/128GB
Rp
1.549.000
5-8 Hari
Kab. Buleleng",https://shopee.co.id/HP-VIVO-Y04S-4-64GB-4-128GB-i.119725021.40811986750?extraParams=%7B%22display_model_id%22%3A301004398460%2C%22model_selection_logic%22%3A3%7D&sp_atk=edcb7c94-4f96-411c-96da-4aa536d263ad&xptdk=edcb7c94-4f96-411c-96da-4aa536d263ad,https://down-id.img.susercontent.com/file/id-11134258-7r98w-lyezzaurybot13,,,,,5-8 Hari
https://down-id.img.susercontent.com/file/id-11134207-7r98w-loe36irfrlh513,Vivo V29 5G Ram 12/512Gb v29 5G ram 8/256gb v29e 5G ram 8/256gb garansi resmi,Rp,3.586.000,https://deo.shopeemobile.com/shopee/modules-federation/live/0/shopee__item-card-standard-v2/0.2.8/pc/d7099d3fd1dfdaf705ab.svg,4.9,https://deo.shopeemobile.com/shopee/modules-federation/live/0/shopee__item-card-standard-v2/0.2.8/pc/76dff349290d20891fc1.svg,,,https://deo.shopeemobile.com/shopee/modules-federation/live/0/shopee__item-card-standard-v2/0.2.8/pc/5dd7b4560d0e2d3190e8.svg,Tangerang,,,,"Vivo V29 5G Ram 12/512Gb v29 5G ram 8/256gb v29e 5G ram 8/256gb garansi resmi
Rp
3.586.000
4.9
233 Terjual
3-5 Hari
Tangerang",https://shopee.co.id/Vivo-V29-5G-Ram-12-512Gb-v29-5G-ram-8-256gb-v29e-5G-ram-8-256gb-garansi-resmi-i.228771622.19093846485?extraParams=%7B%22display_model_id%22%3A435315039140%2C%22model_selection_logic%22%3A3%7D&sp_atk=067f8ced-1e13-473f-bd27-156bf4f6e28d&xptdk=067f8ced-1e13-473f-bd27-156bf4f6e28d,https://down-id.img.susercontent.com/file/id-11134258-822ws-mnciva8io4qu2f,https://deo.shopeemobile.com/shopee/modules-federation/live/0/shopee__item-card-standard-v2/0.2.8/pc/7c9110f78e069acbced7.png,,,,233 Terjual
https://down-id.img.susercontent.com/file/sg-11134201-825zn-mkrrt6yve87816,[NEW LAUNCH] Y05 (4/64) (4/128) - BNIB Garansi Resmi vivo Indonesia Y05 6.74 HD+ 120 Hz Baterai Besar 6500 mAh & Perlindungan SGS,Rp,1.866.000,https://deo.shopeemobile.com/shopee/modules-federation/live/0/shopee__item-card-standard-v2/0.2.8/pc/d7099d3fd1dfdaf705ab.svg,5.0,https://deo.shopeemobile.com/shopee/modules-federation/live/0/shopee__item-card-standard-v2/0.2.8/pc/38e203dc86172a6c6560.svg,https://deo.shopeemobile.com/shopee/modules-federation/live/0/shopee__item-card-standard-v2/0.2.8/pc/0614b8f0a8fdde22942d.svg,Cashback 10%,https://deo.shopeemobile.com/shopee/modules-federation/live/0/shopee__item-card-standard-v2/0.2.8/pc/5dd7b4560d0e2d3190e8.svg,Surabaya,,-2%,,"[NEW LAUNCH] Y05 (4/64) (4/128) - BNIB Garansi Resmi vivo Indonesia Y05 6.74 HD+ 120 Hz Baterai Besar 6500 mAh & Perlindungan SGS
Rp
1.866.000
-2%
Cashback 10%
5.0
9 Terjual
< 2 Hari
Surabaya",https://shopee.co.id/-NEW-LAUNCH-Y05-(4-64)-(4-128)-BNIB-Garansi-Resmi-vivo-Indonesia-Y05-6.74-HD-120-Hz-Baterai-Besar-6500-mAh-Perlindungan-SGS-i.1544166037.44756252154?extraParams=%7B%22display_model_id%22%3A310566056042%2C%22model_selection_logic%22%3A3%7D&sp_atk=712ca0a6-bc53-4919-a7b6-aed8cfbc1ddd&xptdk=712ca0a6-bc53-4919-a7b6-aed8cfbc1ddd,https://down-id.img.susercontent.com/file/id-11134258-8224v-mkvw0cu9r7k1a5,https://deo.shopeemobile.com/shopee/modules-federation/live/0/shopee__item-card-standard-v2/0.2.8/pc/a425c915798471b33e5d.png,https://deo.shopeemobile.com/shopee/modules-federation/live/0/shopee__item-card-standard-v2/0.2.8/pc/d2a1900a0267d45fd0f5.png,,,9 Terjual
https://down-id.img.susercontent.com/file/sg-11134201-824hs-mflz8ng1rndb34,Vivo V60 Lite 4G 8/256GB [Garansi Resmi],Rp,5.299.000,https://deo.shopeemobile.com/shopee/modules-federation/live/0/shopee__item-card-standard-v2/0.2.8/pc/d7099d3fd1dfdaf705ab.svg,5.0,https://deo.shopeemobile.com/shopee/modules-federation/live/0/shopee__item-card-standard-v2/0.2.8/pc/76dff349290d20891fc1.svg,,,https://deo.shopeemobile.com/shopee/modules-federation/live/0/shopee__item-card-standard-v2/0.2.8/pc/5dd7b4560d0e2d3190e8.svg,Denpasar,,,,"Vivo V60 Lite 4G 8/256GB [Garansi Resmi]
Rp
5.299.000
5.0
22 Terjual
4-5 Hari
Denpasar",https://shopee.co.id/Vivo-V60-Lite-4G-8-256GB-Garansi-Resmi--i.261010358.43122820078?extraParams=%7B%22display_model_id%22%3A291853221772%2C%22model_selection_logic%22%3A3%7D&sp_atk=02300584-3e42-405c-9698-8856d1435a7d&xptdk=02300584-3e42-405c-9698-8856d1435a7d,https://down-id.img.susercontent.com/file/id-11134258-8224v-mkvw0cu9r7k1a5,https://deo.shopeemobile.com/shopee/modules-federation/live/0/shopee__item-card-standard-v2/0.2.8/pc/7c9110f78e069acbced7.png,,,,22 Terjual
https://down-id.img.susercontent.com/file/id-11134207-81zth-mfbtrbua8i6h6c,VIVO V60 LITE 5G {8GB/256GB} {12GB/512GB} GARANSI RESMI VIVO INDONESIA,Rp,5.799.000,https://deo.shopeemobile.com/shopee/modules-federation/live/0/shopee__item-card-standard-v2/0.2.8/pc/d7099d3fd1dfdaf705ab.svg,4.6,https://deo.shopeemobile.com/shopee/modules-federation/live/0/shopee__item-card-standard-v2/0.2.8/pc/76dff349290d20891fc1.svg,,Cashback 99%,https://deo.shopeemobile.com/shopee/modules-federation/live/0/shopee__item-card-standard-v2/0.2.8/pc/5dd7b4560d0e2d3190e8.svg,Surabaya,,-3%,,"VIVO V60 LITE 5G {8GB/256GB} {12GB/512GB} GARANSI RESMI VIVO INDONESIA
Rp
5.799.000
-3%
Cashback 99%
4.6
136 Terjual
2-4 Hari
Surabaya",https://shopee.co.id/VIVO-V60-LITE-5G-8GB-256GB-12GB-512GB-GARANSI-RESMI-VIVO-INDONESIA-i.498628876.27108837300?extraParams=%7B%22display_model_id%22%3A355578917703%2C%22model_selection_logic%22%3A3%7D&sp_atk=e2f3b927-8b09-4b9f-ba41-8c901c5f79c7&xptdk=e2f3b927-8b09-4b9f-ba41-8c901c5f79c7,https://down-id.img.susercontent.com/file/id-11134258-8224v-mkvw0cu9r7k1a5,https://deo.shopeemobile.com/shopee/modules-federation/live/0/shopee__item-card-standard-v2/0.2.8/pc/e4734dab67ee2f9ebd5a.png,,,,136 Terjual
https://down-id.img.susercontent.com/file/id-11134207-8224y-mk9jjmt25o94c4,VIVO y29 6/128 | 8/128 | 8/256 - GARANSI RESMI VIVO INDONESIA,Rp,2.249.000,https://deo.shopeemobile.com/shopee/modules-federation/live/0/shopee__item-card-standard-v2/0.2.8/pc/d7099d3fd1dfdaf705ab.svg,4.5,https://deo.shopeemobile.com/shopee/modules-federation/live/0/shopee__item-card-standard-v2/0.2.8/pc/76dff349290d20891fc1.svg,,,https://deo.shopeemobile.com/shopee/modules-federation/live/0/shopee__item-card-standard-v2/0.2.8/pc/5dd7b4560d0e2d3190e8.svg,Surabaya,,,,"VIVO y29 6/128 | 8/128 | 8/256 - GARANSI RESMI VIVO INDONESIA
Rp
2.249.000
4.5
17 Terjual
2-4 Hari
Surabaya",https://shopee.co.id/VIVO-y29-6-128-8-128-8-256-GARANSI-RESMI-VIVO-INDONESIA-i.1079235380.46255791548?extraParams=%7B%22display_model_id%22%3A244160557820%2C%22model_selection_logic%22%3A3%7D&sp_atk=ad9a466c-f771-4907-ad21-b42598e2ead8&xptdk=ad9a466c-f771-4907-ad21-b42598e2ead8,https://down-id.img.susercontent.com/file/id-11134258-7r98w-lyezzaurybot13,https://deo.shopeemobile.com/shopee/modules-federation/live/0/shopee__item-card-standard-v2/0.2.8/pc/a425c915798471b33e5d.png,,,,17 Terjual
https://down-id.img.susercontent.com/file/id-11134207-82251-mhywloeykxdtff,VIVO Y19Spro Ram 4+4/128 ~ 6+6/128 GARANSI RESMI SELURUH INDONESIAN,Rp,1.799.000,https://deo.shopeemobile.com/shopee/modules-federation/live/0/shopee__item-card-standard-v2/0.2.8/pc/d7099d3fd1dfdaf705ab.svg,5.0,https://deo.shopeemobile.com/shopee/modules-federation/live/0/shopee__item-card-standard-v2/0.2.8/pc/76dff349290d20891fc1.svg,,,https://deo.shopeemobile.com/shopee/modules-federation/live/0/shopee__item-card-standard-v2/0.2.8/pc/5dd7b4560d0e2d3190e8.svg,Surabaya,,,,"VIVO Y19Spro Ram 4+4/128 ~ 6+6/128 GARANSI RESMI SELURUH INDONESIAN
Rp
1.799.000
5.0
2 Terjual
2-5 Hari
Surabaya",https://shopee.co.id/VIVO-Y19Spro-Ram-4-4-128-~-6-6-128-GARANSI-RESMI-SELURUH-INDONESIAN-i.1244627843.56002726988?extraParams=%7B%22display_model_id%22%3A292235358501%2C%22model_selection_logic%22%3A3%7D&sp_atk=d7d7644b-f728-4aa0-a9f9-0bed6ed6a37d&xptdk=d7d7644b-f728-4aa0-a9f9-0bed6ed6a37d,https://down-id.img.susercontent.com/file/id-11134258-7r98w-lyezzaurybot13,,,,,2 Terjual
https://down-id.img.susercontent.com/file/id-11134207-82251-ml1v34tf1dz470,Vivo Y05 4/64GB | 4/128GB 6.74 inch Garansi Resmi,Rp,1.949.000,https://deo.shopeemobile.com/shopee/modules-federation/live/0/shopee__item-card-standard-v2/0.2.8/pc/d7099d3fd1dfdaf705ab.svg,5.0,https://deo.shopeemobile.com/shopee/modules-federation/live/0/shopee__item-card-standard-v2/0.2.8/pc/76dff349290d20891fc1.svg,,,https://deo.shopeemobile.com/shopee/modules-federation/live/0/shopee__item-card-standard-v2/0.2.8/pc/5dd7b4560d0e2d3190e8.svg,Balikpapan,,,,"Vivo Y05 4/64GB | 4/128GB 6.74 inch Garansi Resmi
Rp
1.949.000
5.0
7 Terjual
3-5 Hari
Balikpapan",https://shopee.co.id/Vivo-Y05-4-64GB-4-128GB-6.74-inch-Garansi-Resmi-i.147421658.56006345251?extraParams=%7B%22display_model_id%22%3A405572922635%2C%22model_selection_logic%22%3A3%7D&sp_atk=431781d0-7307-4d22-a845-065ab3f923fb&xptdk=431781d0-7307-4d22-a845-065ab3f923fb,https://down-id.img.susercontent.com/file/id-11134258-8224v-mkvw0cu9r7k1a5,https://deo.shopeemobile.com/shopee/modules-federation/live/0/shopee__item-card-standard-v2/0.2.8/pc/e4734dab67ee2f9ebd5a.png,,,,7 Terjual
https://down-id.img.susercontent.com/file/id-11134207-822wu-mnh5ifingagyf3,itel city 200 4/128 Like New (1559 Echo Silver),Rp,1.495.000,,,https://deo.shopeemobile.com/shopee/modules-federation/live/0/shopee__item-card-standard-v2/0.2.8/pc/76dff349290d20891fc1.svg,,,https://deo.shopeemobile.com/shopee/modules-federation/live/0/shopee__item-card-standard-v2/0.2.8/pc/5dd7b4560d0e2d3190e8.svg,Kediri,,,,"itel city 200 4/128 Like New (1559 Echo Silver)
Rp
1.495.000
1 Terjual
2-4 Hari
Kediri",https://shopee.co.id/itel-city-200-4-128-Like-New-(1559-Echo-Silver)-i.147840320.44060863187?extraParams=%7B%22display_model_id%22%3A275912887362%2C%22model_selection_logic%22%3A3%7D&sp_atk=f27d16aa-ae9e-4993-b635-798fb631d920&xptdk=f27d16aa-ae9e-4993-b635-798fb631d920,https://down-id.img.susercontent.com/file/id-11134258-8224v-mkvw0cu9r7k1a5,https://deo.shopeemobile.com/shopee/modules-federation/live/0/shopee__item-card-standard-v2/0.2.8/pc/a425c915798471b33e5d.png,,,,1 Terjual
https://down-id.img.susercontent.com/file/4f55ad746441249c84e47813b4fff1a8,VIVO Y16 3/32 GARANSI RESMI 1 TAHUN,Rp,1.799.000,https://deo.shopeemobile.com/shopee/modules-federation/live/0/shopee__item-card-standard-v2/0.2.8/pc/d7099d3fd1dfdaf705ab.svg,4.9,https://deo.shopeemobile.com/shopee/modules-federation/live/0/shopee__item-card-standard-v2/0.2.8/pc/38e203dc86172a6c6560.svg,https://deo.shopeemobile.com/shopee/modules-federation/live/0/shopee__item-card-standard-v2/0.2.8/pc/0614b8f0a8fdde22942d.svg,< 2 Hari,https://deo.shopeemobile.com/shopee/modules-federation/live/0/shopee__item-card-standard-v2/0.2.8/pc/5dd7b4560d0e2d3190e8.svg,Surabaya,,,,"VIVO Y16 3/32 GARANSI RESMI 1 TAHUN
Rp
1.799.000
4.9
67 Terjual
< 2 Hari
Surabaya",https://shopee.co.id/VIVO-Y16-3-32-GARANSI-RESMI-1-TAHUN-i.234217844.19944651043?extraParams=%7B%22display_model_id%22%3A203979549264%2C%22model_selection_logic%22%3A3%7D&sp_atk=a4baf769-fb87-435f-8ba6-f1330ee2dcb0&xptdk=a4baf769-fb87-435f-8ba6-f1330ee2dcb0,https://down-id.img.susercontent.com/file/id-11134258-8224v-mkvw0cu9r7k1a5,https://deo.shopeemobile.com/shopee/modules-federation/live/0/shopee__item-card-standard-v2/0.2.8/pc/a425c915798471b33e5d.png,,,,67 Terjual
https://down-id.img.susercontent.com/file/id-11134207-82251-ml0d3yhc6mmd93,Vivo Y05 4/128GB 4/64GB | 6500mAh Battery | Garansi Resmi Vivo Indonesia | 8MP Ultra Wide Camera | Mediatek Unisoc,Rp,1.899.000,,,https://deo.shopeemobile.com/shopee/modules-federation/live/0/shopee__item-card-standard-v2/0.2.8/pc/76dff349290d20891fc1.svg,,,https://deo.shopeemobile.com/shopee/modules-federation/live/0/shopee__item-card-standard-v2/0.2.8/pc/5dd7b4560d0e2d3190e8.svg,Kab. Nganjuk,,,,"Vivo Y05 4/128GB 4/64GB | 6500mAh Battery | Garansi Resmi Vivo Indonesia | 8MP Ultra Wide Camera | Mediatek Unisoc
Rp
1.899.000
4 Terjual
3-4 Hari
Kab. Nganjuk",https://shopee.co.id/Vivo-Y05-4-128GB-4-64GB-6500mAh-Battery-Garansi-Resmi-Vivo-Indonesia-8MP-Ultra-Wide-Camera-Mediatek-Unisoc-i.132119622.24547986067?extraParams=%7B%22display_model_id%22%3A405571501194%2C%22model_selection_logic%22%3A3%7D&sp_atk=cd4cea1a-7e78-4088-b26d-0f79635acb2c&xptdk=cd4cea1a-7e78-4088-b26d-0f79635acb2c,https://down-id.img.susercontent.com/file/id-11134258-8224v-mkvw0cu9r7k1a5,https://deo.shopeemobile.com/shopee/modules-federation/live/0/shopee__item-card-standard-v2/0.2.8/pc/a425c915798471b33e5d.png,https://deo.shopeemobile.com/shopee/modules-federation/live/0/shopee__item-card-standard-v2/0.2.8/pc/d2a1900a0267d45fd0f5.png,,,4 Terjual
https://down-id.img.susercontent.com/file/id-11134207-7ra0t-mb40jtjqb4ih50,VIVO V50 Lite 4g [8/128-8/256]Gb Garansi resmi Vivo Indonesia,Rp,3.599.000,https://deo.shopeemobile.com/shopee/modules-federation/live/0/shopee__item-card-standard-v2/0.2.8/pc/d7099d3fd1dfdaf705ab.svg,5.0,https://deo.shopeemobile.com/shopee/modules-federation/live/0/shopee__item-card-standard-v2/0.2.8/pc/76dff349290d20891fc1.svg,,,https://deo.shopeemobile.com/shopee/modules-federation/live/0/shopee__item-card-standard-v2/0.2.8/pc/5dd7b4560d0e2d3190e8.svg,Surabaya,,,,"VIVO V50 Lite 4g [8/128-8/256]Gb Garansi resmi Vivo Indonesia
Rp
3.599.000
5.0
4 Terjual
3 Hari
Surabaya",https://shopee.co.id/VIVO-V50-Lite-4g-8-128-8-256-Gb-Garansi-resmi-Vivo-Indonesia-i.410912814.43204887608?extraParams=%7B%22display_model_id%22%3A280413899973%2C%22model_selection_logic%22%3A3%7D&sp_atk=f7d32b8a-31fb-4253-b7d4-4b1241f0873d&xptdk=f7d32b8a-31fb-4253-b7d4-4b1241f0873d,https://down-id.img.susercontent.com/file/id-11134258-8224v-mkvw0cu9r7k1a5,https://deo.shopeemobile.com/shopee/modules-federation/live/0/shopee__item-card-standard-v2/0.2.8/pc/a425c915798471b33e5d.png,https://deo.shopeemobile.com/shopee/modules-federation/live/0/shopee__item-card-standard-v2/0.2.8/pc/d2a1900a0267d45fd0f5.png,,,4 Terjual
https://down-id.img.susercontent.com/file/id-11134207-8224o-mi5hr0ppx2iqa1,"VIVO Y21D 4G [ 4/128GB, 6/128GB, 8/128GB ] GARANSI RESMI Vivo Indonesia, LANGSUNG KIRIM!!!",Rp,2.995.000,https://deo.shopeemobile.com/shopee/modules-federation/live/0/shopee__item-card-standard-v2/0.2.8/pc/d7099d3fd1dfdaf705ab.svg,5.0,https://deo.shopeemobile.com/shopee/modules-federation/live/0/shopee__item-card-standard-v2/0.2.8/pc/76dff349290d20891fc1.svg,,,https://deo.shopeemobile.com/shopee/modules-federation/live/0/shopee__item-card-standard-v2/0.2.8/pc/5dd7b4560d0e2d3190e8.svg,Kab. Kediri,,,,"VIVO Y21D 4G [ 4/128GB, 6/128GB, 8/128GB ] GARANSI RESMI Vivo Indonesia, LANGSUNG KIRIM!!!
Rp
2.995.000
5.0
11 Terjual
2-4 Hari
Kab. Kediri",https://shopee.co.id/VIVO-Y21D-4G-4-128GB-6-128GB-8-128GB-GARANSI-RESMI-Vivo-Indonesia-LANGSUNG-KIRIM!!!-i.59443466.21789432755?extraParams=%7B%22display_model_id%22%3A415287240434%2C%22model_selection_logic%22%3A3%7D&sp_atk=28643ebb-ac09-43a0-b248-2e44b0cfe63d&xptdk=28643ebb-ac09-43a0-b248-2e44b0cfe63d,https://down-id.img.susercontent.com/file/id-11134258-8224v-mkvw0cu9r7k1a5,https://deo.shopeemobile.com/shopee/modules-federation/live/0/shopee__item-card-standard-v2/0.2.8/pc/e4734dab67ee2f9ebd5a.png,,,,11 Terjual
https://down-id.img.susercontent.com/file/id-11134207-7ra0p-mcu4ajyv5pyt7c,VIVO Y04S 4+4/64GB & 4+4/128GB NEW PRODUK BNIB,Rp,1.900.000,https://deo.shopeemobile.com/shopee/modules-federation/live/0/shopee__item-card-standard-v2/0.2.8/pc/d7099d3fd1dfdaf705ab.svg,5.0,https://deo.shopeemobile.com/shopee/modules-federation/live/0/shopee__item-card-standard-v2/0.2.8/pc/38e203dc86172a6c6560.svg,https://deo.shopeemobile.com/shopee/modules-federation/live/0/shopee__item-card-standard-v2/0.2.8/pc/0614b8f0a8fdde22942d.svg,< 2 Hari,https://deo.shopeemobile.com/shopee/modules-federation/live/0/shopee__item-card-standard-v2/0.2.8/pc/5dd7b4560d0e2d3190e8.svg,Kab. Sidoarjo,,,,"VIVO Y04S 4+4/64GB & 4+4/128GB NEW PRODUK BNIB
Rp
1.900.000
5.0
2 Terjual
< 2 Hari
Kab. Sidoarjo",https://shopee.co.id/VIVO-Y04S-4-4-64GB-4-4-128GB-NEW-PRODUK-BNIB-i.138599462.25246188357?extraParams=%7B%22display_model_id%22%3A410078520152%2C%22model_selection_logic%22%3A3%7D&sp_atk=b6217ab0-f069-4b5d-a7b8-496b0bca414f&xptdk=b6217ab0-f069-4b5d-a7b8-496b0bca414f,https://down-id.img.susercontent.com/file/id-11134258-8224v-mkvw0cu9r7k1a5,,,,,2 Terjual
https://down-id.img.susercontent.com/file/id-11134207-81zth-mfe6mdb6p3il4e,VIVO V40 5G SERIES  BERGARANSI VIVO INDONESIA,Rp,2.790.000,https://deo.shopeemobile.com/shopee/modules-federation/live/0/shopee__item-card-standard-v2/0.2.8/pc/d7099d3fd1dfdaf705ab.svg,5.0,https://deo.shopeemobile.com/shopee/modules-federation/live/0/shopee__item-card-standard-v2/0.2.8/pc/76dff349290d20891fc1.svg,,,https://deo.shopeemobile.com/shopee/modules-federation/live/0/shopee__item-card-standard-v2/0.2.8/pc/5dd7b4560d0e2d3190e8.svg,Surabaya,,-1%,https://deo.shopeemobile.com/shopee/modules-federation/live/0/shopee__item-card-standard-v2/0.2.8/pc/b4d1b8a78b3621dbdf4a.svg,"VIVO V40 5G SERIES BERGARANSI VIVO INDONESIA
Rp
2.790.000
-1%
5.0
93 Terjual
3 Hari
Surabaya",https://shopee.co.id/VIVO-V40-5G-SERIES-BERGARANSI-VIVO-INDONESIA-i.243507975.26512182268?extraParams=%7B%22display_model_id%22%3A248629299512%2C%22model_selection_logic%22%3A3%7D&sp_atk=70e6bd1c-ab9b-4521-b414-54d3f216e0df&xptdk=70e6bd1c-ab9b-4521-b414-54d3f216e0df,https://down-id.img.susercontent.com/file/id-11134258-8224v-mkvw0cu9r7k1a5,,https://deo.shopeemobile.com/shopee/modules-federation/live/0/shopee__item-card-standard-v2/0.2.8/pc/d2a1900a0267d45fd0f5.png,,,93 Terjual
https://down-id.img.susercontent.com/file/id-11134207-8224q-mky30s4cwjrbb4,VIVO V60 LITE ORIGINAL BERGARANSI RESMI VIVO INDONESIA,Rp,3.995.000,https://deo.shopeemobile.com/shopee/modules-federation/live/0/shopee__item-card-standard-v2/0.2.8/pc/d7099d3fd1dfdaf705ab.svg,4.7,https://deo.shopeemobile.com/shopee/modules-federation/live/0/shopee__item-card-standard-v2/0.2.8/pc/76dff349290d20891fc1.svg,,,https://deo.shopeemobile.com/shopee/modules-federation/live/0/shopee__item-card-standard-v2/0.2.8/pc/5dd7b4560d0e2d3190e8.svg,Surabaya,,-15%,,"VIVO V60 LITE ORIGINAL BERGARANSI RESMI VIVO INDONESIA
Rp
3.995.000
-15%
4.7
104 Terjual
3 Hari
Surabaya",https://shopee.co.id/VIVO-V60-LITE-ORIGINAL-BERGARANSI-RESMI-VIVO-INDONESIA-i.220501664.23650623579?extraParams=%7B%22display_model_id%22%3A365783705448%2C%22model_selection_logic%22%3A3%7D&sp_atk=23cc2f11-ca72-44fa-a65a-6999422ca57d&xptdk=23cc2f11-ca72-44fa-a65a-6999422ca57d,https://down-id.img.susercontent.com/file/id-11134258-8224v-mkvw0cu9r7k1a5,https://deo.shopeemobile.com/shopee/modules-federation/live/0/shopee__item-card-standard-v2/0.2.8/pc/a425c915798471b33e5d.png,,,,104 Terjual
https://down-id.img.susercontent.com/file/sg-11134201-7ra1k-mbe8k4cc4y5le9,VIVO Y29 8/256GB I 8/128GB I 6/128GB GARANSI RESMI IMEI TERDAFTAR,Rp,2.359.000,https://deo.shopeemobile.com/shopee/modules-federation/live/0/shopee__item-card-standard-v2/0.2.8/pc/d7099d3fd1dfdaf705ab.svg,5.0,https://deo.shopeemobile.com/shopee/modules-federation/live/0/shopee__item-card-standard-v2/0.2.8/pc/76dff349290d20891fc1.svg,,,https://deo.shopeemobile.com/shopee/modules-federation/live/0/shopee__item-card-standard-v2/0.2.8/pc/5dd7b4560d0e2d3190e8.svg,Jakarta Pusat,,,,"VIVO Y29 8/256GB I 8/128GB I 6/128GB GARANSI RESMI IMEI TERDAFTAR
Rp
2.359.000
5.0
62 Terjual
3 Hari
Jakarta Pusat",https://shopee.co.id/VIVO-Y29-8-256GB-I-8-128GB-I-6-128GB-GARANSI-RESMI-IMEI-TERDAFTAR-i.813663002.41805912095?extraParams=%7B%22display_model_id%22%3A290495794705%2C%22model_selection_logic%22%3A3%7D&sp_atk=ee4d66c5-7dc8-43f3-87ef-39ae7df8f842&xptdk=ee4d66c5-7dc8-43f3-87ef-39ae7df8f842,https://down-id.img.susercontent.com/file/id-11134258-8224v-mkvw0cu9r7k1a5,https://deo.shopeemobile.com/shopee/modules-federation/live/0/shopee__item-card-standard-v2/0.2.8/pc/e4734dab67ee2f9ebd5a.png,https://deo.shopeemobile.com/shopee/modules-federation/live/0/shopee__item-card-standard-v2/0.2.8/pc/d2a1900a0267d45fd0f5.png,,,62 Terjual
https://down-id.img.susercontent.com/file/id-11134207-822wm-mlet3jriwxlbe9,VIVO V70 5G 12/256GB ( +12GB Extended RAM ) Garansi Resmi VIVO V70 | VIVO V70 FE,Rp,6.499.000,https://deo.shopeemobile.com/shopee/modules-federation/live/0/shopee__item-card-standard-v2/0.2.8/pc/d7099d3fd1dfdaf705ab.svg,5.0,https://deo.shopeemobile.com/shopee/modules-federation/live/0/shopee__item-card-standard-v2/0.2.8/pc/76dff349290d20891fc1.svg,,,https://deo.shopeemobile.com/shopee/modules-federation/live/0/shopee__item-card-standard-v2/0.2.8/pc/5dd7b4560d0e2d3190e8.svg,Bekasi,,,,"VIVO V70 5G 12/256GB ( +12GB Extended RAM ) Garansi Resmi VIVO V70 | VIVO V70 FE
Rp
6.499.000
5.0
2RB+ Terjual
3 Hari
Bekasi",https://shopee.co.id/VIVO-V70-5G-12-256GB-(-12GB-Extended-RAM-)-Garansi-Resmi-VIVO-V70-VIVO-V70-FE-i.227051022.55856309937?extraParams=%7B%22display_model_id%22%3A385602380777%2C%22model_selection_logic%22%3A3%7D&sp_atk=8afd6392-2f72-4061-ab4e-76d839e85b8f&xptdk=8afd6392-2f72-4061-ab4e-76d839e85b8f,https://down-id.img.susercontent.com/file/id-11134258-7r98w-lyezzaurybot13,https://deo.shopeemobile.com/shopee/modules-federation/live/0/shopee__item-card-standard-v2/0.2.8/pc/7c9110f78e069acbced7.png,,,,2RB+ Terjual
https://down-id.img.susercontent.com/file/id-11134207-8224v-mgm19vs6mm8cc0,VIVO Y21d RAM 8GB+8GB Internal 128 GB / 256 GB - GARANSI RESMI 1 TAHUN,Rp,2.599.000,https://deo.shopeemobile.com/shopee/modules-federation/live/0/shopee__item-card-standard-v2/0.2.8/pc/d7099d3fd1dfdaf705ab.svg,5.0,https://deo.shopeemobile.com/shopee/modules-federation/live/0/shopee__item-card-standard-v2/0.2.8/pc/76dff349290d20891fc1.svg,,,https://deo.shopeemobile.com/shopee/modules-federation/live/0/shopee__item-card-standard-v2/0.2.8/pc/5dd7b4560d0e2d3190e8.svg,Banjarbaru,,,,"VIVO Y21d RAM 8GB+8GB Internal 128 GB / 256 GB - GARANSI RESMI 1 TAHUN
Rp
2.599.000
5.0
29 Terjual
4-8 Hari
Banjarbaru",https://shopee.co.id/VIVO-Y21d-RAM-8GB-8GB-Internal-128-GB-256-GB-GARANSI-RESMI-1-TAHUN-i.335961970.23669971657?extraParams=%7B%22display_model_id%22%3A415066088467%2C%22model_selection_logic%22%3A3%7D&sp_atk=2e939041-d0e2-42f0-a217-d3b5bf9d691a&xptdk=2e939041-d0e2-42f0-a217-d3b5bf9d691a,https://down-id.img.susercontent.com/file/id-11134258-8224v-mkvw0cu9r7k1a5,,,,,29 Terjual
https://down-id.img.susercontent.com/file/id-11134207-7rasc-m4c3zrh02e9m25,VIVO V40 LITE 4G (8/128) (8/256) Garansi Resmi Indonesia,Rp,3.299.000,https://deo.shopeemobile.com/shopee/modules-federation/live/0/shopee__item-card-standard-v2/0.2.8/pc/d7099d3fd1dfdaf705ab.svg,4.9,https://deo.shopeemobile.com/shopee/modules-federation/live/0/shopee__item-card-standard-v2/0.2.8/pc/76dff349290d20891fc1.svg,,,https://deo.shopeemobile.com/shopee/modules-federation/live/0/shopee__item-card-standard-v2/0.2.8/pc/5dd7b4560d0e2d3190e8.svg,Surabaya,,,,"VIVO V40 LITE 4G (8/128) (8/256) Garansi Resmi Indonesia
Rp
3.299.000
4.9
73 Terjual
2-4 Hari
Surabaya",https://shopee.co.id/VIVO-V40-LITE-4G-(8-128)-(8-256)-Garansi-Resmi-Indonesia-i.866097274.24126216773?extraParams=%7B%22display_model_id%22%3A247363600458%2C%22model_selection_logic%22%3A3%7D&sp_atk=440ac7d8-7767-429e-b6e8-5adf6330cb7b&xptdk=440ac7d8-7767-429e-b6e8-5adf6330cb7b,https://down-id.img.susercontent.com/file/id-11134258-8224v-mkvw0cu9r7k1a5,https://deo.shopeemobile.com/shopee/modules-federation/live/0/shopee__item-card-standard-v2/0.2.8/pc/e4734dab67ee2f9ebd5a.png,,,,73 Terjual
https://down-id.img.susercontent.com/file/id-11134207-822wn-mmt16us4a49088,Vivo Y05 4/64 New Segel Garansi Resmi Original,Rp,1.854.000,https://deo.shopeemobile.com/shopee/modules-federation/live/0/shopee__item-card-standard-v2/0.2.8/pc/0614b8f0a8fdde22942d.svg,,https://deo.shopeemobile.com/shopee/modules-federation/live/0/shopee__item-card-standard-v2/0.2.8/pc/38e203dc86172a6c6560.svg,https://deo.shopeemobile.com/shopee/modules-federation/live/0/shopee__item-card-standard-v2/0.2.8/pc/0614b8f0a8fdde22942d.svg,Besok 12:00,https://deo.shopeemobile.com/shopee/modules-federation/live/0/shopee__item-card-standard-v2/0.2.8/pc/5dd7b4560d0e2d3190e8.svg,Surabaya,,,,"Vivo Y05 4/64 New Segel Garansi Resmi Original
Rp
1.854.000
Besok 12:00
Surabaya",https://shopee.co.id/Vivo-Y05-4-64-New-Segel-Garansi-Resmi-Original-i.217264351.57558418032?extraParams=%7B%22display_model_id%22%3A325747829366%2C%22model_selection_logic%22%3A3%7D&sp_atk=10b1707c-ce3f-4387-9ec4-c1262916928f&xptdk=10b1707c-ce3f-4387-9ec4-c1262916928f,https://down-id.img.susercontent.com/file/id-11134258-8224v-mkvw0cu9r7k1a5,https://deo.shopeemobile.com/shopee/modules-federation/live/0/shopee__item-card-standard-v2/0.2.8/pc/a425c915798471b33e5d.png,,,,Besok 12:00
https://down-id.img.susercontent.com/file/id-11134207-822ws-mmcjszakkveoe3,HP VIVO Y03 RAM 8/256 GB KAMERA 13MP LAYAR 6.56 INCI ORIGINAL GARANSI 1 TAHUN,Rp,1.010.000,https://deo.shopeemobile.com/shopee/modules-federation/live/0/shopee__item-card-standard-v2/0.2.8/pc/d7099d3fd1dfdaf705ab.svg,5.0,https://deo.shopeemobile.com/shopee/modules-federation/live/0/shopee__item-card-standard-v2/0.2.8/pc/76dff349290d20891fc1.svg,,,https://deo.shopeemobile.com/shopee/modules-federation/live/0/shopee__item-card-standard-v2/0.2.8/pc/5dd7b4560d0e2d3190e8.svg,Kab. Tangerang,,-16%,,"HP VIVO Y03 RAM 8/256 GB KAMERA 13MP LAYAR 6.56 INCI ORIGINAL GARANSI 1 TAHUN
Rp
1.010.000
-16%
5.0
4 Terjual
3-6 Hari
Kab. Tangerang",https://shopee.co.id/HP-VIVO-Y03-RAM-8-256-GB-KAMERA-13MP-LAYAR-6.56-INCI-ORIGINAL-GARANSI-1-TAHUN-i.1693036506.54207827365?extraParams=%7B%22display_model_id%22%3A395695282893%2C%22model_selection_logic%22%3A3%7D&sp_atk=153ccf78-1e9a-4249-a9bc-2184af033489&xptdk=153ccf78-1e9a-4249-a9bc-2184af033489,https://down-id.img.susercontent.com/file/id-11134258-7r98w-lyezzaurybot13,,https://deo.shopeemobile.com/shopee/modules-federation/live/0/shopee__item-card-standard-v2/0.2.8/pc/d2a1900a0267d45fd0f5.png,,,4 Terjual
https://down-id.img.susercontent.com/file/id-11134207-822wh-mmwvjnawpog47c,"Vivo V40 Lite AI Aura Light 80 Watt Flashcharge, 32MP Front Camera",Rp,3.408.999,https://deo.shopeemobile.com/shopee/modules-federation/live/0/shopee__item-card-standard-v2/0.2.8/pc/d7099d3fd1dfdaf705ab.svg,5.0,https://deo.shopeemobile.com/shopee/modules-federation/live/0/shopee__item-card-standard-v2/0.2.8/pc/76dff349290d20891fc1.svg,,,https://deo.shopeemobile.com/shopee/modules-federation/live/0/shopee__item-card-standard-v2/0.2.8/pc/5dd7b4560d0e2d3190e8.svg,Jakarta Barat,,-10%,,"Vivo V40 Lite AI Aura Light 80 Watt Flashcharge, 32MP Front Camera
Rp
3.408.999
-10%
5.0
9 Terjual
3-6 Hari
Jakarta Barat",https://shopee.co.id/Vivo-V40-Lite-AI-Aura-Light-80-Watt-Flashcharge-32MP-Front-Camera-i.1653771323.51658616243?extraParams=%7B%22display_model_id%22%3A380778967351%2C%22model_selection_logic%22%3A3%7D&sp_atk=bfa64231-a499-4012-80b3-0a43284514d4&xptdk=bfa64231-a499-4012-80b3-0a43284514d4,https://down-id.img.susercontent.com/file/id-11134258-8224v-mkvw0cu9r7k1a5,,https://deo.shopeemobile.com/shopee/modules-federation/live/0/shopee__item-card-standard-v2/0.2.8/pc/d2a1900a0267d45fd0f5.png,,,9 Terjual
https://down-id.img.susercontent.com/file/id-11134207-822wl-mmcjzr69e68f53,HP VIVO Y66 RAM 4/64GB KAMERA 13MP LAYAR 5.5 INCI ORIGINAL GARANSI 1 TAHUN,Rp,510.000,https://deo.shopeemobile.com/shopee/modules-federation/live/0/shopee__item-card-standard-v2/0.2.8/pc/d7099d3fd1dfdaf705ab.svg,5.0,https://deo.shopeemobile.com/shopee/modules-federation/live/0/shopee__item-card-standard-v2/0.2.8/pc/76dff349290d20891fc1.svg,,,https://deo.shopeemobile.com/shopee/modules-federation/live/0/shopee__item-card-standard-v2/0.2.8/pc/5dd7b4560d0e2d3190e8.svg,Kab. Tangerang,,-15%,,"HP VIVO Y66 RAM 4/64GB KAMERA 13MP LAYAR 5.5 INCI ORIGINAL GARANSI 1 TAHUN
Rp
510.000
-15%
5.0
4 Terjual
3-6 Hari
Kab. Tangerang",https://shopee.co.id/HP-VIVO-Y66-RAM-4-64GB-KAMERA-13MP-LAYAR-5.5-INCI-ORIGINAL-GARANSI-1-TAHUN-i.1693036506.52907814020?extraParams=%7B%22display_model_id%22%3A325695288077%2C%22model_selection_logic%22%3A3%7D&sp_atk=2e68c4d1-8eaf-41cc-9f4f-cd70e57d146e&xptdk=2e68c4d1-8eaf-41cc-9f4f-cd70e57d146e,https://down-id.img.susercontent.com/file/id-11134258-7r98w-lyezzaurybot13,,https://deo.shopeemobile.com/shopee/modules-federation/live/0/shopee__item-card-standard-v2/0.2.8/pc/d2a1900a0267d45fd0f5.png,,,4 Terjual
https://down-id.img.susercontent.com/file/id-11134207-822wt-mn6n0sif8ttub6,[NEW LAUNCH] vivo Y31D Pro  (6/128) (8/128) (8/826) - BNIB Garansi Resmi Snapdragon 685 Baterai 7000mAh Fast Charging 90W Layar 120Hz Kamera 50MP IP68/IP69,Rp,4.120.000,https://deo.shopeemobile.com/shopee/modules-federation/live/0/shopee__item-card-standard-v2/0.2.8/pc/0614b8f0a8fdde22942d.svg,,https://deo.shopeemobile.com/shopee/modules-federation/live/0/shopee__item-card-standard-v2/0.2.8/pc/38e203dc86172a6c6560.svg,https://deo.shopeemobile.com/shopee/modules-federation/live/0/shopee__item-card-standard-v2/0.2.8/pc/0614b8f0a8fdde22942d.svg,Cashback 99%,https://deo.shopeemobile.com/shopee/modules-federation/live/0/shopee__item-card-standard-v2/0.2.8/pc/5dd7b4560d0e2d3190e8.svg,Surabaya,,-4%,,"[NEW LAUNCH] vivo Y31D Pro (6/128) (8/128) (8/826) - BNIB Garansi Resmi Snapdragon 685 Baterai 7000mAh Fast Charging 90W Layar 120Hz Kamera 50MP IP68/IP69
Rp
4.120.000
-4%
Cashback 99%
< 2 Hari
Surabaya",https://shopee.co.id/-NEW-LAUNCH-vivo-Y31D-Pro-(6-128)-(8-128)-(8-826)-BNIB-Garansi-Resmi-Snapdragon-685-Baterai-7000mAh-Fast-Charging-90W-Layar-120Hz-Kamera-50MP-IP68-IP69-i.1495372513.54108286637?extraParams=%7B%22display_model_id%22%3A365735289539%2C%22model_selection_logic%22%3A3%7D&sp_atk=12961d6b-90f5-49e9-8e00-023d1c5f6f7d&xptdk=12961d6b-90f5-49e9-8e00-023d1c5f6f7d,https://down-id.img.susercontent.com/file/id-11134258-822wr-mlx67rtd6r602f,https://deo.shopeemobile.com/shopee/modules-federation/live/0/shopee__item-card-standard-v2/0.2.8/pc/e4734dab67ee2f9ebd5a.png,https://deo.shopeemobile.com/shopee/modules-federation/live/0/shopee__item-card-standard-v2/0.2.8/pc/d2a1900a0267d45fd0f5.png,,,< 2 Hari
https://down-id.img.susercontent.com/file/id-11134207-8224s-ml4lvrkrf66nb6,VIVO V29 8/128 GARANSI RESMI INDONESIA.,Rp,2.395.000,,,https://deo.shopeemobile.com/shopee/modules-federation/live/0/shopee__item-card-standard-v2/0.2.8/pc/76dff349290d20891fc1.svg,,,https://deo.shopeemobile.com/shopee/modules-federation/live/0/shopee__item-card-standard-v2/0.2.8/pc/5dd7b4560d0e2d3190e8.svg,Surabaya,,,,"VIVO V29 8/128 GARANSI RESMI INDONESIA.
Rp
2.395.000
3 Hari
Surabaya",https://shopee.co.id/VIVO-V29-8-128-GARANSI-RESMI-INDONESIA.-i.1654541848.44606445021?extraParams=%7B%22display_model_id%22%3A400578769582%2C%22model_selection_logic%22%3A3%7D&sp_atk=3214831a-3a3a-4291-b2bb-e22704c53051&xptdk=3214831a-3a3a-4291-b2bb-e22704c53051,https://down-id.img.susercontent.com/file/id-11134258-7r98w-lyezzaurybot13,,,,,3 Hari
