-image-yazkc-11,-image-yazkc-11_2,text-sm,inline-block,text-xs/sp14,font-medium,text-ellipsis,img,text-xs/sp14_2,text-xs,pointer-events-none,w-auto,text-white,pointer-events-none_2,align-middle,truncate,text-shopee-primary,pointer-events-none_3,_container,_container_link,text-shopee-green,text-xs_2
https://down-id.img.susercontent.com/file/id-11134207-7ra0s-mdshjxrk0g3y99,https://down-id.img.susercontent.com/file/id-11134258-822ws-mnciva8io4qu2f,Xiaomi Redmi 15C 6/128GB 8/256GB RAM 6GB 8GB ROM 128GB 256GB,https://deo.shopeemobile.com/shopee/modules-federation/live/0/shopee__item-card-standard-v2/0.2.8/pc/7c9110f78e069acbced7.png,Rp,2.201.000,https://deo.shopeemobile.com/shopee/modules-federation/live/0/shopee__item-card-standard-v2/0.2.8/pc/d2a1900a0267d45fd0f5.png,https://deo.shopeemobile.com/shopee/modules-federation/live/0/shopee__item-card-standard-v2/0.2.8/pc/d7099d3fd1dfdaf705ab.svg,4.9,4RB+ Terjual,https://deo.shopeemobile.com/shopee/modules-federation/live/0/shopee__item-card-standard-v2/0.2.8/pc/38e203dc86172a6c6560.svg,https://deo.shopeemobile.com/shopee/modules-federation/live/0/shopee__item-card-standard-v2/0.2.8/pc/0614b8f0a8fdde22942d.svg,Besok,https://deo.shopeemobile.com/shopee/modules-federation/live/0/shopee__item-card-standard-v2/0.2.8/pc/5dd7b4560d0e2d3190e8.svg,Kab. Sidoarjo,,,,"Xiaomi Redmi 15C 6/128GB 8/256GB RAM 6GB 8GB ROM 128GB 256GB
Rp
2.201.000
4.9
4RB+ Terjual
Besok
Kab. Sidoarjo",https://shopee.co.id/Xiaomi-Redmi-15C-6-128GB-8-256GB-RAM-6GB-8GB-ROM-128GB-256GB-i.160369383.17173976531?extraParams=%7B%22display_model_id%22%3A144790544990%2C%22model_selection_logic%22%3A3%7D&sp_atk=aab63ee3-39df-4fc2-b883-2fd375c186be&xptdk=aab63ee3-39df-4fc2-b883-2fd375c186be,,
https://down-id.img.susercontent.com/file/id-11134207-81ztd-meug79uzu6maa8,https://down-id.img.susercontent.com/file/id-11134258-822ws-mnciva8io4qu2f,Xiaomi Redmi 15 8/128GB 8/256GB RAM 8GB ROM 128GB 256GB - Garansi Resmi 1 Tahun,https://deo.shopeemobile.com/shopee/modules-federation/live/0/shopee__item-card-standard-v2/0.2.8/pc/7c9110f78e069acbced7.png,Rp,2.663.000,https://deo.shopeemobile.com/shopee/modules-federation/live/0/shopee__item-card-standard-v2/0.2.8/pc/d2a1900a0267d45fd0f5.png,https://deo.shopeemobile.com/shopee/modules-federation/live/0/shopee__item-card-standard-v2/0.2.8/pc/d7099d3fd1dfdaf705ab.svg,4.9,2RB+ Terjual,https://deo.shopeemobile.com/shopee/modules-federation/live/0/shopee__item-card-standard-v2/0.2.8/pc/38e203dc86172a6c6560.svg,https://deo.shopeemobile.com/shopee/modules-federation/live/0/shopee__item-card-standard-v2/0.2.8/pc/0614b8f0a8fdde22942d.svg,Besok,https://deo.shopeemobile.com/shopee/modules-federation/live/0/shopee__item-card-standard-v2/0.2.8/pc/5dd7b4560d0e2d3190e8.svg,Surabaya,Cicilan,,,"Xiaomi Redmi 15 8/128GB 8/256GB RAM 8GB ROM 128GB 256GB - Garansi Resmi 1 Tahun
Rp
2.663.000
Cicilan
4.9
2RB+ Terjual
Besok
Surabaya",https://shopee.co.id/Xiaomi-Redmi-15-8-128GB-8-256GB-RAM-8GB-ROM-128GB-256GB-Garansi-Resmi-1-Tahun-i.160369383.8356900793?extraParams=%7B%22display_model_id%22%3A35506389402%2C%22model_selection_logic%22%3A3%7D&sp_atk=54132f2a-f42d-428c-bdd3-f1a9f11121e5&xptdk=54132f2a-f42d-428c-bdd3-f1a9f11121e5,,
https://down-id.img.susercontent.com/file/id-11134207-8224z-mgbtvodnffnwe2,https://down-id.img.susercontent.com/file/id-11134258-822ws-mnciva8io4qu2f,"Xiaomi Redmi 15c (RAM 6/8GB, ROM 128/256GB, 6000mAh Battery, Large Display)",https://deo.shopeemobile.com/shopee/modules-federation/live/0/shopee__item-card-standard-v2/0.2.8/pc/e4734dab67ee2f9ebd5a.png,Rp,2.249.000,,https://deo.shopeemobile.com/shopee/modules-federation/live/0/shopee__item-card-standard-v2/0.2.8/pc/d7099d3fd1dfdaf705ab.svg,5.0,579 Terjual,https://deo.shopeemobile.com/shopee/modules-federation/live/0/shopee__item-card-standard-v2/0.2.8/pc/38e203dc86172a6c6560.svg,https://deo.shopeemobile.com/shopee/modules-federation/live/0/shopee__item-card-standard-v2/0.2.8/pc/0614b8f0a8fdde22942d.svg,< 2 Hari,https://deo.shopeemobile.com/shopee/modules-federation/live/0/shopee__item-card-standard-v2/0.2.8/pc/5dd7b4560d0e2d3190e8.svg,Pasuruan,,-1%,https://deo.shopeemobile.com/shopee/modules-federation/live/0/shopee__item-card-standard-v2/0.2.8/pc/b4d1b8a78b3621dbdf4a.svg,"Xiaomi Redmi 15c (RAM 6/8GB, ROM 128/256GB, 6000mAh Battery, Large Display)
Rp
2.249.000
-1%
5.0
579 Terjual
< 2 Hari
Pasuruan",https://shopee.co.id/Xiaomi-Redmi-15c-(RAM-6-8GB-ROM-128-256GB-6000mAh-Battery-Large-Display)-i.49893858.25253311300?extraParams=%7B%22display_model_id%22%3A197434197074%2C%22model_selection_logic%22%3A3%7D&sp_atk=8df9088f-8098-4f67-a048-b7414198c41c&xptdk=8df9088f-8098-4f67-a048-b7414198c41c,,
https://down-id.img.susercontent.com/file/id-11134207-8224y-mfwcps3qrr4a62,https://down-id.img.susercontent.com/file/id-11134258-8224v-mkvw0cu9r7k1a5,XIAOMI REDMI 15C 6/8GB 128/256GB | GREEN - BLACK - BLUE - ORANGE,https://deo.shopeemobile.com/shopee/modules-federation/live/0/shopee__item-card-standard-v2/0.2.8/pc/7c9110f78e069acbced7.png,Rp,2.189.000,,https://deo.shopeemobile.com/shopee/modules-federation/live/0/shopee__item-card-standard-v2/0.2.8/pc/d7099d3fd1dfdaf705ab.svg,5.0,663 Terjual,https://deo.shopeemobile.com/shopee/modules-federation/live/0/shopee__item-card-standard-v2/0.2.8/pc/38e203dc86172a6c6560.svg,https://deo.shopeemobile.com/shopee/modules-federation/live/0/shopee__item-card-standard-v2/0.2.8/pc/0614b8f0a8fdde22942d.svg,Besok,https://deo.shopeemobile.com/shopee/modules-federation/live/0/shopee__item-card-standard-v2/0.2.8/pc/5dd7b4560d0e2d3190e8.svg,Surabaya,,-49%,https://deo.shopeemobile.com/shopee/modules-federation/live/0/shopee__item-card-standard-v2/0.2.8/pc/b4d1b8a78b3621dbdf4a.svg,"XIAOMI REDMI 15C 6/8GB 128/256GB | GREEN - BLACK - BLUE - ORANGE
Rp
2.189.000
-49%
5.0
663 Terjual
Besok
Surabaya",https://shopee.co.id/XIAOMI-REDMI-15C-6-8GB-128-256GB-GREEN-BLACK-BLUE-ORANGE-i.1273997571.28223159060?extraParams=%7B%22display_model_id%22%3A99744909199%2C%22model_selection_logic%22%3A3%7D&sp_atk=01274a12-aeb7-4842-b72f-331d635cb513&xptdk=01274a12-aeb7-4842-b72f-331d635cb513,,
https://down-id.img.susercontent.com/file/id-11134207-8224q-mhod64qoyex2da,https://down-id.img.susercontent.com/file/id-11134258-822wr-mlx67rtd6r602f,"XIAOMI REDMI 15 8GB+8GB / 128GB | 8GB+8GB / 256GB  |FHD+ 6,9"" | 144 Hz | SENAPDRAGON 685 | CAMERA 50 MP | 7000 MAH | BERGARNSI RESMI.",https://deo.shopeemobile.com/shopee/modules-federation/live/0/shopee__item-card-standard-v2/0.2.8/pc/e4734dab67ee2f9ebd5a.png,Rp,2.749.000,https://deo.shopeemobile.com/shopee/modules-federation/live/0/shopee__item-card-standard-v2/0.2.8/pc/d2a1900a0267d45fd0f5.png,https://deo.shopeemobile.com/shopee/modules-federation/live/0/shopee__item-card-standard-v2/0.2.8/pc/d7099d3fd1dfdaf705ab.svg,5.0,40 Terjual,https://deo.shopeemobile.com/shopee/modules-federation/live/0/shopee__item-card-standard-v2/0.2.8/pc/38e203dc86172a6c6560.svg,https://deo.shopeemobile.com/shopee/modules-federation/live/0/shopee__item-card-standard-v2/0.2.8/pc/0614b8f0a8fdde22942d.svg,2 jam,https://deo.shopeemobile.com/shopee/modules-federation/live/0/shopee__item-card-standard-v2/0.2.8/pc/5dd7b4560d0e2d3190e8.svg,Kab. Sidoarjo,,-5%,,"XIAOMI REDMI 15 8GB+8GB / 128GB | 8GB+8GB / 256GB |FHD+ 6,9"" | 144 Hz | SENAPDRAGON 685 | CAMERA 50 MP | 7000 MAH | BERGARNSI RESMI.
Rp
2.749.000
-5%
5.0
40 Terjual
2 jam
Kab. Sidoarjo",https://shopee.co.id/XIAOMI-REDMI-15-8GB-8GB-128GB-8GB-8GB-256GB-FHD-6-9-144-Hz-SENAPDRAGON-685-CAMERA-50-MP-7000-MAH-BERGARNSI-RESMI.-i.105409987.26154994821?extraParams=%7B%22display_model_id%22%3A251174270250%2C%22model_selection_logic%22%3A3%7D&sp_atk=084576b7-7147-4b7c-b416-0220f44a968a&xptdk=084576b7-7147-4b7c-b416-0220f44a968a,,
https://down-id.img.susercontent.com/file/id-11134207-81zte-mei5lkx0fyfb5d,,"Xiaomi Redmi 15 (8GB/128GB) (8GB/256GB) Baterai besar 7000mAh dengan pengisian daya 33W | Ekspansi RAM hingga 16GB | Layar imersif 6.9"" 144Hz | 50MP  kamera ganda AI [Official Store]",https://deo.shopeemobile.com/shopee/modules-federation/live/0/shopee__item-card-standard-v2/0.2.8/pc/7c9110f78e069acbced7.png,Rp,2.599.000,https://deo.shopeemobile.com/shopee/modules-federation/live/0/shopee__item-card-standard-v2/0.2.8/pc/d2a1900a0267d45fd0f5.png,https://deo.shopeemobile.com/shopee/modules-federation/live/0/shopee__item-card-standard-v2/0.2.8/pc/d7099d3fd1dfdaf705ab.svg,4.9,10RB+ Terjual,https://deo.shopeemobile.com/shopee/modules-federation/live/0/shopee__item-card-standard-v2/0.2.8/pc/76dff349290d20891fc1.svg,,,https://deo.shopeemobile.com/shopee/modules-federation/live/0/shopee__item-card-standard-v2/0.2.8/pc/5dd7b4560d0e2d3190e8.svg,Kab. Tangerang,Kombo Hemat,,,"Xiaomi Redmi 15 (8GB/128GB) (8GB/256GB) Baterai besar 7000mAh dengan pengisian daya 33W | Ekspansi RAM hingga 16GB | Layar imersif 6.9"" 144Hz | 50MP kamera ganda AI [Official Store]
Rp
2.599.000
Kombo Hemat
4.9
10RB+ Terjual
3-4 Hari
Kab. Tangerang",https://shopee.co.id/Xiaomi-Redmi-15-(8GB-128GB)-(8GB-256GB)-Baterai-besar-7000mAh-dengan-pengisian-daya-33W-Ekspansi-RAM-hingga-16GB-Layar-imersif-6.9-144Hz-50MP-kamera-ganda-AI-Official-Store--i.51925611.25631088302?extraParams=%7B%22display_model_id%22%3A186266664126%2C%22model_selection_logic%22%3A3%7D&sp_atk=831283a6-1df5-416d-a261-0e9a7f0aa1e2&xptdk=831283a6-1df5-416d-a261-0e9a7f0aa1e2,,
https://down-id.img.susercontent.com/file/id-11134207-7ra0n-mdmlmft4kdn623,,"Xiaomi Redmi 15C (6GB/128GB) (8GB/256GB) | Baterai besar 6000mAh dengan pengisian daya 33W | Desain ramping dan elegan | Layar Imersif 6.9"" 120Hz | 50 MP kamera ganda AI [Offical Store]",https://deo.shopeemobile.com/shopee/modules-federation/live/0/shopee__item-card-standard-v2/0.2.8/pc/7c9110f78e069acbced7.png,Rp,2.149.000,https://deo.shopeemobile.com/shopee/modules-federation/live/0/shopee__item-card-standard-v2/0.2.8/pc/d2a1900a0267d45fd0f5.png,https://deo.shopeemobile.com/shopee/modules-federation/live/0/shopee__item-card-standard-v2/0.2.8/pc/d7099d3fd1dfdaf705ab.svg,4.9,10RB+ Terjual,https://deo.shopeemobile.com/shopee/modules-federation/live/0/shopee__item-card-standard-v2/0.2.8/pc/76dff349290d20891fc1.svg,,,https://deo.shopeemobile.com/shopee/modules-federation/live/0/shopee__item-card-standard-v2/0.2.8/pc/5dd7b4560d0e2d3190e8.svg,Kab. Tangerang,,,,"Xiaomi Redmi 15C (6GB/128GB) (8GB/256GB) | Baterai besar 6000mAh dengan pengisian daya 33W | Desain ramping dan elegan | Layar Imersif 6.9"" 120Hz | 50 MP kamera ganda AI [Offical Store]
Rp
2.149.000
4.9
10RB+ Terjual
3-4 Hari
Kab. Tangerang",https://shopee.co.id/Xiaomi-Redmi-15C-(6GB-128GB)-(8GB-256GB)-Baterai-besar-6000mAh-dengan-pengisian-daya-33W-Desain-ramping-dan-elegan-Layar-Imersif-6.9-120Hz-50-MP-kamera-ganda-AI-Offical-Store--i.51925611.24836135524?extraParams=%7B%22display_model_id%22%3A276055249004%2C%22model_selection_logic%22%3A3%7D&sp_atk=695c26a5-7cce-4530-afc8-6caa685a4bf1&xptdk=695c26a5-7cce-4530-afc8-6caa685a4bf1,,
https://down-id.img.susercontent.com/file/id-11134207-822wj-mmujbmqh7t3413,https://down-id.img.susercontent.com/file/id-11134258-8224v-mkvw0cu9r7k1a5,Xiaomi Redmi 15C 6/128 8/256 | 6/128GB 8/256GB | 6GB 8GB 128GB 256GB Garansi Resmi,https://deo.shopeemobile.com/shopee/modules-federation/live/0/shopee__item-card-standard-v2/0.2.8/pc/e4734dab67ee2f9ebd5a.png,Rp,2.219.000,,https://deo.shopeemobile.com/shopee/modules-federation/live/0/shopee__item-card-standard-v2/0.2.8/pc/d7099d3fd1dfdaf705ab.svg,5.0,667 Terjual,https://deo.shopeemobile.com/shopee/modules-federation/live/0/shopee__item-card-standard-v2/0.2.8/pc/76dff349290d20891fc1.svg,,,https://deo.shopeemobile.com/shopee/modules-federation/live/0/shopee__item-card-standard-v2/0.2.8/pc/5dd7b4560d0e2d3190e8.svg,Denpasar,,,,"Xiaomi Redmi 15C 6/128 8/256 | 6/128GB 8/256GB | 6GB 8GB 128GB 256GB Garansi Resmi
Rp
2.219.000
5.0
667 Terjual
3-4 Hari
Denpasar",https://shopee.co.id/Xiaomi-Redmi-15C-6-128-8-256-6-128GB-8-256GB-6GB-8GB-128GB-256GB-Garansi-Resmi-i.25468108.25739092073?extraParams=%7B%22display_model_id%22%3A380731722896%2C%22model_selection_logic%22%3A3%7D&sp_atk=e0dec3c4-b0dc-4845-9852-234dcb5e7fc8&xptdk=e0dec3c4-b0dc-4845-9852-234dcb5e7fc8,,
https://down-id.img.susercontent.com/file/sg-11134201-7rdyq-mdoc73lco12i80,https://down-id.img.susercontent.com/file/id-11134258-8224v-mkvw0cu9r7k1a5,Xiaomi Redmi 15C [8GB/256GB] [6GB/128GB] Garansi Resmi Xiaomi Indonesia,https://deo.shopeemobile.com/shopee/modules-federation/live/0/shopee__item-card-standard-v2/0.2.8/pc/e4734dab67ee2f9ebd5a.png,Rp,2.199.000,https://deo.shopeemobile.com/shopee/modules-federation/live/0/shopee__item-card-standard-v2/0.2.8/pc/d2a1900a0267d45fd0f5.png,https://deo.shopeemobile.com/shopee/modules-federation/live/0/shopee__item-card-standard-v2/0.2.8/pc/d7099d3fd1dfdaf705ab.svg,4.9,1RB+ Terjual,https://deo.shopeemobile.com/shopee/modules-federation/live/0/shopee__item-card-standard-v2/0.2.8/pc/76dff349290d20891fc1.svg,,,https://deo.shopeemobile.com/shopee/modules-federation/live/0/shopee__item-card-standard-v2/0.2.8/pc/5dd7b4560d0e2d3190e8.svg,Palembang,,,,"Xiaomi Redmi 15C [8GB/256GB] [6GB/128GB] Garansi Resmi Xiaomi Indonesia
Rp
2.199.000
4.9
1RB+ Terjual
3 Hari
Palembang",https://shopee.co.id/Xiaomi-Redmi-15C-8GB-256GB-6GB-128GB-Garansi-Resmi-Xiaomi-Indonesia-i.133736627.18723614709?extraParams=%7B%22display_model_id%22%3A258773974765%2C%22model_selection_logic%22%3A3%7D&sp_atk=95da11ca-3265-4605-a63c-5c08a11083ef&xptdk=95da11ca-3265-4605-a63c-5c08a11083ef,,
https://down-id.img.susercontent.com/file/id-11134207-82250-mhrazuc9uzgkbc,https://down-id.img.susercontent.com/file/id-11134258-8224v-mkvw0cu9r7k1a5,Xiaomi Redmi 15 [8/256GB] [8/128GB] Garansi Resmi Xiaomi 15 Bulan,https://deo.shopeemobile.com/shopee/modules-federation/live/0/shopee__item-card-standard-v2/0.2.8/pc/e4734dab67ee2f9ebd5a.png,Rp,2.649.000,https://deo.shopeemobile.com/shopee/modules-federation/live/0/shopee__item-card-standard-v2/0.2.8/pc/d2a1900a0267d45fd0f5.png,https://deo.shopeemobile.com/shopee/modules-federation/live/0/shopee__item-card-standard-v2/0.2.8/pc/d7099d3fd1dfdaf705ab.svg,4.9,1RB+ Terjual,https://deo.shopeemobile.com/shopee/modules-federation/live/0/shopee__item-card-standard-v2/0.2.8/pc/76dff349290d20891fc1.svg,,,https://deo.shopeemobile.com/shopee/modules-federation/live/0/shopee__item-card-standard-v2/0.2.8/pc/5dd7b4560d0e2d3190e8.svg,Palembang,,,,"Xiaomi Redmi 15 [8/256GB] [8/128GB] Garansi Resmi Xiaomi 15 Bulan
Rp
2.649.000
4.9
1RB+ Terjual
2-3 Hari
Palembang",https://shopee.co.id/Xiaomi-Redmi-15-8-256GB-8-128GB-Garansi-Resmi-Xiaomi-15-Bulan-i.133736627.12575332633?extraParams=%7B%22display_model_id%22%3A306676569303%2C%22model_selection_logic%22%3A3%7D&sp_atk=01be6954-ea3e-4a6a-b841-1a024d70c715&xptdk=01be6954-ea3e-4a6a-b841-1a024d70c715,,
https://down-id.img.susercontent.com/file/id-11134207-822ws-mmimb95ef01xb6,,"Xiaomi 15T (12/512GB) / Xiaomi 15T Pro (12/512GB) | Leica Summilux optical lens Dimensity 8400-Ultra | 6.83"" 120Hz eye-care display | Massive 5500mAh (typ) battery | 67W HyperCharge [Official Store]",https://deo.shopeemobile.com/shopee/modules-federation/live/0/shopee__item-card-standard-v2/0.2.8/pc/7c9110f78e069acbced7.png,Rp,7.999.000,https://deo.shopeemobile.com/shopee/modules-federation/live/0/shopee__item-card-standard-v2/0.2.8/pc/d2a1900a0267d45fd0f5.png,https://deo.shopeemobile.com/shopee/modules-federation/live/0/shopee__item-card-standard-v2/0.2.8/pc/d7099d3fd1dfdaf705ab.svg,4.9,10RB+ Terjual,https://deo.shopeemobile.com/shopee/modules-federation/live/0/shopee__item-card-standard-v2/0.2.8/pc/76dff349290d20891fc1.svg,,,https://deo.shopeemobile.com/shopee/modules-federation/live/0/shopee__item-card-standard-v2/0.2.8/pc/5dd7b4560d0e2d3190e8.svg,Kab. Tangerang,Hadiah Gratis,,,"Xiaomi 15T (12/512GB) / Xiaomi 15T Pro (12/512GB) | Leica Summilux optical lens Dimensity 8400-Ultra | 6.83"" 120Hz eye-care display | Massive 5500mAh (typ) battery | 67W HyperCharge [Official Store]
Rp
7.999.000
Hadiah Gratis
4.9
10RB+ Terjual
3-4 Hari
Kab. Tangerang",https://shopee.co.id/Xiaomi-15T-(12-512GB)-Xiaomi-15T-Pro-(12-512GB)-Leica-Summilux-optical-lens-Dimensity-8400-Ultra-6.83-120Hz-eye-care-display-Massive-5500mAh-(typ)-battery-67W-HyperCharge-Official-Store--i.51925611.28712146920?extraParams=%7B%22display_model_id%22%3A266913372368%2C%22model_selection_logic%22%3A3%7D&sp_atk=035658a6-027a-4ad4-994c-89c6151046a8&xptdk=035658a6-027a-4ad4-994c-89c6151046a8,,
https://down-id.img.susercontent.com/file/id-11134207-8224w-mkai5g3ial8i5f,https://down-id.img.susercontent.com/file/id-11134258-8224v-mkvw0cu9r7k1a5,Xiaomi Redmi Note 15 4G 8/128GB 8/256GB Layar Lengkung HP Terbaru Xiaomi 2026 Garansi Resmi,https://deo.shopeemobile.com/shopee/modules-federation/live/0/shopee__item-card-standard-v2/0.2.8/pc/e4734dab67ee2f9ebd5a.png,Rp,2.999.000,,https://deo.shopeemobile.com/shopee/modules-federation/live/0/shopee__item-card-standard-v2/0.2.8/pc/d7099d3fd1dfdaf705ab.svg,5.0,23 Terjual,https://deo.shopeemobile.com/shopee/modules-federation/live/0/shopee__item-card-standard-v2/0.2.8/pc/76dff349290d20891fc1.svg,,,https://deo.shopeemobile.com/shopee/modules-federation/live/0/shopee__item-card-standard-v2/0.2.8/pc/5dd7b4560d0e2d3190e8.svg,Bandung,,,,"Xiaomi Redmi Note 15 4G 8/128GB 8/256GB Layar Lengkung HP Terbaru Xiaomi 2026 Garansi Resmi
Rp
2.999.000
5.0
23 Terjual
2-3 Hari
Bandung",https://shopee.co.id/Xiaomi-Redmi-Note-15-4G-8-128GB-8-256GB-Layar-Lengkung-HP-Terbaru-Xiaomi-2026-Garansi-Resmi-i.1309773474.43728580408?extraParams=%7B%22display_model_id%22%3A355524106967%2C%22model_selection_logic%22%3A3%7D&sp_atk=c98ac675-e61a-4b10-9b47-d589256b9f51&xptdk=c98ac675-e61a-4b10-9b47-d589256b9f51,,
https://down-id.img.susercontent.com/file/id-11134207-8224s-mg2a8lk11r0q91,https://down-id.img.susercontent.com/file/id-11134258-7r98w-lyezzaurybot13,XIAOMI REDMI 15 8/128 GB - 8/256 GB Garansi Resmi [BISA INSTAN AREA MALANG],https://deo.shopeemobile.com/shopee/modules-federation/live/0/shopee__item-card-standard-v2/0.2.8/pc/e4734dab67ee2f9ebd5a.png,Rp,2.628.000,,https://deo.shopeemobile.com/shopee/modules-federation/live/0/shopee__item-card-standard-v2/0.2.8/pc/d7099d3fd1dfdaf705ab.svg,5.0,498 Terjual,https://deo.shopeemobile.com/shopee/modules-federation/live/0/shopee__item-card-standard-v2/0.2.8/pc/76dff349290d20891fc1.svg,,,https://deo.shopeemobile.com/shopee/modules-federation/live/0/shopee__item-card-standard-v2/0.2.8/pc/5dd7b4560d0e2d3190e8.svg,Malang,,-1%,https://deo.shopeemobile.com/shopee/modules-federation/live/0/shopee__item-card-standard-v2/0.2.8/pc/b4d1b8a78b3621dbdf4a.svg,"XIAOMI REDMI 15 8/128 GB - 8/256 GB Garansi Resmi [BISA INSTAN AREA MALANG]
Rp
2.628.000
-1%
5.0
498 Terjual
2-4 Hari
Malang",https://shopee.co.id/XIAOMI-REDMI-15-8-128-GB-8-256-GB-Garansi-Resmi-BISA-INSTAN-AREA-MALANG--i.966967238.25165909920?extraParams=%7B%22display_model_id%22%3A271626115356%2C%22model_selection_logic%22%3A3%7D&sp_atk=ad58c216-71a0-41ea-8c74-9765b0f83f6e&xptdk=ad58c216-71a0-41ea-8c74-9765b0f83f6e,,
https://down-id.img.susercontent.com/file/id-11134207-7ra0n-mdk52dkl6kcuaa,https://down-id.img.susercontent.com/file/id-11134258-822ws-mnciva8io4qu2f,Xiaomi Redmi 15C 8/256 6000mAh 33Watt Garansi Resmi Xiaomi Indonesia,https://deo.shopeemobile.com/shopee/modules-federation/live/0/shopee__item-card-standard-v2/0.2.8/pc/e4734dab67ee2f9ebd5a.png,Rp,2.129.000,https://deo.shopeemobile.com/shopee/modules-federation/live/0/shopee__item-card-standard-v2/0.2.8/pc/d2a1900a0267d45fd0f5.png,https://deo.shopeemobile.com/shopee/modules-federation/live/0/shopee__item-card-standard-v2/0.2.8/pc/d7099d3fd1dfdaf705ab.svg,5.0,198 Terjual,https://deo.shopeemobile.com/shopee/modules-federation/live/0/shopee__item-card-standard-v2/0.2.8/pc/76dff349290d20891fc1.svg,,,https://deo.shopeemobile.com/shopee/modules-federation/live/0/shopee__item-card-standard-v2/0.2.8/pc/5dd7b4560d0e2d3190e8.svg,Bandung,,,,"Xiaomi Redmi 15C 8/256 6000mAh 33Watt Garansi Resmi Xiaomi Indonesia
Rp
2.129.000
5.0
198 Terjual
2-3 Hari
Bandung",https://shopee.co.id/Xiaomi-Redmi-15C-8-256-6000mAh-33Watt-Garansi-Resmi-Xiaomi-Indonesia-i.1155487689.27363957920?extraParams=%7B%22display_model_id%22%3A360627414871%2C%22model_selection_logic%22%3A3%7D&sp_atk=54af9d38-48d3-4562-bfd3-b5a1c32aa913&xptdk=54af9d38-48d3-4562-bfd3-b5a1c32aa913,,
https://down-id.img.susercontent.com/file/id-11134207-7ra0i-mdolgk3nlle7fc,https://down-id.img.susercontent.com/file/id-11134258-822wr-mlx67rtd6r602f,XIAOMI REDMI 15C 8GB / 256GB | BATRAI 6000mAh | Garansi Resmi,https://deo.shopeemobile.com/shopee/modules-federation/live/0/shopee__item-card-standard-v2/0.2.8/pc/e4734dab67ee2f9ebd5a.png,Rp,2.299.000,https://deo.shopeemobile.com/shopee/modules-federation/live/0/shopee__item-card-standard-v2/0.2.8/pc/d2a1900a0267d45fd0f5.png,https://deo.shopeemobile.com/shopee/modules-federation/live/0/shopee__item-card-standard-v2/0.2.8/pc/d7099d3fd1dfdaf705ab.svg,5.0,39 Terjual,https://deo.shopeemobile.com/shopee/modules-federation/live/0/shopee__item-card-standard-v2/0.2.8/pc/38e203dc86172a6c6560.svg,https://deo.shopeemobile.com/shopee/modules-federation/live/0/shopee__item-card-standard-v2/0.2.8/pc/0614b8f0a8fdde22942d.svg,2 jam,https://deo.shopeemobile.com/shopee/modules-federation/live/0/shopee__item-card-standard-v2/0.2.8/pc/5dd7b4560d0e2d3190e8.svg,Kab. Sidoarjo,,-12%,,"XIAOMI REDMI 15C 8GB / 256GB | BATRAI 6000mAh | Garansi Resmi
Rp
2.299.000
-12%
5.0
39 Terjual
2 jam
Kab. Sidoarjo",https://shopee.co.id/XIAOMI-REDMI-15C-8GB-256GB-BATRAI-6000mAh-Garansi-Resmi-i.105409987.40064390179?extraParams=%7B%22display_model_id%22%3A261183223903%2C%22model_selection_logic%22%3A3%7D&sp_atk=617e1c50-43f2-4f40-ab8c-cfdf00b33bb6&xptdk=617e1c50-43f2-4f40-ab8c-cfdf00b33bb6,,
https://down-id.img.susercontent.com/file/id-11134207-81ztn-mez4tniig3ke7b,https://down-id.img.susercontent.com/file/id-11134258-822ws-mnciva8io4qu2f,Xiaomi Redmi 15 (8GB/128GB) (8GB/256GB) Baterai besar 7000mAh | Ekspansi RAM hingga 16GB,https://deo.shopeemobile.com/shopee/modules-federation/live/0/shopee__item-card-standard-v2/0.2.8/pc/7c9110f78e069acbced7.png,Rp,2.663.000,https://deo.shopeemobile.com/shopee/modules-federation/live/0/shopee__item-card-standard-v2/0.2.8/pc/d2a1900a0267d45fd0f5.png,https://deo.shopeemobile.com/shopee/modules-federation/live/0/shopee__item-card-standard-v2/0.2.8/pc/d7099d3fd1dfdaf705ab.svg,4.9,2RB+ Terjual,https://deo.shopeemobile.com/shopee/modules-federation/live/0/shopee__item-card-standard-v2/0.2.8/pc/38e203dc86172a6c6560.svg,https://deo.shopeemobile.com/shopee/modules-federation/live/0/shopee__item-card-standard-v2/0.2.8/pc/0614b8f0a8fdde22942d.svg,Besok,https://deo.shopeemobile.com/shopee/modules-federation/live/0/shopee__item-card-standard-v2/0.2.8/pc/5dd7b4560d0e2d3190e8.svg,Surabaya,,,,"Xiaomi Redmi 15 (8GB/128GB) (8GB/256GB) Baterai besar 7000mAh | Ekspansi RAM hingga 16GB
Rp
2.663.000
4.9
2RB+ Terjual
Besok
Surabaya",https://shopee.co.id/Xiaomi-Redmi-15-(8GB-128GB)-(8GB-256GB)-Baterai-besar-7000mAh-Ekspansi-RAM-hingga-16GB-i.308460192.22970379210?extraParams=%7B%22display_model_id%22%3A266688445671%2C%22model_selection_logic%22%3A3%7D&sp_atk=4a540991-2dba-4e29-acdc-46d30be329ef&xptdk=4a540991-2dba-4e29-acdc-46d30be329ef,,
https://down-id.img.susercontent.com/file/id-11134207-7rbke-mb2rcrk096hwcd,https://down-id.img.susercontent.com/file/id-11134258-822wr-mlx67rtd6r602f,Redmi Note 12 & 12 Pro 4/128 6/128 8/256 garansi resmi new segel,https://deo.shopeemobile.com/shopee/modules-federation/live/0/shopee__item-card-standard-v2/0.2.8/pc/e4734dab67ee2f9ebd5a.png,Rp,2.050.000,,https://deo.shopeemobile.com/shopee/modules-federation/live/0/shopee__item-card-standard-v2/0.2.8/pc/d7099d3fd1dfdaf705ab.svg,4.9,490 Terjual,https://deo.shopeemobile.com/shopee/modules-federation/live/0/shopee__item-card-standard-v2/0.2.8/pc/76dff349290d20891fc1.svg,,,https://deo.shopeemobile.com/shopee/modules-federation/live/0/shopee__item-card-standard-v2/0.2.8/pc/5dd7b4560d0e2d3190e8.svg,Bogor,Cicilan,,,"Redmi Note 12 & 12 Pro 4/128 6/128 8/256 garansi resmi new segel
Rp
2.050.000
Cicilan
4.9
490 Terjual
2-3 Hari
Bogor",https://shopee.co.id/Redmi-Note-12-12-Pro-4-128-6-128-8-256-garansi-resmi-new-segel-i.29633777.6303220875?extraParams=%7B%22display_model_id%22%3A292549308261%2C%22model_selection_logic%22%3A3%7D&sp_atk=ff6ae3ac-79f6-4389-8d6d-85f894dc0128&xptdk=ff6ae3ac-79f6-4389-8d6d-85f894dc0128,,
https://down-id.img.susercontent.com/file/id-11134207-81ztc-mdviqey8m96od8,https://down-id.img.susercontent.com/file/id-11134258-8224v-mkvw0cu9r7k1a5,Xiaomi Redmi 15C 6GB/128GB 8GB/256GB 6000mAh 120Hz 50MP NFC 33W Garansi Resmi,https://deo.shopeemobile.com/shopee/modules-federation/live/0/shopee__item-card-standard-v2/0.2.8/pc/7c9110f78e069acbced7.png,Rp,2.198.000,,https://deo.shopeemobile.com/shopee/modules-federation/live/0/shopee__item-card-standard-v2/0.2.8/pc/d7099d3fd1dfdaf705ab.svg,5.0,282 Terjual,https://deo.shopeemobile.com/shopee/modules-federation/live/0/shopee__item-card-standard-v2/0.2.8/pc/38e203dc86172a6c6560.svg,https://deo.shopeemobile.com/shopee/modules-federation/live/0/shopee__item-card-standard-v2/0.2.8/pc/0614b8f0a8fdde22942d.svg,< 2 Hari,https://deo.shopeemobile.com/shopee/modules-federation/live/0/shopee__item-card-standard-v2/0.2.8/pc/5dd7b4560d0e2d3190e8.svg,Surabaya,,,,"Xiaomi Redmi 15C 6GB/128GB 8GB/256GB 6000mAh 120Hz 50MP NFC 33W Garansi Resmi
Rp
2.198.000
5.0
282 Terjual
< 2 Hari
Surabaya",https://shopee.co.id/Xiaomi-Redmi-15C-6GB-128GB-8GB-256GB-6000mAh-120Hz-50MP-NFC-33W-Garansi-Resmi-i.29471017.41115136130?extraParams=%7B%22display_model_id%22%3A306251707741%2C%22model_selection_logic%22%3A3%7D&sp_atk=18f24f6c-475e-49d0-aa58-eae10d09cb98&xptdk=18f24f6c-475e-49d0-aa58-eae10d09cb98,,
https://down-id.img.susercontent.com/file/id-11134207-822wq-mlyewt2302kvff,https://down-id.img.susercontent.com/file/id-11134258-8224v-mkvw0cu9r7k1a5,XIAOMI REDMI A7 PRO 4GB 128GB | BLACK,https://deo.shopeemobile.com/shopee/modules-federation/live/0/shopee__item-card-standard-v2/0.2.8/pc/7c9110f78e069acbced7.png,Rp,1.859.000,,https://deo.shopeemobile.com/shopee/modules-federation/live/0/shopee__item-card-standard-v2/0.2.8/pc/d7099d3fd1dfdaf705ab.svg,5.0,1RB+ Terjual,https://deo.shopeemobile.com/shopee/modules-federation/live/0/shopee__item-card-standard-v2/0.2.8/pc/38e203dc86172a6c6560.svg,https://deo.shopeemobile.com/shopee/modules-federation/live/0/shopee__item-card-standard-v2/0.2.8/pc/0614b8f0a8fdde22942d.svg,Besok,https://deo.shopeemobile.com/shopee/modules-federation/live/0/shopee__item-card-standard-v2/0.2.8/pc/5dd7b4560d0e2d3190e8.svg,Surabaya,,-62%,https://deo.shopeemobile.com/shopee/modules-federation/live/0/shopee__item-card-standard-v2/0.2.8/pc/b4d1b8a78b3621dbdf4a.svg,"XIAOMI REDMI A7 PRO 4GB 128GB | BLACK
Rp
1.859.000
-62%
5.0
1RB+ Terjual
Besok
Surabaya",https://shopee.co.id/XIAOMI-REDMI-A7-PRO-4GB-128GB-BLACK-i.1273997571.27723158358?extraParams=%7B%22display_model_id%22%3A149148990428%2C%22model_selection_logic%22%3A3%7D&sp_atk=ebc9239f-9f12-46b5-9da4-b90e47078393&xptdk=ebc9239f-9f12-46b5-9da4-b90e47078393,,
https://down-id.img.susercontent.com/file/id-11134207-81ztj-mdy3rc1ybwn505,https://down-id.img.susercontent.com/file/id-11134258-822ws-mnciva8io4qu2f,Xiaomi Redmi 15C 6GB/128GB | 8GB/256GB MediaTek Helio G81-Ultra 50 MP dual kamera AI Baterai 6000mAh,https://deo.shopeemobile.com/shopee/modules-federation/live/0/shopee__item-card-standard-v2/0.2.8/pc/7c9110f78e069acbced7.png,Rp,2.201.000,https://deo.shopeemobile.com/shopee/modules-federation/live/0/shopee__item-card-standard-v2/0.2.8/pc/d2a1900a0267d45fd0f5.png,https://deo.shopeemobile.com/shopee/modules-federation/live/0/shopee__item-card-standard-v2/0.2.8/pc/d7099d3fd1dfdaf705ab.svg,4.9,2RB+ Terjual,https://deo.shopeemobile.com/shopee/modules-federation/live/0/shopee__item-card-standard-v2/0.2.8/pc/38e203dc86172a6c6560.svg,https://deo.shopeemobile.com/shopee/modules-federation/live/0/shopee__item-card-standard-v2/0.2.8/pc/0614b8f0a8fdde22942d.svg,< 2 Hari,https://deo.shopeemobile.com/shopee/modules-federation/live/0/shopee__item-card-standard-v2/0.2.8/pc/5dd7b4560d0e2d3190e8.svg,Surabaya,,,,"Xiaomi Redmi 15C 6GB/128GB | 8GB/256GB MediaTek Helio G81-Ultra 50 MP dual kamera AI Baterai 6000mAh
Rp
2.201.000
4.9
2RB+ Terjual
< 2 Hari
Surabaya",https://shopee.co.id/Xiaomi-Redmi-15C-6GB-128GB-8GB-256GB-MediaTek-Helio-G81-Ultra-50-MP-dual-kamera-AI-Baterai-6000mAh-i.1109456199.22264928097?extraParams=%7B%22display_model_id%22%3A246710908709%2C%22model_selection_logic%22%3A3%7D&sp_atk=1d78c36a-46b2-4778-b254-f5ceac62237a&xptdk=1d78c36a-46b2-4778-b254-f5ceac62237a,,
https://down-id.img.susercontent.com/file/id-11134207-7rbk9-m8p33axr6c6599,https://down-id.img.susercontent.com/file/id-11134258-822wr-mlx67rtd6r602f,"Xiaomi Redmi 14C nfc 6+128 8+256 garansi resmi Layar 6,88” 50 MP dual camera AI New",https://deo.shopeemobile.com/shopee/modules-federation/live/0/shopee__item-card-standard-v2/0.2.8/pc/e4734dab67ee2f9ebd5a.png,Rp,2.150.000,,https://deo.shopeemobile.com/shopee/modules-federation/live/0/shopee__item-card-standard-v2/0.2.8/pc/d7099d3fd1dfdaf705ab.svg,4.9,153 Terjual,https://deo.shopeemobile.com/shopee/modules-federation/live/0/shopee__item-card-standard-v2/0.2.8/pc/76dff349290d20891fc1.svg,,,https://deo.shopeemobile.com/shopee/modules-federation/live/0/shopee__item-card-standard-v2/0.2.8/pc/5dd7b4560d0e2d3190e8.svg,Bogor,,,,"Xiaomi Redmi 14C nfc 6+128 8+256 garansi resmi Layar 6,88” 50 MP dual camera AI New
Rp
2.150.000
4.9
153 Terjual
2-3 Hari
Bogor",https://shopee.co.id/Xiaomi-Redmi-14C-nfc-6-128-8-256-garansi-resmi-Layar-6-88%E2%80%9D-50-MP-dual-camera-AI-New-i.29633777.28966540186?extraParams=%7B%22display_model_id%22%3A251951705500%2C%22model_selection_logic%22%3A3%7D&sp_atk=4564c779-bd84-4a4e-8c30-4ffcb94d707b&xptdk=4564c779-bd84-4a4e-8c30-4ffcb94d707b,,
https://down-id.img.susercontent.com/file/id-11134207-7rasi-m5idomnw2hw6f3,https://down-id.img.susercontent.com/file/id-11134258-8224v-mkvw0cu9r7k1a5,Xiaomi Redmi Note 14 5g Ram 8/256gb Garansi Resmi,https://deo.shopeemobile.com/shopee/modules-federation/live/0/shopee__item-card-standard-v2/0.2.8/pc/e4734dab67ee2f9ebd5a.png,Rp,3.270.000,,https://deo.shopeemobile.com/shopee/modules-federation/live/0/shopee__item-card-standard-v2/0.2.8/pc/d7099d3fd1dfdaf705ab.svg,5.0,896 Terjual,https://deo.shopeemobile.com/shopee/modules-federation/live/0/shopee__item-card-standard-v2/0.2.8/pc/76dff349290d20891fc1.svg,,,https://deo.shopeemobile.com/shopee/modules-federation/live/0/shopee__item-card-standard-v2/0.2.8/pc/5dd7b4560d0e2d3190e8.svg,Kediri,,,,"Xiaomi Redmi Note 14 5g Ram 8/256gb Garansi Resmi
Rp
3.270.000
5.0
896 Terjual
2-4 Hari
Kediri",https://shopee.co.id/Xiaomi-Redmi-Note-14-5g-Ram-8-256gb-Garansi-Resmi-i.45658405.26074765542?extraParams=%7B%22display_model_id%22%3A242557186401%2C%22model_selection_logic%22%3A3%7D&sp_atk=7f243b15-e375-4e70-96a0-b169eec94894&xptdk=7f243b15-e375-4e70-96a0-b169eec94894,,
https://down-id.img.susercontent.com/file/id-11134207-8224t-mg6ovyqbyhhkf1,https://down-id.img.susercontent.com/file/id-11134258-8224v-mkvw0cu9r7k1a5,Xiaomi Redmi 15C 6/128 | 8/256GB NEW GARANSI RESMI,https://deo.shopeemobile.com/shopee/modules-federation/live/0/shopee__item-card-standard-v2/0.2.8/pc/e4734dab67ee2f9ebd5a.png,Rp,2.159.000,,https://deo.shopeemobile.com/shopee/modules-federation/live/0/shopee__item-card-standard-v2/0.2.8/pc/d7099d3fd1dfdaf705ab.svg,4.9,1RB+ Terjual,https://deo.shopeemobile.com/shopee/modules-federation/live/0/shopee__item-card-standard-v2/0.2.8/pc/38e203dc86172a6c6560.svg,https://deo.shopeemobile.com/shopee/modules-federation/live/0/shopee__item-card-standard-v2/0.2.8/pc/0614b8f0a8fdde22942d.svg,Besok 12:00,https://deo.shopeemobile.com/shopee/modules-federation/live/0/shopee__item-card-standard-v2/0.2.8/pc/5dd7b4560d0e2d3190e8.svg,Surabaya,,,,"Xiaomi Redmi 15C 6/128 | 8/256GB NEW GARANSI RESMI
Rp
2.159.000
4.9
1RB+ Terjual
Besok 12:00
Surabaya",https://shopee.co.id/Xiaomi-Redmi-15C-6-128-8-256GB-NEW-GARANSI-RESMI-i.41047020.29908988408?extraParams=%7B%22display_model_id%22%3A248771062999%2C%22model_selection_logic%22%3A3%7D&sp_atk=486279c8-9295-46f8-ae3f-82ecf25ce9b6&xptdk=486279c8-9295-46f8-ae3f-82ecf25ce9b6,,
https://down-id.img.susercontent.com/file/id-11134207-7rask-m5feapw8pwnsfb,https://down-id.img.susercontent.com/file/id-11134258-7r98w-lyezzaurybot13,Xiaomi Redmi Note 14 5G 8/256GB NFC Garansi Resmi,https://deo.shopeemobile.com/shopee/modules-federation/live/0/shopee__item-card-standard-v2/0.2.8/pc/7c9110f78e069acbced7.png,Rp,3.298.000,,https://deo.shopeemobile.com/shopee/modules-federation/live/0/shopee__item-card-standard-v2/0.2.8/pc/d7099d3fd1dfdaf705ab.svg,5.0,414 Terjual,https://deo.shopeemobile.com/shopee/modules-federation/live/0/shopee__item-card-standard-v2/0.2.8/pc/76dff349290d20891fc1.svg,,,https://deo.shopeemobile.com/shopee/modules-federation/live/0/shopee__item-card-standard-v2/0.2.8/pc/5dd7b4560d0e2d3190e8.svg,Semarang,,-1%,,"Xiaomi Redmi Note 14 5G 8/256GB NFC Garansi Resmi
Rp
3.298.000
-1%
5.0
414 Terjual
2-3 Hari
Semarang",https://shopee.co.id/Xiaomi-Redmi-Note-14-5G-8-256GB-NFC-Garansi-Resmi-i.287662257.28624606015?extraParams=%7B%22display_model_id%22%3A252554399855%2C%22model_selection_logic%22%3A3%7D&sp_atk=63b39272-e8ca-415f-bb2e-77e2c88758d9&xptdk=63b39272-e8ca-415f-bb2e-77e2c88758d9,,
https://down-id.img.susercontent.com/file/id-11134207-81ztn-mez4tniig3ke7b,https://down-id.img.susercontent.com/file/id-11134258-822ws-mnciva8io4qu2f,Xiaomi Redmi 15 (8GB-128GB) (8GB-256GB) Baterai Besar 7000mAh Dengan Pengisian Daya 33W Ekspansi RAM Hingga 16GB Layar Imersif 6.9 144Hz 50MP Kamera Ganda AI,https://deo.shopeemobile.com/shopee/modules-federation/live/0/shopee__item-card-standard-v2/0.2.8/pc/7c9110f78e069acbced7.png,Rp,2.663.000,https://deo.shopeemobile.com/shopee/modules-federation/live/0/shopee__item-card-standard-v2/0.2.8/pc/d2a1900a0267d45fd0f5.png,https://deo.shopeemobile.com/shopee/modules-federation/live/0/shopee__item-card-standard-v2/0.2.8/pc/d7099d3fd1dfdaf705ab.svg,4.9,7RB+ Terjual,https://deo.shopeemobile.com/shopee/modules-federation/live/0/shopee__item-card-standard-v2/0.2.8/pc/38e203dc86172a6c6560.svg,https://deo.shopeemobile.com/shopee/modules-federation/live/0/shopee__item-card-standard-v2/0.2.8/pc/0614b8f0a8fdde22942d.svg,Besok,https://deo.shopeemobile.com/shopee/modules-federation/live/0/shopee__item-card-standard-v2/0.2.8/pc/5dd7b4560d0e2d3190e8.svg,Surabaya,,,,"Xiaomi Redmi 15 (8GB-128GB) (8GB-256GB) Baterai Besar 7000mAh Dengan Pengisian Daya 33W Ekspansi RAM Hingga 16GB Layar Imersif 6.9 144Hz 50MP Kamera Ganda AI
Rp
2.663.000
4.9
7RB+ Terjual
Besok
Surabaya",https://shopee.co.id/Xiaomi-Redmi-15-(8GB-128GB)-(8GB-256GB)-Baterai-Besar-7000mAh-Dengan-Pengisian-Daya-33W-Ekspansi-RAM-Hingga-16GB-Layar-Imersif-6.9-144Hz-50MP-Kamera-Ganda-AI-i.308460192.23575533162?extraParams=%7B%22display_model_id%22%3A39785425420%2C%22model_selection_logic%22%3A3%7D&sp_atk=a510c384-4b60-4bc5-93fa-00e52a9b29f0&xptdk=a510c384-4b60-4bc5-93fa-00e52a9b29f0,,
https://down-id.img.susercontent.com/file/id-11134207-82251-mk4q9iqupfcye6,https://down-id.img.susercontent.com/file/id-11134258-822ws-mnciva8io4qu2f,Xiaomi Redmi Note 15 5G 6/128GB 8/256GB 12/512GB - Garansi Resmi 1 Tahun,https://deo.shopeemobile.com/shopee/modules-federation/live/0/shopee__item-card-standard-v2/0.2.8/pc/7c9110f78e069acbced7.png,Rp,3.468.000,https://deo.shopeemobile.com/shopee/modules-federation/live/0/shopee__item-card-standard-v2/0.2.8/pc/d2a1900a0267d45fd0f5.png,https://deo.shopeemobile.com/shopee/modules-federation/live/0/shopee__item-card-standard-v2/0.2.8/pc/d7099d3fd1dfdaf705ab.svg,5.0,1RB+ Terjual,https://deo.shopeemobile.com/shopee/modules-federation/live/0/shopee__item-card-standard-v2/0.2.8/pc/38e203dc86172a6c6560.svg,https://deo.shopeemobile.com/shopee/modules-federation/live/0/shopee__item-card-standard-v2/0.2.8/pc/0614b8f0a8fdde22942d.svg,Besok,https://deo.shopeemobile.com/shopee/modules-federation/live/0/shopee__item-card-standard-v2/0.2.8/pc/5dd7b4560d0e2d3190e8.svg,Surabaya,Cicilan,,,"Xiaomi Redmi Note 15 5G 6/128GB 8/256GB 12/512GB - Garansi Resmi 1 Tahun
Rp
3.468.000
Cicilan
5.0
1RB+ Terjual
Besok
Surabaya",https://shopee.co.id/Xiaomi-Redmi-Note-15-5G-6-128GB-8-256GB-12-512GB-Garansi-Resmi-1-Tahun-i.160369383.9225998429?extraParams=%7B%22display_model_id%22%3A430589452095%2C%22model_selection_logic%22%3A3%7D&sp_atk=2d9fd2c1-7c46-4488-a329-ad54926a9910&xptdk=2d9fd2c1-7c46-4488-a329-ad54926a9910,,
https://down-id.img.susercontent.com/file/id-11134207-8224w-mk4p9z6f4m4oa0,https://down-id.img.susercontent.com/file/id-11134258-822ws-mnciva8io4qu2f,Xiaomi Redmi Note 15 4G LTE 8/128GB 8/256GB RAM 8GB ROM 128GB 256GB - Garansi Resmi 1 Tahun,https://deo.shopeemobile.com/shopee/modules-federation/live/0/shopee__item-card-standard-v2/0.2.8/pc/7c9110f78e069acbced7.png,Rp,3.059.000,https://deo.shopeemobile.com/shopee/modules-federation/live/0/shopee__item-card-standard-v2/0.2.8/pc/d2a1900a0267d45fd0f5.png,https://deo.shopeemobile.com/shopee/modules-federation/live/0/shopee__item-card-standard-v2/0.2.8/pc/d7099d3fd1dfdaf705ab.svg,4.9,7RB+ Terjual,https://deo.shopeemobile.com/shopee/modules-federation/live/0/shopee__item-card-standard-v2/0.2.8/pc/38e203dc86172a6c6560.svg,https://deo.shopeemobile.com/shopee/modules-federation/live/0/shopee__item-card-standard-v2/0.2.8/pc/0614b8f0a8fdde22942d.svg,Besok,,,,,,"Xiaomi Redmi Note 15 4G LTE 8/128GB 8/256GB RAM 8GB ROM 128GB 256GB - Garansi Resmi 1 Tahun
Rp
3.059.000
4.9
7RB+ Terjual
Besok",https://shopee.co.id/Xiaomi-Redmi-Note-15-4G-LTE-8-128GB-8-256GB-RAM-8GB-ROM-128GB-256GB-Garansi-Resmi-1-Tahun-i.160369383.18676021562?extraParams=%7B%22display_model_id%22%3A214041688741%2C%22model_selection_logic%22%3A3%7D&sp_atk=bc911864-3329-4f3c-82d3-3cedd3de8a38&xptdk=bc911864-3329-4f3c-82d3-3cedd3de8a38,,
https://down-id.img.susercontent.com/file/id-11134207-7rbk2-m7vudmaxikcw9b,https://down-id.img.susercontent.com/file/id-11134258-822ws-mnciva8io4qu2f,"Xiaomi Redmi A5 4/128GB Kamera 32MP Layar 6.88"" - Garansi Resmi",https://deo.shopeemobile.com/shopee/modules-federation/live/0/shopee__item-card-standard-v2/0.2.8/pc/a425c915798471b33e5d.png,Rp,1.689.000,,https://deo.shopeemobile.com/shopee/modules-federation/live/0/shopee__item-card-standard-v2/0.2.8/pc/d7099d3fd1dfdaf705ab.svg,5.0,1RB+ Terjual,https://deo.shopeemobile.com/shopee/modules-federation/live/0/shopee__item-card-standard-v2/0.2.8/pc/76dff349290d20891fc1.svg,,,https://deo.shopeemobile.com/shopee/modules-federation/live/0/shopee__item-card-standard-v2/0.2.8/pc/5dd7b4560d0e2d3190e8.svg,Pontianak,Kombo Hemat,,,"Xiaomi Redmi A5 4/128GB Kamera 32MP Layar 6.88"" - Garansi Resmi
Rp
1.689.000
Kombo Hemat
5.0
1RB+ Terjual
3-5 Hari
Pontianak",https://shopee.co.id/Xiaomi-Redmi-A5-4-128GB-Kamera-32MP-Layar-6.88-Garansi-Resmi-i.53222836.29631134457?extraParams=%7B%22display_model_id%22%3A248012125368%2C%22model_selection_logic%22%3A3%7D&sp_atk=6a6b302a-aac9-4cfa-bccf-a344470dee37&xptdk=6a6b302a-aac9-4cfa-bccf-a344470dee37,,
https://down-id.img.susercontent.com/file/id-11134207-8224t-mjxw0joe2akgc4,https://down-id.img.susercontent.com/file/id-11134258-822ws-mnciva8io4qu2f,"Xiaomi Redmi Note 15 4G/5G (Ram 8GB, Rom 256GB)",https://deo.shopeemobile.com/shopee/modules-federation/live/0/shopee__item-card-standard-v2/0.2.8/pc/e4734dab67ee2f9ebd5a.png,Rp,3.147.000,,https://deo.shopeemobile.com/shopee/modules-federation/live/0/shopee__item-card-standard-v2/0.2.8/pc/d7099d3fd1dfdaf705ab.svg,5.0,553 Terjual,https://deo.shopeemobile.com/shopee/modules-federation/live/0/shopee__item-card-standard-v2/0.2.8/pc/38e203dc86172a6c6560.svg,https://deo.shopeemobile.com/shopee/modules-federation/live/0/shopee__item-card-standard-v2/0.2.8/pc/0614b8f0a8fdde22942d.svg,< 2 Hari,https://deo.shopeemobile.com/shopee/modules-federation/live/0/shopee__item-card-standard-v2/0.2.8/pc/5dd7b4560d0e2d3190e8.svg,Surabaya,,-1%,https://deo.shopeemobile.com/shopee/modules-federation/live/0/shopee__item-card-standard-v2/0.2.8/pc/b4d1b8a78b3621dbdf4a.svg,"Xiaomi Redmi Note 15 4G/5G (Ram 8GB, Rom 256GB)
Rp
3.147.000
-1%
5.0
553 Terjual
< 2 Hari
Surabaya",https://shopee.co.id/Xiaomi-Redmi-Note-15-4G-5G-(Ram-8GB-Rom-256GB)-i.49893858.16894064534?extraParams=%7B%22display_model_id%22%3A445486365436%2C%22model_selection_logic%22%3A3%7D&sp_atk=7cfd58ff-ec72-45e7-869f-35688bff1d5f&xptdk=7cfd58ff-ec72-45e7-869f-35688bff1d5f,,
https://down-id.img.susercontent.com/file/id-11134207-7ra0o-mdprbjlsz66qf2,https://down-id.img.susercontent.com/file/id-11134258-822ws-mnciva8io4qu2f,(DG) XIAOMI REDMI 15C 6/128 GB 8/256 GB GARANSI RESMI,https://deo.shopeemobile.com/shopee/modules-federation/live/0/shopee__item-card-standard-v2/0.2.8/pc/e4734dab67ee2f9ebd5a.png,Rp,2.155.000,,https://deo.shopeemobile.com/shopee/modules-federation/live/0/shopee__item-card-standard-v2/0.2.8/pc/d7099d3fd1dfdaf705ab.svg,4.9,2RB+ Terjual,https://deo.shopeemobile.com/shopee/modules-federation/live/0/shopee__item-card-standard-v2/0.2.8/pc/76dff349290d20891fc1.svg,,,https://deo.shopeemobile.com/shopee/modules-federation/live/0/shopee__item-card-standard-v2/0.2.8/pc/5dd7b4560d0e2d3190e8.svg,Medan,,,,"(DG) XIAOMI REDMI 15C 6/128 GB 8/256 GB GARANSI RESMI
Rp
2.155.000
4.9
2RB+ Terjual
3 Hari
Medan",https://shopee.co.id/(DG)-XIAOMI-REDMI-15C-6-128-GB-8-256-GB-GARANSI-RESMI-i.10422348.1896516031?extraParams=%7B%22display_model_id%22%3A251724978537%2C%22model_selection_logic%22%3A3%7D&sp_atk=7cde0924-d035-4e12-af92-404d6dabcbde&xptdk=7cde0924-d035-4e12-af92-404d6dabcbde,,
https://down-id.img.susercontent.com/file/id-11134207-822wq-mlfw1ew9f1tue2,https://down-id.img.susercontent.com/file/id-11134258-822ws-mnciva8io4qu2f,"Xiaomi Redmi A7 Pro (Ram 4GB, Rom 64/128GB, Battery 6000mAh, Unisoc T7250 (12 nm))",https://deo.shopeemobile.com/shopee/modules-federation/live/0/shopee__item-card-standard-v2/0.2.8/pc/e4734dab67ee2f9ebd5a.png,Rp,1.744.000,,https://deo.shopeemobile.com/shopee/modules-federation/live/0/shopee__item-card-standard-v2/0.2.8/pc/d7099d3fd1dfdaf705ab.svg,5.0,357 Terjual,https://deo.shopeemobile.com/shopee/modules-federation/live/0/shopee__item-card-standard-v2/0.2.8/pc/38e203dc86172a6c6560.svg,https://deo.shopeemobile.com/shopee/modules-federation/live/0/shopee__item-card-standard-v2/0.2.8/pc/0614b8f0a8fdde22942d.svg,< 2 Hari,https://deo.shopeemobile.com/shopee/modules-federation/live/0/shopee__item-card-standard-v2/0.2.8/pc/5dd7b4560d0e2d3190e8.svg,Surabaya,,,,"Xiaomi Redmi A7 Pro (Ram 4GB, Rom 64/128GB, Battery 6000mAh, Unisoc T7250 (12 nm))
Rp
1.744.000
5.0
357 Terjual
< 2 Hari
Surabaya",https://shopee.co.id/Xiaomi-Redmi-A7-Pro-(Ram-4GB-Rom-64-128GB-Battery-6000mAh-Unisoc-T7250-(12-nm))-i.49893858.26362219366?extraParams=%7B%22display_model_id%22%3A215415519864%2C%22model_selection_logic%22%3A3%7D&sp_atk=8253e803-4979-424d-a018-3c2b712bf614&xptdk=8253e803-4979-424d-a018-3c2b712bf614,,
https://down-id.img.susercontent.com/file/id-11134207-7rasa-m5lviw945xxi89,https://down-id.img.susercontent.com/file/id-11134258-7r98w-lyezzaurybot13,Xiaomi Redmi Note 14 5G 12/512GB ( +12GB Extended RAM ) Garansi Resmi Xiaomi,https://deo.shopeemobile.com/shopee/modules-federation/live/0/shopee__item-card-standard-v2/0.2.8/pc/7c9110f78e069acbced7.png,Rp,3.699.000,,https://deo.shopeemobile.com/shopee/modules-federation/live/0/shopee__item-card-standard-v2/0.2.8/pc/d7099d3fd1dfdaf705ab.svg,4.9,6RB+ Terjual,https://deo.shopeemobile.com/shopee/modules-federation/live/0/shopee__item-card-standard-v2/0.2.8/pc/76dff349290d20891fc1.svg,,,https://deo.shopeemobile.com/shopee/modules-federation/live/0/shopee__item-card-standard-v2/0.2.8/pc/5dd7b4560d0e2d3190e8.svg,Bekasi,,,,"Xiaomi Redmi Note 14 5G 12/512GB ( +12GB Extended RAM ) Garansi Resmi Xiaomi
Rp
3.699.000
4.9
6RB+ Terjual
3 Hari
Bekasi",https://shopee.co.id/Xiaomi-Redmi-Note-14-5G-12-512GB-(-12GB-Extended-RAM-)-Garansi-Resmi-Xiaomi-i.227051022.29172663399?extraParams=%7B%22display_model_id%22%3A29878925387%2C%22model_selection_logic%22%3A3%7D&sp_atk=6122e38a-5fee-4571-a6ce-4b5db05c494d&xptdk=6122e38a-5fee-4571-a6ce-4b5db05c494d,,
https://down-id.img.susercontent.com/file/sg-11134201-8261a-mlq0lqoqy9s8a7,https://down-id.img.susercontent.com/file/id-11134258-7r98w-lyezzaurybot13,XIAOMI REDMI A5 4/128  Garansi Resmi Murah - REAL GADGET,https://deo.shopeemobile.com/shopee/modules-federation/live/0/shopee__item-card-standard-v2/0.2.8/pc/e4734dab67ee2f9ebd5a.png,Rp,1.675.000,,https://deo.shopeemobile.com/shopee/modules-federation/live/0/shopee__item-card-standard-v2/0.2.8/pc/d7099d3fd1dfdaf705ab.svg,5.0,539 Terjual,https://deo.shopeemobile.com/shopee/modules-federation/live/0/shopee__item-card-standard-v2/0.2.8/pc/76dff349290d20891fc1.svg,,,https://deo.shopeemobile.com/shopee/modules-federation/live/0/shopee__item-card-standard-v2/0.2.8/pc/5dd7b4560d0e2d3190e8.svg,Kab. Sleman,Cicilan,,,"XIAOMI REDMI A5 4/128 Garansi Resmi Murah - REAL GADGET
Rp
1.675.000
Cicilan
5.0
539 Terjual
3 Hari
Kab. Sleman",https://shopee.co.id/XIAOMI-REDMI-A5-4-128-Garansi-Resmi-Murah-REAL-GADGET-i.2764201.1474889159?extraParams=%7B%22display_model_id%22%3A186090069474%2C%22model_selection_logic%22%3A3%7D&sp_atk=96d0c98a-3079-4a89-b1d2-4d0591bea258&xptdk=96d0c98a-3079-4a89-b1d2-4d0591bea258,,
https://down-id.img.susercontent.com/file/id-11134207-82252-mk2oh4s5r9xjd4,https://down-id.img.susercontent.com/file/id-11134258-8224v-mkvw0cu9r7k1a5,Xiaomi Redmi Note 15 5G [12/512GB] [8/256GB] [6/128GB] Garansi Resmi Xiaomi Indonesia 15 Bulan,https://deo.shopeemobile.com/shopee/modules-federation/live/0/shopee__item-card-standard-v2/0.2.8/pc/e4734dab67ee2f9ebd5a.png,Rp,2.999.000,https://deo.shopeemobile.com/shopee/modules-federation/live/0/shopee__item-card-standard-v2/0.2.8/pc/d2a1900a0267d45fd0f5.png,https://deo.shopeemobile.com/shopee/modules-federation/live/0/shopee__item-card-standard-v2/0.2.8/pc/d7099d3fd1dfdaf705ab.svg,4.9,1RB+ Terjual,https://deo.shopeemobile.com/shopee/modules-federation/live/0/shopee__item-card-standard-v2/0.2.8/pc/76dff349290d20891fc1.svg,,,https://deo.shopeemobile.com/shopee/modules-federation/live/0/shopee__item-card-standard-v2/0.2.8/pc/5dd7b4560d0e2d3190e8.svg,Palembang,,,,"Xiaomi Redmi Note 15 5G [12/512GB] [8/256GB] [6/128GB] Garansi Resmi Xiaomi Indonesia 15 Bulan
Rp
2.999.000
4.9
1RB+ Terjual
2-3 Hari
Palembang",https://shopee.co.id/Xiaomi-Redmi-Note-15-5G-12-512GB-8-256GB-6-128GB-Garansi-Resmi-Xiaomi-Indonesia-15-Bulan-i.133736627.15770685024?extraParams=%7B%22display_model_id%22%3A89259913664%2C%22model_selection_logic%22%3A3%7D&sp_atk=6de8d70c-c143-4bfe-b155-4fc924a12dd8&xptdk=6de8d70c-c143-4bfe-b155-4fc924a12dd8,,
https://down-id.img.susercontent.com/file/id-11134207-7rasm-m5u44jcai30zdb,https://down-id.img.susercontent.com/file/id-11134258-8224v-mkvw0cu9r7k1a5,Xiaomi Redmi Note 14 4G 8/256 Gb | 8/128 Gb Garansi Resmi Xiaomi,https://deo.shopeemobile.com/shopee/modules-federation/live/0/shopee__item-card-standard-v2/0.2.8/pc/a425c915798471b33e5d.png,Rp,2.749.000,,https://deo.shopeemobile.com/shopee/modules-federation/live/0/shopee__item-card-standard-v2/0.2.8/pc/d7099d3fd1dfdaf705ab.svg,4.9,88 Terjual,https://deo.shopeemobile.com/shopee/modules-federation/live/0/shopee__item-card-standard-v2/0.2.8/pc/76dff349290d20891fc1.svg,,,https://deo.shopeemobile.com/shopee/modules-federation/live/0/shopee__item-card-standard-v2/0.2.8/pc/5dd7b4560d0e2d3190e8.svg,Surabaya,,,,"Xiaomi Redmi Note 14 4G 8/256 Gb | 8/128 Gb Garansi Resmi Xiaomi
Rp
2.749.000
4.9
88 Terjual
1-3 Hari
Surabaya",https://shopee.co.id/Xiaomi-Redmi-Note-14-4G-8-256-Gb-8-128-Gb-Garansi-Resmi-Xiaomi-i.82770881.27175069519?extraParams=%7B%22display_model_id%22%3A168693447393%2C%22model_selection_logic%22%3A3%7D&sp_atk=33bff342-6638-4aac-b1d8-4aff698b5b83&xptdk=33bff342-6638-4aac-b1d8-4aff698b5b83,,
https://down-id.img.susercontent.com/file/id-11134207-7rbk4-m7to2lx5ryuv04,https://down-id.img.susercontent.com/file/id-11134258-8224v-mkvw0cu9r7k1a5,Xiaomi Redmi A5 [4GB/128GB] Garansi Resmi Xiaomi Indonesia,https://deo.shopeemobile.com/shopee/modules-federation/live/0/shopee__item-card-standard-v2/0.2.8/pc/e4734dab67ee2f9ebd5a.png,Rp,1.699.000,https://deo.shopeemobile.com/shopee/modules-federation/live/0/shopee__item-card-standard-v2/0.2.8/pc/d2a1900a0267d45fd0f5.png,https://deo.shopeemobile.com/shopee/modules-federation/live/0/shopee__item-card-standard-v2/0.2.8/pc/d7099d3fd1dfdaf705ab.svg,5.0,777 Terjual,https://deo.shopeemobile.com/shopee/modules-federation/live/0/shopee__item-card-standard-v2/0.2.8/pc/76dff349290d20891fc1.svg,,,https://deo.shopeemobile.com/shopee/modules-federation/live/0/shopee__item-card-standard-v2/0.2.8/pc/5dd7b4560d0e2d3190e8.svg,Palembang,Cicilan,,,"Xiaomi Redmi A5 [4GB/128GB] Garansi Resmi Xiaomi Indonesia
Rp
1.699.000
Cicilan
5.0
777 Terjual
3 Hari
Palembang",https://shopee.co.id/Xiaomi-Redmi-A5-4GB-128GB-Garansi-Resmi-Xiaomi-Indonesia-i.133736627.8416710760?extraParams=%7B%22display_model_id%22%3A305782005406%2C%22model_selection_logic%22%3A3%7D&sp_atk=f6af0e58-dacf-4477-8f8f-482d7ad517dc&xptdk=f6af0e58-dacf-4477-8f8f-482d7ad517dc,,
https://down-id.img.susercontent.com/file/id-11134207-8224r-mho2stl09i4g9e,https://down-id.img.susercontent.com/file/id-11134258-8224v-mkvw0cu9r7k1a5,"NEW XIAOMI REDMI 15 RAM 8GB 256 GB BATERAI 7000 mAh 33watt LAYAR 6,9 FHD+",https://deo.shopeemobile.com/shopee/modules-federation/live/0/shopee__item-card-standard-v2/0.2.8/pc/7c9110f78e069acbced7.png,Rp,2.599.000,https://deo.shopeemobile.com/shopee/modules-federation/live/0/shopee__item-card-standard-v2/0.2.8/pc/d2a1900a0267d45fd0f5.png,https://deo.shopeemobile.com/shopee/modules-federation/live/0/shopee__item-card-standard-v2/0.2.8/pc/d7099d3fd1dfdaf705ab.svg,5.0,189 Terjual,https://deo.shopeemobile.com/shopee/modules-federation/live/0/shopee__item-card-standard-v2/0.2.8/pc/76dff349290d20891fc1.svg,,,https://deo.shopeemobile.com/shopee/modules-federation/live/0/shopee__item-card-standard-v2/0.2.8/pc/5dd7b4560d0e2d3190e8.svg,Depok,,,,"NEW XIAOMI REDMI 15 RAM 8GB 256 GB BATERAI 7000 mAh 33watt LAYAR 6,9 FHD+
Rp
2.599.000
5.0
189 Terjual
3 Hari
Depok",https://shopee.co.id/NEW-XIAOMI-REDMI-15-RAM-8GB-256-GB-BATERAI-7000-mAh-33watt-LAYAR-6-9-FHD--i.1367937206.54602403871?extraParams=%7B%22display_model_id%22%3A395234430803%2C%22model_selection_logic%22%3A3%7D&sp_atk=50c48caa-d0a9-4529-a342-fcc08ba4d84b&xptdk=50c48caa-d0a9-4529-a342-fcc08ba4d84b,,
https://down-id.img.susercontent.com/file/id-11134207-8224o-mfw17ul2ufih1f,,"Xiaomi Redmi 15 (8GB/128GB) (8GB/256GB) Baterai besar 7000mAh dengan pengisian daya 33W | Ekspansi RAM hingga 16GB | Layar imersif 6.9"" 144Hz | 50MP  kamera ganda AI [Official Store]",https://deo.shopeemobile.com/shopee/modules-federation/live/0/shopee__item-card-standard-v2/0.2.8/pc/7c9110f78e069acbced7.png,Rp,2.579.000,https://deo.shopeemobile.com/shopee/modules-federation/live/0/shopee__item-card-standard-v2/0.2.8/pc/d2a1900a0267d45fd0f5.png,https://deo.shopeemobile.com/shopee/modules-federation/live/0/shopee__item-card-standard-v2/0.2.8/pc/d7099d3fd1dfdaf705ab.svg,4.9,4RB+ Terjual,https://deo.shopeemobile.com/shopee/modules-federation/live/0/shopee__item-card-standard-v2/0.2.8/pc/76dff349290d20891fc1.svg,,,https://deo.shopeemobile.com/shopee/modules-federation/live/0/shopee__item-card-standard-v2/0.2.8/pc/5dd7b4560d0e2d3190e8.svg,Kab. Tangerang,Kombo Hemat,-1%,https://deo.shopeemobile.com/shopee/modules-federation/live/0/shopee__item-card-standard-v2/0.2.8/pc/b4d1b8a78b3621dbdf4a.svg,"Xiaomi Redmi 15 (8GB/128GB) (8GB/256GB) Baterai besar 7000mAh dengan pengisian daya 33W | Ekspansi RAM hingga 16GB | Layar imersif 6.9"" 144Hz | 50MP kamera ganda AI [Official Store]
Rp
2.579.000
-1%
Kombo Hemat
4.9
4RB+ Terjual
3-5 Hari
Kab. Tangerang",https://shopee.co.id/Xiaomi-Redmi-15-(8GB-128GB)-(8GB-256GB)-Baterai-besar-7000mAh-dengan-pengisian-daya-33W-Ekspansi-RAM-hingga-16GB-Layar-imersif-6.9-144Hz-50MP-kamera-ganda-AI-Official-Store--i.1632696269.27342628457?extraParams=%7B%22display_model_id%22%3A266877582660%2C%22model_selection_logic%22%3A3%7D&sp_atk=d31ba119-4077-410d-9360-6186db8c8f15&xptdk=d31ba119-4077-410d-9360-6186db8c8f15,,
https://down-id.img.susercontent.com/file/id-11134207-7ra0n-mdlemumya28b6d,https://down-id.img.susercontent.com/file/id-11134258-7r98w-lyezzaurybot13,Xiaomi Redmi 15C 8/256GB NFC Garansi Resmi,https://deo.shopeemobile.com/shopee/modules-federation/live/0/shopee__item-card-standard-v2/0.2.8/pc/7c9110f78e069acbced7.png,Rp,2.349.000,,https://deo.shopeemobile.com/shopee/modules-federation/live/0/shopee__item-card-standard-v2/0.2.8/pc/d7099d3fd1dfdaf705ab.svg,5.0,972 Terjual,https://deo.shopeemobile.com/shopee/modules-federation/live/0/shopee__item-card-standard-v2/0.2.8/pc/76dff349290d20891fc1.svg,,,https://deo.shopeemobile.com/shopee/modules-federation/live/0/shopee__item-card-standard-v2/0.2.8/pc/5dd7b4560d0e2d3190e8.svg,Semarang,,,,"Xiaomi Redmi 15C 8/256GB NFC Garansi Resmi
Rp
2.349.000
5.0
972 Terjual
2-3 Hari
Semarang",https://shopee.co.id/Xiaomi-Redmi-15C-8-256GB-NFC-Garansi-Resmi-i.287662257.42113901502?extraParams=%7B%22display_model_id%22%3A306147486842%2C%22model_selection_logic%22%3A3%7D&sp_atk=5904bc6f-df49-4af2-8790-9b0a384d5a13&xptdk=5904bc6f-df49-4af2-8790-9b0a384d5a13,,
https://down-id.img.susercontent.com/file/id-11134207-81ztk-metiygettwqqf4,https://down-id.img.susercontent.com/file/id-11134258-8224v-mkvw0cu9r7k1a5,Xiaomi Redmi 15 8GB 128GB 256GB 7000mAh 50MP Camera Chipset Snapdragon 685 Hp Storage luas,https://deo.shopeemobile.com/shopee/modules-federation/live/0/shopee__item-card-standard-v2/0.2.8/pc/7c9110f78e069acbced7.png,Rp,2.659.000,,https://deo.shopeemobile.com/shopee/modules-federation/live/0/shopee__item-card-standard-v2/0.2.8/pc/d7099d3fd1dfdaf705ab.svg,5.0,14 Terjual,https://deo.shopeemobile.com/shopee/modules-federation/live/0/shopee__item-card-standard-v2/0.2.8/pc/38e203dc86172a6c6560.svg,https://deo.shopeemobile.com/shopee/modules-federation/live/0/shopee__item-card-standard-v2/0.2.8/pc/0614b8f0a8fdde22942d.svg,< 2 Hari,https://deo.shopeemobile.com/shopee/modules-federation/live/0/shopee__item-card-standard-v2/0.2.8/pc/5dd7b4560d0e2d3190e8.svg,Malang,,,,"Xiaomi Redmi 15 8GB 128GB 256GB 7000mAh 50MP Camera Chipset Snapdragon 685 Hp Storage luas
Rp
2.659.000
5.0
14 Terjual
< 2 Hari
Malang",https://shopee.co.id/Xiaomi-Redmi-15-8GB-128GB-256GB-7000mAh-50MP-Camera-Chipset-Snapdragon-685-Hp-Storage-luas-i.26681244.40669922471?extraParams=%7B%22display_model_id%22%3A266629231990%2C%22model_selection_logic%22%3A3%7D&sp_atk=b1c94a2f-1649-4cbf-9fc4-d01bb3288afe&xptdk=b1c94a2f-1649-4cbf-9fc4-d01bb3288afe,,
https://down-id.img.susercontent.com/file/id-11134207-81ztc-mel0y36a4idi98,https://down-id.img.susercontent.com/file/id-11134258-8224v-mkvw0cu9r7k1a5,XIAOMI POCO C85 6/128 &  8/256 GB GARANSI RESMI,https://deo.shopeemobile.com/shopee/modules-federation/live/0/shopee__item-card-standard-v2/0.2.8/pc/e4734dab67ee2f9ebd5a.png,Rp,2.249.000,,https://deo.shopeemobile.com/shopee/modules-federation/live/0/shopee__item-card-standard-v2/0.2.8/pc/d7099d3fd1dfdaf705ab.svg,4.9,207 Terjual,https://deo.shopeemobile.com/shopee/modules-federation/live/0/shopee__item-card-standard-v2/0.2.8/pc/76dff349290d20891fc1.svg,,,https://deo.shopeemobile.com/shopee/modules-federation/live/0/shopee__item-card-standard-v2/0.2.8/pc/5dd7b4560d0e2d3190e8.svg,Medan,,,,"XIAOMI POCO C85 6/128 & 8/256 GB GARANSI RESMI
Rp
2.249.000
4.9
207 Terjual
3 Hari
Medan",https://shopee.co.id/XIAOMI-POCO-C85-6-128-8-256-GB-GARANSI-RESMI-i.663719702.18882067262?extraParams=%7B%22display_model_id%22%3A301540848682%2C%22model_selection_logic%22%3A3%7D&sp_atk=b34e17c2-e8e7-4926-b489-8b351ad786ac&xptdk=b34e17c2-e8e7-4926-b489-8b351ad786ac,,
https://down-id.img.susercontent.com/file/id-11134207-8224s-mk20i3e4qg3q4a,https://down-id.img.susercontent.com/file/id-11134258-822ws-mnciva8io4qu2f,HP XIAOMI REDMI 15C 6/128 | 8/256 NFC GARANSI RESMI XIAOMI INDONESIA,https://deo.shopeemobile.com/shopee/modules-federation/live/0/shopee__item-card-standard-v2/0.2.8/pc/e4734dab67ee2f9ebd5a.png,Rp,2.299.000,https://deo.shopeemobile.com/shopee/modules-federation/live/0/shopee__item-card-standard-v2/0.2.8/pc/d2a1900a0267d45fd0f5.png,https://deo.shopeemobile.com/shopee/modules-federation/live/0/shopee__item-card-standard-v2/0.2.8/pc/d7099d3fd1dfdaf705ab.svg,4.8,22 Terjual,https://deo.shopeemobile.com/shopee/modules-federation/live/0/shopee__item-card-standard-v2/0.2.8/pc/76dff349290d20891fc1.svg,,,https://deo.shopeemobile.com/shopee/modules-federation/live/0/shopee__item-card-standard-v2/0.2.8/pc/5dd7b4560d0e2d3190e8.svg,Makassar,,,,"HP XIAOMI REDMI 15C 6/128 | 8/256 NFC GARANSI RESMI XIAOMI INDONESIA
Rp
2.299.000
4.8
22 Terjual
3 Hari
Makassar",https://shopee.co.id/HP-XIAOMI-REDMI-15C-6-128-8-256-NFC-GARANSI-RESMI-XIAOMI-INDONESIA-i.720430608.48205532434?extraParams=%7B%22display_model_id%22%3A340500498329%2C%22model_selection_logic%22%3A3%7D&sp_atk=8306c8d6-83fd-479a-b972-76f7bbc78860&xptdk=8306c8d6-83fd-479a-b972-76f7bbc78860,,
https://down-id.img.susercontent.com/file/id-11134207-81ztk-mev2wn63jfgh6d,https://down-id.img.susercontent.com/file/id-11134258-822wr-mlx5y0tebegw04,Xiaomi Redmi 15 LTE [8/128GB] [8/256GB] - Garansi XIAOMI Indonesia,https://deo.shopeemobile.com/shopee/modules-federation/live/0/shopee__item-card-standard-v2/0.2.8/pc/e4734dab67ee2f9ebd5a.png,Rp,2.675.000,,https://deo.shopeemobile.com/shopee/modules-federation/live/0/shopee__item-card-standard-v2/0.2.8/pc/d7099d3fd1dfdaf705ab.svg,5.0,26 Terjual,https://deo.shopeemobile.com/shopee/modules-federation/live/0/shopee__item-card-standard-v2/0.2.8/pc/38e203dc86172a6c6560.svg,https://deo.shopeemobile.com/shopee/modules-federation/live/0/shopee__item-card-standard-v2/0.2.8/pc/0614b8f0a8fdde22942d.svg,4 jam,https://deo.shopeemobile.com/shopee/modules-federation/live/0/shopee__item-card-standard-v2/0.2.8/pc/5dd7b4560d0e2d3190e8.svg,Surabaya,,,,"Xiaomi Redmi 15 LTE [8/128GB] [8/256GB] - Garansi XIAOMI Indonesia
Rp
2.675.000
5.0
26 Terjual
4 jam
Surabaya",https://shopee.co.id/Xiaomi-Redmi-15-LTE-8-128GB-8-256GB-Garansi-XIAOMI-Indonesia-i.30103636.41070280690?extraParams=%7B%22display_model_id%22%3A301655168300%2C%22model_selection_logic%22%3A3%7D&sp_atk=c19be14e-aece-4b25-bc1f-eec1375f9c67&xptdk=c19be14e-aece-4b25-bc1f-eec1375f9c67,,
https://down-id.img.susercontent.com/file/id-11134207-7rase-m5idomnw13bq4c,https://down-id.img.susercontent.com/file/id-11134258-8224v-mkvw0cu9r7k1a5,Xiaomi Redmi Note 14 5g Ram 12/512gb Garansi Resmi,https://deo.shopeemobile.com/shopee/modules-federation/live/0/shopee__item-card-standard-v2/0.2.8/pc/e4734dab67ee2f9ebd5a.png,Rp,3.775.000,,https://deo.shopeemobile.com/shopee/modules-federation/live/0/shopee__item-card-standard-v2/0.2.8/pc/d7099d3fd1dfdaf705ab.svg,5.0,254 Terjual,https://deo.shopeemobile.com/shopee/modules-federation/live/0/shopee__item-card-standard-v2/0.2.8/pc/76dff349290d20891fc1.svg,,,https://deo.shopeemobile.com/shopee/modules-federation/live/0/shopee__item-card-standard-v2/0.2.8/pc/5dd7b4560d0e2d3190e8.svg,Kediri,,,,"Xiaomi Redmi Note 14 5g Ram 12/512gb Garansi Resmi
Rp
3.775.000
5.0
254 Terjual
2-4 Hari
Kediri",https://shopee.co.id/Xiaomi-Redmi-Note-14-5g-Ram-12-512gb-Garansi-Resmi-i.45658405.24090874802?extraParams=%7B%22display_model_id%22%3A218181998013%2C%22model_selection_logic%22%3A3%7D&sp_atk=e05bfb88-8a71-453b-8128-87bdc7312760&xptdk=e05bfb88-8a71-453b-8128-87bdc7312760,,
https://down-id.img.susercontent.com/file/id-11134207-81ztn-metj8pn18kqo09,https://down-id.img.susercontent.com/file/id-11134258-822ws-mnciva8io4qu2f,Xiaomi Redmi 15 8/128 8/256 7000mAH Refresh Rate 144hz Snapdragon 685 - Garansi 15 Bulan,https://deo.shopeemobile.com/shopee/modules-federation/live/0/shopee__item-card-standard-v2/0.2.8/pc/7c9110f78e069acbced7.png,Rp,2.663.000,https://deo.shopeemobile.com/shopee/modules-federation/live/0/shopee__item-card-standard-v2/0.2.8/pc/d2a1900a0267d45fd0f5.png,https://deo.shopeemobile.com/shopee/modules-federation/live/0/shopee__item-card-standard-v2/0.2.8/pc/d7099d3fd1dfdaf705ab.svg,5.0,727 Terjual,https://deo.shopeemobile.com/shopee/modules-federation/live/0/shopee__item-card-standard-v2/0.2.8/pc/38e203dc86172a6c6560.svg,https://deo.shopeemobile.com/shopee/modules-federation/live/0/shopee__item-card-standard-v2/0.2.8/pc/0614b8f0a8fdde22942d.svg,< 2 Hari,https://deo.shopeemobile.com/shopee/modules-federation/live/0/shopee__item-card-standard-v2/0.2.8/pc/5dd7b4560d0e2d3190e8.svg,Surabaya,,,,"Xiaomi Redmi 15 8/128 8/256 7000mAH Refresh Rate 144hz Snapdragon 685 - Garansi 15 Bulan
Rp
2.663.000
5.0
727 Terjual
< 2 Hari
Surabaya",https://shopee.co.id/Xiaomi-Redmi-15-8-128-8-256-7000mAH-Refresh-Rate-144hz-Snapdragon-685-Garansi-15-Bulan-i.1102849498.41001946566?extraParams=%7B%22display_model_id%22%3A280158233052%2C%22model_selection_logic%22%3A3%7D&sp_atk=bb6cb6fd-8514-4152-8d7e-8a51ef53009b&xptdk=bb6cb6fd-8514-4152-8d7e-8a51ef53009b,,
https://down-id.img.susercontent.com/file/id-11134207-81ztm-mett1kjscah0af,https://down-id.img.susercontent.com/file/id-11134258-7r98w-lyezzaurybot13,"Xiaomi Redmi 15 8/128GB | 8/256GB Baterai besar 7000mAh Layar 6.9"" NFC - Garansi Resmi 15 Bulan",https://deo.shopeemobile.com/shopee/modules-federation/live/0/shopee__item-card-standard-v2/0.2.8/pc/7c9110f78e069acbced7.png,Rp,2.567.000,https://deo.shopeemobile.com/shopee/modules-federation/live/0/shopee__item-card-standard-v2/0.2.8/pc/d2a1900a0267d45fd0f5.png,https://deo.shopeemobile.com/shopee/modules-federation/live/0/shopee__item-card-standard-v2/0.2.8/pc/d7099d3fd1dfdaf705ab.svg,4.9,173 Terjual,https://deo.shopeemobile.com/shopee/modules-federation/live/0/shopee__item-card-standard-v2/0.2.8/pc/38e203dc86172a6c6560.svg,https://deo.shopeemobile.com/shopee/modules-federation/live/0/shopee__item-card-standard-v2/0.2.8/pc/0614b8f0a8fdde22942d.svg,Besok,https://deo.shopeemobile.com/shopee/modules-federation/live/0/shopee__item-card-standard-v2/0.2.8/pc/5dd7b4560d0e2d3190e8.svg,Surabaya,,,,"Xiaomi Redmi 15 8/128GB | 8/256GB Baterai besar 7000mAh Layar 6.9"" NFC - Garansi Resmi 15 Bulan
Rp
2.567.000
4.9
173 Terjual
Besok
Surabaya",https://shopee.co.id/Xiaomi-Redmi-15-8-128GB-8-256GB-Baterai-besar-7000mAh-Layar-6.9-NFC-Garansi-Resmi-15-Bulan-i.1111346496.40420005082?extraParams=%7B%22display_model_id%22%3A271634658136%2C%22model_selection_logic%22%3A3%7D&sp_atk=d2ea3269-66a6-4aa1-a1d3-70e700d6d00c&xptdk=d2ea3269-66a6-4aa1-a1d3-70e700d6d00c,,
https://down-id.img.susercontent.com/file/id-11134207-7ra0r-mdo6699ol8cs84,https://down-id.img.susercontent.com/file/id-11134258-822ws-mnciva8io4qu2f,Xiaomi Redmi 15C 6/128GB | 8/256GB  - Garansi Resmi,https://deo.shopeemobile.com/shopee/modules-federation/live/0/shopee__item-card-standard-v2/0.2.8/pc/7c9110f78e069acbced7.png,Rp,2.201.000,https://deo.shopeemobile.com/shopee/modules-federation/live/0/shopee__item-card-standard-v2/0.2.8/pc/d2a1900a0267d45fd0f5.png,https://deo.shopeemobile.com/shopee/modules-federation/live/0/shopee__item-card-standard-v2/0.2.8/pc/d7099d3fd1dfdaf705ab.svg,4.9,2RB+ Terjual,https://deo.shopeemobile.com/shopee/modules-federation/live/0/shopee__item-card-standard-v2/0.2.8/pc/38e203dc86172a6c6560.svg,https://deo.shopeemobile.com/shopee/modules-federation/live/0/shopee__item-card-standard-v2/0.2.8/pc/0614b8f0a8fdde22942d.svg,Besok,https://deo.shopeemobile.com/shopee/modules-federation/live/0/shopee__item-card-standard-v2/0.2.8/pc/5dd7b4560d0e2d3190e8.svg,Surabaya,,,,"Xiaomi Redmi 15C 6/128GB | 8/256GB - Garansi Resmi
Rp
2.201.000
4.9
2RB+ Terjual
Besok
Surabaya",https://shopee.co.id/Xiaomi-Redmi-15C-6-128GB-8-256GB-Garansi-Resmi-i.308460192.27562317855?extraParams=%7B%22display_model_id%22%3A306213393287%2C%22model_selection_logic%22%3A3%7D&sp_atk=bc139eaf-d623-43b7-b224-d4c75ea5db54&xptdk=bc139eaf-d623-43b7-b224-d4c75ea5db54,,
https://down-id.img.susercontent.com/file/id-11134207-7ra0q-mdpucfte9efs93,https://down-id.img.susercontent.com/file/id-11134258-8224v-mkvw0cu9r7k1a5,"HP Xiaomi REDMI 15C 8/256GB, REDMI 15C 8/128GB(Garansi Resmi XIAOMI 1 TAHUN)",https://deo.shopeemobile.com/shopee/modules-federation/live/0/shopee__item-card-standard-v2/0.2.8/pc/a425c915798471b33e5d.png,Rp,3.000.000,,https://deo.shopeemobile.com/shopee/modules-federation/live/0/shopee__item-card-standard-v2/0.2.8/pc/d7099d3fd1dfdaf705ab.svg,4.9,741 Terjual,https://deo.shopeemobile.com/shopee/modules-federation/live/0/shopee__item-card-standard-v2/0.2.8/pc/38e203dc86172a6c6560.svg,https://deo.shopeemobile.com/shopee/modules-federation/live/0/shopee__item-card-standard-v2/0.2.8/pc/0614b8f0a8fdde22942d.svg,< 2 Hari,https://deo.shopeemobile.com/shopee/modules-federation/live/0/shopee__item-card-standard-v2/0.2.8/pc/5dd7b4560d0e2d3190e8.svg,Surabaya,,,,"HP Xiaomi REDMI 15C 8/256GB, REDMI 15C 8/128GB(Garansi Resmi XIAOMI 1 TAHUN)
Rp
3.000.000
4.9
741 Terjual
< 2 Hari
Surabaya",https://shopee.co.id/HP-Xiaomi-REDMI-15C-8-256GB-REDMI-15C-8-128GB(Garansi-Resmi-XIAOMI-1-TAHUN)-i.457871974.14415291650?extraParams=%7B%22display_model_id%22%3A248779451152%2C%22model_selection_logic%22%3A3%7D&sp_atk=c5fdc5a4-a842-4bf5-beff-b6eeecaf690a&xptdk=c5fdc5a4-a842-4bf5-beff-b6eeecaf690a,,
https://down-id.img.susercontent.com/file/id-11134207-7rbk1-mafnvf61xhvcf0,https://down-id.img.susercontent.com/file/id-11134258-8224v-mkvw0cu9r7k1a5,Xiaomi Pocophone C71 4/128GB 6.88 Inch Garansi Resmi,https://deo.shopeemobile.com/shopee/modules-federation/live/0/shopee__item-card-standard-v2/0.2.8/pc/e4734dab67ee2f9ebd5a.png,Rp,1.729.000,,https://deo.shopeemobile.com/shopee/modules-federation/live/0/shopee__item-card-standard-v2/0.2.8/pc/d7099d3fd1dfdaf705ab.svg,4.9,119 Terjual,https://deo.shopeemobile.com/shopee/modules-federation/live/0/shopee__item-card-standard-v2/0.2.8/pc/76dff349290d20891fc1.svg,,,https://deo.shopeemobile.com/shopee/modules-federation/live/0/shopee__item-card-standard-v2/0.2.8/pc/5dd7b4560d0e2d3190e8.svg,Balikpapan,,,,"Xiaomi Pocophone C71 4/128GB 6.88 Inch Garansi Resmi
Rp
1.729.000
4.9
119 Terjual
2-5 Hari
Balikpapan",https://shopee.co.id/Xiaomi-Pocophone-C71-4-128GB-6.88-Inch-Garansi-Resmi-i.147421658.44002823366?extraParams=%7B%22display_model_id%22%3A275232136288%2C%22model_selection_logic%22%3A3%7D&sp_atk=fef353e9-7fc1-4ce4-95a7-58b3d93665a8&xptdk=fef353e9-7fc1-4ce4-95a7-58b3d93665a8,,
https://down-id.img.susercontent.com/file/id-11134207-822wh-mln2d9ktzb4f0b,https://down-id.img.susercontent.com/file/id-11134258-822ws-mnciva8io4qu2f,[ READY ] Xiaomi Redmi Note 15 PRO 5G 12/512GB | GARANSI RESMI XIAOMI INDNOESIA | BNIB,https://deo.shopeemobile.com/shopee/modules-federation/live/0/shopee__item-card-standard-v2/0.2.8/pc/e4734dab67ee2f9ebd5a.png,Rp,3.049.000,https://deo.shopeemobile.com/shopee/modules-federation/live/0/shopee__item-card-standard-v2/0.2.8/pc/d2a1900a0267d45fd0f5.png,https://deo.shopeemobile.com/shopee/modules-federation/live/0/shopee__item-card-standard-v2/0.2.8/pc/d7099d3fd1dfdaf705ab.svg,4.9,571 Terjual,https://deo.shopeemobile.com/shopee/modules-federation/live/0/shopee__item-card-standard-v2/0.2.8/pc/76dff349290d20891fc1.svg,,,https://deo.shopeemobile.com/shopee/modules-federation/live/0/shopee__item-card-standard-v2/0.2.8/pc/5dd7b4560d0e2d3190e8.svg,Depok,,,,"[ READY ] Xiaomi Redmi Note 15 PRO 5G 12/512GB | GARANSI RESMI XIAOMI INDNOESIA | BNIB
Rp
3.049.000
4.9
571 Terjual
2-3 Hari
Depok",https://shopee.co.id/-READY-Xiaomi-Redmi-Note-15-PRO-5G-12-512GB-GARANSI-RESMI-XIAOMI-INDNOESIA-BNIB-i.331211968.28574742739?extraParams=%7B%22display_model_id%22%3A415625437777%2C%22model_selection_logic%22%3A3%7D&sp_atk=61c05c50-cc84-4645-8d4e-1e385c06b711&xptdk=61c05c50-cc84-4645-8d4e-1e385c06b711,,
https://down-id.img.susercontent.com/file/id-11134207-7ra0g-mdipxtxfu2lwb4,https://down-id.img.susercontent.com/file/id-11134258-8224v-mkvw0cu9r7k1a5,Xiaomi Redmi 15C 6/128GB | 8/256GB - Garansi Indonesia,https://deo.shopeemobile.com/shopee/modules-federation/live/0/shopee__item-card-standard-v2/0.2.8/pc/7c9110f78e069acbced7.png,Rp,2.104.000,,https://deo.shopeemobile.com/shopee/modules-federation/live/0/shopee__item-card-standard-v2/0.2.8/pc/d7099d3fd1dfdaf705ab.svg,4.9,827 Terjual,https://deo.shopeemobile.com/shopee/modules-federation/live/0/shopee__item-card-standard-v2/0.2.8/pc/76dff349290d20891fc1.svg,,,https://deo.shopeemobile.com/shopee/modules-federation/live/0/shopee__item-card-standard-v2/0.2.8/pc/5dd7b4560d0e2d3190e8.svg,Jakarta Pusat,,-30%,https://deo.shopeemobile.com/shopee/modules-federation/live/0/shopee__item-card-standard-v2/0.2.8/pc/b4d1b8a78b3621dbdf4a.svg,"Xiaomi Redmi 15C 6/128GB | 8/256GB - Garansi Indonesia
Rp
2.104.000
-30%
4.9
827 Terjual
3 Hari
Jakarta Pusat",https://shopee.co.id/Xiaomi-Redmi-15C-6-128GB-8-256GB-Garansi-Indonesia-i.27662413.27890073263?extraParams=%7B%22display_model_id%22%3A281131067451%2C%22model_selection_logic%22%3A3%7D&sp_atk=f097ea2a-5a39-4660-921a-ff255aa2918d&xptdk=f097ea2a-5a39-4660-921a-ff255aa2918d,,
https://down-id.img.susercontent.com/file/id-11134207-7ra0p-mdiid6itlz5b23,https://down-id.img.susercontent.com/file/id-11134258-822ws-mnciva8io4qu2f,Xiaomi Redmi 15C 6gb/8gb 128gb/256gb GARANSI RESMI Battery 6000 mAh Android 15,https://deo.shopeemobile.com/shopee/modules-federation/live/0/shopee__item-card-standard-v2/0.2.8/pc/a425c915798471b33e5d.png,Rp,2.199.000,https://deo.shopeemobile.com/shopee/modules-federation/live/0/shopee__item-card-standard-v2/0.2.8/pc/d2a1900a0267d45fd0f5.png,https://deo.shopeemobile.com/shopee/modules-federation/live/0/shopee__item-card-standard-v2/0.2.8/pc/d7099d3fd1dfdaf705ab.svg,5.0,170 Terjual,https://deo.shopeemobile.com/shopee/modules-federation/live/0/shopee__item-card-standard-v2/0.2.8/pc/76dff349290d20891fc1.svg,,,https://deo.shopeemobile.com/shopee/modules-federation/live/0/shopee__item-card-standard-v2/0.2.8/pc/5dd7b4560d0e2d3190e8.svg,Jakarta Selatan,,,,"Xiaomi Redmi 15C 6gb/8gb 128gb/256gb GARANSI RESMI Battery 6000 mAh Android 15
Rp
2.199.000
5.0
170 Terjual
2-3 Hari
Jakarta Selatan",https://shopee.co.id/Xiaomi-Redmi-15C-6gb-8gb-128gb-256gb-GARANSI-RESMI-Battery-6000-mAh-Android-15-i.1532873724.42563658174?extraParams=%7B%22display_model_id%22%3A261273183427%2C%22model_selection_logic%22%3A3%7D&sp_atk=f9c91914-a78e-4f33-8821-57bba5f54c35&xptdk=f9c91914-a78e-4f33-8821-57bba5f54c35,,
https://down-id.img.susercontent.com/file/id-11134207-7rbk1-mambd3a47xko44,https://down-id.img.susercontent.com/file/id-11134258-7r98w-lyezzaurybot13,"Xiaomi Poco C71 Layar 6,88"" 4GB+128GB - Garansi Resmi 1 Tahun",https://deo.shopeemobile.com/shopee/modules-federation/live/0/shopee__item-card-standard-v2/0.2.8/pc/7c9110f78e069acbced7.png,Rp,1.649.000,,https://deo.shopeemobile.com/shopee/modules-federation/live/0/shopee__item-card-standard-v2/0.2.8/pc/d7099d3fd1dfdaf705ab.svg,4.9,693 Terjual,https://deo.shopeemobile.com/shopee/modules-federation/live/0/shopee__item-card-standard-v2/0.2.8/pc/76dff349290d20891fc1.svg,,,https://deo.shopeemobile.com/shopee/modules-federation/live/0/shopee__item-card-standard-v2/0.2.8/pc/5dd7b4560d0e2d3190e8.svg,Jakarta Utara,,,,"Xiaomi Poco C71 Layar 6,88"" 4GB+128GB - Garansi Resmi 1 Tahun
Rp
1.649.000
4.9
693 Terjual
3-6 Hari
Jakarta Utara",https://shopee.co.id/Xiaomi-Poco-C71-Layar-6-88-4GB-128GB-Garansi-Resmi-1-Tahun-i.316930488.43703279809?extraParams=%7B%22display_model_id%22%3A224273044088%2C%22model_selection_logic%22%3A3%7D&sp_atk=821140b3-5875-4ae8-b6e9-5da18308274e&xptdk=821140b3-5875-4ae8-b6e9-5da18308274e,,
https://down-id.img.susercontent.com/file/id-11134207-822wh-mmsjhty3lg5hd2,,Xiaomi 17 (12GB/256GB) (12GB/512GB) Lensa Optik Leica Summilux | Sensor Light Fusion 950 dengan Dynamic Range Tinggi | Baterai Xiaomi Surge 6330mAh (typ) | Platform Mobile Snapdragon® 8 Elite Gen 5 | Xiaomi HyperAI [Xiaomi Official Store],https://deo.shopeemobile.com/shopee/modules-federation/live/0/shopee__item-card-standard-v2/0.2.8/pc/7c9110f78e069acbced7.png,Rp,14.999.000,https://deo.shopeemobile.com/shopee/modules-federation/live/0/shopee__item-card-standard-v2/0.2.8/pc/d2a1900a0267d45fd0f5.png,https://deo.shopeemobile.com/shopee/modules-federation/live/0/shopee__item-card-standard-v2/0.2.8/pc/d7099d3fd1dfdaf705ab.svg,4.9,146 Terjual,https://deo.shopeemobile.com/shopee/modules-federation/live/0/shopee__item-card-standard-v2/0.2.8/pc/76dff349290d20891fc1.svg,,,https://deo.shopeemobile.com/shopee/modules-federation/live/0/shopee__item-card-standard-v2/0.2.8/pc/5dd7b4560d0e2d3190e8.svg,Kab. Tangerang,Kombo Hemat,,,"Xiaomi 17 (12GB/256GB) (12GB/512GB) Lensa Optik Leica Summilux | Sensor Light Fusion 950 dengan Dynamic Range Tinggi | Baterai Xiaomi Surge 6330mAh (typ) | Platform Mobile Snapdragon® 8 Elite Gen 5 | Xiaomi HyperAI [Xiaomi Official Store]
Rp
14.999.000
Kombo Hemat
4.9
146 Terjual
3-4 Hari
Kab. Tangerang",https://shopee.co.id/Xiaomi-17-(12GB-256GB)-(12GB-512GB)-Lensa-Optik-Leica-Summilux-Sensor-Light-Fusion-950-dengan-Dynamic-Range-Tinggi-Baterai-Xiaomi-Surge-6330mAh-(typ)-Platform-Mobile-Snapdragon%C2%AE-8-Elite-Gen-5-Xiaomi-HyperAI-Xiaomi-Official-Store--i.51925611.49906131965?extraParams=%7B%22display_model_id%22%3A302405236224%2C%22model_selection_logic%22%3A3%7D&sp_atk=801dc57f-2d2b-4bb5-ba9f-c98ca4170567&xptdk=801dc57f-2d2b-4bb5-ba9f-c98ca4170567,,
https://down-id.img.susercontent.com/file/id-11134207-822wl-mlhhixwb02ki30,https://down-id.img.susercontent.com/file/id-11134258-822ws-mnciva8io4qu2f,[FREE CHARGER] HANDPHONE XIAOMI REDMI A5 4GB 128GB,,Rp,1.595.000,https://deo.shopeemobile.com/shopee/modules-federation/live/0/shopee__item-card-standard-v2/0.2.8/pc/d2a1900a0267d45fd0f5.png,https://deo.shopeemobile.com/shopee/modules-federation/live/0/shopee__item-card-standard-v2/0.2.8/pc/d7099d3fd1dfdaf705ab.svg,5.0,21 Terjual,https://deo.shopeemobile.com/shopee/modules-federation/live/0/shopee__item-card-standard-v2/0.2.8/pc/38e203dc86172a6c6560.svg,https://deo.shopeemobile.com/shopee/modules-federation/live/0/shopee__item-card-standard-v2/0.2.8/pc/0614b8f0a8fdde22942d.svg,2 jam,https://deo.shopeemobile.com/shopee/modules-federation/live/0/shopee__item-card-standard-v2/0.2.8/pc/5dd7b4560d0e2d3190e8.svg,Surabaya,,,,"[FREE CHARGER] HANDPHONE XIAOMI REDMI A5 4GB 128GB
Rp
1.595.000
5.0
21 Terjual
2 jam
Surabaya",https://shopee.co.id/-FREE-CHARGER-HANDPHONE-XIAOMI-REDMI-A5-4GB-128GB-i.1471988966.51656860895?extraParams=%7B%22display_model_id%22%3A310613739609%2C%22model_selection_logic%22%3A3%7D&sp_atk=bbfb79cd-b55d-41c9-8aa3-c1b213cb178a&xptdk=bbfb79cd-b55d-41c9-8aa3-c1b213cb178a,,
https://down-id.img.susercontent.com/file/id-11134207-7rbk7-mavtxvo8vhcp55,https://down-id.img.susercontent.com/file/id-11134258-822ws-mnciva8io4qu2f,Xiaomi Redmi A5 [4+128 GB] Garansi Resmi 15 Bulan,https://deo.shopeemobile.com/shopee/modules-federation/live/0/shopee__item-card-standard-v2/0.2.8/pc/e4734dab67ee2f9ebd5a.png,Rp,1.700.000,,https://deo.shopeemobile.com/shopee/modules-federation/live/0/shopee__item-card-standard-v2/0.2.8/pc/d7099d3fd1dfdaf705ab.svg,4.9,264 Terjual,https://deo.shopeemobile.com/shopee/modules-federation/live/0/shopee__item-card-standard-v2/0.2.8/pc/76dff349290d20891fc1.svg,,,https://deo.shopeemobile.com/shopee/modules-federation/live/0/shopee__item-card-standard-v2/0.2.8/pc/5dd7b4560d0e2d3190e8.svg,Kab. Madiun,,,,"Xiaomi Redmi A5 [4+128 GB] Garansi Resmi 15 Bulan
Rp
1.700.000
4.9
264 Terjual
3 Hari
Kab. Madiun",https://shopee.co.id/Xiaomi-Redmi-A5-4-128-GB-Garansi-Resmi-15-Bulan-i.1383028744.40504249652?extraParams=%7B%22display_model_id%22%3A237873698691%2C%22model_selection_logic%22%3A3%7D&sp_atk=3a25b550-35ad-4e27-9f31-deeb9ed03179&xptdk=3a25b550-35ad-4e27-9f31-deeb9ed03179,,
https://down-id.img.susercontent.com/file/id-11134207-822wh-mmujbmqh6eio46,https://down-id.img.susercontent.com/file/id-11134258-8224v-mkvw0cu9r7k1a5,Xiaomi Redmi 15 8/128 8/256 8/128GB 8/256GB 8GB 128GB 256GB Garansi Resmi Original,https://deo.shopeemobile.com/shopee/modules-federation/live/0/shopee__item-card-standard-v2/0.2.8/pc/e4734dab67ee2f9ebd5a.png,Rp,2.669.000,,https://deo.shopeemobile.com/shopee/modules-federation/live/0/shopee__item-card-standard-v2/0.2.8/pc/d7099d3fd1dfdaf705ab.svg,5.0,254 Terjual,https://deo.shopeemobile.com/shopee/modules-federation/live/0/shopee__item-card-standard-v2/0.2.8/pc/76dff349290d20891fc1.svg,,,https://deo.shopeemobile.com/shopee/modules-federation/live/0/shopee__item-card-standard-v2/0.2.8/pc/5dd7b4560d0e2d3190e8.svg,Denpasar,,,,"Xiaomi Redmi 15 8/128 8/256 8/128GB 8/256GB 8GB 128GB 256GB Garansi Resmi Original
Rp
2.669.000
5.0
254 Terjual
3-4 Hari
Denpasar",https://shopee.co.id/Xiaomi-Redmi-15-8-128-8-256-8-128GB-8-256GB-8GB-128GB-256GB-Garansi-Resmi-Original-i.25468108.27167343059?extraParams=%7B%22display_model_id%22%3A365731716361%2C%22model_selection_logic%22%3A3%7D&sp_atk=b28ae06b-be88-42d6-8642-064b40ae75fa&xptdk=b28ae06b-be88-42d6-8642-064b40ae75fa,,
https://down-id.img.susercontent.com/file/id-11134207-8224x-mgueg8rba9zg51,https://down-id.img.susercontent.com/file/id-11134258-8224v-mkvw0cu9r7k1a5,Xiaomi Redmi 15 8/128 8/256 Garansi Resmi Xiaomi Indonesia,https://deo.shopeemobile.com/shopee/modules-federation/live/0/shopee__item-card-standard-v2/0.2.8/pc/7c9110f78e069acbced7.png,Rp,2.669.000,,https://deo.shopeemobile.com/shopee/modules-federation/live/0/shopee__item-card-standard-v2/0.2.8/pc/d7099d3fd1dfdaf705ab.svg,4.9,1RB+ Terjual,https://deo.shopeemobile.com/shopee/modules-federation/live/0/shopee__item-card-standard-v2/0.2.8/pc/76dff349290d20891fc1.svg,,,https://deo.shopeemobile.com/shopee/modules-federation/live/0/shopee__item-card-standard-v2/0.2.8/pc/5dd7b4560d0e2d3190e8.svg,Jakarta Pusat,,-5%,,"Xiaomi Redmi 15 8/128 8/256 Garansi Resmi Xiaomi Indonesia
Rp
2.669.000
-5%
4.9
1RB+ Terjual
3 Hari
Jakarta Pusat",https://shopee.co.id/Xiaomi-Redmi-15-8-128-8-256-Garansi-Resmi-Xiaomi-Indonesia-i.24888987.29702127542?extraParams=%7B%22display_model_id%22%3A296733743341%2C%22model_selection_logic%22%3A3%7D&sp_atk=e443cdbf-bb83-4329-93e4-9a401b500e9d&xptdk=e443cdbf-bb83-4329-93e4-9a401b500e9d,,
https://down-id.img.susercontent.com/file/id-11134207-822wq-mmvmfhwo6hvo28,https://down-id.img.susercontent.com/file/id-11134258-822ws-mnciva8io4qu2f,"[New Flagship] Xiaomi Redmi 15 8GB 128GB |  8GB 256GB | 6.9"" IPS LCD, 144Hz | 7000 mAh | Resmi Indonesia",https://deo.shopeemobile.com/shopee/modules-federation/live/0/shopee__item-card-standard-v2/0.2.8/pc/7c9110f78e069acbced7.png,Rp,2.594.000,,https://deo.shopeemobile.com/shopee/modules-federation/live/0/shopee__item-card-standard-v2/0.2.8/pc/d7099d3fd1dfdaf705ab.svg,4.9,1RB+ Terjual,https://deo.shopeemobile.com/shopee/modules-federation/live/0/shopee__item-card-standard-v2/0.2.8/pc/76dff349290d20891fc1.svg,,,https://deo.shopeemobile.com/shopee/modules-federation/live/0/shopee__item-card-standard-v2/0.2.8/pc/5dd7b4560d0e2d3190e8.svg,Jakarta Utara,,-21%,https://deo.shopeemobile.com/shopee/modules-federation/live/0/shopee__item-card-standard-v2/0.2.8/pc/b4d1b8a78b3621dbdf4a.svg,"[New Flagship] Xiaomi Redmi 15 8GB 128GB | 8GB 256GB | 6.9"" IPS LCD, 144Hz | 7000 mAh | Resmi Indonesia
Rp
2.594.000
-21%
4.9
1RB+ Terjual
3 Hari
Jakarta Utara",https://shopee.co.id/-New-Flagship-Xiaomi-Redmi-15-8GB-128GB-8GB-256GB-6.9-IPS-LCD-144Hz-7000-mAh-Resmi-Indonesia-i.1105655476.24089561841?extraParams=%7B%22display_model_id%22%3A69500051731%2C%22model_selection_logic%22%3A3%7D&sp_atk=492f4f28-98dd-48df-8189-45487ce6f1c4&xptdk=492f4f28-98dd-48df-8189-45487ce6f1c4,,
https://down-id.img.susercontent.com/file/id-11134207-81zto-mf9g05fwl05rf1,https://down-id.img.susercontent.com/file/id-11134258-8224v-mkvw0cu9r7k1a5,Xiaomi Redmi 15C 6GB/128GB I 8GB/256GB Garansi Resmi Xiaomi Indonesia,https://deo.shopeemobile.com/shopee/modules-federation/live/0/shopee__item-card-standard-v2/0.2.8/pc/7c9110f78e069acbced7.png,Rp,2.139.000,,https://deo.shopeemobile.com/shopee/modules-federation/live/0/shopee__item-card-standard-v2/0.2.8/pc/d7099d3fd1dfdaf705ab.svg,4.9,2RB+ Terjual,https://deo.shopeemobile.com/shopee/modules-federation/live/0/shopee__item-card-standard-v2/0.2.8/pc/76dff349290d20891fc1.svg,,,https://deo.shopeemobile.com/shopee/modules-federation/live/0/shopee__item-card-standard-v2/0.2.8/pc/5dd7b4560d0e2d3190e8.svg,Jakarta Pusat,,-18%,,"Xiaomi Redmi 15C 6GB/128GB I 8GB/256GB Garansi Resmi Xiaomi Indonesia
Rp
2.139.000
-18%
4.9
2RB+ Terjual
3 Hari
Jakarta Pusat",https://shopee.co.id/Xiaomi-Redmi-15C-6GB-128GB-I-8GB-256GB-Garansi-Resmi-Xiaomi-Indonesia-i.1119892890.40974543340?extraParams=%7B%22display_model_id%22%3A301991107105%2C%22model_selection_logic%22%3A3%7D&sp_atk=1ca2b296-f870-443f-875c-f1fb6c85e6d0&xptdk=1ca2b296-f870-443f-875c-f1fb6c85e6d0,,
https://down-id.img.susercontent.com/file/sg-11134201-7rdwx-mdpo1ft4yq8lbf,https://down-id.img.susercontent.com/file/id-11134258-8224v-mkvw0cu9r7k1a5,Xiaomi Redmi 15C 6/128GB & 8/256GB [Garansi Resmi Xiaomi],https://deo.shopeemobile.com/shopee/modules-federation/live/0/shopee__item-card-standard-v2/0.2.8/pc/7c9110f78e069acbced7.png,Rp,2.321.000,,https://deo.shopeemobile.com/shopee/modules-federation/live/0/shopee__item-card-standard-v2/0.2.8/pc/d7099d3fd1dfdaf705ab.svg,5.0,,https://deo.shopeemobile.com/shopee/modules-federation/live/0/shopee__item-card-standard-v2/0.2.8/pc/38e203dc86172a6c6560.svg,https://deo.shopeemobile.com/shopee/modules-federation/live/0/shopee__item-card-standard-v2/0.2.8/pc/0614b8f0a8fdde22942d.svg,< 2 Hari,https://deo.shopeemobile.com/shopee/modules-federation/live/0/shopee__item-card-standard-v2/0.2.8/pc/5dd7b4560d0e2d3190e8.svg,Kab. Mojokerto,,,,"Xiaomi Redmi 15C 6/128GB & 8/256GB [Garansi Resmi Xiaomi]
Rp
2.321.000
5.0
694 Terjual
< 2 Hari
Kab. Mojokerto",https://shopee.co.id/Xiaomi-Redmi-15C-6-128GB-8-256GB-Garansi-Resmi-Xiaomi--i.136745204.43314457653?extraParams=%7B%22display_model_id%22%3A281192225357%2C%22model_selection_logic%22%3A3%7D&sp_atk=ad1652b4-b824-4435-83bf-1f4b9dea1352&xptdk=ad1652b4-b824-4435-83bf-1f4b9dea1352,694 Terjual,
https://down-id.img.susercontent.com/file/id-11134207-81ztj-mev02zsj0n4035,https://down-id.img.susercontent.com/file/id-11134258-8224v-mkvw0cu9r7k1a5,XIAOMI REDMI 15C 6GB/8GB 128GB/256GB 6.9'' IPS 120HZ GARANSI RESMI INDONESIA,https://deo.shopeemobile.com/shopee/modules-federation/live/0/shopee__item-card-standard-v2/0.2.8/pc/7c9110f78e069acbced7.png,Rp,2.199.000,,https://deo.shopeemobile.com/shopee/modules-federation/live/0/shopee__item-card-standard-v2/0.2.8/pc/d7099d3fd1dfdaf705ab.svg,5.0,,https://deo.shopeemobile.com/shopee/modules-federation/live/0/shopee__item-card-standard-v2/0.2.8/pc/76dff349290d20891fc1.svg,,,https://deo.shopeemobile.com/shopee/modules-federation/live/0/shopee__item-card-standard-v2/0.2.8/pc/5dd7b4560d0e2d3190e8.svg,Bandung,,,,"XIAOMI REDMI 15C 6GB/8GB 128GB/256GB 6.9'' IPS 120HZ GARANSI RESMI INDONESIA
Rp
2.199.000
5.0
538 Terjual
3 Hari
Bandung",https://shopee.co.id/XIAOMI-REDMI-15C-6GB-8GB-128GB-256GB-6.9''-IPS-120HZ-GARANSI-RESMI-INDONESIA-i.1031896757.43313668550?extraParams=%7B%22display_model_id%22%3A281130902603%2C%22model_selection_logic%22%3A3%7D&sp_atk=72e4f8e8-0b49-4ecc-a399-e93f68130020&xptdk=72e4f8e8-0b49-4ecc-a399-e93f68130020,538 Terjual,
https://down-id.img.susercontent.com/file/id-11134207-7ra0i-mdgyw1ubje6mc6,https://down-id.img.susercontent.com/file/id-11134258-822ws-mnciva8io4qu2f,Xiaomi Redmi 15C 6/128GB | 8/256GB - Garansi Indonesia,https://deo.shopeemobile.com/shopee/modules-federation/live/0/shopee__item-card-standard-v2/0.2.8/pc/7c9110f78e069acbced7.png,Rp,2.179.000,,https://deo.shopeemobile.com/shopee/modules-federation/live/0/shopee__item-card-standard-v2/0.2.8/pc/d7099d3fd1dfdaf705ab.svg,4.9,,https://deo.shopeemobile.com/shopee/modules-federation/live/0/shopee__item-card-standard-v2/0.2.8/pc/76dff349290d20891fc1.svg,,,https://deo.shopeemobile.com/shopee/modules-federation/live/0/shopee__item-card-standard-v2/0.2.8/pc/5dd7b4560d0e2d3190e8.svg,Jakarta Pusat,,-22%,https://deo.shopeemobile.com/shopee/modules-federation/live/0/shopee__item-card-standard-v2/0.2.8/pc/b4d1b8a78b3621dbdf4a.svg,"Xiaomi Redmi 15C 6/128GB | 8/256GB - Garansi Indonesia
Rp
2.179.000
-22%
4.9
2RB+ Terjual
3-4 Hari
Jakarta Pusat",https://shopee.co.id/Xiaomi-Redmi-15C-6-128GB-8-256GB-Garansi-Indonesia-i.1235323511.43813545104?extraParams=%7B%22display_model_id%22%3A266120798546%2C%22model_selection_logic%22%3A3%7D&sp_atk=5957f891-5d1f-40a0-8f52-d552db9f81da&xptdk=5957f891-5d1f-40a0-8f52-d552db9f81da,2RB+ Terjual,
https://down-id.img.susercontent.com/file/id-11134207-7rbk3-ma7t6ltlagm8c3,https://down-id.img.susercontent.com/file/id-11134258-8224v-mkvw0cu9r7k1a5,XIAOMI POCO C71 RAM 4/128 GB GARANSI RESMI TERMURAH,https://deo.shopeemobile.com/shopee/modules-federation/live/0/shopee__item-card-standard-v2/0.2.8/pc/e4734dab67ee2f9ebd5a.png,Rp,1.649.000,,https://deo.shopeemobile.com/shopee/modules-federation/live/0/shopee__item-card-standard-v2/0.2.8/pc/d7099d3fd1dfdaf705ab.svg,5.0,,https://deo.shopeemobile.com/shopee/modules-federation/live/0/shopee__item-card-standard-v2/0.2.8/pc/76dff349290d20891fc1.svg,,,https://deo.shopeemobile.com/shopee/modules-federation/live/0/shopee__item-card-standard-v2/0.2.8/pc/5dd7b4560d0e2d3190e8.svg,Kab. Sleman,Cicilan,,,"XIAOMI POCO C71 RAM 4/128 GB GARANSI RESMI TERMURAH
Rp
1.649.000
Cicilan
5.0
344 Terjual
2-3 Hari
Kab. Sleman",https://shopee.co.id/XIAOMI-POCO-C71-RAM-4-128-GB-GARANSI-RESMI-TERMURAH-i.147741086.5752567357?extraParams=%7B%22display_model_id%22%3A68599293726%2C%22model_selection_logic%22%3A3%7D&sp_atk=8dccd02d-1bc9-42b6-9b24-1ca335b99ffb&xptdk=8dccd02d-1bc9-42b6-9b24-1ca335b99ffb,344 Terjual,
https://down-id.img.susercontent.com/file/id-11134207-82251-mk3c8hjoq9s6d4,https://down-id.img.susercontent.com/file/id-11134258-8224v-mkvw0cu9r7k1a5,Xiaomi Redmi Note 15 8/128 8/256 GARANSI RESMI - Lucky Cell Ciracas Official,https://deo.shopeemobile.com/shopee/modules-federation/live/0/shopee__item-card-standard-v2/0.2.8/pc/e4734dab67ee2f9ebd5a.png,Rp,2.999.000,,https://deo.shopeemobile.com/shopee/modules-federation/live/0/shopee__item-card-standard-v2/0.2.8/pc/d7099d3fd1dfdaf705ab.svg,5.0,,https://deo.shopeemobile.com/shopee/modules-federation/live/0/shopee__item-card-standard-v2/0.2.8/pc/76dff349290d20891fc1.svg,,,https://deo.shopeemobile.com/shopee/modules-federation/live/0/shopee__item-card-standard-v2/0.2.8/pc/5dd7b4560d0e2d3190e8.svg,Jakarta Timur,,,,"Xiaomi Redmi Note 15 8/128 8/256 GARANSI RESMI - Lucky Cell Ciracas Official
Rp
2.999.000
5.0
154 Terjual
3 Hari
Jakarta Timur",https://shopee.co.id/Xiaomi-Redmi-Note-15-8-128-8-256-GARANSI-RESMI-Lucky-Cell-Ciracas-Official-i.1269808925.27774759907?extraParams=%7B%22display_model_id%22%3A205757672807%2C%22model_selection_logic%22%3A3%7D&sp_atk=e43ccfd7-8a89-44d4-b586-722937a27303&xptdk=e43ccfd7-8a89-44d4-b586-722937a27303,154 Terjual,
https://down-id.img.susercontent.com/file/id-11134207-7ra0h-mdmw2dyp1pua52,https://down-id.img.susercontent.com/file/id-11134258-8224v-mkvw0cu9r7k1a5,Xiaomi Redmi 15C 8/256 6/128 GB Helio G81 Ultra 50MP 120Hz Gorilla Glass 6000mAh Garansi Resmi,https://deo.shopeemobile.com/shopee/modules-federation/live/0/shopee__item-card-standard-v2/0.2.8/pc/e4734dab67ee2f9ebd5a.png,Rp,2.129.000,,https://deo.shopeemobile.com/shopee/modules-federation/live/0/shopee__item-card-standard-v2/0.2.8/pc/d7099d3fd1dfdaf705ab.svg,4.9,,https://deo.shopeemobile.com/shopee/modules-federation/live/0/shopee__item-card-standard-v2/0.2.8/pc/76dff349290d20891fc1.svg,,,https://deo.shopeemobile.com/shopee/modules-federation/live/0/shopee__item-card-standard-v2/0.2.8/pc/5dd7b4560d0e2d3190e8.svg,Kab. Sukoharjo,,,,"Xiaomi Redmi 15C 8/256 6/128 GB Helio G81 Ultra 50MP 120Hz Gorilla Glass 6000mAh Garansi Resmi
Rp
2.129.000
4.9
77 Terjual
3 Hari
Kab. Sukoharjo",https://shopee.co.id/Xiaomi-Redmi-15C-8-256-6-128-GB-Helio-G81-Ultra-50MP-120Hz-Gorilla-Glass-6000mAh-Garansi-Resmi-i.40255164.40464089289?extraParams=%7B%22display_model_id%22%3A248769095557%2C%22model_selection_logic%22%3A3%7D&sp_atk=20b2a5d8-6fd0-4570-8edb-c9a4a5550f67&xptdk=20b2a5d8-6fd0-4570-8edb-c9a4a5550f67,77 Terjual,
https://down-id.img.susercontent.com/file/id-11134207-8224w-mhi25n1ktmo80c,https://down-id.img.susercontent.com/file/id-11134258-8224v-mkvw0cu9r7k1a5,Xiaomi Redmi 15 8/256Gb | 8/128Gb Batrei Jumbo 7000mAh New Bergaransi Resmi Indonesia,https://deo.shopeemobile.com/shopee/modules-federation/live/0/shopee__item-card-standard-v2/0.2.8/pc/a425c915798471b33e5d.png,Rp,2.599.000,,https://deo.shopeemobile.com/shopee/modules-federation/live/0/shopee__item-card-standard-v2/0.2.8/pc/d7099d3fd1dfdaf705ab.svg,5.0,,https://deo.shopeemobile.com/shopee/modules-federation/live/0/shopee__item-card-standard-v2/0.2.8/pc/38e203dc86172a6c6560.svg,https://deo.shopeemobile.com/shopee/modules-federation/live/0/shopee__item-card-standard-v2/0.2.8/pc/0614b8f0a8fdde22942d.svg,Hari ini,https://deo.shopeemobile.com/shopee/modules-federation/live/0/shopee__item-card-standard-v2/0.2.8/pc/5dd7b4560d0e2d3190e8.svg,Surabaya,,,,"Xiaomi Redmi 15 8/256Gb | 8/128Gb Batrei Jumbo 7000mAh New Bergaransi Resmi Indonesia
Rp
2.599.000
5.0
46 Terjual
Hari ini
Surabaya",https://shopee.co.id/Xiaomi-Redmi-15-8-256Gb-8-128Gb-Batrei-Jumbo-7000mAh-New-Bergaransi-Resmi-Indonesia-i.16556107.40455702477?extraParams=%7B%22display_model_id%22%3A360279448998%2C%22model_selection_logic%22%3A3%7D&sp_atk=f2934309-32d2-431d-8de8-adefd1816459&xptdk=f2934309-32d2-431d-8de8-adefd1816459,46 Terjual,
https://down-id.img.susercontent.com/file/id-11134207-7qukz-lh0j3hhmzs1c4b,https://down-id.img.susercontent.com/file/id-11134258-8224v-mkvw0cu9r7k1a5,Xiaomi Redmi A2 3/32 Garansi Resmi 1 Tahun,https://deo.shopeemobile.com/shopee/modules-federation/live/0/shopee__item-card-standard-v2/0.2.8/pc/a425c915798471b33e5d.png,Rp,1.049.000,,https://deo.shopeemobile.com/shopee/modules-federation/live/0/shopee__item-card-standard-v2/0.2.8/pc/d7099d3fd1dfdaf705ab.svg,5.0,,https://deo.shopeemobile.com/shopee/modules-federation/live/0/shopee__item-card-standard-v2/0.2.8/pc/38e203dc86172a6c6560.svg,https://deo.shopeemobile.com/shopee/modules-federation/live/0/shopee__item-card-standard-v2/0.2.8/pc/0614b8f0a8fdde22942d.svg,< 2 Hari,https://deo.shopeemobile.com/shopee/modules-federation/live/0/shopee__item-card-standard-v2/0.2.8/pc/5dd7b4560d0e2d3190e8.svg,Surabaya,,,,"Xiaomi Redmi A2 3/32 Garansi Resmi 1 Tahun
Rp
1.049.000
5.0
10 Terjual
< 2 Hari
Surabaya",https://shopee.co.id/Xiaomi-Redmi-A2-3-32-Garansi-Resmi-1-Tahun-i.234217844.19788923273?extraParams=%7B%22display_model_id%22%3A225227567257%2C%22model_selection_logic%22%3A3%7D&sp_atk=d912e0f6-e7cb-4c1b-8647-e78f4c9727e1&xptdk=d912e0f6-e7cb-4c1b-8647-e78f4c9727e1,10 Terjual,
https://down-id.img.susercontent.com/file/id-11134207-7rasc-m0uhl12rspb4c3,https://down-id.img.susercontent.com/file/id-11134258-8224v-mkvw0cu9r7k1a5,Xiaomi Redmi 13 8/256 | 8/128 Garansi Resmi Xiaomi Indonesia | Handphone Terbaru,https://deo.shopeemobile.com/shopee/modules-federation/live/0/shopee__item-card-standard-v2/0.2.8/pc/a425c915798471b33e5d.png,Rp,2.099.000,,https://deo.shopeemobile.com/shopee/modules-federation/live/0/shopee__item-card-standard-v2/0.2.8/pc/d7099d3fd1dfdaf705ab.svg,4.9,,https://deo.shopeemobile.com/shopee/modules-federation/live/0/shopee__item-card-standard-v2/0.2.8/pc/76dff349290d20891fc1.svg,,,https://deo.shopeemobile.com/shopee/modules-federation/live/0/shopee__item-card-standard-v2/0.2.8/pc/5dd7b4560d0e2d3190e8.svg,Surabaya,,,,"Xiaomi Redmi 13 8/256 | 8/128 Garansi Resmi Xiaomi Indonesia | Handphone Terbaru
Rp
2.099.000
4.9
37 Terjual
1-3 Hari
Surabaya",https://shopee.co.id/Xiaomi-Redmi-13-8-256-8-128-Garansi-Resmi-Xiaomi-Indonesia-Handphone-Terbaru-i.82770881.26162879688?extraParams=%7B%22display_model_id%22%3A246702389021%2C%22model_selection_logic%22%3A3%7D&sp_atk=b54a26a2-8e2c-4a18-a090-513e79b3f6d7&xptdk=b54a26a2-8e2c-4a18-a090-513e79b3f6d7,37 Terjual,
https://down-id.img.susercontent.com/file/sg-11134201-7rdxb-mdmu9bsud0et21,https://down-id.img.susercontent.com/file/id-11134258-8224v-mkvw0cu9r7k1a5,Xiaomi Redmi 15C 4G 6GB/128GB | 8GB/256GB - Garansi Resmi,https://deo.shopeemobile.com/shopee/modules-federation/live/0/shopee__item-card-standard-v2/0.2.8/pc/7c9110f78e069acbced7.png,Rp,2.299.000,,https://deo.shopeemobile.com/shopee/modules-federation/live/0/shopee__item-card-standard-v2/0.2.8/pc/d7099d3fd1dfdaf705ab.svg,4.9,,https://deo.shopeemobile.com/shopee/modules-federation/live/0/shopee__item-card-standard-v2/0.2.8/pc/76dff349290d20891fc1.svg,,,https://deo.shopeemobile.com/shopee/modules-federation/live/0/shopee__item-card-standard-v2/0.2.8/pc/5dd7b4560d0e2d3190e8.svg,Medan,,,,"Xiaomi Redmi 15C 4G 6GB/128GB | 8GB/256GB - Garansi Resmi
Rp
2.299.000
4.9
352 Terjual
3 Hari
Medan",https://shopee.co.id/Xiaomi-Redmi-15C-4G-6GB-128GB-8GB-256GB-Garansi-Resmi-i.239103282.42014069516?extraParams=%7B%22display_model_id%22%3A306159755595%2C%22model_selection_logic%22%3A3%7D&sp_atk=a45f7bf8-e5e9-4623-8f79-1f942d54abbb&xptdk=a45f7bf8-e5e9-4623-8f79-1f942d54abbb,352 Terjual,
https://down-id.img.susercontent.com/file/id-11134207-7ra0o-mdrhs4zvgomsf2,https://down-id.img.susercontent.com/file/id-11134258-8224v-mkvw0cu9r7k1a5,Xiaomi Redmi 15C 6/128GB Layar 6.9 IPS LCD,https://deo.shopeemobile.com/shopee/modules-federation/live/0/shopee__item-card-standard-v2/0.2.8/pc/e4734dab67ee2f9ebd5a.png,Rp,2.115.000,,https://deo.shopeemobile.com/shopee/modules-federation/live/0/shopee__item-card-standard-v2/0.2.8/pc/d7099d3fd1dfdaf705ab.svg,5.0,,https://deo.shopeemobile.com/shopee/modules-federation/live/0/shopee__item-card-standard-v2/0.2.8/pc/76dff349290d20891fc1.svg,,,https://deo.shopeemobile.com/shopee/modules-federation/live/0/shopee__item-card-standard-v2/0.2.8/pc/5dd7b4560d0e2d3190e8.svg,Kediri,,,,"Xiaomi Redmi 15C 6/128GB Layar 6.9 IPS LCD
Rp
2.115.000
5.0
499 Terjual
2-4 Hari
Kediri",https://shopee.co.id/Xiaomi-Redmi-15C-6-128GB-Layar-6.9-IPS-LCD-i.45658405.40414815176?extraParams=%7B%22display_model_id%22%3A281226900010%2C%22model_selection_logic%22%3A3%7D&sp_atk=0f67f23a-5773-4145-9274-33dedad7e961&xptdk=0f67f23a-5773-4145-9274-33dedad7e961,499 Terjual,
https://down-id.img.susercontent.com/file/id-11134207-81ztf-mdxzjqoxn66acb,,Xiaomi Redmi 15C 6GB/128GB 8GB/256GB NFC - Garansi Resmi,https://deo.shopeemobile.com/shopee/modules-federation/live/0/shopee__item-card-standard-v2/0.2.8/pc/7c9110f78e069acbced7.png,Rp,2.182.000,,https://deo.shopeemobile.com/shopee/modules-federation/live/0/shopee__item-card-standard-v2/0.2.8/pc/d7099d3fd1dfdaf705ab.svg,5.0,,https://deo.shopeemobile.com/shopee/modules-federation/live/0/shopee__item-card-standard-v2/0.2.8/pc/76dff349290d20891fc1.svg,,,https://deo.shopeemobile.com/shopee/modules-federation/live/0/shopee__item-card-standard-v2/0.2.8/pc/5dd7b4560d0e2d3190e8.svg,Bogor,,,,"Xiaomi Redmi 15C 6GB/128GB 8GB/256GB NFC - Garansi Resmi
Rp
2.182.000
5.0
140 Terjual
3 Hari
Bogor",https://shopee.co.id/Xiaomi-Redmi-15C-6GB-128GB-8GB-256GB-NFC-Garansi-Resmi-i.139245516.40415448181?extraParams=%7B%22display_model_id%22%3A301273924019%2C%22model_selection_logic%22%3A3%7D&sp_atk=76036e0f-142d-452d-b60e-40f7e7882a87&xptdk=76036e0f-142d-452d-b60e-40f7e7882a87,140 Terjual,
https://down-id.img.susercontent.com/file/id-11134207-7rasg-m1jarzi7xwe373,https://down-id.img.susercontent.com/file/id-11134258-8224v-mkvw0cu9r7k1a5,Xiaomi 14T 5G 12/256 & 12/512 New segel garansi resmi xiaomi,https://deo.shopeemobile.com/shopee/modules-federation/live/0/shopee__item-card-standard-v2/0.2.8/pc/a425c915798471b33e5d.png,Rp,5.950.000,https://deo.shopeemobile.com/shopee/modules-federation/live/0/shopee__item-card-standard-v2/0.2.8/pc/d2a1900a0267d45fd0f5.png,https://deo.shopeemobile.com/shopee/modules-federation/live/0/shopee__item-card-standard-v2/0.2.8/pc/d7099d3fd1dfdaf705ab.svg,4.2,,https://deo.shopeemobile.com/shopee/modules-federation/live/0/shopee__item-card-standard-v2/0.2.8/pc/38e203dc86172a6c6560.svg,https://deo.shopeemobile.com/shopee/modules-federation/live/0/shopee__item-card-standard-v2/0.2.8/pc/0614b8f0a8fdde22942d.svg,< 2 Hari,https://deo.shopeemobile.com/shopee/modules-federation/live/0/shopee__item-card-standard-v2/0.2.8/pc/5dd7b4560d0e2d3190e8.svg,Surabaya,,-1%,,"Xiaomi 14T 5G 12/256 & 12/512 New segel garansi resmi xiaomi
Rp
5.950.000
-1%
4.2
28 Terjual
< 2 Hari
Surabaya",https://shopee.co.id/Xiaomi-14T-5G-12-256-12-512-New-segel-garansi-resmi-xiaomi-i.134819232.26264568415?extraParams=%7B%22display_model_id%22%3A205475164794%2C%22model_selection_logic%22%3A3%7D&sp_atk=b2fa1594-2a0d-4899-90f9-efdfc1e05e1f&xptdk=b2fa1594-2a0d-4899-90f9-efdfc1e05e1f,28 Terjual,
https://down-id.img.susercontent.com/file/id-11134207-8224r-mfw17ul2vu2xfd,,"Xiaomi Redmi 15C (6GB/128GB) (8GB/256GB) | Baterai besar 6000mAh dengan pengisian daya 33W | Desain ramping dan elegan | Layar Imersif 6.9"" 120Hz | 50 MP kamera ganda AI [Offical Store]",https://deo.shopeemobile.com/shopee/modules-federation/live/0/shopee__item-card-standard-v2/0.2.8/pc/7c9110f78e069acbced7.png,Rp,2.129.000,https://deo.shopeemobile.com/shopee/modules-federation/live/0/shopee__item-card-standard-v2/0.2.8/pc/d2a1900a0267d45fd0f5.png,https://deo.shopeemobile.com/shopee/modules-federation/live/0/shopee__item-card-standard-v2/0.2.8/pc/d7099d3fd1dfdaf705ab.svg,4.9,,https://deo.shopeemobile.com/shopee/modules-federation/live/0/shopee__item-card-standard-v2/0.2.8/pc/76dff349290d20891fc1.svg,,,https://deo.shopeemobile.com/shopee/modules-federation/live/0/shopee__item-card-standard-v2/0.2.8/pc/5dd7b4560d0e2d3190e8.svg,Kab. Tangerang,,-1%,https://deo.shopeemobile.com/shopee/modules-federation/live/0/shopee__item-card-standard-v2/0.2.8/pc/b4d1b8a78b3621dbdf4a.svg,"Xiaomi Redmi 15C (6GB/128GB) (8GB/256GB) | Baterai besar 6000mAh dengan pengisian daya 33W | Desain ramping dan elegan | Layar Imersif 6.9"" 120Hz | 50 MP kamera ganda AI [Offical Store]
Rp
2.129.000
-1%
4.9
3RB+ Terjual
3-5 Hari
Kab. Tangerang",https://shopee.co.id/Xiaomi-Redmi-15C-(6GB-128GB)-(8GB-256GB)-Baterai-besar-6000mAh-dengan-pengisian-daya-33W-Desain-ramping-dan-elegan-Layar-Imersif-6.9-120Hz-50-MP-kamera-ganda-AI-Offical-Store--i.1632696269.43023091263?extraParams=%7B%22display_model_id%22%3A248997406542%2C%22model_selection_logic%22%3A3%7D&sp_atk=cd28c0c8-9ea9-4831-902d-00a7673c86db&xptdk=cd28c0c8-9ea9-4831-902d-00a7673c86db,3RB+ Terjual,
https://down-id.img.susercontent.com/file/id-11134207-7ra0s-mdlemumy1mtn58,https://down-id.img.susercontent.com/file/id-11134258-7r98w-lyezzaurybot13,Xiaomi Redmi 15C 6/128GB NFC Garansi Resmi,https://deo.shopeemobile.com/shopee/modules-federation/live/0/shopee__item-card-standard-v2/0.2.8/pc/7c9110f78e069acbced7.png,Rp,2.149.000,,https://deo.shopeemobile.com/shopee/modules-federation/live/0/shopee__item-card-standard-v2/0.2.8/pc/d7099d3fd1dfdaf705ab.svg,5.0,,https://deo.shopeemobile.com/shopee/modules-federation/live/0/shopee__item-card-standard-v2/0.2.8/pc/76dff349290d20891fc1.svg,,,https://deo.shopeemobile.com/shopee/modules-federation/live/0/shopee__item-card-standard-v2/0.2.8/pc/5dd7b4560d0e2d3190e8.svg,Semarang,,,,"Xiaomi Redmi 15C 6/128GB NFC Garansi Resmi
Rp
2.149.000
5.0
935 Terjual
2-3 Hari
Semarang",https://shopee.co.id/Xiaomi-Redmi-15C-6-128GB-NFC-Garansi-Resmi-i.287662257.44463892273?extraParams=%7B%22display_model_id%22%3A306147439164%2C%22model_selection_logic%22%3A3%7D&sp_atk=6451af7f-0068-4779-916d-66ed5cad851c&xptdk=6451af7f-0068-4779-916d-66ed5cad851c,935 Terjual,
https://down-id.img.susercontent.com/file/id-11134207-7ra0g-mdrhs4zvfa2c39,https://down-id.img.susercontent.com/file/id-11134258-8224v-mkvw0cu9r7k1a5,Xiaomi Redmi 15C Ram 8/256Gb Garansi Resmi,https://deo.shopeemobile.com/shopee/modules-federation/live/0/shopee__item-card-standard-v2/0.2.8/pc/e4734dab67ee2f9ebd5a.png,Rp,2.320.000,,https://deo.shopeemobile.com/shopee/modules-federation/live/0/shopee__item-card-standard-v2/0.2.8/pc/d7099d3fd1dfdaf705ab.svg,5.0,,https://deo.shopeemobile.com/shopee/modules-federation/live/0/shopee__item-card-standard-v2/0.2.8/pc/76dff349290d20891fc1.svg,,,https://deo.shopeemobile.com/shopee/modules-federation/live/0/shopee__item-card-standard-v2/0.2.8/pc/5dd7b4560d0e2d3190e8.svg,Kediri,,,,"Xiaomi Redmi 15C Ram 8/256Gb Garansi Resmi
Rp
2.320.000
5.0
841 Terjual
2-4 Hari
Kediri",https://shopee.co.id/Xiaomi-Redmi-15C-Ram-8-256Gb-Garansi-Resmi-i.45658405.28640189011?extraParams=%7B%22display_model_id%22%3A188653833753%2C%22model_selection_logic%22%3A3%7D&sp_atk=03e9a3e7-9a42-461f-8891-ef6d3eabf05e&xptdk=03e9a3e7-9a42-461f-8891-ef6d3eabf05e,841 Terjual,
https://down-id.img.susercontent.com/file/id-11134207-81ztm-mep8waytbqisaf,https://down-id.img.susercontent.com/file/id-11134258-8224v-mkvw0cu9r7k1a5,XIAOMI POCO C85 NFC 8/256GB GARANSI RESMI - Poco C85,https://deo.shopeemobile.com/shopee/modules-federation/live/0/shopee__item-card-standard-v2/0.2.8/pc/e4734dab67ee2f9ebd5a.png,Rp,1.929.000,,https://deo.shopeemobile.com/shopee/modules-federation/live/0/shopee__item-card-standard-v2/0.2.8/pc/d7099d3fd1dfdaf705ab.svg,4.9,,https://deo.shopeemobile.com/shopee/modules-federation/live/0/shopee__item-card-standard-v2/0.2.8/pc/76dff349290d20891fc1.svg,,,https://deo.shopeemobile.com/shopee/modules-federation/live/0/shopee__item-card-standard-v2/0.2.8/pc/5dd7b4560d0e2d3190e8.svg,Jakarta Timur,,,,"XIAOMI POCO C85 NFC 8/256GB GARANSI RESMI - Poco C85
Rp
1.929.000
4.9
1RB+ Terjual
3 Hari
Jakarta Timur",https://shopee.co.id/XIAOMI-POCO-C85-NFC-8-256GB-GARANSI-RESMI-Poco-C85-i.516371273.29866385648?extraParams=%7B%22display_model_id%22%3A243898837047%2C%22model_selection_logic%22%3A3%7D&sp_atk=2f7fac55-c83b-4b2a-8b8c-bd6c4044024b&xptdk=2f7fac55-c83b-4b2a-8b8c-bd6c4044024b,1RB+ Terjual,
https://down-id.img.susercontent.com/file/id-11134207-81ztn-metj8pn18kqo09,https://down-id.img.susercontent.com/file/id-11134258-822ws-mnciva8io4qu2f,Xiaomi Redmi 15 8/128 8/256 7000mAH Refresh Rate 144hz Snapdragon 685 - Garansi 15 Bulan,https://deo.shopeemobile.com/shopee/modules-federation/live/0/shopee__item-card-standard-v2/0.2.8/pc/7c9110f78e069acbced7.png,Rp,2.663.000,https://deo.shopeemobile.com/shopee/modules-federation/live/0/shopee__item-card-standard-v2/0.2.8/pc/d2a1900a0267d45fd0f5.png,https://deo.shopeemobile.com/shopee/modules-federation/live/0/shopee__item-card-standard-v2/0.2.8/pc/d7099d3fd1dfdaf705ab.svg,5.0,,https://deo.shopeemobile.com/shopee/modules-federation/live/0/shopee__item-card-standard-v2/0.2.8/pc/38e203dc86172a6c6560.svg,https://deo.shopeemobile.com/shopee/modules-federation/live/0/shopee__item-card-standard-v2/0.2.8/pc/0614b8f0a8fdde22942d.svg,< 2 Hari,https://deo.shopeemobile.com/shopee/modules-federation/live/0/shopee__item-card-standard-v2/0.2.8/pc/5dd7b4560d0e2d3190e8.svg,Surabaya,,,,"Xiaomi Redmi 15 8/128 8/256 7000mAH Refresh Rate 144hz Snapdragon 685 - Garansi 15 Bulan
Rp
2.663.000
5.0
727 Terjual
< 2 Hari
Surabaya",https://shopee.co.id/Xiaomi-Redmi-15-8-128-8-256-7000mAH-Refresh-Rate-144hz-Snapdragon-685-Garansi-15-Bulan-i.1102849498.41001946566?extraParams=%7B%22display_model_id%22%3A280158233052%2C%22model_selection_logic%22%3A3%7D&sp_atk=408b4196-bbc8-4bc9-9ca1-8edba78d2607&xptdk=408b4196-bbc8-4bc9-9ca1-8edba78d2607,727 Terjual,
https://down-id.img.susercontent.com/file/sg-11134201-7rffl-m9y385jcfgrt20,https://down-id.img.susercontent.com/file/id-11134258-8224v-mkvw0cu9r7k1a5,"Xiaomi POCO C71 (4+4GB/128GB) - Layar Cadas 6.88"" 120Hz | Baterai 5200mAh - Garansi Resmi",https://deo.shopeemobile.com/shopee/modules-federation/live/0/shopee__item-card-standard-v2/0.2.8/pc/e4734dab67ee2f9ebd5a.png,Rp,1.688.500,,https://deo.shopeemobile.com/shopee/modules-federation/live/0/shopee__item-card-standard-v2/0.2.8/pc/d7099d3fd1dfdaf705ab.svg,5.0,,https://deo.shopeemobile.com/shopee/modules-federation/live/0/shopee__item-card-standard-v2/0.2.8/pc/76dff349290d20891fc1.svg,,,https://deo.shopeemobile.com/shopee/modules-federation/live/0/shopee__item-card-standard-v2/0.2.8/pc/5dd7b4560d0e2d3190e8.svg,Jakarta Barat,Kombo Hemat,-37%,https://deo.shopeemobile.com/shopee/modules-federation/live/0/shopee__item-card-standard-v2/0.2.8/pc/b4d1b8a78b3621dbdf4a.svg,"Xiaomi POCO C71 (4+4GB/128GB) - Layar Cadas 6.88"" 120Hz | Baterai 5200mAh - Garansi Resmi
Rp
1.688.500
-37%
Kombo Hemat
5.0
231 Terjual
3 Hari
Jakarta Barat",https://shopee.co.id/Xiaomi-POCO-C71-(4-4GB-128GB)-Layar-Cadas-6.88-120Hz-Baterai-5200mAh-Garansi-Resmi-i.59822858.40151396148?extraParams=%7B%22display_model_id%22%3A280112832969%2C%22model_selection_logic%22%3A3%7D&sp_atk=770e512d-0167-462c-b651-e44ddad9ccad&xptdk=770e512d-0167-462c-b651-e44ddad9ccad,231 Terjual,
https://down-id.img.susercontent.com/file/id-11134207-822wj-mlywx3armpz7ac,https://down-id.img.susercontent.com/file/id-11134258-822ws-mnciva8io4qu2f,Xiaomi Redmi A7 Pro (4+64 GB) (4+128 GB) | Layar imersif 6.9 inch | Baterai 6000mAh (Typ),https://deo.shopeemobile.com/shopee/modules-federation/live/0/shopee__item-card-standard-v2/0.2.8/pc/7c9110f78e069acbced7.png,Rp,1.719.000,https://deo.shopeemobile.com/shopee/modules-federation/live/0/shopee__item-card-standard-v2/0.2.8/pc/d2a1900a0267d45fd0f5.png,https://deo.shopeemobile.com/shopee/modules-federation/live/0/shopee__item-card-standard-v2/0.2.8/pc/d7099d3fd1dfdaf705ab.svg,5.0,,https://deo.shopeemobile.com/shopee/modules-federation/live/0/shopee__item-card-standard-v2/0.2.8/pc/76dff349290d20891fc1.svg,,,https://deo.shopeemobile.com/shopee/modules-federation/live/0/shopee__item-card-standard-v2/0.2.8/pc/5dd7b4560d0e2d3190e8.svg,Bekasi,,,,"Xiaomi Redmi A7 Pro (4+64 GB) (4+128 GB) | Layar imersif 6.9 inch | Baterai 6000mAh (Typ)
Rp
1.719.000
5.0
210 Terjual
2-4 Hari
Bekasi",https://shopee.co.id/Xiaomi-Redmi-A7-Pro-(4-64-GB)-(4-128-GB)-Layar-imersif-6.9-inch-Baterai-6000mAh-(Typ)-i.1368552879.28133677394?extraParams=%7B%22display_model_id%22%3A365656045004%2C%22model_selection_logic%22%3A3%7D&sp_atk=6b946c28-68d4-4a2c-96f6-dfec78fc82b8&xptdk=6b946c28-68d4-4a2c-96f6-dfec78fc82b8,210 Terjual,
https://down-id.img.susercontent.com/file/id-11134207-7ra0r-mdo6699ol8cs84,https://down-id.img.susercontent.com/file/id-11134258-822ws-mnciva8io4qu2f,Xiaomi Redmi 15C 6/128GB | 8/256GB  - Garansi Resmi,https://deo.shopeemobile.com/shopee/modules-federation/live/0/shopee__item-card-standard-v2/0.2.8/pc/7c9110f78e069acbced7.png,Rp,2.201.000,https://deo.shopeemobile.com/shopee/modules-federation/live/0/shopee__item-card-standard-v2/0.2.8/pc/d2a1900a0267d45fd0f5.png,https://deo.shopeemobile.com/shopee/modules-federation/live/0/shopee__item-card-standard-v2/0.2.8/pc/d7099d3fd1dfdaf705ab.svg,4.9,,https://deo.shopeemobile.com/shopee/modules-federation/live/0/shopee__item-card-standard-v2/0.2.8/pc/38e203dc86172a6c6560.svg,https://deo.shopeemobile.com/shopee/modules-federation/live/0/shopee__item-card-standard-v2/0.2.8/pc/0614b8f0a8fdde22942d.svg,Besok,https://deo.shopeemobile.com/shopee/modules-federation/live/0/shopee__item-card-standard-v2/0.2.8/pc/5dd7b4560d0e2d3190e8.svg,Surabaya,,,,"Xiaomi Redmi 15C 6/128GB | 8/256GB - Garansi Resmi
Rp
2.201.000
4.9
2RB+ Terjual
Besok
Surabaya",https://shopee.co.id/Xiaomi-Redmi-15C-6-128GB-8-256GB-Garansi-Resmi-i.308460192.27562317855?extraParams=%7B%22display_model_id%22%3A306213393287%2C%22model_selection_logic%22%3A3%7D&sp_atk=f2c16498-a216-4204-b77d-a757c6e2ed01&xptdk=f2c16498-a216-4204-b77d-a757c6e2ed01,2RB+ Terjual,
https://down-id.img.susercontent.com/file/id-11134207-7ra0s-mdij2ye7mj645b,https://down-id.img.susercontent.com/file/id-11134258-8224v-mkvw0cu9r7k1a5,Xiaomi Poco C71 4/128GB - Garansi Resmi 1 Tahun,https://deo.shopeemobile.com/shopee/modules-federation/live/0/shopee__item-card-standard-v2/0.2.8/pc/e4734dab67ee2f9ebd5a.png,Rp,1.699.000,,https://deo.shopeemobile.com/shopee/modules-federation/live/0/shopee__item-card-standard-v2/0.2.8/pc/d7099d3fd1dfdaf705ab.svg,5.0,,https://deo.shopeemobile.com/shopee/modules-federation/live/0/shopee__item-card-standard-v2/0.2.8/pc/76dff349290d20891fc1.svg,,,https://deo.shopeemobile.com/shopee/modules-federation/live/0/shopee__item-card-standard-v2/0.2.8/pc/5dd7b4560d0e2d3190e8.svg,Depok,,,,"Xiaomi Poco C71 4/128GB - Garansi Resmi 1 Tahun
Rp
1.699.000
5.0
94 Terjual
2-3 Hari
Depok",https://shopee.co.id/Xiaomi-Poco-C71-4-128GB-Garansi-Resmi-1-Tahun-i.243655547.43113658260?extraParams=%7B%22display_model_id%22%3A147915693920%2C%22model_selection_logic%22%3A3%7D&sp_atk=d4e64f00-84dd-4294-9883-15f5b9e1512c&xptdk=d4e64f00-84dd-4294-9883-15f5b9e1512c,94 Terjual,
https://down-id.img.susercontent.com/file/id-11134207-82250-mkxautwa5ipt4f,https://down-id.img.susercontent.com/file/id-11134258-822ws-mnciva8io4qu2f,Xiaomi Poco C71 128GB [ Ram 4GB ] Black Blue Gold Garansi Resmi Indonesia,https://deo.shopeemobile.com/shopee/modules-federation/live/0/shopee__item-card-standard-v2/0.2.8/pc/e4734dab67ee2f9ebd5a.png,Rp,1.708.000,,https://deo.shopeemobile.com/shopee/modules-federation/live/0/shopee__item-card-standard-v2/0.2.8/pc/d7099d3fd1dfdaf705ab.svg,4.9,,https://deo.shopeemobile.com/shopee/modules-federation/live/0/shopee__item-card-standard-v2/0.2.8/pc/76dff349290d20891fc1.svg,,,https://deo.shopeemobile.com/shopee/modules-federation/live/0/shopee__item-card-standard-v2/0.2.8/pc/5dd7b4560d0e2d3190e8.svg,Jakarta Pusat,Hadiah Gratis,-1%,https://deo.shopeemobile.com/shopee/modules-federation/live/0/shopee__item-card-standard-v2/0.2.8/pc/b4d1b8a78b3621dbdf4a.svg,"Xiaomi Poco C71 128GB [ Ram 4GB ] Black Blue Gold Garansi Resmi Indonesia
Rp
1.708.000
-1%
Hadiah Gratis
4.9
338 Terjual
3 Hari
Jakarta Pusat",https://shopee.co.id/Xiaomi-Poco-C71-128GB-Ram-4GB-Black-Blue-Gold-Garansi-Resmi-Indonesia-i.175053773.20588316409?extraParams=%7B%22display_model_id%22%3A225165813727%2C%22model_selection_logic%22%3A3%7D&sp_atk=9898394f-c7f1-4a33-8328-c000df6925f5&xptdk=9898394f-c7f1-4a33-8328-c000df6925f5,338 Terjual,
https://down-id.img.susercontent.com/file/id-11134207-7ra0s-mdmmovxb00uwf8,https://down-id.img.susercontent.com/file/id-11134258-8224v-mkvw0cu9r7k1a5,XIAOMI REDMI 15C 6GB/8GB 128GB/256GB GARANSI RESMI INDONESIA,https://deo.shopeemobile.com/shopee/modules-federation/live/0/shopee__item-card-standard-v2/0.2.8/pc/7c9110f78e069acbced7.png,Rp,2.199.000,,https://deo.shopeemobile.com/shopee/modules-federation/live/0/shopee__item-card-standard-v2/0.2.8/pc/d7099d3fd1dfdaf705ab.svg,5.0,,https://deo.shopeemobile.com/shopee/modules-federation/live/0/shopee__item-card-standard-v2/0.2.8/pc/76dff349290d20891fc1.svg,,,https://deo.shopeemobile.com/shopee/modules-federation/live/0/shopee__item-card-standard-v2/0.2.8/pc/5dd7b4560d0e2d3190e8.svg,Bandung,,,,"XIAOMI REDMI 15C 6GB/8GB 128GB/256GB GARANSI RESMI INDONESIA
Rp
2.199.000
5.0
1RB+ Terjual
3 Hari
Bandung",https://shopee.co.id/XIAOMI-REDMI-15C-6GB-8GB-128GB-256GB-GARANSI-RESMI-INDONESIA-i.1031894725.40263554224?extraParams=%7B%22display_model_id%22%3A266122252293%2C%22model_selection_logic%22%3A3%7D&sp_atk=8be98b8c-4261-483e-b322-ecbb8e2e9b98&xptdk=8be98b8c-4261-483e-b322-ecbb8e2e9b98,1RB+ Terjual,
https://down-id.img.susercontent.com/file/id-11134207-822wh-mmujbmqh6eio46,https://down-id.img.susercontent.com/file/id-11134258-8224v-mkvw0cu9r7k1a5,Xiaomi Redmi 15 8/128 8/256 8/128GB 8/256GB 8GB 128GB 256GB Garansi Resmi Original,https://deo.shopeemobile.com/shopee/modules-federation/live/0/shopee__item-card-standard-v2/0.2.8/pc/e4734dab67ee2f9ebd5a.png,Rp,2.669.000,,https://deo.shopeemobile.com/shopee/modules-federation/live/0/shopee__item-card-standard-v2/0.2.8/pc/d7099d3fd1dfdaf705ab.svg,5.0,,https://deo.shopeemobile.com/shopee/modules-federation/live/0/shopee__item-card-standard-v2/0.2.8/pc/76dff349290d20891fc1.svg,,,https://deo.shopeemobile.com/shopee/modules-federation/live/0/shopee__item-card-standard-v2/0.2.8/pc/5dd7b4560d0e2d3190e8.svg,Denpasar,,,,"Xiaomi Redmi 15 8/128 8/256 8/128GB 8/256GB 8GB 128GB 256GB Garansi Resmi Original
Rp
2.669.000
5.0
254 Terjual
3-4 Hari
Denpasar",https://shopee.co.id/Xiaomi-Redmi-15-8-128-8-256-8-128GB-8-256GB-8GB-128GB-256GB-Garansi-Resmi-Original-i.25468108.27167343059?extraParams=%7B%22display_model_id%22%3A365731716361%2C%22model_selection_logic%22%3A3%7D&sp_atk=2a246256-e9f8-4232-9c8a-1353691ebd70&xptdk=2a246256-e9f8-4232-9c8a-1353691ebd70,254 Terjual,
https://down-id.img.susercontent.com/file/id-11134207-7rbk3-m9y694uhc2sz3d,https://down-id.img.susercontent.com/file/id-11134258-822ws-mnciva8io4qu2f,XIAOMI REDMI NOTE 14 5G / 4G 8GB 128GB / 8GB 256GB / 12GB 512GB MIST PURPLE/GREEN,https://deo.shopeemobile.com/shopee/modules-federation/live/0/shopee__item-card-standard-v2/0.2.8/pc/7c9110f78e069acbced7.png,Rp,3.269.000,,https://deo.shopeemobile.com/shopee/modules-federation/live/0/shopee__item-card-standard-v2/0.2.8/pc/d7099d3fd1dfdaf705ab.svg,5.0,,https://deo.shopeemobile.com/shopee/modules-federation/live/0/shopee__item-card-standard-v2/0.2.8/pc/76dff349290d20891fc1.svg,,,https://deo.shopeemobile.com/shopee/modules-federation/live/0/shopee__item-card-standard-v2/0.2.8/pc/5dd7b4560d0e2d3190e8.svg,Jakarta Utara,,-20%,,"XIAOMI REDMI NOTE 14 5G / 4G 8GB 128GB / 8GB 256GB / 12GB 512GB MIST PURPLE/GREEN
Rp
3.269.000
-20%
5.0
341 Terjual
3 Hari
Jakarta Utara",https://shopee.co.id/XIAOMI-REDMI-NOTE-14-5G-4G-8GB-128GB-8GB-256GB-12GB-512GB-MIST-PURPLE-GREEN-i.383392952.27824553293?extraParams=%7B%22display_model_id%22%3A178686135546%2C%22model_selection_logic%22%3A3%7D&sp_atk=391f1ab4-341d-42df-8102-99b3e2d2dc84&xptdk=391f1ab4-341d-42df-8102-99b3e2d2dc84,341 Terjual,
https://down-id.img.susercontent.com/file/id-11134207-7ra0u-mb71pd1fyyy307,https://down-id.img.susercontent.com/file/id-11134258-8224v-mkvw0cu9r7k1a5,XIAOMI POCO F7 5G TAM RAM 12GB MEMORY 512GB 12/512GB 12/256GB GARANSI RESMI XIAOMI 15 BULAN,https://deo.shopeemobile.com/shopee/modules-federation/live/0/shopee__item-card-standard-v2/0.2.8/pc/e4734dab67ee2f9ebd5a.png,Rp,6.399.000,https://deo.shopeemobile.com/shopee/modules-federation/live/0/shopee__item-card-standard-v2/0.2.8/pc/d2a1900a0267d45fd0f5.png,https://deo.shopeemobile.com/shopee/modules-federation/live/0/shopee__item-card-standard-v2/0.2.8/pc/d7099d3fd1dfdaf705ab.svg,5.0,,https://deo.shopeemobile.com/shopee/modules-federation/live/0/shopee__item-card-standard-v2/0.2.8/pc/76dff349290d20891fc1.svg,,,https://deo.shopeemobile.com/shopee/modules-federation/live/0/shopee__item-card-standard-v2/0.2.8/pc/5dd7b4560d0e2d3190e8.svg,Bekasi,,,,"XIAOMI POCO F7 5G TAM RAM 12GB MEMORY 512GB 12/512GB 12/256GB GARANSI RESMI XIAOMI 15 BULAN
Rp
6.399.000
5.0
139 Terjual
2-3 Hari
Bekasi",https://shopee.co.id/XIAOMI-POCO-F7-5G-TAM-RAM-12GB-MEMORY-512GB-12-512GB-12-256GB-GARANSI-RESMI-XIAOMI-15-BULAN-i.101936592.43105228824?extraParams=%7B%22display_model_id%22%3A89197343904%2C%22model_selection_logic%22%3A3%7D&sp_atk=fd0086e0-8633-49b6-9d39-55b68dc4fe69&xptdk=fd0086e0-8633-49b6-9d39-55b68dc4fe69,139 Terjual,
https://down-id.img.susercontent.com/file/id-11134207-7ra0h-mdprc8j4jghb52,https://down-id.img.susercontent.com/file/id-11134258-822ws-mnciva8io4qu2f,Xiaomi Redmi 15C NFC [6/128 GB] [8/256 GB] Garansi Resmi Xiaomi Indonesia,https://deo.shopeemobile.com/shopee/modules-federation/live/0/shopee__item-card-standard-v2/0.2.8/pc/e4734dab67ee2f9ebd5a.png,Rp,2.129.000,,https://deo.shopeemobile.com/shopee/modules-federation/live/0/shopee__item-card-standard-v2/0.2.8/pc/d7099d3fd1dfdaf705ab.svg,5.0,,https://deo.shopeemobile.com/shopee/modules-federation/live/0/shopee__item-card-standard-v2/0.2.8/pc/76dff349290d20891fc1.svg,,,https://deo.shopeemobile.com/shopee/modules-federation/live/0/shopee__item-card-standard-v2/0.2.8/pc/5dd7b4560d0e2d3190e8.svg,Jakarta Barat,,,,"Xiaomi Redmi 15C NFC [6/128 GB] [8/256 GB] Garansi Resmi Xiaomi Indonesia
Rp
2.129.000
5.0
1RB+ Terjual
3 Hari
Jakarta Barat",https://shopee.co.id/Xiaomi-Redmi-15C-NFC-6-128-GB-8-256-GB-Garansi-Resmi-Xiaomi-Indonesia-i.44874627.29890307357?extraParams=%7B%22display_model_id%22%3A286193933200%2C%22model_selection_logic%22%3A3%7D&sp_atk=e724aa3f-390b-4513-b61d-183f2c8be48a&xptdk=e724aa3f-390b-4513-b61d-183f2c8be48a,1RB+ Terjual,
https://down-id.img.susercontent.com/file/id-11134207-7ra0i-mdq13i1vjo3vbf,https://down-id.img.susercontent.com/file/id-11134258-7r98w-lyezzaurybot13,XIAOMI REDMI 15C (6/128 GB) - (8/256 GB) - GARANSI RESMI [Bisa Instant Area Malang],https://deo.shopeemobile.com/shopee/modules-federation/live/0/shopee__item-card-standard-v2/0.2.8/pc/e4734dab67ee2f9ebd5a.png,Rp,2.169.000,,https://deo.shopeemobile.com/shopee/modules-federation/live/0/shopee__item-card-standard-v2/0.2.8/pc/d7099d3fd1dfdaf705ab.svg,5.0,,https://deo.shopeemobile.com/shopee/modules-federation/live/0/shopee__item-card-standard-v2/0.2.8/pc/38e203dc86172a6c6560.svg,https://deo.shopeemobile.com/shopee/modules-federation/live/0/shopee__item-card-standard-v2/0.2.8/pc/0614b8f0a8fdde22942d.svg,< 2 Hari,https://deo.shopeemobile.com/shopee/modules-federation/live/0/shopee__item-card-standard-v2/0.2.8/pc/5dd7b4560d0e2d3190e8.svg,Malang,,,,"XIAOMI REDMI 15C (6/128 GB) - (8/256 GB) - GARANSI RESMI [Bisa Instant Area Malang]
Rp
2.169.000
5.0
40 Terjual
< 2 Hari
Malang",https://shopee.co.id/XIAOMI-REDMI-15C-(6-128-GB)-(8-256-GB)-GARANSI-RESMI-Bisa-Instant-Area-Malang--i.182361854.22132669483?extraParams=%7B%22display_model_id%22%3A243780338901%2C%22model_selection_logic%22%3A3%7D&sp_atk=05f65da2-9c27-489f-a630-22c270e340cf&xptdk=05f65da2-9c27-489f-a630-22c270e340cf,40 Terjual,
https://down-id.img.susercontent.com/file/id-11134207-8224v-mgiw7qoal0jxf0,https://down-id.img.susercontent.com/file/id-11134258-822ws-mnciva8io4qu2f,XIAOMI REDMI 15C 8GB 256GB GARANSI RESMI,https://deo.shopeemobile.com/shopee/modules-federation/live/0/shopee__item-card-standard-v2/0.2.8/pc/e4734dab67ee2f9ebd5a.png,Rp,2.199.000,,https://deo.shopeemobile.com/shopee/modules-federation/live/0/shopee__item-card-standard-v2/0.2.8/pc/d7099d3fd1dfdaf705ab.svg,4.9,,https://deo.shopeemobile.com/shopee/modules-federation/live/0/shopee__item-card-standard-v2/0.2.8/pc/76dff349290d20891fc1.svg,,,https://deo.shopeemobile.com/shopee/modules-federation/live/0/shopee__item-card-standard-v2/0.2.8/pc/5dd7b4560d0e2d3190e8.svg,Jakarta Selatan,,,,"XIAOMI REDMI 15C 8GB 256GB GARANSI RESMI
Rp
2.199.000
4.9
446 Terjual
3 Hari
Jakarta Selatan",https://shopee.co.id/XIAOMI-REDMI-15C-8GB-256GB-GARANSI-RESMI-i.30962556.28640034682?extraParams=%7B%22display_model_id%22%3A208648483287%2C%22model_selection_logic%22%3A3%7D&sp_atk=6c8584ce-1637-4179-af8d-e57f64249d89&xptdk=6c8584ce-1637-4179-af8d-e57f64249d89,446 Terjual,
https://down-id.img.susercontent.com/file/id-11134207-7r98t-lvswvl0bnwxw45,https://down-id.img.susercontent.com/file/id-11134258-822wr-mlx5y0tebegw04,Xiaomi Poco C65 Ram 6/128GB | Ram 8/256GB,https://deo.shopeemobile.com/shopee/modules-federation/live/0/shopee__item-card-standard-v2/0.2.8/pc/e4734dab67ee2f9ebd5a.png,Rp,1.946.814,,https://deo.shopeemobile.com/shopee/modules-federation/live/0/shopee__item-card-standard-v2/0.2.8/pc/d7099d3fd1dfdaf705ab.svg,4.9,,https://deo.shopeemobile.com/shopee/modules-federation/live/0/shopee__item-card-standard-v2/0.2.8/pc/76dff349290d20891fc1.svg,,,https://deo.shopeemobile.com/shopee/modules-federation/live/0/shopee__item-card-standard-v2/0.2.8/pc/5dd7b4560d0e2d3190e8.svg,Surabaya,,-35%,,"Xiaomi Poco C65 Ram 6/128GB | Ram 8/256GB
Rp
1.946.814
-35%
4.9
56 Terjual
2-4 Hari
Surabaya",https://shopee.co.id/Xiaomi-Poco-C65-Ram-6-128GB-Ram-8-256GB-i.433115955.27701089286?extraParams=%7B%22display_model_id%22%3A370569761851%2C%22model_selection_logic%22%3A3%7D&sp_atk=1414d64a-baa5-4b2a-b2d2-bf1c020b3d6f&xptdk=1414d64a-baa5-4b2a-b2d2-bf1c020b3d6f,56 Terjual,
https://down-id.img.susercontent.com/file/id-11134207-8224t-mji3imukaakg88,https://down-id.img.susercontent.com/file/id-11134258-822wr-mlx67rtd6r602f,HP XIAOMI REDMI 15C 6/128 8/256 BERGARANSI RESMI,https://deo.shopeemobile.com/shopee/modules-federation/live/0/shopee__item-card-standard-v2/0.2.8/pc/e4734dab67ee2f9ebd5a.png,Rp,2.339.000,,https://deo.shopeemobile.com/shopee/modules-federation/live/0/shopee__item-card-standard-v2/0.2.8/pc/d7099d3fd1dfdaf705ab.svg,4.9,,https://deo.shopeemobile.com/shopee/modules-federation/live/0/shopee__item-card-standard-v2/0.2.8/pc/76dff349290d20891fc1.svg,,,https://deo.shopeemobile.com/shopee/modules-federation/live/0/shopee__item-card-standard-v2/0.2.8/pc/5dd7b4560d0e2d3190e8.svg,Kab. Ponorogo,,-42%,https://deo.shopeemobile.com/shopee/modules-federation/live/0/shopee__item-card-standard-v2/0.2.8/pc/b4d1b8a78b3621dbdf4a.svg,"HP XIAOMI REDMI 15C 6/128 8/256 BERGARANSI RESMI
Rp
2.339.000
-42%
4.9
42 Terjual
2-4 Hari
Kab. Ponorogo",https://shopee.co.id/HP-XIAOMI-REDMI-15C-6-128-8-256-BERGARANSI-RESMI-i.62356570.44164939461?extraParams=%7B%22display_model_id%22%3A415437001858%2C%22model_selection_logic%22%3A3%7D&sp_atk=5483605a-603f-4c90-adcc-a246999ba854&xptdk=5483605a-603f-4c90-adcc-a246999ba854,42 Terjual,
https://down-id.img.susercontent.com/file/id-11134207-7rasf-m4pperw7i4vuae,https://down-id.img.susercontent.com/file/id-11134258-7r98w-lyezzaurybot13,Xiaomi Redmi 13 8/128 Gb - Garansi Resmi Indonesia,,Rp,1.945.000,https://deo.shopeemobile.com/shopee/modules-federation/live/0/shopee__item-card-standard-v2/0.2.8/pc/d2a1900a0267d45fd0f5.png,,,,https://deo.shopeemobile.com/shopee/modules-federation/live/0/shopee__item-card-standard-v2/0.2.8/pc/76dff349290d20891fc1.svg,,,https://deo.shopeemobile.com/shopee/modules-federation/live/0/shopee__item-card-standard-v2/0.2.8/pc/5dd7b4560d0e2d3190e8.svg,Surabaya,,,,"Xiaomi Redmi 13 8/128 Gb - Garansi Resmi Indonesia
Rp
1.945.000
3 Hari
Surabaya",https://shopee.co.id/Xiaomi-Redmi-13-8-128-Gb-Garansi-Resmi-Indonesia-i.1044541517.27972856202?extraParams=%7B%22display_model_id%22%3A237246250905%2C%22model_selection_logic%22%3A3%7D&sp_atk=f710ea74-fd8d-470f-a005-a6e90d7953e3&xptdk=f710ea74-fd8d-470f-a005-a6e90d7953e3,3 Hari,
https://down-id.img.susercontent.com/file/id-11134207-7ra0n-mdogjefwj6a794,https://down-id.img.susercontent.com/file/id-11134258-8224v-mkvw0cu9r7k1a5,"Xiaomi Redmi 15C 6/128 - 8/256 GB Layar 6.9"" Mediatek Helio G81 Ultra Battery 6000 mAh",https://deo.shopeemobile.com/shopee/modules-federation/live/0/shopee__item-card-standard-v2/0.2.8/pc/e4734dab67ee2f9ebd5a.png,Rp,2.159.000,,https://deo.shopeemobile.com/shopee/modules-federation/live/0/shopee__item-card-standard-v2/0.2.8/pc/d7099d3fd1dfdaf705ab.svg,5.0,,https://deo.shopeemobile.com/shopee/modules-federation/live/0/shopee__item-card-standard-v2/0.2.8/pc/38e203dc86172a6c6560.svg,https://deo.shopeemobile.com/shopee/modules-federation/live/0/shopee__item-card-standard-v2/0.2.8/pc/0614b8f0a8fdde22942d.svg,Besok 12:00,https://deo.shopeemobile.com/shopee/modules-federation/live/0/shopee__item-card-standard-v2/0.2.8/pc/5dd7b4560d0e2d3190e8.svg,Surabaya,,,,"Xiaomi Redmi 15C 6/128 - 8/256 GB Layar 6.9"" Mediatek Helio G81 Ultra Battery 6000 mAh
Rp
2.159.000
5.0
346 Terjual
Besok 12:00
Surabaya",https://shopee.co.id/Xiaomi-Redmi-15C-6-128-8-256-GB-Layar-6.9-Mediatek-Helio-G81-Ultra-Battery-6000-mAh-i.41047020.43464365643?extraParams=%7B%22display_model_id%22%3A218656238455%2C%22model_selection_logic%22%3A3%7D&sp_atk=34007454-1267-449e-b18a-79dd0a746e72&xptdk=34007454-1267-449e-b18a-79dd0a746e72,346 Terjual,
https://down-id.img.susercontent.com/file/id-11134207-7ra0l-mdopqmc78j7371,https://down-id.img.susercontent.com/file/id-11134258-8224v-mkvw0cu9r7k1a5,"Xiaomi Redmi 15C 6/128 - 8/256 GB Layar 6.9"" Mediatek Helio G81 Ultra Battery 6000 mAh",https://deo.shopeemobile.com/shopee/modules-federation/live/0/shopee__item-card-standard-v2/0.2.8/pc/a425c915798471b33e5d.png,Rp,2.159.000,,https://deo.shopeemobile.com/shopee/modules-federation/live/0/shopee__item-card-standard-v2/0.2.8/pc/d7099d3fd1dfdaf705ab.svg,5.0,,https://deo.shopeemobile.com/shopee/modules-federation/live/0/shopee__item-card-standard-v2/0.2.8/pc/38e203dc86172a6c6560.svg,https://deo.shopeemobile.com/shopee/modules-federation/live/0/shopee__item-card-standard-v2/0.2.8/pc/0614b8f0a8fdde22942d.svg,2 jam,https://deo.shopeemobile.com/shopee/modules-federation/live/0/shopee__item-card-standard-v2/0.2.8/pc/5dd7b4560d0e2d3190e8.svg,Surabaya,,,,"Xiaomi Redmi 15C 6/128 - 8/256 GB Layar 6.9"" Mediatek Helio G81 Ultra Battery 6000 mAh
Rp
2.159.000
5.0
118 Terjual
2 jam
Surabaya",https://shopee.co.id/Xiaomi-Redmi-15C-6-128-8-256-GB-Layar-6.9-Mediatek-Helio-G81-Ultra-Battery-6000-mAh-i.162737639.28890269670?extraParams=%7B%22display_model_id%22%3A177276030661%2C%22model_selection_logic%22%3A3%7D&sp_atk=4f387c26-0b4b-4649-8ea4-d05225d1f8c6&xptdk=4f387c26-0b4b-4649-8ea4-d05225d1f8c6,118 Terjual,
https://down-id.img.susercontent.com/file/sg-11134201-824hs-mez6239bx8g956,https://down-id.img.susercontent.com/file/id-11134258-8224v-mkvw0cu9r7k1a5,Xiaomi Redmi 15 8/128GB & 8/256GB [Garansi Resmi Xiaomi],https://deo.shopeemobile.com/shopee/modules-federation/live/0/shopee__item-card-standard-v2/0.2.8/pc/7c9110f78e069acbced7.png,Rp,2.806.000,,https://deo.shopeemobile.com/shopee/modules-federation/live/0/shopee__item-card-standard-v2/0.2.8/pc/d7099d3fd1dfdaf705ab.svg,4.9,,https://deo.shopeemobile.com/shopee/modules-federation/live/0/shopee__item-card-standard-v2/0.2.8/pc/38e203dc86172a6c6560.svg,https://deo.shopeemobile.com/shopee/modules-federation/live/0/shopee__item-card-standard-v2/0.2.8/pc/0614b8f0a8fdde22942d.svg,< 2 Hari,https://deo.shopeemobile.com/shopee/modules-federation/live/0/shopee__item-card-standard-v2/0.2.8/pc/5dd7b4560d0e2d3190e8.svg,Kab. Mojokerto,,,,"Xiaomi Redmi 15 8/128GB & 8/256GB [Garansi Resmi Xiaomi]
Rp
2.806.000
4.9
599 Terjual
< 2 Hari
Kab. Mojokerto",https://shopee.co.id/Xiaomi-Redmi-15-8-128GB-8-256GB-Garansi-Resmi-Xiaomi--i.136745204.43520664359?extraParams=%7B%22display_model_id%22%3A234525556115%2C%22model_selection_logic%22%3A3%7D&sp_atk=2d67d34f-ba53-4f96-baf0-2b92af1152a4&xptdk=2d67d34f-ba53-4f96-baf0-2b92af1152a4,599 Terjual,
https://down-id.img.susercontent.com/file/id-11134207-7r98s-lszyg3670t71c0,https://down-id.img.susercontent.com/file/id-11134258-8224v-mkvw0cu9r7k1a5,Xiaomi Redmi A3 4/128 Garansi Resmi 1 Tahun,https://deo.shopeemobile.com/shopee/modules-federation/live/0/shopee__item-card-standard-v2/0.2.8/pc/a425c915798471b33e5d.png,Rp,1.399.000,,https://deo.shopeemobile.com/shopee/modules-federation/live/0/shopee__item-card-standard-v2/0.2.8/pc/d7099d3fd1dfdaf705ab.svg,4.9,,https://deo.shopeemobile.com/shopee/modules-federation/live/0/shopee__item-card-standard-v2/0.2.8/pc/38e203dc86172a6c6560.svg,https://deo.shopeemobile.com/shopee/modules-federation/live/0/shopee__item-card-standard-v2/0.2.8/pc/0614b8f0a8fdde22942d.svg,< 2 Hari,https://deo.shopeemobile.com/shopee/modules-federation/live/0/shopee__item-card-standard-v2/0.2.8/pc/5dd7b4560d0e2d3190e8.svg,Surabaya,,,,"Xiaomi Redmi A3 4/128 Garansi Resmi 1 Tahun
Rp
1.399.000
4.9
30 Terjual
< 2 Hari
Surabaya",https://shopee.co.id/Xiaomi-Redmi-A3-4-128-Garansi-Resmi-1-Tahun-i.234217844.25419528310?extraParams=%7B%22display_model_id%22%3A217379843807%2C%22model_selection_logic%22%3A3%7D&sp_atk=145c00de-d571-4b92-b932-eb4adeca605f&xptdk=145c00de-d571-4b92-b932-eb4adeca605f,30 Terjual,
https://down-id.img.susercontent.com/file/id-11134207-81zti-mfm4aegeooi565,https://down-id.img.susercontent.com/file/id-11134258-822ws-mnciva8io4qu2f,"[ READY ] Xiaomi Redmi 15C 8+8*/256GB | NFC | Helio G81-Ultra | 6,9"" 120 Hz | 6000mAh 33W | IP64",https://deo.shopeemobile.com/shopee/modules-federation/live/0/shopee__item-card-standard-v2/0.2.8/pc/e4734dab67ee2f9ebd5a.png,Rp,2.199.000,https://deo.shopeemobile.com/shopee/modules-federation/live/0/shopee__item-card-standard-v2/0.2.8/pc/d2a1900a0267d45fd0f5.png,https://deo.shopeemobile.com/shopee/modules-federation/live/0/shopee__item-card-standard-v2/0.2.8/pc/d7099d3fd1dfdaf705ab.svg,5.0,,https://deo.shopeemobile.com/shopee/modules-federation/live/0/shopee__item-card-standard-v2/0.2.8/pc/76dff349290d20891fc1.svg,,,https://deo.shopeemobile.com/shopee/modules-federation/live/0/shopee__item-card-standard-v2/0.2.8/pc/5dd7b4560d0e2d3190e8.svg,Depok,,,,"[ READY ] Xiaomi Redmi 15C 8+8*/256GB | NFC | Helio G81-Ultra | 6,9"" 120 Hz | 6000mAh 33W | IP64
Rp
2.199.000
5.0
228 Terjual
2-3 Hari
Depok",https://shopee.co.id/-READY-Xiaomi-Redmi-15C-8-8*-256GB-NFC-Helio-G81-Ultra-6-9-120-Hz-6000mAh-33W-IP64-i.331211968.29356932768?extraParams=%7B%22display_model_id%22%3A238031770519%2C%22model_selection_logic%22%3A3%7D&sp_atk=9f6ff88e-4404-4df7-a66f-9e4b668683f2&xptdk=9f6ff88e-4404-4df7-a66f-9e4b668683f2,228 Terjual,
https://down-id.img.susercontent.com/file/id-11134207-7rase-m5idomnw13bq4c,https://down-id.img.susercontent.com/file/id-11134258-8224v-mkvw0cu9r7k1a5,Xiaomi Redmi Note 14 5g Ram 12/512gb Garansi Resmi,https://deo.shopeemobile.com/shopee/modules-federation/live/0/shopee__item-card-standard-v2/0.2.8/pc/e4734dab67ee2f9ebd5a.png,Rp,3.775.000,,https://deo.shopeemobile.com/shopee/modules-federation/live/0/shopee__item-card-standard-v2/0.2.8/pc/d7099d3fd1dfdaf705ab.svg,5.0,,https://deo.shopeemobile.com/shopee/modules-federation/live/0/shopee__item-card-standard-v2/0.2.8/pc/76dff349290d20891fc1.svg,,,https://deo.shopeemobile.com/shopee/modules-federation/live/0/shopee__item-card-standard-v2/0.2.8/pc/5dd7b4560d0e2d3190e8.svg,Kediri,,,,"Xiaomi Redmi Note 14 5g Ram 12/512gb Garansi Resmi
Rp
3.775.000
5.0
254 Terjual
2-4 Hari
Kediri",https://shopee.co.id/Xiaomi-Redmi-Note-14-5g-Ram-12-512gb-Garansi-Resmi-i.45658405.24090874802?extraParams=%7B%22display_model_id%22%3A218181998013%2C%22model_selection_logic%22%3A3%7D&sp_atk=4ce52b5c-094b-4e66-b0c5-9d99797c8d28&xptdk=4ce52b5c-094b-4e66-b0c5-9d99797c8d28,254 Terjual,
https://down-id.img.susercontent.com/file/id-11134207-7rbk4-m65lgrcrymsod3,https://down-id.img.susercontent.com/file/id-11134258-8224v-mkvw0cu9r7k1a5,Xiaomi Redmi Note 14 5g 12/512 Gb | 8/256 Gb Garansi Resmi Xiaomi Indonesia,https://deo.shopeemobile.com/shopee/modules-federation/live/0/shopee__item-card-standard-v2/0.2.8/pc/a425c915798471b33e5d.png,Rp,3.399.000,,https://deo.shopeemobile.com/shopee/modules-federation/live/0/shopee__item-card-standard-v2/0.2.8/pc/d7099d3fd1dfdaf705ab.svg,4.9,,https://deo.shopeemobile.com/shopee/modules-federation/live/0/shopee__item-card-standard-v2/0.2.8/pc/38e203dc86172a6c6560.svg,https://deo.shopeemobile.com/shopee/modules-federation/live/0/shopee__item-card-standard-v2/0.2.8/pc/0614b8f0a8fdde22942d.svg,< 2 Hari,https://deo.shopeemobile.com/shopee/modules-federation/live/0/shopee__item-card-standard-v2/0.2.8/pc/5dd7b4560d0e2d3190e8.svg,Surabaya,,,,"Xiaomi Redmi Note 14 5g 12/512 Gb | 8/256 Gb Garansi Resmi Xiaomi Indonesia
Rp
3.399.000
4.9
69 Terjual
< 2 Hari
Surabaya",https://shopee.co.id/Xiaomi-Redmi-Note-14-5g-12-512-Gb-8-256-Gb-Garansi-Resmi-Xiaomi-Indonesia-i.82770881.27225981953?extraParams=%7B%22display_model_id%22%3A242626085227%2C%22model_selection_logic%22%3A3%7D&sp_atk=007ef1d3-8cfa-4e57-b69f-6511daad7c66&xptdk=007ef1d3-8cfa-4e57-b69f-6511daad7c66,69 Terjual,
https://down-id.img.susercontent.com/file/id-11134207-8224u-mjwgs9c2ss9008,https://down-id.img.susercontent.com/file/id-11134258-8224v-mkvw0cu9r7k1a5,XIAOMI REDMI 15C 6GB 128GB MIDNIGHT BLACK (BOX CHA),https://deo.shopeemobile.com/shopee/modules-federation/live/0/shopee__item-card-standard-v2/0.2.8/pc/7c9110f78e069acbced7.png,Rp,2.199.000,,https://deo.shopeemobile.com/shopee/modules-federation/live/0/shopee__item-card-standard-v2/0.2.8/pc/d7099d3fd1dfdaf705ab.svg,4.8,,https://deo.shopeemobile.com/shopee/modules-federation/live/0/shopee__item-card-standard-v2/0.2.8/pc/38e203dc86172a6c6560.svg,https://deo.shopeemobile.com/shopee/modules-federation/live/0/shopee__item-card-standard-v2/0.2.8/pc/0614b8f0a8fdde22942d.svg,4 jam,https://deo.shopeemobile.com/shopee/modules-federation/live/0/shopee__item-card-standard-v2/0.2.8/pc/5dd7b4560d0e2d3190e8.svg,Surabaya,,,,"XIAOMI REDMI 15C 6GB 128GB MIDNIGHT BLACK (BOX CHA)
Rp
2.199.000
4.8
84 Terjual
4 jam
Surabaya",https://shopee.co.id/XIAOMI-REDMI-15C-6GB-128GB-MIDNIGHT-BLACK-(BOX-CHA)-i.1471949508.44064876718?extraParams=%7B%22display_model_id%22%3A291232334573%2C%22model_selection_logic%22%3A3%7D&sp_atk=20111190-fda8-44f8-b713-59027f2da414&xptdk=20111190-fda8-44f8-b713-59027f2da414,84 Terjual,
https://down-id.img.susercontent.com/file/id-11134207-81ztj-meqr7v6tsf0n33,https://down-id.img.susercontent.com/file/id-11134258-8224v-mkvw0cu9r7k1a5,Xiaomi Redmi 15 8GB/128GB I 8GB/256GB Garansi Resmi Xiaomi Indonesia,https://deo.shopeemobile.com/shopee/modules-federation/live/0/shopee__item-card-standard-v2/0.2.8/pc/7c9110f78e069acbced7.png,Rp,2.554.000,,https://deo.shopeemobile.com/shopee/modules-federation/live/0/shopee__item-card-standard-v2/0.2.8/pc/d7099d3fd1dfdaf705ab.svg,4.9,,https://deo.shopeemobile.com/shopee/modules-federation/live/0/shopee__item-card-standard-v2/0.2.8/pc/76dff349290d20891fc1.svg,,,https://deo.shopeemobile.com/shopee/modules-federation/live/0/shopee__item-card-standard-v2/0.2.8/pc/5dd7b4560d0e2d3190e8.svg,Jakarta Pusat,,-2%,https://deo.shopeemobile.com/shopee/modules-federation/live/0/shopee__item-card-standard-v2/0.2.8/pc/b4d1b8a78b3621dbdf4a.svg,"Xiaomi Redmi 15 8GB/128GB I 8GB/256GB Garansi Resmi Xiaomi Indonesia
Rp
2.554.000
-2%
4.9
426 Terjual
3 Hari
Jakarta Pusat",https://shopee.co.id/Xiaomi-Redmi-15-8GB-128GB-I-8GB-256GB-Garansi-Resmi-Xiaomi-Indonesia-i.1119863145.42469332470?extraParams=%7B%22display_model_id%22%3A296583903064%2C%22model_selection_logic%22%3A3%7D&sp_atk=6367530f-1d9c-4e54-b152-f1251e308cf3&xptdk=6367530f-1d9c-4e54-b152-f1251e308cf3,426 Terjual,
https://down-id.img.susercontent.com/file/id-11134207-8224x-mgueg8rba9zg51,https://down-id.img.susercontent.com/file/id-11134258-8224v-mkvw0cu9r7k1a5,Xiaomi Redmi 15 8/128 8/256 Garansi Resmi Xiaomi Indonesia,https://deo.shopeemobile.com/shopee/modules-federation/live/0/shopee__item-card-standard-v2/0.2.8/pc/7c9110f78e069acbced7.png,Rp,2.669.000,,https://deo.shopeemobile.com/shopee/modules-federation/live/0/shopee__item-card-standard-v2/0.2.8/pc/d7099d3fd1dfdaf705ab.svg,4.9,,https://deo.shopeemobile.com/shopee/modules-federation/live/0/shopee__item-card-standard-v2/0.2.8/pc/76dff349290d20891fc1.svg,,,https://deo.shopeemobile.com/shopee/modules-federation/live/0/shopee__item-card-standard-v2/0.2.8/pc/5dd7b4560d0e2d3190e8.svg,Jakarta Pusat,,-5%,,"Xiaomi Redmi 15 8/128 8/256 Garansi Resmi Xiaomi Indonesia
Rp
2.669.000
-5%
4.9
1RB+ Terjual
3 Hari
Jakarta Pusat",https://shopee.co.id/Xiaomi-Redmi-15-8-128-8-256-Garansi-Resmi-Xiaomi-Indonesia-i.24888987.29702127542?extraParams=%7B%22display_model_id%22%3A296733743341%2C%22model_selection_logic%22%3A3%7D&sp_atk=5bfcbce5-3ff0-4701-951b-deac735715c6&xptdk=5bfcbce5-3ff0-4701-951b-deac735715c6,1RB+ Terjual,
https://down-id.img.susercontent.com/file/id-11134207-7rasb-m5idomnw9iqea0,https://down-id.img.susercontent.com/file/id-11134258-8224v-mkvw0cu9r7k1a5,Xiaomi Redmi Note 14 Pro (5G) Ram 8/256gb Garansi Resmi,https://deo.shopeemobile.com/shopee/modules-federation/live/0/shopee__item-card-standard-v2/0.2.8/pc/e4734dab67ee2f9ebd5a.png,Rp,4.070.000,,https://deo.shopeemobile.com/shopee/modules-federation/live/0/shopee__item-card-standard-v2/0.2.8/pc/d7099d3fd1dfdaf705ab.svg,5.0,,https://deo.shopeemobile.com/shopee/modules-federation/live/0/shopee__item-card-standard-v2/0.2.8/pc/76dff349290d20891fc1.svg,,,https://deo.shopeemobile.com/shopee/modules-federation/live/0/shopee__item-card-standard-v2/0.2.8/pc/5dd7b4560d0e2d3190e8.svg,Kediri,,,,"Xiaomi Redmi Note 14 Pro (5G) Ram 8/256gb Garansi Resmi
Rp
4.070.000
5.0
393 Terjual
2-4 Hari
Kediri",https://shopee.co.id/Xiaomi-Redmi-Note-14-Pro-(5G)-Ram-8-256gb-Garansi-Resmi-i.45658405.29224659868?extraParams=%7B%22display_model_id%22%3A166944078107%2C%22model_selection_logic%22%3A3%7D&sp_atk=c07aa7c3-9641-4ce1-820d-0f8d8ea575bb&xptdk=c07aa7c3-9641-4ce1-820d-0f8d8ea575bb,393 Terjual,
https://down-id.img.susercontent.com/file/id-11134207-8224t-mhilbxe3slqeab,https://down-id.img.susercontent.com/file/id-11134258-8224v-mkvw0cu9r7k1a5,Xiaomi Redmi 15C Ram 6/128Gb 8/256 Big Battery Garansi Resmi,https://deo.shopeemobile.com/shopee/modules-federation/live/0/shopee__item-card-standard-v2/0.2.8/pc/a425c915798471b33e5d.png,Rp,2.149.000,https://deo.shopeemobile.com/shopee/modules-federation/live/0/shopee__item-card-standard-v2/0.2.8/pc/d2a1900a0267d45fd0f5.png,https://deo.shopeemobile.com/shopee/modules-federation/live/0/shopee__item-card-standard-v2/0.2.8/pc/d7099d3fd1dfdaf705ab.svg,4.9,,https://deo.shopeemobile.com/shopee/modules-federation/live/0/shopee__item-card-standard-v2/0.2.8/pc/76dff349290d20891fc1.svg,,,https://deo.shopeemobile.com/shopee/modules-federation/live/0/shopee__item-card-standard-v2/0.2.8/pc/5dd7b4560d0e2d3190e8.svg,Kab. Nganjuk,,,,"Xiaomi Redmi 15C Ram 6/128Gb 8/256 Big Battery Garansi Resmi
Rp
2.149.000
4.9
1RB+ Terjual
3-4 Hari
Kab. Nganjuk",https://shopee.co.id/Xiaomi-Redmi-15C-Ram-6-128Gb-8-256-Big-Battery-Garansi-Resmi-i.132119622.42867558269?extraParams=%7B%22display_model_id%22%3A276446874910%2C%22model_selection_logic%22%3A3%7D&sp_atk=0eded4bd-0f69-42ca-8977-2022414f1532&xptdk=0eded4bd-0f69-42ca-8977-2022414f1532,1RB+ Terjual,
https://down-id.img.susercontent.com/file/id-11134207-81zte-mfexq9w3979lad,https://down-id.img.susercontent.com/file/id-11134258-822ws-mnciva8io4qu2f,Xiaomi 15T Pro 12/512GB RAM 12GB ROM 512GB - Garansi Resmi 1 Tahun,https://deo.shopeemobile.com/shopee/modules-federation/live/0/shopee__item-card-standard-v2/0.2.8/pc/7c9110f78e069acbced7.png,Rp,10.629.000,https://deo.shopeemobile.com/shopee/modules-federation/live/0/shopee__item-card-standard-v2/0.2.8/pc/d2a1900a0267d45fd0f5.png,https://deo.shopeemobile.com/shopee/modules-federation/live/0/shopee__item-card-standard-v2/0.2.8/pc/d7099d3fd1dfdaf705ab.svg,4.9,,https://deo.shopeemobile.com/shopee/modules-federation/live/0/shopee__item-card-standard-v2/0.2.8/pc/38e203dc86172a6c6560.svg,https://deo.shopeemobile.com/shopee/modules-federation/live/0/shopee__item-card-standard-v2/0.2.8/pc/0614b8f0a8fdde22942d.svg,< 2 Hari,,,,,,"Xiaomi 15T Pro 12/512GB RAM 12GB ROM 512GB - Garansi Resmi 1 Tahun
Rp
10.629.000
4.9
119 Terjual
< 2 Hari",https://shopee.co.id/Xiaomi-15T-Pro-12-512GB-RAM-12GB-ROM-512GB-Garansi-Resmi-1-Tahun-i.160369383.20636535001?extraParams=%7B%22display_model_id%22%3A188739254277%2C%22model_selection_logic%22%3A3%7D&sp_atk=e4348063-64b1-40b6-8da7-f195e4aebfca&xptdk=e4348063-64b1-40b6-8da7-f195e4aebfca,119 Terjual,
https://down-id.img.susercontent.com/file/sg-11134201-7rdx5-mdoant5vdqske7,https://down-id.img.susercontent.com/file/id-11134258-822ws-mnciva8io4qu2f,"Xiaomi Redmi 15C - Garansi Resmi, Original 100%",https://deo.shopeemobile.com/shopee/modules-federation/live/0/shopee__item-card-standard-v2/0.2.8/pc/a425c915798471b33e5d.png,Rp,2.209.000,,https://deo.shopeemobile.com/shopee/modules-federation/live/0/shopee__item-card-standard-v2/0.2.8/pc/d7099d3fd1dfdaf705ab.svg,5.0,,https://deo.shopeemobile.com/shopee/modules-federation/live/0/shopee__item-card-standard-v2/0.2.8/pc/76dff349290d20891fc1.svg,,,https://deo.shopeemobile.com/shopee/modules-federation/live/0/shopee__item-card-standard-v2/0.2.8/pc/5dd7b4560d0e2d3190e8.svg,Banjarmasin,Kombo Hemat,-1%,https://deo.shopeemobile.com/shopee/modules-federation/live/0/shopee__item-card-standard-v2/0.2.8/pc/b4d1b8a78b3621dbdf4a.svg,"Xiaomi Redmi 15C - Garansi Resmi, Original 100%
Rp
2.209.000
-1%
Kombo Hemat
5.0
655 Terjual
4-7 Hari
Banjarmasin",https://shopee.co.id/Xiaomi-Redmi-15C-Garansi-Resmi-Original-100--i.53222836.42464297034?extraParams=%7B%22display_model_id%22%3A206216944818%2C%22model_selection_logic%22%3A3%7D&sp_atk=75f99ebe-1f50-44a2-84d0-43cf36ddc919&xptdk=75f99ebe-1f50-44a2-84d0-43cf36ddc919,655 Terjual,
https://down-id.img.susercontent.com/file/id-11134207-8224r-mho2stl09i4g9e,https://down-id.img.susercontent.com/file/id-11134258-8224v-mkvw0cu9r7k1a5,"NEW XIAOMI REDMI 15 RAM 8GB 256 GB BATERAI 7000 mAh 33watt LAYAR 6,9 FHD+",https://deo.shopeemobile.com/shopee/modules-federation/live/0/shopee__item-card-standard-v2/0.2.8/pc/7c9110f78e069acbced7.png,Rp,2.599.000,https://deo.shopeemobile.com/shopee/modules-federation/live/0/shopee__item-card-standard-v2/0.2.8/pc/d2a1900a0267d45fd0f5.png,https://deo.shopeemobile.com/shopee/modules-federation/live/0/shopee__item-card-standard-v2/0.2.8/pc/d7099d3fd1dfdaf705ab.svg,5.0,,https://deo.shopeemobile.com/shopee/modules-federation/live/0/shopee__item-card-standard-v2/0.2.8/pc/76dff349290d20891fc1.svg,,,https://deo.shopeemobile.com/shopee/modules-federation/live/0/shopee__item-card-standard-v2/0.2.8/pc/5dd7b4560d0e2d3190e8.svg,Depok,,,,"NEW XIAOMI REDMI 15 RAM 8GB 256 GB BATERAI 7000 mAh 33watt LAYAR 6,9 FHD+
Rp
2.599.000
5.0
189 Terjual
3 Hari
Depok",https://shopee.co.id/NEW-XIAOMI-REDMI-15-RAM-8GB-256-GB-BATERAI-7000-mAh-33watt-LAYAR-6-9-FHD--i.1367937206.54602403871?extraParams=%7B%22display_model_id%22%3A395234430803%2C%22model_selection_logic%22%3A3%7D&sp_atk=76910381-324d-4272-b3e2-53bf3eda1e9e&xptdk=76910381-324d-4272-b3e2-53bf3eda1e9e,189 Terjual,
https://down-id.img.susercontent.com/file/id-11134207-7r991-ltgd7m0svajn8c,https://down-id.img.susercontent.com/file/id-11134258-822wr-mlx5y0tebegw04,Xiaomi Redmi A3 Ram 4 Rom 128GB Segel Original & Bergaransi Resmi,https://deo.shopeemobile.com/shopee/modules-federation/live/0/shopee__item-card-standard-v2/0.2.8/pc/e4734dab67ee2f9ebd5a.png,Rp,1.470.094,,https://deo.shopeemobile.com/shopee/modules-federation/live/0/shopee__item-card-standard-v2/0.2.8/pc/d7099d3fd1dfdaf705ab.svg,4.9,,https://deo.shopeemobile.com/shopee/modules-federation/live/0/shopee__item-card-standard-v2/0.2.8/pc/76dff349290d20891fc1.svg,,,https://deo.shopeemobile.com/shopee/modules-federation/live/0/shopee__item-card-standard-v2/0.2.8/pc/5dd7b4560d0e2d3190e8.svg,Surabaya,,-18%,,"Xiaomi Redmi A3 Ram 4 Rom 128GB Segel Original & Bergaransi Resmi
Rp
1.470.094
-18%
4.9
139 Terjual
1-3 Hari
Surabaya",https://shopee.co.id/Xiaomi-Redmi-A3-Ram-4-Rom-128GB-Segel-Original-Bergaransi-Resmi-i.233982802.25871155692?extraParams=%7B%22display_model_id%22%3A217404430350%2C%22model_selection_logic%22%3A3%7D&sp_atk=ee9b6bd1-dfd7-4381-8d9c-7cf944705ae8&xptdk=ee9b6bd1-dfd7-4381-8d9c-7cf944705ae8,139 Terjual,
https://down-id.img.susercontent.com/file/id-11134207-81ztq-mel0y36cb66f29,https://down-id.img.susercontent.com/file/id-11134258-8224v-mkvw0cu9r7k1a5,XIAOMI REDMI 15C 6/128 & 8/256 & 14C GARANSI RESMI,https://deo.shopeemobile.com/shopee/modules-federation/live/0/shopee__item-card-standard-v2/0.2.8/pc/e4734dab67ee2f9ebd5a.png,Rp,2.199.000,,https://deo.shopeemobile.com/shopee/modules-federation/live/0/shopee__item-card-standard-v2/0.2.8/pc/d7099d3fd1dfdaf705ab.svg,5.0,,https://deo.shopeemobile.com/shopee/modules-federation/live/0/shopee__item-card-standard-v2/0.2.8/pc/76dff349290d20891fc1.svg,,,https://deo.shopeemobile.com/shopee/modules-federation/live/0/shopee__item-card-standard-v2/0.2.8/pc/5dd7b4560d0e2d3190e8.svg,Medan,,,,"XIAOMI REDMI 15C 6/128 & 8/256 & 14C GARANSI RESMI
Rp
2.199.000
5.0
423 Terjual
3 Hari
Medan",https://shopee.co.id/XIAOMI-REDMI-15C-6-128-8-256-14C-GARANSI-RESMI-i.663719702.23033165945?extraParams=%7B%22display_model_id%22%3A197873226600%2C%22model_selection_logic%22%3A3%7D&sp_atk=34ec70df-42b5-4f4b-add3-89b62c043327&xptdk=34ec70df-42b5-4f4b-add3-89b62c043327,423 Terjual,
https://down-id.img.susercontent.com/file/id-11134207-81ztk-metiygettwqqf4,https://down-id.img.susercontent.com/file/id-11134258-8224v-mkvw0cu9r7k1a5,Xiaomi Redmi 15 8GB 128GB 256GB 7000mAh 50MP Camera Chipset Snapdragon 685 Hp Storage luas,https://deo.shopeemobile.com/shopee/modules-federation/live/0/shopee__item-card-standard-v2/0.2.8/pc/e4734dab67ee2f9ebd5a.png,Rp,2.659.000,,https://deo.shopeemobile.com/shopee/modules-federation/live/0/shopee__item-card-standard-v2/0.2.8/pc/d7099d3fd1dfdaf705ab.svg,5.0,,https://deo.shopeemobile.com/shopee/modules-federation/live/0/shopee__item-card-standard-v2/0.2.8/pc/38e203dc86172a6c6560.svg,https://deo.shopeemobile.com/shopee/modules-federation/live/0/shopee__item-card-standard-v2/0.2.8/pc/0614b8f0a8fdde22942d.svg,< 2 Hari,https://deo.shopeemobile.com/shopee/modules-federation/live/0/shopee__item-card-standard-v2/0.2.8/pc/5dd7b4560d0e2d3190e8.svg,Malang,,,,"Xiaomi Redmi 15 8GB 128GB 256GB 7000mAh 50MP Camera Chipset Snapdragon 685 Hp Storage luas
Rp
2.659.000
5.0
4 Terjual
< 2 Hari
Malang",https://shopee.co.id/Xiaomi-Redmi-15-8GB-128GB-256GB-7000mAh-50MP-Camera-Chipset-Snapdragon-685-Hp-Storage-luas-i.10625226.28141769071?extraParams=%7B%22display_model_id%22%3A276628203203%2C%22model_selection_logic%22%3A3%7D&sp_atk=fb4205fa-2c05-4541-9d83-0692b677f5d9&xptdk=fb4205fa-2c05-4541-9d83-0692b677f5d9,4 Terjual,
https://down-id.img.susercontent.com/file/id-11134207-7r98v-lno9umpaunobde,https://down-id.img.susercontent.com/file/id-11134258-8224v-mkvw0cu9r7k1a5,XIAOMI REDMI 10C 4/64 GARANSI RESMI,,Rp,1.530.000,,https://deo.shopeemobile.com/shopee/modules-federation/live/0/shopee__item-card-standard-v2/0.2.8/pc/d7099d3fd1dfdaf705ab.svg,4.8,,https://deo.shopeemobile.com/shopee/modules-federation/live/0/shopee__item-card-standard-v2/0.2.8/pc/76dff349290d20891fc1.svg,,,https://deo.shopeemobile.com/shopee/modules-federation/live/0/shopee__item-card-standard-v2/0.2.8/pc/5dd7b4560d0e2d3190e8.svg,Surabaya,,,,"XIAOMI REDMI 10C 4/64 GARANSI RESMI
Rp
1.530.000
4.8
117 Terjual
3 Hari
Surabaya",https://shopee.co.id/XIAOMI-REDMI-10C-4-64-GARANSI-RESMI-i.251901443.20963351397?extraParams=%7B%22display_model_id%22%3A203251373119%2C%22model_selection_logic%22%3A3%7D&sp_atk=ba7b3502-f0bf-4756-8901-6eb2becf1824&xptdk=ba7b3502-f0bf-4756-8901-6eb2becf1824,117 Terjual,
https://down-id.img.susercontent.com/file/id-11134207-7qul7-liem69gozyj4a0,https://down-id.img.susercontent.com/file/id-11134258-8224v-mkvw0cu9r7k1a5,Xiaomi Redmi 10 6/128Gb Garansi Resmi,https://deo.shopeemobile.com/shopee/modules-federation/live/0/shopee__item-card-standard-v2/0.2.8/pc/e4734dab67ee2f9ebd5a.png,Rp,1.550.000,https://deo.shopeemobile.com/shopee/modules-federation/live/0/shopee__item-card-standard-v2/0.2.8/pc/d2a1900a0267d45fd0f5.png,https://deo.shopeemobile.com/shopee/modules-federation/live/0/shopee__item-card-standard-v2/0.2.8/pc/d7099d3fd1dfdaf705ab.svg,5.0,,https://deo.shopeemobile.com/shopee/modules-federation/live/0/shopee__item-card-standard-v2/0.2.8/pc/76dff349290d20891fc1.svg,,,https://deo.shopeemobile.com/shopee/modules-federation/live/0/shopee__item-card-standard-v2/0.2.8/pc/5dd7b4560d0e2d3190e8.svg,Surabaya,,,,"Xiaomi Redmi 10 6/128Gb Garansi Resmi
Rp
1.550.000
5.0
18 Terjual
2-4 Hari
Surabaya",https://shopee.co.id/Xiaomi-Redmi-10-6-128Gb-Garansi-Resmi-i.61714473.19781192011?extraParams=%7B%22display_model_id%22%3A225343623343%2C%22model_selection_logic%22%3A3%7D&sp_atk=2aed327b-8b13-4bfd-8134-adb30285b4e9&xptdk=2aed327b-8b13-4bfd-8134-adb30285b4e9,18 Terjual,
https://down-id.img.susercontent.com/file/id-11134207-81ztc-mdvr2eled79c6b,https://down-id.img.susercontent.com/file/id-11134258-822ws-mnciva8io4qu2f,"Xiaomi Redmi 15C (6+128) (8+256) | Baterai 6000mAh | Layar Imersif 6.9"" 120Hz | GARANSI RESMI",https://deo.shopeemobile.com/shopee/modules-federation/live/0/shopee__item-card-standard-v2/0.2.8/pc/e4734dab67ee2f9ebd5a.png,Rp,2.167.000,https://deo.shopeemobile.com/shopee/modules-federation/live/0/shopee__item-card-standard-v2/0.2.8/pc/d2a1900a0267d45fd0f5.png,https://deo.shopeemobile.com/shopee/modules-federation/live/0/shopee__item-card-standard-v2/0.2.8/pc/d7099d3fd1dfdaf705ab.svg,5.0,,https://deo.shopeemobile.com/shopee/modules-federation/live/0/shopee__item-card-standard-v2/0.2.8/pc/38e203dc86172a6c6560.svg,https://deo.shopeemobile.com/shopee/modules-federation/live/0/shopee__item-card-standard-v2/0.2.8/pc/0614b8f0a8fdde22942d.svg,Besok,https://deo.shopeemobile.com/shopee/modules-federation/live/0/shopee__item-card-standard-v2/0.2.8/pc/5dd7b4560d0e2d3190e8.svg,Surabaya,,,,"Xiaomi Redmi 15C (6+128) (8+256) | Baterai 6000mAh | Layar Imersif 6.9"" 120Hz | GARANSI RESMI
Rp
2.167.000
5.0
149 Terjual
Besok
Surabaya",https://shopee.co.id/Xiaomi-Redmi-15C-(6-128)-(8-256)-Baterai-6000mAh-Layar-Imersif-6.9-120Hz-GARANSI-RESMI-i.107897411.41815166588?extraParams=%7B%22display_model_id%22%3A286254079741%2C%22model_selection_logic%22%3A3%7D&sp_atk=16486f0e-7fc7-46b7-8757-3d04622a2536&xptdk=16486f0e-7fc7-46b7-8757-3d04622a2536,149 Terjual,
https://down-id.img.susercontent.com/file/id-11134207-7rbk9-m9zl21nn8tn154,https://down-id.img.susercontent.com/file/id-11134258-8224v-mkvw0cu9r7k1a5,"Xiaomi Poco C71 4/128 GB Layar 6.88"" Garansi Resmi",https://deo.shopeemobile.com/shopee/modules-federation/live/0/shopee__item-card-standard-v2/0.2.8/pc/e4734dab67ee2f9ebd5a.png,Rp,1.635.000,,https://deo.shopeemobile.com/shopee/modules-federation/live/0/shopee__item-card-standard-v2/0.2.8/pc/d7099d3fd1dfdaf705ab.svg,4.9,,https://deo.shopeemobile.com/shopee/modules-federation/live/0/shopee__item-card-standard-v2/0.2.8/pc/76dff349290d20891fc1.svg,,,https://deo.shopeemobile.com/shopee/modules-federation/live/0/shopee__item-card-standard-v2/0.2.8/pc/5dd7b4560d0e2d3190e8.svg,Bandung,,,,"Xiaomi Poco C71 4/128 GB Layar 6.88"" Garansi Resmi
Rp
1.635.000
4.9
190 Terjual
3 Hari
Bandung",https://shopee.co.id/Xiaomi-Poco-C71-4-128-GB-Layar-6.88-Garansi-Resmi-i.37838182.41301575169?extraParams=%7B%22display_model_id%22%3A280128169448%2C%22model_selection_logic%22%3A3%7D&sp_atk=27f2c156-227b-43be-96a9-21d243f4ead1&xptdk=27f2c156-227b-43be-96a9-21d243f4ead1,190 Terjual,
https://down-id.img.susercontent.com/file/id-11134207-7ra0m-mcbyu9s90htu7e,https://down-id.img.susercontent.com/file/id-11134258-822wr-mlx5y0tebegw04,Xiaomi Poco M7 Pro Ram 8GB Rom 256GB,https://deo.shopeemobile.com/shopee/modules-federation/live/0/shopee__item-card-standard-v2/0.2.8/pc/e4734dab67ee2f9ebd5a.png,Rp,2.807.920,,https://deo.shopeemobile.com/shopee/modules-federation/live/0/shopee__item-card-standard-v2/0.2.8/pc/d7099d3fd1dfdaf705ab.svg,4.9,,https://deo.shopeemobile.com/shopee/modules-federation/live/0/shopee__item-card-standard-v2/0.2.8/pc/76dff349290d20891fc1.svg,,,https://deo.shopeemobile.com/shopee/modules-federation/live/0/shopee__item-card-standard-v2/0.2.8/pc/5dd7b4560d0e2d3190e8.svg,Surabaya,,-20%,,"Xiaomi Poco M7 Pro Ram 8GB Rom 256GB
Rp
2.807.920
-20%
4.9
46 Terjual
2-4 Hari
Surabaya",https://shopee.co.id/Xiaomi-Poco-M7-Pro-Ram-8GB-Rom-256GB-i.433115955.41008994128?extraParams=%7B%22display_model_id%22%3A243638437310%2C%22model_selection_logic%22%3A3%7D&sp_atk=d102687f-d612-4cfb-bad4-74aa45ffd47e&xptdk=d102687f-d612-4cfb-bad4-74aa45ffd47e,46 Terjual,
https://down-id.img.susercontent.com/file/id-11134207-7ra0i-mdr2e79prk5083,https://down-id.img.susercontent.com/file/id-11134258-822ws-mnciva8io4qu2f,Xiaomi Redmi 15C 6/128GB | 8/256GB Baterai 6000 mAh dengan pengisian cepat 33W - Garansi Resmi 1 Thn,https://deo.shopeemobile.com/shopee/modules-federation/live/0/shopee__item-card-standard-v2/0.2.8/pc/7c9110f78e069acbced7.png,Rp,2.196.000,https://deo.shopeemobile.com/shopee/modules-federation/live/0/shopee__item-card-standard-v2/0.2.8/pc/d2a1900a0267d45fd0f5.png,https://deo.shopeemobile.com/shopee/modules-federation/live/0/shopee__item-card-standard-v2/0.2.8/pc/d7099d3fd1dfdaf705ab.svg,5.0,,https://deo.shopeemobile.com/shopee/modules-federation/live/0/shopee__item-card-standard-v2/0.2.8/pc/38e203dc86172a6c6560.svg,https://deo.shopeemobile.com/shopee/modules-federation/live/0/shopee__item-card-standard-v2/0.2.8/pc/0614b8f0a8fdde22942d.svg,Besok,https://deo.shopeemobile.com/shopee/modules-federation/live/0/shopee__item-card-standard-v2/0.2.8/pc/5dd7b4560d0e2d3190e8.svg,Surabaya,,-1%,https://deo.shopeemobile.com/shopee/modules-federation/live/0/shopee__item-card-standard-v2/0.2.8/pc/b4d1b8a78b3621dbdf4a.svg,"Xiaomi Redmi 15C 6/128GB | 8/256GB Baterai 6000 mAh dengan pengisian cepat 33W - Garansi Resmi 1 Thn
Rp
2.196.000
-1%
5.0
134 Terjual
Besok
Surabaya",https://shopee.co.id/Xiaomi-Redmi-15C-6-128GB-8-256GB-Baterai-6000-mAh-dengan-pengisian-cepat-33W-Garansi-Resmi-1-Thn-i.1118848599.43664758537?extraParams=%7B%22display_model_id%22%3A276222691676%2C%22model_selection_logic%22%3A3%7D&sp_atk=675656f7-3626-4b02-b680-cad134b98843&xptdk=675656f7-3626-4b02-b680-cad134b98843,134 Terjual,
https://down-id.img.susercontent.com/file/id-11134207-7ra0m-mdvbr3k7qj8ya9,https://down-id.img.susercontent.com/file/id-11134258-8224v-mkvw0cu9r7k1a5,XIAOMI REDMI 15C RAM 8/256 GARANSI RESMI,https://deo.shopeemobile.com/shopee/modules-federation/live/0/shopee__item-card-standard-v2/0.2.8/pc/e4734dab67ee2f9ebd5a.png,Rp,2.196.527,,https://deo.shopeemobile.com/shopee/modules-federation/live/0/shopee__item-card-standard-v2/0.2.8/pc/d7099d3fd1dfdaf705ab.svg,5.0,,https://deo.shopeemobile.com/shopee/modules-federation/live/0/shopee__item-card-standard-v2/0.2.8/pc/38e203dc86172a6c6560.svg,https://deo.shopeemobile.com/shopee/modules-federation/live/0/shopee__item-card-standard-v2/0.2.8/pc/0614b8f0a8fdde22942d.svg,Hari ini,https://deo.shopeemobile.com/shopee/modules-federation/live/0/shopee__item-card-standard-v2/0.2.8/pc/5dd7b4560d0e2d3190e8.svg,Surabaya,,,,"XIAOMI REDMI 15C RAM 8/256 GARANSI RESMI
Rp
2.196.527
5.0
15 Terjual
Hari ini
Surabaya",https://shopee.co.id/XIAOMI-REDMI-15C-RAM-8-256-GARANSI-RESMI-i.61323068.43963940084?extraParams=%7B%22display_model_id%22%3A281150151802%2C%22model_selection_logic%22%3A3%7D&sp_atk=a1974098-4383-4867-a579-48f90bcdd93f&xptdk=a1974098-4383-4867-a579-48f90bcdd93f,15 Terjual,
https://down-id.img.susercontent.com/file/id-11134207-8224w-mgs0hhfonuvhf3,https://down-id.img.susercontent.com/file/id-11134258-8224v-mkvw0cu9r7k1a5,Xiaomi Redmi 15C NFC 8/256 GB Prosesor Mediatek Helio 6000 mAh Garansi Resmi,https://deo.shopeemobile.com/shopee/modules-federation/live/0/shopee__item-card-standard-v2/0.2.8/pc/a425c915798471b33e5d.png,Rp,2.149.000,,https://deo.shopeemobile.com/shopee/modules-federation/live/0/shopee__item-card-standard-v2/0.2.8/pc/d7099d3fd1dfdaf705ab.svg,5.0,,https://deo.shopeemobile.com/shopee/modules-federation/live/0/shopee__item-card-standard-v2/0.2.8/pc/76dff349290d20891fc1.svg,,,https://deo.shopeemobile.com/shopee/modules-federation/live/0/shopee__item-card-standard-v2/0.2.8/pc/5dd7b4560d0e2d3190e8.svg,Denpasar,,,,"Xiaomi Redmi 15C NFC 8/256 GB Prosesor Mediatek Helio 6000 mAh Garansi Resmi
Rp
2.149.000
5.0
4 Terjual
3-4 Hari
Denpasar",https://shopee.co.id/Xiaomi-Redmi-15C-NFC-8-256-GB-Prosesor-Mediatek-Helio-6000-mAh-Garansi-Resmi-i.51390211.27131327037?extraParams=%7B%22display_model_id%22%3A238198273790%2C%22model_selection_logic%22%3A3%7D&sp_atk=5d860b7c-ddba-4a5b-a1b3-01c9733a37d8&xptdk=5d860b7c-ddba-4a5b-a1b3-01c9733a37d8,4 Terjual,
https://down-id.img.susercontent.com/file/id-11134207-7ra0k-mdh78bc170y6b3,https://down-id.img.susercontent.com/file/id-11134258-822ws-mnciva8io4qu2f,Xiaomi Redmi 15C [8+128GB] [8+256GB} Garansi Resmi,https://deo.shopeemobile.com/shopee/modules-federation/live/0/shopee__item-card-standard-v2/0.2.8/pc/7c9110f78e069acbced7.png,Rp,2.239.000,,https://deo.shopeemobile.com/shopee/modules-federation/live/0/shopee__item-card-standard-v2/0.2.8/pc/d7099d3fd1dfdaf705ab.svg,5.0,,https://deo.shopeemobile.com/shopee/modules-federation/live/0/shopee__item-card-standard-v2/0.2.8/pc/76dff349290d20891fc1.svg,,,https://deo.shopeemobile.com/shopee/modules-federation/live/0/shopee__item-card-standard-v2/0.2.8/pc/5dd7b4560d0e2d3190e8.svg,Jakarta Barat,Kombo Hemat,-20%,,"Xiaomi Redmi 15C [8+128GB] [8+256GB} Garansi Resmi
Rp
2.239.000
-20%
Kombo Hemat
5.0
558 Terjual
3 Hari
Jakarta Barat",https://shopee.co.id/Xiaomi-Redmi-15C-8-128GB-8-256GB-Garansi-Resmi-i.1516969716.40513559544?extraParams=%7B%22display_model_id%22%3A355749945520%2C%22model_selection_logic%22%3A3%7D&sp_atk=220c0de4-5df8-4939-bdc2-89a9b18c95be&xptdk=220c0de4-5df8-4939-bdc2-89a9b18c95be,558 Terjual,
https://down-id.img.susercontent.com/file/id-11134207-81ztk-mf8ajzp70wlr28,https://down-id.img.susercontent.com/file/id-11134258-7r98w-lyezzaurybot13,Xiaomi Redmi 15 [8GB+256GB] - Garansi Resmi 1 Tahun,https://deo.shopeemobile.com/shopee/modules-federation/live/0/shopee__item-card-standard-v2/0.2.8/pc/7c9110f78e069acbced7.png,Rp,2.499.000,,https://deo.shopeemobile.com/shopee/modules-federation/live/0/shopee__item-card-standard-v2/0.2.8/pc/d7099d3fd1dfdaf705ab.svg,4.9,,https://deo.shopeemobile.com/shopee/modules-federation/live/0/shopee__item-card-standard-v2/0.2.8/pc/76dff349290d20891fc1.svg,,,https://deo.shopeemobile.com/shopee/modules-federation/live/0/shopee__item-card-standard-v2/0.2.8/pc/5dd7b4560d0e2d3190e8.svg,Jakarta Utara,,,,"Xiaomi Redmi 15 [8GB+256GB] - Garansi Resmi 1 Tahun
Rp
2.499.000
4.9
884 Terjual
3-6 Hari
Jakarta Utara",https://shopee.co.id/Xiaomi-Redmi-15-8GB-256GB-Garansi-Resmi-1-Tahun-i.1053062682.41269002215?extraParams=%7B%22display_model_id%22%3A208702625832%2C%22model_selection_logic%22%3A3%7D&sp_atk=7bfb933d-322c-41e3-8954-ec446d7d9602&xptdk=7bfb933d-322c-41e3-8954-ec446d7d9602,3-6 Hari,884 Terjual
https://down-id.img.susercontent.com/file/id-11134207-8224w-mgs0hhfonuvhf3,https://down-id.img.susercontent.com/file/id-11134258-8224v-mkvw0cu9r7k1a5,Xiaomi Redmi 15C NFC 8/256 GB Prosesor Mediatek Helio 6000 mAh Garansi Resmi,https://deo.shopeemobile.com/shopee/modules-federation/live/0/shopee__item-card-standard-v2/0.2.8/pc/a425c915798471b33e5d.png,Rp,2.149.000,,https://deo.shopeemobile.com/shopee/modules-federation/live/0/shopee__item-card-standard-v2/0.2.8/pc/d7099d3fd1dfdaf705ab.svg,5.0,,https://deo.shopeemobile.com/shopee/modules-federation/live/0/shopee__item-card-standard-v2/0.2.8/pc/76dff349290d20891fc1.svg,,,https://deo.shopeemobile.com/shopee/modules-federation/live/0/shopee__item-card-standard-v2/0.2.8/pc/5dd7b4560d0e2d3190e8.svg,Denpasar,,,,"Xiaomi Redmi 15C NFC 8/256 GB Prosesor Mediatek Helio 6000 mAh Garansi Resmi
Rp
2.149.000
5.0
4 Terjual
3-4 Hari
Denpasar",https://shopee.co.id/Xiaomi-Redmi-15C-NFC-8-256-GB-Prosesor-Mediatek-Helio-6000-mAh-Garansi-Resmi-i.51390211.27131327037?extraParams=%7B%22display_model_id%22%3A238198273790%2C%22model_selection_logic%22%3A3%7D&sp_atk=1e00d7ee-8f88-4107-9869-07e54a3f54b0&xptdk=1e00d7ee-8f88-4107-9869-07e54a3f54b0,3-4 Hari,4 Terjual
https://down-id.img.susercontent.com/file/id-11134207-7ra0i-md8vpfjdpyeb21,https://down-id.img.susercontent.com/file/id-11134258-7r98w-lyezzaurybot13,"Xiaomi Poco C71 [4GB+128GB] LCD 6.88"" - Garansi Resmi 1 Tahun",https://deo.shopeemobile.com/shopee/modules-federation/live/0/shopee__item-card-standard-v2/0.2.8/pc/7c9110f78e069acbced7.png,Rp,1.649.000,,https://deo.shopeemobile.com/shopee/modules-federation/live/0/shopee__item-card-standard-v2/0.2.8/pc/d7099d3fd1dfdaf705ab.svg,5.0,,https://deo.shopeemobile.com/shopee/modules-federation/live/0/shopee__item-card-standard-v2/0.2.8/pc/76dff349290d20891fc1.svg,,,https://deo.shopeemobile.com/shopee/modules-federation/live/0/shopee__item-card-standard-v2/0.2.8/pc/5dd7b4560d0e2d3190e8.svg,Jakarta Utara,,,,"Xiaomi Poco C71 [4GB+128GB] LCD 6.88"" - Garansi Resmi 1 Tahun
Rp
1.649.000
5.0
327 Terjual
3-6 Hari
Jakarta Utara",https://shopee.co.id/Xiaomi-Poco-C71-4GB-128GB-LCD-6.88-Garansi-Resmi-1-Tahun-i.259466336.40562196677?extraParams=%7B%22display_model_id%22%3A216197833357%2C%22model_selection_logic%22%3A3%7D&sp_atk=d27c07e9-244a-4d2d-a161-c3e7daed9dd8&xptdk=d27c07e9-244a-4d2d-a161-c3e7daed9dd8,3-6 Hari,327 Terjual
https://down-id.img.susercontent.com/file/id-11134207-7ra0u-mb71pd1fyyy307,https://down-id.img.susercontent.com/file/id-11134258-8224v-mkvw0cu9r7k1a5,XIAOMI POCO F7 5G TAM RAM 12GB MEMORY 512GB 12/512GB 12/256GB GARANSI RESMI XIAOMI 15 BULAN,https://deo.shopeemobile.com/shopee/modules-federation/live/0/shopee__item-card-standard-v2/0.2.8/pc/e4734dab67ee2f9ebd5a.png,Rp,6.399.000,https://deo.shopeemobile.com/shopee/modules-federation/live/0/shopee__item-card-standard-v2/0.2.8/pc/d2a1900a0267d45fd0f5.png,https://deo.shopeemobile.com/shopee/modules-federation/live/0/shopee__item-card-standard-v2/0.2.8/pc/d7099d3fd1dfdaf705ab.svg,5.0,,https://deo.shopeemobile.com/shopee/modules-federation/live/0/shopee__item-card-standard-v2/0.2.8/pc/76dff349290d20891fc1.svg,,,https://deo.shopeemobile.com/shopee/modules-federation/live/0/shopee__item-card-standard-v2/0.2.8/pc/5dd7b4560d0e2d3190e8.svg,Bekasi,,,,"XIAOMI POCO F7 5G TAM RAM 12GB MEMORY 512GB 12/512GB 12/256GB GARANSI RESMI XIAOMI 15 BULAN
Rp
6.399.000
5.0
139 Terjual
2-3 Hari
Bekasi",https://shopee.co.id/XIAOMI-POCO-F7-5G-TAM-RAM-12GB-MEMORY-512GB-12-512GB-12-256GB-GARANSI-RESMI-XIAOMI-15-BULAN-i.101936592.43105228824?extraParams=%7B%22display_model_id%22%3A89197343904%2C%22model_selection_logic%22%3A3%7D&sp_atk=14f94874-10b6-4602-b440-a7f3c5e99040&xptdk=14f94874-10b6-4602-b440-a7f3c5e99040,2-3 Hari,139 Terjual
https://down-id.img.susercontent.com/file/id-11134207-81ztd-mdy8chud3m6a9a,https://down-id.img.susercontent.com/file/id-11134258-7r98w-lyezzaurybot13,XIAOMI REDMI 15C 8/256 - GARANSI RESMI,https://deo.shopeemobile.com/shopee/modules-federation/live/0/shopee__item-card-standard-v2/0.2.8/pc/a425c915798471b33e5d.png,Rp,2.260.000,,https://deo.shopeemobile.com/shopee/modules-federation/live/0/shopee__item-card-standard-v2/0.2.8/pc/d7099d3fd1dfdaf705ab.svg,5.0,,https://deo.shopeemobile.com/shopee/modules-federation/live/0/shopee__item-card-standard-v2/0.2.8/pc/38e203dc86172a6c6560.svg,https://deo.shopeemobile.com/shopee/modules-federation/live/0/shopee__item-card-standard-v2/0.2.8/pc/0614b8f0a8fdde22942d.svg,2 jam,https://deo.shopeemobile.com/shopee/modules-federation/live/0/shopee__item-card-standard-v2/0.2.8/pc/5dd7b4560d0e2d3190e8.svg,Surabaya,,,,"XIAOMI REDMI 15C 8/256 - GARANSI RESMI
Rp
2.260.000
5.0
66 Terjual
2 jam
Surabaya",https://shopee.co.id/XIAOMI-REDMI-15C-8-256-GARANSI-RESMI-i.1409446157.43465434812?extraParams=%7B%22display_model_id%22%3A234451410069%2C%22model_selection_logic%22%3A3%7D&sp_atk=cd05a148-6eb0-4b01-bf98-b80cb02f5e38&xptdk=cd05a148-6eb0-4b01-bf98-b80cb02f5e38,,66 Terjual
https://down-id.img.susercontent.com/file/id-11134207-82251-mk3c8hjoq9s6d4,https://down-id.img.susercontent.com/file/id-11134258-8224v-mkvw0cu9r7k1a5,Xiaomi Redmi Note 15 8/128 8/256 GARANSI RESMI - Lucky Cell Ciracas Official,https://deo.shopeemobile.com/shopee/modules-federation/live/0/shopee__item-card-standard-v2/0.2.8/pc/e4734dab67ee2f9ebd5a.png,Rp,2.999.000,,https://deo.shopeemobile.com/shopee/modules-federation/live/0/shopee__item-card-standard-v2/0.2.8/pc/d7099d3fd1dfdaf705ab.svg,5.0,,https://deo.shopeemobile.com/shopee/modules-federation/live/0/shopee__item-card-standard-v2/0.2.8/pc/76dff349290d20891fc1.svg,,,https://deo.shopeemobile.com/shopee/modules-federation/live/0/shopee__item-card-standard-v2/0.2.8/pc/5dd7b4560d0e2d3190e8.svg,Jakarta Timur,,,,"Xiaomi Redmi Note 15 8/128 8/256 GARANSI RESMI - Lucky Cell Ciracas Official
Rp
2.999.000
5.0
154 Terjual
3 Hari
Jakarta Timur",https://shopee.co.id/Xiaomi-Redmi-Note-15-8-128-8-256-GARANSI-RESMI-Lucky-Cell-Ciracas-Official-i.1269808925.27774759907?extraParams=%7B%22display_model_id%22%3A205757672807%2C%22model_selection_logic%22%3A3%7D&sp_atk=a0f7d2be-a198-44b9-a24e-2b7bde98ace6&xptdk=a0f7d2be-a198-44b9-a24e-2b7bde98ace6,3 Hari,154 Terjual
https://down-id.img.susercontent.com/file/sg-11134201-7rdx5-mdoant5vdqske7,https://down-id.img.susercontent.com/file/id-11134258-822ws-mnciva8io4qu2f,"Xiaomi Redmi 15C - Garansi Resmi, Original 100%",https://deo.shopeemobile.com/shopee/modules-federation/live/0/shopee__item-card-standard-v2/0.2.8/pc/a425c915798471b33e5d.png,Rp,2.209.000,,https://deo.shopeemobile.com/shopee/modules-federation/live/0/shopee__item-card-standard-v2/0.2.8/pc/d7099d3fd1dfdaf705ab.svg,5.0,,https://deo.shopeemobile.com/shopee/modules-federation/live/0/shopee__item-card-standard-v2/0.2.8/pc/76dff349290d20891fc1.svg,,,https://deo.shopeemobile.com/shopee/modules-federation/live/0/shopee__item-card-standard-v2/0.2.8/pc/5dd7b4560d0e2d3190e8.svg,Banjarmasin,Kombo Hemat,-1%,https://deo.shopeemobile.com/shopee/modules-federation/live/0/shopee__item-card-standard-v2/0.2.8/pc/b4d1b8a78b3621dbdf4a.svg,"Xiaomi Redmi 15C - Garansi Resmi, Original 100%
Rp
2.209.000
-1%
Kombo Hemat
5.0
656 Terjual
4-7 Hari
Banjarmasin",https://shopee.co.id/Xiaomi-Redmi-15C-Garansi-Resmi-Original-100--i.53222836.42464297034?extraParams=%7B%22display_model_id%22%3A206216944818%2C%22model_selection_logic%22%3A3%7D&sp_atk=ca8fe0f7-7859-4271-8170-e129e672e809&xptdk=ca8fe0f7-7859-4271-8170-e129e672e809,4-7 Hari,656 Terjual
https://down-id.img.susercontent.com/file/id-11134207-81ztk-metiygettwqqf4,https://down-id.img.susercontent.com/file/id-11134258-8224v-mkvw0cu9r7k1a5,Xiaomi Redmi 15 8GB 128GB 256GB 7000mAh 50MP Camera Chipset Snapdragon 685 Hp Storage luas,https://deo.shopeemobile.com/shopee/modules-federation/live/0/shopee__item-card-standard-v2/0.2.8/pc/e4734dab67ee2f9ebd5a.png,Rp,2.659.000,,https://deo.shopeemobile.com/shopee/modules-federation/live/0/shopee__item-card-standard-v2/0.2.8/pc/d7099d3fd1dfdaf705ab.svg,5.0,,https://deo.shopeemobile.com/shopee/modules-federation/live/0/shopee__item-card-standard-v2/0.2.8/pc/38e203dc86172a6c6560.svg,https://deo.shopeemobile.com/shopee/modules-federation/live/0/shopee__item-card-standard-v2/0.2.8/pc/0614b8f0a8fdde22942d.svg,< 2 Hari,https://deo.shopeemobile.com/shopee/modules-federation/live/0/shopee__item-card-standard-v2/0.2.8/pc/5dd7b4560d0e2d3190e8.svg,Malang,,,,"Xiaomi Redmi 15 8GB 128GB 256GB 7000mAh 50MP Camera Chipset Snapdragon 685 Hp Storage luas
Rp
2.659.000
5.0
4 Terjual
< 2 Hari
Malang",https://shopee.co.id/Xiaomi-Redmi-15-8GB-128GB-256GB-7000mAh-50MP-Camera-Chipset-Snapdragon-685-Hp-Storage-luas-i.10625226.28141769071?extraParams=%7B%22display_model_id%22%3A276628203203%2C%22model_selection_logic%22%3A3%7D&sp_atk=9fbc7f51-199a-4d29-a83b-c5f87c9974b4&xptdk=9fbc7f51-199a-4d29-a83b-c5f87c9974b4,,4 Terjual
https://down-id.img.susercontent.com/file/sg-11134201-824jc-meqtqthnirr79b,https://down-id.img.susercontent.com/file/id-11134258-8224v-mkvw0cu9r7k1a5,Xiaomi Redmi 15 8/128GB | 8/256GB - Garansi Resmi,https://deo.shopeemobile.com/shopee/modules-federation/live/0/shopee__item-card-standard-v2/0.2.8/pc/7c9110f78e069acbced7.png,Rp,2.504.000,,https://deo.shopeemobile.com/shopee/modules-federation/live/0/shopee__item-card-standard-v2/0.2.8/pc/d7099d3fd1dfdaf705ab.svg,4.7,,https://deo.shopeemobile.com/shopee/modules-federation/live/0/shopee__item-card-standard-v2/0.2.8/pc/76dff349290d20891fc1.svg,,,https://deo.shopeemobile.com/shopee/modules-federation/live/0/shopee__item-card-standard-v2/0.2.8/pc/5dd7b4560d0e2d3190e8.svg,Jakarta Pusat,,-19%,https://deo.shopeemobile.com/shopee/modules-federation/live/0/shopee__item-card-standard-v2/0.2.8/pc/b4d1b8a78b3621dbdf4a.svg,"Xiaomi Redmi 15 8/128GB | 8/256GB - Garansi Resmi
Rp
2.504.000
-19%
4.7
129 Terjual
3 Hari
Jakarta Pusat",https://shopee.co.id/Xiaomi-Redmi-15-8-128GB-8-256GB-Garansi-Resmi-i.27662413.42369342828?extraParams=%7B%22display_model_id%22%3A281585126057%2C%22model_selection_logic%22%3A3%7D&sp_atk=9f77eaaf-a6aa-40e5-8dac-649d13ab9769&xptdk=9f77eaaf-a6aa-40e5-8dac-649d13ab9769,3 Hari,129 Terjual
https://down-id.img.susercontent.com/file/id-11134207-82250-mkxautwa5ipt4f,https://down-id.img.susercontent.com/file/id-11134258-822ws-mnciva8io4qu2f,Xiaomi Poco C71 128GB [ Ram 4GB ] Black Blue Gold Garansi Resmi Indonesia,https://deo.shopeemobile.com/shopee/modules-federation/live/0/shopee__item-card-standard-v2/0.2.8/pc/e4734dab67ee2f9ebd5a.png,Rp,1.708.000,,https://deo.shopeemobile.com/shopee/modules-federation/live/0/shopee__item-card-standard-v2/0.2.8/pc/d7099d3fd1dfdaf705ab.svg,4.9,,https://deo.shopeemobile.com/shopee/modules-federation/live/0/shopee__item-card-standard-v2/0.2.8/pc/76dff349290d20891fc1.svg,,,https://deo.shopeemobile.com/shopee/modules-federation/live/0/shopee__item-card-standard-v2/0.2.8/pc/5dd7b4560d0e2d3190e8.svg,Jakarta Pusat,Hadiah Gratis,-1%,https://deo.shopeemobile.com/shopee/modules-federation/live/0/shopee__item-card-standard-v2/0.2.8/pc/b4d1b8a78b3621dbdf4a.svg,"Xiaomi Poco C71 128GB [ Ram 4GB ] Black Blue Gold Garansi Resmi Indonesia
Rp
1.708.000
-1%
Hadiah Gratis
4.9
338 Terjual
3 Hari
Jakarta Pusat",https://shopee.co.id/Xiaomi-Poco-C71-128GB-Ram-4GB-Black-Blue-Gold-Garansi-Resmi-Indonesia-i.175053773.20588316409?extraParams=%7B%22display_model_id%22%3A225165813727%2C%22model_selection_logic%22%3A3%7D&sp_atk=b75f1e4a-17f5-456e-a1b2-ca6c260280e0&xptdk=b75f1e4a-17f5-456e-a1b2-ca6c260280e0,3 Hari,338 Terjual
https://down-id.img.susercontent.com/file/id-11134207-7ra0m-mcbyu9s90htu7e,https://down-id.img.susercontent.com/file/id-11134258-822wr-mlx5y0tebegw04,Xiaomi Poco M7 Pro Ram 8GB Rom 256GB,https://deo.shopeemobile.com/shopee/modules-federation/live/0/shopee__item-card-standard-v2/0.2.8/pc/e4734dab67ee2f9ebd5a.png,Rp,2.807.920,,https://deo.shopeemobile.com/shopee/modules-federation/live/0/shopee__item-card-standard-v2/0.2.8/pc/d7099d3fd1dfdaf705ab.svg,4.9,,https://deo.shopeemobile.com/shopee/modules-federation/live/0/shopee__item-card-standard-v2/0.2.8/pc/76dff349290d20891fc1.svg,,,https://deo.shopeemobile.com/shopee/modules-federation/live/0/shopee__item-card-standard-v2/0.2.8/pc/5dd7b4560d0e2d3190e8.svg,Surabaya,,-20%,,"Xiaomi Poco M7 Pro Ram 8GB Rom 256GB
Rp
2.807.920
-20%
4.9
46 Terjual
2-4 Hari
Surabaya",https://shopee.co.id/Xiaomi-Poco-M7-Pro-Ram-8GB-Rom-256GB-i.433115955.41008994128?extraParams=%7B%22display_model_id%22%3A243638437310%2C%22model_selection_logic%22%3A3%7D&sp_atk=60700cb3-dbda-40a8-93c7-8613e9de55b0&xptdk=60700cb3-dbda-40a8-93c7-8613e9de55b0,2-4 Hari,46 Terjual
https://down-id.img.susercontent.com/file/id-11134207-8224w-mg4if2bzgy6m00,https://down-id.img.susercontent.com/file/id-11134258-8224v-mkvw0cu9r7k1a5,XIAOMI POCO M7 8/256 GB GARANSI RESMI,https://deo.shopeemobile.com/shopee/modules-federation/live/0/shopee__item-card-standard-v2/0.2.8/pc/e4734dab67ee2f9ebd5a.png,Rp,2.839.000,,https://deo.shopeemobile.com/shopee/modules-federation/live/0/shopee__item-card-standard-v2/0.2.8/pc/d7099d3fd1dfdaf705ab.svg,5.0,,https://deo.shopeemobile.com/shopee/modules-federation/live/0/shopee__item-card-standard-v2/0.2.8/pc/76dff349290d20891fc1.svg,,,https://deo.shopeemobile.com/shopee/modules-federation/live/0/shopee__item-card-standard-v2/0.2.8/pc/5dd7b4560d0e2d3190e8.svg,Medan,,,,"XIAOMI POCO M7 8/256 GB GARANSI RESMI
Rp
2.839.000
5.0
68 Terjual
3 Hari
Medan",https://shopee.co.id/XIAOMI-POCO-M7-8-256-GB-GARANSI-RESMI-i.663719702.15749409242?extraParams=%7B%22display_model_id%22%3A320074622905%2C%22model_selection_logic%22%3A3%7D&sp_atk=9ed15a01-c027-45e6-ac49-22645cc20cdc&xptdk=9ed15a01-c027-45e6-ac49-22645cc20cdc,3 Hari,68 Terjual
https://down-id.img.susercontent.com/file/id-11134207-81ztl-mf2gl7rbmnm3d0,https://down-id.img.susercontent.com/file/id-11134258-7r98w-lyezzaurybot13,Xiaomi Poco C71 4GB+128GB - Garansi Resmi 1 Tahun,https://deo.shopeemobile.com/shopee/modules-federation/live/0/shopee__item-card-standard-v2/0.2.8/pc/7c9110f78e069acbced7.png,Rp,1.649.000,,https://deo.shopeemobile.com/shopee/modules-federation/live/0/shopee__item-card-standard-v2/0.2.8/pc/d7099d3fd1dfdaf705ab.svg,4.9,,https://deo.shopeemobile.com/shopee/modules-federation/live/0/shopee__item-card-standard-v2/0.2.8/pc/76dff349290d20891fc1.svg,,,https://deo.shopeemobile.com/shopee/modules-federation/live/0/shopee__item-card-standard-v2/0.2.8/pc/5dd7b4560d0e2d3190e8.svg,Jakarta Utara,,,,"Xiaomi Poco C71 4GB+128GB - Garansi Resmi 1 Tahun
Rp
1.649.000
4.9
307 Terjual
3-6 Hari
Jakarta Utara",https://shopee.co.id/Xiaomi-Poco-C71-4GB-128GB-Garansi-Resmi-1-Tahun-i.993186559.41621358075?extraParams=%7B%22display_model_id%22%3A291743982682%2C%22model_selection_logic%22%3A3%7D&sp_atk=73228862-a02a-4876-b03f-eb5ebbbbb4e8&xptdk=73228862-a02a-4876-b03f-eb5ebbbbb4e8,3-6 Hari,307 Terjual
https://down-id.img.susercontent.com/file/id-11134207-8224u-mji3imukhbeod6,https://down-id.img.susercontent.com/file/id-11134258-822wr-mlx67rtd6r602f,Hp Xiaomi Redmi 15 8/128GB 8/256GB 7000mAh GARANSI RESMI,https://deo.shopeemobile.com/shopee/modules-federation/live/0/shopee__item-card-standard-v2/0.2.8/pc/e4734dab67ee2f9ebd5a.png,Rp,2.805.000,,https://deo.shopeemobile.com/shopee/modules-federation/live/0/shopee__item-card-standard-v2/0.2.8/pc/d7099d3fd1dfdaf705ab.svg,5.0,,https://deo.shopeemobile.com/shopee/modules-federation/live/0/shopee__item-card-standard-v2/0.2.8/pc/76dff349290d20891fc1.svg,,,https://deo.shopeemobile.com/shopee/modules-federation/live/0/shopee__item-card-standard-v2/0.2.8/pc/5dd7b4560d0e2d3190e8.svg,Kab. Ponorogo,,-37%,https://deo.shopeemobile.com/shopee/modules-federation/live/0/shopee__item-card-standard-v2/0.2.8/pc/b4d1b8a78b3621dbdf4a.svg,"Hp Xiaomi Redmi 15 8/128GB 8/256GB 7000mAh GARANSI RESMI
Rp
2.805.000
-37%
5.0
32 Terjual
2-4 Hari
Kab. Ponorogo",https://shopee.co.id/Hp-Xiaomi-Redmi-15-8-128GB-8-256GB-7000mAh-GARANSI-RESMI-i.62356570.42519643951?extraParams=%7B%22display_model_id%22%3A292336189898%2C%22model_selection_logic%22%3A3%7D&sp_atk=6c0f0edb-348f-496b-9e74-fb282a61dda4&xptdk=6c0f0edb-348f-496b-9e74-fb282a61dda4,2-4 Hari,32 Terjual
https://down-id.img.susercontent.com/file/id-11134207-7r992-lr4jgzfzzefh6a,https://down-id.img.susercontent.com/file/id-11134258-822wr-mlx5y0tebegw04,Xiaomi Redmi 13C Ram 6/128GB | Ram 8/256GB Segel Original&Bergaransi Resmi,https://deo.shopeemobile.com/shopee/modules-federation/live/0/shopee__item-card-standard-v2/0.2.8/pc/e4734dab67ee2f9ebd5a.png,Rp,1.828.199,,https://deo.shopeemobile.com/shopee/modules-federation/live/0/shopee__item-card-standard-v2/0.2.8/pc/d7099d3fd1dfdaf705ab.svg,4.9,,https://deo.shopeemobile.com/shopee/modules-federation/live/0/shopee__item-card-standard-v2/0.2.8/pc/76dff349290d20891fc1.svg,,,https://deo.shopeemobile.com/shopee/modules-federation/live/0/shopee__item-card-standard-v2/0.2.8/pc/5dd7b4560d0e2d3190e8.svg,Surabaya,,-13%,,"Xiaomi Redmi 13C Ram 6/128GB | Ram 8/256GB Segel Original&Bergaransi Resmi
Rp
1.828.199
-13%
4.9
245 Terjual
1-3 Hari
Surabaya",https://shopee.co.id/Xiaomi-Redmi-13C-Ram-6-128GB-Ram-8-256GB-Segel-Original-Bergaransi-Resmi-i.233982802.22463790812?extraParams=%7B%22display_model_id%22%3A440571325544%2C%22model_selection_logic%22%3A3%7D&sp_atk=ab99eac5-bc68-4576-b2c7-956625392aa7&xptdk=ab99eac5-bc68-4576-b2c7-956625392aa7,1-3 Hari,245 Terjual
https://down-id.img.susercontent.com/file/id-11134207-7r98t-lvswvl0bnwxw45,https://down-id.img.susercontent.com/file/id-11134258-822wr-mlx5y0tebegw04,Xiaomi Poco C65 Ram 6/128GB | Ram 8/256GB,https://deo.shopeemobile.com/shopee/modules-federation/live/0/shopee__item-card-standard-v2/0.2.8/pc/e4734dab67ee2f9ebd5a.png,Rp,1.946.814,,https://deo.shopeemobile.com/shopee/modules-federation/live/0/shopee__item-card-standard-v2/0.2.8/pc/d7099d3fd1dfdaf705ab.svg,4.9,,https://deo.shopeemobile.com/shopee/modules-federation/live/0/shopee__item-card-standard-v2/0.2.8/pc/76dff349290d20891fc1.svg,,,https://deo.shopeemobile.com/shopee/modules-federation/live/0/shopee__item-card-standard-v2/0.2.8/pc/5dd7b4560d0e2d3190e8.svg,Surabaya,,-35%,,"Xiaomi Poco C65 Ram 6/128GB | Ram 8/256GB
Rp
1.946.814
-35%
4.9
56 Terjual
2-4 Hari
Surabaya",https://shopee.co.id/Xiaomi-Poco-C65-Ram-6-128GB-Ram-8-256GB-i.433115955.27701089286?extraParams=%7B%22display_model_id%22%3A370569761851%2C%22model_selection_logic%22%3A3%7D&sp_atk=d0475f69-b6d8-4baa-9232-e691540ed94f&xptdk=d0475f69-b6d8-4baa-9232-e691540ed94f,2-4 Hari,56 Terjual
https://down-id.img.susercontent.com/file/id-11134207-81zth-meb3l2sxmfbbf3,https://down-id.img.susercontent.com/file/id-11134258-7r98w-lyezzaurybot13,Xiaomi Redmi 15C [6GB+128GB] [8GB+256GB] 6000mAh - Garansi Resmi 1 Tahun,https://deo.shopeemobile.com/shopee/modules-federation/live/0/shopee__item-card-standard-v2/0.2.8/pc/7c9110f78e069acbced7.png,Rp,2.099.000,,https://deo.shopeemobile.com/shopee/modules-federation/live/0/shopee__item-card-standard-v2/0.2.8/pc/d7099d3fd1dfdaf705ab.svg,5.0,,https://deo.shopeemobile.com/shopee/modules-federation/live/0/shopee__item-card-standard-v2/0.2.8/pc/76dff349290d20891fc1.svg,,,https://deo.shopeemobile.com/shopee/modules-federation/live/0/shopee__item-card-standard-v2/0.2.8/pc/5dd7b4560d0e2d3190e8.svg,Jakarta Utara,,,,"Xiaomi Redmi 15C [6GB+128GB] [8GB+256GB] 6000mAh - Garansi Resmi 1 Tahun
Rp
2.099.000
5.0
212 Terjual
3-6 Hari
Jakarta Utara",https://shopee.co.id/Xiaomi-Redmi-15C-6GB-128GB-8GB-256GB-6000mAh-Garansi-Resmi-1-Tahun-i.552568054.43815720638?extraParams=%7B%22display_model_id%22%3A291294621280%2C%22model_selection_logic%22%3A3%7D&sp_atk=98918728-b753-46d4-a691-dd1356f8dc1c&xptdk=98918728-b753-46d4-a691-dd1356f8dc1c,3-6 Hari,212 Terjual
https://down-id.img.susercontent.com/file/id-11134207-822wh-mmeh4n5yjmrlc4,https://down-id.img.susercontent.com/file/id-11134258-822wr-mlx5y0tebegw04,Xiaomi Redmi Note 14 5G Ram 8/256GB | Ram 12/512GB Segel Original & Bergaransi Resmi,https://deo.shopeemobile.com/shopee/modules-federation/live/0/shopee__item-card-standard-v2/0.2.8/pc/a425c915798471b33e5d.png,Rp,3.199.000,https://deo.shopeemobile.com/shopee/modules-federation/live/0/shopee__item-card-standard-v2/0.2.8/pc/d2a1900a0267d45fd0f5.png,https://deo.shopeemobile.com/shopee/modules-federation/live/0/shopee__item-card-standard-v2/0.2.8/pc/d7099d3fd1dfdaf705ab.svg,5.0,,https://deo.shopeemobile.com/shopee/modules-federation/live/0/shopee__item-card-standard-v2/0.2.8/pc/76dff349290d20891fc1.svg,,,https://deo.shopeemobile.com/shopee/modules-federation/live/0/shopee__item-card-standard-v2/0.2.8/pc/5dd7b4560d0e2d3190e8.svg,Surabaya,,,,"Xiaomi Redmi Note 14 5G Ram 8/256GB | Ram 12/512GB Segel Original & Bergaransi Resmi
Rp
3.199.000
5.0
8 Terjual
2-3 Hari
Surabaya",https://shopee.co.id/Xiaomi-Redmi-Note-14-5G-Ram-8-256GB-Ram-12-512GB-Segel-Original-Bergaransi-Resmi-i.877821319.41329603896?extraParams=%7B%22display_model_id%22%3A325702749691%2C%22model_selection_logic%22%3A3%7D&sp_atk=497ced0b-8b47-4ce6-b293-b35bfa9b6704&xptdk=497ced0b-8b47-4ce6-b293-b35bfa9b6704,2-3 Hari,8 Terjual
https://down-id.img.susercontent.com/file/id-11134207-8224w-mhtc0oa97ocoe1,https://down-id.img.susercontent.com/file/id-11134258-7r98w-lyezzaurybot13,XIAOMI REDMI A5 4/128gb - GARANSI RESMI,https://deo.shopeemobile.com/shopee/modules-federation/live/0/shopee__item-card-standard-v2/0.2.8/pc/a425c915798471b33e5d.png,Rp,1.625.000,,https://deo.shopeemobile.com/shopee/modules-federation/live/0/shopee__item-card-standard-v2/0.2.8/pc/d7099d3fd1dfdaf705ab.svg,5.0,,https://deo.shopeemobile.com/shopee/modules-federation/live/0/shopee__item-card-standard-v2/0.2.8/pc/38e203dc86172a6c6560.svg,https://deo.shopeemobile.com/shopee/modules-federation/live/0/shopee__item-card-standard-v2/0.2.8/pc/0614b8f0a8fdde22942d.svg,2 jam,https://deo.shopeemobile.com/shopee/modules-federation/live/0/shopee__item-card-standard-v2/0.2.8/pc/5dd7b4560d0e2d3190e8.svg,Surabaya,,,,"XIAOMI REDMI A5 4/128gb - GARANSI RESMI
Rp
1.625.000
5.0
11 Terjual
2 jam
Surabaya",https://shopee.co.id/XIAOMI-REDMI-A5-4-128gb-GARANSI-RESMI-i.1079235380.47552560431?extraParams=%7B%22display_model_id%22%3A330245974587%2C%22model_selection_logic%22%3A3%7D&sp_atk=62c34c7c-9d29-4c3e-8dfe-47355015ad04&xptdk=62c34c7c-9d29-4c3e-8dfe-47355015ad04,,11 Terjual
https://down-id.img.susercontent.com/file/id-11134207-7ra0q-mdpucfte9efs93,https://down-id.img.susercontent.com/file/id-11134258-8224v-mkvw0cu9r7k1a5,"HP Xiaomi REDMI 15C 8/256GB, REDMI 15C 8/128GB(Garansi Resmi XIAOMI 1 TAHUN)",https://deo.shopeemobile.com/shopee/modules-federation/live/0/shopee__item-card-standard-v2/0.2.8/pc/a425c915798471b33e5d.png,Rp,3.000.000,,https://deo.shopeemobile.com/shopee/modules-federation/live/0/shopee__item-card-standard-v2/0.2.8/pc/d7099d3fd1dfdaf705ab.svg,4.9,,https://deo.shopeemobile.com/shopee/modules-federation/live/0/shopee__item-card-standard-v2/0.2.8/pc/38e203dc86172a6c6560.svg,https://deo.shopeemobile.com/shopee/modules-federation/live/0/shopee__item-card-standard-v2/0.2.8/pc/0614b8f0a8fdde22942d.svg,< 2 Hari,https://deo.shopeemobile.com/shopee/modules-federation/live/0/shopee__item-card-standard-v2/0.2.8/pc/5dd7b4560d0e2d3190e8.svg,Surabaya,,,,"HP Xiaomi REDMI 15C 8/256GB, REDMI 15C 8/128GB(Garansi Resmi XIAOMI 1 TAHUN)
Rp
3.000.000
4.9
741 Terjual
< 2 Hari
Surabaya",https://shopee.co.id/HP-Xiaomi-REDMI-15C-8-256GB-REDMI-15C-8-128GB(Garansi-Resmi-XIAOMI-1-TAHUN)-i.457871974.14415291650?extraParams=%7B%22display_model_id%22%3A248779451152%2C%22model_selection_logic%22%3A3%7D&sp_atk=4b1d910f-03f8-4354-b28b-c1e80dc06d7a&xptdk=4b1d910f-03f8-4354-b28b-c1e80dc06d7a,,741 Terjual
https://down-id.img.susercontent.com/file/id-11134207-7rbka-ma9vt5prn5de2c,https://down-id.img.susercontent.com/file/id-11134258-7r98w-lyezzaurybot13,Xiaomi Poco C71 [4GB+128GB] - Garansi Resmi 1 Tahun,https://deo.shopeemobile.com/shopee/modules-federation/live/0/shopee__item-card-standard-v2/0.2.8/pc/7c9110f78e069acbced7.png,Rp,1.649.000,,https://deo.shopeemobile.com/shopee/modules-federation/live/0/shopee__item-card-standard-v2/0.2.8/pc/d7099d3fd1dfdaf705ab.svg,5.0,,https://deo.shopeemobile.com/shopee/modules-federation/live/0/shopee__item-card-standard-v2/0.2.8/pc/76dff349290d20891fc1.svg,,,https://deo.shopeemobile.com/shopee/modules-federation/live/0/shopee__item-card-standard-v2/0.2.8/pc/5dd7b4560d0e2d3190e8.svg,Jakarta Utara,,,,"Xiaomi Poco C71 [4GB+128GB] - Garansi Resmi 1 Tahun
Rp
1.649.000
5.0
387 Terjual
3-6 Hari
Jakarta Utara",https://shopee.co.id/Xiaomi-Poco-C71-4GB-128GB-Garansi-Resmi-1-Tahun-i.552568054.42551681038?extraParams=%7B%22display_model_id%22%3A280136597174%2C%22model_selection_logic%22%3A3%7D&sp_atk=ec8f8652-00c3-4cfc-8984-16b4872fee99&xptdk=ec8f8652-00c3-4cfc-8984-16b4872fee99,3-6 Hari,387 Terjual
https://down-id.img.susercontent.com/file/id-11134207-7r98v-ls2a1kuwlava75,https://down-id.img.susercontent.com/file/id-11134258-8224v-mkvw0cu9r7k1a5,Xiaomi Redmi A3 Ram 4GB Memory 128GB 4/128GB Garansi Resmi Xiaomi Indonesia - New Original Segel,,Rp,1.149.000,,,,,https://deo.shopeemobile.com/shopee/modules-federation/live/0/shopee__item-card-standard-v2/0.2.8/pc/76dff349290d20891fc1.svg,,,https://deo.shopeemobile.com/shopee/modules-federation/live/0/shopee__item-card-standard-v2/0.2.8/pc/5dd7b4560d0e2d3190e8.svg,Bekasi,,,,"Xiaomi Redmi A3 Ram 4GB Memory 128GB 4/128GB Garansi Resmi Xiaomi Indonesia - New Original Segel
Rp
1.149.000
4-7 Hari
Bekasi",https://shopee.co.id/Xiaomi-Redmi-A3-Ram-4GB-Memory-128GB-4-128GB-Garansi-Resmi-Xiaomi-Indonesia-New-Original-Segel-i.189337673.24714782340?extraParams=%7B%22display_model_id%22%3A245363096466%2C%22model_selection_logic%22%3A3%7D&sp_atk=296b8726-ecd9-4ab9-8691-9f86c7bdbcff&xptdk=296b8726-ecd9-4ab9-8691-9f86c7bdbcff,4-7 Hari,4-7 Hari
https://down-id.img.susercontent.com/file/id-11134207-7ra0k-mdh78bc170y6b3,https://down-id.img.susercontent.com/file/id-11134258-822ws-mnciva8io4qu2f,Xiaomi Redmi 15C [8+128GB] [8+256GB} Garansi Resmi,https://deo.shopeemobile.com/shopee/modules-federation/live/0/shopee__item-card-standard-v2/0.2.8/pc/7c9110f78e069acbced7.png,Rp,2.239.000,,https://deo.shopeemobile.com/shopee/modules-federation/live/0/shopee__item-card-standard-v2/0.2.8/pc/d7099d3fd1dfdaf705ab.svg,5.0,,https://deo.shopeemobile.com/shopee/modules-federation/live/0/shopee__item-card-standard-v2/0.2.8/pc/76dff349290d20891fc1.svg,,,https://deo.shopeemobile.com/shopee/modules-federation/live/0/shopee__item-card-standard-v2/0.2.8/pc/5dd7b4560d0e2d3190e8.svg,Jakarta Barat,Kombo Hemat,-20%,,"Xiaomi Redmi 15C [8+128GB] [8+256GB} Garansi Resmi
Rp
2.239.000
-20%
Kombo Hemat
5.0
558 Terjual
3 Hari
Jakarta Barat",https://shopee.co.id/Xiaomi-Redmi-15C-8-128GB-8-256GB-Garansi-Resmi-i.1516969716.40513559544?extraParams=%7B%22display_model_id%22%3A355749945520%2C%22model_selection_logic%22%3A3%7D&sp_atk=8927667e-bbe4-455f-8b19-a023848f47d6&xptdk=8927667e-bbe4-455f-8b19-a023848f47d6,3 Hari,558 Terjual
https://down-id.img.susercontent.com/file/id-11134207-8224t-mji3imukaakg88,https://down-id.img.susercontent.com/file/id-11134258-822wr-mlx67rtd6r602f,HP XIAOMI REDMI 15C 6/128 8/256 BERGARANSI RESMI,https://deo.shopeemobile.com/shopee/modules-federation/live/0/shopee__item-card-standard-v2/0.2.8/pc/e4734dab67ee2f9ebd5a.png,Rp,2.339.000,,https://deo.shopeemobile.com/shopee/modules-federation/live/0/shopee__item-card-standard-v2/0.2.8/pc/d7099d3fd1dfdaf705ab.svg,4.9,,https://deo.shopeemobile.com/shopee/modules-federation/live/0/shopee__item-card-standard-v2/0.2.8/pc/76dff349290d20891fc1.svg,,,https://deo.shopeemobile.com/shopee/modules-federation/live/0/shopee__item-card-standard-v2/0.2.8/pc/5dd7b4560d0e2d3190e8.svg,Kab. Ponorogo,,-42%,https://deo.shopeemobile.com/shopee/modules-federation/live/0/shopee__item-card-standard-v2/0.2.8/pc/b4d1b8a78b3621dbdf4a.svg,"HP XIAOMI REDMI 15C 6/128 8/256 BERGARANSI RESMI
Rp
2.339.000
-42%
4.9
42 Terjual
2-4 Hari
Kab. Ponorogo",https://shopee.co.id/HP-XIAOMI-REDMI-15C-6-128-8-256-BERGARANSI-RESMI-i.62356570.44164939461?extraParams=%7B%22display_model_id%22%3A415437001858%2C%22model_selection_logic%22%3A3%7D&sp_atk=1744dda8-40ef-45da-9fbd-5286bd086cb8&xptdk=1744dda8-40ef-45da-9fbd-5286bd086cb8,2-4 Hari,42 Terjual
https://down-id.img.susercontent.com/file/id-11134207-822wo-mmmmnegoiaz31f,https://down-id.img.susercontent.com/file/id-11134258-822wr-mlx5y0tebegw04,"(NEW) Xiaomi Redmi 15C 5G 8GB/256GB 6000mAh 33W Fast Charge 6.9"" 120Hz Display Garansi Resmi",,Rp,1.959.999,https://deo.shopeemobile.com/shopee/modules-federation/live/0/shopee__item-card-standard-v2/0.2.8/pc/d2a1900a0267d45fd0f5.png,https://deo.shopeemobile.com/shopee/modules-federation/live/0/shopee__item-card-standard-v2/0.2.8/pc/d7099d3fd1dfdaf705ab.svg,5.0,,,,,https://deo.shopeemobile.com/shopee/modules-federation/live/0/shopee__item-card-standard-v2/0.2.8/pc/5dd7b4560d0e2d3190e8.svg,Jakarta Barat,Hadiah Gratis,-51%,https://deo.shopeemobile.com/shopee/modules-federation/live/0/shopee__item-card-standard-v2/0.2.8/pc/b4d1b8a78b3621dbdf4a.svg,"(NEW) Xiaomi Redmi 15C 5G 8GB/256GB 6000mAh 33W Fast Charge 6.9"" 120Hz Display Garansi Resmi
Rp
1.959.999
-51%
Hadiah Gratis
5.0
6 Terjual
Jakarta Barat",https://shopee.co.id/(NEW)-Xiaomi-Redmi-15C-5G-8GB-256GB-6000mAh-33W-Fast-Charge-6.9-120Hz-Display-Garansi-Resmi-i.1734591115.44908231381?extraParams=%7B%22display_model_id%22%3A400729634493%2C%22model_selection_logic%22%3A3%7D&sp_atk=77d81642-1a6e-4d41-9c9a-cc09ed030064&xptdk=77d81642-1a6e-4d41-9c9a-cc09ed030064,,6 Terjual
https://down-id.img.susercontent.com/file/id-11134207-7rbke-m8fkvsbnl24i1e,https://down-id.img.susercontent.com/file/id-11134258-8224v-mkvw0cu9r7k1a5,"Xiaomi Redmi A5 (4+128) Kamera 32MP | Layar 6.88"" | Baterai 5200mAh | Octa Core anti lemot GARANSI RESMI",https://deo.shopeemobile.com/shopee/modules-federation/live/0/shopee__item-card-standard-v2/0.2.8/pc/e4734dab67ee2f9ebd5a.png,Rp,1.699.000,,https://deo.shopeemobile.com/shopee/modules-federation/live/0/shopee__item-card-standard-v2/0.2.8/pc/d7099d3fd1dfdaf705ab.svg,5.0,,https://deo.shopeemobile.com/shopee/modules-federation/live/0/shopee__item-card-standard-v2/0.2.8/pc/76dff349290d20891fc1.svg,,,https://deo.shopeemobile.com/shopee/modules-federation/live/0/shopee__item-card-standard-v2/0.2.8/pc/5dd7b4560d0e2d3190e8.svg,Denpasar,,,,"Xiaomi Redmi A5 (4+128) Kamera 32MP | Layar 6.88"" | Baterai 5200mAh | Octa Core anti lemot GARANSI RESMI
Rp
1.699.000
5.0
69 Terjual
3 Hari
Denpasar",https://shopee.co.id/Xiaomi-Redmi-A5-(4-128)-Kamera-32MP-Layar-6.88-Baterai-5200mAh-Octa-Core-anti-lemot-GARANSI-RESMI-i.195238438.27632979910?extraParams=%7B%22display_model_id%22%3A208411919616%2C%22model_selection_logic%22%3A3%7D&sp_atk=2b66adef-f469-433a-9c58-bf963e47d2d9&xptdk=2b66adef-f469-433a-9c58-bf963e47d2d9,3 Hari,69 Terjual
https://down-id.img.susercontent.com/file/id-11134207-81ztd-meqt5b343qbo07,https://down-id.img.susercontent.com/file/id-11134258-8224v-mkvw0cu9r7k1a5,Xiaomi Redmi 15 8GB/128GB I 8GB/256GB Garansi Resmi Xiaomi Indonesia,https://deo.shopeemobile.com/shopee/modules-federation/live/0/shopee__item-card-standard-v2/0.2.8/pc/7c9110f78e069acbced7.png,Rp,2.539.000,,https://deo.shopeemobile.com/shopee/modules-federation/live/0/shopee__item-card-standard-v2/0.2.8/pc/d7099d3fd1dfdaf705ab.svg,4.9,,https://deo.shopeemobile.com/shopee/modules-federation/live/0/shopee__item-card-standard-v2/0.2.8/pc/76dff349290d20891fc1.svg,,,https://deo.shopeemobile.com/shopee/modules-federation/live/0/shopee__item-card-standard-v2/0.2.8/pc/5dd7b4560d0e2d3190e8.svg,Jakarta Pusat,,-2%,,"Xiaomi Redmi 15 8GB/128GB I 8GB/256GB Garansi Resmi Xiaomi Indonesia
Rp
2.539.000
-2%
4.9
165 Terjual
3 Hari
Jakarta Pusat",https://shopee.co.id/Xiaomi-Redmi-15-8GB-128GB-I-8GB-256GB-Garansi-Resmi-Xiaomi-Indonesia-i.1119892890.29091625990?extraParams=%7B%22display_model_id%22%3A286585301531%2C%22model_selection_logic%22%3A3%7D&sp_atk=91c306f9-af64-419a-9e4f-0eab25729b41&xptdk=91c306f9-af64-419a-9e4f-0eab25729b41,3 Hari,165 Terjual
https://down-id.img.susercontent.com/file/id-11134207-822wj-mlr6bkof1pu7a0,https://down-id.img.susercontent.com/file/id-11134258-822ws-mnciva8io4qu2f,Xiaomi Redmi A7 Pro (4+64 GB) (4+128 GB) | Layar imersif 6.9 inch | Baterai 6000mAh,https://deo.shopeemobile.com/shopee/modules-federation/live/0/shopee__item-card-standard-v2/0.2.8/pc/7c9110f78e069acbced7.png,Rp,1.787.000,,https://deo.shopeemobile.com/shopee/modules-federation/live/0/shopee__item-card-standard-v2/0.2.8/pc/d7099d3fd1dfdaf705ab.svg,5.0,,https://deo.shopeemobile.com/shopee/modules-federation/live/0/shopee__item-card-standard-v2/0.2.8/pc/38e203dc86172a6c6560.svg,https://deo.shopeemobile.com/shopee/modules-federation/live/0/shopee__item-card-standard-v2/0.2.8/pc/0614b8f0a8fdde22942d.svg,Besok,https://deo.shopeemobile.com/shopee/modules-federation/live/0/shopee__item-card-standard-v2/0.2.8/pc/5dd7b4560d0e2d3190e8.svg,Surabaya,,,,"Xiaomi Redmi A7 Pro (4+64 GB) (4+128 GB) | Layar imersif 6.9 inch | Baterai 6000mAh
Rp
1.787.000
5.0
8 Terjual
Besok
Surabaya",https://shopee.co.id/Xiaomi-Redmi-A7-Pro-(4-64-GB)-(4-128-GB)-Layar-imersif-6.9-inch-Baterai-6000mAh-i.308460192.23770211006?extraParams=%7B%22display_model_id%22%3A79315064241%2C%22model_selection_logic%22%3A3%7D&sp_atk=5351438b-85b5-4183-92fc-424770283f12&xptdk=5351438b-85b5-4183-92fc-424770283f12,,8 Terjual
https://down-id.img.susercontent.com/file/id-11134207-8224y-mkl6q8p68q2pf0,https://down-id.img.susercontent.com/file/id-11134258-822wr-mlx5y0tebegw04,"Xiaomi Redmi 15C 8/256 NFC Layar 6,9 Inci",https://deo.shopeemobile.com/shopee/modules-federation/live/0/shopee__item-card-standard-v2/0.2.8/pc/7c9110f78e069acbced7.png,Rp,2.460.000,,https://deo.shopeemobile.com/shopee/modules-federation/live/0/shopee__item-card-standard-v2/0.2.8/pc/d7099d3fd1dfdaf705ab.svg,5.0,,https://deo.shopeemobile.com/shopee/modules-federation/live/0/shopee__item-card-standard-v2/0.2.8/pc/76dff349290d20891fc1.svg,,,https://deo.shopeemobile.com/shopee/modules-federation/live/0/shopee__item-card-standard-v2/0.2.8/pc/5dd7b4560d0e2d3190e8.svg,Semarang,,,,"Xiaomi Redmi 15C 8/256 NFC Layar 6,9 Inci
Rp
2.460.000
5.0
116 Terjual
2-5 Hari
Semarang",https://shopee.co.id/Xiaomi-Redmi-15C-8-256-NFC-Layar-6-9-Inci-i.65158758.55606095932?extraParams=%7B%22display_model_id%22%3A435554681263%2C%22model_selection_logic%22%3A3%7D&sp_atk=e5ac6523-4ddf-498d-8212-e1ed7c58bb06&xptdk=e5ac6523-4ddf-498d-8212-e1ed7c58bb06,2-5 Hari,116 Terjual
https://down-id.img.susercontent.com/file/id-11134207-7ra0s-mdij2ye7mj645b,https://down-id.img.susercontent.com/file/id-11134258-8224v-mkvw0cu9r7k1a5,Xiaomi Poco C71 4/128GB - Garansi Resmi 1 Tahun,https://deo.shopeemobile.com/shopee/modules-federation/live/0/shopee__item-card-standard-v2/0.2.8/pc/e4734dab67ee2f9ebd5a.png,Rp,1.699.000,,https://deo.shopeemobile.com/shopee/modules-federation/live/0/shopee__item-card-standard-v2/0.2.8/pc/d7099d3fd1dfdaf705ab.svg,5.0,,https://deo.shopeemobile.com/shopee/modules-federation/live/0/shopee__item-card-standard-v2/0.2.8/pc/76dff349290d20891fc1.svg,,,https://deo.shopeemobile.com/shopee/modules-federation/live/0/shopee__item-card-standard-v2/0.2.8/pc/5dd7b4560d0e2d3190e8.svg,Depok,,,,"Xiaomi Poco C71 4/128GB - Garansi Resmi 1 Tahun
Rp
1.699.000
5.0
94 Terjual
2-3 Hari
Depok",https://shopee.co.id/Xiaomi-Poco-C71-4-128GB-Garansi-Resmi-1-Tahun-i.243655547.43113658260?extraParams=%7B%22display_model_id%22%3A147915693920%2C%22model_selection_logic%22%3A3%7D&sp_atk=0885f769-9b69-44f0-9669-3835daaf274c&xptdk=0885f769-9b69-44f0-9669-3835daaf274c,2-3 Hari,94 Terjual
https://down-id.img.susercontent.com/file/id-11134207-8224w-mk3ase5hmsqo7a,https://down-id.img.susercontent.com/file/id-11134258-822wr-mlx67rtd6r602f,HP Xiaomi Redmi Note 15 4G 8/128GB 8/256GB Garansi Resmi,https://deo.shopeemobile.com/shopee/modules-federation/live/0/shopee__item-card-standard-v2/0.2.8/pc/e4734dab67ee2f9ebd5a.png,Rp,3.300.000,,https://deo.shopeemobile.com/shopee/modules-federation/live/0/shopee__item-card-standard-v2/0.2.8/pc/d7099d3fd1dfdaf705ab.svg,4.9,,https://deo.shopeemobile.com/shopee/modules-federation/live/0/shopee__item-card-standard-v2/0.2.8/pc/76dff349290d20891fc1.svg,,,https://deo.shopeemobile.com/shopee/modules-federation/live/0/shopee__item-card-standard-v2/0.2.8/pc/5dd7b4560d0e2d3190e8.svg,Kab. Ponorogo,,-5%,,"HP Xiaomi Redmi Note 15 4G 8/128GB 8/256GB Garansi Resmi
Rp
3.300.000
-5%
4.9
33 Terjual
2-4 Hari
Kab. Ponorogo",https://shopee.co.id/HP-Xiaomi-Redmi-Note-15-4G-8-128GB-8-256GB-Garansi-Resmi-i.62356570.57405626181?extraParams=%7B%22display_model_id%22%3A430508484446%2C%22model_selection_logic%22%3A3%7D&sp_atk=c51f30f8-f28f-43f8-8d43-245fd00566bf&xptdk=c51f30f8-f28f-43f8-8d43-245fd00566bf,2-4 Hari,33 Terjual
https://down-id.img.susercontent.com/file/id-11134207-7ra0j-mdmpg4cv6gssd1,https://down-id.img.susercontent.com/file/id-11134258-822wr-mlx67rtd6r602f,Xiaomi Redmi 15C 6/128Gb 8/256Gb  Garansi Resmi Xiaomi Indonesia,https://deo.shopeemobile.com/shopee/modules-federation/live/0/shopee__item-card-standard-v2/0.2.8/pc/e4734dab67ee2f9ebd5a.png,Rp,2.299.000,https://deo.shopeemobile.com/shopee/modules-federation/live/0/shopee__item-card-standard-v2/0.2.8/pc/d2a1900a0267d45fd0f5.png,https://deo.shopeemobile.com/shopee/modules-federation/live/0/shopee__item-card-standard-v2/0.2.8/pc/d7099d3fd1dfdaf705ab.svg,4.9,,https://deo.shopeemobile.com/shopee/modules-federation/live/0/shopee__item-card-standard-v2/0.2.8/pc/76dff349290d20891fc1.svg,,,https://deo.shopeemobile.com/shopee/modules-federation/live/0/shopee__item-card-standard-v2/0.2.8/pc/5dd7b4560d0e2d3190e8.svg,Surabaya,,,,"Xiaomi Redmi 15C 6/128Gb 8/256Gb Garansi Resmi Xiaomi Indonesia
Rp
2.299.000
4.9
27 Terjual
2-4 Hari
Surabaya",https://shopee.co.id/Xiaomi-Redmi-15C-6-128Gb-8-256Gb-Garansi-Resmi-Xiaomi-Indonesia-i.25028502.22532508930?extraParams=%7B%22display_model_id%22%3A306157835054%2C%22model_selection_logic%22%3A3%7D&sp_atk=9230381f-df1b-444a-b1d1-fb90c81dc56a&xptdk=9230381f-df1b-444a-b1d1-fb90c81dc56a,2-4 Hari,27 Terjual
https://down-id.img.susercontent.com/file/id-11134207-8224w-mk28hekouwhv0d,https://down-id.img.susercontent.com/file/id-11134258-822ws-mnciva8io4qu2f,Xiaomi Redmi Note 15 8/128 GB | 8/256 GB | Helio G100 Ultra - 6000mAh Baterai- Garansi Resmi,https://deo.shopeemobile.com/shopee/modules-federation/live/0/shopee__item-card-standard-v2/0.2.8/pc/7c9110f78e069acbced7.png,Rp,3.059.000,https://deo.shopeemobile.com/shopee/modules-federation/live/0/shopee__item-card-standard-v2/0.2.8/pc/d2a1900a0267d45fd0f5.png,https://deo.shopeemobile.com/shopee/modules-federation/live/0/shopee__item-card-standard-v2/0.2.8/pc/d7099d3fd1dfdaf705ab.svg,5.0,,https://deo.shopeemobile.com/shopee/modules-federation/live/0/shopee__item-card-standard-v2/0.2.8/pc/38e203dc86172a6c6560.svg,https://deo.shopeemobile.com/shopee/modules-federation/live/0/shopee__item-card-standard-v2/0.2.8/pc/0614b8f0a8fdde22942d.svg,< 2 Hari,https://deo.shopeemobile.com/shopee/modules-federation/live/0/shopee__item-card-standard-v2/0.2.8/pc/5dd7b4560d0e2d3190e8.svg,Kab. Sidoarjo,,,,"Xiaomi Redmi Note 15 8/128 GB | 8/256 GB | Helio G100 Ultra - 6000mAh Baterai- Garansi Resmi
Rp
3.059.000
5.0
108 Terjual
< 2 Hari
Kab. Sidoarjo",https://shopee.co.id/Xiaomi-Redmi-Note-15-8-128-GB-8-256-GB-Helio-G100-Ultra-6000mAh-Baterai-Garansi-Resmi-i.993320485.25216634548?extraParams=%7B%22display_model_id%22%3A185754642311%2C%22model_selection_logic%22%3A3%7D&sp_atk=0867c1ac-189d-4dca-8f70-b0abda94fe03&xptdk=0867c1ac-189d-4dca-8f70-b0abda94fe03,,108 Terjual
https://down-id.img.susercontent.com/file/id-11134207-7rasj-m5wra54k9wxy27,https://down-id.img.susercontent.com/file/id-11134258-822wp-mlyjp115kz5tc6,XIAOMI NOTE 14 8/128GB & 8/256GB GARANSI RESMI INDONESIA,https://deo.shopeemobile.com/shopee/modules-federation/live/0/shopee__item-card-standard-v2/0.2.8/pc/e4734dab67ee2f9ebd5a.png,Rp,2.525.000,,https://deo.shopeemobile.com/shopee/modules-federation/live/0/shopee__item-card-standard-v2/0.2.8/pc/d7099d3fd1dfdaf705ab.svg,5.0,,https://deo.shopeemobile.com/shopee/modules-federation/live/0/shopee__item-card-standard-v2/0.2.8/pc/76dff349290d20891fc1.svg,,,https://deo.shopeemobile.com/shopee/modules-federation/live/0/shopee__item-card-standard-v2/0.2.8/pc/5dd7b4560d0e2d3190e8.svg,Jakarta Timur,,,,"XIAOMI NOTE 14 8/128GB & 8/256GB GARANSI RESMI INDONESIA
Rp
2.525.000
5.0
222 Terjual
3 Hari
Jakarta Timur",https://shopee.co.id/XIAOMI-NOTE-14-8-128GB-8-256GB-GARANSI-RESMI-INDONESIA-i.102914741.29425302373?extraParams=%7B%22display_model_id%22%3A265711786537%2C%22model_selection_logic%22%3A3%7D&sp_atk=d3407e3d-5a9b-42ea-a556-a6ee59024ed1&xptdk=d3407e3d-5a9b-42ea-a556-a6ee59024ed1,3 Hari,222 Terjual
https://down-id.img.susercontent.com/file/id-11134207-81ztd-mef844jhb4eb0a,https://down-id.img.susercontent.com/file/id-11134258-8224v-mkvw0cu9r7k1a5,Xiaomi Redmi 15C NFC 6GB/128GB 8GB/256GB 120Hz Display,,Rp,2.189.000,,https://deo.shopeemobile.com/shopee/modules-federation/live/0/shopee__item-card-standard-v2/0.2.8/pc/d7099d3fd1dfdaf705ab.svg,4.9,,https://deo.shopeemobile.com/shopee/modules-federation/live/0/shopee__item-card-standard-v2/0.2.8/pc/38e203dc86172a6c6560.svg,https://deo.shopeemobile.com/shopee/modules-federation/live/0/shopee__item-card-standard-v2/0.2.8/pc/0614b8f0a8fdde22942d.svg,< 2 Hari,https://deo.shopeemobile.com/shopee/modules-federation/live/0/shopee__item-card-standard-v2/0.2.8/pc/5dd7b4560d0e2d3190e8.svg,Surabaya,,,,"Xiaomi Redmi 15C NFC 6GB/128GB 8GB/256GB 120Hz Display
Rp
2.189.000
4.9
137 Terjual
< 2 Hari
Surabaya",https://shopee.co.id/Xiaomi-Redmi-15C-NFC-6GB-128GB-8GB-256GB-120Hz-Display-i.60755382.40168170305?extraParams=%7B%22display_model_id%22%3A286493420514%2C%22model_selection_logic%22%3A3%7D&sp_atk=9df5f9e1-1716-4e27-abcf-7c45929825ee&xptdk=9df5f9e1-1716-4e27-abcf-7c45929825ee,,137 Terjual
https://down-id.img.susercontent.com/file/id-11134207-7ra0q-mdu46kru4ccuc7,https://down-id.img.susercontent.com/file/id-11134258-8224v-mkvw0cu9r7k1a5,XIAOMI REDMI 15C RAM 6/128 & 8/256GB | BERGARANSI RESMI,https://deo.shopeemobile.com/shopee/modules-federation/live/0/shopee__item-card-standard-v2/0.2.8/pc/e4734dab67ee2f9ebd5a.png,Rp,2.199.000,,https://deo.shopeemobile.com/shopee/modules-federation/live/0/shopee__item-card-standard-v2/0.2.8/pc/d7099d3fd1dfdaf705ab.svg,5.0,,https://deo.shopeemobile.com/shopee/modules-federation/live/0/shopee__item-card-standard-v2/0.2.8/pc/76dff349290d20891fc1.svg,,,https://deo.shopeemobile.com/shopee/modules-federation/live/0/shopee__item-card-standard-v2/0.2.8/pc/5dd7b4560d0e2d3190e8.svg,Pontianak,,,,"XIAOMI REDMI 15C RAM 6/128 & 8/256GB | BERGARANSI RESMI
Rp
2.199.000
5.0
187 Terjual
2-3 Hari
Pontianak",https://shopee.co.id/XIAOMI-REDMI-15C-RAM-6-128-8-256GB-BERGARANSI-RESMI-i.51196569.43114984992?extraParams=%7B%22display_model_id%22%3A271241214067%2C%22model_selection_logic%22%3A3%7D&sp_atk=98e649ce-a90c-49ed-97ac-d896f4f3e387&xptdk=98e649ce-a90c-49ed-97ac-d896f4f3e387,2-3 Hari,187 Terjual
https://down-id.img.susercontent.com/file/id-11134207-7rbk9-m9zl21nn8tn154,https://down-id.img.susercontent.com/file/id-11134258-8224v-mkvw0cu9r7k1a5,"Xiaomi Poco C71 4/128 GB Layar 6.88"" Garansi Resmi",https://deo.shopeemobile.com/shopee/modules-federation/live/0/shopee__item-card-standard-v2/0.2.8/pc/e4734dab67ee2f9ebd5a.png,Rp,1.635.000,,https://deo.shopeemobile.com/shopee/modules-federation/live/0/shopee__item-card-standard-v2/0.2.8/pc/d7099d3fd1dfdaf705ab.svg,4.9,,https://deo.shopeemobile.com/shopee/modules-federation/live/0/shopee__item-card-standard-v2/0.2.8/pc/76dff349290d20891fc1.svg,,,https://deo.shopeemobile.com/shopee/modules-federation/live/0/shopee__item-card-standard-v2/0.2.8/pc/5dd7b4560d0e2d3190e8.svg,Bandung,,,,"Xiaomi Poco C71 4/128 GB Layar 6.88"" Garansi Resmi
Rp
1.635.000
4.9
190 Terjual
3 Hari
Bandung",https://shopee.co.id/Xiaomi-Poco-C71-4-128-GB-Layar-6.88-Garansi-Resmi-i.37838182.41301575169?extraParams=%7B%22display_model_id%22%3A280128169448%2C%22model_selection_logic%22%3A3%7D&sp_atk=8b47555b-9725-4441-9cfd-09d4fc8feefa&xptdk=8b47555b-9725-4441-9cfd-09d4fc8feefa,3 Hari,190 Terjual
https://down-id.img.susercontent.com/file/id-11134207-822wj-mlywx3armpz7ac,https://down-id.img.susercontent.com/file/id-11134258-822ws-mnciva8io4qu2f,Xiaomi Redmi A7 Pro (4+64 GB) (4+128 GB) | Layar imersif 6.9 inch | Baterai 6000mAh (Typ),https://deo.shopeemobile.com/shopee/modules-federation/live/0/shopee__item-card-standard-v2/0.2.8/pc/7c9110f78e069acbced7.png,Rp,1.719.000,https://deo.shopeemobile.com/shopee/modules-federation/live/0/shopee__item-card-standard-v2/0.2.8/pc/d2a1900a0267d45fd0f5.png,https://deo.shopeemobile.com/shopee/modules-federation/live/0/shopee__item-card-standard-v2/0.2.8/pc/d7099d3fd1dfdaf705ab.svg,5.0,,https://deo.shopeemobile.com/shopee/modules-federation/live/0/shopee__item-card-standard-v2/0.2.8/pc/76dff349290d20891fc1.svg,,,https://deo.shopeemobile.com/shopee/modules-federation/live/0/shopee__item-card-standard-v2/0.2.8/pc/5dd7b4560d0e2d3190e8.svg,Bekasi,,,,"Xiaomi Redmi A7 Pro (4+64 GB) (4+128 GB) | Layar imersif 6.9 inch | Baterai 6000mAh (Typ)
Rp
1.719.000
5.0
210 Terjual
2-4 Hari
Bekasi",https://shopee.co.id/Xiaomi-Redmi-A7-Pro-(4-64-GB)-(4-128-GB)-Layar-imersif-6.9-inch-Baterai-6000mAh-(Typ)-i.1368552879.28133677394?extraParams=%7B%22display_model_id%22%3A365656045004%2C%22model_selection_logic%22%3A3%7D&sp_atk=525c91f7-cabf-4a55-ad25-74909e33d588&xptdk=525c91f7-cabf-4a55-ad25-74909e33d588,2-4 Hari,210 Terjual
https://down-id.img.susercontent.com/file/id-11134207-7qukz-lh0j3hhmzs1c4b,https://down-id.img.susercontent.com/file/id-11134258-8224v-mkvw0cu9r7k1a5,Xiaomi Redmi A2 3/32 Garansi Resmi 1 Tahun,https://deo.shopeemobile.com/shopee/modules-federation/live/0/shopee__item-card-standard-v2/0.2.8/pc/a425c915798471b33e5d.png,Rp,1.049.000,,https://deo.shopeemobile.com/shopee/modules-federation/live/0/shopee__item-card-standard-v2/0.2.8/pc/d7099d3fd1dfdaf705ab.svg,5.0,,https://deo.shopeemobile.com/shopee/modules-federation/live/0/shopee__item-card-standard-v2/0.2.8/pc/38e203dc86172a6c6560.svg,https://deo.shopeemobile.com/shopee/modules-federation/live/0/shopee__item-card-standard-v2/0.2.8/pc/0614b8f0a8fdde22942d.svg,< 2 Hari,https://deo.shopeemobile.com/shopee/modules-federation/live/0/shopee__item-card-standard-v2/0.2.8/pc/5dd7b4560d0e2d3190e8.svg,Surabaya,,,,"Xiaomi Redmi A2 3/32 Garansi Resmi 1 Tahun
Rp
1.049.000
5.0
10 Terjual
< 2 Hari
Surabaya",https://shopee.co.id/Xiaomi-Redmi-A2-3-32-Garansi-Resmi-1-Tahun-i.234217844.19788923273?extraParams=%7B%22display_model_id%22%3A225227567257%2C%22model_selection_logic%22%3A3%7D&sp_atk=096c3304-1105-4698-bb8e-b2b3b6bf11cb&xptdk=096c3304-1105-4698-bb8e-b2b3b6bf11cb,,10 Terjual
https://down-id.img.susercontent.com/file/id-11134207-7r98s-lszyg3670t71c0,https://down-id.img.susercontent.com/file/id-11134258-8224v-mkvw0cu9r7k1a5,Xiaomi Redmi A3 4/128 Garansi Resmi 1 Tahun,https://deo.shopeemobile.com/shopee/modules-federation/live/0/shopee__item-card-standard-v2/0.2.8/pc/a425c915798471b33e5d.png,Rp,1.399.000,,https://deo.shopeemobile.com/shopee/modules-federation/live/0/shopee__item-card-standard-v2/0.2.8/pc/d7099d3fd1dfdaf705ab.svg,4.9,,https://deo.shopeemobile.com/shopee/modules-federation/live/0/shopee__item-card-standard-v2/0.2.8/pc/38e203dc86172a6c6560.svg,https://deo.shopeemobile.com/shopee/modules-federation/live/0/shopee__item-card-standard-v2/0.2.8/pc/0614b8f0a8fdde22942d.svg,< 2 Hari,https://deo.shopeemobile.com/shopee/modules-federation/live/0/shopee__item-card-standard-v2/0.2.8/pc/5dd7b4560d0e2d3190e8.svg,Surabaya,,,,"Xiaomi Redmi A3 4/128 Garansi Resmi 1 Tahun
Rp
1.399.000
4.9
30 Terjual
< 2 Hari
Surabaya",https://shopee.co.id/Xiaomi-Redmi-A3-4-128-Garansi-Resmi-1-Tahun-i.234217844.25419528310?extraParams=%7B%22display_model_id%22%3A217379843807%2C%22model_selection_logic%22%3A3%7D&sp_atk=123a35a7-55d5-4a49-b2d2-11723fa663b4&xptdk=123a35a7-55d5-4a49-b2d2-11723fa663b4,,30 Terjual
https://down-id.img.susercontent.com/file/id-11134207-7rasb-m5idomnw9iqea0,https://down-id.img.susercontent.com/file/id-11134258-8224v-mkvw0cu9r7k1a5,Xiaomi Redmi Note 14 Pro (5G) Ram 8/256gb Garansi Resmi,https://deo.shopeemobile.com/shopee/modules-federation/live/0/shopee__item-card-standard-v2/0.2.8/pc/e4734dab67ee2f9ebd5a.png,Rp,4.070.000,,https://deo.shopeemobile.com/shopee/modules-federation/live/0/shopee__item-card-standard-v2/0.2.8/pc/d7099d3fd1dfdaf705ab.svg,5.0,,https://deo.shopeemobile.com/shopee/modules-federation/live/0/shopee__item-card-standard-v2/0.2.8/pc/76dff349290d20891fc1.svg,,,https://deo.shopeemobile.com/shopee/modules-federation/live/0/shopee__item-card-standard-v2/0.2.8/pc/5dd7b4560d0e2d3190e8.svg,Kediri,,,,"Xiaomi Redmi Note 14 Pro (5G) Ram 8/256gb Garansi Resmi
Rp
4.070.000
5.0
393 Terjual
2-4 Hari
Kediri",https://shopee.co.id/Xiaomi-Redmi-Note-14-Pro-(5G)-Ram-8-256gb-Garansi-Resmi-i.45658405.29224659868?extraParams=%7B%22display_model_id%22%3A166944078107%2C%22model_selection_logic%22%3A3%7D&sp_atk=80fa840a-4634-4d6e-b96d-f84346709b83&xptdk=80fa840a-4634-4d6e-b96d-f84346709b83,2-4 Hari,393 Terjual
https://down-id.img.susercontent.com/file/id-11134207-7r98v-lno9umpaunobde,https://down-id.img.susercontent.com/file/id-11134258-8224v-mkvw0cu9r7k1a5,XIAOMI REDMI 10C 4/64 GARANSI RESMI,,Rp,1.530.000,,https://deo.shopeemobile.com/shopee/modules-federation/live/0/shopee__item-card-standard-v2/0.2.8/pc/d7099d3fd1dfdaf705ab.svg,4.8,,https://deo.shopeemobile.com/shopee/modules-federation/live/0/shopee__item-card-standard-v2/0.2.8/pc/76dff349290d20891fc1.svg,,,https://deo.shopeemobile.com/shopee/modules-federation/live/0/shopee__item-card-standard-v2/0.2.8/pc/5dd7b4560d0e2d3190e8.svg,Surabaya,,,,"XIAOMI REDMI 10C 4/64 GARANSI RESMI
Rp
1.530.000
4.8
117 Terjual
3 Hari
Surabaya",https://shopee.co.id/XIAOMI-REDMI-10C-4-64-GARANSI-RESMI-i.251901443.20963351397?extraParams=%7B%22display_model_id%22%3A203251373119%2C%22model_selection_logic%22%3A3%7D&sp_atk=c9e00044-496d-4cfa-b9e7-17ef55c3b8be&xptdk=c9e00044-496d-4cfa-b9e7-17ef55c3b8be,3 Hari,117 Terjual
https://down-id.img.susercontent.com/file/id-11134207-822wu-mm00l7znyb5x99,https://down-id.img.susercontent.com/file/id-11134258-7r98w-lyezzaurybot13,Xiaomi Redmi A7 Pro 4/64GB | 4/128GB Layar imersif 6.9 inch Baterai 6000mAh - Garansi Resmi 1 Tahun,https://deo.shopeemobile.com/shopee/modules-federation/live/0/shopee__item-card-standard-v2/0.2.8/pc/7c9110f78e069acbced7.png,Rp,1.690.000,https://deo.shopeemobile.com/shopee/modules-federation/live/0/shopee__item-card-standard-v2/0.2.8/pc/d2a1900a0267d45fd0f5.png,https://deo.shopeemobile.com/shopee/modules-federation/live/0/shopee__item-card-standard-v2/0.2.8/pc/d7099d3fd1dfdaf705ab.svg,5.0,,https://deo.shopeemobile.com/shopee/modules-federation/live/0/shopee__item-card-standard-v2/0.2.8/pc/38e203dc86172a6c6560.svg,https://deo.shopeemobile.com/shopee/modules-federation/live/0/shopee__item-card-standard-v2/0.2.8/pc/0614b8f0a8fdde22942d.svg,Besok,https://deo.shopeemobile.com/shopee/modules-federation/live/0/shopee__item-card-standard-v2/0.2.8/pc/5dd7b4560d0e2d3190e8.svg,Surabaya,,,,"Xiaomi Redmi A7 Pro 4/64GB | 4/128GB Layar imersif 6.9 inch Baterai 6000mAh - Garansi Resmi 1 Tahun
Rp
1.690.000
5.0
10 Terjual
Besok
Surabaya",https://shopee.co.id/Xiaomi-Redmi-A7-Pro-4-64GB-4-128GB-Layar-imersif-6.9-inch-Baterai-6000mAh-Garansi-Resmi-1-Tahun-i.1111346496.41229362291?extraParams=%7B%22display_model_id%22%3A330658630868%2C%22model_selection_logic%22%3A3%7D&sp_atk=0569564e-1193-4380-8718-8aa7b9581f6e&xptdk=0569564e-1193-4380-8718-8aa7b9581f6e,,10 Terjual
https://down-id.img.susercontent.com/file/id-11134207-7qula-lil9l2rnkvo846,https://down-id.img.susercontent.com/file/id-11134258-8224v-mkvw0cu9r7k1a5,Xiaomi Mi 12 Lite 5G 8/256 Garansi Resmi Xiaomi,https://deo.shopeemobile.com/shopee/modules-federation/live/0/shopee__item-card-standard-v2/0.2.8/pc/e4734dab67ee2f9ebd5a.png,Rp,5.199.000,,https://deo.shopeemobile.com/shopee/modules-federation/live/0/shopee__item-card-standard-v2/0.2.8/pc/d7099d3fd1dfdaf705ab.svg,5.0,,https://deo.shopeemobile.com/shopee/modules-federation/live/0/shopee__item-card-standard-v2/0.2.8/pc/38e203dc86172a6c6560.svg,https://deo.shopeemobile.com/shopee/modules-federation/live/0/shopee__item-card-standard-v2/0.2.8/pc/0614b8f0a8fdde22942d.svg,< 2 Hari,https://deo.shopeemobile.com/shopee/modules-federation/live/0/shopee__item-card-standard-v2/0.2.8/pc/5dd7b4560d0e2d3190e8.svg,Surabaya,,-31%,,"Xiaomi Mi 12 Lite 5G 8/256 Garansi Resmi Xiaomi
Rp
5.199.000
-31%
5.0
318 Terjual
< 2 Hari
Surabaya",https://shopee.co.id/Xiaomi-Mi-12-Lite-5G-8-256-Garansi-Resmi-Xiaomi-i.174706429.23005831321?extraParams=%7B%22display_model_id%22%3A231737488179%2C%22model_selection_logic%22%3A3%7D&sp_atk=0e482c9a-e3a5-4ae3-9cf7-7c9a89528416&xptdk=0e482c9a-e3a5-4ae3-9cf7-7c9a89528416,,318 Terjual
https://down-id.img.susercontent.com/file/id-11134207-81zte-mfexq9w3979lad,https://down-id.img.susercontent.com/file/id-11134258-822ws-mnciva8io4qu2f,Xiaomi 15T Pro 12/512GB RAM 12GB ROM 512GB - Garansi Resmi 1 Tahun,https://deo.shopeemobile.com/shopee/modules-federation/live/0/shopee__item-card-standard-v2/0.2.8/pc/7c9110f78e069acbced7.png,Rp,10.629.000,https://deo.shopeemobile.com/shopee/modules-federation/live/0/shopee__item-card-standard-v2/0.2.8/pc/d2a1900a0267d45fd0f5.png,https://deo.shopeemobile.com/shopee/modules-federation/live/0/shopee__item-card-standard-v2/0.2.8/pc/d7099d3fd1dfdaf705ab.svg,4.9,,https://deo.shopeemobile.com/shopee/modules-federation/live/0/shopee__item-card-standard-v2/0.2.8/pc/38e203dc86172a6c6560.svg,https://deo.shopeemobile.com/shopee/modules-federation/live/0/shopee__item-card-standard-v2/0.2.8/pc/0614b8f0a8fdde22942d.svg,< 2 Hari,,,,,,"Xiaomi 15T Pro 12/512GB RAM 12GB ROM 512GB - Garansi Resmi 1 Tahun
Rp
10.629.000
4.9
119 Terjual
< 2 Hari",https://shopee.co.id/Xiaomi-15T-Pro-12-512GB-RAM-12GB-ROM-512GB-Garansi-Resmi-1-Tahun-i.160369383.20636535001?extraParams=%7B%22display_model_id%22%3A188739254277%2C%22model_selection_logic%22%3A3%7D&sp_atk=1ff0bedb-6dc9-4c45-a68d-200ba47cda12&xptdk=1ff0bedb-6dc9-4c45-a68d-200ba47cda12,,119 Terjual
https://down-id.img.susercontent.com/file/id-11134207-8224z-mh7cqfc9ee4o90,https://down-id.img.susercontent.com/file/id-11134258-822wr-mlx5y0tebegw04,Xiaomi Redmi 15C (8GB/256GB) (6GB/128GB) | Baterai besar 6000mAh dengan pengisisan daya 33W Garansi Resmi Xiaomi Indonesia,https://deo.shopeemobile.com/shopee/modules-federation/live/0/shopee__item-card-standard-v2/0.2.8/pc/a425c915798471b33e5d.png,Rp,2.248.000,,https://deo.shopeemobile.com/shopee/modules-federation/live/0/shopee__item-card-standard-v2/0.2.8/pc/d7099d3fd1dfdaf705ab.svg,5.0,,https://deo.shopeemobile.com/shopee/modules-federation/live/0/shopee__item-card-standard-v2/0.2.8/pc/38e203dc86172a6c6560.svg,https://deo.shopeemobile.com/shopee/modules-federation/live/0/shopee__item-card-standard-v2/0.2.8/pc/0614b8f0a8fdde22942d.svg,< 2 Hari,https://deo.shopeemobile.com/shopee/modules-federation/live/0/shopee__item-card-standard-v2/0.2.8/pc/5dd7b4560d0e2d3190e8.svg,Mojokerto,,-1%,https://deo.shopeemobile.com/shopee/modules-federation/live/0/shopee__item-card-standard-v2/0.2.8/pc/b4d1b8a78b3621dbdf4a.svg,"Xiaomi Redmi 15C (8GB/256GB) (6GB/128GB) | Baterai besar 6000mAh dengan pengisisan daya 33W Garansi Resmi Xiaomi Indonesia
Rp
2.248.000
-1%
5.0
55 Terjual
< 2 Hari
Mojokerto",https://shopee.co.id/Xiaomi-Redmi-15C-(8GB-256GB)-(6GB-128GB)-Baterai-besar-6000mAh-dengan-pengisisan-daya-33W-Garansi-Resmi-Xiaomi-Indonesia-i.785475.25096527377?extraParams=%7B%22display_model_id%22%3A266180530109%2C%22model_selection_logic%22%3A3%7D&sp_atk=ada20e87-c0f9-4f7e-b2a7-6c95adc113ad&xptdk=ada20e87-c0f9-4f7e-b2a7-6c95adc113ad,,55 Terjual
https://down-id.img.susercontent.com/file/id-11134207-8224z-mgymyycqk6j1fa,https://down-id.img.susercontent.com/file/id-11134258-8224v-mkvw0cu9r7k1a5,Xiaomi Redmi 15 8/128 8/256 Garansi Resmi - Lucky Cell Ciracas Official,https://deo.shopeemobile.com/shopee/modules-federation/live/0/shopee__item-card-standard-v2/0.2.8/pc/e4734dab67ee2f9ebd5a.png,Rp,2.599.000,,https://deo.shopeemobile.com/shopee/modules-federation/live/0/shopee__item-card-standard-v2/0.2.8/pc/d7099d3fd1dfdaf705ab.svg,5.0,,https://deo.shopeemobile.com/shopee/modules-federation/live/0/shopee__item-card-standard-v2/0.2.8/pc/76dff349290d20891fc1.svg,,,https://deo.shopeemobile.com/shopee/modules-federation/live/0/shopee__item-card-standard-v2/0.2.8/pc/5dd7b4560d0e2d3190e8.svg,Jakarta Timur,,,,"Xiaomi Redmi 15 8/128 8/256 Garansi Resmi - Lucky Cell Ciracas Official
Rp
2.599.000
5.0
118 Terjual
3 Hari
Jakarta Timur",https://shopee.co.id/Xiaomi-Redmi-15-8-128-8-256-Garansi-Resmi-Lucky-Cell-Ciracas-Official-i.1269808925.27687646816?extraParams=%7B%22display_model_id%22%3A270403387222%2C%22model_selection_logic%22%3A3%7D&sp_atk=294be9a5-b767-4aad-8ebe-9c2b2ad16d1c&xptdk=294be9a5-b767-4aad-8ebe-9c2b2ad16d1c,3 Hari,118 Terjual
https://down-id.img.susercontent.com/file/sg-11134201-824jk-mesanc8y48w6a6,https://down-id.img.susercontent.com/file/id-11134258-822wr-mlx5y0tebegw04,Xiaomi Redmi 15 8/128GB 8/256GB | IPS LCD 6.9Inc | Snapdragon 685 | 7000mAh | Garansi Resmi,https://deo.shopeemobile.com/shopee/modules-federation/live/0/shopee__item-card-standard-v2/0.2.8/pc/e4734dab67ee2f9ebd5a.png,Rp,2.500.000,,https://deo.shopeemobile.com/shopee/modules-federation/live/0/shopee__item-card-standard-v2/0.2.8/pc/d7099d3fd1dfdaf705ab.svg,4.8,,https://deo.shopeemobile.com/shopee/modules-federation/live/0/shopee__item-card-standard-v2/0.2.8/pc/76dff349290d20891fc1.svg,,,https://deo.shopeemobile.com/shopee/modules-federation/live/0/shopee__item-card-standard-v2/0.2.8/pc/5dd7b4560d0e2d3190e8.svg,Jakarta Barat,Kombo Hemat,-22%,https://deo.shopeemobile.com/shopee/modules-federation/live/0/shopee__item-card-standard-v2/0.2.8/pc/b4d1b8a78b3621dbdf4a.svg,"Xiaomi Redmi 15 8/128GB 8/256GB | IPS LCD 6.9Inc | Snapdragon 685 | 7000mAh | Garansi Resmi
Rp
2.500.000
-22%
Kombo Hemat
4.8
85 Terjual
3 Hari
Jakarta Barat",https://shopee.co.id/Xiaomi-Redmi-15-8-128GB-8-256GB-IPS-LCD-6.9Inc-Snapdragon-685-7000mAh-Garansi-Resmi-i.59822858.43819656548?extraParams=%7B%22display_model_id%22%3A159287742205%2C%22model_selection_logic%22%3A3%7D&sp_atk=243a7ebd-1986-4d39-8df5-083dd96ebe4b&xptdk=243a7ebd-1986-4d39-8df5-083dd96ebe4b,3 Hari,85 Terjual
https://down-id.img.susercontent.com/file/id-11134207-7rbk0-m8hegleabvxa5c,https://down-id.img.susercontent.com/file/id-11134258-8224v-mkvw0cu9r7k1a5,XIAOMI REDMI A5 [4/128GB] - Garansi Resmi Xiaomi Indonesi,,Rp,1.390.000,,,,,https://deo.shopeemobile.com/shopee/modules-federation/live/0/shopee__item-card-standard-v2/0.2.8/pc/76dff349290d20891fc1.svg,,,https://deo.shopeemobile.com/shopee/modules-federation/live/0/shopee__item-card-standard-v2/0.2.8/pc/5dd7b4560d0e2d3190e8.svg,Surabaya,,,,"XIAOMI REDMI A5 [4/128GB] - Garansi Resmi Xiaomi Indonesi
Rp
1.390.000
3 Hari
Surabaya",https://shopee.co.id/XIAOMI-REDMI-A5-4-128GB-Garansi-Resmi-Xiaomi-Indonesi-i.65957648.26733123384?extraParams=%7B%22display_model_id%22%3A59897796194%2C%22model_selection_logic%22%3A3%7D&sp_atk=21133224-7cbf-403c-b43b-d09c90cd255c&xptdk=21133224-7cbf-403c-b43b-d09c90cd255c,3 Hari,3 Hari
https://down-id.img.susercontent.com/file/id-11134207-81ztq-mfbh5y6yheyw45,,Xiaomi Redmi A5 4/128 Garansi Resmi 1 tahun,https://deo.shopeemobile.com/shopee/modules-federation/live/0/shopee__item-card-standard-v2/0.2.8/pc/7c9110f78e069acbced7.png,Rp,1.885.000,,https://deo.shopeemobile.com/shopee/modules-federation/live/0/shopee__item-card-standard-v2/0.2.8/pc/d7099d3fd1dfdaf705ab.svg,5.0,,https://deo.shopeemobile.com/shopee/modules-federation/live/0/shopee__item-card-standard-v2/0.2.8/pc/76dff349290d20891fc1.svg,,,https://deo.shopeemobile.com/shopee/modules-federation/live/0/shopee__item-card-standard-v2/0.2.8/pc/5dd7b4560d0e2d3190e8.svg,Semarang,,,,"Xiaomi Redmi A5 4/128 Garansi Resmi 1 tahun
Rp
1.885.000
5.0
2RB+ Terjual
2-3 Hari
Semarang",https://shopee.co.id/Xiaomi-Redmi-A5-4-128-Garansi-Resmi-1-tahun-i.1503896433.41322581208?extraParams=%7B%22display_model_id%22%3A301836823502%2C%22model_selection_logic%22%3A3%7D&sp_atk=aee76dea-3577-4dcb-ae1d-2a8c6e100650&xptdk=aee76dea-3577-4dcb-ae1d-2a8c6e100650,2-3 Hari,2RB+ Terjual
https://down-id.img.susercontent.com/file/id-11134207-8224r-mjttxqvn6qro24,https://down-id.img.susercontent.com/file/id-11134258-8224v-mkvw0cu9r7k1a5,Xiaomi Redmi Note 15 4G 8/128 8/256 GB 108 MP AI Camera Helio G100 Ultra AMOLED FHD+ IP66 6000mAh,https://deo.shopeemobile.com/shopee/modules-federation/live/0/shopee__item-card-standard-v2/0.2.8/pc/e4734dab67ee2f9ebd5a.png,Rp,2.989.000,,https://deo.shopeemobile.com/shopee/modules-federation/live/0/shopee__item-card-standard-v2/0.2.8/pc/d7099d3fd1dfdaf705ab.svg,5.0,,https://deo.shopeemobile.com/shopee/modules-federation/live/0/shopee__item-card-standard-v2/0.2.8/pc/76dff349290d20891fc1.svg,,,https://deo.shopeemobile.com/shopee/modules-federation/live/0/shopee__item-card-standard-v2/0.2.8/pc/5dd7b4560d0e2d3190e8.svg,Kab. Banyumas,,,,"Xiaomi Redmi Note 15 4G 8/128 8/256 GB 108 MP AI Camera Helio G100 Ultra AMOLED FHD+ IP66 6000mAh
Rp
2.989.000
5.0
58 Terjual
3-5 Hari
Kab. Banyumas",https://shopee.co.id/Xiaomi-Redmi-Note-15-4G-8-128-8-256-GB-108-MP-AI-Camera-Helio-G100-Ultra-AMOLED-FHD-IP66-6000mAh-i.467406516.40451251779?extraParams=%7B%22display_model_id%22%3A282359033724%2C%22model_selection_logic%22%3A3%7D&sp_atk=71e834c5-b166-498f-9428-b7dccc42c260&xptdk=71e834c5-b166-498f-9428-b7dccc42c260,3-5 Hari,58 Terjual
https://down-id.img.susercontent.com/file/id-11134207-7rbk0-macqmy3n70dw06,https://down-id.img.susercontent.com/file/id-11134258-8224v-mkvw0cu9r7k1a5,XIAOMI REDMI 13X NFC RAM 8/128GB - RAM 8/256GB GARANSI RESMI XIAOMI INDONESIA,https://deo.shopeemobile.com/shopee/modules-federation/live/0/shopee__item-card-standard-v2/0.2.8/pc/e4734dab67ee2f9ebd5a.png,Rp,2.099.000,,https://deo.shopeemobile.com/shopee/modules-federation/live/0/shopee__item-card-standard-v2/0.2.8/pc/d7099d3fd1dfdaf705ab.svg,5.0,,https://deo.shopeemobile.com/shopee/modules-federation/live/0/shopee__item-card-standard-v2/0.2.8/pc/76dff349290d20891fc1.svg,,,https://deo.shopeemobile.com/shopee/modules-federation/live/0/shopee__item-card-standard-v2/0.2.8/pc/5dd7b4560d0e2d3190e8.svg,Jakarta Barat,,-16%,,"XIAOMI REDMI 13X NFC RAM 8/128GB - RAM 8/256GB GARANSI RESMI XIAOMI INDONESIA
Rp
2.099.000
-16%
5.0
173 Terjual
3 Hari
Jakarta Barat",https://shopee.co.id/XIAOMI-REDMI-13X-NFC-RAM-8-128GB-RAM-8-256GB-GARANSI-RESMI-XIAOMI-INDONESIA-i.216046779.43702583135?extraParams=%7B%22display_model_id%22%3A360634972480%2C%22model_selection_logic%22%3A3%7D&sp_atk=f75bf568-c2c0-4681-adb3-e6b886cc8bbc&xptdk=f75bf568-c2c0-4681-adb3-e6b886cc8bbc,3 Hari,173 Terjual
https://down-id.img.susercontent.com/file/id-11134207-8224q-mjjcfl88yupveb,https://down-id.img.susercontent.com/file/id-11134258-822ws-mnciva8io4qu2f,Xiaomi Redmi 15 8/128GB | 8/256GB - Garansi Resmi,https://deo.shopeemobile.com/shopee/modules-federation/live/0/shopee__item-card-standard-v2/0.2.8/pc/7c9110f78e069acbced7.png,Rp,2.599.000,,https://deo.shopeemobile.com/shopee/modules-federation/live/0/shopee__item-card-standard-v2/0.2.8/pc/d7099d3fd1dfdaf705ab.svg,5.0,,https://deo.shopeemobile.com/shopee/modules-federation/live/0/shopee__item-card-standard-v2/0.2.8/pc/76dff349290d20891fc1.svg,,,https://deo.shopeemobile.com/shopee/modules-federation/live/0/shopee__item-card-standard-v2/0.2.8/pc/5dd7b4560d0e2d3190e8.svg,Jakarta Utara,Produk Baru,-49%,,"Xiaomi Redmi 15 8/128GB | 8/256GB - Garansi Resmi
Rp
2.599.000
-49%
Produk Baru
5.0
316 Terjual
4-5 Hari
Jakarta Utara",https://shopee.co.id/Xiaomi-Redmi-15-8-128GB-8-256GB-Garansi-Resmi-i.1273198518.46853729926?extraParams=%7B%22display_model_id%22%3A355441096355%2C%22model_selection_logic%22%3A3%7D&sp_atk=2d4ac16c-392c-4d37-97ce-2d4490647135&xptdk=2d4ac16c-392c-4d37-97ce-2d4490647135,4-5 Hari,316 Terjual
https://down-id.img.susercontent.com/file/id-11134207-7qul7-liem69gozyj4a0,https://down-id.img.susercontent.com/file/id-11134258-8224v-mkvw0cu9r7k1a5,Xiaomi Redmi 10 6/128Gb Garansi Resmi,https://deo.shopeemobile.com/shopee/modules-federation/live/0/shopee__item-card-standard-v2/0.2.8/pc/e4734dab67ee2f9ebd5a.png,Rp,1.550.000,https://deo.shopeemobile.com/shopee/modules-federation/live/0/shopee__item-card-standard-v2/0.2.8/pc/d2a1900a0267d45fd0f5.png,https://deo.shopeemobile.com/shopee/modules-federation/live/0/shopee__item-card-standard-v2/0.2.8/pc/d7099d3fd1dfdaf705ab.svg,5.0,,https://deo.shopeemobile.com/shopee/modules-federation/live/0/shopee__item-card-standard-v2/0.2.8/pc/76dff349290d20891fc1.svg,,,https://deo.shopeemobile.com/shopee/modules-federation/live/0/shopee__item-card-standard-v2/0.2.8/pc/5dd7b4560d0e2d3190e8.svg,Surabaya,,,,"Xiaomi Redmi 10 6/128Gb Garansi Resmi
Rp
1.550.000
5.0
18 Terjual
2-4 Hari
Surabaya",https://shopee.co.id/Xiaomi-Redmi-10-6-128Gb-Garansi-Resmi-i.61714473.19781192011?extraParams=%7B%22display_model_id%22%3A225343623343%2C%22model_selection_logic%22%3A3%7D&sp_atk=bcd17f91-8c7e-4a8c-92af-2589fc7d9f13&xptdk=bcd17f91-8c7e-4a8c-92af-2589fc7d9f13,2-4 Hari,18 Terjual
https://down-id.img.susercontent.com/file/id-11134207-8224x-mk4p1qajnk04f9,https://down-id.img.susercontent.com/file/id-11134258-822ws-mnciva8io4qu2f,Xiaomi Redmi 15 8/128GB 8/256GB Snapdragon 685 Baterai 7000mAh pengisisan cepat 33W Garansi Resmi,https://deo.shopeemobile.com/shopee/modules-federation/live/0/shopee__item-card-standard-v2/0.2.8/pc/7c9110f78e069acbced7.png,Rp,2.663.000,,https://deo.shopeemobile.com/shopee/modules-federation/live/0/shopee__item-card-standard-v2/0.2.8/pc/d7099d3fd1dfdaf705ab.svg,5.0,,https://deo.shopeemobile.com/shopee/modules-federation/live/0/shopee__item-card-standard-v2/0.2.8/pc/38e203dc86172a6c6560.svg,https://deo.shopeemobile.com/shopee/modules-federation/live/0/shopee__item-card-standard-v2/0.2.8/pc/0614b8f0a8fdde22942d.svg,Besok,https://deo.shopeemobile.com/shopee/modules-federation/live/0/shopee__item-card-standard-v2/0.2.8/pc/5dd7b4560d0e2d3190e8.svg,Surabaya,,,,"Xiaomi Redmi 15 8/128GB 8/256GB Snapdragon 685 Baterai 7000mAh pengisisan cepat 33W Garansi Resmi
Rp
2.663.000
5.0
12 Terjual
Besok
Surabaya",https://shopee.co.id/Xiaomi-Redmi-15-8-128GB-8-256GB-Snapdragon-685-Baterai-7000mAh-pengisisan-cepat-33W-Garansi-Resmi-i.71769871.40870236972?extraParams=%7B%22display_model_id%22%3A291652214102%2C%22model_selection_logic%22%3A3%7D&sp_atk=c16f22f6-f026-48f9-9af5-8655071d0015&xptdk=c16f22f6-f026-48f9-9af5-8655071d0015,,12 Terjual
https://down-id.img.susercontent.com/file/id-11134201-7ra0h-mdnacawh09sf80,https://down-id.img.susercontent.com/file/id-11134258-8224v-mkvw0cu9r7k1a5,XIAOMI REDMI 15C 6/128 & 8/256 NEW GARANSI RESMI,https://deo.shopeemobile.com/shopee/modules-federation/live/0/shopee__item-card-standard-v2/0.2.8/pc/e4734dab67ee2f9ebd5a.png,Rp,2.399.000,,https://deo.shopeemobile.com/shopee/modules-federation/live/0/shopee__item-card-standard-v2/0.2.8/pc/d7099d3fd1dfdaf705ab.svg,5.0,,https://deo.shopeemobile.com/shopee/modules-federation/live/0/shopee__item-card-standard-v2/0.2.8/pc/76dff349290d20891fc1.svg,,,https://deo.shopeemobile.com/shopee/modules-federation/live/0/shopee__item-card-standard-v2/0.2.8/pc/5dd7b4560d0e2d3190e8.svg,Medan,,,,"XIAOMI REDMI 15C 6/128 & 8/256 NEW GARANSI RESMI
Rp
2.399.000
5.0
266 Terjual
4-8 Hari
Medan",https://shopee.co.id/XIAOMI-REDMI-15C-6-128-8-256-NEW-GARANSI-RESMI-i.148368379.40664177386?extraParams=%7B%22display_model_id%22%3A296167900177%2C%22model_selection_logic%22%3A3%7D&sp_atk=334f044c-3abe-4237-9623-9858fa32547f&xptdk=334f044c-3abe-4237-9623-9858fa32547f,4-8 Hari,266 Terjual
https://down-id.img.susercontent.com/file/id-11134207-81ztf-mef2z135fny96e,https://down-id.img.susercontent.com/file/id-11134258-8224v-mkvw0cu9r7k1a5,xiamoi redmi a5 4+128 GB garansi resmi 12 bulan,,Rp,1.150.000,,,,,https://deo.shopeemobile.com/shopee/modules-federation/live/0/shopee__item-card-standard-v2/0.2.8/pc/76dff349290d20891fc1.svg,,,https://deo.shopeemobile.com/shopee/modules-federation/live/0/shopee__item-card-standard-v2/0.2.8/pc/5dd7b4560d0e2d3190e8.svg,Kab. Kulon Progo,,,,"xiamoi redmi a5 4+128 GB garansi resmi 12 bulan
Rp
1.150.000
4-7 Hari
Kab. Kulon Progo",https://shopee.co.id/xiamoi-redmi-a5-4-128-GB-garansi-resmi-12-bulan-i.1021763421.41218125549?extraParams=%7B%22display_model_id%22%3A286490848883%2C%22model_selection_logic%22%3A3%7D&sp_atk=7d99b502-3864-46c1-b023-0dfb8dcb4ec7&xptdk=7d99b502-3864-46c1-b023-0dfb8dcb4ec7,4-7 Hari,4-7 Hari
https://down-id.img.susercontent.com/file/id-11134207-7rbk5-m9y694uhdhdf72,https://down-id.img.susercontent.com/file/id-11134258-822ws-mnciva8io4qu2f,XIAOMI REDMI NOTE 14 5G / 4G 8GB 128GB / 8GB 256GB / 12GB 512GB,https://deo.shopeemobile.com/shopee/modules-federation/live/0/shopee__item-card-standard-v2/0.2.8/pc/7c9110f78e069acbced7.png,Rp,3.269.000,,https://deo.shopeemobile.com/shopee/modules-federation/live/0/shopee__item-card-standard-v2/0.2.8/pc/d7099d3fd1dfdaf705ab.svg,4.9,,https://deo.shopeemobile.com/shopee/modules-federation/live/0/shopee__item-card-standard-v2/0.2.8/pc/76dff349290d20891fc1.svg,,,https://deo.shopeemobile.com/shopee/modules-federation/live/0/shopee__item-card-standard-v2/0.2.8/pc/5dd7b4560d0e2d3190e8.svg,Jakarta Utara,,-20%,,"XIAOMI REDMI NOTE 14 5G / 4G 8GB 128GB / 8GB 256GB / 12GB 512GB
Rp
3.269.000
-20%
4.9
30 Terjual
3 Hari
Jakarta Utara",https://shopee.co.id/XIAOMI-REDMI-NOTE-14-5G-4G-8GB-128GB-8GB-256GB-12GB-512GB-i.383392952.40001440697?extraParams=%7B%22display_model_id%22%3A300114242527%2C%22model_selection_logic%22%3A3%7D&sp_atk=732cefac-8884-4c4f-9f37-3cb12eea1aca&xptdk=732cefac-8884-4c4f-9f37-3cb12eea1aca,3 Hari,30 Terjual
https://down-id.img.susercontent.com/file/id-11134207-7rasg-m1jarzi7xwe373,https://down-id.img.susercontent.com/file/id-11134258-8224v-mkvw0cu9r7k1a5,Xiaomi 14T 5G 12/256 & 12/512 New segel garansi resmi xiaomi,https://deo.shopeemobile.com/shopee/modules-federation/live/0/shopee__item-card-standard-v2/0.2.8/pc/a425c915798471b33e5d.png,Rp,5.950.000,https://deo.shopeemobile.com/shopee/modules-federation/live/0/shopee__item-card-standard-v2/0.2.8/pc/d2a1900a0267d45fd0f5.png,https://deo.shopeemobile.com/shopee/modules-federation/live/0/shopee__item-card-standard-v2/0.2.8/pc/d7099d3fd1dfdaf705ab.svg,4.2,,https://deo.shopeemobile.com/shopee/modules-federation/live/0/shopee__item-card-standard-v2/0.2.8/pc/38e203dc86172a6c6560.svg,https://deo.shopeemobile.com/shopee/modules-federation/live/0/shopee__item-card-standard-v2/0.2.8/pc/0614b8f0a8fdde22942d.svg,< 2 Hari,https://deo.shopeemobile.com/shopee/modules-federation/live/0/shopee__item-card-standard-v2/0.2.8/pc/5dd7b4560d0e2d3190e8.svg,Surabaya,,-1%,,"Xiaomi 14T 5G 12/256 & 12/512 New segel garansi resmi xiaomi
Rp
5.950.000
-1%
4.2
28 Terjual
< 2 Hari
Surabaya",https://shopee.co.id/Xiaomi-14T-5G-12-256-12-512-New-segel-garansi-resmi-xiaomi-i.134819232.26264568415?extraParams=%7B%22display_model_id%22%3A205475164794%2C%22model_selection_logic%22%3A3%7D&sp_atk=13bcb44a-4be6-45b8-8872-fad8168bf8cd&xptdk=13bcb44a-4be6-45b8-8872-fad8168bf8cd,,28 Terjual
https://down-id.img.susercontent.com/file/id-11134207-7ra0r-mdtpjpn2humw68,https://down-id.img.susercontent.com/file/id-11134258-822ws-mnciva8io4qu2f,"Xiaomi Redmi 15C (6GB/128GB) (8GB/256GB) | 6000mAh 6.9"" INCH 120Hz | 50 MP - Garansi Resmi",https://deo.shopeemobile.com/shopee/modules-federation/live/0/shopee__item-card-standard-v2/0.2.8/pc/7c9110f78e069acbced7.png,Rp,2.201.000,https://deo.shopeemobile.com/shopee/modules-federation/live/0/shopee__item-card-standard-v2/0.2.8/pc/d2a1900a0267d45fd0f5.png,https://deo.shopeemobile.com/shopee/modules-federation/live/0/shopee__item-card-standard-v2/0.2.8/pc/d7099d3fd1dfdaf705ab.svg,4.9,,https://deo.shopeemobile.com/shopee/modules-federation/live/0/shopee__item-card-standard-v2/0.2.8/pc/38e203dc86172a6c6560.svg,https://deo.shopeemobile.com/shopee/modules-federation/live/0/shopee__item-card-standard-v2/0.2.8/pc/0614b8f0a8fdde22942d.svg,< 2 Hari,https://deo.shopeemobile.com/shopee/modules-federation/live/0/shopee__item-card-standard-v2/0.2.8/pc/5dd7b4560d0e2d3190e8.svg,Surabaya,,,,"Xiaomi Redmi 15C (6GB/128GB) (8GB/256GB) | 6000mAh 6.9"" INCH 120Hz | 50 MP - Garansi Resmi
Rp
2.201.000
4.9
148 Terjual
< 2 Hari
Surabaya",https://shopee.co.id/Xiaomi-Redmi-15C-(6GB-128GB)-(8GB-256GB)-6000mAh-6.9-INCH-120Hz-50-MP-Garansi-Resmi-i.35790461.41714948937?extraParams=%7B%22display_model_id%22%3A266238911484%2C%22model_selection_logic%22%3A3%7D&sp_atk=8665ba8c-b31e-4d72-8def-2c6b9d1a3782&xptdk=8665ba8c-b31e-4d72-8def-2c6b9d1a3782,,148 Terjual
https://down-id.img.susercontent.com/file/id-11134207-7rbk2-ma2g4m7e3a8i18,https://down-id.img.susercontent.com/file/id-11134258-8224v-mkvw0cu9r7k1a5,HP XIAOMI REDMI 14C RAM 6GB/128GB | 8GB/256GB - Garansi Resmi Xiaomi,,Rp,1.490.000,,,,3 Hari,https://deo.shopeemobile.com/shopee/modules-federation/live/0/shopee__item-card-standard-v2/0.2.8/pc/76dff349290d20891fc1.svg,,,https://deo.shopeemobile.com/shopee/modules-federation/live/0/shopee__item-card-standard-v2/0.2.8/pc/5dd7b4560d0e2d3190e8.svg,Jakarta Utara,,,,"HP XIAOMI REDMI 14C RAM 6GB/128GB | 8GB/256GB - Garansi Resmi Xiaomi
Rp
1.490.000
3 Hari
Jakarta Utara",https://shopee.co.id/HP-XIAOMI-REDMI-14C-RAM-6GB-128GB-8GB-256GB-Garansi-Resmi-Xiaomi-i.64493813.43051797240?extraParams=%7B%22display_model_id%22%3A216091793962%2C%22model_selection_logic%22%3A3%7D&sp_atk=1a30533d-cf27-4a13-aa1f-ac92a5d45620&xptdk=1a30533d-cf27-4a13-aa1f-ac92a5d45620,3 Hari,
https://down-id.img.susercontent.com/file/id-11134207-8224z-mkez62vuj7r439,https://down-id.img.susercontent.com/file/id-11134258-8224v-mkvw0cu9r7k1a5,XIAOMI Redmi 15 Ram [8/128-8/256]Gb Original Garansi Resmi Indonesia,https://deo.shopeemobile.com/shopee/modules-federation/live/0/shopee__item-card-standard-v2/0.2.8/pc/a425c915798471b33e5d.png,Rp,2.599.000,https://deo.shopeemobile.com/shopee/modules-federation/live/0/shopee__item-card-standard-v2/0.2.8/pc/d2a1900a0267d45fd0f5.png,https://deo.shopeemobile.com/shopee/modules-federation/live/0/shopee__item-card-standard-v2/0.2.8/pc/d7099d3fd1dfdaf705ab.svg,4.9,65 Terjual,https://deo.shopeemobile.com/shopee/modules-federation/live/0/shopee__item-card-standard-v2/0.2.8/pc/76dff349290d20891fc1.svg,,,https://deo.shopeemobile.com/shopee/modules-federation/live/0/shopee__item-card-standard-v2/0.2.8/pc/5dd7b4560d0e2d3190e8.svg,Surabaya,,,,"XIAOMI Redmi 15 Ram [8/128-8/256]Gb Original Garansi Resmi Indonesia
Rp
2.599.000
4.9
65 Terjual
2-4 Hari
Surabaya",https://shopee.co.id/XIAOMI-Redmi-15-Ram-8-128-8-256-Gb-Original-Garansi-Resmi-Indonesia-i.410912814.25506853849?extraParams=%7B%22display_model_id%22%3A197256302936%2C%22model_selection_logic%22%3A3%7D&sp_atk=39782187-4a27-43e3-bd62-d5e7770c5314&xptdk=39782187-4a27-43e3-bd62-d5e7770c5314,2-4 Hari,
https://down-id.img.susercontent.com/file/id-11134207-7rbk7-mavag0p01fl0fb,https://down-id.img.susercontent.com/file/id-11134258-822ws-mnciva8io4qu2f,Xiaomi Poco C71 [4+128 GB] Garansi Resmi 15 Bulan,https://deo.shopeemobile.com/shopee/modules-federation/live/0/shopee__item-card-standard-v2/0.2.8/pc/e4734dab67ee2f9ebd5a.png,Rp,1.760.000,,https://deo.shopeemobile.com/shopee/modules-federation/live/0/shopee__item-card-standard-v2/0.2.8/pc/d7099d3fd1dfdaf705ab.svg,4.9,89 Terjual,https://deo.shopeemobile.com/shopee/modules-federation/live/0/shopee__item-card-standard-v2/0.2.8/pc/76dff349290d20891fc1.svg,,,https://deo.shopeemobile.com/shopee/modules-federation/live/0/shopee__item-card-standard-v2/0.2.8/pc/5dd7b4560d0e2d3190e8.svg,Kab. Madiun,,,,"Xiaomi Poco C71 [4+128 GB] Garansi Resmi 15 Bulan
Rp
1.760.000
4.9
89 Terjual
2-4 Hari
Kab. Madiun",https://shopee.co.id/Xiaomi-Poco-C71-4-128-GB-Garansi-Resmi-15-Bulan-i.1383028744.42104185622?extraParams=%7B%22display_model_id%22%3A305354246446%2C%22model_selection_logic%22%3A3%7D&sp_atk=2c12d1ff-130d-4029-95d8-9ef9f6f51c5d&xptdk=2c12d1ff-130d-4029-95d8-9ef9f6f51c5d,2-4 Hari,
https://down-id.img.susercontent.com/file/id-11134207-7r98y-lyym1ypjdkuzab,https://down-id.img.susercontent.com/file/id-11134258-8224v-mkvw0cu9r7k1a5,Xiaomi poco C65 Ram 8Gb Rom 256Gb Fullset bergaransi,,Rp,1.367.100,,,,3-6 Hari,https://deo.shopeemobile.com/shopee/modules-federation/live/0/shopee__item-card-standard-v2/0.2.8/pc/76dff349290d20891fc1.svg,,,https://deo.shopeemobile.com/shopee/modules-federation/live/0/shopee__item-card-standard-v2/0.2.8/pc/5dd7b4560d0e2d3190e8.svg,Jakarta Barat,,-7%,,"Xiaomi poco C65 Ram 8Gb Rom 256Gb Fullset bergaransi
Rp
1.367.100
-7%
3-6 Hari
Jakarta Barat",https://shopee.co.id/Xiaomi-poco-C65-Ram-8Gb-Rom-256Gb-Fullset-bergaransi-i.782910855.28355352825?extraParams=%7B%22display_model_id%22%3A168307816196%2C%22model_selection_logic%22%3A3%7D&sp_atk=4ccd3861-6274-4f65-8708-2dc29b151f78&xptdk=4ccd3861-6274-4f65-8708-2dc29b151f78,3-6 Hari,
https://down-id.img.susercontent.com/file/id-11134207-7ra0q-mdmw2dyp4iz66d,https://down-id.img.susercontent.com/file/id-11134258-7r98w-lyezzaurybot13,Xiaomi Redmi 15C 8GB+256GB Dual Kamera 50MP - Garansi Resmi 1 Tahun,https://deo.shopeemobile.com/shopee/modules-federation/live/0/shopee__item-card-standard-v2/0.2.8/pc/7c9110f78e069acbced7.png,Rp,2.099.000,,https://deo.shopeemobile.com/shopee/modules-federation/live/0/shopee__item-card-standard-v2/0.2.8/pc/d7099d3fd1dfdaf705ab.svg,4.7,101 Terjual,https://deo.shopeemobile.com/shopee/modules-federation/live/0/shopee__item-card-standard-v2/0.2.8/pc/76dff349290d20891fc1.svg,,,https://deo.shopeemobile.com/shopee/modules-federation/live/0/shopee__item-card-standard-v2/0.2.8/pc/5dd7b4560d0e2d3190e8.svg,Jakarta Utara,,,,"Xiaomi Redmi 15C 8GB+256GB Dual Kamera 50MP - Garansi Resmi 1 Tahun
Rp
2.099.000
4.7
101 Terjual
3-6 Hari
Jakarta Utara",https://shopee.co.id/Xiaomi-Redmi-15C-8GB-256GB-Dual-Kamera-50MP-Garansi-Resmi-1-Tahun-i.316930488.41864163951?extraParams=%7B%22display_model_id%22%3A301166814375%2C%22model_selection_logic%22%3A3%7D&sp_atk=e68f5f08-6daa-4862-b616-a044e6f1d210&xptdk=e68f5f08-6daa-4862-b616-a044e6f1d210,3-6 Hari,
https://down-id.img.susercontent.com/file/id-11134207-8224r-mkh4pkb1kv7mf3,https://down-id.img.susercontent.com/file/id-11134258-8224v-mkvw0cu9r7k1a5,XIAOMI REDMI NOTE 14 4G RAM 8/128 DAN 8/256 NEW SEGEL RESMI,https://deo.shopeemobile.com/shopee/modules-federation/live/0/shopee__item-card-standard-v2/0.2.8/pc/a425c915798471b33e5d.png,Rp,2.495.000,,https://deo.shopeemobile.com/shopee/modules-federation/live/0/shopee__item-card-standard-v2/0.2.8/pc/d7099d3fd1dfdaf705ab.svg,4.6,78 Terjual,https://deo.shopeemobile.com/shopee/modules-federation/live/0/shopee__item-card-standard-v2/0.2.8/pc/76dff349290d20891fc1.svg,,,https://deo.shopeemobile.com/shopee/modules-federation/live/0/shopee__item-card-standard-v2/0.2.8/pc/5dd7b4560d0e2d3190e8.svg,Surabaya,,,,"XIAOMI REDMI NOTE 14 4G RAM 8/128 DAN 8/256 NEW SEGEL RESMI
Rp
2.495.000
4.6
78 Terjual
2-4 Hari
Surabaya",https://shopee.co.id/XIAOMI-REDMI-NOTE-14-4G-RAM-8-128-DAN-8-256-NEW-SEGEL-RESMI-i.1098399846.53155982897?extraParams=%7B%22display_model_id%22%3A259164442770%2C%22model_selection_logic%22%3A3%7D&sp_atk=5642864c-35bd-4029-aeee-35b95ebd2ff8&xptdk=5642864c-35bd-4029-aeee-35b95ebd2ff8,2-4 Hari,
https://down-id.img.susercontent.com/file/id-11134207-7ra0o-mbc2hn6ao5hy4c,https://down-id.img.susercontent.com/file/id-11134258-8224v-mkvw0cu9r7k1a5,Xiaomi POCO C71 4/128 Garansi Resmi,https://deo.shopeemobile.com/shopee/modules-federation/live/0/shopee__item-card-standard-v2/0.2.8/pc/e4734dab67ee2f9ebd5a.png,Rp,1.645.000,,https://deo.shopeemobile.com/shopee/modules-federation/live/0/shopee__item-card-standard-v2/0.2.8/pc/d7099d3fd1dfdaf705ab.svg,5.0,106 Terjual,https://deo.shopeemobile.com/shopee/modules-federation/live/0/shopee__item-card-standard-v2/0.2.8/pc/76dff349290d20891fc1.svg,,,https://deo.shopeemobile.com/shopee/modules-federation/live/0/shopee__item-card-standard-v2/0.2.8/pc/5dd7b4560d0e2d3190e8.svg,Bandung,,,,"Xiaomi POCO C71 4/128 Garansi Resmi
Rp
1.645.000
5.0
106 Terjual
2-4 Hari
Bandung",https://shopee.co.id/Xiaomi-POCO-C71-4-128-Garansi-Resmi-i.17203356.28587867304?extraParams=%7B%22display_model_id%22%3A260470175993%2C%22model_selection_logic%22%3A3%7D&sp_atk=6cb1d66c-43dc-40fc-9a85-052010070786&xptdk=6cb1d66c-43dc-40fc-9a85-052010070786,2-4 Hari,
https://down-id.img.susercontent.com/file/a029b6986b993bb6955f282499817b47,https://down-id.img.susercontent.com/file/id-11134258-8224v-mkvw0cu9r7k1a5,Xiaomi Redmi 9C Ram 4GB Rom 64GB 4/64 3/32 Garansi Resmi TAM - NEW ORIGINAL,,Rp,1.199.000,,https://deo.shopeemobile.com/shopee/modules-federation/live/0/shopee__item-card-standard-v2/0.2.8/pc/d7099d3fd1dfdaf705ab.svg,4.9,41 Terjual,https://deo.shopeemobile.com/shopee/modules-federation/live/0/shopee__item-card-standard-v2/0.2.8/pc/76dff349290d20891fc1.svg,,,https://deo.shopeemobile.com/shopee/modules-federation/live/0/shopee__item-card-standard-v2/0.2.8/pc/5dd7b4560d0e2d3190e8.svg,Bekasi,Cicilan,,,"Xiaomi Redmi 9C Ram 4GB Rom 64GB 4/64 3/32 Garansi Resmi TAM - NEW ORIGINAL
Rp
1.199.000
Cicilan
4.9
41 Terjual
4-7 Hari
Bekasi",https://shopee.co.id/Xiaomi-Redmi-9C-Ram-4GB-Rom-64GB-4-64-3-32-Garansi-Resmi-TAM-NEW-ORIGINAL-i.189337673.3662243895?extraParams=%7B%22display_model_id%22%3A51767102168%2C%22model_selection_logic%22%3A3%7D&sp_atk=cb0b94a2-c1be-4f3d-9ba3-4f7b2e4539cc&xptdk=cb0b94a2-c1be-4f3d-9ba3-4f7b2e4539cc,4-7 Hari,
https://down-id.img.susercontent.com/file/id-11134207-7qukw-lhug724e83mc13,https://down-id.img.susercontent.com/file/id-11134258-8224v-mkvw0cu9r7k1a5,"Xiaomi Redmi A1 3/32 Garansi Resmi Tam, Dual SIM, 6.52"" IPS LCD, 5000mAh",,Rp,935.000,,,,3 Hari,https://deo.shopeemobile.com/shopee/modules-federation/live/0/shopee__item-card-standard-v2/0.2.8/pc/76dff349290d20891fc1.svg,,,https://deo.shopeemobile.com/shopee/modules-federation/live/0/shopee__item-card-standard-v2/0.2.8/pc/5dd7b4560d0e2d3190e8.svg,Surabaya,,,,"Xiaomi Redmi A1 3/32 Garansi Resmi Tam, Dual SIM, 6.52"" IPS LCD, 5000mAh
Rp
935.000
3 Hari
Surabaya",https://shopee.co.id/Xiaomi-Redmi-A1-3-32-Garansi-Resmi-Tam-Dual-SIM-6.52-IPS-LCD-5000mAh-i.251901443.23445110884?extraParams=%7B%22display_model_id%22%3A221697609520%2C%22model_selection_logic%22%3A3%7D&sp_atk=ce4277fb-279e-481b-9a5d-eefae33d4efa&xptdk=ce4277fb-279e-481b-9a5d-eefae33d4efa,3 Hari,
https://down-id.img.susercontent.com/file/id-11134207-7rbk6-ma9dxi9rxlck72,https://down-id.img.susercontent.com/file/id-11134258-8224v-mkvw0cu9r7k1a5,Xiaomi Redmi A5 4/128GB Garansi Resmi Smartphone,,Rp,1.679.000,,https://deo.shopeemobile.com/shopee/modules-federation/live/0/shopee__item-card-standard-v2/0.2.8/pc/d7099d3fd1dfdaf705ab.svg,5.0,9 Terjual,https://deo.shopeemobile.com/shopee/modules-federation/live/0/shopee__item-card-standard-v2/0.2.8/pc/76dff349290d20891fc1.svg,,,https://deo.shopeemobile.com/shopee/modules-federation/live/0/shopee__item-card-standard-v2/0.2.8/pc/5dd7b4560d0e2d3190e8.svg,Mataram,,,,"Xiaomi Redmi A5 4/128GB Garansi Resmi Smartphone
Rp
1.679.000
5.0
9 Terjual
2-6 Hari
Mataram",https://shopee.co.id/Xiaomi-Redmi-A5-4-128GB-Garansi-Resmi-Smartphone-i.398316665.42852286240?extraParams=%7B%22display_model_id%22%3A260187587666%2C%22model_selection_logic%22%3A3%7D&sp_atk=4a6558e5-750f-4d37-812d-cd5fe3eef779&xptdk=4a6558e5-750f-4d37-812d-cd5fe3eef779,2-6 Hari,
https://down-id.img.susercontent.com/file/id-11134207-7ra0n-mdippc47bcms33,https://down-id.img.susercontent.com/file/id-11134258-7r98w-lyezzaurybot13,Xiaomi Redmi 15C 6/128GB | 8/256GB - Garansi Indonesia,https://deo.shopeemobile.com/shopee/modules-federation/live/0/shopee__item-card-standard-v2/0.2.8/pc/7c9110f78e069acbced7.png,Rp,2.139.000,,https://deo.shopeemobile.com/shopee/modules-federation/live/0/shopee__item-card-standard-v2/0.2.8/pc/d7099d3fd1dfdaf705ab.svg,4.9,257 Terjual,https://deo.shopeemobile.com/shopee/modules-federation/live/0/shopee__item-card-standard-v2/0.2.8/pc/76dff349290d20891fc1.svg,,,https://deo.shopeemobile.com/shopee/modules-federation/live/0/shopee__item-card-standard-v2/0.2.8/pc/5dd7b4560d0e2d3190e8.svg,Jakarta Utara,,-29%,,"Xiaomi Redmi 15C 6/128GB | 8/256GB - Garansi Indonesia
Rp
2.139.000
-29%
4.9
257 Terjual
3 Hari
Jakarta Utara",https://shopee.co.id/Xiaomi-Redmi-15C-6-128GB-8-256GB-Garansi-Indonesia-i.1249173228.40163681462?extraParams=%7B%22display_model_id%22%3A276130704103%2C%22model_selection_logic%22%3A3%7D&sp_atk=c5be371a-f21b-4884-b09f-5f6844011234&xptdk=c5be371a-f21b-4884-b09f-5f6844011234,3 Hari,
https://down-id.img.susercontent.com/file/id-11134207-7ra0l-mdpmcie2rnki36,https://down-id.img.susercontent.com/file/id-11134258-822ws-mnciva8io4qu2f,"Xiaomi Redmi 15C 6GB/128GB 8GB/256GB Baterai 6000mAh pengisisan cepat 33W Layar Imersif 6.9"" 120Hz",https://deo.shopeemobile.com/shopee/modules-federation/live/0/shopee__item-card-standard-v2/0.2.8/pc/7c9110f78e069acbced7.png,Rp,2.201.000,https://deo.shopeemobile.com/shopee/modules-federation/live/0/shopee__item-card-standard-v2/0.2.8/pc/d2a1900a0267d45fd0f5.png,https://deo.shopeemobile.com/shopee/modules-federation/live/0/shopee__item-card-standard-v2/0.2.8/pc/d7099d3fd1dfdaf705ab.svg,4.9,754 Terjual,https://deo.shopeemobile.com/shopee/modules-federation/live/0/shopee__item-card-standard-v2/0.2.8/pc/76dff349290d20891fc1.svg,,,,,,,,"Xiaomi Redmi 15C 6GB/128GB 8GB/256GB Baterai 6000mAh pengisisan cepat 33W Layar Imersif 6.9"" 120Hz
Rp
2.201.000
4.9
754 Terjual
3 Hari",https://shopee.co.id/Xiaomi-Redmi-15C-6GB-128GB-8GB-256GB-Baterai-6000mAh-pengisisan-cepat-33W-Layar-Imersif-6.9-120Hz-i.282971736.28012320335?extraParams=%7B%22display_model_id%22%3A129079280775%2C%22model_selection_logic%22%3A3%7D&sp_atk=0960c6d6-a24c-42a5-b9d0-b67a6ee64782&xptdk=0960c6d6-a24c-42a5-b9d0-b67a6ee64782,3 Hari,
https://down-id.img.susercontent.com/file/id-11134207-822wq-mnfkhshvewp039,https://down-id.img.susercontent.com/file/id-11134258-822wr-mlx5y0tebegw04,Xiaomi Redmi 15 (8GB/128GB) (8GB/256GB) Baterai besar 7000mAh dengan pengisian daya 33W Garansi Resmi Xiaomi Indonesia,https://deo.shopeemobile.com/shopee/modules-federation/live/0/shopee__item-card-standard-v2/0.2.8/pc/a425c915798471b33e5d.png,Rp,2.698.000,,https://deo.shopeemobile.com/shopee/modules-federation/live/0/shopee__item-card-standard-v2/0.2.8/pc/d7099d3fd1dfdaf705ab.svg,5.0,62 Terjual,https://deo.shopeemobile.com/shopee/modules-federation/live/0/shopee__item-card-standard-v2/0.2.8/pc/38e203dc86172a6c6560.svg,https://deo.shopeemobile.com/shopee/modules-federation/live/0/shopee__item-card-standard-v2/0.2.8/pc/0614b8f0a8fdde22942d.svg,< 2 Hari,https://deo.shopeemobile.com/shopee/modules-federation/live/0/shopee__item-card-standard-v2/0.2.8/pc/5dd7b4560d0e2d3190e8.svg,Mojokerto,,-1%,https://deo.shopeemobile.com/shopee/modules-federation/live/0/shopee__item-card-standard-v2/0.2.8/pc/b4d1b8a78b3621dbdf4a.svg,"Xiaomi Redmi 15 (8GB/128GB) (8GB/256GB) Baterai besar 7000mAh dengan pengisian daya 33W Garansi Resmi Xiaomi Indonesia
Rp
2.698.000
-1%
5.0
62 Terjual
< 2 Hari
Mojokerto",https://shopee.co.id/Xiaomi-Redmi-15-(8GB-128GB)-(8GB-256GB)-Baterai-besar-7000mAh-dengan-pengisian-daya-33W-Garansi-Resmi-Xiaomi-Indonesia-i.785475.28592445315?extraParams=%7B%22display_model_id%22%3A29641268088%2C%22model_selection_logic%22%3A3%7D&sp_atk=f30f1fc6-79f6-47ef-aa8f-817711e2404f&xptdk=f30f1fc6-79f6-47ef-aa8f-817711e2404f,,
https://down-id.img.susercontent.com/file/id-11134207-81zto-mew5cy7m7ugy61,https://down-id.img.susercontent.com/file/id-11134258-822ws-mnciva8io4qu2f,Xiaomi Redmi 15C 8/256GB Smartphone Android Kamera Bagus HP Murah Original 100%,https://deo.shopeemobile.com/shopee/modules-federation/live/0/shopee__item-card-standard-v2/0.2.8/pc/e4734dab67ee2f9ebd5a.png,Rp,2.168.000,,https://deo.shopeemobile.com/shopee/modules-federation/live/0/shopee__item-card-standard-v2/0.2.8/pc/d7099d3fd1dfdaf705ab.svg,4.9,127 Terjual,https://deo.shopeemobile.com/shopee/modules-federation/live/0/shopee__item-card-standard-v2/0.2.8/pc/76dff349290d20891fc1.svg,,,https://deo.shopeemobile.com/shopee/modules-federation/live/0/shopee__item-card-standard-v2/0.2.8/pc/5dd7b4560d0e2d3190e8.svg,Bandung,,-13%,https://deo.shopeemobile.com/shopee/modules-federation/live/0/shopee__item-card-standard-v2/0.2.8/pc/b4d1b8a78b3621dbdf4a.svg,"Xiaomi Redmi 15C 8/256GB Smartphone Android Kamera Bagus HP Murah Original 100%
Rp
2.168.000
-13%
4.9
127 Terjual
3 Hari
Bandung",https://shopee.co.id/Xiaomi-Redmi-15C-8-256GB-Smartphone-Android-Kamera-Bagus-HP-Murah-Original-100--i.1304305387.29062854653?extraParams=%7B%22display_model_id%22%3A262563891365%2C%22model_selection_logic%22%3A3%7D&sp_atk=6dde3a31-b415-4284-95f9-acb83e1c7e4a&xptdk=6dde3a31-b415-4284-95f9-acb83e1c7e4a,3 Hari,
https://down-id.img.susercontent.com/file/id-11134207-7rbkd-m8fmuluyzzsd74,https://down-id.img.susercontent.com/file/id-11134258-8224v-mkvw0cu9r7k1a5,Xiaomi Redmi A5 4+4/128GB Chipset Unisoc T7250 Baterai Besar 5200mAh Original Bergaransi Resmi,,Rp,1.699.000,,https://deo.shopeemobile.com/shopee/modules-federation/live/0/shopee__item-card-standard-v2/0.2.8/pc/d7099d3fd1dfdaf705ab.svg,4.9,14 Terjual,https://deo.shopeemobile.com/shopee/modules-federation/live/0/shopee__item-card-standard-v2/0.2.8/pc/76dff349290d20891fc1.svg,,,https://deo.shopeemobile.com/shopee/modules-federation/live/0/shopee__item-card-standard-v2/0.2.8/pc/5dd7b4560d0e2d3190e8.svg,Pangkal Pinang,,,,"Xiaomi Redmi A5 4+4/128GB Chipset Unisoc T7250 Baterai Besar 5200mAh Original Bergaransi Resmi
Rp
1.699.000
4.9
14 Terjual
2-6 Hari
Pangkal Pinang",https://shopee.co.id/Xiaomi-Redmi-A5-4-4-128GB-Chipset-Unisoc-T7250-Baterai-Besar-5200mAh-Original-Bergaransi-Resmi-i.1345343084.27082985345?extraParams=%7B%22display_model_id%22%3A195978849209%2C%22model_selection_logic%22%3A3%7D&sp_atk=196c56c4-7db8-4283-9d44-dbde4913ec8a&xptdk=196c56c4-7db8-4283-9d44-dbde4913ec8a,2-6 Hari,
https://down-id.img.susercontent.com/file/id-11134207-822wg-mms9y114inlvd3,https://down-id.img.susercontent.com/file/id-11134258-8224v-mkvw0cu9r7k1a5,XIAOMI POCO C85  RAM (6/128 GB) (8/256 GB) GARANSI RESMI TERMURAH,https://deo.shopeemobile.com/shopee/modules-federation/live/0/shopee__item-card-standard-v2/0.2.8/pc/e4734dab67ee2f9ebd5a.png,Rp,2.025.000,,https://deo.shopeemobile.com/shopee/modules-federation/live/0/shopee__item-card-standard-v2/0.2.8/pc/d7099d3fd1dfdaf705ab.svg,5.0,210 Terjual,https://deo.shopeemobile.com/shopee/modules-federation/live/0/shopee__item-card-standard-v2/0.2.8/pc/76dff349290d20891fc1.svg,,,https://deo.shopeemobile.com/shopee/modules-federation/live/0/shopee__item-card-standard-v2/0.2.8/pc/5dd7b4560d0e2d3190e8.svg,Kab. Sleman,,,,"XIAOMI POCO C85 RAM (6/128 GB) (8/256 GB) GARANSI RESMI TERMURAH
Rp
2.025.000
5.0
210 Terjual
2-3 Hari
Kab. Sleman",https://shopee.co.id/XIAOMI-POCO-C85-RAM-(6-128-GB)-(8-256-GB)-GARANSI-RESMI-TERMURAH-i.147741086.18345389314?extraParams=%7B%22display_model_id%22%3A247168743259%2C%22model_selection_logic%22%3A3%7D&sp_atk=3c8cfea4-2173-4b04-90d4-0c433b35cfd0&xptdk=3c8cfea4-2173-4b04-90d4-0c433b35cfd0,2-3 Hari,
https://down-id.img.susercontent.com/file/id-11134207-7r98x-lzc0x7chjl0g5a,https://down-id.img.susercontent.com/file/id-11134258-8224v-mkvw0cu9r7k1a5,XIAOMI REDMI 12 ( 8GB/128GB & 8GB/256GB ) GARANSI RESMI TAM XIAOMI 100% ORIGINAL GARANSI RESMI XIAOMI,https://deo.shopeemobile.com/shopee/modules-federation/live/0/shopee__item-card-standard-v2/0.2.8/pc/e4734dab67ee2f9ebd5a.png,Rp,2.299.000,,https://deo.shopeemobile.com/shopee/modules-federation/live/0/shopee__item-card-standard-v2/0.2.8/pc/d7099d3fd1dfdaf705ab.svg,4.9,247 Terjual,https://deo.shopeemobile.com/shopee/modules-federation/live/0/shopee__item-card-standard-v2/0.2.8/pc/76dff349290d20891fc1.svg,,,https://deo.shopeemobile.com/shopee/modules-federation/live/0/shopee__item-card-standard-v2/0.2.8/pc/5dd7b4560d0e2d3190e8.svg,Surabaya,,-15%,,"XIAOMI REDMI 12 ( 8GB/128GB & 8GB/256GB ) GARANSI RESMI TAM XIAOMI 100% ORIGINAL GARANSI RESMI XIAOMI
Rp
2.299.000
-15%
4.9
247 Terjual
3 Hari
Surabaya",https://shopee.co.id/XIAOMI-REDMI-12-(-8GB-128GB-8GB-256GB-)-GARANSI-RESMI-TAM-XIAOMI-100-ORIGINAL-GARANSI-RESMI-XIAOMI-i.51610744.23525092565?extraParams=%7B%22display_model_id%22%3A205338830799%2C%22model_selection_logic%22%3A3%7D&sp_atk=dcf70be8-0680-4916-b017-73aaa31df0d1&xptdk=dcf70be8-0680-4916-b017-73aaa31df0d1,3 Hari,
https://down-id.img.susercontent.com/file/id-11134207-7ra0h-mdr3saiot7an0b,https://down-id.img.susercontent.com/file/id-11134258-8224v-mkvw0cu9r7k1a5,"HP Xiaomi REDMI 15C 8/256GB, REDMI 15C 8/128GB(Garansi Resmi XIAOMI 1 TAHUN)",,Rp,2.168.000,,https://deo.shopeemobile.com/shopee/modules-federation/live/0/shopee__item-card-standard-v2/0.2.8/pc/d7099d3fd1dfdaf705ab.svg,5.0,144 Terjual,https://deo.shopeemobile.com/shopee/modules-federation/live/0/shopee__item-card-standard-v2/0.2.8/pc/38e203dc86172a6c6560.svg,https://deo.shopeemobile.com/shopee/modules-federation/live/0/shopee__item-card-standard-v2/0.2.8/pc/0614b8f0a8fdde22942d.svg,< 2 Hari,https://deo.shopeemobile.com/shopee/modules-federation/live/0/shopee__item-card-standard-v2/0.2.8/pc/5dd7b4560d0e2d3190e8.svg,Surabaya,,-28%,,"HP Xiaomi REDMI 15C 8/256GB, REDMI 15C 8/128GB(Garansi Resmi XIAOMI 1 TAHUN)
Rp
2.168.000
-28%
5.0
144 Terjual
< 2 Hari
Surabaya",https://shopee.co.id/HP-Xiaomi-REDMI-15C-8-256GB-REDMI-15C-8-128GB(Garansi-Resmi-XIAOMI-1-TAHUN)-i.791255970.26819561251?extraParams=%7B%22display_model_id%22%3A296223414108%2C%22model_selection_logic%22%3A3%7D&sp_atk=8875e912-e824-4226-aa35-e59e6b4035cd&xptdk=8875e912-e824-4226-aa35-e59e6b4035cd,,
https://down-id.img.susercontent.com/file/id-11134207-8224p-miqr17vrhkau39,https://down-id.img.susercontent.com/file/id-11134258-822ws-mnciva8io4qu2f,Xiaomi Redmi 15 8GB-256GB Baterai besar 7000mAh pengisian daya 33W  50MP kamera ganda AI,https://deo.shopeemobile.com/shopee/modules-federation/live/0/shopee__item-card-standard-v2/0.2.8/pc/7c9110f78e069acbced7.png,Rp,2.598.000,,https://deo.shopeemobile.com/shopee/modules-federation/live/0/shopee__item-card-standard-v2/0.2.8/pc/d7099d3fd1dfdaf705ab.svg,5.0,45 Terjual,https://deo.shopeemobile.com/shopee/modules-federation/live/0/shopee__item-card-standard-v2/0.2.8/pc/76dff349290d20891fc1.svg,,,https://deo.shopeemobile.com/shopee/modules-federation/live/0/shopee__item-card-standard-v2/0.2.8/pc/5dd7b4560d0e2d3190e8.svg,Jakarta Utara,,-38%,https://deo.shopeemobile.com/shopee/modules-federation/live/0/shopee__item-card-standard-v2/0.2.8/pc/b4d1b8a78b3621dbdf4a.svg,"Xiaomi Redmi 15 8GB-256GB Baterai besar 7000mAh pengisian daya 33W 50MP kamera ganda AI
Rp
2.598.000
-38%
5.0
45 Terjual
3 Hari
Jakarta Utara",https://shopee.co.id/Xiaomi-Redmi-15-8GB-256GB-Baterai-besar-7000mAh-pengisian-daya-33W-50MP-kamera-ganda-AI-i.250649369.24882743475?extraParams=%7B%22display_model_id%22%3A291893499961%2C%22model_selection_logic%22%3A3%7D&sp_atk=927d48dd-1c38-4a3c-8b56-bfc7d90de905&xptdk=927d48dd-1c38-4a3c-8b56-bfc7d90de905,3 Hari,
https://down-id.img.susercontent.com/file/id-11134207-7rasj-m5wra54k9wxy27,https://down-id.img.susercontent.com/file/id-11134258-822wp-mlyjp115kz5tc6,XIAOMI NOTE 14 8/128GB & 8/256GB GARANSI RESMI INDONESIA,https://deo.shopeemobile.com/shopee/modules-federation/live/0/shopee__item-card-standard-v2/0.2.8/pc/e4734dab67ee2f9ebd5a.png,Rp,2.525.000,,https://deo.shopeemobile.com/shopee/modules-federation/live/0/shopee__item-card-standard-v2/0.2.8/pc/d7099d3fd1dfdaf705ab.svg,5.0,222 Terjual,https://deo.shopeemobile.com/shopee/modules-federation/live/0/shopee__item-card-standard-v2/0.2.8/pc/76dff349290d20891fc1.svg,,,https://deo.shopeemobile.com/shopee/modules-federation/live/0/shopee__item-card-standard-v2/0.2.8/pc/5dd7b4560d0e2d3190e8.svg,Jakarta Timur,,,,"XIAOMI NOTE 14 8/128GB & 8/256GB GARANSI RESMI INDONESIA
Rp
2.525.000
5.0
222 Terjual
3 Hari
Jakarta Timur",https://shopee.co.id/XIAOMI-NOTE-14-8-128GB-8-256GB-GARANSI-RESMI-INDONESIA-i.102914741.29425302373?extraParams=%7B%22display_model_id%22%3A265711786537%2C%22model_selection_logic%22%3A3%7D&sp_atk=56565003-8960-4f98-9cdf-12840645cbf0&xptdk=56565003-8960-4f98-9cdf-12840645cbf0,3 Hari,
https://down-id.img.susercontent.com/file/id-11134207-81ztd-mfeyuer9q80ae3,https://down-id.img.susercontent.com/file/id-11134258-822ws-mnciva8io4qu2f,Xiaomi 15T 12/512GB RAM 12GB ROM 512GB- Garansi 1 Tahun,https://deo.shopeemobile.com/shopee/modules-federation/live/0/shopee__item-card-standard-v2/0.2.8/pc/7c9110f78e069acbced7.png,Rp,8.135.000,https://deo.shopeemobile.com/shopee/modules-federation/live/0/shopee__item-card-standard-v2/0.2.8/pc/d2a1900a0267d45fd0f5.png,https://deo.shopeemobile.com/shopee/modules-federation/live/0/shopee__item-card-standard-v2/0.2.8/pc/d7099d3fd1dfdaf705ab.svg,5.0,228 Terjual,https://deo.shopeemobile.com/shopee/modules-federation/live/0/shopee__item-card-standard-v2/0.2.8/pc/38e203dc86172a6c6560.svg,https://deo.shopeemobile.com/shopee/modules-federation/live/0/shopee__item-card-standard-v2/0.2.8/pc/0614b8f0a8fdde22942d.svg,< 2 Hari,https://deo.shopeemobile.com/shopee/modules-federation/live/0/shopee__item-card-standard-v2/0.2.8/pc/5dd7b4560d0e2d3190e8.svg,Surabaya,Cicilan,,,"Xiaomi 15T 12/512GB RAM 12GB ROM 512GB- Garansi 1 Tahun
Rp
8.135.000
Cicilan
5.0
228 Terjual
< 2 Hari
Surabaya",https://shopee.co.id/Xiaomi-15T-12-512GB-RAM-12GB-ROM-512GB-Garansi-1-Tahun-i.160369383.11645052568?extraParams=%7B%22display_model_id%22%3A94708086456%2C%22model_selection_logic%22%3A3%7D&sp_atk=95c9e7af-bf90-49b0-a96c-62d289d0b8d2&xptdk=95c9e7af-bf90-49b0-a96c-62d289d0b8d2,,
https://down-id.img.susercontent.com/file/id-11134207-8224s-mifiyunq6dj467,https://down-id.img.susercontent.com/file/id-11134258-8224v-mkvw0cu9r7k1a5,Xiaomi Redmi 15 8/256GB 8/128GB | Redmi 15C 8/256GB 6/128GB | Garansi Resmi,https://deo.shopeemobile.com/shopee/modules-federation/live/0/shopee__item-card-standard-v2/0.2.8/pc/7c9110f78e069acbced7.png,Rp,2.209.000,,https://deo.shopeemobile.com/shopee/modules-federation/live/0/shopee__item-card-standard-v2/0.2.8/pc/d7099d3fd1dfdaf705ab.svg,5.0,1RB+ Terjual,https://deo.shopeemobile.com/shopee/modules-federation/live/0/shopee__item-card-standard-v2/0.2.8/pc/76dff349290d20891fc1.svg,,,https://deo.shopeemobile.com/shopee/modules-federation/live/0/shopee__item-card-standard-v2/0.2.8/pc/5dd7b4560d0e2d3190e8.svg,Jakarta Pusat,,-21%,,"Xiaomi Redmi 15 8/256GB 8/128GB | Redmi 15C 8/256GB 6/128GB | Garansi Resmi
Rp
2.209.000
-21%
5.0
1RB+ Terjual
3-6 Hari
Jakarta Pusat",https://shopee.co.id/Xiaomi-Redmi-15-8-256GB-8-128GB-Redmi-15C-8-256GB-6-128GB-Garansi-Resmi-i.13891769.27762404809?extraParams=%7B%22display_model_id%22%3A266198217145%2C%22model_selection_logic%22%3A3%7D&sp_atk=6261f251-1962-4a0b-b427-cf686ad2790a&xptdk=6261f251-1962-4a0b-b427-cf686ad2790a,3-6 Hari,
https://down-id.img.susercontent.com/file/id-11134207-81ztg-metnl909lurn87,https://down-id.img.susercontent.com/file/id-11134258-7r98w-lyezzaurybot13,XIAOMI REDMI 15 (8/256 GB) (8/128 GB) GARANSI RESMI [Bisa Instant Area Malang],https://deo.shopeemobile.com/shopee/modules-federation/live/0/shopee__item-card-standard-v2/0.2.8/pc/e4734dab67ee2f9ebd5a.png,Rp,2.629.000,,https://deo.shopeemobile.com/shopee/modules-federation/live/0/shopee__item-card-standard-v2/0.2.8/pc/d7099d3fd1dfdaf705ab.svg,4.9,14 Terjual,https://deo.shopeemobile.com/shopee/modules-federation/live/0/shopee__item-card-standard-v2/0.2.8/pc/38e203dc86172a6c6560.svg,https://deo.shopeemobile.com/shopee/modules-federation/live/0/shopee__item-card-standard-v2/0.2.8/pc/0614b8f0a8fdde22942d.svg,< 2 Hari,https://deo.shopeemobile.com/shopee/modules-federation/live/0/shopee__item-card-standard-v2/0.2.8/pc/5dd7b4560d0e2d3190e8.svg,Malang,,,,"XIAOMI REDMI 15 (8/256 GB) (8/128 GB) GARANSI RESMI [Bisa Instant Area Malang]
Rp
2.629.000
4.9
14 Terjual
< 2 Hari
Malang",https://shopee.co.id/XIAOMI-REDMI-15-(8-256-GB)-(8-128-GB)-GARANSI-RESMI-Bisa-Instant-Area-Malang--i.182361854.18591654688?extraParams=%7B%22display_model_id%22%3A224515179698%2C%22model_selection_logic%22%3A3%7D&sp_atk=d769afcd-aee4-470b-9d8b-7e3774e54d3c&xptdk=d769afcd-aee4-470b-9d8b-7e3774e54d3c,,
https://down-id.img.susercontent.com/file/id-11134207-7r98y-lyx683hu1hr47f,https://down-id.img.susercontent.com/file/id-11134258-822wr-mlx5y0tebegw04,Xiaomi Redmi Note 12 Ram 4/128GB | Ram 6/128GB | Ram 8/128GB | Ram 8/256GB Segel Original & Bergaransi Resmi,https://deo.shopeemobile.com/shopee/modules-federation/live/0/shopee__item-card-standard-v2/0.2.8/pc/e4734dab67ee2f9ebd5a.png,Rp,1.954.853,,https://deo.shopeemobile.com/shopee/modules-federation/live/0/shopee__item-card-standard-v2/0.2.8/pc/d7099d3fd1dfdaf705ab.svg,4.8,143 Terjual,https://deo.shopeemobile.com/shopee/modules-federation/live/0/shopee__item-card-standard-v2/0.2.8/pc/76dff349290d20891fc1.svg,,,https://deo.shopeemobile.com/shopee/modules-federation/live/0/shopee__item-card-standard-v2/0.2.8/pc/5dd7b4560d0e2d3190e8.svg,Surabaya,,-23%,,"Xiaomi Redmi Note 12 Ram 4/128GB | Ram 6/128GB | Ram 8/128GB | Ram 8/256GB Segel Original & Bergaransi Resmi
Rp
1.954.853
-23%
4.8
143 Terjual
1-3 Hari
Surabaya",https://shopee.co.id/Xiaomi-Redmi-Note-12-Ram-4-128GB-Ram-6-128GB-Ram-8-128GB-Ram-8-256GB-Segel-Original-Bergaransi-Resmi-i.233982802.22277476523?extraParams=%7B%22display_model_id%22%3A137810477592%2C%22model_selection_logic%22%3A3%7D&sp_atk=aba1ebe3-21e0-429a-930c-627457e0c748&xptdk=aba1ebe3-21e0-429a-930c-627457e0c748,1-3 Hari,
https://down-id.img.susercontent.com/file/id-11134207-7rbk6-m8503j5ewe8h43,https://down-id.img.susercontent.com/file/id-11134258-8224v-mkvw0cu9r7k1a5,XIAOMI REDMI NOTE 14 5G 12/512GB ORIGINAL GARANSI RESMI XIAOMI TAM INDONESIA,https://deo.shopeemobile.com/shopee/modules-federation/live/0/shopee__item-card-standard-v2/0.2.8/pc/a425c915798471b33e5d.png,Rp,3.495.000,,https://deo.shopeemobile.com/shopee/modules-federation/live/0/shopee__item-card-standard-v2/0.2.8/pc/d7099d3fd1dfdaf705ab.svg,4.7,123 Terjual,https://deo.shopeemobile.com/shopee/modules-federation/live/0/shopee__item-card-standard-v2/0.2.8/pc/76dff349290d20891fc1.svg,,,https://deo.shopeemobile.com/shopee/modules-federation/live/0/shopee__item-card-standard-v2/0.2.8/pc/5dd7b4560d0e2d3190e8.svg,Surabaya,,-36%,,"XIAOMI REDMI NOTE 14 5G 12/512GB ORIGINAL GARANSI RESMI XIAOMI TAM INDONESIA
Rp
3.495.000
-36%
4.7
123 Terjual
2-4 Hari
Surabaya",https://shopee.co.id/XIAOMI-REDMI-NOTE-14-5G-12-512GB-ORIGINAL-GARANSI-RESMI-XIAOMI-TAM-INDONESIA-i.220501664.23550525154?extraParams=%7B%22display_model_id%22%3A360827926351%2C%22model_selection_logic%22%3A3%7D&sp_atk=a97c71f7-cb51-4f16-b113-42164d4ff19f&xptdk=a97c71f7-cb51-4f16-b113-42164d4ff19f,2-4 Hari,
https://down-id.img.susercontent.com/file/id-11134207-8224z-mia0tcnzo8i021,https://down-id.img.susercontent.com/file/id-11134258-8224v-mkvw0cu9r7k1a5,Xiaomi Poco C71 [4GB+128GB] - Garansi Resmi 1 Tahun,https://deo.shopeemobile.com/shopee/modules-federation/live/0/shopee__item-card-standard-v2/0.2.8/pc/7c9110f78e069acbced7.png,Rp,1.699.000,,https://deo.shopeemobile.com/shopee/modules-federation/live/0/shopee__item-card-standard-v2/0.2.8/pc/d7099d3fd1dfdaf705ab.svg,4.9,748 Terjual,https://deo.shopeemobile.com/shopee/modules-federation/live/0/shopee__item-card-standard-v2/0.2.8/pc/76dff349290d20891fc1.svg,,,https://deo.shopeemobile.com/shopee/modules-federation/live/0/shopee__item-card-standard-v2/0.2.8/pc/5dd7b4560d0e2d3190e8.svg,Jakarta Utara,,,,"Xiaomi Poco C71 [4GB+128GB] - Garansi Resmi 1 Tahun
Rp
1.699.000
4.9
748 Terjual
3-6 Hari
Jakarta Utara",https://shopee.co.id/Xiaomi-Poco-C71-4GB-128GB-Garansi-Resmi-1-Tahun-i.196149175.26036842722?extraParams=%7B%22display_model_id%22%3A360308538372%2C%22model_selection_logic%22%3A3%7D&sp_atk=be9a0ba3-5400-4249-be8d-abecd1742682&xptdk=be9a0ba3-5400-4249-be8d-abecd1742682,3-6 Hari,
https://down-id.img.susercontent.com/file/id-11134207-822wp-mlh5rcdrmscv02,,Xiaomi redmi A7 pro 4/128 A5 4/128 garansi resmi no repack bnib,https://deo.shopeemobile.com/shopee/modules-federation/live/0/shopee__item-card-standard-v2/0.2.8/pc/e4734dab67ee2f9ebd5a.png,Rp,1.599.000,,https://deo.shopeemobile.com/shopee/modules-federation/live/0/shopee__item-card-standard-v2/0.2.8/pc/d7099d3fd1dfdaf705ab.svg,5.0,320 Terjual,https://deo.shopeemobile.com/shopee/modules-federation/live/0/shopee__item-card-standard-v2/0.2.8/pc/38e203dc86172a6c6560.svg,https://deo.shopeemobile.com/shopee/modules-federation/live/0/shopee__item-card-standard-v2/0.2.8/pc/0614b8f0a8fdde22942d.svg,< 2 Hari,https://deo.shopeemobile.com/shopee/modules-federation/live/0/shopee__item-card-standard-v2/0.2.8/pc/5dd7b4560d0e2d3190e8.svg,Surabaya,,,,"Xiaomi redmi A7 pro 4/128 A5 4/128 garansi resmi no repack bnib
Rp
1.599.000
5.0
320 Terjual
< 2 Hari
Surabaya",https://shopee.co.id/Xiaomi-redmi-A7-pro-4-128-A5-4-128-garansi-resmi-no-repack-bnib-i.123653016.24366990285?extraParams=%7B%22display_model_id%22%3A198811818289%2C%22model_selection_logic%22%3A3%7D&sp_atk=07fd407e-877d-4e8e-921d-b961b091d227&xptdk=07fd407e-877d-4e8e-921d-b961b091d227,,
https://down-id.img.susercontent.com/file/sg-11134201-7rd43-m7tkfm36ld8t12,https://down-id.img.susercontent.com/file/id-11134258-822ws-mnciva8io4qu2f,Redmi A5 4/128GB Xiaomi Indonesia Resmi,https://deo.shopeemobile.com/shopee/modules-federation/live/0/shopee__item-card-standard-v2/0.2.8/pc/e4734dab67ee2f9ebd5a.png,Rp,1.713.600,,https://deo.shopeemobile.com/shopee/modules-federation/live/0/shopee__item-card-standard-v2/0.2.8/pc/d7099d3fd1dfdaf705ab.svg,4.9,495 Terjual,https://deo.shopeemobile.com/shopee/modules-federation/live/0/shopee__item-card-standard-v2/0.2.8/pc/76dff349290d20891fc1.svg,,,https://deo.shopeemobile.com/shopee/modules-federation/live/0/shopee__item-card-standard-v2/0.2.8/pc/5dd7b4560d0e2d3190e8.svg,Jakarta Pusat,,,,"Redmi A5 4/128GB Xiaomi Indonesia Resmi
Rp
1.713.600
4.9
495 Terjual
2-3 Hari
Jakarta Pusat",https://shopee.co.id/Redmi-A5-4-128GB-Xiaomi-Indonesia-Resmi-i.272675535.26980944101?extraParams=%7B%22display_model_id%22%3A119445974895%2C%22model_selection_logic%22%3A3%7D&sp_atk=46f435c7-991e-480f-867e-0cb302a92d3d&xptdk=46f435c7-991e-480f-867e-0cb302a92d3d,2-3 Hari,
https://down-id.img.susercontent.com/file/id-11134207-7r990-lzipcjwrvdt979,https://down-id.img.susercontent.com/file/id-11134258-8224v-mkvw0cu9r7k1a5,XIAOMI REDMI 13 RAM 8GB ROM 128GB [8GB+128GB/256GB] 8/256GB GARANSI,,Rp,1.699.000,,https://deo.shopeemobile.com/shopee/modules-federation/live/0/shopee__item-card-standard-v2/0.2.8/pc/d7099d3fd1dfdaf705ab.svg,5.0,2 Terjual,https://deo.shopeemobile.com/shopee/modules-federation/live/0/shopee__item-card-standard-v2/0.2.8/pc/76dff349290d20891fc1.svg,,,https://deo.shopeemobile.com/shopee/modules-federation/live/0/shopee__item-card-standard-v2/0.2.8/pc/5dd7b4560d0e2d3190e8.svg,Jakarta Barat,,,,"XIAOMI REDMI 13 RAM 8GB ROM 128GB [8GB+128GB/256GB] 8/256GB GARANSI
Rp
1.699.000
5.0
2 Terjual
3-7 Hari
Jakarta Barat",https://shopee.co.id/XIAOMI-REDMI-13-RAM-8GB-ROM-128GB-8GB-128GB-256GB-8-256GB-GARANSI-i.1336665569.25785387239?extraParams=%7B%22display_model_id%22%3A178387428144%2C%22model_selection_logic%22%3A3%7D&sp_atk=a9150b26-c8de-4805-afc3-272f5b97add2&xptdk=a9150b26-c8de-4805-afc3-272f5b97add2,3-7 Hari,
https://down-id.img.susercontent.com/file/id-11134207-7ras8-m1nogrbe7okeef,https://down-id.img.susercontent.com/file/id-11134258-8224v-mkvw0cu9r7k1a5,[ TERMURAH ] Xiaomi Redmi 14c 8/256gb & 6/128gb Mediatek Helio G81 Ultra Garansi,https://deo.shopeemobile.com/shopee/modules-federation/live/0/shopee__item-card-standard-v2/0.2.8/pc/a425c915798471b33e5d.png,Rp,1.500.000,https://deo.shopeemobile.com/shopee/modules-federation/live/0/shopee__item-card-standard-v2/0.2.8/pc/d2a1900a0267d45fd0f5.png,https://deo.shopeemobile.com/shopee/modules-federation/live/0/shopee__item-card-standard-v2/0.2.8/pc/d7099d3fd1dfdaf705ab.svg,5.0,1 Terjual,https://deo.shopeemobile.com/shopee/modules-federation/live/0/shopee__item-card-standard-v2/0.2.8/pc/76dff349290d20891fc1.svg,,,https://deo.shopeemobile.com/shopee/modules-federation/live/0/shopee__item-card-standard-v2/0.2.8/pc/5dd7b4560d0e2d3190e8.svg,Jakarta Barat,,,,"[ TERMURAH ] Xiaomi Redmi 14c 8/256gb & 6/128gb Mediatek Helio G81 Ultra Garansi
Rp
1.500.000
5.0
1 Terjual
3-5 Hari
Jakarta Barat",https://shopee.co.id/-TERMURAH-Xiaomi-Redmi-14c-8-256gb-6-128gb-Mediatek-Helio-G81-Ultra-Garansi-i.1167428605.24111511860?extraParams=%7B%22display_model_id%22%3A214899265224%2C%22model_selection_logic%22%3A3%7D&sp_atk=c322d453-4db6-40fa-bf74-9f131d3bb8a1&xptdk=c322d453-4db6-40fa-bf74-9f131d3bb8a1,3-5 Hari,
https://down-id.img.susercontent.com/file/id-11134207-81ztm-mfbh5y6ypudk4e,,Xiaomi Redmi 15C 6/128 NFC Garansi Resmi,https://deo.shopeemobile.com/shopee/modules-federation/live/0/shopee__item-card-standard-v2/0.2.8/pc/7c9110f78e069acbced7.png,Rp,2.170.000,,https://deo.shopeemobile.com/shopee/modules-federation/live/0/shopee__item-card-standard-v2/0.2.8/pc/d7099d3fd1dfdaf705ab.svg,5.0,2RB+ Terjual,https://deo.shopeemobile.com/shopee/modules-federation/live/0/shopee__item-card-standard-v2/0.2.8/pc/76dff349290d20891fc1.svg,,,https://deo.shopeemobile.com/shopee/modules-federation/live/0/shopee__item-card-standard-v2/0.2.8/pc/5dd7b4560d0e2d3190e8.svg,Semarang,,,,"Xiaomi Redmi 15C 6/128 NFC Garansi Resmi
Rp
2.170.000
5.0
2RB+ Terjual
2-3 Hari
Semarang",https://shopee.co.id/Xiaomi-Redmi-15C-6-128-NFC-Garansi-Resmi-i.1503896433.44222585364?extraParams=%7B%22display_model_id%22%3A291836813383%2C%22model_selection_logic%22%3A3%7D&sp_atk=e286f029-6b01-4f90-aa1d-6ca1e6aa9771&xptdk=e286f029-6b01-4f90-aa1d-6ca1e6aa9771,2-3 Hari,
https://down-id.img.susercontent.com/file/id-11134207-7ra0i-md6jpoq6yx5wac,https://down-id.img.susercontent.com/file/id-11134258-8224v-mkvw0cu9r7k1a5,Redmi A3 4+4/128 Garansi Resmi Xiaomi Original,https://deo.shopeemobile.com/shopee/modules-federation/live/0/shopee__item-card-standard-v2/0.2.8/pc/a425c915798471b33e5d.png,Rp,1.399.000,https://deo.shopeemobile.com/shopee/modules-federation/live/0/shopee__item-card-standard-v2/0.2.8/pc/d2a1900a0267d45fd0f5.png,https://deo.shopeemobile.com/shopee/modules-federation/live/0/shopee__item-card-standard-v2/0.2.8/pc/d7099d3fd1dfdaf705ab.svg,5.0,105 Terjual,https://deo.shopeemobile.com/shopee/modules-federation/live/0/shopee__item-card-standard-v2/0.2.8/pc/76dff349290d20891fc1.svg,,,https://deo.shopeemobile.com/shopee/modules-federation/live/0/shopee__item-card-standard-v2/0.2.8/pc/5dd7b4560d0e2d3190e8.svg,Surabaya,,,,"Redmi A3 4+4/128 Garansi Resmi Xiaomi Original
Rp
1.399.000
5.0
105 Terjual
2-3 Hari
Surabaya",https://shopee.co.id/Redmi-A3-4-4-128-Garansi-Resmi-Xiaomi-Original-i.730765353.25945560736?extraParams=%7B%22display_model_id%22%3A248719811611%2C%22model_selection_logic%22%3A3%7D&sp_atk=659174db-cb4a-4267-af43-74955f11f5d4&xptdk=659174db-cb4a-4267-af43-74955f11f5d4,2-3 Hari,
https://down-id.img.susercontent.com/file/id-11134207-81ztg-meav3ggk7nr8ed,https://down-id.img.susercontent.com/file/id-11134258-822wr-mlx67rtd6r602f,Redmi 15C 6/128  8/256 garansi resmi Xiaomi new segel,https://deo.shopeemobile.com/shopee/modules-federation/live/0/shopee__item-card-standard-v2/0.2.8/pc/e4734dab67ee2f9ebd5a.png,Rp,2.150.000,,https://deo.shopeemobile.com/shopee/modules-federation/live/0/shopee__item-card-standard-v2/0.2.8/pc/d7099d3fd1dfdaf705ab.svg,5.0,65 Terjual,https://deo.shopeemobile.com/shopee/modules-federation/live/0/shopee__item-card-standard-v2/0.2.8/pc/76dff349290d20891fc1.svg,,,https://deo.shopeemobile.com/shopee/modules-federation/live/0/shopee__item-card-standard-v2/0.2.8/pc/5dd7b4560d0e2d3190e8.svg,Bogor,,,,"Redmi 15C 6/128 8/256 garansi resmi Xiaomi new segel
Rp
2.150.000
5.0
65 Terjual
2-3 Hari
Bogor",https://shopee.co.id/Redmi-15C-6-128-8-256-garansi-resmi-Xiaomi-new-segel-i.29633777.44164954194?extraParams=%7B%22display_model_id%22%3A249011429094%2C%22model_selection_logic%22%3A3%7D&sp_atk=19f2cb13-bf35-4efc-9180-1a51a953233f&xptdk=19f2cb13-bf35-4efc-9180-1a51a953233f,2-3 Hari,
https://down-id.img.susercontent.com/file/id-11134207-82250-mgf4uta7p43u5b,https://down-id.img.susercontent.com/file/id-11134258-8224v-mkvw0cu9r7k1a5,HP XIAOMI REDMI 15 Ram 8/128 GARANSI RESMI TAM,https://deo.shopeemobile.com/shopee/modules-federation/live/0/shopee__item-card-standard-v2/0.2.8/pc/e4734dab67ee2f9ebd5a.png,Rp,2.825.000,https://deo.shopeemobile.com/shopee/modules-federation/live/0/shopee__item-card-standard-v2/0.2.8/pc/d2a1900a0267d45fd0f5.png,https://deo.shopeemobile.com/shopee/modules-federation/live/0/shopee__item-card-standard-v2/0.2.8/pc/d7099d3fd1dfdaf705ab.svg,5.0,8 Terjual,https://deo.shopeemobile.com/shopee/modules-federation/live/0/shopee__item-card-standard-v2/0.2.8/pc/38e203dc86172a6c6560.svg,https://deo.shopeemobile.com/shopee/modules-federation/live/0/shopee__item-card-standard-v2/0.2.8/pc/0614b8f0a8fdde22942d.svg,2 jam,https://deo.shopeemobile.com/shopee/modules-federation/live/0/shopee__item-card-standard-v2/0.2.8/pc/5dd7b4560d0e2d3190e8.svg,Surabaya,,,,"HP XIAOMI REDMI 15 Ram 8/128 GARANSI RESMI TAM
Rp
2.825.000
5.0
8 Terjual
2 jam
Surabaya",https://shopee.co.id/HP-XIAOMI-REDMI-15-Ram-8-128-GARANSI-RESMI-TAM-i.84058015.42075935379?extraParams=%7B%22display_model_id%22%3A315036311156%2C%22model_selection_logic%22%3A3%7D&sp_atk=04cfdcd0-010c-4c44-bb4d-d10ffe934521&xptdk=04cfdcd0-010c-4c44-bb4d-d10ffe934521,,
https://down-id.img.susercontent.com/file/id-11134207-7rbkd-m6z2mg2ojuwa85,https://down-id.img.susercontent.com/file/id-11134258-8224v-mkvw0cu9r7k1a5,Xiaomi Pocophone X7 Pro 5G 12/512GB 6.67 Inch Garansi Resmi,https://deo.shopeemobile.com/shopee/modules-federation/live/0/shopee__item-card-standard-v2/0.2.8/pc/e4734dab67ee2f9ebd5a.png,Rp,5.550.000,,https://deo.shopeemobile.com/shopee/modules-federation/live/0/shopee__item-card-standard-v2/0.2.8/pc/d7099d3fd1dfdaf705ab.svg,4.9,140 Terjual,https://deo.shopeemobile.com/shopee/modules-federation/live/0/shopee__item-card-standard-v2/0.2.8/pc/76dff349290d20891fc1.svg,,,https://deo.shopeemobile.com/shopee/modules-federation/live/0/shopee__item-card-standard-v2/0.2.8/pc/5dd7b4560d0e2d3190e8.svg,Balikpapan,,,,"Xiaomi Pocophone X7 Pro 5G 12/512GB 6.67 Inch Garansi Resmi
Rp
5.550.000
4.9
140 Terjual
2-5 Hari
Balikpapan",https://shopee.co.id/Xiaomi-Pocophone-X7-Pro-5G-12-512GB-6.67-Inch-Garansi-Resmi-i.147421658.26328505703?extraParams=%7B%22display_model_id%22%3A252800292360%2C%22model_selection_logic%22%3A3%7D&sp_atk=7c5f676f-2d4a-442c-bc5e-2dc48c1ef777&xptdk=7c5f676f-2d4a-442c-bc5e-2dc48c1ef777,2-5 Hari,
https://down-id.img.susercontent.com/file/id-11134207-7qul5-livs7v459aelc9,https://down-id.img.susercontent.com/file/id-11134258-8224v-mkvw0cu9r7k1a5,Xiaomi A2 3/32 Garansi Resmi Tam,https://deo.shopeemobile.com/shopee/modules-federation/live/0/shopee__item-card-standard-v2/0.2.8/pc/a425c915798471b33e5d.png,Rp,1.100.000,https://deo.shopeemobile.com/shopee/modules-federation/live/0/shopee__item-card-standard-v2/0.2.8/pc/d2a1900a0267d45fd0f5.png,https://deo.shopeemobile.com/shopee/modules-federation/live/0/shopee__item-card-standard-v2/0.2.8/pc/0614b8f0a8fdde22942d.svg,,1 Terjual,https://deo.shopeemobile.com/shopee/modules-federation/live/0/shopee__item-card-standard-v2/0.2.8/pc/38e203dc86172a6c6560.svg,https://deo.shopeemobile.com/shopee/modules-federation/live/0/shopee__item-card-standard-v2/0.2.8/pc/0614b8f0a8fdde22942d.svg,< 2 Hari,https://deo.shopeemobile.com/shopee/modules-federation/live/0/shopee__item-card-standard-v2/0.2.8/pc/5dd7b4560d0e2d3190e8.svg,Surabaya,Cicilan,,,"Xiaomi A2 3/32 Garansi Resmi Tam
Rp
1.100.000
Cicilan
1 Terjual
< 2 Hari
Surabaya",https://shopee.co.id/Xiaomi-A2-3-32-Garansi-Resmi-Tam-i.134819232.5345307290?extraParams=%7B%22display_model_id%22%3A50519992643%2C%22model_selection_logic%22%3A3%7D&sp_atk=2f773738-fce7-43a8-bfd3-46fc6716d4c2&xptdk=2f773738-fce7-43a8-bfd3-46fc6716d4c2,,
https://down-id.img.susercontent.com/file/id-11134207-8224q-mgxqwjr2zh8t3a,https://down-id.img.susercontent.com/file/id-11134258-8224v-mkvw0cu9r7k1a5,Xiaomi Redmi 13X 8/256 GB | 8/128 GB Original Garansi Resmi Xiaomi Indonesia,https://deo.shopeemobile.com/shopee/modules-federation/live/0/shopee__item-card-standard-v2/0.2.8/pc/a425c915798471b33e5d.png,Rp,2.199.000,,https://deo.shopeemobile.com/shopee/modules-federation/live/0/shopee__item-card-standard-v2/0.2.8/pc/d7099d3fd1dfdaf705ab.svg,5.0,27 Terjual,https://deo.shopeemobile.com/shopee/modules-federation/live/0/shopee__item-card-standard-v2/0.2.8/pc/76dff349290d20891fc1.svg,,,https://deo.shopeemobile.com/shopee/modules-federation/live/0/shopee__item-card-standard-v2/0.2.8/pc/5dd7b4560d0e2d3190e8.svg,Surabaya,,,,"Xiaomi Redmi 13X 8/256 GB | 8/128 GB Original Garansi Resmi Xiaomi Indonesia
Rp
2.199.000
5.0
27 Terjual
1-3 Hari
Surabaya",https://shopee.co.id/Xiaomi-Redmi-13X-8-256-GB-8-128-GB-Original-Garansi-Resmi-Xiaomi-Indonesia-i.82770881.43306089721?extraParams=%7B%22display_model_id%22%3A290510046325%2C%22model_selection_logic%22%3A3%7D&sp_atk=7426d025-ef0a-4a3d-a9da-b2a0c20e54dc&xptdk=7426d025-ef0a-4a3d-a9da-b2a0c20e54dc,1-3 Hari,
https://down-id.img.susercontent.com/file/id-11134207-7rbk4-m99s560rpw4t98,https://down-id.img.susercontent.com/file/id-11134258-7r98w-lyezzaurybot13,Xiaomi Redmi A5 4/128 Gb - Garansi Resmi,https://deo.shopeemobile.com/shopee/modules-federation/live/0/shopee__item-card-standard-v2/0.2.8/pc/e4734dab67ee2f9ebd5a.png,Rp,1.650.000,,https://deo.shopeemobile.com/shopee/modules-federation/live/0/shopee__item-card-standard-v2/0.2.8/pc/d7099d3fd1dfdaf705ab.svg,5.0,35 Terjual,https://deo.shopeemobile.com/shopee/modules-federation/live/0/shopee__item-card-standard-v2/0.2.8/pc/38e203dc86172a6c6560.svg,https://deo.shopeemobile.com/shopee/modules-federation/live/0/shopee__item-card-standard-v2/0.2.8/pc/0614b8f0a8fdde22942d.svg,< 2 Hari,https://deo.shopeemobile.com/shopee/modules-federation/live/0/shopee__item-card-standard-v2/0.2.8/pc/5dd7b4560d0e2d3190e8.svg,Malang,,,,"Xiaomi Redmi A5 4/128 Gb - Garansi Resmi
Rp
1.650.000
5.0
35 Terjual
< 2 Hari
Malang",https://shopee.co.id/Xiaomi-Redmi-A5-4-128-Gb-Garansi-Resmi-i.10824317.25825821009?extraParams=%7B%22display_model_id%22%3A186059848021%2C%22model_selection_logic%22%3A3%7D&sp_atk=bb6b75ce-5949-4668-ba99-192d5ee012be&xptdk=bb6b75ce-5949-4668-ba99-192d5ee012be,,
https://down-id.img.susercontent.com/file/id-11134207-82252-mkw029nd02ypfc,https://down-id.img.susercontent.com/file/id-11134258-822wr-mlx67rtd6r602f,XIAOMI REDMI NOTE 15 5G Ram 8/256 & 12/512GB Garansi Resmi Xiaomi Indonesia,https://deo.shopeemobile.com/shopee/modules-federation/live/0/shopee__item-card-standard-v2/0.2.8/pc/e4734dab67ee2f9ebd5a.png,Rp,4.399.000,https://deo.shopeemobile.com/shopee/modules-federation/live/0/shopee__item-card-standard-v2/0.2.8/pc/d2a1900a0267d45fd0f5.png,https://deo.shopeemobile.com/shopee/modules-federation/live/0/shopee__item-card-standard-v2/0.2.8/pc/d7099d3fd1dfdaf705ab.svg,5.0,44 Terjual,https://deo.shopeemobile.com/shopee/modules-federation/live/0/shopee__item-card-standard-v2/0.2.8/pc/76dff349290d20891fc1.svg,,,https://deo.shopeemobile.com/shopee/modules-federation/live/0/shopee__item-card-standard-v2/0.2.8/pc/5dd7b4560d0e2d3190e8.svg,Surabaya,Cicilan,,,"XIAOMI REDMI NOTE 15 5G Ram 8/256 & 12/512GB Garansi Resmi Xiaomi Indonesia
Rp
4.399.000
Cicilan
5.0
44 Terjual
2-4 Hari
Surabaya",https://shopee.co.id/XIAOMI-REDMI-NOTE-15-5G-Ram-8-256-12-512GB-Garansi-Resmi-Xiaomi-Indonesia-i.25028502.4017151043?extraParams=%7B%22display_model_id%22%3A340568532871%2C%22model_selection_logic%22%3A3%7D&sp_atk=14f0d4b4-68fa-45ce-bc97-3ae64254dc5f&xptdk=14f0d4b4-68fa-45ce-bc97-3ae64254dc5f,2-4 Hari,
https://down-id.img.susercontent.com/file/id-11134207-81zth-mf4rhg6efle00b,https://down-id.img.susercontent.com/file/id-11134258-8224v-mkvw0cu9r7k1a5,XIAOMI REDMI 15 8GB 256GB Garansi Resmi,https://deo.shopeemobile.com/shopee/modules-federation/live/0/shopee__item-card-standard-v2/0.2.8/pc/e4734dab67ee2f9ebd5a.png,Rp,2.599.000,https://deo.shopeemobile.com/shopee/modules-federation/live/0/shopee__item-card-standard-v2/0.2.8/pc/d2a1900a0267d45fd0f5.png,https://deo.shopeemobile.com/shopee/modules-federation/live/0/shopee__item-card-standard-v2/0.2.8/pc/d7099d3fd1dfdaf705ab.svg,5.0,54 Terjual,https://deo.shopeemobile.com/shopee/modules-federation/live/0/shopee__item-card-standard-v2/0.2.8/pc/76dff349290d20891fc1.svg,,,https://deo.shopeemobile.com/shopee/modules-federation/live/0/shopee__item-card-standard-v2/0.2.8/pc/5dd7b4560d0e2d3190e8.svg,Bandung,,,,"XIAOMI REDMI 15 8GB 256GB Garansi Resmi
Rp
2.599.000
5.0
54 Terjual
3 Hari
Bandung",https://shopee.co.id/XIAOMI-REDMI-15-8GB-256GB-Garansi-Resmi-i.1453790246.41871780961?extraParams=%7B%22display_model_id%22%3A286772297294%2C%22model_selection_logic%22%3A3%7D&sp_atk=d45b15da-d5f5-44df-8665-c621ddb30717&xptdk=d45b15da-d5f5-44df-8665-c621ddb30717,3 Hari,
https://down-id.img.susercontent.com/file/52b95d62458d6e19dea5890945dd9189,https://down-id.img.susercontent.com/file/id-11134258-7r98w-lyezzaurybot13,Xiaomi Redmi 9A / 9 A RAM 2/3 ROM 32 New Garansi Resmi,,Rp,999.000,,https://deo.shopeemobile.com/shopee/modules-federation/live/0/shopee__item-card-standard-v2/0.2.8/pc/d7099d3fd1dfdaf705ab.svg,5.0,20 Terjual,https://deo.shopeemobile.com/shopee/modules-federation/live/0/shopee__item-card-standard-v2/0.2.8/pc/76dff349290d20891fc1.svg,,,https://deo.shopeemobile.com/shopee/modules-federation/live/0/shopee__item-card-standard-v2/0.2.8/pc/5dd7b4560d0e2d3190e8.svg,Bekasi,Cicilan,,,"Xiaomi Redmi 9A / 9 A RAM 2/3 ROM 32 New Garansi Resmi
Rp
999.000
Cicilan
5.0
20 Terjual
4-7 Hari
Bekasi",https://shopee.co.id/Xiaomi-Redmi-9A-9-A-RAM-2-3-ROM-32-New-Garansi-Resmi-i.390096462.9329567389?extraParams=%7B%22display_model_id%22%3A44310961397%2C%22model_selection_logic%22%3A3%7D&sp_atk=76c826e2-6058-4975-a3ca-de92fdf93137&xptdk=76c826e2-6058-4975-a3ca-de92fdf93137,4-7 Hari,
https://down-id.img.susercontent.com/file/id-11134207-8224t-mk2808e5el8o32,https://down-id.img.susercontent.com/file/id-11134258-822ws-mnciva8io4qu2f,Xiaomi Redmi Note 14 (8/128 GB) (8/256 GB) | Xiaomi Redmi Note 15 (8/128 GB) (8/256 GB),https://deo.shopeemobile.com/shopee/modules-federation/live/0/shopee__item-card-standard-v2/0.2.8/pc/7c9110f78e069acbced7.png,Rp,3.059.000,https://deo.shopeemobile.com/shopee/modules-federation/live/0/shopee__item-card-standard-v2/0.2.8/pc/d2a1900a0267d45fd0f5.png,https://deo.shopeemobile.com/shopee/modules-federation/live/0/shopee__item-card-standard-v2/0.2.8/pc/d7099d3fd1dfdaf705ab.svg,4.9,3RB+ Terjual,https://deo.shopeemobile.com/shopee/modules-federation/live/0/shopee__item-card-standard-v2/0.2.8/pc/76dff349290d20891fc1.svg,,,https://deo.shopeemobile.com/shopee/modules-federation/live/0/shopee__item-card-standard-v2/0.2.8/pc/5dd7b4560d0e2d3190e8.svg,Denpasar,,,,"Xiaomi Redmi Note 14 (8/128 GB) (8/256 GB) | Xiaomi Redmi Note 15 (8/128 GB) (8/256 GB)
Rp
3.059.000
4.9
3RB+ Terjual
4-6 Hari
Denpasar",https://shopee.co.id/Xiaomi-Redmi-Note-14-(8-128-GB)-(8-256-GB)-Xiaomi-Redmi-Note-15-(8-128-GB)-(8-256-GB)-i.308460192.19589540915?extraParams=%7B%22display_model_id%22%3A272384724919%2C%22model_selection_logic%22%3A3%7D&sp_atk=7ff4ae55-8d5c-4ac9-8692-cb6044dd3a14&xptdk=7ff4ae55-8d5c-4ac9-8692-cb6044dd3a14,4-6 Hari,
https://down-id.img.susercontent.com/file/id-11134207-7rbk0-maf4vm5enqlna6,https://down-id.img.susercontent.com/file/id-11134258-8224v-mkvw0cu9r7k1a5,Xiaomi Note 14 5G Ram12/512Gb Original & Bergaransi Resmi Xiaomi,https://deo.shopeemobile.com/shopee/modules-federation/live/0/shopee__item-card-standard-v2/0.2.8/pc/e4734dab67ee2f9ebd5a.png,Rp,3.500.000,https://deo.shopeemobile.com/shopee/modules-federation/live/0/shopee__item-card-standard-v2/0.2.8/pc/d2a1900a0267d45fd0f5.png,https://deo.shopeemobile.com/shopee/modules-federation/live/0/shopee__item-card-standard-v2/0.2.8/pc/d7099d3fd1dfdaf705ab.svg,4.7,87 Terjual,https://deo.shopeemobile.com/shopee/modules-federation/live/0/shopee__item-card-standard-v2/0.2.8/pc/76dff349290d20891fc1.svg,,,https://deo.shopeemobile.com/shopee/modules-federation/live/0/shopee__item-card-standard-v2/0.2.8/pc/5dd7b4560d0e2d3190e8.svg,Surabaya,,,,"Xiaomi Note 14 5G Ram12/512Gb Original & Bergaransi Resmi Xiaomi
Rp
3.500.000
4.7
87 Terjual
2-4 Hari
Surabaya",https://shopee.co.id/Xiaomi-Note-14-5G-Ram12-512Gb-Original-Bergaransi-Resmi-Xiaomi-i.61714473.41102795716?extraParams=%7B%22display_model_id%22%3A234265400072%2C%22model_selection_logic%22%3A3%7D&sp_atk=269f4f3d-aa3e-45c0-abe7-ef338952d8ea&xptdk=269f4f3d-aa3e-45c0-abe7-ef338952d8ea,2-4 Hari,
https://down-id.img.susercontent.com/file/id-11134207-7rbk9-m8p33axr6c6599,https://down-id.img.susercontent.com/file/id-11134258-822wr-mlx67rtd6r602f,"Xiaomi Redmi 14C nfc 6+128 8+256 garansi resmi Layar 6,88” 50 MP dual camera AI New",https://deo.shopeemobile.com/shopee/modules-federation/live/0/shopee__item-card-standard-v2/0.2.8/pc/e4734dab67ee2f9ebd5a.png,Rp,2.150.000,,https://deo.shopeemobile.com/shopee/modules-federation/live/0/shopee__item-card-standard-v2/0.2.8/pc/d7099d3fd1dfdaf705ab.svg,4.9,153 Terjual,https://deo.shopeemobile.com/shopee/modules-federation/live/0/shopee__item-card-standard-v2/0.2.8/pc/76dff349290d20891fc1.svg,,,https://deo.shopeemobile.com/shopee/modules-federation/live/0/shopee__item-card-standard-v2/0.2.8/pc/5dd7b4560d0e2d3190e8.svg,Bogor,,,,"Xiaomi Redmi 14C nfc 6+128 8+256 garansi resmi Layar 6,88” 50 MP dual camera AI New
Rp
2.150.000
4.9
153 Terjual
2-3 Hari
Bogor",https://shopee.co.id/Xiaomi-Redmi-14C-nfc-6-128-8-256-garansi-resmi-Layar-6-88%E2%80%9D-50-MP-dual-camera-AI-New-i.29633777.28966540186?extraParams=%7B%22display_model_id%22%3A251951705500%2C%22model_selection_logic%22%3A3%7D&sp_atk=1baea70e-c3ea-4f78-87ec-ae89ef69ebd8&xptdk=1baea70e-c3ea-4f78-87ec-ae89ef69ebd8,2-3 Hari,
https://down-id.img.susercontent.com/file/id-11134207-7r98z-lzaolp4hjl0gc1,https://down-id.img.susercontent.com/file/id-11134258-8224v-mkvw0cu9r7k1a5,Xiaomi Poco M4 Pro Ram 8/256 GB Original Garansi Resmi Indonesia,https://deo.shopeemobile.com/shopee/modules-federation/live/0/shopee__item-card-standard-v2/0.2.8/pc/e4734dab67ee2f9ebd5a.png,Rp,1.490.000,,https://deo.shopeemobile.com/shopee/modules-federation/live/0/shopee__item-card-standard-v2/0.2.8/pc/d7099d3fd1dfdaf705ab.svg,5.0,11 Terjual,https://deo.shopeemobile.com/shopee/modules-federation/live/0/shopee__item-card-standard-v2/0.2.8/pc/76dff349290d20891fc1.svg,,,https://deo.shopeemobile.com/shopee/modules-federation/live/0/shopee__item-card-standard-v2/0.2.8/pc/5dd7b4560d0e2d3190e8.svg,Kab. Bekasi,,,,"Xiaomi Poco M4 Pro Ram 8/256 GB Original Garansi Resmi Indonesia
Rp
1.490.000
5.0
11 Terjual
3 Hari
Kab. Bekasi",https://shopee.co.id/Xiaomi-Poco-M4-Pro-Ram-8-256-GB-Original-Garansi-Resmi-Indonesia-i.319663119.20212074927?extraParams=%7B%22display_model_id%22%3A262264090563%2C%22model_selection_logic%22%3A3%7D&sp_atk=79a9a3e8-e78b-4914-9b1d-f765dcf6074d&xptdk=79a9a3e8-e78b-4914-9b1d-f765dcf6074d,3 Hari,
https://down-id.img.susercontent.com/file/id-11134207-7r98z-lxl91v04lhym7a,https://down-id.img.susercontent.com/file/id-11134258-822ws-mnciva8io4qu2f,Handphone Xiaomi Redmi 13 RAM 8/128GB - 8/256GB Garansi Resmi,https://deo.shopeemobile.com/shopee/modules-federation/live/0/shopee__item-card-standard-v2/0.2.8/pc/7c9110f78e069acbced7.png,Rp,2.598.000,,https://deo.shopeemobile.com/shopee/modules-federation/live/0/shopee__item-card-standard-v2/0.2.8/pc/d7099d3fd1dfdaf705ab.svg,4.9,118 Terjual,https://deo.shopeemobile.com/shopee/modules-federation/live/0/shopee__item-card-standard-v2/0.2.8/pc/76dff349290d20891fc1.svg,,,https://deo.shopeemobile.com/shopee/modules-federation/live/0/shopee__item-card-standard-v2/0.2.8/pc/5dd7b4560d0e2d3190e8.svg,Tangerang,,,,"Handphone Xiaomi Redmi 13 RAM 8/128GB - 8/256GB Garansi Resmi
Rp
2.598.000
4.9
118 Terjual
3-5 Hari
Tangerang",https://shopee.co.id/Handphone-Xiaomi-Redmi-13-RAM-8-128GB-8-256GB-Garansi-Resmi-i.228771622.26455105777?extraParams=%7B%22display_model_id%22%3A252579137368%2C%22model_selection_logic%22%3A3%7D&sp_atk=27ecb18a-ec42-4921-8e6e-2cda31d0e1df&xptdk=27ecb18a-ec42-4921-8e6e-2cda31d0e1df,3-5 Hari,
https://down-id.img.susercontent.com/file/id-11134207-7ra0h-mbyw4nrjvck133,https://down-id.img.susercontent.com/file/id-11134258-8224v-mkvw0cu9r7k1a5,Xiaomi Redmi A5 {4GB/128GB} Garansi Resmi Xiaomi Indonesia,https://deo.shopeemobile.com/shopee/modules-federation/live/0/shopee__item-card-standard-v2/0.2.8/pc/e4734dab67ee2f9ebd5a.png,Rp,1.649.000,,https://deo.shopeemobile.com/shopee/modules-federation/live/0/shopee__item-card-standard-v2/0.2.8/pc/d7099d3fd1dfdaf705ab.svg,5.0,16 Terjual,https://deo.shopeemobile.com/shopee/modules-federation/live/0/shopee__item-card-standard-v2/0.2.8/pc/76dff349290d20891fc1.svg,,Cashback 99%,https://deo.shopeemobile.com/shopee/modules-federation/live/0/shopee__item-card-standard-v2/0.2.8/pc/5dd7b4560d0e2d3190e8.svg,Surabaya,,-3%,,"Xiaomi Redmi A5 {4GB/128GB} Garansi Resmi Xiaomi Indonesia
Rp
1.649.000
-3%
Cashback 99%
5.0
16 Terjual
2-4 Hari
Surabaya",https://shopee.co.id/Xiaomi-Redmi-A5-4GB-128GB-Garansi-Resmi-Xiaomi-Indonesia-i.498628876.20985344105?extraParams=%7B%22display_model_id%22%3A425711375782%2C%22model_selection_logic%22%3A3%7D&sp_atk=5e17583d-6fb0-4e09-83d3-0308005795ee&xptdk=5e17583d-6fb0-4e09-83d3-0308005795ee,2-4 Hari,
https://down-id.img.susercontent.com/file/id-11134207-7rbk0-m6qje1bbdbhdad,https://down-id.img.susercontent.com/file/id-11134258-8224v-mkvw0cu9r7k1a5,"Xiaomi POCO X7 Pro 5G Dimensity 8400U 12/512GB - Layar 1.5K 120Hz, Baterai 6000mAh, 90W HyperCharge",https://deo.shopeemobile.com/shopee/modules-federation/live/0/shopee__item-card-standard-v2/0.2.8/pc/e4734dab67ee2f9ebd5a.png,Rp,5.131.999,,https://deo.shopeemobile.com/shopee/modules-federation/live/0/shopee__item-card-standard-v2/0.2.8/pc/d7099d3fd1dfdaf705ab.svg,4.9,1RB+ Terjual,https://deo.shopeemobile.com/shopee/modules-federation/live/0/shopee__item-card-standard-v2/0.2.8/pc/76dff349290d20891fc1.svg,,,https://deo.shopeemobile.com/shopee/modules-federation/live/0/shopee__item-card-standard-v2/0.2.8/pc/5dd7b4560d0e2d3190e8.svg,Jakarta Barat,Kombo Hemat,-21%,https://deo.shopeemobile.com/shopee/modules-federation/live/0/shopee__item-card-standard-v2/0.2.8/pc/b4d1b8a78b3621dbdf4a.svg,"Xiaomi POCO X7 Pro 5G Dimensity 8400U 12/512GB - Layar 1.5K 120Hz, Baterai 6000mAh, 90W HyperCharge
Rp
5.131.999
-21%
Kombo Hemat
4.9
1RB+ Terjual
3 Hari
Jakarta Barat",https://shopee.co.id/Xiaomi-POCO-X7-Pro-5G-Dimensity-8400U-12-512GB-Layar-1.5K-120Hz-Baterai-6000mAh-90W-HyperCharge-i.59822858.24041990922?extraParams=%7B%22display_model_id%22%3A257747602254%2C%22model_selection_logic%22%3A3%7D&sp_atk=90c2467f-84f0-4042-8c6a-aff77e4e8992&xptdk=90c2467f-84f0-4042-8c6a-aff77e4e8992,3 Hari,
https://down-id.img.susercontent.com/file/id-11134207-7ra0g-mdsi9uh7evm779,https://down-id.img.susercontent.com/file/id-11134258-8224v-mkvw0cu9r7k1a5,Xiaomi Redmi 15C 8/256GB 6/128GB Garansi Resmi,https://deo.shopeemobile.com/shopee/modules-federation/live/0/shopee__item-card-standard-v2/0.2.8/pc/e4734dab67ee2f9ebd5a.png,Rp,2.199.000,https://deo.shopeemobile.com/shopee/modules-federation/live/0/shopee__item-card-standard-v2/0.2.8/pc/d2a1900a0267d45fd0f5.png,https://deo.shopeemobile.com/shopee/modules-federation/live/0/shopee__item-card-standard-v2/0.2.8/pc/d7099d3fd1dfdaf705ab.svg,5.0,164 Terjual,https://deo.shopeemobile.com/shopee/modules-federation/live/0/shopee__item-card-standard-v2/0.2.8/pc/76dff349290d20891fc1.svg,,,https://deo.shopeemobile.com/shopee/modules-federation/live/0/shopee__item-card-standard-v2/0.2.8/pc/5dd7b4560d0e2d3190e8.svg,Bandung,,,,"Xiaomi Redmi 15C 8/256GB 6/128GB Garansi Resmi
Rp
2.199.000
5.0
164 Terjual
3-6 Hari
Bandung",https://shopee.co.id/Xiaomi-Redmi-15C-8-256GB-6-128GB-Garansi-Resmi-i.1453790246.29540388350?extraParams=%7B%22display_model_id%22%3A159261408471%2C%22model_selection_logic%22%3A3%7D&sp_atk=a94c5def-f0ef-40d4-968e-d5d20b3ace72&xptdk=a94c5def-f0ef-40d4-968e-d5d20b3ace72,3-6 Hari,
https://down-id.img.susercontent.com/file/sg-11134201-23020-g0wbifwvw3mvd4,https://down-id.img.susercontent.com/file/id-11134258-8224v-mkvw0cu9r7k1a5,Xiaomi Mi 11 Lite 4G 8/128GB 6/128GB 6/64GB Garansi Resmi Xiaomi Indonesia TAM Original,,Rp,5.499.000,https://deo.shopeemobile.com/shopee/modules-federation/live/0/shopee__item-card-standard-v2/0.2.8/pc/d2a1900a0267d45fd0f5.png,https://deo.shopeemobile.com/shopee/modules-federation/live/0/shopee__item-card-standard-v2/0.2.8/pc/d7099d3fd1dfdaf705ab.svg,4.9,66 Terjual,https://deo.shopeemobile.com/shopee/modules-federation/live/0/shopee__item-card-standard-v2/0.2.8/pc/76dff349290d20891fc1.svg,,,https://deo.shopeemobile.com/shopee/modules-federation/live/0/shopee__item-card-standard-v2/0.2.8/pc/5dd7b4560d0e2d3190e8.svg,Tangerang,,,,"Xiaomi Mi 11 Lite 4G 8/128GB 6/128GB 6/64GB Garansi Resmi Xiaomi Indonesia TAM Original
Rp
5.499.000
4.9
66 Terjual
3 Hari
Tangerang",https://shopee.co.id/Xiaomi-Mi-11-Lite-4G-8-128GB-6-128GB-6-64GB-Garansi-Resmi-Xiaomi-Indonesia-TAM-Original-i.37675336.8183378068?extraParams=%7B%22display_model_id%22%3A123990655852%2C%22model_selection_logic%22%3A3%7D&sp_atk=e4c04a11-c4d0-4f5b-8f32-2d70e78868e6&xptdk=e4c04a11-c4d0-4f5b-8f32-2d70e78868e6,3 Hari,
https://down-id.img.susercontent.com/file/id-11134207-7rbk5-m7d57ejtl33ga1,https://down-id.img.susercontent.com/file/id-11134258-8224v-mkvw0cu9r7k1a5,Xiaomi 10T Pro 5G RAM 8GB ROM 256GB | Garansi Tes,https://deo.shopeemobile.com/shopee/modules-federation/live/0/shopee__item-card-standard-v2/0.2.8/pc/a425c915798471b33e5d.png,Rp,2.250.000,,https://deo.shopeemobile.com/shopee/modules-federation/live/0/shopee__item-card-standard-v2/0.2.8/pc/d7099d3fd1dfdaf705ab.svg,4.7,68 Terjual,https://deo.shopeemobile.com/shopee/modules-federation/live/0/shopee__item-card-standard-v2/0.2.8/pc/76dff349290d20891fc1.svg,,,https://deo.shopeemobile.com/shopee/modules-federation/live/0/shopee__item-card-standard-v2/0.2.8/pc/5dd7b4560d0e2d3190e8.svg,Depok,,,,"Xiaomi 10T Pro 5G RAM 8GB ROM 256GB | Garansi Tes
Rp
2.250.000
4.7
68 Terjual
5-7 Hari
Depok",https://shopee.co.id/Xiaomi-10T-Pro-5G-RAM-8GB-ROM-256GB-Garansi-Tes-i.267648802.28779715380?extraParams=%7B%22display_model_id%22%3A285794090484%2C%22model_selection_logic%22%3A3%7D&sp_atk=b1630c89-ad7d-44c4-8ef5-9c4edfdbf88a&xptdk=b1630c89-ad7d-44c4-8ef5-9c4edfdbf88a,5-7 Hari,
https://down-id.img.susercontent.com/file/id-11134207-7ra0q-mdo8ox3ua2541c,https://down-id.img.susercontent.com/file/id-11134258-822wr-mlx5y0tebegw04,Xiaomi Redmi 13X Ram 8/128GB | Ram 8/256GB,https://deo.shopeemobile.com/shopee/modules-federation/live/0/shopee__item-card-standard-v2/0.2.8/pc/e4734dab67ee2f9ebd5a.png,Rp,2.000.000,,https://deo.shopeemobile.com/shopee/modules-federation/live/0/shopee__item-card-standard-v2/0.2.8/pc/d7099d3fd1dfdaf705ab.svg,4.9,34 Terjual,https://deo.shopeemobile.com/shopee/modules-federation/live/0/shopee__item-card-standard-v2/0.2.8/pc/76dff349290d20891fc1.svg,,,https://deo.shopeemobile.com/shopee/modules-federation/live/0/shopee__item-card-standard-v2/0.2.8/pc/5dd7b4560d0e2d3190e8.svg,Surabaya,,,,"Xiaomi Redmi 13X Ram 8/128GB | Ram 8/256GB
Rp
2.000.000
4.9
34 Terjual
2-4 Hari
Surabaya",https://shopee.co.id/Xiaomi-Redmi-13X-Ram-8-128GB-Ram-8-256GB-i.433115955.29440269171?extraParams=%7B%22display_model_id%22%3A405025755715%2C%22model_selection_logic%22%3A3%7D&sp_atk=2bb11534-efcb-43e6-91a9-b9d1afcbc00a&xptdk=2bb11534-efcb-43e6-91a9-b9d1afcbc00a,2-4 Hari,
https://down-id.img.susercontent.com/file/id-11134207-7ra0n-mc5xr69dclpe67,https://down-id.img.susercontent.com/file/id-11134258-822wr-mlx5y0tebegw04,Xiaomi Redmi 13c Ram 6/128GB | Ram 8/256GB,,Rp,1.602.950,,https://deo.shopeemobile.com/shopee/modules-federation/live/0/shopee__item-card-standard-v2/0.2.8/pc/d7099d3fd1dfdaf705ab.svg,5.0,2 Terjual,https://deo.shopeemobile.com/shopee/modules-federation/live/0/shopee__item-card-standard-v2/0.2.8/pc/76dff349290d20891fc1.svg,,,https://deo.shopeemobile.com/shopee/modules-federation/live/0/shopee__item-card-standard-v2/0.2.8/pc/5dd7b4560d0e2d3190e8.svg,Surabaya,,-6%,,"Xiaomi Redmi 13c Ram 6/128GB | Ram 8/256GB
Rp
1.602.950
-6%
5.0
2 Terjual
2-5 Hari
Surabaya",https://shopee.co.id/Xiaomi-Redmi-13c-Ram-6-128GB-Ram-8-256GB-i.1568095600.43557269465?extraParams=%7B%22display_model_id%22%3A237919913405%2C%22model_selection_logic%22%3A3%7D&sp_atk=db452038-5340-4bce-8d51-89e9cacdb5b2&xptdk=db452038-5340-4bce-8d51-89e9cacdb5b2,2-5 Hari,
https://down-id.img.susercontent.com/file/id-11134207-7rask-m5cllsgdq3uue5,https://down-id.img.susercontent.com/file/id-11134258-822ws-mnciva8io4qu2f,Xiaomi Redmi Note 14 4G | Xiaomi Redmi Note 14 5G [8/128 GB] [8/256 GB] [12/512 GB] Garansi Resmi Xiaomi Indonesia,https://deo.shopeemobile.com/shopee/modules-federation/live/0/shopee__item-card-standard-v2/0.2.8/pc/e4734dab67ee2f9ebd5a.png,Rp,3.449.000,,https://deo.shopeemobile.com/shopee/modules-federation/live/0/shopee__item-card-standard-v2/0.2.8/pc/d7099d3fd1dfdaf705ab.svg,4.9,4RB+ Terjual,https://deo.shopeemobile.com/shopee/modules-federation/live/0/shopee__item-card-standard-v2/0.2.8/pc/76dff349290d20891fc1.svg,,,https://deo.shopeemobile.com/shopee/modules-federation/live/0/shopee__item-card-standard-v2/0.2.8/pc/5dd7b4560d0e2d3190e8.svg,Jakarta Barat,,,,"Xiaomi Redmi Note 14 4G | Xiaomi Redmi Note 14 5G [8/128 GB] [8/256 GB] [12/512 GB] Garansi Resmi Xiaomi Indonesia
Rp
3.449.000
4.9
4RB+ Terjual
3 Hari
Jakarta Barat",https://shopee.co.id/Xiaomi-Redmi-Note-14-4G-Xiaomi-Redmi-Note-14-5G-8-128-GB-8-256-GB-12-512-GB-Garansi-Resmi-Xiaomi-Indonesia-i.44874627.25090777741?extraParams=%7B%22display_model_id%22%3A257535318188%2C%22model_selection_logic%22%3A3%7D&sp_atk=1967fc10-afca-43ec-a33a-e8d57856a6d5&xptdk=1967fc10-afca-43ec-a33a-e8d57856a6d5,3 Hari,
https://down-id.img.susercontent.com/file/id-11134207-7ras8-m4bwgngijnn2db,https://down-id.img.susercontent.com/file/id-11134258-8224v-mkvw0cu9r7k1a5,Xiaomi Redmi 14C NFC TAM Ram 8GB MEMORY 256GB 6/128GB & 8/256GB Garansi Resmi Xiaomi Indonesia,,Rp,1.449.000,,,,4-7 Hari,https://deo.shopeemobile.com/shopee/modules-federation/live/0/shopee__item-card-standard-v2/0.2.8/pc/76dff349290d20891fc1.svg,,,https://deo.shopeemobile.com/shopee/modules-federation/live/0/shopee__item-card-standard-v2/0.2.8/pc/5dd7b4560d0e2d3190e8.svg,Bekasi,,,,"Xiaomi Redmi 14C NFC TAM Ram 8GB MEMORY 256GB 6/128GB & 8/256GB Garansi Resmi Xiaomi Indonesia
Rp
1.449.000
4-7 Hari
Bekasi",https://shopee.co.id/Xiaomi-Redmi-14C-NFC-TAM-Ram-8GB-MEMORY-256GB-6-128GB-8-256GB-Garansi-Resmi-Xiaomi-Indonesia-i.189337673.29022027405?extraParams=%7B%22display_model_id%22%3A237213620517%2C%22model_selection_logic%22%3A3%7D&sp_atk=b5850da0-49cc-437a-9086-a53a5a99d8ba&xptdk=b5850da0-49cc-437a-9086-a53a5a99d8ba,4-7 Hari,
https://down-id.img.susercontent.com/file/id-11134207-8224u-miu7pcf8ofer8e,https://down-id.img.susercontent.com/file/id-11134258-8224v-mkvw0cu9r7k1a5,Xiaomi Poco C71 4GB+128GB - Garansi Resmi 1 Tahun,https://deo.shopeemobile.com/shopee/modules-federation/live/0/shopee__item-card-standard-v2/0.2.8/pc/7c9110f78e069acbced7.png,Rp,1.699.000,,https://deo.shopeemobile.com/shopee/modules-federation/live/0/shopee__item-card-standard-v2/0.2.8/pc/d7099d3fd1dfdaf705ab.svg,5.0,150 Terjual,https://deo.shopeemobile.com/shopee/modules-federation/live/0/shopee__item-card-standard-v2/0.2.8/pc/76dff349290d20891fc1.svg,,,https://deo.shopeemobile.com/shopee/modules-federation/live/0/shopee__item-card-standard-v2/0.2.8/pc/5dd7b4560d0e2d3190e8.svg,Jakarta Utara,,,,"Xiaomi Poco C71 4GB+128GB - Garansi Resmi 1 Tahun
Rp
1.699.000
5.0
150 Terjual
3-6 Hari
Jakarta Utara",https://shopee.co.id/Xiaomi-Poco-C71-4GB-128GB-Garansi-Resmi-1-Tahun-i.1176502301.43505594800?extraParams=%7B%22display_model_id%22%3A270472952626%2C%22model_selection_logic%22%3A3%7D&sp_atk=ee9f36f1-429b-46ae-b39b-0a40cc8fbd86&xptdk=ee9f36f1-429b-46ae-b39b-0a40cc8fbd86,3-6 Hari,
https://down-id.img.susercontent.com/file/id-11134207-7r98z-lzc4msyday4l55,https://down-id.img.susercontent.com/file/id-11134258-8224v-mkvw0cu9r7k1a5,XIAOMI REDMI NOTE 13 PRO 5G ( 8/256GB & 12/512GB ) GARANSI RESMI TAM XIAOMI 100% ORIGINAL GARANSI RESMI XIAOMI,https://deo.shopeemobile.com/shopee/modules-federation/live/0/shopee__item-card-standard-v2/0.2.8/pc/e4734dab67ee2f9ebd5a.png,Rp,4.099.000,,https://deo.shopeemobile.com/shopee/modules-federation/live/0/shopee__item-card-standard-v2/0.2.8/pc/d7099d3fd1dfdaf705ab.svg,4.9,586 Terjual,https://deo.shopeemobile.com/shopee/modules-federation/live/0/shopee__item-card-standard-v2/0.2.8/pc/76dff349290d20891fc1.svg,,,https://deo.shopeemobile.com/shopee/modules-federation/live/0/shopee__item-card-standard-v2/0.2.8/pc/5dd7b4560d0e2d3190e8.svg,Surabaya,,-11%,,"XIAOMI REDMI NOTE 13 PRO 5G ( 8/256GB & 12/512GB ) GARANSI RESMI TAM XIAOMI 100% ORIGINAL GARANSI RESMI XIAOMI
Rp
4.099.000
-11%
4.9
586 Terjual
3 Hari
Surabaya",https://shopee.co.id/XIAOMI-REDMI-NOTE-13-PRO-5G-(-8-256GB-12-512GB-)-GARANSI-RESMI-TAM-XIAOMI-100-ORIGINAL-GARANSI-RESMI-XIAOMI-i.51610744.24028810562?extraParams=%7B%22display_model_id%22%3A360777295131%2C%22model_selection_logic%22%3A3%7D&sp_atk=a28cee61-332c-4aa6-bb86-4beebfb5067c&xptdk=a28cee61-332c-4aa6-bb86-4beebfb5067c,3 Hari,
https://down-id.img.susercontent.com/file/id-11134207-7ras9-m4swuc5bothc5c,https://down-id.img.susercontent.com/file/id-11134258-822wr-mlx5y0tebegw04,Xiaomi Redmi 14C Ram 6/128GB I Ram 8/256GB Segel Original & Bergaransi Resmi,https://deo.shopeemobile.com/shopee/modules-federation/live/0/shopee__item-card-standard-v2/0.2.8/pc/e4734dab67ee2f9ebd5a.png,Rp,1.950.594,,https://deo.shopeemobile.com/shopee/modules-federation/live/0/shopee__item-card-standard-v2/0.2.8/pc/d7099d3fd1dfdaf705ab.svg,4.9,261 Terjual,https://deo.shopeemobile.com/shopee/modules-federation/live/0/shopee__item-card-standard-v2/0.2.8/pc/76dff349290d20891fc1.svg,,,https://deo.shopeemobile.com/shopee/modules-federation/live/0/shopee__item-card-standard-v2/0.2.8/pc/5dd7b4560d0e2d3190e8.svg,Surabaya,,-2%,,"Xiaomi Redmi 14C Ram 6/128GB I Ram 8/256GB Segel Original & Bergaransi Resmi
Rp
1.950.594
-2%
4.9
261 Terjual
1-3 Hari
Surabaya",https://shopee.co.id/Xiaomi-Redmi-14C-Ram-6-128GB-I-Ram-8-256GB-Segel-Original-Bergaransi-Resmi-i.233982802.28023115428?extraParams=%7B%22display_model_id%22%3A223758632586%2C%22model_selection_logic%22%3A3%7D&sp_atk=9a6f3fe7-1cbd-403d-a374-ae00751c71f7&xptdk=9a6f3fe7-1cbd-403d-a374-ae00751c71f7,1-3 Hari,
https://down-id.img.susercontent.com/file/id-11134207-7ra0j-mdr269bi3nv0ce,https://down-id.img.susercontent.com/file/id-11134258-822ws-mnciva8io4qu2f,Xiaomi Redmi 15C | 6/128GB - 8/256GB | Helio G81 Ultra | 50Mp Dual Camera AI | 6.9 Inci 120Hz,https://deo.shopeemobile.com/shopee/modules-federation/live/0/shopee__item-card-standard-v2/0.2.8/pc/7c9110f78e069acbced7.png,Rp,2.199.000,https://deo.shopeemobile.com/shopee/modules-federation/live/0/shopee__item-card-standard-v2/0.2.8/pc/d2a1900a0267d45fd0f5.png,https://deo.shopeemobile.com/shopee/modules-federation/live/0/shopee__item-card-standard-v2/0.2.8/pc/d7099d3fd1dfdaf705ab.svg,5.0,302 Terjual,https://deo.shopeemobile.com/shopee/modules-federation/live/0/shopee__item-card-standard-v2/0.2.8/pc/76dff349290d20891fc1.svg,,,https://deo.shopeemobile.com/shopee/modules-federation/live/0/shopee__item-card-standard-v2/0.2.8/pc/5dd7b4560d0e2d3190e8.svg,Depok,,-21%,,"Xiaomi Redmi 15C | 6/128GB - 8/256GB | Helio G81 Ultra | 50Mp Dual Camera AI | 6.9 Inci 120Hz
Rp
2.199.000
-21%
5.0
302 Terjual
3 Hari
Depok",https://shopee.co.id/Xiaomi-Redmi-15C-6-128GB-8-256GB-Helio-G81-Ultra-50Mp-Dual-Camera-AI-6.9-Inci-120Hz-i.1274014683.44314762819?extraParams=%7B%22display_model_id%22%3A302414386881%2C%22model_selection_logic%22%3A3%7D&sp_atk=05bd7275-811a-4699-9628-4846c2f7766c&xptdk=05bd7275-811a-4699-9628-4846c2f7766c,3 Hari,
https://down-id.img.susercontent.com/file/id-11134207-7ra0h-mdogdcs122i7c7,https://down-id.img.susercontent.com/file/id-11134258-8224v-mkvw0cu9r7k1a5,XIAOMI REDMI NOTE 14 PRO 5G (8/256GB & 12/512GB) 100% ORIGINAL GARANSI RESMI XIAOMI,https://deo.shopeemobile.com/shopee/modules-federation/live/0/shopee__item-card-standard-v2/0.2.8/pc/e4734dab67ee2f9ebd5a.png,Rp,3.999.000,,https://deo.shopeemobile.com/shopee/modules-federation/live/0/shopee__item-card-standard-v2/0.2.8/pc/d7099d3fd1dfdaf705ab.svg,4.9,133 Terjual,https://deo.shopeemobile.com/shopee/modules-federation/live/0/shopee__item-card-standard-v2/0.2.8/pc/76dff349290d20891fc1.svg,,,https://deo.shopeemobile.com/shopee/modules-federation/live/0/shopee__item-card-standard-v2/0.2.8/pc/5dd7b4560d0e2d3190e8.svg,Surabaya,,-20%,,"XIAOMI REDMI NOTE 14 PRO 5G (8/256GB & 12/512GB) 100% ORIGINAL GARANSI RESMI XIAOMI
Rp
3.999.000
-20%
4.9
133 Terjual
3 Hari
Surabaya",https://shopee.co.id/XIAOMI-REDMI-NOTE-14-PRO-5G-(8-256GB-12-512GB)-100-ORIGINAL-GARANSI-RESMI-XIAOMI-i.51610744.44014319116?extraParams=%7B%22display_model_id%22%3A138395177820%2C%22model_selection_logic%22%3A3%7D&sp_atk=ae995fcf-7922-43b7-a270-9a901e6fcb8c&xptdk=ae995fcf-7922-43b7-a270-9a901e6fcb8c,3 Hari,
