nama_produk,harga,rating,jumlah_terjual,lokasi_penjual,kategori,brand,kondisi,platform
HP 14 i3-1315U 512GB SSD 8GB FHD Win11+OHS - ep0260TU/ep0261TU,Rp8.379.000,4.8,12 Terjual,Jakarta Barat,Laptop,Hp,Baru,Shopee
HP 14 Core 5 120U 512GB SSD 8GB FHD Win11+OHS - ep1733TU/ep1177TU,Rp9.579.000,4.9,70 Terjual,Jakarta Barat,Laptop,Hp,Baru,Shopee
Laptop HP ELITEBOOK 14 1040 G9 Intel VPro i5 1245U DDR5 32GB 1TB SSD Wuxga IPS Backlight Windows 11 Pro Original,Rp8.894.000,4.9,22 Terjual,Depok,Laptop,Hp,Baru,Shopee
HP Pro C640 Chromebook i5 10310U - chromebook HP - HP Chromebook PRO C640,Rp2.500.000,4.9,67 Terjual,Jakarta Pusat,Laptop,Hp,Baru,Shopee
"LAPTOP HP ELITEBOOK 630 430 440 G6 G7 G8 G9 I3 I5 GEN 12 LAYAR 13,3 INCH SLIM MURAH BERGARANSI",Rp2.700.000,4.7,95 Terjual,Jakarta Utara,Laptop,Hp,Baru,Shopee
Laptop Hp Elitebook X360 Touchscreen Lipat 360° Intel Core i5 Gen 8 16/256GB SSD Ada Face ID,Rp5.600.000,5.0,2 Terjual,,Laptop,Hp,Baru,Shopee
"HP ChromeBook 11 G8 EE, INTEL CELERON - N4020, RAM 4GB, TORAGE 32GB EMMc",Rp1.750.000,4.8,279 Terjual,Jakarta Barat,Laptop,Hp,Baru,Shopee
Laptop HP EliteBook 250 630 745 845 X360 2in1 G2/G3/G6 Core 8460P 1013 G3 i5/i7 GEN 7/8 HP 725 - MURAH DAN BERGARANSI,Rp1.500.000,4.0,20 Terjual,Jakarta Utara,Laptop,Hp,Baru,Shopee
Laptop HP Elitebook 845 G7 AMD Ryzen 5 PRO RAM 16GB SSD 512GB TOUCH/NO TOUCHS full set,Rp3.585.000,4.7,51 Terjual,Jakarta Barat,Laptop,Hp,Baru,Shopee
Laptop Hp Series Core i7 / i5 / i3 Probook 440 G3 440 G5 Laptop Pelajar,Rp1.840.000,4.7,204 Terjual,Kab. Bekasi,Laptop,Hp,Baru,Shopee
Laptop Hp 15 Amd Ryzen 7 7730U RAM 32GB 2TB SSD 15.6 FHD IPS Touchscreen Windows 11 Silver,Rp9.998.000,5.0,13 Terjual,Bogor,Laptop,Hp,Baru,Shopee
"laptop sekolah murah HP ChromeBook 11 G8 EE, Like New, Seri Baru",Rp1.650.000,4.8,68 Terjual,Jakarta Barat,Laptop,Hp,Baru,Shopee
"LAPTOP HP INTEL CORE i3 | RAM 8GB SSD 512GB | 14 INCH WINDOWS 10 + OFFICE - BONUS TAS LAPTOP, MOUSE, MOUSEPAD",Rp2.374.000,4.7,20 Terjual,Jakarta Barat,Laptop,Hp,Baru,Shopee
"LAPTOP HP ELITEBOOK 845 RYZEN 5 PRO 5650U RAM 32GB/1TB SSD 14"" FHD - TOUCH/ NO TOUCH",Rp3.780.000,5.0,77 Terjual,Jakarta Barat,Laptop,Hp,Baru,Shopee
LAPTOP HP 14 INTEL CELERON - 8GB RAM - 512GB SSD - 14 INCH - WIN10 - 4GB - 500GB HDD,Rp1.950.000,4.8,52 Terjual,Jakarta Barat,Laptop,Hp,Baru,Shopee
Laptop HP Elitebook 630 430 440 G6 G7 G9 G9 Core i3 i5 10 GEN 12 SUPER MURAH,Rp2.000.000,5.0,7 Terjual,Jakarta Utara,Laptop,Hp,Baru,Shopee
Laptop HP All Series | Intel Core i7 / i5 / i3 / AMD Ryzen | RAM 8/16GB | SSD 128/256GB,Rp1.800.000,4.7,744 Terjual,Jakarta Timur,Laptop,Hp,Baru,Shopee
Laptop HP CORE i3 RAM 8Gb-SSD 1Tb/14 inch bonus MOUSE,Rp2.230.000,5.0,4 Terjual,Jakarta Barat,Laptop,Hp,Baru,Shopee
LAPTOP HP PROBOOK 440 G7 CORE I3-10110 RAM 8GB SSD 256GB BERGARANSI,Rp3.100.000,,,Jakarta Pusat,Laptop,Hp,Baru,Shopee
Laptop HP ProBook Series | Core i7 / i5 / i3,Rp2.068.000,4.6,46 Terjual,Jakarta Timur,Laptop,Hp,Baru,Shopee
Laptop HP Elitebook | Probook Core i5 / i7 Ram 16Gb SSD 512Gb MURAH & BERGARANSI,Rp1.715.000,4.6,8 Terjual,Bandung,Laptop,Hp,Baru,Shopee
Laptop HP PROBOOK 450 430 640 650 745 830 840 HP EliteBook X360 630 Core i5/i7 GEN 6-7 HP 725 | Layar 12/14 inch | Second Mulus Berkualitas dan Bergaransi,Rp1.500.000,4.8,37 Terjual,Jakarta Utara,Laptop,Hp,Baru,Shopee
Laptop HP 14 Intel /Amd RAM 8gb HDD 1tb /FREE TAS,Rp1.590.000,4.6,203 Terjual,Jakarta Barat,Laptop,Hp,Baru,Shopee
"HP Pavilion Aero 13 Laptop bg0111AU/bg0222AU Ryzen 5-8640U 16GB 512GB 13.3"" WUXGA IPS W11 OHS",Rp13.269.000,5.0,1 Terjual,Jakarta Timur,Laptop,Hp,Baru,Shopee
LAPTOP HP 14 DUAL CORE RAM 8GB 512 SSD WINDOWS 10,Rp1.060.000,4.2,23 Terjual,Jakarta Barat,Laptop,Hp,Baru,Shopee
HP eliteBook 830 G7/G8 Intel Core i5-11Gen/FHD IPS/US Keyboard/Laptop Mewah,Rp4.500.000,4.9,382 Terjual,Jakarta Pusat,Laptop,Hp,Baru,Shopee
Laptop HP Probook 640 650 6470B G1 G2 G3 G4 G5 Core i5/i7 HP Elitebook 630 G9 RAM 32 SSD 512 SUPER MULUS NO BERGARANSI,Rp2.100.000,4.8,99 Terjual,Jakarta Utara,Laptop,Hp,Baru,Shopee
"Laptop Murah HP 15s-eq1052nia AMD 3020e - Ram 4GB - 256GB SSD - AMD Radeon Graphics - Layar 15.6"" - Black",Rp3.260.333,,,Surabaya,Laptop,Hp,Baru,Shopee
Laptop Gaming HP Probook 645 G4 AMD Ryzen 3 Pro 2300U 14 inch,Rp3.239.900,,,Bandung,Laptop,Hp,Baru,Shopee
HP Elitebook 840 G6-845 G8 RYZEN 5650U RAM 8/ 16GB SSD 128GB-512GB 14Inch MULUSS GARANSI 30 hari,Rp2.589.000,5.0,81 Terjual,Jakarta Pusat,Laptop,Hp,Baru,Shopee
HP Chromebook X360 2 in 1 Intel Core i5 / intel core i7 - chromebook HP - HP Chromebook X360 / Chrome book HP X360,Rp2.500.000,4.6,22 Terjual,Jakarta Pusat,Laptop,Hp,Baru,Shopee
"Laptop Hp Probook / Elitebook 11 G / 820 G3 / 840 G4 / 830 G7 / 835 / 440 - Core i3 / i5 / Ram 16GB / SSD 1TB - Mulus, Ringan, Siap Pakai - Garansi",Rp3.550.000,4.9,138 Terjual,Jakarta Pusat,Laptop,Hp,Baru,Shopee
Laptop HP Probook 440 G1 Core i5 Gen3 4GB 128GB 14Inch HD,Rp1.680.000,5.0,6 Terjual,,Laptop,Hp,Baru,Shopee
Notebook Hp Stream 11 | Intel Celeron N2840 | Ram 2GB | Ssd 256GB | BERGARANSI,Rp1.100.000,4.7,95 Terjual,Jakarta Barat,Laptop,Hp,Baru,Shopee
LAPTOP HP 14S INTEL CORE i3-1005G1 8GB RAM 512GB SSD 14INCH WIN11 - BONUS TAS & MOUSE,Rp4.200.000,4.2,13 Terjual,Jakarta Barat,Laptop,Hp,Baru,Shopee
"Laptop HP 240 / 14S Core i5 Gen 6 | 8GB / SSD 256GB | 14"" HD LED",Rp1.454.000,4.2,16 Terjual,Kab. Bekasi,Laptop,Hp,Baru,Shopee
Laptop Hp Probook 4230S Core i5-2410M Hd Graphics 3000 | RAM 4/500GB | BERGARANSI,Rp1.250.000,,,Jakarta Barat,Laptop,Hp,Baru,Shopee
HP Elitebook 840 G6-845 G8 RYZEN 5650u RAM 8GB/16RB SSD 128-512GB 14Inch MULUSS BERGARANSI,Rp2.889.000,5.0,32 Terjual,Jakarta Pusat,Laptop,Hp,Baru,Shopee
LAPTOP HP 14S-Dq0510TU INTEL CELERON N4120 RAM 8GB SSD 256GB KEYBOARD BACKLIGHT SLIM TERBARU,Rp3.800.000,5.0,28 Terjual,Jakarta Timur,Laptop,Hp,Baru,Shopee
LAPTOP HP ELITEBOOK 840 G7 Core i7 Gen10 RAM 32GB/1TB FREE TAS DAN MOUSE,Rp4.200.000,4.9,25 Terjual,Jakarta Barat,Laptop,Hp,Baru,Shopee
HP 14 EP0260TU EP0261TU I3 1315U RAM 8GB 512GB Ssd Win11+OHS+M365 Resmi Original,Rp8.344.000,4.9,26 Terjual,Bandung,Laptop,Hp,Baru,Shopee
Laptop HP Pavilion 14 -ce3013TX Intel Core i7-1065G7 RAM 8GB SSD 512GB MX250 GEN10,Rp7.399.000,,,Bandung,Laptop,Hp,Baru,Shopee
LAPTOP HP Elitebook 845 G8 R5 5650u / 840 G6 i7 Gen8 16GB 512GB 14Inch,Rp4.094.000,4.9,274 Terjual,Jakarta Barat,Laptop,Hp,Baru,Shopee
"HP ProBook MT31, Intel Celeron-3867U, 4GB RAM, 128GB SSD, 13.3″ Display Screen, Thunderbolt Tab C, Super Slim, Lengkap, Silver",Rp1.900.000,,,Jakarta Barat,Laptop,Hp,Baru,Shopee
"LAPTOP HP 820 G2 CORE i5 GEN 5 SSD 256 GB 12 INCH FREE MOUSE DAN TAS - RAM 8 SSD 512GB, i5",Rp2.300.000,4.0,13 Terjual,Jakarta Barat,Laptop,Hp,Baru,Shopee
LAPTOP HP ELITEBOOK X360 840 845 G5 G6 CORE I5/I7 GEN 8 /10 /11 /AMD Ryzen 5 Pro - MURAH DAN BERGARANSI,Rp2.500.000,4.9,83 Terjual,Jakarta Utara,Laptop,Hp,Baru,Shopee
HP PROBOOK X360 435 G8 AMD RYZEN 7PRO 5850U 2in1 WITH TOUCHSCREEN/ RAM 16GB/SSD 1TB NVME/RESOLUSI FHD,Rp4.990.000,5.0,3 Terjual,Bogor,Laptop,Hp,Baru,Shopee
"HP Laptop 14 EP0261TU Intel Core I3 1315U 8GB 512GB SSD 14"" FHD IPS W11+OHS 2024 Microsoft 365 Basic Silver BD0Y5PA",Rp8.239.000,5.0,53 Terjual,Surabaya,Laptop,Hp,Baru,Shopee
Laptop HP ELITEBOOK 830&840/430 Harga Murah Fungsi Ok Core i5/7 gen 6/8/10 Ram 8-16/Ssd 256-512 Gb,Rp2.760.000,4.8,44 Terjual,,Laptop,Hp,Baru,Shopee
Laptop Hp Probook 430 G5 / 450 G1 /440 / 450 G2 / 450 G3 / 470 / 455 / 645 / 650 G2 Mulus / Berkualitas / Bergaransi,Rp1.700.000,5.0,90 Terjual,Jakarta Utara,Laptop,Hp,Baru,Shopee
Laptop HP Probook Elitebook Murah All Series | Intel Core i7 / i5 / i3 / AMD Ryzen | RAM 8/16GB | SSD 128/256GB,Rp650.000,4.8,327 Terjual,Jakarta Pusat,Laptop,Hp,Baru,Shopee
Laptop HP PROBOOK 250 430 440 450 470 455 845 8460P HP EliteBook 820 dan 840 850 450 G3-G5 Core i5/i7 GEN 6-7 | Layar 12/14 inch | Second Mulus Berkualitas dan Bergaransi,Rp2.100.000,4.9,114 Terjual,Jakarta Utara,Laptop,Hp,Baru,Shopee
Laptop HP Elitebook / HP Probook Core i7 / i5 / i3 Ram 8GB / 16GB SSD 256GB 512GB - 830 | 835 | 840 | 845 | 820 | 440 - Laptop Second Bergaransi / Mulus / Berkualitas / Original / Siap Pakai / Termurah | 14 inch / 13 inch / 12 Inch,Rp4.038.000,4.9,211 Terjual,Jakarta Utara,Laptop,Hp,Baru,Shopee
Laptop HP ProBook 450 G5 Intel Core i5-8th Gen,Rp1.790.000,,,Jakarta Pusat,Laptop,Hp,Baru,Shopee
HP 14 Intel Core i3 1315U RAM 16GB SSD 512GB 14 Inch FHD Backlit Garansi Resmi 2 Tahun,Rp7.298.000,5.0,60 Terjual,Depok,Laptop,Hp,Baru,Shopee
LAPTOP HP PROBOOK 440 G8 I3 GEN 11 RAM 8GB SSD 256GB BERGARANSI,Rp3.800.000,5.0,1 Terjual,Jakarta Pusat,Laptop,Hp,Baru,Shopee
Laptop Hp 14 Intel Core I3-1115G4 - 8GB RAM 512GB SSD 14 INCH Windows 11 - DQ2614TU 240 G8 250 G8,Rp4.639.420,3.9,17 Terjual,Jakarta Barat,Laptop,Hp,Baru,Shopee
"LAPTOP HP PROBOOK X360 2 IN 1 G1 G3 G5 G7 TOUCHSCREEN - LAYAR 11,6 INCH MULUS MURAH BERGARANSI",Rp1.400.000,5.0,60 Terjual,Jakarta Utara,Laptop,Hp,Baru,Shopee
"READY STOCK Laptop Hp 14-bs752TU, Celeron - N3060, HD Graphics, Ram 4/500Gb, Seri Baru, Silver",Rp1.750.000,,,Jakarta Barat,Laptop,Hp,Baru,Shopee
"HP 14-ep0261TU Core i3-1315U 8GB 512SSD 14"" FHD W11+OHS 2024+M365",Rp7.890.000,5.0,14 Terjual,Malang,Laptop,Hp,Baru,Shopee
Laptop HP Elitbook 8470P Core i5-3320M | RAM 4/500GB | BERGARANSI,Rp1.250.000,5.0,2 Terjual,Jakarta Barat,Laptop,Hp,Baru,Shopee
Hp Chromebook 11 G8 EE | Intel Celeroon N4020 | Ram 4/32GB | BERGARANSI,Rp1.550.000,4.7,96 Terjual,Jakarta Barat,Laptop,Hp,Baru,Shopee
Laptop HP Ellitebook 840 G2 CORE I5 GEN 5 RAM 16GB SSD 512GB,Rp1.900.000,4.7,125 Terjual,Bandung,Laptop,Hp,Baru,Shopee
Laptop HP 14 SSD 256GB/ RAM 8GB / FREE MOUSE + Tas,Rp1.882.000,4.8,13 Terjual,Jakarta Barat,Laptop,Hp,Baru,Shopee
LAPTOP HP 830 G7 Harga Murah Fungsi Ok Core i7 gen 10 /Ram 8 DDR4 Ssd256-512 Gb,Rp2.760.000,5.0,33 Terjual,,Laptop,Hp,Baru,Shopee
HP Probook x360 435 G8 | Ryzen 7 5850U | RAM 16GB | SSD 256GB | Touchscreen | Laptop 2 In 1,Rp4.218.000,5.0,4 Terjual,Jakarta Pusat,Laptop,Hp,Baru,Shopee
Laptop HP EliteBook 840 G5/6 I7 8TH 32GB/1TB SSD WINDOWS 11 FREE MOUSE & TAS,Rp2.590.000,,1 Terjual,Jakarta Barat,Laptop,Hp,Baru,Shopee
Laptop HP ProBook 440 G2 Core i5 Gen 5 RAM 8GB 4GB SSD 256GB 128GB Obral Murah,Rp1.350.000,,5 Terjual,Jakarta Barat,Laptop,Hp,Baru,Shopee
HP 14 EP Series Intel Core i3 1315U Ram16Gb Ssd1Tb 14'' Fhd Windows 11 Office 2021,Rp7.299.000,4.9,791 Terjual,Jakarta Pusat,Laptop,Hp,Baru,Shopee
"Laptop HP 14 Core i5-7200U Radeon R5 | 8GB / 256GB | 14"" HD",Rp1.675.000,5.0,3 Terjual,Kab. Bekasi,Laptop,Hp,Baru,Shopee
Laptop HP Elitebook 840 G1 Core i5 Gen 4 Ram 8GB SSD 256 Grade A Original/Murah/Bergaransi,Rp1.800.000,,10 Terjual,Kab. Bandung,Laptop,Hp,Baru,Shopee
Laptop Hp Elitebook 745 G6 RYZEN 5 PRO TOUCHSCREEN 32GB/1TB SSD WIN 11PRO,Rp3.230.000,,1 Terjual,Jakarta Barat,Laptop,Hp,Baru,Shopee
Laptop HP Elitebook 820 G4 Core i5 Gen 7 RAM 8G SSD 512GB ( Layar12.5 Inch ),Rp1.499.000,4.0,2 Terjual,Tangerang,Laptop,Hp,Baru,Shopee
Laptop HP 4230s Intel Core i5-2450M,Rp850.000,,,,Laptop,Hp,Baru,Shopee
Laptop HP Probook 645 G4 RYZEN 5Pro RAM 16GB/512SSD UP TO 1TB FULLSET,Rp2.085.000,5.0,1 Terjual,Jakarta Barat,Laptop,Hp,Baru,Shopee
"Laptop Hp 14S Pentium Silver N5030 16GB 256GB SSD Intel UHD Graphic 14"" Windows 11 Original - indokomputer",Rp4.380.000,5.0,22 Terjual,Surabaya,Laptop,Hp,Baru,Shopee
Laptop HP ProBook / EliteBook Core i5 / i7 Original / Bergaransi / 840 / 830 / 1040 / 430 / 820 / G1 / G2 / G3 / G4 / G5 / G6 AMD,Rp2.400.000,4.9,63 Terjual,,Laptop,Hp,Baru,Shopee
Hp stream Laptop 14-ax0XX warna biru ram 4gb 32gb emmc intel celeron N3060,Rp1.399.000,5.0,13 Terjual,Tangerang,Laptop,Hp,Baru,Shopee
Laptop Hp 15 INTEL N200 RAM 16GB 256GB SSD 15.6 WINDOWS 11 HOME SILVER,Rp5.498.000,4.9,275 Terjual,Jakarta Pusat,Laptop,Hp,Baru,Shopee
LAPTOP TOUCHSCREEN HP PROBOK 11G2 COR i3 GEN 6 8GB/256GB,Rp1.790.000,5.0,1 Terjual,Jakarta Barat,Laptop,Hp,Baru,Shopee
"Laptop Hp 17-CP0023DS, #Touchscreen, Amd Ryzen 3 - 3250U, Ram 8 / 256Gb, #Backlight, ya SLIM, Gaming Editing Ngebut, Lengkap, Silver",Rp4.300.000,5.0,1 Terjual,Jakarta Barat,Laptop,Hp,Baru,Shopee
Laptop HP ProBook 440 G2 Core i5 Gen 5 RAM 8GB 4GB SSD 256GB 128GB Obral Murah,Rp1.400.000,5.0,10 Terjual,Jakarta Barat,Laptop,Hp,Baru,Shopee
Laptop Hp 14s-dk1524au Amd Althon Silver,Rp2.900.000,4.8,14 Terjual,,Laptop,Hp,Baru,Shopee
Laptop hp 14s-dq1025tu core i7-1065G7 gen 10 Ram 8GB ssd 256GB(B498),Rp4.250.000,,,Tangerang,Laptop,Hp,Baru,Shopee
Laptop Hp Probook intel i5 / i7 Ram 8 / 16 gb ssd 256 gb Mantap,Rp3.050.000,5.0,3 Terjual,Bandung,Laptop,Hp,Baru,Shopee
"LAPTOP HP PROBOOK 430 G8 i5 Gen 11th, Graphic Iris XE",Rp3.850.000,5.0,17 Terjual,Balikpapan,Laptop,Hp,Baru,Shopee
Laptop HP Elitebook | Probook Core i5 / i7 RAM 16Gb SSD 512Gb BERGARANSI MURAH ORIGINAL,Rp2.000.000,5.0,4 Terjual,Bandung,Laptop,Hp,Baru,Shopee
Laptop HP Chromebook/Windows 11 G6 EE Intel Celeron AMD - (8 GB/64 GB EMMC Storage/Chrome OS) 3NU59UT Chromebook,Rp750.000,4.5,252 Terjual,Tangerang,Laptop,Hp,Baru,Shopee
"Laptop HP Pavilion 14 Core i5-4210U GeForce 840M | 8GB / SSD 256GB | 14"" HD",Rp1.800.000,5.0,2 Terjual,Kab. Bekasi,Laptop,Hp,Baru,Shopee
Laptop hp probook 430 G1 Processor Intel core i5-4200U 2.3GHz Ram 4 GB Penyimpanan 500 GB Display Intel HD Graphics family UK 13 inch,Rp1.400.000,,,Tangerang,Laptop,Hp,Baru,Shopee
Laptop Hp Elitebook 820 G4 Ci7 7600U 2.8GHz 8GB/512GB,Rp1.684.211,,,Jakarta Pusat,Laptop,Hp,Baru,Shopee
LAPTOP HP Elitebook 845 R5 5650u / 840 G6 i7 Gen8 16GB 512GB 14Inch Original,Rp4.194.000,4.7,22 Terjual,Surabaya,Laptop,Hp,Baru,Shopee
LAPTOP HP ELITEBOOK 845 G7 RYZEN3 4450 RAM 32 GB NVME 2 TB PROMO MURAH BAGUS BERGARANSI,Rp3.190.000,5.0,5 Terjual,Jakarta Utara,Laptop,Hp,Baru,Shopee
Laptop HP Elitebook 830 G8 Prosesor intelcore 7 Gen 11.RAM 16 SSD 256-512 GB,Rp2.760.000,5.0,4 Terjual,Bandung,Laptop,Hp,Baru,Shopee
LAPTOP HP 14 SLIM RAM 8GB SSD 128GB 14INCH WINDOWS 10 SUPER KENCANG,Rp2.200.000,4.8,18 Terjual,Jakarta Timur,Laptop,Hp,Baru,Shopee
"Laptop Hp 14s-cf2018TU, Intel Celeron-N4020, Ram 4Gb / 1Tb, Backlight, Super Slim, Seri Baru, Lengkap, Silver",Rp2.800.000,5.0,2 Terjual,Jakarta Barat,Laptop,Hp,Baru,Shopee
"Laptop Hp 14S Pentium Silver N5030, 8GB, 256GB SSD, Intel UHD Graphic, 14.0 Inch, Windows 11 Original - CR0XXX",Rp4.566.716,5.0,10 Terjual,Surabaya,Laptop,Hp,Baru,Shopee
HP Probook 430 G8 Core i5 Gen 11 Ram 8Gb Ssd 512Gb,Rp4.300.000,,1 Terjual,,Laptop,Hp,Baru,Shopee
Laptop HP EliteBook 830 G8 Core i5-1145G7 Gen 11 RAM 16GB 8GB SSD 512GB 256GB Siap Pakai,Rp4.500.000,5.0,106 Terjual,Jakarta Barat,Laptop,Hp,Baru,Shopee
Laptop HP 14 Prosesor AMD Ryzen 3 3250U Ram 8GB SSD 128GB,Rp2.850.000,,,,Laptop,Hp,Baru,Shopee
HP EliteBook 830 G8 Intel Core i5-11Gen/Intel Iris Graphics/Laptop Mewah/Laptop gaming desain,Rp4.500.000,5.0,20 Terjual,Jakarta Pusat,Laptop,Hp,Baru,Shopee
Laptop HP 14s Core i3 1315U Gen 13 RAM 16GB SSD 1TB 14 inch Win 11 FHD Ips Baru,Rp7.297.000,5.0,238 Terjual,Tangerang Selatan,Laptop,Hp,Baru,Shopee
LAPTOP HP Elitebook 845 840 830 G9 G8 Intel I7 / I5 Ryzen 7 | 5 PRO | TOUCHSCREEN Radeon Vega RAM 32GB,Rp5.635.000,4.9,311 Terjual,Jakarta Barat,Laptop,Hp,Baru,Shopee
Laptop HP Elitebook 845 G8 Ryzen 7 / Ryzen 5 | 16GB RAM | SSD 512GB | Layar IPS | Backlight | Fingerprint | Windows 11,Rp4.599.000,4.8,89 Terjual,Jakarta Barat,Laptop,Hp,Baru,Shopee
Laptop Murah hp probook 450 G3 core i7-6500U Ram 8GB Ssd 128Gb(B555),Rp2.050.000,5.0,1 Terjual,Tangerang,Laptop,Hp,Baru,Shopee
Laptop HP Elitebook 840 G6/G5 i7 GEN 8 RAM 32GB/SSD 1TB WIN 10PRO,Rp3.485.000,5.0,10 Terjual,Jakarta Barat,Laptop,Hp,Baru,Shopee
Laptop HP Elitebook 820 G3 Intel Core i5 Gen 6 RAM 16 GB SSD 512 GB Layar 12 inc,Rp2.290.000,5.0,2 Terjual,Jakarta Pusat,Laptop,Hp,Baru,Shopee
Laptop HP 14s - DQ3110TU N4500 8GB 256GB,Rp2.800.000,,,,Laptop,Hp,Baru,Shopee
Laptop HP Elitebook 840 G6 Core i7 Gen 8 RAM 16GB SSD 512GB Touchscreen Mulus,Rp4.199.000,4.7,41 Terjual,Bandung,Laptop,Hp,Baru,Shopee
Laptop HP Pavilion 14-AB135TX Core i7 6500U Tanpa Ram/HDD Dual Vga,Rp1.200.000,,,,Laptop,Hp,Baru,Shopee
"HP Laptop 14 EP0321TU Intel Core I3 1315U 4GB 512GB SSD 14"" FHD W11+OHS 2024 Microsoft 365 Basic Silver BD0Y7PA",Rp7.504.000,5.0,14 Terjual,Surabaya,Laptop,Hp,Baru,Shopee
LAPTOP HP ELITEBOOK 840 G8 Core i5 GEN 11 RAM 32GB - SSD 1TB / Intel VPro / WIN 11 + Bonus Mouse & Tas,Rp4.000.000,4.2,13 Terjual,Jakarta Barat,Laptop,Hp,Baru,Shopee
Laptop Baru | HP 14s Intel Pentium Ram 8GB Ssd 256 | Cocok buat kuliah kerja & sekolah Anti lemot | SSD Cepet Siap pakai | Windows 11,Rp4.594.000,,,Surabaya,Laptop,Hp,Baru,Shopee
LAPTOP HP ELITEBOOK 840 G3 I5 GEN 6 RAM 8GB SSD 256GB ORIGINAL BERGARANSI,Rp3.299.000,,1 Terjual,Bandung,Laptop,Hp,Baru,Shopee
"HP ChromeBook 11-G5, (OS Windows) Seri Baru, Slim, Black Silver Bergaransi",Rp1.500.000,1.0,1 Terjual,Jakarta Barat,Laptop,Hp,Baru,Shopee
"LAPTOP HP 440 G4,I5 GEN 7 RAM 8GB SSD 256GB",Rp3.250.000,5.0,1 Terjual,,Laptop,Hp,Baru,Shopee
"Laptop HP 14s DQ5115TU i3-1215U RAM 8GB 512GB SSD UMA 14"" IPS FHD OHS W11",Rp7.980.074,5.0,1 Terjual,Medan,Laptop,Hp,Baru,Shopee
"Laptop Hp 14-ac018TX, Pentium - N3710, HD Graphics, Ram 4/500Gb, Seri baru",Rp1.850.000,,2 Terjual,Jakarta Barat,Laptop,Hp,Baru,Shopee
Laptop HP (Hewlett Packard) Probook/Elitebook Core i3 Core i5 Core i7/AMD Ryzen 3 Ryzen 5 Ryzen 7 RAM 8/16GB SSD 256/512GB Second Bergaransi Original,Rp1.100.000,5.0,2 Terjual,Bandung,Laptop,Hp,Baru,Shopee
"HP ChromeBook 11 G6 EE, AMD A4-9120C, Silver Dop, BERGARANSI!!!",Rp800.000,4.7,5 Terjual,Jakarta Barat,Laptop,Hp,Baru,Shopee
Laptop HP Elitebook 840 G10 Core i5 Gen 13 - RAM 16GB - SSD 1TB - 14 inch - TouchScreen - Series Business - WIN 11 PRO - ORI,Rp3.999.000,,2 Terjual,Jakarta Pusat,Laptop,Hp,Baru,Shopee
Laptop HP 14 Intel Core i3 / i5 / i7 Gen13 UHD 8GB RAM / 512GB SSD / Windows 11 Home + OHS / 14 Inch FHD / Backlit Keyboard + COPILOT / Garansi 2 Tahun,Rp7.403.000,4.9,6RB+ Terjual,Jakarta Utara,Laptop,Hp,Baru,Shopee
Laptop HP ELITEBOOK 840 G6 Gen 8 CORE i5-8365U RAM 8GB SSD 256GB Windows,Rp3.140.000,,,Jakarta Barat,Laptop,Hp,Baru,Shopee
Laptop HP 14 - OmniBook 3 [NEW] - AMD Ryzen 7 Radeon 16GB RAM 512GB SSD Gold / Silver Windows 11 Home 14 Inch Garansi 2 Tahun Promo Murah Gratis Ongkir Official Non Second,Rp12.999.000,4.9,735 Terjual,Jakarta Utara,Laptop,Hp,Baru,Shopee
"Laptop HP 14-EP0261TU Core i3-1315U 8GB SSD 512GB 14"" FHD W11 OHS",Rp8.790.000,5.0,29 Terjual,,Laptop,Hp,Baru,Shopee
"Laptop HP 14-bs740TU, Core i3-6006U, Gen 6th, Hd Graphics 520, Ram 8 GB / 500GB, Editing, Gaming Editing Ngebut, Seri Baru, Lengkap, Silver",Rp2.400.000,,,Jakarta Barat,Laptop,Hp,Baru,Shopee
LAPTOP LEPTOP HP CORE I3 Gen6 RAM 4GB HDD 500 GB VGA RADEON 14 INC GENERASI BARU WINDOWS11 ZOOM SIAP PAKAI,Rp4.099.900,,,Jakarta Timur,Laptop,Hp,Baru,Shopee
Hp Elitebook 6 G1i 13 Intel Ultra 7 255U Ram 16gb SSD Nvme 512 LIKE NEW BARU SEBENTAR GARANSI MARET 2029,Rp11.625.000,5.0,1 Terjual,Kab. Bandung,Laptop,Hp,Baru,Shopee
Laptop HP EliteBook 8460P Intel Core i5-2520M Ram 4Gb Hdd 160Gb SCU6835,Rp900.000,,,Malang,Laptop,Hp,Baru,Shopee
LAPTOP HP ELITEBOOK 840 G3 INTEL CORE I5 RAM 16 GB SSD 256 GB TERMURAH,Rp4.750.000,,,Jakarta Timur,Laptop,Hp,Baru,Shopee
Laptop HP 15 Intel N100 8GB 512GB SSD Full HD 15 Inch Windows 11 Original Baru,Rp3.997.000,,,Tangerang Selatan,Laptop,Hp,Baru,Shopee
"Laptop Hp Elitebook 840 G7, Core i5 - 10310U, Gen 10Th, UHD Graphics, Ram 16Gb / 256Gb SSD, #Fingerprint, #Backlight, GAMING Editing Ngebut, Seri Baru, Super Slim, Like New, Lengkap, Silver",Rp5.500.000,,,Jakarta Barat,Laptop,Hp,Baru,Shopee
HP PROBOOK 440 G8 Baru Intel Core i5 11 Gen 8GB 256GB 14 Inch Full HD Iris Xe,Rp5.600.000,,,,Laptop,Hp,Baru,Shopee
Laptop HP 14 EM0530AU Ryzen 5 7530U 1TB SSD RAM 16GB HP 14 EM0320AU AMD RYZEN 3 7320U SILVER BARU,Rp7.697.000,5.0,14 Terjual,Jakarta Selatan,Laptop,Hp,Baru,Shopee
"Laptop Baru Hp 14 Intel Core 3 N355 (8Cpus, up to 3.9Ghz) SSD",Rp7.700.000,5.0,19 Terjual,Jakarta Pusat,Laptop,Hp,Baru,Shopee
"Chromebook Murah!! HP ChromeBook 11 G5 EE, Seri Baru, Slim, Lengkap, Grey",Rp830.000,,1 Terjual,Jakarta Barat,Laptop,Hp,Baru,Shopee
Laptop Baru HP 14S EP0261TU Intel Core I3 Gen 13 RAM 16GB SSD 512GB 14 Inch Win11 OHS Garansi Resmi,Rp7.299.000,4.9,21 Terjual,Bandung,Laptop,Hp,Baru,Shopee
"HP Elitebook X360 830 G6 Core i7 Gen 8 Ram 8GB / 16GB SSD 128GB / 256GB / 512GB, Layar 13.3""Inch FHD",Rp4.990.000,,,Surabaya,Laptop,Hp,Baru,Shopee
"Laptop Baru Murah HP 14 Intel N150 RAM 8GB 384GB SSD 14"" HD Windows 11 Original",Rp5.499.000,5.0,9 Terjual,Tangerang Selatan,Laptop,Hp,Baru,Shopee
"Laptop Baru Hp Intel Core 3 N355 8Cpus up to 3,9Ghz RAM 32GB SSD 1TB",Rp7.700.000,5.0,12 Terjual,Jakarta Pusat,Laptop,Hp,Baru,Shopee
Laptop HP Envy x360 - OmniBook X Flip [NEW] 2 in 1 Intel Core Ultra 7 Intel Graphics 16GB RAM 1TB SSD Touchscreen Silver / Blue Windows 11 Home 14 Inch Garansi 2 Tahun Promo Murah Gratis Ongkir Official Non Second,Rp19.305.000,5.0,128 Terjual,Jakarta Utara,Laptop,Hp,Baru,Shopee
"Laptop HP 240 G7, Core i5-8265U, Gen 7th, Hd Graphics 620, Ram 8 GB / 1Tb, Seri Baru, Lengkap, Silver Dop Spesifikasi: - Procecor : Intel Core i5 - 8265U, ~ 1,6Ghz Up to 1,8Ghz, Gen 8th - Vga : Intel Hd Graphics 620 - Ram : 8 Gb - Hdd : 1 Tb - Layar : 14",Rp3.300.000,,,Jakarta Barat,Laptop,Hp,Baru,Shopee
NEW Laptop Hp 14 Intel Core N150 RAM 16GB SSD 1TB 14 Inch Windows 11 Home Original OHS,Rp5.498.000,4.9,30 Terjual,Jakarta Pusat,Laptop,Hp,Baru,Shopee
Laptop HP 14 Baru Intel N150 8GB 512GB SSD WIN11 Home Water Blue,Rp5.497.000,5.0,7 Terjual,Tangerang Selatan,Laptop,Hp,Baru,Shopee
HP EliteBook 830 G7/G8 Intel Core i5-11Gen/Intel Iris Xe Graphics/Laptop Super Mewah,Rp3.980.000,4.8,13 Terjual,Jakarta Pusat,Laptop,Hp,Baru,Shopee
Hp ProBook 430 G3 i7 Gen 6 Ram 8GB SSD 512GB Camera,Rp5.500.000,,,Jakarta Utara,Laptop,Hp,Baru,Shopee
Laptop Baru Hp Fortis X360 Intel Celeron N5100 Touchscreen RAM 8GB SSD 1TB,Rp4.800.000,,,Jakarta Pusat,Laptop,Hp,Baru,Shopee
Laptop Baru Buka Dus Garansi On 2025 Hp 14-ep0001TU Core i5-1335U Ram 16/512Gb,Rp8.250.000,,,Jakarta Barat,Laptop,Hp,Baru,Shopee
PROMO LAPTOP HP Pavilion 15-CW1002AU AMD Ryzen 3 RAM 16GB SSD 512GB windows 10 original free TAS,Rp5.562.550,,1 Terjual,Surabaya,Laptop,Hp,Baru,Shopee
Laptop Baru Hp 14 AMD Ryzen 7 7730U 16Cpus up to 4.5Ghz,Rp10.300.000,5.0,11 Terjual,Jakarta Pusat,Laptop,Hp,Baru,Shopee
"Laptop Baru HP 15S FQ5444TU core i3 Gen 12 RAM 8GB SSD 512GB 15,6 FHD Key Backlight",Rp5.500.000,,,,Laptop,Hp,Baru,Shopee
"Laptop Hp Pavilion 15 - bw071AX, Amd A12-9720P, DualVga Amd Radeon R7, Ram 8gb, Hdd 1TB, IPS, Seri Baru, Editing, Gaming Ngebut, Lengkap",Rp4.350.000,,,Jakarta Barat,Laptop,Hp,Baru,Shopee
Laptop Baru HP Fortis X360 TouchScreen Intel Celeron N5100 8/1TB,Rp4.800.000,,,Jakarta Pusat,Laptop,Hp,Baru,Shopee
LAPTOP HP ELITEBOOK PROBOOK 830 840 645 G5 I5 GEN 8 RAM 8GB SSD 256GB,Rp4.449.000,4.9,141 Terjual,Depok,Laptop,Hp,Baru,Shopee
"Laptop Baru Hp Elitebook 845 G8 AMD Ryzen 5 pro 5650u Upto 4,2Ghz",Rp8.000.000,4.9,7 Terjual,Jakarta Pusat,Laptop,Hp,Baru,Shopee
Notebook Hp Chromebook 11 G8 EE Celeron N4020 Ram4/32SSD OS Chrome,Rp1.650.000,,2 Terjual,Tangerang,Laptop,Hp,Baru,Shopee
Hp 14S Intel N150 RAM 8GB SSD 640GB 14 Inch Windows 11 Original Laptop Baru Super Tipis,Rp5.399.000,,,Bandung,Laptop,Hp,Baru,Shopee
Laptop NEW HP 240 G8 Core i3 Gen 11 RAM 4GB SSD 256GB,Rp6.300.000,,,Bandung,Laptop,Hp,Baru,Shopee
"Laptop Baru HP 14S DQ5115TU Core i3-1215U RAM 8GB SSD 512GB 14"" FHD Keyboard Backlight Win 11",Rp5.500.000,,,,Laptop,Hp,Baru,Shopee
laptop hp 14s Intel Celeron N4205 ram 4gb/SSD 128gb 14 inch backlight,Rp2.000.000,,,Bandung,Laptop,Hp,Baru,Shopee
Laptop HP Spectre x360 - OmniBook Ultra Flip 14 [NEW] Intel Core Ultra 9 Arc 32GB RAM 2TB SSD Touchscreen Gray / Blue Windows 11 Home 14 Inch Garansi 2 Tahun Promo Murah Gratis Ongkir Official Non Second,Rp31.878.000,5.0,5 Terjual,Jakarta Utara,Laptop,Hp,Baru,Shopee
"Laptop Hp Elitebook 840 G7, Core i5 - 10310U, Gen 10Th, UHD Graphics, Ram 8Gb / 256Gb SSD, #Fingerprint, #Backlight, GAMING Editing Ngebut, Seri Baru, Super Slim, Like New, Lengkap, Silver",Rp5.150.000,,,Jakarta Barat,Laptop,Hp,Baru,Shopee
Laptop Baru HP 14 Intel N150 Ram 16GB 1TB SSD 14.0 Slim Desain Windows 11 Home Original,Rp5.497.000,,,Bekasi,Laptop,Hp,Baru,Shopee
"Laptop Baru Hp Elitebook 14 AMD Ryzen 5 5650u 12Cpus up to 4,2Ghz RAM 32GB SSD 1TB",Rp8.000.000,,,Jakarta Pusat,Laptop,Hp,Baru,Shopee
"Terlaris Laptop Hp 14S Dq Intel N4500 16Gb 512Gb Ssd 14"" Backlight Win11Home Laptop Baru Laptop Sekolah",Rp5.918.750,,,Jakarta Timur,Laptop,Hp,Baru,Shopee
PROMO LAPTOP HP Pavilion 15-CW1002AU AMD Ryzen 3 RAM 12GB SSD 512GB windows 10 original free TAS,Rp5.185.450,,,Surabaya,Laptop,Hp,Baru,Shopee
HP PROBOOK 440 G10 16GB 256G Baru,Rp11.000.000,,,Jakarta Selatan,Laptop,Hp,Baru,Shopee
Laptop Touchscreen HP Envy 16 AMD RYZEN 7 8840HS 16GB DDR5 1TB SSD Wind 11 Home Baru terlaris,Rp10.697.000,4.8,46 Terjual,Jakarta Selatan,Laptop,Hp,Baru,Shopee
LAPTOP HP ELITEBOOK 13TH GEN INTEL(R) CORE I5-1345U RAM 8 SSD 512 MULUS SEPERTI BARU,Rp7.799.000,,,Jakarta Timur,Laptop,Hp,Baru,Shopee
Laptop Baru HP 14 Intel N150 8GB 384GB SSD 14.0 HD Windows11 Home,Rp5.498.000,5.0,11 Terjual,Bekasi,Laptop,Hp,Baru,Shopee
"Laptop Baru HP 14 Pavillion x360 Intel Core i3 1215u (8cpus, up to 4.4GHz) Touchscreen",Rp8.500.000,,,Jakarta Pusat,Laptop,Hp,Baru,Shopee
laptop hp 14s AMD A4-9125 ram 4gb/SSD 128gb backlight 14 inch,Rp3.100.000,5.0,1 Terjual,Bandung,Laptop,Hp,Baru,Shopee
laptop bisnis HP Elitebook 840 g8 garansi 2025/i5 GEN 11 Intel iris Xe/RAM 16 GB,Rp4.900.000,,,Kab. Bandung,Laptop,Hp,Baru,Shopee
Laptop HP OMNIBOOK 5 Flip 14 X360 2in1 Touch - Intel Core 7-150U - 16GB/1TB SSD - Win11 Baru,Rp12.997.000,,,Tangerang Selatan,Laptop,Hp,Baru,Shopee
Laptop HP Spectre x360 2 in 1 - Omnibook Ultra Flip 14 [NEW] Intel Core Ultra 7 Arc 32GB RAM 1TB Touchscreen SSD Blue / Black Windows 11 Home 14 Inch Garansi 2 Tahun Promo Murah Gratis Ongkir Official Non Second,Rp28.948.000,5.0,5 Terjual,Jakarta Utara,Laptop,Hp,Baru,Shopee
"Laptop Hp Envy TS 15, Intel Core i7 - 4700MQ, ###DualVga: - Intel Hd Graphics 4600, - Nvidia Geforce GTX 950M 2GB (Super Ngebut), Ram 4Gb / 1Tb, Spek Gaming, Ngebut, Seri Baru, Lengkap, Black",Rp4.000.000,,,Jakarta Barat,Laptop,Hp,Baru,Shopee
Laptop hp core i5 10210U ram 8gb ssd 256gb vga baru display 14s cf2031tx 179,Rp6.999.999,,,Jakarta Pusat,Laptop,Hp,Baru,Shopee
LAPTOP NEW HP 14S DQ-3109TU | INTEL N4500 | SSD 256GB | RAM 8GB | BERGARANSI RESMI,Rp5.400.000,,,,Laptop,Hp,Baru,Shopee
Laptop Baru HP 14 Intel N150 Ram 8GB 384GB SSD 14.0 Win11home + office original,Rp4.997.000,,,Bekasi,Laptop,Hp,Baru,Shopee
LAPTOP HP 14S DQ3146TU/DQ3145TU/DQ3134TU /DQ3888TU N4500 RAM 16GB 512GB SSD 14.0 FHD BL Win11+OHS,Rp5.098.000,4.8,13 Terjual,Kab. Tangerang,Laptop,Hp,Baru,Shopee
"Laptop Baru HP14s - CR0XXX Intel Pentium N5030 Ram 16GB SSD 256GB 14"" FHD",Rp4.560.000,5.0,1 Terjual,Surabaya,Laptop,Hp,Baru,Shopee
Laptop HP 14s-dq2614TU Intel Core i3-1115G4 gen 11 ram 8GB SSD 512GB Garansi,Rp4.350.000,,,Bandung,Laptop,Hp,Baru,Shopee
Laptop HP 14 N150 Slim Ringan RAM 8GB 128GB - 512GB SSD WIN11 Baru Warna Blue,Rp5.497.000,,,Tangerang Selatan,Laptop,Hp,Baru,Shopee
"Laptop Baru Hp Pavilion x360 14 Core i3 1215u up to 4,4Ghz 12 Cpu Touchscreen bisa di lipat",Rp8.500.000,,,Jakarta Pusat,Laptop,Hp,Baru,Shopee
"Laptop Baru HP Omnibook 5 flip 14"" Intel Core 7 150u 12cpu 5,4Ghz Touchscreen X360",Rp13.000.000,5.0,38 Terjual,Jakarta Pusat,Laptop,Hp,Baru,Shopee
Laptop Premium HP X360 435 G7/G8 | Ryzen R7/5850u Pro / R7/4750u Pro | RAM 16GB | SSD 256GB / 512GB | SECOND ORIGINAL | MULUS | BERGARANSI,Rp5.400.000,,,Jakarta Pusat,Laptop,Hp,Baru,Shopee
Laptop Baru HP 15 Intel Core i3 N305 Ram 8GB 1TB SSD 15.6'' FHD Windows 11 Original,Rp6.099.000,,,Tangerang Selatan,Laptop,Hp,Baru,Shopee
Laptop Baru HP 14 Ep0321TU Intel Core i3 1315U Ram 16GB 512GB SD FHD IPS BL Windows 11 Home Silver,Rp7.297.000,4.0,1 Terjual,Bekasi,Laptop,Hp,Baru,Shopee
Laptop Baru HP 14 EP0261TU Intel I3 1315U Ram 16GB 512GB SSD 14.0 Fhd Backligt Win11home + Ohs,Rp8.197.000,,1 Terjual,Bekasi,Laptop,Hp,Baru,Shopee
Laptop HP Pavilion 13-an1033TU Intel Core I3-1005G1 8/512GB Touchscreen,Rp5.399.000,,,Bandung,Laptop,Hp,Baru,Shopee
"Laptop Baru HP 14| AMD Ryzen 7 7730U (16Cpus Up to 4,6 GHz) RAM 24GB /SSD 1TB",Rp10.300.000,,1 Terjual,Jakarta Pusat,Laptop,Hp,Baru,Shopee
"Laptop HP Pavilion Gaming 16 AMD Ryzen 7 8840U 8GB DDR5 1TB SSD Radeon 16"" Inch Wuxga WIn 11 Baru",Rp7.689.000,,,Jakarta Pusat,Laptop,Hp,Baru,Shopee
HP Elitebook 745 - AMD Ryzen Pro / 8GB / 256GB SSD / 14 inch / bekas,Rp3.200.000,5.0,41 Terjual,Jakarta Pusat,Laptop,Hp,Bekas,Shopee
Laptop HP Core i7 i5 / RAM 16GB / SSD 1TB / 2TB / 500GB / SSD 256GB / SSD 512GB - Laptop Bekas HP i7 i5 8GB SSD,Rp1.300.000,4.7,447 Terjual,Jakarta Utara,Laptop,Hp,Bekas,Shopee
Laptop HP ProBook X360 2IN1 TS / 430 440 450 470 445 G3/G5/G7/G8 Core i5/i7/AMD 5PRO - SECOND MURAH BERGARANSI & BERKUALITAS,Rp1.500.000,4.7,192 Terjual,Jakarta Utara,Laptop,Hp,Bekas,Shopee
Laptop Hp Probook 440 G7 I3 GEN 10 I5 GEN 10 SECOND BERKUALITAS BERGARANSI,Rp3.600.000,4.9,23 Terjual,Jakarta Utara,Laptop,Hp,Bekas,Shopee
Laptop Hp Bekas Core I7 Ram 8gb Gen 4 Murah,Rp2.000.000,,,,Laptop,Hp,Bekas,Shopee
"Laptop HP CORE i5 i7 / 14 inch / SSD 512GB / RAM 8GB / SSD 256GB / 500GB / 1TB / 2TB / Windows 10, Laptop Bekas HP i5 Murah",Rp1.400.000,4.6,929 Terjual,Jakarta Utara,Laptop,Hp,Bekas,Shopee
Laptop HP Elitebook 250 630 X360 745 845 1020 8460P G2/G3 Core i7 Generasi 7 Touchscreen + Bisa Dilipat 360 Derajat SECOND BERKUALITAS !!,Rp1.700.000,5.0,152 Terjual,Jakarta Utara,Laptop,Hp,Bekas,Shopee
HP Elitebook Probook Second Laptop 14inch 840 G3 645 G4 Core I5 I7 RAM 8/16G SSD 256/512 GB Bekas Peningkatan baru laptop original berkualitas Mulus Bekas IPS US Keyboard backlight,Rp1.599.000,4.7,1RB+ Terjual,Tangerang,Laptop,Hp,Bekas,Shopee
Laptop Second HP PROBOOK G Ram 8gb Ssd 128gb,Rp1.500.000,,,Kab. Malang,Laptop,Hp,Bekas,Shopee
Laptop HP EliteBook / Probook / Folio Core i5 / i7 RAM 8GB / 16GB Notebook Second Slim 14 inch | 840 G5 - G4 / G3 / G2 / G1 / 840 G2 / 640 G2 / Folio 1040,Rp2.600.000,4.8,299 Terjual,Kab. Tangerang,Laptop,Hp,Bekas,Shopee
Laptop HP PROBOOK 430 440 G8 Core i3 Ram 8GB SSD 512GB - Second Murah & Bergaransi,Rp3.749.000,5.0,39 Terjual,Jakarta Pusat,Laptop,Hp,Bekas,Shopee
Laptop HP Elitebook Intel Core i5 / i7 RAM 32GB SSD 1TB Second / Bergaransi,Rp3.974.000,5.0,64 Terjual,Jakarta Pusat,Laptop,Hp,Bekas,Shopee
Laptop HP Core i5 / Core i7 Second RAM 8GB SSD 256GB Mulus Original Bergansi,Rp2.600.000,4.8,3RB+ Terjual,Bandung,Laptop,Hp,Bekas,Shopee
LAPTOP BEKAS NORMAL HP 14-I5-I3 GEN 6 SIAP PAKAI,Rp1.400.000,5.0,16 Terjual,Surabaya,Laptop,Hp,Bekas,Shopee
Laptop HP EliteBook | 840 G3 | i5 Gen 6 | SSD 256GB | RAM 8GB | 14 Inch | Second | Siap Pakai,Rp386.000,,,Jakarta Pusat,Laptop,Hp,Bekas,Shopee
Nettbooknettbook Hp mini 110 second,Rp425.000,4.5,19 Terjual,Jakarta Timur,Laptop,Hp,Bekas,Shopee
Laptop HP Elitebook/Probook Series 820 | 830 | 840 | 640 | 440 | 835 Core i5/i7 SSD | Second Murah & Bergaransi,Rp2.999.000,4.8,464 Terjual,Jakarta Pusat,Laptop,Hp,Bekas,Shopee
[Bekas] Laptop HP ProBook 430/440/450/455/640/650 Core i3/i5/i7 MURAH SLIM ORIGINAL BERGARANSI,Rp1.700.000,4.8,140 Terjual,Jakarta Utara,Laptop,Hp,Bekas,Shopee
"HP ProBook X360 11 2 IN 1 G1 G3 G5 G7 TOUCHSCREEN - LAYAR 11,6 INCH SECOND BERKUALITAS - FREE GIFT!!",Rp1.400.000,4.9,22 Terjual,Jakarta Utara,Laptop,Hp,Bekas,Shopee
laptop hp 9470m second,Rp1.350.000,,1 Terjual,Jakarta Barat,Laptop,Hp,Bekas,Shopee
laptop bekas second hp 14s dk AMD Ryzen 3,Rp3.200.000,,,,Laptop,Hp,Bekas,Shopee
Laptop HP G4 Second | Siap Pakai | Normal | Cocok Sekolah & Kerja,Rp880.000,,1 Terjual,Kab. Semarang,Laptop,Hp,Bekas,Shopee
Laptop HP probook elitebook dualcore core i3 core i5... kondisi ok dan minus,Rp699.000,,,Jakarta Barat,Laptop,Hp,Bekas,Shopee
Laptop Second Bekas Merk HP No Minus Siap Pakai,Rp1.500.000,5.0,3 Terjual,,Laptop,Hp,Bekas,Shopee
LAPTOP SECOND JAMINAN GARANSI TOKO! HP 348 G3 INTEL CORE I7 6500U INTEL UHD GRAPHICS 520 + AMD RADEON R5 M330 (2GB) RAM 8GB DDR4 SSD 256GB 14INCH,Rp3.622.500,,,Surabaya,Laptop,Hp,Bekas,Shopee
Laptop HP elitebook 8470p Core i5 Gen 3 - 4GB - 320GB - Webcam - 14inch Murah bekas berkualitas,Rp1.799.000,4.0,2 Terjual,Jakarta Barat,Laptop,Hp,Bekas,Shopee
LAPTOP HP PROBOOK 430 G7 I3 I5 I7 GENERASI 10 LAYAR 13 INCH SECOND BERKUALITAS HARGA MURAH,Rp2.944.000,,,Jakarta Barat,Laptop,Hp,Bekas,Shopee
Laptop HP 14s DK1122AU Second,Rp3.500.000,,,,Laptop,Hp,Bekas,Shopee
Laptop HP ELITEBOOK 840 G3 Core i5 6200U RAM 8GB SSD 256GB Second Original Murah,Rp3.000.000,5.0,1 Terjual,Bandung,Laptop,Hp,Bekas,Shopee
HP 14 Celeron N3060 Tanpa Ram/HDD Kondisi Minus Keyboard dan Baterai,Rp400.000,,,,Laptop,Hp,Bekas,Shopee
"LAPTOP HP ELITEBOOK 820 G4 CORE I7,7600U 2.8GHZ RAM 8GB SSD 512GB SECOND ORIGINAL",Rp1.584.211,5.0,11 Terjual,Jakarta Pusat,Laptop,Hp,Bekas,Shopee
Laptop Second Bekas Hp Hp-14 n015Tu Ram 6 Gb Hardisk 160 Gb Intel Core I3 Surabaya Rungkut,Rp1.400.000,,,Surabaya,Laptop,Hp,Bekas,Shopee
Laptop HP Elite x2 1012 1013 G2 Core i5 Gen 7 RAM 8GB SSD 256GB – Laptop Second Murah Bergaransi,Rp3.662.401,,,Jakarta Pusat,Laptop,Hp,Bekas,Shopee
LAPTOP notebook second murah hp slim 10 inch slim murah normal siap PAKAI & zoom windows 10 garansi,Rp715.000,4.7,82 Terjual,Jakarta Barat,Laptop,Hp,Bekas,Shopee
Laptop HP Pavilion Sleekbook Intel N887 RAM 4 SSD 256GB Second,Rp2.150.000,,,Surabaya,Laptop,Hp,Bekas,Shopee
Laptop Hp Elitebook 820 G3 Ram 16Gb Ssd 512Gb Normal Siap Pakai - Laptop Murah - Laptop Malang,Rp2.860.000,,,Malang,Laptop,Hp,Bekas,Shopee
Laptop merk HP I Core3 Second (Hanya indikator nyala),Rp615.000,,,,Laptop,Hp,Bekas,Shopee
Laptop HP Ram 8 SSD 256gb second siap pakai,Rp2.800.000,,,,Laptop,Hp,Bekas,Shopee
Laptop HP 15-bs0xx Core I5 7200U RAM 8GB SSD 256GB DUAL VGA Intel UHD Graphics 620 + Radeon 520 2GB LAPTOP BEKAS LAPTOP SECOND,Rp3.250.000,,,Surabaya,Laptop,Hp,Bekas,Shopee
MURAH Laptop HP 15-bw amd A10 gen 7 ram 8 SSD - Laptop bekas - laptop second,Rp1.900.000,,,Malang,Laptop,Hp,Bekas,Shopee
Laptop HP ELITEBOOK 840 Core i5 gen 8 Ram 8/256GB | Laptop Second Mulus Bergaransi | Grade A Kuliah/ Kerja/ Sekolah/ Harian,Rp3.764.000,,,Bandung,Laptop,Hp,Bekas,Shopee
"HP PROBOOK 430 G8, Core i3 Gen 11, Ram 8/256GB - Second Murah & Bergaransi",Rp3.900.000,5.0,18 Terjual,Jakarta Pusat,Laptop,Hp,Bekas,Shopee
LAPTOP HP 15-FD0XXX N200 4GB SSD 128GB 14 INCH SECOND BERGARANSI,Rp3.299.000,,,Jakarta Barat,Laptop,Hp,Bekas,Shopee
notebook HP second siap pakai normal,Rp3.050.000,,1 Terjual,Jakarta Pusat,Laptop,Hp,Bekas,Shopee
Laptop second murah HP 14s-DK0115AU AMD Atlon 300U RAM 8GB/SSD 256GB/HDD 1TB Radeon vega 3 14”FHDIPS,Rp2.600.000,,,,Laptop,Hp,Bekas,Shopee
LAPTOP HP CHROMEBOOK N200 4GB SSD 128GB 12 INCH SECOND BERGARANSI RESMI,Rp3.499.000,,,Jakarta Barat,Laptop,Hp,Bekas,Shopee
LAPTOP HP CHROMRBOOK 11 G8 SECOND SIAP PAKAI,Rp1.100.000,,,Surabaya,Laptop,Hp,Bekas,Shopee
"HP 14-DQ2053CL i3-1125G4 RAM 12GB SSD 512GB 14"" FHD | Laptop Second Normal Minus WS Layar",Rp2.800.000,,,Jakarta Barat,Laptop,Hp,Bekas,Shopee
"LEPTOP HP 14S SECOND LIKE NEW!, FREEE PRINTER!",Rp3.600.000,,,Jakarta Selatan,Laptop,Hp,Bekas,Shopee
Laptop HP AMD Athlon 3050U RAM 8 SSD 256GB Second,Rp3.750.000,,,Surabaya,Laptop,Hp,Bekas,Shopee
"LAPTOP SECOND,Notebook HP Pavilion 11 X360, Celeron-N2840, Purple",Rp1.000.000,,,Jakarta Barat,Laptop,Hp,Bekas,Shopee
LAPTOP HP 240 G6 NOTEBOOK PC CORE i3 i5 7 TH GEN 6006U 7200U 4GB 8GB 512GB SSD 256GB 14 INCH SECOND,Rp1.849.000,,,Jakarta Barat,Laptop,Hp,Bekas,Shopee
HP PROBOOK 445 G8 AMD RYZEN 5 5600U SECOND GRADE A,Rp4.982.000,5.0,11 Terjual,,Laptop,Hp,Bekas,Shopee
Laptop Hp probook 640 G4 i5 gen 8 Ram 8gb ssd 256 second bergaransi,Rp2.950.000,,1 Terjual,Jakarta Pusat,Laptop,Hp,Bekas,Shopee
Laptop HP Elitebook 840 G7 Intel Core i5-10310U RAM 16GB SSD 256GB FHD 14inch Notebook Second Seken,Rp5.400.000,,,Semarang,Laptop,Hp,Bekas,Shopee
Second HP Elite 830 G6 Core i5 Ram 8Gb SSD 256Gb Touchscreen,Rp4.219.000,,,Jakarta Timur,Laptop,Hp,Bekas,Shopee
Laptop HP 245-G7 AMD Ryzen 5-2500U RAM 8GB SSD 256GB Windows 11 Second Premium pilihan terbaik,Rp4.000.000,,,Jakarta Timur,Laptop,Hp,Bekas,Shopee
"Laptop Leptop Hp 15-ef21 Amd ryzen 5-5500u Ram 8 gb Ssd 512 gb 512 gb 15,6 inc laptop leptop second bekas hp Hp 15-ef2126wm Amd ryzen 5-5500u Ram 8 gb Ssd 512 gb 512 gb",Rp4.700.000,,,Jakarta Timur,Laptop,Hp,Bekas,Shopee
Laptop HP X2 210 G2 Touchscreen Intel Atom 4/64GB Second Original,Rp1.500.000,5.0,1 Terjual,Bandung,Laptop,Hp,Bekas,Shopee
LAPTOP HP 14-BS751TU SECOND | INTEL CELERON N3060 | RAM 4GB | SSD 256GB | NORMAL | BERGARANSI,Rp2.600.000,,,,Laptop,Hp,Bekas,Shopee
LAPTOP HP 245 8G NOTEBOOK PC AMD RYZEN 3 5300U 8GB SSD 256GB 14 INCH SECOND MULUS BERGARANSI,Rp3.749.000,,,Jakarta Barat,Laptop,Hp,Bekas,Shopee
LAPTOP HP STREAM 14-CB 1XXX CELERON N4000 4GB 14INCH SECOND BERGARANSI,Rp1.749.000,,,Jakarta Barat,Laptop,Hp,Bekas,Shopee
HP Probook 11 G2 Touchscreen Second,Rp2.000.000,,,Jakarta Timur,Laptop,Hp,Bekas,Shopee
HP 450 G2 G3 I5 G 2|3 8GB 256GB SSD 15 inch SECOND Murah,Rp2.550.000,5.0,1 Terjual,Surabaya,Laptop,Hp,Bekas,Shopee
Laptop HP 245 G8 Athlon 3050U- HP Elitebook 840-G5 - Second Bekas,Rp4.000.000,5.0,1 Terjual,Jakarta Pusat,Laptop,Hp,Bekas,Shopee
LAPTOP HP CHROMEBOOK CELERON N4020 N4120 4GB 12INCH SECOND BERGARANSI,Rp949.000,,2 Terjual,Jakarta Barat,Laptop,Hp,Bekas,Shopee
Laptop Hp Elite Book 830 G7 CI7 10510u 1.8ghz Ram 8gb Ssd 256gb | Ram 8gb Ssd 512gb Second Original,Rp4.600.000,,,Jakarta Pusat,Laptop,Hp,Bekas,Shopee
Laptop HP Elitebook 840 G5 Core i7 Gen 8 Ram 32GB SSD 1TB Touchscreen Second Bergaransi Elegant,Rp4.023.000,5.0,13 Terjual,Jakarta Utara,Laptop,Hp,Bekas,Shopee
"LAPTOP HP PROBOOK 440 G5 CORE I5,8250U 1.6GHZ RAM 8GB SSD 256GB SECOND ORIGINAL",Rp3.039.474,,,Jakarta Pusat,Laptop,Hp,Bekas,Shopee
LAPTOP HP MODEL 14S CF1051TU INTEL CELERON N4205U RAM 4G SSD 512 GB SECOND BERGARANSI,Rp2.615.000,,,,Laptop,Hp,Bekas,Shopee
Laptop HP 240 G4 Second | CORE I3-5005U | RAM 8GB | SSD 256GB | Siap Pakai!,Rp2.500.000,,,Medan,Laptop,Hp,Bekas,Shopee
"Laptop Leptop Second bekas BAGUS Hp probook 430 G6 Core i5-8265U Ram 8gb Ssd 512gb Display 13,3 inc Siap Pakai SANGAT CEPAT,KENCANG,TIDAK LEMOT,MULUS SIAP PAKAI",Rp4.130.000,5.0,3 Terjual,Jakarta Timur,Laptop,Hp,Bekas,Shopee
Laptop HP Elitebook 830 G5 Core i7 Gen 8 Ram 8GB SSD 256GB Second Bergaransi,Rp3.880.000,,,Jakarta Pusat,Laptop,Hp,Bekas,Shopee
"Laptop Second!!Laptop HP Omen 15 - 5117TX, core i7 - 4720HQ, Ram 8/256gb, #VGA Nvidia GeForce GTX 960M 4Gb, #TOUCHSCREEN, #Backlight, Lengkap, Black",Rp5.350.000,,,Jakarta Barat,Laptop,Hp,Bekas,Shopee
LAPTOP HP PROBOOK 430 G8 SLIM 11TH GEN INTEL CORE I5 SSD 256GB RAM 8GB BACKLIGHT SECOND,Rp4.891.000,,,Bandung,Laptop,Hp,Bekas,Shopee
NOTEBOOK SECOND HP Mini 110-3555TU SIAP PAKAI BAGUS MULUS,Rp1.500.000,,,Jakarta Timur,Laptop,Hp,Bekas,Shopee
laptop second hp 245 g6 intel i5-7200U RAM 8 GB SSD 128 GB HDD 500 GB Radeon 530 14”Display,Rp2.850.000,,,,Laptop,Hp,Bekas,Shopee
HP Probook 445 G7 Amd Ryzen 7 4700U With Radeon Graphics Ram 16GB SSD 256GB Second Mulus Original,Rp5.020.000,,,Jakarta Pusat,Laptop,Hp,Bekas,Shopee
"LAPTOP SECOND,Laptop HP Pavilion 14-al104ne, Core i5-7200U, Gen 7th, ###DoubleVga, Ram 8 GB / 512GB, #Backlight, #IPS, Editing, Gaming Ngebut, Slim, Lengkap, Silver",Rp3.150.000,,,Jakarta Barat,Laptop,Hp,Bekas,Shopee
LAPTOP notebook second murah hp slim 10 inch mulus normal semua siap PAKAI & zoom baterai awet garansi windows 10,Rp880.000,5.0,3 Terjual,Semarang,Laptop,Hp,Bekas,Shopee
Laptop HP Notebook Intel N3060 RAM 4 SSD 256GB Second,Rp2.350.000,,,Surabaya,Laptop,Hp,Bekas,Shopee
HP14s-CF1047TU second,Rp2.800.000,,,Malang,Laptop,Hp,Bekas,Shopee
LAPTOP SECOND Laptop Bekas HP PROBOOK 440 G9 i5-1235U Win11 PRO,Rp5.985.000,5.0,4 Terjual,Jakarta Pusat,Laptop,Hp,Bekas,Shopee
LAPTOP HP PROBOOK 440 G7 I5 GEN 10 RAM 8 SSD 256GB UPGRADABLE LAPTOP MURAH SECOND GRADE A,Rp4.099.999,,,Bandung,Laptop,Hp,Bekas,Shopee
Laptop HP 245-G7 AMD Ryzen 5-2500U RAM 8GB SSD 256GB Windows 11 Second Premium pilihan terbaik,Rp3.900.000,,,Jakarta Timur,Laptop,Hp,Bekas,Shopee
Laptop Hp 14s Core i3 Gen 12 Ram 8Gb ssd 512Gb second like new 100% mulus,Rp4.750.000,,,,Laptop,Hp,Bekas,Shopee
Laptop hp elite pok 820 g3 ci7 Second murah bergaransi,Rp2.250.000,5.0,1 Terjual,Jakarta Pusat,Laptop,Hp,Bekas,Shopee
HP 240 G8 (SECOND) Intel Core i3-1115G4,Rp3.500.000,,,Medan,Laptop,Hp,Bekas,Shopee
Hp 14s CF2501TX Intel Core i5–10210U RAM 8GB DDR4 SSD 512GB Second,Rp5.500.000,,,,Laptop,Hp,Bekas,Shopee
LAPTOP HP 14BS-747TU SECOND | AMD A4-9120 | RAM 4GB | SSD 256GB | 14 INCH | NORMAL | BERGARANSI,Rp2.520.000,,,,Laptop,Hp,Bekas,Shopee
Laptop HP Elitebook 840 G2 Core i5 Gen 5 Ram 8 Ssd 256 Second Mulus Original,Rp2.300.000,,,Bandung,Laptop,Hp,Bekas,Shopee
Laptop second HP ELITEBOOK 840 G6 intel core i5-8365U RAM 8GB SSD 256GB intel UHD 14”FHDIPS Mulus,Rp3.600.000,,,,Laptop,Hp,Bekas,Shopee
"JUAL Laptop HP 14s-dk0073AU,LAPTOP MURAH,LAPTOP SECOND",Rp3.100.000,,,Kab. Malang,Laptop,Hp,Bekas,Shopee
Laptop Second HP ELITEBOOK 745 G5 Amd Ryzen 5 Pro 2500u Ram 8GB/Ssd 256GB Mulus,Rp3.350.000,,,Bandung,Laptop,Hp,Bekas,Shopee
LAPTOP HP Compaq Presario CQ40 (SECOND),Rp1.799.000,,,Jakarta Timur,Laptop,Hp,Bekas,Shopee
HP Probook 630 G8 touchscreen Laptop Second Core i5 gen 11 8GB 256GB SSD 13.3 Inch,Rp4.750.000,,,Jakarta Pusat,Laptop,Hp,Bekas,Shopee
Laptop HP 14s-dk1123AU AMD Athlon Gold 3150U ram 4GB SSD 512GB MULUS 2nd,Rp3.499.000,,,Bandung,Laptop,Hp,Bekas,Shopee
HP X2 210 G2 (10 Inch) || 4/64gb Second,Rp1.855.000,5.0,1 Terjual,Bogor,Laptop,Hp,Bekas,Shopee
Obral Laptop Second Murah Hp Pavilion Sleekbook 14 Intel Celeron,Rp1.800.000,,,Tangerang,Laptop,Hp,Bekas,Shopee
"LAPTOP LENOVO THINKPAD L380 L390 X380 X390 INTEL CORE I5 I7 Generasi 8 LAYAR 13"" SECOND MURAH BERKUALITAS -FREE GIFT",Rp3.000.000,4.9,66 Terjual,Jakarta Utara,Laptop,Hp,Bekas,Shopee
LAPTOP / TABLET LENOVO THINKPAD YOGA 11E SERIES RAM 8GB/256GB SSD - 4GB / 128GB - Bonus Mouse & Tas,Rp2.000.000,4.8,38 Terjual,Jakarta Barat,Laptop,Hp,Bekas,Shopee
"LAPTOP MURAH DELL 5470 5480 5490 CORE I3 I5 I7 GEN 8 LAYAR 14 INCH MULUS, BAGUS DAN BERKUALITAS",Rp2.700.000,4.9,50 Terjual,Jakarta Utara,Laptop,Hp,Bekas,Shopee
LAPTOP LENOVO THINKPAD T450 T450S L450 CORE I5/I7 GEN 5 14 INCH - MULUS MURAH BERGARANSI,Rp1.900.000,4.9,76 Terjual,Jakarta Utara,Laptop,Hp,Bekas,Shopee
Laptop second murah mulus hp 14 inch core i5 gen2 ram 8gb normal semua siap pakai & zoom baterai awet garansi windows 10,Rp1.300.000,,,Semarang,Laptop,Hp,Bekas,Shopee
Laptop HP 240 G6 Second | CORE I7-7500U | RAM 8GB DDR4 | SSD 256GB | Siap Pakai!,Rp3.500.000,,,Medan,Laptop,Hp,Bekas,Shopee
HP ZBOOK STUDIO G7 I7-10850H / 32GB RAM / SSD 256GB / NVIDIA QUADRO T1000 with max-Q design,Rp9.000.000,,,Bogor,Laptop,Hp,Bekas,Shopee
"DELL LATITUDE 5480 Core i5-6200U 8GB 128SSD 14"" HD Win11 Pro",Rp2.590.000,5.0,12 Terjual,Malang,Laptop,Hp,Bekas,Shopee
laptop notebook bekas hp probook 6460b intel core i5,Rp1.000.000,,,Jakarta Barat,Laptop,Hp,Bekas,Shopee
Laptop Merk HP Notebook - 14-bs001tu Bekas Masih Normal,Rp1.299.000,,,,Laptop,Hp,Bekas,Shopee
"LAPTOP LENOVO THINKPAD E470 L470 T470 T470S CORE I5/I7 GEN 7 - LAYAR 14 INCH + BONUS!!! TAS,MOUSE,MOUSE PAD PALING MURAH PALING MULUS WORT IT TO BUY",Rp2.400.000,4.9,79 Terjual,Jakarta Utara,Laptop,Hp,Bekas,Shopee
Lenovo Thinkpad X1 Carbon i5 / i7 Gen 4/5/6/7/8 | 8GB - 16GB | SSD 512GB | Mulus / Second / Original / Berkualitas / Bergaransi,Rp3.800.000,4.9,300 Terjual,Jakarta Pusat,Laptop,Hp,Bekas,Shopee
Laptop second hp compaq 14 inch ram 4GB MURAH mulus normal semua SIAP PAKAI & zoom baterai baru dvd garansi windows 10,Rp990.000,,,Semarang,Laptop,Hp,Bekas,Shopee
Acer Aspire Lite AL15-32p-C8T3 with Intel N4500 and 15.6inch FHD IPS,Rp6.168.000,5.0,4 Terjual,Jakarta Pusat,Laptop,Acer,Baru,Shopee
LAPTOP LEPTOP ACER 14INCH GENERASI TERBARU,Rp1.850.000,4.4,58 Terjual,Jakarta Timur,Laptop,Acer,Baru,Shopee
"Acer Chromebook 311, (Touchscreen), Super Slim, Ringan, Mulus, Like New, Seri Baru, Lengkap",Rp1.800.000,5.0,6 Terjual,Jakarta Barat,Laptop,Acer,Baru,Shopee
"Laptop Acer Aspire Core i3 RAM 8GB/1TB WINDOWS 10 +BONUS TAS,MOUSE",Rp2.035.000,4.2,32 Terjual,Jakarta Barat,Laptop,Acer,Baru,Shopee
Laptop Acer Series Core i7 / i5 / i3 | AMD Ryzen,Rp2.900.000,4.8,32 Terjual,Jakarta Timur,Laptop,Acer,Baru,Shopee
"ACER ASPIRE 3 A314-35 INTEL CELERON N5100 | 8GB RAM 512GB SSD | 14 INCH WINDOWS 11 + OFFICE - BONUS TAS LAPTOP, MOUSE, MOUSE PAD",Rp3.749.000,4.8,68 Terjual,Jakarta Barat,Laptop,Acer,Baru,Shopee
"ACER A314 INTEL N4000 / 8GB RAM / 512GB SSD / 14"" / WIN 10 / GRATIS ONGKIR / ACER A314-32 4GB 1TB",Rp2.300.000,4.8,67 Terjual,Jakarta Barat,Laptop,Acer,Baru,Shopee
"Laptop Acer Aspire 5 A514, Intel Core i3-7020U, Gen 7Th, Ram 4/1Tb, UHD Graphics 620, Super Slim, Lengkap, Like New, Silver",Rp2.550.000,5.0,2 Terjual,Jakarta Barat,Laptop,Acer,Baru,Shopee
Notebook Acer Es1-131 / Es1-132 | Intel Celeron | Ram 4GB | HDD 500GB | BERGARANSI,Rp1.500.000,4.5,147 Terjual,Jakarta Barat,Laptop,Acer,Baru,Shopee
LAPTOP ACER INTEL CORE i3 / RAM 8GB / SSD 512GB / 14 INCH / WIN10 / 4GB 256GB,Rp2.700.000,5.0,51 Terjual,Jakarta Barat,Laptop,Acer,Baru,Shopee
Chromebook acer Spin 13 / intel core i7-8th / intel core i5-8th / chrome book / chormebook / acer chromebook,Rp2.200.000,4.9,50 Terjual,Jakarta Pusat,Laptop,Acer,Baru,Shopee
Laptop Acer aspire V5-471 series Windows 10 pro 64-bit Processor Intel core i3-3217U 1.8GHz Ram 6 gb Penyimpanan 500gb hdd & 320 GB hdd Display Intel HD Graphics 4000 UK 13 inch Touchscreen,Rp1.499.000,4.0,4 Terjual,Tangerang,Laptop,Acer,Baru,Shopee
Laptop Acer Travelmate P449 intel core i5 gen 8 Ram 8GB SSD 256 GB UHD GRAFIS Backlight fingerprint - siap pakai,Rp2.899.000,4.1,36 Terjual,Jakarta Pusat,Laptop,Acer,Baru,Shopee
Laptop Acer ES1-432 | Intel Celeron N3350 | RAM 8GB SSD 256GB | BERGARANSI,Rp1.600.000,4.8,134 Terjual,Jakarta Barat,Laptop,Acer,Baru,Shopee
ACER ASPIRE 3 A314-41 AMD A9-9420E | RAM 8GB SSD 512GB | 14 INCH WINDOWS 10 + OFFICE,Rp2.374.000,4.8,66 Terjual,Jakarta Barat,Laptop,Acer,Baru,Shopee
"ACER ASPIRE A314 AMD A9-9420E / RAM 8GB / SSD 512GB / 14""INCH / WIN11 / 4GB 256GB",Rp2.500.000,4.6,34 Terjual,Jakarta Barat,Laptop,Acer,Baru,Shopee
LAPTOP ACER INTEL CORE i5 RAM 8GB SSD 512GB 14 INCH HD Windows 10,Rp3.402.000,5.0,14 Terjual,Jakarta Barat,Laptop,Acer,Baru,Shopee
ACER ASPIRE 3 A314 | AMD A9-9420E | 8GB RAM | SSD 512GB | 14 INCH,Rp2.314.220,5.0,8 Terjual,Jakarta Barat,Laptop,Acer,Baru,Shopee
Laptop ACER Aspire Core i3 Ram 8GB/1TB Windows 10 // 14 inch [Free Mouse & Tas],Rp3.030.000,4.5,47 Terjual,Jakarta Barat,Laptop,Acer,Baru,Shopee
Laptop Acer aspire A314-33 series Windows 10 home single language 64-bit Processor Intel Celeron N4000 1.1GHz Ram 4 GB Penyimpanan 500 GB hdd Display Intel UHD Graphics 600 UK 13 inch,Rp1.699.000,,1 Terjual,Tangerang,Laptop,Acer,Baru,Shopee
LAPTOP ACER ASPIRE 3 SLIM RAM 4GB SSD 256GB WIN 10,Rp1.840.000,5.0,248 Terjual,Jakarta Barat,Laptop,Acer,Baru,Shopee
Laptop Acer Travelmate P249 I5 GEN 6 RAM 32GB SSD 1TB,Rp2.200.000,4.9,67 Terjual,Bandung,Laptop,Acer,Baru,Shopee
LAPTOP ACER INTEL /AMD RAM 8gb SSD 512gb FREE GIFT,Rp1.328.000,4.5,431 Terjual,Jakarta Barat,Laptop,Acer,Baru,Shopee
ACER ASPIRE 3 A314-32 | INTEL CELERON N4000 | 8GB RAM | SSD 512GB | 14 INCH,Rp2.214.200,4.9,161 Terjual,Jakarta Barat,Laptop,Acer,Baru,Shopee
LAPTOP LEPTOP ACER ASPIRE ES1-431 RAM 4GB SSD 128GB WINDOWS 10 Cocok Kuliah Sekolah Ujian Skripsi,Rp1.950.000,5.0,17 Terjual,Jakarta Timur,Laptop,Acer,Baru,Shopee
laptop acer v5 431 intel celeron 14inch ram 6gb hdd 320gb windows 10 intel hd graphics silver normal,Rp1.299.000,,,Tangerang,Laptop,Acer,Baru,Shopee
Acer A314-22 AMD Athlon E3020 ram 4 SSD 256,Rp1.900.000,,,,Laptop,Acer,Baru,Shopee
Laptop acer aspire v5-431 Windows 10 pro 64bit Processor Intel core i3-3227u 1.9ghz Ram 4gb Penyimpanan 500gn hdd Intel hd Graphics 4000 UK. 14inch normal no minus,Rp1.500.000,4.4,12 Terjual,Tangerang,Laptop,Acer,Baru,Shopee
"ACER ASPIRE 3 A314-22 AMD RYZEN 3-3250U | 12GB RAM 512GB SSD | 14 INCH WINDOWS 10/11 + OFFICE - BONUS TAS LAPTOP, MOUSE, MOUSEPAD",Rp4.524.000,4.7,21 Terjual,Jakarta Barat,Laptop,Acer,Baru,Shopee
NETBOOK ACER A311 CELERON RAM 4GB SSD 512GB 12INCH TERMASUK MOUSE,Rp1.750.000,,2 Terjual,Jakarta Barat,Laptop,Acer,Baru,Shopee
ACER ASPIRE 3 A314-22 | AMD ATHLON 3050U / 3020E | 8GB RAM | SSD 512GB | 14 INCH,Rp4.124.000,5.0,84 Terjual,Jakarta Barat,Laptop,Acer,Baru,Shopee
LAPTOP ACER ASPIRE 1 A114-32 INTEL CELERON N4000 4GB RAM 64GB Windows 10,Rp1.360.000,,,Jakarta Barat,Laptop,Acer,Baru,Shopee
Laptop Acer ES1-432 Celeron-N3350 Ram 4/500GB BERGARANSI RED,Rp1.900.000,5.0,17 Terjual,Jakarta Barat,Laptop,Acer,Baru,Shopee
Leptop Laptop Acer RAM 4GB SSD 128GB Generasi baru sangat mulus,Rp1.850.000,4.6,55 Terjual,Jakarta Timur,Laptop,Acer,Baru,Shopee
READY STOK!!! Laptop ACER Aspire Core i3 Ram 8GB/1TB Windows 10 14 inch // FREE TAS // FREE OFFICE,Rp3.450.000,4.5,53 Terjual,Jakarta Barat,Laptop,Acer,Baru,Shopee
LAPTOP ACER TERMURAH ASPIRE 14 INCI RAM 8GB SSD 256GB WIN10 [FREE TAS&MOUSE],Rp1.345.000,4.5,171 Terjual,Jakarta Barat,Laptop,Acer,Baru,Shopee
ACER ASPIRE A314 AMD 3020E 8GB RAM 512GB SSD 14 VGA RADEON Windows 11,Rp3.403.800,5.0,3 Terjual,Jakarta Barat,Laptop,Acer,Baru,Shopee
All Laptop Acer Travelmate Intel Core i5 / i7 RAM 8Gb SSD 512Gb Double VGA Bergaransi Original,Rp2.700.000,4.5,28 Terjual,Bandung,Laptop,Acer,Baru,Shopee
LAPTOP Acer Aspire Core i3 / RAM 4GB - 512 SSD/ WIN 10 / 14 INCH / DAPAT BONUS TAS DAN MOUSE,Rp2.650.000,5.0,2 Terjual,Jakarta Barat,Laptop,Acer,Baru,Shopee
NOTEBOOK ACER CELERON RAM 4GB // 512 SSD // WIN 10 // DAPAT BONUS TAS DAN MOUSE,Rp1.650.000,,,Jakarta Barat,Laptop,Acer,Baru,Shopee
Laptop Acer aspire V5-471 series Windows 10 pro 64-bit Processor Intel core i3-3217U 1.8GHz Ram 6 gb Penyimpanan 500gb hdd & 320 GB hdd Display Intel HD Graphics 4000 UK 13 inch Touchscreen,Rp1.549.000,5.0,2 Terjual,Tangerang,Laptop,Acer,Baru,Shopee
Notebook Acer 11 inchi intel celeron Ram 4GB Ssd 256GB FREE GIFT,Rp1.313.000,4.3,92 Terjual,Jakarta Barat,Laptop,Acer,Baru,Shopee
"LAPTOP ACER INTEL CORE i3 | RAM 8GB SSD 512GB | 14 INCH WINDOWS 10 + OFFICE - BONUS TAS LAPTOP, MOUSE, MOUSE PAD",Rp2.274.000,5.0,12 Terjual,Jakarta Barat,Laptop,Acer,Baru,Shopee
"ACER ASPIRE 3 A314 AMD Aseries RAM 8GB-SSD 512GB 14"" HD W 10 free BAG LAPTOP-MOUSE",Rp2.291.250,5.0,5 Terjual,Jakarta Barat,Laptop,Acer,Baru,Shopee
"ACER ASPIRE 3 A314-32 INTEL CELERON N4000 | RAM 8GB SSD 512GB | 14 INCH WINDOWS 10 + OFFICE - BONUS TAS LAPTOP, MOUSE, MOUSE PAD",Rp2.374.000,4.8,54 Terjual,Jakarta Barat,Laptop,Acer,Baru,Shopee
"ACER ASPIRE 3 SLIM A314 36M CORE I3 N305 8GB RAM 512GB SSD 14"" FHD Windows11",Rp4.590.000,5.0,8 Terjual,Jakarta Barat,Laptop,Acer,Baru,Shopee
Notebook Acer Aspire V5-321,Rp1.500.000,,,Jakarta Barat,Laptop,Acer,Baru,Shopee
Acer travelmate P214-52 i5 gen 10 ram 8gb ssd 256gb,Rp2.150.000,5.0,32 Terjual,Bandung,Laptop,Acer,Baru,Shopee
Notebook Acer 11.6 inci RAM 4GB Windows 10,Rp1.345.000,4.7,56 Terjual,Jakarta Barat,Laptop,Acer,Baru,Shopee
laptop acer e5 411 intel core i3 ram 8gb ssd 128gb putih,Rp1.700.000,,,Tangerang,Laptop,Acer,Baru,Shopee
Laptop ACER ASPIRE S7 MS2364 processor i7,Rp1.500.000,,,Jakarta Selatan,Laptop,Acer,Baru,Shopee
TERMURAH LAPTOP ACER ASPIRE 14 INCH RAM 8GB [FREE TAS & MOUSE],Rp1.321.000,5.0,9 Terjual,Jakarta Barat,Laptop,Acer,Baru,Shopee
ACER ASPIRE 3 A314-22 AMD ATHLON SILVER 3050U RAM 8GB SSD 512GB 14 INCH Windows 11,Rp3.795.000,4.9,18 Terjual,Jakarta Barat,Laptop,Acer,Baru,Shopee
LAPTOP ACER E1 471 CORE I3 RAM 4GB,Rp1.260.000,4.6,13 Terjual,Jakarta Barat,Laptop,Acer,Baru,Shopee
Laptop Acer aspire 4349 series Windows 10 pro 64-bit Processor Intel core i5-2520M 2.5GHz Ram 4 GB Penyimpanan 320gb hdd & 256gb ssd Display Intel HD Graphics 3000 UK 14 inch,Rp1.699.000,,,Tangerang,Laptop,Acer,Baru,Shopee
Laptop Acer aspire E1-422 series Windows 8 pro 32-bit Processor AMD E1-2500 1.4 GHz Ram 2 gb Penyimpanan 500 GB hdd Display AMD Radeon hd 8200/R3 series uk 13 inch,Rp1.349.000,,,Tangerang,Laptop,Acer,Baru,Shopee
Laptop acer aspire E14 E5-476-386Q Windows 11 pro 64bit Intel core i3-7020U 2.3Ghz 4gb ram 128gb ssd Inormal bergaransi,Rp1.899.000,4.7,7 Terjual,Tangerang,Laptop,Acer,Baru,Shopee
"Acer Chromebook C738T, (Touchscreen), (OS Chrome), #Flip, Bisa Jadi Tab, Super Slim, Ringan, Seri Baru, Mulus, Lengkap, Black",Rp1.800.000,5.0,3 Terjual,Jakarta Barat,Laptop,Acer,Baru,Shopee
Laptop Acer One Z1402 Intel Celeron 2957U Ram 16Gb SSD 512Gb WIN10,Rp1.250.000,4.9,29 Terjual,Malang,Laptop,Acer,Baru,Shopee
LAPTOP ACER INTEL CELERON/AMD RAM 8GB / SSD 256 WIN 10,Rp1.345.000,4.6,12 Terjual,Jakarta Barat,Laptop,Acer,Baru,Shopee
laptop acer aspire e14 E5-471 intel core i3,Rp1.600.000,,2 Terjual,Tangerang,Laptop,Acer,Baru,Shopee
Acer aspire 3 amd a9 hdd 1tera,Rp350.000,4.8,33 Terjual,Kab. Bekasi,Laptop,Acer,Baru,Shopee
"Laptop Acer Aspire 3 A314, Amd A4-9120e, Gen 7Th, Ram 4Gb / 1Tb, Vga Amd Radeon R3 Graphics, Gaming, Editing Super Ngebut, Seri Baru, Slim, Like New, Lengkap, Black",Rp2.300.000,4.7,9 Terjual,Jakarta Barat,Laptop,Acer,Baru,Shopee
Laptop acer A315-53-C4DS RAM 4GB HDD 1TB INTEL CELERON 3867U NO MINUS DAN MURAH 15INCH,Rp1.599.000,5.0,7 Terjual,Tangerang,Laptop,Acer,Baru,Shopee
ACER ASPIRE A114-32 | INTEL CELERON N4000 | 4GB RAM | eMMC 64GB | 14 INCH,Rp1.869.150,,1 Terjual,Jakarta Barat,Laptop,Acer,Baru,Shopee
laptop Acer 14inch ES14-431C0IG Intel Celeron n3050 2gb ram 500gb hdd,Rp1.450.000,5.0,2 Terjual,Tangerang,Laptop,Acer,Baru,Shopee
Laptop Acer Aspire Lite AL15-32P-C8T3 Celeron N4500 RAM 8GB SSD 512GB NVMe 15.6” FHD IPS - Iron Grey - Laptop Pelajar Murah,Rp6.160.600,5.0,25 Terjual,Surabaya,Laptop,Acer,Baru,Shopee
Laptop Acer TravelMate Core i5 8250U Tanpa Ram/HDD,Rp1.500.000,5.0,8 Terjual,,Laptop,Acer,Baru,Shopee
"ACER ASPIRE 3 A314-21 AMD A4-9120E | 8GB RAM 512GB SSD | 14 INCH WINDOWS 10 + OFFICE - BONUS TAS LAPTOP, MOUSE, MOUSE PAD",Rp2.274.000,5.0,21 Terjual,Jakarta Barat,Laptop,Acer,Baru,Shopee
laptop acer aspire 3 amd a9,Rp1.000.000,4.8,26 Terjual,Kab. Bekasi,Laptop,Acer,Baru,Shopee
laptop acer aspire es14 hitam 14inch mantap,Rp1.399.000,,3 Terjual,Tangerang,Laptop,Acer,Baru,Shopee
Notebook Acer Aspire ES1 Intel Celeron 11.6 inci RAM 4GB SSD 240GB,Rp1.345.000,4.8,85 Terjual,Jakarta Barat,Laptop,Acer,Baru,Shopee
"LAPTOP ACER INTEL CELERON - RAM 4GB/ HDD 1TB - Windows 10 ""FREE TAS / MOUSE""",Rp1.323.000,4.8,56 Terjual,Jakarta Barat,Laptop,Acer,Baru,Shopee
Laptop Acer Aspire Lite 14 AL14 -36P.C27D Intel N4500 - Ram 8GB 512GB SSD Windows 11 Home + Office 14.0FHD IPS,Rp6.005.000,,,Jakarta Utara,Laptop,Acer,Baru,Shopee
Laptop Acer V5-431 series biru Windows 7 home premium 64- bit Processor Intel Celeron CPU 889 1.5 GHz Ram 2 gb Penyimpanan 500 GB hdd Display Intel HD Graphics UK 13 inch,Rp1.099.000,,,Tangerang,Laptop,Acer,Baru,Shopee
"READY STOCK Laptop Acer Aspire 3 A314-35, Intel Celeron-N5100, Ram 8Gb / 256 Ssd, UHd Graphics, Seri Baru, Slim, Lengkap, Silver",Rp3.250.000,,,Jakarta Barat,Laptop,Acer,Baru,Shopee
"Laptop ACER INTEL /AMD RAM 8GB/1 TB/SSD 256GB Windows 10 ""FREE MOUSE / TAS slim tipis kuliah kerja pelajar mahasiswa",Rp1.670.000,5.0,202 Terjual,Malang,Laptop,Acer,Baru,Shopee
"ACER LAPTOP ASPIRE LITE AL15-31P-C3W5 15.6"" FHD IPS INTEL N4500 RAM 8GB STORAGE 512GB SSD INTEL UHD GRAPHIC W11",Rp6.172.377,5.0,13 Terjual,Surabaya,Laptop,Acer,Baru,Shopee
Laptop Acer Chromebook 514/Intel Celeron N3450 Procecor 1.1Ghz / Ram 4GB/ Ssd 32GB SSD,Rp1.300.000,5.0,1 Terjual,Jakarta Pusat,Laptop,Acer,Baru,Shopee
Laptop Acer E5-471 Core i3-4005U Ram 4/500Gb READYJKT BERGARANSI,Rp1.900.000,,,Jakarta Barat,Laptop,Acer,Baru,Shopee
Laptop Acer Aspire 4752 series intel core i3 DDR3,Rp400.000,4.5,2 Terjual,,Laptop,Acer,Baru,Shopee
"ACER Aspire Lite 14 AL14-31P Intel N100 8GB RAM 256GB SSD 14"" IPS WUXGA Windows 11",Rp4.875.000,4.2,7 Terjual,Jakarta Barat,Laptop,Acer,Baru,Shopee
Acer Chromebook 311 (Touchscreen) Celeron-N4020 Ram 4/32Gb BERGARANSI BISA CICILAN,Rp2.100.000,2.0,1 Terjual,Jakarta Barat,Laptop,Acer,Baru,Shopee
"Acer Laptop Aspire Lite 14 AL14 14"" Inch Intel N150 RAM 8GB Storage 256GB SSD Intel Graphics Windows 11 + Office",Rp6.340.000,4.9,2RB+ Terjual,Jakarta Utara,Laptop,Acer,Baru,Shopee
"LAPTOP ACER ASPIRE LITE AL14 INTEL N150 8GB 512GB / 256GB 14"" WUXGA WIN 11 OHS ORIGINAL",Rp6.800.000,5.0,45 Terjual,,Laptop,Acer,Baru,Shopee
laptop acer aspire v5-471 intel core i3 2gb ram 14inch 320gb hdd silver,Rp1.499.000,5.0,3 Terjual,Tangerang,Laptop,Acer,Baru,Shopee
"ACER ASPIRE 3 A314 AMD A4-9120E RAM 8GB SSD 512GB 14"" HD Windows 10",Rp2.420.000,5.0,2 Terjual,Jakarta Barat,Laptop,Acer,Baru,Shopee
"ACER ONE 14 Z2-493 RYZEN 5-3500U RAM 16GB SSD SSD 512GB VGA AMD RADEON VEGA 8 14"" HD FREE INSTALL",Rp5.719.000,5.0,122 Terjual,Surabaya,Laptop,Acer,Baru,Shopee
Acer Aspire ES1-432 Intel Celeron N3350 RAM 6GB SSD 240GB kdr,Rp1.498.500,,,,Laptop,Acer,Baru,Shopee
Laptop Acer Aspire E1-470 Intel Core i3-3217U Ram16GB SSD1TB,Rp1.300.000,5.0,1 Terjual,Malang,Laptop,Acer,Baru,Shopee
Laptop Acer Aspire ES1-132 Intel Celeron N3350 Ram 4Gb Ssd 512Gb Black Bergaransi Windows 11 Siap Pakai,Rp1.100.000,5.0,4 Terjual,Malang,Laptop,Acer,Baru,Shopee
Laptop Acer Aspire S3 Intel Core i5 - 2467M (4 CPUs) / RAM 4GB,Rp1.900.000,,,,Laptop,Acer,Baru,Shopee
"LAPTOP ACER LITE AL15-32P INTEL N4500 RAM 8GB SSD 256GB LAYAR 15,6"" WINDOWS (GARANSI TOKO 1 TH)",Rp5.595.000,,1 Terjual,,Laptop,Acer,Baru,Shopee
laptop gaming acer e5-475 intel core i5 gen7 7200 4gb ram 500gb,Rp2.599.000,5.0,1 Terjual,Tangerang,Laptop,Acer,Baru,Shopee
"LAPTOP / NOTEBOOK ACER 11"" RAM 4GB / HDD 500GB / WINDOWS 10",Rp1.320.000,4.5,104 Terjual,Jakarta Barat,Laptop,Acer,Baru,Shopee
{PROMO} Laptop acer travelmate p214 Ram 8 ssd 256/512 gb intel core i5 gen 10 mulus,Rp3.300.000,4.8,75 Terjual,Jakarta Pusat,Laptop,Acer,Baru,Shopee
Laptop Acer Aspire Core i5-7200U Gen 7th Double Vga Windows / Free Office / Free Tas+Mouse,Rp3.350.000,4.7,25 Terjual,Jakarta Barat,Laptop,Acer,Baru,Shopee
ACER TRAVELMATE P214-53 | INTEL CORE i5-1135G7 | 16GB RAM | SSD 512GB | 14 INCH,Rp5.524.250,5.0,5 Terjual,Jakarta Barat,Laptop,Acer,Baru,Shopee
Laptop Acer One 14 Z1402-C1RU Intel Celeron Haswell DDR3,Rp450.000,5.0,1 Terjual,,Laptop,Acer,Baru,Shopee
Laptop Acer e5-473 ram 10gb intel core i3-5005u 128gb ssd 320gb hdd MURAH,Rp1.899.000,3.8,5 Terjual,Tangerang,Laptop,Acer,Baru,Shopee
laptop acer es1 432 intel celeron n3350 ram 2gb hdd 500gb windows 10 14inch hitam laptop kuliah murah kerja kampus sekolah,Rp1.499.000,5.0,10 Terjual,Tangerang,Laptop,Acer,Baru,Shopee
Laptop Acer Aspire AL14-31P N100 Ram 8Gb SSD256gb,Rp3.300.000,,,Malang,Laptop,Acer,Baru,Shopee
"ACER ASPIRE 3 A314-22 AMD 3020E | 8GB RAM 512GB SSD | 14 INCH WINDOWS 11 + OFFICE | BONUS TAS LAPTOP, MOUSE, MOUSEPAD",Rp3.049.000,,1 Terjual,Jakarta Barat,Laptop,Acer,Baru,Shopee
"Laptop Acer Aspire Lite AL15-32P-C8T3 Intel Celeron N4500 Ram 8Gb Ssd 512Gb Nvme 15.6"" Full Hd Ips - Iron Grey",Rp6.160.600,4.9,56 Terjual,Surabaya,Laptop,Acer,Baru,Shopee
Acer Aspire Lite 14 AL14 Core 3 N355 RAM 8GB 512GB SSD 14 inch IPS Windows 11 OHS,Rp7.563.000,5.0,57 Terjual,Jakarta Selatan,Laptop,Acer,Baru,Shopee
Acer Aspire A314-35 Tahun 2021 Pentium Silver N6000 Ram 8 Ssd 256,Rp2.650.000,4.3,5 Terjual,Tangerang,Laptop,Acer,Baru,Shopee
BestSeller Acer Chromebook C733 CELERON N4020 Ram 4/32Gb BERGARANSI,Rp1.100.000,4.8,99 Terjual,Jakarta Barat,Laptop,Acer,Baru,Shopee
Acer Aspire Lite AL15-32P-C8T3 | 15.6 FHD IPS | Celeron N4500 | RAM 8GB | SSD 256GB | UHD Graphics | Laptop Ringan Elegan Steel Gray | Garansi,Rp6.172.377,5.0,3 Terjual,Surabaya,Laptop,Acer,Baru,Shopee
ACER TRAVELMATE P214 INTEL CORE i3-1115G4 8GB RAM 512GB SSD 14 INCH Windows 11,Rp4.800.000,1.0,1 Terjual,Jakarta Barat,Laptop,Acer,Baru,Shopee
Laptop/Notebook Acer ES 11 RAM 4GB SSD 240GB Windows 10,Rp1.495.000,4.7,17 Terjual,Jakarta Barat,Laptop,Acer,Baru,Shopee
Laptop Acer ES1-420 AMD A4 RAM 8 GB SSD 128,Rp2.500.000,5.0,1 Terjual,,Laptop,Acer,Baru,Shopee
ACER ASPIRE LITE 14 AL14 N4500 8GB 256GB 14.0FHD IPS W11 OHS M365B,Rp6.040.000,5.0,9 Terjual,Jakarta Pusat,Laptop,Acer,Baru,Shopee
Laptop Acer core i3 gen 11,Rp2.200.000,,,,Laptop,Acer,Baru,Shopee
"Laptop Acer Aspire Lite AL14-37P N150 8GB 512GB SSD 14"" WUXGA IPS",Rp6.345.000,5.0,51 Terjual,Jakarta Selatan,Laptop,Acer,Baru,Shopee
Notebook Acer Aspire One series NAV50 Intel Atom DDR2,Rp400.000,,,,Laptop,Acer,Baru,Shopee
"ACER Aspire 5 Slim A515-56G-55Q0 Core i5-1135G7 8GB 512GB SSD 15.6"" FHD IPS Iris Xe NVIDIA MX450 Backlit - Silver",Rp7.645.455,4.8,26 Terjual,Surabaya,Laptop,Acer,Baru,Shopee
LAPTOP ACER ASPIRE ES 13 N4200 RAM 8 GB - HARGA TERMURAHH - BERGARANSI,Rp1.500.000,,,Bekasi,Laptop,Acer,Baru,Shopee
"Laptop Acer Aspire 3 A314, Amd A9-9420e, Ram 4Gb / 1Tb HDD, Gaming, Editing Super Ngebut, Seri Baru, Slim, Mulus, Lengkap, Red",Rp2.500.000,,,Jakarta Barat,Laptop,Acer,Baru,Shopee
LAPTOP I5 GEN 13 ACER ASPIRE LITE 16 AL16-52P INTEL i5-1334U 16GB 512GB LAYAR 16inch WUXGA IPS,Rp8.282.500,5.0,24 Terjual,Surabaya,Laptop,Acer,Baru,Shopee
"ACER ASPIRE LITE AL15-32P-C8T3 INTEL N4500 RAM 8GB 256GB NVME 15.6"" FHD IPS",Rp6.186.600,5.0,14 Terjual,Surabaya,Laptop,Acer,Baru,Shopee
Laptop Acer Aspire 3 A314-35 Pentium Silver N6000 Ram 4Gb Ssd 256Gb Laptop Slim Mulus,Rp2.750.000,,,Malang,Laptop,Acer,Baru,Shopee
"Laptop Acer Aspire 3 A315-41, AMD RYZEN 3 - 2200U, ORI & GARANSI",Rp3.050.000,5.0,12 Terjual,Jakarta Barat,Laptop,Acer,Baru,Shopee
"Laptop Acer 4740, Core i3, Intel HD Graphics, Ram 4/ssd 128, Black",Rp1.500.000,4.7,7 Terjual,Jakarta Barat,Laptop,Acer,Baru,Shopee
Laptop Acer aspire E 14 Windows 10 pro 64-bit Processor Intel core i5-7200U 2.7GHz Ram 4 GB Penyimpanan 1 Tb hdd Display Intel HD Graphics 620 UK 14 inch,Rp2.499.000,,,Tangerang,Laptop,Acer,Baru,Shopee
acer aspire 4920 terawat,Rp535.000,,,,Laptop,Acer,Baru,Shopee
"Laptop Acer Swift 3 SF314-52, Core i5 - 8250U, 8/256Gb, Rose Gold",Rp4.050.000,,,Jakarta Barat,Laptop,Acer,Baru,Shopee
Laptop Acer Aspire E5-475G Core i3-6006U # DUAL VGA,Rp2.500.000,5.0,2 Terjual,Jakarta Barat,Laptop,Acer,Baru,Shopee
"Laptop Acer Travelmate B115-M, Intel Celeron - N2940, Ram 4/500Gb, Black, BERGARANSI",Rp1.400.000,,,Jakarta Barat,Laptop,Acer,Baru,Shopee
Acer Aspire A514-53 Intel Core i3-1005G1 4/512 Normal,Rp2.650.000,,,Tangerang,Laptop,Acer,Baru,Shopee
ACER TRAVELMATE P214-53 INTEL CORE i5-1135G7 | RAM 16GB SSD 512GB | 14 INCH FULL HD FHD - WINDOWS 11 + OFFICE,Rp5.524.000,5.0,8 Terjual,Jakarta Barat,Laptop,Acer,Baru,Shopee
"New Acer Travelmate P214 Core i7-1165G7 RAM 16GB SSD 512GB 14"" FHD Win11",Rp8.575.000,5.0,8 Terjual,,Laptop,Acer,Baru,Shopee
"Laptop Acer Aspire 5 A514-52K, Intel Core i3-7020U, Gen 7Th, Ram 4/256Gb, UHD Graphics 620, Super Slim, Lengkap, Grey",Rp2.400.000,3.0,3 Terjual,Jakarta Barat,Laptop,Acer,Baru,Shopee
ACER ASPIRE LITE 14 AL14-31P | INTEL N100 | 8GB RAM | SSD 256GB | 14 INCH,Rp7.199.000,,,Jakarta Barat,Laptop,Acer,Baru,Shopee
Laptop ACER ES1-432 14inch RAM 8GB SSD 512GB,Rp1.840.000,4.8,5 Terjual,Jakarta Barat,Laptop,Acer,Baru,Shopee
Laptop Acer TravelMate P643 RAM 4GB HDD 320GB intel core i5-3201m NO MINUS,Rp1.799.000,,,Tangerang,Laptop,Acer,Baru,Shopee
Laptop ACER slim generasi baru A314 N4000 SSD 128GB 256GB 512GB,Rp1.750.000,5.0,3 Terjual,Malang,Laptop,Acer,Baru,Shopee
"Laptop Acer Aspire 3 A314-32, Intel Celeron-N4000, Ram 4Gb / 1Tb Hdd, UHd Graphics 600, Seri Baru, Slim, Lengkap, Black",Rp2.100.000,,,Jakarta Barat,Laptop,Acer,Baru,Shopee
Laptop Acer intel Core i3-Gen 10 RAM 4GB SSD 256GB Windows 11 Generasi terbaru,Rp3.500.000,,,Jakarta Timur,Laptop,Acer,Baru,Shopee
"Laptop Acer Aspire 3 A314-41, Amd A6-9200e, Gen 7Th, Ram 4Gb / 500Gb, Vga Amd Radeon R4 Graphics, Gaming, Editing Super Ngebut, Seri Baru, Slim, Like New, Lengkap, Black",Rp2.250.000,,,Jakarta Barat,Laptop,Acer,Baru,Shopee
Acer Chromebook R11 (Touchscreen) Celeron-N3060 Ram 4/32Gb BERGARANSI,Rp1.750.000,5.0,5 Terjual,Jakarta Barat,Laptop,Acer,Baru,Shopee
"ACER ASPIRE 3 A314 Celeron N4000 RAM 8GB-SSD 512GB 14"" HD W 10 free MOUSE DAN TAS",Rp2.201.500,4.5,3 Terjual,Jakarta Barat,Laptop,Acer,Baru,Shopee
Netbook ACER ES1 CELERON RAM 4GB SSD 256GB-12INCH (FREE MOUSE),Rp1.550.000,,2 Terjual,Jakarta Barat,Laptop,Acer,Baru,Shopee
LAPTOP ACER TRAVELMATE P643-M INTEL CORE I5-3230M,Rp945.000,,,Surabaya,Laptop,Acer,Baru,Shopee
Laptop Acer ES1-432 N3350 Ram 4GB HDD 500GB,Rp1.020.000,5.0,1 Terjual,Malang,Laptop,Acer,Baru,Shopee
LAPTOP ACER AL14-32P INTEL CORE 3 N355 RAM 8GB DDR5 SSD 512GB / 256GB 14” WUXGA WIN 11 OHS,Rp7.800.000,5.0,25 Terjual,,Laptop,Acer,Baru,Shopee
"Chromebook Acer C721 AMD A4-9120C Ram 4GB SSD 32GB, Layar 12.5""Inch Bergaransi Murah",Rp948.000,,5 Terjual,Surabaya,Laptop,Acer,Baru,Shopee
"Laptop Acer Travelmate P243 core i3, sudah upgrade Windows 10 RAM 4 Gb",Rp1.485.000,,,Bogor,Laptop,Acer,Baru,Shopee
ACER Aspire Lite 14 AL14 Intel N150 RAM16GB SSD1TB 14'' Ips Windows 11 Office 2021 Original,Rp6.549.000,5.0,522 Terjual,Jakarta Pusat,Laptop,Acer,Baru,Shopee
ACER TRAVELMATE X314 51 I5 8265U 4GB RAM TANPA STORAGE FHD CAMERA BACKLIT GOOD BATTERY MULUS MURAH,Rp2.250.000,,,Jakarta Selatan,Laptop,Acer,Baru,Shopee
ACER ASPIRE LITE AL14-31P-C6DD INTEL N100 8GB 512GB WINDOWS 11 +OFFICE 14.0 INCH 0WUXGA,Rp3.875.000,4.0,1 Terjual,Malang,Laptop,Acer,Baru,Shopee
Acer Aspire Lite AL14-31P-C0G4 /Intel N100/8GB/256GB SSD/14 WUXGA IPS/Win 11 Home OHS 2021 Silver,Rp5.600.000,,4 Terjual,Jakarta Barat,Laptop,Acer,Baru,Shopee
Laptop Acer Aspire V3-571G Core i5 Gen3 Ram 4GB HDD 320GB Nvidia GeForce,Rp2.450.000,4.6,6 Terjual,Jakarta Pusat,Laptop,Acer,Baru,Shopee
Laptop Notebook Acer Aspire V5 12inch Model tipis RAM 4GB SSD 128GB Warna Hitam,Rp1.350.000,,,Jakarta Timur,Laptop,Acer,Baru,Shopee
Laptop Acer Swift 1 SF114-34 Intel Pentium Silver N6000 Ram 8Gb Ssd 512Gb Windows 11 Siap Pakai,Rp2.970.000,5.0,1 Terjual,Malang,Laptop,Acer,Baru,Shopee
ACER TRAVELMATE X514 51T TOUCH I5 8265U 8GB RAM 256GB SSD FHD CAMERA BACKLIT MULUS MURAHB44,Rp2.800.000,,,Jakarta Selatan,Laptop,Acer,Baru,Shopee
Laptop Acer ES1-420 AMD E1-2500 Ram 4/500Gb BERGARANSI SIAP KIRIM,Rp1.700.000,5.0,11 Terjual,Jakarta Barat,Laptop,Acer,Baru,Shopee
Laptop Acer Z1401 / Z1402 intel celeron 14in,Rp2.099.000,4.8,90 Terjual,Jakarta Barat,Laptop,Acer,Baru,Shopee
"Laptop Acer Aspire 3 A315-53, Intel Celeron-3867U, Ram 4Gb / 1Tb, UHd Graphics 600, Seri Baru, Slim, Lengkap, Black",Rp1.850.000,5.0,1 Terjual,Jakarta Barat,Laptop,Acer,Baru,Shopee
"Laptop Editing Design Multimedia Acer Aspire 3 A315-23-R0EP, Ryzen 5 3500U, 12GB RAM, 512GB SSD, Vega 8, 15.6""FHD, Charcoal Black",Rp7.165.424,5.0,2 Terjual,Surabaya,Laptop,Acer,Baru,Shopee
[TERMURAH] Laptop Sekolah ACER Aspire Lite AL14 Intel N150 Ram 8GB SSD 256GB/512GB 14 IPS Win11 Office24,Rp6.750.000,4.8,28 Terjual,Jakarta Pusat,Laptop,Acer,Baru,Shopee
Laptop Acer Aspire 4755 Core i5 Nvidia GT540M Ram4gb Hdd640gb Gen2 Scu8395,Rp1.650.000,,1 Terjual,Malang,Laptop,Acer,Baru,Shopee
Notebook Acer Aspire 3810T Processor intel core 2 U3500,Rp498.000,,,,Laptop,Acer,Baru,Shopee
"Laptop Acer Aspire 3 A315-24p-R4A0 AMD Ryzen 5-7520U SSD 512GB RAM 8GB Layar 15.6"" Fhd",Rp6.629.933,4.9,30 Terjual,Surabaya,Laptop,Acer,Baru,Shopee
Laptop Acer Aspire 4720Z Intel Pentium Dual T2390 Ram 2Gb Hdd 160Gb SCU15526,Rp678.600,,,Malang,Laptop,Acer,Baru,Shopee
Laptop Acer TravelMate P243 atau TMP243 Processor intel core i3-3210M Vga intel hd graphics 4000,Rp1.098.000,,,,Laptop,Acer,Baru,Shopee
"Laptop Acer 4745G, #Dualvga, B.Silver",Rp1.800.000,,,Jakarta Barat,Laptop,Acer,Baru,Shopee
Laptop Acer Aspire ES1-332 Series Pentium N4200 1.1GHz Ram 4GB Ssd 1TB,Rp894.737,,1 Terjual,Jakarta Pusat,Laptop,Acer,Baru,Shopee
Laptop Acer Core i5-1135G7 - 8GB - SSD 512GB - WIN11,Rp6.849.000,,,Jakarta Barat,Laptop,Acer,Baru,Shopee
Laptop Acer Aspire E5-471G Intel Core i3-4005U NVIDIA GeForce 820M Ram 8Gb Ssd 128Gb Siap Pakai,Rp2.145.000,5.0,1 Terjual,Malang,Laptop,Acer,Baru,Shopee
"Laptop Acer 5750, Core i5 - 2430M, 4/320gb, Black Grey",Rp1.500.000,,,Jakarta Barat,Laptop,Acer,Baru,Shopee
Acer Aspire 3. Ryzen 3 7320u. ram 8/512gb ssd. normal + dush,Rp4.100.000,,,,Laptop,Acer,Baru,Shopee
ACER TRAVELMATE P214 Intel Core i5-1135G7 - RAM 8GB - 512GB SSD - 14 INCH - FULL HD - WINDOWS 11,Rp5.600.000,4.6,27 Terjual,Jakarta Barat,Laptop,Acer,Baru,Shopee
LAPTOP ACER INTEL /AMD RAM 8gb SSD 512gb FREE GIFT,Rp1.600.000,4.2,5 Terjual,Malang,Laptop,Acer,Baru,Shopee
"Laptop Acer Aspire 5742, Core i3 - M380, Ram 4/500Gb, Lengkap, Red",Rp1.400.000,,,Jakarta Barat,Laptop,Acer,Baru,Shopee
LAPTOP LEPTOP ACER RAM 4GB HDD 500GB 14 INC GENERASI BARU WINDOWS10 SIAP PAKAI,Rp2.699.900,,,Jakarta Timur,Laptop,Acer,Baru,Shopee
laptop acer aspire E1-470 intel core i3 2gb ram 14inch warna hitam glossy 500gb hdd untuk sekolah kuliah kerja,Rp1.499.000,,,Tangerang,Laptop,Acer,Baru,Shopee
"Notebook Acer Aspire One D270, Intel Atom-N2600, Ram 2/250Gb, Blue, BERGARANSI",Rp1.100.000,5.0,1 Terjual,Jakarta Barat,Laptop,Acer,Baru,Shopee
"READY STOCK Laptop Acer One 14 Z476, Core i3-6006U, HD Graphics 520, Ram 4Gb / 1TB, Seri Baru, Lengkap, Rose Gold",Rp2.350.000,,,Jakarta Barat,Laptop,Acer,Baru,Shopee
ACER ASPIRE LITE 14 AL14 N150 8GB 256/512GB W11+OHS+M365B 14.0 FHD IPS BLU -37P.C3B7,Rp6.495.000,4.9,594 Terjual,Jakarta Pusat,Laptop,Acer,Baru,Shopee
"Laptop Acer Swift SF314-511, Core i7-1165G7, Gen 11Th, Ram 16/512GB, #Backlight, #IPS, Lengkap, Iron Silver",Rp7.450.000,5.0,3 Terjual,Jakarta Barat,Laptop,Acer,Baru,Shopee
"ACER Aspire Lite AL14-32P-38RE i3-N355/8GB/512GB/Win11/OHS24+M365/14"" WUXGA IPS",Rp8.266.000,,,Surabaya,Laptop,Acer,Baru,Shopee
"Laptop AMD Ryzen 7 Acer Terbaru 2025 RAM 24GB - 512GB SSD - WIFI 6 - 15.6"" FULL HD IPS - PURE SILVER - GARANSI 1 TAHUN - LAPTOP ACER AMD RYZEN 7 - ASPIRE 5 A515-45-R958 - Laptop Kencang untuk Kerja & Gaming",Rp7.682.000,5.0,28 Terjual,Surabaya,Laptop,Acer,Baru,Shopee
Acer TravelMate P14 i3-1115G4 8GB 256GB SSD 14” FHD Win 11 Pro | Touchscreen Backlit | Bonus Tas Garansi,Rp4.200.000,5.0,2 Terjual,Depok,Laptop,Acer,Baru,Shopee
Acer Travelmate P214 Core i5 Gen 11 Ram 16GB SSD 1TB Laptop Bekas Bergaransi Original Siap Pakai,Rp3.797.000,4.9,92 Terjual,Jakarta Utara,Laptop,Acer,Bekas,Shopee
LAPTOP ACER CHROMEBOOK 514 INTEL CELERON N3450 1.1GHZ RAM 4GB SSD 32GB SECOND ORIGINAL,Rp1.163.158,,1 Terjual,Jakarta Pusat,Laptop,Acer,Bekas,Shopee
LAPTOP ACER ASPIRE 3 A314-35-C80W INTEL CELERON N5100 RAM 4 GB SSD 256 GB SECOND BERGARANSI,Rp2.325.000,5.0,3 Terjual,,Laptop,Acer,Bekas,Shopee
LAPTOP ACER MULUS,Rp850.000,,,,Laptop,Acer,Bekas,Shopee
Laptop Acer Aspire 4830G Intel Core i5 RAM 4GB SSD 640GB Masih Original Semua kondisi normal bagus siap pakai,Rp1.800.000,,,Jakarta Timur,Laptop,Acer,Bekas,Shopee
Laptop Acer Aspire E1-421 RAM 4GB HDD 500GB Kondisi Normal,Rp1.650.000,4.5,4 Terjual,Jakarta Timur,Laptop,Acer,Bekas,Shopee
Acer TravelMate P214 i7 / i5 Gen 11 8GB 16GB 512GB Laptop Second Bergaransi Siap Pakai Original,Rp3.800.000,4.8,182 Terjual,Jakarta Utara,Laptop,Acer,Bekas,Shopee
Laptop Acer Aspire E 15 E5 -511 series Intel inde DDR3 kondisi matot,Rp400.000,,,,Laptop,Acer,Bekas,Shopee
Laptop ACER ASPIRE 3 A314-35 N5100 Ram 16Gb 512Gb Normal Siap Pakai - Leptop Laptop Murah - Laptop Malang - Laptop Gaming - Bergaransi - Laptop Bekas - Laptop Bekas Malang,Rp2.495.000,5.0,6 Terjual,Malang,Laptop,Acer,Bekas,Shopee
Laptop Kantoran Acer C740 WINDOWS Celeron 3215U RAM 4GB SSD 256GB 11.6 HD Display Second Original,Rp1.650.000,5.0,3 Terjual,Bandung,Laptop,Acer,Bekas,Shopee
Laptop Acer Aspire A314-22 AMD 3020e Radeon 16Gb 512Gb Normal Siap Pakai - Laptop Murah - Laptop Malang - Laptop Gaming - Bergaransi - Laptop Bekas - Laptop Bekas Malang,Rp2.175.000,,,Malang,Laptop,Acer,Bekas,Shopee
Acer Travelmate P214 Core i5 Gen 11 16GB SSD 512GB Laptop Second Bergaransi Original Siap Pakai,Rp3.697.000,4.8,34 Terjual,Jakarta Utara,Laptop,Acer,Bekas,Shopee
"LAPTOP ACER P449-G3-M, Intel Core I5 Gen 8, RAM 8 SSD 256, Second Murah Bergaransi, Keyboard Backlight - i5 gen 6 8/256",Rp2.200.000,,,,Laptop,Acer,Bekas,Shopee
Laptop Acer TravelMate P214 | Extensa 215 | TM P414 Core i5/i3 RAM 16GB SSD 1 TB - Second Mulus & Bergaransi,Rp3.999.000,4.8,183 Terjual,Jakarta Pusat,Laptop,Acer,Bekas,Shopee
Acer Travelmate p214-52 | Ram 16 GB SSD 256 GB | Prosesor i5 - 10th Gen | Second Mulus,Rp3.200.000,5.0,35 Terjual,Jakarta Pusat,Laptop,Acer,Bekas,Shopee
Laptop Acer ES1-431 Intel Celeron Merah Second/Bekas,Rp1.350.000,,,,Laptop,Acer,Bekas,Shopee
LAPTOP ACER ASPIRE 3 A314-22 AMD RYZEN 3-3250U RAM 8GB SSD 256GB SECOND TERBAIK,Rp3.570.000,,,Jakarta Timur,Laptop,Acer,Bekas,Shopee
notebook Acer ram 2/4 hdd 500gb second warna random 11inch,Rp1.599.000,4.6,186 Terjual,Kab. Bandung,Laptop,Acer,Bekas,Shopee
Laptop Acer Aspire V5-431 (second),Rp1.500.000,,,Jakarta Timur,Laptop,Acer,Bekas,Shopee
Laptop Acer Travelmate P214-52 Intel Core i5 Gen 10 RAM 8 GB SSD 256 GB Second MULUS,Rp3.275.000,5.0,24 Terjual,Jakarta Pusat,Laptop,Acer,Bekas,Shopee
Laptop Acer Aspire E5-421 series second good,Rp900.000,,,Kab. Bekasi,Laptop,Acer,Bekas,Shopee
LAPTOP SECOND ACER ASPIRE V5 I3 GEN 2 RAM 4 GB SSD 256 GB BONUS TAS DAN MOUSE,Rp1.859.070,,,,Laptop,Acer,Bekas,Shopee
"LAPTOP ACER P449-G3-M, Intel Core I5 Gen 8, RAM 8 SSD 256, Second Murah Bergaransi, Keyboard Backlight",Rp2.375.000,,2 Terjual,Jakarta Pusat,Laptop,Acer,Bekas,Shopee
LAPTOP ACER ASPIRE E1-422 KONDISI GA MAU NAMPIL,Rp400.000,,,,Laptop,Acer,Bekas,Shopee
LAPTOP ACER ASPIRE V5 SECOND CELERON RAM 3 GB HDD 500 GB FREE MOUSE DAN CHARGER MURAH MERIAH,Rp1.511.160,,,,Laptop,Acer,Bekas,Shopee
Laptop Acer Aspire 2920 series Kondisi mesin hidup nodisplay Casing lcd mulus gambling unit utuh gak ada carger,Rp400.000,,,,Laptop,Acer,Bekas,Shopee
LAPTOP LEPTOP SECOND BEKAS ACER A314 a315 AMD RAM 4GB HDD 1TB 14 15 INC,Rp2.180.900,,3 Terjual,Jakarta Timur,Laptop,Acer,Bekas,Shopee
laptop acer aspire N3350 4gb/500Gb second,Rp1.999.000,5.0,2 Terjual,Kab. Bandung,Laptop,Acer,Bekas,Shopee
Laptop ACER ASPIRE 3 A314-35 N5100 Ram 16Gb 512Gb Normal Siap Pakai - Leptop Laptop Murah - Laptop Malang - Laptop Gaming - Bergaransi - Laptop Bekas - Laptop Bekas Malang Siap Pakai,Rp2.650.000,5.0,2 Terjual,Malang,Laptop,Acer,Bekas,Shopee
Laptop Acer Aspire E1 ZQT Kondisi mati gambling unit Lcd14in Casing mulus utuh gak ada carger,Rp400.000,5.0,1 Terjual,,Laptop,Acer,Bekas,Shopee
Laptop Acer Z1401 Celeron N2830 Ram 16Gb 512Gb Normal Siap Pakai - Leptop Laptop Murah - Laptop Malang - Laptop Gaming - Bergaransi - Laptop Bekas - Laptop Bekas Malang,Rp1.045.000,,,Malang,Laptop,Acer,Bekas,Shopee
laptop second Acer Aspire ES1-132 Intel N3350 Ram 2 gb SSD 256 gb,Rp1.099.000,,,Tangerang Selatan,Laptop,Acer,Bekas,Shopee
laptop second. laptop Acer 4736z. ram 1gb hard disk drives 232 gb,Rp1.000.000,,,,Laptop,Acer,Bekas,Shopee
Notebook Acer ES1-131 Second Junk,Rp200.000,,,Kab. Tangerang,Laptop,Acer,Bekas,Shopee
Laptop Acer Aspire one- Second Bekas,Rp100.000,5.0,9 Terjual,Jakarta Selatan,Laptop,Acer,Bekas,Shopee
Laptop Notebook Acer Aspire V5 431 Bekas,Rp1.300.000,5.0,2 Terjual,,Laptop,Acer,Bekas,Shopee
Laptop Acer Aspire 4920 Bekas Pakai,Rp500.000,,,Jakarta Utara,Laptop,Acer,Bekas,Shopee
Laptop Acer Aspire E1-471 i3 2328M 8GB 512Gb Normal Siap Pakai - Leptop Laptop Murah - Laptop Malang - Laptop Gaming - Bergaransi - Laptop Bekas - Laptop Bekas Malang Siap Pakai,Rp1.250.000,,,Malang,Laptop,Acer,Bekas,Shopee
Laptop Notebook Acer Aspire One 722 SECOND,Rp750.000,,,Jakarta Pusat,Laptop,Acer,Bekas,Shopee
Laptop Acer Aspire E1-471 Second,Rp550.000,,,,Laptop,Acer,Bekas,Shopee
[Bekas] Laptop Lenovo Thinkpad Yoga 11E/260/300E/370 Core i5 / i7 | BISA LIPAT 360 + STYLUS PEN,Rp1.500.000,4.9,780 Terjual,Jakarta Utara,Laptop,Acer,Bekas,Shopee
Laptop Acer Aspire E1-431 i3 2328M RAM 8GB SSD256GB Normal Siap Pakai - Laptop Murah - Laptop Malang - Laptop Gaming - Bergaransi - Laptop Bekas - Laptop Bekas Malang - Laptop Kuliah - Laptop Kantoran - Laptop Kerja - Laptop Desain,Rp1.320.000,,,Malang,Laptop,Acer,Bekas,Shopee
"LAPTOP LENOVO THINKPAD L440 / L450 / L460 / L470 / CORE i3/i5/i7 GEN 7 - Layar 14"" Inch - MURAH DENGAN GARANSI!!!!",Rp1.800.000,4.9,83 Terjual,Jakarta Utara,Laptop,Acer,Bekas,Shopee
LAPTOP NEC VKA10H M3-7Y30/M3-8100Y/CORE I5-7Y54 SLIM DAN RINGAN,Rp1.475.000,4.8,103 Terjual,Jakarta Pusat,Laptop,Acer,Bekas,Shopee
Preloved Laptop Notebook Acer 11 inch Kecil Warna Merah Aspire A311 31 c5x5,Rp1.600.000,,,Yogyakarta,Laptop,Acer,Bekas,Shopee
Laptop Acer Aspire 4750 Intel Core i3-2310M Ram 4Gb Hdd 500Gb SCu17684 Windows slim Laptop bekas murah Laptop SSD Office,Rp1.350.000,,,Malang,Laptop,Acer,Bekas,Shopee
LAPTOP LEPTOP SECOND BEKAS ACER A314 AMD A9 RAM 8 GB SSD 128 GB 14 INC SIAP PAKAI DESAIN GAMING,Rp2.289.300,,,Jakarta Timur,Laptop,Acer,Bekas,Shopee
Lenovo Thinkpad T495 Ryzen 5 VGA 2GB / T490s i5 Gen 8 16GB 512GB Laptop Second Bergaransi Siap Pakai,Rp2.650.000,4.9,824 Terjual,Jakarta Utara,Laptop,Acer,Bekas,Shopee
"LAPTOP SECOND,Notebook Acer Aspire One D270, Intel Atom-N2600, Ram 2/250Gb, Blue",Rp1.150.000,,,Jakarta Barat,Laptop,Acer,Bekas,Shopee
HP Elitebook 840 G6-845 G8 RYZEN 5650U RAM 8/ 16GB SSD 128GB-512GB 14Inch MULUSS GARANSI 30 hari,Rp2.589.000,5.0,81 Terjual,Jakarta Pusat,Laptop,Acer,Bekas,Shopee
Laptop Acer Aspire 4752 i3 2330M 8GB 512Gb Normal Siap Pakai - Leptop Laptop Murah - Laptop Malang - Laptop Gaming - Bergaransi - Laptop Bekas - Laptop Bekas Malang,Rp1.230.000,,,Malang,Laptop,Acer,Bekas,Shopee
Laptop Acer Aspire 4752 i3 2330M Ram 16Gb 512Gb Normal Siap Pakai - Leptop Laptop Murah - Laptop Malang - Laptop Gaming - Bergaransi - Laptop Bekas - Laptop Bekas Malang,Rp1.230.000,,,Malang,Laptop,Acer,Bekas,Shopee
Laptop Acer V5 131 Intel Celeron 1007u Ram 16Gb 512Gb Normal Siap Pakai - Leptop Laptop Murah - Laptop Malang - Laptop Gaming - Bergaransi - Laptop Bekas - Laptop Bekas Malang,Rp1.050.000,5.0,3 Terjual,Malang,Laptop,Acer,Bekas,Shopee
Laptop HP Core i5 / Core i7 Second RAM 8GB SSD 256GB Mulus Original Bergansi,Rp2.600.000,4.8,3RB+ Terjual,Bandung,Laptop,Acer,Bekas,Shopee
HP Elitebook 840 G6-845 G8 RYZEN 5650u RAM 8GB/16RB SSD 128-512GB 14Inch MULUSS BERGARANSI,Rp2.889.000,5.0,32 Terjual,Jakarta Pusat,Laptop,Acer,Bekas,Shopee
[PROMO] Acer Aspire 5 A515-45-R958 | Ryzen 7 5700U | 8GB | SSD 512GB | Free Gift & Instalasi,Rp7.931.000,5.0,4 Terjual,Jakarta Pusat,Laptop,Acer,Bekas,Shopee
Laptop SECOND ACER V5-431 ready GAMER ivy,Rp2.500.000,,1 Terjual,,Laptop,Acer,Bekas,Shopee
"LAPTOP ACER ASPIRE 4540 SERIES, NOTEBOOK BEKKA MULUS,NOTEBOOK ACER, LAPTOP MURAH, LAPTOP SECOND",Rp1.500.000,,,Kab. Malang,Laptop,Acer,Bekas,Shopee
Laptop Acer second mulus 15inch,Rp1.900.000,,,Bekasi,Laptop,Acer,Bekas,Shopee
Acer ES1-111-CU5A Slim Tipis SSD 128GB Windows 10 Original Ori Netbook Notebook Second Bekas,Rp1.500.000,,1 Terjual,,Laptop,Acer,Bekas,Shopee
NOTEBOOK ACER ASPIRE ONE D255 CELERON SECOND,Rp210.000,,,,Laptop,Acer,Bekas,Shopee
Notebook Acer Aspire One 756 Hitam Layar 12 inch RAM 4GB HDD 500GB Intel Celeron 847 Windows 7 Second Bekas,Rp1.200.000,5.0,4 Terjual,,Laptop,Acer,Bekas,Shopee
Acer Aspire One D270 Limited Edition Ballon Carnival Notebook Bekas,Rp1.000.000,4.5,6 Terjual,,Laptop,Acer,Bekas,Shopee
Laptop Acer Murah [Second],Rp1.200.000,,,,Laptop,Acer,Bekas,Shopee
Netbook Acer Aspire v5 123 Bekas,Rp990.000,,1 Terjual,,Laptop,Acer,Bekas,Shopee
Acer Aspire 4740 -Second Bekas,Rp497.000,5.0,1 Terjual,Jakarta Selatan,Laptop,Acer,Bekas,Shopee
ACER ONE HAPPY Intel Atom Ram2GB HDD320GB 10inc Second,Rp999.000,5.0,5 Terjual,Kab. Bandung,Laptop,Acer,Bekas,Shopee
Acer Happy Warna Putih Hijau Netbook Notebook Second Bekas Aspire Intel RAM 2GB HDD 160GB,Rp1.350.000,5.0,1 Terjual,,Laptop,Acer,Bekas,Shopee
Laptop Acer Aspire E5-475G Core i5 gen 7 Dual Grafis NVIDIA RAM 8 SSD - Laptop Murah - Laptop bekas - Laptop Second - Laptop bergaransi - Laptop bekas murah,Rp2.650.000,5.0,1 Terjual,Malang,Laptop,Acer,Bekas,Shopee
Laptop Acer Aspire4535 AMD Second/Bekas,Rp700.000,,,Kab. Tangerang,Laptop,Acer,Bekas,Shopee
Laptop Acer Aspire 5570 Intel RAM 2GB HDD 160GB Windows 7 Second,Rp750.000,,,,Laptop,Acer,Bekas,Shopee
Laptop Acer Predator Helios 300 PH317-53 Intel Core i7-9750H NVIDIA RTX 2060 Ram 8Gb Ssd 256Gb Windows 11 Laptop Gaming Bekas Siap Pakai,Rp9.350.000,,,Malang,Laptop,Acer,Bekas,Shopee
Notebook Acer Aspire One Happy Warna Putih Pink Intel Atom RAM 2GB Layar 10 inch Second Bekas,Rp900.000,4.7,8 Terjual,,Laptop,Acer,Bekas,Shopee
Notebook Acer Aspire One 522 RAM 2GB HDD 160GB AMD C-50 Windows 7 Second Bekas,Rp900.000,4.0,5 Terjual,,Laptop,Acer,Bekas,Shopee
Acer Aspire One 722 Layar 12 Inch 2GB 500GB AMD ATI Tosca Green Netbook Notebook Bekas Second,Rp1.800.000,4.8,8 Terjual,,Laptop,Acer,Bekas,Shopee
LAPTOP ACER mulus,Rp2.999.999,5.0,1 Terjual,,Laptop,Acer,Bekas,Shopee
"ACER A314 INTEL N4000 / 8GB RAM / 512GB SSD / 14"" / WIN 10 / GRATIS ONGKIR / ACER A314-32 4GB 1TB",Rp2.300.000,4.8,67 Terjual,Jakarta Barat,Laptop,Acer,Bekas,Shopee
HUAWEI MateBook D16 [ i5 Gen12 12450H 16+512 GB ] | (DISPLAY SET),Rp7.499.000,,5 Terjual,Surabaya,Laptop,Huawei,Baru,Shopee
Laptop Huawei MACHD-WXX9 / Core i7 Gen 11 / Touchscreen,Rp8.000.000,5.0,5 Terjual,,Laptop,Huawei,Baru,Shopee
Huawei Matebook D14 i3 Gen 10 Ram 8 SSD 256gb,Rp3.500.000,,,Tangerang,Laptop,Huawei,Baru,Shopee
Laptop Huawei MateBook D15 super slim,Rp5.550.000,,1 Terjual,,Laptop,Huawei,Baru,Shopee
HUAWEI MATEBOOK D14 CORE I5 GEN12 Ram 8gb Ssd 512gb,Rp6.150.000,,,Jakarta Timur,Laptop,Huawei,Baru,Shopee
"HUAWEI MATEBOOK D14 2023 | INTEL I5-1240P |8GB 512GB | 14"" FHD IPS - GARANSI RESMI INDONESIA",Rp8.550.000,,1 Terjual,Kab. Tangerang,Laptop,Huawei,Baru,Shopee
"Laptop Huawei HKD-W76, Core i7-11370H, 16/512Gb, Silver, BERGARANSI!!!",Rp4.200.000,,,Jakarta Barat,Laptop,Huawei,Baru,Shopee
HUAWEI MATEBOOK D15 AMD RYZEN 5 RAM 8GB SSD 256GB,Rp3.800.000,,,Jakarta Timur,Laptop,Huawei,Baru,Shopee
Laptop Huawei MateBook Mach WX9 X Pro Core i7 Gen 10 / Touchscreen,Rp7.000.000,5.0,5 Terjual,,Laptop,Huawei,Baru,Shopee
HUAWEI MateBook D 14 up to i5-12450H up to 8 + 512GB SSD | Sleek Full Metal Body |,Rp5.500.000,,,Kab. Tangerang,Laptop,Huawei,Baru,Shopee
Laptop Huawei MACHD Core i7 Gen 10 / Gen 11 SSD 512GB RAM 16GB Touchscreen 3K,Rp7.600.000,,2 Terjual,,Laptop,Huawei,Baru,Shopee
LAPTOP HUAWEI TOUCHSCREEN CORE I7 GEN11 RAM 16GB SSD 512GB,Rp9.000.000,,,,Laptop,Huawei,Baru,Shopee
HUAWEI MateBook D 14 i5- Gen12 8+512GB SSD 1240P | Sleek Metal Body | (DISPLAY SET),Rp7.499.000,5.0,5 Terjual,Surabaya,Laptop,Huawei,Baru,Shopee
HUAWEI MATEBOOK D14 i3-1115G4 RAM 8GB/SSD 256Gb,Rp4.750.000,,,Bandung,Laptop,Huawei,Baru,Shopee
HUAWEI MATEBOOK D15 INTEL i5 8GB 512GB GARANSI RESMI,Rp8.999.000,,,Jakarta Timur,Laptop,Huawei,Baru,Shopee
"HUWAWEI MateBook D16 [ 16GB + 512GB ] Screen Size 16""Inc | BNOB | Mystic Silver",Rp9.499.000,,,Jakarta Barat,Laptop,Huawei,Baru,Shopee
HUAWEI MATEBOOK 14 I5 1135G7 8GB 512SSD IRISXE W10 14.0 2K SPACE GREY,Rp9.500.000,,,Kab. Tangerang,Laptop,Huawei,Baru,Shopee
HUAWEI MATEBOOK X PRO i7 Gen12 BLUE | (DISPLAY SET),Rp17.999.000,,,Surabaya,Laptop,Huawei,Baru,Shopee
Laptop HUAWEI NbDE-Wxx9 Intel Core i5-1155G7 Intel Iris Ram 8Gb Ssd 512Gb Silver Slim Laptop Kenceng Layar Jernih,Rp5.225.000,5.0,1 Terjual,Malang,Laptop,Huawei,Baru,Shopee
Huawei MateBook 14 Touch Intel Ultra 5 125H 16GB 1TB Garansi Resmi,Rp20.999.000,5.0,3 Terjual,Jakarta Timur,Laptop,Huawei,Baru,Shopee
HUAWEI MATEBOOK D16 GEN13 I5 ( DISPLAY SET),Rp9.999.000,5.0,1 Terjual,Surabaya,Laptop,Huawei,Baru,Shopee
Laptop Huawei NbDE-XXH9 intel Cor i5 - 1155G7 Gen 11Th Ram 8Gb/SSD 512Gb Vga Intel Iris Xe Graphic Keyboard Backlight Garansi Resmi On,Rp6.000.000,,,Jakarta Barat,Laptop,Huawei,Baru,Shopee
Huawei Matebook D14 BNOB Core i5 1240P Ram 8GB SSD 512GB slim mulus,Rp6.950.000,,,Jakarta Timur,Laptop,Huawei,Baru,Shopee
HUAWEI MateBook D 14 i5-1240P 8+512GB SSD | Sleek Metal Body | (DISPLAY SET) INCLUDE UNIT ONLY,Rp7.499.000,4.5,5 Terjual,Surabaya,Laptop,Huawei,Baru,Shopee
Huawei MateBook D14 i5 13420H 16GB 512GB Garansi Resmi,Rp13.999.000,5.0,3 Terjual,Jakarta Timur,Laptop,Huawei,Baru,Shopee
Huawei Matebook D14 [8 GB/ 512 GB] i5 FULL BOX Original,Rp7.998.000,,,Jakarta Barat,Laptop,Huawei,Baru,Shopee
Huawei Matebook 14s I5 11300H 8gb 512ssd IRISXE W10 QHD 100srgb touch,Rp13.999.000,,,Tangerang,Laptop,Huawei,Baru,Shopee
Huawei Matebook i7 Gen11 RAM 16GB SSD 512GB 14inch Touchscreen,Rp14.495.000,,,Jakarta Barat,Laptop,Huawei,Baru,Shopee
Huawei Matebook D14 i3 garansi resmi,Rp7.199.000,,,Surabaya,Laptop,Huawei,Baru,Shopee
Huawei Matebook D15 Intel core i3 garansi resmi,Rp6.700.000,,,Surabaya,Laptop,Huawei,Baru,Shopee
HUAWEI MateBook 13 2020 Ultraslim Laptop AMD Ryzen R5-4600H/R7-4800H 16GB 512GB SSD Windows 10 Pro,Rp19.500.000,,,Kab. Tangerang,Laptop,Huawei,Baru,Shopee
LAPTOP HUAWEI MATEBOOK D14 RYZEN 7-3700H VEGA 10 RAM8GB SSD 512GB,Rp7.998.000,5.0,1 Terjual,Jakarta Barat,Laptop,Huawei,Baru,Shopee
HUAWEI MATEBOOK D16 Laptop i9 16GB 1TB GARANSI RESMI,Rp18.800.000,,,Jakarta Pusat,Laptop,Huawei,Baru,Shopee
"Huawei Matebook D16 2024 ( Core i5,) Ram 16GB 1TB SSD ME 16""",Rp11.000.000,5.0,1 Terjual,Bandung,Laptop,Huawei,Baru,Shopee
Huawei Matebook 14 Core Ultra 5 - GARANSI ON,Rp10.650.000,,,Bandung,Laptop,Huawei,Baru,Shopee
HUAWEI MATEBOOK 14S INTEL I5 8GB 512GB GARANSI RESMI,Rp29.999.000,,,Jakarta Timur,Laptop,Huawei,Baru,Shopee
HUAWEI MATEBOOK D16 16GB 1TB GARANSI RESMI,Rp24.999.000,5.0,2 Terjual,Jakarta Timur,Laptop,Huawei,Baru,Shopee
"Huawei MateBook D14 2024 Intel Core i5-13420H RAM 16GB SSD 512GB 14"" WUXGA 100% sRGB - Laptop Slim Premium",Rp7.748.000,,,Bandung,Laptop,Huawei,Baru,Shopee
Huawei Matebook Mate Book 14 2024 FLMH-X / D14 2023 MDF-X / D16 2024 MCLG-X / D14 2022 / D15 / X Pro / Magicbook Laptop Leptop D 14 16 Inch Crystal Protective Hard Case Casing Cover Sarung Kesing Hardcase Motif Clear Bening Transparan Keyboard ( FRS ),Rp77.400,4.9,302 Terjual,Jakarta Pusat,Laptop,Huawei,Baru,Shopee
Huawei D14 i3 10101U RAM 8GB Kondisi mati layar masih bagus,Rp1.200.000,,,,Laptop,Huawei,Baru,Shopee
"ON GARANSI Huawei NbDE-WDH9, Intel Core i5-1155G7, Gen 11Th, Ram 8/512Gb, Intel Iris Xe Graphics, Silver",Rp6.000.000,,2 Terjual,Jakarta Barat,Laptop,Huawei,Baru,Shopee
HUAWEI EG8141H5,Rp115.250,5.0,102 Terjual,Jakarta Pusat,Laptop,Huawei,Baru,Shopee
"HUAWEI MateBook 15 AMD Ryzen 5 - 3500U 8/256 Fingerprint, Webcam, WiFi, Bluetooth | GL15015",Rp5.077.250,,,Semarang,Laptop,Huawei,Baru,Shopee
huawei metpad 11,Rp3.300.000,,,,Laptop,Huawei,Baru,Shopee
Huawei B1 ( 48100B1 ),Rp5.600.000,4.7,12 Terjual,Jakarta Pusat,Laptop,Huawei,Baru,Shopee
"Huawei Mate 80 Pro 16/512GB 6.75"" 50 MP Ultra Lighting - Garansi Resmi",Rp16.999.000,,,Bandung,Laptop,Huawei,Baru,Shopee
HUAWEI MATEBOOK 14S 8/512 EX GARANSI RESMI INDONESIA,Rp7.950.000,,,Kab. Tangerang,Laptop,Huawei,Baru,Shopee
LAPTOP HUAWEI NBLK-WAX9X AMD RYZEN 7 3700U 8GB SSD 512GB 14 INCH SECOND BERGARANSI,Rp5.149.000,,,Jakarta Barat,Laptop,Huawei,Baru,Shopee
Huawei Matebook X Pro [13.9Inch 3K2K Touch | i7-8550u | 16GB Ram | 512GB SSD | W11] - Laptop Second Makassar,Rp6.800.000,,,Makassar,Laptop,Huawei,Baru,Shopee
LAPTOP HUAWEI NBLK-WAX9X AMD RYZEN 7 3700U 8GB SSD 512GB 14INCH SECOND BERGARANSI,Rp5.249.000,,,Jakarta Barat,Laptop,Huawei,Baru,Shopee
HUAWEI MateBook D15,Rp4.750.000,,,Semarang,Laptop,Huawei,Baru,Shopee
Huawei MateBook Fold Ultimate Design 32+1TB 2TB - China Region,Rp69.999.000,,,Jakarta Barat,Laptop,Huawei,Baru,Shopee
HUAWEI MATE 80 PRO (16/512) - GARANSI RESMI,Rp16.999.000,5.0,1 Terjual,,Laptop,Huawei,Baru,Shopee
"LAPTOP ZYREX D- TECH AMD Ryzen 5 3500U RAM 8GB SSD 256GB Windows 11 HD 14.0"" BLUE GARANSI RESMI 2 TAHUN",Rp6.392.000,4.7,68 Terjual,Jakarta Utara,Laptop,Huawei,Baru,Shopee
Huawei D14 i3 10101U RAM 8GB Kondisi mati layar masih bagus,Rp1.200.000,,,,Laptop,Huawei,Bekas,Shopee
LAPTOP HUAWEI NBLK-WAX9X AMD RYZEN 7 3700U 8GB SSD 512GB 14INCH SECOND BERGARANSI,Rp5.249.000,,,Jakarta Barat,Laptop,Huawei,Bekas,Shopee
LAPTOP HUAWEI NBLK-WAX9X AMD RYZEN 7 3700U 8GB SSD 512GB 14 INCH SECOND BERGARANSI,Rp5.149.000,,,Jakarta Barat,Laptop,Huawei,Bekas,Shopee
Huawei Matebook X Pro [13.9Inch 3K2K Touch | i7-8550u | 16GB Ram | 512GB SSD | W11] - Laptop Second Makassar,Rp6.800.000,,,Makassar,Laptop,Huawei,Bekas,Shopee
Preloved HUAWEI MateBook D 14 2024 i5 Gen 13 16+512GB Garansi Panjang 2027,Rp8.200.000,,,,Laptop,Huawei,Bekas,Shopee
HUAWEI MateBook D14 | 8GB | 256GB | Second Mulus,Rp5.000.000,,,Jakarta Selatan,Laptop,Huawei,Bekas,Shopee
Laptop seken second huawei matebook d15 ryzen 5 8GB SSD,Rp9.300.000,,,,Laptop,Huawei,Bekas,Shopee
HUAWEI MateBook D 16 i5 Gen 13 |DISPLAY SET |Second |,Rp9.999.000,5.0,1 Terjual,Surabaya,Laptop,Huawei,Bekas,Shopee
LAPTOP HUAWEI CORE i3 GEN 11 RAM 8GB SSD 256GB SECOND/BEKAS,Rp7.699.000,,,Jakarta Utara,Laptop,Huawei,Bekas,Shopee
LAPTOP HUAWEI D15 CORE I3 GEN 10 RAM 8GB SSD 256GB | BEKAS SECOND,Rp7.500.000,,,Jakarta Utara,Laptop,Huawei,Bekas,Shopee
huawei matebook d14 second,Rp8.000.000,,,Kab. Tangerang,Laptop,Huawei,Bekas,Shopee
Huawei Matebook D14 i3 Gen 10 Ram 8 SSD 256gb,Rp3.500.000,,,Tangerang,Laptop,Huawei,Bekas,Shopee
HUAWEI MATEBOOK D15 AMD RYZEN 5 RAM 8GB SSD 256GB,Rp3.800.000,,,Jakarta Timur,Laptop,Huawei,Bekas,Shopee
Laptop Huawei MACHD-WXX9 / Core i7 Gen 11 / Touchscreen,Rp8.000.000,5.0,5 Terjual,,Laptop,Huawei,Bekas,Shopee
Laptop Huawei MateBook D15 super slim,Rp5.550.000,,1 Terjual,,Laptop,Huawei,Bekas,Shopee
LAPTOP HUAWEI AMD RYZEN 5 3500 RADEN VEGA MOBILE GFX RAM 8GB SSD 256 MULUSSS,Rp4.925.000,,,Jakarta Timur,Laptop,Huawei,Bekas,Shopee
"LAPTOP HUAWAI MATEBOOK D14 Core i5-12 RAM 8GB/SSD 512GB WN11 LAYAR 14""IPS FULSET LIKENEW FULSET",Rp5.200.000,,,,Laptop,Huawei,Bekas,Shopee
Huawei matebook d15 RYZEN 5 3500U RAM 8GB SSD 256GB mulus siap pakai,Rp4.608.000,,,Jakarta Timur,Laptop,Huawei,Bekas,Shopee
HUAWEI MATEBOOK D14 CORE I5 GEN12 Ram 8gb Ssd 512gb,Rp6.150.000,,,Jakarta Timur,Laptop,Huawei,Bekas,Shopee
"Laptop INFINIX X2, I3 - 1115G4, Gen 11Th, Ram 8GB / 256SSD, Navy Blue, BERGARANSI",Rp3.350.000,5.0,1 Terjual,Jakarta Barat,Laptop,Infinix,Baru,Shopee
INFINIX XBOOK B14 RYZEN 7 7735HS RAM 8GB/16GB SSD 512GB W11 14.0WUXGA,Rp6.394.000,4.9,151 Terjual,Bandung,Laptop,Infinix,Baru,Shopee
"READY STOCK Laptop INFINIX X2, I3 - 1005G1, Ram 4GB 256SSD, 14.0FHD IPS 100SRGB BAT11HRS 45W-TYPE C FAST CHARGER BLIT 1.24KG, Lengkap, Navy Blue",Rp3.050.000,,,Jakarta Barat,Laptop,Infinix,Baru,Shopee
INFINIX XBOOK B14 RYZEN 7 7735HS RAM 16GB SSD 1TB WINDOWS 11 + OFFICE 14.0 INCH WUXGA IPS,Rp7.589.000,5.0,112 Terjual,Jakarta Selatan,Laptop,Infinix,Baru,Shopee
LAPTOP INFINIX XBOOK B14 RYZEN 5 5500U 8GB 256GB 14.0WUXGA IPS,Rp6.586.000,5.0,9 Terjual,Surabaya,Laptop,Infinix,Baru,Shopee
INFINIX XBOOK B14 RYZEN 5 7535HS 16GB 512GB W11 14.0WUXGA IPS,Rp7.584.000,5.0,294 Terjual,Jakarta Utara,Laptop,Infinix,Baru,Shopee
LAPTOP INFINIX INBOOK X2 i5 1035G1 8/512 SSD GARANSI,Rp2.350.000,,,Jakarta Barat,Laptop,Infinix,Baru,Shopee
Infinix Xbook B14 AMD Ryzen 5 7535HS RAM 8GB 512GB SSD 14.0 WUXGA IPS Windows 11 Home Silver,Rp7.399.000,5.0,4 Terjual,Kab. Tangerang,Laptop,Infinix,Baru,Shopee
LAPTOP INFINIX XBOOK B14 AMD RYZEN 7 7735HS - RAM 16GB 512GB WINDOWS 11 14.0WUXGA IPS,Rp7.598.000,4.9,4RB+ Terjual,Jakarta Utara,Laptop,Infinix,Baru,Shopee
"READY STOCK Laptop INFINIX X2, I3 - 1005G1, Ram 4GB 256SSD, 14.0FHD IPS 100SRGB BAT11HRS 45W-TYPE C FAST CHARGER BLIT 1.24KG, Lengkap, Navy Blue",Rp2.950.000,,,Jakarta Barat,Laptop,Infinix,Baru,Shopee
INFINIX XBOOK B14 - AMD RYZEN 7 7735HS 16GB 512GB W11 14.0WUXGA IPS,Rp7.494.000,4.9,140 Terjual,Jakarta Utara,Laptop,Infinix,Baru,Shopee
LAPTOP INFINIX XBOOK B14 RYZEN 5 7535HS - 8/16GB 512GB 14.0WUXGA,Rp7.703.000,5.0,23 Terjual,Surabaya,Laptop,Infinix,Baru,Shopee
INFINIX XBOOK B14 RYZEN 7 7735HS - RAM 16GB 512GB W11 14.0WUXGA IPS CORAL TIDES,Rp8.498.000,4.9,462 Terjual,Jakarta Utara,Laptop,Infinix,Baru,Shopee
LAPTOP INFINIX XBOOK B14 RYZEN 7 5825U RAM 8GB 512GB W11 14.0WUXGA IPS SILVER,Rp7.494.000,5.0,46 Terjual,Jakarta Utara,Laptop,Infinix,Baru,Shopee
infinix inbook x1 i3 1005G7 18Gb RAM SSD 256,Rp2.900.000,5.0,1 Terjual,Jakarta Barat,Laptop,Infinix,Baru,Shopee
"Laptop INFINIX X2, I3 - 1005G1, Gen 10Th, Ram 8GB 256SSD, 14.0FHD IPS 100SRGB BAT11HRS 45W-TYPE C FAST CHARGER BLIT 1.24KG, Lengkap, Navy Blue",Rp2.900.000,,,Jakarta Barat,Laptop,Infinix,Baru,Shopee
Infinix Xbook B14 Amd Ryzen 5 7535HS 8GB 512GB Win 11 14 Inch Wuxga Ips,Rp7.703.000,4.8,18 Terjual,,Laptop,Infinix,Baru,Shopee
INFINIX XBOOK B14 - AMD RYZEN 5 7535HS RAM 16GB 512GB W11 14.0WUXGA IPS,Rp7.598.000,4.9,29 Terjual,Jakarta Utara,Laptop,Infinix,Baru,Shopee
INFINIX XBOOK B14 AMD Ryzen 5 7535HS 16GB 512GB SSD Windows 11 14 Inch WUXGA IPS,Rp7.396.000,5.0,14 Terjual,Semarang,Laptop,Infinix,Baru,Shopee
LAPTOP INFINIX XBOOK B14 RYZEN 7 5825U RAM 16GB 512SSD WIN11 14.0WUXGA IPS,Rp7.498.000,4.9,156 Terjual,Jakarta Utara,Laptop,Infinix,Baru,Shopee
Laptop INFINIX XBOOK B14 Ryzen 7 7735HS 16GB RAM 1TB SSD 14.0WUXGA IPS Windows 11,Rp6.689.000,4.9,44 Terjual,Jakarta Selatan,Laptop,Infinix,Baru,Shopee
INFINIX XBOOK B14 AMD RYZEN 5 5500U - RAM 16GB 256GB WINDOWS 11 14.0WUXGA IPS,Rp7.498.000,4.8,3RB+ Terjual,Jakarta Utara,Laptop,Infinix,Baru,Shopee
INFINIX XBOOK B14 AMD RYZEN 7 7735HS 8GB 512GB W11 14.0WUXGA IPS SLV,Rp8.494.000,4.9,156 Terjual,Jakarta Utara,Laptop,Infinix,Baru,Shopee
Laptop Infinix XBOOK B14 Ryzen 5 7535HS RAM 16GB SSD 1TB Windows 11+Office Home 14.0inch Wuxga IPS,Rp7.589.000,4.9,97 Terjual,Jakarta Selatan,Laptop,Infinix,Baru,Shopee
Infinix XBOOK B14 Ryzen 7 7735HS 16GB 1TB SSD 14 inch WUXGA IPS Windows 11,Rp6.499.000,4.9,108 Terjual,Jakarta Selatan,Laptop,Infinix,Baru,Shopee
Infinix Inbook X2 | I5 1334U 8GB/16GB 512GB 14.0FHD sRGB100 W11,Rp7.099.000,,2 Terjual,Yogyakarta,Laptop,Infinix,Baru,Shopee
INFINIX XBOOK B14 RYZEN 5 5500U RAM 8GB 256GB W11 14.0WUXGA IPS SILVER,Rp7.594.000,5.0,54 Terjual,Jakarta Utara,Laptop,Infinix,Baru,Shopee
INFINIX XBOOK B14 - AMD RYZEN 5 7735HS/AMD RYZEN 7 7735HS RAM 8GB 16GB 512GB SSD W11 14.0WUXGA IPS,Rp7.499.000,4.9,32 Terjual,Medan,Laptop,Infinix,Baru,Shopee
LAPTOP INFINIX XBOOK B14 (CORAL TIDES) (AMD R5-7535HS/ R7-7735HS) 16/512GB SSD WIN 11,Rp8.099.000,,1 Terjual,,Laptop,Infinix,Baru,Shopee
Laptop Infinix XBook B14 - AMD Series Ryzen 7 AMD RYZEN 7 7735HS | AMD RYZEN 5 7535HS 16GB 1TB BARU,Rp7.394.000,5.0,6 Terjual,Jakarta Selatan,Laptop,Infinix,Baru,Shopee
"Infinix Xbook B14 Ryzen 7-7735HS 16GB 1TB SSD Windows 11+Office 14.0"" Wuxga Ips",Rp7.589.000,4.9,25 Terjual,Jakarta Selatan,Laptop,Infinix,Baru,Shopee
INFINIX XBOOK B14 RYZEN - AMD 5 7535HS 16GB 512GB W11 14.0WUXGA IPS,Rp7.594.000,4.9,26 Terjual,Jakarta Utara,Laptop,Infinix,Baru,Shopee
Infinix Xbook B14 Ryzen 7 7735HS 16GB 512GB W11 14.0WUXGA IPS | Laptop Baru!,Rp7.713.000,5.0,10 Terjual,Bekasi,Laptop,Infinix,Baru,Shopee
"infinix inbook X2 2025 i5 1334U RAM 16GB 512SSD 14"" FHD IPS 100sRGB",Rp6.901.000,5.0,4 Terjual,Jakarta Selatan,Laptop,Infinix,Baru,Shopee
"LAPTOP Infinix XBOOK B14 AMD Ryzen 7 7735HS 16GB 512GB Windows 11 14.0"" WUXGA IPS",Rp7.708.000,5.0,7 Terjual,Depok,Laptop,Infinix,Baru,Shopee
INFINIX XBOOK B14 RYZEN 7 7735HS RAM 16GB SSD 1TB WINDOWS 11 + OFFICE 14.0 INCH FULL HD,Rp7.489.000,4.9,182 Terjual,Jakarta Selatan,Laptop,Infinix,Baru,Shopee
Infinix XBOOK B14 AMD Ryzen 5 7535HS 16GB SSD 512GB Windows 11 Home + Office 14.0 Wuxga dengan Panel IPS,Rp7.534.000,5.0,2 Terjual,Jakarta Utara,Laptop,Infinix,Baru,Shopee
INFINIX XBOOK B14 RYZEN 5 5500 8GB 256GB W11 14.0WUXGA IPS 2Y SLV,Rp6.950.000,,,,Laptop,Infinix,Baru,Shopee
INFINIX XBOOK B14 Amd RYZEN 5 7535HS [16GB/512GB] 14inch WUXGA IPS Windows 11,Rp7.703.000,5.0,10 Terjual,Jakarta Timur,Laptop,Infinix,Baru,Shopee
INFINIX INBOOK X2 2025 I5 1334 8GB 512GB WIN11 14.0FHD SRGB100 BLU,Rp7.888.000,,,Surabaya,Laptop,Infinix,Baru,Shopee
Laptop Infinix Xbook B14 RYZEN 7 7735HS 16GB 512GB W11 14.0WUXGA IPS,Rp7.703.000,4.9,139 Terjual,Jakarta Timur,Laptop,Infinix,Baru,Shopee
Infinix INBook X1 Pro i7 | RAM 16GB | SSD 512GB | Laptop Kerja & Kuliah,Rp4.199.999,,,Kab. Bandung Barat,Laptop,Infinix,Baru,Shopee
Infinix XBOOK B14 Ryzen 5-7535HS 16GB 512GB SSD 14 inch WUXGA IPS Windows 11,Rp6.499.000,5.0,35 Terjual,Jakarta Selatan,Laptop,Infinix,Baru,Shopee
Laptop Infinix Xbook B14 Ryzen 5 5500 16GB 256GB Win 11 14.0 WUXGA IPS,Rp6.596.000,4.4,18 Terjual,Depok,Laptop,Infinix,Baru,Shopee
INFINIX XBOOK B14 AMD RYZEN 5 5500U RAM 16GB 256GB W11 14.0WUXGA IPS SILVER,Rp7.598.000,4.9,384 Terjual,Jakarta Utara,Laptop,Infinix,Baru,Shopee
"INFINIX Inbook X2 2025 Intel Core i5 1334U 8GB-16GB 512 SSD Windows 11 14"" FHD 100% sRGB",Rp7.346.000,,,Semarang,Laptop,Infinix,Baru,Shopee
INFINIX XBOOK B14 RYZEN 5 7535HS 8GB 512GB W11 14.0WUXGA IPS SLV GARANSI RESMI 2 TAHUN,Rp7.703.000,5.0,4 Terjual,Bekasi,Laptop,Infinix,Baru,Shopee
Infinix XBOOK B14 Ryzen 7-7735HS 16GB 1TB SSD 14 inch WUXGA IPS Backlight Win11Home + Office 2024,Rp7.399.000,5.0,13 Terjual,Bogor,Laptop,Infinix,Baru,Shopee
Laptop Infinix Inbook AIR Core i3-1215U 8/512GB SSD 14”WUXGA WIN 11 Gold,Rp5.699.000,,,Jakarta Pusat,Laptop,Infinix,Baru,Shopee
Infinix Xbook B14 AMD Ryzen 7 7735HS 16GB 512GB SSD 14.0-inch Wuxga IPS Windows 11 Home,Rp8.626.000,5.0,6 Terjual,,Laptop,Infinix,Baru,Shopee
Laptop Baru INFINIX Inbook AIR Intel Core i3 1215U Ram 8 GB Ssd 512 GB Garansi Resmi Original,Rp5.249.000,5.0,1 Terjual,Bandung,Laptop,Infinix,Baru,Shopee
INFINIX XBOOK B14 RYZEN 7 7735HS 16GB 512GB W11 14.0WUXGA IPS,Rp8.371.250,5.0,5 Terjual,,Laptop,Infinix,Baru,Shopee
INFINIX XBOOK B14 RYZEN 7 7735HS 16GB 512GB W11 14. 0WUXGA IPS SILVER,Rp8.800.000,5.0,10 Terjual,Makassar,Laptop,Infinix,Baru,Shopee
INFINIX XBOOK B14 RYZEN 7 7735HS RAM 16GB SSD 512GB W11 14.0WUXGA,Rp7.398.000,5.0,4 Terjual,Depok,Laptop,Infinix,Baru,Shopee
Infinix XBook B14 - AMD Ryzen 7 7735HS | RAM 16GB/512GB | Windows 11 Home 14.0 inch WUXGA IPS,Rp8.494.000,5.0,6 Terjual,Jakarta Utara,Laptop,Infinix,Baru,Shopee
INFINIX XBOOK B14 BL41A7H Ryzen 5 7535HS 16GB 512GB W11 SILVER,Rp8.089.000,5.0,8 Terjual,,Laptop,Infinix,Baru,Shopee
laptop infinix inbook x2 2025 i5 SSD 512GB Fullset,Rp5.849.000,,,Bekasi,Laptop,Infinix,Baru,Shopee
INFINIX XBOOK B14 AMD RYZEN 7 5825U - RAM 16GB 512GB W11 14.0WUXGA IPS,Rp7.498.000,4.9,294 Terjual,Jakarta Utara,Laptop,Infinix,Baru,Shopee
"INFINIX INBOOK AIR I3 1215U RAM 8GB SSD 256GB W11 14"" WUXGA IPS 100%sRGB",Rp5.849.000,,4 Terjual,Medan,Laptop,Infinix,Baru,Shopee
Laptop Infinix XBook B14 - AMD Series Ryzen 5 7535HS 16GB 512GB Windows 11 14.0 WUXGA IPS,Rp7.594.000,5.0,6 Terjual,Jakarta Utara,Laptop,Infinix,Baru,Shopee
Laptop Infinix Xbook B14 Ryzen 7 7735HS 16GB 1TB SSD 14 inch WUXGA IPS Windows 11,Rp8.499.000,5.0,11 Terjual,Jakarta Selatan,Laptop,Infinix,Baru,Shopee
"Infinix Xbook B14 AMD Ryzen 5-7535HS 8GB/16GB SSD 512GB 14"" W11",Rp7.979.000,5.0,7 Terjual,Yogyakarta,Laptop,Infinix,Baru,Shopee
Terlaris Infinix Laptop X2 Core I3 8Gb 256Gb Garansi Resmi 2 Tahun Notebook Grey Ready Stock Baru,Rp5.161.250,,,Jakarta Timur,Laptop,Infinix,Baru,Shopee
"LAPTOP INFINIX XBOOK B14 AMD RYZEN 5 7535HS 8GB/16GB 512GB 14"" WUXGA IPS W11",Rp7.650.000,5.0,3 Terjual,,Laptop,Infinix,Baru,Shopee
Laptop Infinix Inbook Air XL442 i5-1235U,Rp6.900.000,5.0,2 Terjual,Medan,Laptop,Infinix,Baru,Shopee
"LAPTOP INFINIX XBOOK B14 AMD RYZEN 7 5825U 8GB 512GB 14"" WUXGA IPS W11",Rp7.550.000,,,,Laptop,Infinix,Baru,Shopee
Laptop Infinix Xbook B14 AMD Ryzen 7 7735HS 16GB DDR5 1TB 14 Inch WUXGA IPS Windows 11 Home Original,Rp7.397.001,5.0,12 Terjual,Jakarta Pusat,Laptop,Infinix,Baru,Shopee
LAPTOP INFINIX XBOOK B14 RYZEN 7 7735HS - 8/16GB 512GB 14.0WUXGA,Rp8.616.000,5.0,14 Terjual,Surabaya,Laptop,Infinix,Baru,Shopee
INFINIX XBOOK B14 RYZEN 7 7735HS / 7 5825U / 5 7535HS 8GB 512GB W11 14.0WUXGA IPS 2Y SILVER,Rp7.606.000,4.9,903 Terjual,Jakarta Utara,Laptop,Infinix,Baru,Shopee
INFINIX XBOOK B14 RYZEN 7 5825U 8GB 512GB W11 14.0WUXGA IPS 2Y SILVER,Rp7.094.000,4.9,393 Terjual,Jakarta Utara,Laptop,Infinix,Baru,Shopee
"INFINIX Xbook B14 - Ryzen 5-7535HS - 16GB - 512GB - 14"" WUXGA - W11",Rp7.749.000,4.3,4 Terjual,Makassar,Laptop,Infinix,Baru,Shopee
NEW Infinix XBOOK B14 Ryzen 5 7535HS RAM 16GB 1TB SSD Windows 11 Home 14 inch WUXGA IPS Backlit,Rp7.398.000,,,Depok,Laptop,Infinix,Baru,Shopee
Laptop Slim Infinix Xbook B14 Ryzen 7 7735HS RAM 16GB 512GB 14.0 WUXGA IPS Backlit Win11 Ori,Rp7.397.000,4.9,14 Terjual,Bekasi,Laptop,Infinix,Baru,Shopee
"Infinix XBOOK B15 Ryzen 7-5825U 16GB 512GB SSD 15.6"" FHD Win11",Rp6.499.000,5.0,188 Terjual,Jakarta Selatan,Laptop,Infinix,Baru,Shopee
Infinix Xbook B14 AMD Ryzen 7-7735HS RAM 8GB / 16GB SSD 512GB WIN11 Garansi resmi,Rp9.000.000,,,,Laptop,Infinix,Baru,Shopee
NEW Laptop INFINIX XBOOK B14 RYZEN 7 7735HS / 5 7535HS 16GB 512GB W11 14.0WUXGA IPS CORAL TIDES / SILVER - Laptop Tipis Murah Military Grade,Rp7.194.000,5.0,345 Terjual,Jakarta Utara,Laptop,Infinix,Baru,Shopee
LAPTOP INFINIX INBOOK AIR XL442 16/512 NEW GARANSI RESMI,Rp7.050.000,,,Medan,Laptop,Infinix,Baru,Shopee
"LAPTOP HP PROBOOK X360 11 2 IN 1 G1 G5 G7 TOUCHSCREEN - LAYAR 11,6 INCH MULUS MURAH BEKUALITAS BERGARANSI",Rp1.400.000,5.0,58 Terjual,Jakarta Utara,Laptop,Infinix,Baru,Shopee
"Infinix Inbook XL 442 [Intel i5 1235U/8GB/512GB SSD/ Windows 11] 14""WUXGA",Rp7.629.000,,1 Terjual,Jakarta Timur,Laptop,Infinix,Baru,Shopee
LAPTOP LENOVO THINKPAD YOGA 300E 11E 100E LAYAR 2 IN 1 TOUCHSCREEN 11 INCH MULUS MURAH BERGARANSI,Rp1.500.000,5.0,67 Terjual,Jakarta Utara,Laptop,Infinix,Baru,Shopee
"INFINIX INBOOK X2 Intel® Core™M i7-1065G1 14""FHD Display/8GB/512GB",Rp8.500.000,,,Balikpapan,Laptop,Infinix,Baru,Shopee
INFINIX XBOOK B14 RYZEN 7 7735HS 8GB 512GB W11 14.0WUXGA IPS 2Y SLV GARANSI RESMI,Rp8.626.000,5.0,179 Terjual,Bekasi,Laptop,Infinix,Baru,Shopee
INFINIX XBOOK B14 BL41A7 Ryzen 5 5500U 8GB 256GB W11 SILVER,Rp6.709.000,5.0,4 Terjual,,Laptop,Infinix,Baru,Shopee
INFINIX XBOOK B14 RYZEN 5 7535HS 16GB / 8GB 512GB W11 14.0WUXGA IPS SILVER / CORAL TIDES,Rp7.194.000,5.0,309 Terjual,Jakarta Utara,Laptop,Infinix,Baru,Shopee
"LAPTOP LENOVO THINKPAD YOGA 11E 100E 300E TOUCHSCREEN CELERON LAYAR 11 INCH SLIM, SUPER MURAH BAGUS MULUS BERKUALITAS DAN BERGARANSI",Rp1.500.000,4.7,54 Terjual,Jakarta Utara,Laptop,Infinix,Baru,Shopee
LAPTOP LENOVO THINKPAD L13 X13 CORE i3/I5/I7 GEN 10/11/12/13 RYZEN 3 PRO/ 5PRO/7PRO LIKE NEW PALING MULUS WORT IT TO BUY,Rp2.600.000,5.0,118 Terjual,Jakarta Utara,Laptop,Infinix,Baru,Shopee
LAPTOP INFINIX XBOOK B14 RYZEN 7 5825U - 8GB 512GB 14.0WUXGA IPS,Rp7.601.000,,,Surabaya,Laptop,Infinix,Baru,Shopee
Infinix Xbook B14 AMD Ryzen 7 7735HS 16GB SSD 512GB Coral,Rp8.819.000,,1 Terjual,,Laptop,Infinix,Baru,Shopee
"Infinix Xbook B14 Ryzen 5 7535HS | 16GB 1TB SSD | 14"" WUXGA IPS Win11Home Silver",Rp7.398.000,,,Tangerang,Laptop,Infinix,Baru,Shopee
Laptop Infinix Xbook B14 AMD Ryzen 5 7535HS 8GB 512GB 14.0 Wuxga IPS BL Win11Home,Rp7.397.001,5.0,1 Terjual,Bekasi,Laptop,Infinix,Baru,Shopee
Laptop INFINIX XBOOK B14 RYZEN 5 7535HS | RYZEN 7 8GB | 16GB 512GB,Rp7.799.000,5.0,2 Terjual,Makassar,Laptop,Infinix,Baru,Shopee
Laptop Gaming Infinix XBOOK B14 AMD Ryzen 5 7535HS 8GB DDR5 1TB 14inch WUXGA IPS Win11Home,Rp7.399.000,,1 Terjual,Bandung,Laptop,Infinix,Baru,Shopee
INFINIX XBOOK B14 - AMD RYZEN 7 7735HS 16GB 512GB W11 14.0WUXGA IPS,Rp8.498.000,5.0,49 Terjual,Jakarta Utara,Laptop,Infinix,Baru,Shopee
"LENOVO THINKPAD T470S-20HG i5-7300U 8GB 256SSD 14""FHD IPS Touch Win11",Rp3.290.000,4.9,21 Terjual,Malang,Laptop,Infinix,Baru,Shopee
"Laptop Kerja Bekas Lenovo ThinkPad T480 T490 T14 L480 L490 Core i5 i7 RAM 8GB 16GB SSD 14"" Bandel Bergaransi Murah Second",Rp4.500.000,5.0,3 Terjual,Jakarta Pusat,Laptop,Infinix,Baru,Shopee
INFINIX XBOOK B14 RYZEN 7 7735HS 8GB 512GB Windows11 14.0WUXGA IPS 2Y SLV,Rp8.601.000,5.0,1 Terjual,Surabaya,Laptop,Infinix,Baru,Shopee
INFINIX XBOOK B14 RYZEN 7 7735HS 16GB 512GB W11 14.0WUXGA IPS GARANSI RESMI INDONESIA,Rp8.499.000,5.0,30 Terjual,Tangerang,Laptop,Infinix,Baru,Shopee
Infinix Notebook Air XL442 RAM 8/256GB - 16/512GB SSD 14 Inch Garansi Resmi,Rp7.498.000,,,Tangerang,Laptop,Infinix,Baru,Shopee
Infinix Inbook Air Pro+ Oled Intel i5 16GB SSD 512GB Windows 11 + Office Permanent 14.0 Inch Resolusi 2.8K Refresh Rate 120Hz Laptop Ringan dengan Bobot 1kg | Garansi Resmi Infinix,Rp11.671.000,,2 Terjual,Jakarta Utara,Laptop,Infinix,Baru,Shopee
Laptop Infinix XBook B14 Amd Ryzen 7-7735HS 16GB/8GB RAM 512GB SSD Windows 11 Original,Rp8.505.000,,1 Terjual,Surabaya,Laptop,Infinix,Baru,Shopee
Infinix Xbook B14 AMD Ryzen 5-7535HS 14inch WUXGA IPS W11 [Garansi Resmi],Rp7.499.000,,1 Terjual,,Laptop,Infinix,Baru,Shopee
LAPTOP INFINIX INBOOK X2 INTEL CORE i5 1155G7 RAM 8GB SSD 256GB 14 INCH IPS 100% SRGB,Rp7.713.000,5.0,11 Terjual,Tangerang,Laptop,Infinix,Baru,Shopee
Laptop Kuliah!! Infinix XBOOK B14 Amd Ryzen 5 7535HS 16Gb 512Gb 14.0 WUXGA Ips win11 silver,Rp8.298.000,5.0,2 Terjual,Bandung,Laptop,Infinix,Baru,Shopee
Infinix GT Book - Intel Core i5-12450H - Nvidia RTX 3050 6GB GDDR6 - RAM 16GB - SSD 512GB - 16 inch IPS 120Hz,Rp11.900.000,5.0,1 Terjual,Jakarta Timur,Laptop,Infinix,Baru,Shopee
"Laptop Infinix Inbook X2 Core i3-1315U RAM 8GB ROM 256/512Gb SSD 14"" IPS",Rp6.595.000,4.5,10 Terjual,Jakarta Barat,Laptop,Infinix,Baru,Shopee
Laptop Infinix XBOOK B14 Amd Ryzen 5 7535HS 16GB 512GB SSD 14 Inch WUXGA IPS Win 11 Home,Rp7.398.000,5.0,1 Terjual,Tangerang Selatan,Laptop,Infinix,Baru,Shopee
INFINIX XBOOK B14 RYZEN 7 7735HS 16GB / 8GB 512GB W11 14.0WUXGA IPS SILVER / CORAL TIDES,Rp7.994.000,4.8,248 Terjual,Jakarta Utara,Laptop,Infinix,Baru,Shopee
"Infinix XBOOK B14 Ryzen 7-7735HS 16GB 512GB SSD 14.0"" WUXGA Win11",Rp7.989.000,5.0,9 Terjual,Jakarta Selatan,Laptop,Infinix,Baru,Shopee
INFINIX XBOOK B14 RYZEN 7 7735HS 8GB 512GB W11 14.0WUXGA IPS GARANSI RESMI 2 TAHUN,Rp8.616.000,5.0,1 Terjual,Bekasi,Laptop,Infinix,Baru,Shopee
LAPTOP INFINIX INBOOK AIR PRO+ OLED I5 1334 16GB 512GB W11 14.0,Rp11.661.000,5.0,2 Terjual,Surabaya,Laptop,Infinix,Baru,Shopee
"Infinix Inbook X2 Gen 11 Notebook - ( i5-1155G7 / 8GB / 512GB SSD / UMA / 14"" FHD IPS / Win11 )",Rp7.999.000,5.0,4 Terjual,Tangerang Selatan,Laptop,Infinix,Baru,Shopee
INFINIX XBOOX B14 RYZEN 5 7535HS RAM 16GB SSD 512GB NVMe LAYAR WUXGA (1920x1200) IPS,Rp6.500.000,,,Bandung,Laptop,Infinix,Baru,Shopee
INFINIX XBOOK B14 RYZEN 7 7735HS 8GB 512GB W11 14.0WUXGA IPS 2Y,Rp8.616.000,,,Bogor,Laptop,Infinix,Baru,Shopee
Laptop Infinix INBOOK X1 & X2 - INTEL I3-1005G1 4/8GB 256/512GB SSD 14.1FHD W10,Rp5.999.000,4.9,1RB+ Terjual,Semarang,Laptop,Infinix,Baru,Shopee
Lenovo Thinkpad T14 T15 Intel Core i5 GEN 7 RAM 4 atau 8 Mulus Buat Kerja dan Kuliah Bergaransi,Rp3.600.000,5.0,59 Terjual,Jakarta Utara,Laptop,Infinix,Baru,Shopee
Laptop Tipis Infinix InBook X1 | Core i3 Gen 10 | 8GB RAM | SSD 256GB | Bekas Mulus Fullset,Rp2.700.000,,,,Laptop,Infinix,Bekas,Shopee
Laptop infinix inbook X1 Core i3-1005G1 Ram 8Gb 512Gb Normal Siap Pakai - Leptop Laptop Murah - Laptop Malang - Laptop Gaming - Bergaransi - Laptop Bekas - Laptop Bekas Malang,Rp3.517.500,5.0,1 Terjual,Malang,Laptop,Infinix,Bekas,Shopee
Infinix Inbook X2 | Core i3-1005G1 SSD 256GB | Keyboard Backlight | Laptop Second Slim Desain Gen 10,Rp3.000.000,,,Depok,Laptop,Infinix,Bekas,Shopee
"Laptop Infinix Inboox X2 Intel core i7 Gen 10 Second, Mulus",Rp4.700.000,,,Jakarta Selatan,Laptop,Infinix,Bekas,Shopee
Infinix Inbook X2 i3 1005G1 Intel UHD RAM 4GB SSD 256GB Laptop Second Bekas Gen 10,Rp3.500.000,,2 Terjual,Depok,Laptop,Infinix,Bekas,Shopee
Laptop Dell Latitude Core i5 / i7 RAM 8GB SSD 256 | Second Original Dan Murah,Rp2.750.000,4.8,272 Terjual,Jakarta Pusat,Laptop,Infinix,Bekas,Shopee
laptop samsung white series np275e4v 14inch 2gb ram 500gb hdd mulus kinclong like new,Rp1.099.000,4.7,9 Terjual,Tangerang,Laptop,Infinix,Bekas,Shopee
BESTSELLER PROMO SAMSUNG CHROMEBOOK 4 Celeron N4020 Ram 4/32Gb BERGARANSI BISA CICILAN,Rp1.650.000,4.1,35 Terjual,Jakarta Barat,Laptop,Infinix,Bekas,Shopee
Original /Laptop Panasonic CF-QV8 2in1 Core i5 Gen8 | RAM 8GB | SSD 512GB | Mulus / Second / Berkualitas / Bergaransi.,Rp3.099.000,5.0,25 Terjual,Jakarta Barat,Laptop,Infinix,Bekas,Shopee
"LAPTOP HP ELITEBOOK 430 440 450 630 G6 G7 G9 I3 GEN 12 LAYAR 13,3 INCH MURAH MULUS BANYAK BONUSNYA",Rp3.300.000,4.5,30 Terjual,Jakarta Utara,Laptop,Infinix,Bekas,Shopee
Samsung Chromebook 4 | Celeron-N4020 | Ram 4/32GB | BERGARANSI,Rp1.550.000,4.6,286 Terjual,Jakarta Barat,Laptop,Infinix,Bekas,Shopee
Acer Travelmate P214 Core i5 Gen 11 Ram 16GB SSD 1TB Laptop Bekas Bergaransi Original Siap Pakai,Rp3.797.000,4.9,92 Terjual,Jakarta Utara,Laptop,Infinix,Bekas,Shopee
LAPTOP BARU DASER S1 S2 15 INCH FHD CELERON N5905A SSD 1TB RAM 16GB GARANSI TUKAR UNIT,Rp2.400.000,4.6,23 Terjual,Jakarta Utara,Laptop,Infinix,Bekas,Shopee
Laptop 2in1 Tablet Lenovo Ideapad D330 N4000 Ram 4GB Ssd eMMc 64GB - Second Bergaransi,Rp1.599.000,4.9,157 Terjual,Jakarta Pusat,Laptop,Infinix,Bekas,Shopee
"ACER A314 INTEL N4000 / 8GB RAM / 512GB SSD / 14"" / WIN 10 / GRATIS ONGKIR / ACER A314-32 4GB 1TB",Rp2.300.000,4.8,67 Terjual,Jakarta Barat,Laptop,Infinix,Bekas,Shopee
HP Pro C640 Chromebook i5 10310U - chromebook HP - HP Chromebook PRO C640,Rp2.500.000,4.9,67 Terjual,Jakarta Pusat,Laptop,Infinix,Bekas,Shopee
Laptop Lenovo Core i5 / i7 RAM 16GB / 8GB SSD 256GB / 512GB Windows 10 /11 Siap Pakai,Rp3.000.000,4.9,10RB+ Terjual,Bandung,Laptop,Infinix,Bekas,Shopee
LENOVO THINKPAD SERI YOGA 11E 300E S1 CORE I5/I7 BISA DI LIPAT 360 DERAJAT +STYLUSH PEN SUPER MURAH RAM 8 SSD 256,Rp1.500.000,4.9,444 Terjual,Jakarta Utara,Laptop,Infinix,Bekas,Shopee
HARGA LAPTOP BEKAS || Netbook Samsung Chomebook XE303C12 cam layar 11.6 mulusss,Rp499.000,4.8,1RB+ Terjual,Jakarta Barat,Laptop,Infinix,Bekas,Shopee
Laptop Dell Latitude Core i5 / Core i7 | RAM 16GB | SSD 512GB | Mulus / Second / Original / Berkualitas / Bergaransi.,Rp2.750.000,4.8,1RB+ Terjual,Jakarta Pusat,Laptop,Infinix,Bekas,Shopee
Laptop Acer Series Core i7 / i5 / i3 | AMD Ryzen,Rp2.900.000,4.8,32 Terjual,Jakarta Timur,Laptop,Infinix,Bekas,Shopee
Notebook Samsung Chromebook 4 intel Celeron N4020 Ram4/32GB Normal,Rp1.650.000,4.7,40 Terjual,Tangerang,Laptop,Infinix,Bekas,Shopee
Laptop Fujitsu MU937 Celeron 3865U-7TH RAM 8G 256GB SSD - Layar 13.3 Inch 1920*1080 Mulus dan Murah & Tas/Mouse,Rp1.350.000,4.7,299 Terjual,Tangerang,Laptop,Infinix,Bekas,Shopee
Notebook Acer Es1-131 / Es1-132 | Intel Celeron | Ram 4GB | HDD 500GB | BERGARANSI,Rp1.500.000,4.5,147 Terjual,Jakarta Barat,Laptop,Infinix,Bekas,Shopee
"Laptop ASUS X453/Dual Core/8GB/512GB SSD/Win 10/14"" inch - 2GB/500GB / Bonus Mouse & Tas",Rp1.600.000,4.5,232 Terjual,Jakarta Barat,Laptop,Infinix,Bekas,Shopee
Laptop HP EliteBook 830 840 850 G3 G4 G5 G6 G7 G8 Intel I5 I7 Generasi 8 Murah Mulus Berkualitas,Rp3.100.000,4.5,25 Terjual,Jakarta Utara,Laptop,Infinix,Bekas,Shopee
"LAPTOP LENOVO THINKPAD YOGA 11E 100E 300E TOUCHSCREEN CELERON LAYAR 11 INCH SLIM, SUPER MURAH BAGUS MULUS BERKUALITAS DAN BERGARANSI",Rp1.500.000,4.7,54 Terjual,Jakarta Utara,Laptop,Infinix,Bekas,Shopee
LAPTOP ACER INTEL CORE i3 / RAM 8GB / SSD 512GB / 14 INCH / WIN10 / 4GB 256GB,Rp2.700.000,5.0,51 Terjual,Jakarta Barat,Laptop,Infinix,Bekas,Shopee
LAPTOP HP ELITEBOOK X360 840 845 G5 G6 CORE I5/I7 GEN 8 /10 /11 /AMD Ryzen 5 Pro - MURAH DAN BERGARANSI,Rp2.500.000,4.9,83 Terjual,Jakarta Utara,Laptop,Infinix,Bekas,Shopee
Notebook Samsung Chrombook 11 Intel Celeron N4020 Ram4/32gb Fullset Mulus,Rp1.650.000,4.8,569 Terjual,Jakarta Barat,Laptop,Infinix,Bekas,Shopee
Laptop Lenovo Thinkpad Yoga S1 11E 300E X380 X390 Touch Core i5/i7 Gen 8 - BISA LIPAT 360 & SYTLUS PEN - MURAH,Rp1.500.000,4.8,171 Terjual,Jakarta Utara,Laptop,Infinix,Bekas,Shopee
"FREE PRINTER/LAPTOP HP 14 DUAL CORE/ RAM 8 HDD 1TB""FREE GIFT",Rp1.370.000,4.3,25 Terjual,Jakarta Barat,Laptop,Infinix,Bekas,Shopee
Laptop Lenovo Thinkpad Seri Yoga 11E & S1 Yoga 12 & Yoga 260 & Yoga 370 460 Touch Screen Like New,Rp1.500.000,4.9,749 Terjual,Jakarta Utara,Laptop,Infinix,Bekas,Shopee
"Laptop Lenovo Yoga 260 ,11E , 300E , 12 , 460. X380 X390 370 L390 L380 Touchscreen Core i5 i7 Gen 6, 8 + BONUS!!! PALING MURAH PALING MULUS WORT IT TO BUY",Rp1.600.000,4.9,162 Terjual,Jakarta Utara,Laptop,Infinix,Bekas,Shopee
"laptop sekolah murah HP ChromeBook 11 G8 EE, Like New, Seri Baru",Rp1.650.000,4.8,68 Terjual,Jakarta Barat,Laptop,Infinix,Bekas,Shopee
Notebook Asus E203NAH/MAH | Intel Celeron N4000 | Ram 2GB/4GB | Hdd 500GB/SSD 256GB | WIND 10 | SIAP PAKAI DAN BERGARANSI,Rp1.600.000,4.8,143 Terjual,Jakarta Barat,Laptop,Infinix,Bekas,Shopee
LAPTOP LENOVO THINKPAD YOGA 11E/300E /100ETouchscreen - RAM 8/256GB MULUS,Rp1.500.000,4.9,61 Terjual,Jakarta Utara,Laptop,Infinix,Bekas,Shopee
Laptop LENOVO THINKPAD L440/L450/L460 CORE I5 RAM 8 SSD 128 SECOND / BERKUALITAS / BERGARANSI,Rp1.800.000,4.8,38 Terjual,Jakarta Utara,Laptop,Infinix,Bekas,Shopee
PROMO...!!! Laptop Leptop Asus X441 Intel Celeron Generasi Terbaru windows 10 siap pakai kondisi normal sangat bagus,Rp1.800.000,4.8,482 Terjual,Jakarta Timur,Laptop,Infinix,Bekas,Shopee
"free printer Laptop HP 14 Dual Core RAM 8GB/1 TB/SSD 256GB Windows 10 ""FREE MOUSE / TAS""",Rp1.603.000,4.6,1RB+ Terjual,Jakarta Barat,Laptop,Infinix,Bekas,Shopee
LAPTOP LENOVO THINKPAD YOGA 300E 11E 100E LAYAR 2 IN 1 TOUCHSCREEN 11 INCH MULUS MURAH BERGARANSI,Rp1.500.000,5.0,67 Terjual,Jakarta Utara,Laptop,Infinix,Bekas,Shopee
Laptop HP Core i7 i5 / RAM 16GB / SSD 1TB / 2TB / 500GB / SSD 256GB / SSD 512GB - Laptop Bekas HP i7 i5 8GB SSD,Rp1.300.000,4.7,447 Terjual,Jakarta Utara,Laptop,Infinix,Bekas,Shopee
laptop netbook second samsung 10 inch murah normal semua siap pakai & zoom baterai awet garansi,Rp880.000,4.5,18 Terjual,Jakarta Barat,Laptop,Infinix,Bekas,Shopee
Laptop Lenovo ThinkPad Core i5 i7 Ryzen 5 Second X250 X260 X270 X280 X390 X395 X1 Carbon X1 Yoga T470 T480 T490 T495 T14 L380 L390 L490 L14 L13 Yoga - Laptop Bekas Murah Bergaransi Untuk Sekolah SMP SMA Kuliah Kerja Kantor,Rp3.700.000,4.9,271 Terjual,Jakarta Pusat,Laptop,Infinix,Bekas,Shopee
Laptop Lenovo Thinkpad T Series T460 T450/T450S T440 T470 T480 Core I5/I7 Touch screen RAM 8G/16GB SSD 256GB/512GB Peningkatan Baru Mulus & Lancar bekas Second Bergaransi Berkualitas IPS US Keyboard backlight,Rp1.499.000,4.8,2RB+ Terjual,Tangerang,Laptop,Infinix,Bekas,Shopee
"Laptop Axioo Mybook 14F, Layar 2K, Super Jernih, Seri Baru, Super Slim, Like New, Fullset, Grey",Rp2.000.000,5.0,13 Terjual,Jakarta Barat,Laptop,Infinix,Bekas,Shopee
LAPTOP GAMING DELL PRECISION 3510 3530 5510 5520 5530 7430 7510 7740 M3800 M4600 M4700 M6800 MULUSSSS MANTAPPPP,Rp2.200.000,3.7,7 Terjual,Jakarta Utara,Laptop,Infinix,Bekas,Shopee
Laptop Acer Travelmate Intel Core i5 Gen 8 Ram 8GB SSD 256GB - siap pakai,Rp2.599.000,4.6,539 Terjual,Jakarta Pusat,Laptop,Infinix,Bekas,Shopee
Laptop Advan Soulmate 1405,Rp1.900.000,4.8,26 Terjual,Jakarta Barat,Laptop,Infinix,Bekas,Shopee
LAPTOP ACER ASPIRE 3 SLIM RAM 4GB SSD 256GB WIN 10,Rp1.840.000,5.0,248 Terjual,Jakarta Barat,Laptop,Infinix,Bekas,Shopee
Laptop Lenovo Thinkpad X250/T450/L550 | X260/T460/L560 | X270/T470/L570 | X280/T480 | i3/i5/i7 | Mulus / Second / Original / Berkualitas / Bergaransi,Rp2.500.000,4.9,4RB+ Terjual,Jakarta Pusat,Laptop,Infinix,Bekas,Shopee
Laptop Lenovo X-serie Core i5 Gen 8 Ram 16GB SSD 256GB OS windows 10/11 - siap pakai,Rp1.550.000,4.5,1RB+ Terjual,Jakarta Pusat,Laptop,Infinix,Bekas,Shopee
Chromebook acer Spin 13 / intel core i7-8th / intel core i5-8th / chrome book / chormebook / acer chromebook,Rp2.200.000,4.9,50 Terjual,Jakarta Pusat,Laptop,Infinix,Bekas,Shopee
Laptop Lenovo Thinkpad T-Series intel Core i5/i7 RAM 8G SSD 256GB Like baru Bergaransi laptop murah,Rp1.599.000,4.8,575 Terjual,Jakarta Pusat,Laptop,Infinix,Bekas,Shopee
Laptop Asus 14 win-10 intel dual core /RAM 8GB/1TB || [FREE MOUSE],Rp1.345.000,4.5,774 Terjual,Jakarta Barat,Laptop,Infinix,Bekas,Shopee
"HARGA LAPTOP BEKAS || Netbook Samsung Chomebook XE303C12 cam. 11.6"" mulusss",Rp499.000,4.5,18 Terjual,Jakarta Barat,Laptop,Infinix,Bekas,Shopee
Laptop Lenovo Intel Core i5 / i7 RAM 8GB / 16GB SSD 256GB / 500GB windows 10 / 11 - siap pakai,Rp1.250.000,4.6,10RB+ Terjual,Jakarta Pusat,Laptop,Infinix,Bekas,Shopee
ACER ASPIRE 3 A314-32 | INTEL CELERON N4000 | 8GB RAM | SSD 512GB | 14 INCH,Rp2.214.200,4.9,161 Terjual,Jakarta Barat,Laptop,Infinix,Bekas,Shopee
Laptop Dell Latitude Intel core i3 / i5 / i7 Gen 8 Ram 32GB / 16GB SSD 256GB Windows 11 - siap pakai,Rp1.350.000,4.5,1RB+ Terjual,Jakarta Pusat,Laptop,Infinix,Bekas,Shopee
LAPTOP LENOVO THINKPAD YOGA 11E 300E FLIP 360 TOUCHSCREEN BEKAS MURAH BERGARANSI SECOND MULUS UNBK,Rp1.500.000,4.9,328 Terjual,Jakarta Utara,Laptop,Infinix,Bekas,Shopee
Notebook asus X200 RAM 2GB HDD 500GB second,Rp1.199.000,4.6,118 Terjual,Kab. Bandung,Laptop,Infinix,Bekas,Shopee
free printer Laptop Asus intel celeron RAM 8GB SSD 256GB FREE MOUSE + TAS,Rp1.313.000,4.5,694 Terjual,Jakarta Barat,Laptop,Infinix,Bekas,Shopee
[Bekas] Laptop Lenovo Thinkpad L380/L390/L420/L430/L440/L450/L460/L470/L480/L490 Core i3/i5/i7,Rp1.800.000,4.8,398 Terjual,Jakarta Utara,Laptop,Infinix,Bekas,Shopee
"Laptop i5 CORE i5 i7 Dell / RAM 8GB / SSD 512GB / SSD 256GB /2TB/1TB/ 14"" - Windows 10, Laptop Bekas Dell i5 Core i5",Rp1.400.000,4.6,1RB+ Terjual,Jakarta Utara,Laptop,Infinix,Bekas,Shopee
Laptop Hp Intel core i3 / i5 / i7 Ram 8Gb / 16GB SSD 256GB / 500GB OS windows 10 / 11 - siap pakai,Rp1.350.000,4.7,3RB+ Terjual,Jakarta Pusat,Laptop,Infinix,Bekas,Shopee
LAPTOP HP 14 DUAL CORE RAM 8GB 512 SSD WINDOWS 10,Rp1.060.000,4.2,23 Terjual,Jakarta Barat,Laptop,Infinix,Bekas,Shopee
Laptop Asus X450E AMD E1 - 2500 Ram 8GB SSD 500GB /256GB / 1TB Windows 10 - Siap pakai,Rp1.650.000,4.5,873 Terjual,Jakarta Pusat,Laptop,Infinix,Bekas,Shopee
Apple Macbook Laptop Bekas RAM 8G 256GB SSD Mouse dan Tas Komputer Second Bergaransi Ori,Rp1.899.000,4.7,557 Terjual,Jakarta Pusat,Laptop,Infinix,Bekas,Shopee
HARGA LAPTOP BEKAS || Netbook Samsung Chomebook XE303C12 camera 11.6inch mulusss,Rp499.000,4.9,262 Terjual,Jakarta Barat,Laptop,Infinix,Bekas,Shopee
Laptop HP Probook Elitebook Murah All Series | Intel Core i7 / i5 / i3 / AMD Ryzen | RAM 8/16GB | SSD 128/256GB,Rp650.000,4.8,327 Terjual,Jakarta Pusat,Laptop,Infinix,Bekas,Shopee
"Asus Chromebook CX22N, (OS Chrome), Seri Baru, Slim, Fullset, Silver",Rp1.200.000,5.0,10 Terjual,Jakarta Barat,Laptop,Infinix,Bekas,Shopee
Laptop HP EliteBook 820 830 850 G3 G7 HP Probook X360 MULUS NO MINUS,Rp1.500.000,4.8,170 Terjual,Jakarta Utara,Laptop,Infinix,Bekas,Shopee
Laptop Asus X450CA Celeron 1017U Ram 16Gb 512Gb Normal Siap Pakai - Leptop Laptop Murah - Laptop Malang - Laptop Gaming - Bergaransi - Laptop Bekas - Laptop Bekas Malang,Rp1.270.000,4.9,12 Terjual,Malang,Laptop,Infinix,Bekas,Shopee
Laptop Lenovo 1 Jutaan & Surface 3 Second Bergaransi RAM 4GB SSD 64GB,Rp1.404.900,4.9,312 Terjual,Jakarta Barat,Laptop,Infinix,Bekas,Shopee
Notebook Acer 11 inchi intel celeron Ram 4GB Ssd 256GB FREE GIFT,Rp1.313.000,4.3,92 Terjual,Jakarta Barat,Laptop,Infinix,Bekas,Shopee
Laptop HP Probook 640 650 6470B G1 G2 G3 G4 G5 Core i5/i7 HP Elitebook 630 G9 RAM 32 SSD 512 SUPER MULUS NO BERGARANSI,Rp2.100.000,4.8,99 Terjual,Jakarta Utara,Laptop,Infinix,Bekas,Shopee
Notebook Hp Stream 11 | Intel Celeron N2840 | Ram 2GB | Ssd 256GB | BERGARANSI,Rp1.100.000,4.7,95 Terjual,Jakarta Barat,Laptop,Infinix,Bekas,Shopee
minus gak bisa di cas laptop ml infinix inbox x2 ram 4gb,Rp1.200.000,,,,Laptop,Infinix,Bekas,Shopee
"Laptop Lenovo Thinkpad X220 X230 X240 X250 X260 X270 X280 X390 I3/i5 GEN 3,5,6,7,8 + BONUS!!! PALING MURAH PALING MULUS WORT IT TO BUY",Rp1.800.000,4.7,148 Terjual,Jakarta Utara,Laptop,Infinix,Bekas,Shopee
Laptop Samsung Chromebook 4 Celeron N4020 Roblox game playstore,Rp1.250.000,4.5,20 Terjual,Malang,Laptop,Infinix,Bekas,Shopee
ADVAN Soulmate X Amd Athlon 3020e RAM16GB SSD512GB Windows 11 Original,Rp3.549.000,4.9,1RB+ Terjual,Jakarta Pusat,Laptop,Infinix,Bekas,Shopee
"Nb Samsung Chromebook 4, Seri Baru, Like New, Slim, Cantik, Fullset, Silver",Rp1.575.000,5.0,12 Terjual,Jakarta Barat,Laptop,Infinix,Bekas,Shopee
Laptop Asus Chromebook C423 | Intel Celeron N3350 | Ram 4GB/32GB | SUPER SLIM,Rp1.650.000,5.0,1 Terjual,Jakarta Barat,Laptop,Infinix,Bekas,Shopee
"Laptop Samsung 275E, Amd E1-1500, Ram 4/500Gb, White",Rp1.300.000,5.0,4 Terjual,Jakarta Barat,Laptop,Infinix,Bekas,Shopee
Lenovo legion 5 Pro 16 i7 12700 RTX3050TI-4GB 32GB 1 TB W11 16 Inchi QHD IPS 165Hz 100% sRGB,Rp1.220.000,,,Kab. Bekasi,Laptop,Infinix,Bekas,Shopee
Lenovo Yoga 11e - N2930 - 4GB RAM - SSD 128GB - 11.6 inch - Bekas,Rp1.250.000,5.0,37 Terjual,Jakarta Pusat,Laptop,Infinix,Bekas,Shopee
Laptop HP Elitebook 840 640 G5 i7 Generasi 8 MURAH BERKUALITAS!!!!,Rp3.700.000,4.9,291 Terjual,Jakarta Utara,Laptop,Infinix,Bekas,Shopee
Laptop Asus X450CA Celeron 1017U Ram 16Gb 512Gb Normal Siap Pakai - Leptop Laptop Murah - Laptop Malang - Laptop Gaming - Bergaransi - Laptop Bekas - Laptop Bekas Malang,Rp1.050.000,4.4,52 Terjual,Malang,Laptop,Infinix,Bekas,Shopee
INFINIX XBOOK B14 RYZEN 5 7535HS 16GB 512GB W11 14.0WUXGA IPS,Rp7.584.000,5.0,294 Terjual,Jakarta Utara,Laptop,Infinix,Bekas,Shopee
Laptop Lenovo ThinkPad Core i7/i5 RAM 8GB SSD 256GB Mulus Original Bergansi,Rp3.300.000,4.9,1RB+ Terjual,Bandung,Laptop,Infinix,Bekas,Shopee
notebook ASUS E203NAH upgrade ssd 256gb ram 2gb,Rp1.449.000,4.6,19 Terjual,Tangerang,Laptop,Infinix,Bekas,Shopee
AMOLI Laptop 14‘’ inch Intel N95 RAM 16GB+512GB SSD Ready stock Instalasi Gratis Window 11 pro + office + gifts + garansi 1 tahun + Bisa COD leptop laptop murah,Rp2.950.000,4.9,998 Terjual,Jakarta Utara,Laptop,Infinix,Bekas,Shopee
Asus Chromebook C214M ( Touchscreen ) | Intel Celeron N4020 | Ram 4GB/32GB | Laptop 2 in 1,Rp1.750.000,5.0,6 Terjual,Jakarta Barat,Laptop,Infinix,Bekas,Shopee
INFINIX XBOOK B14 RYZEN 7 7735HS RAM 8GB/16GB SSD 512GB W11 14.0WUXGA,Rp6.394.000,4.9,151 Terjual,Bandung,Laptop,Infinix,Bekas,Shopee
Laptop Dell Series | 5310 Gen10 | 5300 Core i7 | RAM 8 / 16GB | SSD 128GB / 256GB,Rp2.632.000,4.7,359 Terjual,Jakarta Timur,Laptop,Infinix,Bekas,Shopee
LAPTOP GAMING LENOVO THINKPAD T14 T14S 4TH CORE i7 TOUCHSCREEN RYZEN RAM 32GB SSD,Rp4.185.000,4.9,192 Terjual,Jakarta Barat,Laptop,Infinix,Bekas,Shopee
Laptop HP Elitebook 845 G8 Ryzen 7 / Ryzen 5 | 16GB RAM | SSD 512GB | Layar IPS | Backlight | Fingerprint | Windows 11,Rp4.599.000,4.8,89 Terjual,Jakarta Barat,Laptop,Infinix,Bekas,Shopee
"Nb Samsung Chromebook 4, Seri Baru, Like New, Slim, Cantik, Fullset, Silver",Rp1.650.000,,,Jakarta Barat,Laptop,Infinix,Bekas,Shopee
Laptop 14‘’ inch Intel N4000 RAM 8G+256GB SSD Ready stock win11+office+gifts+garansi 1 tahun+Bisa COD,Rp3.380.000,4.7,237 Terjual,Jakarta Utara,Laptop,Infinix,Bekas,Shopee
Laptop Samsung 355V4C Amd A6-4400M vga Amd radeon hd 7520G ram 4GB HDD 320 GB slim mulus 14 inch,Rp1.550.000,5.0,7 Terjual,Jakarta Barat,Laptop,Infinix,Bekas,Shopee
INFINIX XBOOK B14 AMD RYZEN 7 7735HS 8GB 512GB W11 14.0WUXGA IPS SLV,Rp8.494.000,4.9,156 Terjual,Jakarta Utara,Laptop,Infinix,Bekas,Shopee
Laptop Gaming HP Elitebook 845 G8 AMD Ryzen 5 Pro 5000 Series Ram 32 GB SSD 1 TB Layar 14 inch Touchscreen,Rp4.890.000,4.9,480 Terjual,Jakarta Pusat,Laptop,Infinix,Bekas,Shopee
Infinix XBOOK B14 Ryzen 7 7735HS 16GB 1TB SSD 14 inch WUXGA IPS Windows 11,Rp6.499.000,4.9,108 Terjual,Jakarta Selatan,Laptop,Infinix,Bekas,Shopee
"Garansi Resmi+Bisa COD Asli Baru Laptop Murah RAM 16GB + SSD 512GB 15.6""IPS Intel N95 Gratis Instalasi Windows 11 + office laptop gaming Generasi ke-11 Tipis Dan Portabel desain grafis Asus vivobook Siswa laptop hp Kunci sidik jari Garansi 1 Tahun",Rp2.950.000,4.8,2RB+ Terjual,Jakarta Utara,Laptop,Infinix,Bekas,Shopee
LAPTOP AXIOO HYPE SERIES - INTEL N4020 8GB RAM 256GB SSD WINDOWS 11,Rp3.553.900,4.9,1RB+ Terjual,Depok,Laptop,Infinix,Bekas,Shopee
"LAPTOP JUMPER TECH EZBOOK X3 Celeron N3450 Ram 8GB SSD 256GB OS. WINDOWS 10 ORIGINAL 13.3""IPS FHD",Rp2.150.000,4.8,105 Terjual,Jakarta Barat,Laptop,Infinix,Bekas,Shopee
Infinix INBook X1 Pro i7 | RAM 16GB | SSD 512GB | Laptop Kerja & Kuliah,Rp4.199.999,,,Kab. Bandung Barat,Laptop,Infinix,Bekas,Shopee
【2025 baru】Laptop gaming murah Intel N95 15.6'' FHD IPS 16Gb 512Gb laptop Kunci sidik jari Garansi 1 Tahun Gratis Instalasi Windows 11 + office laptop gaming Generasi ke-11 Tipis Dan Portabel desain grafis Siswa laptop,Rp1.400.000,5.0,413 Terjual,Jakarta Utara,Laptop,Infinix,Bekas,Shopee
Notebook 2 in 1 Flip Touchscreen Asus TP202N Intel Celeron-N3350 Ram 4Gb HDD 500Gb Os. Windows 10 Full aplikasi Office lengkap,Rp1.600.000,4.3,4 Terjual,Jakarta Barat,Laptop,Infinix,Bekas,Shopee
LAPTOP INFINIX XBOOK B14 (CORAL TIDES) (AMD R5-7535HS/ R7-7735HS) 16/512GB SSD WIN 11,Rp8.099.000,,1 Terjual,,Laptop,Infinix,Bekas,Shopee
AMOLI Laptop Baru Laptop Laptop 14 inch layar HD windows 11 Pink Silver Hitam Laptop RAM 8G+256GBSSD Intel N4000 Laptop Murah Laptop Tipis dan Ringan Laptop HP Laptop Asus Laptop Asus + Hadiah,Rp2.950.000,4.6,154 Terjual,Jakarta Utara,Laptop,Infinix,Bekas,Shopee
Laptop leptop Second seken bekas gaming desain Laptop leptop second Asus a442u Core i5 gen ram 4 nvidia geforce 930mx murah Berkualitas Original like new,Rp2.989.000,,,Jakarta Timur,Laptop,Infinix,Bekas,Shopee
Laptop Gaming Dell Latitude Core i5 / i7 RAM 8GB SSD 256GB Win 10 Murah Bergaransi 6 Bulan Full Game,Rp1.930.000,4.9,3RB+ Terjual,Bandung,Laptop,Infinix,Bekas,Shopee
INFINIX XBOOK B14 RYZEN 7 7735HS RAM 16GB SSD 1TB WINDOWS 11 + OFFICE 14.0 INCH WUXGA IPS,Rp7.589.000,5.0,112 Terjual,Jakarta Selatan,Laptop,Infinix,Bekas,Shopee
MICROSOFT Surface Laptop 3 Ram 16GB SSD 256GB Intel Core i7 gen 10 Touchscreen,Rp4.495.000,5.0,8 Terjual,Jakarta Pusat,Laptop,Microsoft,Baru,Shopee
Microsoft Surface Book 2 i7 gen 8 ddr4 16 ssd 512 nvidia GTX,Rp3.100.000,5.0,6 Terjual,Jakarta Pusat,Laptop,Microsoft,Baru,Shopee
LAPTOP MICROSOFT SURFACE LAPTOP 2 TOUCHSCREEN INTEL CORE I5 GEN 8 RAM 8GB SSD 256GB,Rp3.480.000,4.8,9 Terjual,Jakarta Pusat,Laptop,Microsoft,Baru,Shopee
Laptop Microsoft surface pro 3 Core i7-4650U Ram 8Gb Ssd 512Gb Fullset,Rp2.150.000,,,Jakarta Pusat,Laptop,Microsoft,Baru,Shopee
Microsoft Surface Book 2 intel Core i5 Gen 7 RAM 8 GB SSD 256 GB + FREE TAS & MOUSE WIRELESS,Rp3.755.000,,,Jakarta Pusat,Laptop,Microsoft,Baru,Shopee
Microsoft Surface Laptop 4 Core I7 GEN 11 RAM 16GB SSD 512GB / 256GB Touchscreen Layar Resolusi 2K,Rp6.664.000,5.0,5 Terjual,,Laptop,Microsoft,Baru,Shopee
Laptop Microsoft Surface Pro 4 Touch Intel Core i5-6300U Ram 4Gb Ssd 128Gb QHD+ (2736 × 1824),Rp3.300.000,,,Malang,Laptop,Microsoft,Baru,Shopee
Laptop Microsoft Surface 3 Intel Core i5 gen 10 RAM 8 SSD 256 ( TOUCHSCREEN ) Original Bergaransi,Rp4.475.000,5.0,2 Terjual,Jakarta Pusat,Laptop,Microsoft,Baru,Shopee
MICROSOFT Surface Pro Core i5-6300U Ram 4Gb Ssd 128Gb SCU23420,Rp3.300.000,,,Malang,Laptop,Microsoft,Baru,Shopee
Microsoft Surface Pro 4 CORE I7 RAM 8 GB SSD 256 GB,Rp2.350.000,4.9,16 Terjual,Jakarta Pusat,Laptop,Microsoft,Baru,Shopee
Laptop Microsoft Surface core i7 gen 7 ram 16Gb ssd 512gb backlight,Rp5.000.000,,,Malang,Laptop,Microsoft,Baru,Shopee
LAPTOP MICROSOFT SURFACE PRO 7+ I5 GEN 11 RAM 16/512GB,Rp5.700.000,5.0,1 Terjual,Jakarta Pusat,Laptop,Microsoft,Baru,Shopee
Laptop Microsoft Surface Pro 4 Core i7-6650U Ram 16Gb Ssd 1Tb Mulus,Rp2.850.000,,,Jakarta Pusat,Laptop,Microsoft,Baru,Shopee
Microsoft Surface Laptop 3 Core i7 Gen 10 Ram 16 GB SD 256 GB Layar 13 Inc 2K Touchscreen,Rp5.490.000,5.0,2 Terjual,Jakarta Pusat,Laptop,Microsoft,Baru,Shopee
Microsoft Surface Laptop 7th gen snapdragon x plus 16/256 13.9 inch,Rp12.000.000,,,,Laptop,Microsoft,Baru,Shopee
MICROSOFT SURFACE PRO 5 I5 7300U 4GB RAM 128GB SSD 2736X1824 MULUS,Rp3.500.000,5.0,5 Terjual,Jakarta Timur,Laptop,Microsoft,Baru,Shopee
Microsoft Surface Laptop 2 Intel Core i5 gen 8 RAM 8GB SSD 128GB Keyboard backlight,Rp4.000.000,,,,Laptop,Microsoft,Baru,Shopee
microsoft surface laptop 6 Ultra 7 165H | RAM 16GB 32GB | SSD 51GB 1TB | 15inc Touchscreen,Rp16.500.000,,,Jakarta Pusat,Laptop,Microsoft,Baru,Shopee
MICROSOFT SURFACE BOOK 3 I7 - 1065G7 RAM 32GB /SSD 256GB TOUCHSCREEN NVIDIA 1650 GTX,Rp7.630.000,,,Jakarta Barat,Laptop,Microsoft,Baru,Shopee
MICROSOFT SURFACE LAPTOP 4 - INTEL CORE I5 GEN 11 - ⁠16GB RAM - ⁠512GB SSD,Rp4.900.000,,,Jakarta Barat,Laptop,Microsoft,Baru,Shopee
MICROSOFT SURFACE LAPTOP 4 || Intel Core i7 11th - RAM 16 GB - SSD 256 GB -15” 2K IPS ke,Rp4.985.000,5.0,8 Terjual,Bandung,Laptop,Microsoft,Baru,Shopee
MICROSOFT SURFACE LAPTOP 3 TOUCHSCREEN 15 INCH RAM 16GB SSD 256GB INTEL CORE I7 GEN 10,Rp5.280.000,4.7,4 Terjual,Jakarta Pusat,Laptop,Microsoft,Baru,Shopee
Laptop MICROSOFT Surface Pro Core i5-6300U Ram 4Gb Ssd 128Gb SCU23420,Rp3.300.000,,,Malang,Laptop,Microsoft,Baru,Shopee
MICROSOFT SURFACE PRO 7+ I5 1135G7 16GB RAM 256GB SSD 2736X1824 CAM,Rp7.750.000,5.0,11 Terjual,Jakarta Timur,Laptop,Microsoft,Baru,Shopee
MICROSOFT SURFACE LAPTOP 2 RAM 16GB SSD 256GB INTEL CORE i5 GEN 8,Rp5.480.000,,,Jakarta Pusat,Laptop,Microsoft,Baru,Shopee
Microsoft Surface Laptop 3 CI5 1035G7 1.2ghz &1.5 ghz Ram 8gb Ssd 128gb | 8gb 256gb,Rp5.371.053,,,Jakarta Pusat,Laptop,Microsoft,Baru,Shopee
MICROSOFT SURFACE PRO 4 I7 6650U 8 RAM 256GB SSD 2736X1824 MURAH,Rp4.850.000,,,Jakarta Timur,Laptop,Microsoft,Baru,Shopee
Laptop Microsoft Surface Pro 6 Core i5 gen 8 || RAM 8gb SSD 256gb || TOUCHSCREEN + Keyboard,Rp4.979.990,4.0,1 Terjual,Jakarta Pusat,Laptop,Microsoft,Baru,Shopee
Microsoft Surface Laptop 1 Touchscreen Intel Core i7 gen 7 RAM 16gb SSD 256gb Original Bergaransi,Rp7.975.000,,,Jakarta Pusat,Laptop,Microsoft,Baru,Shopee
Microsoft Surface Laptop 3 Intel Core i5-10Gen 13 Inch 2K Touchs RAM 8GB SSD 256GB / 512GB,Rp5.450.000,,,Surabaya,Laptop,Microsoft,Baru,Shopee
Microsoft Surface Laptop 4 Core I7 GEN 11 RAM 16GB SSD 512GB / 256GB Touchscreen Layar Resolusi 2K,Rp6.050.000,,,,Laptop,Microsoft,Baru,Shopee
Laptop Microsoft Surface Pro 7+ Core i7 1185G7 Iris Xe Ram 16Gb Ssd 1Tb Fullset,Rp5.350.000,4.0,1 Terjual,Jakarta Pusat,Laptop,Microsoft,Baru,Shopee
"Laptop Microsoft Surface Pro 6 Core I7-8650U | RAM 16GB | S 512GB | 12.3inci FHD | W11 ORI - Laptop Premium 2-in-1 Performa Tinggi Dengan Desain Elegan Dan Layar Sentuh PixelSense, Tampilan Ultra Jernih. (CUCI GUDANG)",Rp7.080.000,,,Makassar,Laptop,Microsoft,Baru,Shopee
Laptop Microsoft Surface Book 2 Core i7-865U Ram 16Gb Ssd 1Tb Fullset,Rp5.500.000,,,Jakarta Pusat,Laptop,Microsoft,Baru,Shopee
"BARU!!! NEW Microsoft Surface Pro 9 13"" Core i7-1265U EVO Ram 16GB SSD 256GB",Rp26.825.000,,,,Laptop,Microsoft,Baru,Shopee
MICROSOFT SURFACE PRO 7 I5 1035G4 16GB RAM 256GB SSD 2736X1824 MULUS,Rp7.865.000,5.0,4 Terjual,Jakarta Timur,Laptop,Microsoft,Baru,Shopee
Microsoft Surface Laptop 2 Intel core i7 Gen 8 Memori 16 gb ssd 512 gb,Rp5.300.000,,,,Laptop,Microsoft,Baru,Shopee
NEW Microsoft Surface Laptop Studio Core H35 i5-11300H Ram 16GB SSD 512GB Wind 11 Platinum - Garansi 1 Tahun,Rp16.000.000,,,Jakarta Timur,Laptop,Microsoft,Baru,Shopee
MICROSOFT SURFACE BOOK 3 I7 1065G7 16GB RAM 256GB SSD NVIDIA GTX 1650,Rp9.650.000,,,Jakarta Timur,Laptop,Microsoft,Baru,Shopee
Laptop Microsoft Surface Pro 6 Core i7-8650U Ram 16Gb Ssd 1Tb Fullset,Rp5.150.000,5.0,3 Terjual,Jakarta Pusat,Laptop,Microsoft,Baru,Shopee
laptop microsoft surface book 3 i7 ram 32gb ssd 512gb touchscreen baru windows tablet,Rp29.950.000,,,Jakarta Barat,Laptop,Microsoft,Baru,Shopee
Laptop Microsoft Surface Pro 8 Core i7-1165G7 Iris Xe Ram 32Gb Ssd 1Tb Fullset,Rp9.550.000,,,Jakarta Pusat,Laptop,Microsoft,Baru,Shopee
MICROSOFT SURFACE PRO 7 i5-1035G4 10TH GEN/ 8GB RAM,Rp9.500.000,,,Jakarta Utara,Laptop,Microsoft,Baru,Shopee
MICROSOFT SURFACE PRO 12 (PLUS) NEW GARANSI RESMI,Rp15.653.000,5.0,2 Terjual,Malang,Laptop,Microsoft,Baru,Shopee
Microsoft surface laptop 3 core i5-1035G7 ram 8gb ssd 256gb touchscreen,Rp4.800.000,5.0,1 Terjual,,Laptop,Microsoft,Baru,Shopee
Laptop Microsoft Surface Pro 7 Core i7-1065G7 Iris Xe Ram 16Gb Ssd 1Tb Fullset,Rp5.850.000,,,Jakarta Pusat,Laptop,Microsoft,Baru,Shopee
MICROSOFT SURFACE PRO 6 I5 8350U 8GB RAM 256GB SSD 2736X1824 CAM MULUS BLACK VERSION,Rp5.500.000,5.0,35 Terjual,Jakarta Timur,Laptop,Microsoft,Baru,Shopee
Laptop Microsoft Surface Book 2 Core i7-8650U GTX 1050 Ram 16Gb Ssd 512Gb Fullset,Rp7.850.000,,,Jakarta Pusat,Laptop,Microsoft,Baru,Shopee
MICROSOFT SURFACE PRO 7 I5 1035G4 8GB RAM 128GB SSD 2IN1 CAM,Rp6.000.000,,,Jakarta Selatan,Laptop,Microsoft,Baru,Shopee
MICROSOFT SURFACE BOOK 2 1832 GEN 8 CI7 RAM 16GB SSD 512GB GTX1050,Rp5.027.500,5.0,4 Terjual,Jakarta Pusat,Laptop,Microsoft,Baru,Shopee
Laptop Microsoft Surface Pro 9 Core i7-1255U Iris Xe Ram 32Gb Ssd 1Tb Fullset,Rp11.550.000,,,Jakarta Pusat,Laptop,Microsoft,Baru,Shopee
MICROSOFT SURFACE BOOK 3 I5 1035G7 8GB RAM 256GB SSD SLIM MULUS NVIDIA GTX 1650,Rp8.500.000,,,Jakarta Timur,Laptop,Microsoft,Baru,Shopee
Microsoft Surface Pro 6 | Core i5-8350U | RAM 8GB | SSD 128GB | 12.3” 2K Touchscreen | No Keyboard | Tablet Laptop 2-in-1,Rp2.250.000,4.9,33 Terjual,Jakarta Pusat,Laptop,Microsoft,Baru,Shopee
Microsoft Surface Book 2 Laptop Tipis Touchscreen Core i5 SSD 256GB Ram 8GB,Rp2.950.000,5.0,5 Terjual,Jakarta Pusat,Laptop,Microsoft,Baru,Shopee
Microsoft Surface Pro 3/4/5/6/7/7+/8/9/10/11/ X/12 & GO 1/ 2/3/4 Keyboard / Typecover Case Backlight,Rp625.000,4.9,765 Terjual,Jakarta Barat,Laptop,Microsoft,Baru,Shopee
Laptop Microsoft Surface Pro 5 2in1 Tablet Core i5 7th Gen RAM 8GB SSD 256GB Layar 13in Touchscreen 2k QHD | Keyboard lepas-pasang,Rp4.825.000,5.0,58 Terjual,Jakarta Pusat,Laptop,Microsoft,Baru,Shopee
Microsoft Surface Laptop 1 2 3 Intel Core i5 Laptop Kerja Premium Second Bergaransi,Rp3.057.300,4.9,44 Terjual,Jakarta Barat,Laptop,Microsoft,Baru,Shopee
MICROSOFT SURFACE PRO 7+ i5 -1135G7 11TH GEN/ RAM 16GB DDR4/2 in 1 touchscreen INTEL IRIS - NON STYLUS PEN,Rp1.999.000,4.1,17 Terjual,Tangerang,Laptop,Microsoft,Baru,Shopee
DELL LATITUDE 3420 11TH i5-1145G7/RAM 32GB/SSD 1TB NVME/INTEL IRIS/FHD /BACKLITE,Rp4.000.000,,,Bogor,Laptop,Microsoft,Baru,Shopee
LAPTOP LENOVO THINKPAD YOGA 11E/300E /100ETouchscreen - RAM 8/256GB MULUS,Rp1.500.000,4.9,61 Terjual,Jakarta Utara,Laptop,Microsoft,Baru,Shopee
Laptop Gaming HP VICTUS 15 RTX4050-6GB Intel Core i5 13420H RAM 32GB 2TB FHD IPS 144Hz Win 11 Home,Rp14.948.000,5.0,57 Terjual,Bogor,Laptop,Microsoft,Baru,Shopee
"Laptop Lenovo Yoga 260 ,11E , 300E , 12 , 460. X380 X390 370 L390 L380 Touchscreen Core i5 i7 Gen 6, 8 + BONUS!!! PALING MURAH PALING MULUS WORT IT TO BUY",Rp1.600.000,4.9,162 Terjual,Jakarta Utara,Laptop,Microsoft,Baru,Shopee
Original /Laptop Panasonic QV8 intel Core i5 Gen8 | RAM 8GB | SSD 512GB Layar 12 inci touchscreen| Mulus / Second / Berkualitas / Bergaransi.,Rp3.199.000,5.0,68 Terjual,Jakarta Barat,Laptop,Microsoft,Baru,Shopee
Laptop Asus Vivobook Go 14 E410KA Intel Pentium Silver N6000 512GB SSD 14.0 FHD Win11Home Star Black,Rp4.699.000,5.0,11 Terjual,Bogor,Laptop,Microsoft,Baru,Shopee
"MICROSOFT SURFACE PRO 6/INTEL CORE I5-8350U/RAM 8GB/SSD 256GB/WIN11/12,6""",Rp5.300.000,,,Surabaya,Laptop,Microsoft,Baru,Shopee
Laptop HP EliteBook 830 840 850 G3 G4 G5 G6 G7 G8 Intel I5 I7 Generasi 8 Murah Mulus Berkualitas,Rp3.100.000,4.5,25 Terjual,Jakarta Utara,Laptop,Microsoft,Baru,Shopee
Laptop Microsoft Surface 3 Ram 16GB SSD 256GB Intel Core i5 Gen 10 Touchscreen Ori Mulus Bergaransi,Rp4.475.000,3.0,2 Terjual,Jakarta Pusat,Laptop,Microsoft,Baru,Shopee
Microsoft Surface Laptop 3 13 Inch Core I7 GEN 10 RAM 16GB Laptop Touchscreen Layar Resolusi 2K,Rp5.400.000,,,,Laptop,Microsoft,Baru,Shopee
Microsoft Surface Pro 5 Touchscreen / Core I7-7660U ( Gen 7 ) / Ram 16GB 512GB Ssd / Resolusi Layar 2K,Rp5.500.000,,,Jakarta Pusat,Laptop,Microsoft,Baru,Shopee
Microsoft Surface Laptop 1 Touchscreen Intel Core i7 gen 7 RAM 16gb SSD 256gb Original Bergaransi,Rp6.775.000,,,Jakarta Pusat,Laptop,Microsoft,Baru,Shopee
Microsoft surface pro 7 i5 gen 11 Display 12'' 2k RAM 8GB SSD128GB,Rp11.699.000,,,Jakarta Pusat,Laptop,Microsoft,Baru,Shopee
Microsoft surface laptop 4 core i7 gen 11 ram 16gb ssd 256gb,Rp6.500.000,4.8,5 Terjual,,Laptop,Microsoft,Baru,Shopee
Laptop Microsoft Surface Pro 8 i7 gen 11 RAM 16GB SSD 256GB,Rp14.999.000,,,Jakarta Barat,Laptop,Microsoft,Baru,Shopee
Microsoft surface Laptop studio 2 core i7-13TH (32 /1 TB) NVIDIA GEFORCE RTX 4050 (6Gb) Touchscreen,Rp29.900.000,,,,Laptop,Microsoft,Baru,Shopee
Microsoft Surface Pro 7 Platinum / Black i3 4GB/128GB,Rp11.696.000,4.0,1 Terjual,Jakarta Pusat,Laptop,Microsoft,Baru,Shopee
Notebook Samsung Chrombook 11 Intel Celeron N4020 Ram4/32gb Fullset Mulus,Rp1.650.000,4.8,569 Terjual,Jakarta Barat,Laptop,Microsoft,Baru,Shopee
laptop samsung white series np275e4v 14inch 2gb ram 500gb hdd mulus kinclong like new,Rp1.099.000,4.7,9 Terjual,Tangerang,Laptop,Microsoft,Baru,Shopee
Laptop Acer Series Core i7 / i5 / i3 | AMD Ryzen,Rp2.900.000,4.8,32 Terjual,Jakarta Timur,Laptop,Microsoft,Baru,Shopee
Laptop 2in1 Tablet Lenovo Ideapad D330 N4000 Ram 4GB Ssd eMMc 64GB - Second Bergaransi,Rp1.599.000,4.9,157 Terjual,Jakarta Pusat,Laptop,Microsoft,Baru,Shopee
"laptop sekolah murah HP ChromeBook 11 G8 EE, Like New, Seri Baru",Rp1.650.000,4.8,68 Terjual,Jakarta Barat,Laptop,Microsoft,Baru,Shopee
Laptop Murah Dell Latitude 5285 2in1 Core i5 RAM 8GB SSD Touch Win Ori - SSD 512GB,Rp3.900.000,,,Jakarta Pusat,Laptop,Microsoft,Baru,Shopee
Laptop Acer Travelmate P449 intel core i5 gen 8 Ram 8GB SSD 256 GB UHD GRAFIS Backlight fingerprint - siap pakai,Rp2.899.000,4.1,36 Terjual,Jakarta Pusat,Laptop,Microsoft,Baru,Shopee
Chromebook acer Spin 13 / intel core i7-8th / intel core i5-8th / chrome book / chormebook / acer chromebook,Rp2.200.000,4.9,50 Terjual,Jakarta Pusat,Laptop,Microsoft,Baru,Shopee
Laptop HP Core i7 i5 / RAM 16GB / SSD 1TB / 2TB / 500GB / SSD 256GB / SSD 512GB - Laptop Bekas HP i7 i5 8GB SSD,Rp1.300.000,4.7,447 Terjual,Jakarta Utara,Laptop,Microsoft,Baru,Shopee
ACER ASPIRE 3 A314-32 | INTEL CELERON N4000 | 8GB RAM | SSD 512GB | 14 INCH,Rp2.214.200,4.9,161 Terjual,Jakarta Barat,Laptop,Microsoft,Baru,Shopee
Apple Macbook Laptop Bekas RAM 8G 256GB SSD Mouse dan Tas Komputer Second Bergaransi Ori,Rp1.899.000,4.7,557 Terjual,Jakarta Pusat,Laptop,Microsoft,Baru,Shopee
[100% Baru] UNIG Laptop Hp Slim Murah Intel Celeron Core i7 N5095 RAM24GB SSD1TB 15.6'' FHD Windows 11 Office,Rp4.057.200,4.7,406 Terjual,Jakarta Barat,Laptop,Microsoft,Baru,Shopee
Dell Latitude 5300 intel Core I3 I5 Gen 8 Ram 8gb Ssd 256gb Siap Pakai,Rp2.230.000,4.9,29 Terjual,Jakarta Pusat,Laptop,Microsoft,Baru,Shopee
"Laptop Surface Pro core i5 Gen6 2,5Ghz 8/256 Window mulus",Rp1.098.000,4.8,12 Terjual,Tangerang,Laptop,Microsoft,Baru,Shopee
Laptop Lenovo Gaming Core i5 / i7 Ram 8GB SSD 256GB + Full Bonus Original Murah Bergaransi,Rp1.895.000,4.9,3RB+ Terjual,Bandung,Laptop,Microsoft,Baru,Shopee
Laptop Murah Lenovo Mix 520 2in1 Core i5 Gen8 RAM 8GB SSD Touchscreen Win 10 Murah Bergaransi,Rp2.399.000,4.7,42 Terjual,Jakarta Barat,Laptop,Microsoft,Baru,Shopee
Laptop Lenovo Thinkpad X220 X230 X240 X250 X260 X270 X280 Core I3 I5 I7 Gen 6/7 MURAH MULUS BERKUALITAS,Rp2.400.000,5.0,21 Terjual,Jakarta Utara,Laptop,Microsoft,Baru,Shopee
LAPTOP LENOVO THINKPAD X220 i5 /RAM 4GB/512 SSD /WIN10/FREE MOUSE & TAS,Rp1.500.000,5.0,1 Terjual,Jakarta Barat,Laptop,Microsoft,Baru,Shopee
Surface Laptop 2 Second Mulus Intel Core i7 Gen 8 RAM 16gb SSD 512GB Touchscreen Original Bergaransi,Rp3.475.000,5.0,4 Terjual,Jakarta Pusat,Laptop,Microsoft,Baru,Shopee
Lenovo ThinkPad All Series | Core i7 / i5 / i3 | AMD Ryzen | RAM 8/16GB | SSD 128/256GB,Rp2.500.000,4.6,3RB+ Terjual,Jakarta Timur,Laptop,Microsoft,Baru,Shopee
"Netbook lenovo S1030 Ram 2 gb ,internal 320 gb",Rp600.000,5.0,13 Terjual,Tangerang,Laptop,Microsoft,Baru,Shopee
Laptop Lenovo ThinkPad Core i7/i5 RAM 8GB SSD 256GB Mulus Original Bergansi,Rp3.300.000,4.9,1RB+ Terjual,Bandung,Laptop,Microsoft,Baru,Shopee
AMOLI Laptop 14‘’ inch Intel N95 RAM 16GB+512GB SSD Ready stock Instalasi Gratis Window 11 pro + office + gifts + garansi 1 tahun + Bisa COD leptop laptop murah,Rp2.950.000,4.9,998 Terjual,Jakarta Utara,Laptop,Microsoft,Baru,Shopee
Laptop Dell Series | 5310 Gen10 | 5300 Core i7 | RAM 8 / 16GB | SSD 128GB / 256GB,Rp2.632.000,4.7,359 Terjual,Jakarta Timur,Laptop,Microsoft,Baru,Shopee
"Laptop Acer Aspire Lite AL15-32P-C8T3 Intel Celeron N4500 Ram 8Gb Ssd 512Gb Nvme 15.6"" Full Hd Ips - Iron Grey",Rp6.160.600,4.9,56 Terjual,Surabaya,Laptop,Microsoft,Baru,Shopee
MICROSOFT SURFACE BOOK I7 6600U 16GB RAM 512GB SSD NVIDIA CAM MULUS MULUS MURAH GOOD GOOD BATTERY,Rp3.300.000,,,Jakarta Selatan,Laptop,Microsoft,Baru,Shopee
Notebook Lenovo MIIX 320-10ICR Ram 2GB ssd 128GB Mati Total(B130),Rp300.000,5.0,1 Terjual,Tangerang,Laptop,Microsoft,Baru,Shopee
LAPTOP COCOK BUAT ANAK ANAK LENOVO CHROMBOOK N21 80SF RAM 4 GB 16GB,Rp1.100.000,4.7,22 Terjual,Jakarta Pusat,Laptop,Microsoft,Baru,Shopee
Microsoft Surface Pro 5 Core i5 Gen 7 Second Seken RAM 4GB 8GB SSD 128GB 256GB | Lenovo X1 Tablet Gen 3,Rp2.982.600,4.8,118 Terjual,Jakarta Barat,Laptop,Microsoft,Baru,Shopee
Laptop Lenovo Thinkpad X260 Core I3 I5 I7 Gen 6 + BONUS!!! PALING MURAH PALING MULUS WORT IT TO BUY,Rp2.300.000,4.9,63 Terjual,Jakarta Utara,Laptop,Microsoft,Baru,Shopee
Laptop Dell Latitude Series Core i5/i7 5300 5400 5310 5410 7410 5320 5420 7320 7420 Ram 32GB SSD 512GB Bergaransi,Rp3.252.000,5.0,15 Terjual,,Laptop,Microsoft,Baru,Shopee
Surface Laptop Go 3 i5 8GB 256GB Touchscreen Pink Sandstone | Ex UK | Charger + Adapter Indo,Rp5.000.000,,,,Laptop,Microsoft,Baru,Shopee
Laptop 2 in 1 Microsoft Surface All-Series Core i5/i7 Ram 4/8/16GB - SSD 128/256GB - TOUCHSCREEN / Second Mulus & Bergaransi,Rp1.800.000,4.9,59 Terjual,Jakarta Pusat,Laptop,Microsoft,Baru,Shopee
Laptop Tablet 2 in 1 Second Seken Microsoft Surface 3 Atom X7 / ThinkPad X1 Tablet Gen 3 Core i5 RAM 4GB 8GB SSD 64GB 256GB Touchscreen Bergaransi Mouse Touchpad Keyboard Aman,Rp1.448.920,5.0,2 Terjual,Jakarta Barat,Laptop,Microsoft,Baru,Shopee
Laptop 14‘’ inch Intel N4000 RAM 8G+256GB SSD Ready stock win11+office+gifts+garansi 1 tahun+Bisa COD,Rp3.380.000,4.7,237 Terjual,Jakarta Utara,Laptop,Microsoft,Baru,Shopee
Laptop Second Like New HP X360 435 G8 Ryzen 5 Ryzen 7 RAM 16GB SSD 512GB Layar Bisa Lipat Windows 11 Pro,Rp5.300.000,4.6,48 Terjual,Jakarta Pusat,Laptop,Microsoft,Baru,Shopee
Laptop Gaming Dell Latitude Core i5 / i7 RAM 8GB SSD 256GB Win 10 Murah Bergaransi 6 Bulan Full Game,Rp1.930.000,4.9,3RB+ Terjual,Bandung,Laptop,Microsoft,Baru,Shopee
Microsoft Surface Laptop 1 2 3 Intel Core i5 Laptop Kerja Premium Second Bergaransi,Rp3.057.300,4.9,44 Terjual,Jakarta Barat,Laptop,Microsoft,Bekas,Shopee
Microsoft Surface Pro 5 Core i5 Gen 7 Second Seken RAM 4GB 8GB SSD 128GB 256GB | Lenovo X1 Tablet Gen 3,Rp2.982.600,4.8,118 Terjual,Jakarta Barat,Laptop,Microsoft,Bekas,Shopee
Microsoft surface laptop 2 Second murah bergaransi touchscreen,Rp2.800.000,4.7,5 Terjual,Jakarta Pusat,Laptop,Microsoft,Bekas,Shopee
Laptop Microsoft Surface Pro 5 Laptop 1/2/3 Second / Seken | Core i5 / i7 Gen 7–10 RAM 4–16GB SSD 128–256GB | Laptop Kerja Bergaransi Laptop Lenovo Bekas Mouse Touchpad Keyboard Aman,Rp2.998.410,,,Jakarta Barat,Laptop,Microsoft,Bekas,Shopee
Laptop Microsoft Surface Pro 5 Core i5 | 12.3Inch | Ram 8GB | S 256GB | HD Graphics 620 / 4GB - Laptop Second Makassar,Rp3.500.000,,,Makassar,Laptop,Microsoft,Bekas,Shopee
MICROSOFT Surface Laptop 3 Used Core i7 16GB 256GB Touchscreen 13 Inch Mulus,Rp4.990.000,,,Jakarta Pusat,Laptop,Microsoft,Bekas,Shopee
surface pro 4 second murah bergaransi,Rp2.250.000,4.0,6 Terjual,Jakarta Pusat,Laptop,Microsoft,Bekas,Shopee
Second Miscrosoft Surface Pro 5 second murah bergaransi,Rp2.553.000,4.6,42 Terjual,Jakarta Pusat,Laptop,Microsoft,Bekas,Shopee
Laptop Microsoft Surface 2 Touchscreen Ram 16gb SSD 256gb 12 inch Mulus Original Second Bergaransi,Rp4.275.000,5.0,1 Terjual,Jakarta Pusat,Laptop,Microsoft,Bekas,Shopee
Laptop 2 in 1 Microsoft Surface Pro 4 Core i5 - 6th / 4GB - SSD 128GB - TOUCHSCREEN / Second Mulus & Bergaransi,Rp4.499.000,4.9,28 Terjual,Jakarta Pusat,Laptop,Microsoft,Bekas,Shopee
Second Microsoft Surface Book 2 Core i5 Ram 8GB SSD 256GB,Rp5.200.000,,1 Terjual,Jakarta Pusat,Laptop,Microsoft,Bekas,Shopee
Microsoft Surface PRO 5 8/256 i5 Plus Pencil 2nd gen PRELOVED,Rp6.000.000,,,,Laptop,Microsoft,Bekas,Shopee
LAPTOP MICROSOFT SURFACE PRO SECOND SIAP PAKAI,Rp4.800.000,,,Surabaya,Laptop,Microsoft,Bekas,Shopee
Laptop microsoft surface touchscreen 2in1 Ram 8 GB SSD 256 GB intel core i5 gen 7 second mulus ori,Rp5.490.000,5.0,3 Terjual,Jakarta Pusat,Laptop,Microsoft,Bekas,Shopee
MICROSOFT SURFACE PRO 4 I5 RAM 8GB SSD 256GB SECOND BEKAS,Rp7.500.000,,,Bekasi,Laptop,Microsoft,Bekas,Shopee
[PROMO BESAR] Microsoft Surface Laptop 4 Ram 16GB SSD 256GB AMD RYZEN 5 Mulus original second,Rp5.975.000,5.0,1 Terjual,Jakarta Pusat,Laptop,Microsoft,Bekas,Shopee
microsoft surface go windows preloved,Rp5.500.000,,,,Laptop,Microsoft,Bekas,Shopee
"[BEKAS] Microsoft: Surface Laptop 3 - 15"" (2019) Intel Core - i7-1065G7 (10th Gen) / 16GB RAM / 256GB SSD / QHD / TOUCHSCREEN - Platinum",Rp7.000.000,,,Kab. Bandung,Laptop,Microsoft,Bekas,Shopee
"Laptop Micosoft Surface 5 Intel Core i7 Gen 12 RAM 16GB SSD 512GB 15"" Inch SECOND GRADE A",Rp7.774.000,,,Jakarta Pusat,Laptop,Microsoft,Bekas,Shopee
LAPTOP MICROSOFT SURFACE PRO CORE I5 GEN 8 RAM 8/256 GB BEKAS SECOND,Rp7.500.000,,,Bekasi,Laptop,Microsoft,Bekas,Shopee
Laptop Lenovo ThinkPad T530 Core I5 / I7 RAM 16GB SSD 512GB,Rp1.500.000,4.4,44 Terjual,Bandung,Laptop,Microsoft,Bekas,Shopee
HARGA LAPTOP BEKAS || Netbook Samsung Chomebook XE303C12 cam layar 11.6 mulusss,Rp499.000,4.8,1RB+ Terjual,Jakarta Barat,Laptop,Microsoft,Bekas,Shopee
Laptop HP EliteBook 820 830 850 G3 G7 HP Probook X360 MULUS NO MINUS,Rp1.500.000,4.8,170 Terjual,Jakarta Utara,Laptop,Microsoft,Bekas,Shopee
Laptop 2in1 Tablet Lenovo Ideapad D330 N4000 Ram 4GB Ssd eMMc 64GB - Second Bergaransi,Rp1.599.000,4.9,157 Terjual,Jakarta Pusat,Laptop,Microsoft,Bekas,Shopee
LAPTOP LENOVO THINKPAD YOGA 11E 300E FLIP 360 TOUCHSCREEN BEKAS MURAH BERGARANSI SECOND MULUS UNBK,Rp1.500.000,4.9,328 Terjual,Jakarta Utara,Laptop,Microsoft,Bekas,Shopee
"laptop sekolah murah HP ChromeBook 11 G8 EE, Like New, Seri Baru",Rp1.650.000,4.8,68 Terjual,Jakarta Barat,Laptop,Microsoft,Bekas,Shopee
Laptop Asus K53SC intel Core i7 Ram 8GB SSD 256GB/1TB - Siap pakai,Rp2.550.000,4.2,48 Terjual,Jakarta Pusat,Laptop,Microsoft,Bekas,Shopee
"[Bekas] Laptop Lenovo Thinkpad Intel Core i5 - x220 x230 x240 x250 x260 x270 x280 - Layar 12,5"" Inch",Rp1.800.000,4.9,1RB+ Terjual,Jakarta Utara,Laptop,Microsoft,Bekas,Shopee
Laptop HP X360/745 G5 Core i3/i5/i7 | MURAH SLIM ORIGINAL BERGARANSI,Rp1.500.000,4.9,71 Terjual,Jakarta Utara,Laptop,Microsoft,Bekas,Shopee
Laptop supermurah dell core i5 ram 8gb ram 16gb gaming desain ok normal bergaransi,Rp900.000,4.6,151 Terjual,Kab. Tangerang,Laptop,Microsoft,Bekas,Shopee
Chromebook acer Spin 13 / intel core i7-8th / intel core i5-8th / chrome book / chormebook / acer chromebook,Rp2.200.000,4.9,50 Terjual,Jakarta Pusat,Laptop,Microsoft,Bekas,Shopee
Laptop Murah Dell Latitude 5285 2in1 Core i5 RAM 8GB SSD Touch Win Ori - SSD 512GB,Rp3.900.000,,,Jakarta Pusat,Laptop,Microsoft,Bekas,Shopee
Laptop Lenovo ideapad D330 2in1 CELLERON /Ram 4GB /EMMC 64GB -Second Mulus Bergarasi,Rp1.599.000,4.9,221 Terjual,Jakarta Pusat,Laptop,Microsoft,Bekas,Shopee
"Laptop Dell CORE i7 i5 / 14"" RAM 8GB SSD 1TB 512GB 256GB 2TB / DVD, Laptop Bekas Second Seken i7",Rp1.400.000,4.7,390 Terjual,Jakarta Utara,Laptop,Microsoft,Bekas,Shopee
Laptop Toshiba Dynabook R63 S73 | Toshiba G83 Core i3/i5 Ram 8GB SSD 512 GB - Second MURAH BERGARANSI,Rp2.993.000,5.0,70 Terjual,Jakarta Pusat,Laptop,Microsoft,Bekas,Shopee
Laptop Dell Latitude Core i5 / i7 / RAM 8GB / 16GB Notebook Second | Termurah dan Berkualitas | 5420 5430 5440 5450 5480 5490 5550 Intel Core i5 Ram 4-8GB Storage ssd/HDD Peningkatan baru laptop Laptop Slim Murah Bagus dan Bergaransi bekas,Rp1.199.000,4.7,391 Terjual,Jakarta Pusat,Laptop,Microsoft,Bekas,Shopee
"LAPTOP LENOVO THINKPAD YOGA 11E 100E 300E TOUCHSCREEN CELERON LAYAR 11 INCH SLIM, SUPER MURAH BAGUS MULUS BERKUALITAS DAN BERGARANSI",Rp1.500.000,4.7,54 Terjual,Jakarta Utara,Laptop,Microsoft,Bekas,Shopee
laptop netbook second samsung 10 inch murah normal semua siap pakai & zoom baterai awet garansi,Rp880.000,4.5,18 Terjual,Jakarta Barat,Laptop,Microsoft,Bekas,Shopee
Laptop Lenovo 1 Jutaan & Surface 3 Second Bergaransi RAM 4GB SSD 64GB,Rp1.404.900,4.9,312 Terjual,Jakarta Barat,Laptop,Microsoft,Bekas,Shopee
LAPTOP LENOVO THINKPAD YOGA 11E/300E /100ETouchscreen - RAM 8/256GB MULUS,Rp1.500.000,4.9,61 Terjual,Jakarta Utara,Laptop,Microsoft,Bekas,Shopee
Laptop Panasonic CF-NX3 /NX2 ram 10gb SSD 512gb Promo MURAH bagus bergaransi,Rp1.990.000,4.9,78 Terjual,Jakarta Utara,Laptop,Microsoft,Bekas,Shopee
LAPTOP SLIMS DAN RINGAN TOSHIBA G83 i7 GEN IRIS XE RAM 16GB SSD 1TB BERGARANSI,Rp3.040.000,4.7,76 Terjual,Jakarta Barat,Laptop,Microsoft,Bekas,Shopee
MICROSOFT SURFACE PRO 7+ i5 -1135G7 11TH GEN/ RAM 16GB DDR4/2 in 1 touchscreen INTEL IRIS - NON STYLUS PEN,Rp1.999.000,4.1,17 Terjual,Tangerang,Laptop,Microsoft,Bekas,Shopee
LAPTOP BEKAS MURAH KONDISI APA ADANYA SEGALA MACAM MERK ADA,Rp450.000,4.6,155 Terjual,Surabaya,Laptop,Microsoft,Bekas,Shopee
Netbook Asus eepc X101H 10 inch Quadcore N2600 4Cpu SUDAH SSD 256gb (second),Rp1.250.000,5.0,1 Terjual,Bandung,Laptop,Microsoft,Bekas,Shopee
Laptop Dell Series | 5310 Gen10 | 5300 Core i7 | RAM 8 / 16GB | SSD 128GB / 256GB,Rp2.632.000,4.7,359 Terjual,Jakarta Timur,Laptop,Microsoft,Bekas,Shopee
Laptop Bekas Murah Laptop Kerja Laptop Sekolah Normal Siap Pakai,Rp525.000,,,,Laptop,Microsoft,Bekas,Shopee
Laptop Bekas Lenovo 100e Chromebook,Rp755.000,4.8,353 Terjual,Jakarta Pusat,Laptop,Microsoft,Bekas,Shopee
Dell Latitude 7320 Intel Core i7 Gen 11 Ram 16GB SSD 512GB Murah Dan Bergaransi,Rp2.265.000,5.0,42 Terjual,Bandung,Laptop,Microsoft,Bekas,Shopee
Apple Laptop Macbook Pro MD101 2011 2012 2013 11.6/13.3inch Mac IOS sistem Core I7/I5 Ram 8GB SSD 256GB Original,Rp2.899.000,4.7,866 Terjual,Tangerang,Laptop,Microsoft,Bekas,Shopee
Laptop Murah Lenovo L380 Core i5 Gen 8 Ram 8Gb 256Gb,Rp2.650.000,5.0,25 Terjual,Jakarta Pusat,Laptop,Microsoft,Bekas,Shopee
"Laptop Fujitsu T902 Q507 Q508 Q555 Q665 Touchscreen Tablet PC Hibrida 2-in-1 13.3"" 11.6'' 10.1'' Layar sentuh HD+ Intel Core i5 i5-3320M 8 GB DDR3-SDRAM 500 GB",Rp1.099.000,4.8,960 Terjual,Tangerang,Laptop,Microsoft,Bekas,Shopee
Toshiba laptop Dynabook 2in1 R82 K50 core I3/I5 celeron 8gb ram 128gb ssd baru laptop Second Berkualitas/Laptop Bergaransi Selama 1 Bulan IPS US Keyboard backlight,Rp1.699.000,4.7,135 Terjual,Tangerang,Laptop,Microsoft,Bekas,Shopee
[PROMO] Surface Laptop (Touchscreen) Intel Core i5-7300U RAM 8gb SSD 256gb Second Ori Bergaransi,Rp3.475.000,4.6,23 Terjual,Jakarta Pusat,Laptop,Microsoft,Bekas,Shopee
Laptop Dell Latitude 7410 Core i7 GEN 10 RAM 16GB/SSD 1TB FULLSET,Rp3.535.000,5.0,5 Terjual,Jakarta Barat,Laptop,Microsoft,Bekas,Shopee
Surface Laptop 2 Second Mulus Intel Core i7 Gen 8 RAM 16gb SSD 512GB Touchscreen Original Bergaransi,Rp3.475.000,5.0,4 Terjual,Jakarta Pusat,Laptop,Microsoft,Bekas,Shopee
laptop second bekas murah siap pakai,Rp670.000,4.9,13 Terjual,Kab. Tangerang,Laptop,Microsoft,Bekas,Shopee
Microsoft Surface Book 2 Laptop Tipis Touchscreen Core i5 SSD 256GB Ram 8GB,Rp2.950.000,5.0,5 Terjual,Jakarta Pusat,Laptop,Microsoft,Bekas,Shopee
Asus Chromebook C214M ( Touchscreen ) | Intel Celeron N4020 | Ram 4GB/32GB | Laptop 2 in 1,Rp1.750.000,5.0,6 Terjual,Jakarta Barat,Laptop,Microsoft,Bekas,Shopee
laptop Dell 5320 2in1 touchscreen ssd 256Gb core i5 gen11 Ram 8gb istimewa,Rp3.950.000,5.0,17 Terjual,Surabaya,Laptop,Microsoft,Bekas,Shopee
"Microsoft Surface Pro 9 13"" Core i7-1265U Intel EVO Ram 16GB SSD 512GB NEW Laptop Tablet",Rp19.000.000,5.0,4 Terjual,Jakarta Timur,Laptop,Microsoft,Bekas,Shopee
"MICROSOFT SURFACE GO 2 PENTIUM GOLD 4425 10,5 4GB 64SSD W10 + COVER (B",Rp12.800.000,,,Tangerang,Laptop,Microsoft,Bekas,Shopee
Microsoft Surface Laptop 6,Rp26.550.000,,,Malang,Laptop,Microsoft,Bekas,Shopee
MICROSOFT SURFACE BOOK 3 I5 1035G7 8GB RAM 256GB SSD SLIM MULUS NVIDIA GTX 1650,Rp8.500.000,,,Jakarta Timur,Laptop,Microsoft,Bekas,Shopee
Microsoft Surface Book 3 Core i7-10th NVIDIA Quadro RTX 3000 6GB (32GB/1TB) Touchscreen,Rp14.500.000,5.0,1 Terjual,,Laptop,Microsoft,Bekas,Shopee
Microsoft Surface Pro 11 Plus Elite Ram 16GB 32GB 64GB SSD 256GB 512GB 1TB 2TB tablet windows laptop ter-tipis ter-ringan ter-kecil window,Rp13.390.000,,,Jakarta Barat,Laptop,Microsoft,Bekas,Shopee
Laptop Lenovo Thinkpad X250/T450/L550 | X260/T460/L560 | X270/T470/L570 | X280/T480 | i3/i5/i7 | Mulus / Second / Original / Berkualitas / Bergaransi,Rp2.500.000,4.9,4RB+ Terjual,Jakarta Pusat,Laptop,Microsoft,Bekas,Shopee
Microsoft Surface Pro 8 i5 win 11 256GB 8GB with cover _ Hub. Febri,Rp18.500.000,,,Surabaya,Laptop,Microsoft,Bekas,Shopee
Microsoft Surface Pro 7 Platinum / Black i3 4GB/128GB,Rp11.696.000,4.0,1 Terjual,Jakarta Pusat,Laptop,Microsoft,Bekas,Shopee
"READY Microsoft Surface Pro 5 12.3"" 2017 Model - Core i7/8GB/256GB",Rp27.090.000,,,Jakarta Pusat,Laptop,Microsoft,Bekas,Shopee
"Microsoft Surface Go 2 Intel Core m3, 8GB/128GB",Rp14.140.000,,,Jakarta Pusat,Laptop,Microsoft,Bekas,Shopee
laptop samsung white series np275e4v 14inch 2gb ram 500gb hdd mulus kinclong like new,Rp1.099.000,4.7,9 Terjual,Tangerang,Laptop,Microsoft,Bekas,Shopee
LAPTOP ASUS X453 INTEL CELERON/RAM 4GB-8GB/HDD 1TB/14 INCH (BONUS MOUSE),Rp1.575.000,,1 Terjual,Jakarta Barat,Laptop,Microsoft,Bekas,Shopee
REALME Book Laptop 8GB SSD 256 / 512 i3 i5 CORE Realme Book Garansi Resmi Realme,Rp9.999.000,5.0,1 Terjual,Bekasi,Laptop,Realme,Baru,Shopee
REALME BOOK PRIME I5 8+512 GB NVMe SSD/i5-11320H/ Intel® Iris® Xe Graphics/14.0inch/35.5cm/OS Architecture-64bit/Resolution-2160*1440/Windows 11 home - Garansi Resmi,Rp11.999.000,,,,Laptop,Realme,Baru,Shopee
Original /Laptop Panasonic CF-QV8 2in1 Core i5 Gen8 | RAM 8GB | SSD 512GB | Mulus / Second / Berkualitas / Bergaransi.,Rp3.099.000,5.0,25 Terjual,Jakarta Barat,Laptop,Realme,Baru,Shopee
Laptop Dell Latitude Core i5 / i7 RAM 8GB SSD 256 | Second Original Dan Murah,Rp2.750.000,4.8,272 Terjual,Jakarta Pusat,Laptop,Realme,Baru,Shopee
LAPTOP BARU DASER S1 S2 15 INCH FHD CELERON N5905A SSD 1TB RAM 16GB GARANSI TUKAR UNIT,Rp2.400.000,4.6,23 Terjual,Jakarta Utara,Laptop,Realme,Baru,Shopee
Laptop Lenovo Thinkpad Core i5 | RAM 4GB / 8GB / 16GB | SSD 256GB | Mulus / Second / Original Series / Berkualitas / Bergaransi,Rp2.450.000,4.8,7RB+ Terjual,Jakarta Pusat,Laptop,Realme,Baru,Shopee
Laptop Lenovo Thinkpad X250/T450/L550 | X260/T460/L560 | X270/T470/L570 | X280/T480 | i3/i5/i7 | Mulus / Second / Original / Berkualitas / Bergaransi,Rp2.500.000,4.9,4RB+ Terjual,Jakarta Pusat,Laptop,Realme,Baru,Shopee
LAPTOP LEPTOP ACER 14INCH GENERASI TERBARU,Rp1.850.000,4.4,58 Terjual,Jakarta Timur,Laptop,Realme,Baru,Shopee
HP Pro C640 Chromebook i5 10310U - chromebook HP - HP Chromebook PRO C640,Rp2.500.000,4.9,67 Terjual,Jakarta Pusat,Laptop,Realme,Baru,Shopee
LARIS !! LAPTOP Acer Aspire Core i3 / RAM 8GBHDD 1TB/ WIN 10 / 14 INCH / DAPAT BONUS TAS DAN MOUSE,Rp1.650.000,4.1,17 Terjual,Jakarta Barat,Laptop,Realme,Baru,Shopee
laptop samsung white series np275e4v 14inch 2gb ram 500gb hdd mulus kinclong like new,Rp1.099.000,4.7,9 Terjual,Tangerang,Laptop,Realme,Baru,Shopee
"DELL CHROMEBOOK 3100 3120 3190 YOGA INTEL CELERON - LAYAR 11,6 INCH TOUCHSCREEN| SECOND MURAH MULUS BERKUALITAS & BERGARANSI / Chromebook",Rp1.748.000,4.9,68 Terjual,Jakarta Pusat,Laptop,Realme,Baru,Shopee
"LAPTOP LENOVO THINKPAD X280 CORE i5 i7 GEN 8 LAYAR 12,5 INCH MURAH MULUS BAGUS BERKUALITAS DAN BERGARANSI",Rp2.100.000,5.0,118 Terjual,Jakarta Utara,Laptop,Realme,Baru,Shopee
Laptop Lenovo Core i5 / i7 RAM 16GB / 8GB SSD 256GB / 512GB Windows 10 /11 Siap Pakai,Rp3.000.000,4.9,10RB+ Terjual,Bandung,Laptop,Realme,Baru,Shopee
Laptop Lenovo Thinkpad Seri T470 T470S Touchscreen Murah & Berkualitas Banget!!!,Rp2.200.000,4.9,3RB+ Terjual,Jakarta Utara,Laptop,Realme,Baru,Shopee
Samsung Chromebook 4 | Celeron-N4020 | Ram 4/32GB | BERGARANSI,Rp1.550.000,4.6,286 Terjual,Jakarta Barat,Laptop,Realme,Baru,Shopee
Notebook Samsung Chrombook 11 Intel Celeron N4020 Ram4/32gb Fullset Mulus,Rp1.650.000,4.8,569 Terjual,Jakarta Barat,Laptop,Realme,Baru,Shopee
"Acer Chromebook 311, (Touchscreen), Super Slim, Ringan, Mulus, Like New, Seri Baru, Lengkap",Rp1.800.000,5.0,6 Terjual,Jakarta Barat,Laptop,Realme,Baru,Shopee
BESTSELLER PROMO SAMSUNG CHROMEBOOK 4 Celeron N4020 Ram 4/32Gb BERGARANSI BISA CICILAN,Rp1.650.000,4.1,35 Terjual,Jakarta Barat,Laptop,Realme,Baru,Shopee
LENOVO THINKPAD SERI YOGA 11E 300E S1 CORE I5/I7 BISA DI LIPAT 360 DERAJAT +STYLUSH PEN SUPER MURAH RAM 8 SSD 256,Rp1.500.000,4.9,444 Terjual,Jakarta Utara,Laptop,Realme,Baru,Shopee
Laptop 2in1 Tablet Lenovo Ideapad D330 N4000 Ram 4GB Ssd eMMc 64GB - Second Bergaransi,Rp1.599.000,4.9,157 Terjual,Jakarta Pusat,Laptop,Realme,Baru,Shopee
"LAPTOP HP ELITEBOOK 430 440 450 630 G6 G7 G9 I3 GEN 12 LAYAR 13,3 INCH MURAH MULUS BANYAK BONUSNYA",Rp3.300.000,4.5,30 Terjual,Jakarta Utara,Laptop,Realme,Baru,Shopee
Laptop Acer Series Core i7 / i5 / i3 | AMD Ryzen,Rp2.900.000,4.8,32 Terjual,Jakarta Timur,Laptop,Realme,Baru,Shopee
"Laptop ASUS X453/Dual Core/8GB/512GB SSD/Win 10/14"" inch - 2GB/500GB / Bonus Mouse & Tas",Rp1.600.000,4.5,232 Terjual,Jakarta Barat,Laptop,Realme,Baru,Shopee
"Laptop ZYREX Sky 232 Mini 64 II Intel Celeron N4020 RAM 4GB 64GB eMMC + SSD M.2 (128/256) 11.6"" FHD IPS - Windows 11 USB Type-C/HDMI/MicroSD – Garansi Resmi 1 Tahun",Rp2.474.000,4.9,24 Terjual,Jakarta Barat,Laptop,Realme,Baru,Shopee
"ACER A314 INTEL N4000 / 8GB RAM / 512GB SSD / 14"" / WIN 10 / GRATIS ONGKIR / ACER A314-32 4GB 1TB",Rp2.300.000,4.8,67 Terjual,Jakarta Barat,Laptop,Realme,Baru,Shopee
Notebook Asus E203NAH/MAH | Intel Celeron N4000 | Ram 2GB/4GB | Hdd 500GB/SSD 256GB | WIND 10 | SIAP PAKAI DAN BERGARANSI,Rp1.600.000,4.8,143 Terjual,Jakarta Barat,Laptop,Realme,Baru,Shopee
LAPTOP ASUS X441U intel core i3 RAM 8GB SSD 256GB,Rp1.940.000,5.0,55 Terjual,Jakarta Barat,Laptop,Realme,Baru,Shopee
"ASUS VIVOBOOK 15 A516KA INTEL CELERON N4500 | RAM 8GB SSD 512GB | 15'6"" INCH FHD",Rp3.449.000,4.0,5 Terjual,Jakarta Barat,Laptop,Realme,Baru,Shopee
Laptop LENOVO Ideapad RAM 8Gb/SSD 1Tb FREE MOUSE,Rp1.790.000,5.0,30 Terjual,Jakarta Barat,Laptop,Realme,Baru,Shopee
Laptop Lenovo Ideapad amd A4/RAM 4Gb-8Gb/SSD 512Gb/14 inch,Rp1.790.000,5.0,3 Terjual,Jakarta Barat,Laptop,Realme,Baru,Shopee
Laptop HP Elitebook 845 G7 AMD Ryzen 5 PRO RAM 16GB SSD 512GB TOUCH/NO TOUCHS full set,Rp3.585.000,4.7,51 Terjual,Jakarta Barat,Laptop,Realme,Baru,Shopee
Laptop HP Core i7 i5 / RAM 16GB / SSD 1TB / 2TB / 500GB / SSD 256GB / SSD 512GB - Laptop Bekas HP i7 i5 8GB SSD,Rp1.300.000,4.7,447 Terjual,Jakarta Utara,Laptop,Realme,Baru,Shopee
LAPTOP ACER INTEL CORE i3 / RAM 8GB / SSD 512GB / 14 INCH / WIN10 / 4GB 256GB,Rp2.700.000,5.0,51 Terjual,Jakarta Barat,Laptop,Realme,Baru,Shopee
Original /Laptop Panasonic QV8 intel Core i5 Gen8 | RAM 8GB | SSD 512GB Layar 12 inci touchscreen| Mulus / Second / Berkualitas / Bergaransi.,Rp3.199.000,5.0,68 Terjual,Jakarta Barat,Laptop,Realme,Baru,Shopee
Laptop Lenovo ThinkPad Core i5 i7 Ryzen 5 Second X250 X260 X270 X280 X390 X395 X1 Carbon X1 Yoga T470 T480 T490 T495 T14 L380 L390 L490 L14 L13 Yoga - Laptop Bekas Murah Bergaransi Untuk Sekolah SMP SMA Kuliah Kerja Kantor,Rp3.700.000,4.9,271 Terjual,Jakarta Pusat,Laptop,Realme,Baru,Shopee
"LAPTOP LENOVO THINKPAD L380 L390 X380 X390 INTEL CORE I5 I7 Generasi 8 LAYAR 13"" SECOND MURAH BERKUALITAS -FREE GIFT",Rp3.000.000,4.9,66 Terjual,Jakarta Utara,Laptop,Realme,Baru,Shopee
Laptop HP Elitebook 250 630 X360 745 845 1020 8460P G2/G3 Core i7 Generasi 7 Touchscreen + Bisa Dilipat 360 Derajat SECOND BERKUALITAS !!,Rp1.700.000,5.0,152 Terjual,Jakarta Utara,Laptop,Realme,Baru,Shopee
Laptop Asus K53SC intel Core i7 Ram 8GB SSD 256GB/1TB - Siap pakai,Rp2.550.000,4.2,48 Terjual,Jakarta Pusat,Laptop,Realme,Baru,Shopee
"FREE PRINTER/LAPTOP HP 14 DUAL CORE/ RAM 8 HDD 1TB""FREE GIFT",Rp1.370.000,4.3,25 Terjual,Jakarta Barat,Laptop,Realme,Baru,Shopee
Chromebook acer Spin 13 / intel core i7-8th / intel core i5-8th / chrome book / chormebook / acer chromebook,Rp2.200.000,4.9,50 Terjual,Jakarta Pusat,Laptop,Realme,Baru,Shopee
PROMO...!!! Laptop Leptop Asus X441 Intel Celeron Generasi Terbaru windows 10 siap pakai kondisi normal sangat bagus,Rp1.800.000,4.8,482 Terjual,Jakarta Timur,Laptop,Realme,Baru,Shopee
Notebook Acer Es1-131 / Es1-132 | Intel Celeron | Ram 4GB | HDD 500GB | BERGARANSI,Rp1.500.000,4.5,147 Terjual,Jakarta Barat,Laptop,Realme,Baru,Shopee
Laptop HP ProBook X360 2IN1 TS / 430 440 450 470 445 G3/G5/G7/G8 Core i5/i7/AMD 5PRO - SECOND MURAH BERGARANSI & BERKUALITAS,Rp1.500.000,4.7,192 Terjual,Jakarta Utara,Laptop,Realme,Baru,Shopee
LARIS ! LAPTOP ACER CELERON / RAM 8GB - SSD 512GB / Win 10 / DAPAT BONUS TAS DAN MOUSE,Rp1.650.000,4.8,21 Terjual,Jakarta Barat,Laptop,Realme,Baru,Shopee
Laptop Gaming HP Probook 645 G4 AMD Ryzen 3 Pro 2300U 14 inch,Rp3.239.900,,,Bandung,Laptop,Realme,Baru,Shopee
PROMO!!..LAPTOP ACER INTEL RAM 8GB/SSD 1TB (BONUS MOUSE),Rp2.450.000,5.0,3 Terjual,Jakarta Barat,Laptop,Realme,Baru,Shopee
HARGA LAPTOP BEKAS || Netbook Samsung Chomebook XE303C12 cam layar 11.6 mulusss,Rp499.000,4.8,1RB+ Terjual,Jakarta Barat,Laptop,Realme,Baru,Shopee
LAPTOP HP 14 INTEL CELERON - 8GB RAM - 512GB SSD - 14 INCH - WIN10 - 4GB - 500GB HDD,Rp1.950.000,4.8,52 Terjual,Jakarta Barat,Laptop,Realme,Baru,Shopee
"LAPTOP LENOVO THINKPAD YOGA 11E 100E 300E TOUCHSCREEN CELERON LAYAR 11 INCH SLIM, SUPER MURAH BAGUS MULUS BERKUALITAS DAN BERGARANSI",Rp1.500.000,4.7,54 Terjual,Jakarta Utara,Laptop,Realme,Baru,Shopee
"HP ChromeBook 11 G8 EE, INTEL CELERON - N4020, RAM 4GB, TORAGE 32GB EMMc",Rp1.750.000,4.8,279 Terjual,Jakarta Barat,Laptop,Realme,Baru,Shopee
Apple Macbook Laptop Bekas RAM 8G 256GB SSD Mouse dan Tas Komputer Second Bergaransi Ori,Rp1.899.000,4.7,557 Terjual,Jakarta Pusat,Laptop,Realme,Baru,Shopee
Promo Laptop Lenovo Thinkpad L-Series L380 L480 L490 Core i5/i7 SSD 512GB - Second Murah Bergaransi,Rp2.969.000,4.9,197 Terjual,Jakarta Pusat,Laptop,Realme,Baru,Shopee
"Laptop Axioo Mybook 14F, Layar 2K, Super Jernih, Seri Baru, Super Slim, Like New, Fullset, Grey",Rp2.000.000,5.0,13 Terjual,Jakarta Barat,Laptop,Realme,Baru,Shopee
Lenovo Thinkpad Yoga 11e Core i5 Gen 8 8GB SSD 256GB Touchscreen Laptop Second Bergaransi,Rp1.395.000,4.9,123 Terjual,Jakarta Utara,Laptop,Realme,Baru,Shopee
"LAPTOP ASUS X441MA INTEL CELERON N4000 (RAM 8GB SSD 512GB) 14""INCH WINDOWS 10 + OFFICE",Rp1.899.000,4.8,395 Terjual,Jakarta Barat,Laptop,Realme,Baru,Shopee
LAPTOP LEPTOP LENOVO IDEAPAD RAM 4GB SSD 128GB SUPER CEPAT WINDOWS 10 GENERASI BARU,Rp1.850.000,4.8,107 Terjual,Jakarta Timur,Laptop,Realme,Baru,Shopee
"free printer Laptop HP 14 Dual Core RAM 8GB/1 TB/SSD 256GB Windows 10 ""FREE MOUSE / TAS""",Rp1.603.000,4.6,1RB+ Terjual,Jakarta Barat,Laptop,Realme,Baru,Shopee
BERGARANSI LAPTOP ASUS A416M N4020 / RAM 8GB/512GB SSD / WIN 10 / 14 Inch / Bonu Mause dan Tas,Rp3.700.000,5.0,2 Terjual,Jakarta Barat,Laptop,Realme,Baru,Shopee
[100% Baru] UNIG Laptop Hp Slim Murah Intel Celeron Core i7 N5095 RAM24GB SSD1TB 15.6'' FHD Windows 11 Office,Rp4.057.200,4.7,406 Terjual,Jakarta Barat,Laptop,Realme,Baru,Shopee
Laptop Asus 14 win-10 intel dual core /RAM 8GB/1TB || [FREE MOUSE],Rp1.345.000,4.5,774 Terjual,Jakarta Barat,Laptop,Realme,Baru,Shopee
Toshiba Dynabook S73 Intel Core I3 I5 Gen 8 10 11 Ram 8gb Ssd 256gb Siap Pakai Bergaransi,Rp2.668.000,4.9,94 Terjual,Jakarta Pusat,Laptop,Realme,Baru,Shopee
Laptop Acer Travelmate Intel Core i5 Gen 8 Ram 8GB SSD 256GB - siap pakai,Rp2.599.000,4.6,539 Terjual,Jakarta Pusat,Laptop,Realme,Baru,Shopee
"Asli 95% Baru Grade A Macbook Air 2015 2017 13"" Origina SECOND LIKE NEW MULUS PERFECT RAM 8GB SSD 256GB 512GD SSD",Rp2.850.000,4.7,137 Terjual,Jakarta Pusat,Laptop,Realme,Baru,Shopee
Laptop Acer Travelmate P256-M Intel Core i3 Ram 8GB SSD 258GB OS Windows - siap pakai,Rp1.650.000,4.5,222 Terjual,Jakarta Pusat,Laptop,Realme,Baru,Shopee
"LAPTOP SAMSUNG CHROMEBOOK 4GB 32GB BONUS TAS, MOUSE, MOUSE PAD, KEYBOARD PROTECTOR",Rp770.000,4.5,185 Terjual,Kab. Tangerang,Laptop,Realme,Baru,Shopee
Laptop All Series Gen 6 | Dell / Asus / Fujitsu / Acer | Core i7 / i5 / i3 | AMD Ryzen,Rp2.256.000,4.7,170 Terjual,Jakarta Timur,Laptop,Realme,Baru,Shopee
LAPTOP LEPTOP ADVAN SOULMATE RAM 4GB SSD 128GB INTEL CELERON N4020 GENERASI TERBARU,Rp2.100.000,5.0,45 Terjual,Jakarta Timur,Laptop,Realme,Baru,Shopee
"Laptop Lenovo Yoga 260 ,11E , 300E , 12 , 460. X380 X390 370 L390 L380 Touchscreen Core i5 i7 Gen 6, 8 + BONUS!!! PALING MURAH PALING MULUS WORT IT TO BUY",Rp1.600.000,4.9,162 Terjual,Jakarta Utara,Laptop,Realme,Baru,Shopee
"Lenovo Chromebook 500e, (Touchscreen) 2 In 1 Tablet, Bisa Jadi Tablet, #DualCamera, Super Slim, Ringan, Mulus, Seri Baru, Lengkap, Black",Rp2.200.000,,1 Terjual,Jakarta Barat,Laptop,Realme,Baru,Shopee
"LAPTOP HP 14"" CELERON/AMD RAM 8GB SSD 512GB (FTEE GIFT)",Rp1.342.000,4.4,30 Terjual,Jakarta Barat,Laptop,Realme,Baru,Shopee
ACER ASPIRE 3 A314-32 | INTEL CELERON N4000 | 8GB RAM | SSD 512GB | 14 INCH,Rp2.214.200,4.9,161 Terjual,Jakarta Barat,Laptop,Realme,Baru,Shopee
Laptop HP CORE i3 RAM 8Gb-SSD 1Tb/14 inch bonus MOUSE,Rp2.230.000,5.0,4 Terjual,Jakarta Barat,Laptop,Realme,Baru,Shopee
Notebook Samsung Chromebook 4 intel Celeron N4020 Ram4/32GB Normal,Rp1.650.000,4.7,40 Terjual,Tangerang,Laptop,Realme,Baru,Shopee
Laptop HP EliteBook / Probook / Folio Core i5 / i7 RAM 8GB / 16GB Notebook Second Slim 14 inch | 840 G5 - G4 / G3 / G2 / G1 / 840 G2 / 640 G2 / Folio 1040,Rp2.600.000,4.8,299 Terjual,Kab. Tangerang,Laptop,Realme,Baru,Shopee
laptop samsung white series np275e4v 14inch 2gb ram 500gb hdd mulus no minus,Rp1.099.000,5.0,3 Terjual,Tangerang,Laptop,Realme,Baru,Shopee
"LAPTOP ACER INTEL CORE i3 | RAM 8GB SSD 512GB | 14 INCH WINDOWS 10 + OFFICE - BONUS TAS LAPTOP, MOUSE, MOUSE PAD",Rp2.274.000,5.0,12 Terjual,Jakarta Barat,Laptop,Realme,Baru,Shopee
Laptop Lenovo ideapad D330 2in1 CELLERON /Ram 4GB /EMMC 64GB -Second Mulus Bergarasi,Rp1.599.000,4.9,221 Terjual,Jakarta Pusat,Laptop,Realme,Baru,Shopee
"Asus Chromebook CX22N, (OS Chrome), Seri Baru, Slim, Fullset, Silver",Rp1.200.000,5.0,10 Terjual,Jakarta Barat,Laptop,Realme,Baru,Shopee
"Laptop HP 240 / 14S Core i5 Gen 6 | 8GB / SSD 256GB | 14"" HD LED",Rp1.454.000,4.2,16 Terjual,Kab. Bekasi,Laptop,Realme,Baru,Shopee
Laptop Lenovo Thinkpad Yoga 100E 300E 11E Celeron/ CORE I3 I5 I7 TOUCHSCREEN | MURAH serta BERGARANSI,Rp1.500.000,4.8,43 Terjual,Jakarta Utara,Laptop,Realme,Baru,Shopee
LAPTOP ASUS SLIM A407 RAM 8 SLIM NORMAL || LAPTOP SECOND || LAPTOP SSD,Rp1.650.000,4.6,35 Terjual,Kab. Malang,Laptop,Realme,Baru,Shopee
ACER ASPIRE 3 A314-22 | AMD ATHLON 3050U / 3020E | 8GB RAM | SSD 512GB | 14 INCH,Rp4.124.000,5.0,84 Terjual,Jakarta Barat,Laptop,Realme,Baru,Shopee
Notebook Acer Aspire ES1 Intel Celeron 11.6 inci RAM 4GB SSD 240GB,Rp1.345.000,4.8,85 Terjual,Jakarta Barat,Laptop,Realme,Baru,Shopee
"Laptop Chromebook LENOVO 100E, OS Chromebook, 4GB Ram",Rp750.000,4.8,551 Terjual,Semarang,Laptop,Realme,Baru,Shopee
LAPTOP ACER INTEL /AMD RAM 8gb SSD 512gb FREE GIFT,Rp1.328.000,4.5,431 Terjual,Jakarta Barat,Laptop,Realme,Baru,Shopee
Laptop Dell Latitude Intel core i3 / i5 / i7 Gen 8 Ram 32GB / 16GB SSD 256GB Windows 11 - siap pakai,Rp1.350.000,4.5,1RB+ Terjual,Jakarta Pusat,Laptop,Realme,Baru,Shopee
Laptop kenceng core i5 ram 4gb 8gb 16gb hp lenovo dell acer sekolah kuliah kerja ok banget murah dan bergaransi,Rp775.000,4.4,2RB+ Terjual,Kab. Tangerang,Laptop,Realme,Baru,Shopee
Lenovo Thinkpad 11e - N3150 / 4GB RAM / SSD 128GB / 11.6 INCH / Bekas,Rp1.000.000,4.9,105 Terjual,Jakarta Pusat,Laptop,Realme,Baru,Shopee
LAPTOP ASUS X453 INTEL CELERON/RAM 4GB-8GB/HDD 1TB/14 INCH (BONUS MOUSE),Rp1.575.000,,1 Terjual,Jakarta Barat,Laptop,Realme,Baru,Shopee
"Notebook Lenovo E10-30 10"" Intel",Rp1.940.000,4.4,36 Terjual,Jakarta Utara,Laptop,Realme,Baru,Shopee
Laptop Hp Intel core i3 / i5 / i7 Ram 8Gb / 16GB SSD 256GB / 500GB OS windows 10 / 11 - siap pakai,Rp1.350.000,4.7,3RB+ Terjual,Jakarta Pusat,Laptop,Realme,Baru,Shopee
"Acer Chromebook C738T, (Touchscreen), (OS Chrome), #Flip, Bisa Jadi Tab, Super Slim, Ringan, Seri Baru, Mulus, Lengkap, Black",Rp1.800.000,5.0,3 Terjual,Jakarta Barat,Laptop,Realme,Baru,Shopee
"Laptop i5 CORE i5 i7 Dell / RAM 8GB / SSD 512GB / SSD 256GB /2TB/1TB/ 14"" - Windows 10, Laptop Bekas Dell i5 Core i5",Rp1.400.000,4.6,1RB+ Terjual,Jakarta Utara,Laptop,Realme,Baru,Shopee
Laptop Murah Lenovo L380 Core i5 Gen 8 Ram 8Gb 256Gb,Rp2.650.000,5.0,25 Terjual,Jakarta Pusat,Laptop,Realme,Baru,Shopee
"Laptop Lenovo Thinkpad X13 G1 Ryzen 5 4650U Ram 16GB SSD 256GB Layar 13,3inch",Rp3.385.805,4.5,29 Terjual,Jakarta Pusat,Laptop,Realme,Baru,Shopee
LAPTOP AXIOO HYPE SERIES - INTEL N4020 8GB RAM 256GB SSD WINDOWS 11,Rp3.553.900,4.9,1RB+ Terjual,Depok,Laptop,Realme,Baru,Shopee
Laptop HP Probook 640 650 6470B G1 G2 G3 G4 G5 Core i5/i7 HP Elitebook 630 G9 RAM 32 SSD 512 SUPER MULUS NO BERGARANSI,Rp2.100.000,4.8,99 Terjual,Jakarta Utara,Laptop,Realme,Baru,Shopee
LAPTOP NOTEBOOK NOTBOOK ASUS E203M 11INCH RAM 4GB SSD 128GB LAPTOP KECIL SANGAT ENAK DIBAWA BAWA LAPTOP RINGAN,Rp1.950.000,3.5,3 Terjual,Jakarta Timur,Laptop,Realme,Baru,Shopee
"Laptop HP 14"" celeron",Rp2.910.000,4.3,129 Terjual,Jakarta Utara,Laptop,Realme,Baru,Shopee
"Notebook ADVAN Soulmate Celeron N4020 4GB/128GB 14"" HD Windows 11",Rp2.450.000,,,Semarang,Laptop,Realme,Baru,Shopee
notebook ASUS E203NAH upgrade ssd 256gb ram 2gb,Rp1.449.000,4.6,19 Terjual,Tangerang,Laptop,Realme,Baru,Shopee
"Notebook ASUS E203 intel celeron 11,6inch RAM 2GB HDD 500GB/SSD 256GB",Rp1.343.000,4.9,14 Terjual,Jakarta Barat,Laptop,Realme,Baru,Shopee
laptop Notebook second siap pakai minus baterai,Rp675.000,4.8,192 Terjual,Kab. Bogor,Laptop,Realme,Baru,Shopee
Laptop Sony vaio SVE141B11W RAM 4GB HDD 320GB INTEL COREI3-2370M NO MINUS,Rp1.599.000,5.0,9 Terjual,Tangerang,Laptop,Realme,Baru,Shopee
Laptop Lenovo ThinkBook 14 G2 Core i5-1135G7 Gen 11 RAM 16GB 8GB SSD 512GB 256GB Siap Pakai,Rp4.600.000,5.0,1 Terjual,Jakarta Barat,Laptop,Realme,Baru,Shopee
Apple Laptop Macbook Pro MD101 2011 2012 2013 11.6/13.3inch Mac IOS sistem Core I7/I5 Ram 8GB SSD 256GB Original,Rp2.899.000,4.7,866 Terjual,Tangerang,Laptop,Realme,Baru,Shopee
"Asus VivoBook A416JAO Core i3-1005G1 RAM 12GB SSD 512GB 14"" FHD BACKLIT Windows 11",Rp4.615.000,4.9,73 Terjual,Jakarta Barat,Laptop,Realme,Baru,Shopee
Laptop speck tinggi dell lenovo hp core i5 ram 8gb & 16gb termurah dan bergaransi,Rp900.000,4.5,247 Terjual,Kab. Tangerang,Laptop,Realme,Baru,Shopee
Laptop Asus 14 inch Intel/Amd Ram 8gb/Ssd 512gb Free Gift,Rp1.313.000,4.3,69 Terjual,Jakarta Barat,Laptop,Realme,Baru,Shopee
laptop HP probook 5310m ORI nyala,Rp250.000,,2 Terjual,Bandung,Laptop,Realme,Baru,Shopee
Laptop Lenovo Thinkpad Core i5 / i7 RAM 16Gb SSD 512Gb BERGARANSI MURAH ORIGINAL,Rp3.550.000,4.8,121 Terjual,Bandung,Laptop,Realme,Baru,Shopee
"LAPTOP ACER INTEL CELERON - RAM 4GB/ HDD 1TB - Windows 10 ""FREE TAS / MOUSE""",Rp1.323.000,4.8,56 Terjual,Jakarta Barat,Laptop,Realme,Baru,Shopee
Laptop HP Pavilion 14 -ce3013TX Intel Core i7-1065G7 RAM 8GB SSD 512GB MX250 GEN10,Rp7.399.000,,,Bandung,Laptop,Realme,Baru,Shopee
Advan Soulmate X Amd 3020e RAM16GB SSD512GB 14'' HD Windows 11,Rp3.549.000,4.9,1RB+ Terjual,Jakarta Pusat,Laptop,Realme,Baru,Shopee
"Asus Chromebook C423, Super Slim, Ringan, Mulus, Seri Baru,",Rp2.150.000,5.0,22 Terjual,Jakarta Barat,Laptop,Realme,Baru,Shopee
Laptop Gaming HP Elitebook 845 G8 AMD Ryzen 5 Pro 5000 Series Ram 32 GB SSD 1 TB Layar 14 inch Touchscreen,Rp4.890.000,4.9,480 Terjual,Jakarta Pusat,Laptop,Realme,Baru,Shopee
LAPTOP LENOVO THINKPAD L570 INTEL I5 8250U 16GB 512GB SSD 15.6 Inch HD WINDOWS 11 PRO,Rp3.299.000,5.0,38 Terjual,Depok,Laptop,Realme,Baru,Shopee
Laptop Dell Latitude Core i5 / i7 / RAM 8GB / 16GB Notebook Second | Termurah dan Berkualitas | 5420 5430 5440 5450 5480 5490 5550 Intel Core i5 Ram 4-8GB Storage ssd/HDD Peningkatan baru laptop Laptop Slim Murah Bagus dan Bergaransi bekas,Rp1.199.000,4.7,391 Terjual,Jakarta Pusat,Laptop,Realme,Baru,Shopee
MACBOOK AIR 2017 CORE i5 RAM 8GB SSD 1TB 13 INCHI OS MONTEREY GARANSI,Rp2.700.000,4.7,849 Terjual,,Laptop,Realme,Baru,Shopee
Laptop Lenovo Thinkpad L-Series | L480 L460 L390 L380 | i5 i7 | 16GB - SSD 512GB | Second Bergaransi,Rp3.090.000,4.9,363 Terjual,Jakarta Pusat,Laptop,Realme,Baru,Shopee
Laptop HP 14 Intel /Amd RAM 8gb HDD 1tb /FREE TAS,Rp1.590.000,4.6,203 Terjual,Jakarta Barat,Laptop,Realme,Baru,Shopee
"Laptop Chromebook Windows HP Dell Lenovo Asus All series Intel celeron AMD RAM 2/4GB SSD 32GB Super Slim, Ringan",Rp715.000,4.7,203 Terjual,Jakarta Pusat,Laptop,Realme,Baru,Shopee
Samsung Chromebook Ram 4GB OS.CHROMEBOOK SUPER SLIM RINGAN ENTENG,Rp1.850.000,4.7,269 Terjual,Jakarta Barat,Laptop,Realme,Baru,Shopee
LAPTOP ACER MULUS,Rp850.000,,,,Laptop,Realme,Baru,Shopee
Laptop HP Probook Elitebook Murah All Series | Intel Core i7 / i5 / i3 / AMD Ryzen | RAM 8/16GB | SSD 128/256GB,Rp650.000,4.8,327 Terjual,Jakarta Pusat,Laptop,Realme,Baru,Shopee
Laptop ADVAN Soulmate X 14” IPS FHD AMD 3020e 8GB/128GB Free Windows 11 Original Laptop Notebook Upgradeable,Rp3.650.000,5.0,11 Terjual,,Laptop,Realme,Baru,Shopee
Laptop Lenovo Thinkpad X280 Core i5 Gen 8 RAM 8GB SSD 256GB Laptop Second Bergaransi,Rp2.750.000,4.9,155 Terjual,Jakarta Utara,Laptop,Realme,Baru,Shopee
Laptop original Macbook Pro 13 - core i7 - ram 16gb ssd 512gb,Rp3.750.000,4.9,180 Terjual,,Laptop,Realme,Baru,Shopee
Lenovo ThinkPad All Series | Core i7 / i5 / i3 | AMD Ryzen | RAM 8/16GB | SSD 128/256GB,Rp2.500.000,4.6,3RB+ Terjual,Jakarta Timur,Laptop,Realme,Baru,Shopee
AXIOO Hype 1 Laptop Intel N4020 RAM8GB SSD256GB 14'' HD Windows 11,Rp3.699.000,5.0,82 Terjual,Jakarta Pusat,Laptop,Realme,Baru,Shopee
Laptop Lenovo Gaming Core i5 / i7 Ram 8GB SSD 256GB + Full Bonus Original Murah Bergaransi,Rp1.895.000,4.9,3RB+ Terjual,Bandung,Laptop,Realme,Baru,Shopee
"Laptop Samsung 275E, Amd E1-1500, Ram 4/500Gb, White",Rp1.300.000,5.0,4 Terjual,Jakarta Barat,Laptop,Realme,Baru,Shopee
LAPTOP TOUCHSCREEN HP PROBOK 11G2 COR i3 GEN 6 8GB/256GB,Rp1.790.000,5.0,1 Terjual,Jakarta Barat,Laptop,Realme,Baru,Shopee
Laptop Lenovo T14 AMD Ryzen 5 4650u Ram 16GB SSD 256GB mulus original,Rp3.750.000,4.8,42 Terjual,Bandung,Laptop,Realme,Baru,Shopee
Laptop Dell Latitude 5310/E7240/E7270/E7290/E7490 Core i5 / i7 / RAM 8GB / 16GB Notebook Second | Termurah dan Berkualitas | Slim Murah Bagus dan Bergaransi bekas US keyboard backlight,Rp1.250.000,4.8,298 Terjual,Tangerang,Laptop,Realme,Baru,Shopee
Laptop Gaming ASUS K401U Core i7 Gen 7 Ram 16 GB SSD 512 GB VGA Nvidia geforce 940MX 2 GB Layar 14 inch Full HD,Rp3.690.000,5.0,1 Terjual,Jakarta Pusat,Laptop,Realme,Baru,Shopee
"READYSTOCK Laptop Samsung 355V, Amd A6-4400M, 4/320GB, Blue",Rp1.500.000,,,Jakarta Barat,Laptop,Realme,Baru,Shopee
LAPTOP SLIMS DAN RINGAN TOSHIBA G83 i7 GEN IRIS XE RAM 16GB SSD 1TB BERGARANSI,Rp3.040.000,4.7,76 Terjual,Jakarta Barat,Laptop,Realme,Baru,Shopee
"LAPTOP HP 820 G2 CORE i5 GEN 5 SSD 256 GB 12 INCH FREE MOUSE DAN TAS - RAM 8 SSD 512GB, i5",Rp2.300.000,4.0,13 Terjual,Jakarta Barat,Laptop,Realme,Baru,Shopee
Laptop Bekas Fujitsu yang Tipis dan Ringan MU937 Celeron 3865U-7TH FHD 13.3inch 1920*1080 RAM8GB SSD256GB win 10pro Mulus / Original / Berkualitas,Rp1.299.000,4.8,373 Terjual,Jakarta Pusat,Laptop,Realme,Baru,Shopee
"Nb Samsung Chromebook 4, Seri Baru, Like New, Slim, Cantik, Fullset, Silver",Rp1.650.000,,,Jakarta Barat,Laptop,Realme,Baru,Shopee
Laptop Lenovo Thinkpad Series Ryzen 7pro T14 GEN2 RYZEN7 PRO TOUCHSCREEN RAM 32GB/1TB SSD FREE TAS & MOUSE MULUS,Rp3.450.000,4.9,71 Terjual,Jakarta Barat,Laptop,Realme,Baru,Shopee
Laptop baru murah 14'' RAM 8/16G+256/512GB SSD N3170 Win11+Office mahasiswa/kantor,Rp3.099.000,4.9,1RB+ Terjual,Jakarta Barat,Laptop,Realme,Baru,Shopee
Laptop 2 in 1 Lenovo Thinkpad Yoga 11e Core i5 Gen 8 Ram SSD 512 GB Layar 11 inch Touchscreen + Stylus Pen,Rp3.690.000,4.9,205 Terjual,Jakarta Pusat,Laptop,Realme,Baru,Shopee
[Bekas] Laptop HP ProBook 430/440/450/455/640/650 Core i3/i5/i7 MURAH SLIM ORIGINAL BERGARANSI,Rp1.700.000,4.8,140 Terjual,Jakarta Utara,Laptop,Realme,Baru,Shopee
"HW touchscreen Laptop Baru 15.6 Inci untuk Gaming dan Kantor - Performa Tinggi dan Tipis, Prosesor Intel Generasi ke-13 N95, RAM 32GB DDR4, SSD NVMe 1TB Cepat, Pemindai Sidik Jari, Windows 11 Terinstal, Garansi 1 Tahun",Rp8.888.888,4.3,9 Terjual,Jakarta Barat,Laptop,Realme,Baru,Shopee
"LAPTOP HP PROBOOK X360 2 IN 1 G1 G3 G5 G7 TOUCHSCREEN - LAYAR 11,6 INCH MULUS MURAH BERGARANSI",Rp1.400.000,5.0,60 Terjual,Jakarta Utara,Laptop,Realme,Baru,Shopee
PROMO MacBook Air 13 inch Early 2015 / 2017 Core i5 1.6GHz Ram 8GB Ssd 256 GB SECOND ORIGINAL,Rp2.572.222,4.9,2RB+ Terjual,Jakarta Pusat,Laptop,Realme,Baru,Shopee
"LENOVO Thinkpad X280 I5 8250U Laptop 12,5Inch Gen8 FAST BOOTING RAM 8 SSD 256 Win10",Rp2.150.000,5.0,5 Terjual,Jakarta Barat,Laptop,Realme,Baru,Shopee
SEYUMISHOP [SECOND] LAPTOP NOTEBOOK LENOVO 100e 2ND GENERATION USED SECOND MURAH,Rp600.000,,,Surabaya,Laptop,Realme,Baru,Shopee
Laptop Lenovo Thinkpad X1 Yoga G6 Core i7 Gen 11 Ram 32GB/512GB SSD - X1 Yoga5 i7 10th NO STYLUSH PEN,Rp3.980.000,4.7,65 Terjual,Jakarta Barat,Laptop,Realme,Baru,Shopee
Laptop Lenovo Thinkpad Intel Core i5 / i7 | SSD 256 - 512 | Second / Murah / Bagus / Berkualitas.,Rp2.450.000,5.0,1 Terjual,Jakarta Pusat,Laptop,Realme,Bekas,Shopee
[Bekas] LAPTOP LENOVO THINKPAD X395 E14 AMD RYZEN 5 PRO - SLIM - Cocok buat Kantoran / Kuliahan / Gaming - Bonus Tas,Rp3.300.000,4.9,165 Terjual,Jakarta Utara,Laptop,Realme,Bekas,Shopee
Laptop 2in1 Tablet Lenovo Ideapad D330 N4000 Ram 4GB Ssd eMMc 64GB - Second Bergaransi,Rp1.599.000,4.9,157 Terjual,Jakarta Pusat,Laptop,Realme,Bekas,Shopee
Lenovo Thinkpad X13 Core i7 Gen 10 RAM 16GB SSD 1TB - Laptop Bekas Original Bergaransi Siap Pakai,Rp4.370.000,5.0,38 Terjual,Jakarta Utara,Laptop,Realme,Bekas,Shopee
[Bekas] Laptop Lenovo ThinkPad T480/T480s i5 RAM 8GB SSD 256GB - Bekas Original Bergaransi,Rp2.800.000,4.9,1RB+ Terjual,Jakarta Utara,Laptop,Realme,Bekas,Shopee
LAPTOP GAMING DELL PRECISION 3510 3530 5510 5520 5530 7430 7510 7740 M3800 M4600 M4700 M6800 MULUSSSS MANTAPPPP,Rp2.200.000,3.7,7 Terjual,Jakarta Utara,Laptop,Realme,Bekas,Shopee
Laptop HP Elitebook | Probook Core i5 / i7 Ram 16Gb SSD 512Gb MURAH & BERGARANSI,Rp1.715.000,4.6,8 Terjual,Bandung,Laptop,Realme,Bekas,Shopee
LAPTOP SECOND ORIGINAL DELL HP LENOVO,Rp1.900.000,5.0,53 Terjual,Jakarta Barat,Laptop,Realme,Bekas,Shopee
LAPTOP ASUS X441MA N4000 RAM 4GB /512 SSD BONUS TAS & MOUSE,Rp1.600.000,,1 Terjual,Jakarta Barat,Laptop,Realme,Bekas,Shopee
CNAST Laptop Baru Intel Core i7 16GB RAM 1TB 15.6 inch Windows11 Gaming/Edit untuk Kerja/Kuliah,Rp6.870.000,4.7,70 Terjual,Jakarta Barat,Laptop,Realme,Bekas,Shopee
LAPTOP INFINIX INBOOK X2 i5 1035G1 8/512 SSD GARANSI,Rp2.350.000,,,Jakarta Barat,Laptop,Realme,Bekas,Shopee
"Laptop INFINIX X2, I3 - 1115G4, Gen 11Th, Ram 8GB / 256SSD, Navy Blue, BERGARANSI",Rp3.350.000,5.0,1 Terjual,Jakarta Barat,Laptop,Realme,Bekas,Shopee
Laptop Murah Bekas Berkualitas Core i5 / i7 Bergaransi Grade C,Rp850.000,4.7,314 Terjual,Bandung,Laptop,Realme,Bekas,Shopee
Dell Latitude Core i5 / i7 / Ram 8GB / 16GB Laptop Second | 7480 / 7490 / 7410 / 7400 / 5420 / 5410 / 5400 / 5401 / E5470 / 5490 / 7390,Rp2.200.000,4.8,1RB+ Terjual,Kab. Tangerang,Laptop,Realme,Bekas,Shopee
Laptop Hp 15 Amd Ryzen 7 7730U RAM 32GB 2TB SSD 15.6 FHD IPS Touchscreen Windows 11 Silver,Rp9.998.000,5.0,13 Terjual,Bogor,Laptop,Realme,Bekas,Shopee
SEYUMISHOP [SECOND] LAPTOP NOTEBOOK LENOVO 100e 2ND GENERATION USED SECOND MURAH,Rp600.000,,,Surabaya,Laptop,Realme,Bekas,Shopee
Infinix inbook X2 i3 gen 11 ram 8/256 GB,Rp3.549.000,,,Yogyakarta,Laptop,Realme,Bekas,Shopee
Laptop Lenovo Gaming Core i5 / i7 Ram 8GB SSD 256GB + Full Bonus Original Murah Bergaransi,Rp1.895.000,4.9,3RB+ Terjual,Bandung,Laptop,Realme,Bekas,Shopee
Laptop HP Pavilion 14 -ce3013TX Intel Core i7-1065G7 RAM 8GB SSD 512GB MX250 GEN10,Rp7.399.000,,,Bandung,Laptop,Realme,Bekas,Shopee
Axioo Hype 5 AMD X6 RYZEN 5 6600H RAM 16GB SSD 512GB W11 RESMI ORIGINAL,Rp8.394.000,4.9,1RB+ Terjual,Jakarta Selatan,Laptop,Realme,Bekas,Shopee
"TECNO Megabook K15S AMD Ryzen 5 7430U RAM 16GB 512GB SSD 15.6"" FHD IPS Win 11",Rp6.599.000,4.9,61 Terjual,Jakarta Selatan,Laptop,Realme,Bekas,Shopee
Laptop ZYREX BLAZE Intel Core i5-12450H RAM 16GB 512GB SSD NVMe Windows 11 Home 14 Inch FHD IPS – Backlit Keyboard + Garansi Resmi 1 Tahun,Rp8.399.000,4.5,3 Terjual,Jakarta Barat,Laptop,Realme,Bekas,Shopee
"Laptop Gaming Murah ADVAN Workmate 14 Amd Ryzen 5 16GB 1TB SSD 14""WUXGA Win11Home",Rp5.799.000,5.0,21 Terjual,Bandung,Laptop,Realme,Bekas,Shopee
"ADVAN PIXWAR T RYZEN 7-6800H RADEON 680M 16GB 512GB SSD 15.6"" FHD IPS TOUCH W11",Rp9.239.000,5.0,4 Terjual,Bogor,Laptop,Realme,Bekas,Shopee
Infinix Xbook B14 AMD Ryzen 5 7535HS RAM 8GB 512GB SSD 14.0 WUXGA IPS Windows 11 Home Silver,Rp7.399.000,5.0,4 Terjual,Kab. Tangerang,Laptop,Realme,Bekas,Shopee
LAPTOP ASUS ROG GL553VD CORE I7-GEN 7 HDD 1TB/8GB,Rp6.900.000,,,Medan,Laptop,Realme,Bekas,Shopee
THINKPAD WORKSTATION P53 i7-9850H/RAM 32GB/SSD 512GB/NVIDIA QUADRO T1000/DEWA RENDERING,Rp7.280.000,4.5,2 Terjual,Bogor,Laptop,Realme,Bekas,Shopee
INFINIX XBOOK B14 RYZEN 7 7735HS - RAM 16GB 512GB W11 14.0WUXGA IPS CORAL TIDES,Rp8.498.000,4.9,462 Terjual,Jakarta Utara,Laptop,Realme,Bekas,Shopee
Lenovo V14 G4 AMD Ryzen 5 7430U RAM 8GB 512B SSD 14.0 FHD IPS Windows 11 Home + OHS,Rp7.299.000,5.0,22 Terjual,Kab. Tangerang,Laptop,Realme,Bekas,Shopee
"Baru Prosesor Intel Generasi core i9 Laptop Terbaru untuk Gaming dan Pekerjaan Rumahan 15.6 Inci, Memori DDR4 16GB RAM, SSD M.2 1TB, i7",Rp9.099.999,4.9,48 Terjual,Kab. Tangerang,Laptop,Realme,Bekas,Shopee
LAPTOP HUAWEI NBLK-WAX9X AMD RYZEN 7 3700U 8GB SSD 512GB 14INCH SECOND BERGARANSI,Rp5.249.000,,,Jakarta Barat,Laptop,Realme,Bekas,Shopee
Laptop Infinix XBOOK B14 Ryzen 7-7735HS RAM 16GB SSD 1TB Windows 11 + Office Home 14.0inch Wuxga IPS,Rp7.589.000,4.4,28 Terjual,Jakarta Selatan,Laptop,Realme,Bekas,Shopee
Laptop Gaming Lenovo Y700 Core i5 6300HQ 8/128 GTX 960M 4GB murah,Rp2.750.000,,,Jakarta Timur,Laptop,Realme,Bekas,Shopee
LAPTOP RAZER BLADE STEALTH 2016 | 2017 | 2018 TOUCH SCREEN i7 GEN6 | i7 GEN7 | i7 GEN8 RAM 8GB/16GB SSD 256GB,Rp4.250.000,,3 Terjual,Bandung,Laptop,Realme,Bekas,Shopee
"Laptop Gaming 15.6 Inch - Intel Core i9/i7, RAM 16GB, SSD M.2 1TB, Performa Tinggi untuk Gaming & Kerja",Rp9.099.999,5.0,1 Terjual,Kab. Tangerang,Laptop,Realme,Bekas,Shopee
"HUAWEI MateBook 15 AMD Ryzen 5 - 3500U 8/256 Fingerprint, Webcam, WiFi, Bluetooth | GL15015",Rp5.077.250,,,Semarang,Laptop,Realme,Bekas,Shopee
ASUS ROG FLOW Z13 GZ301ZC i7-12700H 16GB 512SSD RTX3050 4GB W11+OHS TOUCH,Rp28.532.283,,,Medan,Laptop,Realme,Bekas,Shopee
Laptop Infinix Xbook B14 Ryzen 7 7735HS 16GB 1TB SSD 14 inch WUXGA IPS Windows 11,Rp8.499.000,5.0,11 Terjual,Jakarta Selatan,Laptop,Realme,Bekas,Shopee
"TECNO MEGABOOK T1 R5 - 16GB+512GB, AMD Ryzen 5-7430U, 100%SRGB Display, 75Wh Battery, 65W Type-C GaN PD Fast Charge , DTS X Ultra Immersive Sound, Windows 11, 14inch, Garansi 24 Bulan",Rp7.799.000,4.9,946 Terjual,Jakarta Barat,Laptop,Realme,Bekas,Shopee
ASUS VIVOBOOK GO 14 E1404FA RYZEN 5 7520 16GB 512GB W11+OHS+O365 14.0FHD IPS SLV -VIPS554M,Rp9.086.000,4.9,3RB+ Terjual,Jakarta Utara,Laptop,Realme,Bekas,Shopee
"Lenovo Legion 9 18IAX10 GeForce RTX 5090 24GB - Intel Core Ultra 9 275HX 2x 32GB SODIMM 2TB SSD M.2 2280 WIN11+OHS2024+M365 3Y ADP 18"" WQUXGA (3840x2400) IPS 500nits Glossy, 100% DCI-P3, 240Hz / 83EY0049ID",Rp109.989.000,,,Tangerang Selatan,Laptop,Realme,Bekas,Shopee
RealmeBook | Core i5 11320H | Ram 8GB | Ssd 512,Rp6.000.000,,,,Laptop,Realme,Bekas,Shopee
LAPTOP HUAWEI NBLK-WAX9X AMD RYZEN 7 3700U 8GB SSD 512GB 14 INCH SECOND BERGARANSI,Rp5.149.000,,,Jakarta Barat,Laptop,Realme,Bekas,Shopee
ADVAN Pixwar Gaming AMD RYZEN 7 6800H RAM16GB SSD1TB 15.6 FHD IPS Touchscreen Windows 11,Rp8.749.000,5.0,81 Terjual,Jakarta Pusat,Laptop,Realme,Bekas,Shopee
LAPTOP GAMING ASUS ROG GL552VX INTEL CORE I7-6700HQ 8GB SSD 256GB GTX 950M,Rp5.200.000,,,Bandung,Laptop,Realme,Bekas,Shopee
"READYSTOCK ASUS LAPTOP TUF DASH F15 FX516PC, Intel® Core™ i7-11370H, #VGA, 16/512GB SSD, White",Rp10.700.000,,,Jakarta Barat,Laptop,Realme,Bekas,Shopee
laptop infinix inbook x2 2025 i5 SSD 512GB Fullset,Rp5.849.000,,,Bekasi,Laptop,Realme,Bekas,Shopee
Acer Nitro 5 AN515-52 i5 8300H Nvidia GTX 1050 RAM 16GB SSD 512GB Laptop Gaming Second Bekas Gen 8,Rp6.100.000,5.0,4 Terjual,Depok,Laptop,Realme,Bekas,Shopee
Hp Pavilion 15 Ryzen 5 3500 Ram 16Gb SSD 512Gb Batre health 100 persen normal lancar,Rp4.500.000,,,Jakarta Barat,Laptop,Realme,Bekas,Shopee
Asus Tuf Gaming Fx505GD I5-8300H RAM 16GB/SSD 512GB GTX 1050 4GB,Rp5.800.000,,,Bandung,Laptop,Realme,Bekas,Shopee
LAPTOP ASUS TUF GAMING A14 FA401U AMD RYZEN 7 8845HS 16GB SSD 512GB RTX 4050,Rp16.200.000,,,Bandung,Laptop,Realme,Bekas,Shopee
LAPTOP VICTUS HP GAMING 15-FA2715TX INTEL CORE I5-13420H GEN 13 16GB SSD 512GB RTX 2050,Rp9.000.000,,,Bandung,Laptop,Realme,Bekas,Shopee
"READY STOCK Laptop Asus TUF Gaming 15 FA506IC, Amd Ryzen 7 - 4800H, #DualVga: - Amd Radeon TM Graphics, - Nvidia Geforce RTX 3050 4Gb, Ram 8 Gb / 512Gb Ssd, Black",Rp10.000.000,,1 Terjual,Jakarta Barat,Laptop,Realme,Bekas,Shopee
"Laptop Fullset Asus VivoBook X421EPQY, Core i7 - 1165G7, Ram 8Gb/512Gb SSD, #Nvidia Geforce MX330, Black Mate",Rp7.999.999,5.0,1 Terjual,Jakarta Barat,Laptop,Realme,Bekas,Shopee
Laptop AFTERSHOCK NVIDIA GTX Core i7 RAM 16Gb SSD 240Gb DUAL VGA,Rp6.500.000,,,Tangerang Selatan,Laptop,Realme,Bekas,Shopee
"Lenovo Legion Y540 - 17IRH, Core i7-9750H, Ram 8/512Gb, #RTX2060 6Gb, #IPS, #Backlight, Lengkap, Black",Rp10.000.000,,,Jakarta Barat,Laptop,Realme,Bekas,Shopee
"Laptop DAC F1 DN50 Core i5-12450H, Ram 8/512Gb, Lengkap, Black, BERGARANSI",Rp4.200.000,,,Jakarta Barat,Laptop,Realme,Bekas,Shopee
Laptop Gaming Asus ROG G751JT Core i7 GTX 970M RAM 16GB SSD 256GB + HDD 1000GB,Rp4.149.900,,1 Terjual,,Laptop,Realme,Bekas,Shopee
LAPTOP GAMING ACER NITRO 5 INTEL CORE I5-11300H RAM 8GB SSD 512GB GTX NVIDIA GEFORCE 1650 4GB DDR6 MULUS,Rp8.400.000,,,Jakarta Timur,Laptop,Realme,Bekas,Shopee
LAPTOP DAC-DN50 CORE i5 12450H 8GB 16GB SSD 256GB 14INCH SECOND BERGARANSI,Rp4.899.000,,,Jakarta Barat,Laptop,Realme,Bekas,Shopee
"[FREE STYLUS PEN] ADVAN Laptop 2 in 1 EVO-X 16” / 13"" Touch Screen Detachable 2.5K Display",Rp7.579.000,4.8,27 Terjual,Tangerang,Laptop,Realme,Bekas,Shopee
HP victus 16 ryzen 7 7840hs rtx 4060 8gb tdp 120 watt,Rp13.650.000,,,,Laptop,Realme,Bekas,Shopee
LAPTOP MSI GF63 INTEL i5-12450H RAM 16GB SSD 512GB RTX 2050 4GB MULUS,Rp7.500.000,,,Bogor,Laptop,Realme,Bekas,Shopee
ThinkPad P53s / Thinkpad P52s / thinkpad P53s P52s / ThinkPad,Rp5.700.000,5.0,3 Terjual,Jakarta Pusat,Laptop,Realme,Bekas,Shopee
"Laptop Asus Gaming FX505DT, Amd Ryzen 5 - 3550H, VGA",Rp7.500.000,1.0,1 Terjual,Jakarta Barat,Laptop,Realme,Bekas,Shopee
laptop gaming msi gl62 Intel core i7-7700HQ Nvidia GTX 1050(2gb) ram 16gb/SSD 512gb fhd backlit fullset,Rp5.700.000,,,Bandung,Laptop,Realme,Bekas,Shopee
Lenovo Legion Pro 5 83NN0054ID intel core i9 14900HX 32GB 1TB SSD NVIDIA RTX5060 - LAPTOP GAMING EDITING CODING RENDERING DESIGN CREATOR GAME GARANSI RESMI,Rp31.726.000,5.0,361 Terjual,Jakarta Pusat,Laptop,Realme,Bekas,Shopee
Tecno Megabook T1 14 AMD Ryzen 5 7430U | 16GB 512GB Windows 11 | 14.0 inch FHD 100SRGB,Rp7.794.000,4.6,20 Terjual,Jakarta Utara,Laptop,Realme,Bekas,Shopee
"Infinix Xbook B15 R5 7430 8GB 512GB SSD W11 15.6"" FHD GREY",Rp6.040.000,,,Semarang,Laptop,Realme,Bekas,Shopee
laptop asus rog g14,Rp5.000.000,,,,Laptop,Realme,Bekas,Shopee
Laptop ASUS TUF DASH F15 FX516PM Intel Core i7-11370H RAM 24GB SSD 512GB RTX 3060 GEN11,Rp10.000.000,,,Bandung,Laptop,Realme,Bekas,Shopee
AXIOO Pongo 755 Ryzen 7 255 - RTX™ 5050 16GB 512GB 16.0 INCH FHD+ IPS 165HZ Windows 11,Rp19.791.000,5.0,2 Terjual,Jakarta Selatan,Laptop,Realme,Bekas,Shopee
LAPTOP ADVAN SOULMATE PLUS RYZEN 5 3500 8GB 256GB W11 14.0 GRY,Rp4.050.000,,,Jakarta Pusat,Laptop,Realme,Bekas,Shopee
LENOVO LOQ 15 RYZEN 7 7735HS RTX4050 6GB/ 16GB 512GB W11+OHS+M365B 15.6 FHD 144HZ 100%SRGB -1BID,Rp14.615.000,5.0,4 Terjual,Kab. Bogor,Laptop,Realme,Bekas,Shopee
"ASUS ROG Strix G16 G614JU i5-13450HX 16GB 512GB SSD RTX4050 6GB 16""WUXGA IPS 165Hz 100%sRGB WIN11 OHS",Rp20.599.000,,1 Terjual,,Laptop,Realme,Bekas,Shopee
AXIOO Pongo 775 i7 13620H / RTX 5070 16GB 512GB SSD 16 inch QHD+ 180HZ Windows 11,Rp24.816.000,5.0,10 Terjual,Jakarta Selatan,Laptop,Realme,Bekas,Shopee
DELL PRECISION 5540 i7-9850H 12CPUs RAM 32GB/SSD 512GB/NVIDIA QUADRO T1000,Rp6.850.000,5.0,2 Terjual,Bogor,Laptop,Realme,Bekas,Shopee
leptop lep top Alienware X15 R2 RTX 3070TI I7 GEN 12 16GB RAM 512GB SSD Laptop Gaming,Rp30.000.000,,,Surabaya,Laptop,Realme,Bekas,Shopee
Lenovo LOQ 15 Essensial i5 12450HX RTX 4050 6 GB RGB IPS 144Hz 100% sRGB Powerful Gaming Desain Laptop,Rp12.500.000,5.0,2 Terjual,Bandung,Laptop,Realme,Bekas,Shopee
Laptop Three Screen Business 16+10.5+10.5 inch Core i7 12th CPU 64GB RAM Dual Channel 3 Monitor Laptops,Rp18.500.000,5.0,1 Terjual,Jakarta Barat,Laptop,Realme,Bekas,Shopee
Laptop Asus Tuf A15 FA506NF RTX 2050 4GB Ryzen 5 7735HS 16GB 512GB FHD IPS 144HZ Win 11 + Office,Rp9.190.000,,,Tangerang,Laptop,Realme,Bekas,Shopee
Lenovo LOQ 15IRX10 i5-13450HX RTX5050 24GB 512GB SSD 15.6 inch FHD 144HZ Windows 11,Rp19.182.000,5.0,6 Terjual,Jakarta Selatan,Laptop,Realme,Bekas,Shopee
Laptop Gaming Lenovo Legion 5 15IMH05 / Core I7-10750H ( Gen 10 ) / Ram 16GB 512GB Ssd / Vga Nvidia Geforce Gtx 1650Ti / Resolusi Layar Full Hd / Keyboard Us Backlight,Rp8.500.000,,,Jakarta Pusat,Laptop,Realme,Bekas,Shopee
Tecno Megabook T1 14 | I9 13900HK 16GB 512GB 14.0FHD W11,Rp10.150.000,5.0,4 Terjual,Yogyakarta,Laptop,Realme,Bekas,Shopee
LAPTOP ASUS ROG FLOW Z13 GZ302EA TOUCH RYZEN AI MAX+ 395 32GB 1TB W11+OHS 13.4 2.5K 180HZ,Rp37.544.000,5.0,1 Terjual,Surabaya,Laptop,Realme,Bekas,Shopee
"Lenovo Ideapad Gaming 3 15ARH05, Ryzen 7 - 4800H, 16/512Gb, #GTX1650 4Gb, #Backlight, Navy Blue",Rp8.800.000,,,Jakarta Barat,Laptop,Realme,Bekas,Shopee
Lenovo Legion 5 16IRX9 RTX4070 Intel i9 14900HX 64GB 2TB SSD 16 inch WQXGA IPS 165Hz 100% sRGB W11,Rp32.296.000,4.9,28 Terjual,Depok,Laptop,Realme,Bekas,Shopee
LENOVO LEGION 5I I7 13650HX RTX5050 8GB - RAM 32GB 512GB W11+OHS 15.3WUXGA 165Hz 100%sRGB -E9ID,Rp24.053.000,5.0,76 Terjual,Jakarta Utara,Laptop,Realme,Bekas,Shopee
LAPTOP ACER NITRO V 15 INTEL CORE i5-13420H RAM 32GB SSD 512GB RTX 2050 GARANSI RESMI,Rp9.200.000,,,Bogor,Laptop,Realme,Bekas,Shopee
MSI BRAVO 15B7ED RYZEN 5-7535HS RAM 8GB/SSD 512GB RX 6550M 4GB SETARA RTX 3050,Rp9.500.000,5.0,1 Terjual,Bandung,Laptop,Realme,Bekas,Shopee
Laptop Samsung Series Core i3 i5 i7 Laptop Pelajar,Rp1.748.000,5.0,9 Terjual,Kab. Bekasi,Laptop,Samsung,Baru,Shopee
"Nb Samsung Chromebook 4, Seri Baru, Like New, Slim, Cantik, Fullset, Silver",Rp1.575.000,5.0,12 Terjual,Jakarta Barat,Laptop,Samsung,Baru,Shopee
Samsung Chromebook 4 | Celeron-N4020 | Ram 4/32GB | BERGARANSI,Rp1.550.000,4.6,286 Terjual,Jakarta Barat,Laptop,Samsung,Baru,Shopee
Notebook Samsung Chrombook 11 Intel Celeron N4020 Ram4/32gb Fullset Mulus,Rp1.650.000,4.8,569 Terjual,Jakarta Barat,Laptop,Samsung,Baru,Shopee
"Samsung Chromebook 4, Intel Celeron - N4020, Ram 4Gb, Bonus Tas + Mouse",Rp1.650.000,4.8,83 Terjual,Jakarta Barat,Laptop,Samsung,Baru,Shopee
SAMSUNG CHROMEBOOK - INTEL CELERON N4020 || FULLSET ORIGINAL + SIAP PAKAI,Rp1.650.000,,,Malang,Laptop,Samsung,Baru,Shopee
Laptop Samsung Chromebook 4 Celeron N4020 Roblox game playstore,Rp1.250.000,4.5,20 Terjual,Malang,Laptop,Samsung,Baru,Shopee
Notebook Samsung Chromebook 4 intel Celeron N4020 Ram4/32GB Normal,Rp1.650.000,4.7,40 Terjual,Tangerang,Laptop,Samsung,Baru,Shopee
Laptop Samsung touchscreen i5 gen 3,Rp1.000.000,,,Tangerang,Laptop,Samsung,Baru,Shopee
"Chromebook Samsung XE513C24 Core RK3399 Ram 4GB SSD 32GB, Layar 12.5""Inch (Touchscreen + Stylus Pen)",Rp1.498.000,5.0,2 Terjual,Surabaya,Laptop,Samsung,Baru,Shopee
Samsung chromebook 4 N4020 RAM 4/32gb Slim Bonus mouse Harga termurah,Rp1.190.000,5.0,5 Terjual,Kab. Tangerang,Laptop,Samsung,Baru,Shopee
"Laptop Samsung Galaxy Book Pro / 15"" Inch / Core i7 EVO 11Th / Windows 11",Rp9.612.000,4.8,18 Terjual,Jakarta Utara,Laptop,Samsung,Baru,Shopee
"Laptop Samsung 500R5K, Core i5-5200U, #Nvidia GeForce 840M 2Gb, Ram 8 / 128Gb, Lengkap, Black Silver",Rp2.400.000,,,Jakarta Barat,Laptop,Samsung,Baru,Shopee
Laptop Samsung 500R5K Core i5-5200U #Nvidia GeForce 840M 2GB RAM 8GB SSD 256GB | Black Silver,Rp2.200.000,,,Jakarta Barat,Laptop,Samsung,Baru,Shopee
"Notebook Samsung Chromebook 303C, Ram 2GB/32GB, Fullset Bergaransi",Rp1.050.000,5.0,4 Terjual,Jakarta Barat,Laptop,Samsung,Baru,Shopee
"Samsung Chromebook 2in1 Core RK3399 RAM 4GB EEMMC 32GB Layar 13,3 Inch Full HD Flip 360",Rp1.500.000,5.0,3 Terjual,Surabaya,Laptop,Samsung,Baru,Shopee
LAPTOP SAMSUNG NP900X3F /RAM 4GB/SSD 128GB /TERMURAH,Rp1.500.000,,,,Laptop,Samsung,Baru,Shopee
Samsung Laptop 550Xda Celeron N6000 Series,Rp3.450.000,,,Jakarta Barat,Laptop,Samsung,Baru,Shopee
"Laptop Samsung 910S, Core i5-4120U, Hd Graphics, Ram 8 / 256Gb, #IPS, Super Slim, Lengkap, Black",Rp2.400.000,,,Jakarta Barat,Laptop,Samsung,Baru,Shopee
"Chromebook Samsung XE512QAB Intel Celeron 3965Y Ram 4GB SSD 32GB, Layar 12.5""Inch (TS + Stylus Pen)",Rp1.498.000,,,Surabaya,Laptop,Samsung,Baru,Shopee
LAPTOP SAMSUNG NP900X3F /RAM 4GB/SSD 128GB / TERMURAH,Rp1.500.000,,,,Laptop,Samsung,Baru,Shopee
Nb Samsung Chromebook  XE310XBA Celeron N4020 Ram 4/32Gb Fullset & mulus,Rp1.650.000,5.0,5 Terjual,Jakarta Barat,Laptop,Samsung,Baru,Shopee
ChromeBook Samsung XE303C12-A01US Prosesor Exynos 5250 1.7GHz,Rp698.000,,,,Laptop,Samsung,Baru,Shopee
Laptop Samsung Chromebook 303C XE 303C12 Red,Rp944.000,,,Jakarta Pusat,Laptop,Samsung,Baru,Shopee
"Laptop Samsung 275E, Amd E1-1500, Ram 4/500Gb, White",Rp1.300.000,5.0,4 Terjual,Jakarta Barat,Laptop,Samsung,Baru,Shopee
Laptop Samsung Galaxy Book 3 15 Intel Core i7 1355U Ram 16GB 1TB SSD FHD IPS Windows 11 Home,Rp8.900.000,,,Bogor,Laptop,Samsung,Baru,Shopee
"Samsung 550XDA, Core i5-1135G7, Ram 8/512GB, #IPS, Lengkap, Grey",Rp4.300.000,,,Jakarta Barat,Laptop,Samsung,Baru,Shopee
Laptop Samsung 910S | Core i5-4120U | Ram8GB/Ssd256Gb | Slim,Rp2.650.000,,,Jakarta Barat,Laptop,Samsung,Baru,Shopee
Laptop Samsung 355V4C Amd A6-4400M vga Amd radeon hd 7520G ram 4GB HDD 320 GB slim mulus 14 inch,Rp1.550.000,5.0,7 Terjual,Jakarta Barat,Laptop,Samsung,Baru,Shopee
LAPTOP CORE I7 GEN 8 RAM 8GB SSD 256GB | SAMSUNG NOTEBOOK 9,Rp3.600.000,,,,Laptop,Samsung,Baru,Shopee
Laptop Murah Samsung 270E / 270E5J Core i5-4210U Ram 4Gb Ssd 128(B37),Rp1.250.000,,,Tangerang,Laptop,Samsung,Baru,Shopee
Laptop Samsung chromebook 4 intel N4020 ram4gb ROBLOX PLAYSTORE,Rp1.575.000,,,Malang,Laptop,Samsung,Baru,Shopee
"Nb Samsung Chromebook 500C, Seri Baru, Like New, Slim, Cantik, Black",Rp1.650.000,,,Jakarta Barat,Laptop,Samsung,Baru,Shopee
"Laptop Samsung Galaxy Book 3 / 15.6"" FHD Intel Core i7-1355U / Windows 11",Rp13.285.090,5.0,2 Terjual,Jakarta Utara,Laptop,Samsung,Baru,Shopee
laptop notebook samsung NP900x3A i5,Rp1.900.000,,,,Laptop,Samsung,Baru,Shopee
"Laptop Samsung 500R5K, Core i5-5200U, #Nvidia GeForce 840M 2Gb, Ram 8 / 128Gb, Lengkap, Black Silver",Rp2.300.000,,,Jakarta Barat,Laptop,Samsung,Baru,Shopee
"Nb Samsung Chromebook 4, Seri Baru, Like New, Slim, Cantik, Fullset, Silver",Rp1.650.000,,,Jakarta Barat,Laptop,Samsung,Baru,Shopee
"Samsung Chromebook 4, Seri Baru, Like New, Slim, Cantik, Fullset, Silver",Rp1.650.000,4.3,3 Terjual,Jakarta Barat,Laptop,Samsung,Baru,Shopee
Laptop Samsung 275E4E/275E5E Amd Radeon E1-1500 Vga Amd Radeon HD 7310 Layar 14inch,Rp1.400.000,4.4,14 Terjual,Jakarta Barat,Laptop,Samsung,Baru,Shopee
"Laptop Samsung 501R, Core i5-6200HQ,",Rp2.700.000,,,Jakarta Barat,Laptop,Samsung,Baru,Shopee
Samsung ChromeBook Intel Celeron N4500 Ram 4Gb eMMC 32Gb Laptop Chromebook Mulus,Rp1.815.000,,1 Terjual,Malang,Laptop,Samsung,Baru,Shopee
Samsung chromebook 4/32. Laptop baru. murah. bergaransi 1 tahun - Celeron,Rp1.669.000,4.0,3 Terjual,Jakarta Timur,Laptop,Samsung,Baru,Shopee
"Laptop Samsung 300E, Intel Core i3-2330M, Hd Graphic 3000, Ram 8/500Gb, Black Silver",Rp1.850.000,4.0,3 Terjual,Jakarta Barat,Laptop,Samsung,Baru,Shopee
Samsung Laptop Plus 2 Core i7 1165G7 Gen 11 8GB/512GB 15 inch 1080p Ultrabook Laptop Windows,Rp5.799.000,,,,Laptop,Samsung,Baru,Shopee
Laptop Samsung Chromebook XE345XDA Seri Baru Intel celeron N4500 Ram 4Gb Display 14inch Os. Chrome Camera Bening Siap Zoom Daring,Rp1.900.000,,,Jakarta Barat,Laptop,Samsung,Baru,Shopee
Laptop Samsung ChromeBook XE310XBA Intel Celeron N4020 Ram 4Gb eMMC 32Gb SCU17664,Rp1.575.000,5.0,1 Terjual,Malang,Laptop,Samsung,Baru,Shopee
Chromebook Samsung XE310XBA intel celeron N4020 ram 4gb penyimpanan 32gb minus baterai 1094,Rp1.000.000,,,Jakarta Pusat,Laptop,Samsung,Baru,Shopee
Laptop Samsung Chromebook XE310XBA,Rp2.500.000,,,Jakarta Barat,Laptop,Samsung,Baru,Shopee
"Laptop Samsung 305XCR, Core i5-10210U Gen 10Th Ram 8Gb / SSD 256 Gb FHD intel UHD Graphics Stylish Design 15,6 inch",Rp4.400.000,,,Jakarta Barat,Laptop,Samsung,Baru,Shopee
"Laptop Samsung 300E, Intel Core i3-2310M, Ram 4/128Gb, Black, BERGARANSI",Rp1.600.000,,,Jakarta Barat,Laptop,Samsung,Baru,Shopee
ChromeBook Notebook Samsung XE303C12-A01US Prosesor Exynos 5250,Rp698.000,5.0,1 Terjual,,Laptop,Samsung,Baru,Shopee
Laptop Samsung Chromebook 4 Celeron N4020 Roblox game playstore,Rp1.250.000,,,Malang,Laptop,Samsung,Baru,Shopee
"Laptop Samsung Sens R540, core i5",Rp500.000,,,,Laptop,Samsung,Baru,Shopee
Laptop Samsung ChromeBook XE340XDA Intel Celeron N4500 RAM 4GB EMMC 32GB OS Chrome,Rp1.815.000,,1 Terjual,Malang,Laptop,Samsung,Baru,Shopee
"Samsung Chromebook XE345XDA, Seri Baru, Like New, Slim, Cantik, Fullset, Silver",Rp1.900.000,,,Jakarta Barat,Laptop,Samsung,Baru,Shopee
Samsung R439 - Core i3-M370 2.4 Ghz - 14 inch - HD 500 GB - RAM 4 GB - Intel HD,Rp2.000.000,,,,Laptop,Samsung,Baru,Shopee
Samsung Galaxy Book Pro 15 – i7 | RAM 16GB | SSD 1TB | Layar AMOLED Full HD | Intel Iris Xe,Rp9.500.000,,,Bandung,Laptop,Samsung,Baru,Shopee
Nb Samsung Chromebook 4 Celeron-N4020 Ram 4/32Gb GREY,Rp1.650.000,,,Jakarta Barat,Laptop,Samsung,Baru,Shopee
[PROMO] Acer Aspire 5 A515-45-R958 | Ryzen 7 5700U | 8GB | SSD 512GB | Free Gift & Instalasi,Rp7.931.000,5.0,4 Terjual,Jakarta Pusat,Laptop,Samsung,Baru,Shopee
"Laptop ZYREX Sky 232 Mini 64 II Intel Celeron N4020 RAM 4GB 64GB eMMC + SSD M.2 (128/256) 11.6"" FHD IPS - Windows 11 USB Type-C/HDMI/MicroSD – Garansi Resmi 1 Tahun",Rp2.474.000,4.9,24 Terjual,Jakarta Barat,Laptop,Samsung,Baru,Shopee
LAPTOP LENOVO THINKPAD L480 T480 T480S i5 i7 GEN 8 + BONUS!!! PALING MURAH PALING MULUS WORT IT TO BUY,Rp3.000.000,4.8,258 Terjual,Jakarta Utara,Laptop,Samsung,Baru,Shopee
LAPTOP BARU DASER S1 S2 15 INCH FHD CELERON N5905A SSD 1TB RAM 16GB GARANSI TUKAR UNIT,Rp2.400.000,4.6,23 Terjual,Jakarta Utara,Laptop,Samsung,Baru,Shopee
"Laptop Lenovo Thinkpad L380 L390 X380 X390 Core i5 Gen 8 Layar 13,3 Inch - Murah, Mulus, Bergaransi, Cocok untuk Sekolah, Kuliah, Kerja, Desain",Rp3.500.000,5.0,65 Terjual,Jakarta Utara,Laptop,Samsung,Baru,Shopee
Lenovo Thinkpad X1 Carbon i5 / i7 Gen 4/5/6/7/8 | 8GB - 16GB | SSD 512GB | Mulus / Second / Original / Berkualitas / Bergaransi,Rp3.800.000,4.9,300 Terjual,Jakarta Pusat,Laptop,Samsung,Baru,Shopee
LAPTOP LENOVO THINKPAD YOGA 11E 300E FLIP 360 TOUCHSCREEN BEKAS MURAH BERGARANSI SECOND MULUS UNBK,Rp1.500.000,4.9,328 Terjual,Jakarta Utara,Laptop,Samsung,Baru,Shopee
Toshiba Dynabook S73 Intel Core I3 I5 Gen 8 10 11 Ram 8gb Ssd 256gb Siap Pakai Bergaransi,Rp2.668.000,4.9,94 Terjual,Jakarta Pusat,Laptop,Samsung,Baru,Shopee
Laptop Lenovo Thinkpad X270 I5/I7 |SECOND / SUPER MULUS / BERKUALITAS / BERGARANSI,Rp1.900.000,4.8,335 Terjual,Jakarta Utara,Laptop,Samsung,Baru,Shopee
Laptop Baru Asus Vivobook 14 L410KA Intel N4500 Ram 4GB 512GB SSD FHD Windows 11 Original,Rp4.999.000,,,Tangerang Selatan,Laptop,Samsung,Baru,Shopee
"LAPTOP HP ELITEBOOK 430 440 450 630 G6 G7 G9 I3 GEN 12 LAYAR 13,3 INCH MURAH MULUS BANYAK BONUSNYA",Rp3.300.000,4.5,30 Terjual,Jakarta Utara,Laptop,Samsung,Baru,Shopee
"Laptop Lenovo Yoga 260 ,11E , 300E , 12 , 460. X380 X390 370 L390 L380 Touchscreen Core i5 i7 Gen 6, 8 + BONUS!!! PALING MURAH PALING MULUS WORT IT TO BUY",Rp1.600.000,4.9,162 Terjual,Jakarta Utara,Laptop,Samsung,Baru,Shopee
Laptop HP EliteBook 830 840 850 G3 G4 G5 G6 G7 G8 Intel I5 I7 Generasi 8 Murah Mulus Berkualitas,Rp3.100.000,4.5,25 Terjual,Jakarta Utara,Laptop,Samsung,Baru,Shopee
Laptop Lenovo Thinkpad T Series T460 T450/T450S T440 T470 T480 Core I5/I7 Touch screen RAM 8G/16GB SSD 256GB/512GB Peningkatan Baru Mulus & Lancar bekas Second Bergaransi Berkualitas IPS US Keyboard backlight,Rp1.499.000,4.8,2RB+ Terjual,Tangerang,Laptop,Samsung,Baru,Shopee
Laptop Dell Latitude Core i5 / i7 RAM 4GB / SSD 128GB Original Bergarasni,Rp2.300.000,4.8,1RB+ Terjual,Bandung,Laptop,Samsung,Baru,Shopee
"LAPTOP LENOVO THINKPAD L380 L390 X380 X390 INTEL CORE I5 I7 Generasi 8 LAYAR 13"" SECOND MURAH BERKUALITAS -FREE GIFT",Rp3.000.000,4.9,66 Terjual,Jakarta Utara,Laptop,Samsung,Baru,Shopee
Laptop Lenovo ThinkPad Core i5 i7 Ryzen 5 Second X250 X260 X270 X280 X390 X395 X1 Carbon X1 Yoga T470 T480 T490 T495 T14 L380 L390 L490 L14 L13 Yoga - Laptop Bekas Murah Bergaransi Untuk Sekolah SMP SMA Kuliah Kerja Kantor,Rp3.700.000,4.9,271 Terjual,Jakarta Pusat,Laptop,Samsung,Baru,Shopee
LAPTOP LENOVO THINKPAD L13 X13 CORE i3/I5/I7 GEN 10/11/12/13 RYZEN 3 PRO/ 5PRO/7PRO LIKE NEW PALING MULUS WORT IT TO BUY,Rp2.600.000,5.0,118 Terjual,Jakarta Utara,Laptop,Samsung,Baru,Shopee
"LAPTOP LENOVO THINKPAD E470 L470 T470 T470S CORE I5/I7 GEN 7 - LAYAR 14 INCH + BONUS!!! TAS,MOUSE,MOUSE PAD PALING MURAH PALING MULUS WORT IT TO BUY",Rp2.400.000,4.9,79 Terjual,Jakarta Utara,Laptop,Samsung,Baru,Shopee
"Laptop Samsung 300E, Intel Core i3-2330M, Hd Graphic 3000, Ram 4/500Gb, Black Silver",Rp1.750.000,,,Jakarta Barat,Laptop,Samsung,Baru,Shopee
LAPTOP LENOVO THINKPAD E490 L490 T490 T490S CORE I5/I7 LAYAR 14 INCH MURAH MULUS BAGUS BERKUALITAS DAN BERGARANSI,Rp2.500.000,4.7,67 Terjual,Jakarta Utara,Laptop,Samsung,Baru,Shopee
"Laptop Lenovo Thinkpad Core i5/i7 - MURAH BERKUALITAS DAN BERANSI - Bonus Mouse, MGARouse Pad, Tas",Rp3.700.000,5.0,170 Terjual,Jakarta Utara,Laptop,Samsung,Baru,Shopee
"Laptop Samsung 275E, Intel Core i3-3110M, 4Gb RAM, 500Gb Stronge",Rp1.700.000,,,Jakarta Barat,Laptop,Samsung,Baru,Shopee
Laptop Lenovo Thinkpad X-Series | X230 X240 X250 X260 X270 X280 X390 X13 | i5 i7 - 16GB SSD 512GB | MULUS & BERGARANSI,Rp2.565.000,4.9,976 Terjual,Jakarta Pusat,Laptop,Samsung,Baru,Shopee
Laptop Fujitsu MU937 Celeron 3865U-7TH RAM 8G 256GB SSD - Layar 13.3 Inch 1920*1080 Mulus dan Murah & Tas/Mouse,Rp1.350.000,4.7,298 Terjual,Tangerang,Laptop,Samsung,Baru,Shopee
"LAPTOP LENOVO THINKPAD YOGA 11E 100E 300E TOUCHSCREEN CELERON LAYAR 11 INCH SLIM, SUPER MURAH BAGUS MULUS BERKUALITAS DAN BERGARANSI",Rp1.500.000,4.7,54 Terjual,Jakarta Utara,Laptop,Samsung,Baru,Shopee
LAPTOP LENOVO THINKPAD X240 X250 X260 X270 X280 CORE i3 / i5 / i7 ORIGINAL MURAH BERGARANSI,Rp2.475.000,4.9,214 Terjual,Tangerang,Laptop,Samsung,Baru,Shopee
"LAPTOP LENOVO THINKPAD X380 X390 L390 L380 CORE I5/I7 GEN 8 13,3 INCH - MULUS MURAH BERGARANSI",Rp3.000.000,4.9,81 Terjual,Jakarta Utara,Laptop,Samsung,Baru,Shopee
Lenovo ThinkPad X240 X250 X260 X270 X280 Core i3/i5/i7 | Second Original Dan Murah,Rp2.475.000,5.0,411 Terjual,Jakarta Pusat,Laptop,Samsung,Baru,Shopee
SAMSUNG 350XCJ/350XCR Core i5-10210U Ram 8GB Ssd 256Gb,Rp4.550.000,,,Malang,Laptop,Samsung,Baru,Shopee
"Laptop Samsung 500R5K, Core i5-5200U Ram 8Gb SSD 128Gb Vga Nvidia GeForce 840M 2Gb",Rp2.450.000,,,Jakarta Barat,Laptop,Samsung,Baru,Shopee
Laptop Lenovo Thinkpad X1 Carbon All Series 1ST/2ND/3RD/4TH/5TH/6TH Core i5/i7 + BONUS!!! PALING MURAH PALING MULUS WORT IT TO BUY,Rp2.300.000,4.8,105 Terjual,Jakarta Utara,Laptop,Samsung,Baru,Shopee
Samsung Notebook Plus2 Core i7 1165G7 Gen 11 8GB/512GB 15 inch 1080p Ultrabook Laptop Windows,Rp5.827.410,,,,Laptop,Samsung,Baru,Shopee
"Laptop Samsung 915s, #Touchscreen, Super Slim, Ringan, Biru Dongker",Rp2.400.000,,,Jakarta Barat,Laptop,Samsung,Baru,Shopee
"Laptop Samsung 275E, Amd E1-1500, Ram 4Gb, Hdd 500Gb, Vga AMD Radeon",Rp1.700.000,,,Jakarta Barat,Laptop,Samsung,Baru,Shopee
Laptop Samsung ChromeBook XE310XBA Intel Celeron N4020 Ram 4Gb eMMC 32Gb SCu17689,Rp1.650.000,,,Malang,Laptop,Samsung,Baru,Shopee
"[Bekas] Laptop Lenovo Thinkpad X380 X390 Core i5/i7 - Layar 13,3 Inch - MULUS ORIGINAL BERGARANSI",Rp2.800.000,4.8,134 Terjual,Jakarta Utara,Laptop,Samsung,Baru,Shopee
Laptop Samsung 300V intel Cor i5 Ram 8Gb/SSD 256Gb Dualvga Nvdia Geforce GT520MX 15inch,Rp2.500.000,3.5,3 Terjual,Jakarta Barat,Laptop,Samsung,Baru,Shopee
"Laptop Samsung 370R, Intel Pentium - 997, 4/128GB, White Red",Rp1.150.000,,,Jakarta Barat,Laptop,Samsung,Baru,Shopee
"LAPTOP KERJA ASUS VIVOBOOK 15 F1504ZA I5 1235U 16GB 1TB SSD LAYAR 15,6 INCH FULLHD W11 BLUE ORIGINAL",Rp5.098.000,5.0,21 Terjual,Kab. Tangerang,Laptop,Samsung,Baru,Shopee
"LAPTOP LENOVO THINKPAD T490 T490S L490 E490 CORE I5/I7 GEN 8 - LAYAR14 INCH + BONUS!!! TAS,MOUSE,MOUSE PAD PALING MURAH PALING MULUS WORT IT TO BUY",Rp2.400.000,4.9,119 Terjual,Jakarta Utara,Laptop,Samsung,Baru,Shopee
"Laptop Samsung 370R, Intel Pentium - 997, 4/128GB, White Red",Rp1.450.000,,,Jakarta Barat,Laptop,Samsung,Baru,Shopee
Laptop Acer Travelmate P249 I5 GEN 6 RAM 32GB SSD 1TB,Rp2.200.000,4.9,67 Terjual,Bandung,Laptop,Samsung,Baru,Shopee
Laptop HP CORE i3 RAM 8Gb-SSD 1Tb/14 inch bonus MOUSE,Rp2.230.000,5.0,4 Terjual,Jakarta Barat,Laptop,Samsung,Baru,Shopee
Laptop HP EliteBook / Probook / Folio Core i5 / i7 RAM 8GB / 16GB Notebook Second Slim 14 inch | 840 G5 - G4 / G3 / G2 / G1 / 840 G2 / 640 G2 / Folio 1040,Rp2.600.000,4.8,299 Terjual,Kab. Tangerang,Laptop,Samsung,Baru,Shopee
Laptop HP Core i7 i5 / RAM 16GB / SSD 1TB / 2TB / 500GB / SSD 256GB / SSD 512GB - Laptop Bekas HP i7 i5 8GB SSD,Rp1.300.000,4.7,447 Terjual,Jakarta Utara,Laptop,Samsung,Baru,Shopee
Laptop Gaming HP Probook 645 G4 AMD Ryzen 3 Pro 2300U 14 inch,Rp3.239.900,,,Bandung,Laptop,Samsung,Baru,Shopee
Laptop HP Elitebook 250 630 X360 745 845 1020 8460P G2/G3 Core i7 Generasi 7 Touchscreen + Bisa Dilipat 360 Derajat SECOND BERKUALITAS !!,Rp1.700.000,5.0,152 Terjual,Jakarta Utara,Laptop,Samsung,Baru,Shopee
Laptop Lenovo ideapad D330 2in1 CELLERON /Ram 4GB /EMMC 64GB -Second Mulus Bergarasi,Rp1.599.000,4.9,221 Terjual,Jakarta Pusat,Laptop,Samsung,Baru,Shopee
LAPTOP HP 14 DUAL CORE RAM 8GB 512 SSD WINDOWS 10,Rp1.060.000,4.2,23 Terjual,Jakarta Barat,Laptop,Samsung,Baru,Shopee
LAPTOP ASUS CORE I3 RAM 8 NORMAL SIAP PAKAI || LAPTOP SSD || LAPTOP KULIAH,Rp1.800.000,4.9,24 Terjual,Kab. Malang,Laptop,Samsung,Baru,Shopee
Laptop Acer c731 Intel N3060 Ram 4GB SSD 128GB windows 10 - like New,Rp1.650.000,4.6,111 Terjual,Jakarta Pusat,Laptop,Samsung,Baru,Shopee
LAPTOP ASUS CORE i5 RAM 8GB SSD 1000GB NVIDIA FREE MOUSE,Rp2.780.000,5.0,7 Terjual,Jakarta Barat,Laptop,Samsung,Baru,Shopee
Laptop Acer murah,Rp1.500.000,,,Tangerang Selatan,Laptop,Samsung,Baru,Shopee
"Samsung 500R, Core i5-6200HQ, Hd Graphics 520, Ram 8 / 256Gb, Lengkap, Black Silver",Rp2.700.000,,,Jakarta Barat,Laptop,Samsung,Baru,Shopee
TERMURAH!! LAPTOP/NOTEBOOK ASUS X200 /RAM 2gb - 500gb / WIN10 / Bonus Tas dan Mouse,Rp1.350.000,4.7,10 Terjual,Jakarta Barat,Laptop,Samsung,Baru,Shopee
"Asus Chromebook CX22N, (OS Chrome), Seri Baru, Slim, Fullset, Silver",Rp1.200.000,5.0,10 Terjual,Jakarta Barat,Laptop,Samsung,Baru,Shopee
LAPTOP ACER TERMURAH ASPIRE 14 INCI RAM 8GB SSD 256GB WIN10 [FREE TAS&MOUSE],Rp1.345.000,4.5,171 Terjual,Jakarta Barat,Laptop,Samsung,Baru,Shopee
NETBOOK ACER A311 CELERON RAM 4GB SSD 512GB 12INCH TERMASUK MOUSE,Rp1.750.000,,2 Terjual,Jakarta Barat,Laptop,Samsung,Baru,Shopee
Laptop Sekolah Lenovo Yoga 300e Chromebook Ram 4GB eMMc 32GB Touchscreen- Second Murah Bergaransi,Rp1.299.000,4.5,9 Terjual,Jakarta Pusat,Laptop,Samsung,Baru,Shopee
Laptop Asus 14 win-10 intel dual core /RAM 8GB/1TB || [FREE MOUSE],Rp1.345.000,4.5,774 Terjual,Jakarta Barat,Laptop,Samsung,Baru,Shopee
ADVAN Soulmate X | 14 Inch FHD | AMD 3020e | 4GB/128GB Upgradable | Slim & Elegant Design | Charger Type C | Free WINDOWS 11 Original | Garansi Resmi 1 Tahun,Rp3.399.000,4.8,3RB+ Terjual,Kab. Tangerang,Laptop,Samsung,Baru,Shopee
[100% Baru] UNIG Laptop Hp Slim Murah Intel Celeron Core i7 N5095 RAM24GB SSD1TB 15.6'' FHD Windows 11 Office,Rp4.057.200,4.7,406 Terjual,Jakarta Barat,Laptop,Samsung,Baru,Shopee
[100% Baru] UNIG Laptop Baru 15.6 inch layar HD windows 11 Pink Silver Laptop RAM 24G+1TBSSD Intel N5095 Laptop Murah,Rp4.280.000,4.8,94 Terjual,Jakarta Barat,Laptop,Samsung,Baru,Shopee
Samsung Chromebook Ram 4GB OS.CHROMEBOOK SUPER SLIM RINGAN ENTENG,Rp1.850.000,4.7,269 Terjual,Jakarta Barat,Laptop,Samsung,Baru,Shopee
ASUS VIVOBOOK X441BA | AMD A4-9125 | 8GB RAM | SSD 512GB | 14 INCH,Rp1.799.250,4.8,70 Terjual,Jakarta Barat,Laptop,Samsung,Baru,Shopee
Laptop Lenovo Intel Core i5 / i7 RAM 8GB / 16GB SSD 256GB / 500GB windows 10 / 11 - siap pakai,Rp1.250.000,4.6,10RB+ Terjual,Jakarta Pusat,Laptop,Samsung,Baru,Shopee
"Laptop Acer Aspire ES1 421, Amd A4 - 6210, Ram 4/500Gb, Amd Radeon R3 Graphics, Gaming Editing Ok, Seri Baru, Lengkap, Black",Rp1.100.000,,,Jakarta Barat,Laptop,Samsung,Baru,Shopee
laptop netbook second samsung 10 inch murah normal semua siap pakai & zoom baterai awet garansi,Rp880.000,4.5,18 Terjual,Jakarta Barat,Laptop,Samsung,Baru,Shopee
"Acer Chromebook C738T, (Touchscreen), (OS Chrome), Celeron - N3060, 4/32Gb, Flip, Black",Rp1.500.000,4.9,15 Terjual,Jakarta Barat,Laptop,Samsung,Baru,Shopee
Laptop Leptop Asus X441 RAM 4GB SSD 128GB Kondisi Second Terbaik,Rp1.950.000,4.8,404 Terjual,Jakarta Timur,Laptop,Samsung,Baru,Shopee
Laptop DELL Latitude Core i7 / i5 RAM 16GB SSD 512GB Murah Bergaransi Mulus,Rp2.550.000,4.8,824 Terjual,Bandung,Laptop,Samsung,Baru,Shopee
LAPTOP ASUS VIVOBOOK X441 Intel Core I3 || TERLARIS TAHUN 2025 || LAPTOP PELAJAR|| LAPTOP KULIAH,Rp1.825.000,5.0,6 Terjual,Malang,Laptop,Samsung,Baru,Shopee
All Laptop Acer Travelmate Intel Core i5 / i7 RAM 8Gb SSD 512Gb Double VGA Bergaransi Original,Rp2.700.000,4.5,28 Terjual,Bandung,Laptop,Samsung,Baru,Shopee
Laptop HP EliteBook 745 G3 AMD PRO A10 RAM 8GB SSD 256GB Obral Murah,Rp1.700.000,4.8,11 Terjual,Jakarta Barat,Laptop,Samsung,Baru,Shopee
Laptop dell Chromebook (RAM 4 GB) Second Like New ORI Normal Lancar Mulus,Rp1.000.000,4.7,410 Terjual,Jakarta Pusat,Laptop,Samsung,Baru,Shopee
Laptop HP 240 G7 Core i7 Gen8 Dual VGA,Rp3.000.000,,,,Laptop,Samsung,Baru,Shopee
Laptop Dell Core i5 - RAM 16GB 8GB / SSD 1TB 512GB 256GB,Rp1.700.000,4.4,26 Terjual,Jakarta Utara,Laptop,Samsung,Baru,Shopee
Lenovo Chromebook 100E,Rp755.000,4.9,1RB+ Terjual,Jakarta Pusat,Laptop,Samsung,Baru,Shopee
Asus X441SA 14 inc Good Quality Siap Pakai,Rp725.000,4.8,51 Terjual,Kab. Tangerang,Laptop,Samsung,Baru,Shopee
Laptop Asus A450C RAM 4GB HDD 500GB INTEL CORE I3 NO MINUS,Rp1.399.000,4.8,9 Terjual,Tangerang,Laptop,Samsung,Baru,Shopee
LAPTOP ASUS X453 INTEL CELERON/RAM 4GB-8GB/HDD 1TB/14 INCH (BONUS MOUSE),Rp1.575.000,,1 Terjual,Jakarta Barat,Laptop,Samsung,Baru,Shopee
"Lenovo 100e ChromeBook AMD A4-9120C Ram 4 Like New, Seri Baru, Black",Rp900.000,5.0,3 Terjual,Jakarta Barat,Laptop,Samsung,Baru,Shopee
Laptop brand berkelas toshiba acer hp ram 4gb 8gb kuat dan cepat cocok untuk pelajar kuliah & kerja bergaransi,Rp775.000,4.4,2RB+ Terjual,Kab. Tangerang,Laptop,Samsung,Baru,Shopee
Laptop DELL Latitude E7440 Core i5 Ram 16Gb SSD 512Gb,Rp1.700.000,4.9,54 Terjual,Bandung,Laptop,Samsung,Baru,Shopee
Netbook Asus eepc X101H 10 inch Quadcore N2600 4Cpu SUDAH SSD 256gb (second),Rp1.250.000,5.0,1 Terjual,Bandung,Laptop,Samsung,Baru,Shopee
Laptop Asus X450CA Celeron 1017U Ram 16Gb 512Gb Normal Siap Pakai - Leptop Laptop Murah - Laptop Malang - Laptop Gaming - Bergaransi - Laptop Bekas - Laptop Bekas Malang,Rp1.050.000,4.4,52 Terjual,Malang,Laptop,Samsung,Baru,Shopee
Infinix inbook X2 i3 gen 11 ram 8/256 GB,Rp3.549.000,,,Yogyakarta,Laptop,Samsung,Baru,Shopee
LAPTOP ASUS A407UA INTEL CORE i3-7020U (FINGERPRINT) / RAM 12GB SSD 512GB / WIN 10 + OFFICE,Rp3.049.000,4.6,15 Terjual,Jakarta Barat,Laptop,Samsung,Baru,Shopee
"Samsung 501R, Core i5-6200HQ, Hd Graphics 520, Ram 4 / 256Gb, Lengkap, Black Silver",Rp2.800.000,,,Jakarta Barat,Laptop,Samsung,Baru,Shopee
Laptop Lenovo Thinkpad X-Series Core I5/I7 RAM 8GB SSD 256GB Like baru Bergaransi laptop murah,Rp1.899.000,4.8,1RB+ Terjual,Jakarta Pusat,Laptop,Samsung,Baru,Shopee
Laptop HP PROBOOK 450 430 640 650 745 830 840 HP EliteBook X360 630 Core i5/i7 GEN 6-7 HP 725 | Layar 12/14 inch | Second Mulus Berkualitas dan Bergaransi,Rp1.500.000,4.8,37 Terjual,Jakarta Utara,Laptop,Samsung,Baru,Shopee
Laptop Asus X450CA Celeron 1017U Ram 16Gb 512Gb Normal Siap Pakai - Leptop Laptop Murah - Laptop Malang - Laptop Gaming - Bergaransi - Laptop Bekas - Laptop Bekas Malang,Rp1.270.000,4.9,12 Terjual,Malang,Laptop,Samsung,Baru,Shopee
Laptop notebook hp mini acer lenovo ram 2gb cocok untuk belajar anak pelajar kuliah dan kerja murah bergaransi,Rp800.000,4.2,68 Terjual,Kab. Tangerang,Laptop,Samsung,Baru,Shopee
Lenovo Thinkpad Series Core i5 / i7 / i3 Ideapad V310 V330 G480 T460 Laptop Pelajar,Rp1.380.000,4.8,405 Terjual,Kab. Bekasi,Laptop,Samsung,Baru,Shopee
Dell Latitude Core i5 / i7 / Ram 8GB / 16GB Laptop Second | 7480 / 7490 / 7410 / 7400 / 5420 / 5410 / 5400 / 5401 / E5470 / 5490 / 7390,Rp2.200.000,4.8,1RB+ Terjual,Kab. Tangerang,Laptop,Samsung,Baru,Shopee
Laptop Acer Aspire S3-391 Core i5-3317U Tanpa Ram/HDD Minus Layar Kemerahan+white spot & Baterai,Rp425.000,5.0,5 Terjual,,Laptop,Samsung,Baru,Shopee
"READYSTOCK Samsung Chromebook XE345XDA, Celeron N4500, 4/32GB, Silver",Rp1.900.000,,,Jakarta Barat,Laptop,Samsung,Baru,Shopee
Notebook Acer Aspire V5 132 RAM 4 GB SSD 128 WINDOWS 10 MULUS SIAP PAKAI,Rp1.750.000,,1 Terjual,Jakarta Timur,Laptop,Samsung,Baru,Shopee
Laptop Lenovo Chromebook 100e Gen 2 AMD 4GB 32GB 11.6” Garansi Resmi,Rp2.359.000,,,Makassar,Laptop,Samsung,Baru,Shopee
Laptop Asus 14 inch Intel/Amd Ram 8gb/Ssd 512gb Free Gift,Rp1.313.000,4.3,69 Terjual,Jakarta Barat,Laptop,Samsung,Baru,Shopee
laptop asus x401u putih 14inch normal siap pakai sudah terinstal standart amd radeon fullset,Rp1.099.000,5.0,2 Terjual,Tangerang,Laptop,Samsung,Baru,Shopee
Lenovo Chromebook 100e,Rp754.000,4.9,1RB+ Terjual,Jakarta Pusat,Laptop,Samsung,Baru,Shopee
"Laptop HP CORE i5 i7 / 14 inch / SSD 512GB / RAM 8GB / SSD 256GB / 500GB / 1TB / 2TB / Windows 10, Laptop Bekas HP i5 Murah",Rp1.400.000,4.6,929 Terjual,Jakarta Utara,Laptop,Samsung,Baru,Shopee
[Bisa Cicilan] LAPTOP ASUS SLIM RAM8GB PAKAI SSD - LAPTOP KULIAH - LAPTOP KERJA - LAPTOP KULIAH - LAPTOP BEKAS,Rp2.000.000,4.7,177 Terjual,Malang,Laptop,Samsung,Baru,Shopee
Laptop Lenovo Thinkpad Core i5 / i7 / Ram 8GB / 16GB Laptop Lenovo T - Series 15 / 14 / 12 Inch | Laptop Second | T14 / T14S / T490S / T480 / T480S / T460S / T490 / T470S / T450S / T460 / T470,Rp3.000.000,4.9,2RB+ Terjual,Kab. Tangerang,Laptop,Samsung,Baru,Shopee
"Nextfun 10.1"" Laptop Touch Screen RAM 8GB ROM 256GB Windows Tablet Intel Quad Core Processor",Rp2.990.000,4.8,175 Terjual,Kab. Tangerang,Laptop,Samsung,Baru,Shopee
Lenovo Thinkpad Yoga Intel Ram 4GB SSD 196GB Flip 360° windows 10 / 11- siap pakai,Rp1.699.000,4.6,90 Terjual,Jakarta Pusat,Laptop,Samsung,Baru,Shopee
Laptop Asus X441N Rusak - Jual Murah Untuk Part/Service,Rp325.000,5.0,5 Terjual,,Laptop,Samsung,Baru,Shopee
FREE GIFT // LAPTOP ASUS X441U INTEL - CORE i3/ AMD A9 RAM 4GB / SSD 256GB / WINDOWS 10,Rp2.090.000,4.7,55 Terjual,Jakarta Barat,Laptop,Samsung,Baru,Shopee
Siap Pakai Laptop- 16GB Thinkpad T480s Core i5 i7 Gen 8 SSD 256GB/512GB 14 Inch laptop kantor,Rp3.039.000,4.9,55 Terjual,Tangerang,Laptop,Samsung,Baru,Shopee
"Laptop Lenovo Thinkpad T460 T460S Core i5/i7 GEN 6 Layar 14"" Murah dan Bergaransi",Rp1.700.000,4.9,182 Terjual,Jakarta Utara,Laptop,Samsung,Baru,Shopee
HP Elitebook Probook Second Laptop 14inch 840 G3 645 G4 Core I5 I7 RAM 8/16G SSD 256/512 GB Bekas Peningkatan baru laptop original berkualitas Mulus Bekas IPS US Keyboard backlight,Rp1.599.000,4.7,1RB+ Terjual,Tangerang,Laptop,Samsung,Baru,Shopee
notebook Acer ram 2/4 hdd 500gb second warna random 11inch,Rp1.599.000,4.6,186 Terjual,Kab. Bandung,Laptop,Samsung,Baru,Shopee
"Asus Chromebook C423, Super Slim, Ringan, Mulus, Seri Baru,",Rp2.150.000,5.0,22 Terjual,Jakarta Barat,Laptop,Samsung,Baru,Shopee
Laptop HP All Series | Intel Core i7 / i5 / i3 / AMD Ryzen | RAM 8/16GB | SSD 128/256GB,Rp1.800.000,4.7,744 Terjual,Jakarta Timur,Laptop,Samsung,Baru,Shopee
Laptop baru murah 14'' RAM 8/16G+256/512GB SSD N3170 Win11+Office mahasiswa/kantor,Rp3.099.000,4.9,1RB+ Terjual,Jakarta Barat,Laptop,Samsung,Baru,Shopee
Laptop HP Probook 640 650 6470B G1 G2 G3 G4 G5 Core i5/i7 HP Elitebook 630 G9 RAM 32 SSD 512 SUPER MULUS NO BERGARANSI,Rp2.100.000,4.8,99 Terjual,Jakarta Utara,Laptop,Samsung,Baru,Shopee
"Laptop DELL Latitude e7250 Core i5-5300U | 8GB / SSD 256GB | 12.5"" HD Ultrabook",Rp1.682.500,5.0,5 Terjual,Kab. Bekasi,Laptop,Samsung,Baru,Shopee
Laptop murah hp compaq acer core i3 ram 4gb 8gb 16gb superkenceng cocok untuk pelajar kuliah dan kerja murah bergaransi,Rp1.100.000,4.5,142 Terjual,Kab. Tangerang,Laptop,Samsung,Baru,Shopee
CHROMEBOOK DELL 11 HP ASUS SIAP GASS KHUSUS ONLINE,Rp1.625.000,4.8,74 Terjual,Jakarta Utara,Laptop,Samsung,Baru,Shopee
laptop acer aspire 4739 series core i3 m370 ram 4gb ssd 128gb 796 minus baterai,Rp1.090.000,,,Jakarta Pusat,Laptop,Samsung,Baru,Shopee
LAPTOP ASUS X441BA AMD A9-9425 - RAM 8GB - SSD 512GB - 14 INCH - DVD WINDOWS 10 OFFICE - FREE BONUS,Rp2.106.510,4.3,5 Terjual,Jakarta Barat,Laptop,Samsung,Baru,Shopee
laptop Asus X200CA-KX184D mulus batre awet layar bening,Rp600.000,,,Bogor,Laptop,Samsung,Baru,Shopee
Laptop Fujitsu U939 core i7 gen 8 | Panel IPS Full HD | RAM 8GB 16GB | Windows 11 | Ringan dan Tipis,Rp2.530.001,4.9,368 Terjual,Jakarta Pusat,Laptop,Samsung,Baru,Shopee
LAPTOP ACER CHROMEBOOK 514 INTEL CELERON N3450 1.1GHZ RAM 4GB SSD 32GB SECOND ORIGINAL,Rp1.163.158,,1 Terjual,Jakarta Pusat,Laptop,Samsung,Baru,Shopee
Laptop Acer Chromebook C720 Celeron Ram 4GB 16GB 32GB Touchscreen nbcac2,Rp690.000,5.0,14 Terjual,Jakarta Pusat,Laptop,Samsung,Baru,Shopee
Laptop Dell Latitude All Series Intel Core i5 / i7 Gen 12 RAM 16GB Second GRADE A & BERGARANSI,Rp3.474.000,4.9,25 Terjual,Jakarta Pusat,Laptop,Samsung,Baru,Shopee
Laptop murah & kenceng hanya minus baterai saja acer hp dell ram 4gb 8gb murah bergaransi pelajar kuliah dan kerja murah bergaransi,Rp750.000,4.4,228 Terjual,Kab. Tangerang,Laptop,Samsung,Baru,Shopee
laptop asus a445l x455l intel core i3 gen4 ram 4gb 500gb windows 10 nvidia geforce 820 gaming no minus,Rp1.599.000,5.0,2 Terjual,Tangerang,Laptop,Samsung,Baru,Shopee
PROMO LAPTOP MURAH!!! ASUS VIVOBOOK 12 INTEL N400 RAM 4 GB SSD 128 GB,Rp1.750.000,,,,Laptop,Samsung,Baru,Shopee
Acer Chromebook C738T (Touchscreen) Intel Celeron N3060 | RAM 4/32GB | OS CHROME,Rp1.350.000,5.0,1 Terjual,Jakarta Barat,Laptop,Samsung,Baru,Shopee
HARGA LAPTOP BEKAS || Netbook Samsung Chomebook XE303C12 cam layar 11.6 mulusss,Rp499.000,4.8,1RB+ Terjual,Jakarta Barat,Laptop,Samsung,Bekas,Shopee
"HARGA LAPTOP BEKAS || Netbook Samsung Chomebook XE303C12 cam. 11.6"" mulusss",Rp499.000,4.5,18 Terjual,Jakarta Barat,Laptop,Samsung,Bekas,Shopee
laptop netbook second samsung 10 inch murah normal semua siap pakai & zoom baterai awet garansi,Rp880.000,4.5,18 Terjual,Jakarta Barat,Laptop,Samsung,Bekas,Shopee
HARGA LAPTOP BEKAS || Netbook Samsung Chomebook XE303C12 camera 11.6inch mulusss,Rp499.000,4.9,262 Terjual,Jakarta Barat,Laptop,Samsung,Bekas,Shopee
Samsung ATIV 9 Lite Touch / NP915S3G /RAM 4GB SSD 128GB Laptop Touchscreen Second Ativ Book,Rp2.000.000,,,,Laptop,Samsung,Bekas,Shopee
notebook samsung nc108 bekas mobo hidup (minus),Rp100.000,,,,Laptop,Samsung,Bekas,Shopee
Samsung ChromeBook Ram 4/32GB Mulus Normal,Rp1.358.000,,,Jakarta Timur,Laptop,Samsung,Bekas,Shopee
Samsung ATIV 9 Lite Touch / NP915S3G /RAM 4GB SSD 128GB Laptop Touchscreen Second Ativ Book,Rp1.900.000,,,,Laptop,Samsung,Bekas,Shopee
Laptop Samsung 275E Bekas Kantor masih lengkap,Rp325.000,,,,Laptop,Samsung,Bekas,Shopee
(bekas - NonCOD) Laptop Notebook Samsung NP355E4X,Rp650.000,,,Surabaya,Laptop,Samsung,Bekas,Shopee
Notebook Samsung N540 2/320GB Second,Rp1.499.000,3.0,1 Terjual,Kab. Bandung,Laptop,Samsung,Bekas,Shopee
Laptop samsung NP275E4V Murah second Malang,Rp1.600.000,,,Malang,Laptop,Samsung,Bekas,Shopee
"HARGA LAPTOP BEKAS || Samsung RV411 dual-core P6100 ram 2gb hdd 160gb 14"" Nvidia 512mb dedicated",Rp1.100.000,,,Jakarta Barat,Laptop,Samsung,Bekas,Shopee
laptop netbook second samsung 10 inch murah normal semua siap pakai & zoom garansi baterai awet,Rp880.000,5.0,2 Terjual,Semarang,Laptop,Samsung,Bekas,Shopee
Laptop bekas || Netbook Samsung Chomebook XE303C12 cam layar 11.6 mulusss,Rp980.000,5.0,1 Terjual,Jakarta Barat,Laptop,Samsung,Bekas,Shopee
Samsung Chromebook 4 Second Bandung,Rp900.000,,1 Terjual,Kab. Bandung Barat,Laptop,Samsung,Bekas,Shopee
Laptop Second Seken Bekas Samsung 3gb 500gb Nvidia 610M Win 10 Gaming Terawat Normal,Rp2.695.000,,,,Laptop,Samsung,Bekas,Shopee
Samsung NC108 Putih Biru RAM 2GB HDD 250GB Netbook Second Notebook Bekas Intel Atom N570 Bluetooth,Rp1.400.000,5.0,4 Terjual,,Laptop,Samsung,Bekas,Shopee
Samsung Sens P330 Hitam Silver Core i5 RAM 4GB SSD 128GB Laptop Second,Rp3.300.000,5.0,1 Terjual,,Laptop,Samsung,Bekas,Shopee
LAPTOP CHROMEBOOK SAMSUNG CELERON RAM 4/32GB | SECOND/BEKAS,Rp2.800.000,,,Bekasi,Laptop,Samsung,Bekas,Shopee
Samsung 355V4X Pink 14 inch AMD A8-4500M RAM 4GB SSD 128GB Laptop Second,Rp3.000.000,,,,Laptop,Samsung,Bekas,Shopee
Samsung ATIV 9 Lite Touch RAM 4GB SSD 128GB Laptop Touchscreen Second Ativ Book,Rp2.250.000,,,Depok,Laptop,Samsung,Bekas,Shopee
Samsung XE700TIC touchscreen S pen layar sentuh Core i3 SSD 128GB RAM 4GB 12 inch netbook second,Rp2.500.000,5.0,1 Terjual,,Laptop,Samsung,Bekas,Shopee
Samsung Samsung NP355V4X Biru 14 inch RAM 2GB HDD 500GB Laptop Second,Rp1.800.000,,,,Laptop,Samsung,Bekas,Shopee
Samsung NP350U2A Slim Intel Core i3 SSD 128GB RAM 4GB Bluetooth Windows 10 Notebook Second Tipis,Rp2.500.000,5.0,3 Terjual,,Laptop,Samsung,Bekas,Shopee
Samsung NP300E4V Silver Intel Celeron 847 RAM 2GB HDD 500GB Bluetooth Laptop Second,Rp2.100.000,,,,Laptop,Samsung,Bekas,Shopee
Samsung NP330E4V Silver 14 inch RAM 2GB HDD 500GB Laptop Second,Rp2.000.000,,1 Terjual,,Laptop,Samsung,Bekas,Shopee
Samsung NP355E4X Warna Hitam RAM 2GB HDD 320GB ATI Radeon 384MB Laptop Second Bekas Murah,Rp1.950.000,5.0,1 Terjual,,Laptop,Samsung,Bekas,Shopee
Samsung N300E Warna Pink Hitam 16 inch Intel Pentium B960 RAM 2GB HDD 500GB Windows 7 Laptop Second,Rp2.300.000,5.0,1 Terjual,,Laptop,Samsung,Bekas,Shopee
Samsung Sens X170 Pink Putih Intel Core 2 Duo RAM 2GB HDD 250GB Netbook Notebook Second Bekas Murah,Rp1.750.000,,1 Terjual,,Laptop,Samsung,Bekas,Shopee
Samsung N148 Plus Hitam Intel Atom N450 RAM 2GB HDD 160GB second bekas,Rp1.300.000,5.0,1 Terjual,,Laptop,Samsung,Bekas,Shopee
Samsung Sens R21 Plus Hitam 14 inch RAM 2GB HDD 250GB Laptop second,Rp1.300.000,5.0,1 Terjual,,Laptop,Samsung,Bekas,Shopee
Samsung Sens X431 Putih Intel Core i3 SSD 128GB Windows 10 Original RAM 4GB Laptop Second Bekas HDMI,Rp2.600.000,5.0,1 Terjual,,Laptop,Samsung,Bekas,Shopee
Samsung N100SP Warna Putih White Netbook Notebook Second Bekas Murah RAM 2GB HDD 320GB Intel Windows,Rp1.300.000,,,,Laptop,Samsung,Bekas,Shopee
Samsung NP300E4X Warna Hitam RAM 2GB HDD 500GB Laptop second bekas murah,Rp2.100.000,5.0,2 Terjual,,Laptop,Samsung,Bekas,Shopee
Samsung NP270E4V HItam ATI AMD Radeon AMD E2-2000 RAM 2GB HDD 500GB Bluetooth Laptop Second,Rp2.100.000,5.0,1 Terjual,,Laptop,Samsung,Bekas,Shopee
Samsung N150 10 inch Netbook Second Notebook Bekas Intel HDD 250GB Warna biru,Rp1.300.000,5.0,1 Terjual,,Laptop,Samsung,Bekas,Shopee
Samsung N100SP Warna Hitam 10 inch Intel Atom N2600 RAM 2GB HDD 320GB Windows 7 Notebook Second,Rp1.300.000,,1 Terjual,,Laptop,Samsung,Bekas,Shopee
Samsung NC108P Putih Intel Atom N2600 HDD 320GB RAM 2GB Windows 7 Netbook Second,Rp1.300.000,,,,Laptop,Samsung,Bekas,Shopee
Samsung N150 10 inch Netbook Second RAM 2GB Intel HDD 320GB Hitam,Rp1.200.000,5.0,1 Terjual,,Laptop,Samsung,Bekas,Shopee
Samsung NP-N210 Warna Putih Intel Atom N450 RAM 2GB HDD 160GB Bluetooth Netbook Notebook Second,Rp1.300.000,5.0,1 Terjual,,Laptop,Samsung,Bekas,Shopee
Samsung NC108 Hitam Intel RAM 2GB HDD 320GB Netbook Notebook Second Bekas Warna Hitam,Rp1.300.000,,1 Terjual,,Laptop,Samsung,Bekas,Shopee
Samsung NC108 Putih RAM 2GB HDD 320GB Bluetooth Intel Atom N570 Netbook Notebook Second Bekas,Rp1.300.000,4.0,1 Terjual,,Laptop,Samsung,Bekas,Shopee
laptop samsung white series np275e4v 14inch 2gb ram 500gb hdd mulus kinclong like new,Rp1.099.000,4.7,9 Terjual,Tangerang,Laptop,Samsung,Bekas,Shopee
Notebook Samsung Chrombook 11 Intel Celeron N4020 Ram4/32gb Fullset Mulus,Rp1.650.000,4.8,569 Terjual,Jakarta Barat,Laptop,Samsung,Bekas,Shopee
"LAPTOP LENOVO THINKPAD E450 L450 T450 T450S INTEL CORE I5/I7 GEN 5 LAYAR 14"" SECOND BERKUALITAS - FREE GIFT",Rp1.900.000,4.5,37 Terjual,Jakarta Utara,Laptop,Samsung,Bekas,Shopee
"Laptop Lenovo Thinkpad Chromebook Murah AMD Celeron Core i5/i7 RAM 8/16GB SSD Murah Peningkatan Baru Laptop,Touch screen, Mulus,ORIGINAL BERGARANSI Laptop Second T420 bekas IPS|US Keybroad|backlight Laptop bekas",Rp1.110.000,4.8,6RB+ Terjual,Tangerang,Laptop,Samsung,Bekas,Shopee
"[Bekas] Laptop Lenovo Thinkpad X380 X390 Core i5/i7 - Layar 13,3 Inch - MULUS ORIGINAL BERGARANSI",Rp2.800.000,4.8,134 Terjual,Jakarta Utara,Laptop,Samsung,Bekas,Shopee
"[Bekas] Laptop Lenovo Thinkpad T460/T460S Core i5/i7 - Layar 14"" SECOND BERKUALITAS GARANSI ORIGINAL",Rp2.200.000,5.0,652 Terjual,Jakarta Utara,Laptop,Samsung,Bekas,Shopee
LAPTOP GAMING DELL PRECISION 3510 3530 5510 5520 5530 7430 7510 7740 M3800 M4600 M4700 M6800 MULUSSSS MANTAPPPP,Rp2.200.000,3.7,7 Terjual,Jakarta Utara,Laptop,Samsung,Bekas,Shopee
[Bekas] Laptop Lenovo ThinkPad T480/T480s i5 RAM 8GB SSD 256GB - Bekas Original Bergaransi,Rp2.800.000,4.9,1RB+ Terjual,Jakarta Utara,Laptop,Samsung,Bekas,Shopee
TERMURAH!! LAPTOP ASUS X455L INTEL CORE i3 RAM 4GB / SSD 512GB / Bonus Mouse - Tas,Rp1.950.000,4.4,28 Terjual,Jakarta Barat,Laptop,Samsung,Bekas,Shopee
"Laptop Lenovo Thinkpad T460 T460S Core i5/i7 GEN 6 Layar 14"" Murah dan Bergaransi",Rp1.700.000,4.9,182 Terjual,Jakarta Utara,Laptop,Samsung,Bekas,Shopee
Laptop HP All Series | Intel Core i7 / i5 / i3 / AMD Ryzen | RAM 8/16GB | SSD 128/256GB,Rp1.800.000,4.7,744 Terjual,Jakarta Timur,Laptop,Samsung,Bekas,Shopee
LAPTOP HP 14 DUAL CORE RAM 8GB 512 SSD WINDOWS 10,Rp1.060.000,4.2,23 Terjual,Jakarta Barat,Laptop,Samsung,Bekas,Shopee
Laptop Lenovo ideapad D330 2in1 CELLERON /Ram 4GB /EMMC 64GB -Second Mulus Bergarasi,Rp1.599.000,4.9,221 Terjual,Jakarta Pusat,Laptop,Samsung,Bekas,Shopee
Obral Laptop Asus A407M‎Celeron N4000 minus layak pakai,Rp1.675.000,,1 Terjual,Jakarta Barat,Laptop,Samsung,Bekas,Shopee
"Samsung 500R, Core i5-6200HQ, Hd Graphics 520, Ram 8 / 256Gb, Lengkap, Black Silver",Rp2.700.000,,,Jakarta Barat,Laptop,Samsung,Bekas,Shopee
Laptop HP ProBook 440 G2 Core i5 Gen 5 RAM 8GB 4GB SSD 256GB 128GB Obral Murah,Rp1.400.000,5.0,10 Terjual,Jakarta Barat,Laptop,Samsung,Bekas,Shopee
LAPTOP ASUS 14 inch INTEL CELERON / AMD RAM 8GB / HDD 1TB / WINDOWS 10,Rp1.360.000,4.5,1RB+ Terjual,Jakarta Barat,Laptop,Samsung,Bekas,Shopee
"Chromebook Lenovo 14E Core AMD A4-9120C Ram 4GB , SSD 32GB, Layar 14""Inch ( Touhcscreen ) Bergaransi",Rp1.498.000,,,Surabaya,Laptop,Samsung,Bekas,Shopee
laptop samsung white series np275e4v 14inch 2gb ram 500gb hdd mulus no minus,Rp1.099.000,5.0,3 Terjual,Tangerang,Laptop,Samsung,Bekas,Shopee
Lenovo Chromebook 100e,Rp754.000,4.9,1RB+ Terjual,Jakarta Pusat,Laptop,Samsung,Bekas,Shopee
[Bekas] Laptop HP ProBook 430/440/450/455/640/650 Core i3/i5/i7 MURAH SLIM ORIGINAL BERGARANSI,Rp1.700.000,4.8,140 Terjual,Jakarta Utara,Laptop,Samsung,Bekas,Shopee
Laptop Sekolah Lenovo Yoga 300e Chromebook Ram 4GB eMMc 32GB Touchscreen- Second Murah Bergaransi,Rp1.299.000,4.5,9 Terjual,Jakarta Pusat,Laptop,Samsung,Bekas,Shopee
Dell Latitude Core i5 / i7 / Ram 8GB / 16GB Laptop Second | 7480 / 7490 / 7410 / 7400 / 5420 / 5410 / 5400 / 5401 / E5470 / 5490 / 7390,Rp2.200.000,4.8,1RB+ Terjual,Kab. Tangerang,Laptop,Samsung,Bekas,Shopee
Laptop Bekas Fujitsu yang Tipis dan Ringan MU937 Celeron 3865U-7TH FHD 13.3inch 1920*1080 RAM8GB SSD256GB win 10pro Mulus / Original / Berkualitas,Rp1.299.000,4.8,373 Terjual,Jakarta Pusat,Laptop,Samsung,Bekas,Shopee
Laptop Bekas Kantor Murah/Laptop Second Normal Murah,Rp415.115,5.0,4 Terjual,Kab. Malang,Laptop,Samsung,Bekas,Shopee
"lenovo chromebook 4/16, laptop anak sekolah, laptop murah bergaransi",Rp1.000.000,4.5,150 Terjual,Jakarta Pusat,Laptop,Samsung,Bekas,Shopee
Lenovo Thinkpad Series Core i5 / i7 / i3 Ideapad V310 V330 G480 T460 Laptop Pelajar,Rp1.380.000,4.8,405 Terjual,Kab. Bekasi,Laptop,Samsung,Bekas,Shopee
"Acer Chromebook 311, (Touchscreen), Super Slim, Ringan, Mulus, Like New, Seri Baru, Lengkap",Rp1.800.000,5.0,6 Terjual,Jakarta Barat,Laptop,Samsung,Bekas,Shopee
Laptop Asus X450E AMD E1 - 2500 Ram 8GB SSD 500GB /256GB / 1TB Windows 10 - Siap pakai,Rp1.650.000,4.5,873 Terjual,Jakarta Pusat,Laptop,Samsung,Bekas,Shopee
Laptop Samsung 910S | Core i5-4120U | Ram8GB/Ssd256Gb | Slim,Rp2.650.000,,,Jakarta Barat,Laptop,Samsung,Bekas,Shopee
Laptop Second Dell Latitude 7320 I7 Gen 11th Ram 16GB Ssd 512GB,Rp2.265.000,5.0,13 Terjual,Bandung,Laptop,Samsung,Bekas,Shopee
Notebook chromebook samsung 303c series ada minus,Rp485.000,,,Surabaya,Laptop,Samsung,Bekas,Shopee
Laptop Asus X555B AMD E2-9010 Ram 8GB SSD 256/1TB Radeon R2 Grafis - SIAP PAKAI,Rp1.850.000,4.5,42 Terjual,Jakarta Pusat,Laptop,Samsung,Bekas,Shopee
"Laptop Samsung 275E, Amd E1-1500, Ram 4/500Gb, White",Rp1.300.000,5.0,4 Terjual,Jakarta Barat,Laptop,Samsung,Bekas,Shopee
"Acer Chromebook C740 Ringan, Slim, Grey",Rp1.400.000,,,Jakarta Barat,Laptop,Samsung,Bekas,Shopee
Laptop Acer ES1-432 Celeron-N3350 Ram 4/500GB BERGARANSI RED,Rp1.900.000,5.0,17 Terjual,Jakarta Barat,Laptop,Samsung,Bekas,Shopee
laptop second bekas murah siap pakai,Rp670.000,4.9,13 Terjual,Kab. Tangerang,Laptop,Samsung,Bekas,Shopee
laptop asus x401u putih 14inch normal siap pakai sudah terinstal standart amd radeon fullset,Rp1.099.000,5.0,2 Terjual,Tangerang,Laptop,Samsung,Bekas,Shopee
Notebook Samsung NC108P windows 7 intel atom LCD10in Ram2gb DDR3 HDD250 Normal tested siap pakai gak ada carger,Rp450.000,5.0,2 Terjual,,Laptop,Samsung,Bekas,Shopee
"Samsung 501R, Core i5-6200HQ, Hd Graphics 520, Ram 4 / 256Gb, Lengkap, Black Silver",Rp2.800.000,,,Jakarta Barat,Laptop,Samsung,Bekas,Shopee
"READY STOCK Laptop Samsung 300E, Intel Core i3-2310M, Hd Graphic 3000, Ram 4/128Gb, Black",Rp1.600.000,,,Jakarta Barat,Laptop,Samsung,Bekas,Shopee
Notebook Acer Aspire one Happy 10inch Notebook kecil Enak dibawa bawa,Rp1.450.000,,,Jakarta Timur,Laptop,Samsung,Bekas,Shopee
Laptop Dell Latitude Core i5 / i7 / RAM 8GB / 16GB Notebook Second | Termurah dan Berkualitas | 5420 5430 5440 5450 5480 5490 5550 Intel Core i5 Ram 4-8GB Storage ssd/HDD Peningkatan baru laptop Laptop Slim Murah Bagus dan Bergaransi bekas,Rp1.199.000,4.7,391 Terjual,Jakarta Pusat,Laptop,Samsung,Bekas,Shopee
LAPTOP BEKAS MURAH KONDISI APA ADANYA SEGALA MACAM MERK ADA,Rp450.000,4.6,155 Terjual,Surabaya,Laptop,Samsung,Bekas,Shopee
LAPTOP ACER MULUS,Rp850.000,,,,Laptop,Samsung,Bekas,Shopee
"Notebook Lenovo E10-30 10"" Intel",Rp1.940.000,4.4,36 Terjual,Jakarta Utara,Laptop,Samsung,Bekas,Shopee
notebook Acer ram 2/4 hdd 500gb second warna random 11inch,Rp1.599.000,4.6,186 Terjual,Kab. Bandung,Laptop,Samsung,Bekas,Shopee
Laptop Bekas Murah Laptop Kerja Laptop Sekolah Normal Siap Pakai,Rp525.000,,,,Laptop,Samsung,Bekas,Shopee
Termurah!!! LAPTOP ASUS VIVOBOOK X407MA _ P1401MA CELERON N4000 RAM 4GB HDD 1TB SECOND FUNGSI NORMAL,Rp1.650.000,5.0,1 Terjual,Jakarta Barat,Laptop,Samsung,Bekas,Shopee
Laptop Xiaomi Redmibook 15 Intel Core i3 Gen 11 Ram 8gb Ssd 256gb siap pakai,Rp2.700.000,,,Tangerang Selatan,Laptop,Xiaomi,Baru,Shopee
Laptop XIAOMI Redmi Book 15 Intel Core i3-1115G4 Gen 11Th Ram 8Gb/SSD 256Gb FHD Body design Slim Stylish desgn Display 15inch,Rp3.500.000,,1 Terjual,Jakarta Barat,Laptop,Xiaomi,Baru,Shopee
"Laptop Xiaomi Mi Notebook Pro 15.6"" TM1701 Intel Core i7-8550U NVIDIA® GeForce® MX150 Ram 16Gb Ssd 512Gb Windows 11",Rp5.555.000,,,Malang,Laptop,Xiaomi,Baru,Shopee
XIAOMI RedmiBook 16 Core i5-12450H Ram 16Gb Ssd 512Gb SCU23438,Rp6.875.000,,,Malang,Laptop,Xiaomi,Baru,Shopee
Laptop Xiaomi RedmiBook 14II AMD Ryzen 5 4500U Radeon Ram 8Gb Ssd 256Gb SCU15101,Rp5.460.000,,,Malang,Laptop,Xiaomi,Baru,Shopee
Xiaomi Redmibook intel Core i3 Gen 11 Ram 8 GB SSD 256 GB Premium Slim Laptop,Rp3.650.000,,,,Laptop,Xiaomi,Baru,Shopee
XIAOMI REDMI BOOK 15 8/256 GB / XIAO MI REDMIBOOK 15 8+256GB NOTEBOOK GARANSI RESMI,Rp7.040.000,,,Makassar,Laptop,Xiaomi,Baru,Shopee
Xiaomi RedmiBook 15 [8/256 GB] [8/512 GB] Garansi Resmi,Rp6.999.000,,,,Laptop,Xiaomi,Baru,Shopee
Laptop Xiaomi RedmiBook 16 Intel Core i5-12450H Ram 16Gb Ssd 512Gb 16 inch Mulus,Rp6.875.000,,,Malang,Laptop,Xiaomi,Baru,Shopee
Laptop Xiaomi RedmiBook 14II AMD Ryzen 5 4500U Ram 16Gb Ssd 512Gb SCU15101,Rp6.142.500,,,Malang,Laptop,Xiaomi,Baru,Shopee
"LAPTOP XIAOMI REDMI BOOK 15 INTEL CORE i3-1115G4 8GB 512GB SSD Win10 ORIGINAL GARANSI RESMI NOTEBOOK 15.6"" XIAO MI",Rp7.875.000,,,Makassar,Laptop,Xiaomi,Baru,Shopee
"Xiaomi Redmibook 15 Intel Core i3 1115G4 8GB 256GB 15""FHD IPS W10",Rp7.450.000,,,Semarang,Laptop,Xiaomi,Baru,Shopee
xiaomi redmibook 15 core i3 8/256gb original garansi resmi new,Rp6.500.000,,,,Laptop,Xiaomi,Baru,Shopee
laptop Xiaomi Redmi Book 16 i5 12450H 16GB SSD512GB SCU23438,Rp6.687.500,,,Malang,Laptop,Xiaomi,Baru,Shopee
XIAOMI REDMIBOOK 15 RAM 8/512GB LAYAR 15.6 INCH FHD INTEL ® CORE ™ i3-111564 GARANSI RESMI 24BULAN,Rp7.999.000,,,,Laptop,Xiaomi,Baru,Shopee
Laptop Xiaomi RedmiBook 14II AMD Ryzen 5 4500U Ram 8Gb Ssd 512Gb SCU15101,Rp5.827.500,,,Malang,Laptop,Xiaomi,Baru,Shopee
Laptop Notebook Xiaomi Redmi Book Redmibook 15 - i3 - 256 - Windows,Rp7.605.000,,,Surabaya,Laptop,Xiaomi,Baru,Shopee
Laptop Xiaomi RedmiBook Pro 15 2022 Intel Core i7-12650H/i5 12450H RTX2050 16GB RAM 512GB/1TB SSD 3.2K 90Hz 15.6Inch Mi,Rp19.826.332,,,Jakarta Barat,Laptop,Xiaomi,Baru,Shopee
LAPTOP XIAOMI REDMIBOOK 15 - CORE i3,Rp7.500.000,,,Surabaya,Laptop,Xiaomi,Baru,Shopee
Xiaomi Mi Notebook Gaming Core i5-9300H 8GB 512GB Laptop Gaming,Rp17.099.000,,,Jakarta Barat,Laptop,Xiaomi,Baru,Shopee
Xiaomi Mi Notebook Air 13.3 Inch Windows 10,Rp14.702.500,,,Jakarta Timur,Laptop,Xiaomi,Baru,Shopee
XIAOMI REDMIBOOK 15 8/256GB GARANSI RESMI XIAOMI 2 TAHUN,Rp8.799.000,,,Kab. Tangerang,Laptop,Xiaomi,Baru,Shopee
Laptop Xiaomi RedmiBook 15- Coret i3 -1115G4-8 GB+256 GB Garansi Resm,Rp7.418.600,,,Surabaya,Laptop,Xiaomi,Baru,Shopee
2022 Laptop Xiaomi Redmibook Pro 14 Ici 2.5K 120Hz Notebook Ryze R5-6600H R7-6800H 16GB 512GB AMD Graphics,Rp18.346.940,,,Jakarta Barat,Laptop,Xiaomi,Baru,Shopee
"Xiaomi RedmiBook 15 INTEL I3-1115G4 8GB 256GB SSD 15,6"" WIN 10",Rp6.950.000,,,Malang,Laptop,Xiaomi,Baru,Shopee
XIAOMI REDMIBOOK 15 8/256GB GARANSI RESMI XIAOMI INDONESIA 2 TAHUN,Rp9.679.000,5.0,2 Terjual,Tangerang,Laptop,Xiaomi,Baru,Shopee
"XIAOMI Redmi Book 16 2024 Laptop Intel i5 13500H RAM 16GB SSD 512GB 16"" Inci 2.5K 120Hz Windows 11 Notebook Ultrabook",Rp14.157.725,,,Jakarta Barat,Laptop,Xiaomi,Baru,Shopee
"Xiaomi Redmi Book Pro 15 Laptop 2023 Ryzen R5 7640HS CPU 16GB+512GB AMD Radeon 760M 3.2K 120Hz Screen 15.6"" Notebook",Rp34.158.400,,,Jakarta Barat,Laptop,Xiaomi,Baru,Shopee
"XIAOMI Redmi Book 15 Layar 15.6 inch FHD Intel Core i3-1115G4 Baterai Besar 46Whr Windows 10, Lengkap, Navy",Rp3.550.000,4.8,14 Terjual,Jakarta Barat,Laptop,Xiaomi,Baru,Shopee
REDMIBOOK 15 8/256 EX GARANSI RESMI,Rp3.150.000,,,Kab. Tangerang,Laptop,Xiaomi,Baru,Shopee
Laptop Redmi core i3 gen 11 siap pakai,Rp3.200.000,,,Kab. Bekasi,Laptop,Xiaomi,Baru,Shopee
Terlaris Laptop Xiaomi Redmi Book 15 Layar 15.6 Inch Intel Core I3-1115G4 Gen 11Th Ram 8Gb/Ssd 256Gb Fhd Body Design Slim,Rp3.428.750,,,Jakarta Timur,Laptop,Xiaomi,Baru,Shopee
REDMIBOOK 15 B8769,Rp3.550.000,,,,Laptop,Xiaomi,Baru,Shopee
"REDMIBOOK LAPTOP 15"" ORIGINAL SECOND LIKE NEW",Rp2.800.000,5.0,7 Terjual,Jakarta Pusat,Laptop,Xiaomi,Baru,Shopee
REDMIBOOK 15 INTEL CORE I3-115G4 RAM 8 GB SSD 256 GB,Rp3.300.000,,,Medan,Laptop,Xiaomi,Baru,Shopee
"Ready Stock Banyak!! XIAOMI Redmi Book 15 Layar 15.6 inch FHD Intel Core i3-1115G4 Baterai Besar 46Whr Windows 10, Lengkap, Navy Blue",Rp3.700.000,,,Jakarta Barat,Laptop,Xiaomi,Baru,Shopee
"XIAOMI Redmi Book 15 Layar 15.6 inch FHD Intel Core i3-1115G4 Baterai Besar 46Whr Windows 10, Lengkap, Navy Blue",Rp3.550.000,,,Jakarta Barat,Laptop,Xiaomi,Baru,Shopee
Xiaomi Mi Notebook Air 12.5 Inch Gold,Rp3.500.000,,,Kab. Tangerang,Laptop,Xiaomi,Baru,Shopee
XIAOMI Redmi Book Intel� Core i3-1115G4 Ram 8/256Gb Navy Blue,Rp4.000.000,5.0,4 Terjual,Jakarta Barat,Laptop,Xiaomi,Baru,Shopee
Redmibook 15 i3 gen 11,Rp2.500.000,,,Kab. Bandung,Laptop,Xiaomi,Baru,Shopee
Laptop langka notebook Ultrabook Xiaomi mi air full hd ips,Rp2.300.000,,,,Laptop,Xiaomi,Baru,Shopee
Laptop REDMIBOOK 15 INTEL CORE I3-1115G4 RAM 8GB SSD 256GB,Rp3.500.000,5.0,1 Terjual,Malang,Laptop,Xiaomi,Baru,Shopee
[SECOND] Laptop Redmi RedmiBook 15 RAM 8GB SSD 256GB 15Inch FULL HD Second premium,Rp3.200.000,5.0,1 Terjual,Jakarta Timur,Laptop,Xiaomi,Baru,Shopee
LAPTOP XIAOMI REDMIBOOK 15 I3 1115G4 8GB 256SSD W10 15.6FHD GRY PROMO LENOVO GARANSI ORIGINAL,Rp5.049.000,,,Tangerang,Laptop,Xiaomi,Baru,Shopee
XIAOMI TM1701 Intel Core i7-8550U Nvidia GeForce MX150 Ram 16Gb Ssd 512Gb SCU23695,Rp5.555.000,,,Malang,Laptop,Xiaomi,Baru,Shopee
REDMIBOOK 15 CORE I3-1115G4 RAM 8GB SSD 256GB 15.6INCH/4477,Rp3.500.000,,,Surabaya,Laptop,Xiaomi,Baru,Shopee
LAPTOP REDMIBOOK CORE I3gen11 SSD 512 GB MULUSS GARANSI,Rp3.800.000,,,Semarang,Laptop,Xiaomi,Baru,Shopee
RedmiBook 15 Core i3 gen 11 RAM 8 GB SSD 512 GB Bezelles,Rp3.800.000,,,Semarang,Laptop,Xiaomi,Baru,Shopee
Laptop Redmibook 15 Garansi Resmi 1 Th SSD 8/256 Gb Newsegelbox,Rp5.899.000,,1 Terjual,Kab. Bandung,Laptop,Xiaomi,Baru,Shopee
"LAPTOP REDMIBOOK 15 Intel Core i3 - 1115G4/8GB/256GB • Display 15,6 inch/SECOND",Rp4.399.000,,,,Laptop,Xiaomi,Baru,Shopee
Laptop Redmi RedmiBook 15 intel core i3-1115G4 RAM 8GB SSD 256GB 15Inch FULL HD Second premium Dunia Laptop2,Rp3.867.500,,,Jakarta Timur,Laptop,Xiaomi,Baru,Shopee
REDMIBOOK 15 Intel Core i3-1115G4 Ram 8 Gb SSD 256 Gb Keyboard empuk,Rp3.412.500,,,,Laptop,Xiaomi,Baru,Shopee
Laptop Redmi i3-11th 15inch RAM 8 SSD 256 baru new lengkap windows aplikasi garansi,Rp7.000.000,5.0,3 Terjual,Jakarta Timur,Laptop,Xiaomi,Baru,Shopee
LAPTOP REDMIBOOK 15 CORE I3-1115G4 RAM 8 GB SSD 256 GB FHD WIN11 MULUS,Rp3.200.000,,,Bogor,Laptop,Xiaomi,Baru,Shopee
Laptop RedmiBook 15 Intel Core i3-1115G4 Ram 8Gb Ssd 256Gb SCU19117 Normal Siap Pakai - Laptop Murah - Laptop Malang - Laptop Gaming - Bergaransi - Laptop Bekas - Laptop Bekas Malang - Laptop Kuliah - Laptop Kantoran - Laptop Kerja - Laptop Desain,Rp3.937.500,5.0,1 Terjual,Malang,Laptop,Xiaomi,Baru,Shopee
redmibook 15 512gb core i3 resmi fullset,Rp4.500.000,,,Jakarta Pusat,Laptop,Xiaomi,Baru,Shopee
TERMURAH! LAPTOP SLIM XIAOMI REDMIBOOK 15 I3 GEN 11 8/128 SSD NO MINUS,Rp3.200.000,,,Jakarta Pusat,Laptop,Xiaomi,Baru,Shopee
Laptop Lenovo Thinkpad X-Series | X230 X240 X250 X260 X270 X280 X390 X13 | i5 i7 - 16GB SSD 512GB | MULUS & BERGARANSI,Rp2.565.000,4.9,976 Terjual,Jakarta Pusat,Laptop,Xiaomi,Baru,Shopee
Laptop Acer Travelmate P449 intel core i5 gen 8 Ram 8GB SSD 256 GB UHD GRAFIS Backlight fingerprint - siap pakai,Rp2.899.000,4.1,36 Terjual,Jakarta Pusat,Laptop,Xiaomi,Baru,Shopee
Lenovo Thinkpad X1 Carbon 6th 7th 8th Core i5 RAM 16GB SSD 512GB,Rp2.894.000,4.6,77 Terjual,Jakarta Barat,Laptop,Xiaomi,Baru,Shopee
Laptop Lenovo Thinkpad X1 Carbon All Series 1ST/2ND/3RD/4TH/5TH/6TH Core i5/i7 + BONUS!!! PALING MURAH PALING MULUS WORT IT TO BUY,Rp2.300.000,4.8,105 Terjual,Jakarta Utara,Laptop,Xiaomi,Baru,Shopee
laptop netbook second samsung 10 inch murah normal semua siap pakai & zoom baterai awet garansi,Rp880.000,4.5,18 Terjual,Jakarta Barat,Laptop,Xiaomi,Baru,Shopee
Laptop Lenovo Thinkpad L13 L15 I3 GEN 10 SECOND BERKUALITAS BERGARANSI,Rp2.300.000,4.9,36 Terjual,Jakarta Utara,Laptop,Xiaomi,Baru,Shopee
Lenovo Thinkpad X390 / X13 | i5 / i7 Gen 8 / 10 | Mulus / Second / Original / Berkualitas / Bergaransi,Rp4.500.000,4.9,123 Terjual,Jakarta Pusat,Laptop,Xiaomi,Baru,Shopee
Lenovo Thinkpad X1 Carbon 5th Core i7 Gen7 Slim Mulus Bergaransi,Rp2.894.000,4.9,120 Terjual,Jakarta Barat,Laptop,Xiaomi,Baru,Shopee
Promo Laptop Lenovo Thinkpad L-Series L380 L480 L490 Core i5/i7 SSD 512GB - Second Murah Bergaransi,Rp2.969.000,4.9,197 Terjual,Jakarta Pusat,Laptop,Xiaomi,Baru,Shopee
"Chromebook Lenovo 14E Core AMD A4-9120C Ram 4GB , SSD 32GB, Layar 14""Inch ( Touhcscreen ) Bergaransi",Rp1.498.000,,,Surabaya,Laptop,Xiaomi,Baru,Shopee
Laptop 2 in 1 Core i5 Gen 8 SSD 256GB Ram 8GB Touchscreen Laptop Ringan Bisa Dilipat nbn9,Rp2.700.000,5.0,2 Terjual,Jakarta Pusat,Laptop,Xiaomi,Baru,Shopee
Laptop Murah Dell Latitude 5285 2in1 Core i5 RAM 8GB SSD Touch Win Ori - SSD 512GB,Rp3.900.000,,,Jakarta Pusat,Laptop,Xiaomi,Baru,Shopee
HARGA LAPTOP BEKAS || Netbook Samsung Chomebook XE303C12 cam layar 11.6 mulusss,Rp499.000,4.8,1RB+ Terjual,Jakarta Barat,Laptop,Xiaomi,Baru,Shopee
Laptop Advan Soulmate 1405,Rp1.900.000,4.8,26 Terjual,Jakarta Barat,Laptop,Xiaomi,Baru,Shopee
Laptop HP Core i7 i5 / RAM 16GB / SSD 1TB / 2TB / 500GB / SSD 256GB / SSD 512GB - Laptop Bekas HP i7 i5 8GB SSD,Rp1.300.000,4.7,447 Terjual,Jakarta Utara,Laptop,Xiaomi,Baru,Shopee
"LENOVO IDEAPAD INTEL CELERON RAM 4GB - 512GB SSD - 14"" INCH - WINDOWS 10 - 4GB/1TB",Rp2.050.000,4.8,58 Terjual,Jakarta Barat,Laptop,Xiaomi,Baru,Shopee
Original /Laptop Panasonic QV8 intel Core i5 Gen8 | RAM 8GB | SSD 512GB Layar 12 inci touchscreen| Mulus / Second / Berkualitas / Bergaransi.,Rp3.199.000,5.0,68 Terjual,Jakarta Barat,Laptop,Xiaomi,Baru,Shopee
Laptop HP Elitebook 250 630 X360 745 845 1020 8460P G2/G3 Core i7 Generasi 7 Touchscreen + Bisa Dilipat 360 Derajat SECOND BERKUALITAS !!,Rp1.700.000,5.0,152 Terjual,Jakarta Utara,Laptop,Xiaomi,Baru,Shopee
LAPTOP LEPTOP ADVAN SOULMATE RAM 4GB SSD 128GB INTEL CELERON N4020 GENERASI TERBARU,Rp2.100.000,5.0,45 Terjual,Jakarta Timur,Laptop,Xiaomi,Baru,Shopee
Laptop Lenovo Thinkpad X Series/X13/X1/X270/X280/X390/Core i5 GEN 8/SSD 265GB/512GB Original Murah Bergaransi Berkualitas,Rp2.900.000,5.0,68 Terjual,,Laptop,Xiaomi,Baru,Shopee
Laptop Lenovo Thinkpad Yoga 370 i5/i7 Gen 7 Layar 13 Inch Mulus dan Bergaransi,Rp2.500.000,4.9,120 Terjual,Jakarta Utara,Laptop,Xiaomi,Baru,Shopee
Laptop Lenovo Thinkpad E450 L450 T450 T450S Core i3/i5/i7 Gen 5 + BONUS!!! PALING MURAH PALING MULUS WORT IT TO BUY,Rp1.800.000,4.9,172 Terjual,Jakarta Utara,Laptop,Xiaomi,Baru,Shopee
[100% Baru] UNIG Laptop Hp Murah RAM24GB SSD1TB 15.6'' IPS Windows 11 Pro Intel Celeron N5095 Processor Fingerprint Unlock,Rp4.280.000,4.8,99 Terjual,Jakarta Barat,Laptop,Xiaomi,Baru,Shopee
Lenovo Thinkpad T490 / T480 i7 Gen 8 | i5 gen 8 Touchscreen MULUSSS,Rp3.090.000,4.9,38 Terjual,Jakarta Barat,Laptop,Xiaomi,Baru,Shopee
"Laptop INFINIX X2, I3 - 1115G4, Gen 11Th, Ram 8GB / 256SSD, Navy Blue, BERGARANSI",Rp3.350.000,5.0,1 Terjual,Jakarta Barat,Laptop,Xiaomi,Baru,Shopee
Laptop Lenovo ideapad 330 RAM 4GB 128GB SSD INTEL CELERON N4000 NO MINUS,Rp1.399.000,5.0,10 Terjual,Tangerang,Laptop,Xiaomi,Baru,Shopee
Infinix inbook X2 i3 gen 11 ram 8/256 GB,Rp3.549.000,,,Yogyakarta,Laptop,Xiaomi,Baru,Shopee
Jual Laptop Sekolah Lenovo Chromebook 100e Sim dan Ringan Layar 11 Inch Super Murah,Rp755.000,4.9,886 Terjual,Jakarta Pusat,Laptop,Xiaomi,Baru,Shopee
Obral Lenovo Thinkpad X280 Core i5 Gen8 RAM 16GB SSD 512GB Ultrabook,Rp2.294.000,4.8,400 Terjual,Jakarta Barat,Laptop,Xiaomi,Baru,Shopee
Laptop Lenovo Thinkpad E40 Core i5 Ram 8GB SSD 256GBGB Windows - Siap pakai,Rp1.350.000,4.6,36 Terjual,Jakarta Pusat,Laptop,Xiaomi,Baru,Shopee
BestSeller Acer Chromebook C733 CELERON N4020 Ram 4/32Gb BERGARANSI,Rp1.100.000,4.8,99 Terjual,Jakarta Barat,Laptop,Xiaomi,Baru,Shopee
"LAPTOP LENOVO THINKPAD L380 L390 X380 X390 INTEL CORE I5 I7 Generasi 8 LAYAR 13"" SECOND MURAH BERKUALITAS -FREE GIFT",Rp3.000.000,4.9,66 Terjual,Jakarta Utara,Laptop,Xiaomi,Baru,Shopee
Lenovo Thinkpad 11e - N3150 / 4GB RAM / SSD 128GB / 11.6 INCH / Bekas,Rp1.000.000,4.9,105 Terjual,Jakarta Pusat,Laptop,Xiaomi,Baru,Shopee
LAPTOP SECOND LENOVO THINKPAD AMD RYZEN 5 PRO A485 RAM 8 SSD 256,Rp3.200.000,4.7,70 Terjual,Jakarta Pusat,Laptop,Xiaomi,Baru,Shopee
Laptop 2 in 1 X390 YOGA i7 i5 8th Gen RAM 16GB SSD 1TB Free PEN Touchscreen,Rp3.140.000,4.9,55 Terjual,Jakarta Barat,Laptop,Xiaomi,Baru,Shopee
Laptop Lenovo Thinkpad X-Series Core I5/I7 RAM 8GB SSD 256GB Like baru Bergaransi laptop murah,Rp1.899.000,4.8,1RB+ Terjual,Jakarta Pusat,Laptop,Xiaomi,Baru,Shopee
LAPTOP LENOVO THINKPAD L570 INTEL I5 8250U 16GB 512GB SSD 15.6 Inch HD WINDOWS 11 PRO,Rp3.299.000,5.0,38 Terjual,Depok,Laptop,Xiaomi,Baru,Shopee
Laptop Lenovo Thinkpad T Series T460 T450/T450S T440 T470 T480 Core I5/I7 Touch screen RAM 8G/16GB SSD 256GB/512GB Peningkatan Baru Mulus & Lancar bekas Second Bergaransi Berkualitas IPS US Keyboard backlight,Rp1.499.000,4.8,2RB+ Terjual,Tangerang,Laptop,Xiaomi,Baru,Shopee
Lenovo legion 5 Pro 16 i7 12700 RTX3050TI-4GB 32GB 1 TB W11 16 Inchi QHD IPS 165Hz 100% sRGB,Rp1.220.000,,,Kab. Bekasi,Laptop,Xiaomi,Baru,Shopee
ThinkPad T495 Ryzen 7 PRO 3700U / ThinkPad T495 Ryzen 5 PRO 3500U / thinkpad t495,Rp3.600.000,4.9,284 Terjual,Jakarta Pusat,Laptop,Xiaomi,Baru,Shopee
"LAPTOP LENOVO THINKPAD X1 YOGA TOUCHSCREEN 1ST 2ND 3RD 4TH 5TH CORE I5/I7 GEN 6/7/8/10 - LAYAR 14 INCH + BONUS!!! TAS,MOUSE,MOUSE PAD PALING MURAH PALING MULUS WORT IT TO BUY",Rp3.000.000,4.9,100 Terjual,Jakarta Utara,Laptop,Xiaomi,Baru,Shopee
Laptop baru murah 14'' RAM 8/16G+256/512GB SSD N3170 Win11+Office mahasiswa/kantor,Rp3.099.000,4.9,1RB+ Terjual,Jakarta Barat,Laptop,Xiaomi,Baru,Shopee
Dell Chromebook 3100 intel Celeron N4000 RAM 4 GB SSD 128 GB + FREE TAS & MOUSE WIRELESS,Rp1.055.000,,,Jakarta Pusat,Laptop,Xiaomi,Baru,Shopee
Lenovo Thinkpad L490 & E490 Laptop Kuliah Promo 2 JUTAAN termurah,Rp2.500.000,5.0,10 Terjual,Jakarta Pusat,Laptop,Xiaomi,Baru,Shopee
Lenovo Thinkpad C13 Yoga Chromebook Ryzen 5 3500C Ram 8GB SSD 256GB | Murah Bergaransi,Rp3.500.000,,4 Terjual,Jakarta Barat,Laptop,Xiaomi,Baru,Shopee
Layar LED LCD Laptop Xiaomi RedmiBook 15 XMA2101-BW 15.6 Inch Full HD IPS,Rp530.000,4.9,30 Terjual,Jakarta Pusat,Laptop,Xiaomi,Baru,Shopee
B130 Notebook Lenovo MIIX 320-10ICR Ram 2GB ssd 128GB matitotal,Rp350.000,,,Tangerang,Laptop,Xiaomi,Baru,Shopee
LAPTOP MURAH SATU JUTAAN CELERON/i3/i5/i7 RAM 4GB/8GB/16GB SSD 128/256 BERGARANSI,Rp1.084.000,,,Kab. Bandung Barat,Laptop,Xiaomi,Baru,Shopee
laptop lenovo 300e flip touchscreen flip amd 9120c 4/32+128ssd 11.6in ips chromebook/windows tablet,Rp750.000,4.6,275 Terjual,Malang,Laptop,Xiaomi,Baru,Shopee
Notebook Lenovo MIIX 320-10ICR Ram 2GB ssd 128GB Mati Total(B130),Rp300.000,5.0,1 Terjual,Tangerang,Laptop,Xiaomi,Baru,Shopee
"Laptop ADVAN Soulmate Intel N4020 | 8GB / 256GB | 14"" HD",Rp1.749.000,5.0,2 Terjual,Kab. Bekasi,Laptop,Xiaomi,Baru,Shopee
Laptop Lenovo Ideapad Slim 3 Core i3 gen 10th,Rp3.500.000,,2 Terjual,Tangerang,Laptop,Xiaomi,Baru,Shopee
Acer Chromebook R11 (Touchscreen) Celeron-N3060 Ram 4/32Gb BERGARANSI,Rp1.750.000,5.0,5 Terjual,Jakarta Barat,Laptop,Xiaomi,Baru,Shopee
Laptop Lenovo Thikpad X1 Carbon 5th Core i7 Gen 7 Ram 8 GB SSD 1 TB Layar 14 Inch,Rp4.090.000,4.9,36 Terjual,Jakarta Pusat,Laptop,Xiaomi,Baru,Shopee
Laptop 2in1 Fujitsu Arrows 5010 Touchscreen,Rp800.000,4.9,105 Terjual,Jakarta Pusat,Laptop,Xiaomi,Baru,Shopee
Laptop Bekas Fujitsu yang Tipis dan Ringan MU937 Celeron 3865U-7TH FHD 13.3inch 1920*1080 RAM8GB SSD256GB win 10pro Mulus / Original / Berkualitas,Rp1.299.000,4.8,373 Terjual,Jakarta Pusat,Laptop,Xiaomi,Baru,Shopee
Laptop Lenovo Thinkpad T410 T420 T430 Core i3 i5 i7 Layar 14 INCH MURAH BERKUALITAS BERGARANSI,Rp2.300.000,4.9,36 Terjual,Jakarta Utara,Laptop,Xiaomi,Baru,Shopee
Laptop Lenovo Thinkpad X1 Yoga | X1 Carbon Intel Core i7/i5 RAM 16Gb SSD 512Gb ORIGINAL BERGARANSI,Rp3.600.000,4.8,398 Terjual,Bandung,Laptop,Xiaomi,Baru,Shopee
[100% Baru]QQO Laptop Hp Intel Celeron Core i7 J4125 RAM 16GB DDR4 1TB SSD 15.6” FHD IPS Windows 10 Office lenovo,Rp3.480.000,5.0,4 Terjual,Kab. Tangerang,Laptop,Xiaomi,Baru,Shopee
Laptop Gaming HP Elitebook 845 G8 AMD Ryzen 5 Pro 5000 Series Ram 32 GB SSD 1 TB Layar 14 inch Touchscreen,Rp4.890.000,4.9,480 Terjual,Jakarta Pusat,Laptop,Xiaomi,Baru,Shopee
Laptop Lenovo T14 AMD Ryzen 5 4650u Ram 16GB SSD 256GB mulus original,Rp3.750.000,4.8,42 Terjual,Bandung,Laptop,Xiaomi,Baru,Shopee
"LAPTOP LENOVO THINKPAD X1 CARBON 1ST 2ND 3RD 4TH 5TH I5 I7 LAYAR 14"" SECOND MURAH BERKUALITAS - FREE GIFT",Rp2.300.000,4.9,72 Terjual,Jakarta Utara,Laptop,Xiaomi,Baru,Shopee
Laptop Lenovo Thinkpad Core I7 / I5 RAM 4GB / 8GB / 16GB | SSD 256GB Mulus / Second / Bergaransi,Rp2.700.000,5.0,20 Terjual,Jakarta Barat,Laptop,Xiaomi,Baru,Shopee
Axioo Hype 1 8/256 seken garansi,Rp1.500.000,,,,Laptop,Xiaomi,Baru,Shopee
Laptop HP ProBook Series | Core i7 / i5 / i3,Rp2.068.000,4.6,46 Terjual,Jakarta Timur,Laptop,Xiaomi,Baru,Shopee
Lenovo Thinkpad L13 YOGA G2/G1 Intel Core i7-10Gen/Laptop 2 in 1/Laptop Touchscreen,Rp3.600.000,4.7,87 Terjual,Jakarta Pusat,Laptop,Xiaomi,Baru,Shopee
LAPTOP LENOVO THINKPAD YOGA L13 X13 CORE i5 GEN 10 - MURAH DAN BERGARANSI,Rp2.900.000,5.0,25 Terjual,Jakarta Utara,Laptop,Xiaomi,Baru,Shopee
Lenovo Thinkpad X390 - Core i5 Gen8 / 16GB / 256GB SSD / 13 inch / bekas,Rp2.500.000,5.0,73 Terjual,Jakarta Pusat,Laptop,Xiaomi,Baru,Shopee
Dell Latitude 5310 intel Core i5 Gen 10 RAM 32 GB SSD 1 TB NVME + FREE TAS & MOUSE WIRELESS,Rp3.505.000,4.9,37 Terjual,Jakarta Pusat,Laptop,Xiaomi,Baru,Shopee
Laptop Lenovo Thinkpad X220 X230 X240 X250 X260 X270 X280 Core I3 I5 I7 Gen 6/7 MURAH MULUS BERKUALITAS,Rp2.400.000,5.0,21 Terjual,Jakarta Utara,Laptop,Xiaomi,Baru,Shopee
Laptop Lenovo Thinkpad Intel Core i5 / i7 Ram 16GB SSD 1TB | Second GRADE A & Bergaransii,Rp3.674.000,5.0,33 Terjual,Jakarta Pusat,Laptop,Xiaomi,Baru,Shopee
LAPTOP netbook second murah asus 10 inch slim murah mulus normal semua siap PAKAI & zoom baterai awet garansi,Rp880.000,4.9,65 Terjual,Jakarta Barat,Laptop,Xiaomi,Baru,Shopee
"Laptop Lenovo Thinkpad L390 i5 Gen8 RAM 16GB SSD 512GB 13,3Inch",Rp3.094.000,4.5,22 Terjual,Surabaya,Laptop,Xiaomi,Baru,Shopee
Laptop sony vaio VJPK11/VJPG11 i5 gen 8 || ram 8gb || ssd 256gb,Rp3.250.000,5.0,4 Terjual,Jakarta Pusat,Laptop,Xiaomi,Baru,Shopee
Laptop Lenovo Thinkpad X1 Carbon 6th 7th 9th Gen i7 Generasi 8 X1 EXTREME SECOND BERKUALITAS DAN BERGARANSI !!!,Rp3.900.000,4.9,984 Terjual,Jakarta Utara,Laptop,Xiaomi,Baru,Shopee
laptop acer 3L3k bekas,Rp1.700.000,5.0,1 Terjual,Malang,Laptop,Xiaomi,Baru,Shopee
"Laptop Lenovo Thinkpad X280 Intel Core i5 i7 Generasi 8 Layar 12, 5 Inch Mulus Bergaransi | PALING MURAH!!",Rp2.400.000,4.9,47 Terjual,Jakarta Utara,Laptop,Xiaomi,Baru,Shopee
ASUS VIVOBOOK 14 E410MA | INTEL CELERON N4020 | 4GB RAM | SSD 512GB | 14 INCH,Rp3.449.000,5.0,7 Terjual,Jakarta Barat,Laptop,Xiaomi,Baru,Shopee
"Laptop Lenovo Thinkpad E14 L14 T14 T14S Core i3 I5 I7 Gen 10 / Gen 11 / Gen 12 / Gen 13 - Murah, Mulus, Bergaransi, Cocok untuk Sekolah, Kuliah, Kerja, Desain",Rp3.500.000,5.0,77 Terjual,Jakarta Utara,Laptop,Xiaomi,Baru,Shopee
[100% Baru] UNIG Laptop Baru 15.6‘’ inch Intel Core i7 N5095 RAM 16GB+512GB SSD Intel IPS Windows 11+ office 2021,Rp4.280.000,4.8,62 Terjual,Jakarta Barat,Laptop,Xiaomi,Baru,Shopee
LAPTOP INFINIX INBOOK X2 i5 1035G1 8/512 SSD GARANSI,Rp2.350.000,,,Jakarta Barat,Laptop,Xiaomi,Baru,Shopee
Laptop Lenovo Thinkpad X1 Carbon All Series 3rd 4th 5th 6th 7th | Pusat Laptop Murah Bergaransi 30 Hari,Rp2.980.000,5.0,23 Terjual,Jakarta Pusat,Laptop,Xiaomi,Baru,Shopee
Laptop Hp Mini Termurah,Rp65.000,,,,Laptop,Xiaomi,Baru,Shopee
Laptop Lenovo ThinkPad Core i7/i5 RAM 8GB SSD 256GB Mulus Original Bergansi,Rp3.300.000,4.9,1RB+ Terjual,Bandung,Laptop,Xiaomi,Baru,Shopee
Laptop 2-in-1 Lenovo Yoga L13 Core i5 Gen 10 Ram 16GB SSD Slim - Second Murah Bergaransi,Rp3.975.000,4.9,188 Terjual,Jakarta Pusat,Laptop,Xiaomi,Baru,Shopee
"Samsung Chromebook 2in1 Core RK3399 RAM 4GB EEMMC 32GB Layar 13,3 Inch Full HD Flip 360",Rp1.500.000,5.0,3 Terjual,Surabaya,Laptop,Xiaomi,Baru,Shopee
Laptop 2 in 1 Lenovo Thinkpad Yoga 11e Core i5 Gen 8 Ram SSD 512 GB Layar 11 inch Touchscreen + Stylus Pen,Rp3.690.000,4.9,205 Terjual,Jakarta Pusat,Laptop,Xiaomi,Baru,Shopee
LAPTOP LENOVO THINKPAD SERIES X280 / X270 / X260 i7 Gen 8 RAM 32GB/1TB ADA MOUSE&TAS MULUS,Rp3.150.000,5.0,7 Terjual,Jakarta Barat,Laptop,Xiaomi,Baru,Shopee
Laptop Gaming Dell Latitude Core i5 / i7 RAM 8GB SSD 256GB Win 10 Murah Bergaransi 6 Bulan Full Game,Rp1.930.000,4.9,3RB+ Terjual,Bandung,Laptop,Xiaomi,Baru,Shopee
Laptop Murah 1 Jutaan | Siap Pakai | Cocok Pelajar & Kerja,Rp1.700.000,,,Medan,Laptop,Xiaomi,Baru,Shopee
Laptop Lenovo Thinkpad X1 CARBON Core i5 Gen 7th Ram 8gb SSD 256GB Laptop Second Berkualitas/Laptop Bergaransi Selama 1 Bulan MURAH BERKUALITAS!!,Rp3.399.000,4.8,285 Terjual,Tangerang,Laptop,Xiaomi,Baru,Shopee
Laptop LENOVO RAM 8GB SSD Murah Normal Siap Lembur- Laptop Second,Rp1.500.000,4.8,5 Terjual,Yogyakarta,Laptop,Xiaomi,Baru,Shopee
"Chromebook Samsung XE512QAB Intel Celeron 3965Y Ram 4GB SSD 32GB, Layar 12.5""Inch (TS + Stylus Pen)",Rp1.498.000,,,Surabaya,Laptop,Xiaomi,Baru,Shopee
LENOVO IDEAPAD 320 / 330 | AMD A9-9425 | 8GB RAM | SSD 512GB | 14 INCH,Rp2.074.250,4.8,9 Terjual,Jakarta Barat,Laptop,Xiaomi,Baru,Shopee
"Laptop Lenovo Thinkpad X1 Carbon 6th,4th,5th,7th,8th Core i5 Gen 8 Ram 16GB SSD 256GB Slim ringan",Rp3.108.000,4.7,75 Terjual,Jakarta Pusat,Laptop,Xiaomi,Baru,Shopee
Lenovo ThinkPad All Series | Core i7 / i5 / i3 | AMD Ryzen | RAM 8/16GB | SSD 128/256GB,Rp2.500.000,4.6,3RB+ Terjual,Jakarta Timur,Laptop,Xiaomi,Baru,Shopee
Laptop Lenovo T540 intel core i7 DUAL VGA NVIDIA ram 8gb SSD 256gb - windows 10 siap pakai,Rp2.750.000,4.4,58 Terjual,Jakarta Pusat,Laptop,Xiaomi,Baru,Shopee
LAPTOP BEKAS XIAOMI REDMIBOOK 15 RAM 8GB 256 SSD W 10 15.6 FHD I3 + ADAPTOR Xiaomi Redmi book 15 inch,Rp3.018.800,,,,Laptop,Xiaomi,Bekas,Shopee
Redmibook 15 second,Rp3.500.000,,,Semarang,Laptop,Xiaomi,Bekas,Shopee
LAPTOP BEKAS XIAOMI REDMIBOOK 15 RAM 8GB 256 SSD W 10 15.6 FHD I3 + ADAPTOR Redmi book 15 inch,Rp4.226.300,,,,Laptop,Xiaomi,Bekas,Shopee
XIAOMI REDMIBOOK 15 INTEL CORE 3 GEN 11 RAM 8GB SSD 256GB SECOND/BEKAS,Rp5.000.000,,,Bekasi,Laptop,Xiaomi,Bekas,Shopee
Xiaomi Book 12.4inch 8/256GB Bekas Snapdragon 8cx Gen2+Keyboard original,Rp7.500.000,5.0,4 Terjual,,Laptop,Xiaomi,Bekas,Shopee
"REDMIBOOK LAPTOP 15"" ORIGINAL SECOND LIKE NEW",Rp2.800.000,5.0,7 Terjual,Jakarta Pusat,Laptop,Xiaomi,Bekas,Shopee
REDMIBOOK 15 8/256 EX GARANSI RESMI,Rp3.150.000,,,Kab. Tangerang,Laptop,Xiaomi,Bekas,Shopee
Laptop Redmi core i3 gen 11 siap pakai,Rp3.200.000,,,Kab. Bekasi,Laptop,Xiaomi,Bekas,Shopee
"redmibook 15"" i3 gen 11 lcd merah tochpad off",Rp2.900.000,,,Surabaya,Laptop,Xiaomi,Bekas,Shopee
Laptop langka notebook Ultrabook Xiaomi mi air full hd ips,Rp2.300.000,,,,Laptop,Xiaomi,Bekas,Shopee
Redmibook 15 i3 gen 11,Rp2.500.000,,,Kab. Bandung,Laptop,Xiaomi,Bekas,Shopee
REDMIBOOK 15 B8769,Rp3.550.000,,,,Laptop,Xiaomi,Bekas,Shopee
Laptop Xiaomi Redmibook 15 Intel Core i3 Gen 11 Ram 8gb Ssd 256gb siap pakai,Rp2.700.000,,,Tangerang Selatan,Laptop,Xiaomi,Bekas,Shopee
[SECOND] Laptop Redmi RedmiBook 15 RAM 8GB SSD 256GB 15Inch FULL HD Second premium,Rp3.200.000,5.0,1 Terjual,Jakarta Timur,Laptop,Xiaomi,Bekas,Shopee
Redmibook 15,Rp1.500.000,,1 Terjual,,Laptop,Xiaomi,Bekas,Shopee
LAPTOP REDMIBOOK CORE I3gen11 SSD 512 GB MULUSS GARANSI,Rp3.800.000,,,Semarang,Laptop,Xiaomi,Bekas,Shopee
REDMIBOOK 15 B6764,Rp3.600.000,,,,Laptop,Xiaomi,Bekas,Shopee
RedmiBook 15 Core i3 gen 11 RAM 8 GB SSD 512 GB Bezelles,Rp3.800.000,,,Semarang,Laptop,Xiaomi,Bekas,Shopee
Laptop RedmiBook 15 Intel Core i3-1115G4 Ram 8Gb Ssd 256Gb SCU19117 Normal Siap Pakai - Laptop Murah - Laptop Malang - Laptop Gaming - Bergaransi - Laptop Bekas - Laptop Bekas Malang - Laptop Kuliah - Laptop Kantoran - Laptop Kerja - Laptop Desain,Rp3.937.500,5.0,1 Terjual,Malang,Laptop,Xiaomi,Bekas,Shopee
XIAOMI REDMI BOOK 15 I3 MOTHER BOARD BACA DESKRIPSI,Rp450.000,,,Tangerang Selatan,Laptop,Xiaomi,Bekas,Shopee
